Waiting for MSP_API_VERSION reply...
Waiting for MSP_FC_VARIANT reply...
{'apiVersion': '1.44.0', 'flightControllerIdentifier': 'BTFL', 'flightControllerVersion': '4.3.2', 'version': 0, 'buildInfo': 'Apr  7 2023 03:15:27', 'multiType': 0, 'msp_version': 0, 'capability': 0, 'cycleTime': 315, 'i2cError': 0, 'activeSensors': 39, 'mode': 2, 'profile': 0, 'uid': [4653116, 1345409042, 540357454], 'accelerometerTrims': [0, 0], 'name': '', 'displayName': 'BOARD MODULE', 'numProfiles': 3, 'rateProfile': 0, 'boardType': 2, 'armingDisableCount': 26, 'armingDisableFlags': 4, 'armingDisabled': False, 'runawayTakeoffPreventionDisabled': False, 'boardIdentifier': 'SBF4', 'boardVersion': 0, 'commCapabilities': 3, 'targetName': 'SPEEDYBEEF405V3', 'boardName': 'SPEEDYBEEF405V3', 'manufacturerId': '', 'signature': [0, 0, 0, 0, 0, 0, 0, 0, 0, 0, 0, 0, 0, 0, 0, 0, 0, 0, 0, 0, 0, 0, 0, 0, 0, 0, 0, 0, 0, 0, 0, 0], 'cpuload': 39, 'mcuTypeId': 3, 'mspProtocolVersion': 0, 'flightModeFlags': []}
13:19:20.350948 ALT: -0.39
13:19:20.351251 ATT: [-21.2, 0.8, 32]
13:19:20.351774 ACC: [-7, -186, 479]
13:19:20.407259 ALT: -0.39
13:19:20.407390 ATT: [-21.2, 0.8, 32]
13:19:20.407596 ACC: [-7, -186, 479]
13:19:20.455384 ALT: -0.39
13:19:20.455508 ATT: [-21.2, 0.8, 32]
13:19:20.455735 ACC: [-8, -186, 480]
Easycap format used: ImageFormat(type=<BufType.VIDEO_CAPTURE: 1>, description='YUYV 4:2:2', flags=<ImageFormatFlag.0: 0>, pixel_format=<PixelFormat.YUYV: 1448695129>)
Easycap format used: ImageFormat(type=<BufType.VIDEO_CAPTURE: 1>, description='Motion-JPEG', flags=<ImageFormatFlag.COMPRESSED: 1>, pixel_format=<PixelFormat.MJPEG: 1196444237>)
13:19:20.508561 ALT: -0.39
13:19:20.508727 ATT: [-21.2, 0.8, 32]
13:19:20.509237 ACC: [-8, -186, 479]
13:19:20.567314 ALT: -0.39
13:19:20.567468 ATT: [-21.2, 0.8, 31]
13:19:20.567716 ACC: [-7, -186, 479]
13:19:20.615404 ALT: -0.39
13:19:20.615517 ATT: [-21.2, 0.8, 31]
13:19:20.615773 ACC: [-7, -187, 479]
13:19:20.663290 ALT: -0.39
13:19:20.663404 ATT: [-21.2, 0.8, 31]
13:19:20.663592 ACC: [-7, -187, 480]
13:19:20.711250 ALT: -0.39
13:19:20.711374 ATT: [-21.2, 0.8, 31]
13:19:20.711552 ACC: [-8, -186, 479]
13:19:20.759203 ALT: -0.39
13:19:20.759318 ATT: [-21.2, 0.8, 30]
13:19:20.759496 ACC: [-7, -187, 479]
13:19:20.807577 ALT: -0.39
13:19:20.807718 ATT: [-21.2, 0.8, 30]
13:19:20.807945 ACC: [-8, -186, 480]
13:19:20.855302 ALT: -0.39
13:19:20.855439 ATT: [-21.2, 0.8, 30]
13:19:20.855699 ACC: [-7, -186, 480]
13:19:20.903306 ALT: -0.39
13:19:20.903441 ATT: [-21.2, 0.8, 30]
13:19:20.903672 ACC: [-7, -186, 479]
13:19:20.957930 ALT: -0.39
13:19:20.958062 ATT: [-21.2, 0.8, 29]
13:19:20.958376 ACC: [-7, -186, 480]
Initialize navigation params:
Delay=0.03, Kp=40.0, Ki=0.0, Kd=40.0
Starting Main workflow
crc error: 0x6 0x30 0x80 0x1 0x3e 0xf0 0x81 0xf 0x7c 0x87 0xc8 0x18 0x16 0xe0 0xf3 0x1e 0x2b 0xc0 0xc7 0xa 0x56 0xb0 0x82 0x15 0xc0 0x0 0x6 0x30 0x80 0x1 0x3e 0xf0 0x81 0xf 0x7c 0x75 0xc8 0x18 0x16 0xe0 0xf3 0x1e 0x2b 0xc0 0xc7 0xa 0x56 0xb0 0x82 0x15
[1500, 1499, 988, 1500, 988, 988, 988, 988, 1001, 1001, 1001, 1001, 1500, 1500, 1500, 1500] | 13:19:21.009452
13:19:21.030939 ALT: -0.39
13:19:21.031121 ATT: [-21.3, 0.8, 29]
13:19:21.031555 ACC: [-8, -186, 479]
[1500, 1500, 988, 1499, 988, 988, 988, 988, 1001, 1001, 1001, 1001, 1500, 1500, 1500, 1500] | 13:19:21.033178
[1500, 1500, 988, 1499, 988, 988, 988, 988, 1001, 1001, 1001, 1001, 1500, 1500, 1500, 1500] | 13:19:21.036228
[1500, 1500, 988, 1499, 988, 988, 988, 988, 1001, 1001, 1001, 1001, 1500, 1500, 1500, 1500] | 13:19:21.039528
[1500, 1500, 988, 1500, 988, 988, 988, 988, 1001, 1001, 1001, 1001, 1500, 1500, 1500, 1500] | 13:19:21.040965
[1500, 1500, 988, 1500, 988, 988, 988, 988, 1001, 1001, 1001, 1001, 1500, 1500, 1500, 1500] | 13:19:21.048723
[1500, 1500, 988, 1500, 988, 988, 988, 988, 1001, 1001, 1001, 1001, 1500, 1500, 1500, 1500] | 13:19:21.049976
[1500, 1500, 988, 1499, 988, 988, 988, 988, 1001, 1001, 1001, 1001, 1500, 1500, 1500, 1500] | 13:19:21.055443
[1500, 1500, 988, 1499, 988, 988, 988, 988, 1001, 1001, 1001, 1001, 1500, 1500, 1500, 1500] | 13:19:21.067101
[1500, 1500, 988, 1499, 988, 988, 988, 988, 1001, 1001, 1001, 1001, 1500, 1500, 1500, 1500] | 13:19:21.068441
[1500, 1499, 988, 1500, 988, 988, 988, 988, 1001, 1001, 1001, 1001, 1500, 1500, 1500, 1500] | 13:19:21.075376
[1500, 1499, 988, 1500, 988, 988, 988, 988, 1001, 1001, 1001, 1001, 1500, 1500, 1500, 1500] | 13:19:21.081796
13:19:21.083008 ALT: -0.39
13:19:21.083129 ATT: [-21.2, 0.8, 29]
13:19:21.083530 ACC: [-7, -186, 480]
[1500, 1499, 988, 1500, 988, 988, 988, 988, 1001, 1001, 1001, 1001, 1500, 1500, 1500, 1500] | 13:19:21.088663
[1500, 1500, 988, 1500, 988, 988, 988, 988, 1001, 1001, 1001, 1001, 1500, 1500, 1500, 1500] | 13:19:21.099980
[1500, 1500, 988, 1500, 988, 988, 988, 988, 1001, 1001, 1001, 1001, 1500, 1500, 1500, 1500] | 13:19:21.101994
[1500, 1500, 988, 1500, 988, 988, 988, 988, 1001, 1001, 1001, 1001, 1500, 1500, 1500, 1500] | 13:19:21.110209
[1500, 1500, 988, 1500, 988, 988, 988, 988, 1001, 1001, 1001, 1001, 1500, 1500, 1500, 1500] | 13:19:21.126759
[1500, 1500, 988, 1500, 988, 988, 988, 988, 1001, 1001, 1001, 1001, 1500, 1500, 1500, 1500] | 13:19:21.127753
[1499, 1500, 988, 1500, 988, 988, 988, 988, 1001, 1001, 1001, 1001, 1500, 1500, 1500, 1500] | 13:19:21.128838
[1499, 1500, 988, 1500, 988, 988, 988, 988, 1001, 1001, 1001, 1001, 1500, 1500, 1500, 1500] | 13:19:21.141315
[1499, 1500, 988, 1500, 988, 988, 988, 988, 1001, 1001, 1001, 1001, 1500, 1500, 1500, 1500] | 13:19:21.142115
13:19:21.146781 ALT: -0.39
13:19:21.146946 ATT: [-21.2, 0.8, 28]
13:19:21.147716 ACC: [-7, -186, 479]
[1500, 1500, 988, 1500, 988, 988, 988, 988, 1001, 1001, 1001, 1001, 1500, 1500, 1500, 1500] | 13:19:21.157069
[1500, 1500, 988, 1500, 988, 988, 988, 988, 1001, 1001, 1001, 1001, 1500, 1500, 1500, 1500] | 13:19:21.157905
[1500, 1500, 988, 1500, 988, 988, 988, 988, 1001, 1001, 1001, 1001, 1500, 1500, 1500, 1500] | 13:19:21.163286
[1500, 1500, 988, 1500, 988, 988, 988, 988, 1001, 1001, 1001, 1001, 1500, 1500, 1500, 1500] | 13:19:21.176236
[1500, 1499, 988, 1500, 988, 988, 988, 988, 1001, 1001, 1001, 1001, 1500, 1500, 1500, 1500] | 13:19:21.177237
[1500, 1499, 988, 1500, 988, 988, 988, 988, 1001, 1001, 1001, 1001, 1500, 1500, 1500, 1500] | 13:19:21.181936
[1500, 1499, 988, 1500, 988, 988, 988, 988, 1001, 1001, 1001, 1001, 1500, 1500, 1500, 1500] | 13:19:21.191309
13:19:21.191942 ALT: -0.39
13:19:21.192050 ATT: [-21.2, 0.8, 28]
13:19:21.192420 ACC: [-7, -186, 480]
[1500, 1500, 988, 1500, 988, 988, 988, 988, 1001, 1001, 1001, 1001, 1500, 1500, 1500, 1500] | 13:19:21.195286
[1500, 1500, 988, 1500, 988, 988, 988, 988, 1001, 1001, 1001, 1001, 1500, 1500, 1500, 1500] | 13:19:21.212325
[1499, 1500, 988, 1500, 988, 988, 988, 988, 1001, 1001, 1001, 1001, 1500, 1500, 1500, 1500] | 13:19:21.212977
[1499, 1500, 988, 1500, 988, 988, 988, 988, 1001, 1001, 1001, 1001, 1500, 1500, 1500, 1500] | 13:19:21.215076
[1499, 1500, 988, 1500, 988, 988, 988, 988, 1001, 1001, 1001, 1001, 1500, 1500, 1500, 1500] | 13:19:21.230600
[1500, 1500, 988, 1500, 988, 988, 988, 988, 1001, 1001, 1001, 1001, 1500, 1500, 1500, 1500] | 13:19:21.231477
[1500, 1500, 988, 1500, 988, 988, 988, 988, 1001, 1001, 1001, 1001, 1500, 1500, 1500, 1500] | 13:19:21.235060
13:19:21.241412 ALT: -0.39
13:19:21.241519 ATT: [-21.2, 0.8, 28]
13:19:21.241802 ACC: [-7, -187, 480]
[1500, 1500, 988, 1500, 988, 988, 988, 988, 1001, 1001, 1001, 1001, 1500, 1500, 1500, 1500] | 13:19:21.245454
[1499, 1500, 988, 1500, 988, 988, 988, 988, 1001, 1001, 1001, 1001, 1500, 1500, 1500, 1500] | 13:19:21.249753
[1499, 1500, 988, 1500, 988, 988, 988, 988, 1001, 1001, 1001, 1001, 1500, 1500, 1500, 1500] | 13:19:21.255320
[1499, 1500, 988, 1500, 988, 988, 988, 988, 1001, 1001, 1001, 1001, 1500, 1500, 1500, 1500] | 13:19:21.262396
[1500, 1500, 988, 1500, 988, 988, 988, 988, 1001, 1001, 1001, 1001, 1500, 1500, 1500, 1500] | 13:19:21.273337
[1500, 1500, 986, 1500, 991, 986, 988, 988, 1001, 1001, 1001, 1001, 1500, 1500, 1500, 1500] | 13:19:21.275124
[1500, 1500, 986, 1500, 991, 986, 988, 988, 1001, 1001, 1001, 1001, 1500, 1500, 1500, 1500] | 13:19:21.283091
13:19:21.288125 ALT: -0.33
13:19:21.288224 ATT: [-21.2, 0.8, 28]
13:19:21.288491 ACC: [-7, -186, 479]
[1500, 1500, 986, 1500, 991, 986, 988, 988, 1001, 1001, 1001, 1001, 1500, 1500, 1500, 1500] | 13:19:21.292314
[1500, 1499, 988, 1500, 988, 988, 988, 988, 1001, 1001, 1001, 1001, 1500, 1500, 1500, 1500] | 13:19:21.299685
[1500, 1499, 988, 1500, 988, 988, 988, 988, 1001, 1001, 1001, 1001, 1500, 1500, 1500, 1500] | 13:19:21.301853
[1500, 1499, 988, 1500, 988, 988, 988, 988, 1001, 1001, 1001, 1001, 1500, 1500, 1500, 1500] | 13:19:21.312181
[1500, 1500, 988, 1500, 988, 988, 988, 988, 1001, 1001, 1001, 1001, 1500, 1500, 1500, 1500] | 13:19:21.315162
[1500, 1500, 988, 1500, 988, 988, 988, 988, 1001, 1001, 1001, 1001, 1500, 1500, 1500, 1500] | 13:19:21.321695
[1500, 1500, 988, 1500, 988, 988, 988, 988, 1001, 1001, 1001, 1001, 1500, 1500, 1500, 1500] | 13:19:21.333188
13:19:21.335728 ALT: -0.3
13:19:21.335848 ATT: [-21.2, 0.8, 28]
13:19:21.336140 ACC: [-8, -186, 480]
[1500, 1500, 988, 1500, 988, 988, 988, 988, 1001, 1001, 1001, 1001, 1500, 1500, 1500, 1500] | 13:19:21.336810
[1500, 1500, 988, 1500, 988, 988, 988, 988, 1001, 1001, 1001, 1001, 1500, 1500, 1500, 1500] | 13:19:21.346731
[1500, 1500, 988, 1500, 988, 988, 988, 988, 1001, 1001, 1001, 1001, 1500, 1500, 1500, 1500] | 13:19:21.348478
[1500, 1500, 988, 1500, 988, 988, 988, 988, 1001, 1001, 1001, 1001, 1500, 1500, 1500, 1500] | 13:19:21.355377
[1500, 1500, 988, 1500, 988, 988, 988, 988, 1001, 1001, 1001, 1001, 1500, 1500, 1500, 1500] | 13:19:21.361709
[1500, 1500, 988, 1500, 988, 988, 988, 988, 1001, 1001, 1001, 1001, 1500, 1500, 1500, 1500] | 13:19:21.368343
[1500, 1500, 988, 1500, 988, 989, 986, 988, 1001, 1001, 1001, 1001, 1500, 1500, 1500, 1500] | 13:19:21.375055
[1500, 1500, 988, 1500, 988, 989, 986, 988, 1001, 1001, 1001, 1001, 1500, 1500, 1500, 1500] | 13:19:21.381957
13:19:21.388133 ALT: -0.3
13:19:21.388224 ATT: [-21.2, 0.8, 27]
13:19:21.388854 ACC: [-7, -187, 480]
[1500, 1500, 988, 1500, 988, 989, 986, 988, 1001, 1001, 1001, 1001, 1500, 1500, 1500, 1500] | 13:19:21.389426
[1500, 1500, 988, 1500, 988, 988, 988, 988, 1001, 1001, 1001, 1001, 1500, 1500, 1500, 1500] | 13:19:21.394964
[1500, 1500, 988, 1500, 988, 988, 988, 988, 1001, 1001, 1001, 1001, 1500, 1500, 1500, 1500] | 13:19:21.401686
[1500, 1500, 988, 1500, 988, 988, 988, 988, 1001, 1001, 1001, 1001, 1500, 1500, 1500, 1500] | 13:19:21.408411
[1500, 1500, 988, 1501, 986, 988, 988, 988, 1001, 1001, 1001, 1001, 1500, 1500, 1500, 1500] | 13:19:21.415345
[1500, 1500, 988, 1501, 986, 988, 988, 988, 1001, 1001, 1001, 1001, 1500, 1500, 1500, 1500] | 13:19:21.422427
[1499, 1500, 988, 1501, 986, 988, 988, 988, 1001, 1001, 1001, 1001, 1500, 1500, 1500, 1500] | 13:19:21.429333
13:19:21.431367 ALT: -0.3
13:19:21.431456 ATT: [-21.2, 0.8, 27]
13:19:21.432029 ACC: [-7, -186, 480]
[1499, 1500, 988, 1500, 988, 988, 988, 988, 1001, 1001, 1001, 1001, 1500, 1500, 1500, 1500] | 13:19:21.443204
[1499, 1500, 988, 1500, 988, 988, 988, 988, 1001, 1001, 1001, 1001, 1500, 1500, 1500, 1500] | 13:19:21.443738
[1500, 1500, 988, 1500, 988, 988, 988, 988, 1001, 1001, 1001, 1001, 1500, 1500, 1500, 1500] | 13:19:21.448330
[1500, 1500, 988, 1500, 988, 988, 988, 988, 1001, 1001, 1001, 1001, 1500, 1500, 1500, 1500] | 13:19:21.458280
[1500, 1500, 988, 1500, 988, 988, 988, 988, 1001, 1001, 1001, 1001, 1500, 1500, 1500, 1500] | 13:19:21.461785
[1500, 1500, 988, 1500, 988, 988, 988, 988, 1001, 1001, 1001, 1001, 1500, 1500, 1500, 1500] | 13:19:21.468468
[1500, 1500, 988, 1500, 988, 988, 988, 988, 1001, 1001, 1001, 1001, 1500, 1500, 1500, 1500] | 13:19:21.474976
13:19:21.479260 ALT: -0.3
13:19:21.479343 ATT: [-21.2, 0.8, 27]
13:19:21.479618 ACC: [-7, -186, 480]
[1500, 1500, 988, 1500, 988, 988, 988, 988, 1001, 1001, 1001, 1001, 1500, 1500, 1500, 1500] | 13:19:21.481806
[1500, 1500, 988, 1500, 988, 988, 988, 988, 1001, 1001, 1001, 1001, 1500, 1500, 1500, 1500] | 13:19:21.488852
[1500, 1500, 988, 1500, 988, 988, 988, 988, 1001, 1001, 1001, 1001, 1500, 1500, 1500, 1500] | 13:19:21.495191
[1500, 1500, 988, 1500, 988, 988, 988, 988, 1001, 1001, 1001, 1001, 1500, 1500, 1500, 1500] | 13:19:21.501760
[1500, 1500, 988, 1500, 988, 988, 988, 988, 1001, 1001, 1001, 1001, 1500, 1500, 1500, 1500] | 13:19:21.510928
[1500, 1499, 988, 1500, 989, 986, 988, 988, 1001, 1001, 1001, 1001, 1500, 1500, 1500, 1500] | 13:19:21.514996
[1500, 1499, 988, 1500, 989, 986, 988, 988, 1001, 1001, 1001, 1001, 1500, 1500, 1500, 1500] | 13:19:21.521912
13:19:21.527436 ALT: -0.3
13:19:21.527531 ATT: [-21.2, 0.8, 27]
13:19:21.527806 ACC: [-7, -187, 480]
[1500, 1499, 988, 1500, 989, 986, 988, 988, 1001, 1001, 1001, 1001, 1500, 1500, 1500, 1500] | 13:19:21.528842
[1500, 1500, 988, 1500, 988, 988, 988, 988, 1001, 1001, 1001, 1001, 1500, 1500, 1500, 1500] | 13:19:21.542715
[1500, 1500, 988, 1500, 988, 988, 988, 988, 1001, 1001, 1001, 1001, 1500, 1500, 1500, 1500] | 13:19:21.543856
[1500, 1500, 988, 1500, 988, 988, 988, 988, 1001, 1001, 1001, 1001, 1500, 1500, 1500, 1500] | 13:19:21.548317
[1500, 1499, 988, 1500, 988, 988, 988, 988, 1001, 1001, 1001, 1001, 1500, 1500, 1500, 1500] | 13:19:21.560086
[1500, 1499, 988, 1500, 988, 988, 988, 988, 1001, 1001, 1001, 1001, 1500, 1500, 1500, 1500] | 13:19:21.562326
[1500, 1499, 988, 1500, 988, 988, 988, 988, 1001, 1001, 1001, 1001, 1500, 1500, 1500, 1500] | 13:19:21.568313
[1500, 1500, 988, 1500, 988, 988, 989, 988, 1001, 1001, 1001, 1001, 1500, 1500, 1500, 1500] | 13:19:21.575003
13:19:21.575400 ALT: -0.3
13:19:21.575451 ATT: [-21.2, 0.8, 26]
13:19:21.575673 ACC: [-7, -186, 480]
[1500, 1500, 988, 1500, 988, 988, 989, 985, 1001, 1001, 1001, 1001, 1500, 1500, 1500, 1500] | 13:19:21.581750
[1500, 1500, 988, 1500, 988, 988, 989, 985, 1001, 1001, 1001, 1001, 1500, 1500, 1500, 1500] | 13:19:21.588287
[1500, 1500, 988, 1499, 988, 988, 988, 985, 1001, 1001, 1001, 1001, 1500, 1500, 1500, 1500] | 13:19:21.594928
[1500, 1500, 988, 1499, 988, 988, 988, 988, 1001, 1001, 1001, 1001, 1500, 1500, 1500, 1500] | 13:19:21.601836
[1500, 1500, 988, 1499, 988, 988, 988, 988, 1001, 1001, 1001, 1001, 1500, 1500, 1500, 1500] | 13:19:21.608311
[1500, 1500, 988, 1500, 988, 988, 988, 988, 1001, 1001, 1001, 1001, 1500, 1500, 1500, 1500] | 13:19:21.615024
[1500, 1500, 988, 1500, 988, 988, 988, 988, 1001, 1001, 1001, 1001, 1500, 1500, 1500, 1500] | 13:19:21.622231
13:19:21.623580 ALT: -0.3
13:19:21.623702 ATT: [-21.2, 0.8, 26]
13:19:21.624103 ACC: [-8, -186, 480]
[1500, 1500, 988, 1500, 988, 988, 988, 988, 1001, 1001, 1001, 1001, 1500, 1500, 1500, 1500] | 13:19:21.628360
[1500, 1500, 988, 1500, 988, 988, 988, 988, 1001, 1001, 1001, 1001, 1500, 1500, 1500, 1500] | 13:19:21.635265
[1500, 1500, 988, 1500, 988, 988, 988, 988, 1001, 1001, 1001, 1001, 1500, 1500, 1500, 1500] | 13:19:21.641865
[1500, 1500, 988, 1500, 988, 988, 988, 988, 1001, 1001, 1001, 1001, 1500, 1500, 1500, 1500] | 13:19:21.648417
[1500, 1500, 988, 1500, 988, 988, 988, 988, 1001, 1001, 1001, 1001, 1500, 1500, 1500, 1500] | 13:19:21.655787
[1500, 1500, 988, 1500, 988, 988, 988, 988, 1001, 1001, 1001, 1001, 1500, 1500, 1500, 1500] | 13:19:21.661676
[1499, 1500, 988, 1500, 988, 988, 988, 988, 1001, 1001, 1001, 1001, 1500, 1500, 1500, 1500] | 13:19:21.668447
13:19:21.673507 ALT: -0.3
13:19:21.673604 ATT: [-21.2, 0.8, 26]
13:19:21.673959 ACC: [-7, -186, 480]
[1499, 1500, 988, 1500, 988, 988, 988, 988, 1001, 1001, 1001, 1001, 1500, 1500, 1500, 1500] | 13:19:21.675021
[1499, 1500, 988, 1500, 988, 988, 988, 988, 1001, 1001, 1001, 1001, 1500, 1500, 1500, 1500] | 13:19:21.681681
[1500, 1500, 988, 1500, 988, 988, 988, 988, 1001, 1001, 1001, 1001, 1500, 1500, 1500, 1500] | 13:19:21.689073
[1500, 1500, 988, 1500, 988, 988, 988, 988, 1001, 1001, 1001, 1001, 1500, 1500, 1500, 1500] | 13:19:21.694955
[1500, 1500, 988, 1500, 988, 988, 988, 988, 1001, 1001, 1001, 1001, 1500, 1500, 1500, 1500] | 13:19:21.701719
[1500, 1500, 988, 1500, 988, 988, 988, 988, 1001, 1001, 1001, 1001, 1500, 1500, 1500, 1500] | 13:19:21.708813
[1500, 1500, 989, 1499, 988, 988, 988, 988, 1001, 1001, 1001, 1001, 1500, 1500, 1500, 1500] | 13:19:21.714963
13:19:21.719372 ALT: -0.3
13:19:21.719473 ATT: [-21.2, 0.8, 26]
13:19:21.719771 ACC: [-7, -186, 480]
[1500, 1500, 989, 1499, 988, 988, 988, 988, 1001, 1001, 1001, 1001, 1500, 1500, 1500, 1500] | 13:19:21.721864
[1497, 1500, 989, 1499, 988, 988, 988, 988, 1001, 1001, 1001, 1001, 1500, 1500, 1500, 1500] | 13:19:21.728292
[1497, 1499, 988, 1500, 988, 988, 988, 988, 1001, 1001, 1001, 1001, 1500, 1500, 1500, 1500] | 13:19:21.735277
[1497, 1499, 988, 1500, 988, 988, 988, 988, 1001, 1001, 1001, 1001, 1500, 1500, 1500, 1500] | 13:19:21.741851
[1500, 1499, 988, 1500, 988, 988, 988, 988, 1001, 1001, 1001, 1001, 1500, 1500, 1500, 1500] | 13:19:21.748304
[1500, 1500, 988, 1500, 988, 988, 988, 988, 1001, 1001, 1001, 1001, 1500, 1500, 1500, 1500] | 13:19:21.755072
[1500, 1500, 988, 1500, 988, 988, 988, 988, 1001, 1001, 1001, 1001, 1500, 1500, 1500, 1500] | 13:19:21.761684
13:19:21.767422 ALT: -0.3
13:19:21.767510 ATT: [-21.2, 0.8, 26]
13:19:21.767770 ACC: [-8, -187, 480]
[1499, 1500, 988, 1500, 988, 988, 988, 988, 1001, 1001, 1001, 1001, 1500, 1500, 1500, 1500] | 13:19:21.768710
[1499, 1500, 988, 1499, 988, 988, 988, 988, 1001, 1001, 1001, 1001, 1500, 1500, 1500, 1500] | 13:19:21.775124
[1499, 1500, 988, 1499, 988, 988, 988, 988, 1001, 1001, 1001, 1001, 1500, 1500, 1500, 1500] | 13:19:21.781720
[1500, 1500, 988, 1499, 988, 988, 988, 988, 1001, 1001, 1001, 1001, 1500, 1500, 1500, 1500] | 13:19:21.789052
[1500, 1500, 988, 1500, 988, 988, 988, 988, 1001, 1001, 1001, 1001, 1500, 1500, 1500, 1500] | 13:19:21.794918
[1500, 1500, 988, 1500, 988, 988, 988, 988, 1001, 1001, 1001, 1001, 1500, 1500, 1500, 1500] | 13:19:21.801650
[1500, 1500, 988, 1500, 988, 988, 988, 988, 1001, 1001, 1001, 1001, 1500, 1500, 1500, 1500] | 13:19:21.808553
[1500, 1500, 988, 1499, 988, 988, 988, 988, 1001, 1001, 1001, 1001, 1500, 1500, 1500, 1500] | 13:19:21.815126
13:19:21.815499 ALT: -0.3
13:19:21.815570 ATT: [-21.2, 0.8, 25]
13:19:21.815827 ACC: [-7, -186, 480]
[1500, 1500, 988, 1499, 988, 988, 988, 988, 1001, 1001, 1001, 1001, 1500, 1500, 1500, 1500] | 13:19:21.821818
[1500, 1500, 988, 1499, 988, 988, 988, 988, 1001, 1001, 1001, 1001, 1500, 1500, 1500, 1500] | 13:19:21.828301
[1500, 1499, 988, 1500, 988, 988, 988, 988, 1001, 1001, 1001, 1001, 1500, 1500, 1500, 1500] | 13:19:21.835160
[1500, 1499, 988, 1500, 988, 988, 988, 988, 1001, 1001, 1001, 1001, 1500, 1500, 1500, 1500] | 13:19:21.841971
[1500, 1499, 988, 1500, 988, 988, 988, 988, 1001, 1001, 1001, 1001, 1500, 1500, 1500, 1500] | 13:19:21.848283
[1500, 1500, 988, 1499, 988, 988, 988, 988, 1001, 1001, 1001, 1001, 1500, 1500, 1500, 1500] | 13:19:21.856289
[1500, 1500, 988, 1499, 988, 988, 988, 988, 1001, 1001, 1001, 1001, 1500, 1500, 1500, 1500] | 13:19:21.861673
13:19:21.863344 ALT: -0.3
13:19:21.863434 ATT: [-21.2, 0.8, 25]
13:19:21.863799 ACC: [-7, -186, 480]
[1500, 1500, 988, 1499, 988, 988, 988, 988, 1001, 1001, 1001, 1001, 1500, 1500, 1500, 1500] | 13:19:21.868504
[1500, 1500, 988, 1499, 988, 988, 988, 988, 1001, 1001, 1001, 1001, 1500, 1500, 1500, 1500] | 13:19:21.874939
[1500, 1500, 988, 1499, 988, 988, 988, 988, 1001, 1001, 1001, 1001, 1500, 1500, 1500, 1500] | 13:19:21.881689
[1500, 1500, 988, 1499, 988, 988, 988, 988, 1001, 1001, 1001, 1001, 1500, 1500, 1500, 1500] | 13:19:21.888636
[1500, 1500, 988, 1500, 988, 988, 988, 988, 1001, 1001, 1001, 1001, 1500, 1500, 1500, 1500] | 13:19:21.894918
[1500, 1500, 988, 1500, 988, 988, 988, 988, 1001, 1001, 1001, 1001, 1500, 1500, 1500, 1500] | 13:19:21.901659
[1499, 1500, 988, 1500, 988, 988, 988, 988, 1001, 1001, 1001, 1001, 1500, 1500, 1500, 1500] | 13:19:21.908720
13:19:21.911391 ALT: -0.3
13:19:21.911487 ATT: [-21.2, 0.8, 25]
13:19:21.911794 ACC: [-7, -186, 479]
[1499, 1500, 989, 1499, 988, 988, 988, 988, 1001, 1001, 1001, 1001, 1500, 1500, 1500, 1500] | 13:19:21.915018
[1499, 1500, 989, 1499, 988, 988, 988, 988, 1001, 1001, 1001, 1001, 1500, 1500, 1500, 1500] | 13:19:21.921706
[1500, 1500, 989, 1499, 988, 988, 988, 988, 1001, 1001, 1001, 1001, 1500, 1500, 1500, 1500] | 13:19:21.928286
[1500, 1500, 988, 1500, 988, 988, 988, 988, 1001, 1001, 1001, 1001, 1500, 1500, 1500, 1500] | 13:19:21.935194
[1500, 1500, 988, 1500, 988, 988, 988, 988, 1001, 1001, 1001, 1001, 1500, 1500, 1500, 1500] | 13:19:21.941894
[1500, 1500, 988, 1500, 988, 988, 988, 988, 1001, 1001, 1001, 1001, 1500, 1500, 1500, 1500] | 13:19:21.948341
[1500, 1500, 988, 1500, 988, 988, 988, 988, 1001, 1001, 1001, 1001, 1500, 1500, 1500, 1500] | 13:19:21.956391
13:19:21.959394 ALT: -0.3
13:19:21.959487 ATT: [-21.2, 0.8, 25]
13:19:21.959752 ACC: [-7, -186, 479]
[1500, 1500, 988, 1500, 988, 988, 988, 988, 1001, 1001, 1001, 1001, 1500, 1500, 1500, 1500] | 13:19:21.961865
[1500, 1500, 988, 1500, 988, 988, 988, 988, 1001, 1001, 1001, 1001, 1500, 1500, 1500, 1500] | 13:19:21.968392
[1500, 1500, 988, 1500, 988, 988, 988, 988, 1001, 1001, 1001, 1001, 1500, 1500, 1500, 1500] | 13:19:21.974964
[1500, 1500, 988, 1500, 988, 988, 988, 988, 1001, 1001, 1001, 1001, 1500, 1500, 1500, 1500] | 13:19:21.981672
[1500, 1500, 988, 1500, 988, 988, 988, 988, 1001, 1001, 1001, 1001, 1500, 1500, 1500, 1500] | 13:19:21.988728
[1500, 1500, 988, 1500, 988, 988, 988, 988, 1001, 1001, 1001, 1001, 1500, 1500, 1500, 1500] | 13:19:21.995099
[1500, 1500, 988, 1500, 988, 988, 988, 988, 1001, 1001, 1001, 1001, 1500, 1500, 1500, 1500] | 13:19:22.001711
13:19:22.007915 ALT: -0.3
13:19:22.008296 ATT: [-21.2, 0.8, 25]
13:19:22.008937 ACC: [-8, -187, 480]
[1500, 1500, 988, 1500, 988, 988, 988, 988, 1001, 1001, 1001, 1001, 1500, 1500, 1500, 1500] | 13:19:22.010569
[1500, 1499, 988, 1500, 988, 988, 988, 988, 1001, 1001, 1001, 1001, 1500, 1500, 1500, 1500] | 13:19:22.014957
[1500, 1499, 988, 1500, 988, 988, 988, 988, 1001, 1001, 1001, 1001, 1500, 1500, 1500, 1500] | 13:19:22.021797
[1497, 1499, 988, 1500, 988, 988, 988, 988, 1001, 1001, 1001, 1001, 1500, 1500, 1500, 1500] | 13:19:22.028725
[1497, 1500, 988, 1500, 988, 988, 988, 988, 1001, 1001, 1001, 1001, 1500, 1500, 1500, 1500] | 13:19:22.035684
[1497, 1500, 988, 1500, 988, 988, 988, 988, 1001, 1001, 1001, 1001, 1500, 1500, 1500, 1500] | 13:19:22.042289
[1499, 1500, 988, 1500, 988, 988, 988, 988, 1001, 1001, 1001, 1001, 1500, 1500, 1500, 1500] | 13:19:22.048309
[1499, 1500, 988, 1500, 988, 988, 988, 988, 1001, 1001, 1001, 1001, 1500, 1500, 1500, 1500] | 13:19:22.055145
13:19:22.055967 ALT: -0.3
13:19:22.056076 ATT: [-21.2, 0.8, 24]
13:19:22.056551 ACC: [-8, -187, 480]
[1499, 1500, 988, 1500, 988, 988, 988, 988, 1001, 1001, 1001, 1001, 1500, 1500, 1500, 1500] | 13:19:22.061778
[1499, 1500, 988, 1500, 988, 988, 988, 988, 1001, 1001, 1001, 1001, 1500, 1500, 1500, 1500] | 13:19:22.068306
[1499, 1500, 988, 1499, 988, 988, 988, 988, 1001, 1001, 1001, 1001, 1500, 1500, 1500, 1500] | 13:19:22.075200
[1499, 1500, 988, 1499, 988, 988, 988, 988, 1001, 1001, 1001, 1001, 1500, 1500, 1500, 1500] | 13:19:22.081681
[1500, 1500, 988, 1499, 988, 988, 988, 988, 1001, 1001, 1001, 1001, 1500, 1500, 1500, 1500] | 13:19:22.089077
[1500, 1499, 988, 1499, 988, 988, 988, 988, 1001, 1001, 1001, 1001, 1500, 1500, 1500, 1500] | 13:19:22.094964
[1500, 1499, 988, 1499, 988, 988, 988, 988, 1001, 1001, 1001, 1001, 1500, 1500, 1500, 1500] | 13:19:22.101657
13:19:22.103533 ALT: -0.3
13:19:22.103629 ATT: [-21.2, 0.8, 24]
13:19:22.103943 ACC: [-7, -187, 480]
[1500, 1499, 988, 1499, 988, 988, 988, 988, 1001, 1001, 1001, 1001, 1500, 1500, 1500, 1500] | 13:19:22.108768
[1500, 1500, 988, 1500, 988, 988, 988, 988, 1001, 1001, 1001, 1001, 1500, 1500, 1500, 1500] | 13:19:22.115037
[1500, 1500, 988, 1500, 988, 988, 988, 988, 1001, 1001, 1001, 1001, 1500, 1500, 1500, 1500] | 13:19:22.121760
[1500, 1500, 988, 1500, 988, 988, 988, 988, 1001, 1001, 1001, 1001, 1500, 1500, 1500, 1500] | 13:19:22.128324
[1500, 1500, 988, 1499, 988, 988, 988, 988, 1001, 1001, 1001, 1001, 1500, 1500, 1500, 1500] | 13:19:22.135065
[1500, 1500, 988, 1499, 988, 988, 988, 988, 1001, 1001, 1001, 1001, 1500, 1500, 1500, 1500] | 13:19:22.141848
[1500, 1500, 988, 1499, 988, 988, 988, 988, 1001, 1001, 1001, 1001, 1500, 1500, 1500, 1500] | 13:19:22.148288
13:19:22.151536 ALT: -0.3
13:19:22.151646 ATT: [-21.2, 0.8, 24]
13:19:22.152000 ACC: [-7, -186, 480]
[1500, 1500, 988, 1500, 988, 988, 988, 988, 1001, 1001, 1001, 1001, 1500, 1500, 1500, 1500] | 13:19:22.155985
[1500, 1500, 988, 1500, 988, 988, 988, 988, 1001, 1001, 1001, 1001, 1500, 1500, 1500, 1500] | 13:19:22.161786
[1500, 1500, 988, 1500, 988, 988, 988, 988, 1001, 1001, 1001, 1001, 1500, 1500, 1500, 1500] | 13:19:22.168388
[1500, 1500, 988, 1500, 989, 986, 988, 988, 1001, 1001, 1001, 1001, 1500, 1500, 1500, 1500] | 13:19:22.174955
[1500, 1500, 988, 1500, 989, 986, 988, 988, 1001, 1001, 1001, 1001, 1500, 1500, 1500, 1500] | 13:19:22.181696
[1500, 1500, 988, 1500, 989, 986, 988, 988, 1001, 1001, 1001, 1001, 1500, 1500, 1500, 1500] | 13:19:22.188601
[1500, 1500, 988, 1500, 988, 988, 988, 988, 1001, 1001, 1001, 1001, 1500, 1500, 1500, 1500] | 13:19:22.194947
[1500, 1500, 988, 1500, 988, 988, 988, 988, 1001, 1001, 1001, 1001, 1500, 1500, 1500, 1500] | 13:19:22.201675
[1500, 1500, 988, 1500, 988, 988, 988, 988, 1001, 1001, 1001, 1001, 1500, 1500, 1500, 1500] | 13:19:22.208497
[1500, 1500, 988, 1500, 988, 988, 988, 988, 1001, 1001, 1001, 1001, 1500, 1500, 1500, 1500] | 13:19:22.214968
13:19:22.215486 ALT: -0.3
13:19:22.215543 ATT: [-21.2, 0.8, 24]
13:19:22.215784 ACC: [-7, -187, 480]
[1500, 1500, 988, 1500, 988, 988, 988, 988, 1001, 1001, 1001, 1001, 1500, 1500, 1500, 1500] | 13:19:22.221814
[1500, 1500, 988, 1500, 988, 988, 988, 988, 1001, 1001, 1001, 1001, 1500, 1500, 1500, 1500] | 13:19:22.228259
[1500, 1500, 988, 1500, 988, 989, 986, 988, 1001, 1001, 1001, 1001, 1500, 1500, 1500, 1500] | 13:19:22.235132
[1500, 1500, 988, 1500, 988, 989, 986, 988, 1001, 1001, 1001, 1001, 1500, 1500, 1500, 1500] | 13:19:22.241810
[1500, 1500, 988, 1500, 988, 989, 986, 988, 1001, 1001, 1001, 1001, 1500, 1500, 1500, 1500] | 13:19:22.248302
[1500, 1500, 988, 1500, 988, 988, 988, 988, 1001, 1001, 1001, 1001, 1500, 1500, 1500, 1500] | 13:19:22.255246
[1500, 1500, 988, 1500, 988, 988, 988, 988, 1001, 1001, 1001, 1001, 1500, 1500, 1500, 1500] | 13:19:22.261687
13:19:22.263470 ALT: -0.3
13:19:22.263559 ATT: [-21.2, 0.8, 23]
13:19:22.263834 ACC: [-8, -187, 479]
[1499, 1500, 988, 1500, 988, 988, 988, 988, 1001, 1001, 1001, 1001, 1500, 1500, 1500, 1500] | 13:19:22.268456
[1499, 1500, 988, 1500, 988, 988, 988, 988, 1001, 1001, 1001, 1001, 1500, 1500, 1500, 1500] | 13:19:22.274969
[1499, 1500, 988, 1500, 988, 988, 988, 988, 1001, 1001, 1001, 1001, 1500, 1500, 1500, 1500] | 13:19:22.281647
[1500, 1500, 988, 1500, 988, 988, 988, 988, 1001, 1001, 1001, 1001, 1500, 1500, 1500, 1500] | 13:19:22.288661
[1500, 1499, 988, 1500, 988, 988, 988, 988, 1001, 1001, 1001, 1001, 1500, 1500, 1500, 1500] | 13:19:22.294986
[1500, 1499, 988, 1500, 988, 988, 988, 988, 1001, 1001, 1001, 1001, 1500, 1500, 1500, 1500] | 13:19:22.301824
[1500, 1499, 988, 1500, 988, 988, 988, 988, 1001, 1001, 1001, 1001, 1500, 1500, 1500, 1500] | 13:19:22.308625
13:19:22.311442 ALT: -0.3
13:19:22.311704 ATT: [-21.2, 0.8, 23]
13:19:22.312072 ACC: [-7, -186, 480]
[1500, 1500, 988, 1500, 988, 988, 988, 988, 1001, 1001, 1001, 1001, 1500, 1500, 1500, 1500] | 13:19:22.315182
[1500, 1500, 988, 1500, 988, 988, 988, 988, 1001, 1001, 1001, 1001, 1500, 1500, 1500, 1500] | 13:19:22.321721
[1500, 1500, 988, 1500, 988, 988, 988, 988, 1001, 1001, 1001, 1001, 1500, 1500, 1500, 1500] | 13:19:22.328347
[1500, 1500, 988, 1500, 988, 988, 988, 988, 1001, 1001, 1001, 1001, 1500, 1500, 1500, 1500] | 13:19:22.335088
[1500, 1500, 988, 1500, 988, 988, 988, 988, 1001, 1001, 1001, 1001, 1500, 1500, 1500, 1500] | 13:19:22.341832
[1499, 1500, 988, 1500, 988, 988, 988, 988, 1001, 1001, 1001, 1001, 1500, 1500, 1500, 1500] | 13:19:22.348435
[1499, 1500, 988, 1500, 988, 988, 988, 988, 1001, 1001, 1001, 1001, 1500, 1500, 1500, 1500] | 13:19:22.354971
13:19:22.359730 ALT: -0.3
13:19:22.359867 ATT: [-21.2, 0.8, 23]
13:19:22.360314 ACC: [-7, -187, 480]
[1499, 1500, 988, 1500, 988, 988, 988, 988, 1001, 1001, 1001, 1001, 1500, 1500, 1500, 1500] | 13:19:22.361707
[1500, 1500, 988, 1500, 988, 988, 988, 988, 1001, 1001, 1001, 1001, 1500, 1500, 1500, 1500] | 13:19:22.368371
[1500, 1500, 988, 1500, 988, 988, 988, 988, 1001, 1001, 1001, 1001, 1500, 1500, 1500, 1500] | 13:19:22.375010
[1500, 1500, 988, 1500, 988, 988, 988, 988, 1001, 1001, 1001, 1001, 1500, 1500, 1500, 1500] | 13:19:22.381765
[1500, 1500, 988, 1500, 988, 988, 988, 988, 1001, 1001, 1001, 1001, 1500, 1500, 1500, 1500] | 13:19:22.388336
[1500, 1499, 988, 1499, 988, 988, 988, 988, 1001, 1001, 1001, 1001, 1500, 1500, 1500, 1500] | 13:19:22.394930
[1500, 1499, 988, 1499, 988, 988, 988, 988, 1001, 1001, 1001, 1001, 1500, 1500, 1500, 1500] | 13:19:22.401657
13:19:22.407734 ALT: -0.3
13:19:22.407829 ATT: [-21.2, 0.8, 23]
13:19:22.408079 ACC: [-8, -186, 480]
[1500, 1499, 988, 1499, 988, 988, 988, 988, 1001, 1001, 1001, 1001, 1500, 1500, 1500, 1500] | 13:19:22.409675
[1500, 1500, 988, 1499, 988, 988, 988, 988, 1001, 1001, 1001, 1001, 1500, 1500, 1500, 1500] | 13:19:22.415386
[1500, 1500, 988, 1499, 988, 988, 988, 988, 1001, 1001, 1001, 1001, 1500, 1500, 1500, 1500] | 13:19:22.422291
[1500, 1500, 988, 1499, 988, 988, 988, 988, 1001, 1001, 1001, 1001, 1500, 1500, 1500, 1500] | 13:19:22.428362
[1500, 1500, 988, 1499, 988, 988, 988, 988, 1001, 1001, 1001, 1001, 1500, 1500, 1500, 1500] | 13:19:22.435107
[1500, 1500, 988, 1499, 988, 988, 988, 988, 1001, 1001, 1001, 1001, 1500, 1500, 1500, 1500] | 13:19:22.442238
[1499, 1500, 988, 1499, 988, 988, 988, 988, 1001, 1001, 1001, 1001, 1500, 1500, 1500, 1500] | 13:19:22.448668
[1499, 1500, 988, 1500, 988, 988, 988, 988, 1001, 1001, 1001, 1001, 1500, 1500, 1500, 1500] | 13:19:22.455144
13:19:22.455701 ALT: -0.3
13:19:22.455768 ATT: [-21.2, 0.8, 23]
13:19:22.456016 ACC: [-7, -187, 479]
[1499, 1500, 988, 1500, 988, 988, 988, 988, 1001, 1001, 1001, 1001, 1500, 1500, 1500, 1500] | 13:19:22.462012
[1500, 1500, 988, 1500, 988, 988, 988, 988, 1001, 1001, 1001, 1001, 1500, 1500, 1500, 1500] | 13:19:22.468572
[1500, 1500, 988, 1500, 988, 988, 988, 988, 1001, 1001, 1001, 1001, 1500, 1500, 1500, 1500] | 13:19:22.475243
[1500, 1500, 988, 1500, 988, 988, 988, 988, 1001, 1001, 1001, 1001, 1500, 1500, 1500, 1500] | 13:19:22.481683
[1500, 1500, 988, 1500, 988, 988, 988, 988, 1001, 1001, 1001, 1001, 1500, 1500, 1500, 1500] | 13:19:22.489259
[1500, 1500, 988, 1500, 988, 988, 988, 988, 1001, 1001, 1001, 1001, 1500, 1500, 1500, 1500] | 13:19:22.494995
[1500, 1500, 988, 1500, 988, 988, 988, 988, 1001, 1001, 1001, 1001, 1500, 1500, 1500, 1500] | 13:19:22.501743
13:19:22.503595 ALT: -0.3
13:19:22.503739 ATT: [-21.3, 0.8, 23]
13:19:22.504123 ACC: [-7, -186, 479]
[1499, 1500, 988, 1500, 988, 988, 988, 988, 1001, 1001, 1001, 1001, 1500, 1500, 1500, 1500] | 13:19:22.508832
[1499, 1500, 988, 1500, 988, 988, 988, 988, 1001, 1001, 1001, 1001, 1500, 1500, 1500, 1500] | 13:19:22.515107
[1499, 1500, 988, 1500, 988, 988, 988, 988, 1001, 1001, 1001, 1001, 1500, 1500, 1500, 1500] | 13:19:22.521740
[1500, 1500, 988, 1500, 988, 988, 988, 988, 1001, 1001, 1001, 1001, 1500, 1500, 1500, 1500] | 13:19:22.528413
[1500, 1500, 988, 1500, 988, 988, 988, 988, 1001, 1001, 1001, 1001, 1500, 1500, 1500, 1500] | 13:19:22.535147
[1500, 1500, 988, 1500, 988, 988, 988, 988, 1001, 1001, 1001, 1001, 1500, 1500, 1500, 1500] | 13:19:22.541714
[1500, 1500, 988, 1500, 988, 988, 988, 988, 1001, 1001, 1001, 1001, 1500, 1500, 1500, 1500] | 13:19:22.548361
[1500, 1500, 988, 1500, 988, 988, 988, 988, 1001, 1001, 1001, 1001, 1500, 1500, 1500, 1500] | 13:19:22.555030
13:19:22.559044 ALT: -0.3
13:19:22.559159 ATT: [-21.3, 0.8, 22]
13:19:22.559531 ACC: [-8, -186, 480]
[1500, 1500, 988, 1500, 988, 988, 988, 988, 1001, 1001, 1001, 1001, 1500, 1500, 1500, 1500] | 13:19:22.562354
[1500, 1500, 988, 1500, 988, 988, 988, 988, 1001, 1001, 1001, 1001, 1500, 1500, 1500, 1500] | 13:19:22.569010
[1500, 1500, 988, 1500, 988, 988, 988, 988, 1001, 1001, 1001, 1001, 1500, 1500, 1500, 1500] | 13:19:22.577508
[1500, 1500, 988, 1500, 988, 988, 988, 988, 1001, 1001, 1001, 1001, 1500, 1500, 1500, 1500] | 13:19:22.588557
[1500, 1500, 988, 1500, 988, 988, 988, 988, 1001, 1001, 1001, 1001, 1500, 1500, 1500, 1500] | 13:19:22.589239
[1500, 1500, 988, 1500, 988, 988, 988, 988, 1001, 1001, 1001, 1001, 1500, 1500, 1500, 1500] | 13:19:22.595072
[1500, 1500, 988, 1500, 988, 988, 988, 988, 1001, 1001, 1001, 1001, 1500, 1500, 1500, 1500] | 13:19:22.601777
[1500, 1500, 988, 1500, 988, 988, 988, 988, 1001, 1001, 1001, 1001, 1500, 1500, 1500, 1500] | 13:19:22.608793
[1500, 1500, 988, 1500, 988, 988, 988, 988, 1001, 1001, 1001, 1001, 1500, 1500, 1500, 1500] | 13:19:22.615215
13:19:22.615790 ALT: -0.3
13:19:22.615881 ATT: [-21.3, 0.8, 22]
13:19:22.616232 ACC: [-7, -186, 480]
[1500, 1500, 988, 1500, 988, 988, 988, 988, 1001, 1001, 1001, 1001, 1500, 1500, 1500, 1500] | 13:19:22.621912
[1499, 1500, 988, 1500, 988, 988, 988, 988, 1001, 1001, 1001, 1001, 1500, 1500, 1500, 1500] | 13:19:22.628340
[1499, 1500, 988, 1500, 988, 988, 988, 988, 1001, 1001, 1001, 1001, 1500, 1500, 1500, 1500] | 13:19:22.635589
[1499, 1500, 988, 1500, 988, 988, 988, 988, 1001, 1001, 1001, 1001, 1500, 1500, 1500, 1500] | 13:19:22.642169
[1500, 1500, 988, 1500, 988, 988, 988, 988, 1001, 1001, 1001, 1001, 1500, 1500, 1500, 1500] | 13:19:22.648327
[1500, 1499, 988, 1500, 988, 988, 988, 988, 1001, 1001, 1001, 1001, 1500, 1500, 1500, 1500] | 13:19:22.657253
[1500, 1499, 988, 1500, 988, 988, 988, 988, 1001, 1001, 1001, 1001, 1500, 1500, 1500, 1500] | 13:19:22.661814
13:19:22.663579 ALT: -0.3
13:19:22.663670 ATT: [-21.3, 0.8, 22]
13:19:22.663944 ACC: [-7, -186, 480]
[1500, 1499, 988, 1500, 988, 988, 988, 988, 1001, 1001, 1001, 1001, 1500, 1500, 1500, 1500] | 13:19:22.668487
[1500, 1500, 988, 1500, 988, 988, 988, 988, 1001, 1001, 1001, 1001, 1500, 1500, 1500, 1500] | 13:19:22.675415
[1500, 1500, 988, 1500, 988, 988, 988, 988, 1001, 1001, 1001, 1001, 1500, 1500, 1500, 1500] | 13:19:22.681690
[1500, 1500, 988, 1500, 988, 988, 988, 988, 1001, 1001, 1001, 1001, 1500, 1500, 1500, 1500] | 13:19:22.688990
[1500, 1500, 988, 1499, 988, 988, 988, 988, 1001, 1001, 1001, 1001, 1500, 1500, 1500, 1500] | 13:19:22.694953
[1500, 1500, 988, 1499, 988, 988, 988, 988, 1001, 1001, 1001, 1001, 1500, 1500, 1500, 1500] | 13:19:22.701703
[1500, 1500, 988, 1499, 988, 988, 988, 988, 1001, 1001, 1001, 1001, 1500, 1500, 1500, 1500] | 13:19:22.708547
13:19:22.711555 ALT: -0.3
13:19:22.711645 ATT: [-21.2, 0.8, 22]
13:19:22.711903 ACC: [-7, -186, 480]
[1500, 1500, 988, 1500, 988, 988, 988, 988, 1001, 1001, 1001, 1001, 1500, 1500, 1500, 1500] | 13:19:22.715067
[1500, 1500, 988, 1500, 988, 988, 988, 988, 1001, 1001, 1001, 1001, 1500, 1500, 1500, 1500] | 13:19:22.721845
[1500, 1500, 988, 1500, 988, 988, 988, 988, 1001, 1001, 1001, 1001, 1500, 1500, 1500, 1500] | 13:19:22.729156
[1500, 1500, 988, 1500, 989, 986, 988, 988, 1001, 1001, 1001, 1001, 1500, 1500, 1500, 1500] | 13:19:22.735076
[1500, 1500, 988, 1500, 989, 986, 988, 988, 1001, 1001, 1001, 1001, 1500, 1500, 1500, 1500] | 13:19:22.742101
[1500, 1500, 988, 1500, 989, 986, 988, 988, 1001, 1001, 1001, 1001, 1500, 1500, 1500, 1500] | 13:19:22.749044
[1500, 1500, 988, 1500, 988, 988, 988, 988, 1001, 1001, 1001, 1001, 1500, 1500, 1500, 1500] | 13:19:22.755276
[1500, 1500, 988, 1500, 988, 988, 988, 988, 1001, 1001, 1001, 1001, 1500, 1500, 1500, 1500] | 13:19:22.762126
[1500, 1500, 988, 1500, 988, 988, 988, 988, 1001, 1001, 1001, 1001, 1500, 1500, 1500, 1500] | 13:19:22.771260
[1500, 1500, 988, 1500, 988, 988, 988, 988, 1001, 1001, 1001, 1001, 1500, 1500, 1500, 1500] | 13:19:22.775292
[1500, 1500, 988, 1500, 988, 988, 988, 988, 1001, 1001, 1001, 1001, 1500, 1500, 1500, 1500] | 13:19:22.782435
13:19:22.785313 ALT: -0.3
13:19:22.785648 ATT: [-21.2, 0.8, 21]
13:19:22.786719 ACC: [-7, -186, 480]
[1500, 1500, 988, 1500, 988, 988, 988, 988, 1001, 1001, 1001, 1001, 1500, 1500, 1500, 1500] | 13:19:22.789208
[1500, 1500, 988, 1500, 988, 988, 988, 988, 1001, 1001, 1001, 1001, 1500, 1500, 1500, 1500] | 13:19:22.795535
[1500, 1500, 988, 1500, 988, 988, 988, 988, 1001, 1001, 1001, 1001, 1500, 1500, 1500, 1500] | 13:19:22.802032
[1499, 1500, 988, 1500, 988, 988, 988, 988, 1001, 1001, 1001, 1001, 1500, 1500, 1500, 1500] | 13:19:22.809213
[1499, 1500, 988, 1499, 988, 988, 988, 988, 1001, 1001, 1001, 1001, 1500, 1500, 1500, 1500] | 13:19:22.815716
[1499, 1500, 988, 1499, 988, 988, 988, 988, 1001, 1001, 1001, 1001, 1500, 1500, 1500, 1500] | 13:19:22.821755
[1500, 1500, 988, 1499, 988, 988, 988, 988, 1001, 1001, 1001, 1001, 1500, 1500, 1500, 1500] | 13:19:22.829387
[1500, 1500, 988, 1500, 988, 988, 988, 988, 1001, 1001, 1001, 1001, 1500, 1500, 1500, 1500] | 13:19:22.835301
13:19:22.840428 ALT: -0.3
13:19:22.840814 ATT: [-21.2, 0.8, 21]
13:19:22.841632 ACC: [-7, -187, 480]
[1500, 1500, 988, 1500, 988, 988, 988, 988, 1001, 1001, 1001, 1001, 1500, 1500, 1500, 1500] | 13:19:22.843128
[1500, 1500, 988, 1500, 988, 988, 988, 988, 1001, 1001, 1001, 1001, 1500, 1500, 1500, 1500] | 13:19:22.850522
[1500, 1500, 988, 1500, 988, 988, 988, 988, 1001, 1001, 1001, 1001, 1500, 1500, 1500, 1500] | 13:19:22.858997
[1500, 1500, 988, 1500, 988, 988, 988, 988, 1001, 1001, 1001, 1001, 1500, 1500, 1500, 1500] | 13:19:22.862508
[1500, 1500, 988, 1500, 988, 988, 988, 988, 1001, 1001, 1001, 1001, 1500, 1500, 1500, 1500] | 13:19:22.868385
[1500, 1500, 986, 1500, 988, 988, 988, 988, 1001, 1001, 1001, 1001, 1500, 1500, 1500, 1500] | 13:19:22.875275
13:19:22.887449 ALT: -0.3
13:19:22.887564 ATT: [-21.2, 0.8, 21]
13:19:22.887918 ACC: [-7, -187, 480]
[1500, 1500, 986, 1500, 988, 988, 988, 988, 1001, 1001, 1001, 1001, 1500, 1500, 1500, 1500] | 13:19:22.889107
[1500, 1500, 986, 1500, 988, 988, 988, 988, 1001, 1001, 1001, 1001, 1500, 1500, 1500, 1500] | 13:19:22.890124
[1500, 1499, 988, 1500, 988, 988, 988, 988, 1001, 1001, 1001, 1001, 1500, 1500, 1500, 1500] | 13:19:22.899324
[1500, 1499, 988, 1500, 988, 988, 988, 988, 1001, 1001, 1001, 1001, 1500, 1500, 1500, 1500] | 13:19:22.901980
[1500, 1499, 988, 1500, 988, 988, 988, 988, 1001, 1001, 1001, 1001, 1500, 1500, 1500, 1500] | 13:19:22.908642
[1500, 1500, 988, 1500, 988, 988, 988, 988, 1001, 1001, 1001, 1001, 1500, 1500, 1500, 1500] | 13:19:22.916614
[1500, 1500, 988, 1500, 988, 988, 988, 988, 1001, 1001, 1001, 1001, 1500, 1500, 1500, 1500] | 13:19:22.921900
[1500, 1500, 988, 1500, 988, 988, 988, 988, 1001, 1001, 1001, 1001, 1500, 1500, 1500, 1500] | 13:19:22.928464
13:19:22.936256 ALT: -0.3
13:19:22.936387 ATT: [-21.3, 0.8, 21]
13:19:22.936793 ACC: [-8, -187, 480]
[1500, 1499, 988, 1500, 988, 988, 988, 988, 1001, 1001, 1001, 1001, 1500, 1500, 1500, 1500] | 13:19:22.938045
[1500, 1499, 988, 1500, 988, 988, 988, 988, 1001, 1001, 1001, 1001, 1500, 1500, 1500, 1500] | 13:19:22.944870
[1500, 1499, 988, 1500, 988, 988, 988, 988, 1001, 1001, 1001, 1001, 1500, 1500, 1500, 1500] | 13:19:22.948699
[1500, 1500, 988, 1500, 988, 988, 988, 988, 1001, 1001, 1001, 1001, 1500, 1500, 1500, 1500] | 13:19:22.959590
[1500, 1500, 988, 1500, 988, 988, 988, 988, 1001, 1001, 1001, 1001, 1500, 1500, 1500, 1500] | 13:19:22.962183
[1500, 1500, 988, 1500, 988, 988, 988, 988, 1001, 1001, 1001, 1001, 1500, 1500, 1500, 1500] | 13:19:22.968886
[1500, 1500, 988, 1500, 988, 988, 988, 988, 1001, 1001, 1001, 1001, 1500, 1500, 1500, 1500] | 13:19:22.975521
[1500, 1500, 988, 1500, 988, 988, 988, 988, 1001, 1001, 1001, 1001, 1500, 1500, 1500, 1500] | 13:19:22.981887
13:19:22.983701 ALT: -0.3
13:19:22.983856 ATT: [-21.3, 0.8, 21]
13:19:22.984352 ACC: [-7, -187, 480]
[1500, 1500, 988, 1500, 988, 988, 988, 988, 1001, 1001, 1001, 1001, 1500, 1500, 1500, 1500] | 13:19:22.988753
[1500, 1500, 988, 1500, 988, 988, 988, 988, 1001, 1001, 1001, 1001, 1500, 1500, 1500, 1500] | 13:19:22.995956
[1500, 1500, 988, 1500, 988, 988, 988, 988, 1001, 1001, 1001, 1001, 1500, 1500, 1500, 1500] | 13:19:23.001767
[1500, 1500, 988, 1500, 988, 988, 988, 988, 1001, 1001, 1001, 1001, 1500, 1500, 1500, 1500] | 13:19:23.008709
[1500, 1500, 988, 1500, 988, 988, 988, 988, 1001, 1001, 1001, 1001, 1500, 1500, 1500, 1500] | 13:19:23.028482
[1500, 1500, 988, 1500, 988, 988, 988, 988, 1001, 1001, 1001, 1001, 1500, 1500, 1500, 1500] | 13:19:23.029397
[1500, 1500, 988, 1500, 988, 988, 988, 988, 1001, 1001, 1001, 1001, 1500, 1500, 1500, 1500] | 13:19:23.030248
13:19:23.034340 ALT: -0.3
13:19:23.034570 ATT: [-21.3, 0.8, 20]
13:19:23.035649 ACC: [-7, -186, 479]
[1500, 1500, 988, 1500, 988, 988, 988, 988, 1001, 1001, 1001, 1001, 1500, 1500, 1500, 1500] | 13:19:23.043724
[1500, 1500, 988, 1500, 988, 988, 988, 988, 1001, 1001, 1001, 1001, 1500, 1500, 1500, 1500] | 13:19:23.044968
[1499, 1500, 988, 1500, 988, 988, 988, 988, 1001, 1001, 1001, 1001, 1500, 1500, 1500, 1500] | 13:19:23.049275
[1499, 1500, 988, 1500, 988, 988, 988, 988, 1001, 1001, 1001, 1001, 1500, 1500, 1500, 1500] | 13:19:23.062700
[1499, 1500, 988, 1500, 988, 988, 988, 988, 1001, 1001, 1001, 1001, 1500, 1500, 1500, 1500] | 13:19:23.065964
[1500, 1500, 988, 1500, 988, 988, 988, 988, 1001, 1001, 1001, 1001, 1500, 1500, 1500, 1500] | 13:19:23.071320
[1500, 1500, 988, 1500, 988, 988, 988, 988, 1001, 1001, 1001, 1001, 1500, 1500, 1500, 1500] | 13:19:23.078148
13:19:23.079635 ALT: -0.3
13:19:23.079785 ATT: [-21.3, 0.8, 20]
13:19:23.080321 ACC: [-7, -187, 479]
[1500, 1500, 988, 1500, 988, 988, 988, 988, 1001, 1001, 1001, 1001, 1500, 1500, 1500, 1500] | 13:19:23.081958
[1500, 1500, 988, 1500, 988, 988, 988, 988, 1001, 1001, 1001, 1001, 1500, 1500, 1500, 1500] | 13:19:23.089153
[1500, 1500, 988, 1500, 988, 988, 988, 988, 1001, 1001, 1001, 1001, 1500, 1500, 1500, 1500] | 13:19:23.095118
[1500, 1500, 988, 1500, 988, 988, 988, 988, 1001, 1001, 1001, 1001, 1500, 1500, 1500, 1500] | 13:19:23.101906
[1500, 1500, 988, 1500, 988, 988, 988, 988, 1001, 1001, 1001, 1001, 1500, 1500, 1500, 1500] | 13:19:23.109789
[1500, 1501, 986, 1499, 989, 986, 988, 988, 1001, 1001, 1001, 1001, 1500, 1500, 1500, 1500] | 13:19:23.115079
[1500, 1501, 986, 1499, 989, 986, 988, 988, 1001, 1001, 1001, 1001, 1500, 1500, 1500, 1500] | 13:19:23.121908
[1500, 1501, 986, 1499, 989, 986, 988, 988, 1001, 1001, 1001, 1001, 1500, 1500, 1500, 1500] | 13:19:23.130180
13:19:23.130739 ALT: -0.3
13:19:23.130855 ATT: [-21.3, 0.8, 20]
13:19:23.131681 ACC: [-7, -186, 480]
[1500, 1500, 986, 1500, 988, 988, 988, 988, 1001, 1001, 1001, 1001, 1500, 1500, 1500, 1500] | 13:19:23.135616
[1500, 1500, 986, 1500, 988, 988, 988, 988, 1001, 1001, 1001, 1001, 1500, 1500, 1500, 1500] | 13:19:23.141979
[1500, 1500, 986, 1500, 988, 988, 988, 988, 1001, 1001, 1001, 1001, 1500, 1500, 1500, 1500] | 13:19:23.148952
[1500, 1500, 988, 1500, 988, 988, 988, 988, 1001, 1001, 1001, 1001, 1500, 1500, 1500, 1500] | 13:19:23.155260
[1500, 1500, 988, 1500, 988, 988, 988, 988, 1001, 1001, 1001, 1001, 1500, 1500, 1500, 1500] | 13:19:23.162023
[1499, 1500, 988, 1500, 988, 988, 988, 988, 1001, 1001, 1001, 1001, 1500, 1500, 1500, 1500] | 13:19:23.168541
[1499, 1500, 988, 1499, 988, 988, 988, 988, 1001, 1001, 1001, 1001, 1500, 1500, 1500, 1500] | 13:19:23.175513
13:19:23.177558 ALT: -0.3
13:19:23.177688 ATT: [-21.3, 0.8, 20]
13:19:23.178249 ACC: [-8, -186, 480]
[1499, 1500, 988, 1499, 988, 988, 988, 988, 1001, 1001, 1001, 1001, 1500, 1500, 1500, 1500] | 13:19:23.181960
[1500, 1500, 988, 1499, 988, 988, 988, 988, 1001, 1001, 1001, 1001, 1500, 1500, 1500, 1500] | 13:19:23.189791
[1500, 1499, 988, 1500, 988, 988, 988, 988, 1001, 1001, 1001, 1001, 1500, 1500, 1500, 1500] | 13:19:23.195157
[1500, 1499, 988, 1500, 988, 988, 988, 988, 1001, 1001, 1001, 1001, 1500, 1500, 1500, 1500] | 13:19:23.201880
[1500, 1499, 988, 1500, 988, 988, 988, 988, 1001, 1001, 1001, 1001, 1500, 1500, 1500, 1500] | 13:19:23.209985
[1500, 1500, 988, 1500, 988, 988, 988, 988, 1001, 1001, 1001, 1001, 1500, 1500, 1500, 1500] | 13:19:23.215286
[1500, 1500, 988, 1500, 988, 988, 988, 988, 1001, 1001, 1001, 1001, 1500, 1500, 1500, 1500] | 13:19:23.223818
13:19:23.224419 ALT: -0.3
13:19:23.224516 ATT: [-21.2, 0.8, 20]
13:19:23.224882 ACC: [-7, -186, 480]
[1500, 1500, 988, 1500, 988, 988, 988, 988, 1001, 1001, 1001, 1001, 1500, 1500, 1500, 1500] | 13:19:23.229028
[1500, 1500, 988, 1500, 988, 988, 988, 988, 1001, 1001, 1001, 1001, 1500, 1500, 1500, 1500] | 13:19:23.235351
[1500, 1500, 988, 1500, 988, 988, 988, 988, 1001, 1001, 1001, 1001, 1500, 1500, 1500, 1500] | 13:19:23.246408
[1499, 1500, 988, 1500, 988, 988, 988, 988, 1001, 1001, 1001, 1001, 1500, 1500, 1500, 1500] | 13:19:23.248535
[1499, 1500, 988, 1499, 988, 988, 988, 988, 1001, 1001, 1001, 1001, 1500, 1500, 1500, 1500] | 13:19:23.260453
[1499, 1500, 988, 1499, 988, 988, 988, 988, 1001, 1001, 1001, 1001, 1500, 1500, 1500, 1500] | 13:19:23.262154
[1499, 1500, 988, 1499, 988, 988, 988, 988, 1001, 1001, 1001, 1001, 1500, 1500, 1500, 1500] | 13:19:23.268491
13:19:23.271618 ALT: -0.3
13:19:23.271779 ATT: [-21.2, 0.8, 20]
13:19:23.272205 ACC: [-7, -186, 479]
[1499, 1500, 988, 1500, 988, 988, 988, 988, 1001, 1001, 1001, 1001, 1500, 1500, 1500, 1500] | 13:19:23.279965
[1499, 1500, 988, 1500, 988, 988, 988, 988, 1001, 1001, 1001, 1001, 1500, 1500, 1500, 1500] | 13:19:23.281853
[1500, 1500, 988, 1500, 988, 988, 988, 988, 1001, 1001, 1001, 1001, 1500, 1500, 1500, 1500] | 13:19:23.289225
[1500, 1500, 988, 1500, 988, 988, 988, 988, 1001, 1001, 1001, 1001, 1500, 1500, 1500, 1500] | 13:19:23.295233
[1500, 1500, 988, 1500, 988, 988, 988, 988, 1001, 1001, 1001, 1001, 1500, 1500, 1500, 1500] | 13:19:23.301826
[1499, 1500, 988, 1500, 988, 988, 988, 988, 1001, 1001, 1001, 1001, 1500, 1500, 1500, 1500] | 13:19:23.312064
[1499, 1500, 988, 1500, 988, 988, 988, 988, 1001, 1001, 1001, 1001, 1500, 1500, 1500, 1500] | 13:19:23.315211
13:19:23.319893 ALT: -0.3
13:19:23.320031 ATT: [-21.2, 0.8, 19]
13:19:23.320458 ACC: [-7, -186, 480]
[1499, 1500, 988, 1500, 988, 988, 988, 988, 1001, 1001, 1001, 1001, 1500, 1500, 1500, 1500] | 13:19:23.322121
[1500, 1500, 988, 1500, 988, 988, 988, 988, 1001, 1001, 1001, 1001, 1500, 1500, 1500, 1500] | 13:19:23.328470
[1500, 1500, 988, 1500, 988, 988, 988, 988, 1001, 1001, 1001, 1001, 1500, 1500, 1500, 1500] | 13:19:23.336912
[1500, 1500, 988, 1500, 988, 988, 988, 988, 1001, 1001, 1001, 1001, 1500, 1500, 1500, 1500] | 13:19:23.344095
[1500, 1500, 988, 1500, 988, 988, 988, 988, 1001, 1001, 1001, 1001, 1500, 1500, 1500, 1500] | 13:19:23.348466
[1500, 1500, 988, 1500, 988, 988, 988, 988, 1001, 1001, 1001, 1001, 1500, 1500, 1500, 1500] | 13:19:23.360187
[1500, 1500, 988, 1500, 988, 988, 988, 988, 1001, 1001, 1001, 1001, 1500, 1500, 1500, 1500] | 13:19:23.361894
13:19:23.367731 ALT: -0.3
13:19:23.367892 ATT: [-21.2, 0.8, 19]
13:19:23.368519 ACC: [-7, -186, 480]
[1500, 1500, 988, 1500, 988, 988, 988, 988, 1001, 1001, 1001, 1001, 1500, 1500, 1500, 1500] | 13:19:23.370276
[1500, 1500, 988, 1500, 989, 986, 988, 988, 1001, 1001, 1001, 1001, 1500, 1500, 1500, 1500] | 13:19:23.375926
[1500, 1500, 988, 1500, 989, 986, 988, 988, 1001, 1001, 1001, 1001, 1500, 1500, 1500, 1500] | 13:19:23.381881
[1500, 1500, 988, 1500, 989, 986, 988, 988, 1001, 1001, 1001, 1001, 1500, 1500, 1500, 1500] | 13:19:23.393423
[1500, 1500, 988, 1500, 988, 988, 988, 988, 1001, 1001, 1001, 1001, 1500, 1500, 1500, 1500] | 13:19:23.395397
[1500, 1500, 988, 1500, 988, 988, 988, 988, 1001, 1001, 1001, 1001, 1500, 1500, 1500, 1500] | 13:19:23.401916
[1499, 1500, 988, 1500, 988, 988, 988, 988, 1001, 1001, 1001, 1001, 1500, 1500, 1500, 1500] | 13:19:23.408646
[1499, 1500, 988, 1500, 988, 988, 988, 988, 1001, 1001, 1001, 1001, 1500, 1500, 1500, 1500] | 13:19:23.415245
13:19:23.415772 ALT: -0.3
13:19:23.415896 ATT: [-21.2, 0.8, 19]
13:19:23.416263 ACC: [-7, -186, 480]
[1499, 1500, 988, 1500, 988, 988, 988, 988, 1001, 1001, 1001, 1001, 1500, 1500, 1500, 1500] | 13:19:23.426260
[1500, 1500, 988, 1500, 988, 988, 988, 988, 1001, 1001, 1001, 1001, 1500, 1500, 1500, 1500] | 13:19:23.428558
[1500, 1500, 988, 1499, 988, 988, 988, 988, 1001, 1001, 1001, 1001, 1500, 1500, 1500, 1500] | 13:19:23.437031
[1500, 1500, 988, 1499, 988, 988, 988, 988, 1001, 1001, 1001, 1001, 1500, 1500, 1500, 1500] | 13:19:23.441881
[1500, 1500, 988, 1499, 988, 988, 988, 988, 1001, 1001, 1001, 1001, 1500, 1500, 1500, 1500] | 13:19:23.451406
[1500, 1500, 988, 1500, 988, 988, 988, 988, 1001, 1001, 1001, 1001, 1500, 1500, 1500, 1500] | 13:19:23.455316
[1500, 1500, 988, 1500, 988, 988, 988, 988, 1001, 1001, 1001, 1001, 1500, 1500, 1500, 1500] | 13:19:23.461878
[1500, 1500, 988, 1500, 988, 988, 988, 988, 1001, 1001, 1001, 1001, 1500, 1500, 1500, 1500] | 13:19:23.468467
13:19:23.469608 ALT: -0.3
13:19:23.469714 ATT: [-21.2, 0.8, 19]
13:19:23.470097 ACC: [-7, -186, 479]
[1500, 1499, 988, 1500, 988, 988, 988, 988, 1001, 1001, 1001, 1001, 1500, 1500, 1500, 1500] | 13:19:23.492294
[1500, 1499, 988, 1500, 988, 988, 988, 988, 1001, 1001, 1001, 1001, 1500, 1500, 1500, 1500] | 13:19:23.494372
[1500, 1499, 988, 1500, 988, 988, 988, 988, 1001, 1001, 1001, 1001, 1500, 1500, 1500, 1500] | 13:19:23.495376
[1500, 1500, 988, 1500, 988, 988, 988, 988, 1001, 1001, 1001, 1001, 1500, 1500, 1500, 1500] | 13:19:23.498429
[1500, 1500, 988, 1500, 988, 988, 988, 988, 1001, 1001, 1001, 1001, 1500, 1500, 1500, 1500] | 13:19:23.506767
[1500, 1500, 988, 1500, 988, 988, 988, 988, 1001, 1001, 1001, 1001, 1500, 1500, 1500, 1500] | 13:19:23.513300
[1500, 1500, 988, 1500, 988, 988, 988, 988, 1001, 1001, 1001, 1001, 1500, 1500, 1500, 1500] | 13:19:23.515194
13:19:23.531016 ALT: -0.3
13:19:23.531150 ATT: [-21.2, 0.8, 19]
13:19:23.531577 ACC: [-7, -186, 480]
[1500, 1500, 988, 1500, 988, 988, 988, 988, 1001, 1001, 1001, 1001, 1500, 1500, 1500, 1500] | 13:19:23.538933
[1500, 1500, 988, 1500, 988, 988, 988, 988, 1001, 1001, 1001, 1001, 1500, 1500, 1500, 1500] | 13:19:23.539680
[1500, 1500, 988, 1500, 988, 988, 988, 988, 1001, 1001, 1001, 1001, 1500, 1500, 1500, 1500] | 13:19:23.540073
[1500, 1500, 988, 1500, 988, 988, 988, 988, 1001, 1001, 1001, 1001, 1500, 1500, 1500, 1500] | 13:19:23.541743
[1500, 1500, 988, 1500, 988, 988, 988, 988, 1001, 1001, 1001, 1001, 1500, 1500, 1500, 1500] | 13:19:23.548434
[1500, 1500, 988, 1500, 988, 988, 988, 988, 1001, 1001, 1001, 1001, 1500, 1500, 1500, 1500] | 13:19:23.556871
[1500, 1500, 988, 1500, 988, 988, 988, 988, 1001, 1001, 1001, 1001, 1500, 1500, 1500, 1500] | 13:19:23.562146
[1500, 1500, 988, 1500, 988, 988, 988, 988, 1001, 1001, 1001, 1001, 1500, 1500, 1500, 1500] | 13:19:23.568463
13:19:23.579737 ALT: -0.3
13:19:23.579847 ATT: [-21.2, 0.8, 18]
13:19:23.580154 ACC: [-8, -186, 480]
[1500, 1500, 988, 1500, 988, 989, 986, 988, 1001, 1001, 1001, 1001, 1500, 1500, 1500, 1500] | 13:19:23.582562
[1500, 1500, 988, 1500, 988, 989, 986, 988, 1001, 1001, 1001, 1001, 1500, 1500, 1500, 1500] | 13:19:23.583641
[1500, 1500, 988, 1500, 988, 989, 986, 988, 1001, 1001, 1001, 1001, 1500, 1500, 1500, 1500] | 13:19:23.588449
[1500, 1500, 988, 1500, 988, 988, 988, 988, 1001, 1001, 1001, 1001, 1500, 1500, 1500, 1500] | 13:19:23.601700
[1500, 1500, 988, 1500, 988, 988, 988, 988, 1001, 1001, 1001, 1001, 1500, 1500, 1500, 1500] | 13:19:23.602288
[1500, 1500, 988, 1500, 988, 988, 988, 988, 1001, 1001, 1001, 1001, 1500, 1500, 1500, 1500] | 13:19:23.611050
[1500, 1500, 988, 1499, 988, 988, 988, 988, 1001, 1001, 1001, 1001, 1500, 1500, 1500, 1500] | 13:19:23.615489
[1500, 1500, 988, 1499, 988, 988, 988, 988, 1001, 1001, 1001, 1001, 1500, 1500, 1500, 1500] | 13:19:23.622210
13:19:23.626077 ALT: -0.3
13:19:23.626201 ATT: [-21.2, 0.8, 18]
13:19:23.626784 ACC: [-7, -186, 480]
[1500, 1500, 988, 1499, 988, 988, 988, 988, 1001, 1001, 1001, 1001, 1500, 1500, 1500, 1500] | 13:19:23.628563
[1500, 1500, 988, 1500, 988, 988, 988, 988, 1001, 1001, 1001, 1001, 1500, 1500, 1500, 1500] | 13:19:23.639315
[1500, 1500, 988, 1500, 988, 988, 988, 988, 1001, 1001, 1001, 1001, 1500, 1500, 1500, 1500] | 13:19:23.641793
[1500, 1500, 988, 1500, 988, 988, 988, 988, 1001, 1001, 1001, 1001, 1500, 1500, 1500, 1500] | 13:19:23.649427
[1500, 1500, 988, 1500, 988, 988, 988, 988, 1001, 1001, 1001, 1001, 1500, 1500, 1500, 1500] | 13:19:23.657474
[1500, 1500, 988, 1500, 988, 988, 988, 988, 1001, 1001, 1001, 1001, 1500, 1500, 1500, 1500] | 13:19:23.662780
13:19:23.672905 ALT: -0.3
13:19:23.673125 ATT: [-21.2, 0.8, 18]
13:19:23.673861 ACC: [-7, -187, 480]
[1499, 1500, 988, 1500, 988, 988, 988, 988, 1001, 1001, 1001, 1001, 1500, 1500, 1500, 1500] | 13:19:23.683820
[1499, 1500, 988, 1500, 988, 988, 988, 988, 1001, 1001, 1001, 1001, 1500, 1500, 1500, 1500] | 13:19:23.685023
[1499, 1500, 988, 1500, 988, 988, 988, 988, 1001, 1001, 1001, 1001, 1500, 1500, 1500, 1500] | 13:19:23.685697
[1500, 1500, 988, 1500, 988, 988, 988, 988, 1001, 1001, 1001, 1001, 1500, 1500, 1500, 1500] | 13:19:23.698192
[1500, 1500, 988, 1500, 988, 988, 988, 988, 1001, 1001, 1001, 1001, 1500, 1500, 1500, 1500] | 13:19:23.699518
[1500, 1500, 988, 1500, 988, 988, 988, 988, 1001, 1001, 1001, 1001, 1500, 1500, 1500, 1500] | 13:19:23.701831
[1499, 1500, 988, 1500, 988, 988, 988, 988, 1001, 1001, 1001, 1001, 1500, 1500, 1500, 1500] | 13:19:23.708806
[1499, 1500, 988, 1500, 988, 988, 988, 988, 1001, 1001, 1001, 1001, 1500, 1500, 1500, 1500] | 13:19:23.718935
13:19:23.726380 ALT: -0.3
13:19:23.726670 ATT: [-21.2, 0.8, 18]
13:19:23.728001 ACC: [-7, -186, 479]
[1499, 1500, 988, 1500, 988, 988, 988, 988, 1001, 1001, 1001, 1001, 1500, 1500, 1500, 1500] | 13:19:23.746875
[1499, 1500, 988, 1500, 988, 988, 988, 988, 1001, 1001, 1001, 1001, 1500, 1500, 1500, 1500] | 13:19:23.755615
[1499, 1500, 988, 1500, 988, 988, 988, 988, 1001, 1001, 1001, 1001, 1500, 1500, 1500, 1500] | 13:19:23.756967
[1499, 1500, 988, 1500, 988, 988, 988, 988, 1001, 1001, 1001, 1001, 1500, 1500, 1500, 1500] | 13:19:23.761173
[1500, 1500, 988, 1500, 988, 988, 988, 988, 1001, 1001, 1001, 1001, 1500, 1500, 1500, 1500] | 13:19:23.762336
[1500, 1500, 988, 1500, 988, 988, 988, 988, 1001, 1001, 1001, 1001, 1500, 1500, 1500, 1500] | 13:19:23.763494
[1500, 1500, 988, 1500, 988, 988, 988, 988, 1001, 1001, 1001, 1001, 1500, 1500, 1500, 1500] | 13:19:23.764350
[1500, 1500, 988, 1500, 988, 988, 988, 988, 1001, 1001, 1001, 1001, 1500, 1500, 1500, 1500] | 13:19:23.772254
[1500, 1500, 988, 1500, 988, 988, 988, 988, 1001, 1001, 1001, 1001, 1500, 1500, 1500, 1500] | 13:19:23.775703
[1500, 1500, 988, 1500, 988, 988, 988, 988, 1001, 1001, 1001, 1001, 1500, 1500, 1500, 1500] | 13:19:23.782333
13:19:23.784286 ALT: -0.3
13:19:23.784682 ATT: [-21.2, 0.8, 18]
13:19:23.785251 ACC: [-7, -187, 480]
[1500, 1500, 988, 1500, 988, 988, 988, 988, 1001, 1001, 1001, 1001, 1500, 1500, 1500, 1500] | 13:19:23.788700
[1500, 1500, 988, 1500, 988, 988, 988, 988, 1001, 1001, 1001, 1001, 1500, 1500, 1500, 1500] | 13:19:23.799828
[1500, 1500, 988, 1500, 988, 988, 988, 988, 1001, 1001, 1001, 1001, 1500, 1500, 1500, 1500] | 13:19:23.802856
[1500, 1500, 988, 1500, 988, 988, 988, 988, 1001, 1001, 1001, 1001, 1500, 1500, 1500, 1500] | 13:19:23.808516
[1500, 1500, 988, 1500, 988, 988, 988, 988, 1001, 1001, 1001, 1001, 1500, 1500, 1500, 1500] | 13:19:23.820331
[1500, 1500, 988, 1500, 988, 988, 988, 988, 1001, 1001, 1001, 1001, 1500, 1500, 1500, 1500] | 13:19:23.821893
13:19:23.832153 ALT: -0.3
13:19:23.832283 ATT: [-21.2, 0.8, 18]
13:19:23.832654 ACC: [-7, -186, 480]
[1500, 1500, 988, 1500, 988, 988, 988, 988, 1001, 1001, 1001, 1001, 1500, 1500, 1500, 1500] | 13:19:23.833562
[1500, 1500, 988, 1500, 988, 988, 988, 988, 1001, 1001, 1001, 1001, 1500, 1500, 1500, 1500] | 13:19:23.835214
[1500, 1500, 988, 1500, 988, 988, 988, 988, 1001, 1001, 1001, 1001, 1500, 1500, 1500, 1500] | 13:19:23.841846
[1500, 1500, 988, 1500, 988, 988, 988, 988, 1001, 1001, 1001, 1001, 1500, 1500, 1500, 1500] | 13:19:23.854320
[1500, 1500, 988, 1499, 988, 988, 988, 988, 1001, 1001, 1001, 1001, 1500, 1500, 1500, 1500] | 13:19:23.855217
[1500, 1500, 988, 1499, 988, 988, 988, 988, 1001, 1001, 1001, 1001, 1500, 1500, 1500, 1500] | 13:19:23.870140
[1499, 1500, 988, 1499, 988, 988, 988, 988, 1001, 1001, 1001, 1001, 1500, 1500, 1500, 1500] | 13:19:23.872148
13:19:23.887063 ALT: -0.3
13:19:23.887355 ATT: [-21.2, 0.8, 17]
13:19:23.888378 ACC: [-7, -187, 480]
[1499, 1500, 988, 1500, 988, 988, 988, 988, 1001, 1001, 1001, 1001, 1500, 1500, 1500, 1500] | 13:19:23.892949
[1499, 1500, 988, 1500, 988, 988, 988, 988, 1001, 1001, 1001, 1001, 1500, 1500, 1500, 1500] | 13:19:23.895093
[1500, 1500, 988, 1500, 988, 988, 988, 988, 1001, 1001, 1001, 1001, 1500, 1500, 1500, 1500] | 13:19:23.896283
[1500, 1500, 988, 1500, 988, 988, 988, 988, 1001, 1001, 1001, 1001, 1500, 1500, 1500, 1500] | 13:19:23.898034
[1500, 1500, 988, 1500, 988, 988, 988, 988, 1001, 1001, 1001, 1001, 1500, 1500, 1500, 1500] | 13:19:23.902906
[1499, 1500, 988, 1500, 988, 988, 988, 988, 1001, 1001, 1001, 1001, 1500, 1500, 1500, 1500] | 13:19:23.909501
13:19:23.930829 ALT: -0.3
13:19:23.931101 ATT: [-21.3, 0.8, 17]
13:19:23.932012 ACC: [-7, -187, 479]
[1499, 1500, 988, 1500, 988, 988, 988, 988, 1001, 1001, 1001, 1001, 1500, 1500, 1500, 1500] | 13:19:23.936225
[1499, 1500, 988, 1500, 988, 988, 988, 988, 1001, 1001, 1001, 1001, 1500, 1500, 1500, 1500] | 13:19:23.938006
[1500, 1500, 988, 1500, 988, 988, 988, 988, 1001, 1001, 1001, 1001, 1500, 1500, 1500, 1500] | 13:19:23.938871
[1500, 1500, 988, 1500, 988, 988, 988, 988, 1001, 1001, 1001, 1001, 1500, 1500, 1500, 1500] | 13:19:23.939806
[1500, 1500, 988, 1500, 988, 988, 988, 988, 1001, 1001, 1001, 1001, 1500, 1500, 1500, 1500] | 13:19:23.942326
[1500, 1500, 988, 1500, 988, 988, 988, 988, 1001, 1001, 1001, 1001, 1500, 1500, 1500, 1500] | 13:19:23.951710
[1500, 1500, 988, 1500, 988, 988, 988, 988, 1001, 1001, 1001, 1001, 1500, 1500, 1500, 1500] | 13:19:23.955822
[1500, 1500, 988, 1500, 988, 988, 988, 988, 1001, 1001, 1001, 1001, 1500, 1500, 1500, 1500] | 13:19:23.962757
[1499, 1500, 988, 1500, 988, 988, 988, 988, 1001, 1001, 1001, 1001, 1500, 1500, 1500, 1500] | 13:19:23.968974
[1499, 1500, 988, 1500, 988, 988, 988, 988, 1001, 1001, 1001, 1001, 1500, 1500, 1500, 1500] | 13:19:23.976277
[1499, 1500, 988, 1500, 988, 988, 988, 988, 1001, 1001, 1001, 1001, 1500, 1500, 1500, 1500] | 13:19:23.982592
13:19:23.986233 ALT: -0.3
13:19:23.986371 ATT: [-21.2, 0.8, 17]
13:19:23.986807 ACC: [-7, -186, 480]
[1500, 1500, 988, 1500, 988, 988, 988, 988, 1001, 1001, 1001, 1001, 1500, 1500, 1500, 1500] | 13:19:23.991852
[1500, 1500, 988, 1500, 988, 988, 988, 988, 1001, 1001, 1001, 1001, 1500, 1500, 1500, 1500] | 13:19:23.997811
[1500, 1500, 988, 1500, 988, 988, 988, 988, 1001, 1001, 1001, 1001, 1500, 1500, 1500, 1500] | 13:19:24.002697
[1500, 1500, 988, 1500, 988, 988, 988, 988, 1001, 1001, 1001, 1001, 1500, 1500, 1500, 1500] | 13:19:24.008475
[1500, 1499, 988, 1500, 988, 988, 988, 988, 1001, 1001, 1001, 1001, 1500, 1500, 1500, 1500] | 13:19:24.015440
[1500, 1499, 988, 1500, 988, 988, 988, 988, 1001, 1001, 1001, 1001, 1500, 1500, 1500, 1500] | 13:19:24.021817
[1500, 1499, 988, 1500, 988, 988, 988, 988, 1001, 1001, 1001, 1001, 1500, 1500, 1500, 1500] | 13:19:24.028953
[1500, 1499, 988, 1500, 988, 988, 988, 988, 1001, 1001, 1001, 1001, 1500, 1500, 1500, 1500] | 13:19:24.035259
[1500, 1499, 988, 1500, 988, 988, 988, 988, 1001, 1001, 1001, 1001, 1500, 1500, 1500, 1500] | 13:19:24.043346
[1500, 1499, 988, 1500, 988, 988, 988, 988, 1001, 1001, 1001, 1001, 1500, 1500, 1500, 1500] | 13:19:24.049092
[1500, 1500, 988, 1500, 986, 988, 988, 988, 1001, 1001, 1001, 1001, 1500, 1500, 1500, 1500] | 13:19:24.055809
13:19:24.056533 ALT: -0.3
13:19:24.056632 ATT: [-21.2, 0.8, 17]
13:19:24.056957 ACC: [-7, -186, 480]
[1500, 1500, 988, 1500, 986, 988, 988, 988, 1001, 1001, 1001, 1001, 1500, 1500, 1500, 1500] | 13:19:24.063406
[1500, 1500, 988, 1500, 986, 988, 988, 988, 1001, 1001, 1001, 1001, 1500, 1500, 1500, 1500] | 13:19:24.077116
[1500, 1500, 988, 1499, 988, 988, 988, 988, 1001, 1001, 1001, 1001, 1500, 1500, 1500, 1500] | 13:19:24.078042
[1500, 1500, 988, 1499, 988, 988, 988, 988, 1001, 1001, 1001, 1001, 1500, 1500, 1500, 1500] | 13:19:24.081900
[1500, 1500, 988, 1499, 988, 988, 988, 988, 1001, 1001, 1001, 1001, 1500, 1500, 1500, 1500] | 13:19:24.090276
[1500, 1500, 988, 1500, 988, 988, 988, 988, 1001, 1001, 1001, 1001, 1500, 1500, 1500, 1500] | 13:19:24.095149
[1500, 1500, 988, 1500, 988, 988, 988, 988, 1001, 1001, 1001, 1001, 1500, 1500, 1500, 1500] | 13:19:24.102402
13:19:24.103732 ALT: -0.3
13:19:24.103831 ATT: [-21.2, 0.8, 17]
13:19:24.104109 ACC: [-8, -186, 480]
[1499, 1500, 988, 1500, 988, 988, 988, 988, 1001, 1001, 1001, 1001, 1500, 1500, 1500, 1500] | 13:19:24.110023
[1499, 1500, 988, 1500, 988, 988, 988, 988, 1001, 1001, 1001, 1001, 1500, 1500, 1500, 1500] | 13:19:24.115112
[1499, 1500, 988, 1500, 988, 988, 988, 988, 1001, 1001, 1001, 1001, 1500, 1500, 1500, 1500] | 13:19:24.123863
[1500, 1500, 988, 1500, 988, 988, 988, 988, 1001, 1001, 1001, 1001, 1500, 1500, 1500, 1500] | 13:19:24.129131
[1500, 1500, 988, 1500, 988, 988, 988, 988, 1001, 1001, 1001, 1001, 1500, 1500, 1500, 1500] | 13:19:24.136977
[1500, 1500, 988, 1500, 988, 988, 988, 988, 1001, 1001, 1001, 1001, 1500, 1500, 1500, 1500] | 13:19:24.142801
[1500, 1500, 988, 1500, 988, 988, 988, 988, 1001, 1001, 1001, 1001, 1500, 1500, 1500, 1500] | 13:19:24.148340
13:19:24.152084 ALT: -0.3
13:19:24.152293 ATT: [-21.2, 0.8, 17]
13:19:24.152883 ACC: [-8, -186, 479]
[1500, 1500, 988, 1500, 988, 988, 988, 988, 1001, 1001, 1001, 1001, 1500, 1500, 1500, 1500] | 13:19:24.155428
[1500, 1500, 988, 1500, 988, 988, 988, 988, 1001, 1001, 1001, 1001, 1500, 1500, 1500, 1500] | 13:19:24.162279
[1500, 1500, 988, 1500, 988, 988, 988, 988, 1001, 1001, 1001, 1001, 1500, 1500, 1500, 1500] | 13:19:24.168854
[1500, 1500, 988, 1500, 988, 988, 988, 988, 1001, 1001, 1001, 1001, 1500, 1500, 1500, 1500] | 13:19:24.176025
[1500, 1500, 988, 1500, 988, 988, 988, 988, 1001, 1001, 1001, 1001, 1500, 1500, 1500, 1500] | 13:19:24.181747
[1500, 1500, 988, 1500, 988, 988, 988, 988, 1001, 1001, 1001, 1001, 1500, 1500, 1500, 1500] | 13:19:24.188451
[1500, 1500, 988, 1500, 988, 988, 988, 988, 1001, 1001, 1001, 1001, 1500, 1500, 1500, 1500] | 13:19:24.195513
[1500, 1500, 988, 1500, 988, 988, 988, 988, 1001, 1001, 1001, 1001, 1500, 1500, 1500, 1500] | 13:19:24.201951
13:19:24.202651 ALT: -0.3
13:19:24.202735 ATT: [-21.2, 0.8, 16]
13:19:24.203077 ACC: [-8, -186, 480]
[1499, 1500, 988, 1500, 988, 988, 988, 988, 1001, 1001, 1001, 1001, 1500, 1500, 1500, 1500] | 13:19:24.208871
[1499, 1500, 988, 1500, 988, 988, 988, 988, 1001, 1001, 1001, 1001, 1500, 1500, 1500, 1500] | 13:19:24.215811
[1499, 1500, 988, 1500, 988, 988, 988, 988, 1001, 1001, 1001, 1001, 1500, 1500, 1500, 1500] | 13:19:24.221778
[1500, 1500, 988, 1500, 988, 988, 988, 988, 1001, 1001, 1001, 1001, 1500, 1500, 1500, 1500] | 13:19:24.236226
[1500, 1500, 988, 1500, 988, 988, 988, 988, 1001, 1001, 1001, 1001, 1500, 1500, 1500, 1500] | 13:19:24.237158
[1500, 1500, 988, 1500, 988, 988, 988, 988, 1001, 1001, 1001, 1001, 1500, 1500, 1500, 1500] | 13:19:24.245155
[1499, 1500, 988, 1500, 988, 988, 988, 988, 1001, 1001, 1001, 1001, 1500, 1500, 1500, 1500] | 13:19:24.248446
[1499, 1500, 988, 1499, 988, 988, 988, 988, 1001, 1001, 1001, 1001, 1500, 1500, 1500, 1500] | 13:19:24.258724
[1499, 1500, 988, 1499, 988, 988, 988, 988, 1001, 1001, 1001, 1001, 1500, 1500, 1500, 1500] | 13:19:24.262482
13:19:24.265864 ALT: -0.3
13:19:24.265974 ATT: [-21.2, 0.8, 16]
13:19:24.266812 ACC: [-7, -186, 480]
[1499, 1500, 988, 1499, 988, 988, 988, 988, 1001, 1001, 1001, 1001, 1500, 1500, 1500, 1500] | 13:19:24.268495
[1499, 1500, 988, 1500, 988, 988, 988, 988, 1001, 1001, 1001, 1001, 1500, 1500, 1500, 1500] | 13:19:24.275055
[1499, 1500, 988, 1500, 988, 988, 988, 988, 1001, 1001, 1001, 1001, 1500, 1500, 1500, 1500] | 13:19:24.281826
[1500, 1500, 988, 1500, 988, 988, 988, 988, 1001, 1001, 1001, 1001, 1500, 1500, 1500, 1500] | 13:19:24.293820
[1500, 1499, 988, 1500, 988, 988, 988, 988, 1001, 1001, 1001, 1001, 1500, 1500, 1500, 1500] | 13:19:24.295110
[1500, 1499, 988, 1500, 988, 988, 988, 988, 1001, 1001, 1001, 1001, 1500, 1500, 1500, 1500] | 13:19:24.302182
[1500, 1499, 988, 1500, 988, 988, 988, 988, 1001, 1001, 1001, 1001, 1500, 1500, 1500, 1500] | 13:19:24.310335
13:19:24.312189 ALT: -0.3
13:19:24.312575 ATT: [-21.2, 0.8, 16]
13:19:24.313059 ACC: [-7, -186, 480]
[1500, 1500, 988, 1500, 988, 988, 988, 988, 1001, 1001, 1001, 1001, 1500, 1500, 1500, 1500] | 13:19:24.315225
[1500, 1500, 988, 1500, 988, 988, 988, 988, 1001, 1001, 1001, 1001, 1500, 1500, 1500, 1500] | 13:19:24.326414
[1500, 1500, 988, 1500, 988, 988, 988, 988, 1001, 1001, 1001, 1001, 1500, 1500, 1500, 1500] | 13:19:24.330291
[1500, 1500, 988, 1499, 988, 988, 988, 988, 1001, 1001, 1001, 1001, 1500, 1500, 1500, 1500] | 13:19:24.342790
[1500, 1500, 988, 1499, 988, 988, 988, 988, 1001, 1001, 1001, 1001, 1500, 1500, 1500, 1500] | 13:19:24.345070
[1500, 1500, 988, 1499, 988, 988, 988, 988, 1001, 1001, 1001, 1001, 1500, 1500, 1500, 1500] | 13:19:24.348509
[1500, 1500, 988, 1500, 988, 988, 988, 988, 1001, 1001, 1001, 1001, 1500, 1500, 1500, 1500] | 13:19:24.358230
13:19:24.359819 ALT: -0.3
13:19:24.359944 ATT: [-21.2, 0.8, 16]
13:19:24.360634 ACC: [-8, -187, 480]
[1500, 1500, 988, 1500, 988, 988, 988, 988, 1001, 1001, 1001, 1001, 1500, 1500, 1500, 1500] | 13:19:24.362593
[1500, 1500, 988, 1500, 988, 988, 988, 988, 1001, 1001, 1001, 1001, 1500, 1500, 1500, 1500] | 13:19:24.375404
[1500, 1500, 988, 1500, 988, 988, 988, 988, 1001, 1001, 1001, 1001, 1500, 1500, 1500, 1500] | 13:19:24.376617
[1500, 1500, 988, 1500, 988, 988, 988, 988, 1001, 1001, 1001, 1001, 1500, 1500, 1500, 1500] | 13:19:24.382008
[1500, 1500, 988, 1500, 988, 988, 988, 988, 1001, 1001, 1001, 1001, 1500, 1500, 1500, 1500] | 13:19:24.388558
[1500, 1500, 988, 1500, 988, 988, 988, 988, 1001, 1001, 1001, 1001, 1500, 1500, 1500, 1500] | 13:19:24.395393
[1500, 1500, 988, 1500, 988, 988, 988, 988, 1001, 1001, 1001, 1001, 1500, 1500, 1500, 1500] | 13:19:24.402381
[1500, 1500, 988, 1500, 988, 988, 988, 988, 1001, 1001, 1001, 1001, 1500, 1500, 1500, 1500] | 13:19:24.408790
[1500, 1500, 988, 1500, 988, 988, 988, 988, 1001, 1001, 1001, 1001, 1500, 1500, 1500, 1500] | 13:19:24.414999
[1500, 1500, 988, 1500, 988, 988, 988, 988, 1001, 1001, 1001, 1001, 1500, 1500, 1500, 1500] | 13:19:24.421877
13:19:24.423779 ALT: -0.3
13:19:24.423888 ATT: [-21.2, 0.8, 16]
13:19:24.424235 ACC: [-8, -186, 479]
[1500, 1500, 988, 1500, 988, 988, 988, 988, 1001, 1001, 1001, 1001, 1500, 1500, 1500, 1500] | 13:19:24.428750
[1500, 1500, 988, 1500, 988, 989, 986, 988, 1001, 1001, 1001, 1001, 1500, 1500, 1500, 1500] | 13:19:24.435751
[1500, 1500, 988, 1500, 988, 989, 986, 988, 1001, 1001, 1001, 1001, 1500, 1500, 1500, 1500] | 13:19:24.441971
[1500, 1500, 988, 1500, 988, 989, 986, 988, 1001, 1001, 1001, 1001, 1500, 1500, 1500, 1500] | 13:19:24.449872
[1500, 1500, 986, 1500, 988, 988, 988, 988, 1001, 1001, 1001, 1001, 1500, 1500, 1500, 1500] | 13:19:24.455100
[1500, 1500, 986, 1500, 988, 988, 988, 988, 1001, 1001, 1001, 1001, 1500, 1500, 1500, 1500] | 13:19:24.462550
[1499, 1500, 986, 1500, 988, 988, 988, 988, 1001, 1001, 1001, 1001, 1500, 1500, 1500, 1500] | 13:19:24.468731
[1499, 1500, 988, 1500, 988, 988, 988, 988, 1001, 1001, 1001, 1001, 1500, 1500, 1500, 1500] | 13:19:24.475842
13:19:24.476678 ALT: -0.3
13:19:24.476763 ATT: [-21.2, 0.8, 16]
13:19:24.477028 ACC: [-8, -187, 480]
[1499, 1500, 988, 1500, 988, 988, 988, 988, 1001, 1001, 1001, 1001, 1500, 1500, 1500, 1500] | 13:19:24.481920
[1499, 1500, 988, 1500, 988, 988, 988, 988, 1001, 1001, 1001, 1001, 1500, 1500, 1500, 1500] | 13:19:24.491871
[1499, 1500, 988, 1500, 988, 988, 988, 988, 1001, 1001, 1001, 1001, 1500, 1500, 1500, 1500] | 13:19:24.495893
[1499, 1500, 988, 1500, 988, 988, 988, 988, 1001, 1001, 1001, 1001, 1500, 1500, 1500, 1500] | 13:19:24.502142
[1500, 1500, 988, 1500, 988, 988, 988, 988, 1001, 1001, 1001, 1001, 1500, 1500, 1500, 1500] | 13:19:24.510071
[1500, 1499, 988, 1499, 988, 988, 988, 988, 1001, 1001, 1001, 1001, 1500, 1500, 1500, 1500] | 13:19:24.515473
13:19:24.519805 ALT: -0.3
13:19:24.519905 ATT: [-21.2, 0.8, 15]
13:19:24.520400 ACC: [-7, -186, 480]
[1500, 1499, 988, 1499, 988, 988, 988, 988, 1001, 1001, 1001, 1001, 1500, 1500, 1500, 1500] | 13:19:24.521892
[1500, 1499, 988, 1499, 988, 988, 988, 988, 1001, 1001, 1001, 1001, 1500, 1500, 1500, 1500] | 13:19:24.528880
[1500, 1500, 988, 1499, 988, 988, 988, 988, 1001, 1001, 1001, 1001, 1500, 1500, 1500, 1500] | 13:19:24.536728
[1500, 1500, 988, 1499, 988, 988, 988, 988, 1001, 1001, 1001, 1001, 1500, 1500, 1500, 1500] | 13:19:24.541821
[1499, 1500, 988, 1499, 988, 988, 988, 988, 1001, 1001, 1001, 1001, 1500, 1500, 1500, 1500] | 13:19:24.548544
[1499, 1500, 988, 1500, 988, 988, 988, 988, 1001, 1001, 1001, 1001, 1500, 1500, 1500, 1500] | 13:19:24.558258
[1499, 1500, 988, 1500, 988, 988, 988, 988, 1001, 1001, 1001, 1001, 1500, 1500, 1500, 1500] | 13:19:24.563066
13:19:24.572010 ALT: -0.3
13:19:24.572127 ATT: [-21.2, 0.8, 15]
13:19:24.572563 ACC: [-7, -186, 480]
[1500, 1500, 988, 1500, 988, 988, 988, 988, 1001, 1001, 1001, 1001, 1500, 1500, 1500, 1500] | 13:19:24.577383
[1500, 1500, 988, 1500, 988, 988, 988, 988, 1001, 1001, 1001, 1001, 1500, 1500, 1500, 1500] | 13:19:24.578096
[1500, 1500, 988, 1500, 988, 988, 988, 988, 1001, 1001, 1001, 1001, 1500, 1500, 1500, 1500] | 13:19:24.583131
[1500, 1500, 988, 1500, 988, 988, 988, 988, 1001, 1001, 1001, 1001, 1500, 1500, 1500, 1500] | 13:19:24.588718
[1500, 1500, 988, 1500, 988, 988, 988, 988, 1001, 1001, 1001, 1001, 1500, 1500, 1500, 1500] | 13:19:24.595749
[1500, 1500, 988, 1500, 988, 988, 988, 988, 1001, 1001, 1001, 1001, 1500, 1500, 1500, 1500] | 13:19:24.603459
[1500, 1500, 988, 1500, 988, 988, 988, 988, 1001, 1001, 1001, 1001, 1500, 1500, 1500, 1500] | 13:19:24.608831
[1500, 1500, 988, 1500, 988, 988, 988, 988, 1001, 1001, 1001, 1001, 1500, 1500, 1500, 1500] | 13:19:24.616327
13:19:24.617498 ALT: -0.3
13:19:24.617606 ATT: [-21.2, 0.8, 15]
13:19:24.617886 ACC: [-7, -187, 480]
[1500, 1500, 988, 1500, 988, 988, 988, 988, 1001, 1001, 1001, 1001, 1500, 1500, 1500, 1500] | 13:19:24.622773
[1500, 1500, 988, 1500, 988, 988, 988, 988, 1001, 1001, 1001, 1001, 1500, 1500, 1500, 1500] | 13:19:24.629164
[1500, 1500, 988, 1500, 988, 988, 988, 988, 1001, 1001, 1001, 1001, 1500, 1500, 1500, 1500] | 13:19:24.635253
[1500, 1500, 988, 1500, 988, 988, 988, 988, 1001, 1001, 1001, 1001, 1500, 1500, 1500, 1500] | 13:19:24.645543
[1500, 1500, 988, 1500, 988, 988, 988, 988, 1001, 1001, 1001, 1001, 1500, 1500, 1500, 1500] | 13:19:24.650587
[1500, 1499, 988, 1500, 988, 988, 988, 988, 1001, 1001, 1001, 1001, 1500, 1500, 1500, 1500] | 13:19:24.657112
[1500, 1499, 988, 1500, 988, 988, 988, 988, 1001, 1001, 1001, 1001, 1500, 1500, 1500, 1500] | 13:19:24.662039
13:19:24.664174 ALT: -0.3
13:19:24.664476 ATT: [-21.3, 0.8, 15]
13:19:24.665429 ACC: [-7, -187, 480]
[1500, 1499, 988, 1500, 988, 988, 988, 988, 1001, 1001, 1001, 1001, 1500, 1500, 1500, 1500] | 13:19:24.671954
[1500, 1500, 988, 1500, 988, 988, 988, 988, 1001, 1001, 1001, 1001, 1500, 1500, 1500, 1500] | 13:19:24.675540
[1500, 1500, 988, 1500, 988, 988, 988, 988, 1001, 1001, 1001, 1001, 1500, 1500, 1500, 1500] | 13:19:24.682203
[1500, 1500, 988, 1500, 988, 988, 988, 988, 1001, 1001, 1001, 1001, 1500, 1500, 1500, 1500] | 13:19:24.692415
[1500, 1500, 988, 1500, 988, 988, 988, 988, 1001, 1001, 1001, 1001, 1500, 1500, 1500, 1500] | 13:19:24.696941
[1500, 1500, 988, 1500, 988, 988, 988, 988, 1001, 1001, 1001, 1001, 1500, 1500, 1500, 1500] | 13:19:24.702157
[1500, 1500, 988, 1500, 988, 988, 988, 988, 1001, 1001, 1001, 1001, 1500, 1500, 1500, 1500] | 13:19:24.711950
13:19:24.713320 ALT: -0.3
13:19:24.713509 ATT: [-21.3, 0.8, 15]
13:19:24.714766 ACC: [-8, -186, 480]
[1500, 1500, 988, 1500, 988, 988, 988, 988, 1001, 1001, 1001, 1001, 1500, 1500, 1500, 1500] | 13:19:24.728430
[1500, 1500, 988, 1500, 988, 988, 988, 988, 1001, 1001, 1001, 1001, 1500, 1500, 1500, 1500] | 13:19:24.730446
[1500, 1500, 988, 1500, 988, 988, 988, 988, 1001, 1001, 1001, 1001, 1500, 1500, 1500, 1500] | 13:19:24.731399
[1500, 1499, 988, 1500, 988, 988, 988, 988, 1001, 1001, 1001, 1001, 1500, 1500, 1500, 1500] | 13:19:24.740545
[1500, 1499, 988, 1500, 988, 988, 988, 988, 1001, 1001, 1001, 1001, 1500, 1500, 1500, 1500] | 13:19:24.742613
[1500, 1499, 988, 1500, 988, 988, 988, 988, 1001, 1001, 1001, 1001, 1500, 1500, 1500, 1500] | 13:19:24.749297
[1500, 1500, 988, 1500, 988, 988, 988, 988, 1001, 1001, 1001, 1001, 1500, 1500, 1500, 1500] | 13:19:24.758259
[1500, 1500, 988, 1500, 988, 988, 988, 988, 1001, 1001, 1001, 1001, 1500, 1500, 1500, 1500] | 13:19:24.762898
[1500, 1500, 988, 1500, 988, 988, 988, 988, 1001, 1001, 1001, 1001, 1500, 1500, 1500, 1500] | 13:19:24.768488
[1500, 1499, 988, 1500, 988, 988, 988, 988, 1001, 1001, 1001, 1001, 1500, 1500, 1500, 1500] | 13:19:24.775995
13:19:24.779592 ALT: -0.3
13:19:24.779732 ATT: [-21.2, 0.8, 15]
13:19:24.780398 ACC: [-8, -186, 480]
[1500, 1499, 988, 1500, 988, 988, 988, 988, 1001, 1001, 1001, 1001, 1500, 1500, 1500, 1500] | 13:19:24.783411
[1499, 1499, 988, 1500, 988, 988, 988, 988, 1001, 1001, 1001, 1001, 1500, 1500, 1500, 1500] | 13:19:24.789660
[1499, 1500, 988, 1500, 988, 988, 988, 988, 1001, 1001, 1001, 1001, 1500, 1500, 1500, 1500] | 13:19:24.797076
[1499, 1500, 988, 1500, 988, 988, 988, 988, 1001, 1001, 1001, 1001, 1500, 1500, 1500, 1500] | 13:19:24.802147
[1499, 1500, 988, 1500, 988, 988, 988, 988, 1001, 1001, 1001, 1001, 1500, 1500, 1500, 1500] | 13:19:24.809086
[1499, 1500, 988, 1500, 988, 988, 988, 988, 1001, 1001, 1001, 1001, 1500, 1500, 1500, 1500] | 13:19:24.815684
[1499, 1500, 988, 1500, 988, 988, 988, 988, 1001, 1001, 1001, 1001, 1500, 1500, 1500, 1500] | 13:19:24.822535
13:19:24.823797 ALT: -0.3
13:19:24.823875 ATT: [-21.2, 0.8, 14]
13:19:24.824171 ACC: [-7, -186, 480]
[1500, 1500, 988, 1500, 988, 988, 988, 988, 1001, 1001, 1001, 1001, 1500, 1500, 1500, 1500] | 13:19:24.828835
[1500, 1499, 988, 1499, 988, 988, 988, 988, 1001, 1001, 1001, 1001, 1500, 1500, 1500, 1500] | 13:19:24.835366
[1500, 1499, 988, 1499, 988, 988, 988, 988, 1001, 1001, 1001, 1001, 1500, 1500, 1500, 1500] | 13:19:24.841818
[1500, 1499, 988, 1499, 988, 988, 988, 988, 1001, 1001, 1001, 1001, 1500, 1500, 1500, 1500] | 13:19:24.848560
[1500, 1499, 988, 1499, 988, 988, 988, 988, 1001, 1001, 1001, 1001, 1500, 1500, 1500, 1500] | 13:19:24.855193
[1500, 1499, 988, 1499, 988, 988, 988, 988, 1001, 1001, 1001, 1001, 1500, 1500, 1500, 1500] | 13:19:24.862003
[1500, 1499, 988, 1499, 988, 988, 988, 988, 1001, 1001, 1001, 1001, 1500, 1500, 1500, 1500] | 13:19:24.871166
13:19:24.873771 ALT: -0.3
13:19:24.873879 ATT: [-21.2, 0.8, 14]
13:19:24.874250 ACC: [-7, -186, 480]
[1500, 1500, 988, 1499, 988, 988, 988, 988, 1001, 1001, 1001, 1001, 1500, 1500, 1500, 1500] | 13:19:24.875649
[1500, 1500, 988, 1499, 988, 988, 988, 988, 1001, 1001, 1001, 1001, 1500, 1500, 1500, 1500] | 13:19:24.882109
[1500, 1500, 988, 1499, 988, 988, 988, 988, 1001, 1001, 1001, 1001, 1500, 1500, 1500, 1500] | 13:19:24.888573
[1500, 1500, 988, 1500, 988, 988, 988, 988, 1001, 1001, 1001, 1001, 1500, 1500, 1500, 1500] | 13:19:24.895511
[1500, 1500, 988, 1500, 988, 988, 988, 988, 1001, 1001, 1001, 1001, 1500, 1500, 1500, 1500] | 13:19:24.902699
[1500, 1500, 988, 1500, 988, 988, 988, 988, 1001, 1001, 1001, 1001, 1500, 1500, 1500, 1500] | 13:19:24.908655
[1500, 1500, 988, 1500, 991, 985, 988, 988, 1001, 1001, 1001, 1001, 1500, 1500, 1500, 1500] | 13:19:24.915269
13:19:24.919983 ALT: -0.3
13:19:24.920140 ATT: [-21.2, 0.8, 14]
13:19:24.920569 ACC: [-7, -186, 480]
[1500, 1500, 988, 1500, 991, 985, 988, 988, 1001, 1001, 1001, 1001, 1500, 1500, 1500, 1500] | 13:19:24.921940
[1500, 1500, 988, 1500, 991, 985, 988, 988, 1001, 1001, 1001, 1001, 1500, 1500, 1500, 1500] | 13:19:24.929047
[1500, 1500, 988, 1500, 988, 988, 988, 988, 1001, 1001, 1001, 1001, 1500, 1500, 1500, 1500] | 13:19:24.947831
[1499, 1500, 988, 1500, 988, 988, 988, 988, 1001, 1001, 1001, 1001, 1500, 1500, 1500, 1500] | 13:19:24.948691
[1499, 1500, 988, 1500, 988, 988, 988, 988, 1001, 1001, 1001, 1001, 1500, 1500, 1500, 1500] | 13:19:24.955568
[1499, 1500, 988, 1500, 988, 988, 988, 988, 1001, 1001, 1001, 1001, 1500, 1500, 1500, 1500] | 13:19:24.962407
13:19:24.968110 ALT: -0.3
13:19:24.968265 ATT: [-21.2, 0.8, 14]
13:19:24.968669 ACC: [-8, -186, 480]
[1500, 1500, 988, 1500, 988, 988, 988, 988, 1001, 1001, 1001, 1001, 1500, 1500, 1500, 1500] | 13:19:24.974855
[1500, 1500, 988, 1500, 988, 988, 988, 988, 1001, 1001, 1001, 1001, 1500, 1500, 1500, 1500] | 13:19:24.980753
[1500, 1500, 988, 1500, 988, 988, 988, 988, 1001, 1001, 1001, 1001, 1500, 1500, 1500, 1500] | 13:19:24.982189
[1500, 1500, 988, 1500, 988, 988, 988, 988, 1001, 1001, 1001, 1001, 1500, 1500, 1500, 1500] | 13:19:24.990446
[1500, 1499, 988, 1500, 988, 988, 988, 988, 1001, 1001, 1001, 1001, 1500, 1500, 1500, 1500] | 13:19:24.995727
[1500, 1499, 988, 1500, 988, 988, 988, 988, 1001, 1001, 1001, 1001, 1500, 1500, 1500, 1500] | 13:19:25.002182
[1500, 1499, 988, 1500, 988, 988, 988, 988, 1001, 1001, 1001, 1001, 1500, 1500, 1500, 1500] | 13:19:25.008456
[1500, 1500, 988, 1500, 988, 989, 986, 988, 1001, 1001, 1001, 1001, 1500, 1500, 1500, 1500] | 13:19:25.015578
13:19:25.016277 ALT: -0.3
13:19:25.016417 ATT: [-21.2, 0.8, 14]
13:19:25.016831 ACC: [-7, -186, 480]
[1500, 1500, 988, 1500, 988, 989, 986, 988, 1001, 1001, 1001, 1001, 1500, 1500, 1500, 1500] | 13:19:25.022920
[1500, 1500, 988, 1500, 988, 989, 986, 988, 1001, 1001, 1001, 1001, 1500, 1500, 1500, 1500] | 13:19:25.028595
[1500, 1499, 988, 1500, 988, 988, 988, 988, 1001, 1001, 1001, 1001, 1500, 1500, 1500, 1500] | 13:19:25.035597
[1500, 1499, 988, 1500, 988, 988, 988, 988, 1001, 1001, 1001, 1001, 1500, 1500, 1500, 1500] | 13:19:25.047372
[1500, 1499, 988, 1500, 988, 988, 988, 988, 1001, 1001, 1001, 1001, 1500, 1500, 1500, 1500] | 13:19:25.048869
[1500, 1500, 988, 1500, 988, 988, 988, 988, 1001, 1001, 1001, 1001, 1500, 1500, 1500, 1500] | 13:19:25.055131
[1500, 1500, 988, 1500, 988, 988, 988, 988, 1001, 1001, 1001, 1001, 1500, 1500, 1500, 1500] | 13:19:25.063744
13:19:25.065933 ALT: -0.3
13:19:25.066027 ATT: [-21.2, 0.8, 14]
13:19:25.066313 ACC: [-7, -186, 479]
[1499, 1500, 988, 1500, 988, 988, 988, 988, 1001, 1001, 1001, 1001, 1500, 1500, 1500, 1500] | 13:19:25.069033
[1499, 1500, 988, 1500, 988, 988, 988, 988, 1001, 1001, 1001, 1001, 1500, 1500, 1500, 1500] | 13:19:25.075509
[1499, 1500, 988, 1500, 988, 988, 988, 988, 1001, 1001, 1001, 1001, 1500, 1500, 1500, 1500] | 13:19:25.091818
[1499, 1500, 988, 1500, 988, 988, 988, 988, 1001, 1001, 1001, 1001, 1500, 1500, 1500, 1500] | 13:19:25.095621
[1499, 1500, 988, 1500, 988, 988, 988, 988, 1001, 1001, 1001, 1001, 1500, 1500, 1500, 1500] | 13:19:25.096529
[1499, 1500, 988, 1500, 988, 988, 988, 988, 1001, 1001, 1001, 1001, 1500, 1500, 1500, 1500] | 13:19:25.106768
[1500, 1500, 988, 1500, 988, 988, 988, 988, 1001, 1001, 1001, 1001, 1500, 1500, 1500, 1500] | 13:19:25.108621
13:19:25.111801 ALT: -0.3
13:19:25.111888 ATT: [-21.2, 0.8, 14]
13:19:25.112134 ACC: [-7, -186, 479]
[1500, 1499, 988, 1500, 988, 988, 988, 988, 1001, 1001, 1001, 1001, 1500, 1500, 1500, 1500] | 13:19:25.115102
[1500, 1499, 988, 1500, 988, 988, 988, 988, 1001, 1001, 1001, 1001, 1500, 1500, 1500, 1500] | 13:19:25.121753
[1500, 1499, 988, 1500, 988, 988, 988, 988, 1001, 1001, 1001, 1001, 1500, 1500, 1500, 1500] | 13:19:25.129235
[1500, 1500, 988, 1500, 988, 988, 988, 988, 1001, 1001, 1001, 1001, 1500, 1500, 1500, 1500] | 13:19:25.138886
[1500, 1500, 988, 1500, 988, 988, 988, 988, 1001, 1001, 1001, 1001, 1500, 1500, 1500, 1500] | 13:19:25.142562
[1500, 1500, 988, 1500, 988, 988, 988, 988, 1001, 1001, 1001, 1001, 1500, 1500, 1500, 1500] | 13:19:25.148426
[1500, 1500, 988, 1500, 988, 988, 988, 988, 1001, 1001, 1001, 1001, 1500, 1500, 1500, 1500] | 13:19:25.155298
13:19:25.159975 ALT: -0.3
13:19:25.160093 ATT: [-21.2, 0.8, 14]
13:19:25.160469 ACC: [-8, -186, 479]
[1500, 1500, 988, 1500, 988, 988, 988, 988, 1001, 1001, 1001, 1001, 1500, 1500, 1500, 1500] | 13:19:25.162058
[1500, 1500, 988, 1500, 988, 988, 988, 988, 1001, 1001, 1001, 1001, 1500, 1500, 1500, 1500] | 13:19:25.168666
[1500, 1500, 988, 1500, 988, 988, 988, 988, 1001, 1001, 1001, 1001, 1500, 1500, 1500, 1500] | 13:19:25.175138
[1500, 1500, 988, 1500, 988, 988, 988, 988, 1001, 1001, 1001, 1001, 1500, 1500, 1500, 1500] | 13:19:25.181809
[1500, 1500, 988, 1500, 988, 988, 988, 988, 1001, 1001, 1001, 1001, 1500, 1500, 1500, 1500] | 13:19:25.190250
[1500, 1500, 988, 1500, 988, 988, 988, 988, 1001, 1001, 1001, 1001, 1500, 1500, 1500, 1500] | 13:19:25.195355
[1500, 1500, 988, 1500, 988, 988, 988, 988, 1001, 1001, 1001, 1001, 1500, 1500, 1500, 1500] | 13:19:25.202086
[1500, 1500, 988, 1500, 988, 988, 988, 988, 1001, 1001, 1001, 1001, 1500, 1500, 1500, 1500] | 13:19:25.209216
13:19:25.210088 ALT: -0.3
13:19:25.210699 ATT: [-21.2, 0.8, 13]
13:19:25.212357 ACC: [-7, -187, 479]
[1500, 1499, 988, 1500, 988, 988, 988, 988, 1001, 1001, 1001, 1001, 1500, 1500, 1500, 1500] | 13:19:25.215403
[1500, 1499, 988, 1500, 988, 988, 988, 988, 1001, 1001, 1001, 1001, 1500, 1500, 1500, 1500] | 13:19:25.221905
[1500, 1499, 988, 1500, 988, 988, 988, 988, 1001, 1001, 1001, 1001, 1500, 1500, 1500, 1500] | 13:19:25.228926
[1500, 1500, 988, 1500, 988, 988, 988, 988, 1001, 1001, 1001, 1001, 1500, 1500, 1500, 1500] | 13:19:25.235238
[1500, 1500, 988, 1500, 988, 988, 988, 988, 1001, 1001, 1001, 1001, 1500, 1500, 1500, 1500] | 13:19:25.241921
[1500, 1500, 988, 1500, 988, 988, 988, 988, 1001, 1001, 1001, 1001, 1500, 1500, 1500, 1500] | 13:19:25.248632
[1500, 1500, 988, 1500, 988, 988, 988, 988, 1001, 1001, 1001, 1001, 1500, 1500, 1500, 1500] | 13:19:25.255607
13:19:25.256126 ALT: -0.3
13:19:25.256207 ATT: [-21.2, 0.8, 13]
13:19:25.256489 ACC: [-7, -186, 480]
[1500, 1500, 988, 1500, 988, 988, 988, 988, 1001, 1001, 1001, 1001, 1500, 1500, 1500, 1500] | 13:19:25.262162
[1499, 1500, 988, 1500, 988, 988, 988, 988, 1001, 1001, 1001, 1001, 1500, 1500, 1500, 1500] | 13:19:25.268441
[1499, 1500, 988, 1500, 988, 989, 986, 988, 1001, 1001, 1001, 1001, 1500, 1500, 1500, 1500] | 13:19:25.276076
[1499, 1500, 988, 1500, 988, 989, 986, 988, 1001, 1001, 1001, 1001, 1500, 1500, 1500, 1500] | 13:19:25.282109
[1500, 1500, 988, 1500, 988, 989, 986, 988, 1001, 1001, 1001, 1001, 1500, 1500, 1500, 1500] | 13:19:25.289199
[1500, 1500, 988, 1500, 988, 988, 988, 988, 1001, 1001, 1001, 1001, 1500, 1500, 1500, 1500] | 13:19:25.295873
[1500, 1500, 988, 1500, 988, 988, 988, 988, 1001, 1001, 1001, 1001, 1500, 1500, 1500, 1500] | 13:19:25.302020
13:19:25.304123 ALT: -0.3
13:19:25.304219 ATT: [-21.2, 0.8, 13]
13:19:25.304635 ACC: [-7, -186, 480]
[1500, 1500, 988, 1500, 988, 988, 988, 988, 1001, 1001, 1001, 1001, 1500, 1500, 1500, 1500] | 13:19:25.309285
[1500, 1500, 988, 1500, 988, 988, 988, 988, 1001, 1001, 1001, 1001, 1500, 1500, 1500, 1500] | 13:19:25.315234
[1500, 1500, 988, 1500, 988, 988, 988, 988, 1001, 1001, 1001, 1001, 1500, 1500, 1500, 1500] | 13:19:25.322222
[1500, 1500, 988, 1500, 988, 988, 988, 988, 1001, 1001, 1001, 1001, 1500, 1500, 1500, 1500] | 13:19:25.328810
[1500, 1499, 988, 1500, 988, 988, 988, 988, 1001, 1001, 1001, 1001, 1500, 1500, 1500, 1500] | 13:19:25.335231
[1500, 1499, 988, 1500, 988, 988, 988, 988, 1001, 1001, 1001, 1001, 1500, 1500, 1500, 1500] | 13:19:25.342335
[1499, 1499, 988, 1500, 988, 988, 988, 988, 1001, 1001, 1001, 1001, 1500, 1500, 1500, 1500] | 13:19:25.348521
13:19:25.352188 ALT: -0.3
13:19:25.352291 ATT: [-21.2, 0.8, 13]
13:19:25.352700 ACC: [-7, -186, 480]
[1499, 1500, 988, 1500, 988, 988, 988, 988, 1001, 1001, 1001, 1001, 1500, 1500, 1500, 1500] | 13:19:25.355293
[1499, 1500, 988, 1500, 988, 988, 988, 988, 1001, 1001, 1001, 1001, 1500, 1500, 1500, 1500] | 13:19:25.362354
[1500, 1500, 988, 1500, 988, 988, 988, 988, 1001, 1001, 1001, 1001, 1500, 1500, 1500, 1500] | 13:19:25.369281
[1500, 1499, 988, 1500, 988, 988, 988, 988, 1001, 1001, 1001, 1001, 1500, 1500, 1500, 1500] | 13:19:25.376213
[1500, 1499, 988, 1500, 988, 988, 988, 988, 1001, 1001, 1001, 1001, 1500, 1500, 1500, 1500] | 13:19:25.382882
[1500, 1499, 988, 1500, 988, 988, 988, 988, 1001, 1001, 1001, 1001, 1500, 1500, 1500, 1500] | 13:19:25.388560
[1500, 1500, 988, 1500, 988, 988, 988, 988, 1001, 1001, 1001, 1001, 1500, 1500, 1500, 1500] | 13:19:25.395313
13:19:25.400857 ALT: -0.3
13:19:25.400974 ATT: [-21.2, 0.8, 13]
13:19:25.401371 ACC: [-8, -187, 480]
[1500, 1500, 988, 1500, 988, 988, 988, 988, 1001, 1001, 1001, 1001, 1500, 1500, 1500, 1500] | 13:19:25.403210
[1500, 1500, 988, 1500, 988, 988, 988, 988, 1001, 1001, 1001, 1001, 1500, 1500, 1500, 1500] | 13:19:25.408889
[1500, 1500, 988, 1500, 988, 988, 988, 988, 1001, 1001, 1001, 1001, 1500, 1500, 1500, 1500] | 13:19:25.415118
[1500, 1500, 988, 1500, 988, 988, 988, 988, 1001, 1001, 1001, 1001, 1500, 1500, 1500, 1500] | 13:19:25.421816
[1500, 1500, 988, 1500, 988, 988, 988, 988, 1001, 1001, 1001, 1001, 1500, 1500, 1500, 1500] | 13:19:25.428611
[1500, 1500, 988, 1500, 988, 988, 989, 988, 1001, 1001, 1001, 1001, 1500, 1500, 1500, 1500] | 13:19:25.435234
[1500, 1500, 988, 1500, 988, 988, 989, 986, 1001, 1001, 1001, 1001, 1500, 1500, 1500, 1500] | 13:19:25.443352
13:19:25.448109 ALT: -0.3
13:19:25.448231 ATT: [-21.2, 0.8, 13]
13:19:25.448687 ACC: [-7, -187, 480]
[1500, 1500, 988, 1500, 988, 988, 989, 986, 1001, 1001, 1001, 1001, 1500, 1500, 1500, 1500] | 13:19:25.449858
[1500, 1500, 988, 1500, 988, 988, 988, 986, 1001, 1001, 1001, 1001, 1500, 1500, 1500, 1500] | 13:19:25.455734
[1500, 1500, 988, 1500, 988, 988, 988, 988, 1001, 1001, 1001, 1001, 1500, 1500, 1500, 1500] | 13:19:25.462151
[1500, 1500, 988, 1500, 988, 988, 988, 988, 1001, 1001, 1001, 1001, 1500, 1500, 1500, 1500] | 13:19:25.468447
[1500, 1500, 988, 1500, 988, 988, 988, 988, 1001, 1001, 1001, 1001, 1500, 1500, 1500, 1500] | 13:19:25.475773
[1500, 1500, 988, 1500, 988, 988, 988, 988, 1001, 1001, 1001, 1001, 1500, 1500, 1500, 1500] | 13:19:25.481756
[1500, 1500, 988, 1500, 988, 988, 988, 988, 1001, 1001, 1001, 1001, 1500, 1500, 1500, 1500] | 13:19:25.488504
[1500, 1500, 988, 1500, 988, 988, 988, 988, 1001, 1001, 1001, 1001, 1500, 1500, 1500, 1500] | 13:19:25.495322
13:19:25.495803 ALT: -0.3
13:19:25.495871 ATT: [-21.2, 0.8, 13]
13:19:25.496113 ACC: [-8, -186, 480]
[1500, 1500, 988, 1500, 988, 988, 988, 988, 1001, 1001, 1001, 1001, 1500, 1500, 1500, 1500] | 13:19:25.502569
[1500, 1500, 988, 1500, 988, 988, 988, 988, 1001, 1001, 1001, 1001, 1500, 1500, 1500, 1500] | 13:19:25.508618
[1500, 1500, 988, 1500, 988, 988, 988, 988, 1001, 1001, 1001, 1001, 1500, 1500, 1500, 1500] | 13:19:25.517739
[1500, 1500, 988, 1500, 988, 988, 988, 988, 1001, 1001, 1001, 1001, 1500, 1500, 1500, 1500] | 13:19:25.521832
[1500, 1500, 988, 1500, 988, 988, 988, 988, 1001, 1001, 1001, 1001, 1500, 1500, 1500, 1500] | 13:19:25.533453
[1500, 1500, 988, 1500, 988, 988, 989, 988, 1001, 1001, 1001, 1001, 1500, 1500, 1500, 1500] | 13:19:25.536568
[1500, 1500, 988, 1500, 988, 988, 989, 986, 1001, 1001, 1001, 1001, 1500, 1500, 1500, 1500] | 13:19:25.541804
13:19:25.543996 ALT: -0.3
13:19:25.544108 ATT: [-21.2, 0.8, 12]
13:19:25.544522 ACC: [-7, -186, 479]
[1500, 1500, 988, 1500, 988, 988, 989, 986, 1001, 1001, 1001, 1001, 1500, 1500, 1500, 1500] | 13:19:25.549432
[1500, 1499, 988, 1499, 988, 988, 988, 986, 1001, 1001, 1001, 1001, 1500, 1500, 1500, 1500] | 13:19:25.558645
[1500, 1499, 988, 1499, 988, 988, 988, 988, 1001, 1001, 1001, 1001, 1500, 1500, 1500, 1500] | 13:19:25.563276
[1500, 1499, 988, 1499, 988, 988, 988, 988, 1001, 1001, 1001, 1001, 1500, 1500, 1500, 1500] | 13:19:25.573024
[1500, 1500, 988, 1500, 988, 988, 988, 988, 1001, 1001, 1001, 1001, 1500, 1500, 1500, 1500] | 13:19:25.577409
[1500, 1500, 988, 1500, 988, 988, 988, 988, 1001, 1001, 1001, 1001, 1500, 1500, 1500, 1500] | 13:19:25.581879
[1500, 1500, 988, 1500, 988, 988, 988, 988, 1001, 1001, 1001, 1001, 1500, 1500, 1500, 1500] | 13:19:25.589198
13:19:25.591939 ALT: -0.3
13:19:25.592063 ATT: [-21.2, 0.8, 12]
13:19:25.592390 ACC: [-7, -186, 480]
[1500, 1500, 988, 1500, 988, 988, 988, 988, 1001, 1001, 1001, 1001, 1500, 1500, 1500, 1500] | 13:19:25.595640
[1500, 1500, 988, 1500, 988, 988, 988, 988, 1001, 1001, 1001, 1001, 1500, 1500, 1500, 1500] | 13:19:25.602130
[1500, 1500, 988, 1500, 988, 988, 988, 988, 1001, 1001, 1001, 1001, 1500, 1500, 1500, 1500] | 13:19:25.610723
[1500, 1499, 989, 1499, 988, 988, 988, 988, 1001, 1001, 1001, 1001, 1500, 1500, 1500, 1500] | 13:19:25.615107
[1500, 1499, 989, 1499, 988, 988, 988, 988, 1001, 1001, 1001, 1001, 1500, 1500, 1500, 1500] | 13:19:25.621826
[1499, 1499, 989, 1499, 988, 988, 988, 988, 1001, 1001, 1001, 1001, 1500, 1500, 1500, 1500] | 13:19:25.628621
[1499, 1500, 988, 1500, 988, 988, 988, 988, 1001, 1001, 1001, 1001, 1500, 1500, 1500, 1500] | 13:19:25.635195
13:19:25.639886 ALT: -0.3
13:19:25.639992 ATT: [-21.2, 0.8, 12]
13:19:25.640286 ACC: [-8, -186, 480]
[1499, 1500, 988, 1500, 988, 988, 988, 988, 1001, 1001, 1001, 1001, 1500, 1500, 1500, 1500] | 13:19:25.642001
[1500, 1500, 988, 1500, 988, 988, 988, 988, 1001, 1001, 1001, 1001, 1500, 1500, 1500, 1500] | 13:19:25.648539
[1500, 1500, 988, 1500, 988, 988, 988, 988, 1001, 1001, 1001, 1001, 1500, 1500, 1500, 1500] | 13:19:25.655224
[1500, 1500, 988, 1500, 988, 988, 988, 988, 1001, 1001, 1001, 1001, 1500, 1500, 1500, 1500] | 13:19:25.661952
[1500, 1500, 988, 1500, 988, 988, 988, 988, 1001, 1001, 1001, 1001, 1500, 1500, 1500, 1500] | 13:19:25.668828
[1500, 1500, 988, 1500, 988, 988, 988, 988, 1001, 1001, 1001, 1001, 1500, 1500, 1500, 1500] | 13:19:25.675398
[1500, 1500, 988, 1500, 988, 988, 988, 988, 1001, 1001, 1001, 1001, 1500, 1500, 1500, 1500] | 13:19:25.681927
13:19:25.687877 ALT: -0.3
13:19:25.687974 ATT: [-21.2, 0.8, 12]
13:19:25.688304 ACC: [-7, -186, 480]
[1500, 1500, 988, 1500, 988, 988, 988, 988, 1001, 1001, 1001, 1001, 1500, 1500, 1500, 1500] | 13:19:25.689628
[1500, 1500, 988, 1500, 988, 988, 988, 988, 1001, 1001, 1001, 1001, 1500, 1500, 1500, 1500] | 13:19:25.695135
[1500, 1500, 988, 1500, 988, 988, 988, 988, 1001, 1001, 1001, 1001, 1500, 1500, 1500, 1500] | 13:19:25.702319
[1499, 1500, 988, 1500, 988, 988, 988, 988, 1001, 1001, 1001, 1001, 1500, 1500, 1500, 1500] | 13:19:25.708511
[1499, 1500, 988, 1500, 988, 988, 988, 988, 1001, 1001, 1001, 1001, 1500, 1500, 1500, 1500] | 13:19:25.715238
[1499, 1500, 988, 1500, 988, 988, 988, 988, 1001, 1001, 1001, 1001, 1500, 1500, 1500, 1500] | 13:19:25.721803
[1500, 1500, 988, 1500, 988, 988, 988, 988, 1001, 1001, 1001, 1001, 1500, 1500, 1500, 1500] | 13:19:25.729012
[1500, 1500, 988, 1500, 988, 988, 988, 988, 1001, 1001, 1001, 1001, 1500, 1500, 1500, 1500] | 13:19:25.735157
13:19:25.735953 ALT: -0.3
13:19:25.736019 ATT: [-21.2, 0.8, 12]
13:19:25.736267 ACC: [-7, -187, 480]
[1500, 1500, 988, 1500, 988, 988, 988, 988, 1001, 1001, 1001, 1001, 1500, 1500, 1500, 1500] | 13:19:25.741918
[1500, 1500, 988, 1500, 988, 988, 988, 988, 1001, 1001, 1001, 1001, 1500, 1500, 1500, 1500] | 13:19:25.748464
[1500, 1500, 988, 1500, 988, 988, 988, 988, 1001, 1001, 1001, 1001, 1500, 1500, 1500, 1500] | 13:19:25.755094
[1500, 1500, 988, 1500, 988, 988, 988, 988, 1001, 1001, 1001, 1001, 1500, 1500, 1500, 1500] | 13:19:25.762060
[1500, 1500, 988, 1500, 988, 988, 988, 988, 1001, 1001, 1001, 1001, 1500, 1500, 1500, 1500] | 13:19:25.768679
[1500, 1500, 988, 1500, 988, 988, 988, 988, 1001, 1001, 1001, 1001, 1500, 1500, 1500, 1500] | 13:19:25.775578
[1500, 1500, 988, 1500, 988, 988, 988, 988, 1001, 1001, 1001, 1001, 1500, 1500, 1500, 1500] | 13:19:25.782058
13:19:25.784171 ALT: -0.3
13:19:25.784300 ATT: [-21.2, 0.8, 12]
13:19:25.784686 ACC: [-8, -187, 479]
[1500, 1500, 988, 1500, 988, 988, 988, 988, 1001, 1001, 1001, 1001, 1500, 1500, 1500, 1500] | 13:19:25.788569
[1500, 1500, 988, 1500, 988, 988, 988, 988, 1001, 1001, 1001, 1001, 1500, 1500, 1500, 1500] | 13:19:25.795191
[1500, 1500, 988, 1500, 988, 988, 988, 988, 1001, 1001, 1001, 1001, 1500, 1500, 1500, 1500] | 13:19:25.802147
[1500, 1500, 988, 1500, 988, 988, 988, 988, 1001, 1001, 1001, 1001, 1500, 1500, 1500, 1500] | 13:19:25.808542
[1500, 1500, 988, 1500, 988, 988, 988, 988, 1001, 1001, 1001, 1001, 1500, 1500, 1500, 1500] | 13:19:25.815065
[1500, 1500, 988, 1500, 988, 988, 988, 988, 1001, 1001, 1001, 1001, 1500, 1500, 1500, 1500] | 13:19:25.822862
[1500, 1500, 988, 1500, 988, 988, 988, 988, 1001, 1001, 1001, 1001, 1500, 1500, 1500, 1500] | 13:19:25.828630
13:19:25.831897 ALT: -0.3
13:19:25.832006 ATT: [-21.2, 0.8, 12]
13:19:25.832377 ACC: [-7, -186, 479]
[1500, 1500, 988, 1500, 988, 988, 988, 988, 1001, 1001, 1001, 1001, 1500, 1500, 1500, 1500] | 13:19:25.835222
[1500, 1500, 988, 1500, 988, 988, 988, 988, 1001, 1001, 1001, 1001, 1500, 1500, 1500, 1500] | 13:19:25.842325
[1500, 1500, 988, 1500, 988, 988, 988, 988, 1001, 1001, 1001, 1001, 1500, 1500, 1500, 1500] | 13:19:25.849404
[1500, 1500, 988, 1500, 988, 988, 988, 988, 1001, 1001, 1001, 1001, 1500, 1500, 1500, 1500] | 13:19:25.855090
[1500, 1500, 988, 1500, 988, 988, 988, 988, 1001, 1001, 1001, 1001, 1500, 1500, 1500, 1500] | 13:19:25.861877
[1499, 1500, 988, 1500, 988, 988, 988, 988, 1001, 1001, 1001, 1001, 1500, 1500, 1500, 1500] | 13:19:25.868398
[1499, 1500, 988, 1500, 988, 988, 988, 988, 1001, 1001, 1001, 1001, 1500, 1500, 1500, 1500] | 13:19:25.875654
13:19:25.879945 ALT: -0.3
13:19:25.880033 ATT: [-21.2, 0.8, 12]
13:19:25.880293 ACC: [-7, -186, 480]
[1499, 1500, 988, 1500, 988, 988, 988, 988, 1001, 1001, 1001, 1001, 1500, 1500, 1500, 1500] | 13:19:25.881798
[1499, 1500, 988, 1500, 988, 988, 988, 988, 1001, 1001, 1001, 1001, 1500, 1500, 1500, 1500] | 13:19:25.888382
[1499, 1500, 988, 1500, 988, 988, 988, 988, 1001, 1001, 1001, 1001, 1500, 1500, 1500, 1500] | 13:19:25.895078
[1499, 1500, 988, 1500, 988, 988, 988, 988, 1001, 1001, 1001, 1001, 1500, 1500, 1500, 1500] | 13:19:25.901871
[1500, 1500, 988, 1500, 988, 988, 988, 988, 1001, 1001, 1001, 1001, 1500, 1500, 1500, 1500] | 13:19:25.908444
[1500, 1500, 988, 1500, 988, 988, 988, 988, 1001, 1001, 1001, 1001, 1500, 1500, 1500, 1500] | 13:19:25.915447
[1500, 1500, 988, 1500, 988, 988, 988, 988, 1001, 1001, 1001, 1001, 1500, 1500, 1500, 1500] | 13:19:25.921828
13:19:25.928079 ALT: -0.3
13:19:25.928218 ATT: [-21.2, 0.8, 11]
13:19:25.928746 ACC: [-7, -186, 480]
[1500, 1500, 988, 1500, 988, 988, 988, 988, 1001, 1001, 1001, 1001, 1500, 1500, 1500, 1500] | 13:19:25.930420
[1500, 1500, 988, 1500, 988, 989, 986, 988, 1001, 1001, 1001, 1001, 1500, 1500, 1500, 1500] | 13:19:25.935163
[1500, 1500, 988, 1500, 988, 989, 986, 988, 1001, 1001, 1001, 1001, 1500, 1500, 1500, 1500] | 13:19:25.946284
[1500, 1500, 988, 1500, 988, 989, 986, 988, 1001, 1001, 1001, 1001, 1500, 1500, 1500, 1500] | 13:19:25.948328
[1500, 1500, 988, 1499, 988, 988, 988, 988, 1001, 1001, 1001, 1001, 1500, 1500, 1500, 1500] | 13:19:25.955214
[1500, 1500, 988, 1499, 988, 988, 988, 988, 1001, 1001, 1001, 1001, 1500, 1500, 1500, 1500] | 13:19:25.962019
[1500, 1500, 988, 1499, 988, 988, 988, 988, 1001, 1001, 1001, 1001, 1500, 1500, 1500, 1500] | 13:19:25.968499
[1500, 1500, 988, 1500, 988, 988, 988, 988, 1001, 1001, 1001, 1001, 1500, 1500, 1500, 1500] | 13:19:25.975756
13:19:25.976525 ALT: -0.3
13:19:25.976725 ATT: [-21.2, 0.8, 11]
13:19:25.977066 ACC: [-7, -187, 480]
[1500, 1500, 988, 1500, 988, 988, 988, 988, 1001, 1001, 1001, 1001, 1500, 1500, 1500, 1500] | 13:19:25.981841
[1500, 1500, 988, 1500, 988, 988, 988, 988, 1001, 1001, 1001, 1001, 1500, 1500, 1500, 1500] | 13:19:25.988732
[1500, 1500, 988, 1500, 988, 988, 988, 988, 1001, 1001, 1001, 1001, 1500, 1500, 1500, 1500] | 13:19:25.995015
[1500, 1500, 988, 1500, 988, 988, 988, 988, 1001, 1001, 1001, 1001, 1500, 1500, 1500, 1500] | 13:19:26.001954
[1499, 1500, 988, 1500, 988, 988, 988, 988, 1001, 1001, 1001, 1001, 1500, 1500, 1500, 1500] | 13:19:26.009341
[1499, 1500, 988, 1500, 988, 988, 988, 988, 1001, 1001, 1001, 1001, 1500, 1500, 1500, 1500] | 13:19:26.015047
[1499, 1500, 988, 1500, 988, 988, 988, 988, 1001, 1001, 1001, 1001, 1500, 1500, 1500, 1500] | 13:19:26.021764
13:19:26.023964 ALT: -0.3
13:19:26.024053 ATT: [-21.2, 0.8, 11]
13:19:26.024380 ACC: [-7, -187, 480]
[1500, 1500, 988, 1500, 988, 988, 988, 988, 1001, 1001, 1001, 1001, 1500, 1500, 1500, 1500] | 13:19:26.028839
[1500, 1500, 988, 1500, 988, 988, 988, 988, 1001, 1001, 1001, 1001, 1500, 1500, 1500, 1500] | 13:19:26.035400
[1500, 1500, 988, 1500, 988, 988, 988, 988, 1001, 1001, 1001, 1001, 1500, 1500, 1500, 1500] | 13:19:26.041820
[1500, 1500, 988, 1500, 988, 988, 988, 988, 1001, 1001, 1001, 1001, 1500, 1500, 1500, 1500] | 13:19:26.048393
[1500, 1500, 988, 1499, 988, 988, 988, 988, 1001, 1001, 1001, 1001, 1500, 1500, 1500, 1500] | 13:19:26.055104
[1500, 1500, 988, 1499, 988, 988, 988, 988, 1001, 1001, 1001, 1001, 1500, 1500, 1500, 1500] | 13:19:26.062174
[1500, 1500, 988, 1499, 988, 988, 988, 988, 1001, 1001, 1001, 1001, 1500, 1500, 1500, 1500] | 13:19:26.068766
13:19:26.073042 ALT: -0.26
13:19:26.073149 ATT: [-21.2, 0.8, 11]
13:19:26.073650 ACC: [-7, -186, 480]
[1500, 1500, 988, 1500, 988, 988, 988, 988, 1001, 1001, 1001, 1001, 1500, 1500, 1500, 1500] | 13:19:26.075611
[1500, 1500, 988, 1500, 988, 988, 988, 988, 1001, 1001, 1001, 1001, 1500, 1500, 1500, 1500] | 13:19:26.081893
[1500, 1500, 988, 1500, 988, 988, 988, 988, 1001, 1001, 1001, 1001, 1500, 1500, 1500, 1500] | 13:19:26.090011
[1500, 1500, 988, 1499, 988, 988, 988, 988, 1001, 1001, 1001, 1001, 1500, 1500, 1500, 1500] | 13:19:26.095070
[1500, 1500, 988, 1499, 988, 988, 988, 988, 1001, 1001, 1001, 1001, 1500, 1500, 1500, 1500] | 13:19:26.101847
[1500, 1500, 988, 1499, 988, 988, 988, 988, 1001, 1001, 1001, 1001, 1500, 1500, 1500, 1500] | 13:19:26.108584
[1500, 1500, 988, 1500, 988, 988, 988, 988, 1001, 1001, 1001, 1001, 1500, 1500, 1500, 1500] | 13:19:26.115022
13:19:26.120438 ALT: -0.24
13:19:26.120616 ATT: [-21.2, 0.8, 11]
13:19:26.121184 ACC: [-7, -187, 480]
[1500, 1500, 988, 1500, 988, 988, 988, 988, 1001, 1001, 1001, 1001, 1500, 1500, 1500, 1500] | 13:19:26.122056
[1500, 1500, 988, 1500, 988, 988, 988, 988, 1001, 1001, 1001, 1001, 1500, 1500, 1500, 1500] | 13:19:26.129912
[1500, 1500, 988, 1500, 988, 988, 988, 988, 1001, 1001, 1001, 1001, 1500, 1500, 1500, 1500] | 13:19:26.135268
[1500, 1500, 988, 1500, 988, 988, 988, 988, 1001, 1001, 1001, 1001, 1500, 1500, 1500, 1500] | 13:19:26.141823
[1500, 1500, 988, 1500, 988, 988, 988, 988, 1001, 1001, 1001, 1001, 1500, 1500, 1500, 1500] | 13:19:26.148953
[1500, 1499, 988, 1500, 988, 988, 988, 988, 1001, 1001, 1001, 1001, 1500, 1500, 1500, 1500] | 13:19:26.155625
[1500, 1499, 988, 1500, 988, 988, 988, 988, 1001, 1001, 1001, 1001, 1500, 1500, 1500, 1500] | 13:19:26.161891
13:19:26.168197 ALT: -0.22
13:19:26.168316 ATT: [-21.2, 0.8, 11]
13:19:26.172756 ACC: [-7, -186, 480]
[1499, 1499, 988, 1500, 988, 988, 988, 988, 1001, 1001, 1001, 1001, 1500, 1500, 1500, 1500] | 13:19:26.173354
[1499, 1500, 988, 1500, 988, 988, 988, 988, 1001, 1001, 1001, 1001, 1500, 1500, 1500, 1500] | 13:19:26.175636
[1499, 1500, 988, 1500, 988, 988, 988, 988, 1001, 1001, 1001, 1001, 1500, 1500, 1500, 1500] | 13:19:26.181754
[1500, 1500, 988, 1500, 988, 988, 988, 988, 1001, 1001, 1001, 1001, 1500, 1500, 1500, 1500] | 13:19:26.188557
[1500, 1500, 988, 1500, 988, 988, 988, 988, 1001, 1001, 1001, 1001, 1500, 1500, 1500, 1500] | 13:19:26.195116
[1500, 1500, 988, 1500, 988, 988, 988, 988, 1001, 1001, 1001, 1001, 1500, 1500, 1500, 1500] | 13:19:26.201791
[1501, 1500, 988, 1500, 988, 988, 988, 988, 1001, 1001, 1001, 1001, 1500, 1500, 1500, 1500] | 13:19:26.208434
[1501, 1497, 988, 1500, 988, 988, 988, 988, 1001, 1001, 1001, 1001, 1500, 1500, 1500, 1500] | 13:19:26.215118
13:19:26.216419 ALT: -0.22
13:19:26.216633 ATT: [-21.2, 0.8, 11]
13:19:26.217200 ACC: [-7, -187, 479]
[1501, 1497, 988, 1500, 988, 988, 988, 988, 1001, 1001, 1001, 1001, 1500, 1500, 1500, 1500] | 13:19:26.221957
[1500, 1497, 988, 1500, 988, 988, 988, 988, 1001, 1001, 1001, 1001, 1500, 1500, 1500, 1500] | 13:19:26.228615
[1500, 1500, 988, 1500, 988, 988, 988, 988, 1001, 1001, 1001, 1001, 1500, 1500, 1500, 1500] | 13:19:26.235301
[1500, 1500, 988, 1500, 988, 988, 988, 988, 1001, 1001, 1001, 1001, 1500, 1500, 1500, 1500] | 13:19:26.241874
[1500, 1500, 988, 1500, 988, 988, 988, 988, 1001, 1001, 1001, 1001, 1500, 1500, 1500, 1500] | 13:19:26.248871
[1500, 1500, 988, 1500, 988, 988, 988, 988, 1001, 1001, 1001, 1001, 1500, 1500, 1500, 1500] | 13:19:26.255425
[1500, 1500, 988, 1500, 988, 988, 988, 988, 1001, 1001, 1001, 1001, 1500, 1500, 1500, 1500] | 13:19:26.262102
13:19:26.265231 ALT: -0.22
13:19:26.265933 ATT: [-21.2, 0.8, 11]
13:19:26.266282 ACC: [-8, -186, 480]
[1500, 1500, 988, 1500, 988, 988, 988, 988, 1001, 1001, 1001, 1001, 1500, 1500, 1500, 1500] | 13:19:26.268583
[1500, 1499, 988, 1500, 988, 988, 988, 988, 1001, 1001, 1001, 1001, 1500, 1500, 1500, 1500] | 13:19:26.275296
[1500, 1499, 988, 1500, 988, 988, 988, 988, 1001, 1001, 1001, 1001, 1500, 1500, 1500, 1500] | 13:19:26.281940
[1500, 1499, 988, 1500, 988, 988, 988, 988, 1001, 1001, 1001, 1001, 1500, 1500, 1500, 1500] | 13:19:26.288727
[1500, 1500, 988, 1500, 988, 988, 988, 988, 1001, 1001, 1001, 1001, 1500, 1500, 1500, 1500] | 13:19:26.295722
[1500, 1500, 988, 1500, 988, 988, 988, 988, 1001, 1001, 1001, 1001, 1500, 1500, 1500, 1500] | 13:19:26.301878
[1499, 1500, 988, 1500, 988, 988, 988, 988, 1001, 1001, 1001, 1001, 1500, 1500, 1500, 1500] | 13:19:26.308630
13:19:26.312330 ALT: -0.22
13:19:26.312469 ATT: [-21.2, 0.8, 10]
13:19:26.312902 ACC: [-7, -187, 480]
[1499, 1500, 988, 1500, 988, 988, 988, 988, 1001, 1001, 1001, 1001, 1500, 1500, 1500, 1500] | 13:19:26.315876
[1499, 1500, 988, 1500, 988, 988, 988, 988, 1001, 1001, 1001, 1001, 1500, 1500, 1500, 1500] | 13:19:26.326585
[1500, 1500, 988, 1500, 988, 988, 988, 988, 1001, 1001, 1001, 1001, 1500, 1500, 1500, 1500] | 13:19:26.331420
[1500, 1500, 988, 1500, 988, 988, 988, 988, 1001, 1001, 1001, 1001, 1500, 1500, 1500, 1500] | 13:19:26.341653
[1500, 1500, 988, 1500, 988, 988, 988, 988, 1001, 1001, 1001, 1001, 1500, 1500, 1500, 1500] | 13:19:26.342491
[1500, 1500, 988, 1500, 988, 988, 988, 988, 1001, 1001, 1001, 1001, 1500, 1500, 1500, 1500] | 13:19:26.348513
[1500, 1500, 988, 1499, 988, 988, 988, 988, 1001, 1001, 1001, 1001, 1500, 1500, 1500, 1500] | 13:19:26.358216
13:19:26.362629 ALT: -0.22
13:19:26.362777 ATT: [-21.2, 0.8, 10]
13:19:26.363377 ACC: [-7, -187, 480]
[1500, 1500, 988, 1499, 988, 988, 988, 988, 1001, 1001, 1001, 1001, 1500, 1500, 1500, 1500] | 13:19:26.364725
[1500, 1500, 988, 1499, 988, 988, 988, 988, 1001, 1001, 1001, 1001, 1500, 1500, 1500, 1500] | 13:19:26.369219
[1500, 1500, 988, 1500, 988, 988, 988, 988, 1001, 1001, 1001, 1001, 1500, 1500, 1500, 1500] | 13:19:26.379557
[1500, 1500, 988, 1500, 988, 988, 988, 988, 1001, 1001, 1001, 1001, 1500, 1500, 1500, 1500] | 13:19:26.382385
[1500, 1500, 988, 1500, 988, 988, 988, 988, 1001, 1001, 1001, 1001, 1500, 1500, 1500, 1500] | 13:19:26.389265
[1500, 1500, 988, 1500, 988, 988, 988, 988, 1001, 1001, 1001, 1001, 1500, 1500, 1500, 1500] | 13:19:26.395475
[1500, 1500, 988, 1500, 988, 988, 988, 988, 1001, 1001, 1001, 1001, 1500, 1500, 1500, 1500] | 13:19:26.402267
[1499, 1500, 988, 1500, 988, 988, 988, 988, 1001, 1001, 1001, 1001, 1500, 1500, 1500, 1500] | 13:19:26.409415
13:19:26.410062 ALT: -0.22
13:19:26.410211 ATT: [-21.2, 0.8, 10]
13:19:26.410978 ACC: [-7, -186, 480]
[1499, 1500, 986, 1499, 988, 988, 988, 988, 1001, 1001, 1001, 1001, 1500, 1500, 1500, 1500] | 13:19:26.416644
[1499, 1500, 986, 1499, 988, 988, 988, 989, 1001, 1001, 1001, 1001, 1500, 1500, 1500, 1500] | 13:19:26.429198
[1499, 1500, 986, 1499, 988, 988, 988, 989, 1001, 1001, 1001, 1001, 1500, 1500, 1500, 1500] | 13:19:26.429565
[1499, 1500, 988, 1500, 988, 988, 988, 989, 1001, 1001, 1001, 1001, 1500, 1500, 1500, 1500] | 13:19:26.438260
[1499, 1500, 988, 1500, 988, 988, 988, 988, 1001, 1001, 1001, 1001, 1500, 1500, 1500, 1500] | 13:19:26.446912
[1500, 1500, 988, 1500, 988, 988, 988, 988, 1001, 1001, 1001, 1001, 1500, 1500, 1500, 1500] | 13:19:26.450542
[1500, 1499, 988, 1500, 988, 988, 988, 988, 1001, 1001, 1001, 1001, 1500, 1500, 1500, 1500] | 13:19:26.457228
[1500, 1499, 988, 1500, 988, 988, 988, 988, 1001, 1001, 1001, 1001, 1500, 1500, 1500, 1500] | 13:19:26.463761
[1500, 1499, 988, 1500, 988, 988, 988, 988, 1001, 1001, 1001, 1001, 1500, 1500, 1500, 1500] | 13:19:26.469534
13:19:26.473032 ALT: -0.22
13:19:26.473169 ATT: [-21.2, 0.8, 10]
13:19:26.473658 ACC: [-7, -187, 480]
[1500, 1500, 988, 1500, 988, 989, 986, 988, 1001, 1001, 1001, 1001, 1500, 1500, 1500, 1500] | 13:19:26.479299
[1500, 1500, 988, 1500, 988, 989, 986, 988, 1001, 1001, 1001, 1001, 1500, 1500, 1500, 1500] | 13:19:26.481802
[1500, 1500, 988, 1500, 988, 989, 986, 988, 1001, 1001, 1001, 1001, 1500, 1500, 1500, 1500] | 13:19:26.489109
[1500, 1500, 988, 1500, 988, 988, 988, 988, 1001, 1001, 1001, 1001, 1500, 1500, 1500, 1500] | 13:19:26.495742
[1500, 1500, 988, 1500, 988, 988, 988, 988, 1001, 1001, 1001, 1001, 1500, 1500, 1500, 1500] | 13:19:26.502789
[1500, 1500, 988, 1500, 988, 988, 988, 988, 1001, 1001, 1001, 1001, 1500, 1500, 1500, 1500] | 13:19:26.509405
[1500, 1500, 988, 1500, 988, 988, 988, 988, 1001, 1001, 1001, 1001, 1500, 1500, 1500, 1500] | 13:19:26.515997
13:19:26.520601 ALT: -0.22
13:19:26.520704 ATT: [-21.2, 0.8, 10]
13:19:26.520985 ACC: [-7, -186, 480]
[1500, 1500, 988, 1500, 988, 988, 988, 988, 1001, 1001, 1001, 1001, 1500, 1500, 1500, 1500] | 13:19:26.524224
[1500, 1500, 988, 1500, 988, 988, 988, 988, 1001, 1001, 1001, 1001, 1500, 1500, 1500, 1500] | 13:19:26.530967
[1500, 1500, 988, 1500, 988, 988, 988, 988, 1001, 1001, 1001, 1001, 1500, 1500, 1500, 1500] | 13:19:26.536074
[1500, 1500, 988, 1500, 988, 988, 988, 988, 1001, 1001, 1001, 1001, 1500, 1500, 1500, 1500] | 13:19:26.543585
[1500, 1500, 988, 1500, 988, 988, 988, 988, 1001, 1001, 1001, 1001, 1500, 1500, 1500, 1500] | 13:19:26.549205
[1500, 1500, 988, 1499, 988, 988, 988, 988, 1001, 1001, 1001, 1001, 1500, 1500, 1500, 1500] | 13:19:26.556137
[1500, 1500, 988, 1499, 988, 988, 988, 988, 1001, 1001, 1001, 1001, 1500, 1500, 1500, 1500] | 13:19:26.564106
13:19:26.568267 ALT: -0.22
13:19:26.568628 ATT: [-21.2, 0.8, 10]
13:19:26.569620 ACC: [-7, -186, 480]
[1500, 1500, 988, 1499, 988, 988, 988, 988, 1001, 1001, 1001, 1001, 1500, 1500, 1500, 1500] | 13:19:26.573960
[1500, 1500, 988, 1500, 988, 988, 988, 988, 1001, 1001, 1001, 1001, 1500, 1500, 1500, 1500] | 13:19:26.575374
[1500, 1500, 988, 1500, 988, 988, 988, 988, 1001, 1001, 1001, 1001, 1500, 1500, 1500, 1500] | 13:19:26.582795
[1500, 1500, 988, 1500, 988, 988, 988, 988, 1001, 1001, 1001, 1001, 1500, 1500, 1500, 1500] | 13:19:26.588591
[1500, 1500, 988, 1500, 988, 988, 988, 988, 1001, 1001, 1001, 1001, 1500, 1500, 1500, 1500] | 13:19:26.596521
[1500, 1500, 988, 1500, 988, 988, 988, 988, 1001, 1001, 1001, 1001, 1500, 1500, 1500, 1500] | 13:19:26.605934
[1497, 1500, 988, 1500, 988, 988, 988, 988, 1001, 1001, 1001, 1001, 1500, 1500, 1500, 1500] | 13:19:26.608560
[1497, 1500, 988, 1500, 988, 988, 988, 988, 1001, 1001, 1001, 1001, 1500, 1500, 1500, 1500] | 13:19:26.615223
13:19:26.616779 ALT: -0.22
13:19:26.616886 ATT: [-21.2, 0.8, 10]
13:19:26.617190 ACC: [-7, -186, 479]
[1497, 1500, 988, 1500, 988, 988, 988, 988, 1001, 1001, 1001, 1001, 1500, 1500, 1500, 1500] | 13:19:26.621986
[1499, 1500, 988, 1500, 988, 988, 988, 988, 1001, 1001, 1001, 1001, 1500, 1500, 1500, 1500] | 13:19:26.632523
[1499, 1500, 988, 1500, 988, 988, 988, 988, 1001, 1001, 1001, 1001, 1500, 1500, 1500, 1500] | 13:19:26.635101
[1499, 1500, 988, 1500, 988, 988, 988, 988, 1001, 1001, 1001, 1001, 1500, 1500, 1500, 1500] | 13:19:26.643838
[1500, 1500, 988, 1500, 988, 988, 988, 988, 1001, 1001, 1001, 1001, 1500, 1500, 1500, 1500] | 13:19:26.648866
[1500, 1500, 988, 1500, 988, 988, 988, 988, 1001, 1001, 1001, 1001, 1500, 1500, 1500, 1500] | 13:19:26.655493
[1500, 1500, 988, 1500, 988, 988, 988, 988, 1001, 1001, 1001, 1001, 1500, 1500, 1500, 1500] | 13:19:26.662028
13:19:26.664253 ALT: -0.22
13:19:26.664354 ATT: [-21.2, 0.8, 10]
13:19:26.664657 ACC: [-7, -186, 480]
[1499, 1500, 988, 1500, 988, 988, 988, 988, 1001, 1001, 1001, 1001, 1500, 1500, 1500, 1500] | 13:19:26.668637
[1499, 1500, 988, 1500, 989, 986, 988, 988, 1001, 1001, 1001, 1001, 1500, 1500, 1500, 1500] | 13:19:26.675544
[1499, 1500, 988, 1500, 989, 986, 988, 988, 1001, 1001, 1001, 1001, 1500, 1500, 1500, 1500] | 13:19:26.683971
[1500, 1500, 988, 1500, 989, 986, 988, 988, 1001, 1001, 1001, 1001, 1500, 1500, 1500, 1500] | 13:19:26.688962
[1500, 1500, 988, 1500, 988, 988, 988, 988, 1001, 1001, 1001, 1001, 1500, 1500, 1500, 1500] | 13:19:26.695619
[1500, 1500, 988, 1500, 988, 988, 988, 988, 1001, 1001, 1001, 1001, 1500, 1500, 1500, 1500] | 13:19:26.702874
[1499, 1500, 988, 1500, 988, 988, 988, 988, 1001, 1001, 1001, 1001, 1500, 1500, 1500, 1500] | 13:19:26.708468
13:19:26.712968 ALT: -0.22
13:19:26.713371 ATT: [-21.2, 0.8, 10]
13:19:26.713829 ACC: [-7, -187, 480]
[1499, 1500, 988, 1500, 988, 988, 988, 988, 1001, 1001, 1001, 1001, 1500, 1500, 1500, 1500] | 13:19:26.715278
[1499, 1500, 988, 1500, 988, 988, 988, 988, 1001, 1001, 1001, 1001, 1500, 1500, 1500, 1500] | 13:19:26.721959
[1500, 1500, 988, 1500, 988, 988, 988, 988, 1001, 1001, 1001, 1001, 1500, 1500, 1500, 1500] | 13:19:26.734010
[1500, 1499, 988, 1500, 988, 988, 989, 988, 1001, 1001, 1001, 1001, 1500, 1500, 1500, 1500] | 13:19:26.738326
[1500, 1499, 988, 1500, 988, 988, 989, 986, 1001, 1001, 1001, 1001, 1500, 1500, 1500, 1500] | 13:19:26.741828
[1500, 1499, 988, 1500, 988, 988, 989, 986, 1001, 1001, 1001, 1001, 1500, 1500, 1500, 1500] | 13:19:26.748578
[1500, 1500, 988, 1499, 988, 988, 988, 986, 1001, 1001, 1001, 1001, 1500, 1500, 1500, 1500] | 13:19:26.755690
[1500, 1500, 988, 1499, 988, 988, 988, 988, 1001, 1001, 1001, 1001, 1500, 1500, 1500, 1500] | 13:19:26.761961
13:19:26.765734 ALT: -0.22
13:19:26.766025 ATT: [-21.2, 0.8, 9]
13:19:26.767058 ACC: [-7, -186, 480]
[1500, 1500, 988, 1499, 988, 988, 988, 988, 1001, 1001, 1001, 1001, 1500, 1500, 1500, 1500] | 13:19:26.769338
[1500, 1500, 988, 1500, 988, 988, 988, 988, 1001, 1001, 1001, 1001, 1500, 1500, 1500, 1500] | 13:19:26.775132
[1500, 1500, 988, 1500, 988, 988, 988, 988, 1001, 1001, 1001, 1001, 1500, 1500, 1500, 1500] | 13:19:26.781978
[1500, 1500, 988, 1500, 988, 988, 988, 988, 1001, 1001, 1001, 1001, 1500, 1500, 1500, 1500] | 13:19:26.789161
[1500, 1500, 988, 1500, 988, 988, 988, 988, 1001, 1001, 1001, 1001, 1500, 1500, 1500, 1500] | 13:19:26.797366
[1500, 1500, 988, 1500, 988, 988, 988, 988, 1001, 1001, 1001, 1001, 1500, 1500, 1500, 1500] | 13:19:26.801850
[1500, 1500, 988, 1500, 988, 988, 988, 988, 1001, 1001, 1001, 1001, 1500, 1500, 1500, 1500] | 13:19:26.811901
13:19:26.814840 ALT: -0.22
13:19:26.814929 ATT: [-21.2, 0.8, 9]
13:19:26.815203 ACC: [-7, -187, 479]
[1500, 1499, 988, 1499, 988, 988, 988, 988, 1001, 1001, 1001, 1001, 1500, 1500, 1500, 1500] | 13:19:26.816523
[1500, 1499, 988, 1499, 988, 988, 988, 988, 1001, 1001, 1001, 1001, 1500, 1500, 1500, 1500] | 13:19:26.822124
[1500, 1499, 988, 1499, 988, 988, 988, 988, 1001, 1001, 1001, 1001, 1500, 1500, 1500, 1500] | 13:19:26.828592
[1500, 1499, 988, 1500, 988, 988, 988, 988, 1001, 1001, 1001, 1001, 1500, 1500, 1500, 1500] | 13:19:26.835116
[1500, 1499, 988, 1500, 988, 988, 988, 988, 1001, 1001, 1001, 1001, 1500, 1500, 1500, 1500] | 13:19:26.841887
[1500, 1499, 988, 1500, 988, 988, 988, 988, 1001, 1001, 1001, 1001, 1500, 1500, 1500, 1500] | 13:19:26.848886
[1500, 1500, 988, 1500, 988, 988, 988, 988, 1001, 1001, 1001, 1001, 1500, 1500, 1500, 1500] | 13:19:26.855297
13:19:26.856475 ALT: -0.22
13:19:26.856615 ATT: [-21.2, 0.8, 9]
13:19:26.857508 ACC: [-7, -186, 480]
[1500, 1500, 988, 1500, 988, 988, 988, 988, 1001, 1001, 1001, 1001, 1500, 1500, 1500, 1500] | 13:19:26.864590
[1500, 1500, 988, 1500, 988, 988, 988, 988, 1001, 1001, 1001, 1001, 1500, 1500, 1500, 1500] | 13:19:26.868674
[1500, 1500, 988, 1500, 988, 988, 988, 988, 1001, 1001, 1001, 1001, 1500, 1500, 1500, 1500] | 13:19:26.876054
[1500, 1500, 988, 1500, 988, 988, 988, 988, 1001, 1001, 1001, 1001, 1500, 1500, 1500, 1500] | 13:19:26.881911
[1499, 1500, 988, 1500, 988, 988, 988, 988, 1001, 1001, 1001, 1001, 1500, 1500, 1500, 1500] | 13:19:26.894869
[1499, 1500, 988, 1500, 988, 988, 988, 988, 1001, 1001, 1001, 1001, 1500, 1500, 1500, 1500] | 13:19:26.895650
[1499, 1500, 988, 1500, 988, 988, 988, 988, 1001, 1001, 1001, 1001, 1500, 1500, 1500, 1500] | 13:19:26.903183
13:19:26.910373 ALT: -0.22
13:19:26.910592 ATT: [-21.2, 0.8, 9]
13:19:26.911266 ACC: [-8, -186, 480]
[1500, 1500, 988, 1500, 988, 988, 988, 988, 1001, 1001, 1001, 1001, 1500, 1500, 1500, 1500] | 13:19:26.911492
[1500, 1500, 988, 1500, 988, 991, 985, 988, 1001, 1001, 1001, 1001, 1500, 1500, 1500, 1500] | 13:19:26.915096
[1500, 1500, 988, 1500, 988, 991, 985, 988, 1001, 1001, 1001, 1001, 1500, 1500, 1500, 1500] | 13:19:26.922477
[1499, 1500, 988, 1500, 988, 991, 985, 988, 1001, 1001, 1001, 1001, 1500, 1500, 1500, 1500] | 13:19:26.929701
[1499, 1500, 988, 1500, 988, 988, 988, 988, 1001, 1001, 1001, 1001, 1500, 1500, 1500, 1500] | 13:19:26.935175
[1499, 1500, 988, 1500, 988, 988, 988, 988, 1001, 1001, 1001, 1001, 1500, 1500, 1500, 1500] | 13:19:26.945086
[1500, 1500, 988, 1500, 988, 988, 988, 988, 1001, 1001, 1001, 1001, 1500, 1500, 1500, 1500] | 13:19:26.948668
13:19:26.952475 ALT: -0.22
13:19:26.952732 ATT: [-21.2, 0.8, 9]
13:19:26.953504 ACC: [-8, -186, 480]
[1500, 1499, 988, 1500, 988, 988, 988, 988, 1001, 1001, 1001, 1001, 1500, 1500, 1500, 1500] | 13:19:26.955957
[1500, 1499, 988, 1500, 988, 988, 988, 988, 1001, 1001, 1001, 1001, 1500, 1500, 1500, 1500] | 13:19:26.961870
[1499, 1499, 988, 1500, 988, 988, 988, 988, 1001, 1001, 1001, 1001, 1500, 1500, 1500, 1500] | 13:19:26.973427
[1499, 1500, 988, 1500, 988, 988, 988, 988, 1001, 1001, 1001, 1001, 1500, 1500, 1500, 1500] | 13:19:26.975465
[1499, 1500, 988, 1500, 988, 988, 988, 988, 1001, 1001, 1001, 1001, 1500, 1500, 1500, 1500] | 13:19:26.982405
[1500, 1500, 988, 1500, 988, 988, 988, 988, 1001, 1001, 1001, 1001, 1500, 1500, 1500, 1500] | 13:19:26.988518
[1500, 1499, 988, 1500, 988, 988, 988, 988, 1001, 1001, 1001, 1001, 1500, 1500, 1500, 1500] | 13:19:26.996195
[1500, 1499, 988, 1500, 988, 988, 988, 988, 1001, 1001, 1001, 1001, 1500, 1500, 1500, 1500] | 13:19:27.002008
[1500, 1499, 988, 1500, 988, 988, 988, 988, 1001, 1001, 1001, 1001, 1500, 1500, 1500, 1500] | 13:19:27.008454
[1500, 1499, 988, 1500, 988, 988, 988, 988, 1001, 1001, 1001, 1001, 1500, 1500, 1500, 1500] | 13:19:27.015683
[1500, 1499, 988, 1500, 988, 988, 988, 988, 1001, 1001, 1001, 1001, 1500, 1500, 1500, 1500] | 13:19:27.022349
[1500, 1499, 988, 1500, 988, 988, 988, 988, 1001, 1001, 1001, 1001, 1500, 1500, 1500, 1500] | 13:19:27.028818
13:19:27.032357 ALT: -0.22
13:19:27.032744 ATT: [-21.2, 0.8, 9]
13:19:27.033378 ACC: [-7, -186, 480]
[1500, 1500, 988, 1499, 988, 988, 988, 988, 1001, 1001, 1001, 1001, 1500, 1500, 1500, 1500] | 13:19:27.035873
[1500, 1500, 988, 1499, 988, 988, 988, 988, 1001, 1001, 1001, 1001, 1500, 1500, 1500, 1500] | 13:19:27.042272
[1500, 1500, 988, 1499, 988, 988, 988, 988, 1001, 1001, 1001, 1001, 1500, 1500, 1500, 1500] | 13:19:27.048756
[1500, 1499, 988, 1500, 988, 988, 988, 988, 1001, 1001, 1001, 1001, 1500, 1500, 1500, 1500] | 13:19:27.055840
[1500, 1499, 988, 1500, 988, 988, 988, 988, 1001, 1001, 1001, 1001, 1500, 1500, 1500, 1500] | 13:19:27.062624
[1500, 1499, 988, 1500, 988, 988, 988, 988, 1001, 1001, 1001, 1001, 1500, 1500, 1500, 1500] | 13:19:27.069560
[1500, 1500, 988, 1500, 988, 988, 988, 988, 1001, 1001, 1001, 1001, 1500, 1500, 1500, 1500] | 13:19:27.075446
13:19:27.081489 ALT: -0.22
13:19:27.081598 ATT: [-21.2, 0.8, 9]
13:19:27.084194 ACC: [-7, -187, 479]
[1500, 1500, 988, 1500, 988, 988, 988, 988, 1001, 1001, 1001, 1001, 1500, 1500, 1500, 1500] | 13:19:27.085355
[1500, 1500, 988, 1500, 988, 988, 988, 988, 1001, 1001, 1001, 1001, 1500, 1500, 1500, 1500] | 13:19:27.088962
[1500, 1500, 988, 1500, 988, 988, 988, 988, 1001, 1001, 1001, 1001, 1500, 1500, 1500, 1500] | 13:19:27.097781
[1500, 1500, 988, 1500, 988, 988, 988, 988, 1001, 1001, 1001, 1001, 1500, 1500, 1500, 1500] | 13:19:27.101890
[1500, 1500, 988, 1500, 988, 988, 988, 988, 1001, 1001, 1001, 1001, 1500, 1500, 1500, 1500] | 13:19:27.109974
[1500, 1500, 988, 1500, 988, 988, 988, 988, 1001, 1001, 1001, 1001, 1500, 1500, 1500, 1500] | 13:19:27.115304
[1500, 1500, 988, 1500, 988, 988, 988, 988, 1001, 1001, 1001, 1001, 1500, 1500, 1500, 1500] | 13:19:27.123236
13:19:27.130710 ALT: -0.22
13:19:27.130841 ATT: [-21.2, 0.8, 9]
13:19:27.131313 ACC: [-7, -187, 480]
[1500, 1500, 988, 1500, 988, 988, 988, 988, 1001, 1001, 1001, 1001, 1500, 1500, 1500, 1500] | 13:19:27.132327
[1500, 1500, 988, 1500, 988, 988, 988, 988, 1001, 1001, 1001, 1001, 1500, 1500, 1500, 1500] | 13:19:27.146241
[1500, 1500, 988, 1500, 988, 988, 988, 988, 1001, 1001, 1001, 1001, 1500, 1500, 1500, 1500] | 13:19:27.148364
[1500, 1500, 988, 1500, 988, 988, 988, 988, 1001, 1001, 1001, 1001, 1500, 1500, 1500, 1500] | 13:19:27.149445
[1500, 1500, 988, 1500, 988, 988, 988, 988, 1001, 1001, 1001, 1001, 1500, 1500, 1500, 1500] | 13:19:27.155613
[1500, 1500, 988, 1500, 988, 988, 988, 988, 1001, 1001, 1001, 1001, 1500, 1500, 1500, 1500] | 13:19:27.162005
[1500, 1500, 988, 1500, 988, 988, 988, 988, 1001, 1001, 1001, 1001, 1500, 1500, 1500, 1500] | 13:19:27.168418
[1500, 1499, 988, 1500, 988, 988, 988, 988, 1001, 1001, 1001, 1001, 1500, 1500, 1500, 1500] | 13:19:27.177379
13:19:27.181234 ACC: [-7, -186, 480]
[1500, 1499, 988, 1500, 988, 988, 988, 989, 1001, 1001, 1001, 1001, 1500, 1500, 1500, 1500] | 13:19:27.182390
[1499, 1499, 988, 1500, 988, 988, 988, 989, 1001, 1001, 1001, 1001, 1500, 1500, 1500, 1500] | 13:19:27.190996
[1499, 1500, 988, 1500, 988, 988, 988, 989, 1001, 1001, 1001, 1001, 1500, 1500, 1500, 1500] | 13:19:27.195488
[1499, 1500, 988, 1500, 988, 988, 988, 988, 1001, 1001, 1001, 1001, 1500, 1500, 1500, 1500] | 13:19:27.205609
[1500, 1500, 988, 1500, 988, 988, 988, 988, 1001, 1001, 1001, 1001, 1500, 1500, 1500, 1500] | 13:19:27.210276
[1500, 1500, 988, 1500, 988, 988, 988, 988, 1001, 1001, 1001, 1001, 1500, 1500, 1500, 1500] | 13:19:27.215188
[1500, 1500, 988, 1500, 988, 988, 988, 988, 1001, 1001, 1001, 1001, 1500, 1500, 1500, 1500] | 13:19:27.224081
13:19:27.225554 ALT: -0.22
13:19:27.225664 ATT: [-21.2, 0.8, 8]
13:19:27.225958 ACC: [-7, -187, 480]
[1499, 1500, 988, 1500, 988, 988, 988, 988, 1001, 1001, 1001, 1001, 1500, 1500, 1500, 1500] | 13:19:27.229118
[1499, 1500, 988, 1500, 988, 988, 988, 988, 1001, 1001, 1001, 1001, 1500, 1500, 1500, 1500] | 13:19:27.235129
[1499, 1500, 988, 1500, 988, 988, 988, 988, 1001, 1001, 1001, 1001, 1500, 1500, 1500, 1500] | 13:19:27.242504
[1500, 1500, 988, 1500, 988, 988, 988, 988, 1001, 1001, 1001, 1001, 1500, 1500, 1500, 1500] | 13:19:27.249153
[1500, 1500, 988, 1499, 988, 988, 988, 988, 1001, 1001, 1001, 1001, 1500, 1500, 1500, 1500] | 13:19:27.261165
[1500, 1500, 988, 1499, 988, 988, 988, 988, 1001, 1001, 1001, 1001, 1500, 1500, 1500, 1500] | 13:19:27.262052
13:19:27.274374 ALT: -0.22
13:19:27.274546 ATT: [-21.2, 0.8, 8]
13:19:27.277266 ACC: [-7, -186, 480]
[1500, 1500, 988, 1499, 988, 988, 988, 988, 1001, 1001, 1001, 1001, 1500, 1500, 1500, 1500] | 13:19:27.278956
[1500, 1499, 988, 1499, 988, 988, 988, 988, 1001, 1001, 1001, 1001, 1500, 1500, 1500, 1500] | 13:19:27.279868
[1500, 1499, 988, 1499, 988, 988, 988, 988, 1001, 1001, 1001, 1001, 1500, 1500, 1500, 1500] | 13:19:27.282308
[1500, 1499, 988, 1499, 988, 988, 988, 988, 1001, 1001, 1001, 1001, 1500, 1500, 1500, 1500] | 13:19:27.291618
[1500, 1500, 988, 1500, 988, 988, 988, 988, 1001, 1001, 1001, 1001, 1500, 1500, 1500, 1500] | 13:19:27.295116
[1500, 1500, 988, 1500, 988, 988, 988, 988, 1001, 1001, 1001, 1001, 1500, 1500, 1500, 1500] | 13:19:27.308379
[1500, 1500, 988, 1500, 988, 988, 988, 988, 1001, 1001, 1001, 1001, 1500, 1500, 1500, 1500] | 13:19:27.309117
[1500, 1500, 988, 1500, 988, 988, 988, 988, 1001, 1001, 1001, 1001, 1500, 1500, 1500, 1500] | 13:19:27.315167
[1500, 1500, 988, 1500, 988, 988, 988, 988, 1001, 1001, 1001, 1001, 1500, 1500, 1500, 1500] | 13:19:27.322259
13:19:27.323350 ALT: -0.22
13:19:27.323471 ATT: [-21.2, 0.8, 8]
13:19:27.323767 ACC: [-8, -186, 480]
[1500, 1500, 988, 1500, 988, 988, 988, 988, 1001, 1001, 1001, 1001, 1500, 1500, 1500, 1500] | 13:19:27.329043
[1500, 1500, 988, 1500, 988, 988, 988, 988, 1001, 1001, 1001, 1001, 1500, 1500, 1500, 1500] | 13:19:27.335083
[1500, 1500, 988, 1500, 988, 988, 988, 988, 1001, 1001, 1001, 1001, 1500, 1500, 1500, 1500] | 13:19:27.342156
[1500, 1500, 988, 1500, 988, 988, 988, 988, 1001, 1001, 1001, 1001, 1500, 1500, 1500, 1500] | 13:19:27.348435
[1500, 1500, 988, 1500, 988, 988, 988, 988, 1001, 1001, 1001, 1001, 1500, 1500, 1500, 1500] | 13:19:27.355605
[1500, 1500, 988, 1500, 988, 988, 988, 988, 1001, 1001, 1001, 1001, 1500, 1500, 1500, 1500] | 13:19:27.363423
13:19:27.368075 ALT: -0.22
13:19:27.368182 ATT: [-21.2, 0.8, 8]
13:19:27.368528 ACC: [-7, -186, 480]
[1500, 1500, 988, 1500, 988, 988, 988, 988, 1001, 1001, 1001, 1001, 1500, 1500, 1500, 1500] | 13:19:27.373375
[1500, 1500, 988, 1500, 988, 988, 988, 988, 1001, 1001, 1001, 1001, 1500, 1500, 1500, 1500] | 13:19:27.376690
[1500, 1500, 988, 1500, 988, 988, 988, 988, 1001, 1001, 1001, 1001, 1500, 1500, 1500, 1500] | 13:19:27.381866
[1499, 1500, 988, 1500, 988, 988, 988, 988, 1001, 1001, 1001, 1001, 1500, 1500, 1500, 1500] | 13:19:27.388973
[1499, 1500, 988, 1500, 988, 988, 988, 988, 1001, 1001, 1001, 1001, 1500, 1500, 1500, 1500] | 13:19:27.396048
[1499, 1500, 988, 1500, 988, 988, 988, 988, 1001, 1001, 1001, 1001, 1500, 1500, 1500, 1500] | 13:19:27.401941
[1500, 1500, 988, 1500, 988, 988, 988, 988, 1001, 1001, 1001, 1001, 1500, 1500, 1500, 1500] | 13:19:27.408478
[1500, 1500, 988, 1500, 988, 988, 988, 988, 1001, 1001, 1001, 1001, 1500, 1500, 1500, 1500] | 13:19:27.415123
13:19:27.416063 ALT: -0.22
13:19:27.416137 ATT: [-21.2, 0.8, 8]
13:19:27.416515 ACC: [-7, -187, 479]
[1500, 1500, 988, 1500, 988, 988, 988, 988, 1001, 1001, 1001, 1001, 1500, 1500, 1500, 1500] | 13:19:27.423879
[1500, 1500, 988, 1500, 988, 988, 988, 988, 1001, 1001, 1001, 1001, 1500, 1500, 1500, 1500] | 13:19:27.429176
[1500, 1500, 988, 1500, 988, 989, 986, 988, 1001, 1001, 1001, 1001, 1500, 1500, 1500, 1500] | 13:19:27.435095
[1500, 1500, 988, 1500, 988, 989, 986, 988, 1001, 1001, 1001, 1001, 1500, 1500, 1500, 1500] | 13:19:27.442190
[1500, 1500, 988, 1500, 988, 989, 986, 988, 1001, 1001, 1001, 1001, 1500, 1500, 1500, 1500] | 13:19:27.448612
[1500, 1501, 986, 1500, 988, 988, 988, 988, 1001, 1001, 1001, 1001, 1500, 1500, 1500, 1500] | 13:19:27.457825
[1500, 1501, 986, 1500, 988, 988, 988, 988, 1001, 1001, 1001, 1001, 1500, 1500, 1500, 1500] | 13:19:27.462229
13:19:27.464199 ALT: -0.22
13:19:27.464299 ATT: [-21.2, 0.8, 8]
13:19:27.464626 ACC: [-8, -186, 480]
[1500, 1501, 986, 1500, 988, 988, 988, 988, 1001, 1001, 1001, 1001, 1500, 1500, 1500, 1500] | 13:19:27.472053
[1500, 1499, 988, 1500, 988, 988, 988, 988, 1001, 1001, 1001, 1001, 1500, 1500, 1500, 1500] | 13:19:27.476252
[1500, 1499, 988, 1500, 988, 988, 988, 988, 1001, 1001, 1001, 1001, 1500, 1500, 1500, 1500] | 13:19:27.481869
[1500, 1499, 988, 1500, 988, 988, 988, 988, 1001, 1001, 1001, 1001, 1500, 1500, 1500, 1500] | 13:19:27.489085
[1500, 1500, 988, 1500, 988, 988, 988, 988, 1001, 1001, 1001, 1001, 1500, 1500, 1500, 1500] | 13:19:27.496033
[1500, 1500, 988, 1500, 988, 988, 988, 988, 1001, 1001, 1001, 1001, 1500, 1500, 1500, 1500] | 13:19:27.501865
[1499, 1500, 988, 1500, 988, 988, 988, 988, 1001, 1001, 1001, 1001, 1500, 1500, 1500, 1500] | 13:19:27.508811
13:19:27.512262 ALT: -0.22
13:19:27.512370 ATT: [-21.2, 0.8, 8]
13:19:27.512699 ACC: [-7, -186, 480]
[1499, 1500, 988, 1500, 988, 988, 988, 988, 1001, 1001, 1001, 1001, 1500, 1500, 1500, 1500] | 13:19:27.515309
[1499, 1500, 988, 1500, 988, 988, 988, 988, 1001, 1001, 1001, 1001, 1500, 1500, 1500, 1500] | 13:19:27.523649
[1499, 1500, 988, 1500, 988, 988, 988, 988, 1001, 1001, 1001, 1001, 1500, 1500, 1500, 1500] | 13:19:27.529053
[1499, 1500, 988, 1500, 988, 988, 988, 988, 1001, 1001, 1001, 1001, 1500, 1500, 1500, 1500] | 13:19:27.535468
[1499, 1500, 988, 1500, 988, 988, 988, 988, 1001, 1001, 1001, 1001, 1500, 1500, 1500, 1500] | 13:19:27.541945
[1500, 1500, 988, 1500, 988, 988, 988, 988, 1001, 1001, 1001, 1001, 1500, 1500, 1500, 1500] | 13:19:27.549139
[1500, 1499, 988, 1500, 988, 988, 988, 988, 1001, 1001, 1001, 1001, 1500, 1500, 1500, 1500] | 13:19:27.555705
13:19:27.561476 ALT: -0.22
13:19:27.561594 ATT: [-21.2, 0.8, 8]
13:19:27.561978 ACC: [-8, -186, 480]
[1500, 1499, 988, 1500, 988, 988, 988, 988, 1001, 1001, 1001, 1001, 1500, 1500, 1500, 1500] | 13:19:27.563503
[1500, 1499, 988, 1500, 988, 988, 988, 988, 1001, 1001, 1001, 1001, 1500, 1500, 1500, 1500] | 13:19:27.568435
[1500, 1500, 989, 1497, 988, 988, 988, 988, 1001, 1001, 1001, 1001, 1500, 1500, 1500, 1500] | 13:19:27.575338
[1500, 1500, 989, 1497, 988, 988, 988, 988, 1001, 1001, 1001, 1001, 1500, 1500, 1500, 1500] | 13:19:27.581816
[1499, 1500, 989, 1497, 988, 988, 988, 988, 1001, 1001, 1001, 1001, 1500, 1500, 1500, 1500] | 13:19:27.591152
[1499, 1500, 988, 1500, 988, 988, 988, 988, 1001, 1001, 1001, 1001, 1500, 1500, 1500, 1500] | 13:19:27.595072
[1499, 1500, 988, 1500, 988, 988, 988, 988, 1001, 1001, 1001, 1001, 1500, 1500, 1500, 1500] | 13:19:27.601968
13:19:27.611079 ALT: -0.22
13:19:27.611465 ATT: [-21.2, 0.8, 8]
13:19:27.611966 ACC: [-7, -186, 480]
TT: [-21.2, 0.8, 9]
13:19:27.084194 ACC: [-7, -187, 479]
[1500, [1500, 1500, 988, 1500, 988, 988, 988, 988, 1001, 1001, 1001, 1001, 1500, 1500, 1500, 1500] | 13:19:27.613004
[1500, 1500, 988, 1500, 988, 988, 988, 988, 1001, 1001, 1001, 1001, 1500, 1500, 1500, 1500] | 13:19:27.615100
[1500, 1500, 988, 1500, 988, 988, 988, 988, 1001, 1001, 1001, 1001, 1500, 1500, 1500, 1500] | 13:19:27.622359
[1500, 1500, 988, 1500, 988, 988, 988, 988, 1001, 1001, 1001, 1001, 1500, 1500, 1500, 1500] | 13:19:27.628707
[1500, 1500, 988, 1500, 988, 988, 988, 988, 1001, 1001, 1001, 1001, 1500, 1500, 1500, 1500] | 13:19:27.635188
[1500, 1500, 988, 1500, 988, 988, 988, 988, 1001, 1001, 1001, 1001, 1500, 1500, 1500, 1500] | 13:19:27.641954
[1500, 1500, 988, 1500, 988, 988, 988, 988, 1001, 1001, 1001, 1001, 1500, 1500, 1500, 1500] | 13:19:27.648885
[1500, 1500, 988, 1500, 988, 988, 988, 988, 1001, 1001, 1001, 1001, 1500, 1500, 1500, 1500] | 13:19:27.655551
13:19:27.656523 ALT: -0.22
13:19:27.656655 ATT: [-21.2, 0.8, 8]
13:19:27.656952 ACC: [-7, -186, 480]
[1500, 1500, 988, 1500, 988, 988, 988, 988, 1001, 1001, 1001, 1001, 1500, 1500, 1500, 1500] | 13:19:27.662319
[1500, 1500, 988, 1500, 988, 988, 988, 988, 1001, 1001, 1001, 1001, 1500, 1500, 1500, 1500] | 13:19:27.668462
[1500, 1500, 988, 1500, 988, 988, 988, 988, 1001, 1001, 1001, 1001, 1500, 1500, 1500, 1500] | 13:19:27.675161
[1500, 1500, 988, 1500, 988, 988, 988, 988, 1001, 1001, 1001, 1001, 1500, 1500, 1500, 1500] | 13:19:27.687417
[1500, 1500, 988, 1500, 988, 988, 988, 988, 1001, 1001, 1001, 1001, 1500, 1500, 1500, 1500] | 13:19:27.689876
[1500, 1500, 988, 1500, 988, 988, 988, 988, 1001, 1001, 1001, 1001, 1500, 1500, 1500, 1500] | 13:19:27.696052
[1500, 1500, 988, 1500, 988, 988, 988, 988, 1001, 1001, 1001, 1001, 1500, 1500, 1500, 1500] | 13:19:27.701812
13:19:27.707439 ALT: -0.22
13:19:27.707630 ATT: [-21.2, 0.8, 7]
13:19:27.708020 ACC: [-7, -186, 479]
[1500, 1500, 988, 1500, 988, 988, 988, 988, 1001, 1001, 1001, 1001, 1500, 1500, 1500, 1500] | 13:19:27.711319
[1500, 1500, 988, 1500, 988, 988, 988, 988, 1001, 1001, 1001, 1001, 1500, 1500, 1500, 1500] | 13:19:27.715240
[1500, 1500, 988, 1500, 988, 988, 988, 988, 1001, 1001, 1001, 1001, 1500, 1500, 1500, 1500] | 13:19:27.721983
[1500, 1500, 988, 1500, 988, 988, 988, 988, 1001, 1001, 1001, 1001, 1500, 1500, 1500, 1500] | 13:19:27.730148
[1500, 1500, 988, 1500, 988, 988, 988, 988, 1001, 1001, 1001, 1001, 1500, 1500, 1500, 1500] | 13:19:27.735418
[1500, 1500, 988, 1500, 988, 988, 988, 988, 1001, 1001, 1001, 1001, 1500, 1500, 1500, 1500] | 13:19:27.742282
[1500, 1500, 988, 1500, 988, 988, 988, 988, 1001, 1001, 1001, 1001, 1500, 1500, 1500, 1500] | 13:19:27.748777
13:19:27.752254 ALT: -0.22
13:19:27.752350 ATT: [-21.2, 0.8, 7]
13:19:27.752641 ACC: [-7, -187, 479]
[1500, 1500, 988, 1500, 988, 988, 988, 988, 1001, 1001, 1001, 1001, 1500, 1500, 1500, 1500] | 13:19:27.755748
[1500, 1500, 988, 1500, 988, 988, 988, 988, 1001, 1001, 1001, 1001, 1500, 1500, 1500, 1500] | 13:19:27.762014
[1500, 1500, 988, 1500, 988, 988, 988, 988, 1001, 1001, 1001, 1001, 1500, 1500, 1500, 1500] | 13:19:27.769081
[1500, 1499, 988, 1500, 988, 988, 988, 988, 1001, 1001, 1001, 1001, 1500, 1500, 1500, 1500] | 13:19:27.777435
[1500, 1499, 988, 1500, 988, 988, 988, 988, 1001, 1001, 1001, 1001, 1500, 1500, 1500, 1500] | 13:19:27.781792
[1500, 1499, 988, 1500, 988, 988, 988, 988, 1001, 1001, 1001, 1001, 1500, 1500, 1500, 1500] | 13:19:27.793620
[1500, 1499, 988, 1500, 988, 988, 988, 988, 1001, 1001, 1001, 1001, 1500, 1500, 1500, 1500] | 13:19:27.795110
13:19:27.800278 ALT: -0.22
13:19:27.800418 ATT: [-21.2, 0.8, 7]
13:19:27.800782 ACC: [-7, -186, 479]
[1500, 1499, 988, 1500, 988, 988, 988, 988, 1001, 1001, 1001, 1001, 1500, 1500, 1500, 1500] | 13:19:27.802029
[1500, 1499, 988, 1500, 988, 988, 988, 988, 1001, 1001, 1001, 1001, 1500, 1500, 1500, 1500] | 13:19:27.809336
[1500, 1499, 988, 1500, 988, 988, 988, 988, 1001, 1001, 1001, 1001, 1500, 1500, 1500, 1500] | 13:19:27.815063
[1500, 1499, 988, 1500, 988, 988, 988, 988, 1001, 1001, 1001, 1001, 1500, 1500, 1500, 1500] | 13:19:27.822274
[1500, 1499, 988, 1500, 988, 988, 988, 988, 1001, 1001, 1001, 1001, 1500, 1500, 1500, 1500] | 13:19:27.829117
[1500, 1500, 988, 1500, 988, 988, 988, 988, 1001, 1001, 1001, 1001, 1500, 1500, 1500, 1500] | 13:19:27.835232
[1500, 1500, 988, 1500, 988, 988, 988, 988, 1001, 1001, 1001, 1001, 1500, 1500, 1500, 1500] | 13:19:27.843049
13:19:27.848262 ALT: -0.22
13:19:27.848367 ATT: [-21.2, 0.8, 7]
[1500, 1500, 988, 1500, 988, 988, 988, 988, 1001, 1001, 1001, 1001, 1500, 1500, 1500, 1500] | 13:19:27.849179
13:19:27.849383 ACC: [-7, -186, 479]
[1500, 1500, 988, 1500, 986, 988, 988, 988, 1001, 1001, 1001, 1001, 1500, 1500, 1500, 1500] | 13:19:27.857328
[1500, 1500, 988, 1500, 986, 988, 988, 988, 1001, 1001, 1001, 1001, 1500, 1500, 1500, 1500] | 13:19:27.862304
[1500, 1500, 988, 1500, 986, 988, 988, 988, 1001, 1001, 1001, 1001, 1500, 1500, 1500, 1500] | 13:19:27.874036
[1500, 1500, 988, 1500, 988, 988, 988, 988, 1001, 1001, 1001, 1001, 1500, 1500, 1500, 1500] | 13:19:27.876487
[1500, 1500, 988, 1500, 988, 988, 988, 988, 1001, 1001, 1001, 1001, 1500, 1500, 1500, 1500] | 13:19:27.881778
[1500, 1500, 988, 1500, 988, 988, 988, 988, 1001, 1001, 1001, 1001, 1500, 1500, 1500, 1500] | 13:19:27.888788
[1500, 1500, 988, 1500, 988, 988, 988, 988, 1001, 1001, 1001, 1001, 1500, 1500, 1500, 1500] | 13:19:27.896001
13:19:27.896499 ALT: -0.22
13:19:27.896565 ATT: [-21.2, 0.8, 7]
13:19:27.896811 ACC: [-7, -186, 480]
[1500, 1500, 988, 1500, 988, 988, 988, 988, 1001, 1001, 1001, 1001, 1500, 1500, 1500, 1500] | 13:19:27.902118
[1500, 1500, 988, 1500, 988, 988, 988, 988, 1001, 1001, 1001, 1001, 1500, 1500, 1500, 1500] | 13:19:27.912184
[1500, 1500, 988, 1500, 988, 988, 988, 988, 1001, 1001, 1001, 1001, 1500, 1500, 1500, 1500] | 13:19:27.915078
[1500, 1500, 988, 1500, 988, 988, 988, 988, 1001, 1001, 1001, 1001, 1500, 1500, 1500, 1500] | 13:19:27.924815
[1500, 1500, 988, 1500, 988, 988, 988, 988, 1001, 1001, 1001, 1001, 1500, 1500, 1500, 1500] | 13:19:27.929279
[1500, 1500, 988, 1500, 988, 988, 988, 988, 1001, 1001, 1001, 1001, 1500, 1500, 1500, 1500] | 13:19:27.935096
[1500, 1500, 988, 1500, 988, 988, 988, 988, 1001, 1001, 1001, 1001, 1500, 1500, 1500, 1500] | 13:19:27.941843
13:19:27.944280 ALT: -0.22
13:19:27.944408 ATT: [-21.2, 0.8, 7]
13:19:27.944793 ACC: [-7, -187, 479]
[1500, 1500, 988, 1500, 988, 988, 988, 988, 1001, 1001, 1001, 1001, 1500, 1500, 1500, 1500] | 13:19:27.948826
[1500, 1500, 988, 1500, 988, 988, 988, 988, 1001, 1001, 1001, 1001, 1500, 1500, 1500, 1500] | 13:19:27.955909
[1500, 1500, 988, 1500, 988, 988, 988, 988, 1001, 1001, 1001, 1001, 1500, 1500, 1500, 1500] | 13:19:27.962140
[1500, 1500, 988, 1500, 988, 988, 988, 988, 1001, 1001, 1001, 1001, 1500, 1500, 1500, 1500] | 13:19:27.971767
[1500, 1500, 988, 1500, 988, 988, 988, 988, 1001, 1001, 1001, 1001, 1500, 1500, 1500, 1500] | 13:19:27.976960
[1500, 1500, 988, 1500, 988, 988, 988, 988, 1001, 1001, 1001, 1001, 1500, 1500, 1500, 1500] | 13:19:27.981817
[1499, 1500, 988, 1500, 988, 988, 988, 988, 1001, 1001, 1001, 1001, 1500, 1500, 1500, 1500] | 13:19:27.992670
13:19:27.993793 ALT: -0.22
13:19:27.993928 ATT: [-21.2, 0.8, 7]
13:19:27.994501 ACC: [-7, -186, 480]
[1499, 1500, 988, 1500, 988, 988, 988, 988, 1001, 1001, 1001, 1001, 1500, 1500, 1500, 1500] | 13:19:28.001038
[1499, 1500, 988, 1500, 988, 988, 988, 988, 1001, 1001, 1001, 1001, 1500, 1500, 1500, 1500] | 13:19:28.001847
[1500, 1500, 988, 1500, 988, 988, 988, 988, 1001, 1001, 1001, 1001, 1500, 1500, 1500, 1500] | 13:19:28.009078
[1500, 1500, 988, 1500, 988, 988, 988, 988, 1001, 1001, 1001, 1001, 1500, 1500, 1500, 1500] | 13:19:28.015146
[1500, 1500, 988, 1500, 988, 988, 988, 988, 1001, 1001, 1001, 1001, 1500, 1500, 1500, 1500] | 13:19:28.022173
[1500, 1500, 988, 1500, 988, 988, 988, 988, 1001, 1001, 1001, 1001, 1500, 1500, 1500, 1500] | 13:19:28.028488
[1500, 1500, 988, 1500, 988, 988, 988, 988, 1001, 1001, 1001, 1001, 1500, 1500, 1500, 1500] | 13:19:28.035158
13:19:28.041017 ALT: -0.16
13:19:28.041312 ATT: [-21.2, 0.8, 7]
13:19:28.041639 ACC: [-7, -187, 480]
[1500, 1500, 988, 1500, 988, 988, 988, 988, 1001, 1001, 1001, 1001, 1500, 1500, 1500, 1500] | 13:19:28.043712
[1500, 1500, 988, 1500, 988, 988, 988, 988, 1001, 1001, 1001, 1001, 1500, 1500, 1500, 1500] | 13:19:28.048568
[1500, 1500, 988, 1499, 988, 988, 988, 988, 1001, 1001, 1001, 1001, 1500, 1500, 1500, 1500] | 13:19:28.055223
[1500, 1500, 988, 1499, 988, 988, 988, 988, 1001, 1001, 1001, 1001, 1500, 1500, 1500, 1500] | 13:19:28.061979
[1499, 1500, 988, 1499, 988, 988, 988, 988, 1001, 1001, 1001, 1001, 1500, 1500, 1500, 1500] | 13:19:28.068591
[1499, 1500, 988, 1500, 988, 988, 988, 988, 1001, 1001, 1001, 1001, 1500, 1500, 1500, 1500] | 13:19:28.077844
[1499, 1500, 988, 1500, 988, 988, 988, 988, 1001, 1001, 1001, 1001, 1500, 1500, 1500, 1500] | 13:19:28.081983
[1500, 1500, 988, 1500, 988, 988, 988, 988, 1001, 1001, 1001, 1001, 1500, 1500, 1500, 1500] | 13:19:28.089157
13:19:28.090873 ALT: -0.13
13:19:28.090972 ATT: [-21.2, 0.8, 7]
13:19:28.091329 ACC: [-7, -186, 480]
[1500, 1499, 988, 1500, 988, 988, 988, 988, 1001, 1001, 1001, 1001, 1500, 1500, 1500, 1500] | 13:19:28.095791
[1500, 1499, 988, 1500, 988, 988, 988, 988, 1001, 1001, 1001, 1001, 1500, 1500, 1500, 1500] | 13:19:28.102126
[1501, 1499, 988, 1500, 988, 988, 988, 988, 1001, 1001, 1001, 1001, 1500, 1500, 1500, 1500] | 13:19:28.108825
[1501, 1499, 986, 1500, 988, 988, 988, 988, 1001, 1001, 1001, 1001, 1500, 1500, 1500, 1500] | 13:19:28.115329
[1501, 1499, 986, 1500, 988, 988, 988, 988, 1001, 1001, 1001, 1001, 1500, 1500, 1500, 1500] | 13:19:28.123334
[1500, 1499, 986, 1500, 988, 988, 988, 988, 1001, 1001, 1001, 1001, 1500, 1500, 1500, 1500] | 13:19:28.128640
[1500, 1500, 988, 1500, 988, 988, 988, 988, 1001, 1001, 1001, 1001, 1500, 1500, 1500, 1500] | 13:19:28.135545
13:19:28.144462 ALT: -0.13
13:19:28.144567 ATT: [-21.2, 0.8, 7]
13:19:28.144842 ACC: [-8, -187, 479]
[1500, 1500, 988, 1500, 988, 988, 988, 988, 1001, 1001, 1001, 1001, 1500, 1500, 1500, 1500] | 13:19:28.147787
[1499, 1500, 988, 1500, 988, 988, 988, 988, 1001, 1001, 1001, 1001, 1500, 1500, 1500, 1500] | 13:19:28.148635
[1499, 1500, 988, 1500, 988, 988, 988, 988, 1001, 1001, 1001, 1001, 1500, 1500, 1500, 1500] | 13:19:28.155701
[1499, 1500, 988, 1500, 988, 988, 988, 988, 1001, 1001, 1001, 1001, 1500, 1500, 1500, 1500] | 13:19:28.161978
[1500, 1500, 988, 1500, 988, 988, 988, 988, 1001, 1001, 1001, 1001, 1500, 1500, 1500, 1500] | 13:19:28.171856
[1500, 1500, 988, 1500, 988, 988, 988, 988, 1001, 1001, 1001, 1001, 1500, 1500, 1500, 1500] | 13:19:28.175689
[1500, 1500, 988, 1500, 988, 988, 988, 988, 1001, 1001, 1001, 1001, 1500, 1500, 1500, 1500] | 13:19:28.182157
[1499, 1500, 988, 1500, 988, 988, 988, 988, 1001, 1001, 1001, 1001, 1500, 1500, 1500, 1500] | 13:19:28.188567
[1499, 1500, 988, 1500, 988, 988, 988, 988, 1001, 1001, 1001, 1001, 1500, 1500, 1500, 1500] | 13:19:28.195486
13:19:28.200324 ALT: -0.13
13:19:28.200471 ATT: [-21.2, 0.8, 7]
13:19:28.200788 ACC: [-7, -186, 479]
[1499, 1500, 988, 1500, 988, 988, 988, 988, 1001, 1001, 1001, 1001, 1500, 1500, 1500, 1500] | 13:19:28.202051
[1500, 1500, 988, 1500, 988, 988, 988, 988, 1001, 1001, 1001, 1001, 1500, 1500, 1500, 1500] | 13:19:28.208850
[1500, 1500, 988, 1500, 988, 988, 988, 988, 1001, 1001, 1001, 1001, 1500, 1500, 1500, 1500] | 13:19:28.215349
[1500, 1500, 988, 1500, 988, 988, 988, 988, 1001, 1001, 1001, 1001, 1500, 1500, 1500, 1500] | 13:19:28.221882
[1500, 1500, 988, 1500, 988, 988, 988, 988, 1001, 1001, 1001, 1001, 1500, 1500, 1500, 1500] | 13:19:28.231671
[1500, 1500, 988, 1500, 988, 988, 988, 988, 1001, 1001, 1001, 1001, 1500, 1500, 1500, 1500] | 13:19:28.235326
[1500, 1500, 988, 1500, 988, 988, 988, 988, 1001, 1001, 1001, 1001, 1500, 1500, 1500, 1500] | 13:19:28.241932
13:19:28.248746 ALT: -0.13
13:19:28.248844 ATT: [-21.2, 0.8, 6]
[1500, 1500, 988, 1500, 988, 988, 988, 988, 1001, 1001, 1001, 1001, 1500, 1500, 1500, 1500] | 13:19:28.249633
13:19:28.249883 ACC: [-7, -186, 480]
[1500, 1499, 988, 1500, 988, 988, 988, 988, 1001, 1001, 1001, 1001, 1500, 1500, 1500, 1500] | 13:19:28.255239
[1500, 1499, 988, 1500, 988, 988, 988, 988, 1001, 1001, 1001, 1001, 1500, 1500, 1500, 1500] | 13:19:28.261862
[1499, 1499, 988, 1500, 988, 988, 988, 988, 1001, 1001, 1001, 1001, 1500, 1500, 1500, 1500] | 13:19:28.268772
[1499, 1500, 988, 1500, 988, 988, 988, 988, 1001, 1001, 1001, 1001, 1500, 1500, 1500, 1500] | 13:19:28.275258
[1499, 1500, 988, 1500, 988, 988, 988, 988, 1001, 1001, 1001, 1001, 1500, 1500, 1500, 1500] | 13:19:28.282065
[1500, 1500, 988, 1500, 988, 988, 988, 988, 1001, 1001, 1001, 1001, 1500, 1500, 1500, 1500] | 13:19:28.291215
[1500, 1500, 988, 1500, 988, 988, 988, 988, 1001, 1001, 1001, 1001, 1500, 1500, 1500, 1500] | 13:19:28.295190
13:19:28.296314 ALT: -0.13
13:19:28.296413 ATT: [-21.2, 0.8, 6]
13:19:28.296716 ACC: [-7, -186, 480]
[1500, 1500, 988, 1500, 988, 988, 988, 988, 1001, 1001, 1001, 1001, 1500, 1500, 1500, 1500] | 13:19:28.302089
[1500, 1500, 988, 1500, 988, 988, 988, 988, 1001, 1001, 1001, 1001, 1500, 1500, 1500, 1500] | 13:19:28.309361
[1500, 1499, 988, 1499, 988, 988, 988, 988, 1001, 1001, 1001, 1001, 1500, 1500, 1500, 1500] | 13:19:28.315645
[1500, 1499, 988, 1499, 988, 988, 988, 988, 1001, 1001, 1001, 1001, 1500, 1500, 1500, 1500] | 13:19:28.321859
[1500, 1499, 988, 1499, 988, 988, 988, 988, 1001, 1001, 1001, 1001, 1500, 1500, 1500, 1500] | 13:19:28.329181
[1500, 1500, 988, 1500, 988, 988, 988, 988, 1001, 1001, 1001, 1001, 1500, 1500, 1500, 1500] | 13:19:28.335703
[1500, 1500, 988, 1500, 988, 988, 988, 988, 1001, 1001, 1001, 1001, 1500, 1500, 1500, 1500] | 13:19:28.343562
13:19:28.344368 ALT: -0.13
13:19:28.344469 ATT: [-21.2, 0.8, 6]
13:19:28.344752 ACC: [-8, -186, 480]
[1499, 1500, 988, 1500, 988, 988, 988, 988, 1001, 1001, 1001, 1001, 1500, 1500, 1500, 1500] | 13:19:28.348591
[1499, 1500, 988, 1500, 988, 988, 988, 988, 1001, 1001, 1001, 1001, 1500, 1500, 1500, 1500] | 13:19:28.356343
[1499, 1500, 988, 1500, 988, 988, 988, 988, 1001, 1001, 1001, 1001, 1500, 1500, 1500, 1500] | 13:19:28.362070
[1500, 1500, 988, 1500, 988, 988, 988, 988, 1001, 1001, 1001, 1001, 1500, 1500, 1500, 1500] | 13:19:28.368837
[1500, 1500, 988, 1500, 988, 988, 988, 988, 1001, 1001, 1001, 1001, 1500, 1500, 1500, 1500] | 13:19:28.375160
[1500, 1500, 988, 1500, 988, 988, 988, 989, 1001, 1001, 1001, 1001, 1500, 1500, 1500, 1500] | 13:19:28.382323
[1499, 1500, 988, 1500, 988, 988, 988, 989, 1001, 1001, 1001, 1001, 1500, 1500, 1500, 1500] | 13:19:28.391644
13:19:28.393169 ALT: -0.13
13:19:28.393299 ATT: [-21.2, 0.8, 6]
13:19:28.393948 ACC: [-7, -186, 480]
[1499, 1500, 988, 1500, 988, 988, 988, 989, 1001, 1001, 1001, 1001, 1500, 1500, 1500, 1500] | 13:19:28.395302
[1499, 1500, 988, 1500, 988, 988, 988, 988, 1001, 1001, 1001, 1001, 1500, 1500, 1500, 1500] | 13:19:28.401918
[1500, 1500, 988, 1500, 988, 988, 988, 988, 1001, 1001, 1001, 1001, 1500, 1500, 1500, 1500] | 13:19:28.410543
[1500, 1500, 988, 1500, 988, 988, 988, 988, 1001, 1001, 1001, 1001, 1500, 1500, 1500, 1500] | 13:19:28.415114
[1500, 1500, 988, 1500, 988, 988, 988, 988, 1001, 1001, 1001, 1001, 1500, 1500, 1500, 1500] | 13:19:28.421991
[1500, 1500, 988, 1500, 988, 988, 988, 988, 1001, 1001, 1001, 1001, 1500, 1500, 1500, 1500] | 13:19:28.428952
[1500, 1500, 988, 1500, 988, 988, 988, 988, 1001, 1001, 1001, 1001, 1500, 1500, 1500, 1500] | 13:19:28.435127
13:19:28.442861 ALT: -0.13
13:19:28.443021 ATT: [-21.2, 0.8, 6]
13:19:28.443506 ACC: [-7, -187, 480]
[1500, 1500, 988, 1500, 988, 988, 988, 988, 1001, 1001, 1001, 1001, 1500, 1500, 1500, 1500] | 13:19:28.444652
[1500, 1500, 988, 1500, 988, 988, 988, 988, 1001, 1001, 1001, 1001, 1500, 1500, 1500, 1500] | 13:19:28.448584
[1500, 1500, 988, 1500, 988, 988, 988, 988, 1001, 1001, 1001, 1001, 1500, 1500, 1500, 1500] | 13:19:28.455217
[1500, 1500, 988, 1500, 988, 988, 988, 988, 1001, 1001, 1001, 1001, 1500, 1500, 1500, 1500] | 13:19:28.463138
[1500, 1500, 988, 1500, 988, 988, 988, 988, 1001, 1001, 1001, 1001, 1500, 1500, 1500, 1500] | 13:19:28.469002
[1500, 1500, 988, 1500, 988, 988, 988, 988, 1001, 1001, 1001, 1001, 1500, 1500, 1500, 1500] | 13:19:28.476194
[1500, 1500, 988, 1500, 988, 988, 988, 988, 1001, 1001, 1001, 1001, 1500, 1500, 1500, 1500] | 13:19:28.481833
[1500, 1500, 988, 1500, 988, 988, 988, 988, 1001, 1001, 1001, 1001, 1500, 1500, 1500, 1500] | 13:19:28.488631
13:19:28.488825 ALT: -0.13
13:19:28.489099 ATT: [-21.2, 0.8, 6]
13:19:28.489498 ACC: [-7, -186, 480]
[1500, 1500, 988, 1499, 988, 988, 988, 988, 1001, 1001, 1001, 1001, 1500, 1500, 1500, 1500] | 13:19:28.495246
[1500, 1500, 988, 1499, 988, 988, 988, 988, 1001, 1001, 1001, 1001, 1500, 1500, 1500, 1500] | 13:19:28.501851
[1500, 1500, 988, 1499, 988, 988, 988, 988, 1001, 1001, 1001, 1001, 1500, 1500, 1500, 1500] | 13:19:28.508543
[1500, 1500, 988, 1500, 988, 988, 988, 988, 1001, 1001, 1001, 1001, 1500, 1500, 1500, 1500] | 13:19:28.515179
[1500, 1500, 988, 1500, 988, 988, 988, 988, 1001, 1001, 1001, 1001, 1500, 1500, 1500, 1500] | 13:19:28.522117
[1500, 1500, 988, 1500, 988, 988, 988, 988, 1001, 1001, 1001, 1001, 1500, 1500, 1500, 1500] | 13:19:28.529154
[1500, 1500, 988, 1500, 988, 988, 988, 988, 1001, 1001, 1001, 1001, 1500, 1500, 1500, 1500] | 13:19:28.535212
13:19:28.536380 ALT: -0.13
13:19:28.536484 ATT: [-21.2, 0.8, 6]
13:19:28.536811 ACC: [-7, -187, 480]
[1500, 1500, 988, 1500, 988, 988, 988, 988, 1001, 1001, 1001, 1001, 1500, 1500, 1500, 1500] | 13:19:28.544009
[1499, 1500, 988, 1500, 988, 988, 988, 988, 1001, 1001, 1001, 1001, 1500, 1500, 1500, 1500] | 13:19:28.548426
[1499, 1500, 988, 1499, 988, 988, 988, 988, 1001, 1001, 1001, 1001, 1500, 1500, 1500, 1500] | 13:19:28.555195
[1499, 1500, 988, 1499, 988, 988, 988, 988, 1001, 1001, 1001, 1001, 1500, 1500, 1500, 1500] | 13:19:28.562299
[1500, 1500, 988, 1499, 988, 988, 988, 988, 1001, 1001, 1001, 1001, 1500, 1500, 1500, 1500] | 13:19:28.568700
[1500, 1500, 988, 1500, 988, 988, 988, 988, 1001, 1001, 1001, 1001, 1500, 1500, 1500, 1500] | 13:19:28.575246
[1500, 1500, 988, 1500, 988, 988, 988, 988, 1001, 1001, 1001, 1001, 1500, 1500, 1500, 1500] | 13:19:28.581793
[1500, 1500, 988, 1500, 988, 988, 988, 988, 1001, 1001, 1001, 1001, 1500, 1500, 1500, 1500] | 13:19:28.589103
[1500, 1500, 988, 1500, 988, 988, 988, 988, 1001, 1001, 1001, 1001, 1500, 1500, 1500, 1500] | 13:19:28.595190
13:19:28.600380 ALT: -0.13
13:19:28.600470 ATT: [-21.2, 0.8, 6]
13:19:28.600722 ACC: [-7, -187, 480]
[1500, 1500, 988, 1500, 988, 988, 988, 988, 1001, 1001, 1001, 1001, 1500, 1500, 1500, 1500] | 13:19:28.601998
[1500, 1500, 988, 1500, 988, 988, 988, 988, 1001, 1001, 1001, 1001, 1500, 1500, 1500, 1500] | 13:19:28.608942
[1500, 1500, 988, 1499, 988, 988, 988, 988, 1001, 1001, 1001, 1001, 1500, 1500, 1500, 1500] | 13:19:28.615083
[1500, 1500, 988, 1499, 988, 988, 988, 988, 1001, 1001, 1001, 1001, 1500, 1500, 1500, 1500] | 13:19:28.622042
[1499, 1500, 988, 1499, 988, 988, 988, 988, 1001, 1001, 1001, 1001, 1500, 1500, 1500, 1500] | 13:19:28.629027
[1499, 1500, 988, 1500, 988, 988, 988, 988, 1001, 1001, 1001, 1001, 1500, 1500, 1500, 1500] | 13:19:28.635149
[1499, 1500, 988, 1500, 988, 988, 988, 988, 1001, 1001, 1001, 1001, 1500, 1500, 1500, 1500] | 13:19:28.642624
[1500, 1500, 988, 1500, 988, 988, 988, 988, 1001, 1001, 1001, 1001, 1500, 1500, 1500, 1500] | 13:19:28.648640
13:19:28.648841 ALT: -0.13
13:19:28.648886 ATT: [-21.2, 0.8, 6]
13:19:28.649100 ACC: [-7, -186, 479]
[1500, 1500, 988, 1499, 988, 988, 988, 988, 1001, 1001, 1001, 1001, 1500, 1500, 1500, 1500] | 13:19:28.655574
[1500, 1500, 988, 1499, 988, 988, 988, 988, 1001, 1001, 1001, 1001, 1500, 1500, 1500, 1500] | 13:19:28.662345
[1500, 1500, 988, 1499, 988, 988, 988, 988, 1001, 1001, 1001, 1001, 1500, 1500, 1500, 1500] | 13:19:28.668719
[1500, 1500, 988, 1499, 988, 988, 988, 988, 1001, 1001, 1001, 1001, 1500, 1500, 1500, 1500] | 13:19:28.675735
[1500, 1500, 988, 1499, 988, 988, 988, 988, 1001, 1001, 1001, 1001, 1500, 1500, 1500, 1500] | 13:19:28.681862
[1500, 1500, 988, 1499, 988, 988, 988, 988, 1001, 1001, 1001, 1001, 1500, 1500, 1500, 1500] | 13:19:28.689202
[1500, 1500, 988, 1500, 988, 988, 988, 988, 1001, 1001, 1001, 1001, 1500, 1500, 1500, 1500] | 13:19:28.695470
13:19:28.696613 ALT: -0.13
13:19:28.696706 ATT: [-21.2, 0.8, 6]
13:19:28.697098 ACC: [-8, -186, 480]
[1500, 1500, 988, 1500, 988, 988, 988, 988, 1001, 1001, 1001, 1001, 1500, 1500, 1500, 1500] | 13:19:28.702056
[1500, 1500, 988, 1500, 988, 988, 988, 988, 1001, 1001, 1001, 1001, 1500, 1500, 1500, 1500] | 13:19:28.709063
[1500, 1500, 988, 1500, 988, 988, 988, 988, 1001, 1001, 1001, 1001, 1500, 1500, 1500, 1500] | 13:19:28.715317
[1500, 1500, 988, 1500, 988, 988, 988, 988, 1001, 1001, 1001, 1001, 1500, 1500, 1500, 1500] | 13:19:28.721908
[1500, 1500, 988, 1500, 988, 988, 988, 988, 1001, 1001, 1001, 1001, 1500, 1500, 1500, 1500] | 13:19:28.729531
[1500, 1500, 988, 1500, 988, 988, 988, 988, 1001, 1001, 1001, 1001, 1500, 1500, 1500, 1500] | 13:19:28.735130
[1500, 1500, 988, 1500, 988, 988, 988, 988, 1001, 1001, 1001, 1001, 1500, 1500, 1500, 1500] | 13:19:28.743982
13:19:28.745592 ALT: -0.13
13:19:28.745699 ATT: [-21.2, 0.8, 6]
13:19:28.746402 ACC: [-8, -186, 480]
[1499, 1500, 988, 1500, 988, 988, 988, 988, 1001, 1001, 1001, 1001, 1500, 1500, 1500, 1500] | 13:19:28.749207
[1499, 1500, 988, 1500, 988, 988, 988, 988, 1001, 1001, 1001, 1001, 1500, 1500, 1500, 1500] | 13:19:28.755319
[1499, 1500, 988, 1500, 988, 988, 988, 988, 1001, 1001, 1001, 1001, 1500, 1500, 1500, 1500] | 13:19:28.762809
[1499, 1500, 988, 1500, 988, 988, 988, 988, 1001, 1001, 1001, 1001, 1500, 1500, 1500, 1500] | 13:19:28.768599
[1499, 1500, 988, 1500, 988, 988, 988, 988, 1001, 1001, 1001, 1001, 1500, 1500, 1500, 1500] | 13:19:28.775410
[1499, 1500, 988, 1500, 988, 988, 988, 988, 1001, 1001, 1001, 1001, 1500, 1500, 1500, 1500] | 13:19:28.781920
[1500, 1500, 988, 1500, 988, 988, 988, 988, 1001, 1001, 1001, 1001, 1500, 1500, 1500, 1500] | 13:19:28.789253
13:19:28.792856 ALT: -0.13
13:19:28.792954 ATT: [-21.2, 0.8, 5]
13:19:28.793365 ACC: [-7, -186, 480]
[1500, 1500, 988, 1500, 988, 988, 988, 988, 1001, 1001, 1001, 1001, 1500, 1500, 1500, 1500] | 13:19:28.795418
[1500, 1500, 988, 1500, 988, 988, 988, 988, 1001, 1001, 1001, 1001, 1500, 1500, 1500, 1500] | 13:19:28.809129
[1500, 1500, 988, 1500, 988, 988, 988, 988, 1001, 1001, 1001, 1001, 1500, 1500, 1500, 1500] | 13:19:28.810145
[1500, 1500, 988, 1499, 988, 988, 988, 988, 1001, 1001, 1001, 1001, 1500, 1500, 1500, 1500] | 13:19:28.815231
[1500, 1500, 988, 1499, 988, 988, 988, 988, 1001, 1001, 1001, 1001, 1500, 1500, 1500, 1500] | 13:19:28.825550
[1500, 1500, 988, 1499, 988, 988, 988, 988, 1001, 1001, 1001, 1001, 1500, 1500, 1500, 1500] | 13:19:28.828548
[1500, 1500, 988, 1500, 988, 988, 988, 988, 1001, 1001, 1001, 1001, 1500, 1500, 1500, 1500] | 13:19:28.835156
[1500, 1500, 988, 1500, 988, 988, 988, 988, 1001, 1001, 1001, 1001, 1500, 1500, 1500, 1500] | 13:19:28.842349
13:19:28.844151 ALT: -0.13
13:19:28.844507 ATT: [-21.2, 0.8, 5]
13:19:28.845360 ACC: [-7, -187, 480]
[1500, 1500, 988, 1500, 988, 988, 988, 988, 1001, 1001, 1001, 1001, 1500, 1500, 1500, 1500] | 13:19:28.848655
[1500, 1500, 988, 1500, 988, 988, 988, 988, 1001, 1001, 1001, 1001, 1500, 1500, 1500, 1500] | 13:19:28.856385
[1500, 1500, 988, 1500, 988, 988, 988, 988, 1001, 1001, 1001, 1001, 1500, 1500, 1500, 1500] | 13:19:28.862979
[1500, 1500, 988, 1500, 988, 988, 988, 988, 1001, 1001, 1001, 1001, 1500, 1500, 1500, 1500] | 13:19:28.868688
[1500, 1500, 988, 1499, 988, 988, 988, 988, 1001, 1001, 1001, 1001, 1500, 1500, 1500, 1500] | 13:19:28.876013
[1500, 1500, 988, 1499, 988, 988, 988, 988, 1001, 1001, 1001, 1001, 1500, 1500, 1500, 1500] | 13:19:28.881892
13:19:28.888804 ALT: -0.13
13:19:28.888963 ATT: [-21.2, 0.8, 5]
13:19:28.889443 ACC: [-8, -187, 479]
[1499, 1500, 988, 1499, 988, 988, 988, 988, 1001, 1001, 1001, 1001, 1500, 1500, 1500, 1500] | 13:19:28.893315
[1499, 1500, 988, 1500, 988, 988, 988, 988, 1001, 1001, 1001, 1001, 1500, 1500, 1500, 1500] | 13:19:28.897192
[1499, 1500, 988, 1500, 988, 988, 988, 988, 1001, 1001, 1001, 1001, 1500, 1500, 1500, 1500] | 13:19:28.903902
[1500, 1500, 988, 1500, 988, 988, 988, 988, 1001, 1001, 1001, 1001, 1500, 1500, 1500, 1500] | 13:19:28.908573
[1500, 1499, 988, 1500, 988, 988, 988, 988, 1001, 1001, 1001, 1001, 1500, 1500, 1500, 1500] | 13:19:28.915301
[1500, 1499, 988, 1500, 988, 988, 988, 988, 1001, 1001, 1001, 1001, 1500, 1500, 1500, 1500] | 13:19:28.922267
[1500, 1499, 988, 1500, 988, 988, 988, 988, 1001, 1001, 1001, 1001, 1500, 1500, 1500, 1500] | 13:19:28.928503
[1500, 1500, 988, 1500, 988, 988, 988, 988, 1001, 1001, 1001, 1001, 1500, 1500, 1500, 1500] | 13:19:28.935113
13:19:28.936431 ALT: -0.13
13:19:28.936531 ATT: [-21.3, 0.8, 5]
13:19:28.936885 ACC: [-7, -187, 480]
[1500, 1500, 988, 1500, 988, 988, 988, 988, 1001, 1001, 1001, 1001, 1500, 1500, 1500, 1500] | 13:19:28.942731
[1500, 1500, 988, 1500, 988, 988, 988, 988, 1001, 1001, 1001, 1001, 1500, 1500, 1500, 1500] | 13:19:28.948636
[1500, 1500, 988, 1499, 988, 988, 988, 988, 1001, 1001, 1001, 1001, 1500, 1500, 1500, 1500] | 13:19:28.955328
[1500, 1500, 988, 1499, 988, 988, 988, 988, 1001, 1001, 1001, 1001, 1500, 1500, 1500, 1500] | 13:19:28.962376
[1500, 1500, 988, 1499, 988, 988, 988, 988, 1001, 1001, 1001, 1001, 1500, 1500, 1500, 1500] | 13:19:28.968754
[1500, 1500, 988, 1500, 988, 988, 988, 988, 1001, 1001, 1001, 1001, 1500, 1500, 1500, 1500] | 13:19:28.975434
[1500, 1500, 988, 1500, 988, 988, 988, 988, 1001, 1001, 1001, 1001, 1500, 1500, 1500, 1500] | 13:19:28.981957
[1500, 1500, 988, 1500, 988, 988, 988, 988, 1001, 1001, 1001, 1001, 1500, 1500, 1500, 1500] | 13:19:28.988978
13:19:28.990777 ALT: -0.13
13:19:28.990881 ATT: [-21.3, 0.8, 5]
13:19:28.994951 ACC: [-7, -186, 480]
[1500, 1500, 988, 1500, 988, 988, 988, 988, 1001, 1001, 1001, 1001, 1500, 1500, 1500, 1500] | 13:19:28.996048
[1500, 1500, 988, 1500, 988, 988, 988, 988, 1001, 1001, 1001, 1001, 1500, 1500, 1500, 1500] | 13:19:29.001929
[1500, 1500, 988, 1500, 988, 988, 988, 988, 1001, 1001, 1001, 1001, 1500, 1500, 1500, 1500] | 13:19:29.009889
[1500, 1500, 988, 1499, 988, 988, 988, 988, 1001, 1001, 1001, 1001, 1500, 1500, 1500, 1500] | 13:19:29.015187
[1500, 1500, 988, 1499, 988, 988, 988, 988, 1001, 1001, 1001, 1001, 1500, 1500, 1500, 1500] | 13:19:29.022317
[1500, 1500, 988, 1499, 988, 988, 988, 988, 1001, 1001, 1001, 1001, 1500, 1500, 1500, 1500] | 13:19:29.028924
[1500, 1500, 988, 1500, 988, 988, 988, 988, 1001, 1001, 1001, 1001, 1500, 1500, 1500, 1500] | 13:19:29.035173
[1500, 1500, 988, 1500, 988, 988, 988, 988, 1001, 1001, 1001, 1001, 1500, 1500, 1500, 1500] | 13:19:29.045666
[1500, 1500, 988, 1500, 988, 988, 988, 988, 1001, 1001, 1001, 1001, 1500, 1500, 1500, 1500] | 13:19:29.048647
13:19:29.048853 ALT: -0.13
13:19:29.048906 ATT: [-21.3, 0.8, 5]
13:19:29.049166 ACC: [-7, -186, 479]
[1500, 1500, 988, 1500, 988, 988, 988, 988, 1001, 1001, 1001, 1001, 1500, 1500, 1500, 1500] | 13:19:29.055342
[1500, 1500, 988, 1500, 988, 988, 988, 988, 1001, 1001, 1001, 1001, 1500, 1500, 1500, 1500] | 13:19:29.061912
[1499, 1500, 988, 1500, 988, 988, 988, 988, 1001, 1001, 1001, 1001, 1500, 1500, 1500, 1500] | 13:19:29.068540
[1499, 1500, 988, 1500, 988, 988, 988, 988, 1001, 1001, 1001, 1001, 1500, 1500, 1500, 1500] | 13:19:29.075399
[1499, 1500, 988, 1500, 988, 988, 988, 988, 1001, 1001, 1001, 1001, 1500, 1500, 1500, 1500] | 13:19:29.081939
[1500, 1500, 988, 1500, 988, 988, 988, 988, 1001, 1001, 1001, 1001, 1500, 1500, 1500, 1500] | 13:19:29.089406
[1500, 1500, 988, 1499, 988, 988, 988, 988, 1001, 1001, 1001, 1001, 1500, 1500, 1500, 1500] | 13:19:29.095378
13:19:29.096331 ALT: -0.13
13:19:29.096390 ATT: [-21.2, 0.8, 5]
13:19:29.096634 ACC: [-7, -186, 480]
[1500, 1500, 988, 1499, 988, 988, 988, 988, 1001, 1001, 1001, 1001, 1500, 1500, 1500, 1500] | 13:19:29.102023
[1500, 1500, 988, 1499, 988, 988, 988, 988, 1001, 1001, 1001, 1001, 1500, 1500, 1500, 1500] | 13:19:29.110356
[1500, 1500, 988, 1499, 988, 988, 988, 988, 1001, 1001, 1001, 1001, 1500, 1500, 1500, 1500] | 13:19:29.115109
[1500, 1500, 988, 1499, 988, 988, 988, 988, 1001, 1001, 1001, 1001, 1500, 1500, 1500, 1500] | 13:19:29.122181
[1500, 1500, 988, 1499, 988, 988, 988, 988, 1001, 1001, 1001, 1001, 1500, 1500, 1500, 1500] | 13:19:29.128996
[1500, 1500, 988, 1500, 988, 988, 988, 988, 1001, 1001, 1001, 1001, 1500, 1500, 1500, 1500] | 13:19:29.135158
[1500, 1500, 988, 1500, 988, 988, 988, 988, 1001, 1001, 1001, 1001, 1500, 1500, 1500, 1500] | 13:19:29.142617
13:19:29.146144 ALT: -0.13
13:19:29.146236 ATT: [-21.2, 0.8, 5]
13:19:29.146735 ACC: [-7, -187, 480]
[1500, 1500, 988, 1500, 988, 988, 988, 988, 1001, 1001, 1001, 1001, 1500, 1500, 1500, 1500] | 13:19:29.148958
[1500, 1499, 988, 1500, 988, 988, 988, 988, 1001, 1001, 1001, 1001, 1500, 1500, 1500, 1500] | 13:19:29.155616
[1500, 1499, 988, 1500, 988, 988, 988, 988, 1001, 1001, 1001, 1001, 1500, 1500, 1500, 1500] | 13:19:29.162794
[1499, 1499, 988, 1500, 988, 988, 988, 988, 1001, 1001, 1001, 1001, 1500, 1500, 1500, 1500] | 13:19:29.169836
[1499, 1500, 988, 1500, 988, 988, 988, 988, 1001, 1001, 1001, 1001, 1500, 1500, 1500, 1500] | 13:19:29.178208
[1499, 1500, 988, 1500, 988, 988, 988, 988, 1001, 1001, 1001, 1001, 1500, 1500, 1500, 1500] | 13:19:29.181853
[1500, 1500, 988, 1500, 988, 988, 988, 988, 1001, 1001, 1001, 1001, 1500, 1500, 1500, 1500] | 13:19:29.190046
13:19:29.192741 ALT: -0.13
13:19:29.193017 ATT: [-21.2, 0.8, 5]
13:19:29.193990 ACC: [-7, -186, 480]
[1500, 1499, 988, 1500, 988, 988, 988, 988, 1001, 1001, 1001, 1001, 1500, 1500, 1500, 1500] | 13:19:29.195172
[1500, 1499, 988, 1500, 988, 988, 988, 988, 1001, 1001, 1001, 1001, 1500, 1500, 1500, 1500] | 13:19:29.201935
[1500, 1499, 988, 1500, 988, 988, 988, 988, 1001, 1001, 1001, 1001, 1500, 1500, 1500, 1500] | 13:19:29.209750
[1500, 1499, 988, 1500, 988, 988, 988, 988, 1001, 1001, 1001, 1001, 1500, 1500, 1500, 1500] | 13:19:29.215081
[1500, 1499, 988, 1500, 988, 988, 988, 988, 1001, 1001, 1001, 1001, 1500, 1500, 1500, 1500] | 13:19:29.222365
[1500, 1499, 988, 1500, 988, 988, 988, 988, 1001, 1001, 1001, 1001, 1500, 1500, 1500, 1500] | 13:19:29.228480
[1500, 1500, 988, 1500, 988, 988, 988, 988, 1001, 1001, 1001, 1001, 1500, 1500, 1500, 1500] | 13:19:29.235112
13:19:29.242988 ALT: -0.13
13:19:29.243170 ATT: [-21.2, 0.8, 5]
13:19:29.244315 ACC: [-7, -186, 479]
[1500, 1500, 988, 1500, 988, 988, 988, 988, 1001, 1001, 1001, 1001, 1500, 1500, 1500, 1500] | 13:19:29.248615
[1500, 1500, 988, 1500, 988, 988, 988, 988, 1001, 1001, 1001, 1001, 1500, 1500, 1500, 1500] | 13:19:29.249432
[1500, 1500, 988, 1500, 988, 988, 988, 988, 1001, 1001, 1001, 1001, 1500, 1500, 1500, 1500] | 13:19:29.255982
[1500, 1500, 988, 1500, 988, 988, 988, 988, 1001, 1001, 1001, 1001, 1500, 1500, 1500, 1500] | 13:19:29.262545
[1500, 1500, 988, 1500, 988, 988, 988, 988, 1001, 1001, 1001, 1001, 1500, 1500, 1500, 1500] | 13:19:29.268715
[1500, 1500, 988, 1500, 988, 988, 988, 988, 1001, 1001, 1001, 1001, 1500, 1500, 1500, 1500] | 13:19:29.278189
[1500, 1500, 988, 1500, 988, 988, 988, 988, 1001, 1001, 1001, 1001, 1500, 1500, 1500, 1500] | 13:19:29.281842
[1500, 1500, 988, 1500, 988, 988, 988, 988, 1001, 1001, 1001, 1001, 1500, 1500, 1500, 1500] | 13:19:29.289745
13:19:29.294852 ALT: -0.13
13:19:29.294951 ATT: [-21.2, 0.8, 5]
13:19:29.295220 ACC: [-7, -187, 480]
[1500, 1499, 988, 1500, 988, 988, 988, 988, 1001, 1001, 1001, 1001, 1500, 1500, 1500, 1500] | 13:19:29.295979
[1500, 1499, 988, 1500, 988, 988, 988, 988, 1001, 1001, 1001, 1001, 1500, 1500, 1500, 1500] | 13:19:29.302656
[1500, 1499, 988, 1500, 988, 988, 988, 988, 1001, 1001, 1001, 1001, 1500, 1500, 1500, 1500] | 13:19:29.314408
[1500, 1499, 988, 1500, 988, 988, 988, 988, 1001, 1001, 1001, 1001, 1500, 1500, 1500, 1500] | 13:19:29.315345
[1500, 1499, 988, 1500, 988, 988, 988, 988, 1001, 1001, 1001, 1001, 1500, 1500, 1500, 1500] | 13:19:29.322020
[1500, 1499, 988, 1500, 988, 988, 988, 988, 1001, 1001, 1001, 1001, 1500, 1500, 1500, 1500] | 13:19:29.328478
[1500, 1500, 988, 1500, 988, 988, 988, 988, 1001, 1001, 1001, 1001, 1500, 1500, 1500, 1500] | 13:19:29.335128
13:19:29.337182 ALT: -0.13
13:19:29.337372 ATT: [-21.2, 0.8, 5]
13:19:29.337883 ACC: [-8, -186, 479]
[1500, 1500, 988, 1500, 988, 988, 988, 988, 1001, 1001, 1001, 1001, 1500, 1500, 1500, 1500] | 13:19:29.343490
[1499, 1500, 988, 1500, 988, 988, 988, 988, 1001, 1001, 1001, 1001, 1500, 1500, 1500, 1500] | 13:19:29.348532
[1499, 1500, 988, 1500, 988, 988, 988, 988, 1001, 1001, 1001, 1001, 1500, 1500, 1500, 1500] | 13:19:29.356073
[1499, 1500, 988, 1500, 988, 988, 988, 988, 1001, 1001, 1001, 1001, 1500, 1500, 1500, 1500] | 13:19:29.362017
[1500, 1500, 988, 1500, 988, 988, 988, 988, 1001, 1001, 1001, 1001, 1500, 1500, 1500, 1500] | 13:19:29.370612
[1500, 1500, 988, 1500, 988, 988, 988, 988, 1001, 1001, 1001, 1001, 1500, 1500, 1500, 1500] | 13:19:29.375693
[1500, 1500, 988, 1500, 988, 988, 988, 988, 1001, 1001, 1001, 1001, 1500, 1500, 1500, 1500] | 13:19:29.386675
[1500, 1500, 988, 1500, 988, 988, 988, 988, 1001, 1001, 1001, 1001, 1500, 1500, 1500, 1500] | 13:19:29.391957
[1500, 1500, 988, 1500, 988, 988, 988, 988, 1001, 1001, 1001, 1001, 1500, 1500, 1500, 1500] | 13:19:29.395193
[1500, 1500, 988, 1500, 988, 988, 988, 988, 1001, 1001, 1001, 1001, 1500, 1500, 1500, 1500] | 13:19:29.402073
[1500, 1500, 988, 1500, 988, 988, 988, 988, 1001, 1001, 1001, 1001, 1500, 1500, 1500, 1500] | 13:19:29.409782
[1500, 1499, 988, 1500, 988, 988, 988, 988, 1001, 1001, 1001, 1001, 1500, 1500, 1500, 1500] | 13:19:29.415212
[1500, 1499, 988, 1500, 988, 988, 988, 988, 1001, 1001, 1001, 1001, 1500, 1500, 1500, 1500] | 13:19:29.422144
[1500, 1499, 988, 1500, 988, 988, 988, 988, 1001, 1001, 1001, 1001, 1500, 1500, 1500, 1500] | 13:19:29.428572
13:19:29.432552 ALT: -0.13
13:19:29.432655 ATT: [-21.2, 0.8, 4]
13:19:29.432933 ACC: [-7, -186, 479]
[1500, 1500, 988, 1500, 988, 988, 988, 988, 1001, 1001, 1001, 1001, 1500, 1500, 1500, 1500] | 13:19:29.435199
[1500, 1500, 988, 1500, 988, 988, 988, 988, 1001, 1001, 1001, 1001, 1500, 1500, 1500, 1500] | 13:19:29.444987
[1499, 1500, 988, 1500, 988, 988, 988, 988, 1001, 1001, 1001, 1001, 1500, 1500, 1500, 1500] | 13:19:29.448938
[1499, 1500, 988, 1500, 988, 988, 988, 988, 1001, 1001, 1001, 1001, 1500, 1500, 1500, 1500] | 13:19:29.455211
[1499, 1500, 988, 1500, 988, 988, 988, 988, 1001, 1001, 1001, 1001, 1500, 1500, 1500, 1500] | 13:19:29.461927
[1500, 1500, 988, 1500, 988, 988, 988, 988, 1001, 1001, 1001, 1001, 1500, 1500, 1500, 1500] | 13:19:29.469697
13:19:29.480408 ALT: -0.13
13:19:29.480510 ATT: [-21.2, 0.8, 4]
13:19:29.480762 ACC: [-7, -186, 480]
[1500, 1499, 988, 1499, 988, 988, 988, 988, 1001, 1001, 1001, 1001, 1500, 1500, 1500, 1500] | 13:19:29.481921
[1500, 1499, 988, 1499, 988, 988, 988, 988, 1001, 1001, 1001, 1001, 1500, 1500, 1500, 1500] | 13:19:29.488734
[1500, 1500, 988, 1499, 989, 988, 988, 988, 1001, 1001, 1001, 1001, 1500, 1500, 1500, 1500] | 13:19:29.495338
[1500, 1500, 988, 1499, 989, 988, 988, 988, 1001, 1001, 1001, 1001, 1500, 1500, 1500, 1500] | 13:19:29.501954
[1500, 1500, 988, 1499, 989, 988, 988, 988, 1001, 1001, 1001, 1001, 1500, 1500, 1500, 1500] | 13:19:29.509556
[1500, 1500, 988, 1500, 988, 988, 988, 988, 1001, 1001, 1001, 1001, 1500, 1500, 1500, 1500] | 13:19:29.515115
[1500, 1500, 988, 1500, 988, 988, 988, 988, 1001, 1001, 1001, 1001, 1500, 1500, 1500, 1500] | 13:19:29.522588
13:19:29.528455 ALT: -0.13
13:19:29.528548 ATT: [-21.2, 0.8, 4]
13:19:29.528858 ACC: [-8, -187, 480]
[1500, 1500, 988, 1500, 988, 988, 988, 988, 1001, 1001, 1001, 1001, 1500, 1500, 1500, 1500] | 13:19:29.529789
[1500, 1500, 988, 1500, 988, 988, 988, 988, 1001, 1001, 1001, 1001, 1500, 1500, 1500, 1500] | 13:19:29.535121
[1500, 1500, 988, 1500, 988, 988, 988, 988, 1001, 1001, 1001, 1001, 1500, 1500, 1500, 1500] | 13:19:29.541955
[1500, 1500, 988, 1500, 988, 988, 988, 988, 1001, 1001, 1001, 1001, 1500, 1500, 1500, 1500] | 13:19:29.548494
[1500, 1499, 988, 1500, 988, 988, 988, 988, 1001, 1001, 1001, 1001, 1500, 1500, 1500, 1500] | 13:19:29.555565
[1500, 1499, 988, 1500, 988, 988, 988, 988, 1001, 1001, 1001, 1001, 1500, 1500, 1500, 1500] | 13:19:29.563922
[1500, 1499, 988, 1500, 988, 988, 988, 988, 1001, 1001, 1001, 1001, 1500, 1500, 1500, 1500] | 13:19:29.568562
[1500, 1500, 988, 1500, 988, 988, 988, 988, 1001, 1001, 1001, 1001, 1500, 1500, 1500, 1500] | 13:19:29.575886
13:19:29.578833 ALT: -0.13
13:19:29.578926 ATT: [-21.2, 0.8, 4]
13:19:29.579224 ACC: [-7, -186, 479]
[1500, 1500, 988, 1500, 988, 988, 988, 988, 1001, 1001, 1001, 1001, 1500, 1500, 1500, 1500] | 13:19:29.582003
[1500, 1500, 988, 1500, 988, 988, 988, 988, 1001, 1001, 1001, 1001, 1500, 1500, 1500, 1500] | 13:19:29.590331
[1500, 1500, 988, 1500, 988, 988, 988, 988, 1001, 1001, 1001, 1001, 1500, 1500, 1500, 1500] | 13:19:29.595229
[1500, 1500, 988, 1500, 988, 988, 988, 988, 1001, 1001, 1001, 1001, 1500, 1500, 1500, 1500] | 13:19:29.601984
[1500, 1500, 988, 1500, 988, 988, 988, 988, 1001, 1001, 1001, 1001, 1500, 1500, 1500, 1500] | 13:19:29.611285
[1500, 1500, 988, 1500, 989, 986, 988, 988, 1001, 1001, 1001, 1001, 1500, 1500, 1500, 1500] | 13:19:29.615205
[1500, 1500, 988, 1500, 989, 986, 988, 988, 1001, 1001, 1001, 1001, 1500, 1500, 1500, 1500] | 13:19:29.622142
13:19:29.624770 ALT: -0.13
13:19:29.624886 ATT: [-21.2, 0.8, 4]
13:19:29.625244 ACC: [-7, -186, 479]
[1499, 1500, 988, 1500, 989, 986, 988, 988, 1001, 1001, 1001, 1001, 1500, 1500, 1500, 1500] | 13:19:29.628680
[1499, 1500, 988, 1500, 988, 988, 988, 988, 1001, 1001, 1001, 1001, 1500, 1500, 1500, 1500] | 13:19:29.635210
[1499, 1500, 988, 1500, 988, 988, 988, 988, 1001, 1001, 1001, 1001, 1500, 1500, 1500, 1500] | 13:19:29.642274
[1500, 1500, 988, 1500, 988, 988, 988, 988, 1001, 1001, 1001, 1001, 1500, 1500, 1500, 1500] | 13:19:29.648788
[1500, 1500, 988, 1500, 2011, 988, 988, 988, 1001, 1001, 1001, 1001, 1500, 1500, 1500, 1500] | 13:19:29.658831
[1500, 1500, 988, 1500, 2011, 988, 988, 988, 1001, 1001, 1001, 1001, 1500, 1500, 1500, 1500] | 13:19:29.662584
[1499, 1500, 988, 1500, 2011, 988, 988, 988, 1001, 1001, 1001, 1001, 1500, 1500, 1500, 1500] | 13:19:29.672701
13:19:29.673336 ALT: -0.13
13:19:29.673471 ATT: [-21.3, 0.8, 4]
13:19:29.673780 ACC: [-7, -187, 479]
[1499, 1500, 988, 1499, 2011, 988, 988, 988, 1001, 1001, 1001, 1001, 1500, 1500, 1500, 1500] | 13:19:29.676499
[1499, 1500, 988, 1499, 2011, 988, 988, 988, 1001, 1001, 1001, 1001, 1500, 1500, 1500, 1500] | 13:19:29.681920
[1499, 1500, 988, 1499, 2011, 988, 988, 988, 1001, 1001, 1001, 1001, 1500, 1500, 1500, 1500] | 13:19:29.690947
[1499, 1500, 988, 1500, 2011, 988, 988, 988, 1001, 1001, 1001, 1001, 1500, 1500, 1500, 1500] | 13:19:29.695146
[1499, 1500, 988, 1500, 2011, 988, 988, 988, 1001, 1001, 1001, 1001, 1500, 1500, 1500, 1500] | 13:19:29.701999
[1499, 1500, 988, 1500, 2011, 988, 988, 988, 1001, 1001, 1001, 1001, 1500, 1500, 1500, 1500] | 13:19:29.709747
[1499, 1500, 988, 1499, 2011, 988, 988, 988, 1001, 1001, 1001, 1001, 1500, 1500, 1500, 1500] | 13:19:29.715414
13:19:29.722218 ALT: -0.09
13:19:29.722588 ATT: [-21.3, 0.8, 4]
13:19:29.723228 ACC: [-7, -187, 480]
[1499, 1500, 988, 1499, 2011, 988, 988, 988, 1001, 1001, 1001, 1001, 1500, 1500, 1500, 1500] | 13:19:29.727615
[1500, 1500, 988, 1499, 2011, 988, 988, 988, 1001, 1001, 1001, 1001, 1500, 1500, 1500, 1500] | 13:19:29.728545
[1500, 1499, 988, 1500, 2011, 988, 988, 988, 1001, 1001, 1001, 1001, 1500, 1500, 1500, 1500] | 13:19:29.735439
[1500, 1499, 988, 1500, 2011, 988, 988, 988, 1001, 1001, 1001, 1001, 1500, 1500, 1500, 1500] | 13:19:29.744781
[1500, 1499, 988, 1500, 2011, 988, 988, 988, 1001, 1001, 1001, 1001, 1500, 1500, 1500, 1500] | 13:19:29.748543
[1500, 1500, 988, 1500, 2011, 988, 988, 988, 1001, 1001, 1001, 1001, 1500, 1500, 1500, 1500] | 13:19:29.755332
[1500, 1500, 988, 1500, 2011, 988, 988, 988, 1001, 1001, 1001, 1001, 1500, 1500, 1500, 1500] | 13:19:29.762210
[1500, 1500, 988, 1500, 2011, 988, 988, 988, 1001, 1001, 1001, 1001, 1500, 1500, 1500, 1500] | 13:19:29.768739
13:19:29.770020 ALT: 0.01
13:19:29.770118 ATT: [-21.3, 0.8, 4]
13:19:29.770385 ACC: [-7, -187, 479]
[1500, 1500, 988, 1499, 2011, 988, 988, 988, 1001, 1001, 1001, 1001, 1500, 1500, 1500, 1500] | 13:19:29.779020
[1500, 1500, 988, 1499, 2011, 988, 988, 988, 1001, 1001, 1001, 1001, 1500, 1500, 1500, 1500] | 13:19:29.783672
[1500, 1500, 988, 1499, 2011, 988, 988, 988, 1001, 1001, 1001, 1001, 1500, 1500, 1500, 1500] | 13:19:29.789427
[1500, 1500, 988, 1500, 2011, 988, 988, 988, 1001, 1001, 1001, 1001, 1500, 1500, 1500, 1500] | 13:19:29.795481
[1500, 1500, 988, 1500, 2011, 988, 988, 988, 1001, 1001, 1001, 1001, 1500, 1500, 1500, 1500] | 13:19:29.803662
[1500, 1500, 988, 1500, 2011, 988, 988, 988, 1001, 1001, 1001, 1001, 1500, 1500, 1500, 1500] | 13:19:29.809091
[1500, 1500, 988, 1499, 2011, 988, 988, 988, 1001, 1001, 1001, 1001, 1500, 1500, 1500, 1500] | 13:19:29.815103, 988, 988, 1001, 1001, 1001, 1001, 1500, 1500, 1500, 1500] | 13:19:29.370612
               á§     
13:19:29.816472 ALT: 0.02
13:19:29.816558 ATT: [-21.3, 0.8, 4]
13:19:29.816834 ACC: [-8, -186, 480]
[1500, 1500, 988, 1499, 2011, 988, 988, 988, 1001, 1001, 1001, 1001, 1500, 1500, 1500, 1500] | 13:19:29.822294
[1500, 1500, 988, 1499, 2011, 988, 988, 988, 1001, 1001, 1001, 1001, 1500, 1500, 1500, 1500] | 13:19:29.828520
[1500, 1500, 988, 1500, 2011, 988, 988, 988, 1001, 1001, 1001, 1001, 1500, 1500, 1500, 1500] | 13:19:29.835049
[1500, 1500, 988, 1500, 2011, 988, 988, 988, 1001, 1001, 1001, 1001, 1500, 1500, 1500, 1500] | 13:19:29.842582
[1500, 1500, 988, 1500, 2011, 988, 988, 988, 1001, 1001, 1001, 1001, 1500, 1500, 1500, 1500] | 13:19:29.848481
[1500, 1500, 988, 1500, 2011, 988, 988, 988, 1001, 1001, 1001, 1001, 1500, 1500, 1500, 1500] | 13:19:29.855172
[1500, 1500, 988, 1500, 2011, 988, 988, 988, 1001, 1001, 1001, 1001, 1500, 1500, 1500, 1500] | 13:19:29.862054
13:19:29.864623 ALT: 0.02
13:19:29.864740 ATT: [-21.3, 0.8, 4]
13:19:29.865013 ACC: [-7, -186, 480]
[1500, 1500, 988, 1500, 2011, 988, 988, 988, 1001, 1001, 1001, 1001, 1500, 1500, 1500, 1500] | 13:19:29.868540
[1500, 1500, 988, 1500, 2011, 988, 988, 988, 1001, 1001, 1001, 1001, 1500, 1500, 1500, 1500] | 13:19:29.876150
[1500, 1500, 988, 1500, 2011, 988, 988, 988, 1001, 1001, 1001, 1001, 1500, 1500, 1500, 1500] | 13:19:29.881942
[1499, 1500, 988, 1500, 2011, 988, 988, 988, 1001, 1001, 1001, 1001, 1500, 1500, 1500, 1500] | 13:19:29.889129
[1499, 1500, 988, 1500, 2011, 988, 988, 988, 1001, 1001, 1001, 1001, 1500, 1500, 1500, 1500] | 13:19:29.895142
[1499, 1500, 988, 1500, 2011, 988, 988, 988, 1001, 1001, 1001, 1001, 1500, 1500, 1500, 1500] | 13:19:29.901884
[1499, 1500, 988, 1500, 2011, 988, 988, 988, 1001, 1001, 1001, 1001, 1500, 1500, 1500, 1500] | 13:19:29.908878
13:19:29.912592 ALT: 0.02
13:19:29.912716 ATT: [-21.3, 0.8, 4]
13:19:29.912964 ACC: [-8, -187, 480]
[1499, 1500, 988, 1500, 2011, 988, 988, 988, 1001, 1001, 1001, 1001, 1500, 1500, 1500, 1500] | 13:19:29.915169
[1499, 1500, 988, 1500, 2011, 988, 988, 988, 1001, 1001, 1001, 1001, 1500, 1500, 1500, 1500] | 13:19:29.922014
[1500, 1500, 988, 1500, 2011, 988, 988, 988, 1001, 1001, 1001, 1001, 1500, 1500, 1500, 1500] | 13:19:29.928580
[1500, 1499, 988, 1500, 2011, 988, 988, 988, 1001, 1001, 1001, 1001, 1500, 1500, 1500, 1500] | 13:19:29.935069
[1500, 1499, 988, 1500, 2011, 988, 988, 988, 1001, 1001, 1001, 1001, 1500, 1500, 1500, 1500] | 13:19:29.942928
[1500, 1499, 988, 1500, 2011, 988, 988, 988, 1001, 1001, 1001, 1001, 1500, 1500, 1500, 1500] | 13:19:29.948469
[1500, 1499, 988, 1500, 2011, 988, 988, 988, 1001, 1001, 1001, 1001, 1500, 1500, 1500, 1500] | 13:19:29.955220
13:19:29.961041 ALT: 0.02
13:19:29.961254 ATT: [-21.3, 0.8, 4]
13:19:29.961640 ACC: [-7, -187, 480]
[1500, 1499, 988, 1500, 2011, 988, 988, 988, 1001, 1001, 1001, 1001, 1500, 1500, 1500, 1500] | 13:19:29.962336
[1499, 1499, 988, 1500, 2011, 988, 988, 988, 1001, 1001, 1001, 1001, 1500, 1500, 1500, 1500] | 13:19:29.968526
[1499, 1500, 988, 1500, 2011, 988, 988, 988, 1001, 1001, 1001, 1001, 1500, 1500, 1500, 1500] | 13:19:29.975962
[1499, 1500, 988, 1500, 2011, 988, 988, 988, 1001, 1001, 1001, 1001, 1500, 1500, 1500, 1500] | 13:19:29.981854
[1499, 1500, 988, 1500, 2011, 988, 988, 988, 1001, 1001, 1001, 1001, 1500, 1500, 1500, 1500] | 13:19:29.989031
[1499, 1500, 988, 1500, 2011, 988, 988, 988, 1001, 1001, 1001, 1001, 1500, 1500, 1500, 1500] | 13:19:29.995276
[1499, 1500, 988, 1500, 2011, 988, 988, 988, 1001, 1001, 1001, 1001, 1500, 1500, 1500, 1500] | 13:19:30.001912
[1500, 1500, 988, 1500, 2011, 988, 988, 988, 1001, 1001, 1001, 1001, 1500, 1500, 1500, 1500] | 13:19:30.009558
13:19:30.009790 ALT: 0.02
13:19:30.009845 ATT: [-21.3, 0.8, 4]
13:19:30.010101 ACC: [-7, -186, 479]
[1500, 1500, 988, 1499, 2011, 988, 988, 988, 1001, 1001, 1001, 1001, 1500, 1500, 1500, 1500] | 13:19:30.015469
[1500, 1500, 988, 1499, 2011, 988, 988, 988, 1001, 1001, 1001, 1001, 1500, 1500, 1500, 1500] | 13:19:30.021999
[1500, 1500, 988, 1499, 2011, 988, 988, 988, 1001, 1001, 1001, 1001, 1500, 1500, 1500, 1500] | 13:19:30.028469
[1500, 1500, 988, 1499, 2011, 988, 988, 988, 1001, 1001, 1001, 1001, 1500, 1500, 1500, 1500] | 13:19:30.035027
[1500, 1500, 988, 1499, 2011, 988, 988, 988, 1001, 1001, 1001, 1001, 1500, 1500, 1500, 1500] | 13:19:30.043336
[1500, 1500, 988, 1499, 2011, 988, 988, 988, 1001, 1001, 1001, 1001, 1500, 1500, 1500, 1500] | 13:19:30.048465
[1500, 1500, 988, 1500, 2011, 988, 988, 988, 1001, 1001, 1001, 1001, 1500, 1500, 1500, 1500] | 13:19:30.055243
13:19:30.056964 ALT: 0.02
13:19:30.057059 ATT: [-21.3, 0.8, 4]
13:19:30.057536 ACC: [-7, -187, 479]
[1500, 1500, 988, 1500, 2011, 988, 988, 988, 1001, 1001, 1001, 1001, 1500, 1500, 1500, 1500] | 13:19:30.062572
[1500, 1500, 988, 1500, 2011, 988, 988, 988, 1001, 1001, 1001, 1001, 1500, 1500, 1500, 1500] | 13:19:30.068512
[1500, 1500, 988, 1500, 2011, 988, 988, 988, 1001, 1001, 1001, 1001, 1500, 1500, 1500, 1500] | 13:19:30.075938
[1500, 1500, 988, 1500, 2011, 988, 988, 988, 1001, 1001, 1001, 1001, 1500, 1500, 1500, 1500] | 13:19:30.081823
[1499, 1500, 988, 1500, 2011, 988, 988, 988, 1001, 1001, 1001, 1001, 1500, 1500, 1500, 1500] | 13:19:30.089345
[1499, 1500, 988, 1500, 2011, 988, 988, 988, 1001, 1001, 1001, 1001, 1500, 1500, 1500, 1500] | 13:19:30.095080
[1499, 1500, 988, 1500, 2011, 988, 988, 988, 1001, 1001, 1001, 1001, 1500, 1500, 1500, 1500] | 13:19:30.101866
13:19:30.104894 ALT: 0.02
13:19:30.105003 ATT: [-21.3, 0.8, 4]
13:19:30.105534 ACC: [-8, -187, 479]
[1500, 1500, 988, 1500, 2011, 988, 988, 988, 1001, 1001, 1001, 1001, 1500, 1500, 1500, 1500] | 13:19:30.108658
[1500, 1500, 988, 1500, 2011, 988, 988, 988, 1001, 1001, 1001, 1001, 1500, 1500, 1500, 1500] | 13:19:30.115098
[1500, 1500, 988, 1500, 2011, 988, 988, 988, 1001, 1001, 1001, 1001, 1500, 1500, 1500, 1500] | 13:19:30.122129
[1500, 1500, 988, 1500, 2011, 988, 988, 988, 1001, 1001, 1001, 1001, 1500, 1500, 1500, 1500] | 13:19:30.128525
[1500, 1500, 988, 1500, 2011, 988, 988, 988, 1001, 1001, 1001, 1001, 1500, 1500, 1500, 1500] | 13:19:30.135088
[1500, 1500, 988, 1500, 2011, 988, 988, 988, 1001, 1001, 1001, 1001, 1500, 1500, 1500, 1500] | 13:19:30.142684
[1500, 1500, 988, 1500, 2011, 988, 988, 988, 1001, 1001, 1001, 1001, 1500, 1500, 1500, 1500] | 13:19:30.148453
13:19:30.152814 ALT: 0.02
13:19:30.152966 ATT: [-21.3, 0.8, 4]
13:19:30.153417 ACC: [-7, -186, 479]
[1500, 1500, 988, 1500, 2011, 988, 988, 988, 1001, 1001, 1001, 1001, 1500, 1500, 1500, 1500] | 13:19:30.155235
[1500, 1500, 988, 1500, 2011, 988, 988, 988, 1001, 1001, 1001, 1001, 1500, 1500, 1500, 1500] | 13:19:30.161862
[1500, 1500, 988, 1500, 2011, 988, 988, 988, 1001, 1001, 1001, 1001, 1500, 1500, 1500, 1500] | 13:19:30.168598
[1500, 1500, 988, 1500, 2011, 988, 988, 988, 1001, 1001, 1001, 1001, 1500, 1500, 1500, 1500] | 13:19:30.175767
[1500, 1500, 988, 1500, 2011, 988, 988, 988, 1001, 1001, 1001, 1001, 1500, 1500, 1500, 1500] | 13:19:30.181847
[1500, 1500, 988, 1500, 2011, 988, 988, 988, 1001, 1001, 1001, 1001, 1500, 1500, 1500, 1500] | 13:19:30.189269
[1500, 1500, 988, 1500, 2011, 988, 988, 988, 1001, 1001, 1001, 1001, 1500, 1500, 1500, 1500] | 13:19:30.195195
13:19:30.200587 ALT: 0.02
13:19:30.200673 ATT: [-21.3, 0.8, 4]
13:19:30.200942 ACC: [-10, -187, 481]
[1500, 1500, 988, 1500, 2011, 988, 988, 988, 1001, 1001, 1001, 1001, 1500, 1500, 1500, 1500] | 13:19:30.201940
[1500, 1500, 988, 1500, 2011, 988, 988, 988, 1001, 1001, 1001, 1001, 1500, 1500, 1500, 1500] | 13:19:30.208707
[1500, 1499, 988, 1500, 2012, 988, 988, 988, 1001, 1001, 1001, 1001, 1500, 1500, 1500, 1500] | 13:19:30.215096
[1500, 1499, 988, 1500, 2012, 988, 988, 988, 1001, 1001, 1001, 1001, 1500, 1500, 1500, 1500] | 13:19:30.222084
[1500, 1499, 988, 1500, 2012, 988, 988, 988, 1001, 1001, 1001, 1001, 1500, 1500, 1500, 1500] | 13:19:30.228450
[1500, 1499, 988, 1500, 2011, 988, 988, 988, 1001, 1001, 1001, 1001, 1500, 1500, 1500, 1500] | 13:19:30.235042
[1500, 1499, 988, 1500, 2011, 988, 988, 988, 1001, 1001, 1001, 1001, 1500, 1500, 1500, 1500] | 13:19:30.242431
[1500, 1499, 988, 1500, 2011, 988, 988, 988, 1001, 1001, 1001, 1001, 1500, 1500, 1500, 1500] | 13:19:30.248463
13:19:30.248699 ALT: 0.02
13:19:30.248742 ATT: [-21.3, 0.8, 4]
13:19:30.248946 ACC: [-6, -188, 478]
[1500, 1500, 988, 1500, 2011, 988, 988, 988, 1001, 1001, 1001, 1001, 1500, 1500, 1500, 1500] | 13:19:30.255258
[1500, 1500, 988, 1500, 2011, 988, 988, 988, 1001, 1001, 1001, 1001, 1500, 1500, 1500, 1500] | 13:19:30.261860
[1500, 1500, 988, 1500, 2011, 988, 988, 988, 1001, 1001, 1001, 1001, 1500, 1500, 1500, 1500] | 13:19:30.268486
[1500, 1500, 988, 1500, 2011, 988, 988, 988, 1001, 1001, 1001, 1001, 1500, 1500, 1500, 1500] | 13:19:30.276002
[1500, 1500, 988, 1500, 2011, 988, 988, 988, 1001, 1001, 1001, 1001, 1500, 1500, 1500, 1500] | 13:19:30.281777
[1500, 1500, 988, 1500, 2011, 988, 988, 988, 1001, 1001, 1001, 1001, 1500, 1500, 1500, 1500] | 13:19:30.289094
[1500, 1500, 988, 1500, 2011, 988, 988, 988, 1001, 1001, 1001, 1001, 1500, 1500, 1500, 1500] | 13:19:30.295140
13:19:30.296460 ALT: 0.02
13:19:30.296516 ATT: [-21.3, 0.8, 4]
13:19:30.296730 ACC: [-8, -186, 478]
[1500, 1500, 988, 1500, 2011, 988, 988, 988, 1001, 1001, 1001, 1001, 1500, 1500, 1500, 1500] | 13:19:30.301972
[1500, 1500, 988, 1500, 2011, 988, 988, 988, 1001, 1001, 1001, 1001, 1500, 1500, 1500, 1500] | 13:19:30.309142
[1500, 1500, 988, 1499, 2011, 988, 988, 988, 1001, 1001, 1001, 1001, 1500, 1500, 1500, 1500] | 13:19:30.315084
[1500, 1500, 988, 1499, 2011, 988, 988, 988, 1001, 1001, 1001, 1001, 1500, 1500, 1500, 1500] | 13:19:30.322078
[1500, 1500, 988, 1499, 2011, 988, 988, 988, 1001, 1001, 1001, 1001, 1500, 1500, 1500, 1500] | 13:19:30.328483
[1500, 1500, 988, 1500, 2011, 988, 988, 988, 1001, 1001, 1001, 1001, 1500, 1500, 1500, 1500] | 13:19:30.335030
[1500, 1500, 988, 1500, 2011, 988, 988, 988, 1001, 1001, 1001, 1001, 1500, 1500, 1500, 1500] | 13:19:30.342683
13:19:30.345095 ALT: 0.02
13:19:30.345194 ATT: [-21.3, 0.8, 4]
13:19:30.345493 ACC: [-6, -187, 480]
[1499, 1500, 988, 1500, 2011, 988, 988, 988, 1001, 1001, 1001, 1001, 1500, 1500, 1500, 1500] | 13:19:30.348508
[1499, 1500, 988, 1500, 2011, 988, 988, 988, 1001, 1001, 1001, 1001, 1500, 1500, 1500, 1500] | 13:19:30.355232
[1499, 1500, 988, 1500, 2011, 988, 986, 988, 1001, 1001, 1001, 1001, 1500, 1500, 1500, 1500] | 13:19:30.361828
[1500, 1500, 988, 1500, 2011, 988, 986, 988, 1001, 1001, 1001, 1001, 1500, 1500, 1500, 1500] | 13:19:30.368549
[1500, 1500, 988, 1500, 2011, 988, 986, 988, 1001, 1001, 1001, 1001, 1500, 1500, 1500, 1500] | 13:19:30.375667
[1500, 1500, 988, 1500, 2011, 988, 988, 988, 1001, 1001, 1001, 1001, 1500, 1500, 1500, 1500] | 13:19:30.381832
[1500, 1500, 988, 1500, 2011, 988, 988, 988, 1001, 1001, 1001, 1001, 1500, 1500, 1500, 1500] | 13:19:30.389281
13:19:30.392744 ALT: 0.02
13:19:30.392844 ATT: [-21.3, 0.8, 4]
13:19:30.393374 ACC: [-7, -187, 480]
[1500, 1500, 988, 1500, 2011, 988, 988, 988, 1001, 1001, 1001, 1001, 1500, 1500, 1500, 1500] | 13:19:30.395162
[1500, 1500, 988, 1500, 2011, 988, 988, 988, 1001, 1001, 1001, 1001, 1500, 1500, 1500, 1500] | 13:19:30.401889
[1500, 1500, 988, 1500, 2011, 988, 988, 988, 1001, 1001, 1001, 1001, 1500, 1500, 1500, 1500] | 13:19:30.409141
[1500, 1500, 988, 1500, 2011, 988, 988, 988, 1001, 1001, 1001, 1001, 1500, 1500, 1500, 1500] | 13:19:30.415107
[1500, 1500, 988, 1500, 2011, 988, 988, 988, 1001, 1001, 1001, 1001, 1500, 1500, 1500, 1500] | 13:19:30.421984
[1500, 1500, 988, 1500, 2011, 988, 988, 988, 1001, 1001, 1001, 1001, 1500, 1500, 1500, 1500] | 13:19:30.428445
[1500, 1500, 988, 1500, 2011, 988, 988, 988, 1001, 1001, 1001, 1001, 1500, 1500, 1500, 1500] | 13:19:30.435118
13:19:30.442231 ALT: 0.02
13:19:30.442426 ATT: [-21.3, 0.8, 4]
13:19:30.443271 ACC: [-7, -187, 479]
[1500, 1500, 988, 1500, 2011, 988, 988, 988, 1001, 1001, 1001, 1001, 1500, 1500, 1500, 1500] | 13:19:30.443652
[1500, 1500, 988, 1500, 2011, 988, 988, 988, 1001, 1001, 1001, 1001, 1500, 1500, 1500, 1500] | 13:19:30.448438
[1500, 1500, 988, 1500, 2011, 988, 988, 988, 1001, 1001, 1001, 1001, 1500, 1500, 1500, 1500] | 13:19:30.455251
[1500, 1500, 988, 1500, 2011, 988, 988, 988, 1001, 1001, 1001, 1001, 1500, 1500, 1500, 1500] | 13:19:30.462102
[1500, 1500, 988, 1500, 2011, 988, 988, 988, 1001, 1001, 1001, 1001, 1500, 1500, 1500, 1500] | 13:19:30.468505
[1500, 1500, 988, 1500, 2011, 988, 988, 988, 1001, 1001, 1001, 1001, 1500, 1500, 1500, 1500] | 13:19:30.475776
[1500, 1500, 988, 1500, 2011, 988, 988, 988, 1001, 1001, 1001, 1001, 1500, 1500, 1500, 1500] | 13:19:30.481830
[1500, 1500, 988, 1500, 2011, 988, 988, 988, 1001, 1001, 1001, 1001, 1500, 1500, 1500, 1500] | 13:19:30.489461
13:19:30.489840 ALT: 0.02
13:19:30.489948 ATT: [-21.3, 0.8, 4]
13:19:30.490422 ACC: [-7, -186, 481]
[1500, 1499, 988, 1500, 2011, 988, 988, 988, 1001, 1001, 1001, 1001, 1500, 1500, 1500, 1500] | 13:19:30.495213
[1500, 1499, 988, 1500, 2011, 988, 988, 988, 1001, 1001, 1001, 1001, 1500, 1500, 1500, 1500] | 13:19:30.501879
[1500, 1499, 988, 1500, 2011, 988, 988, 988, 1001, 1001, 1001, 1001, 1500, 1500, 1500, 1500] | 13:19:30.509056
[1500, 1500, 988, 1500, 2011, 988, 988, 988, 1001, 1001, 1001, 1001, 1500, 1500, 1500, 1500] | 13:19:30.515347
[1500, 1500, 988, 1500, 2011, 988, 988, 988, 1001, 1001, 1001, 1001, 1500, 1500, 1500, 1500] | 13:19:30.522002
[1500, 1500, 988, 1500, 2011, 988, 988, 988, 1001, 1001, 1001, 1001, 1500, 1500, 1500, 1500] | 13:19:30.528467
[1500, 1499, 988, 1500, 2011, 988, 988, 988, 1001, 1001, 1001, 1001, 1500, 1500, 1500, 1500] | 13:19:30.535019
13:19:30.537046 ALT: 0.02
13:19:30.537142 ATT: [-21.3, 0.8, 4]
13:19:30.537421 ACC: [-7, -187, 481]
[1500, 1499, 988, 1500, 2011, 988, 988, 988, 1001, 1001, 1001, 1001, 1500, 1500, 1500, 1500] | 13:19:30.542610
[1500, 1499, 988, 1500, 2011, 988, 988, 988, 1001, 1001, 1001, 1001, 1500, 1500, 1500, 1500] | 13:19:30.548486
[1500, 1499, 988, 1500, 2011, 988, 988, 988, 1001, 1001, 1001, 1001, 1500, 1500, 1500, 1500] | 13:19:30.555240
[1500, 1499, 988, 1500, 2011, 988, 988, 988, 1001, 1001, 1001, 1001, 1500, 1500, 1500, 1500] | 13:19:30.561833
[1500, 1499, 988, 1500, 2011, 988, 988, 988, 1001, 1001, 1001, 1001, 1500, 1500, 1500, 1500] | 13:19:30.568547
[1500, 1500, 988, 1500, 2011, 988, 988, 988, 1001, 1001, 1001, 1001, 1500, 1500, 1500, 1500] | 13:19:30.575747
[1500, 1500, 988, 1500, 2011, 988, 988, 988, 1001, 1001, 1001, 1001, 1500, 1500, 1500, 1500] | 13:19:30.581800
13:19:30.584631 ALT: 0.02
13:19:30.584712 ATT: [-21.3, 0.8, 4]
13:19:30.584978 ACC: [-7, -187, 480]
[1500, 1500, 988, 1500, 2011, 988, 988, 988, 1001, 1001, 1001, 1001, 1500, 1500, 1500, 1500] | 13:19:30.589196
[1500, 1500, 988, 1500, 2011, 988, 988, 988, 1001, 1001, 1001, 1001, 1500, 1500, 1500, 1500] | 13:19:30.595140
[1500, 1500, 988, 1500, 2011, 988, 988, 988, 1001, 1001, 1001, 1001, 1500, 1500, 1500, 1500] | 13:19:30.601847
[1500, 1500, 988, 1500, 2011, 988, 988, 988, 1001, 1001, 1001, 1001, 1500, 1500, 1500, 1500] | 13:19:30.609128
[1500, 1500, 988, 1500, 2011, 988, 988, 988, 1001, 1001, 1001, 1001, 1500, 1500, 1500, 1500] | 13:19:30.615085
[1500, 1500, 988, 1500, 2011, 988, 988, 988, 1001, 1001, 1001, 1001, 1500, 1500, 1500, 1500] | 13:19:30.622043
[1500, 1500, 988, 1500, 2011, 988, 988, 988, 1001, 1001, 1001, 1001, 1500, 1500, 1500, 1500] | 13:19:30.628436
13:19:30.632576 ALT: 0.02
13:19:30.632629 ATT: [-21.3, 0.8, 4]
13:19:30.632842 ACC: [-7, -187, 480]
[1500, 1500, 988, 1500, 2011, 988, 988, 988, 1001, 1001, 1001, 1001, 1500, 1500, 1500, 1500] | 13:19:30.635106
[1500, 1500, 988, 1500, 2011, 988, 988, 988, 1001, 1001, 1001, 1001, 1500, 1500, 1500, 1500] | 13:19:30.642613
[1500, 1500, 988, 1500, 2011, 988, 988, 988, 1001, 1001, 1001, 1001, 1500, 1500, 1500, 1500] | 13:19:30.648566
[1500, 1500, 988, 1500, 2011, 988, 988, 988, 1001, 1001, 1001, 1001, 1500, 1500, 1500, 1500] | 13:19:30.655264
[1500, 1500, 988, 1500, 2011, 988, 988, 988, 1001, 1001, 1001, 1001, 1500, 1500, 1500, 1500] | 13:19:30.661866
[1500, 1500, 988, 1500, 2011, 988, 988, 988, 1001, 1001, 1001, 1001, 1500, 1500, 1500, 1500] | 13:19:30.668492
[1500, 1500, 988, 1500, 2011, 988, 988, 988, 1001, 1001, 1001, 1001, 1500, 1500, 1500, 1500] | 13:19:30.676172
[1500, 1500, 988, 1500, 2011, 988, 988, 988, 1001, 1001, 1001, 1001, 1500, 1500, 1500, 1500] | 13:19:30.681859
[1500, 1500, 988, 1500, 2011, 988, 988, 988, 1001, 1001, 1001, 1001, 1500, 1500, 1500, 1500] | 13:19:30.688674
[1500, 1500, 988, 1500, 2011, 988, 988, 988, 1001, 1001, 1001, 1001, 1500, 1500, 1500, 1500] | 13:19:30.695209
13:19:30.696503 ALT: 0.02
13:19:30.696557 ATT: [-21.3, 0.8, 4]
13:19:30.696771 ACC: [-6, -187, 480]
[1500, 1500, 988, 1500, 2011, 988, 988, 988, 1001, 1001, 1001, 1001, 1500, 1500, 1500, 1500] | 13:19:30.702003
[1500, 1500, 988, 1500, 2011, 988, 988, 988, 1001, 1001, 1001, 1001, 1500, 1500, 1500, 1500] | 13:19:30.708521
[1500, 1500, 988, 1500, 2011, 988, 988, 988, 1001, 1001, 1001, 1001, 1500, 1500, 1500, 1500] | 13:19:30.715137
[1500, 1500, 988, 1500, 2011, 988, 988, 988, 1001, 1001, 1001, 1001, 1500, 1500, 1500, 1500] | 13:19:30.721948
[1500, 1500, 988, 1500, 2011, 988, 988, 988, 1001, 1001, 1001, 1001, 1500, 1500, 1500, 1500] | 13:19:30.728541
[1500, 1500, 988, 1500, 2011, 988, 988, 988, 1001, 1001, 1001, 1001, 1500, 1500, 1500, 1500] | 13:19:30.735092
[1500, 1500, 988, 1500, 2011, 988, 988, 988, 1001, 1001, 1001, 1001, 1500, 1500, 1500, 1500] | 13:19:30.741949
13:19:30.744649 ALT: 0.02
13:19:30.744747 ATT: [-21.3, 0.8, 4]
13:19:30.745090 ACC: [-7, -187, 480]
[1500, 1500, 988, 1500, 2011, 988, 988, 988, 1001, 1001, 1001, 1001, 1500, 1500, 1500, 1500] | 13:19:30.748585
[1500, 1500, 988, 1500, 2012, 988, 988, 988, 1001, 1001, 1001, 1001, 1500, 1500, 1500, 1500] | 13:19:30.755206
[1500, 1500, 988, 1500, 2012, 988, 986, 988, 1001, 1001, 1001, 1001, 1500, 1500, 1500, 1500] | 13:19:30.761898
[1500, 1500, 988, 1500, 2012, 988, 986, 988, 1001, 1001, 1001, 1001, 1500, 1500, 1500, 1500] | 13:19:30.768485
[1500, 1500, 988, 1500, 2011, 988, 986, 988, 1001, 1001, 1001, 1001, 1500, 1500, 1500, 1500] | 13:19:30.775399
[1500, 1500, 988, 1500, 2011, 988, 988, 988, 1001, 1001, 1001, 1001, 1500, 1500, 1500, 1500] | 13:19:30.781845
[1500, 1500, 988, 1500, 2011, 988, 988, 988, 1001, 1001, 1001, 1001, 1500, 1500, 1500, 1500] | 13:19:30.789079
13:19:30.792818 ALT: 0.02
13:19:30.792913 ATT: [-21.3, 0.8, 4]
13:19:30.793221 ACC: [-7, -187, 480]
[1500, 1500, 988, 1499, 2011, 988, 988, 988, 1001, 1001, 1001, 1001, 1500, 1500, 1500, 1500] | 13:19:30.795324
[1500, 1500, 988, 1499, 2011, 988, 988, 988, 1001, 1001, 1001, 1001, 1500, 1500, 1500, 1500] | 13:19:30.801885
[1499, 1500, 988, 1499, 2011, 988, 988, 988, 1001, 1001, 1001, 1001, 1500, 1500, 1500, 1500] | 13:19:30.809688
[1499, 1500, 988, 1500, 2011, 988, 988, 988, 1001, 1001, 1001, 1001, 1500, 1500, 1500, 1500] | 13:19:30.815133
[1499, 1500, 988, 1500, 2011, 988, 988, 988, 1001, 1001, 1001, 1001, 1500, 1500, 1500, 1500] | 13:19:30.822092
[1500, 1500, 988, 1500, 2011, 988, 988, 988, 1001, 1001, 1001, 1001, 1500, 1500, 1500, 1500] | 13:19:30.828861
[1500, 1499, 988, 1500, 2011, 988, 988, 988, 1001, 1001, 1001, 1001, 1500, 1500, 1500, 1500] | 13:19:30.835169
13:19:30.841021 ALT: 0.02
13:19:30.841381 ATT: [-21.3, 0.8, 4]
13:19:30.841916 ACC: [-7, -187, 479]
[1500, 1499, 988, 1500, 2011, 988, 988, 988, 1001, 1001, 1001, 1001, 1500, 1500, 1500, 1500] | 13:19:30.843095
[1500, 1499, 988, 1500, 2011, 988, 988, 988, 1001, 1001, 1001, 1001, 1500, 1500, 1500, 1500] | 13:19:30.848483
[1500, 1500, 988, 1499, 2011, 988, 988, 988, 1001, 1001, 1001, 1001, 1500, 1500, 1500, 1500] | 13:19:30.855165
[1500, 1500, 988, 1499, 2011, 988, 988, 988, 1001, 1001, 1001, 1001, 1500, 1500, 1500, 1500] | 13:19:30.861913
[1500, 1500, 988, 1499, 2011, 988, 988, 988, 1001, 1001, 1001, 1001, 1500, 1500, 1500, 1500] | 13:19:30.868574
[1500, 1500, 989, 1499, 2011, 988, 988, 988, 1001, 1001, 1001, 1001, 1500, 1500, 1500, 1500] | 13:19:30.875276
[1500, 1500, 989, 1499, 2011, 988, 988, 988, 1001, 1001, 1001, 1001, 1500, 1500, 1500, 1500] | 13:19:30.881888
[1500, 1500, 989, 1499, 2011, 988, 988, 988, 1001, 1001, 1001, 1001, 1500, 1500, 1500, 1500] | 13:19:30.889434
13:19:30.890118 ALT: 0.02
13:19:30.890274 ATT: [-21.3, 0.8, 4]
13:19:30.890946 ACC: [-7, -186, 477]
[1500, 1500, 988, 1500, 2011, 988, 988, 988, 1001, 1001, 1001, 1001, 1500, 1500, 1500, 1500] | 13:19:30.895474
[1500, 1500, 988, 1500, 2011, 988, 988, 988, 1001, 1001, 1001, 1001, 1500, 1500, 1500, 1500] | 13:19:30.901952
[1500, 1500, 988, 1500, 2011, 988, 988, 988, 1001, 1001, 1001, 1001, 1500, 1500, 1500, 1500] | 13:19:30.909099
[1500, 1500, 988, 1500, 2011, 988, 988, 988, 1001, 1001, 1001, 1001, 1500, 1500, 1500, 1500] | 13:19:30.915094
[1500, 1500, 988, 1500, 2011, 988, 988, 988, 1001, 1001, 1001, 1001, 1500, 1500, 1500, 1500] | 13:19:30.922254
[1500, 1500, 988, 1500, 2011, 988, 988, 988, 1001, 1001, 1001, 1001, 1500, 1500, 1500, 1500] | 13:19:30.928496
[1500, 1500, 988, 1500, 2011, 988, 988, 988, 1001, 1001, 1001, 1001, 1500, 1500, 1500, 1500] | 13:19:30.935025
13:19:30.936714 ALT: 0.02
13:19:30.936818 ATT: [-21.3, 0.8, 4]
13:19:30.937162 ACC: [-7, -186, 479]
[1500, 1500, 988, 1500, 2011, 988, 988, 988, 1001, 1001, 1001, 1001, 1500, 1500, 1500, 1500] | 13:19:30.942088
[1500, 1500, 988, 1500, 2011, 988, 988, 988, 1001, 1001, 1001, 1001, 1500, 1500, 1500, 1500] | 13:19:30.948504
[1500, 1499, 988, 1500, 2011, 988, 988, 988, 1001, 1001, 1001, 1001, 1500, 1500, 1500, 1500] | 13:19:30.955175
[1500, 1499, 988, 1500, 2011, 988, 988, 988, 1001, 1001, 1001, 1001, 1500, 1500, 1500, 1500] | 13:19:30.961886
[1500, 1499, 988, 1500, 2011, 988, 988, 988, 1001, 1001, 1001, 1001, 1500, 1500, 1500, 1500] | 13:19:30.968565
[1500, 1500, 988, 1500, 2011, 988, 988, 988, 1001, 1001, 1001, 1001, 1500, 1500, 1500, 1500] | 13:19:30.975541
[1500, 1500, 988, 1500, 2011, 988, 988, 988, 1001, 1001, 1001, 1001, 1500, 1500, 1500, 1500] | 13:19:30.981826
13:19:30.984667 ALT: 0.02
13:19:30.984798 ATT: [-21.3, 0.8, 4]
13:19:30.985065 ACC: [-8, -187, 478]
[1500, 1500, 988, 1500, 2011, 988, 988, 988, 1001, 1001, 1001, 1001, 1500, 1500, 1500, 1500] | 13:19:30.989257
[1500, 1500, 988, 1500, 2011, 988, 988, 988, 1001, 1001, 1001, 1001, 1500, 1500, 1500, 1500] | 13:19:30.995251
[1500, 1500, 988, 1500, 2011, 988, 988, 988, 1001, 1001, 1001, 1001, 1500, 1500, 1500, 1500] | 13:19:31.001836
[1499, 1500, 988, 1500, 2011, 988, 988, 988, 1001, 1001, 1001, 1001, 1500, 1500, 1500, 1500] | 13:19:31.008529
[1499, 1500, 988, 1499, 2011, 988, 988, 988, 1001, 1001, 1001, 1001, 1500, 1500, 1500, 1500] | 13:19:31.015095
[1499, 1500, 988, 1499, 2011, 988, 988, 988, 1001, 1001, 1001, 1001, 1500, 1500, 1500, 1500] | 13:19:31.021947
[1500, 1500, 988, 1499, 2011, 988, 988, 988, 1001, 1001, 1001, 1001, 1500, 1500, 1500, 1500] | 13:19:31.028469
13:19:31.032565 ALT: 0.02
13:19:31.032616 ATT: [-21.3, 0.8, 4]
13:19:31.032841 ACC: [-6, -186, 478]
[1500, 1500, 988, 1500, 2011, 988, 988, 988, 1001, 1001, 1001, 1001, 1500, 1500, 1500, 1500] | 13:19:31.035079
[1500, 1500, 988, 1500, 2011, 988, 988, 988, 1001, 1001, 1001, 1001, 1500, 1500, 1500, 1500] | 13:19:31.042160
[1500, 1500, 988, 1500, 2011, 988, 988, 988, 1001, 1001, 1001, 1001, 1500, 1500, 1500, 1500] | 13:19:31.048580
[1500, 1500, 988, 1500, 2011, 988, 988, 988, 1001, 1001, 1001, 1001, 1500, 1500, 1500, 1500] | 13:19:31.055131
[1500, 1500, 988, 1500, 2011, 988, 988, 988, 1001, 1001, 1001, 1001, 1500, 1500, 1500, 1500] | 13:19:31.062099
[1499, 1500, 988, 1500, 2011, 988, 988, 988, 1001, 1001, 1001, 1001, 1500, 1500, 1500, 1500] | 13:19:31.068530
[1499, 1500, 988, 1500, 2011, 988, 988, 988, 1001, 1001, 1001, 1001, 1500, 1500, 1500, 1500] | 13:19:31.075527
13:19:31.080682 ALT: 0.02
13:19:31.080770 ATT: [-21.3, 0.8, 4]
13:19:31.081027 ACC: [-7, -188, 480]
[1499, 1500, 988, 1500, 2011, 988, 988, 988, 1001, 1001, 1001, 1001, 1500, 1500, 1500, 1500] | 13:19:31.081863
[1499, 1500, 988, 1500, 2011, 988, 988, 988, 1001, 1001, 1001, 1001, 1500, 1500, 1500, 1500] | 13:19:31.089265
[1499, 1500, 988, 1500, 2011, 988, 988, 988, 1001, 1001, 1001, 1001, 1500, 1500, 1500, 1500] | 13:19:31.095263
[1499, 1500, 988, 1500, 2011, 988, 988, 988, 1001, 1001, 1001, 1001, 1500, 1500, 1500, 1500] | 13:19:31.101870
[1500, 1500, 988, 1500, 2011, 988, 988, 988, 1001, 1001, 1001, 1001, 1500, 1500, 1500, 1500] | 13:19:31.108592
[1500, 1500, 988, 1500, 2011, 988, 988, 988, 1001, 1001, 1001, 1001, 1500, 1500, 1500, 1500] | 13:19:31.115105
[1500, 1500, 988, 1500, 2011, 988, 988, 988, 1001, 1001, 1001, 1001, 1500, 1500, 1500, 1500] | 13:19:31.122003
[1500, 1500, 988, 1500, 2011, 988, 988, 988, 1001, 1001, 1001, 1001, 1500, 1500, 1500, 1500] | 13:19:31.128471
13:19:31.129003 ACC: [-7, -188, 481]
[1500, 1500, 988, 1499, 2011, 988, 988, 988, 1001, 1001, 1001, 1001, 1500, 1500, 1500, 1500] | 13:19:31.135166
[1500, 1500, 988, 1499, 2011, 988, 988, 988, 1001, 1001, 1001, 1001, 1500, 1500, 1500, 1500] | 13:19:31.141956
[1500, 1500, 988, 1499, 2011, 988, 988, 988, 1001, 1001, 1001, 1001, 1500, 1500, 1500, 1500] | 13:19:31.148585
[1500, 1500, 988, 1500, 2011, 988, 988, 988, 1001, 1001, 1001, 1001, 1500, 1500, 1500, 1500] | 13:19:31.155242
[1500, 1500, 988, 1500, 2011, 988, 988, 988, 1001, 1001, 1001, 1001, 1500, 1500, 1500, 1500] | 13:19:31.161873
[1500, 1500, 988, 1500, 2011, 988, 988, 988, 1001, 1001, 1001, 1001, 1500, 1500, 1500, 1500] | 13:19:31.168506
[1500, 1500, 988, 1500, 2011, 988, 988, 988, 1001, 1001, 1001, 1001, 1500, 1500, 1500, 1500] | 13:19:31.175357
13:19:31.176739 ALT: 0.02
13:19:31.176835 ATT: [-21.3, 0.8, 4]
13:19:31.177158 ACC: [-7, -188, 478]
[1500, 1500, 988, 1500, 2011, 988, 988, 988, 1001, 1001, 1001, 1001, 1500, 1500, 1500, 1500] | 13:19:31.181925
[1500, 1500, 988, 1500, 2011, 988, 988, 988, 1001, 1001, 1001, 1001, 1500, 1500, 1500, 1500] | 13:19:31.189246
[1500, 1500, 988, 1500, 2011, 988, 988, 988, 1001, 1001, 1001, 1001, 1500, 1500, 1500, 1500] | 13:19:31.195376
[1500, 1500, 988, 1500, 2011, 988, 988, 988, 1001, 1001, 1001, 1001, 1500, 1500, 1500, 1500] | 13:19:31.201890
[1500, 1500, 988, 1500, 2011, 988, 988, 988, 1001, 1001, 1001, 1001, 1500, 1500, 1500, 1500] | 13:19:31.208594
[1500, 1500, 988, 1500, 2011, 989, 988, 988, 1001, 1001, 1001, 1001, 1500, 1500, 1500, 1500] | 13:19:31.215193
[1500, 1500, 988, 1500, 2011, 989, 986, 988, 1001, 1001, 1001, 1001, 1500, 1500, 1500, 1500] | 13:19:31.221995
13:19:31.224756 ALT: 0.06
13:19:31.224844 ATT: [-21.3, 0.8, 4]
13:19:31.225146 ACC: [-6, -186, 479]
[1500, 1500, 988, 1500, 2011, 989, 986, 988, 1001, 1001, 1001, 1001, 1500, 1500, 1500, 1500] | 13:19:31.228527
[1500, 1500, 988, 1500, 2011, 988, 986, 988, 1001, 1001, 1001, 1001, 1500, 1500, 1500, 1500] | 13:19:31.235041
[1500, 1500, 988, 1500, 2011, 988, 988, 988, 1001, 1001, 1001, 1001, 1500, 1500, 1500, 1500] | 13:19:31.242119
[1500, 1500, 988, 1500, 2011, 988, 988, 988, 1001, 1001, 1001, 1001, 1500, 1500, 1500, 1500] | 13:19:31.248516
[1500, 1500, 988, 1500, 2011, 988, 988, 988, 1001, 1001, 1001, 1001, 1500, 1500, 1500, 1500] | 13:19:31.255150
[1500, 1500, 988, 1500, 2011, 988, 988, 988, 1001, 1001, 1001, 1001, 1500, 1500, 1500, 1500] | 13:19:31.261911
[1500, 1500, 988, 1500, 2011, 988, 988, 988, 1001, 1001, 1001, 1001, 1500, 1500, 1500, 1500] | 13:19:31.268520
13:19:31.273062 ALT: 0.09
13:19:31.273279 ATT: [-21.3, 0.8, 4]
13:19:31.273776 ACC: [-7, -188, 480]
[1500, 1500, 988, 1500, 2011, 988, 988, 988, 1001, 1001, 1001, 1001, 1500, 1500, 1500, 1500] | 13:19:31.275360
[1500, 1500, 988, 1500, 2011, 988, 988, 989, 1001, 1001, 1001, 1001, 1500, 1500, 1500, 1500] | 13:19:31.281883
[1500, 1500, 988, 1500, 2011, 988, 988, 989, 1001, 1001, 1001, 1001, 1500, 1500, 1500, 1500] | 13:19:31.289487
[1500, 1500, 988, 1500, 2011, 988, 988, 989, 1001, 1001, 1001, 1001, 1500, 1500, 1500, 1500] | 13:19:31.295301
[1500, 1500, 988, 1500, 2011, 988, 988, 988, 1001, 1001, 1001, 1001, 1500, 1500, 1500, 1500] | 13:19:31.301887
[1500, 1500, 988, 1500, 2011, 988, 988, 988, 1001, 1001, 1001, 1001, 1500, 1500, 1500, 1500] | 13:19:31.308843
[1500, 1500, 988, 1500, 2011, 988, 988, 988, 1001, 1001, 1001, 1001, 1500, 1500, 1500, 1500] | 13:19:31.315134
13:19:31.321583 ALT: 0.1
13:19:31.321832 ATT: [-21.3, 0.8, 4]
13:19:31.322192 ACC: [-7, -186, 478]
[1500, 1500, 988, 1500, 2011, 988, 988, 988, 1001, 1001, 1001, 1001, 1500, 1500, 1500, 1500] | 13:19:31.323419
[1500, 1500, 988, 1500, 2011, 988, 988, 988, 1001, 1001, 1001, 1001, 1500, 1500, 1500, 1500] | 13:19:31.328548
[1500, 1500, 988, 1500, 2011, 988, 988, 988, 1001, 1001, 1001, 1001, 1500, 1500, 1500, 1500] | 13:19:31.335039
[1500, 1500, 988, 1500, 2011, 988, 988, 988, 1001, 1001, 1001, 1001, 1500, 1500, 1500, 1500] | 13:19:31.342045
[1500, 1500, 988, 1500, 2011, 988, 988, 988, 1001, 1001, 1001, 1001, 1500, 1500, 1500, 1500] | 13:19:31.348461
[1500, 1499, 988, 1500, 2011, 988, 988, 988, 1001, 1001, 1001, 1001, 1500, 1500, 1500, 1500] | 13:19:31.355198
[1500, 1499, 988, 1500, 2011, 988, 988, 988, 1001, 1001, 1001, 1001, 1500, 1500, 1500, 1500] | 13:19:31.362054
[1500, 1499, 988, 1500, 2011, 988, 988, 988, 1001, 1001, 1001, 1001, 1500, 1500, 1500, 1500] | 13:19:31.368592
13:19:31.368903 ALT: 0.1
13:19:31.368952 ATT: [-21.3, 0.8, 4]
13:19:31.369183 ACC: [-7, -188, 478]
[1500, 1500, 988, 1500, 2011, 988, 988, 988, 1001, 1001, 1001, 1001, 1500, 1500, 1500, 1500] | 13:19:31.375921
[1500, 1500, 988, 1500, 2011, 988, 988, 988, 1001, 1001, 1001, 1001, 1500, 1500, 1500, 1500] | 13:19:31.381848
[1500, 1500, 988, 1500, 2011, 988, 988, 988, 1001, 1001, 1001, 1001, 1500, 1500, 1500, 1500] | 13:19:31.389339
[1500, 1500, 988, 1499, 2011, 988, 988, 988, 1001, 1001, 1001, 1001, 1500, 1500, 1500, 1500] | 13:19:31.395511
[1500, 1500, 988, 1499, 2011, 988, 988, 988, 1001, 1001, 1001, 1001, 1500, 1500, 1500, 1500] | 13:19:31.401876
[1500, 1500, 988, 1499, 2011, 988, 988, 988, 1001, 1001, 1001, 1001, 1500, 1500, 1500, 1500] | 13:19:31.408659
[1500, 1500, 988, 1500, 2011, 988, 988, 988, 1001, 1001, 1001, 1001, 1500, 1500, 1500, 1500] | 13:19:31.415211
13:19:31.416705 ALT: 0.1
13:19:31.416791 ATT: [-21.3, 0.8, 4]
13:19:31.417101 ACC: [-7, -187, 479]
[1500, 1500, 988, 1500, 2011, 988, 988, 989, 1001, 1001, 1001, 1001, 1500, 1500, 1500, 1500] | 13:19:31.422154
[1500, 1500, 988, 1500, 2011, 988, 988, 989, 1001, 1001, 1001, 1001, 1500, 1500, 1500, 1500] | 13:19:31.428513
[1500, 1500, 988, 1500, 2011, 988, 988, 989, 1001, 1001, 1001, 1001, 1500, 1500, 1500, 1500] | 13:19:31.435100
[1500, 1500, 988, 1500, 2011, 988, 988, 988, 1001, 1001, 1001, 1001, 1500, 1500, 1500, 1500] | 13:19:31.442359
[1500, 1500, 988, 1500, 2011, 988, 988, 988, 1001, 1001, 1001, 1001, 1500, 1500, 1500, 1500] | 13:19:31.448644
[1500, 1500, 988, 1500, 2011, 988, 988, 988, 1001, 1001, 1001, 1001, 1500, 1500, 1500, 1500] | 13:19:31.455236
[1500, 1500, 988, 1500, 2011, 988, 988, 988, 1001, 1001, 1001, 1001, 1500, 1500, 1500, 1500] | 13:19:31.461902
13:19:31.464792 ALT: 0.1
13:19:31.464982 ATT: [-21.3, 0.8, 4]
13:19:31.465223 ACC: [-8, -188, 481]
[1500, 1500, 988, 1500, 2011, 988, 988, 988, 1001, 1001, 1001, 1001, 1500, 1500, 1500, 1500] | 13:19:31.468603
[1500, 1500, 988, 1500, 2011, 988, 988, 988, 1001, 1001, 1001, 1001, 1500, 1500, 1500, 1500] | 13:19:31.475414
[1500, 1500, 988, 1500, 2011, 988, 988, 988, 1001, 1001, 1001, 1001, 1500, 1500, 1500, 1500] | 13:19:31.481844
[1500, 1500, 988, 1500, 2011, 988, 988, 988, 1001, 1001, 1001, 1001, 1500, 1500, 1500, 1500] | 13:19:31.489400
[1500, 1500, 988, 1500, 2011, 988, 988, 988, 1001, 1001, 1001, 1001, 1500, 1500, 1500, 1500] | 13:19:31.495263
[1500, 1500, 988, 1500, 2011, 988, 988, 988, 1001, 1001, 1001, 1001, 1500, 1500, 1500, 1500] | 13:19:31.501893
[1499, 1500, 988, 1500, 2011, 988, 988, 988, 1001, 1001, 1001, 1001, 1500, 1500, 1500, 1500] | 13:19:31.508621
13:19:31.512741 ALT: 0.1
13:19:31.512824 ATT: [-21.3, 0.8, 4]
13:19:31.513066 ACC: [-7, -186, 482]
[1499, 1500, 988, 1500, 2011, 988, 988, 988, 1001, 1001, 1001, 1001, 1500, 1500, 1500, 1500] | 13:19:31.515161
[1499, 1500, 988, 1500, 2011, 988, 988, 988, 1001, 1001, 1001, 1001, 1500, 1500, 1500, 1500] | 13:19:31.522005
[1500, 1500, 988, 1500, 2011, 988, 988, 988, 1001, 1001, 1001, 1001, 1500, 1500, 1500, 1500] | 13:19:31.528614
[1500, 1500, 988, 1500, 2011, 988, 988, 988, 1001, 1001, 1001, 1001, 1500, 1500, 1500, 1500] | 13:19:31.535110
[1500, 1500, 988, 1500, 2011, 988, 988, 988, 1001, 1001, 1001, 1001, 1500, 1500, 1500, 1500] | 13:19:31.541963
[1500, 1500, 988, 1500, 2011, 988, 988, 988, 1001, 1001, 1001, 1001, 1500, 1500, 1500, 1500] | 13:19:31.548489
[1500, 1499, 988, 1500, 2011, 988, 988, 988, 1001, 1001, 1001, 1001, 1500, 1500, 1500, 1500] | 13:19:31.555185
13:19:31.560763 ALT: 0.1
13:19:31.560861 ATT: [-21.3, 0.8, 4]
88, 988, 988, 1001, 1001, 1001, 1001, 1500, 1500, 1500, 1500] |13:19:31.561153 ACC: [-7, -186, 480]
[1500, 1499, 988, 1500, 2011, 988, 988, 988, 1001, 1001, 1001, 1001, 1500, 1500, 1500, 1500] | 13:19:31.562341
[1500, 1499, 988, 1500, 2011, 988, 988, 988, 1001, 1001, 1001, 1001, 1500, 1500, 1500, 1500] | 13:19:31.568598
[1500, 1500, 988, 1500, 2011, 988, 988, 988, 1001, 1001, 1001, 1001, 1500, 1500, 1500, 1500] | 13:19:31.575216
[1500, 1500, 988, 1500, 2011, 988, 988, 988, 1001, 1001, 1001, 1001, 1500, 1500, 1500, 1500] | 13:19:31.581902
[1500, 1500, 988, 1500, 2011, 988, 988, 988, 1001, 1001, 1001, 1001, 1500, 1500, 1500, 1500] | 13:19:31.589354
[1500, 1500, 988, 1500, 2011, 988, 988, 988, 1001, 1001, 1001, 1001, 1500, 1500, 1500, 1500] | 13:19:31.595259
[1500, 1500, 988, 1500, 2011, 988, 988, 988, 1001, 1001, 1001, 1001, 1500, 1500, 1500, 1500] | 13:19:31.601880
[1499, 1500, 988, 1500, 2011, 988, 988, 988, 1001, 1001, 1001, 1001, 1500, 1500, 1500, 1500] | 13:19:31.608730
13:19:31.609074 ALT: 0.1
13:19:31.609135 ATT: [-21.3, 0.8, 4]
13:19:31.609411 ACC: [-7, -186, 479]
[1499, 1500, 988, 1500, 2011, 988, 988, 988, 1001, 1001, 1001, 1001, 1500, 1500, 1500, 1500] | 13:19:31.615182
[1499, 1500, 988, 1500, 2011, 988, 988, 988, 1001, 1001, 1001, 1001, 1500, 1500, 1500, 1500] | 13:19:31.622273
[1499, 1500, 988, 1500, 2011, 988, 988, 988, 1001, 1001, 1001, 1001, 1500, 1500, 1500, 1500] | 13:19:31.628524
[1499, 1500, 988, 1500, 2011, 988, 988, 988, 1001, 1001, 1001, 1001, 1500, 1500, 1500, 1500] | 13:19:31.635065
[1499, 1500, 988, 1500, 2011, 988, 988, 988, 1001, 1001, 1001, 1001, 1500, 1500, 1500, 1500] | 13:19:31.642391
[1500, 1500, 988, 1500, 2011, 988, 988, 988, 1001, 1001, 1001, 1001, 1500, 1500, 1500, 1500] | 13:19:31.648523
[1500, 1499, 988, 1500, 2011, 988, 988, 988, 1001, 1001, 1001, 1001, 1500, 1500, 1500, 1500] | 13:19:31.655218
13:19:31.657044 ALT: 0.1
13:19:31.657196 ATT: [-21.3, 0.8, 4]
13:19:31.657644 ACC: [-7, -187, 480]
[1500, 1499, 988, 1500, 2011, 988, 988, 988, 1001, 1001, 1001, 1001, 1500, 1500, 1500, 1500] | 13:19:31.662103
[1500, 1499, 988, 1500, 2011, 988, 988, 988, 1001, 1001, 1001, 1001, 1500, 1500, 1500, 1500] | 13:19:31.668533
[1500, 1500, 988, 1500, 2011, 988, 988, 988, 1001, 1001, 1001, 1001, 1500, 1500, 1500, 1500] | 13:19:31.675291
[1500, 1500, 988, 1500, 2011, 988, 988, 988, 1001, 1001, 1001, 1001, 1500, 1500, 1500, 1500] | 13:19:31.681856
[1500, 1500, 988, 1500, 2011, 988, 988, 988, 1001, 1001, 1001, 1001, 1500, 1500, 1500, 1500] | 13:19:31.688981
[1500, 1500, 988, 1500, 2011, 988, 988, 988, 1001, 1001, 1001, 1001, 1500, 1500, 1500, 1500] | 13:19:31.695385
[1500, 1500, 988, 1500, 2011, 988, 988, 988, 1001, 1001, 1001, 1001, 1500, 1500, 1500, 1500] | 13:19:31.701922
13:19:31.705311 ALT: 0.1
13:19:31.705556 ATT: [-21.3, 0.8, 4]
13:19:31.706064 ACC: [-7, -187, 480]
[1500, 1500, 988, 1500, 2011, 988, 988, 988, 1001, 1001, 1001, 1001, 1500, 1500, 1500, 1500] | 13:19:31.709038
[1500, 1500, 988, 1500, 2011, 988, 988, 988, 1001, 1001, 1001, 1001, 1500, 1500, 1500, 1500] | 13:19:31.715132
[1500, 1500, 988, 1500, 2011, 988, 988, 988, 1001, 1001, 1001, 1001, 1500, 1500, 1500, 1500] | 13:19:31.722262
[1500, 1500, 988, 1500, 2011, 988, 988, 988, 1001, 1001, 1001, 1001, 1500, 1500, 1500, 1500] | 13:19:31.728691
[1500, 1499, 988, 1500, 2011, 988, 988, 988, 1001, 1001, 1001, 1001, 1500, 1500, 1500, 1500] | 13:19:31.735085
[1500, 1499, 988, 1500, 2011, 988, 988, 988, 1001, 1001, 1001, 1001, 1500, 1500, 1500, 1500] | 13:19:31.742086
[1499, 1499, 988, 1500, 2011, 988, 988, 988, 1001, 1001, 1001, 1001, 1500, 1500, 1500, 1500] | 13:19:31.748498
13:19:31.752862 ALT: 0.1
13:19:31.752944 ATT: [-21.3, 0.8, 4]
13:19:31.753265 ACC: [-7, -186, 479]
[1499, 1500, 988, 1500, 2011, 988, 988, 988, 1001, 1001, 1001, 1001, 1500, 1500, 1500, 1500] | 13:19:31.755213
[1499, 1500, 988, 1500, 2011, 988, 988, 988, 1001, 1001, 1001, 1001, 1500, 1500, 1500, 1500] | 13:19:31.761973
[1500, 1500, 988, 1500, 2011, 988, 988, 988, 1001, 1001, 1001, 1001, 1500, 1500, 1500, 1500] | 13:19:31.768653
[1500, 1500, 988, 1500, 2011, 988, 988, 988, 1001, 1001, 1001, 1001, 1500, 1500, 1500, 1500] | 13:19:31.775204
[1500, 1500, 988, 1500, 2011, 988, 988, 988, 1001, 1001, 1001, 1001, 1500, 1500, 1500, 1500] | 13:19:31.781930
[1500, 1500, 988, 1500, 2011, 988, 988, 988, 1001, 1001, 1001, 1001, 1500, 1500, 1500, 1500] | 13:19:31.788599
[1500, 1500, 988, 1500, 2011, 988, 988, 988, 1001, 1001, 1001, 1001, 1500, 1500, 1500, 1500] | 13:19:31.795417
13:19:31.800801 ALT: 0.1
13:19:31.800893 ATT: [-21.3, 0.8, 4]
13:19:31.801167 ACC: [-8, -187, 479]
[1500, 1500, 988, 1500, 2011, 988, 988, 988, 1001, 1001, 1001, 1001, 1500, 1500, 1500, 1500] | 13:19:31.801981
[1500, 1500, 988, 1500, 2011, 988, 988, 988, 1001, 1001, 1001, 1001, 1500, 1500, 1500, 1500] | 13:19:31.808787
[1500, 1500, 988, 1500, 2011, 988, 988, 988, 1001, 1001, 1001, 1001, 1500, 1500, 1500, 1500] | 13:19:31.815138
[1500, 1500, 988, 1500, 2011, 988, 988, 988, 1001, 1001, 1001, 1001, 1500, 1500, 1500, 1500] | 13:19:31.822443
[1500, 1500, 988, 1500, 2011, 988, 988, 988, 1001, 1001, 1001, 1001, 1500, 1500, 1500, 1500] | 13:19:31.828478
[1500, 1500, 988, 1499, 2011, 988, 988, 988, 1001, 1001, 1001, 1001, 1500, 1500, 1500, 1500] | 13:19:31.835056
[1500, 1500, 988, 1499, 2011, 988, 988, 988, 1001, 1001, 1001, 1001, 1500, 1500, 1500, 1500] | 13:19:31.842015
[1500, 1500, 988, 1499, 2011, 988, 988, 988, 1001, 1001, 1001, 1001, 1500, 1500, 1500, 1500] | 13:19:31.848549
13:19:31.848796 ALT: 0.1
13:19:31.848839 ATT: [-21.3, 0.8, 4]
13:19:31.849047 ACC: [-7, -187, 480]
[1500, 1500, 988, 1499, 2011, 988, 988, 988, 1001, 1001, 1001, 1001, 1500, 1500, 1500, 1500] | 13:19:31.855260
[1500, 1500, 988, 1499, 2011, 988, 988, 988, 1001, 1001, 1001, 1001, 1500, 1500, 1500, 1500] | 13:19:31.862178
[1500, 1500, 988, 1499, 2011, 988, 988, 988, 1001, 1001, 1001, 1001, 1500, 1500, 1500, 1500] | 13:19:31.868524
[1500, 1500, 988, 1500, 2011, 988, 988, 988, 1001, 1001, 1001, 1001, 1500, 1500, 1500, 1500] | 13:19:31.875426
[1500, 1500, 988, 1500, 2011, 988, 988, 988, 1001, 1001, 1001, 1001, 1500, 1500, 1500, 1500] | 13:19:31.881841
[1500, 1500, 988, 1500, 2011, 988, 988, 988, 1001, 1001, 1001, 1001, 1500, 1500, 1500, 1500] | 13:19:31.889293
[1500, 1499, 988, 1499, 2011, 988, 988, 988, 1001, 1001, 1001, 1001, 1500, 1500, 1500, 1500] | 13:19:31.895343
13:19:31.896842 ALT: 0.1
13:19:31.896899 ATT: [-21.3, 0.8, 4]
13:19:31.897125 ACC: [-7, -188, 480]
[1500, 1499, 988, 1499, 2011, 988, 988, 988, 1001, 1001, 1001, 1001, 1500, 1500, 1500, 1500] | 13:19:31.902026
[1499, 1499, 988, 1499, 2011, 988, 988, 988, 1001, 1001, 1001, 1001, 1500, 1500, 1500, 1500] | 13:19:31.908662
[1499, 1500, 988, 1500, 2011, 988, 988, 988, 1001, 1001, 1001, 1001, 1500, 1500, 1500, 1500] | 13:19:31.915206
[1499, 1500, 988, 1500, 2011, 988, 988, 988, 1001, 1001, 1001, 1001, 1500, 1500, 1500, 1500] | 13:19:31.922050
[1500, 1500, 988, 1500, 2011, 988, 988, 988, 1001, 1001, 1001, 1001, 1500, 1500, 1500, 1500] | 13:19:31.928505
[1500, 1499, 988, 1500, 2011, 988, 988, 988, 1001, 1001, 1001, 1001, 1500, 1500, 1500, 1500] | 13:19:31.935056
[1500, 1499, 988, 1500, 2011, 988, 988, 988, 1001, 1001, 1001, 1001, 1500, 1500, 1500, 1500] | 13:19:31.942072
13:19:31.945011 ALT: 0.1
13:19:31.945102 ATT: [-21.3, 0.8, 4]
13:19:31.945405 ACC: [-6, -186, 479]
[1500, 1499, 988, 1500, 2011, 988, 988, 988, 1001, 1001, 1001, 1001, 1500, 1500, 1500, 1500] | 13:19:31.948569
[1500, 1500, 988, 1500, 2011, 988, 988, 988, 1001, 1001, 1001, 1001, 1500, 1500, 1500, 1500] | 13:19:31.955252
[1500, 1500, 988, 1500, 2011, 988, 988, 988, 1001, 1001, 1001, 1001, 1500, 1500, 1500, 1500] | 13:19:31.961901
[1500, 1500, 988, 1500, 2011, 988, 988, 988, 1001, 1001, 1001, 1001, 1500, 1500, 1500, 1500] | 13:19:31.968580
[1500, 1500, 988, 1500, 2011, 988, 988, 988, 1001, 1001, 1001, 1001, 1500, 1500, 1500, 1500] | 13:19:31.975293
[1500, 1500, 988, 1500, 2011, 988, 988, 988, 1001, 1001, 1001, 1001, 1500, 1500, 1500, 1500] | 13:19:31.981857
[1500, 1500, 988, 1500, 2011, 988, 988, 988, 1001, 1001, 1001, 1001, 1500, 1500, 1500, 1500] | 13:19:31.988757
13:19:31.993274 ALT: 0.1
13:19:31.993378 ATT: [-21.3, 0.8, 4]
13:19:31.993703 ACC: [-7, -187, 478]
[1500, 1500, 988, 1500, 2011, 988, 988, 988, 1001, 1001, 1001, 1001, 1500, 1500, 1500, 1500] | 13:19:31.995459
[1500, 1500, 988, 1500, 2011, 988, 988, 988, 1001, 1001, 1001, 1001, 1500, 1500, 1500, 1500] | 13:19:32.001918
[1500, 1500, 988, 1500, 2011, 988, 988, 988, 1001, 1001, 1001, 1001, 1500, 1500, 1500, 1500] | 13:19:32.008950
[1500, 1500, 988, 1500, 2011, 988, 988, 988, 1001, 1001, 1001, 1001, 1500, 1500, 1500, 1500] | 13:19:32.015144
[1500, 1500, 988, 1500, 2011, 988, 988, 988, 1001, 1001, 1001, 1001, 1500, 1500, 1500, 1500] | 13:19:32.022025
[1500, 1500, 988, 1500, 2011, 988, 988, 988, 1001, 1001, 1001, 1001, 1500, 1500, 1500, 1500] | 13:19:32.028479
[1500, 1500, 988, 1500, 2011, 988, 988, 988, 1001, 1001, 1001, 1001, 1500, 1500, 1500, 1500] | 13:19:32.035062
13:19:32.041326 ALT: 0.1
13:19:32.041434 ATT: [-21.3, 0.8, 4]
13:19:32.042009 ACC: [-7, -188, 479]
[1500, 1500, 988, 1500, 2011, 988, 988, 988, 1001, 1001, 1001, 1001, 1500, 1500, 1500, 1500] | 13:19:32.042961
[1500, 1500, 988, 1500, 2011, 988, 988, 988, 1001, 1001, 1001, 1001, 1500, 1500, 1500, 1500] | 13:19:32.048531
[1500, 1500, 988, 1500, 2011, 988, 988, 988, 1001, 1001, 1001, 1001, 1500, 1500, 1500, 1500] | 13:19:32.055438
[1500, 1500, 988, 1500, 2011, 988, 988, 988, 1001, 1001, 1001, 1001, 1500, 1500, 1500, 1500] | 13:19:32.061936
[1500, 1500, 988, 1500, 2011, 988, 988, 988, 1001, 1001, 1001, 1001, 1500, 1500, 1500, 1500] | 13:19:32.068608
[1500, 1499, 988, 1500, 2011, 988, 988, 988, 1001, 1001, 1001, 1001, 1500, 1500, 1500, 1500] | 13:19:32.075237
[1500, 1499, 988, 1500, 2011, 988, 988, 988, 1001, 1001, 1001, 1001, 1500, 1500, 1500, 1500] | 13:19:32.081893
[1500, 1499, 988, 1500, 2011, 988, 988, 988, 1001, 1001, 1001, 1001, 1500, 1500, 1500, 1500] | 13:19:32.089610
13:19:32.090147 ALT: 0.1
13:19:32.090259 ATT: [-21.3, 0.8, 4]
13:19:32.090739 ACC: [-6, -187, 480]
[1500, 1500, 988, 1500, 2011, 988, 988, 988, 1001, 1001, 1001, 1001, 1500, 1500, 1500, 1500] | 13:19:32.095517
[1500, 1500, 988, 1500, 2011, 988, 988, 988, 1001, 1001, 1001, 1001, 1500, 1500, 1500, 1500] | 13:19:32.101911
[1499, 1500, 988, 1500, 2011, 988, 988, 988, 1001, 1001, 1001, 1001, 1500, 1500, 1500, 1500] | 13:19:32.108922
[1499, 1500, 988, 1500, 2011, 988, 988, 988, 1001, 1001, 1001, 1001, 1500, 1500, 1500, 1500] | 13:19:32.115254
[1499, 1500, 988, 1500, 2011, 988, 988, 988, 1001, 1001, 1001, 1001, 1500, 1500, 1500, 1500] | 13:19:32.122677
[1500, 1500, 988, 1500, 2011, 988, 988, 988, 1001, 1001, 1001, 1001, 1500, 1500, 1500, 1500] | 13:19:32.128516
[1500, 1500, 988, 1499, 2011, 988, 988, 988, 1001, 1001, 1001, 1001, 1500, 1500, 1500, 1500] | 13:19:32.135085
13:19:32.136852 ALT: 0.1
13:19:32.136937 ATT: [-21.3, 0.8, 4]
13:19:32.137209 ACC: [-8, -186, 479]
[1500, 1500, 988, 1499, 2011, 988, 988, 988, 1001, 1001, 1001, 1001, 1500, 1500, 1500, 1500] | 13:19:32.142120
[1500, 1500, 988, 1499, 2011, 988, 988, 988, 1001, 1001, 1001, 1001, 1500, 1500, 1500, 1500] | 13:19:32.148532
[1500, 1500, 988, 1500, 2014, 985, 988, 988, 1001, 1001, 1001, 1001, 1500, 1500, 1500, 1500] | 13:19:32.155256
[1500, 1500, 988, 1500, 2014, 985, 988, 988, 1001, 1001, 1001, 1001, 1500, 1500, 1500, 1500] | 13:19:32.161957
[1499, 1500, 988, 1500, 2014, 985, 988, 988, 1001, 1001, 1001, 1001, 1500, 1500, 1500, 1500] | 13:19:32.168593
[1499, 1500, 988, 1500, 2011, 988, 988, 988, 1001, 1001, 1001, 1001, 1500, 1500, 1500, 1500] | 13:19:32.175242
[1499, 1500, 988, 1500, 2011, 988, 988, 988, 1001, 1001, 1001, 1001, 1500, 1500, 1500, 1500] | 13:19:32.181860
13:19:32.184851 ALT: 0.1
13:19:32.184937 ATT: [-21.3, 0.8, 4]
13:19:32.185198 ACC: [-7, -187, 480]
[1500, 1500, 988, 1500, 2011, 988, 988, 988, 1001, 1001, 1001, 1001, 1500, 1500, 1500, 1500] | 13:19:32.189640
[1500, 1499, 988, 1500, 2011, 988, 988, 988, 1001, 1001, 1001, 1001, 1500, 1500, 1500, 1500] | 13:19:32.195383
[1500, 1499, 988, 1500, 2011, 988, 988, 988, 1001, 1001, 1001, 1001, 1500, 1500, 1500, 1500] | 13:19:32.201900
[1500, 1499, 988, 1500, 2011, 988, 988, 988, 1001, 1001, 1001, 1001, 1500, 1500, 1500, 1500] | 13:19:32.208700
[1500, 1499, 988, 1500, 2011, 988, 988, 988, 1001, 1001, 1001, 1001, 1500, 1500, 1500, 1500] | 13:19:32.215108
[1500, 1499, 988, 1500, 2011, 988, 988, 988, 1001, 1001, 1001, 1001, 1500, 1500, 1500, 1500] | 13:19:32.222184
[1500, 1499, 988, 1500, 2011, 988, 988, 988, 1001, 1001, 1001, 1001, 1500, 1500, 1500, 1500] | 13:19:32.228500
13:19:32.232775 ALT: 0.1
13:19:32.232827 ATT: [-21.3, 0.8, 3]
13:19:32.233040 ACC: [-7, -186, 479]
[1500, 1500, 988, 1500, 2011, 988, 988, 988, 1001, 1001, 1001, 1001, 1500, 1500, 1500, 1500] | 13:19:32.235149
[1500, 1500, 988, 1500, 2011, 988, 988, 988, 1001, 1001, 1001, 1001, 1500, 1500, 1500, 1500] | 13:19:32.241998
[1500, 1500, 988, 1500, 2011, 988, 988, 988, 1001, 1001, 1001, 1001, 1500, 1500, 1500, 1500] | 13:19:32.248638
[1500, 1500, 988, 1500, 2011, 988, 988, 988, 1001, 1001, 1001, 1001, 1500, 1500, 1500, 1500] | 13:19:32.255588
[1500, 1500, 988, 1500, 2011, 988, 988, 988, 1001, 1001, 1001, 1001, 1500, 1500, 1500, 1500] | 13:19:32.261968
[1500, 1500, 988, 1500, 2011, 988, 988, 988, 1001, 1001, 1001, 1001, 1500, 1500, 1500, 1500] | 13:19:32.268613
[1500, 1500, 988, 1500, 2011, 988, 988, 988, 1001, 1001, 1001, 1001, 1500, 1500, 1500, 1500] | 13:19:32.275241
13:19:32.280850 ALT: 0.1
13:19:32.280938 ATT: [-21.3, 0.8, 3]
13:19:32.281174 ACC: [-7, -187, 478]
[1500, 1500, 988, 1500, 2011, 988, 988, 988, 1001, 1001, 1001, 1001, 1500, 1500, 1500, 1500] | 13:19:32.281946
[1500, 1500, 988, 1500, 2011, 988, 988, 988, 1001, 1001, 1001, 1001, 1500, 1500, 1500, 1500] | 13:19:32.289597
[1500, 1500, 988, 1500, 2011, 988, 988, 988, 1001, 1001, 1001, 1001, 1500, 1500, 1500, 1500] | 13:19:32.295379
[1500, 1500, 988, 1500, 2011, 988, 988, 988, 1001, 1001, 1001, 1001, 1500, 1500, 1500, 1500] | 13:19:32.301913
[1500, 1500, 988, 1500, 2011, 988, 988, 988, 1001, 1001, 1001, 1001, 1500, 1500, 1500, 1500] | 13:19:32.308950
[1500, 1500, 988, 1500, 2011, 988, 988, 988, 1001, 1001, 1001, 1001, 1500, 1500, 1500, 1500] | 13:19:32.315100
[1500, 1500, 988, 1500, 2011, 988, 988, 988, 1001, 1001, 1001, 1001, 1500, 1500, 1500, 1500] | 13:19:32.322071
[1500, 1500, 988, 1500, 2011, 988, 988, 988, 1001, 1001, 1001, 1001, 1500, 1500, 1500, 1500] | 13:19:32.328492
13:19:32.328824 ALT: 0.1
13:19:32.328867 ATT: [-21.3, 0.8, 3]
13:19:32.329071 ACC: [-8, -187, 479]
[1500, 1500, 988, 1500, 2011, 988, 988, 988, 1001, 1001, 1001, 1001, 1500, 1500, 1500, 1500] | 13:19:32.335148
[1500, 1500, 988, 1500, 2011, 988, 988, 988, 1001, 1001, 1001, 1001, 1500, 1500, 1500, 1500] | 13:19:32.342018
[1499, 1500, 988, 1500, 2011, 988, 988, 988, 1001, 1001, 1001, 1001, 1500, 1500, 1500, 1500] | 13:19:32.348548
[1499, 1499, 988, 1499, 2011, 988, 988, 988, 1001, 1001, 1001, 1001, 1500, 1500, 1500, 1500] | 13:19:32.355340
[1499, 1499, 988, 1499, 2011, 988, 988, 988, 1001, 1001, 1001, 1001, 1500, 1500, 1500, 1500] | 13:19:32.361954
[1500, 1499, 988, 1499, 2011, 988, 988, 988, 1001, 1001, 1001, 1001, 1500, 1500, 1500, 1500] | 13:19:32.368529
[1500, 1499, 988, 1500, 2011, 988, 988, 988, 1001, 1001, 1001, 1001, 1500, 1500, 1500, 1500] | 13:19:32.375235
13:19:32.376906 ALT: 0.1
13:19:32.377003 ATT: [-21.3, 0.8, 3]
13:19:32.377296 ACC: [-7, -188, 480]
[1500, 1499, 988, 1500, 2011, 988, 988, 988, 1001, 1001, 1001, 1001, 1500, 1500, 1500, 1500] | 13:19:32.381972
[1500, 1499, 988, 1500, 2011, 988, 988, 988, 1001, 1001, 1001, 1001, 1500, 1500, 1500, 1500] | 13:19:32.389658
[1500, 1500, 988, 1500, 2011, 988, 988, 988, 1001, 1001, 1001, 1001, 1500, 1500, 1500, 1500] | 13:19:32.395371
[1500, 1500, 988, 1500, 2011, 988, 988, 988, 1001, 1001, 1001, 1001, 1500, 1500, 1500, 1500] | 13:19:32.401910
[1500, 1500, 988, 1500, 2011, 988, 988, 988, 1001, 1001, 1001, 1001, 1500, 1500, 1500, 1500] | 13:19:32.408853
[1500, 1499, 988, 1500, 2011, 988, 988, 988, 1001, 1001, 1001, 1001, 1500, 1500, 1500, 1500] | 13:19:32.415131
[1500, 1499, 988, 1500, 2011, 988, 988, 988, 1001, 1001, 1001, 1001, 1500, 1500, 1500, 1500] | 13:19:32.422084
13:19:32.424954 ALT: 0.1
13:19:32.425048 ATT: [-21.3, 0.8, 3]
13:19:32.425351 ACC: [-7, -187, 481]
[1499, 1499, 988, 1500, 2011, 988, 988, 988, 1001, 1001, 1001, 1001, 1500, 1500, 1500, 1500] | 13:19:32.428604
[1499, 1500, 988, 1500, 2011, 988, 988, 988, 1001, 1001, 1001, 1001, 1500, 1500, 1500, 1500] | 13:19:32.435117
[1499, 1500, 988, 1500, 2011, 988, 988, 988, 1001, 1001, 1001, 1001, 1500, 1500, 1500, 1500] | 13:19:32.442300
[1499, 1500, 988, 1500, 2011, 988, 988, 988, 1001, 1001, 1001, 1001, 1500, 1500, 1500, 1500] | 13:19:32.448524
[1499, 1500, 988, 1499, 2011, 988, 988, 988, 1001, 1001, 1001, 1001, 1500, 1500, 1500, 1500] | 13:19:32.455253
[1499, 1500, 988, 1499, 2011, 988, 988, 988, 1001, 1001, 1001, 1001, 1500, 1500, 1500, 1500] | 13:19:32.462228
[1500, 1500, 988, 1499, 2011, 988, 988, 988, 1001, 1001, 1001, 1001, 1500, 1500, 1500, 1500] | 13:19:32.468529
13:19:32.473004 ALT: 0.1
13:19:32.473088 ATT: [-21.3, 0.8, 3]
13:19:32.473380 ACC: [-7, -187, 479]
[1500, 1499, 988, 1499, 2011, 988, 988, 988, 1001, 1001, 1001, 1001, 1500, 1500, 1500, 1500] | 13:19:32.475457
[1500, 1499, 988, 1499, 2011, 988, 988, 988, 1001, 1001, 1001, 1001, 1500, 1500, 1500, 1500] | 13:19:32.481875
[1500, 1499, 988, 1499, 2011, 988, 988, 988, 1001, 1001, 1001, 1001, 1500, 1500, 1500, 1500] | 13:19:32.489651
[1500, 1500, 988, 1500, 2011, 988, 988, 988, 1001, 1001, 1001, 1001, 1500, 1500, 1500, 1500] | 13:19:32.495327
[1500, 1500, 988, 1500, 2011, 988, 988, 988, 1001, 1001, 1001, 1001, 1500, 1500, 1500, 1500] | 13:19:32.501938
[1500, 1500, 988, 1500, 2011, 988, 988, 988, 1001, 1001, 1001, 1001, 1500, 1500, 1500, 1500] | 13:19:32.508958
[1500, 1500, 988, 1499, 2011, 988, 988, 988, 1001, 1001, 1001, 1001, 1500, 1500, 1500, 1500] | 13:19:32.515162
13:19:32.521302 ALT: 0.1
13:19:32.521409 ATT: [-21.3, 0.8, 3]
13:19:32.521921 ACC: [-7, -186, 479]
[1500, 1500, 988, 1499, 2011, 988, 988, 988, 1001, 1001, 1001, 1001, 1500, 1500, 1500, 1500] | 13:19:32.523146
[1500, 1500, 988, 1499, 2011, 988, 988, 988, 1001, 1001, 1001, 1001, 1500, 1500, 1500, 1500] | 13:19:32.528537
[1500, 1500, 988, 1500, 2011, 988, 988, 988, 1001, 1001, 1001, 1001, 1500, 1500, 1500, 1500] | 13:19:32.535067
[1500, 1500, 988, 1500, 2011, 988, 988, 988, 1001, 1001, 1001, 1001, 1500, 1500, 1500, 1500] | 13:19:32.541976
[1499, 1500, 988, 1500, 2011, 988, 988, 988, 1001, 1001, 1001, 1001, 1500, 1500, 1500, 1500] | 13:19:32.548505
[1499, 1499, 988, 1500, 2011, 988, 988, 988, 1001, 1001, 1001, 1001, 1500, 1500, 1500, 1500] | 13:19:32.555289
[1499, 1499, 988, 1500, 2011, 988, 988, 988, 1001, 1001, 1001, 1001, 1500, 1500, 1500, 1500] | 13:19:32.562102
[1500, 1499, 988, 1500, 2011, 988, 988, 988, 1001, 1001, 1001, 1001, 1500, 1500, 1500, 1500] | 13:19:32.568529
13:19:32.568907 ALT: 0.1
13:19:32.568956 ATT: [-21.3, 0.8, 3]
13:19:32.569202 ACC: [-7, -188, 478]
[1500, 1500, 988, 1500, 2011, 988, 988, 988, 1001, 1001, 1001, 1001, 1500, 1500, 1500, 1500] | 13:19:32.575419
[1500, 1500, 988, 1500, 2011, 988, 988, 988, 1001, 1001, 1001, 1001, 1500, 1500, 1500, 1500] | 13:19:32.581885
[1500, 1500, 988, 1500, 2011, 988, 988, 988, 1001, 1001, 1001, 1001, 1500, 1500, 1500, 1500] | 13:19:32.589707
[1500, 1500, 988, 1500, 2011, 988, 988, 988, 1001, 1001, 1001, 1001, 1500, 1500, 1500, 1500] | 13:19:32.595443
[1500, 1500, 988, 1500, 2011, 988, 988, 988, 1001, 1001, 1001, 1001, 1500, 1500, 1500, 1500] | 13:19:32.601874
[1500, 1500, 988, 1500, 2011, 988, 988, 988, 1001, 1001, 1001, 1001, 1500, 1500, 1500, 1500] | 13:19:32.608614
[1500, 1500, 988, 1500, 2011, 991, 988, 988, 1001, 1001, 1001, 1001, 1500, 1500, 1500, 1500] | 13:19:32.615207
13:19:32.616869 ALT: 0.1
13:19:32.616956 ATT: [-21.3, 0.8, 3]
13:19:32.617224 ACC: [-7, -187, 478]
[1500, 1500, 988, 1500, 2011, 991, 985, 988, 1001, 1001, 1001, 1001, 1500, 1500, 1500, 1500] | 13:19:32.622318
[1500, 1500, 988, 1500, 2011, 991, 985, 988, 1001, 1001, 1001, 1001, 1500, 1500, 1500, 1500] | 13:19:32.628517
[1500, 1500, 988, 1500, 2011, 988, 985, 988, 1001, 1001, 1001, 1001, 1500, 1500, 1500, 1500] | 13:19:32.635192
[1500, 1500, 988, 1500, 2011, 988, 988, 988, 1001, 1001, 1001, 1001, 1500, 1500, 1500, 1500] | 13:19:32.642029
[1500, 1500, 988, 1500, 2011, 988, 988, 988, 1001, 1001, 1001, 1001, 1500, 1500, 1500, 1500] | 13:19:32.648628
[1500, 1500, 988, 1500, 2011, 988, 988, 988, 1001, 1001, 1001, 1001, 1500, 1500, 1500, 1500] | 13:19:32.655266
[1500, 1500, 988, 1500, 2011, 988, 988, 988, 1001, 1001, 1001, 1001, 1500, 1500, 1500, 1500] | 13:19:32.662035
13:19:32.664911 ALT: 0.1
13:19:32.664987 ATT: [-21.3, 0.8, 3]
13:19:32.665224 ACC: [-6, -188, 480]
[1500, 1500, 988, 1500, 2011, 988, 988, 988, 1001, 1001, 1001, 1001, 1500, 1500, 1500, 1500] | 13:19:32.668633
[1500, 1499, 988, 1500, 2011, 988, 988, 988, 1001, 1001, 1001, 1001, 1500, 1500, 1500, 1500] | 13:19:32.675294
[1500, 1499, 988, 1500, 2011, 988, 988, 988, 1001, 1001, 1001, 1001, 1500, 1500, 1500, 1500] | 13:19:32.681886
[1500, 1499, 988, 1500, 2011, 988, 988, 988, 1001, 1001, 1001, 1001, 1500, 1500, 1500, 1500] | 13:19:32.689531
[1500, 1500, 988, 1500, 2011, 988, 988, 988, 1001, 1001, 1001, 1001, 1500, 1500, 1500, 1500] | 13:19:32.695360
[1500, 1500, 988, 1500, 2011, 988, 988, 988, 1001, 1001, 1001, 1001, 1500, 1500, 1500, 1500] | 13:19:32.701942
[1499, 1500, 988, 1500, 2011, 988, 988, 988, 1001, 1001, 1001, 1001, 1500, 1500, 1500, 1500] | 13:19:32.708993
[1499, 1500, 988, 1500, 2011, 988, 988, 988, 1001, 1001, 1001, 1001, 1500, 1500, 1500, 1500] | 13:19:32.715114
[1499, 1500, 988, 1500, 2011, 988, 988, 988, 1001, 1001, 1001, 1001, 1500, 1500, 1500, 1500] | 13:19:32.722205
[1499, 1500, 988, 1500, 2011, 988, 988, 988, 1001, 1001, 1001, 1001, 1500, 1500, 1500, 1500] | 13:19:32.728850
13:19:32.729106 ALT: 0.1
13:19:32.729151 ATT: [-21.3, 0.8, 3]
13:19:32.729364 ACC: [-7, -187, 481]
[1499, 1500, 988, 1500, 2011, 988, 988, 988, 1001, 1001, 1001, 1001, 1500, 1500, 1500, 1500] | 13:19:32.735185
[1499, 1500, 988, 1500, 2011, 988, 988, 988, 1001, 1001, 1001, 1001, 1500, 1500, 1500, 1500] | 13:19:32.741966
[1499, 1500, 988, 1500, 2011, 988, 988, 988, 1001, 1001, 1001, 1001, 1500, 1500, 1500, 1500] | 13:19:32.748518
[1499, 1499, 988, 1500, 2011, 988, 988, 988, 1001, 1001, 1001, 1001, 1500, 1500, 1500, 1500] | 13:19:32.755254
[1499, 1499, 988, 1500, 2011, 988, 988, 988, 1001, 1001, 1001, 1001, 1500, 1500, 1500, 1500] | 13:19:32.761912
[1500, 1499, 988, 1500, 2011, 988, 988, 988, 1001, 1001, 1001, 1001, 1500, 1500, 1500, 1500] | 13:19:32.768543
[1500, 1500, 988, 1499, 2011, 989, 988, 988, 1001, 1001, 1001, 1001, 1500, 1500, 1500, 1500] | 13:19:32.775237
13:19:32.776935 ALT: 0.1
13:19:32.777025 ATT: [-21.3, 0.8, 3]
13:19:32.777341 ACC: [-8, -186, 479]
[1500, 1500, 988, 1499, 2011, 989, 986, 988, 1001, 1001, 1001, 1001, 1500, 1500, 1500, 1500] | 13:19:32.781993
[1500, 1500, 988, 1499, 2011, 989, 986, 988, 1001, 1001, 1001, 1001, 1500, 1500, 1500, 1500] | 13:19:32.788779
[1500, 1500, 988, 1499, 2011, 988, 986, 988, 1001, 1001, 1001, 1001, 1500, 1500, 1500, 1500] | 13:19:32.795530
[1500, 1500, 988, 1499, 2011, 988, 988, 988, 1001, 1001, 1001, 1001, 1500, 1500, 1500, 1500] | 13:19:32.801930
[1500, 1500, 988, 1499, 2011, 988, 988, 988, 1001, 1001, 1001, 1001, 1500, 1500, 1500, 1500] | 13:19:32.808724
[1500, 1500, 988, 1500, 2011, 988, 988, 988, 1001, 1001, 1001, 1001, 1500, 1500, 1500, 1500] | 13:19:32.815234
[1500, 1500, 988, 1500, 2011, 988, 988, 988, 1001, 1001, 1001, 1001, 1500, 1500, 1500, 1500] | 13:19:32.822020
13:19:32.825051 ALT: 0.1
13:19:32.825144 ATT: [-21.3, 0.8, 3]
13:19:32.825450 ACC: [-7, -187, 481]
[1500, 1500, 988, 1500, 2011, 988, 988, 988, 1001, 1001, 1001, 1001, 1500, 1500, 1500, 1500] | 13:19:32.828578
[1500, 1500, 988, 1500, 2011, 988, 988, 988, 1001, 1001, 1001, 1001, 1500, 1500, 1500, 1500] | 13:19:32.835085
[1500, 1500, 988, 1500, 2011, 988, 988, 988, 1001, 1001, 1001, 1001, 1500, 1500, 1500, 1500] | 13:19:32.842268
[1500, 1500, 988, 1500, 2011, 988, 988, 988, 1001, 1001, 1001, 1001, 1500, 1500, 1500, 1500] | 13:19:32.848560
[1500, 1500, 988, 1500, 2011, 988, 988, 988, 1001, 1001, 1001, 1001, 1500, 1500, 1500, 1500] | 13:19:32.855265
[1500, 1500, 988, 1500, 2011, 988, 988, 988, 1001, 1001, 1001, 1001, 1500, 1500, 1500, 1500] | 13:19:32.861935
[1500, 1500, 988, 1500, 2011, 988, 988, 988, 1001, 1001, 1001, 1001, 1500, 1500, 1500, 1500] | 13:19:32.868550
13:19:32.873501 ALT: 0.1
13:19:32.873861 ATT: [-21.3, 0.8, 3]
13:19:32.874293 ACC: [-7, -187, 481]
[1500, 1500, 988, 1500, 2011, 988, 988, 988, 1001, 1001, 1001, 1001, 1500, 1500, 1500, 1500] | 13:19:32.875589
[1500, 1500, 988, 1500, 2011, 988, 988, 988, 1001, 1001, 1001, 1001, 1500, 1500, 1500, 1500] | 13:19:32.881902
[1500, 1500, 988, 1500, 2011, 988, 988, 988, 1001, 1001, 1001, 1001, 1500, 1500, 1500, 1500] | 13:19:32.888986
[1500, 1500, 988, 1500, 2011, 988, 988, 988, 1001, 1001, 1001, 1001, 1500, 1500, 1500, 1500] | 13:19:32.895257
[1500, 1500, 988, 1500, 2011, 988, 988, 988, 1001, 1001, 1001, 1001, 1500, 1500, 1500, 1500] | 13:19:32.901940
[1500, 1500, 988, 1500, 2011, 988, 988, 988, 1001, 1001, 1001, 1001, 1500, 1500, 1500, 1500] | 13:19:32.908868
[1500, 1500, 988, 1500, 2011, 988, 988, 988, 1001, 1001, 1001, 1001, 1500, 1500, 1500, 1500] | 13:19:32.915184
13:19:32.921379 ALT: 0.1
13:19:32.921531 ATT: [-21.3, 0.8, 3]
13:19:32.921900 ACC: [-7, -186, 479]
[1500, 1500, 988, 1500, 2011, 988, 988, 988, 1001, 1001, 1001, 1001, 1500, 1500, 1500, 1500] | 13:19:32.923363
[1500, 1500, 988, 1500, 2011, 988, 988, 988, 1001, 1001, 1001, 1001, 1500, 1500, 1500, 1500] | 13:19:32.928594
[1500, 1500, 988, 1500, 2011, 988, 988, 988, 1001, 1001, 1001, 1001, 1500, 1500, 1500, 1500] | 13:19:32.935151
[1500, 1500, 988, 1500, 2011, 988, 988, 988, 1001, 1001, 1001, 1001, 1500, 1500, 1500, 1500] | 13:19:32.942250
[1500, 1500, 988, 1500, 2011, 988, 988, 988, 1001, 1001, 1001, 1001, 1500, 1500, 1500, 1500] | 13:19:32.948518
[1500, 1499, 988, 1500, 2011, 988, 988, 988, 1001, 1001, 1001, 1001, 1500, 1500, 1500, 1500] | 13:19:32.955205
[1500, 1499, 988, 1500, 2011, 988, 988, 988, 1001, 1001, 1001, 1001, 1500, 1500, 1500, 1500] | 13:19:32.962282
[1499, 1499, 988, 1500, 2011, 988, 988, 988, 1001, 1001, 1001, 1001, 1500, 1500, 1500, 1500] | 13:19:32.968563
13:19:32.968961 ALT: 0.1
13:19:32.969017 ATT: [-21.3, 0.8, 3]
13:19:32.969262 ACC: [-8, -188, 477]
[1499, 1500, 989, 1499, 2011, 988, 988, 988, 1001, 1001, 1001, 1001, 1500, 1500, 1500, 1500] | 13:19:32.975326
[1499, 1500, 989, 1499, 2011, 988, 988, 988, 1001, 1001, 1001, 1001, 1500, 1500, 1500, 1500] | 13:19:32.981878
[1500, 1500, 989, 1499, 2011, 988, 988, 988, 1001, 1001, 1001, 1001, 1500, 1500, 1500, 1500] | 13:19:32.989642
[1500, 1500, 988, 1499, 2011, 988, 988, 988, 1001, 1001, 1001, 1001, 1500, 1500, 1500, 1500] | 13:19:32.995483
[1500, 1500, 988, 1499, 2011, 988, 988, 988, 1001, 1001, 1001, 1001, 1500, 1500, 1500, 1500] | 13:19:33.001905
[1499, 1500, 988, 1499, 2011, 988, 988, 988, 1001, 1001, 1001, 1001, 1500, 1500, 1500, 1500] | 13:19:33.008788
[1499, 1500, 988, 1501, 2007, 988, 988, 988, 1001, 1001, 1001, 1001, 1500, 1500, 1500, 1500] | 13:19:33.015183
13:19:33.017011 ALT: 0.1
13:19:33.017102 ATT: [-21.3, 0.8, 3]
13:19:33.017379 ACC: [-7, -187, 478]
[1499, 1500, 988, 1501, 2007, 988, 988, 988, 1001, 1001, 1001, 1001, 1500, 1500, 1500, 1500] | 13:19:33.022130
[1500, 1500, 988, 1501, 2007, 988, 988, 988, 1001, 1001, 1001, 1001, 1500, 1500, 1500, 1500] | 13:19:33.028529
[1500, 1500, 988, 1500, 2011, 988, 988, 988, 1001, 1001, 1001, 1001, 1500, 1500, 1500, 1500] | 13:19:33.035118
[1500, 1500, 988, 1500, 2011, 988, 988, 988, 1001, 1001, 1001, 1001, 1500, 1500, 1500, 1500] | 13:19:33.042010
[1500, 1500, 988, 1500, 2011, 988, 988, 988, 1001, 1001, 1001, 1001, 1500, 1500, 1500, 1500] | 13:19:33.048640
[1500, 1500, 988, 1499, 2011, 988, 988, 988, 1001, 1001, 1001, 1001, 1500, 1500, 1500, 1500] | 13:19:33.055220
13:19:33.065013 ALT: 0.1
13:19:33.065102 ATT: [-21.3, 0.8, 3]
13:19:33.065354 ACC: [-7, -188, 480]
13:19:33.112974 ALT: 0.1
13:19:33.113062 ATT: [-21.3, 0.8, 3]
13:19:33.113201 ACC: [-6, -187, 481]
13:19:33.155188 _Entering FAILSAFE_
{[1500, 1500, 988, 1499, 2011, 988, 988, 988, 1001, 1001, 1001, 1001, 1500, 1500, 1500, 1500]} | 13:19:33.156641
{[1500, 1500, 988, 1499, 2011, 988, 988, 988, 1001, 1001, 1001, 1001, 1500, 1500, 1500, 1500]} | 13:19:33.161843
13:19:33.162088 ALT: 0.1
13:19:33.162145 ATT: [-21.3, 0.8, 3]
13:19:33.162852 ACC: [-7, -186, 480]
{[1500, 1500, 988, 1499, 2011, 988, 988, 988, 1001, 1001, 1001, 1001, 1500, 1500, 1500, 1500]} | 13:19:33.167291
{[1500, 1500, 988, 1499, 2011, 988, 988, 988, 1001, 1001, 1001, 1001, 1500, 1500, 1500, 1500]} | 13:19:33.172923
{[1500, 1500, 988, 1499, 2011, 988, 988, 988, 1001, 1001, 1001, 1001, 1500, 1500, 1500, 1500]} | 13:19:33.178259
{[1500, 1500, 988, 1499, 2011, 988, 988, 988, 1001, 1001, 1001, 1001, 1500, 1500, 1500, 1500]} | 13:19:33.183460
{[1500, 1500, 988, 1499, 2011, 988, 988, 988, 1001, 1001, 1001, 1001, 1500, 1500, 1500, 1500]} | 13:19:33.188908
{[1500, 1500, 988, 1499, 2011, 988, 988, 988, 1001, 1001, 1001, 1001, 1500, 1500, 1500, 1500]} | 13:19:33.194170
{[1500, 1500, 988, 1499, 2011, 988, 988, 988, 1001, 1001, 1001, 1001, 1500, 1500, 1500, 1500]} | 13:19:33.199357
{[1500, 1500, 988, 1499, 2011, 988, 988, 988, 1001, 1001, 1001, 1001, 1500, 1500, 1500, 1500]} | 13:19:33.204709
13:19:33.209465 ALT: 0.1
13:19:33.209570 ATT: [-21.3, 0.8, 3]
{[1500, 1500, 988, 1499, 2011, 988, 988, 988, 1001, 1001, 1001, 1001, 1500, 1500, 1500, 1500]} | 13:19:33.210084
13:19:33.210271 ACC: [-7, -187, 479]
{[1500, 1500, 988, 1499, 2011, 988, 988, 988, 1001, 1001, 1001, 1001, 1500, 1500, 1500, 1500]} | 13:19:33.215273
{[1500, 1500, 988, 1499, 2011, 988, 988, 988, 1001, 1001, 1001, 1001, 1500, 1500, 1500, 1500]} | 13:19:33.220717
{[1500, 1500, 988, 1499, 2011, 988, 988, 988, 1001, 1001, 1001, 1001, 1500, 1500, 1500, 1500]} | 13:19:33.225949
{[1500, 1500, 988, 1499, 2011, 988, 988, 988, 1001, 1001, 1001, 1001, 1500, 1500, 1500, 1500]} | 13:19:33.231152
{[1500, 1500, 988, 1499, 2011, 988, 988, 988, 1001, 1001, 1001, 1001, 1500, 1500, 1500, 1500]} | 13:19:33.236333
{[1500, 1500, 988, 1499, 2011, 988, 988, 988, 1001, 1001, 1001, 1001, 1500, 1500, 1500, 1500]} | 13:19:33.241917
{[1500, 1500, 988, 1499, 2011, 988, 988, 988, 1001, 1001, 1001, 1001, 1500, 1500, 1500, 1500]} | 13:19:33.247124
{[1500, 1500, 988, 1499, 2011, 988, 988, 988, 1001, 1001, 1001, 1001, 1500, 1500, 1500, 1500]} | 13:19:33.252314
{[1500, 1500, 988, 1499, 2011, 988, 988, 988, 1001, 1001, 1001, 1001, 1500, 1500, 1500, 1500]} | 13:19:33.257757
13:19:33.258561 ALT: 0.1
13:19:33.258694 ATT: [-21.3, 0.8, 3]
13:19:33.259197 ACC: [-8, -187, 479]
{[1500, 1500, 988, 1499, 2011, 988, 988, 988, 1001, 1001, 1001, 1001, 1500, 1500, 1500, 1500]} | 13:19:33.263574
{[1500, 1500, 988, 1499, 2011, 988, 988, 988, 1001, 1001, 1001, 1001, 1500, 1500, 1500, 1500]} | 13:19:33.268777
{[1500, 1500, 988, 1499, 2011, 988, 988, 988, 1001, 1001, 1001, 1001, 1500, 1500, 1500, 1500]} | 13:19:33.274536
{[1500, 1500, 988, 1499, 2011, 988, 988, 988, 1001, 1001, 1001, 1001, 1500, 1500, 1500, 1500]} | 13:19:33.280082
{[1500, 1500, 988, 1499, 2011, 988, 988, 988, 1001, 1001, 1001, 1001, 1500, 1500, 1500, 1500]} | 13:19:33.285271
{[1500, 1500, 988, 1499, 2011, 988, 988, 988, 1001, 1001, 1001, 1001, 1500, 1500, 1500, 1500]} | 13:19:33.290620
{[1500, 1500, 988, 1499, 2011, 988, 988, 988, 1001, 1001, 1001, 1001, 1500, 1500, 1500, 1500]} | 13:19:33.296009
{[1500, 1500, 988, 1499, 2011, 988, 988, 988, 1001, 1001, 1001, 1001, 1500, 1500, 1500, 1500]} | 13:19:33.301218
13:19:33.305313 ALT: 0.1
13:19:33.305416 ATT: [-21.3, 0.8, 3]
13:19:33.306234 ACC: [-8, -187, 479]
{[1500, 1500, 988, 1499, 2011, 988, 988, 988, 1001, 1001, 1001, 1001, 1500, 1500, 1500, 1500]} | 13:19:33.307878
{[1500, 1500, 988, 1499, 2011, 988, 988, 988, 1001, 1001, 1001, 1001, 1500, 1500, 1500, 1500]} | 13:19:33.313212
{[1500, 1500, 988, 1499, 2011, 988, 988, 988, 1001, 1001, 1001, 1001, 1500, 1500, 1500, 1500]} | 13:19:33.318425
{[1500, 1500, 988, 1499, 2011, 988, 988, 988, 1001, 1001, 1001, 1001, 1500, 1500, 1500, 1500]} | 13:19:33.323825
{[1500, 1500, 988, 1499, 2011, 988, 988, 988, 1001, 1001, 1001, 1001, 1500, 1500, 1500, 1500]} | 13:19:33.329050
{[1500, 1500, 988, 1499, 2011, 988, 988, 988, 1001, 1001, 1001, 1001, 1500, 1500, 1500, 1500]} | 13:19:33.334263
{[1500, 1500, 988, 1499, 2011, 988, 988, 988, 1001, 1001, 1001, 1001, 1500, 1500, 1500, 1500]} | 13:19:33.339564
{[1500, 1500, 988, 1499, 2011, 988, 988, 988, 1001, 1001, 1001, 1001, 1500, 1500, 1500, 1500]} | 13:19:33.344810
{[1500, 1500, 988, 1499, 2011, 988, 988, 988, 1001, 1001, 1001, 1001, 1500, 1500, 1500, 1500]} | 13:19:33.349944
13:19:33.353042 ALT: 0.1
13:19:33.353179 ATT: [-21.3, 0.8, 3]
13:19:33.353462 ACC: [-6, -186, 480]
{[1500, 1500, 988, 1499, 2011, 988, 988, 988, 1001, 1001, 1001, 1001, 1500, 1500, 1500, 1500]} | 13:19:33.355442
{[1500, 1500, 988, 1499, 2011, 988, 988, 988, 1001, 1001, 1001, 1001, 1500, 1500, 1500, 1500]} | 13:19:33.361089
{[1500, 1500, 988, 1499, 2011, 988, 988, 988, 1001, 1001, 1001, 1001, 1500, 1500, 1500, 1500]} | 13:19:33.366248
{[1500, 1500, 988, 1499, 2011, 988, 988, 988, 1001, 1001, 1001, 1001, 1500, 1500, 1500, 1500]} | 13:19:33.371483
{[1500, 1500, 988, 1499, 2011, 988, 988, 988, 1001, 1001, 1001, 1001, 1500, 1500, 1500, 1500]} | 13:19:33.376815
{[1500, 1500, 988, 1499, 2011, 988, 988, 988, 1001, 1001, 1001, 1001, 1500, 1500, 1500, 1500]} | 13:19:33.382023
{[1500, 1500, 988, 1499, 2011, 988, 988, 988, 1001, 1001, 1001, 1001, 1500, 1500, 1500, 1500]} | 13:19:33.387249
{[1500, 1500, 988, 1499, 2011, 988, 988, 988, 1001, 1001, 1001, 1001, 1500, 1500, 1500, 1500]} | 13:19:33.392564
{[1500, 1500, 988, 1499, 2011, 988, 988, 988, 1001, 1001, 1001, 1001, 1500, 1500, 1500, 1500]} | 13:19:33.397752
13:19:33.401038 ALT: 0.1
13:19:33.401126 ATT: [-21.3, 0.8, 3]
13:19:33.401402 ACC: [-7, -186, 479]
{[1500, 1500, 988, 1499, 2011, 988, 988, 988, 1001, 1001, 1001, 1001, 1500, 1500, 1500, 1500]} | 13:19:33.403224
{[1500, 1500, 988, 1499, 2011, 988, 988, 988, 1001, 1001, 1001, 1001, 1500, 1500, 1500, 1500]} | 13:19:33.408731
{[1500, 1500, 988, 1499, 2011, 988, 988, 988, 1001, 1001, 1001, 1001, 1500, 1500, 1500, 1500]} | 13:19:33.413906
{[1500, 1500, 988, 1499, 2011, 988, 988, 988, 1001, 1001, 1001, 1001, 1500, 1500, 1500, 1500]} | 13:19:33.419139
{[1500, 1500, 988, 1499, 2011, 988, 988, 988, 1001, 1001, 1001, 1001, 1500, 1500, 1500, 1500]} | 13:19:33.424688
{[1500, 1500, 988, 1499, 2011, 988, 988, 988, 1001, 1001, 1001, 1001, 1500, 1500, 1500, 1500]} | 13:19:33.429864
{[1500, 1500, 988, 1499, 2011, 988, 988, 988, 1001, 1001, 1001, 1001, 1500, 1500, 1500, 1500]} | 13:19:33.435094
{[1500, 1500, 988, 1499, 2011, 988, 988, 988, 1001, 1001, 1001, 1001, 1500, 1500, 1500, 1500]} | 13:19:33.440763
{[1500, 1500, 988, 1499, 2011, 988, 988, 988, 1001, 1001, 1001, 1001, 1500, 1500, 1500, 1500]} | 13:19:33.445946
13:19:33.448980 ALT: 0.1
13:19:33.449063 ATT: [-21.3, 0.8, 3]
13:19:33.449318 ACC: [-7, -187, 480]
{[1500, 1500, 988, 1499, 2011, 988, 988, 988, 1001, 1001, 1001, 1001, 1500, 1500, 1500, 1500]} | 13:19:33.451457
{[1500, 1500, 988, 1499, 2011, 988, 988, 988, 1001, 1001, 1001, 1001, 1500, 1500, 1500, 1500]} | 13:19:33.456868
{[1500, 1500, 988, 1499, 2011, 988, 988, 988, 1001, 1001, 1001, 1001, 1500, 1500, 1500, 1500]} | 13:19:33.462078
{[1500, 1500, 988, 1499, 2011, 988, 988, 988, 1001, 1001, 1001, 1001, 1500, 1500, 1500, 1500]} | 13:19:33.467233
{[1500, 1500, 988, 1499, 2011, 988, 988, 988, 1001, 1001, 1001, 1001, 1500, 1500, 1500, 1500]} | 13:19:33.472970
{[1500, 1500, 988, 1499, 2011, 988, 988, 988, 1001, 1001, 1001, 1001, 1500, 1500, 1500, 1500]} | 13:19:33.478183
{[1500, 1500, 988, 1499, 2011, 988, 988, 988, 1001, 1001, 1001, 1001, 1500, 1500, 1500, 1500]} | 13:19:33.483332
{[1500, 1500, 988, 1499, 2011, 988, 988, 988, 1001, 1001, 1001, 1001, 1500, 1500, 1500, 1500]} | 13:19:33.488750
{[1500, 1500, 988, 1499, 2011, 988, 988, 988, 1001, 1001, 1001, 1001, 1500, 1500, 1500, 1500]} | 13:19:33.493968
13:19:33.497171 ALT: 0.1
13:19:33.497262 ATT: [-21.3, 0.8, 3]
13:19:33.497518 ACC: [-7, -188, 480]
{[1500, 1500, 988, 1499, 2011, 988, 988, 988, 1001, 1001, 1001, 1001, 1500, 1500, 1500, 1500]} | 13:19:33.499319
{[1500, 1500, 988, 1499, 2011, 988, 988, 988, 1001, 1001, 1001, 1001, 1500, 1500, 1500, 1500]} | 13:19:33.504716
{[1500, 1500, 988, 1499, 2011, 988, 988, 988, 1001, 1001, 1001, 1001, 1500, 1500, 1500, 1500]} | 13:19:33.509986
{[1500, 1500, 988, 1499, 2011, 988, 988, 988, 1001, 1001, 1001, 1001, 1500, 1500, 1500, 1500]} | 13:19:33.515143
{[1500, 1500, 988, 1499, 2011, 988, 988, 988, 1001, 1001, 1001, 1001, 1500, 1500, 1500, 1500]} | 13:19:33.520621
{[1500, 1500, 988, 1499, 2011, 988, 988, 988, 1001, 1001, 1001, 1001, 1500, 1500, 1500, 1500]} | 13:19:33.525838
{[1500, 1500, 988, 1499, 2011, 988, 988, 988, 1001, 1001, 1001, 1001, 1500, 1500, 1500, 1500]} | 13:19:33.530996
{[1500, 1500, 988, 1499, 2011, 988, 988, 988, 1001, 1001, 1001, 1001, 1500, 1500, 1500, 1500]} | 13:19:33.537187
{[1500, 1500, 988, 1499, 2011, 988, 988, 988, 1001, 1001, 1001, 1001, 1500, 1500, 1500, 1500]} | 13:19:33.542406
13:19:33.545001 ALT: 0.1
13:19:33.545086 ATT: [-21.3, 0.8, 3]
13:19:33.545318 ACC: [-7, -187, 480]
{[1500, 1500, 988, 1499, 2011, 988, 988, 988, 1001, 1001, 1001, 1001, 1500, 1500, 1500, 1500]} | 13:19:33.547751
{[1500, 1500, 988, 1499, 2011, 988, 988, 988, 1001, 1001, 1001, 1001, 1500, 1500, 1500, 1500]} | 13:19:33.552948
{[1500, 1500, 988, 1499, 2011, 988, 988, 988, 1001, 1001, 1001, 1001, 1500, 1500, 1500, 1500]} | 13:19:33.558180
{[1500, 1500, 988, 1499, 2011, 988, 988, 988, 1001, 1001, 1001, 1001, 1500, 1500, 1500, 1500]} | 13:19:33.563496
{[1500, 1500, 988, 1499, 2011, 988, 988, 988, 1001, 1001, 1001, 1001, 1500, 1500, 1500, 1500]} | 13:19:33.568682
{[1500, 1500, 988, 1499, 2011, 988, 988, 988, 1001, 1001, 1001, 1001, 1500, 1500, 1500, 1500]} | 13:19:33.574173
{[1500, 1500, 988, 1499, 2011, 988, 988, 988, 1001, 1001, 1001, 1001, 1500, 1500, 1500, 1500]} | 13:19:33.579491
{[1500, 1500, 988, 1499, 2011, 988, 988, 988, 1001, 1001, 1001, 1001, 1500, 1500, 1500, 1500]} | 13:19:33.584680
{[1500, 1500, 988, 1499, 2011, 988, 988, 988, 1001, 1001, 1001, 1001, 1500, 1500, 1500, 1500]} | 13:19:33.589926
13:19:33.593240 ALT: 0.1
13:19:33.593334 ATT: [-21.3, 0.8, 3]
13:19:33.593640 ACC: [-7, -187, 479]
{[1500, 1500, 988, 1499, 2011, 988, 988, 988, 1001, 1001, 1001, 1001, 1500, 1500, 1500, 1500]} | 13:19:33.595583
{[1500, 1500, 988, 1499, 2011, 988, 988, 988, 1001, 1001, 1001, 1001, 1500, 1500, 1500, 1500]} | 13:19:33.600771
{[1500, 1500, 988, 1499, 2011, 988, 988, 988, 1001, 1001, 1001, 1001, 1500, 1500, 1500, 1500]} | 13:19:33.606429
{[1500, 1500, 988, 1499, 2011, 988, 988, 988, 1001, 1001, 1001, 1001, 1500, 1500, 1500, 1500]} | 13:19:33.611743
{[1500, 1500, 988, 1499, 2011, 988, 988, 988, 1001, 1001, 1001, 1001, 1500, 1500, 1500, 1500]} | 13:19:33.616924
{[1500, 1500, 988, 1499, 2011, 988, 988, 988, 1001, 1001, 1001, 1001, 1500, 1500, 1500, 1500]} | 13:19:33.622443
{[1500, 1500, 988, 1499, 2011, 988, 988, 988, 1001, 1001, 1001, 1001, 1500, 1500, 1500, 1500]} | 13:19:33.627717
{[1500, 1500, 988, 1499, 2011, 988, 988, 988, 1001, 1001, 1001, 1001, 1500, 1500, 1500, 1500]} | 13:19:33.632906
{[1500, 1500, 988, 1499, 2011, 988, 988, 988, 1001, 1001, 1001, 1001, 1500, 1500, 1500, 1500]} | 13:19:33.638337
13:19:33.642519 ALT: 0.1
13:19:33.642621 ATT: [-21.3, 0.8, 3]
13:19:33.642961 ACC: [-6, -187, 480]
{[1500, 1500, 988, 1499, 2011, 988, 988, 988, 1001, 1001, 1001, 1001, 1500, 1500, 1500, 1500]} | 13:19:33.643873
{[1500, 1500, 988, 1499, 2011, 988, 988, 988, 1001, 1001, 1001, 1001, 1500, 1500, 1500, 1500]} | 13:19:33.649037
{[1500, 1500, 988, 1499, 2011, 988, 988, 988, 1001, 1001, 1001, 1001, 1500, 1500, 1500, 1500]} | 13:19:33.654234
{[1500, 1500, 988, 1499, 2011, 988, 988, 988, 1001, 1001, 1001, 1001, 1500, 1500, 1500, 1500]} | 13:19:33.659790
{[1500, 1500, 988, 1499, 2011, 988, 988, 988, 1001, 1001, 1001, 1001, 1500, 1500, 1500, 1500]} | 13:19:33.665055
{[1500, 1500, 988, 1499, 2011, 988, 988, 988, 1001, 1001, 1001, 1001, 1500, 1500, 1500, 1500]} | 13:19:33.671356
{[1500, 1500, 988, 1499, 2011, 988, 988, 988, 1001, 1001, 1001, 1001, 1500, 1500, 1500, 1500]} | 13:19:33.676664
{[1500, 1500, 988, 1499, 2011, 988, 988, 988, 1001, 1001, 1001, 1001, 1500, 1500, 1500, 1500]} | 13:19:33.681948
{[1500, 1500, 988, 1499, 2011, 988, 988, 988, 1001, 1001, 1001, 1001, 1500, 1500, 1500, 1500]} | 13:19:33.687218
13:19:33.689451 ALT: 0.1
13:19:33.689546 ATT: [-21.3, 0.8, 3]
13:19:33.690685 ACC: [-6, -187, 481]
{[1500, 1500, 988, 1499, 2011, 988, 988, 988, 1001, 1001, 1001, 1001, 1500, 1500, 1500, 1500]} | 13:19:33.693465
{[1500, 1500, 988, 1499, 2011, 988, 988, 988, 1001, 1001, 1001, 1001, 1500, 1500, 1500, 1500]} | 13:19:33.698690
{[1500, 1500, 988, 1499, 2011, 988, 988, 988, 1001, 1001, 1001, 1001, 1500, 1500, 1500, 1500]} | 13:19:33.704068
{[1500, 1500, 988, 1499, 2011, 988, 988, 988, 1001, 1001, 1001, 1001, 1500, 1500, 1500, 1500]} | 13:19:33.710610
{[1500, 1500, 988, 1499, 2011, 988, 988, 988, 1001, 1001, 1001, 1001, 1500, 1500, 1500, 1500]} | 13:19:33.715840
{[1500, 1500, 988, 1499, 2011, 988, 988, 988, 1001, 1001, 1001, 1001, 1500, 1500, 1500, 1500]} | 13:19:33.721015
{[1500, 1500, 988, 1499, 2011, 988, 988, 988, 1001, 1001, 1001, 1001, 1500, 1500, 1500, 1500]} | 13:19:33.726249
{[1500, 1500, 988, 1499, 2011, 988, 988, 988, 1001, 1001, 1001, 1001, 1500, 1500, 1500, 1500]} | 13:19:33.731452
{[1500, 1500, 988, 1499, 2011, 988, 988, 988, 1001, 1001, 1001, 1001, 1500, 1500, 1500, 1500]} | 13:19:33.737473
13:19:33.738627 ALT: 0.14
13:19:33.739002 ATT: [-21.3, 0.8, 3]
13:19:33.739577 ACC: [-7, -187, 479]
{[1500, 1500, 988, 1499, 2011, 988, 988, 988, 1001, 1001, 1001, 1001, 1500, 1500, 1500, 1500]} | 13:19:33.742984
{[1500, 1500, 988, 1499, 2011, 988, 988, 988, 1001, 1001, 1001, 1001, 1500, 1500, 1500, 1500]} | 13:19:33.748275
{[1500, 1500, 988, 1499, 2011, 988, 988, 988, 1001, 1001, 1001, 1001, 1500, 1500, 1500, 1500]} | 13:19:33.753462
{[1500, 1500, 988, 1499, 2011, 988, 988, 988, 1001, 1001, 1001, 1001, 1500, 1500, 1500, 1500]} | 13:19:33.758752
{[1500, 1500, 988, 1499, 2011, 988, 988, 988, 1001, 1001, 1001, 1001, 1500, 1500, 1500, 1500]} | 13:19:33.764285
{[1500, 1500, 988, 1499, 2011, 988, 988, 988, 1001, 1001, 1001, 1001, 1500, 1500, 1500, 1500]} | 13:19:33.769494
{[1500, 1500, 988, 1499, 2011, 988, 988, 988, 1001, 1001, 1001, 1001, 1500, 1500, 1500, 1500]} | 13:19:33.775014
{[1500, 1500, 988, 1499, 2011, 988, 988, 988, 1001, 1001, 1001, 1001, 1500, 1500, 1500, 1500]} | 13:19:33.780309
13:19:33.785159 ALT: 0.18
13:19:33.785254 ATT: [-21.3, 0.8, 3]
{[1500, 1500, 988, 1499, 2011, 988, 988, 988, 1001, 1001, 1001, 1001, 1500, 1500, 1500, 1500]} | 13:19:33.785889
13:19:33.786122 ACC: [-7, -187, 478]
{[1500, 1500, 988, 1499, 2011, 988, 988, 988, 1001, 1001, 1001, 1001, 1500, 1500, 1500, 1500]} | 13:19:33.791184
{[1500, 1500, 988, 1499, 2011, 988, 988, 988, 1001, 1001, 1001, 1001, 1500, 1500, 1500, 1500]} | 13:19:33.796567
{[1500, 1500, 988, 1499, 2011, 988, 988, 988, 1001, 1001, 1001, 1001, 1500, 1500, 1500, 1500]} | 13:19:33.801741
{[1500, 1500, 988, 1499, 2011, 988, 988, 988, 1001, 1001, 1001, 1001, 1500, 1500, 1500, 1500]} | 13:19:33.807050
{[1500, 1500, 988, 1499, 2011, 988, 988, 988, 1001, 1001, 1001, 1001, 1500, 1500, 1500, 1500]} | 13:19:33.812348
{[1500, 1500, 988, 1499, 2011, 988, 988, 988, 1001, 1001, 1001, 1001, 1500, 1500, 1500, 1500]} | 13:19:33.817547
{[1500, 1500, 988, 1499, 2011, 988, 988, 988, 1001, 1001, 1001, 1001, 1500, 1500, 1500, 1500]} | 13:19:33.823168
{[1500, 1500, 988, 1499, 2011, 988, 988, 988, 1001, 1001, 1001, 1001, 1500, 1500, 1500, 1500]} | 13:19:33.828355
13:19:33.833132 ALT: 0.19
13:19:33.833223 ATT: [-21.3, 0.8, 3]
13:19:33.833710 ACC: [-7, -188, 480]
{[1500, 1500, 988, 1499, 2011, 988, 988, 988, 1001, 1001, 1001, 1001, 1500, 1500, 1500, 1500]} | 13:19:33.834036
{[1500, 1500, 988, 1499, 2011, 988, 988, 988, 1001, 1001, 1001, 1001, 1500, 1500, 1500, 1500]} | 13:19:33.839356
{[1500, 1500, 988, 1499, 2011, 988, 988, 988, 1001, 1001, 1001, 1001, 1500, 1500, 1500, 1500]} | 13:19:33.844929
{[1500, 1500, 988, 1499, 2011, 988, 988, 988, 1001, 1001, 1001, 1001, 1500, 1500, 1500, 1500]} | 13:19:33.850058
{[1500, 1500, 988, 1499, 2011, 988, 988, 988, 1001, 1001, 1001, 1001, 1500, 1500, 1500, 1500]} | 13:19:33.855306
{[1500, 1500, 988, 1499, 2011, 988, 988, 988, 1001, 1001, 1001, 1001, 1500, 1500, 1500, 1500]} | 13:19:33.861264
{[1500, 1500, 988, 1499, 2011, 988, 988, 988, 1001, 1001, 1001, 1001, 1500, 1500, 1500, 1500]} | 13:19:33.866418
{[1500, 1500, 988, 1499, 2011, 988, 988, 988, 1001, 1001, 1001, 1001, 1500, 1500, 1500, 1500]} | 13:19:33.871657
{[1500, 1500, 988, 1499, 2011, 988, 988, 988, 1001, 1001, 1001, 1001, 1500, 1500, 1500, 1500]} | 13:19:33.877274
13:19:33.881106 ALT: 0.19
13:19:33.881193 ATT: [-21.3, 0.8, 3]
13:19:33.881429 ACC: [-7, -186, 481]
{[1500, 1500, 988, 1499, 2011, 988, 988, 988, 1001, 1001, 1001, 1001, 1500, 1500, 1500, 1500]} | 13:19:33.882646
{[1500, 1500, 988, 1499, 2011, 988, 988, 988, 1001, 1001, 1001, 1001, 1500, 1500, 1500, 1500]} | 13:19:33.887917
{[1500, 1500, 988, 1499, 2011, 988, 988, 988, 1001, 1001, 1001, 1001, 1500, 1500, 1500, 1500]} | 13:19:33.893407
{[1500, 1500, 988, 1499, 2011, 988, 988, 988, 1001, 1001, 1001, 1001, 1500, 1500, 1500, 1500]} | 13:19:33.898590
{[1500, 1500, 988, 1499, 2011, 988, 988, 988, 1001, 1001, 1001, 1001, 1500, 1500, 1500, 1500]} | 13:19:33.903866
{[1500, 1500, 988, 1499, 2011, 988, 988, 988, 1001, 1001, 1001, 1001, 1500, 1500, 1500, 1500]} | 13:19:33.909153
{[1500, 1500, 988, 1499, 2011, 988, 988, 988, 1001, 1001, 1001, 1001, 1500, 1500, 1500, 1500]} | 13:19:33.914471
{[1500, 1500, 988, 1499, 2011, 988, 988, 988, 1001, 1001, 1001, 1001, 1500, 1500, 1500, 1500]} | 13:19:33.919714
{[1500, 1500, 988, 1499, 2011, 988, 988, 988, 1001, 1001, 1001, 1001, 1500, 1500, 1500, 1500]} | 13:19:33.925066
13:19:33.929092 ALT: 0.19
13:19:33.929181 ATT: [-21.3, 0.8, 3]
13:19:33.929428 ACC: [-7, -186, 480]
{[1500, 1500, 988, 1499, 2011, 988, 988, 988, 1001, 1001, 1001, 1001, 1500, 1500, 1500, 1500]} | 13:19:33.930275
{[1500, 1500, 988, 1499, 2011, 988, 988, 988, 1001, 1001, 1001, 1001, 1500, 1500, 1500, 1500]} | 13:19:33.935578
{[1500, 1500, 988, 1499, 2011, 988, 988, 988, 1001, 1001, 1001, 1001, 1500, 1500, 1500, 1500]} | 13:19:33.941112
{[1500, 1500, 988, 1499, 2011, 988, 988, 988, 1001, 1001, 1001, 1001, 1500, 1500, 1500, 1500]} | 13:19:33.946271
{[1500, 1500, 988, 1499, 2011, 988, 988, 988, 1001, 1001, 1001, 1001, 1500, 1500, 1500, 1500]} | 13:19:33.951392
{[1500, 1500, 988, 1499, 2011, 988, 988, 988, 1001, 1001, 1001, 1001, 1500, 1500, 1500, 1500]} | 13:19:33.956788
{[1500, 1500, 988, 1499, 2011, 988, 988, 988, 1001, 1001, 1001, 1001, 1500, 1500, 1500, 1500]} | 13:19:33.962008
{[1500, 1500, 988, 1499, 2011, 988, 988, 988, 1001, 1001, 1001, 1001, 1500, 1500, 1500, 1500]} | 13:19:33.967200
{[1500, 1500, 988, 1499, 2011, 988, 988, 988, 1001, 1001, 1001, 1001, 1500, 1500, 1500, 1500]} | 13:19:33.972700
13:19:33.977718 ALT: 0.19
13:19:33.977823 ATT: [-21.3, 0.8, 3]
{[1500, 1500, 988, 1499, 2011, 988, 988, 988, 1001, 1001, 1001, 1001, 1500, 1500, 1500, 1500]} | 13:19:33.978354
13:19:33.978640 ACC: [-7, -187, 478]
{[1500, 1500, 988, 1499, 2011, 988, 988, 988, 1001, 1001, 1001, 1001, 1500, 1500, 1500, 1500]} | 13:19:33.983573
{[1500, 1500, 988, 1499, 2011, 988, 988, 988, 1001, 1001, 1001, 1001, 1500, 1500, 1500, 1500]} | 13:19:33.988826
{[1500, 1500, 988, 1499, 2011, 988, 988, 988, 1001, 1001, 1001, 1001, 1500, 1500, 1500, 1500]} | 13:19:33.995012
{[1500, 1500, 988, 1499, 2011, 988, 988, 988, 1001, 1001, 1001, 1001, 1500, 1500, 1500, 1500]} | 13:19:34.000250
{[1500, 1500, 988, 1499, 2011, 988, 988, 988, 1001, 1001, 1001, 1001, 1500, 1500, 1500, 1500]} | 13:19:34.005427
{[1500, 1500, 988, 1499, 2011, 988, 988, 988, 1001, 1001, 1001, 1001, 1500, 1500, 1500, 1500]} | 13:19:34.010683
{[1500, 1500, 988, 1499, 2011, 988, 988, 988, 1001, 1001, 1001, 1001, 1500, 1500, 1500, 1500]} | 13:19:34.015879
{[1500, 1500, 988, 1499, 2011, 988, 988, 988, 1001, 1001, 1001, 1001, 1500, 1500, 1500, 1500]} | 13:19:34.021016
13:19:34.025720 ALT: 0.19
13:19:34.025815 ATT: [-21.3, 0.8, 3]
{[1500, 1500, 988, 1499, 2011, 988, 988, 988, 1001, 1001, 1001, 1001, 1500, 1500, 1500, 1500]} | 13:19:34.026310
13:19:34.026589 ACC: [-7, -187, 478]
{[1500, 1500, 988, 1499, 2011, 988, 988, 988, 1001, 1001, 1001, 1001, 1500, 1500, 1500, 1500]} | 13:19:34.031510
{[1500, 1500, 988, 1499, 2011, 988, 988, 988, 1001, 1001, 1001, 1001, 1500, 1500, 1500, 1500]} | 13:19:34.037017
{[1500, 1500, 988, 1499, 2011, 988, 988, 988, 1001, 1001, 1001, 1001, 1500, 1500, 1500, 1500]} | 13:19:34.042276
{[1500, 1500, 988, 1499, 2011, 988, 988, 988, 1001, 1001, 1001, 1001, 1500, 1500, 1500, 1500]} | 13:19:34.047456
{[1500, 1500, 988, 1499, 2011, 988, 988, 988, 1001, 1001, 1001, 1001, 1500, 1500, 1500, 1500]} | 13:19:34.052631
{[1500, 1500, 988, 1499, 2011, 988, 988, 988, 1001, 1001, 1001, 1001, 1500, 1500, 1500, 1500]} | 13:19:34.058005
{[1500, 1500, 988, 1499, 2011, 988, 988, 988, 1001, 1001, 1001, 1001, 1500, 1500, 1500, 1500]} | 13:19:34.063400
{[1500, 1500, 988, 1499, 2011, 988, 988, 988, 1001, 1001, 1001, 1001, 1500, 1500, 1500, 1500]} | 13:19:34.068596
{[1500, 1500, 988, 1499, 2011, 988, 988, 988, 1001, 1001, 1001, 1001, 1500, 1500, 1500, 1500]} | 13:19:34.073782
13:19:34.074180 ALT: 0.19
13:19:34.074233 ATT: [-21.3, 0.8, 3]
13:19:34.074634 ACC: [-7, -187, 480]
{[1500, 1500, 988, 1499, 2011, 988, 988, 988, 1001, 1001, 1001, 1001, 1500, 1500, 1500, 1500]} | 13:19:34.079124
{[1500, 1500, 988, 1499, 2011, 988, 988, 988, 1001, 1001, 1001, 1001, 1500, 1500, 1500, 1500]} | 13:19:34.084352
{[1500, 1500, 988, 1499, 2011, 988, 988, 988, 1001, 1001, 1001, 1001, 1500, 1500, 1500, 1500]} | 13:19:34.089793
{[1500, 1500, 988, 1499, 2011, 988, 988, 988, 1001, 1001, 1001, 1001, 1500, 1500, 1500, 1500]} | 13:19:34.095021
{[1500, 1500, 988, 1499, 2011, 988, 988, 988, 1001, 1001, 1001, 1001, 1500, 1500, 1500, 1500]} | 13:19:34.100321
{[1500, 1500, 988, 1499, 2011, 988, 988, 988, 1001, 1001, 1001, 1001, 1500, 1500, 1500, 1500]} | 13:19:34.105725
{[1500, 1500, 988, 1499, 2011, 988, 988, 988, 1001, 1001, 1001, 1001, 1500, 1500, 1500, 1500]} | 13:19:34.110937
{[1500, 1500, 988, 1499, 2011, 988, 988, 988, 1001, 1001, 1001, 1001, 1500, 1500, 1500, 1500]} | 13:19:34.116214
{[1500, 1500, 988, 1499, 2011, 988, 988, 988, 1001, 1001, 1001, 1001, 1500, 1500, 1500, 1500]} | 13:19:34.121930
13:19:34.122711 ALT: 0.19
13:19:34.122829 ATT: [-21.3, 0.8, 3]
13:19:34.124218 ACC: [-6, -187, 481]
{[1500, 1500, 988, 1499, 2011, 988, 988, 988, 1001, 1001, 1001, 1001, 1500, 1500, 1500, 1500]} | 13:19:34.127309
{[1500, 1500, 988, 1499, 2011, 988, 988, 988, 1001, 1001, 1001, 1001, 1500, 1500, 1500, 1500]} | 13:19:34.132515
{[1500, 1500, 988, 1499, 2011, 988, 988, 988, 1001, 1001, 1001, 1001, 1500, 1500, 1500, 1500]} | 13:19:34.137810
{[1500, 1500, 988, 1499, 2011, 988, 988, 988, 1001, 1001, 1001, 1001, 1500, 1500, 1500, 1500]} | 13:19:34.143054
{[1500, 1500, 988, 1499, 2011, 988, 988, 988, 1001, 1001, 1001, 1001, 1500, 1500, 1500, 1500]} | 13:19:34.148292
{[1500, 1500, 988, 1499, 2011, 988, 988, 988, 1001, 1001, 1001, 1001, 1500, 1500, 1500, 1500]} | 13:19:34.153479
{[1500, 1500, 988, 1499, 2011, 988, 988, 988, 1001, 1001, 1001, 1001, 1500, 1500, 1500, 1500]} | 13:19:34.159022
{[1500, 1500, 988, 1499, 2011, 988, 988, 988, 1001, 1001, 1001, 1001, 1500, 1500, 1500, 1500]} | 13:19:34.164360
13:19:34.169178 ALT: 0.19
13:19:34.169268 ATT: [-21.3, 0.8, 3]
{[1500, 1500, 988, 1499, 2011, 988, 988, 988, 1001, 1001, 1001, 1001, 1500, 1500, 1500, 1500]} | 13:19:34.169859
13:19:34.170078 ACC: [-7, -187, 479]
{[1500, 1500, 988, 1499, 2011, 988, 988, 988, 1001, 1001, 1001, 1001, 1500, 1500, 1500, 1500]} | 13:19:34.175180
{[1500, 1500, 988, 1499, 2011, 988, 988, 988, 1001, 1001, 1001, 1001, 1500, 1500, 1500, 1500]} | 13:19:34.180412
{[1500, 1500, 988, 1499, 2011, 988, 988, 988, 1001, 1001, 1001, 1001, 1500, 1500, 1500, 1500]} | 13:19:34.185621
{[1500, 1500, 988, 1499, 2011, 988, 988, 988, 1001, 1001, 1001, 1001, 1500, 1500, 1500, 1500]} | 13:19:34.190917
{[1500, 1500, 988, 1499, 2011, 988, 988, 988, 1001, 1001, 1001, 1001, 1500, 1500, 1500, 1500]} | 13:19:34.196242
{[1500, 1500, 988, 1499, 2011, 988, 988, 988, 1001, 1001, 1001, 1001, 1500, 1500, 1500, 1500]} | 13:19:34.201489
{[1500, 1500, 988, 1499, 2011, 988, 988, 988, 1001, 1001, 1001, 1001, 1500, 1500, 1500, 1500]} | 13:19:34.206930
{[1500, 1500, 988, 1499, 2011, 988, 988, 988, 1001, 1001, 1001, 1001, 1500, 1500, 1500, 1500]} | 13:19:34.212205
13:19:34.217169 ALT: 0.19
13:19:34.217260 ATT: [-21.3, 0.8, 3]
{[1500, 1500, 988, 1499, 2011, 988, 988, 988, 1001, 1001, 1001, 1001, 1500, 1500, 1500, 1500]} | 13:19:34.217726
13:19:34.218018 ACC: [-7, -186, 479]
{[1500, 1500, 988, 1499, 2011, 988, 988, 988, 1001, 1001, 1001, 1001, 1500, 1500, 1500, 1500]} | 13:19:34.223030
{[1500, 1500, 988, 1499, 2011, 988, 988, 988, 1001, 1001, 1001, 1001, 1500, 1500, 1500, 1500]} | 13:19:34.228550
{[1500, 1500, 988, 1499, 2011, 988, 988, 988, 1001, 1001, 1001, 1001, 1500, 1500, 1500, 1500]} | 13:19:34.233718
{[1500, 1500, 988, 1499, 2011, 988, 988, 988, 1001, 1001, 1001, 1001, 1500, 1500, 1500, 1500]} | 13:19:34.239071
{[1500, 1500, 988, 1499, 2011, 988, 988, 988, 1001, 1001, 1001, 1001, 1500, 1500, 1500, 1500]} | 13:19:34.244853
{[1500, 1500, 988, 1499, 2011, 988, 988, 988, 1001, 1001, 1001, 1001, 1500, 1500, 1500, 1500]} | 13:19:34.249994
{[1500, 1500, 988, 1499, 2011, 988, 988, 988, 1001, 1001, 1001, 1001, 1500, 1500, 1500, 1500]} | 13:19:34.255231
{[1500, 1500, 988, 1499, 2011, 988, 988, 988, 1001, 1001, 1001, 1001, 1500, 1500, 1500, 1500]} | 13:19:34.261130
13:19:34.265173 ALT: 0.19
13:19:34.265263 ATT: [-21.3, 0.8, 3]
13:19:34.265510 ACC: [-7, -187, 479]
{[1500, 1500, 988, 1499, 2011, 988, 988, 988, 1001, 1001, 1001, 1001, 1500, 1500, 1500, 1500]} | 13:19:34.266332
{[1500, 1500, 988, 1499, 2011, 988, 988, 988, 1001, 1001, 1001, 1001, 1500, 1500, 1500, 1500]} | 13:19:34.271584
{[1500, 1500, 988, 1499, 2011, 988, 988, 988, 1001, 1001, 1001, 1001, 1500, 1500, 1500, 1500]} | 13:19:34.277173
{[1500, 1500, 988, 1499, 2011, 988, 988, 988, 1001, 1001, 1001, 1001, 1500, 1500, 1500, 1500]} | 13:19:34.282342
{[1500, 1500, 988, 1499, 2011, 988, 988, 988, 1001, 1001, 1001, 1001, 1500, 1500, 1500, 1500]} | 13:19:34.287598
{[1500, 1500, 988, 1499, 2011, 988, 988, 988, 1001, 1001, 1001, 1001, 1500, 1500, 1500, 1500]} | 13:19:34.292997
{[1500, 1500, 988, 1499, 2011, 988, 988, 988, 1001, 1001, 1001, 1001, 1500, 1500, 1500, 1500]} | 13:19:34.298147
{[1500, 1500, 988, 1499, 2011, 988, 988, 988, 1001, 1001, 1001, 1001, 1500, 1500, 1500, 1500]} | 13:19:34.303404
{[1500, 1500, 988, 1499, 2011, 988, 988, 988, 1001, 1001, 1001, 1001, 1500, 1500, 1500, 1500]} | 13:19:34.308816
13:19:34.313208 ALT: 0.19
13:19:34.313297 ATT: [-21.3, 0.8, 3]
13:19:34.313541 ACC: [-7, -187, 480]
{[1500, 1500, 988, 1499, 2011, 988, 988, 988, 1001, 1001, 1001, 1001, 1500, 1500, 1500, 1500]} | 13:19:34.314054
{[1500, 1500, 988, 1499, 2011, 988, 988, 988, 1001, 1001, 1001, 1001, 1500, 1500, 1500, 1500]} | 13:19:34.319299
{[1500, 1500, 988, 1499, 2011, 988, 988, 988, 1001, 1001, 1001, 1001, 1500, 1500, 1500, 1500]} | 13:19:34.324917
{[1500, 1500, 988, 1499, 2011, 988, 988, 988, 1001, 1001, 1001, 1001, 1500, 1500, 1500, 1500]} | 13:19:34.330068
{[1500, 1500, 988, 1499, 2011, 988, 988, 988, 1001, 1001, 1001, 1001, 1500, 1500, 1500, 1500]} | 13:19:34.335307
{[1500, 1500, 988, 1499, 2011, 988, 988, 988, 1001, 1001, 1001, 1001, 1500, 1500, 1500, 1500]} | 13:19:34.340852
{[1500, 1500, 988, 1499, 2011, 988, 988, 988, 1001, 1001, 1001, 1001, 1500, 1500, 1500, 1500]} | 13:19:34.345991
{[1500, 1500, 988, 1499, 2011, 988, 988, 988, 1001, 1001, 1001, 1001, 1500, 1500, 1500, 1500]} | 13:19:34.351115
{[1500, 1500, 988, 1499, 2011, 988, 988, 988, 1001, 1001, 1001, 1001, 1500, 1500, 1500, 1500]} | 13:19:34.357358
13:19:34.361585 ALT: 0.19
13:19:34.361688 ATT: [-21.3, 0.8, 3]
13:19:34.362016 ACC: [-8, -187, 479]
{[1500, 1500, 988, 1499, 2011, 988, 988, 988, 1001, 1001, 1001, 1001, 1500, 1500, 1500, 1500]} | 13:19:34.362704
{[1500, 1500, 988, 1499, 2011, 988, 988, 988, 1001, 1001, 1001, 1001, 1500, 1500, 1500, 1500]} | 13:19:34.367897
{[1500, 1500, 988, 1499, 2011, 988, 988, 988, 1001, 1001, 1001, 1001, 1500, 1500, 1500, 1500]} | 13:19:34.373051
{[1500, 1500, 988, 1499, 2011, 988, 988, 988, 1001, 1001, 1001, 1001, 1500, 1500, 1500, 1500]} | 13:19:34.378294
{[1500, 1500, 988, 1499, 2011, 988, 988, 988, 1001, 1001, 1001, 1001, 1500, 1500, 1500, 1500]} | 13:19:34.383520
{[1500, 1500, 988, 1499, 2011, 988, 988, 988, 1001, 1001, 1001, 1001, 1500, 1500, 1500, 1500]} | 13:19:34.389052
{[1500, 1500, 988, 1499, 2011, 988, 988, 988, 1001, 1001, 1001, 1001, 1500, 1500, 1500, 1500]} | 13:19:34.394303
{[1500, 1500, 988, 1499, 2011, 988, 988, 988, 1001, 1001, 1001, 1001, 1500, 1500, 1500, 1500]} | 13:19:34.399925
{[1500, 1500, 988, 1499, 2011, 988, 988, 988, 1001, 1001, 1001, 1001, 1500, 1500, 1500, 1500]} | 13:19:34.405635
13:19:34.409499 ALT: 0.19
13:19:34.409724 ATT: [-21.3, 0.8, 3]
{[1500, 1500, 988, 1499, 2011, 988, 988, 988, 1001, 1001, 1001, 1001, 1500, 1500, 1500, 1500]} | 13:19:34.411337
13:19:34.411551 ACC: [-6, -186, 479]
{[1500, 1500, 988, 1499, 2011, 988, 988, 988, 1001, 1001, 1001, 1001, 1500, 1500, 1500, 1500]} | 13:19:34.416566
{[1500, 1500, 988, 1499, 2011, 988, 988, 988, 1001, 1001, 1001, 1001, 1500, 1500, 1500, 1500]} | 13:19:34.422385
{[1500, 1500, 988, 1499, 2011, 988, 988, 988, 1001, 1001, 1001, 1001, 1500, 1500, 1500, 1500]} | 13:19:34.427764
{[1500, 1500, 988, 1499, 2011, 988, 988, 988, 1001, 1001, 1001, 1001, 1500, 1500, 1500, 1500]} | 13:19:34.432961
{[1500, 1500, 988, 1499, 2011, 988, 988, 988, 1001, 1001, 1001, 1001, 1500, 1500, 1500, 1500]} | 13:19:34.438664
{[1500, 1500, 988, 1499, 2011, 988, 988, 988, 1001, 1001, 1001, 1001, 1500, 1500, 1500, 1500]} | 13:19:34.443865
{[1500, 1500, 988, 1499, 2011, 988, 988, 988, 1001, 1001, 1001, 1001, 1500, 1500, 1500, 1500]} | 13:19:34.449051
{[1500, 1500, 988, 1499, 2011, 988, 988, 988, 1001, 1001, 1001, 1001, 1500, 1500, 1500, 1500]} | 13:19:34.454322
13:19:34.457833 ALT: 0.19
13:19:34.458047 ATT: [-21.3, 0.8, 3]
13:19:34.458643 ACC: [-7, -186, 478]
{[1500, 1500, 988, 1499, 2011, 988, 988, 988, 1001, 1001, 1001, 1001, 1500, 1500, 1500, 1500]} | 13:19:34.459943
{[1500, 1500, 988, 1499, 2011, 988, 988, 988, 1001, 1001, 1001, 1001, 1500, 1500, 1500, 1500]} | 13:19:34.465142
{[1500, 1500, 988, 1499, 2011, 988, 988, 988, 1001, 1001, 1001, 1001, 1500, 1500, 1500, 1500]} | 13:19:34.470349
{[1500, 1500, 988, 1499, 2011, 988, 988, 988, 1001, 1001, 1001, 1001, 1500, 1500, 1500, 1500]} | 13:19:34.475636
{[1500, 1500, 988, 1499, 2011, 988, 988, 988, 1001, 1001, 1001, 1001, 1500, 1500, 1500, 1500]} | 13:19:34.481051
{[1500, 1500, 988, 1499, 2011, 988, 988, 988, 1001, 1001, 1001, 1001, 1500, 1500, 1500, 1500]} | 13:19:34.486284
{[1500, 1500, 988, 1499, 2011, 988, 988, 988, 1001, 1001, 1001, 1001, 1500, 1500, 1500, 1500]} | 13:19:34.491542
{[1500, 1500, 988, 1499, 2011, 988, 988, 988, 1001, 1001, 1001, 1001, 1500, 1500, 1500, 1500]} | 13:19:34.496856
{[1500, 1500, 988, 1499, 2011, 988, 988, 988, 1001, 1001, 1001, 1001, 1500, 1500, 1500, 1500]} | 13:19:34.502068
13:19:34.505492 ALT: 0.19
13:19:34.505795 ATT: [-21.3, 0.8, 3]
13:19:34.506167 ACC: [-6, -188, 480]
{[1500, 1500, 988, 1499, 2011, 988, 988, 988, 1001, 1001, 1001, 1001, 1500, 1500, 1500, 1500]} | 13:19:34.507804
{[1500, 1500, 988, 1499, 2011, 988, 988, 988, 1001, 1001, 1001, 1001, 1500, 1500, 1500, 1500]} | 13:19:34.513063
{[1500, 1500, 988, 1499, 2011, 988, 988, 988, 1001, 1001, 1001, 1001, 1500, 1500, 1500, 1500]} | 13:19:34.518276
{[1500, 1500, 988, 1499, 2011, 988, 988, 988, 1001, 1001, 1001, 1001, 1500, 1500, 1500, 1500]} | 13:19:34.524240
{[1500, 1500, 988, 1499, 2011, 988, 988, 988, 1001, 1001, 1001, 1001, 1500, 1500, 1500, 1500]} | 13:19:34.529429
{[1500, 1500, 988, 1499, 2011, 988, 988, 988, 1001, 1001, 1001, 1001, 1500, 1500, 1500, 1500]} | 13:19:34.534748
{[1500, 1500, 988, 1499, 2011, 988, 988, 988, 1001, 1001, 1001, 1001, 1500, 1500, 1500, 1500]} | 13:19:34.540080
{[1500, 1500, 988, 1499, 2011, 988, 988, 988, 1001, 1001, 1001, 1001, 1500, 1500, 1500, 1500]} | 13:19:34.545414
{[1500, 1500, 988, 1499, 2011, 988, 988, 988, 1001, 1001, 1001, 1001, 1500, 1500, 1500, 1500]} | 13:19:34.550568
13:19:34.553209 ALT: 0.19
13:19:34.553296 ATT: [-21.3, 0.8, 3]
13:19:34.553551 ACC: [-7, -186, 480]
{[1500, 1500, 988, 1499, 2011, 988, 988, 988, 1001, 1001, 1001, 1001, 1500, 1500, 1500, 1500]} | 13:19:34.556159
{[1500, 1500, 988, 1499, 2011, 988, 988, 988, 1001, 1001, 1001, 1001, 1500, 1500, 1500, 1500]} | 13:19:34.561535
{[1500, 1500, 988, 1499, 2011, 988, 988, 988, 1001, 1001, 1001, 1001, 1500, 1500, 1500, 1500]} | 13:19:34.566896
{[1500, 1500, 988, 1499, 2011, 988, 988, 988, 1001, 1001, 1001, 1001, 1500, 1500, 1500, 1500]} | 13:19:34.572142
{[1500, 1500, 988, 1499, 2011, 988, 988, 988, 1001, 1001, 1001, 1001, 1500, 1500, 1500, 1500]} | 13:19:34.577687
{[1500, 1500, 988, 1499, 2011, 988, 988, 988, 1001, 1001, 1001, 1001, 1500, 1500, 1500, 1500]} | 13:19:34.582883
{[1500, 1500, 988, 1499, 2011, 988, 988, 988, 1001, 1001, 1001, 1001, 1500, 1500, 1500, 1500]} | 13:19:34.588332
{[1500, 1500, 988, 1499, 2011, 988, 988, 988, 1001, 1001, 1001, 1001, 1500, 1500, 1500, 1500]} | 13:19:34.593549
{[1500, 1500, 988, 1499, 2011, 988, 988, 988, 1001, 1001, 1001, 1001, 1500, 1500, 1500, 1500]} | 13:19:34.598748
13:19:34.601262 ALT: 0.19
13:19:34.601344 ATT: [-21.3, 0.8, 3]
13:19:34.601614 ACC: [-8, -186, 480]
{[1500, 1500, 988, 1499, 2011, 988, 988, 988, 1001, 1001, 1001, 1001, 1500, 1500, 1500, 1500]} | 13:19:34.604467
{[1500, 1500, 988, 1499, 2011, 988, 988, 988, 1001, 1001, 1001, 1001, 1500, 1500, 1500, 1500]} | 13:19:34.609684
{[1500, 1500, 988, 1499, 2011, 988, 988, 988, 1001, 1001, 1001, 1001, 1500, 1500, 1500, 1500]} | 13:19:34.614875
{[1500, 1500, 988, 1499, 2011, 988, 988, 988, 1001, 1001, 1001, 1001, 1500, 1500, 1500, 1500]} | 13:19:34.620099
{[1500, 1500, 988, 1499, 2011, 988, 988, 988, 1001, 1001, 1001, 1001, 1500, 1500, 1500, 1500]} | 13:19:34.625679
{[1500, 1500, 988, 1499, 2011, 988, 988, 988, 1001, 1001, 1001, 1001, 1500, 1500, 1500, 1500]} | 13:19:34.630876
{[1500, 1500, 988, 1499, 2011, 988, 988, 988, 1001, 1001, 1001, 1001, 1500, 1500, 1500, 1500]} | 13:19:34.636101
{[1500, 1500, 988, 1499, 2011, 988, 988, 988, 1001, 1001, 1001, 1001, 1500, 1500, 1500, 1500]} | 13:19:34.641754
{[1500, 1500, 988, 1499, 2011, 988, 988, 988, 1001, 1001, 1001, 1001, 1500, 1500, 1500, 1500]} | 13:19:34.646944
13:19:34.649183 ALT: 0.19
13:19:34.649245 ATT: [-21.3, 0.9, 3]
13:19:34.649512 ACC: [-7, -187, 479]
{[1500, 1500, 988, 1499, 2011, 988, 988, 988, 1001, 1001, 1001, 1001, 1500, 1500, 1500, 1500]} | 13:19:34.652286
{[1500, 1500, 988, 1499, 2011, 988, 988, 988, 1001, 1001, 1001, 1001, 1500, 1500, 1500, 1500]} | 13:19:34.657466
{[1500, 1500, 988, 1499, 2011, 988, 988, 988, 1001, 1001, 1001, 1001, 1500, 1500, 1500, 1500]} | 13:19:34.662700
{[1500, 1500, 988, 1499, 2011, 988, 988, 988, 1001, 1001, 1001, 1001, 1500, 1500, 1500, 1500]} | 13:19:34.667859
{[1500, 1500, 988, 1499, 2011, 988, 988, 988, 1001, 1001, 1001, 1001, 1500, 1500, 1500, 1500]} | 13:19:34.673087
{[1500, 1500, 988, 1499, 2011, 988, 988, 988, 1001, 1001, 1001, 1001, 1500, 1500, 1500, 1500]} | 13:19:34.678308
{[1500, 1500, 988, 1499, 2011, 988, 988, 988, 1001, 1001, 1001, 1001, 1500, 1500, 1500, 1500]} | 13:19:34.683473
{[1500, 1500, 988, 1499, 2011, 988, 988, 988, 1001, 1001, 1001, 1001, 1500, 1500, 1500, 1500]} | 13:19:34.688707
{[1500, 1500, 988, 1499, 2011, 988, 988, 988, 1001, 1001, 1001, 1001, 1500, 1500, 1500, 1500]} | 13:19:34.694627
13:19:34.697326 ALT: 0.19
13:19:34.697451 ATT: [-21.3, 0.8, 3]
13:19:34.697771 ACC: [-7, -187, 479]
{[1500, 1500, 988, 1499, 2011, 988, 988, 988, 1001, 1001, 1001, 1001, 1500, 1500, 1500, 1500]} | 13:19:34.699998
{[1500, 1500, 988, 1499, 2011, 988, 988, 988, 1001, 1001, 1001, 1001, 1500, 1500, 1500, 1500]} | 13:19:34.705260
{[1500, 1500, 988, 1499, 2011, 988, 988, 988, 1001, 1001, 1001, 1001, 1500, 1500, 1500, 1500]} | 13:19:34.710516
{[1500, 1500, 988, 1499, 2011, 988, 988, 988, 1001, 1001, 1001, 1001, 1500, 1500, 1500, 1500]} | 13:19:34.715674
{[1500, 1500, 988, 1499, 2011, 988, 988, 988, 1001, 1001, 1001, 1001, 1500, 1500, 1500, 1500]} | 13:19:34.720961
{[1500, 1500, 988, 1499, 2011, 988, 988, 988, 1001, 1001, 1001, 1001, 1500, 1500, 1500, 1500]} | 13:19:34.726166
{[1500, 1500, 988, 1499, 2011, 988, 988, 988, 1001, 1001, 1001, 1001, 1500, 1500, 1500, 1500]} | 13:19:34.731324
{[1500, 1500, 988, 1499, 2011, 988, 988, 988, 1001, 1001, 1001, 1001, 1500, 1500, 1500, 1500]} | 13:19:34.736904
{[1500, 1500, 988, 1499, 2011, 988, 988, 988, 1001, 1001, 1001, 1001, 1500, 1500, 1500, 1500]} | 13:19:34.742111
13:19:34.745375 ALT: 0.19
13:19:34.745515 ATT: [-21.3, 0.8, 3]
13:19:34.746203 ACC: [-6, -186, 481]
{[1500, 1500, 988, 1499, 2011, 988, 988, 988, 1001, 1001, 1001, 1001, 1500, 1500, 1500, 1500]} | 13:19:34.747332
{[1500, 1500, 988, 1499, 2011, 988, 988, 988, 1001, 1001, 1001, 1001, 1500, 1500, 1500, 1500]} | 13:19:34.752499
{[1500, 1500, 988, 1499, 2011, 988, 988, 988, 1001, 1001, 1001, 1001, 1500, 1500, 1500, 1500]} | 13:19:34.758094
{[1500, 1500, 988, 1499, 2011, 988, 988, 988, 1001, 1001, 1001, 1001, 1500, 1500, 1500, 1500]} | 13:19:34.763793
{[1500, 1500, 988, 1499, 2011, 988, 988, 988, 1001, 1001, 1001, 1001, 1500, 1500, 1500, 1500]} | 13:19:34.768988
{[1500, 1500, 988, 1499, 2011, 988, 988, 988, 1001, 1001, 1001, 1001, 1500, 1500, 1500, 1500]} | 13:19:34.774241
{[1500, 1500, 988, 1499, 2011, 988, 988, 988, 1001, 1001, 1001, 1001, 1500, 1500, 1500, 1500]} | 13:19:34.779643
{[1500, 1500, 988, 1499, 2011, 988, 988, 988, 1001, 1001, 1001, 1001, 1500, 1500, 1500, 1500]} | 13:19:34.784849
{[1500, 1500, 988, 1499, 2011, 988, 988, 988, 1001, 1001, 1001, 1001, 1500, 1500, 1500, 1500]} | 13:19:34.791467
{[1500, 1500, 988, 1499, 2011, 988, 988, 988, 1001, 1001, 1001, 1001, 1500, 1500, 1500, 1500]} | 13:19:34.796877
{[1500, 1500, 988, 1499, 2011, 988, 988, 988, 1001, 1001, 1001, 1001, 1500, 1500, 1500, 1500]} | 13:19:34.802097
{[1500, 1500, 988, 1499, 2011, 988, 988, 988, 1001, 1001, 1001, 1001, 1500, 1500, 1500, 1500]} | 13:19:34.807517
13:19:34.809649 ALT: 0.19
13:19:34.809751 ATT: [-21.3, 0.8, 3]
13:19:34.810061 ACC: [-7, -187, 480]
{[1500, 1500, 988, 1499, 2011, 988, 988, 988, 1001, 1001, 1001, 1001, 1500, 1500, 1500, 1500]} | 13:19:34.813041
{[1500, 1500, 988, 1499, 2011, 988, 988, 988, 1001, 1001, 1001, 1001, 1500, 1500, 1500, 1500]} | 13:19:34.818264
{[1500, 1500, 988, 1499, 2011, 988, 988, 988, 1001, 1001, 1001, 1001, 1500, 1500, 1500, 1500]} | 13:19:34.823578
{[1500, 1500, 988, 1499, 2011, 988, 988, 988, 1001, 1001, 1001, 1001, 1500, 1500, 1500, 1500]} | 13:19:34.828898
{[1500, 1500, 988, 1499, 2011, 988, 988, 988, 1001, 1001, 1001, 1001, 1500, 1500, 1500, 1500]} | 13:19:34.834100
{[1500, 1500, 988, 1499, 2011, 988, 988, 988, 1001, 1001, 1001, 1001, 1500, 1500, 1500, 1500]} | 13:19:34.839429
{[1500, 1500, 988, 1499, 2011, 988, 988, 988, 1001, 1001, 1001, 1001, 1500, 1500, 1500, 1500]} | 13:19:34.845117
{[1500, 1500, 988, 1499, 2011, 988, 988, 988, 1001, 1001, 1001, 1001, 1500, 1500, 1500, 1500]} | 13:19:34.850256
{[1500, 1500, 988, 1499, 2011, 988, 988, 988, 1001, 1001, 1001, 1001, 1500, 1500, 1500, 1500]} | 13:19:34.855542
13:19:34.857290 ALT: 0.19
13:19:34.857386 ATT: [-21.3, 0.8, 3]
13:19:34.857742 ACC: [-7, -187, 478]
{[1500, 1500, 988, 1499, 2011, 988, 988, 988, 1001, 1001, 1001, 1001, 1500, 1500, 1500, 1500]} | 13:19:34.861248
{[1500, 1500, 988, 1499, 2011, 988, 988, 988, 1001, 1001, 1001, 1001, 1500, 1500, 1500, 1500]} | 13:19:34.866423
{[1500, 1500, 988, 1499, 2011, 988, 988, 988, 1001, 1001, 1001, 1001, 1500, 1500, 1500, 1500]} | 13:19:34.871683
{[1500, 1500, 988, 1499, 2011, 988, 988, 988, 1001, 1001, 1001, 1001, 1500, 1500, 1500, 1500]} | 13:19:34.877275
{[1500, 1500, 988, 1499, 2011, 988, 988, 988, 1001, 1001, 1001, 1001, 1500, 1500, 1500, 1500]} | 13:19:34.882490
{[1500, 1500, 988, 1499, 2011, 988, 988, 988, 1001, 1001, 1001, 1001, 1500, 1500, 1500, 1500]} | 13:19:34.887744
{[1500, 1500, 988, 1499, 2011, 988, 988, 988, 1001, 1001, 1001, 1001, 1500, 1500, 1500, 1500]} | 13:19:34.893355
{[1500, 1500, 988, 1499, 2011, 988, 988, 988, 1001, 1001, 1001, 1001, 1500, 1500, 1500, 1500]} | 13:19:34.898568
{[1500, 1500, 988, 1499, 2011, 988, 988, 988, 1001, 1001, 1001, 1001, 1500, 1500, 1500, 1500]} | 13:19:34.903834
13:19:34.906083 ALT: 0.19
13:19:34.906341 ATT: [-21.3, 0.8, 3]
13:19:34.906847 ACC: [-6, -187, 479]
{[1500, 1500, 988, 1499, 2011, 988, 988, 988, 1001, 1001, 1001, 1001, 1500, 1500, 1500, 1500]} | 13:19:34.909998
{[1500, 1500, 988, 1499, 2011, 988, 988, 988, 1001, 1001, 1001, 1001, 1500, 1500, 1500, 1500]} | 13:19:34.915203
{[1500, 1500, 988, 1499, 2011, 988, 988, 988, 1001, 1001, 1001, 1001, 1500, 1500, 1500, 1500]} | 13:19:34.920507
{[1500, 1500, 988, 1499, 2011, 988, 988, 988, 1001, 1001, 1001, 1001, 1500, 1500, 1500, 1500]} | 13:19:34.926025
{[1500, 1500, 988, 1499, 2011, 988, 988, 988, 1001, 1001, 1001, 1001, 1500, 1500, 1500, 1500]} | 13:19:34.931209
{[1500, 1500, 988, 1499, 2011, 988, 988, 988, 1001, 1001, 1001, 1001, 1500, 1500, 1500, 1500]} | 13:19:34.936478
{[1500, 1500, 988, 1499, 2011, 988, 988, 988, 1001, 1001, 1001, 1001, 1500, 1500, 1500, 1500]} | 13:19:34.942029
{[1500, 1500, 988, 1499, 2011, 988, 988, 988, 1001, 1001, 1001, 1001, 1500, 1500, 1500, 1500]} | 13:19:34.947226
{[1500, 1500, 988, 1499, 2011, 988, 988, 988, 1001, 1001, 1001, 1001, 1500, 1500, 1500, 1500]} | 13:19:34.952385
13:19:34.953305 ALT: 0.19
13:19:34.953383 ATT: [-21.3, 0.9, 3]
13:19:34.953613 ACC: [-7, -187, 480]
{[1500, 1500, 988, 1499, 2011, 988, 988, 988, 1001, 1001, 1001, 1001, 1500, 1500, 1500, 1500]} | 13:19:34.958109
{[1500, 1500, 988, 1499, 2011, 988, 988, 988, 1001, 1001, 1001, 1001, 1500, 1500, 1500, 1500]} | 13:19:34.963490
{[1500, 1500, 988, 1499, 2011, 988, 988, 988, 1001, 1001, 1001, 1001, 1500, 1500, 1500, 1500]} | 13:19:34.968709
{[1500, 1500, 988, 1499, 2011, 988, 988, 988, 1001, 1001, 1001, 1001, 1500, 1500, 1500, 1500]} | 13:19:34.973845
{[1500, 1500, 988, 1499, 2011, 988, 988, 988, 1001, 1001, 1001, 1001, 1500, 1500, 1500, 1500]} | 13:19:34.979109
{[1500, 1500, 988, 1499, 2011, 988, 988, 988, 1001, 1001, 1001, 1001, 1500, 1500, 1500, 1500]} | 13:19:34.984453
{[1500, 1500, 988, 1499, 2011, 988, 988, 988, 1001, 1001, 1001, 1001, 1500, 1500, 1500, 1500]} | 13:19:34.989584
{[1500, 1500, 988, 1499, 2011, 988, 988, 988, 1001, 1001, 1001, 1001, 1500, 1500, 1500, 1500]} | 13:19:34.994792
{[1500, 1500, 988, 1499, 2011, 988, 988, 988, 1001, 1001, 1001, 1001, 1500, 1500, 1500, 1500]} | 13:19:34.999987
13:19:35.001272 ALT: 0.19
13:19:35.001361 ATT: [-21.3, 0.9, 3]
13:19:35.001628 ACC: [-7, -185, 479]
{[1500, 1500, 988, 1499, 2011, 988, 988, 988, 1001, 1001, 1001, 1001, 1500, 1500, 1500, 1500]} | 13:19:35.005492
{[1500, 1500, 988, 1499, 2011, 988, 988, 988, 1001, 1001, 1001, 1001, 1500, 1500, 1500, 1500]} | 13:19:35.010715
{[1500, 1500, 988, 1499, 2011, 988, 988, 988, 1001, 1001, 1001, 1001, 1500, 1500, 1500, 1500]} | 13:19:35.015901
{[1500, 1500, 988, 1499, 2011, 988, 988, 988, 1001, 1001, 1001, 1001, 1500, 1500, 1500, 1500]} | 13:19:35.021033
{[1500, 1500, 988, 1499, 2011, 988, 988, 988, 1001, 1001, 1001, 1001, 1500, 1500, 1500, 1500]} | 13:19:35.026240
{[1500, 1500, 988, 1499, 2011, 988, 988, 988, 1001, 1001, 1001, 1001, 1500, 1500, 1500, 1500]} | 13:19:35.031450
{[1500, 1500, 988, 1499, 2011, 988, 988, 988, 1001, 1001, 1001, 1001, 1500, 1500, 1500, 1500]} | 13:19:35.036771
{[1500, 1500, 988, 1499, 2011, 988, 988, 988, 1001, 1001, 1001, 1001, 1500, 1500, 1500, 1500]} | 13:19:35.042196
{[1500, 1500, 988, 1499, 2011, 988, 988, 988, 1001, 1001, 1001, 1001, 1500, 1500, 1500, 1500]} | 13:19:35.047396
13:19:35.049225 ALT: 0.19
13:19:35.049289 ATT: [-21.3, 0.9, 3]
13:19:35.049548 ACC: [-8, -187, 479]
{[1500, 1500, 988, 1499, 2011, 988, 988, 988, 1001, 1001, 1001, 1001, 1500, 1500, 1500, 1500]} | 13:19:35.052818
{[1500, 1500, 988, 1499, 2011, 988, 988, 988, 1001, 1001, 1001, 1001, 1500, 1500, 1500, 1500]} | 13:19:35.058112
{[1500, 1500, 988, 1499, 2011, 988, 988, 988, 1001, 1001, 1001, 1001, 1500, 1500, 1500, 1500]} | 13:19:35.063720
{[1500, 1500, 988, 1499, 2011, 988, 988, 988, 1001, 1001, 1001, 1001, 1500, 1500, 1500, 1500]} | 13:19:35.068909
{[1500, 1500, 988, 1499, 2011, 988, 988, 988, 1001, 1001, 1001, 1001, 1500, 1500, 1500, 1500]} | 13:19:35.074146
{[1500, 1500, 988, 1499, 2011, 988, 988, 988, 1001, 1001, 1001, 1001, 1500, 1500, 1500, 1500]} | 13:19:35.079549
{[1500, 1500, 988, 1499, 2011, 988, 988, 988, 1001, 1001, 1001, 1001, 1500, 1500, 1500, 1500]} | 13:19:35.084720
{[1500, 1500, 988, 1499, 2011, 988, 988, 988, 1001, 1001, 1001, 1001, 1500, 1500, 1500, 1500]} | 13:19:35.089996
{[1500, 1500, 988, 1499, 2011, 988, 988, 988, 1001, 1001, 1001, 1001, 1500, 1500, 1500, 1500]} | 13:19:35.095399
13:19:35.097163 ALT: 0.19
13:19:35.097239 ATT: [-21.3, 0.9, 3]
13:19:35.097604 ACC: [-8, -188, 479]
{[1500, 1500, 988, 1499, 2011, 988, 988, 988, 1001, 1001, 1001, 1001, 1500, 1500, 1500, 1500]} | 13:19:35.100833
{[1500, 1500, 988, 1499, 2011, 988, 988, 988, 1001, 1001, 1001, 1001, 1500, 1500, 1500, 1500]} | 13:19:35.106061
{[1500, 1500, 988, 1499, 2011, 988, 988, 988, 1001, 1001, 1001, 1001, 1500, 1500, 1500, 1500]} | 13:19:35.111284
{[1500, 1500, 988, 1499, 2011, 988, 988, 988, 1001, 1001, 1001, 1001, 1500, 1500, 1500, 1500]} | 13:19:35.116483
{[1500, 1500, 988, 1499, 2011, 988, 988, 988, 1001, 1001, 1001, 1001, 1500, 1500, 1500, 1500]} | 13:19:35.121637
{[1500, 1500, 988, 1499, 2011, 988, 988, 988, 1001, 1001, 1001, 1001, 1500, 1500, 1500, 1500]} | 13:19:35.126853
{[1500, 1500, 988, 1499, 2011, 988, 988, 988, 1001, 1001, 1001, 1001, 1500, 1500, 1500, 1500]} | 13:19:35.132007
{[1500, 1500, 988, 1499, 2011, 988, 988, 988, 1001, 1001, 1001, 1001, 1500, 1500, 1500, 1500]} | 13:19:35.137235
{[1500, 1500, 988, 1499, 2011, 988, 988, 988, 1001, 1001, 1001, 1001, 1500, 1500, 1500, 1500]} | 13:19:35.142442
13:19:35.145602 ALT: 0.19
13:19:35.145756 ATT: [-21.3, 0.9, 3]
13:19:35.146205 ACC: [-7, -186, 481]
{[1500, 1500, 988, 1499, 2011, 988, 988, 988, 1001, 1001, 1001, 1001, 1500, 1500, 1500, 1500]} | 13:19:35.147685
{[1500, 1500, 988, 1499, 2011, 988, 988, 988, 1001, 1001, 1001, 1001, 1500, 1500, 1500, 1500]} | 13:19:35.152869
{[1500, 1500, 988, 1499, 2011, 988, 988, 988, 1001, 1001, 1001, 1001, 1500, 1500, 1500, 1500]} | 13:19:35.158322
{[1500, 1500, 988, 1499, 2011, 988, 988, 988, 1001, 1001, 1001, 1001, 1500, 1500, 1500, 1500]} | 13:19:35.163807
{[1500, 1500, 988, 1499, 2011, 988, 988, 988, 1001, 1001, 1001, 1001, 1500, 1500, 1500, 1500]} | 13:19:35.169014
{[1500, 1500, 988, 1499, 2011, 988, 988, 988, 1001, 1001, 1001, 1001, 1500, 1500, 1500, 1500]} | 13:19:35.174310
{[1500, 1500, 988, 1499, 2011, 988, 988, 988, 1001, 1001, 1001, 1001, 1500, 1500, 1500, 1500]} | 13:19:35.179924
{[1500, 1500, 988, 1499, 2011, 988, 988, 988, 1001, 1001, 1001, 1001, 1500, 1500, 1500, 1500]} | 13:19:35.185127
{[1500, 1500, 988, 1499, 2011, 988, 988, 988, 1001, 1001, 1001, 1001, 1500, 1500, 1500, 1500]} | 13:19:35.190550
13:19:35.193533 ALT: 0.19
13:19:35.193744 ATT: [-21.3, 0.9, 3]
13:19:35.194565 ACC: [-7, -187, 479]
{[1500, 1500, 988, 1499, 2011, 988, 988, 988, 1001, 1001, 1001, 1001, 1500, 1500, 1500, 1500]} | 13:19:35.196182
{[1500, 1500, 988, 1499, 2011, 988, 988, 988, 1001, 1001, 1001, 1001, 1500, 1500, 1500, 1500]} | 13:19:35.201402
{[1500, 1500, 988, 1499, 2011, 988, 988, 988, 1001, 1001, 1001, 1001, 1500, 1500, 1500, 1500]} | 13:19:35.206701
{[1500, 1500, 988, 1499, 2011, 988, 988, 988, 1001, 1001, 1001, 1001, 1500, 1500, 1500, 1500]} | 13:19:35.212079
{[1500, 1500, 988, 1499, 2011, 988, 988, 988, 1001, 1001, 1001, 1001, 1500, 1500, 1500, 1500]} | 13:19:35.217273
{[1500, 1500, 988, 1499, 2011, 988, 988, 988, 1001, 1001, 1001, 1001, 1500, 1500, 1500, 1500]} | 13:19:35.222854
{[1500, 1500, 988, 1499, 2011, 988, 988, 988, 1001, 1001, 1001, 1001, 1500, 1500, 1500, 1500]} | 13:19:35.228066
{[1500, 1500, 988, 1499, 2011, 988, 988, 988, 1001, 1001, 1001, 1001, 1500, 1500, 1500, 1500]} | 13:19:35.233296
{[1500, 1500, 988, 1499, 2011, 988, 988, 988, 1001, 1001, 1001, 1001, 1500, 1500, 1500, 1500]} | 13:19:35.239126
13:19:35.241541 ALT: 0.19
13:19:35.241776 ATT: [-21.3, 0.9, 3]
13:19:35.242381 ACC: [-7, -187, 479]
{[1500, 1500, 988, 1499, 2011, 988, 988, 988, 1001, 1001, 1001, 1001, 1500, 1500, 1500, 1500]} | 13:19:35.244578
{[1500, 1500, 988, 1499, 2011, 988, 988, 988, 1001, 1001, 1001, 1001, 1500, 1500, 1500, 1500]} | 13:19:35.249772
{[1500, 1500, 988, 1499, 2011, 988, 988, 988, 1001, 1001, 1001, 1001, 1500, 1500, 1500, 1500]} | 13:19:35.254994
{[1500, 1500, 988, 1499, 2011, 988, 988, 988, 1001, 1001, 1001, 1001, 1500, 1500, 1500, 1500]} | 13:19:35.260334
{[1500, 1500, 988, 1499, 2011, 988, 988, 988, 1001, 1001, 1001, 1001, 1500, 1500, 1500, 1500]} | 13:19:35.265524
{[1500, 1500, 988, 1499, 2011, 988, 988, 988, 1001, 1001, 1001, 1001, 1500, 1500, 1500, 1500]} | 13:19:35.270747
{[1500, 1500, 988, 1499, 2011, 988, 988, 988, 1001, 1001, 1001, 1001, 1500, 1500, 1500, 1500]} | 13:19:35.276007
{[1500, 1500, 988, 1499, 2011, 988, 988, 988, 1001, 1001, 1001, 1001, 1500, 1500, 1500, 1500]} | 13:19:35.281259
{[1500, 1500, 988, 1499, 2011, 988, 988, 988, 1001, 1001, 1001, 1001, 1500, 1500, 1500, 1500]} | 13:19:35.286585
13:19:35.289953 ALT: 0.19
13:19:35.290312 ATT: [-21.3, 0.9, 3]
13:19:35.290836 ACC: [-7, -187, 480]
{[1500, 1500, 988, 1499, 2011, 988, 988, 988, 1001, 1001, 1001, 1001, 1500, 1500, 1500, 1500]} | 13:19:35.292491
{[1500, 1500, 988, 1499, 2011, 988, 988, 988, 1001, 1001, 1001, 1001, 1500, 1500, 1500, 1500]} | 13:19:35.297684
{[1500, 1500, 988, 1499, 2011, 988, 988, 988, 1001, 1001, 1001, 1001, 1500, 1500, 1500, 1500]} | 13:19:35.302916
{[1500, 1500, 988, 1499, 2011, 988, 988, 988, 1001, 1001, 1001, 1001, 1500, 1500, 1500, 1500]} | 13:19:35.308245
{[1500, 1500, 988, 1499, 2011, 988, 988, 988, 1001, 1001, 1001, 1001, 1500, 1500, 1500, 1500]} | 13:19:35.313516
{[1500, 1500, 988, 1499, 2011, 988, 988, 988, 1001, 1001, 1001, 1001, 1500, 1500, 1500, 1500]} | 13:19:35.318813
{[1500, 1500, 988, 1499, 2011, 988, 988, 988, 1001, 1001, 1001, 1001, 1500, 1500, 1500, 1500]} | 13:19:35.324080
{[1500, 1500, 988, 1499, 2011, 988, 988, 988, 1001, 1001, 1001, 1001, 1500, 1500, 1500, 1500]} | 13:19:35.329379
{[1500, 1500, 988, 1499, 2011, 988, 988, 988, 1001, 1001, 1001, 1001, 1500, 1500, 1500, 1500]} | 13:19:35.334652
13:19:35.337815 ALT: 0.19
13:19:35.338198 ATT: [-21.3, 0.9, 3]
13:19:35.338632 ACC: [-6, -187, 480]
{[1500, 1500, 988, 1499, 2011, 988, 988, 988, 1001, 1001, 1001, 1001, 1500, 1500, 1500, 1500]} | 13:19:35.340428
{[1500, 1500, 988, 1499, 2011, 988, 988, 988, 1001, 1001, 1001, 1001, 1500, 1500, 1500, 1500]} | 13:19:35.345755
{[1500, 1500, 988, 1499, 2011, 988, 988, 988, 1001, 1001, 1001, 1001, 1500, 1500, 1500, 1500]} | 13:19:35.350884
{[1500, 1500, 988, 1499, 2011, 988, 988, 988, 1001, 1001, 1001, 1001, 1500, 1500, 1500, 1500]} | 13:19:35.356163
{[1500, 1500, 988, 1499, 2011, 988, 988, 988, 1001, 1001, 1001, 1001, 1500, 1500, 1500, 1500]} | 13:19:35.361648
{[1500, 1500, 988, 1499, 2011, 988, 988, 988, 1001, 1001, 1001, 1001, 1500, 1500, 1500, 1500]} | 13:19:35.366870
{[1500, 1500, 988, 1499, 2011, 988, 988, 988, 1001, 1001, 1001, 1001, 1500, 1500, 1500, 1500]} | 13:19:35.372345
{[1500, 1500, 988, 1499, 2011, 988, 988, 988, 1001, 1001, 1001, 1001, 1500, 1500, 1500, 1500]} | 13:19:35.378302
{[1500, 1500, 988, 1499, 2011, 988, 988, 988, 1001, 1001, 1001, 1001, 1500, 1500, 1500, 1500]} | 13:19:35.383503
13:19:35.385351 ALT: 0.19
13:19:35.385436 ATT: [-21.3, 0.8, 3]
13:19:35.385685 ACC: [-6, -186, 479]
{[1500, 1500, 988, 1499, 2011, 988, 988, 988, 1001, 1001, 1001, 1001, 1500, 1500, 1500, 1500]} | 13:19:35.389714
{[1500, 1500, 988, 1499, 2011, 988, 988, 988, 1001, 1001, 1001, 1001, 1500, 1500, 1500, 1500]} | 13:19:35.394936
{[1500, 1500, 988, 1499, 2011, 988, 988, 988, 1001, 1001, 1001, 1001, 1500, 1500, 1500, 1500]} | 13:19:35.400107
{[1500, 1500, 988, 1499, 2011, 988, 988, 988, 1001, 1001, 1001, 1001, 1500, 1500, 1500, 1500]} | 13:19:35.405342
{[1500, 1500, 988, 1499, 2011, 988, 988, 988, 1001, 1001, 1001, 1001, 1500, 1500, 1500, 1500]} | 13:19:35.410651
{[1500, 1500, 988, 1499, 2011, 988, 988, 988, 1001, 1001, 1001, 1001, 1500, 1500, 1500, 1500]} | 13:19:35.415885
{[1500, 1500, 988, 1499, 2011, 988, 988, 988, 1001, 1001, 1001, 1001, 1500, 1500, 1500, 1500]} | 13:19:35.421924
{[1500, 1500, 988, 1499, 2011, 988, 988, 988, 1001, 1001, 1001, 1001, 1500, 1500, 1500, 1500]} | 13:19:35.427129
{[1500, 1500, 988, 1499, 2011, 988, 988, 988, 1001, 1001, 1001, 1001, 1500, 1500, 1500, 1500]} | 13:19:35.432336
13:19:35.433307 ALT: 0.19
13:19:35.433388 ATT: [-21.3, 0.8, 3]
13:19:35.433689 ACC: [-6, -188, 480]
{[1500, 1500, 988, 1499, 2011, 988, 988, 988, 1001, 1001, 1001, 1001, 1500, 1500, 1500, 1500]} | 13:19:35.437952
{[1500, 1500, 988, 1499, 2011, 988, 988, 988, 1001, 1001, 1001, 1001, 1500, 1500, 1500, 1500]} | 13:19:35.443123
{[1500, 1500, 988, 1499, 2011, 988, 988, 988, 1001, 1001, 1001, 1001, 1500, 1500, 1500, 1500]} | 13:19:35.448327
{[1500, 1500, 988, 1499, 2011, 988, 988, 988, 1001, 1001, 1001, 1001, 1500, 1500, 1500, 1500]} | 13:19:35.453529
{[1500, 1500, 988, 1499, 2011, 988, 988, 988, 1001, 1001, 1001, 1001, 1500, 1500, 1500, 1500]} | 13:19:35.458736
{[1500, 1500, 988, 1499, 2011, 988, 988, 988, 1001, 1001, 1001, 1001, 1500, 1500, 1500, 1500]} | 13:19:35.464146
{[1500, 1500, 988, 1499, 2011, 988, 988, 988, 1001, 1001, 1001, 1001, 1500, 1500, 1500, 1500]} | 13:19:35.469329
{[1500, 1500, 988, 1499, 2011, 988, 988, 988, 1001, 1001, 1001, 1001, 1500, 1500, 1500, 1500]} | 13:19:35.475626
{[1500, 1500, 988, 1499, 2011, 988, 988, 988, 1001, 1001, 1001, 1001, 1500, 1500, 1500, 1500]} | 13:19:35.480828
13:19:35.481524 ALT: 0.19
13:19:35.481583 ATT: [-21.3, 0.8, 3]
13:19:35.481825 ACC: [-7, -187, 479]
{[1500, 1500, 988, 1499, 2011, 988, 988, 988, 1001, 1001, 1001, 1001, 1500, 1500, 1500, 1500]} | 13:19:35.486330
{[1500, 1500, 988, 1499, 2011, 988, 988, 988, 1001, 1001, 1001, 1001, 1500, 1500, 1500, 1500]} | 13:19:35.491753
{[1500, 1500, 988, 1499, 2011, 988, 988, 988, 1001, 1001, 1001, 1001, 1500, 1500, 1500, 1500]} | 13:19:35.496958
{[1500, 1500, 988, 1499, 2011, 988, 988, 988, 1001, 1001, 1001, 1001, 1500, 1500, 1500, 1500]} | 13:19:35.502180
{[1500, 1500, 988, 1499, 2011, 988, 988, 988, 1001, 1001, 1001, 1001, 1500, 1500, 1500, 1500]} | 13:19:35.507684
{[1500, 1500, 988, 1499, 2011, 988, 988, 988, 1001, 1001, 1001, 1001, 1500, 1500, 1500, 1500]} | 13:19:35.513072
{[1500, 1500, 988, 1499, 2011, 988, 988, 988, 1001, 1001, 1001, 1001, 1500, 1500, 1500, 1500]} | 13:19:35.518212
{[1500, 1500, 988, 1499, 2011, 988, 988, 988, 1001, 1001, 1001, 1001, 1500, 1500, 1500, 1500]} | 13:19:35.523522
{[1500, 1500, 988, 1499, 2011, 988, 988, 988, 1001, 1001, 1001, 1001, 1500, 1500, 1500, 1500]} | 13:19:35.528733
13:19:35.529877 ALT: 0.19
13:19:35.530007 ATT: [-21.3, 0.8, 3]
13:19:35.530417 ACC: [-7, -186, 479]
{[1500, 1500, 988, 1499, 2011, 988, 988, 988, 1001, 1001, 1001, 1001, 1500, 1500, 1500, 1500]} | 13:19:35.534235
{[1500, 1500, 988, 1499, 2011, 988, 988, 988, 1001, 1001, 1001, 1001, 1500, 1500, 1500, 1500]} | 13:19:35.539838
{[1500, 1500, 988, 1499, 2011, 988, 988, 988, 1001, 1001, 1001, 1001, 1500, 1500, 1500, 1500]} | 13:19:35.545129
{[1500, 1500, 988, 1499, 2011, 988, 988, 988, 1001, 1001, 1001, 1001, 1500, 1500, 1500, 1500]} | 13:19:35.550359
{[1500, 1500, 988, 1499, 2011, 988, 988, 988, 1001, 1001, 1001, 1001, 1500, 1500, 1500, 1500]} | 13:19:35.555604
{[1500, 1500, 988, 1499, 2011, 988, 988, 988, 1001, 1001, 1001, 1001, 1500, 1500, 1500, 1500]} | 13:19:35.561332
{[1500, 1500, 988, 1499, 2011, 988, 988, 988, 1001, 1001, 1001, 1001, 1500, 1500, 1500, 1500]} | 13:19:35.566562
{[1500, 1500, 988, 1499, 2011, 988, 988, 988, 1001, 1001, 1001, 1001, 1500, 1500, 1500, 1500]} | 13:19:35.571804
{[1500, 1500, 988, 1499, 2011, 988, 988, 988, 1001, 1001, 1001, 1001, 1500, 1500, 1500, 1500]} | 13:19:35.577308
13:19:35.578021 ALT: 0.19
13:19:35.578104 ATT: [-21.3, 0.8, 3]
13:19:35.578387 ACC: [-6, -186, 479]
{[1500, 1500, 988, 1499, 2011, 988, 988, 988, 1001, 1001, 1001, 1001, 1500, 1500, 1500, 1500]} | 13:19:35.582657
{[1500, 1500, 988, 1499, 2011, 988, 988, 988, 1001, 1001, 1001, 1001, 1500, 1500, 1500, 1500]} | 13:19:35.587906
{[1500, 1500, 988, 1499, 2011, 988, 988, 988, 1001, 1001, 1001, 1001, 1500, 1500, 1500, 1500]} | 13:19:35.594502
{[1500, 1500, 988, 1499, 2011, 988, 988, 988, 1001, 1001, 1001, 1001, 1500, 1500, 1500, 1500]} | 13:19:35.599696
{[1500, 1500, 988, 1499, 2011, 988, 988, 988, 1001, 1001, 1001, 1001, 1500, 1500, 1500, 1500]} | 13:19:35.605019
{[1500, 1500, 988, 1499, 2011, 988, 988, 988, 1001, 1001, 1001, 1001, 1500, 1500, 1500, 1500]} | 13:19:35.610274
{[1500, 1500, 988, 1499, 2011, 988, 988, 988, 1001, 1001, 1001, 1001, 1500, 1500, 1500, 1500]} | 13:19:35.615462
{[1500, 1500, 988, 1499, 2011, 988, 988, 988, 1001, 1001, 1001, 1001, 1500, 1500, 1500, 1500]} | 13:19:35.621394
13:19:35.625794 ALT: 0.19
13:19:35.625921 ATT: [-21.3, 0.9, 3]
13:19:35.626261 ACC: [-7, -187, 480]
{[1500, 1500, 988, 1499, 2011, 988, 988, 988, 1001, 1001, 1001, 1001, 1500, 1500, 1500, 1500]} | 13:19:35.626926
{[1500, 1500, 988, 1499, 2011, 988, 988, 988, 1001, 1001, 1001, 1001, 1500, 1500, 1500, 1500]} | 13:19:35.632119
{[1500, 1500, 988, 1499, 2011, 988, 988, 988, 1001, 1001, 1001, 1001, 1500, 1500, 1500, 1500]} | 13:19:35.637294
{[1500, 1500, 988, 1499, 2011, 988, 988, 988, 1001, 1001, 1001, 1001, 1500, 1500, 1500, 1500]} | 13:19:35.642559
{[1500, 1500, 988, 1499, 2011, 988, 988, 988, 1001, 1001, 1001, 1001, 1500, 1500, 1500, 1500]} | 13:19:35.647750
{[1500, 1500, 988, 1499, 2011, 988, 988, 988, 1001, 1001, 1001, 1001, 1500, 1500, 1500, 1500]} | 13:19:35.652919
{[1500, 1500, 988, 1499, 2011, 988, 988, 988, 1001, 1001, 1001, 1001, 1500, 1500, 1500, 1500]} | 13:19:35.658851
{[1500, 1500, 988, 1499, 2011, 988, 988, 988, 1001, 1001, 1001, 1001, 1500, 1500, 1500, 1500]} | 13:19:35.664189
{[1500, 1500, 988, 1499, 2011, 988, 988, 988, 1001, 1001, 1001, 1001, 1500, 1500, 1500, 1500]} | 13:19:35.669391
13:19:35.674257 ALT: 0.19
13:19:35.674575 ATT: [-21.3, 0.8, 3]
{[1500, 1500, 988, 1499, 2011, 988, 988, 988, 1001, 1001, 1001, 1001, 1500, 1500, 1500, 1500]} | 13:19:35.675004
13:19:35.676303 ACC: [-6, -186, 479]
{[1500, 1500, 988, 1499, 2011, 988, 988, 988, 1001, 1001, 1001, 1001, 1500, 1500, 1500, 1500]} | 13:19:35.680764
{[1500, 1500, 988, 1499, 2011, 988, 988, 988, 1001, 1001, 1001, 1001, 1500, 1500, 1500, 1500]} | 13:19:35.685972
{[1500, 1500, 988, 1499, 2011, 988, 988, 988, 1001, 1001, 1001, 1001, 1500, 1500, 1500, 1500]} | 13:19:35.691508
{[1500, 1500, 988, 1499, 2011, 988, 988, 988, 1001, 1001, 1001, 1001, 1500, 1500, 1500, 1500]} | 13:19:35.696761
{[1500, 1500, 988, 1499, 2011, 988, 988, 988, 1001, 1001, 1001, 1001, 1500, 1500, 1500, 1500]} | 13:19:35.702019
{[1500, 1500, 988, 1499, 2011, 988, 988, 988, 1001, 1001, 1001, 1001, 1500, 1500, 1500, 1500]} | 13:19:35.707316
{[1500, 1500, 988, 1499, 2011, 988, 988, 988, 1001, 1001, 1001, 1001, 1500, 1500, 1500, 1500]} | 13:19:35.712875
{[1500, 1500, 988, 1499, 2011, 988, 988, 988, 1001, 1001, 1001, 1001, 1500, 1500, 1500, 1500]} | 13:19:35.718088
13:19:35.722002 ALT: 0.19
13:19:35.722312 ATT: [-21.3, 0.8, 3]
13:19:35.722712 ACC: [-7, -187, 480]
{[1500, 1500, 988, 1499, 2011, 988, 988, 988, 1001, 1001, 1001, 1001, 1500, 1500, 1500, 1500]} | 13:19:35.724008
{[1500, 1500, 988, 1499, 2011, 988, 988, 988, 1001, 1001, 1001, 1001, 1500, 1500, 1500, 1500]} | 13:19:35.729404
{[1500, 1500, 988, 1499, 2011, 988, 988, 988, 1001, 1001, 1001, 1001, 1500, 1500, 1500, 1500]} | 13:19:35.734683
{[1500, 1500, 988, 1499, 2011, 988, 988, 988, 1001, 1001, 1001, 1001, 1500, 1500, 1500, 1500]} | 13:19:35.740244
{[1500, 1500, 988, 1499, 2011, 988, 988, 988, 1001, 1001, 1001, 1001, 1500, 1500, 1500, 1500]} | 13:19:35.745458
{[1500, 1500, 988, 1499, 2011, 988, 988, 988, 1001, 1001, 1001, 1001, 1500, 1500, 1500, 1500]} | 13:19:35.750707
{[1500, 1500, 988, 1499, 2011, 988, 988, 988, 1001, 1001, 1001, 1001, 1500, 1500, 1500, 1500]} | 13:19:35.755996
{[1500, 1500, 988, 1499, 2011, 988, 988, 988, 1001, 1001, 1001, 1001, 1500, 1500, 1500, 1500]} | 13:19:35.761388
{[1500, 1500, 988, 1499, 2011, 988, 988, 988, 1001, 1001, 1001, 1001, 1500, 1500, 1500, 1500]} | 13:19:35.766627
13:19:35.769398 ALT: 0.19
13:19:35.769486 ATT: [-21.3, 0.8, 3]
13:19:35.769758 ACC: [-7, -186, 480]
{[1500, 1500, 988, 1499, 2011, 988, 988, 988, 1001, 1001, 1001, 1001, 1500, 1500, 1500, 1500]} | 13:19:35.772134
{[1500, 1500, 988, 1499, 2011, 988, 988, 988, 1001, 1001, 1001, 1001, 1500, 1500, 1500, 1500]} | 13:19:35.777397
{[1500, 1500, 988, 1499, 2011, 988, 988, 988, 1001, 1001, 1001, 1001, 1500, 1500, 1500, 1500]} | 13:19:35.782602
{[1500, 1500, 988, 1499, 2011, 988, 988, 988, 1001, 1001, 1001, 1001, 1500, 1500, 1500, 1500]} | 13:19:35.787822
{[1500, 1500, 988, 1499, 2011, 988, 988, 988, 1001, 1001, 1001, 1001, 1500, 1500, 1500, 1500]} | 13:19:35.793247
{[1500, 1500, 988, 1499, 2011, 988, 988, 988, 1001, 1001, 1001, 1001, 1500, 1500, 1500, 1500]} | 13:19:35.798431
{[1500, 1500, 988, 1499, 2011, 988, 988, 988, 1001, 1001, 1001, 1001, 1500, 1500, 1500, 1500]} | 13:19:35.803647
{[1500, 1500, 988, 1499, 2011, 988, 988, 988, 1001, 1001, 1001, 1001, 1500, 1500, 1500, 1500]} | 13:19:35.809137
{[1500, 1500, 988, 1499, 2011, 988, 988, 988, 1001, 1001, 1001, 1001, 1500, 1500, 1500, 1500]} | 13:19:35.814327
13:19:35.817395 ALT: 0.19
13:19:35.817483 ATT: [-21.3, 0.8, 3]
13:19:35.817754 ACC: [-7, -187, 480]
{[1500, 1500, 988, 1499, 2011, 988, 988, 988, 1001, 1001, 1001, 1001, 1500, 1500, 1500, 1500]} | 13:19:35.819849
{[1500, 1500, 988, 1499, 2011, 988, 988, 988, 1001, 1001, 1001, 1001, 1500, 1500, 1500, 1500]} | 13:19:35.825427
{[1500, 1500, 988, 1499, 2011, 988, 988, 988, 1001, 1001, 1001, 1001, 1500, 1500, 1500, 1500]} | 13:19:35.830722
{[1500, 1500, 988, 1499, 2011, 988, 988, 988, 1001, 1001, 1001, 1001, 1500, 1500, 1500, 1500]} | 13:19:35.835969
{[1500, 1500, 988, 1499, 2011, 988, 988, 988, 1001, 1001, 1001, 1001, 1500, 1500, 1500, 1500]} | 13:19:35.841399
{[1500, 1500, 988, 1499, 2011, 988, 988, 988, 1001, 1001, 1001, 1001, 1500, 1500, 1500, 1500]} | 13:19:35.846783
{[1500, 1500, 988, 1499, 2011, 988, 988, 988, 1001, 1001, 1001, 1001, 1500, 1500, 1500, 1500]} | 13:19:35.851914
{[1500, 1500, 988, 1499, 2011, 988, 988, 988, 1001, 1001, 1001, 1001, 1500, 1500, 1500, 1500]} | 13:19:35.857163
{[1500, 1500, 988, 1499, 2011, 988, 988, 988, 1001, 1001, 1001, 1001, 1500, 1500, 1500, 1500]} | 13:19:35.862380
13:19:35.865442 ALT: 0.19
13:19:35.865529 ATT: [-21.3, 0.8, 3]
13:19:35.865767 ACC: [-6, -186, 479]
{[1500, 1500, 988, 1499, 2011, 988, 988, 988, 1001, 1001, 1001, 1001, 1500, 1500, 1500, 1500]} | 13:19:35.867610
{[1500, 1500, 988, 1499, 2011, 988, 988, 988, 1001, 1001, 1001, 1001, 1500, 1500, 1500, 1500]} | 13:19:35.873407
{[1500, 1500, 988, 1499, 2011, 988, 988, 988, 1001, 1001, 1001, 1001, 1500, 1500, 1500, 1500]} | 13:19:35.878705
{[1500, 1500, 988, 1499, 2011, 988, 988, 988, 1001, 1001, 1001, 1001, 1500, 1500, 1500, 1500]} | 13:19:35.883859
{[1500, 1500, 988, 1499, 2011, 988, 988, 988, 1001, 1001, 1001, 1001, 1500, 1500, 1500, 1500]} | 13:19:35.889087
{[1500, 1500, 988, 1499, 2011, 988, 988, 988, 1001, 1001, 1001, 1001, 1500, 1500, 1500, 1500]} | 13:19:35.894298
{[1500, 1500, 988, 1499, 2011, 988, 988, 988, 1001, 1001, 1001, 1001, 1500, 1500, 1500, 1500]} | 13:19:35.899454
{[1500, 1500, 988, 1499, 2011, 988, 988, 988, 1001, 1001, 1001, 1001, 1500, 1500, 1500, 1500]} | 13:19:35.904998
{[1500, 1500, 988, 1499, 2011, 988, 988, 988, 1001, 1001, 1001, 1001, 1500, 1500, 1500, 1500]} | 13:19:35.910191
13:19:35.913497 ALT: 0.19
13:19:35.913640 ATT: [-21.3, 0.8, 3]
13:19:35.913983 ACC: [-7, -188, 479]
{[1500, 1500, 988, 1499, 2011, 988, 988, 988, 1001, 1001, 1001, 1001, 1500, 1500, 1500, 1500]} | 13:19:35.915417
{[1500, 1500, 988, 1499, 2011, 988, 988, 988, 1001, 1001, 1001, 1001, 1500, 1500, 1500, 1500]} | 13:19:35.921380
{[1500, 1500, 988, 1499, 2011, 988, 988, 988, 1001, 1001, 1001, 1001, 1500, 1500, 1500, 1500]} | 13:19:35.926603
{[1500, 1500, 988, 1499, 2011, 988, 988, 988, 1001, 1001, 1001, 1001, 1500, 1500, 1500, 1500]} | 13:19:35.931767
{[1500, 1500, 988, 1499, 2011, 988, 988, 988, 1001, 1001, 1001, 1001, 1500, 1500, 1500, 1500]} | 13:19:35.937090
{[1500, 1500, 988, 1499, 2011, 988, 988, 988, 1001, 1001, 1001, 1001, 1500, 1500, 1500, 1500]} | 13:19:35.942297
{[1500, 1500, 988, 1499, 2011, 988, 988, 988, 1001, 1001, 1001, 1001, 1500, 1500, 1500, 1500]} | 13:19:35.947510
{[1500, 1500, 988, 1499, 2011, 988, 988, 988, 1001, 1001, 1001, 1001, 1500, 1500, 1500, 1500]} | 13:19:35.952671
{[1500, 1500, 988, 1499, 2011, 988, 988, 988, 1001, 1001, 1001, 1001, 1500, 1500, 1500, 1500]} | 13:19:35.958045
13:19:35.961595 ALT: 0.19
13:19:35.961692 ATT: [-21.3, 0.8, 3]
13:19:35.962007 ACC: [-7, -187, 479]
{[1500, 1500, 988, 1499, 2011, 988, 988, 988, 1001, 1001, 1001, 1001, 1500, 1500, 1500, 1500]} | 13:19:35.963860
{[1500, 1500, 988, 1499, 2011, 988, 988, 988, 1001, 1001, 1001, 1001, 1500, 1500, 1500, 1500]} | 13:19:35.969019
{[1500, 1500, 988, 1499, 2011, 988, 988, 988, 1001, 1001, 1001, 1001, 1500, 1500, 1500, 1500]} | 13:19:35.974245
{[1500, 1500, 988, 1499, 2011, 988, 988, 988, 1001, 1001, 1001, 1001, 1500, 1500, 1500, 1500]} | 13:19:35.979617
{[1500, 1500, 988, 1499, 2011, 988, 988, 988, 1001, 1001, 1001, 1001, 1500, 1500, 1500, 1500]} | 13:19:35.984800
{[1500, 1500, 988, 1499, 2011, 988, 988, 988, 1001, 1001, 1001, 1001, 1500, 1500, 1500, 1500]} | 13:19:35.990052
{[1500, 1500, 988, 1499, 2011, 988, 988, 988, 1001, 1001, 1001, 1001, 1500, 1500, 1500, 1500]} | 13:19:35.995246
{[1500, 1500, 988, 1499, 2011, 988, 988, 988, 1001, 1001, 1001, 1001, 1500, 1500, 1500, 1500]} | 13:19:36.000496
{[1500, 1500, 988, 1499, 2011, 988, 988, 988, 1001, 1001, 1001, 1001, 1500, 1500, 1500, 1500]} | 13:19:36.006014
13:19:36.009566 ALT: 0.19
13:19:36.009686 ATT: [-21.3, 0.8, 3]
13:19:36.010000 ACC: [-7, -188, 480]
{[1500, 1500, 988, 1499, 2011, 988, 988, 988, 1001, 1001, 1001, 1001, 1500, 1500, 1500, 1500]} | 13:19:36.011400
{[1500, 1500, 988, 1499, 2011, 988, 988, 988, 1001, 1001, 1001, 1001, 1500, 1500, 1500, 1500]} | 13:19:36.016640
{[1500, 1500, 988, 1499, 2011, 988, 988, 988, 1001, 1001, 1001, 1001, 1500, 1500, 1500, 1500]} | 13:19:36.021884
{[1500, 1500, 988, 1499, 2011, 988, 988, 988, 1001, 1001, 1001, 1001, 1500, 1500, 1500, 1500]} | 13:19:36.027063
{[1500, 1500, 988, 1499, 2011, 988, 988, 988, 1001, 1001, 1001, 1001, 1500, 1500, 1500, 1500]} | 13:19:36.032260
{[1500, 1500, 988, 1499, 2011, 988, 988, 988, 1001, 1001, 1001, 1001, 1500, 1500, 1500, 1500]} | 13:19:36.037397
{[1500, 1500, 988, 1499, 2011, 988, 988, 988, 1001, 1001, 1001, 1001, 1500, 1500, 1500, 1500]} | 13:19:36.042590
{[1500, 1500, 988, 1499, 2011, 988, 988, 988, 1001, 1001, 1001, 1001, 1500, 1500, 1500, 1500]} | 13:19:36.047779
{[1500, 1500, 988, 1499, 2011, 988, 988, 988, 1001, 1001, 1001, 1001, 1500, 1500, 1500, 1500]} | 13:19:36.052946
13:19:36.057775 ALT: 0.19
13:19:36.058136 ATT: [-21.3, 0.8, 3]
13:19:36.059939 ACC: [-7, -187, 480]
{[1500, 1500, 988, 1499, 2011, 988, 988, 988, 1001, 1001, 1001, 1001, 1500, 1500, 1500, 1500]} | 13:19:36.060452
{[1500, 1500, 988, 1499, 2011, 988, 988, 988, 1001, 1001, 1001, 1001, 1500, 1500, 1500, 1500]} | 13:19:36.065647
{[1500, 1500, 988, 1499, 2011, 988, 988, 988, 1001, 1001, 1001, 1001, 1500, 1500, 1500, 1500]} | 13:19:36.070869
{[1500, 1500, 988, 1499, 2011, 988, 988, 988, 1001, 1001, 1001, 1001, 1500, 1500, 1500, 1500]} | 13:19:36.076186
{[1500, 1500, 988, 1499, 2011, 988, 988, 988, 1001, 1001, 1001, 1001, 1500, 1500, 1500, 1500]} | 13:19:36.081497
{[1500, 1500, 988, 1499, 2011, 988, 988, 988, 1001, 1001, 1001, 1001, 1500, 1500, 1500, 1500]} | 13:19:36.086942
{[1500, 1500, 988, 1499, 2011, 988, 988, 988, 1001, 1001, 1001, 1001, 1500, 1500, 1500, 1500]} | 13:19:36.092236
{[1500, 1500, 988, 1499, 2011, 988, 988, 988, 1001, 1001, 1001, 1001, 1500, 1500, 1500, 1500]} | 13:19:36.097489
{[1500, 1500, 988, 1499, 2011, 988, 988, 988, 1001, 1001, 1001, 1001, 1500, 1500, 1500, 1500]} | 13:19:36.102721
13:19:36.105814 ALT: 0.19
13:19:36.106086 ATT: [-21.3, 0.8, 3]
13:19:36.106441 ACC: [-7, -187, 479]
{[1500, 1500, 988, 1499, 2011, 988, 988, 988, 1001, 1001, 1001, 1001, 1500, 1500, 1500, 1500]} | 13:19:36.108728
{[1500, 1500, 988, 1499, 2011, 988, 988, 988, 1001, 1001, 1001, 1001, 1500, 1500, 1500, 1500]} | 13:19:36.114006
{[1500, 1500, 988, 1499, 2011, 988, 988, 988, 1001, 1001, 1001, 1001, 1500, 1500, 1500, 1500]} | 13:19:36.119229
{[1500, 1500, 988, 1499, 2011, 988, 988, 988, 1001, 1001, 1001, 1001, 1500, 1500, 1500, 1500]} | 13:19:36.124650
{[1500, 1500, 988, 1499, 2011, 988, 988, 988, 1001, 1001, 1001, 1001, 1500, 1500, 1500, 1500]} | 13:19:36.129942
{[1500, 1500, 988, 1499, 2011, 988, 988, 988, 1001, 1001, 1001, 1001, 1500, 1500, 1500, 1500]} | 13:19:36.135170
{[1500, 1500, 988, 1499, 2011, 988, 988, 988, 1001, 1001, 1001, 1001, 1500, 1500, 1500, 1500]} | 13:19:36.140606
{[1500, 1500, 988, 1499, 2011, 988, 988, 988, 1001, 1001, 1001, 1001, 1500, 1500, 1500, 1500]} | 13:19:36.145840
{[1500, 1500, 988, 1499, 2011, 988, 988, 988, 1001, 1001, 1001, 1001, 1500, 1500, 1500, 1500]} | 13:19:36.150995
13:19:36.153409 ALT: 0.19
13:19:36.153496 ATT: [-21.3, 0.8, 3]
13:19:36.153950 ACC: [-8, -188, 480]
{[1500, 1500, 988, 1499, 2011, 988, 988, 988, 1001, 1001, 1001, 1001, 1500, 1500, 1500, 1500]} | 13:19:36.156652
{[1500, 1500, 988, 1499, 2011, 988, 988, 988, 1001, 1001, 1001, 1001, 1500, 1500, 1500, 1500]} | 13:19:36.161880
{[1500, 1500, 988, 1499, 2011, 988, 988, 988, 1001, 1001, 1001, 1001, 1500, 1500, 1500, 1500]} | 13:19:36.167064
{[1500, 1500, 988, 1499, 2011, 988, 988, 988, 1001, 1001, 1001, 1001, 1500, 1500, 1500, 1500]} | 13:19:36.172400
{[1500, 1500, 988, 1499, 2011, 988, 988, 988, 1001, 1001, 1001, 1001, 1500, 1500, 1500, 1500]} | 13:19:36.177876
{[1500, 1500, 988, 1499, 2011, 988, 988, 988, 1001, 1001, 1001, 1001, 1500, 1500, 1500, 1500]} | 13:19:36.183063
{[1500, 1500, 988, 1499, 2011, 988, 988, 988, 1001, 1001, 1001, 1001, 1500, 1500, 1500, 1500]} | 13:19:36.188843
{[1500, 1500, 988, 1499, 2011, 988, 988, 988, 1001, 1001, 1001, 1001, 1500, 1500, 1500, 1500]} | 13:19:36.194026
{[1500, 1500, 988, 1499, 2011, 988, 988, 988, 1001, 1001, 1001, 1001, 1500, 1500, 1500, 1500]} | 13:19:36.199215
13:19:36.201397 ALT: 0.19
13:19:36.201487 ATT: [-21.3, 0.8, 3]
13:19:36.201741 ACC: [-7, -187, 480]
{[1500, 1500, 988, 1499, 2011, 988, 988, 988, 1001, 1001, 1001, 1001, 1500, 1500, 1500, 1500]} | 13:19:36.205008
{[1500, 1500, 988, 1499, 2011, 988, 988, 988, 1001, 1001, 1001, 1001, 1500, 1500, 1500, 1500]} | 13:19:36.210209
{[1500, 1500, 988, 1499, 2011, 988, 988, 988, 1001, 1001, 1001, 1001, 1500, 1500, 1500, 1500]} | 13:19:36.215404
{[1500, 1500, 988, 1499, 2011, 988, 988, 988, 1001, 1001, 1001, 1001, 1500, 1500, 1500, 1500]} | 13:19:36.221209
{[1500, 1500, 988, 1499, 2011, 988, 988, 988, 1001, 1001, 1001, 1001, 1500, 1500, 1500, 1500]} | 13:19:36.226405
{[1500, 1500, 988, 1499, 2011, 988, 988, 988, 1001, 1001, 1001, 1001, 1500, 1500, 1500, 1500]} | 13:19:36.231599
{[1500, 1500, 988, 1499, 2011, 988, 988, 988, 1001, 1001, 1001, 1001, 1500, 1500, 1500, 1500]} | 13:19:36.237538
{[1500, 1500, 988, 1499, 2011, 988, 988, 988, 1001, 1001, 1001, 1001, 1500, 1500, 1500, 1500]} | 13:19:36.242727
{[1500, 1500, 988, 1499, 2011, 988, 988, 988, 1001, 1001, 1001, 1001, 1500, 1500, 1500, 1500]} | 13:19:36.247919
13:19:36.249330 ALT: 0.19
13:19:36.249393 ATT: [-21.3, 0.8, 3]
13:19:36.249588 ACC: [-7, -188, 481]
{[1500, 1500, 988, 1499, 2011, 988, 988, 988, 1001, 1001, 1001, 1001, 1500, 1500, 1500, 1500]} | 13:19:36.253363
{[1500, 1500, 988, 1499, 2011, 988, 988, 988, 1001, 1001, 1001, 1001, 1500, 1500, 1500, 1500]} | 13:19:36.258729
{[1500, 1500, 988, 1499, 2011, 988, 988, 988, 1001, 1001, 1001, 1001, 1500, 1500, 1500, 1500]} | 13:19:36.264430
{[1500, 1500, 988, 1499, 2011, 988, 988, 988, 1001, 1001, 1001, 1001, 1500, 1500, 1500, 1500]} | 13:19:36.269718
{[1500, 1500, 988, 1499, 2011, 988, 988, 988, 1001, 1001, 1001, 1001, 1500, 1500, 1500, 1500]} | 13:19:36.275066
{[1500, 1500, 988, 1499, 2011, 988, 988, 988, 1001, 1001, 1001, 1001, 1500, 1500, 1500, 1500]} | 13:19:36.280555
{[1500, 1500, 988, 1499, 2011, 988, 988, 988, 1001, 1001, 1001, 1001, 1500, 1500, 1500, 1500]} | 13:19:36.285733
{[1500, 1500, 988, 1499, 2011, 988, 988, 988, 1001, 1001, 1001, 1001, 1500, 1500, 1500, 1500]} | 13:19:36.291003
{[1500, 1500, 988, 1499, 2011, 988, 988, 988, 1001, 1001, 1001, 1001, 1500, 1500, 1500, 1500]} | 13:19:36.296255
13:19:36.297613 ALT: 0.19
13:19:36.297711 ATT: [-21.3, 0.8, 3]
13:19:36.297944 ACC: [-7, -186, 480]
{[1500, 1500, 988, 1499, 2011, 988, 988, 988, 1001, 1001, 1001, 1001, 1500, 1500, 1500, 1500]} | 13:19:36.301701
{[1500, 1500, 988, 1499, 2011, 988, 988, 988, 1001, 1001, 1001, 1001, 1500, 1500, 1500, 1500]} | 13:19:36.307280
{[1500, 1500, 988, 1499, 2011, 988, 988, 988, 1001, 1001, 1001, 1001, 1500, 1500, 1500, 1500]} | 13:19:36.313227
{[1500, 1500, 988, 1499, 2011, 988, 988, 988, 1001, 1001, 1001, 1001, 1500, 1500, 1500, 1500]} | 13:19:36.318439
{[1500, 1500, 988, 1499, 2011, 988, 988, 988, 1001, 1001, 1001, 1001, 1500, 1500, 1500, 1500]} | 13:19:36.323779
{[1500, 1500, 988, 1499, 2011, 988, 988, 988, 1001, 1001, 1001, 1001, 1500, 1500, 1500, 1500]} | 13:19:36.329028
{[1500, 1500, 988, 1499, 2011, 988, 988, 988, 1001, 1001, 1001, 1001, 1500, 1500, 1500, 1500]} | 13:19:36.334245
{[1500, 1500, 988, 1499, 2011, 988, 988, 988, 1001, 1001, 1001, 1001, 1500, 1500, 1500, 1500]} | 13:19:36.339555
{[1500, 1500, 988, 1499, 2011, 988, 988, 988, 1001, 1001, 1001, 1001, 1500, 1500, 1500, 1500]} | 13:19:36.344773
13:19:36.345500 ALT: 0.19
13:19:36.345589 ATT: [-21.3, 0.8, 3]
13:19:36.345957 ACC: [-7, -187, 479]
{[1500, 1500, 988, 1499, 2011, 988, 988, 988, 1001, 1001, 1001, 1001, 1500, 1500, 1500, 1500]} | 13:19:36.350051
{[1500, 1500, 988, 1499, 2011, 988, 988, 988, 1001, 1001, 1001, 1001, 1500, 1500, 1500, 1500]} | 13:19:36.355280
{[1500, 1500, 988, 1499, 2011, 988, 988, 988, 1001, 1001, 1001, 1001, 1500, 1500, 1500, 1500]} | 13:19:36.361271
{[1500, 1500, 988, 1499, 2011, 988, 988, 988, 1001, 1001, 1001, 1001, 1500, 1500, 1500, 1500]} | 13:19:36.366541
{[1500, 1500, 988, 1499, 2011, 988, 988, 988, 1001, 1001, 1001, 1001, 1500, 1500, 1500, 1500]} | 13:19:36.371776
{[1500, 1500, 988, 1499, 2011, 988, 988, 988, 1001, 1001, 1001, 1001, 1500, 1500, 1500, 1500]} | 13:19:36.377374
{[1500, 1500, 988, 1499, 2011, 988, 988, 988, 1001, 1001, 1001, 1001, 1500, 1500, 1500, 1500]} | 13:19:36.382600
{[1500, 1500, 988, 1499, 2011, 988, 988, 988, 1001, 1001, 1001, 1001, 1500, 1500, 1500, 1500]} | 13:19:36.387996
{[1500, 1500, 988, 1499, 2011, 988, 988, 988, 1001, 1001, 1001, 1001, 1500, 1500, 1500, 1500]} | 13:19:36.393404
13:19:36.394176 ALT: 0.19
13:19:36.394251 ATT: [-21.3, 0.8, 3]
13:19:36.394487 ACC: [-6, -187, 479]
{[1500, 1500, 988, 1499, 2011, 988, 988, 988, 1001, 1001, 1001, 1001, 1500, 1500, 1500, 1500]} | 13:19:36.398723
{[1500, 1500, 988, 1499, 2011, 988, 988, 988, 1001, 1001, 1001, 1001, 1500, 1500, 1500, 1500]} | 13:19:36.403963
{[1500, 1500, 988, 1499, 2011, 988, 988, 988, 1001, 1001, 1001, 1001, 1500, 1500, 1500, 1500]} | 13:19:36.409877
{[1500, 1500, 988, 1499, 2011, 988, 988, 988, 1001, 1001, 1001, 1001, 1500, 1500, 1500, 1500]} | 13:19:36.415084
{[1500, 1500, 988, 1499, 2011, 988, 988, 988, 1001, 1001, 1001, 1001, 1500, 1500, 1500, 1500]} | 13:19:36.420336
{[1500, 1500, 988, 1499, 2011, 988, 988, 988, 1001, 1001, 1001, 1001, 1500, 1500, 1500, 1500]} | 13:19:36.426229
{[1500, 1500, 988, 1499, 2011, 988, 988, 988, 1001, 1001, 1001, 1001, 1500, 1500, 1500, 1500]} | 13:19:36.431423
{[1500, 1500, 988, 1499, 2011, 988, 988, 988, 1001, 1001, 1001, 1001, 1500, 1500, 1500, 1500]} | 13:19:36.437294
13:19:36.442023 ALT: 0.19
13:19:36.442160 ATT: [-21.3, 0.8, 3]
{[1500, 1500, 988, 1499, 2011, 988, 988, 988, 1001, 1001, 1001, 1001, 1500, 1500, 1500, 1500]} | 13:19:36.442864
13:19:36.443087 ACC: [-7, -188, 479]
{[1500, 1500, 988, 1499, 2011, 988, 988, 988, 1001, 1001, 1001, 1001, 1500, 1500, 1500, 1500]} | 13:19:36.448059
{[1500, 1500, 988, 1499, 2011, 988, 988, 988, 1001, 1001, 1001, 1001, 1500, 1500, 1500, 1500]} | 13:19:36.453243
{[1500, 1500, 988, 1499, 2011, 988, 988, 988, 1001, 1001, 1001, 1001, 1500, 1500, 1500, 1500]} | 13:19:36.458548
{[1500, 1500, 988, 1499, 2011, 988, 988, 988, 1001, 1001, 1001, 1001, 1500, 1500, 1500, 1500]} | 13:19:36.464185
{[1500, 1500, 988, 1499, 2011, 988, 988, 988, 1001, 1001, 1001, 1001, 1500, 1500, 1500, 1500]} | 13:19:36.469379
{[1500, 1500, 988, 1499, 2011, 988, 988, 988, 1001, 1001, 1001, 1001, 1500, 1500, 1500, 1500]} | 13:19:36.474700
{[1500, 1500, 988, 1499, 2011, 988, 988, 988, 1001, 1001, 1001, 1001, 1500, 1500, 1500, 1500]} | 13:19:36.480108
{[1500, 1500, 988, 1499, 2011, 988, 988, 988, 1001, 1001, 1001, 1001, 1500, 1500, 1500, 1500]} | 13:19:36.485287
13:19:36.489929 ALT: 0.19
13:19:36.490288 ATT: [-21.3, 0.8, 3]
13:19:36.491086 ACC: [-7, -187, 480]
{[1500, 1500, 988, 1499, 2011, 988, 988, 988, 1001, 1001, 1001, 1001, 1500, 1500, 1500, 1500]} | 13:19:36.491476
{[1500, 1500, 988, 1499, 2011, 988, 988, 988, 1001, 1001, 1001, 1001, 1500, 1500, 1500, 1500]} | 13:19:36.497691
{[1500, 1500, 988, 1499, 2011, 988, 988, 988, 1001, 1001, 1001, 1001, 1500, 1500, 1500, 1500]} | 13:19:36.502904
{[1500, 1500, 988, 1499, 2011, 988, 988, 988, 1001, 1001, 1001, 1001, 1500, 1500, 1500, 1500]} | 13:19:36.508434
{[1500, 1500, 988, 1499, 2011, 988, 988, 988, 1001, 1001, 1001, 1001, 1500, 1500, 1500, 1500]} | 13:19:36.513846
{[1500, 1500, 988, 1499, 2011, 988, 988, 988, 1001, 1001, 1001, 1001, 1500, 1500, 1500, 1500]} | 13:19:36.519102
{[1500, 1500, 988, 1499, 2011, 988, 988, 988, 1001, 1001, 1001, 1001, 1500, 1500, 1500, 1500]} | 13:19:36.524817
{[1500, 1500, 988, 1499, 2011, 988, 988, 988, 1001, 1001, 1001, 1001, 1500, 1500, 1500, 1500]} | 13:19:36.530193
{[1500, 1500, 988, 1499, 2011, 988, 988, 988, 1001, 1001, 1001, 1001, 1500, 1500, 1500, 1500]} | 13:19:36.535444
13:19:36.537697 ALT: 0.19
13:19:36.537778 ATT: [-21.3, 0.8, 3]
13:19:36.538060 ACC: [-7, -187, 478]
{[1500, 1500, 988, 1499, 2011, 988, 988, 988, 1001, 1001, 1001, 1001, 1500, 1500, 1500, 1500]} | 13:19:36.540880
{[1500, 1500, 988, 1499, 2011, 988, 988, 988, 1001, 1001, 1001, 1001, 1500, 1500, 1500, 1500]} | 13:19:36.546206
{[1500, 1500, 988, 1499, 2011, 988, 988, 988, 1001, 1001, 1001, 1001, 1500, 1500, 1500, 1500]} | 13:19:36.551370
{[1500, 1500, 988, 1499, 2011, 988, 988, 988, 1001, 1001, 1001, 1001, 1500, 1500, 1500, 1500]} | 13:19:36.556795
{[1500, 1500, 988, 1499, 2011, 988, 988, 988, 1001, 1001, 1001, 1001, 1500, 1500, 1500, 1500]} | 13:19:36.562301
{[1500, 1500, 988, 1499, 2011, 988, 988, 988, 1001, 1001, 1001, 1001, 1500, 1500, 1500, 1500]} | 13:19:36.567488
{[1500, 1500, 988, 1499, 2011, 988, 988, 988, 1001, 1001, 1001, 1001, 1500, 1500, 1500, 1500]} | 13:19:36.573061
{[1500, 1500, 988, 1499, 2011, 988, 988, 988, 1001, 1001, 1001, 1001, 1500, 1500, 1500, 1500]} | 13:19:36.578248
{[1500, 1500, 988, 1499, 2011, 988, 988, 988, 1001, 1001, 1001, 1001, 1500, 1500, 1500, 1500]} | 13:19:36.583430
13:19:36.585530 ALT: 0.19
13:19:36.585614 ATT: [-21.3, 0.8, 3]
13:19:36.585935 ACC: [-7, -187, 479]
{[1500, 1500, 988, 1499, 2011, 988, 988, 988, 1001, 1001, 1001, 1001, 1500, 1500, 1500, 1500]} | 13:19:36.589549
{[1500, 1500, 988, 1499, 2011, 988, 988, 988, 1001, 1001, 1001, 1001, 1500, 1500, 1500, 1500]} | 13:19:36.594744
{[1500, 1500, 988, 1499, 2011, 988, 988, 988, 1001, 1001, 1001, 1001, 1500, 1500, 1500, 1500]} | 13:19:36.599935
{[1500, 1500, 988, 1499, 2011, 988, 988, 988, 1001, 1001, 1001, 1001, 1500, 1500, 1500, 1500]} | 13:19:36.605184
{[1500, 1500, 988, 1499, 2011, 988, 988, 988, 1001, 1001, 1001, 1001, 1500, 1500, 1500, 1500]} | 13:19:36.610394
{[1500, 1500, 988, 1499, 2011, 988, 988, 988, 1001, 1001, 1001, 1001, 1500, 1500, 1500, 1500]} | 13:19:36.615579
{[1500, 1500, 988, 1499, 2011, 988, 988, 988, 1001, 1001, 1001, 1001, 1500, 1500, 1500, 1500]} | 13:19:36.621585
{[1500, 1500, 988, 1499, 2011, 988, 988, 988, 1001, 1001, 1001, 1001, 1500, 1500, 1500, 1500]} | 13:19:36.626784
[1500, 1500, 988, 1500, 2011, 988, 988, 988, 1001, 1001, 1001, 1001, 1500, 1500, 1500, 1500] | 13:19:36.628444
13:19:36.633557 ALT: 0.19
13:19:36.633674 ATT: [-21.3, 0.8, 3]
13:19:36.633959 ACC: [-7, -187, 479]
[1500, 1500, 988, 1500, 2011, 988, 988, 988, 1001, 1001, 1001, 1001, 1500, 1500, 1500, 1500] | 13:19:36.648866
[1500, 1500, 988, 1500, 2011, 988, 988, 988, 1001, 1001, 1001, 1001, 1500, 1500, 1500, 1500] | 13:19:36.668540
13:19:36.681517 ALT: 0.19
13:19:36.681605 ATT: [-21.3, 0.8, 3]
13:19:36.681843 ACC: [-7, -187, 479]
[1500, 1500, 988, 1500, 2011, 988, 988, 988, 1001, 1001, 1001, 1001, 1500, 1500, 1500, 1500] | 13:19:36.689424
[1499, 1500, 988, 1500, 2011, 988, 988, 988, 1001, 1001, 1001, 1001, 1500, 1500, 1500, 1500] | 13:19:36.709091
[1500, 1500, 988, 1500, 2011, 988, 988, 988, 1001, 1001, 1001, 1001, 1500, 1500, 1500, 1500] | 13:19:36.728575
13:19:36.729517 ALT: 0.19
13:19:36.729775 ATT: [-21.3, 0.8, 3]
13:19:36.730162 ACC: [-7, -187, 479]
[1499, 1500, 988, 1499, 2011, 988, 988, 988, 1001, 1001, 1001, 1001, 1500, 1500, 1500, 1500] | 13:19:36.748631
[1500, 1500, 988, 1500, 2011, 988, 988, 988, 1001, 1001, 1001, 1001, 1500, 1500, 1500, 1500] | 13:19:36.768566
13:19:36.777711 ALT: 0.19
13:19:36.777806 ATT: [-21.3, 0.8, 3]
13:19:36.778060 ACC: [-7, -187, 479]
[1499, 1500, 988, 1500, 2011, 988, 988, 988, 1001, 1001, 1001, 1001, 1500, 1500, 1500, 1500] | 13:19:36.789385
[1500, 1499, 988, 1500, 2011, 988, 988, 988, 1001, 1001, 1001, 1001, 1500, 1500, 1500, 1500] | 13:19:36.809192
13:19:36.825553 ALT: 0.19
13:19:36.825640 ATT: [-21.3, 0.8, 3]
13:19:36.825880 ACC: [-6, -187, 479]
[1500, 1500, 988, 1500, 2009, 988, 988, 988, 1001, 1001, 1001, 1001, 1500, 1500, 1500, 1500] | 13:19:36.828748
[1500, 1500, 988, 1499, 2011, 988, 988, 988, 1001, 1001, 1001, 1001, 1500, 1500, 1500, 1500] | 13:19:36.848664
[1500, 1500, 988, 1500, 2011, 988, 988, 988, 1001, 1001, 1001, 1001, 1500, 1500, 1500, 1500] | 13:19:36.868673
[1500, 1500, 988, 1500, 2011, 988, 988, 988, 1001, 1001, 1001, 1001, 1500, 1500, 1500, 1500] | 13:19:36.888684
13:19:36.889939 ALT: 0.19
13:19:36.890019 ATT: [-21.3, 0.8, 3]
13:19:36.890379 ACC: [-7, -187, 480]
[1499, 1500, 988, 1500, 2011, 988, 988, 988, 1001, 1001, 1001, 1001, 1500, 1500, 1500, 1500] | 13:19:36.908949
[1500, 1500, 988, 1500, 2011, 988, 988, 988, 1001, 1001, 1001, 1001, 1500, 1500, 1500, 1500] | 13:19:36.928613
13:19:36.937936 ALT: 0.19
13:19:36.938280 ATT: [-21.3, 0.8, 3]
13:19:36.938800 ACC: [-7, -187, 481]
[1500, 1499, 988, 1500, 2011, 988, 988, 988, 1001, 1001, 1001, 1001, 1500, 1500, 1500, 1500] | 13:19:36.952668
[1500, 1499, 988, 1500, 2011, 988, 988, 988, 1001, 1001, 1001, 1001, 1500, 1500, 1500, 1500] | 13:19:36.959238
[1500, 1499, 988, 1500, 2011, 988, 988, 988, 1001, 1001, 1001, 1001, 1500, 1500, 1500, 1500] | 13:19:36.965743
[1500, 1500, 988, 1500, 2011, 988, 988, 988, 1001, 1001, 1001, 1001, 1500, 1500, 1500, 1500] | 13:19:36.972985
[1500, 1500, 988, 1500, 2011, 988, 988, 988, 1001, 1001, 1001, 1001, 1500, 1500, 1500, 1500] | 13:19:36.979079
13:19:36.985481 ALT: 0.19
13:19:36.985571 ATT: [-21.3, 0.8, 3]
13:19:36.985833 ACC: [-7, -187, 479]
[1500, 1500, 988, 1500, 2011, 988, 988, 988, 1001, 1001, 1001, 1001, 1500, 1500, 1500, 1500] | 13:19:36.986514
[1499, 1499, 988, 1500, 2011, 988, 988, 988, 1001, 1001, 1001, 1001, 1500, 1500, 1500, 1500] | 13:19:36.993026
[1499, 1499, 988, 1500, 2011, 988, 988, 988, 1001, 1001, 1001, 1001, 1500, 1500, 1500, 1500] | 13:19:36.999161
[1499, 1499, 988, 1500, 2011, 988, 988, 988, 1001, 1001, 1001, 1001, 1500, 1500, 1500, 1500] | 13:19:37.006268
[1500, 1500, 988, 1500, 2011, 988, 988, 988, 1001, 1001, 1001, 1001, 1500, 1500, 1500, 1500] | 13:19:37.012520
[1500, 1500, 988, 1500, 2011, 988, 988, 988, 1001, 1001, 1001, 1001, 1500, 1500, 1500, 1500] | 13:19:37.019124
[1500, 1500, 988, 1500, 2011, 988, 988, 988, 1001, 1001, 1001, 1001, 1500, 1500, 1500, 1500] | 13:19:37.025755
[1499, 1500, 988, 1499, 2011, 988, 988, 988, 1001, 1001, 1001, 1001, 1500, 1500, 1500, 1500] | 13:19:37.032464
13:19:37.033561 ALT: 0.19
13:19:37.033642 ATT: [-21.3, 0.8, 3]
13:19:37.033904 ACC: [-8, -186, 479]
[1499, 1500, 988, 1499, 2011, 988, 988, 988, 1001, 1001, 1001, 1001, 1500, 1500, 1500, 1500] | 13:19:37.039360
[1499, 1500, 988, 1499, 2011, 988, 988, 988, 1001, 1001, 1001, 1001, 1500, 1500, 1500, 1500] | 13:19:37.045780
[1500, 1500, 988, 1500, 2011, 988, 988, 988, 1001, 1001, 1001, 1001, 1500, 1500, 1500, 1500] | 13:19:37.052543
[1500, 1500, 988, 1500, 2011, 988, 988, 988, 1001, 1001, 1001, 1001, 1500, 1500, 1500, 1500] | 13:19:37.059233
[1500, 1500, 988, 1500, 2011, 988, 988, 988, 1001, 1001, 1001, 1001, 1500, 1500, 1500, 1500] | 13:19:37.065891
[1500, 1500, 988, 1500, 2011, 988, 988, 988, 1001, 1001, 1001, 1001, 1500, 1500, 1500, 1500] | 13:19:37.072882
[1500, 1500, 988, 1500, 2011, 988, 988, 988, 1001, 1001, 1001, 1001, 1500, 1500, 1500, 1500] | 13:19:37.079102
13:19:37.081695 ALT: 0.19
13:19:37.081778 ATT: [-21.3, 0.8, 3]
13:19:37.082084 ACC: [-7, -187, 481]
[1500, 1500, 988, 1500, 2011, 988, 988, 988, 1001, 1001, 1001, 1001, 1500, 1500, 1500, 1500] | 13:19:37.085845
[1500, 1500, 988, 1499, 2011, 988, 988, 988, 1001, 1001, 1001, 1001, 1500, 1500, 1500, 1500] | 13:19:37.092817
[1500, 1500, 988, 1499, 2011, 988, 988, 988, 1001, 1001, 1001, 1001, 1500, 1500, 1500, 1500] | 13:19:37.099104
[1500, 1500, 988, 1499, 2011, 988, 988, 988, 1001, 1001, 1001, 1001, 1500, 1500, 1500, 1500] | 13:19:37.106406
[1500, 1500, 988, 1500, 2011, 988, 988, 988, 1001, 1001, 1001, 1001, 1500, 1500, 1500, 1500] | 13:19:37.112537
[1500, 1500, 988, 1500, 2011, 988, 988, 988, 1001, 1001, 1001, 1001, 1500, 1500, 1500, 1500] | 13:19:37.119148
[1500, 1500, 988, 1500, 2011, 988, 988, 988, 1001, 1001, 1001, 1001, 1500, 1500, 1500, 1500] | 13:19:37.125780
13:19:37.129595 ALT: 0.19
13:19:37.129686 ATT: [-21.3, 0.8, 3]
13:19:37.129956 ACC: [-7, -186, 480]
[1500, 1500, 988, 1500, 2011, 988, 988, 988, 1001, 1001, 1001, 1001, 1500, 1500, 1500, 1500] | 13:19:37.132531
[1500, 1500, 988, 1500, 2011, 988, 988, 988, 1001, 1001, 1001, 1001, 1500, 1500, 1500, 1500] | 13:19:37.139272
[1500, 1500, 988, 1500, 2011, 988, 988, 988, 1001, 1001, 1001, 1001, 1500, 1500, 1500, 1500] | 13:19:37.146177
[1500, 1500, 988, 1500, 2011, 988, 988, 988, 1001, 1001, 1001, 1001, 1500, 1500, 1500, 1500] | 13:19:37.152511
[1500, 1500, 988, 1500, 2011, 988, 988, 988, 1001, 1001, 1001, 1001, 1500, 1500, 1500, 1500] | 13:19:37.159207
[1500, 1500, 988, 1500, 2011, 988, 988, 988, 1001, 1001, 1001, 1001, 1500, 1500, 1500, 1500] | 13:19:37.165716
[1500, 1500, 988, 1500, 2011, 988, 988, 988, 1001, 1001, 1001, 1001, 1500, 1500, 1500, 1500] | 13:19:37.172980
13:19:37.177828 ALT: 0.19
13:19:37.177922 ATT: [-21.3, 0.8, 3]
13:19:37.178202 ACC: [-7, -188, 479]
[1500, 1500, 988, 1500, 2011, 988, 988, 988, 1001, 1001, 1001, 1001, 1500, 1500, 1500, 1500] | 13:19:37.179193
[1500, 1500, 988, 1500, 2011, 988, 988, 988, 1001, 1001, 1001, 1001, 1500, 1500, 1500, 1500] | 13:19:37.185764
[1500, 1500, 988, 1500, 2011, 988, 988, 988, 1001, 1001, 1001, 1001, 1500, 1500, 1500, 1500] | 13:19:37.192853
[1500, 1500, 988, 1500, 2011, 988, 988, 988, 1001, 1001, 1001, 1001, 1500, 1500, 1500, 1500] | 13:19:37.199136
[1500, 1500, 988, 1500, 2011, 988, 988, 988, 1001, 1001, 1001, 1001, 1500, 1500, 1500, 1500] | 13:19:37.206263
[1500, 1500, 988, 1500, 2011, 988, 988, 988, 1001, 1001, 1001, 1001, 1500, 1500, 1500, 1500] | 13:19:37.212596
[1500, 1500, 988, 1500, 2011, 988, 988, 988, 1001, 1001, 1001, 1001, 1500, 1500, 1500, 1500] | 13:19:37.219276
13:19:37.225888 ALT: 0.19
13:19:37.226164 ATT: [-21.3, 0.8, 3]
13:19:37.226527 ACC: [-8, -187, 479]
[1500, 1500, 988, 1500, 2011, 988, 988, 988, 1001, 1001, 1001, 1001, 1500, 1500, 1500, 1500] | 13:19:37.227270
[1500, 1500, 988, 1500, 2011, 988, 988, 988, 1001, 1001, 1001, 1001, 1500, 1500, 1500, 1500] | 13:19:37.232621
[1500, 1500, 988, 1500, 2011, 988, 988, 988, 1001, 1001, 1001, 1001, 1500, 1500, 1500, 1500] | 13:19:37.239259
[1500, 1500, 988, 1500, 2011, 988, 988, 988, 1001, 1001, 1001, 1001, 1500, 1500, 1500, 1500] | 13:19:37.245784
[1500, 1500, 988, 1500, 2011, 988, 988, 988, 1001, 1001, 1001, 1001, 1500, 1500, 1500, 1500] | 13:19:37.252607
[1500, 1500, 988, 1500, 2011, 988, 988, 988, 1001, 1001, 1001, 1001, 1500, 1500, 1500, 1500] | 13:19:37.259313
[1500, 1500, 988, 1500, 2011, 988, 988, 988, 1001, 1001, 1001, 1001, 1500, 1500, 1500, 1500] | 13:19:37.265758
[1500, 1500, 988, 1500, 2011, 988, 988, 988, 1001, 1001, 1001, 1001, 1500, 1500, 1500, 1500] | 13:19:37.272647
13:19:37.274277 ALT: 0.19
13:19:37.274654 ATT: [-21.3, 0.8, 3]
13:19:37.275103 ACC: [-7, -186, 480]
[1500, 1500, 988, 1500, 2011, 988, 988, 988, 1001, 1001, 1001, 1001, 1500, 1500, 1500, 1500] | 13:19:37.279205
[1500, 1500, 988, 1500, 2011, 988, 988, 988, 1001, 1001, 1001, 1001, 1500, 1500, 1500, 1500] | 13:19:37.285850
[1499, 1500, 988, 1500, 2011, 988, 988, 988, 1001, 1001, 1001, 1001, 1500, 1500, 1500, 1500] | 13:19:37.292739
[1499, 1500, 988, 1500, 2011, 988, 988, 988, 1001, 1001, 1001, 1001, 1500, 1500, 1500, 1500] | 13:19:37.299110
[1499, 1500, 988, 1500, 2011, 988, 988, 988, 1001, 1001, 1001, 1001, 1500, 1500, 1500, 1500] | 13:19:37.307180
[1499, 1500, 988, 1500, 2011, 988, 988, 988, 1001, 1001, 1001, 1001, 1500, 1500, 1500, 1500] | 13:19:37.312628
[1499, 1500, 988, 1500, 2011, 988, 988, 988, 1001, 1001, 1001, 1001, 1500, 1500, 1500, 1500] | 13:19:37.319451
13:19:37.322050 ALT: 0.19
13:19:37.322154 ATT: [-21.3, 0.8, 3]
13:19:37.322522 ACC: [-8, -187, 481]
[1499, 1500, 988, 1500, 2011, 988, 988, 988, 1001, 1001, 1001, 1001, 1500, 1500, 1500, 1500] | 13:19:37.325866
[1499, 1500, 988, 1499, 2011, 988, 988, 988, 1001, 1001, 1001, 1001, 1500, 1500, 1500, 1500] | 13:19:37.332644
[1499, 1500, 988, 1499, 2011, 988, 988, 988, 1001, 1001, 1001, 1001, 1500, 1500, 1500, 1500] | 13:19:37.339775
[1499, 1500, 988, 1499, 2011, 988, 988, 988, 1001, 1001, 1001, 1001, 1500, 1500, 1500, 1500] | 13:19:37.345850
[1500, 1500, 988, 1499, 2011, 988, 988, 988, 1001, 1001, 1001, 1001, 1500, 1500, 1500, 1500] | 13:19:37.352565
[1500, 1500, 988, 1499, 2011, 988, 988, 988, 1001, 1001, 1001, 1001, 1500, 1500, 1500, 1500] | 13:19:37.359256
[1500, 1500, 988, 1499, 2011, 988, 988, 988, 1001, 1001, 1001, 1001, 1500, 1500, 1500, 1500] | 13:19:37.365831
13:19:37.369600 ALT: 0.19
13:19:37.369685 ATT: [-21.3, 0.8, 3]
13:19:37.369958 ACC: [-7, -186, 480]
[1500, 1500, 988, 1500, 2011, 988, 988, 988, 1001, 1001, 1001, 1001, 1500, 1500, 1500, 1500] | 13:19:37.372887
[1500, 1500, 988, 1500, 2011, 988, 988, 988, 1001, 1001, 1001, 1001, 1500, 1500, 1500, 1500] | 13:19:37.379118
[1500, 1500, 988, 1500, 2011, 988, 988, 988, 1001, 1001, 1001, 1001, 1500, 1500, 1500, 1500] | 13:19:37.385867
[1500, 1500, 988, 1499, 2011, 988, 988, 988, 1001, 1001, 1001, 1001, 1500, 1500, 1500, 1500] | 13:19:37.393240
[1500, 1500, 988, 1499, 2011, 988, 988, 988, 1001, 1001, 1001, 1001, 1500, 1500, 1500, 1500] | 13:19:37.399127
[1500, 1500, 988, 1499, 2011, 988, 988, 988, 1001, 1001, 1001, 1001, 1500, 1500, 1500, 1500] | 13:19:37.406247
[1500, 1500, 988, 1500, 2011, 988, 988, 988, 1001, 1001, 1001, 1001, 1500, 1500, 1500, 1500] | 13:19:37.412610
13:19:37.417653 ALT: 0.19
13:19:37.417748 ATT: [-21.3, 0.9, 3]
13:19:37.418028 ACC: [-7, -188, 479]
[1500, 1500, 988, 1500, 2011, 988, 988, 988, 1001, 1001, 1001, 1001, 1500, 1500, 1500, 1500] | 13:19:37.419223
[1500, 1500, 988, 1500, 2011, 988, 988, 988, 1001, 1001, 1001, 1001, 1500, 1500, 1500, 1500] | 13:19:37.425795
[1500, 1500, 988, 1500, 2011, 988, 988, 988, 1001, 1001, 1001, 1001, 1500, 1500, 1500, 1500] | 13:19:37.432484
[1500, 1500, 988, 1500, 2011, 988, 988, 988, 1001, 1001, 1001, 1001, 1500, 1500, 1500, 1500] | 13:19:37.439298
[1500, 1500, 988, 1500, 2011, 988, 988, 988, 1001, 1001, 1001, 1001, 1500, 1500, 1500, 1500] | 13:19:37.445771
[1500, 1500, 988, 1500, 2011, 988, 988, 988, 1001, 1001, 1001, 1001, 1500, 1500, 1500, 1500] | 13:19:37.452458
[1500, 1500, 988, 1500, 2011, 988, 988, 988, 1001, 1001, 1001, 1001, 1500, 1500, 1500, 1500] | 13:19:37.459224
[1500, 1500, 988, 1500, 2011, 988, 988, 988, 1001, 1001, 1001, 1001, 1500, 1500, 1500, 1500] | 13:19:37.465865
13:19:37.466015 ALT: 0.19
13:19:37.466056 ATT: [-21.3, 0.9, 3]
13:19:37.466248 ACC: [-7, -187, 479]
[1500, 1500, 988, 1500, 2011, 988, 988, 988, 1001, 1001, 1001, 1001, 1500, 1500, 1500, 1500] | 13:19:37.473551
[1500, 1500, 988, 1500, 2011, 988, 988, 988, 1001, 1001, 1001, 1001, 1500, 1500, 1500, 1500] | 13:19:37.479107
[1500, 1500, 988, 1500, 2011, 988, 988, 988, 1001, 1001, 1001, 1001, 1500, 1500, 1500, 1500] | 13:19:37.485768
[1500, 1500, 988, 1500, 2011, 988, 988, 988, 1001, 1001, 1001, 1001, 1500, 1500, 1500, 1500] | 13:19:37.493235
[1500, 1500, 988, 1500, 2011, 988, 988, 988, 1001, 1001, 1001, 1001, 1500, 1500, 1500, 1500] | 13:19:37.499163
[1500, 1500, 988, 1500, 2011, 988, 988, 988, 1001, 1001, 1001, 1001, 1500, 1500, 1500, 1500] | 13:19:37.506223
[1500, 1500, 988, 1500, 2011, 988, 988, 988, 1001, 1001, 1001, 1001, 1500, 1500, 1500, 1500] | 13:19:37.512666
13:19:37.513663 ALT: 0.19
13:19:37.513818 ATT: [-21.3, 0.8, 3]
13:19:37.514277 ACC: [-7, -187, 480]
[1500, 1500, 988, 1500, 2011, 988, 988, 988, 1001, 1001, 1001, 1001, 1500, 1500, 1500, 1500] | 13:19:37.519375
[1500, 1500, 988, 1500, 2011, 988, 988, 988, 1001, 1001, 1001, 1001, 1500, 1500, 1500, 1500] | 13:19:37.526157
[1500, 1499, 988, 1500, 2011, 988, 988, 988, 1001, 1001, 1001, 1001, 1500, 1500, 1500, 1500] | 13:19:37.532479
[1500, 1499, 988, 1500, 2011, 988, 988, 988, 1001, 1001, 1001, 1001, 1500, 1500, 1500, 1500] | 13:19:37.539241
[1500, 1499, 988, 1500, 2011, 988, 988, 988, 1001, 1001, 1001, 1001, 1500, 1500, 1500, 1500] | 13:19:37.546063
[1500, 1499, 988, 1500, 2011, 988, 988, 988, 1001, 1001, 1001, 1001, 1500, 1500, 1500, 1500] | 13:19:37.552481
[1500, 1499, 988, 1500, 2011, 988, 988, 988, 1001, 1001, 1001, 1001, 1500, 1500, 1500, 1500] | 13:19:37.559237
13:19:37.561701 ALT: 0.19
13:19:37.561788 ATT: [-21.3, 0.9, 3]
13:19:37.562036 ACC: [-7, -187, 479]
[1500, 1499, 988, 1500, 2011, 988, 988, 988, 1001, 1001, 1001, 1001, 1500, 1500, 1500, 1500] | 13:19:37.565847
[1499, 1500, 988, 1500, 2011, 988, 988, 988, 1001, 1001, 1001, 1001, 1500, 1500, 1500, 1500] | 13:19:37.572661
[1499, 1500, 988, 1500, 2011, 988, 988, 988, 1001, 1001, 1001, 1001, 1500, 1500, 1500, 1500] | 13:19:37.579119
[1499, 1500, 988, 1500, 2011, 988, 988, 988, 1001, 1001, 1001, 1001, 1500, 1500, 1500, 1500] | 13:19:37.585777
[1500, 1500, 988, 1500, 2011, 988, 988, 988, 1001, 1001, 1001, 1001, 1500, 1500, 1500, 1500] | 13:19:37.593206
[1500, 1500, 988, 1500, 2011, 988, 988, 988, 1001, 1001, 1001, 1001, 1500, 1500, 1500, 1500] | 13:19:37.599153
[1500, 1500, 988, 1500, 2011, 988, 988, 988, 1001, 1001, 1001, 1001, 1500, 1500, 1500, 1500] | 13:19:37.606339
13:19:37.609727 ALT: 0.19
13:19:37.609815 ATT: [-21.3, 0.8, 3]
13:19:37.610109 ACC: [-7, -187, 480]
[1500, 1500, 988, 1499, 2011, 988, 988, 988, 1001, 1001, 1001, 1001, 1500, 1500, 1500, 1500] | 13:19:37.612517
[1500, 1500, 988, 1499, 2011, 988, 988, 988, 1001, 1001, 1001, 1001, 1500, 1500, 1500, 1500] | 13:19:37.619176
[1500, 1500, 988, 1499, 2011, 988, 988, 988, 1001, 1001, 1001, 1001, 1500, 1500, 1500, 1500] | 13:19:37.626143
[1500, 1500, 988, 1500, 2011, 988, 988, 988, 1001, 1001, 1001, 1001, 1500, 1500, 1500, 1500] | 13:19:37.632475
[1500, 1500, 988, 1500, 2011, 988, 988, 988, 1001, 1001, 1001, 1001, 1500, 1500, 1500, 1500] | 13:19:37.639215
[1500, 1500, 988, 1500, 2011, 988, 988, 988, 1001, 1001, 1001, 1001, 1500, 1500, 1500, 1500] | 13:19:37.645793
[1500, 1500, 988, 1500, 2011, 988, 988, 988, 1001, 1001, 1001, 1001, 1500, 1500, 1500, 1500] | 13:19:37.652514
13:19:37.658029 ALT: 0.19
13:19:37.658384 ATT: [-21.3, 0.8, 3]
13:19:37.658967 ACC: [-8, -187, 479]
[1500, 1500, 988, 1500, 2011, 988, 988, 988, 1001, 1001, 1001, 1001, 1500, 1500, 1500, 1500] | 13:19:37.660253
[1500, 1500, 988, 1500, 2011, 988, 988, 988, 1001, 1001, 1001, 1001, 1500, 1500, 1500, 1500] | 13:19:37.665901
[1500, 1500, 988, 1500, 2011, 988, 988, 988, 1001, 1001, 1001, 1001, 1500, 1500, 1500, 1500] | 13:19:37.672710
[1500, 1500, 988, 1500, 2011, 988, 988, 988, 1001, 1001, 1001, 1001, 1500, 1500, 1500, 1500] | 13:19:37.679147
[1500, 1500, 988, 1500, 2011, 988, 988, 988, 1001, 1001, 1001, 1001, 1500, 1500, 1500, 1500] | 13:19:37.685773
[1499, 1500, 988, 1500, 2011, 988, 988, 988, 1001, 1001, 1001, 1001, 1500, 1500, 1500, 1500] | 13:19:37.692592
[1499, 1500, 988, 1500, 2011, 988, 988, 988, 1001, 1001, 1001, 1001, 1500, 1500, 1500, 1500] | 13:19:37.699336
[1499, 1500, 988, 1500, 2011, 988, 988, 988, 1001, 1001, 1001, 1001, 1500, 1500, 1500, 1500] | 13:19:37.706805
13:19:37.707133 ALT: 0.19
13:19:37.707215 ATT: [-21.3, 0.8, 2]
13:19:37.707595 ACC: [-8, -186, 480]
[1500, 1500, 988, 1500, 2011, 988, 988, 988, 1001, 1001, 1001, 1001, 1500, 1500, 1500, 1500] | 13:19:37.712565
[1500, 1500, 988, 1500, 2011, 988, 988, 988, 1001, 1001, 1001, 1001, 1500, 1500, 1500, 1500] | 13:19:37.719174
[1500, 1500, 988, 1500, 2011, 988, 988, 988, 1001, 1001, 1001, 1001, 1500, 1500, 1500, 1500] | 13:19:37.725989
[1500, 1500, 988, 1500, 2011, 988, 988, 988, 1001, 1001, 1001, 1001, 1500, 1500, 1500, 1500] | 13:19:37.732579
[1500, 1500, 988, 1500, 2011, 988, 988, 988, 1001, 1001, 1001, 1001, 1500, 1500, 1500, 1500] | 13:19:37.739554
[1500, 1500, 988, 1500, 2011, 988, 988, 988, 1001, 1001, 1001, 1001, 1500, 1500, 1500, 1500] | 13:19:37.745755
[1499, 1500, 988, 1500, 2011, 988, 988, 988, 1001, 1001, 1001, 1001, 1500, 1500, 1500, 1500] | 13:19:37.752508
13:19:37.753668 ALT: 0.19
13:19:37.753751 ATT: [-21.3, 0.8, 2]
13:19:37.754021 ACC: [-7, -186, 480]
[1499, 1500, 988, 1500, 2011, 988, 988, 988, 1001, 1001, 1001, 1001, 1500, 1500, 1500, 1500] | 13:19:37.759389
[1499, 1500, 988, 1500, 2011, 988, 988, 988, 1001, 1001, 1001, 1001, 1500, 1500, 1500, 1500] | 13:19:37.765785
[1500, 1500, 988, 1500, 2011, 988, 988, 988, 1001, 1001, 1001, 1001, 1500, 1500, 1500, 1500] | 13:19:37.772697
[1500, 1500, 988, 1500, 2011, 988, 988, 988, 1001, 1001, 1001, 1001, 1500, 1500, 1500, 1500] | 13:19:37.779099
[1500, 1500, 988, 1500, 2011, 988, 988, 988, 1001, 1001, 1001, 1001, 1500, 1500, 1500, 1500] | 13:19:37.785869
[1500, 1500, 988, 1500, 2011, 988, 988, 988, 1001, 1001, 1001, 1001, 1500, 1500, 1500, 1500] | 13:19:37.793013
[1500, 1500, 988, 1500, 2011, 988, 988, 988, 1001, 1001, 1001, 1001, 1500, 1500, 1500, 1500] | 13:19:37.799147
13:19:37.801741 ALT: 0.19
13:19:37.801823 ATT: [-21.3, 0.8, 2]
13:19:37.802082 ACC: [-7, -187, 480]
[1500, 1500, 988, 1500, 2011, 988, 988, 988, 1001, 1001, 1001, 1001, 1500, 1500, 1500, 1500] | 13:19:37.806576
[1500, 1500, 988, 1499, 2011, 988, 988, 988, 1001, 1001, 1001, 1001, 1500, 1500, 1500, 1500] | 13:19:37.812534
[1500, 1500, 988, 1499, 2011, 988, 988, 988, 1001, 1001, 1001, 1001, 1500, 1500, 1500, 1500] | 13:19:37.819162
[1500, 1500, 988, 1499, 2011, 988, 988, 988, 1001, 1001, 1001, 1001, 1500, 1500, 1500, 1500] | 13:19:37.825896
[1500, 1499, 988, 1500, 2011, 988, 988, 988, 1001, 1001, 1001, 1001, 1500, 1500, 1500, 1500] | 13:19:37.832498
[1500, 1499, 988, 1500, 2011, 988, 988, 988, 1001, 1001, 1001, 1001, 1500, 1500, 1500, 1500] | 13:19:37.839254
[1500, 1499, 988, 1500, 2011, 988, 988, 988, 1001, 1001, 1001, 1001, 1500, 1500, 1500, 1500] | 13:19:37.845864
13:19:37.849629 ALT: 0.19
13:19:37.849722 ATT: [-21.3, 0.8, 2]
13:19:37.850000 ACC: [-6, -187, 480]
[1500, 1499, 988, 1500, 2011, 988, 988, 988, 1001, 1001, 1001, 1001, 1500, 1500, 1500, 1500] | 13:19:37.852720
[1500, 1499, 988, 1500, 2011, 988, 988, 988, 1001, 1001, 1001, 1001, 1500, 1500, 1500, 1500] | 13:19:37.859096
[1500, 1499, 988, 1500, 2011, 988, 988, 988, 1001, 1001, 1001, 1001, 1500, 1500, 1500, 1500] | 13:19:37.865892
[1500, 1500, 988, 1500, 2011, 988, 988, 988, 1001, 1001, 1001, 1001, 1500, 1500, 1500, 1500] | 13:19:37.872599
[1500, 1500, 988, 1500, 2011, 988, 988, 988, 1001, 1001, 1001, 1001, 1500, 1500, 1500, 1500] | 13:19:37.879092
[1500, 1500, 988, 1500, 2011, 988, 988, 988, 1001, 1001, 1001, 1001, 1500, 1500, 1500, 1500] | 13:19:37.885774
[1499, 1500, 988, 1500, 2011, 988, 988, 988, 1001, 1001, 1001, 1001, 1500, 1500, 1500, 1500] | 13:19:37.892628
13:19:37.897756 ALT: 0.19
13:19:37.897920 ATT: [-21.3, 0.8, 2]
13:19:37.898503 ACC: [-6, -188, 481]
[1499, 1500, 988, 1500, 2011, 988, 988, 988, 1001, 1001, 1001, 1001, 1500, 1500, 1500, 1500] | 13:19:37.899718
[1499, 1500, 988, 1500, 2011, 988, 988, 988, 1001, 1001, 1001, 1001, 1500, 1500, 1500, 1500] | 13:19:37.906390
[1500, 1500, 988, 1500, 2011, 988, 988, 988, 1001, 1001, 1001, 1001, 1500, 1500, 1500, 1500] | 13:19:37.912529
[1500, 1500, 988, 1500, 2011, 988, 988, 988, 1001, 1001, 1001, 1001, 1500, 1500, 1500, 1500] | 13:19:37.919241
[1500, 1500, 988, 1500, 2011, 988, 988, 988, 1001, 1001, 1001, 1001, 1500, 1500, 1500, 1500] | 13:19:37.925879
[1500, 1500, 988, 1500, 2011, 988, 988, 988, 1001, 1001, 1001, 1001, 1500, 1500, 1500, 1500] | 13:19:37.932532
[1500, 1500, 988, 1500, 2011, 988, 988, 988, 1001, 1001, 1001, 1001, 1500, 1500, 1500, 1500] | 13:19:37.939235
[1500, 1500, 988, 1500, 2011, 988, 988, 988, 1001, 1001, 1001, 1001, 1500, 1500, 1500, 1500] | 13:19:37.945817
13:19:37.945989 ALT: 0.19
13:19:37.946035 ATT: [-21.3, 0.9, 2]
13:19:37.946269 ACC: [-6, -186, 479]
[1500, 1500, 988, 1500, 2011, 988, 988, 988, 1001, 1001, 1001, 1001, 1500, 1500, 1500, 1500] | 13:19:37.952680
[1500, 1500, 988, 1500, 2011, 988, 988, 988, 1001, 1001, 1001, 1001, 1500, 1500, 1500, 1500] | 13:19:37.959121
[1500, 1500, 988, 1500, 2011, 988, 988, 988, 1001, 1001, 1001, 1001, 1500, 1500, 1500, 1500] | 13:19:37.965817
[1500, 1499, 988, 1500, 2011, 988, 988, 988, 1001, 1001, 1001, 1001, 1500, 1500, 1500, 1500] | 13:19:37.972584
[1500, 1499, 988, 1500, 2011, 988, 988, 988, 1001, 1001, 1001, 1001, 1500, 1500, 1500, 1500] | 13:19:37.979104
[1500, 1499, 988, 1500, 2011, 988, 988, 988, 1001, 1001, 1001, 1001, 1500, 1500, 1500, 1500] | 13:19:37.985790
[1500, 1500, 988, 1500, 2011, 988, 988, 988, 1001, 1001, 1001, 1001, 1500, 1500, 1500, 1500] | 13:19:37.992796
13:19:37.993713 ALT: 0.19
13:19:37.993809 ATT: [-21.3, 0.9, 2]
13:19:37.994116 ACC: [-7, -187, 479]
[1500, 1500, 988, 1500, 2011, 988, 988, 988, 1001, 1001, 1001, 1001, 1500, 1500, 1500, 1500] | 13:19:37.999304
[1500, 1500, 988, 1500, 2011, 988, 988, 988, 1001, 1001, 1001, 1001, 1500, 1500, 1500, 1500] | 13:19:38.006505
[1500, 1500, 988, 1500, 2011, 988, 988, 988, 1001, 1001, 1001, 1001, 1500, 1500, 1500, 1500] | 13:19:38.012498
[1500, 1500, 988, 1500, 2011, 988, 988, 988, 1001, 1001, 1001, 1001, 1500, 1500, 1500, 1500] | 13:19:38.019269
[1500, 1500, 988, 1500, 2011, 988, 988, 988, 1001, 1001, 1001, 1001, 1500, 1500, 1500, 1500] | 13:19:38.025926
[1499, 1500, 988, 1500, 2011, 988, 988, 988, 1001, 1001, 1001, 1001, 1500, 1500, 1500, 1500] | 13:19:38.032537
[1499, 1500, 988, 1500, 2011, 988, 988, 988, 1001, 1001, 1001, 1001, 1500, 1500, 1500, 1500] | 13:19:38.039291
13:19:38.041770 ALT: 0.19
13:19:38.041864 ATT: [-21.3, 0.9, 2]
13:19:38.042145 ACC: [-6, -187, 479]
[1499, 1500, 988, 1500, 2011, 988, 988, 988, 1001, 1001, 1001, 1001, 1500, 1500, 1500, 1500] | 13:19:38.045978
[1500, 1500, 988, 1500, 2011, 988, 988, 988, 1001, 1001, 1001, 1001, 1500, 1500, 1500, 1500] | 13:19:38.052626
[1500, 1500, 988, 1500, 2011, 988, 988, 988, 1001, 1001, 1001, 1001, 1500, 1500, 1500, 1500] | 13:19:38.059088
[1500, 1500, 988, 1500, 2011, 988, 988, 988, 1001, 1001, 1001, 1001, 1500, 1500, 1500, 1500] | 13:19:38.065909
[1500, 1500, 988, 1500, 2011, 988, 988, 988, 1001, 1001, 1001, 1001, 1500, 1500, 1500, 1500] | 13:19:38.072566
[1500, 1500, 988, 1500, 2011, 988, 988, 988, 1001, 1001, 1001, 1001, 1500, 1500, 1500, 1500] | 13:19:38.079130
[1500, 1500, 988, 1500, 2011, 988, 988, 988, 1001, 1001, 1001, 1001, 1500, 1500, 1500, 1500] | 13:19:38.085804
13:19:38.090281 ALT: 0.19
13:19:38.090649 ATT: [-21.3, 0.9, 2]
13:19:38.091095 ACC: [-6, -186, 479]
[1500, 1499, 988, 1499, 2011, 988, 988, 988, 1001, 1001, 1001, 1001, 1500, 1500, 1500, 1500] | 13:19:38.092758
[1500, 1499, 988, 1499, 2011, 988, 988, 988, 1001, 1001, 1001, 1001, 1500, 1500, 1500, 1500] | 13:19:38.099318
[1500, 1499, 988, 1499, 2011, 988, 988, 988, 1001, 1001, 1001, 1001, 1500, 1500, 1500, 1500] | 13:19:38.106052
[1500, 1500, 988, 1500, 2011, 988, 988, 988, 1001, 1001, 1001, 1001, 1500, 1500, 1500, 1500] | 13:19:38.112486
[1500, 1500, 988, 1500, 2011, 988, 988, 988, 1001, 1001, 1001, 1001, 1500, 1500, 1500, 1500] | 13:19:38.119167
[1500, 1500, 988, 1500, 2011, 988, 988, 988, 1001, 1001, 1001, 1001, 1500, 1500, 1500, 1500] | 13:19:38.125883
[1500, 1500, 988, 1499, 2011, 988, 988, 988, 1001, 1001, 1001, 1001, 1500, 1500, 1500, 1500] | 13:19:38.132618
13:19:38.138041 ALT: 0.19
13:19:38.138123 ATT: [-21.3, 0.9, 2]
13:19:38.138403 ACC: [-8, -187, 479]
[1500, 1500, 988, 1499, 2011, 988, 988, 988, 1001, 1001, 1001, 1001, 1500, 1500, 1500, 1500] | 13:19:38.140558
[1500, 1500, 988, 1499, 2011, 988, 988, 988, 1001, 1001, 1001, 1001, 1500, 1500, 1500, 1500] | 13:19:38.145856
[1500, 1500, 988, 1500, 2011, 988, 988, 988, 1001, 1001, 1001, 1001, 1500, 1500, 1500, 1500] | 13:19:38.152666
[1500, 1500, 988, 1500, 2012, 986, 988, 988, 1001, 1001, 1001, 1001, 1500, 1500, 1500, 1500] | 13:19:38.159432
[1500, 1500, 988, 1500, 2012, 986, 988, 988, 1001, 1001, 1001, 1001, 1500, 1500, 1500, 1500] | 13:19:38.166055
[1500, 1500, 988, 1500, 2012, 986, 988, 988, 1001, 1001, 1001, 1001, 1500, 1500, 1500, 1500] | 13:19:38.173665
[1500, 1500, 988, 1500, 2011, 988, 988, 988, 1001, 1001, 1001, 1001, 1500, 1500, 1500, 1500] | 13:19:38.185665
[1500, 1500, 988, 1500, 2011, 988, 988, 988, 1001, 1001, 1001, 1001, 1500, 1500, 1500, 1500] | 13:19:38.186168
13:19:38.186328 ALT: 0.19
13:19:38.186377 ATT: [-21.3, 0.9, 2]
13:19:38.186686 ACC: [-7, -186, 480]
[1500, 1500, 988, 1500, 2011, 988, 988, 988, 1001, 1001, 1001, 1001, 1500, 1500, 1500, 1500] | 13:19:38.192736
[1500, 1500, 988, 1500, 2011, 988, 988, 988, 1001, 1001, 1001, 1001, 1500, 1500, 1500, 1500] | 13:19:38.199554
[1500, 1500, 988, 1500, 2011, 988, 988, 988, 1001, 1001, 1001, 1001, 1500, 1500, 1500, 1500] | 13:19:38.206118
[1500, 1500, 988, 1500, 2011, 988, 988, 988, 1001, 1001, 1001, 1001, 1500, 1500, 1500, 1500] | 13:19:38.212542
[1500, 1500, 988, 1500, 2011, 988, 988, 988, 1001, 1001, 1001, 1001, 1500, 1500, 1500, 1500] | 13:19:38.219238
[1500, 1500, 988, 1500, 2011, 988, 988, 988, 1001, 1001, 1001, 1001, 1500, 1500, 1500, 1500] | 13:19:38.225772
[1499, 1500, 988, 1500, 2011, 988, 988, 988, 1001, 1001, 1001, 1001, 1500, 1500, 1500, 1500] | 13:19:38.232619
13:19:38.233709 ALT: 0.19
13:19:38.233795 ATT: [-21.3, 0.9, 2]
13:19:38.234110 ACC: [-7, -187, 480]
[1499, 1500, 988, 1500, 2011, 988, 988, 988, 1001, 1001, 1001, 1001, 1500, 1500, 1500, 1500] | 13:19:38.239368
[1499, 1500, 988, 1500, 2011, 988, 988, 988, 1001, 1001, 1001, 1001, 1500, 1500, 1500, 1500] | 13:19:38.245824
[1500, 1500, 988, 1500, 2011, 988, 988, 988, 1001, 1001, 1001, 1001, 1500, 1500, 1500, 1500] | 13:19:38.252563
[1500, 1500, 988, 1500, 2011, 988, 988, 988, 1001, 1001, 1001, 1001, 1500, 1500, 1500, 1500] | 13:19:38.259133
[1500, 1500, 988, 1500, 2011, 988, 988, 988, 1001, 1001, 1001, 1001, 1500, 1500, 1500, 1500] | 13:19:38.265929
[1500, 1500, 988, 1500, 2011, 988, 988, 988, 1001, 1001, 1001, 1001, 1500, 1500, 1500, 1500] | 13:19:38.272566
[1500, 1500, 988, 1500, 2011, 988, 988, 988, 1001, 1001, 1001, 1001, 1500, 1500, 1500, 1500] | 13:19:38.279121
13:19:38.281800 ALT: 0.19
13:19:38.282043 ATT: [-21.3, 0.9, 2]
13:19:38.282562 ACC: [-7, -188, 480]
[1500, 1500, 988, 1500, 2011, 988, 988, 988, 1001, 1001, 1001, 1001, 1500, 1500, 1500, 1500] | 13:19:38.285928
[1499, 1500, 988, 1500, 2011, 988, 988, 988, 1001, 1001, 1001, 1001, 1500, 1500, 1500, 1500] | 13:19:38.292980
[1499, 1500, 988, 1500, 2012, 986, 988, 988, 1001, 1001, 1001, 1001, 1500, 1500, 1500, 1500] | 13:19:38.299275
[1499, 1500, 988, 1500, 2012, 986, 988, 988, 1001, 1001, 1001, 1001, 1500, 1500, 1500, 1500] | 13:19:38.306620
[1500, 1500, 988, 1500, 2012, 986, 988, 988, 1001, 1001, 1001, 1001, 1500, 1500, 1500, 1500] | 13:19:38.312509
[1500, 1500, 988, 1500, 2011, 988, 988, 988, 1001, 1001, 1001, 1001, 1500, 1500, 1500, 1500] | 13:19:38.319184
[1500, 1500, 988, 1500, 2011, 988, 988, 988, 1001, 1001, 1001, 1001, 1500, 1500, 1500, 1500] | 13:19:38.325856
13:19:38.329764 ALT: 0.19
13:19:38.329837 ATT: [-21.3, 0.9, 2]
13:19:38.330116 ACC: [-6, -186, 480]
[1500, 1500, 988, 1500, 2011, 988, 988, 988, 1001, 1001, 1001, 1001, 1500, 1500, 1500, 1500] | 13:19:38.332738
[1500, 1500, 988, 1500, 2011, 988, 988, 988, 1001, 1001, 1001, 1001, 1500, 1500, 1500, 1500] | 13:19:38.339227
[1500, 1500, 988, 1500, 2011, 988, 988, 988, 1001, 1001, 1001, 1001, 1500, 1500, 1500, 1500] | 13:19:38.345771
[1499, 1500, 988, 1500, 2011, 988, 988, 988, 1001, 1001, 1001, 1001, 1500, 1500, 1500, 1500] | 13:19:38.352602
[1499, 1500, 988, 1500, 2011, 989, 986, 988, 1001, 1001, 1001, 1001, 1500, 1500, 1500, 1500] | 13:19:38.359162
[1499, 1500, 988, 1500, 2011, 989, 986, 988, 1001, 1001, 1001, 1001, 1500, 1500, 1500, 1500] | 13:19:38.365960
[1500, 1499, 988, 1500, 2011, 989, 986, 988, 1001, 1001, 1001, 1001, 1500, 1500, 1500, 1500] | 13:19:38.372703
13:19:38.378041 ALT: 0.19
13:19:38.378145 ATT: [-21.3, 0.9, 2]
13:19:38.378513 ACC: [-7, -187, 480]
[1500, 1499, 988, 1500, 2011, 988, 988, 988, 1001, 1001, 1001, 1001, 1500, 1500, 1500, 1500] | 13:19:38.379294
[1500, 1499, 988, 1500, 2011, 988, 988, 988, 1001, 1001, 1001, 1001, 1500, 1500, 1500, 1500] | 13:19:38.385777
[1500, 1500, 988, 1500, 2011, 988, 988, 988, 1001, 1001, 1001, 1001, 1500, 1500, 1500, 1500] | 13:19:38.392692
[1500, 1500, 988, 1500, 2011, 988, 988, 988, 1001, 1001, 1001, 1001, 1500, 1500, 1500, 1500] | 13:19:38.399312
[1500, 1500, 988, 1500, 2011, 988, 988, 988, 1001, 1001, 1001, 1001, 1500, 1500, 1500, 1500] | 13:19:38.406593
[1500, 1500, 988, 1500, 2011, 988, 988, 988, 1001, 1001, 1001, 1001, 1500, 1500, 1500, 1500] | 13:19:38.412481
[1500, 1500, 988, 1500, 2011, 988, 988, 988, 1001, 1001, 1001, 1001, 1500, 1500, 1500, 1500] | 13:19:38.419160
[1500, 1500, 988, 1500, 2011, 988, 988, 988, 1001, 1001, 1001, 1001, 1500, 1500, 1500, 1500] | 13:19:38.425856
13:19:38.426121 ALT: 0.19
13:19:38.426165 ATT: [-21.3, 0.9, 2]
13:19:38.426372 ACC: [-7, -187, 480]
[1500, 1499, 988, 1500, 2011, 988, 988, 988, 1001, 1001, 1001, 1001, 1500, 1500, 1500, 1500] | 13:19:38.432816
[1500, 1499, 988, 1500, 2011, 988, 988, 988, 1001, 1001, 1001, 1001, 1500, 1500, 1500, 1500] | 13:19:38.439346
[1500, 1499, 988, 1500, 2011, 988, 988, 988, 1001, 1001, 1001, 1001, 1500, 1500, 1500, 1500] | 13:19:38.445771
[1500, 1500, 988, 1500, 2011, 988, 988, 988, 1001, 1001, 1001, 1001, 1500, 1500, 1500, 1500] | 13:19:38.452651
[1500, 1500, 988, 1500, 2011, 988, 988, 988, 1001, 1001, 1001, 1001, 1500, 1500, 1500, 1500] | 13:19:38.459081
[1500, 1500, 988, 1500, 2011, 988, 988, 988, 1001, 1001, 1001, 1001, 1500, 1500, 1500, 1500] | 13:19:38.465930
[1500, 1499, 988, 1500, 2011, 988, 988, 988, 1001, 1001, 1001, 1001, 1500, 1500, 1500, 1500] | 13:19:38.472575
13:19:38.473863 ALT: 0.19
13:19:38.473944 ATT: [-21.3, 0.9, 2]
13:19:38.474219 ACC: [-7, -186, 480]
[1500, 1499, 988, 1500, 2011, 988, 988, 988, 1001, 1001, 1001, 1001, 1500, 1500, 1500, 1500] | 13:19:38.479561
[1500, 1499, 988, 1500, 2011, 988, 988, 988, 1001, 1001, 1001, 1001, 1500, 1500, 1500, 1500] | 13:19:38.485851
[1500, 1500, 988, 1500, 2011, 988, 988, 988, 1001, 1001, 1001, 1001, 1500, 1500, 1500, 1500] | 13:19:38.492825
[1500, 1500, 988, 1500, 2011, 988, 988, 988, 1001, 1001, 1001, 1001, 1500, 1500, 1500, 1500] | 13:19:38.499412
[1500, 1500, 988, 1500, 2011, 988, 988, 988, 1001, 1001, 1001, 1001, 1500, 1500, 1500, 1500] | 13:19:38.506055
[1500, 1500, 988, 1500, 2011, 988, 988, 988, 1001, 1001, 1001, 1001, 1500, 1500, 1500, 1500] | 13:19:38.512514
[1500, 1500, 988, 1500, 2011, 988, 988, 988, 1001, 1001, 1001, 1001, 1500, 1500, 1500, 1500] | 13:19:38.519198
13:19:38.522023 ALT: 0.19
13:19:38.522383 ATT: [-21.3, 0.9, 2]
13:19:38.522908 ACC: [-7, -188, 480]
[1500, 1500, 988, 1500, 2011, 988, 988, 988, 1001, 1001, 1001, 1001, 1500, 1500, 1500, 1500] | 13:19:38.526197
[1499, 1500, 988, 1500, 2011, 988, 988, 988, 1001, 1001, 1001, 1001, 1500, 1500, 1500, 1500] | 13:19:38.532676
[1499, 1500, 988, 1500, 2011, 988, 988, 988, 1001, 1001, 1001, 1001, 1500, 1500, 1500, 1500] | 13:19:38.539676
[1499, 1500, 988, 1500, 2011, 988, 988, 988, 1001, 1001, 1001, 1001, 1500, 1500, 1500, 1500] | 13:19:38.545837
[1500, 1500, 988, 1500, 2011, 988, 988, 988, 1001, 1001, 1001, 1001, 1500, 1500, 1500, 1500] | 13:19:38.552578
[1500, 1500, 988, 1500, 2011, 988, 988, 988, 1001, 1001, 1001, 1001, 1500, 1500, 1500, 1500] | 13:19:38.559178
[1500, 1500, 988, 1500, 2011, 988, 988, 988, 1001, 1001, 1001, 1001, 1500, 1500, 1500, 1500] | 13:19:38.565947
13:19:38.569853 ALT: 0.19
13:19:38.569941 ATT: [-21.3, 0.9, 2]
13:19:38.570207 ACC: [-7, -187, 479]
[1500, 1500, 988, 1499, 2011, 988, 988, 988, 1001, 1001, 1001, 1001, 1500, 1500, 1500, 1500] | 13:19:38.572946
[1500, 1500, 988, 1499, 2011, 988, 988, 988, 1001, 1001, 1001, 1001, 1500, 1500, 1500, 1500] | 13:19:38.579149
[1500, 1500, 988, 1499, 2011, 988, 988, 988, 1001, 1001, 1001, 1001, 1500, 1500, 1500, 1500] | 13:19:38.585848
[1500, 1500, 988, 1500, 2011, 988, 988, 988, 1001, 1001, 1001, 1001, 1500, 1500, 1500, 1500] | 13:19:38.592603
[1500, 1500, 988, 1500, 2011, 988, 988, 988, 1001, 1001, 1001, 1001, 1500, 1500, 1500, 1500] | 13:19:38.599324
[1500, 1500, 988, 1500, 2011, 988, 988, 988, 1001, 1001, 1001, 1001, 1500, 1500, 1500, 1500] | 13:19:38.606558
[1499, 1500, 988, 1500, 2011, 988, 988, 988, 1001, 1001, 1001, 1001, 1500, 1500, 1500, 1500] | 13:19:38.612540
13:19:38.617805 ALT: 0.19
13:19:38.617897 ATT: [-21.3, 0.9, 2]
13:19:38.618166 ACC: [-7, -187, 479]
[1499, 1500, 988, 1500, 2011, 988, 988, 988, 1001, 1001, 1001, 1001, 1500, 1500, 1500, 1500] | 13:19:38.619208
[1499, 1500, 988, 1500, 2011, 988, 988, 988, 1001, 1001, 1001, 1001, 1500, 1500, 1500, 1500] | 13:19:38.625985
[1500, 1499, 988, 1500, 2011, 988, 988, 988, 1001, 1001, 1001, 1001, 1500, 1500, 1500, 1500] | 13:19:38.632656
[1500, 1499, 988, 1500, 2011, 988, 988, 988, 1001, 1001, 1001, 1001, 1500, 1500, 1500, 1500] | 13:19:38.639240
[1500, 1499, 988, 1500, 2011, 988, 988, 988, 1001, 1001, 1001, 1001, 1500, 1500, 1500, 1500] | 13:19:38.645804
[1500, 1500, 988, 1500, 2011, 988, 988, 988, 1001, 1001, 1001, 1001, 1500, 1500, 1500, 1500] | 13:19:38.652593
[1500, 1500, 988, 1500, 2011, 988, 988, 988, 1001, 1001, 1001, 1001, 1500, 1500, 1500, 1500] | 13:19:38.659149
[1500, 1500, 988, 1500, 2011, 988, 988, 988, 1001, 1001, 1001, 1001, 1500, 1500, 1500, 1500] | 13:19:38.666368
13:19:38.666567 ALT: 0.19
13:19:38.666611 ATT: [-21.3, 0.9, 2]
13:19:38.666820 ACC: [-8, -186, 479]
[1500, 1500, 988, 1499, 2011, 988, 988, 988, 1001, 1001, 1001, 1001, 1500, 1500, 1500, 1500] | 13:19:38.672906
[1500, 1500, 988, 1499, 2011, 988, 988, 988, 1001, 1001, 1001, 1001, 1500, 1500, 1500, 1500] | 13:19:38.679128
[1500, 1500, 988, 1499, 2011, 988, 988, 988, 1001, 1001, 1001, 1001, 1500, 1500, 1500, 1500] | 13:19:38.685929
[1500, 1499, 988, 1500, 2011, 988, 988, 988, 1001, 1001, 1001, 1001, 1500, 1500, 1500, 1500] | 13:19:38.692767
[1500, 1499, 988, 1500, 2011, 988, 988, 988, 1001, 1001, 1001, 1001, 1500, 1500, 1500, 1500] | 13:19:38.699387
[1500, 1499, 988, 1500, 2011, 988, 988, 988, 1001, 1001, 1001, 1001, 1500, 1500, 1500, 1500] | 13:19:38.706673
[1500, 1500, 988, 1500, 2011, 988, 988, 988, 1001, 1001, 1001, 1001, 1500, 1500, 1500, 1500] | 13:19:38.712515
13:19:38.713761 ALT: 0.19
13:19:38.713828 ATT: [-21.3, 0.9, 2]
13:19:38.714110 ACC: [-6, -186, 479]
[1500, 1500, 988, 1500, 2011, 988, 988, 988, 1001, 1001, 1001, 1001, 1500, 1500, 1500, 1500] | 13:19:38.719383
[1500, 1500, 988, 1500, 2011, 988, 988, 988, 1001, 1001, 1001, 1001, 1500, 1500, 1500, 1500] | 13:19:38.725825
[1500, 1500, 988, 1500, 2011, 988, 988, 988, 1001, 1001, 1001, 1001, 1500, 1500, 1500, 1500] | 13:19:38.732846
[1500, 1500, 988, 1500, 2011, 988, 988, 988, 1001, 1001, 1001, 1001, 1500, 1500, 1500, 1500] | 13:19:38.739682
[1500, 1500, 988, 1500, 2011, 988, 988, 988, 1001, 1001, 1001, 1001, 1500, 1500, 1500, 1500] | 13:19:38.746000
[1501, 1497, 988, 1500, 2011, 988, 988, 988, 1001, 1001, 1001, 1001, 1500, 1500, 1500, 1500] | 13:19:38.752585
[1501, 1497, 988, 1500, 2011, 988, 988, 988, 1001, 1001, 1001, 1001, 1500, 1500, 1500, 1500] | 13:19:38.759137
13:19:38.761777 ALT: 0.19
13:19:38.761844 ATT: [-21.3, 0.9, 2]
13:19:38.762065 ACC: [-7, -186, 480]
[1501, 1497, 988, 1500, 2011, 988, 988, 988, 1001, 1001, 1001, 1001, 1500, 1500, 1500, 1500] | 13:19:38.766169
[1500, 1499, 988, 1500, 2011, 988, 988, 988, 1001, 1001, 1001, 1001, 1500, 1500, 1500, 1500] | 13:19:38.772611
[1500, 1499, 988, 1500, 2011, 988, 988, 988, 1001, 1001, 1001, 1001, 1500, 1500, 1500, 1500] | 13:19:38.779131
[1500, 1499, 988, 1500, 2011, 988, 988, 988, 1001, 1001, 1001, 1001, 1500, 1500, 1500, 1500] | 13:19:38.785824
[1500, 1500, 988, 1500, 2011, 988, 988, 988, 1001, 1001, 1001, 1001, 1500, 1500, 1500, 1500] | 13:19:38.792582
[1500, 1500, 988, 1500, 2011, 988, 988, 988, 1001, 1001, 1001, 1001, 1500, 1500, 1500, 1500] | 13:19:38.799366
[1500, 1500, 988, 1500, 2011, 988, 988, 988, 1001, 1001, 1001, 1001, 1500, 1500, 1500, 1500] | 13:19:38.806432
13:19:38.809887 ALT: 0.19
13:19:38.809971 ATT: [-21.3, 0.9, 2]
13:19:38.810226 ACC: [-8, -187, 479]
[1500, 1500, 988, 1500, 2011, 988, 988, 988, 1001, 1001, 1001, 1001, 1500, 1500, 1500, 1500] | 13:19:38.812541
[1500, 1500, 988, 1500, 2011, 988, 988, 988, 1001, 1001, 1001, 1001, 1500, 1500, 1500, 1500] | 13:19:38.819247
[1500, 1500, 988, 1500, 2011, 988, 988, 988, 1001, 1001, 1001, 1001, 1500, 1500, 1500, 1500] | 13:19:38.826756
[1500, 1499, 988, 1500, 2011, 988, 988, 988, 1001, 1001, 1001, 1001, 1500, 1500, 1500, 1500] | 13:19:38.832973
[1500, 1499, 988, 1500, 2011, 988, 988, 988, 1001, 1001, 1001, 1001, 1500, 1500, 1500, 1500] | 13:19:38.839755
[1500, 1499, 988, 1500, 2011, 988, 988, 988, 1001, 1001, 1001, 1001, 1500, 1500, 1500, 1500] | 13:19:38.845786
[1500, 1500, 988, 1500, 2011, 988, 988, 988, 1001, 1001, 1001, 1001, 1500, 1500, 1500, 1500] | 13:19:38.852658
13:19:38.858317 ALT: 0.19
13:19:38.858423 ATT: [-21.3, 0.9, 2]
13:19:38.858837 ACC: [-8, -187, 479]
[1500, 1500, 988, 1500, 2011, 988, 988, 988, 1001, 1001, 1001, 1001, 1500, 1500, 1500, 1500] | 13:19:38.859601
[1500, 1500, 988, 1500, 2011, 988, 988, 988, 1001, 1001, 1001, 1001, 1500, 1500, 1500, 1500] | 13:19:38.866189
[1499, 1500, 988, 1499, 2011, 988, 988, 988, 1001, 1001, 1001, 1001, 1500, 1500, 1500, 1500] | 13:19:38.872609
[1499, 1500, 988, 1499, 2011, 988, 988, 988, 1001, 1001, 1001, 1001, 1500, 1500, 1500, 1500] | 13:19:38.879192
[1499, 1500, 988, 1499, 2011, 988, 988, 988, 1001, 1001, 1001, 1001, 1500, 1500, 1500, 1500] | 13:19:38.885849
[1500, 1499, 988, 1500, 2011, 988, 988, 988, 1001, 1001, 1001, 1001, 1500, 1500, 1500, 1500] | 13:19:38.892931
[1500, 1499, 988, 1500, 2011, 988, 988, 988, 1001, 1001, 1001, 1001, 1500, 1500, 1500, 1500] | 13:19:38.899403
[1500, 1499, 988, 1500, 2011, 988, 988, 988, 1001, 1001, 1001, 1001, 1500, 1500, 1500, 1500] | 13:19:38.906127
[1500, 1500, 988, 1500, 2011, 988, 988, 988, 1001, 1001, 1001, 1001, 1500, 1500, 1500, 1500] | 13:19:38.912504
[1500, 1500, 988, 1500, 2011, 988, 988, 988, 1001, 1001, 1001, 1001, 1500, 1500, 1500, 1500] | 13:19:38.919280
13:19:38.921943 ALT: 0.19
13:19:38.922026 ATT: [-21.3, 0.9, 2]
13:19:38.922314 ACC: [-6, -187, 479]
[1500, 1500, 988, 1500, 2011, 988, 988, 988, 1001, 1001, 1001, 1001, 1500, 1500, 1500, 1500] | 13:19:38.926281
[1500, 1500, 988, 1499, 2011, 988, 988, 988, 1001, 1001, 1001, 1001, 1500, 1500, 1500, 1500] | 13:19:38.932938
[1500, 1500, 988, 1499, 2011, 988, 988, 988, 1001, 1001, 1001, 1001, 1500, 1500, 1500, 1500] | 13:19:38.940169
[1500, 1500, 988, 1499, 2011, 988, 988, 988, 1001, 1001, 1001, 1001, 1500, 1500, 1500, 1500] | 13:19:38.945780
[1500, 1500, 988, 1500, 2011, 988, 988, 988, 1001, 1001, 1001, 1001, 1500, 1500, 1500, 1500] | 13:19:38.952589
[1500, 1500, 988, 1500, 2011, 988, 988, 989, 1001, 1001, 1001, 1001, 1500, 1500, 1500, 1500] | 13:19:38.959159
[1500, 1500, 988, 1500, 2011, 988, 988, 989, 1001, 1001, 1001, 1001, 1500, 1500, 1500, 1500] | 13:19:38.966149
13:19:38.969891 ALT: 0.19
13:19:38.969981 ATT: [-21.3, 0.9, 2]
13:19:38.970252 ACC: [-7, -187, 479]
[1500, 1500, 988, 1500, 2011, 988, 988, 989, 1001, 1001, 1001, 1001, 1500, 1500, 1500, 1500] | 13:19:38.972647
[1500, 1500, 988, 1500, 2011, 988, 988, 988, 1001, 1001, 1001, 1001, 1500, 1500, 1500, 1500] | 13:19:38.979146
[1500, 1500, 988, 1500, 2011, 988, 988, 988, 1001, 1001, 1001, 1001, 1500, 1500, 1500, 1500] | 13:19:38.985864
[1500, 1500, 988, 1500, 2011, 988, 988, 988, 1001, 1001, 1001, 1001, 1500, 1500, 1500, 1500] | 13:19:38.992743
[1500, 1500, 988, 1500, 2011, 988, 988, 988, 1001, 1001, 1001, 1001, 1500, 1500, 1500, 1500] | 13:19:38.999211
[1500, 1500, 988, 1500, 2011, 988, 988, 988, 1001, 1001, 1001, 1001, 1500, 1500, 1500, 1500] | 13:19:39.007228
[1500, 1500, 988, 1500, 2011, 988, 988, 988, 1001, 1001, 1001, 1001, 1500, 1500, 1500, 1500] | 13:19:39.017569
13:19:39.018889 ALT: 0.19
13:19:39.018986 ATT: [-21.3, 0.9, 2]
13:19:39.019260 ACC: [-7, -187, 480]
[1500, 1500, 988, 1500, 2011, 988, 988, 988, 1001, 1001, 1001, 1001, 1500, 1500, 1500, 1500] | 13:19:39.019959
[1500, 1500, 988, 1500, 2011, 988, 988, 988, 1001, 1001, 1001, 1001, 1500, 1500, 1500, 1500] | 13:19:39.026048
[1500, 1500, 988, 1500, 2011, 988, 988, 988, 1001, 1001, 1001, 1001, 1500, 1500, 1500, 1500] | 13:19:39.032782
[1500, 1500, 988, 1500, 2011, 988, 988, 988, 1001, 1001, 1001, 1001, 1500, 1500, 1500, 1500] | 13:19:39.039451
[1500, 1500, 988, 1500, 2011, 988, 988, 988, 1001, 1001, 1001, 1001, 1500, 1500, 1500, 1500] | 13:19:39.045800
[1500, 1500, 988, 1500, 2011, 988, 988, 988, 1001, 1001, 1001, 1001, 1500, 1500, 1500, 1500] | 13:19:39.052586
[1500, 1500, 988, 1500, 2011, 988, 988, 988, 1001, 1001, 1001, 1001, 1500, 1500, 1500, 1500] | 13:19:39.059175
[1500, 1500, 988, 1500, 2011, 988, 988, 988, 1001, 1001, 1001, 1001, 1500, 1500, 1500, 1500] | 13:19:39.066120
13:19:39.066608 ALT: 0.19
13:19:39.066699 ATT: [-21.3, 0.9, 2]
13:19:39.067021 ACC: [-7, -187, 480]
[1500, 1499, 988, 1500, 2011, 988, 988, 988, 1001, 1001, 1001, 1001, 1500, 1500, 1500, 1500] | 13:19:39.072800
[1500, 1499, 988, 1500, 2011, 988, 988, 988, 1001, 1001, 1001, 1001, 1500, 1500, 1500, 1500] | 13:19:39.079148
[1500, 1499, 988, 1500, 2011, 988, 988, 988, 1001, 1001, 1001, 1001, 1500, 1500, 1500, 1500] | 13:19:39.085821
[1500, 1499, 988, 1499, 2011, 988, 988, 988, 1001, 1001, 1001, 1001, 1500, 1500, 1500, 1500] | 13:19:39.092908
[1500, 1499, 988, 1499, 2011, 988, 988, 988, 1001, 1001, 1001, 1001, 1500, 1500, 1500, 1500] | 13:19:39.099401
[1500, 1499, 988, 1499, 2011, 988, 988, 988, 1001, 1001, 1001, 1001, 1500, 1500, 1500, 1500] | 13:19:39.106580
[1499, 1500, 988, 1500, 2011, 988, 988, 988, 1001, 1001, 1001, 1001, 1500, 1500, 1500, 1500] | 13:19:39.112504
13:19:39.113764 ALT: 0.19
13:19:39.113817 ATT: [-21.3, 0.9, 2]
13:19:39.114068 ACC: [-7, -187, 480]
[1499, 1500, 988, 1500, 2011, 988, 988, 988, 1001, 1001, 1001, 1001, 1500, 1500, 1500, 1500] | 13:19:39.119289
[1499, 1500, 988, 1500, 2011, 988, 988, 988, 1001, 1001, 1001, 1001, 1500, 1500, 1500, 1500] | 13:19:39.125946
[1499, 1500, 988, 1500, 2011, 988, 988, 988, 1001, 1001, 1001, 1001, 1500, 1500, 1500, 1500] | 13:19:39.132772
[1499, 1500, 988, 1500, 2011, 988, 988, 988, 1001, 1001, 1001, 1001, 1500, 1500, 1500, 1500] | 13:19:39.139301
[1499, 1500, 988, 1500, 2011, 988, 988, 988, 1001, 1001, 1001, 1001, 1500, 1500, 1500, 1500] | 13:19:39.145838
[1499, 1500, 988, 1499, 2011, 988, 988, 988, 1001, 1001, 1001, 1001, 1500, 1500, 1500, 1500] | 13:19:39.152580
[1499, 1500, 988, 1499, 2011, 988, 988, 988, 1001, 1001, 1001, 1001, 1500, 1500, 1500, 1500] | 13:19:39.159166
13:19:39.161888 ALT: 0.19
13:19:39.161955 ATT: [-21.3, 0.9, 2]
13:19:39.162183 ACC: [-6, -186, 479]
[1499, 1500, 988, 1499, 2011, 988, 988, 988, 1001, 1001, 1001, 1001, 1500, 1500, 1500, 1500] | 13:19:39.166230
[1500, 1500, 988, 1500, 2011, 988, 988, 988, 1001, 1001, 1001, 1001, 1500, 1500, 1500, 1500] | 13:19:39.172613
[1500, 1500, 988, 1500, 2011, 988, 988, 988, 1001, 1001, 1001, 1001, 1500, 1500, 1500, 1500] | 13:19:39.179142
[1500, 1500, 988, 1500, 2011, 988, 988, 988, 1001, 1001, 1001, 1001, 1500, 1500, 1500, 1500] | 13:19:39.185831
[1500, 1500, 988, 1500, 2011, 988, 988, 988, 1001, 1001, 1001, 1001, 1500, 1500, 1500, 1500] | 13:19:39.192775
[1500, 1500, 988, 1500, 2011, 988, 988, 988, 1001, 1001, 1001, 1001, 1500, 1500, 1500, 1500] | 13:19:39.199460
[1500, 1500, 988, 1500, 2011, 988, 988, 988, 1001, 1001, 1001, 1001, 1500, 1500, 1500, 1500] | 13:19:39.206010
13:19:39.210282 ALT: 0.19
13:19:39.210443 ATT: [-21.3, 0.9, 2]
13:19:39.210832 ACC: [-6, -187, 479]
[1500, 1500, 988, 1500, 2011, 988, 988, 988, 1001, 1001, 1001, 1001, 1500, 1500, 1500, 1500] | 13:19:39.212601
[1500, 1500, 988, 1500, 2011, 988, 988, 988, 1001, 1001, 1001, 1001, 1500, 1500, 1500, 1500] | 13:19:39.219194
[1500, 1500, 988, 1500, 2011, 988, 988, 988, 1001, 1001, 1001, 1001, 1500, 1500, 1500, 1500] | 13:19:39.226148
[1500, 1500, 988, 1500, 2011, 988, 988, 988, 1001, 1001, 1001, 1001, 1500, 1500, 1500, 1500] | 13:19:39.232702
[1500, 1500, 988, 1500, 2011, 988, 988, 988, 1001, 1001, 1001, 1001, 1500, 1500, 1500, 1500] | 13:19:39.239331
[1500, 1500, 988, 1500, 2011, 988, 988, 988, 1001, 1001, 1001, 1001, 1500, 1500, 1500, 1500] | 13:19:39.245861
[1500, 1500, 988, 1500, 2011, 988, 988, 988, 1001, 1001, 1001, 1001, 1500, 1500, 1500, 1500] | 13:19:39.252627
13:19:39.258377 ALT: 0.19
13:19:39.258534 ATT: [-21.3, 0.9, 2]
13:19:39.258927 ACC: [-7, -188, 480]
[1500, 1500, 988, 1500, 2011, 988, 988, 988, 1001, 1001, 1001, 1001, 1500, 1500, 1500, 1500] | 13:19:39.259558
[1500, 1500, 988, 1500, 2011, 988, 988, 988, 1001, 1001, 1001, 1001, 1500, 1500, 1500, 1500] | 13:19:39.266080
[1500, 1500, 988, 1500, 2011, 988, 988, 988, 1001, 1001, 1001, 1001, 1500, 1500, 1500, 1500] | 13:19:39.272640
[1500, 1500, 988, 1500, 2011, 988, 988, 988, 1001, 1001, 1001, 1001, 1500, 1500, 1500, 1500] | 13:19:39.279224
[1500, 1500, 988, 1500, 2011, 988, 988, 988, 1001, 1001, 1001, 1001, 1500, 1500, 1500, 1500] | 13:19:39.285822
[1500, 1499, 988, 1500, 2011, 988, 988, 988, 1001, 1001, 1001, 1001, 1500, 1500, 1500, 1500] | 13:19:39.292684
[1500, 1499, 988, 1500, 2011, 988, 988, 988, 1001, 1001, 1001, 1001, 1500, 1500, 1500, 1500] | 13:19:39.299444
13:19:39.306240 ALT: 0.19
13:19:39.306646 ATT: [-21.3, 0.9, 2]
13:19:39.307026 ACC: [-7, -187, 479]
[1500, 1499, 988, 1500, 2011, 988, 988, 988, 1001, 1001, 1001, 1001, 1500, 1500, 1500, 1500] | 13:19:39.308187
[1500, 1500, 988, 1500, 2011, 988, 988, 988, 1001, 1001, 1001, 1001, 1500, 1500, 1500, 1500] | 13:19:39.312551
[1500, 1500, 988, 1500, 2011, 988, 988, 988, 1001, 1001, 1001, 1001, 1500, 1500, 1500, 1500] | 13:19:39.319194
[1500, 1500, 988, 1500, 2011, 988, 988, 988, 1001, 1001, 1001, 1001, 1500, 1500, 1500, 1500] | 13:19:39.326167
[1500, 1500, 988, 1500, 2011, 988, 988, 988, 1001, 1001, 1001, 1001, 1500, 1500, 1500, 1500] | 13:19:39.332903
[1500, 1500, 988, 1500, 2011, 988, 988, 988, 1001, 1001, 1001, 1001, 1500, 1500, 1500, 1500] | 13:19:39.340128
[1500, 1500, 988, 1500, 2011, 988, 988, 988, 1001, 1001, 1001, 1001, 1500, 1500, 1500, 1500] | 13:19:39.345874
[1500, 1500, 988, 1500, 2011, 988, 988, 988, 1001, 1001, 1001, 1001, 1500, 1500, 1500, 1500] | 13:19:39.352617
13:19:39.354360 ALT: 0.19
13:19:39.354442 ATT: [-21.3, 0.9, 2]
13:19:39.354681 ACC: [-7, -186, 479]
[1500, 1500, 988, 1500, 2011, 988, 988, 988, 1001, 1001, 1001, 1001, 1500, 1500, 1500, 1500] | 13:19:39.359440
[1500, 1500, 988, 1500, 2011, 988, 988, 988, 1001, 1001, 1001, 1001, 1500, 1500, 1500, 1500] | 13:19:39.366063
[1500, 1500, 988, 1500, 2011, 988, 988, 988, 1001, 1001, 1001, 1001, 1500, 1500, 1500, 1500] | 13:19:39.372689
[1500, 1500, 988, 1500, 2011, 988, 988, 988, 1001, 1001, 1001, 1001, 1500, 1500, 1500, 1500] | 13:19:39.379152
[1500, 1500, 988, 1500, 2011, 988, 988, 988, 1001, 1001, 1001, 1001, 1500, 1500, 1500, 1500] | 13:19:39.385864
[1500, 1499, 988, 1500, 2011, 988, 988, 988, 1001, 1001, 1001, 1001, 1500, 1500, 1500, 1500] | 13:19:39.392683
[1500, 1499, 988, 1500, 2011, 988, 988, 986, 1001, 1001, 1001, 1001, 1500, 1500, 1500, 1500] | 13:19:39.399486
13:19:39.401930 ALT: 0.19
13:19:39.402019 ATT: [-21.3, 0.8, 2]
13:19:39.402288 ACC: [-6, -186, 480]
[1500, 1499, 988, 1500, 2011, 988, 988, 986, 1001, 1001, 1001, 1001, 1500, 1500, 1500, 1500] | 13:19:39.406896
[1500, 1499, 988, 1500, 2011, 988, 988, 986, 1001, 1001, 1001, 1001, 1500, 1500, 1500, 1500] | 13:19:39.412554
[1500, 1499, 988, 1500, 2011, 988, 988, 988, 1001, 1001, 1001, 1001, 1500, 1500, 1500, 1500] | 13:19:39.419277
[1500, 1499, 988, 1500, 2011, 988, 988, 988, 1001, 1001, 1001, 1001, 1500, 1500, 1500, 1500] | 13:19:39.426067
[1500, 1499, 988, 1500, 2011, 988, 988, 988, 1001, 1001, 1001, 1001, 1500, 1500, 1500, 1500] | 13:19:39.432848
[1500, 1499, 988, 1500, 2011, 988, 988, 988, 1001, 1001, 1001, 1001, 1500, 1500, 1500, 1500] | 13:19:39.439400
[1500, 1499, 988, 1500, 2011, 988, 988, 988, 1001, 1001, 1001, 1001, 1500, 1500, 1500, 1500] | 13:19:39.445821
13:19:39.450631 ALT: 0.19
13:19:39.450735 ATT: [-21.3, 0.9, 2]
13:19:39.451030 ACC: [-7, -187, 481]
[1500, 1500, 988, 1499, 2011, 988, 988, 988, 1001, 1001, 1001, 1001, 1500, 1500, 1500, 1500] | 13:19:39.452669
[1500, 1500, 988, 1499, 988, 988, 988, 988, 1001, 1001, 1001, 1001, 1500, 1500, 1500, 1500] | 13:19:39.459225
[1500, 1500, 988, 1499, 988, 988, 988, 988, 1001, 1001, 1001, 1001, 1500, 1500, 1500, 1500] | 13:19:39.465969
[1500, 1500, 988, 1500, 988, 988, 988, 988, 1001, 1001, 1001, 1001, 1500, 1500, 1500, 1500] | 13:19:39.472653
[1500, 1500, 988, 1500, 988, 988, 988, 988, 1001, 1001, 1001, 1001, 1500, 1500, 1500, 1500] | 13:19:39.479193
[1500, 1500, 988, 1500, 988, 988, 988, 988, 1001, 1001, 1001, 1001, 1500, 1500, 1500, 1500] | 13:19:39.485825
[1500, 1500, 988, 1500, 988, 988, 988, 988, 1001, 1001, 1001, 1001, 1500, 1500, 1500, 1500] | 13:19:39.492690
13:19:39.498038 ALT: 0.19
13:19:39.498131 ATT: [-21.3, 0.9, 2]
13:19:39.498443 ACC: [-7, -187, 478]
[1500, 1500, 988, 1500, 988, 988, 988, 988, 1001, 1001, 1001, 1001, 1500, 1500, 1500, 1500] | 13:19:39.499622
[1500, 1500, 988, 1500, 988, 988, 988, 988, 1001, 1001, 1001, 1001, 1500, 1500, 1500, 1500] | 13:19:39.506555
[1500, 1500, 988, 1500, 988, 988, 988, 988, 1001, 1001, 1001, 1001, 1500, 1500, 1500, 1500] | 13:19:39.512587
[1500, 1500, 988, 1500, 988, 988, 988, 988, 1001, 1001, 1001, 1001, 1500, 1500, 1500, 1500] | 13:19:39.519261
[1500, 1500, 988, 1500, 988, 988, 988, 988, 1001, 1001, 1001, 1001, 1500, 1500, 1500, 1500] | 13:19:39.526136
[1500, 1500, 988, 1500, 988, 988, 988, 988, 1001, 1001, 1001, 1001, 1500, 1500, 1500, 1500] | 13:19:39.532733
[1500, 1500, 988, 1500, 988, 988, 988, 988, 1001, 1001, 1001, 1001, 1500, 1500, 1500, 1500] | 13:19:39.539488
[1500, 1500, 988, 1500, 988, 988, 988, 988, 1001, 1001, 1001, 1001, 1500, 1500, 1500, 1500] | 13:19:39.545886
13:19:39.546214 ALT: 0.19
13:19:39.546259 ATT: [-21.3, 0.9, 2]
13:19:39.546519 ACC: [-6, -187, 480]
[1500, 1500, 988, 1500, 988, 988, 988, 988, 1001, 1001, 1001, 1001, 1500, 1500, 1500, 1500] | 13:19:39.552676
[1500, 1500, 988, 1500, 989, 986, 988, 988, 1001, 1001, 1001, 1001, 1500, 1500, 1500, 1500] | 13:19:39.559165
[1500, 1500, 988, 1500, 989, 986, 988, 988, 1001, 1001, 1001, 1001, 1500, 1500, 1500, 1500] | 13:19:39.565925
[1500, 1500, 988, 1500, 989, 986, 988, 988, 1001, 1001, 1001, 1001, 1500, 1500, 1500, 1500] | 13:19:39.572653
[1500, 1500, 988, 1500, 988, 988, 988, 988, 1001, 1001, 1001, 1001, 1500, 1500, 1500, 1500] | 13:19:39.579268
[1500, 1500, 988, 1500, 988, 988, 988, 988, 1001, 1001, 1001, 1001, 1500, 1500, 1500, 1500] | 13:19:39.585884
[1500, 1500, 988, 1500, 988, 988, 988, 988, 1001, 1001, 1001, 1001, 1500, 1500, 1500, 1500] | 13:19:39.592804
13:19:39.594127 ALT: 0.19
13:19:39.594280 ATT: [-21.3, 0.8, 2]
13:19:39.595072 ACC: [-7, -188, 479]
[1500, 1500, 988, 1500, 988, 988, 988, 988, 1001, 1001, 1001, 1001, 1500, 1500, 1500, 1500] | 13:19:39.599524
[1500, 1500, 988, 1500, 988, 988, 988, 988, 1001, 1001, 1001, 1001, 1500, 1500, 1500, 1500] | 13:19:39.606771
[1500, 1499, 988, 1500, 988, 988, 988, 988, 1001, 1001, 1001, 1001, 1500, 1500, 1500, 1500] | 13:19:39.612554
[1500, 1499, 988, 1500, 988, 988, 988, 988, 1001, 1001, 1001, 1001, 1500, 1500, 1500, 1500] | 13:19:39.619265
[1500, 1499, 988, 1500, 988, 988, 988, 988, 1001, 1001, 1001, 1001, 1500, 1500, 1500, 1500] | 13:19:39.626171
[1500, 1500, 988, 1500, 988, 988, 988, 988, 1001, 1001, 1001, 1001, 1500, 1500, 1500, 1500] | 13:19:39.632732
[1500, 1500, 988, 1500, 988, 988, 988, 988, 1001, 1001, 1001, 1001, 1500, 1500, 1500, 1500] | 13:19:39.639450
13:19:39.642333 ALT: 0.19
13:19:39.642435 ATT: [-21.3, 0.8, 2]
13:19:39.642829 ACC: [-7, -187, 480]
[1500, 1500, 988, 1500, 988, 988, 988, 988, 1001, 1001, 1001, 1001, 1500, 1500, 1500, 1500] | 13:19:39.645897
[1499, 1500, 988, 1500, 988, 988, 988, 988, 1001, 1001, 1001, 1001, 1500, 1500, 1500, 1500] | 13:19:39.652657
13:19:39.659588 Starting ALT HOLD mode
!ALT_HOLD ERROR! Set desired ALT to 0 !
Desired ALT is 0
13:19:39.659731 Navigation got ALT: 0.19
[1499, 1500, 988, 1500, 988, 988, 988, 1600, 1001, 1001, 1001, 1001, 1500, 1500, 1500, 1500] | 13:19:39.659817
[1499, 1500, 988, 1500, 988, 988, 988, 1600, 1001, 1001, 1001, 1001, 1500, 1500, 1500, 1500] | 13:19:39.666002
[1499, 1500, 988, 1500, 988, 988, 988, 1600, 1001, 1001, 1001, 1001, 1500, 1500, 1500, 1500] | 13:19:39.672740
[1499, 1500, 988, 1500, 988, 988, 988, 1600, 1001, 1001, 1001, 1001, 1500, 1500, 1500, 1500] | 13:19:39.679260
[1499, 1500, 988, 1500, 988, 988, 988, 1600, 1001, 1001, 1001, 1001, 1500, 1500, 1500, 1500] | 13:19:39.685935
13:19:39.690202 ALT: 0.19
13:19:39.690632 ATT: [-21.3, 0.8, 2]
13:19:39.691140 ACC: [-7, -186, 480]
13:19:39.692850 Navigation got ALT: 0.19
[1500, 1500, 988, 1499, 988, 988, 988, 1600, 1001, 1001, 1001, 1001, 1500, 1500, 1500, 1500] | 13:19:39.693047
[1500, 1500, 988, 1499, 988, 988, 988, 1600, 1001, 1001, 1001, 1001, 1500, 1500, 1500, 1500] | 13:19:39.699401
[1500, 1500, 988, 1499, 988, 988, 988, 1600, 1001, 1001, 1001, 1001, 1500, 1500, 1500, 1500] | 13:19:39.706294
[1500, 1500, 988, 1499, 988, 988, 988, 1600, 1001, 1001, 1001, 1001, 1500, 1500, 1500, 1500] | 13:19:39.712537
[1500, 1500, 988, 1499, 988, 988, 988, 1600, 1001, 1001, 1001, 1001, 1500, 1500, 1500, 1500] | 13:19:39.719311
13:19:39.726249 Navigation got ALT: 0.19
[1500, 1500, 988, 1500, 988, 988, 988, 1598, 1001, 1001, 1001, 1001, 1500, 1500, 1500, 1500] | 13:19:39.726358
[1500, 1500, 988, 1500, 988, 988, 988, 1598, 1001, 1001, 1001, 1001, 1500, 1500, 1500, 1500] | 13:19:39.732819
13:19:39.739055 ALT: 0.19
13:19:39.739418 ATT: [-21.3, 0.8, 2]
13:19:39.739788 ACC: [-7, -187, 480]
[1500, 1500, 988, 1500, 988, 988, 988, 1598, 1001, 1001, 1001, 1001, 1500, 1500, 1500, 1500] | 13:19:39.741250
[1500, 1500, 988, 1500, 988, 988, 988, 1598, 1001, 1001, 1001, 1001, 1500, 1500, 1500, 1500] | 13:19:39.745945
[1500, 1500, 988, 1500, 988, 988, 988, 1598, 1001, 1001, 1001, 1001, 1500, 1500, 1500, 1500] | 13:19:39.752707
13:19:39.759607 Navigation got ALT: 0.19
[1500, 1499, 988, 1500, 988, 988, 988, 1598, 1001, 1001, 1001, 1001, 1500, 1500, 1500, 1500] | 13:19:39.759710
[1500, 1499, 988, 1500, 988, 988, 988, 1598, 1001, 1001, 1001, 1001, 1500, 1500, 1500, 1500] | 13:19:39.766140
[1500, 1499, 988, 1500, 988, 988, 988, 1598, 1001, 1001, 1001, 1001, 1500, 1500, 1500, 1500] | 13:19:39.773295
[1500, 1499, 988, 1500, 988, 988, 988, 1598, 1001, 1001, 1001, 1001, 1500, 1500, 1500, 1500] | 13:19:39.779255
[1500, 1499, 988, 1500, 988, 988, 988, 1598, 1001, 1001, 1001, 1001, 1500, 1500, 1500, 1500] | 13:19:39.785995
13:19:39.786290 ALT: 0.19
13:19:39.786342 ATT: [-21.3, 0.8, 2]
13:19:39.786620 ACC: [-7, -186, 480]
13:19:39.793634 Navigation got ALT: 0.19
[1500, 1499, 988, 1500, 988, 988, 988, 1598, 1001, 1001, 1001, 1001, 1500, 1500, 1500, 1500] | 13:19:39.793746
[1500, 1499, 988, 1500, 988, 988, 988, 1598, 1001, 1001, 1001, 1001, 1500, 1500, 1500, 1500] | 13:19:39.799322
[1500, 1499, 988, 1500, 988, 988, 988, 1598, 1001, 1001, 1001, 1001, 1500, 1500, 1500, 1500] | 13:19:39.806245
[1500, 1499, 988, 1500, 988, 988, 988, 1598, 1001, 1001, 1001, 1001, 1500, 1500, 1500, 1500] | 13:19:39.812764
[1500, 1499, 988, 1500, 988, 988, 988, 1598, 1001, 1001, 1001, 1001, 1500, 1500, 1500, 1500] | 13:19:39.819287
13:19:39.826062 Navigation got ALT: 0.19
[1500, 1500, 988, 1500, 988, 988, 988, 1600, 1001, 1001, 1001, 1001, 1500, 1500, 1500, 1500] | 13:19:39.826152
[1500, 1500, 988, 1500, 988, 988, 988, 1600, 1001, 1001, 1001, 1001, 1500, 1500, 1500, 1500] | 13:19:39.832646
13:19:39.834398 ALT: 0.19
13:19:39.834525 ATT: [-21.2, 0.8, 1]
13:19:39.834797 ACC: [-7, -187, 479]
[1500, 1500, 988, 1500, 988, 988, 988, 1600, 1001, 1001, 1001, 1001, 1500, 1500, 1500, 1500] | 13:19:39.840005
[1500, 1500, 988, 1500, 988, 988, 988, 1600, 1001, 1001, 1001, 1001, 1500, 1500, 1500, 1500] | 13:19:39.845932
[1500, 1500, 988, 1500, 988, 988, 988, 1600, 1001, 1001, 1001, 1001, 1500, 1500, 1500, 1500] | 13:19:39.852806
13:19:39.859450 Navigation got ALT: 0.19
[1500, 1500, 988, 1500, 988, 988, 988, 1600, 1001, 1001, 1001, 1001, 1500, 1500, 1500, 1500] | 13:19:39.859540
[1500, 1500, 988, 1500, 988, 988, 988, 1600, 1001, 1001, 1001, 1001, 1500, 1500, 1500, 1500] | 13:19:39.866000
[1500, 1500, 988, 1500, 988, 988, 988, 1600, 1001, 1001, 1001, 1001, 1500, 1500, 1500, 1500] | 13:19:39.872710
[1500, 1500, 988, 1500, 988, 988, 988, 1600, 1001, 1001, 1001, 1001, 1500, 1500, 1500, 1500] | 13:19:39.879294
13:19:39.881945 ALT: 0.19
13:19:39.882030 ATT: [-21.2, 0.8, 0]
13:19:39.882310 ACC: [-7, -186, 480]
[1500, 1500, 988, 1500, 988, 988, 988, 1600, 1001, 1001, 1001, 1001, 1500, 1500, 1500, 1500] | 13:19:39.886028
13:19:39.893268 Navigation got ALT: 0.19
[1500, 1500, 988, 1500, 988, 988, 988, 1600, 1001, 1001, 1001, 1001, 1500, 1500, 1500, 1500] | 13:19:39.893574
[1500, 1500, 988, 1500, 988, 988, 988, 1600, 1001, 1001, 1001, 1001, 1500, 1500, 1500, 1500] | 13:19:39.899304
[1500, 1500, 988, 1500, 988, 988, 988, 1600, 1001, 1001, 1001, 1001, 1500, 1500, 1500, 1500] | 13:19:39.906083
[1500, 1500, 988, 1500, 988, 988, 988, 1600, 1001, 1001, 1001, 1001, 1500, 1500, 1500, 1500] | 13:19:39.912649
[1500, 1500, 988, 1500, 988, 988, 988, 1600, 1001, 1001, 1001, 1001, 1500, 1500, 1500, 1500] | 13:19:39.919313
13:19:39.926082 Navigation got ALT: 0.19
[1499, 1500, 988, 1500, 988, 988, 988, 1601, 1001, 1001, 1001, 1001, 1500, 1500, 1500, 1500] | 13:19:39.926170
13:19:39.930023 ALT: 0.19
13:19:39.930098 ATT: [-21.2, 0.8, 0]
13:19:39.930331 ACC: [-7, -186, 479]
[1499, 1500, 988, 1500, 988, 988, 988, 1601, 1001, 1001, 1001, 1001, 1500, 1500, 1500, 1500] | 13:19:39.932721
[1499, 1500, 988, 1500, 988, 988, 988, 1601, 1001, 1001, 1001, 1001, 1500, 1500, 1500, 1500] | 13:19:39.939882
[1499, 1500, 988, 1500, 988, 988, 988, 1601, 1001, 1001, 1001, 1001, 1500, 1500, 1500, 1500] | 13:19:39.945999
[1499, 1500, 988, 1500, 988, 988, 988, 1601, 1001, 1001, 1001, 1001, 1500, 1500, 1500, 1500] | 13:19:39.952702
13:19:39.959230 Navigation got ALT: 0.19
[1500, 1500, 988, 1500, 988, 988, 988, 1600, 1001, 1001, 1001, 1001, 1500, 1500, 1500, 1500] | 13:19:39.959314
[1500, 1500, 988, 1500, 988, 988, 988, 1600, 1001, 1001, 1001, 1001, 1500, 1500, 1500, 1500] | 13:19:39.966016
[1500, 1500, 988, 1500, 988, 988, 988, 1600, 1001, 1001, 1001, 1001, 1500, 1500, 1500, 1500] | 13:19:39.972704
13:19:39.978013 ALT: 0.19
13:19:39.978099 ATT: [-21.2, 0.8, 359]
13:19:39.978341 ACC: [-7, -186, 480]
[1500, 1500, 988, 1500, 988, 988, 988, 1600, 1001, 1001, 1001, 1001, 1500, 1500, 1500, 1500] | 13:19:39.979324
[1500, 1500, 988, 1500, 988, 988, 988, 1600, 1001, 1001, 1001, 1001, 1500, 1500, 1500, 1500] | 13:19:39.985916
13:19:39.992841 Navigation got ALT: 0.19
[1500, 1499, 988, 1500, 988, 988, 988, 1600, 1001, 1001, 1001, 1001, 1500, 1500, 1500, 1500] | 13:19:39.993496
[1500, 1499, 988, 1500, 988, 988, 988, 1600, 1001, 1001, 1001, 1001, 1500, 1500, 1500, 1500] | 13:19:39.999318
[1500, 1499, 988, 1500, 988, 988, 988, 1600, 1001, 1001, 1001, 1001, 1500, 1500, 1500, 1500] | 13:19:40.006949
[1500, 1499, 988, 1500, 988, 988, 988, 1600, 1001, 1001, 1001, 1001, 1500, 1500, 1500, 1500] | 13:19:40.012645
[1500, 1499, 988, 1500, 988, 988, 988, 1600, 1001, 1001, 1001, 1001, 1500, 1500, 1500, 1500] | 13:19:40.019420
13:19:40.026421 Navigation got ALT: 0.19
[1500, 1500, 988, 1500, 988, 988, 988, 1598, 1001, 1001, 1001, 1001, 1500, 1500, 1500, 1500] | 13:19:40.026561
13:19:40.026974 ALT: 0.19
13:19:40.027036 ATT: [-21.2, 0.8, 358]
13:19:40.027304 ACC: [-8, -186, 480]
[1500, 1500, 988, 1500, 988, 988, 988, 1598, 1001, 1001, 1001, 1001, 1500, 1500, 1500, 1500] | 13:19:40.033335
[1500, 1500, 988, 1500, 988, 988, 988, 1598, 1001, 1001, 1001, 1001, 1500, 1500, 1500, 1500] | 13:19:40.040301
[1500, 1500, 988, 1500, 988, 988, 988, 1598, 1001, 1001, 1001, 1001, 1500, 1500, 1500, 1500] | 13:19:40.045918
[1500, 1500, 988, 1500, 988, 988, 988, 1598, 1001, 1001, 1001, 1001, 1500, 1500, 1500, 1500] | 13:19:40.052924
13:19:40.059244 Navigation got ALT: 0.19
[1500, 1500, 988, 1500, 988, 988, 988, 1600, 1001, 1001, 1001, 1001, 1500, 1500, 1500, 1500] | 13:19:40.059329
[1500, 1500, 988, 1500, 988, 988, 988, 1600, 1001, 1001, 1001, 1001, 1500, 1500, 1500, 1500] | 13:19:40.065951
[1500, 1500, 988, 1500, 988, 988, 988, 1600, 1001, 1001, 1001, 1001, 1500, 1500, 1500, 1500] | 13:19:40.072747
13:19:40.074441 ALT: 0.19
13:19:40.074874 ATT: [-21.2, 0.8, 358]
13:19:40.075304 ACC: [-8, -186, 480]
[1500, 1500, 988, 1500, 988, 988, 988, 1600, 1001, 1001, 1001, 1001, 1500, 1500, 1500, 1500] | 13:19:40.079347
[1500, 1500, 988, 1500, 988, 988, 988, 1600, 1001, 1001, 1001, 1001, 1500, 1500, 1500, 1500] | 13:19:40.085965
13:19:40.092813 Navigation got ALT: 0.19
[1500, 1500, 988, 1499, 988, 988, 988, 1600, 1001, 1001, 1001, 1001, 1500, 1500, 1500, 1500] | 13:19:40.093070
[1500, 1500, 988, 1499, 988, 988, 988, 1600, 1001, 1001, 1001, 1001, 1500, 1500, 1500, 1500] | 13:19:40.099302
[1500, 1500, 988, 1499, 988, 988, 988, 1600, 1001, 1001, 1001, 1001, 1500, 1500, 1500, 1500] | 13:19:40.106212
[1500, 1500, 988, 1499, 988, 988, 988, 1600, 1001, 1001, 1001, 1001, 1500, 1500, 1500, 1500] | 13:19:40.112655
[1500, 1500, 988, 1499, 988, 988, 988, 1600, 1001, 1001, 1001, 1001, 1500, 1500, 1500, 1500] | 13:19:40.119382
13:19:40.122569 ALT: 0.19
13:19:40.122956 ATT: [-21.2, 0.8, 357]
13:19:40.123424 ACC: [-7, -186, 479]
13:19:40.126512 Navigation got ALT: 0.19
[1500, 1500, 988, 1500, 988, 988, 988, 1600, 1001, 1001, 1001, 1001, 1500, 1500, 1500, 1500] | 13:19:40.126635
[1500, 1500, 988, 1500, 988, 988, 988, 1600, 1001, 1001, 1001, 1001, 1500, 1500, 1500, 1500] | 13:19:40.132708
[1500, 1500, 988, 1500, 988, 988, 988, 1600, 1001, 1001, 1001, 1001, 1500, 1500, 1500, 1500] | 13:19:40.140341
[1500, 1500, 988, 1500, 988, 988, 988, 1600, 1001, 1001, 1001, 1001, 1500, 1500, 1500, 1500] | 13:19:40.145926
[1500, 1500, 988, 1500, 988, 988, 988, 1600, 1001, 1001, 1001, 1001, 1500, 1500, 1500, 1500] | 13:19:40.152688
13:19:40.159241 Navigation got ALT: 0.19
[1499, 1500, 988, 1500, 988, 988, 988, 1600, 1001, 1001, 1001, 1001, 1500, 1500, 1500, 1500] | 13:19:40.159328
[1499, 1500, 988, 1500, 988, 988, 988, 1600, 1001, 1001, 1001, 1001, 1500, 1500, 1500, 1500] | 13:19:40.165931
13:19:40.170032 ALT: 0.19
13:19:40.170128 ATT: [-21.2, 0.8, 356]
13:19:40.170416 ACC: [-7, -187, 480]
[1499, 1500, 988, 1500, 988, 988, 988, 1600, 1001, 1001, 1001, 1001, 1500, 1500, 1500, 1500] | 13:19:40.172781
[1499, 1500, 988, 1500, 988, 988, 988, 1600, 1001, 1001, 1001, 1001, 1500, 1500, 1500, 1500] | 13:19:40.179299
[1499, 1500, 988, 1500, 988, 988, 988, 1600, 1001, 1001, 1001, 1001, 1500, 1500, 1500, 1500] | 13:19:40.186010
13:19:40.192711 Navigation got ALT: 0.19
[1499, 1500, 988, 1499, 988, 988, 988, 1600, 1001, 1001, 1001, 1001, 1500, 1500, 1500, 1500] | 13:19:40.192833
[1499, 1500, 988, 1499, 988, 988, 988, 1600, 1001, 1001, 1001, 1001, 1500, 1500, 1500, 1500] | 13:19:40.199300
[1499, 1500, 988, 1499, 988, 988, 988, 1600, 1001, 1001, 1001, 1001, 1500, 1500, 1500, 1500] | 13:19:40.206841
[1499, 1500, 988, 1499, 988, 988, 988, 1600, 1001, 1001, 1001, 1001, 1500, 1500, 1500, 1500] | 13:19:40.212729
13:19:40.218089 ALT: 0.19
13:19:40.218178 ATT: [-21.2, 0.8, 356]
13:19:40.218438 ACC: [-7, -186, 480]
[1499, 1500, 988, 1499, 988, 988, 988, 1600, 1001, 1001, 1001, 1001, 1500, 1500, 1500, 1500] | 13:19:40.219399
13:19:40.226240 Navigation got ALT: 0.19
[1500, 1500, 988, 1500, 988, 988, 988, 1600, 1001, 1001, 1001, 1001, 1500, 1500, 1500, 1500] | 13:19:40.226345
[1500, 1500, 988, 1500, 988, 988, 988, 1600, 1001, 1001, 1001, 1001, 1500, 1500, 1500, 1500] | 13:19:40.233030
[1500, 1500, 988, 1500, 988, 988, 988, 1600, 1001, 1001, 1001, 1001, 1500, 1500, 1500, 1500] | 13:19:40.239590
[1500, 1500, 988, 1500, 988, 988, 988, 1600, 1001, 1001, 1001, 1001, 1500, 1500, 1500, 1500] | 13:19:40.245900
[1500, 1500, 988, 1500, 988, 988, 988, 1600, 1001, 1001, 1001, 1001, 1500, 1500, 1500, 1500] | 13:19:40.252818
13:19:40.259269 Navigation got ALT: 0.19
[1500, 1500, 988, 1500, 988, 988, 989, 1598, 1001, 1001, 1001, 1001, 1500, 1500, 1500, 1500] | 13:19:40.259354
[1500, 1500, 988, 1500, 988, 988, 989, 1598, 1001, 1001, 1001, 1001, 1500, 1500, 1500, 1500] | 13:19:40.266316
13:19:40.266840 ALT: 0.19
13:19:40.266925 ATT: [-21.2, 0.8, 355]
13:19:40.267213 ACC: [-8, -186, 480]
[1500, 1500, 988, 1500, 988, 988, 989, 1598, 1001, 1001, 1001, 1001, 1500, 1500, 1500, 1500] | 13:19:40.272840
[1500, 1500, 988, 1500, 988, 988, 989, 1598, 1001, 1001, 1001, 1001, 1500, 1500, 1500, 1500] | 13:19:40.279310
[1500, 1500, 988, 1500, 988, 988, 989, 1598, 1001, 1001, 1001, 1001, 1500, 1500, 1500, 1500] | 13:19:40.285943
13:19:40.293178 Navigation got ALT: 0.19
[1500, 1500, 988, 1500, 988, 988, 988, 1600, 1001, 1001, 1001, 1001, 1500, 1500, 1500, 1500] | 13:19:40.293528
[1500, 1500, 988, 1500, 988, 988, 988, 1600, 1001, 1001, 1001, 1001, 1500, 1500, 1500, 1500] | 13:19:40.299442
[1500, 1500, 988, 1500, 988, 988, 988, 1600, 1001, 1001, 1001, 1001, 1500, 1500, 1500, 1500] | 13:19:40.306786
[1500, 1500, 988, 1500, 988, 988, 988, 1600, 1001, 1001, 1001, 1001, 1500, 1500, 1500, 1500] | 13:19:40.312623
13:19:40.313960 ALT: 0.19
13:19:40.314027 ATT: [-21.2, 0.8, 355]
13:19:40.314290 ACC: [-7, -186, 480]
[1500, 1500, 988, 1500, 988, 988, 988, 1600, 1001, 1001, 1001, 1001, 1500, 1500, 1500, 1500] | 13:19:40.319488
13:19:40.326252 Navigation got ALT: 0.19
[1500, 1499, 988, 1500, 988, 988, 988, 1600, 1001, 1001, 1001, 1001, 1500, 1500, 1500, 1500] | 13:19:40.326346
[1500, 1499, 988, 1500, 988, 988, 988, 1600, 1001, 1001, 1001, 1001, 1500, 1500, 1500, 1500] | 13:19:40.332899
[1500, 1499, 988, 1500, 988, 988, 988, 1600, 1001, 1001, 1001, 1001, 1500, 1500, 1500, 1500] | 13:19:40.339530
[1500, 1499, 988, 1500, 988, 988, 988, 1600, 1001, 1001, 1001, 1001, 1500, 1500, 1500, 1500] | 13:19:40.346040
[1500, 1499, 988, 1500, 988, 988, 988, 1600, 1001, 1001, 1001, 1001, 1500, 1500, 1500, 1500] | 13:19:40.352702
13:19:40.359233 Navigation got ALT: 0.19
[1499, 1500, 988, 1500, 988, 988, 988, 1600, 1001, 1001, 1001, 1001, 1500, 1500, 1500, 1500] | 13:19:40.359317
13:19:40.361926 ALT: 0.19
13:19:40.361966 ATT: [-21.2, 0.8, 355]
13:19:40.362170 ACC: [-7, -186, 481]
[1499, 1500, 988, 1500, 988, 988, 988, 1600, 1001, 1001, 1001, 1001, 1500, 1500, 1500, 1500] | 13:19:40.366318
[1499, 1500, 988, 1500, 988, 988, 988, 1600, 1001, 1001, 1001, 1001, 1500, 1500, 1500, 1500] | 13:19:40.372739
[1499, 1500, 988, 1500, 988, 988, 988, 1600, 1001, 1001, 1001, 1001, 1500, 1500, 1500, 1500] | 13:19:40.379305
[1499, 1500, 988, 1500, 988, 988, 988, 1600, 1001, 1001, 1001, 1001, 1500, 1500, 1500, 1500] | 13:19:40.385926
13:19:40.392781 Navigation got ALT: 0.19
[1500, 1499, 988, 1499, 988, 988, 988, 1600, 1001, 1001, 1001, 1001, 1500, 1500, 1500, 1500] | 13:19:40.392885
[1500, 1499, 988, 1499, 988, 988, 988, 1600, 1001, 1001, 1001, 1001, 1500, 1500, 1500, 1500] | 13:19:40.399609
[1500, 1499, 988, 1499, 988, 988, 988, 1600, 1001, 1001, 1001, 1001, 1500, 1500, 1500, 1500] | 13:19:40.406732
13:19:40.410105 ALT: 0.19
13:19:40.410194 ATT: [-21.2, 0.8, 355]
13:19:40.410508 ACC: [-7, -186, 479]
[1500, 1499, 988, 1499, 988, 988, 988, 1600, 1001, 1001, 1001, 1001, 1500, 1500, 1500, 1500] | 13:19:40.412623
[1500, 1499, 988, 1499, 988, 988, 988, 1600, 1001, 1001, 1001, 1001, 1500, 1500, 1500, 1500] | 13:19:40.419361
13:19:40.426268 Navigation got ALT: 0.19
[1500, 1500, 988, 1499, 988, 988, 988, 1600, 1001, 1001, 1001, 1001, 1500, 1500, 1500, 1500] | 13:19:40.426357
[1500, 1500, 988, 1499, 988, 988, 988, 1600, 1001, 1001, 1001, 1001, 1500, 1500, 1500, 1500] | 13:19:40.433073
[1500, 1500, 988, 1499, 988, 988, 988, 1600, 1001, 1001, 1001, 1001, 1500, 1500, 1500, 1500] | 13:19:40.439510
[1500, 1500, 988, 1499, 988, 988, 988, 1600, 1001, 1001, 1001, 1001, 1500, 1500, 1500, 1500] | 13:19:40.445874
[1500, 1500, 988, 1499, 988, 988, 988, 1600, 1001, 1001, 1001, 1001, 1500, 1500, 1500, 1500] | 13:19:40.452801
13:19:40.458849 ALT: 0.19
13:19:40.458940 ATT: [-21.2, 0.8, 355]
13:19:40.459193 ACC: [-7, -186, 480]
13:19:40.459906 Navigation got ALT: 0.19
[1500, 1500, 988, 1500, 988, 988, 988, 1600, 1001, 1001, 1001, 1001, 1500, 1500, 1500, 1500] | 13:19:40.459978
[1500, 1500, 988, 1500, 988, 988, 988, 1600, 1001, 1001, 1001, 1001, 1500, 1500, 1500, 1500] | 13:19:40.466233
[1500, 1500, 988, 1500, 988, 988, 988, 1600, 1001, 1001, 1001, 1001, 1500, 1500, 1500, 1500] | 13:19:40.472775
[1500, 1500, 988, 1500, 988, 988, 988, 1600, 1001, 1001, 1001, 1001, 1500, 1500, 1500, 1500] | 13:19:40.479240
[1500, 1500, 988, 1500, 988, 988, 988, 1600, 1001, 1001, 1001, 1001, 1500, 1500, 1500, 1500] | 13:19:40.485924
13:19:40.492872 Navigation got ALT: 0.19
[1500, 1500, 988, 1499, 988, 988, 988, 1600, 1001, 1001, 1001, 1001, 1500, 1500, 1500, 1500] | 13:19:40.493085
[1500, 1500, 988, 1499, 988, 988, 988, 1600, 1001, 1001, 1001, 1001, 1500, 1500, 1500, 1500] | 13:19:40.499569
[1500, 1500, 988, 1499, 988, 988, 988, 1600, 1001, 1001, 1001, 1001, 1500, 1500, 1500, 1500] | 13:19:40.506505
13:19:40.506700 ALT: 0.19
13:19:40.506743 ATT: [-21.2, 0.8, 355]
13:19:40.506967 ACC: [-7, -187, 480]
[1500, 1500, 988, 1499, 988, 988, 988, 1600, 1001, 1001, 1001, 1001, 1500, 1500, 1500, 1500] | 13:19:40.512702
[1500, 1500, 988, 1499, 988, 988, 988, 1600, 1001, 1001, 1001, 1001, 1500, 1500, 1500, 1500] | 13:19:40.519342
13:19:40.526183 Navigation got ALT: 0.19
[1500, 1500, 988, 1500, 988, 988, 988, 1600, 1001, 1001, 1001, 1001, 1500, 1500, 1500, 1500] | 13:19:40.526400
[1500, 1500, 988, 1500, 988, 988, 988, 1600, 1001, 1001, 1001, 1001, 1500, 1500, 1500, 1500] | 13:19:40.533040
[1500, 1500, 988, 1500, 988, 988, 988, 1600, 1001, 1001, 1001, 1001, 1500, 1500, 1500, 1500] | 13:19:40.540040
[1500, 1500, 988, 1500, 988, 988, 988, 1600, 1001, 1001, 1001, 1001, 1500, 1500, 1500, 1500] | 13:19:40.545899
[1500, 1500, 988, 1500, 988, 988, 988, 1600, 1001, 1001, 1001, 1001, 1500, 1500, 1500, 1500] | 13:19:40.552695
13:19:40.554204 ALT: 0.19
13:19:40.554435 ATT: [-21.2, 0.8, 354]
13:19:40.555272 ACC: [-7, -186, 480]
13:19:40.559776 Navigation got ALT: 0.19
[1500, 1500, 988, 1500, 988, 988, 988, 1600, 1001, 1001, 1001, 1001, 1500, 1500, 1500, 1500] | 13:19:40.559880
[1500, 1500, 988, 1500, 988, 988, 988, 1600, 1001, 1001, 1001, 1001, 1500, 1500, 1500, 1500] | 13:19:40.566324
[1500, 1500, 988, 1500, 988, 988, 988, 1600, 1001, 1001, 1001, 1001, 1500, 1500, 1500, 1500] | 13:19:40.572716
[1500, 1500, 988, 1500, 988, 988, 988, 1600, 1001, 1001, 1001, 1001, 1500, 1500, 1500, 1500] | 13:19:40.579265
[1500, 1500, 988, 1500, 988, 988, 988, 1600, 1001, 1001, 1001, 1001, 1500, 1500, 1500, 1500] | 13:19:40.586055
13:19:40.592771 Navigation got ALT: 0.19
[1501, 1497, 988, 1500, 988, 988, 988, 1600, 1001, 1001, 1001, 1001, 1500, 1500, 1500, 1500] | 13:19:40.592975
[1501, 1497, 988, 1500, 988, 988, 988, 1600, 1001, 1001, 1001, 1001, 1500, 1500, 1500, 1500] | 13:19:40.599550
13:19:40.602130 ALT: 0.19
13:19:40.602219 ATT: [-21.2, 0.8, 354]
13:19:40.602538 ACC: [-7, -186, 480]
[1501, 1497, 988, 1500, 988, 988, 988, 1600, 1001, 1001, 1001, 1001, 1500, 1500, 1500, 1500] | 13:19:40.606725
[1501, 1497, 988, 1500, 988, 988, 988, 1600, 1001, 1001, 1001, 1001, 1500, 1500, 1500, 1500] | 13:19:40.612644
[1501, 1497, 988, 1500, 988, 988, 988, 1600, 1001, 1001, 1001, 1001, 1500, 1500, 1500, 1500] | 13:19:40.619291
13:19:40.626215 Navigation got ALT: 0.19
[1500, 1499, 988, 1500, 988, 988, 988, 1600, 1001, 1001, 1001, 1001, 1500, 1500, 1500, 1500] | 13:19:40.626308
[1500, 1499, 988, 1500, 988, 988, 988, 1600, 1001, 1001, 1001, 1001, 1500, 1500, 1500, 1500] | 13:19:40.632910
[1500, 1499, 988, 1500, 988, 988, 988, 1600, 1001, 1001, 1001, 1001, 1500, 1500, 1500, 1500] | 13:19:40.639687
[1500, 1499, 988, 1500, 988, 988, 988, 1600, 1001, 1001, 1001, 1001, 1500, 1500, 1500, 1500] | 13:19:40.645901
13:19:40.650864 ALT: 0.19
13:19:40.650962 ATT: [-21.2, 0.8, 354]
13:19:40.651243 ACC: [-7, -186, 479]
[1500, 1499, 988, 1500, 988, 988, 988, 1600, 1001, 1001, 1001, 1001, 1500, 1500, 1500, 1500] | 13:19:40.652804
13:19:40.659691 Navigation got ALT: 0.19
[1499, 1500, 988, 1500, 988, 988, 988, 1600, 1001, 1001, 1001, 1001, 1500, 1500, 1500, 1500] | 13:19:40.659778
[1499, 1500, 988, 1500, 988, 988, 988, 1600, 1001, 1001, 1001, 1001, 1500, 1500, 1500, 1500] | 13:19:40.666180
[1499, 1500, 988, 1500, 988, 988, 988, 1600, 1001, 1001, 1001, 1001, 1500, 1500, 1500, 1500] | 13:19:40.672756
[1499, 1500, 988, 1500, 988, 988, 988, 1600, 1001, 1001, 1001, 1001, 1500, 1500, 1500, 1500] | 13:19:40.679233
[1499, 1500, 988, 1500, 988, 988, 988, 1600, 1001, 1001, 1001, 1001, 1500, 1500, 1500, 1500] | 13:19:40.685981
13:19:40.692806 Navigation got ALT: 0.19
[1499, 1500, 988, 1499, 986, 988, 988, 1600, 1001, 1001, 1001, 1001, 1500, 1500, 1500, 1500] | 13:19:40.692927
13:19:40.698228 ALT: 0.19
13:19:40.698321 ATT: [-21.2, 0.8, 354]
13:19:40.698761 ACC: [-7, -186, 479]
[1499, 1500, 988, 1499, 986, 988, 988, 1600, 1001, 1001, 1001, 1001, 1500, 1500, 1500, 1500] | 13:19:40.700051
[1499, 1500, 988, 1499, 986, 988, 988, 1600, 1001, 1001, 1001, 1001, 1500, 1500, 1500, 1500] | 13:19:40.707073
[1499, 1500, 988, 1499, 986, 988, 988, 1600, 1001, 1001, 1001, 1001, 1500, 1500, 1500, 1500] | 13:19:40.712703
[1499, 1500, 988, 1499, 986, 988, 988, 1600, 1001, 1001, 1001, 1001, 1500, 1500, 1500, 1500] | 13:19:40.719291
13:19:40.726146 Navigation got ALT: 0.19
[1499, 1500, 988, 1500, 988, 988, 988, 1600, 1001, 1001, 1001, 1001, 1500, 1500, 1500, 1500] | 13:19:40.726233
[1499, 1500, 988, 1500, 988, 988, 988, 1600, 1001, 1001, 1001, 1001, 1500, 1500, 1500, 1500] | 13:19:40.732790
[1499, 1500, 988, 1500, 988, 988, 988, 1600, 1001, 1001, 1001, 1001, 1500, 1500, 1500, 1500] | 13:19:40.739787
[1499, 1500, 988, 1500, 988, 988, 988, 1600, 1001, 1001, 1001, 1001, 1500, 1500, 1500, 1500] | 13:19:40.746008
13:19:40.746205 ALT: 0.19
13:19:40.746249 ATT: [-21.2, 0.8, 354]
13:19:40.746905 ACC: [-7, -186, 480]
[1499, 1500, 988, 1500, 988, 988, 988, 1600, 1001, 1001, 1001, 1001, 1500, 1500, 1500, 1500] | 13:19:40.752802
13:19:40.759225 Navigation got ALT: 0.19
[1500, 1500, 988, 1499, 988, 988, 988, 1600, 1001, 1001, 1001, 1001, 1500, 1500, 1500, 1500] | 13:19:40.759310
[1500, 1500, 988, 1499, 988, 988, 988, 1600, 1001, 1001, 1001, 1001, 1500, 1500, 1500, 1500] | 13:19:40.765950
[1500, 1500, 988, 1499, 988, 988, 988, 1600, 1001, 1001, 1001, 1001, 1500, 1500, 1500, 1500] | 13:19:40.772786
[1500, 1500, 988, 1499, 988, 988, 988, 1600, 1001, 1001, 1001, 1001, 1500, 1500, 1500, 1500] | 13:19:40.779229
[1500, 1500, 988, 1499, 988, 988, 988, 1600, 1001, 1001, 1001, 1001, 1500, 1500, 1500, 1500] | 13:19:40.785943
13:19:40.792848 Navigation got ALT: 0.19
[1500, 1500, 988, 1500, 988, 988, 988, 1600, 1001, 1001, 1001, 1001, 1500, 1500, 1500, 1500] | 13:19:40.793443
13:19:40.794113 ALT: 0.19
13:19:40.794182 ATT: [-21.2, 0.8, 354]
13:19:40.794419 ACC: [-7, -186, 479]
[1500, 1500, 988, 1500, 988, 988, 988, 1600, 1001, 1001, 1001, 1001, 1500, 1500, 1500, 1500] | 13:19:40.799547
[1500, 1500, 988, 1500, 988, 988, 988, 1600, 1001, 1001, 1001, 1001, 1500, 1500, 1500, 1500] | 13:19:40.807001
[1500, 1500, 988, 1500, 988, 988, 988, 1600, 1001, 1001, 1001, 1001, 1500, 1500, 1500, 1500] | 13:19:40.813326
13:19:40.826266 Navigation got ALT: 0.19
[1500, 1500, 988, 1500, 988, 988, 988, 1598, 1001, 1001, 1001, 1001, 1500, 1500, 1500, 1500] | 13:19:40.826351
[1500, 1500, 988, 1500, 988, 988, 988, 1598, 1001, 1001, 1001, 1001, 1500, 1500, 1500, 1500] | 13:19:40.832685
[1500, 1500, 988, 1500, 988, 988, 988, 1598, 1001, 1001, 1001, 1001, 1500, 1500, 1500, 1500] | 13:19:40.839656
13:19:40.842522 ALT: 0.19
13:19:40.842627 ATT: [-21.2, 0.8, 354]
13:19:40.842899 ACC: [-7, -186, 479]
[1500, 1500, 988, 1500, 988, 988, 988, 1598, 1001, 1001, 1001, 1001, 1500, 1500, 1500, 1500] | 13:19:40.845912
[1500, 1500, 988, 1500, 988, 988, 988, 1598, 1001, 1001, 1001, 1001, 1500, 1500, 1500, 1500] | 13:19:40.852847
13:19:40.859461 Navigation got ALT: 0.19
[1499, 1500, 988, 1500, 988, 988, 988, 1600, 1001, 1001, 1001, 1001, 1500, 1500, 1500, 1500] | 13:19:40.859587
[1499, 1500, 988, 1500, 988, 988, 988, 1600, 1001, 1001, 1001, 1001, 1500, 1500, 1500, 1500] | 13:19:40.865929
[1499, 1500, 988, 1500, 988, 988, 988, 1600, 1001, 1001, 1001, 1001, 1500, 1500, 1500, 1500] | 13:19:40.872734
[1499, 1500, 988, 1500, 988, 988, 988, 1600, 1001, 1001, 1001, 1001, 1500, 1500, 1500, 1500] | 13:19:40.879337
[1499, 1500, 988, 1500, 988, 988, 988, 1600, 1001, 1001, 1001, 1001, 1500, 1500, 1500, 1500] | 13:19:40.886007
13:19:40.890800 ALT: 0.19
13:19:40.890892 ATT: [-21.2, 0.8, 354]
13:19:40.891219 ACC: [-7, -187, 480]
13:19:40.892946 Navigation got ALT: 0.19
[1500, 1500, 988, 1500, 988, 988, 988, 1600, 1001, 1001, 1001, 1001, 1500, 1500, 1500, 1500] | 13:19:40.893229
[1500, 1500, 988, 1500, 988, 988, 988, 1600, 1001, 1001, 1001, 1001, 1500, 1500, 1500, 1500] | 13:19:40.899361
[1500, 1500, 988, 1500, 988, 988, 988, 1600, 1001, 1001, 1001, 1001, 1500, 1500, 1500, 1500] | 13:19:40.906281
[1500, 1500, 988, 1500, 988, 988, 988, 1600, 1001, 1001, 1001, 1001, 1500, 1500, 1500, 1500] | 13:19:40.912652
[1500, 1500, 988, 1500, 988, 988, 988, 1600, 1001, 1001, 1001, 1001, 1500, 1500, 1500, 1500] | 13:19:40.919337
13:19:40.926346 Navigation got ALT: 0.19
[1500, 1499, 988, 1500, 988, 988, 988, 1600, 1001, 1001, 1001, 1001, 1500, 1500, 1500, 1500] | 13:19:40.926489
[1500, 1499, 988, 1500, 988, 988, 988, 1600, 1001, 1001, 1001, 1001, 1500, 1500, 1500, 1500] | 13:19:40.932709
13:19:40.938623 ALT: 0.23
13:19:40.938711 ATT: [-21.2, 0.8, 354]
13:19:40.938983 ACC: [-7, -186, 480]
[1500, 1499, 988, 1500, 988, 988, 988, 1600, 1001, 1001, 1001, 1001, 1500, 1500, 1500, 1500] | 13:19:40.940479
[1500, 1499, 988, 1500, 988, 988, 988, 1600, 1001, 1001, 1001, 1001, 1500, 1500, 1500, 1500] | 13:19:40.945893
[1500, 1499, 988, 1500, 988, 988, 988, 1600, 1001, 1001, 1001, 1001, 1500, 1500, 1500, 1500] | 13:19:40.952781
13:19:40.959335 Navigation got ALT: 0.23
[1499, 1500, 988, 1500, 988, 988, 988, 1600, 1001, 1001, 1001, 1001, 1500, 1500, 1500, 1500] | 13:19:40.959423
[1499, 1500, 988, 1500, 988, 988, 988, 1600, 1001, 1001, 1001, 1001, 1500, 1500, 1500, 1500] | 13:19:40.965965
[1499, 1500, 988, 1500, 988, 988, 988, 1600, 1001, 1001, 1001, 1001, 1500, 1500, 1500, 1500] | 13:19:40.972719
[1499, 1500, 988, 1500, 988, 988, 988, 1600, 1001, 1001, 1001, 1001, 1500, 1500, 1500, 1500] | 13:19:40.979238
[1499, 1500, 988, 1500, 988, 988, 988, 1600, 1001, 1001, 1001, 1001, 1500, 1500, 1500, 1500] | 13:19:40.986012
13:19:40.993445 Navigation got ALT: 0.23
[1500, 1500, 988, 1500, 988, 988, 988, 1600, 1001, 1001, 1001, 1001, 1500, 1500, 1500, 1500] | 13:19:40.993675
[1500, 1500, 988, 1500, 988, 988, 988, 1600, 1001, 1001, 1001, 1001, 1500, 1500, 1500, 1500] | 13:19:40.999298
13:19:41.002174 ALT: 0.26
13:19:41.002265 ATT: [-21.2, 0.8, 354]
13:19:41.002573 ACC: [-7, -186, 480]
[1500, 1500, 988, 1500, 988, 988, 988, 1600, 1001, 1001, 1001, 1001, 1500, 1500, 1500, 1500] | 13:19:41.007021
[1500, 1500, 988, 1500, 988, 988, 988, 1600, 1001, 1001, 1001, 1001, 1500, 1500, 1500, 1500] | 13:19:41.012761
[1500, 1500, 988, 1500, 988, 988, 988, 1600, 1001, 1001, 1001, 1001, 1500, 1500, 1500, 1500] | 13:19:41.019314
13:19:41.026357 Navigation got ALT: 0.26
[1500, 1500, 988, 1499, 988, 988, 988, 1600, 1001, 1001, 1001, 1001, 1500, 1500, 1500, 1500] | 13:19:41.026483
[1500, 1500, 988, 1499, 988, 988, 988, 1600, 1001, 1001, 1001, 1001, 1500, 1500, 1500, 1500] | 13:19:41.032656
[1500, 1500, 988, 1499, 988, 988, 988, 1600, 1001, 1001, 1001, 1001, 1500, 1500, 1500, 1500] | 13:19:41.039693
[1500, 1500, 988, 1499, 988, 988, 988, 1600, 1001, 1001, 1001, 1001, 1500, 1500, 1500, 1500] | 13:19:41.045918
13:19:41.050516 ALT: 0.27
13:19:41.050665 ATT: [-21.2, 0.8, 354]
13:19:41.051149 ACC: [-7, -186, 480]
[1500, 1500, 988, 1499, 988, 988, 988, 1600, 1001, 1001, 1001, 1001, 1500, 1500, 1500, 1500] | 13:19:41.052790
13:19:41.059329 Navigation got ALT: 0.27
[1500, 1500, 988, 1500, 988, 988, 988, 1598, 1001, 1001, 1001, 1001, 1500, 1500, 1500, 1500] | 13:19:41.059418
[1500, 1500, 988, 1500, 988, 988, 988, 1598, 1001, 1001, 1001, 1001, 1500, 1500, 1500, 1500] | 13:19:41.066058
[1500, 1500, 988, 1500, 988, 988, 988, 1598, 1001, 1001, 1001, 1001, 1500, 1500, 1500, 1500] | 13:19:41.072742
[1500, 1500, 988, 1500, 988, 988, 988, 1598, 1001, 1001, 1001, 1001, 1500, 1500, 1500, 1500] | 13:19:41.079294
[1500, 1500, 988, 1500, 988, 988, 988, 1598, 1001, 1001, 1001, 1001, 1500, 1500, 1500, 1500] | 13:19:41.085957
13:19:41.092750 Navigation got ALT: 0.27
[1500, 1500, 988, 1500, 988, 988, 988, 1598, 1001, 1001, 1001, 1001, 1500, 1500, 1500, 1500] | 13:19:41.092928
13:19:41.098097 ALT: 0.27
13:19:41.098185 ATT: [-21.2, 0.8, 354]
13:19:41.098484 ACC: [-7, -186, 480]
[1500, 1500, 988, 1500, 988, 988, 988, 1598, 1001, 1001, 1001, 1001, 1500, 1500, 1500, 1500] | 13:19:41.099481
[1500, 1500, 988, 1500, 988, 988, 988, 1598, 1001, 1001, 1001, 1001, 1500, 1500, 1500, 1500] | 13:19:41.106246
[1500, 1500, 988, 1500, 988, 988, 988, 1598, 1001, 1001, 1001, 1001, 1500, 1500, 1500, 1500] | 13:19:41.112692
[1500, 1500, 988, 1500, 988, 988, 988, 1598, 1001, 1001, 1001, 1001, 1500, 1500, 1500, 1500] | 13:19:41.119377
13:19:41.126443 Navigation got ALT: 0.27
[1500, 1500, 988, 1500, 988, 988, 988, 1600, 1001, 1001, 1001, 1001, 1500, 1500, 1500, 1500] | 13:19:41.126657
[1500, 1500, 988, 1500, 988, 988, 988, 1600, 1001, 1001, 1001, 1001, 1500, 1500, 1500, 1500] | 13:19:41.132837
[1500, 1500, 988, 1500, 988, 988, 988, 1600, 1001, 1001, 1001, 1001, 1500, 1500, 1500, 1500] | 13:19:41.139490
[1500, 1500, 988, 1500, 988, 988, 988, 1600, 1001, 1001, 1001, 1001, 1500, 1500, 1500, 1500] | 13:19:41.145913
13:19:41.146218 ALT: 0.27
13:19:41.146263 ATT: [-21.2, 0.8, 354]
13:19:41.146561 ACC: [-8, -186, 480]
[1500, 1500, 988, 1500, 988, 988, 988, 1600, 1001, 1001, 1001, 1001, 1500, 1500, 1500, 1500] | 13:19:41.152785
13:19:41.159281 Navigation got ALT: 0.27
[1500, 1500, 988, 1500, 988, 988, 988, 1600, 1001, 1001, 1001, 1001, 1500, 1500, 1500, 1500] | 13:19:41.159367
[1500, 1500, 988, 1500, 988, 988, 988, 1600, 1001, 1001, 1001, 1001, 1500, 1500, 1500, 1500] | 13:19:41.166018
[1500, 1500, 988, 1500, 988, 988, 988, 1600, 1001, 1001, 1001, 1001, 1500, 1500, 1500, 1500] | 13:19:41.172894
[1500, 1500, 988, 1500, 988, 988, 988, 1600, 1001, 1001, 1001, 1001, 1500, 1500, 1500, 1500] | 13:19:41.179266
[1500, 1500, 988, 1500, 988, 988, 988, 1600, 1001, 1001, 1001, 1001, 1500, 1500, 1500, 1500] | 13:19:41.186140
13:19:41.197021 ALT: 0.27
13:19:41.197163 ATT: [-21.2, 0.8, 354]
13:19:41.197634 ACC: [-7, -186, 480]
13:19:41.199265 Navigation got ALT: 0.27
[1500, 1500, 988, 1500, 988, 988, 988, 1600, 1001, 1001, 1001, 1001, 1500, 1500, 1500, 1500] | 13:19:41.199720
[1500, 1500, 988, 1500, 988, 988, 988, 1600, 1001, 1001, 1001, 1001, 1500, 1500, 1500, 1500] | 13:19:41.201229
[1500, 1500, 988, 1500, 988, 988, 988, 1600, 1001, 1001, 1001, 1001, 1500, 1500, 1500, 1500] | 13:19:41.205977
[1500, 1500, 988, 1500, 988, 988, 988, 1600, 1001, 1001, 1001, 1001, 1500, 1500, 1500, 1500] | 13:19:41.212624
[1500, 1500, 988, 1500, 988, 988, 988, 1600, 1001, 1001, 1001, 1001, 1500, 1500, 1500, 1500] | 13:19:41.219492
[1500, 1500, 988, 1500, 988, 988, 988, 1600, 1001, 1001, 1001, 1001, 1500, 1500, 1500, 1500] | 13:19:41.226083
13:19:41.232644 Navigation got ALT: 0.27
[1500, 1500, 988, 1499, 988, 988, 988, 1600, 1001, 1001, 1001, 1001, 1500, 1500, 1500, 1500] | 13:19:41.232729
[1500, 1500, 988, 1499, 988, 988, 988, 1600, 1001, 1001, 1001, 1001, 1500, 1500, 1500, 1500] | 13:19:41.239681
13:19:41.242649 ALT: 0.27
13:19:41.242752 ATT: [-21.2, 0.8, 354]
13:19:41.243078 ACC: [-7, -186, 480]
[1500, 1500, 988, 1499, 988, 988, 988, 1600, 1001, 1001, 1001, 1001, 1500, 1500, 1500, 1500] | 13:19:41.245954
[1500, 1500, 988, 1499, 988, 988, 988, 1600, 1001, 1001, 1001, 1001, 1500, 1500, 1500, 1500] | 13:19:41.252914
[1500, 1500, 988, 1499, 988, 988, 988, 1600, 1001, 1001, 1001, 1001, 1500, 1500, 1500, 1500] | 13:19:41.259230
13:19:41.266341 Navigation got ALT: 0.27
[1500, 1500, 988, 1500, 988, 988, 988, 1598, 1001, 1001, 1001, 1001, 1500, 1500, 1500, 1500] | 13:19:41.266431
[1500, 1500, 988, 1500, 988, 988, 988, 1598, 1001, 1001, 1001, 1001, 1500, 1500, 1500, 1500] | 13:19:41.273067
[1500, 1500, 988, 1500, 988, 988, 988, 1598, 1001, 1001, 1001, 1001, 1500, 1500, 1500, 1500] | 13:19:41.279727
[1500, 1500, 988, 1500, 988, 988, 988, 1598, 1001, 1001, 1001, 1001, 1500, 1500, 1500, 1500] | 13:19:41.286056
13:19:41.290508 ALT: 0.27
13:19:41.290601 ATT: [-21.2, 0.8, 354]
13:19:41.290876 ACC: [-7, -186, 480]
[1500, 1500, 988, 1500, 988, 988, 988, 1598, 1001, 1001, 1001, 1001, 1500, 1500, 1500, 1500] | 13:19:41.292959
13:19:41.299255 Navigation got ALT: 0.27
[1500, 1500, 988, 1500, 988, 988, 988, 1600, 1001, 1001, 1001, 1001, 1500, 1500, 1500, 1500] | 13:19:41.299340
[1500, 1500, 988, 1500, 988, 988, 988, 1600, 1001, 1001, 1001, 1001, 1500, 1500, 1500, 1500] | 13:19:41.306003
[1500, 1500, 988, 1500, 988, 988, 988, 1600, 1001, 1001, 1001, 1001, 1500, 1500, 1500, 1500] | 13:19:41.312649
[1500, 1500, 988, 1500, 988, 988, 988, 1600, 1001, 1001, 1001, 1001, 1500, 1500, 1500, 1500] | 13:19:41.319474
[1500, 1500, 988, 1500, 988, 988, 988, 1600, 1001, 1001, 1001, 1001, 1500, 1500, 1500, 1500] | 13:19:41.326168
13:19:41.332650 Navigation got ALT: 0.27
[1500, 1500, 988, 1500, 988, 988, 988, 1600, 1001, 1001, 1001, 1001, 1500, 1500, 1500, 1500] | 13:19:41.332731
13:19:41.338584 ALT: 0.27
13:19:41.338671 ATT: [-21.2, 0.8, 354]
13:19:41.339119 ACC: [-7, -186, 480]
[1500, 1500, 988, 1500, 988, 988, 988, 1600, 1001, 1001, 1001, 1001, 1500, 1500, 1500, 1500] | 13:19:41.340709
[1500, 1500, 988, 1500, 988, 988, 988, 1600, 1001, 1001, 1001, 1001, 1500, 1500, 1500, 1500] | 13:19:41.345981
[1500, 1500, 988, 1500, 988, 988, 988, 1600, 1001, 1001, 1001, 1001, 1500, 1500, 1500, 1500] | 13:19:41.353188
[1500, 1500, 988, 1500, 988, 988, 988, 1600, 1001, 1001, 1001, 1001, 1500, 1500, 1500, 1500] | 13:19:41.359582
13:19:41.365869 Navigation got ALT: 0.27
[1500, 1500, 988, 1500, 988, 988, 988, 1600, 1001, 1001, 1001, 1001, 1500, 1500, 1500, 1500] | 13:19:41.365952
[1500, 1500, 988, 1500, 988, 988, 988, 1600, 1001, 1001, 1001, 1001, 1500, 1500, 1500, 1500] | 13:19:41.372735
[1500, 1500, 988, 1500, 988, 988, 988, 1600, 1001, 1001, 1001, 1001, 1500, 1500, 1500, 1500] | 13:19:41.379255
[1500, 1500, 988, 1500, 988, 988, 988, 1600, 1001, 1001, 1001, 1001, 1500, 1500, 1500, 1500] | 13:19:41.386052
13:19:41.386308 ALT: 0.27
13:19:41.386358 ATT: [-21.2, 0.8, 354]
13:19:41.386690 ACC: [-7, -186, 480]
[1500, 1500, 988, 1500, 988, 988, 988, 1600, 1001, 1001, 1001, 1001, 1500, 1500, 1500, 1500] | 13:19:41.392968
13:19:41.399257 Navigation got ALT: 0.27
[1500, 1500, 988, 1500, 988, 988, 988, 1600, 1001, 1001, 1001, 1001, 1500, 1500, 1500, 1500] | 13:19:41.399342
[1500, 1500, 988, 1500, 988, 988, 988, 1600, 1001, 1001, 1001, 1001, 1500, 1500, 1500, 1500] | 13:19:41.406023
[1500, 1500, 988, 1500, 988, 988, 988, 1600, 1001, 1001, 1001, 1001, 1500, 1500, 1500, 1500] | 13:19:41.412691
[1500, 1500, 988, 1500, 988, 988, 988, 1600, 1001, 1001, 1001, 1001, 1500, 1500, 1500, 1500] | 13:19:41.419772
[1500, 1500, 988, 1500, 988, 988, 988, 1600, 1001, 1001, 1001, 1001, 1500, 1500, 1500, 1500] | 13:19:41.426282
13:19:41.432605 Navigation got ALT: 0.27
[1500, 1501, 988, 1500, 988, 988, 988, 1600, 1001, 1001, 1001, 1001, 1500, 1500, 1500, 1500] | 13:19:41.432688
13:19:41.434208 ALT: 0.27
13:19:41.434314 ATT: [-21.2, 0.8, 354]
13:19:41.434919 ACC: [-7, -186, 480]
[1500, 1501, 988, 1500, 988, 988, 988, 1600, 1001, 1001, 1001, 1001, 1500, 1500, 1500, 1500] | 13:19:41.439822
[1500, 1501, 988, 1500, 988, 988, 988, 1600, 1001, 1001, 1001, 1001, 1500, 1500, 1500, 1500] | 13:19:41.445956
[1500, 1501, 988, 1500, 988, 988, 988, 1600, 1001, 1001, 1001, 1001, 1500, 1500, 1500, 1500] | 13:19:41.453043
[1500, 1501, 988, 1500, 988, 988, 988, 1600, 1001, 1001, 1001, 1001, 1500, 1500, 1500, 1500] | 13:19:41.459416
13:19:41.465970 Navigation got ALT: 0.27
[1500, 1500, 988, 1500, 988, 988, 988, 1600, 1001, 1001, 1001, 1001, 1500, 1500, 1500, 1500] | 13:19:41.466055
[1500, 1500, 988, 1500, 988, 988, 988, 1600, 1001, 1001, 1001, 1001, 1500, 1500, 1500, 1500] | 13:19:41.472728
[1500, 1500, 988, 1500, 988, 988, 988, 1600, 1001, 1001, 1001, 1001, 1500, 1500, 1500, 1500] | 13:19:41.479299
13:19:41.482130 ALT: 0.27
13:19:41.482203 ATT: [-21.2, 0.8, 354]
13:19:41.482430 ACC: [-7, -186, 480]
[1500, 1500, 988, 1500, 988, 988, 988, 1600, 1001, 1001, 1001, 1001, 1500, 1500, 1500, 1500] | 13:19:41.486177
[1500, 1500, 988, 1500, 988, 988, 988, 1600, 1001, 1001, 1001, 1001, 1500, 1500, 1500, 1500] | 13:19:41.492844
13:19:41.499227 Navigation got ALT: 0.27
[1499, 1500, 988, 1500, 986, 988, 988, 1600, 1001, 1001, 1001, 1001, 1500, 1500, 1500, 1500] | 13:19:41.499308
[1499, 1500, 988, 1500, 986, 988, 988, 1600, 1001, 1001, 1001, 1001, 1500, 1500, 1500, 1500] | 13:19:41.506527
[1499, 1500, 988, 1500, 986, 988, 988, 1600, 1001, 1001, 1001, 1001, 1500, 1500, 1500, 1500] | 13:19:41.512794
[1499, 1500, 988, 1500, 986, 988, 988, 1600, 1001, 1001, 1001, 1001, 1500, 1500, 1500, 1500] | 13:19:41.519490
[1499, 1500, 988, 1500, 986, 988, 988, 1600, 1001, 1001, 1001, 1001, 1500, 1500, 1500, 1500] | 13:19:41.526367
13:19:41.530205 ALT: 0.27
13:19:41.530267 ATT: [-21.2, 0.8, 354]
13:19:41.530532 ACC: [-8, -186, 480]
13:19:41.532648 Navigation got ALT: 0.27
[1500, 1500, 988, 1499, 988, 988, 988, 1600, 1001, 1001, 1001, 1001, 1500, 1500, 1500, 1500] | 13:19:41.532726
[1500, 1500, 988, 1499, 988, 988, 988, 1600, 1001, 1001, 1001, 1001, 1500, 1500, 1500, 1500] | 13:19:41.539693
[1500, 1500, 988, 1499, 988, 988, 988, 1600, 1001, 1001, 1001, 1001, 1500, 1500, 1500, 1500] | 13:19:41.545981
[1500, 1500, 988, 1499, 988, 988, 988, 1600, 1001, 1001, 1001, 1001, 1500, 1500, 1500, 1500] | 13:19:41.552919
[1500, 1500, 988, 1499, 988, 988, 988, 1600, 1001, 1001, 1001, 1001, 1500, 1500, 1500, 1500] | 13:19:41.559332
13:19:41.565874 Navigation got ALT: 0.27
[1500, 1500, 988, 1500, 988, 988, 988, 1600, 1001, 1001, 1001, 1001, 1500, 1500, 1500, 1500] | 13:19:41.565954
[1500, 1500, 988, 1500, 988, 988, 988, 1600, 1001, 1001, 1001, 1001, 1500, 1500, 1500, 1500] | 13:19:41.572840
13:19:41.578270 ALT: 0.27
13:19:41.578359 ATT: [-21.2, 0.8, 354]
13:19:41.578640 ACC: [-8, -187, 480]
[1500, 1500, 988, 1500, 988, 988, 988, 1600, 1001, 1001, 1001, 1001, 1500, 1500, 1500, 1500] | 13:19:41.579441
[1500, 1500, 988, 1500, 988, 988, 988, 1600, 1001, 1001, 1001, 1001, 1500, 1500, 1500, 1500] | 13:19:41.586099
[1500, 1500, 988, 1500, 988, 988, 988, 1600, 1001, 1001, 1001, 1001, 1500, 1500, 1500, 1500] | 13:19:41.592869
13:19:41.599287 Navigation got ALT: 0.27
[1499, 1500, 988, 1500, 988, 988, 988, 1598, 1001, 1001, 1001, 1001, 1500, 1500, 1500, 1500] | 13:19:41.599374
[1499, 1500, 988, 1500, 988, 988, 988, 1598, 1001, 1001, 1001, 1001, 1500, 1500, 1500, 1500] | 13:19:41.606324
[1499, 1500, 988, 1500, 988, 988, 988, 1598, 1001, 1001, 1001, 1001, 1500, 1500, 1500, 1500] | 13:19:41.612649
[1499, 1500, 988, 1500, 988, 988, 988, 1598, 1001, 1001, 1001, 1001, 1500, 1500, 1500, 1500] | 13:19:41.619573
[1499, 1500, 988, 1500, 988, 988, 988, 1598, 1001, 1001, 1001, 1001, 1500, 1500, 1500, 1500] | 13:19:41.626699
13:19:41.626968 ALT: 0.27
13:19:41.627014 ATT: [-21.2, 0.8, 354]
13:19:41.627247 ACC: [-7, -186, 480]
13:19:41.632705 Navigation got ALT: 0.27
[1500, 1500, 988, 1499, 988, 988, 988, 1600, 1001, 1001, 1001, 1001, 1500, 1500, 1500, 1500] | 13:19:41.632789
[1500, 1500, 988, 1499, 988, 988, 988, 1600, 1001, 1001, 1001, 1001, 1500, 1500, 1500, 1500] | 13:19:41.640259
[1500, 1500, 988, 1499, 988, 988, 988, 1600, 1001, 1001, 1001, 1001, 1500, 1500, 1500, 1500] | 13:19:41.645912
[1500, 1500, 988, 1499, 988, 988, 988, 1600, 1001, 1001, 1001, 1001, 1500, 1500, 1500, 1500] | 13:19:41.653227
[1500, 1500, 988, 1499, 988, 988, 988, 1600, 1001, 1001, 1001, 1001, 1500, 1500, 1500, 1500] | 13:19:41.659484
13:19:41.665869 Navigation got ALT: 0.27
[1500, 1500, 988, 1500, 988, 988, 988, 1600, 1001, 1001, 1001, 1001, 1500, 1500, 1500, 1500] | 13:19:41.665947
[1500, 1500, 988, 1500, 988, 988, 988, 1600, 1001, 1001, 1001, 1001, 1500, 1500, 1500, 1500] | 13:19:41.672736
13:19:41.674588 ALT: 0.27
13:19:41.674725 ATT: [-21.2, 0.8, 353]
13:19:41.675173 ACC: [-7, -187, 480]
[1500, 1500, 988, 1500, 988, 988, 988, 1600, 1001, 1001, 1001, 1001, 1500, 1500, 1500, 1500] | 13:19:41.679384
[1500, 1500, 988, 1500, 988, 988, 988, 1600, 1001, 1001, 1001, 1001, 1500, 1500, 1500, 1500] | 13:19:41.686337
[1500, 1500, 988, 1500, 988, 988, 988, 1600, 1001, 1001, 1001, 1001, 1500, 1500, 1500, 1500] | 13:19:41.692848
13:19:41.699241 Navigation got ALT: 0.27
[1499, 1500, 988, 1500, 989, 986, 988, 1600, 1001, 1001, 1001, 1001, 1500, 1500, 1500, 1500] | 13:19:41.699324
[1499, 1500, 988, 1500, 989, 986, 988, 1600, 1001, 1001, 1001, 1001, 1500, 1500, 1500, 1500] | 13:19:41.706525
[1499, 1500, 988, 1500, 989, 986, 988, 1600, 1001, 1001, 1001, 1001, 1500, 1500, 1500, 1500] | 13:19:41.712763
[1499, 1500, 988, 1500, 989, 986, 988, 1600, 1001, 1001, 1001, 1001, 1500, 1500, 1500, 1500] | 13:19:41.719709
13:19:41.722597 ALT: 0.27
13:19:41.722684 ATT: [-21.2, 0.8, 353]
13:19:41.723048 ACC: [-7, -187, 480]
[1499, 1500, 988, 1500, 989, 986, 988, 1600, 1001, 1001, 1001, 1001, 1500, 1500, 1500, 1500] | 13:19:41.726251
13:19:41.732651 Navigation got ALT: 0.27
[1500, 1499, 988, 1500, 988, 988, 988, 1598, 1001, 1001, 1001, 1001, 1500, 1500, 1500, 1500] | 13:19:41.732732
[1500, 1499, 988, 1500, 988, 988, 988, 1598, 1001, 1001, 1001, 1001, 1500, 1500, 1500, 1500] | 13:19:41.740082
[1500, 1499, 988, 1500, 988, 988, 988, 1598, 1001, 1001, 1001, 1001, 1500, 1500, 1500, 1500] | 13:19:41.745940
[1500, 1499, 988, 1500, 988, 988, 988, 1598, 1001, 1001, 1001, 1001, 1500, 1500, 1500, 1500] | 13:19:41.753305
[1500, 1499, 988, 1500, 988, 988, 988, 1598, 1001, 1001, 1001, 1001, 1500, 1500, 1500, 1500] | 13:19:41.759335
13:19:41.765893 Navigation got ALT: 0.27
[1499, 1500, 988, 1500, 988, 988, 989, 1598, 1001, 1001, 1001, 1001, 1500, 1500, 1500, 1500] | 13:19:41.765976
13:19:41.770244 ALT: 0.27
13:19:41.770336 ATT: [-21.2, 0.8, 353]
13:19:41.770660 ACC: [-7, -186, 479]
[1499, 1500, 988, 1500, 988, 988, 989, 1598, 1001, 1001, 1001, 1001, 1500, 1500, 1500, 1500] | 13:19:41.772815
[1499, 1500, 988, 1500, 988, 988, 989, 1598, 1001, 1001, 1001, 1001, 1500, 1500, 1500, 1500] | 13:19:41.779282
[1499, 1500, 988, 1500, 988, 988, 989, 1598, 1001, 1001, 1001, 1001, 1500, 1500, 1500, 1500] | 13:19:41.786396
[1499, 1500, 988, 1500, 988, 988, 989, 1598, 1001, 1001, 1001, 1001, 1500, 1500, 1500, 1500] | 13:19:41.792850
13:19:41.799332 Navigation got ALT: 0.27
[1500, 1500, 988, 1499, 988, 988, 988, 1600, 1001, 1001, 1001, 1001, 1500, 1500, 1500, 1500] | 13:19:41.799416
[1500, 1500, 988, 1499, 988, 988, 988, 1600, 1001, 1001, 1001, 1001, 1500, 1500, 1500, 1500] | 13:19:41.806011
[1500, 1500, 988, 1499, 988, 988, 988, 1600, 1001, 1001, 1001, 1001, 1500, 1500, 1500, 1500] | 13:19:41.812668
13:19:41.818809 ALT: 0.27
13:19:41.819015 ATT: [-21.2, 0.8, 353]
13:19:41.819503 ACC: [-7, -186, 480]
[1500, 1500, 988, 1499, 988, 988, 988, 1600, 1001, 1001, 1001, 1001, 1500, 1500, 1500, 1500] | 13:19:41.820591
[1500, 1500, 988, 1499, 988, 988, 988, 1600, 1001, 1001, 1001, 1001, 1500, 1500, 1500, 1500] | 13:19:41.826382
13:19:41.832633 Navigation got ALT: 0.27
[1500, 1500, 988, 1500, 988, 988, 988, 1600, 1001, 1001, 1001, 1001, 1500, 1500, 1500, 1500] | 13:19:41.832715
[1500, 1500, 988, 1500, 988, 988, 988, 1600, 1001, 1001, 1001, 1001, 1500, 1500, 1500, 1500] | 13:19:41.839718
[1500, 1500, 988, 1500, 988, 988, 988, 1600, 1001, 1001, 1001, 1001, 1500, 1500, 1500, 1500] | 13:19:41.845926
[1500, 1500, 988, 1500, 988, 988, 988, 1600, 1001, 1001, 1001, 1001, 1500, 1500, 1500, 1500] | 13:19:41.853525
[1500, 1500, 988, 1500, 988, 988, 988, 1600, 1001, 1001, 1001, 1001, 1500, 1500, 1500, 1500] | 13:19:41.859465
13:19:41.866068 Navigation got ALT: 0.27
[1500, 1500, 988, 1500, 988, 988, 988, 1598, 1001, 1001, 1001, 1001, 1500, 1500, 1500, 1500] | 13:19:41.866176
[1500, 1500, 988, 1500, 988, 988, 988, 1598, 1001, 1001, 1001, 1001, 1500, 1500, 1500, 1500] | 13:19:41.872792
[1500, 1500, 988, 1500, 988, 988, 988, 1598, 1001, 1001, 1001, 1001, 1500, 1500, 1500, 1500] | 13:19:41.879245
13:19:41.882256 ALT: 0.27
13:19:41.882350 ATT: [-21.2, 0.8, 353]
13:19:41.882736 ACC: [-7, -186, 480]
[1500, 1500, 988, 1500, 988, 988, 988, 1598, 1001, 1001, 1001, 1001, 1500, 1500, 1500, 1500] | 13:19:41.886517
[1500, 1500, 988, 1500, 988, 988, 988, 1598, 1001, 1001, 1001, 1001, 1500, 1500, 1500, 1500] | 13:19:41.892869
13:19:41.899269 Navigation got ALT: 0.27
[1500, 1500, 988, 1500, 988, 989, 986, 1600, 1001, 1001, 1001, 1001, 1500, 1500, 1500, 1500] | 13:19:41.899351
[1500, 1500, 988, 1500, 988, 989, 986, 1600, 1001, 1001, 1001, 1001, 1500, 1500, 1500, 1500] | 13:19:41.906033
[1500, 1500, 988, 1500, 988, 989, 986, 1600, 1001, 1001, 1001, 1001, 1500, 1500, 1500, 1500] | 13:19:41.912662
[1500, 1500, 988, 1500, 988, 989, 986, 1600, 1001, 1001, 1001, 1001, 1500, 1500, 1500, 1500] | 13:19:41.919587
[1500, 1500, 988, 1500, 988, 989, 986, 1600, 1001, 1001, 1001, 1001, 1500, 1500, 1500, 1500] | 13:19:41.926088
13:19:41.930254 ALT: 0.27
13:19:41.930337 ATT: [-21.2, 0.8, 353]
13:19:41.930652 ACC: [-8, -186, 480]
13:19:41.932682 Navigation got ALT: 0.27
[1500, 1500, 988, 1499, 988, 988, 988, 1600, 1001, 1001, 1001, 1001, 1500, 1500, 1500, 1500] | 13:19:41.932759
[1500, 1500, 988, 1499, 988, 988, 988, 1600, 1001, 1001, 1001, 1001, 1500, 1500, 1500, 1500] | 13:19:41.939660
[1500, 1500, 988, 1499, 988, 988, 988, 1600, 1001, 1001, 1001, 1001, 1500, 1500, 1500, 1500] | 13:19:41.945997
[1500, 1500, 988, 1499, 988, 988, 988, 1600, 1001, 1001, 1001, 1001, 1500, 1500, 1500, 1500] | 13:19:41.953225
[1500, 1500, 988, 1499, 988, 988, 988, 1600, 1001, 1001, 1001, 1001, 1500, 1500, 1500, 1500] | 13:19:41.959299
13:19:41.965901 Navigation got ALT: 0.27
[1500, 1499, 988, 1500, 988, 988, 988, 1600, 1001, 1001, 1001, 1001, 1500, 1500, 1500, 1500] | 13:19:41.965982
[1500, 1499, 988, 1500, 988, 988, 988, 1600, 1001, 1001, 1001, 1001, 1500, 1500, 1500, 1500] | 13:19:41.972771
13:19:41.978316 ALT: 0.27
13:19:41.978406 ATT: [-21.2, 0.8, 353]
13:19:41.978786 ACC: [-7, -187, 480]
[1500, 1499, 988, 1500, 988, 988, 988, 1600, 1001, 1001, 1001, 1001, 1500, 1500, 1500, 1500] | 13:19:41.979400
[1500, 1499, 988, 1500, 988, 988, 988, 1600, 1001, 1001, 1001, 1001, 1500, 1500, 1500, 1500] | 13:19:41.986233
[1500, 1499, 988, 1500, 988, 988, 988, 1600, 1001, 1001, 1001, 1001, 1500, 1500, 1500, 1500] | 13:19:41.992846
13:19:41.999308 Navigation got ALT: 0.27
[1500, 1500, 988, 1500, 988, 988, 988, 1600, 1001, 1001, 1001, 1001, 1500, 1500, 1500, 1500] | 13:19:41.999393
[1500, 1500, 988, 1500, 988, 988, 988, 1600, 1001, 1001, 1001, 1001, 1500, 1500, 1500, 1500] | 13:19:42.005975
[1500, 1500, 988, 1500, 988, 988, 988, 1600, 1001, 1001, 1001, 1001, 1500, 1500, 1500, 1500] | 13:19:42.012668
[1500, 1500, 988, 1500, 988, 988, 988, 1600, 1001, 1001, 1001, 1001, 1500, 1500, 1500, 1500] | 13:19:42.019868
[1500, 1500, 988, 1500, 988, 988, 988, 1600, 1001, 1001, 1001, 1001, 1500, 1500, 1500, 1500] | 13:19:42.026585
13:19:42.027002 ALT: 0.27
13:19:42.027074 ATT: [-21.2, 0.8, 353]
13:19:42.027351 ACC: [-7, -187, 480]
13:19:42.032714 Navigation got ALT: 0.27
[1500, 1500, 988, 1499, 988, 988, 988, 1598, 1001, 1001, 1001, 1001, 1500, 1500, 1500, 1500] | 13:19:42.032795
[1500, 1500, 988, 1499, 988, 988, 988, 1598, 1001, 1001, 1001, 1001, 1500, 1500, 1500, 1500] | 13:19:42.039743
[1500, 1500, 988, 1499, 988, 988, 988, 1598, 1001, 1001, 1001, 1001, 1500, 1500, 1500, 1500] | 13:19:42.045924
[1500, 1500, 988, 1499, 988, 988, 988, 1598, 1001, 1001, 1001, 1001, 1500, 1500, 1500, 1500] | 13:19:42.053373
[1500, 1500, 988, 1499, 988, 988, 988, 1598, 1001, 1001, 1001, 1001, 1500, 1500, 1500, 1500] | 13:19:42.059501
13:19:42.065926 Navigation got ALT: 0.27
[1500, 1500, 988, 1500, 988, 988, 988, 1600, 1001, 1001, 1001, 1001, 1500, 1500, 1500, 1500] | 13:19:42.066011
[1500, 1500, 988, 1500, 988, 988, 988, 1600, 1001, 1001, 1001, 1001, 1500, 1500, 1500, 1500] | 13:19:42.072778
13:19:42.074817 ALT: 0.27
13:19:42.075114 ATT: [-21.2, 0.8, 353]
13:19:42.075531 ACC: [-7, -186, 479]
[1500, 1500, 988, 1500, 988, 988, 988, 1600, 1001, 1001, 1001, 1001, 1500, 1500, 1500, 1500] | 13:19:42.079384
[1500, 1500, 988, 1500, 988, 988, 988, 1600, 1001, 1001, 1001, 1001, 1500, 1500, 1500, 1500] | 13:19:42.086430
[1500, 1500, 988, 1500, 988, 988, 988, 1600, 1001, 1001, 1001, 1001, 1500, 1500, 1500, 1500] | 13:19:42.092939
13:19:42.099284 Navigation got ALT: 0.27
[1500, 1500, 988, 1500, 988, 988, 986, 1600, 1001, 1001, 1001, 1001, 1500, 1500, 1500, 1500] | 13:19:42.099369
[1500, 1500, 988, 1500, 988, 988, 986, 1600, 1001, 1001, 1001, 1001, 1500, 1500, 1500, 1500] | 13:19:42.106022
[1500, 1500, 988, 1500, 988, 988, 986, 1600, 1001, 1001, 1001, 1001, 1500, 1500, 1500, 1500] | 13:19:42.112671
[1500, 1500, 988, 1500, 988, 988, 986, 1600, 1001, 1001, 1001, 1001, 1500, 1500, 1500, 1500] | 13:19:42.119689
13:19:42.122668 ALT: 0.27
13:19:42.122984 ATT: [-21.2, 0.8, 353]
13:19:42.123775 ACC: [-8, -186, 480]
[1500, 1500, 988, 1500, 988, 988, 986, 1600, 1001, 1001, 1001, 1001, 1500, 1500, 1500, 1500] | 13:19:42.126232
13:19:42.132700 Navigation got ALT: 0.27
[1500, 1500, 988, 1500, 988, 988, 988, 1598, 1001, 1001, 1001, 1001, 1500, 1500, 1500, 1500] | 13:19:42.132787
[1500, 1500, 988, 1500, 988, 988, 988, 1598, 1001, 1001, 1001, 1001, 1500, 1500, 1500, 1500] | 13:19:42.140014
[1500, 1500, 988, 1500, 988, 988, 988, 1598, 1001, 1001, 1001, 1001, 1500, 1500, 1500, 1500] | 13:19:42.145957
[1500, 1500, 988, 1500, 988, 988, 988, 1598, 1001, 1001, 1001, 1001, 1500, 1500, 1500, 1500] | 13:19:42.153221
[1500, 1500, 988, 1500, 988, 988, 988, 1598, 1001, 1001, 1001, 1001, 1500, 1500, 1500, 1500] | 13:19:42.159394
13:19:42.165887 Navigation got ALT: 0.27
[1500, 1500, 988, 1500, 988, 988, 988, 1600, 1001, 1001, 1001, 1001, 1500, 1500, 1500, 1500] | 13:19:42.166179
13:19:42.170336 ALT: 0.27
13:19:42.170427 ATT: [-21.2, 0.8, 353]
13:19:42.170743 ACC: [-7, -186, 480]
[1500, 1500, 988, 1500, 988, 988, 988, 1600, 1001, 1001, 1001, 1001, 1500, 1500, 1500, 1500] | 13:19:42.172754
[1500, 1500, 988, 1500, 988, 988, 988, 1600, 1001, 1001, 1001, 1001, 1500, 1500, 1500, 1500] | 13:19:42.179294
[1500, 1500, 988, 1500, 988, 988, 988, 1600, 1001, 1001, 1001, 1001, 1500, 1500, 1500, 1500] | 13:19:42.186417
[1500, 1500, 988, 1500, 988, 988, 988, 1600, 1001, 1001, 1001, 1001, 1500, 1500, 1500, 1500] | 13:19:42.192838
13:19:42.199312 Navigation got ALT: 0.27
[1499, 1500, 988, 1500, 988, 988, 988, 1600, 1001, 1001, 1001, 1001, 1500, 1500, 1500, 1500] | 13:19:42.199402
[1499, 1500, 988, 1500, 988, 988, 988, 1600, 1001, 1001, 1001, 1001, 1500, 1500, 1500, 1500] | 13:19:42.206074
[1499, 1500, 988, 1500, 988, 988, 988, 1600, 1001, 1001, 1001, 1001, 1500, 1500, 1500, 1500] | 13:19:42.212824
13:19:42.218318 ALT: 0.27
13:19:42.218428 ATT: [-21.2, 0.8, 353]
13:19:42.218957 ACC: [-7, -186, 480]
[1499, 1500, 988, 1500, 988, 988, 988, 1600, 1001, 1001, 1001, 1001, 1500, 1500, 1500, 1500] | 13:19:42.220932
[1499, 1500, 988, 1500, 988, 988, 988, 1600, 1001, 1001, 1001, 1001, 1500, 1500, 1500, 1500] | 13:19:42.226412
13:19:42.232609 Navigation got ALT: 0.27
[1499, 1500, 988, 1500, 988, 988, 988, 1600, 1001, 1001, 1001, 1001, 1500, 1500, 1500, 1500] | 13:19:42.232693
[1499, 1500, 988, 1500, 988, 988, 988, 1600, 1001, 1001, 1001, 1001, 1500, 1500, 1500, 1500] | 13:19:42.240207
[1499, 1500, 988, 1500, 988, 988, 988, 1600, 1001, 1001, 1001, 1001, 1500, 1500, 1500, 1500] | 13:19:42.245928
[1499, 1500, 988, 1500, 988, 988, 988, 1600, 1001, 1001, 1001, 1001, 1500, 1500, 1500, 1500] | 13:19:42.253504
[1499, 1500, 988, 1500, 988, 988, 988, 1600, 1001, 1001, 1001, 1001, 1500, 1500, 1500, 1500] | 13:19:42.259406
13:19:42.265936 Navigation got ALT: 0.27
[1500, 1500, 988, 1500, 988, 988, 988, 1600, 1001, 1001, 1001, 1001, 1500, 1500, 1500, 1500] | 13:19:42.266070
13:19:42.266276 ALT: 0.27
13:19:42.266317 ATT: [-21.2, 0.8, 353]
13:19:42.266566 ACC: [-7, -187, 480]
[1500, 1500, 988, 1500, 988, 988, 988, 1600, 1001, 1001, 1001, 1001, 1500, 1500, 1500, 1500] | 13:19:42.272855
[1500, 1500, 988, 1500, 988, 988, 988, 1600, 1001, 1001, 1001, 1001, 1500, 1500, 1500, 1500] | 13:19:42.279314
[1500, 1500, 988, 1500, 988, 988, 988, 1600, 1001, 1001, 1001, 1001, 1500, 1500, 1500, 1500] | 13:19:42.286399
[1500, 1500, 988, 1500, 988, 988, 988, 1600, 1001, 1001, 1001, 1001, 1500, 1500, 1500, 1500] | 13:19:42.292923
13:19:42.299242 Navigation got ALT: 0.27
[1499, 1500, 988, 1499, 988, 988, 988, 1600, 1001, 1001, 1001, 1001, 1500, 1500, 1500, 1500] | 13:19:42.299320
[1499, 1500, 988, 1499, 988, 988, 988, 1600, 1001, 1001, 1001, 1001, 1500, 1500, 1500, 1500] | 13:19:42.306366
[1499, 1500, 988, 1499, 988, 988, 988, 1600, 1001, 1001, 1001, 1001, 1500, 1500, 1500, 1500] | 13:19:42.312702
13:19:42.314220 ALT: 0.27
13:19:42.314276 ATT: [-21.2, 0.8, 353]
13:19:42.314538 ACC: [-7, -186, 479]
[1499, 1500, 988, 1499, 988, 988, 988, 1600, 1001, 1001, 1001, 1001, 1500, 1500, 1500, 1500] | 13:19:42.319943
[1499, 1500, 988, 1499, 988, 988, 988, 1600, 1001, 1001, 1001, 1001, 1500, 1500, 1500, 1500] | 13:19:42.326349
13:19:42.332683 Navigation got ALT: 0.27
[1500, 1500, 988, 1500, 988, 988, 988, 1598, 1001, 1001, 1001, 1001, 1500, 1500, 1500, 1500] | 13:19:42.332766
[1500, 1500, 988, 1500, 988, 988, 988, 1598, 1001, 1001, 1001, 1001, 1500, 1500, 1500, 1500] | 13:19:42.339649
[1500, 1500, 988, 1500, 988, 988, 988, 1598, 1001, 1001, 1001, 1001, 1500, 1500, 1500, 1500] | 13:19:42.345949
[1500, 1500, 988, 1500, 988, 988, 988, 1598, 1001, 1001, 1001, 1001, 1500, 1500, 1500, 1500] | 13:19:42.353154
[1500, 1500, 988, 1500, 988, 988, 988, 1598, 1001, 1001, 1001, 1001, 1500, 1500, 1500, 1500] | 13:19:42.359409
13:19:42.362251 ALT: 0.27
13:19:42.362307 ATT: [-21.2, 0.8, 353]
13:19:42.362581 ACC: [-7, -186, 480]
13:19:42.367164 Navigation got ALT: 0.27
[1500, 1500, 988, 1500, 988, 988, 988, 1600, 1001, 1001, 1001, 1001, 1500, 1500, 1500, 1500] | 13:19:42.367289
[1500, 1500, 988, 1500, 988, 988, 988, 1600, 1001, 1001, 1001, 1001, 1500, 1500, 1500, 1500] | 13:19:42.373056
[1500, 1500, 988, 1500, 988, 988, 988, 1600, 1001, 1001, 1001, 1001, 1500, 1500, 1500, 1500] | 13:19:42.379259
[1500, 1500, 988, 1500, 988, 988, 988, 1600, 1001, 1001, 1001, 1001, 1500, 1500, 1500, 1500] | 13:19:42.386580
[1500, 1500, 988, 1500, 988, 988, 988, 1600, 1001, 1001, 1001, 1001, 1500, 1500, 1500, 1500] | 13:19:42.392848
13:19:42.399282 Navigation got ALT: 0.27
[1500, 1500, 988, 1500, 988, 988, 988, 1600, 1001, 1001, 1001, 1001, 1500, 1500, 1500, 1500] | 13:19:42.399379
[1500, 1500, 988, 1500, 988, 988, 988, 1600, 1001, 1001, 1001, 1001, 1500, 1500, 1500, 1500] | 13:19:42.406384
13:19:42.410902 ALT: 0.27
13:19:42.411000 ATT: [-21.2, 0.8, 353]
13:19:42.411327 ACC: [-7, -186, 480]
[1500, 1500, 988, 1500, 988, 988, 988, 1600, 1001, 1001, 1001, 1001, 1500, 1500, 1500, 1500] | 13:19:42.412748
[1500, 1500, 988, 1500, 988, 988, 988, 1600, 1001, 1001, 1001, 1001, 1500, 1500, 1500, 1500] | 13:19:42.419776
[1500, 1500, 988, 1500, 988, 988, 988, 1600, 1001, 1001, 1001, 1001, 1500, 1500, 1500, 1500] | 13:19:42.426536
13:19:42.432626 Navigation got ALT: 0.27
[1500, 1500, 988, 1500, 988, 988, 988, 1600, 1001, 1001, 1001, 1001, 1500, 1500, 1500, 1500] | 13:19:42.432719
[1500, 1500, 988, 1500, 988, 988, 988, 1600, 1001, 1001, 1001, 1001, 1500, 1500, 1500, 1500] | 13:19:42.439575
[1500, 1500, 988, 1500, 988, 988, 988, 1600, 1001, 1001, 1001, 1001, 1500, 1500, 1500, 1500] | 13:19:42.445895
[1500, 1500, 988, 1500, 988, 988, 988, 1600, 1001, 1001, 1001, 1001, 1500, 1500, 1500, 1500] | 13:19:42.453204
13:19:42.458870 ALT: 0.27
13:19:42.458962 ATT: [-21.2, 0.8, 353]
13:19:42.459238 ACC: [-7, -186, 480]
[1500, 1500, 988, 1500, 988, 988, 988, 1600, 1001, 1001, 1001, 1001, 1500, 1500, 1500, 1500] | 13:19:42.460014
13:19:42.465977 Navigation got ALT: 0.27
[1500, 1500, 988, 1500, 988, 988, 988, 1600, 1001, 1001, 1001, 1001, 1500, 1500, 1500, 1500] | 13:19:42.466081
[1500, 1500, 988, 1500, 988, 988, 988, 1600, 1001, 1001, 1001, 1001, 1500, 1500, 1500, 1500] | 13:19:42.472849
[1500, 1500, 988, 1500, 988, 988, 988, 1600, 1001, 1001, 1001, 1001, 1500, 1500, 1500, 1500] | 13:19:42.479343
[1500, 1500, 988, 1500, 988, 988, 988, 1600, 1001, 1001, 1001, 1001, 1500, 1500, 1500, 1500] | 13:19:42.486400
[1500, 1500, 988, 1500, 988, 988, 988, 1600, 1001, 1001, 1001, 1001, 1500, 1500, 1500, 1500] | 13:19:42.492886
13:19:42.499315 Navigation got ALT: 0.27
[1499, 1500, 988, 1500, 988, 988, 988, 1600, 1001, 1001, 1001, 1001, 1500, 1500, 1500, 1500] | 13:19:42.499402
[1499, 1500, 988, 1500, 988, 988, 988, 1600, 1001, 1001, 1001, 1001, 1500, 1500, 1500, 1500] | 13:19:42.506478
13:19:42.507363 ALT: 0.27
13:19:42.507648 ATT: [-21.2, 0.8, 353]
13:19:42.508068 ACC: [-7, -186, 480]
[1499, 1500, 988, 1500, 988, 988, 988, 1600, 1001, 1001, 1001, 1001, 1500, 1500, 1500, 1500] | 13:19:42.512758
[1499, 1500, 988, 1500, 988, 988, 988, 1600, 1001, 1001, 1001, 1001, 1500, 1500, 1500, 1500] | 13:19:42.519749
[1499, 1500, 988, 1500, 988, 988, 988, 1600, 1001, 1001, 1001, 1001, 1500, 1500, 1500, 1500] | 13:19:42.526187
13:19:42.532714 Navigation got ALT: 0.27
[1499, 1500, 988, 1499, 988, 988, 988, 1600, 1001, 1001, 1001, 1001, 1500, 1500, 1500, 1500] | 13:19:42.532810
[1499, 1500, 988, 1499, 988, 988, 988, 1600, 1001, 1001, 1001, 1001, 1500, 1500, 1500, 1500] | 13:19:42.540103
[1499, 1500, 988, 1499, 988, 988, 988, 1600, 1001, 1001, 1001, 1001, 1500, 1500, 1500, 1500] | 13:19:42.545939
[1499, 1500, 988, 1499, 988, 988, 988, 1600, 1001, 1001, 1001, 1001, 1500, 1500, 1500, 1500] | 13:19:42.553095
13:19:42.555224 ALT: 0.27
13:19:42.555507 ATT: [-21.2, 0.8, 353]
13:19:42.556006 ACC: [-7, -186, 480]
[1499, 1500, 988, 1499, 988, 988, 988, 1600, 1001, 1001, 1001, 1001, 1500, 1500, 1500, 1500] | 13:19:42.559667
13:19:42.566028 Navigation got ALT: 0.27
[1500, 1500, 988, 1500, 988, 988, 988, 1600, 1001, 1001, 1001, 1001, 1500, 1500, 1500, 1500] | 13:19:42.566133
[1500, 1500, 988, 1500, 988, 988, 988, 1600, 1001, 1001, 1001, 1001, 1500, 1500, 1500, 1500] | 13:19:42.572942
[1500, 1500, 988, 1500, 988, 988, 988, 1600, 1001, 1001, 1001, 1001, 1500, 1500, 1500, 1500] | 13:19:42.579284
[1500, 1500, 988, 1500, 988, 988, 988, 1600, 1001, 1001, 1001, 1001, 1500, 1500, 1500, 1500] | 13:19:42.586684
[1500, 1500, 988, 1500, 988, 988, 988, 1600, 1001, 1001, 1001, 1001, 1500, 1500, 1500, 1500] | 13:19:42.593560
13:19:42.599427 Navigation got ALT: 0.27
[1500, 1500, 988, 1499, 988, 988, 988, 1600, 1001, 1001, 1001, 1001, 1500, 1500, 1500, 1500] | 13:19:42.599520
13:19:42.603125 ALT: 0.27
13:19:42.603218 ATT: [-21.2, 0.8, 353]
13:19:42.603494 ACC: [-7, -186, 480]
[1500, 1500, 988, 1499, 988, 988, 988, 1600, 1001, 1001, 1001, 1001, 1500, 1500, 1500, 1500] | 13:19:42.606136
[1500, 1500, 988, 1499, 988, 988, 988, 1600, 1001, 1001, 1001, 1001, 1500, 1500, 1500, 1500] | 13:19:42.612725
[1500, 1500, 988, 1499, 988, 988, 988, 1600, 1001, 1001, 1001, 1001, 1500, 1500, 1500, 1500] | 13:19:42.620186
[1500, 1500, 988, 1499, 988, 988, 988, 1600, 1001, 1001, 1001, 1001, 1500, 1500, 1500, 1500] | 13:19:42.626247
13:19:42.632644 Navigation got ALT: 0.27
[1500, 1500, 988, 1500, 988, 988, 988, 1598, 1001, 1001, 1001, 1001, 1500, 1500, 1500, 1500] | 13:19:42.632727
[1500, 1500, 988, 1500, 988, 988, 988, 1598, 1001, 1001, 1001, 1001, 1500, 1500, 1500, 1500] | 13:19:42.639681
[1500, 1500, 988, 1500, 988, 988, 988, 1598, 1001, 1001, 1001, 1001, 1500, 1500, 1500, 1500] | 13:19:42.645964
13:19:42.653183 ALT: 0.27
13:19:42.653294 ATT: [-21.2, 0.8, 353]
[1500, 1500, 988, 1500, 988, 988, 988, 1598, 1001, 1001, 1001, 1001, 1500, 1500, 1500, 1500] | 13:19:42.653999
13:19:42.654295 ACC: [-7, -186, 480]
[1500, 1500, 988, 1500, 988, 988, 988, 1598, 1001, 1001, 1001, 1001, 1500, 1500, 1500, 1500] | 13:19:42.659469
13:19:42.666367 Navigation got ALT: 0.27
[1500, 1500, 988, 1500, 988, 988, 988, 1598, 1001, 1001, 1001, 1001, 1500, 1500, 1500, 1500] | 13:19:42.666509
[1500, 1500, 988, 1500, 988, 988, 988, 1598, 1001, 1001, 1001, 1001, 1500, 1500, 1500, 1500] | 13:19:42.673760
[1500, 1500, 988, 1500, 988, 988, 988, 1598, 1001, 1001, 1001, 1001, 1500, 1500, 1500, 1500] | 13:19:42.679315
[1500, 1500, 988, 1500, 988, 988, 988, 1598, 1001, 1001, 1001, 1001, 1500, 1500, 1500, 1500] | 13:19:42.686426
[1500, 1500, 988, 1500, 988, 988, 988, 1598, 1001, 1001, 1001, 1001, 1500, 1500, 1500, 1500] | 13:19:42.692670
13:19:42.698574 ALT: 0.27
13:19:42.698672 ATT: [-21.2, 0.8, 353]
13:19:42.698986 ACC: [-7, -187, 480]
13:19:42.699655 Navigation got ALT: 0.27
[1500, 1500, 988, 1500, 988, 988, 988, 1600, 1001, 1001, 1001, 1001, 1500, 1500, 1500, 1500] | 13:19:42.699728
[1500, 1500, 988, 1500, 988, 988, 988, 1600, 1001, 1001, 1001, 1001, 1500, 1500, 1500, 1500] | 13:19:42.706080
[1500, 1500, 988, 1500, 988, 988, 988, 1600, 1001, 1001, 1001, 1001, 1500, 1500, 1500, 1500] | 13:19:42.712735
[1500, 1500, 988, 1500, 988, 988, 988, 1600, 1001, 1001, 1001, 1001, 1500, 1500, 1500, 1500] | 13:19:42.719798
[1500, 1500, 988, 1500, 988, 988, 988, 1600, 1001, 1001, 1001, 1001, 1500, 1500, 1500, 1500] | 13:19:42.726485
13:19:42.732656 Navigation got ALT: 0.27
[1500, 1500, 988, 1500, 988, 988, 988, 1600, 1001, 1001, 1001, 1001, 1500, 1500, 1500, 1500] | 13:19:42.732741
[1500, 1500, 988, 1500, 988, 988, 988, 1600, 1001, 1001, 1001, 1001, 1500, 1500, 1500, 1500] | 13:19:42.739776
[1500, 1500, 988, 1500, 988, 988, 988, 1600, 1001, 1001, 1001, 1001, 1500, 1500, 1500, 1500] | 13:19:42.745974
13:19:42.746276 ALT: 0.27
13:19:42.746321 ATT: [-21.2, 0.8, 353]
13:19:42.746573 ACC: [-7, -187, 480]
[1500, 1500, 988, 1500, 988, 988, 988, 1600, 1001, 1001, 1001, 1001, 1500, 1500, 1500, 1500] | 13:19:42.753357
[1500, 1500, 988, 1500, 988, 988, 988, 1600, 1001, 1001, 1001, 1001, 1500, 1500, 1500, 1500] | 13:19:42.759599
13:19:42.766023 Navigation got ALT: 0.27
[1500, 1499, 988, 1500, 988, 988, 988, 1600, 1001, 1001, 1001, 1001, 1500, 1500, 1500, 1500] | 13:19:42.766125
[1500, 1499, 988, 1500, 988, 988, 988, 1600, 1001, 1001, 1001, 1001, 1500, 1500, 1500, 1500] | 13:19:42.772977
[1500, 1499, 988, 1500, 988, 988, 988, 1600, 1001, 1001, 1001, 1001, 1500, 1500, 1500, 1500] | 13:19:42.779271
[1500, 1499, 988, 1500, 988, 988, 988, 1600, 1001, 1001, 1001, 1001, 1500, 1500, 1500, 1500] | 13:19:42.786203
[1500, 1499, 988, 1500, 988, 988, 988, 1600, 1001, 1001, 1001, 1001, 1500, 1500, 1500, 1500] | 13:19:42.792906
13:19:42.794794 ALT: 0.27
13:19:42.794889 ATT: [-21.2, 0.8, 353]
13:19:42.795230 ACC: [-7, -186, 479]
13:19:42.799390 Navigation got ALT: 0.27
[1499, 1500, 988, 1500, 988, 988, 988, 1600, 1001, 1001, 1001, 1001, 1500, 1500, 1500, 1500] | 13:19:42.799471
[1499, 1500, 988, 1500, 988, 988, 988, 1600, 1001, 1001, 1001, 1001, 1500, 1500, 1500, 1500] | 13:19:42.806106
[1499, 1500, 988, 1500, 988, 988, 988, 1600, 1001, 1001, 1001, 1001, 1500, 1500, 1500, 1500] | 13:19:42.812762
[1499, 1500, 988, 1500, 988, 988, 988, 1600, 1001, 1001, 1001, 1001, 1500, 1500, 1500, 1500] | 13:19:42.819710
[1499, 1500, 988, 1500, 988, 988, 988, 1600, 1001, 1001, 1001, 1001, 1500, 1500, 1500, 1500] | 13:19:42.826584
13:19:42.832633 Navigation got ALT: 0.27
[1500, 1500, 988, 1500, 988, 988, 988, 1600, 1001, 1001, 1001, 1001, 1500, 1500, 1500, 1500] | 13:19:42.832715
[1500, 1500, 988, 1500, 988, 988, 988, 1600, 1001, 1001, 1001, 1001, 1500, 1500, 1500, 1500] | 13:19:42.839599
13:19:42.842745 ALT: 0.27
13:19:42.842836 ATT: [-21.2, 0.8, 353]
13:19:42.843081 ACC: [-8, -186, 480]
[1500, 1500, 988, 1500, 988, 988, 988, 1600, 1001, 1001, 1001, 1001, 1500, 1500, 1500, 1500] | 13:19:42.845956
[1500, 1500, 988, 1500, 988, 988, 988, 1600, 1001, 1001, 1001, 1001, 1500, 1500, 1500, 1500] | 13:19:42.853445
[1500, 1500, 988, 1500, 988, 988, 988, 1600, 1001, 1001, 1001, 1001, 1500, 1500, 1500, 1500] | 13:19:42.860569
13:19:42.866120 Navigation got ALT: 0.27
[1500, 1500, 988, 1499, 988, 988, 988, 1600, 1001, 1001, 1001, 1001, 1500, 1500, 1500, 1500] | 13:19:42.866232
[1500, 1500, 988, 1499, 988, 988, 988, 1600, 1001, 1001, 1001, 1001, 1500, 1500, 1500, 1500] | 13:19:42.874206
[1500, 1500, 988, 1499, 988, 988, 988, 1600, 1001, 1001, 1001, 1001, 1500, 1500, 1500, 1500] | 13:19:42.879533
[1500, 1500, 988, 1499, 988, 988, 988, 1600, 1001, 1001, 1001, 1001, 1500, 1500, 1500, 1500] | 13:19:42.886371
13:19:42.890779 ALT: 0.27
13:19:42.890871 ATT: [-21.2, 0.8, 353]
13:19:42.891166 ACC: [-7, -187, 480]
[1500, 1500, 988, 1499, 988, 988, 988, 1600, 1001, 1001, 1001, 1001, 1500, 1500, 1500, 1500] | 13:19:42.893531
13:19:42.899313 Navigation got ALT: 0.27
[1500, 1500, 988, 1500, 988, 988, 988, 1600, 1001, 1001, 1001, 1001, 1500, 1500, 1500, 1500] | 13:19:42.899401
[1500, 1500, 988, 1500, 988, 988, 988, 1600, 1001, 1001, 1001, 1001, 1500, 1500, 1500, 1500] | 13:19:42.906066
[1500, 1500, 988, 1500, 988, 988, 988, 1600, 1001, 1001, 1001, 1001, 1500, 1500, 1500, 1500] | 13:19:42.912765
[1500, 1500, 988, 1500, 988, 988, 988, 1600, 1001, 1001, 1001, 1001, 1500, 1500, 1500, 1500] | 13:19:42.920046
[1500, 1500, 988, 1500, 988, 988, 988, 1600, 1001, 1001, 1001, 1001, 1500, 1500, 1500, 1500] | 13:19:42.926127
13:19:42.932852 Navigation got ALT: 0.27
[1500, 1500, 988, 1500, 988, 988, 988, 1600, 1001, 1001, 1001, 1001, 1500, 1500, 1500, 1500] | 13:19:42.932951
13:19:42.938832 ALT: 0.27
13:19:42.938926 ATT: [-21.2, 0.8, 353]
13:19:42.939641 ACC: [-7, -186, 480]
[1500, 1500, 988, 1500, 988, 988, 988, 1600, 1001, 1001, 1001, 1001, 1500, 1500, 1500, 1500] | 13:19:42.941005
[1500, 1500, 988, 1500, 988, 988, 988, 1600, 1001, 1001, 1001, 1001, 1500, 1500, 1500, 1500] | 13:19:42.945958
[1500, 1500, 988, 1500, 988, 988, 988, 1600, 1001, 1001, 1001, 1001, 1500, 1500, 1500, 1500] | 13:19:42.953469
[1500, 1500, 988, 1500, 988, 988, 988, 1600, 1001, 1001, 1001, 1001, 1500, 1500, 1500, 1500] | 13:19:42.959745
13:19:42.966119 Navigation got ALT: 0.27
[1500, 1500, 988, 1500, 988, 988, 988, 1600, 1001, 1001, 1001, 1001, 1500, 1500, 1500, 1500] | 13:19:42.966211
[1500, 1500, 988, 1500, 988, 988, 988, 1600, 1001, 1001, 1001, 1001, 1500, 1500, 1500, 1500] | 13:19:42.972841
[1500, 1500, 988, 1500, 988, 988, 988, 1600, 1001, 1001, 1001, 1001, 1500, 1500, 1500, 1500] | 13:19:42.979299
[1500, 1500, 988, 1500, 988, 988, 988, 1600, 1001, 1001, 1001, 1001, 1500, 1500, 1500, 1500] | 13:19:42.986338
13:19:42.986711 ALT: 0.27
13:19:42.986771 ATT: [-21.2, 0.8, 353]
13:19:42.987034 ACC: [-7, -187, 480]
[1500, 1500, 988, 1500, 988, 988, 988, 1600, 1001, 1001, 1001, 1001, 1500, 1500, 1500, 1500] | 13:19:42.993075
13:19:42.999941 Navigation got ALT: 0.27
[1500, 1500, 988, 1500, 988, 988, 988, 1600, 1001, 1001, 1001, 1001, 1500, 1500, 1500, 1500] | 13:19:43.000054
[1500, 1500, 988, 1500, 988, 988, 988, 1600, 1001, 1001, 1001, 1001, 1500, 1500, 1500, 1500] | 13:19:43.006246
[1500, 1500, 988, 1500, 988, 988, 988, 1600, 1001, 1001, 1001, 1001, 1500, 1500, 1500, 1500] | 13:19:43.012886
[1500, 1500, 988, 1500, 988, 988, 988, 1600, 1001, 1001, 1001, 1001, 1500, 1500, 1500, 1500] | 13:19:43.019687
[1500, 1500, 988, 1500, 988, 988, 988, 1600, 1001, 1001, 1001, 1001, 1500, 1500, 1500, 1500] | 13:19:43.026336
13:19:43.032770 Navigation got ALT: 0.27
[1500, 1499, 988, 1501, 988, 988, 988, 1600, 1001, 1001, 1001, 1001, 1500, 1500, 1500, 1500] | 13:19:43.032864
13:19:43.035145 ALT: 0.27
13:19:43.035283 ATT: [-21.2, 0.8, 352]
13:19:43.035918 ACC: [-7, -187, 480]
[1500, 1499, 988, 1501, 988, 988, 988, 1600, 1001, 1001, 1001, 1001, 1500, 1500, 1500, 1500] | 13:19:43.040043
[1500, 1499, 988, 1501, 988, 988, 988, 1600, 1001, 1001, 1001, 1001, 1500, 1500, 1500, 1500] | 13:19:43.046030
[1500, 1499, 988, 1501, 988, 988, 988, 1600, 1001, 1001, 1001, 1001, 1500, 1500, 1500, 1500] | 13:19:43.053295
[1500, 1499, 988, 1501, 988, 988, 988, 1600, 1001, 1001, 1001, 1001, 1500, 1500, 1500, 1500] | 13:19:43.059525
13:19:43.065965 Navigation got ALT: 0.27
[1500, 1499, 988, 1500, 988, 988, 988, 1600, 1001, 1001, 1001, 1001, 1500, 1500, 1500, 1500] | 13:19:43.066059
[1500, 1499, 988, 1500, 988, 988, 988, 1600, 1001, 1001, 1001, 1001, 1500, 1500, 1500, 1500] | 13:19:43.072857
[1500, 1499, 988, 1500, 988, 988, 988, 1600, 1001, 1001, 1001, 1001, 1500, 1500, 1500, 1500] | 13:19:43.079267
[1500, 1499, 988, 1500, 988, 988, 988, 1600, 1001, 1001, 1001, 1001, 1500, 1500, 1500, 1500] | 13:19:43.086339
[1500, 1499, 988, 1500, 988, 988, 988, 1600, 1001, 1001, 1001, 1001, 1500, 1500, 1500, 1500] | 13:19:43.092920
13:19:43.098468 ALT: 0.27
13:19:43.098555 ATT: [-21.2, 0.8, 352]
13:19:43.098820 ACC: [-7, -186, 480]
13:19:43.099567 Navigation got ALT: 0.27
[1500, 1500, 988, 1500, 988, 988, 988, 1600, 1001, 1001, 1001, 1001, 1500, 1500, 1500, 1500] | 13:19:43.099641
[1500, 1500, 988, 1500, 988, 988, 988, 1600, 1001, 1001, 1001, 1001, 1500, 1500, 1500, 1500] | 13:19:43.106058
[1500, 1500, 988, 1500, 988, 988, 988, 1600, 1001, 1001, 1001, 1001, 1500, 1500, 1500, 1500] | 13:19:43.112758
[1500, 1500, 988, 1500, 988, 988, 988, 1600, 1001, 1001, 1001, 1001, 1500, 1500, 1500, 1500] | 13:19:43.119749
[1500, 1500, 988, 1500, 988, 988, 988, 1600, 1001, 1001, 1001, 1001, 1500, 1500, 1500, 1500] | 13:19:43.126571
13:19:43.132679 Navigation got ALT: 0.27
[1500, 1500, 988, 1500, 988, 988, 988, 1600, 1001, 1001, 1001, 1001, 1500, 1500, 1500, 1500] | 13:19:43.132761
[1500, 1500, 988, 1500, 988, 988, 988, 1600, 1001, 1001, 1001, 1001, 1500, 1500, 1500, 1500] | 13:19:43.139701
[1500, 1500, 988, 1500, 988, 988, 988, 1600, 1001, 1001, 1001, 1001, 1500, 1500, 1500, 1500] | 13:19:43.145968
13:19:43.146350 ALT: 0.27
13:19:43.146394 ATT: [-21.2, 0.8, 352]
13:19:43.146636 ACC: [-7, -186, 480]
[1500, 1500, 988, 1500, 988, 988, 988, 1600, 1001, 1001, 1001, 1001, 1500, 1500, 1500, 1500] | 13:19:43.153286
[1500, 1500, 988, 1500, 988, 988, 988, 1600, 1001, 1001, 1001, 1001, 1500, 1500, 1500, 1500] | 13:19:43.159332
13:19:43.166023 Navigation got ALT: 0.27
[1500, 1500, 988, 1500, 988, 988, 988, 1600, 1001, 1001, 1001, 1001, 1500, 1500, 1500, 1500] | 13:19:43.166121
[1500, 1500, 988, 1500, 988, 988, 988, 1600, 1001, 1001, 1001, 1001, 1500, 1500, 1500, 1500] | 13:19:43.172911
[1500, 1500, 988, 1500, 988, 988, 988, 1600, 1001, 1001, 1001, 1001, 1500, 1500, 1500, 1500] | 13:19:43.179289
[1500, 1500, 988, 1500, 988, 988, 988, 1600, 1001, 1001, 1001, 1001, 1500, 1500, 1500, 1500] | 13:19:43.186324
[1500, 1500, 988, 1500, 988, 988, 988, 1600, 1001, 1001, 1001, 1001, 1500, 1500, 1500, 1500] | 13:19:43.192874
13:19:43.194885 ALT: 0.27
13:19:43.194974 ATT: [-21.2, 0.8, 352]
13:19:43.195227 ACC: [-7, -187, 479]
13:19:43.199463 Navigation got ALT: 0.27
[1500, 1500, 988, 1500, 988, 988, 988, 1600, 1001, 1001, 1001, 1001, 1500, 1500, 1500, 1500] | 13:19:43.199560
[1500, 1500, 988, 1500, 988, 988, 988, 1600, 1001, 1001, 1001, 1001, 1500, 1500, 1500, 1500] | 13:19:43.206263
[1500, 1500, 988, 1500, 988, 988, 988, 1600, 1001, 1001, 1001, 1001, 1500, 1500, 1500, 1500] | 13:19:43.212696
[1500, 1500, 988, 1500, 988, 988, 988, 1600, 1001, 1001, 1001, 1001, 1500, 1500, 1500, 1500] | 13:19:43.219762
[1500, 1500, 988, 1500, 988, 988, 988, 1600, 1001, 1001, 1001, 1001, 1500, 1500, 1500, 1500] | 13:19:43.226657
13:19:43.232699 Navigation got ALT: 0.27
[1500, 1500, 988, 1500, 988, 988, 988, 1600, 1001, 1001, 1001, 1001, 1500, 1500, 1500, 1500] | 13:19:43.232783
[1500, 1500, 988, 1500, 988, 988, 988, 1600, 1001, 1001, 1001, 1001, 1500, 1500, 1500, 1500] | 13:19:43.239808
13:19:43.242952 ALT: 0.27
13:19:43.243050 ATT: [-21.2, 0.8, 352]
13:19:43.243380 ACC: [-7, -187, 480]
[1500, 1500, 988, 1500, 988, 988, 988, 1600, 1001, 1001, 1001, 1001, 1500, 1500, 1500, 1500] | 13:19:43.245958
[1500, 1500, 988, 1500, 988, 988, 988, 1600, 1001, 1001, 1001, 1001, 1500, 1500, 1500, 1500] | 13:19:43.253277
[1500, 1500, 988, 1500, 988, 988, 988, 1600, 1001, 1001, 1001, 1001, 1500, 1500, 1500, 1500] | 13:19:43.259749
13:19:43.265992 Navigation got ALT: 0.27
[1500, 1500, 988, 1500, 988, 988, 988, 1600, 1001, 1001, 1001, 1001, 1500, 1500, 1500, 1500] | 13:19:43.266094
[1500, 1500, 988, 1500, 988, 988, 988, 1600, 1001, 1001, 1001, 1001, 1500, 1500, 1500, 1500] | 13:19:43.272841
[1500, 1500, 988, 1500, 988, 988, 988, 1600, 1001, 1001, 1001, 1001, 1500, 1500, 1500, 1500] | 13:19:43.279293
[1500, 1500, 988, 1500, 988, 988, 988, 1600, 1001, 1001, 1001, 1001, 1500, 1500, 1500, 1500] | 13:19:43.286385
13:19:43.290886 ALT: 0.27
13:19:43.291037 ATT: [-21.2, 0.8, 352]
13:19:43.291679 ACC: [-8, -187, 480]
[1500, 1500, 988, 1500, 988, 988, 988, 1600, 1001, 1001, 1001, 1001, 1500, 1500, 1500, 1500] | 13:19:43.293158
13:19:43.299347 Navigation got ALT: 0.27
[1500, 1500, 988, 1500, 988, 988, 988, 1600, 1001, 1001, 1001, 1001, 1500, 1500, 1500, 1500] | 13:19:43.299444
[1500, 1500, 988, 1500, 988, 988, 988, 1600, 1001, 1001, 1001, 1001, 1500, 1500, 1500, 1500] | 13:19:43.306069
[1500, 1500, 988, 1500, 988, 988, 988, 1600, 1001, 1001, 1001, 1001, 1500, 1500, 1500, 1500] | 13:19:43.312694
[1500, 1500, 988, 1500, 988, 988, 988, 1600, 1001, 1001, 1001, 1001, 1500, 1500, 1500, 1500] | 13:19:43.319801
[1500, 1500, 988, 1500, 988, 988, 988, 1600, 1001, 1001, 1001, 1001, 1500, 1500, 1500, 1500] | 13:19:43.326160
13:19:43.332713 Navigation got ALT: 0.27
[1499, 1500, 988, 1500, 988, 988, 988, 1600, 1001, 1001, 1001, 1001, 1500, 1500, 1500, 1500] | 13:19:43.332803
13:19:43.339229 ALT: 0.27
13:19:43.339614 ATT: [-21.2, 0.8, 352]
13:19:43.340117 ACC: [-7, -186, 480]
[1499, 1500, 988, 1500, 988, 988, 988, 1600, 1001, 1001, 1001, 1001, 1500, 1500, 1500, 1500] | 13:19:43.341217
[1499, 1500, 988, 1500, 988, 988, 988, 1600, 1001, 1001, 1001, 1001, 1500, 1500, 1500, 1500] | 13:19:43.345950
[1499, 1500, 988, 1500, 988, 988, 988, 1600, 1001, 1001, 1001, 1001, 1500, 1500, 1500, 1500] | 13:19:43.353212
[1499, 1500, 988, 1500, 988, 988, 988, 1600, 1001, 1001, 1001, 1001, 1500, 1500, 1500, 1500] | 13:19:43.359494
13:19:43.366104 Navigation got ALT: 0.27
[1500, 1499, 988, 1500, 988, 988, 988, 1600, 1001, 1001, 1001, 1001, 1500, 1500, 1500, 1500] | 13:19:43.366207
[1500, 1499, 988, 1500, 988, 988, 988, 1600, 1001, 1001, 1001, 1001, 1500, 1500, 1500, 1500] | 13:19:43.372946
[1500, 1499, 988, 1500, 988, 988, 988, 1600, 1001, 1001, 1001, 1001, 1500, 1500, 1500, 1500] | 13:19:43.379304
[1500, 1499, 988, 1500, 988, 988, 988, 1600, 1001, 1001, 1001, 1001, 1500, 1500, 1500, 1500] | 13:19:43.386351
13:19:43.386961 ALT: 0.27
13:19:43.387239 ATT: [-21.2, 0.8, 352]
13:19:43.387568 ACC: [-7, -187, 480]
[1500, 1499, 988, 1500, 988, 988, 988, 1600, 1001, 1001, 1001, 1001, 1500, 1500, 1500, 1500] | 13:19:43.392988
13:19:43.399397 Navigation got ALT: 0.27
[1500, 1500, 988, 1500, 988, 988, 988, 1600, 1001, 1001, 1001, 1001, 1500, 1500, 1500, 1500] | 13:19:43.399493
[1500, 1500, 988, 1500, 988, 988, 988, 1600, 1001, 1001, 1001, 1001, 1500, 1500, 1500, 1500] | 13:19:43.406064
[1500, 1500, 988, 1500, 988, 988, 988, 1600, 1001, 1001, 1001, 1001, 1500, 1500, 1500, 1500] | 13:19:43.412701
[1500, 1500, 988, 1500, 988, 988, 988, 1600, 1001, 1001, 1001, 1001, 1500, 1500, 1500, 1500] | 13:19:43.420006
[1500, 1500, 988, 1500, 988, 988, 988, 1600, 1001, 1001, 1001, 1001, 1500, 1500, 1500, 1500] | 13:19:43.426581
13:19:43.432853 Navigation got ALT: 0.27
[1500, 1500, 988, 1500, 988, 988, 988, 1600, 1001, 1001, 1001, 1001, 1500, 1500, 1500, 1500] | 13:19:43.432942
13:19:43.434801 ALT: 0.27
13:19:43.434909 ATT: [-21.2, 0.8, 352]
13:19:43.435438 ACC: [-7, -187, 480]
[1500, 1500, 988, 1500, 988, 988, 988, 1600, 1001, 1001, 1001, 1001, 1500, 1500, 1500, 1500] | 13:19:43.439988
[1500, 1500, 988, 1500, 988, 988, 988, 1600, 1001, 1001, 1001, 1001, 1500, 1500, 1500, 1500] | 13:19:43.445971
[1500, 1500, 988, 1500, 988, 988, 988, 1600, 1001, 1001, 1001, 1001, 1500, 1500, 1500, 1500] | 13:19:43.453185
[1500, 1500, 988, 1500, 988, 988, 988, 1600, 1001, 1001, 1001, 1001, 1500, 1500, 1500, 1500] | 13:19:43.459438
13:19:43.466059 Navigation got ALT: 0.27
[1500, 1500, 988, 1500, 988, 988, 988, 1600, 1001, 1001, 1001, 1001, 1500, 1500, 1500, 1500] | 13:19:43.466237
[1500, 1500, 988, 1500, 988, 988, 988, 1600, 1001, 1001, 1001, 1001, 1500, 1500, 1500, 1500] | 13:19:43.472966
[1500, 1500, 988, 1500, 988, 988, 988, 1600, 1001, 1001, 1001, 1001, 1500, 1500, 1500, 1500] | 13:19:43.479320
13:19:43.482420 ALT: 0.27
13:19:43.482509 ATT: [-21.2, 0.8, 352]
13:19:43.482806 ACC: [-7, -186, 480]
[1500, 1500, 988, 1500, 988, 988, 988, 1600, 1001, 1001, 1001, 1001, 1500, 1500, 1500, 1500] | 13:19:43.486170
[1500, 1500, 988, 1500, 988, 988, 988, 1600, 1001, 1001, 1001, 1001, 1500, 1500, 1500, 1500] | 13:19:43.492934
13:19:43.499334 Navigation got ALT: 0.27
[1500, 1500, 988, 1499, 988, 988, 988, 1600, 1001, 1001, 1001, 1001, 1500, 1500, 1500, 1500] | 13:19:43.499430
[1500, 1500, 988, 1499, 988, 988, 988, 1600, 1001, 1001, 1001, 1001, 1500, 1500, 1500, 1500] | 13:19:43.506060
[1500, 1500, 988, 1499, 988, 988, 988, 1600, 1001, 1001, 1001, 1001, 1500, 1500, 1500, 1500] | 13:19:43.512684
[1500, 1500, 988, 1499, 988, 988, 988, 1600, 1001, 1001, 1001, 1001, 1500, 1500, 1500, 1500] | 13:19:43.519844
[1500, 1500, 988, 1499, 988, 988, 988, 1600, 1001, 1001, 1001, 1001, 1500, 1500, 1500, 1500] | 13:19:43.526630
13:19:43.530541 ALT: 0.27
13:19:43.530603 ATT: [-21.2, 0.8, 352]
13:19:43.530837 ACC: [-7, -187, 479]
13:19:43.532703 Navigation got ALT: 0.27
[1500, 1500, 988, 1500, 988, 988, 988, 1600, 1001, 1001, 1001, 1001, 1500, 1500, 1500, 1500] | 13:19:43.532784
[1500, 1500, 988, 1500, 988, 988, 988, 1600, 1001, 1001, 1001, 1001, 1500, 1500, 1500, 1500] | 13:19:43.539739
[1500, 1500, 988, 1500, 988, 988, 988, 1600, 1001, 1001, 1001, 1001, 1500, 1500, 1500, 1500] | 13:19:43.546064
[1500, 1500, 988, 1500, 988, 988, 988, 1600, 1001, 1001, 1001, 1001, 1500, 1500, 1500, 1500] | 13:19:43.552893
[1500, 1500, 988, 1500, 988, 988, 988, 1600, 1001, 1001, 1001, 1001, 1500, 1500, 1500, 1500] | 13:19:43.559311
13:19:43.565967 Navigation got ALT: 0.27
[1500, 1500, 988, 1500, 988, 988, 988, 1598, 1001, 1001, 1001, 1001, 1500, 1500, 1500, 1500] | 13:19:43.566071
[1500, 1500, 988, 1500, 988, 988, 988, 1598, 1001, 1001, 1001, 1001, 1500, 1500, 1500, 1500] | 13:19:43.572892
13:19:43.578561 ALT: 0.27
13:19:43.578648 ATT: [-21.2, 0.8, 352]
13:19:43.578899 ACC: [-6, -187, 480]
[1500, 1500, 988, 1500, 988, 988, 988, 1598, 1001, 1001, 1001, 1001, 1500, 1500, 1500, 1500] | 13:19:43.579438
[1500, 1500, 988, 1500, 988, 988, 988, 1598, 1001, 1001, 1001, 1001, 1500, 1500, 1500, 1500] | 13:19:43.586057
[1500, 1500, 988, 1500, 988, 988, 988, 1598, 1001, 1001, 1001, 1001, 1500, 1500, 1500, 1500] | 13:19:43.592905
13:19:43.599320 Navigation got ALT: 0.27
[1499, 1500, 988, 1500, 988, 988, 988, 1600, 1001, 1001, 1001, 1001, 1500, 1500, 1500, 1500] | 13:19:43.599408
[1499, 1500, 988, 1500, 988, 988, 988, 1600, 1001, 1001, 1001, 1001, 1500, 1500, 1500, 1500] | 13:19:43.606915
[1499, 1500, 988, 1500, 988, 988, 988, 1600, 1001, 1001, 1001, 1001, 1500, 1500, 1500, 1500] | 13:19:43.619473
[1499, 1500, 988, 1500, 988, 988, 988, 1600, 1001, 1001, 1001, 1001, 1500, 1500, 1500, 1500] | 13:19:43.626685
13:19:43.627139 ALT: 0.27
13:19:43.627207 ATT: [-21.2, 0.8, 352]
13:19:43.627451 ACC: [-7, -186, 480]
13:19:43.632742 Navigation got ALT: 0.27
[1500, 1500, 988, 1500, 988, 988, 988, 1600, 1001, 1001, 1001, 1001, 1500, 1500, 1500, 1500] | 13:19:43.632829
[1500, 1500, 988, 1500, 988, 988, 988, 1600, 1001, 1001, 1001, 1001, 1500, 1500, 1500, 1500] | 13:19:43.640046
[1500, 1500, 988, 1500, 988, 988, 988, 1600, 1001, 1001, 1001, 1001, 1500, 1500, 1500, 1500] | 13:19:43.645990
[1500, 1500, 988, 1500, 988, 988, 988, 1600, 1001, 1001, 1001, 1001, 1500, 1500, 1500, 1500] | 13:19:43.652849
[1500, 1500, 988, 1500, 988, 988, 988, 1600, 1001, 1001, 1001, 1001, 1500, 1500, 1500, 1500] | 13:19:43.660337
13:19:43.666268 Navigation got ALT: 0.27
[1500, 1500, 988, 1500, 988, 988, 988, 1600, 1001, 1001, 1001, 1001, 1500, 1500, 1500, 1500] | 13:19:43.666405
[1500, 1500, 988, 1500, 988, 988, 988, 1600, 1001, 1001, 1001, 1001, 1500, 1500, 1500, 1500] | 13:19:43.674864
13:19:43.675149 ALT: 0.27
13:19:43.675229 ATT: [-21.2, 0.8, 352]
13:19:43.675717 ACC: [-7, -186, 480]
[1500, 1500, 988, 1500, 988, 988, 988, 1600, 1001, 1001, 1001, 1001, 1500, 1500, 1500, 1500] | 13:19:43.679442
[1500, 1500, 988, 1500, 988, 988, 988, 1600, 1001, 1001, 1001, 1001, 1500, 1500, 1500, 1500] | 13:19:43.686172
[1500, 1500, 988, 1500, 988, 988, 988, 1600, 1001, 1001, 1001, 1001, 1500, 1500, 1500, 1500] | 13:19:43.692865
13:19:43.699440 Navigation got ALT: 0.27
[1500, 1500, 988, 1500, 988, 988, 988, 1600, 1001, 1001, 1001, 1001, 1500, 1500, 1500, 1500] | 13:19:43.699543
[1500, 1500, 988, 1500, 988, 988, 988, 1600, 1001, 1001, 1001, 1001, 1500, 1500, 1500, 1500] | 13:19:43.706296
[1500, 1500, 988, 1500, 988, 988, 988, 1600, 1001, 1001, 1001, 1001, 1500, 1500, 1500, 1500] | 13:19:43.712687
[1500, 1500, 988, 1500, 988, 988, 988, 1600, 1001, 1001, 1001, 1001, 1500, 1500, 1500, 1500] | 13:19:43.719585
13:19:43.723162 ALT: 0.27
13:19:43.723245 ATT: [-21.2, 0.8, 352]
13:19:43.723531 ACC: [-7, -187, 480]
[1500, 1500, 988, 1500, 988, 988, 988, 1600, 1001, 1001, 1001, 1001, 1500, 1500, 1500, 1500] | 13:19:43.726294
13:19:43.732645 Navigation got ALT: 0.27
[1500, 1500, 988, 1500, 988, 988, 988, 1600, 1001, 1001, 1001, 1001, 1500, 1500, 1500, 1500] | 13:19:43.732760
[1500, 1500, 988, 1500, 988, 988, 988, 1600, 1001, 1001, 1001, 1001, 1500, 1500, 1500, 1500] | 13:19:43.739837
[1500, 1500, 988, 1500, 988, 988, 988, 1600, 1001, 1001, 1001, 1001, 1500, 1500, 1500, 1500] | 13:19:43.746708
[1500, 1500, 988, 1500, 988, 988, 988, 1600, 1001, 1001, 1001, 1001, 1500, 1500, 1500, 1500] | 13:19:43.752904
[1500, 1500, 988, 1500, 988, 988, 988, 1600, 1001, 1001, 1001, 1001, 1500, 1500, 1500, 1500] | 13:19:43.759435
13:19:43.765985 Navigation got ALT: 0.27
[1500, 1500, 988, 1500, 988, 988, 988, 1600, 1001, 1001, 1001, 1001, 1500, 1500, 1500, 1500] | 13:19:43.766116
13:19:43.771365 ALT: 0.27
13:19:43.771591 ATT: [-21.2, 0.8, 352]
13:19:43.772066 ACC: [-7, -186, 480]
[1500, 1500, 988, 1500, 988, 988, 988, 1600, 1001, 1001, 1001, 1001, 1500, 1500, 1500, 1500] | 13:19:43.773249
[1500, 1500, 988, 1500, 988, 988, 988, 1600, 1001, 1001, 1001, 1001, 1500, 1500, 1500, 1500] | 13:19:43.779368
[1500, 1500, 988, 1500, 988, 988, 988, 1600, 1001, 1001, 1001, 1001, 1500, 1500, 1500, 1500] | 13:19:43.786291
[1500, 1500, 988, 1500, 988, 988, 988, 1600, 1001, 1001, 1001, 1001, 1500, 1500, 1500, 1500] | 13:19:43.792802
13:19:43.799321 Navigation got ALT: 0.27
[1500, 1500, 988, 1500, 988, 988, 988, 1600, 1001, 1001, 1001, 1001, 1500, 1500, 1500, 1500] | 13:19:43.799404
[1500, 1500, 988, 1500, 988, 988, 988, 1600, 1001, 1001, 1001, 1001, 1500, 1500, 1500, 1500] | 13:19:43.806151
[1500, 1500, 988, 1500, 988, 988, 988, 1600, 1001, 1001, 1001, 1001, 1500, 1500, 1500, 1500] | 13:19:43.812642
13:19:43.819163 ALT: 0.27
13:19:43.819348 ATT: [-21.2, 0.8, 352]
13:19:43.819716 ACC: [-7, -187, 480]
[1500, 1500, 988, 1500, 988, 988, 988, 1600, 1001, 1001, 1001, 1001, 1500, 1500, 1500, 1500] | 13:19:43.820644
[1500, 1500, 988, 1500, 988, 988, 988, 1600, 1001, 1001, 1001, 1001, 1500, 1500, 1500, 1500] | 13:19:43.826739
13:19:43.832585 Navigation got ALT: 0.27
[1500, 1500, 988, 1500, 988, 988, 988, 1600, 1001, 1001, 1001, 1001, 1500, 1500, 1500, 1500] | 13:19:43.832664
[1500, 1500, 988, 1500, 988, 988, 988, 1600, 1001, 1001, 1001, 1001, 1500, 1500, 1500, 1500] | 13:19:43.839723
[1500, 1500, 988, 1500, 988, 988, 988, 1600, 1001, 1001, 1001, 1001, 1500, 1500, 1500, 1500] | 13:19:43.846004
[1500, 1500, 988, 1500, 988, 988, 988, 1600, 1001, 1001, 1001, 1001, 1500, 1500, 1500, 1500] | 13:19:43.853014
[1500, 1500, 988, 1500, 988, 988, 988, 1600, 1001, 1001, 1001, 1001, 1500, 1500, 1500, 1500] | 13:19:43.859702
13:19:43.866021 Navigation got ALT: 0.27
[1499, 1500, 988, 1500, 988, 988, 988, 1600, 1001, 1001, 1001, 1001, 1500, 1500, 1500, 1500] | 13:19:43.866118
13:19:43.866676 ALT: 0.27
13:19:43.866762 ATT: [-21.2, 0.8, 352]
13:19:43.867044 ACC: [-7, -186, 480]
[1499, 1500, 988, 1500, 988, 988, 988, 1600, 1001, 1001, 1001, 1001, 1500, 1500, 1500, 1500] | 13:19:43.873158
[1499, 1500, 988, 1500, 988, 988, 988, 1600, 1001, 1001, 1001, 1001, 1500, 1500, 1500, 1500] | 13:19:43.879378
[1499, 1500, 988, 1500, 988, 988, 988, 1600, 1001, 1001, 1001, 1001, 1500, 1500, 1500, 1500] | 13:19:43.886263
[1499, 1500, 988, 1500, 988, 988, 988, 1600, 1001, 1001, 1001, 1001, 1500, 1500, 1500, 1500] | 13:19:43.892829
13:19:43.899339 Navigation got ALT: 0.27
[1500, 1499, 988, 1500, 988, 988, 988, 1600, 1001, 1001, 1001, 1001, 1500, 1500, 1500, 1500] | 13:19:43.899420
[1500, 1499, 988, 1500, 988, 988, 988, 1600, 1001, 1001, 1001, 1001, 1500, 1500, 1500, 1500] | 13:19:43.906125
[1500, 1499, 988, 1500, 988, 988, 988, 1600, 1001, 1001, 1001, 1001, 1500, 1500, 1500, 1500] | 13:19:43.912656
13:19:43.914497 ALT: 0.27
13:19:43.914550 ATT: [-21.2, 0.8, 352]
13:19:43.914764 ACC: [-7, -186, 480]
[1500, 1499, 988, 1500, 988, 988, 988, 1600, 1001, 1001, 1001, 1001, 1500, 1500, 1500, 1500] | 13:19:43.919767
[1500, 1499, 988, 1500, 988, 988, 988, 1600, 1001, 1001, 1001, 1001, 1500, 1500, 1500, 1500] | 13:19:43.926683
13:19:43.932635 Navigation got ALT: 0.27
[1500, 1501, 988, 1500, 988, 988, 988, 1600, 1001, 1001, 1001, 1001, 1500, 1500, 1500, 1500] | 13:19:43.932714
[1500, 1501, 988, 1500, 988, 988, 988, 1600, 1001, 1001, 1001, 1001, 1500, 1500, 1500, 1500] | 13:19:43.939807
[1500, 1501, 988, 1500, 988, 988, 988, 1600, 1001, 1001, 1001, 1001, 1500, 1500, 1500, 1500] | 13:19:43.946009
[1500, 1501, 988, 1500, 988, 988, 988, 1600, 1001, 1001, 1001, 1001, 1500, 1500, 1500, 1500] | 13:19:43.953009
[1500, 1501, 988, 1500, 988, 988, 988, 1600, 1001, 1001, 1001, 1001, 1500, 1500, 1500, 1500] | 13:19:43.959513
13:19:43.962477 ALT: 0.27
13:19:43.962538 ATT: [-21.2, 0.8, 352]
13:19:43.962756 ACC: [-7, -186, 480]
13:19:43.966035 Navigation got ALT: 0.27
[1500, 1500, 988, 1500, 988, 988, 988, 1598, 1001, 1001, 1001, 1001, 1500, 1500, 1500, 1500] | 13:19:43.966125
[1500, 1500, 988, 1500, 988, 988, 988, 1598, 1001, 1001, 1001, 1001, 1500, 1500, 1500, 1500] | 13:19:43.972848
[1500, 1500, 988, 1500, 988, 988, 988, 1598, 1001, 1001, 1001, 1001, 1500, 1500, 1500, 1500] | 13:19:43.979401
[1500, 1500, 988, 1500, 988, 988, 988, 1598, 1001, 1001, 1001, 1001, 1500, 1500, 1500, 1500] | 13:19:43.986263
[1500, 1500, 988, 1500, 988, 988, 988, 1598, 1001, 1001, 1001, 1001, 1500, 1500, 1500, 1500] | 13:19:43.992825
13:19:43.999364 Navigation got ALT: 0.27
[1500, 1500, 988, 1500, 988, 988, 988, 1600, 1001, 1001, 1001, 1001, 1500, 1500, 1500, 1500] | 13:19:43.999443
[1500, 1500, 988, 1500, 988, 988, 988, 1600, 1001, 1001, 1001, 1001, 1500, 1500, 1500, 1500] | 13:19:44.006332
13:19:44.011076 ALT: 0.27
13:19:44.011180 ATT: [-21.2, 0.8, 352]
13:19:44.011468 ACC: [-7, -186, 480]
[1500, 1500, 988, 1500, 988, 988, 988, 1600, 1001, 1001, 1001, 1001, 1500, 1500, 1500, 1500] | 13:19:44.012628
[1500, 1500, 988, 1500, 988, 988, 988, 1600, 1001, 1001, 1001, 1001, 1500, 1500, 1500, 1500] | 13:19:44.019721
[1500, 1500, 988, 1500, 988, 988, 988, 1600, 1001, 1001, 1001, 1001, 1500, 1500, 1500, 1500] | 13:19:44.026749
13:19:44.032586 Navigation got ALT: 0.27
[1499, 1500, 988, 1500, 988, 988, 988, 1600, 1001, 1001, 1001, 1001, 1500, 1500, 1500, 1500] | 13:19:44.032664
[1499, 1500, 988, 1500, 988, 988, 988, 1600, 1001, 1001, 1001, 1001, 1500, 1500, 1500, 1500] | 13:19:44.039909
[1499, 1500, 988, 1500, 988, 988, 988, 1600, 1001, 1001, 1001, 1001, 1500, 1500, 1500, 1500] | 13:19:44.045999
[1499, 1500, 988, 1500, 988, 988, 988, 1600, 1001, 1001, 1001, 1001, 1500, 1500, 1500, 1500] | 13:19:44.053138
13:19:44.058872 ALT: 0.27
13:19:44.058963 ATT: [-21.2, 0.8, 352]
13:19:44.059211 ACC: [-7, -186, 480]
[1499, 1500, 988, 1500, 988, 988, 988, 1600, 1001, 1001, 1001, 1001, 1500, 1500, 1500, 1500] | 13:19:44.059849
13:19:44.066012 Navigation got ALT: 0.27
[1500, 1500, 988, 1500, 988, 988, 988, 1600, 1001, 1001, 1001, 1001, 1500, 1500, 1500, 1500] | 13:19:44.066106
[1500, 1500, 988, 1500, 988, 988, 988, 1600, 1001, 1001, 1001, 1001, 1500, 1500, 1500, 1500] | 13:19:44.072823
[1500, 1500, 988, 1500, 988, 988, 988, 1600, 1001, 1001, 1001, 1001, 1500, 1500, 1500, 1500] | 13:19:44.079482
[1500, 1500, 988, 1500, 988, 988, 988, 1600, 1001, 1001, 1001, 1001, 1500, 1500, 1500, 1500] | 13:19:44.086629
[1500, 1500, 988, 1500, 988, 988, 988, 1600, 1001, 1001, 1001, 1001, 1500, 1500, 1500, 1500] | 13:19:44.092886
13:19:44.099431 Navigation got ALT: 0.27
[1500, 1500, 988, 1500, 988, 988, 988, 1600, 1001, 1001, 1001, 1001, 1500, 1500, 1500, 1500] | 13:19:44.099525
[1500, 1500, 988, 1500, 988, 988, 988, 1600, 1001, 1001, 1001, 1001, 1500, 1500, 1500, 1500] | 13:19:44.106145
13:19:44.106908 ALT: 0.27
13:19:44.107195 ATT: [-21.2, 0.8, 352]
13:19:44.107653 ACC: [-7, -187, 480]
[1500, 1500, 988, 1500, 988, 988, 988, 1600, 1001, 1001, 1001, 1001, 1500, 1500, 1500, 1500] | 13:19:44.112760
[1500, 1500, 988, 1500, 988, 988, 988, 1600, 1001, 1001, 1001, 1001, 1500, 1500, 1500, 1500] | 13:19:44.119754
[1500, 1500, 988, 1500, 988, 988, 988, 1600, 1001, 1001, 1001, 1001, 1500, 1500, 1500, 1500] | 13:19:44.126129
13:19:44.132758 Navigation got ALT: 0.27
[1500, 1500, 988, 1500, 988, 988, 988, 1600, 1001, 1001, 1001, 1001, 1500, 1500, 1500, 1500] | 13:19:44.132845
[1500, 1500, 988, 1500, 988, 988, 988, 1600, 1001, 1001, 1001, 1001, 1500, 1500, 1500, 1500] | 13:19:44.140565
[1500, 1500, 988, 1500, 988, 988, 988, 1600, 1001, 1001, 1001, 1001, 1500, 1500, 1500, 1500] | 13:19:44.146001
[1500, 1500, 988, 1500, 988, 988, 988, 1600, 1001, 1001, 1001, 1001, 1500, 1500, 1500, 1500] | 13:19:44.153132
13:19:44.155169 ALT: 0.27
13:19:44.155514 ATT: [-21.2, 0.8, 352]
13:19:44.155906 ACC: [-6, -186, 479]
[1500, 1500, 988, 1500, 988, 988, 988, 1600, 1001, 1001, 1001, 1001, 1500, 1500, 1500, 1500] | 13:19:44.159583
13:19:44.166001 Navigation got ALT: 0.27
[1500, 1499, 988, 1500, 988, 988, 988, 1598, 1001, 1001, 1001, 1001, 1500, 1500, 1500, 1500] | 13:19:44.166094
[1500, 1499, 988, 1500, 988, 988, 988, 1598, 1001, 1001, 1001, 1001, 1500, 1500, 1500, 1500] | 13:19:44.172901
[1500, 1499, 988, 1500, 988, 988, 988, 1598, 1001, 1001, 1001, 1001, 1500, 1500, 1500, 1500] | 13:19:44.179352
[1500, 1499, 988, 1500, 988, 988, 988, 1598, 1001, 1001, 1001, 1001, 1500, 1500, 1500, 1500] | 13:19:44.186249
[1500, 1499, 988, 1500, 988, 988, 988, 1598, 1001, 1001, 1001, 1001, 1500, 1500, 1500, 1500] | 13:19:44.192809
13:19:44.199339 Navigation got ALT: 0.27
[1500, 1500, 988, 1500, 988, 988, 988, 1600, 1001, 1001, 1001, 1001, 1500, 1500, 1500, 1500] | 13:19:44.199422
13:19:44.202863 ALT: 0.27
13:19:44.203022 ATT: [-21.2, 0.8, 352]
13:19:44.203410 ACC: [-7, -186, 479]
[1500, 1500, 988, 1500, 988, 988, 988, 1600, 1001, 1001, 1001, 1001, 1500, 1500, 1500, 1500] | 13:19:44.206512
[1500, 1500, 988, 1500, 988, 988, 988, 1600, 1001, 1001, 1001, 1001, 1500, 1500, 1500, 1500] | 13:19:44.212683
[1500, 1500, 988, 1500, 988, 988, 988, 1600, 1001, 1001, 1001, 1001, 1500, 1500, 1500, 1500] | 13:19:44.219993
[1500, 1500, 988, 1500, 988, 988, 988, 1600, 1001, 1001, 1001, 1001, 1500, 1500, 1500, 1500] | 13:19:44.226833
13:19:44.232652 Navigation got ALT: 0.27
[1500, 1500, 988, 1500, 988, 988, 988, 1600, 1001, 1001, 1001, 1001, 1500, 1500, 1500, 1500] | 13:19:44.232743
[1500, 1500, 988, 1500, 988, 988, 988, 1600, 1001, 1001, 1001, 1001, 1500, 1500, 1500, 1500] | 13:19:44.239411
[1500, 1500, 988, 1500, 988, 988, 988, 1600, 1001, 1001, 1001, 1001, 1500, 1500, 1500, 1500] | 13:19:44.246043
13:19:44.251058 ALT: 0.27
13:19:44.251173 ATT: [-21.2, 0.8, 352]
13:19:44.251700 ACC: [-7, -186, 479]
[1500, 1500, 988, 1500, 988, 988, 988, 1600, 1001, 1001, 1001, 1001, 1500, 1500, 1500, 1500] | 13:19:44.253382
[1500, 1500, 988, 1500, 988, 988, 988, 1600, 1001, 1001, 1001, 1001, 1500, 1500, 1500, 1500] | 13:19:44.259576
13:19:44.266020 Navigation got ALT: 0.27
[1500, 1500, 988, 1500, 988, 988, 988, 1600, 1001, 1001, 1001, 1001, 1500, 1500, 1500, 1500] | 13:19:44.266119
[1500, 1500, 988, 1500, 988, 988, 988, 1600, 1001, 1001, 1001, 1001, 1500, 1500, 1500, 1500] | 13:19:44.272807
[1500, 1500, 988, 1500, 988, 988, 988, 1600, 1001, 1001, 1001, 1001, 1500, 1500, 1500, 1500] | 13:19:44.279387
[1500, 1500, 988, 1500, 988, 988, 988, 1600, 1001, 1001, 1001, 1001, 1500, 1500, 1500, 1500] | 13:19:44.286442
[1500, 1500, 988, 1500, 988, 988, 988, 1600, 1001, 1001, 1001, 1001, 1500, 1500, 1500, 1500] | 13:19:44.292939
13:19:44.298661 ALT: 0.27
13:19:44.298748 ATT: [-21.2, 0.8, 352]
13:19:44.299011 ACC: [-7, -186, 480]
13:19:44.299614 Navigation got ALT: 0.27
[1500, 1500, 988, 1500, 988, 988, 988, 1600, 1001, 1001, 1001, 1001, 1500, 1500, 1500, 1500] | 13:19:44.299679
[1500, 1500, 988, 1500, 988, 988, 988, 1600, 1001, 1001, 1001, 1001, 1500, 1500, 1500, 1500] | 13:19:44.306183
[1500, 1500, 988, 1500, 988, 988, 988, 1600, 1001, 1001, 1001, 1001, 1500, 1500, 1500, 1500] | 13:19:44.312665
[1500, 1500, 988, 1500, 988, 988, 988, 1600, 1001, 1001, 1001, 1001, 1500, 1500, 1500, 1500] | 13:19:44.319871
[1500, 1500, 988, 1500, 988, 988, 988, 1600, 1001, 1001, 1001, 1001, 1500, 1500, 1500, 1500] | 13:19:44.326713
13:19:44.332631 Navigation got ALT: 0.27
[1500, 1500, 988, 1499, 988, 988, 988, 1598, 1001, 1001, 1001, 1001, 1500, 1500, 1500, 1500] | 13:19:44.332706
[1500, 1500, 988, 1499, 988, 988, 988, 1598, 1001, 1001, 1001, 1001, 1500, 1500, 1500, 1500] | 13:19:44.340243
[1500, 1500, 988, 1499, 988, 988, 988, 1598, 1001, 1001, 1001, 1001, 1500, 1500, 1500, 1500] | 13:19:44.346034
13:19:44.346574 ALT: 0.27
13:19:44.346626 ATT: [-21.2, 0.8, 352]
13:19:44.346846 ACC: [-7, -186, 480]
[1500, 1500, 988, 1499, 988, 988, 988, 1598, 1001, 1001, 1001, 1001, 1500, 1500, 1500, 1500] | 13:19:44.353166
[1500, 1500, 988, 1499, 988, 988, 988, 1598, 1001, 1001, 1001, 1001, 1500, 1500, 1500, 1500] | 13:19:44.359410
13:19:44.365992 Navigation got ALT: 0.27
[1500, 1500, 988, 1500, 988, 988, 988, 1600, 1001, 1001, 1001, 1001, 1500, 1500, 1500, 1500] | 13:19:44.366081
[1500, 1500, 988, 1500, 988, 988, 988, 1600, 1001, 1001, 1001, 1001, 1500, 1500, 1500, 1500] | 13:19:44.372899
[1500, 1500, 988, 1500, 988, 988, 988, 1600, 1001, 1001, 1001, 1001, 1500, 1500, 1500, 1500] | 13:19:44.379421
[1500, 1500, 988, 1500, 988, 988, 988, 1600, 1001, 1001, 1001, 1001, 1500, 1500, 1500, 1500] | 13:19:44.386359
[1500, 1500, 988, 1500, 988, 988, 988, 1600, 1001, 1001, 1001, 1001, 1500, 1500, 1500, 1500] | 13:19:44.392856
13:19:44.394955 ALT: 0.27
13:19:44.395055 ATT: [-21.2, 0.8, 352]
13:19:44.395372 ACC: [-7, -186, 480]
13:19:44.399394 Navigation got ALT: 0.27
[1500, 1500, 988, 1499, 988, 988, 988, 1600, 1001, 1001, 1001, 1001, 1500, 1500, 1500, 1500] | 13:19:44.399469
[1500, 1500, 988, 1499, 988, 988, 988, 1600, 1001, 1001, 1001, 1001, 1500, 1500, 1500, 1500] | 13:19:44.406652
[1500, 1500, 988, 1499, 988, 988, 988, 1600, 1001, 1001, 1001, 1001, 1500, 1500, 1500, 1500] | 13:19:44.412640
[1500, 1500, 988, 1499, 988, 988, 988, 1600, 1001, 1001, 1001, 1001, 1500, 1500, 1500, 1500] | 13:19:44.419648
[1500, 1500, 988, 1499, 988, 988, 988, 1600, 1001, 1001, 1001, 1001, 1500, 1500, 1500, 1500] | 13:19:44.427294
13:19:44.432592 Navigation got ALT: 0.27
[1500, 1500, 988, 1500, 988, 988, 988, 1600, 1001, 1001, 1001, 1001, 1500, 1500, 1500, 1500] | 13:19:44.432668
[1500, 1500, 988, 1500, 988, 988, 988, 1600, 1001, 1001, 1001, 1001, 1500, 1500, 1500, 1500] | 13:19:44.439930
13:19:44.443487 ALT: 0.27
13:19:44.443580 ATT: [-21.2, 0.8, 352]
13:19:44.443836 ACC: [-7, -187, 480]
[1500, 1500, 988, 1500, 988, 988, 988, 1600, 1001, 1001, 1001, 1001, 1500, 1500, 1500, 1500] | 13:19:44.446035
[1500, 1500, 988, 1500, 988, 988, 988, 1600, 1001, 1001, 1001, 1001, 1500, 1500, 1500, 1500] | 13:19:44.453216
[1500, 1500, 988, 1500, 988, 988, 988, 1600, 1001, 1001, 1001, 1001, 1500, 1500, 1500, 1500] | 13:19:44.459857
13:19:44.466039 Navigation got ALT: 0.27
[1500, 1500, 988, 1500, 988, 988, 988, 1598, 1001, 1001, 1001, 1001, 1500, 1500, 1500, 1500] | 13:19:44.466129
[1500, 1500, 988, 1500, 988, 988, 988, 1598, 1001, 1001, 1001, 1001, 1500, 1500, 1500, 1500] | 13:19:44.472853
[1500, 1500, 988, 1500, 988, 988, 988, 1598, 1001, 1001, 1001, 1001, 1500, 1500, 1500, 1500] | 13:19:44.479509
[1500, 1500, 988, 1500, 988, 988, 988, 1598, 1001, 1001, 1001, 1001, 1500, 1500, 1500, 1500] | 13:19:44.486403
13:19:44.490984 ALT: 0.27
13:19:44.491256 ATT: [-21.2, 0.8, 352]
13:19:44.491820 ACC: [-7, -186, 480]
[1500, 1500, 988, 1500, 988, 988, 988, 1598, 1001, 1001, 1001, 1001, 1500, 1500, 1500, 1500] | 13:19:44.493484
13:19:44.499354 Navigation got ALT: 0.27
[1500, 1500, 988, 1500, 988, 988, 988, 1598, 1001, 1001, 1001, 1001, 1500, 1500, 1500, 1500] | 13:19:44.499440
[1500, 1500, 988, 1500, 988, 988, 988, 1598, 1001, 1001, 1001, 1001, 1500, 1500, 1500, 1500] | 13:19:44.506185
[1500, 1500, 988, 1500, 988, 988, 988, 1598, 1001, 1001, 1001, 1001, 1500, 1500, 1500, 1500] | 13:19:44.512670
[1500, 1500, 988, 1500, 988, 988, 988, 1598, 1001, 1001, 1001, 1001, 1500, 1500, 1500, 1500] | 13:19:44.519923
[1500, 1500, 988, 1500, 988, 988, 988, 1598, 1001, 1001, 1001, 1001, 1500, 1500, 1500, 1500] | 13:19:44.526118
13:19:44.532646 Navigation got ALT: 0.27
[1500, 1500, 988, 1499, 988, 988, 988, 1598, 1001, 1001, 1001, 1001, 1500, 1500, 1500, 1500] | 13:19:44.532729
13:19:44.539454 ALT: 0.27
13:19:44.539830 ATT: [-21.2, 0.8, 352]
13:19:44.540413 ACC: [-7, -186, 480]
[1500, 1500, 988, 1499, 988, 988, 988, 1598, 1001, 1001, 1001, 1001, 1500, 1500, 1500, 1500] | 13:19:44.541489
[1500, 1500, 988, 1499, 988, 988, 988, 1598, 1001, 1001, 1001, 1001, 1500, 1500, 1500, 1500] | 13:19:44.546113
[1500, 1500, 988, 1499, 988, 988, 988, 1598, 1001, 1001, 1001, 1001, 1500, 1500, 1500, 1500] | 13:19:44.553220
[1500, 1500, 988, 1499, 988, 988, 988, 1598, 1001, 1001, 1001, 1001, 1500, 1500, 1500, 1500] | 13:19:44.559778
13:19:44.566023 Navigation got ALT: 0.27
[1500, 1500, 988, 1500, 988, 988, 988, 1600, 1001, 1001, 1001, 1001, 1500, 1500, 1500, 1500] | 13:19:44.566113
[1500, 1500, 988, 1500, 988, 988, 988, 1600, 1001, 1001, 1001, 1001, 1500, 1500, 1500, 1500] | 13:19:44.572974
[1500, 1500, 988, 1500, 988, 988, 988, 1600, 1001, 1001, 1001, 1001, 1500, 1500, 1500, 1500] | 13:19:44.579379
[1500, 1500, 988, 1500, 988, 988, 988, 1600, 1001, 1001, 1001, 1001, 1500, 1500, 1500, 1500] | 13:19:44.586370
13:19:44.586896 ALT: 0.27
13:19:44.586971 ATT: [-21.2, 0.8, 352]
13:19:44.587246 ACC: [-7, -186, 480]
[1500, 1500, 988, 1500, 988, 988, 988, 1600, 1001, 1001, 1001, 1001, 1500, 1500, 1500, 1500] | 13:19:44.592961
13:19:44.599363 Navigation got ALT: 0.27
[1500, 1500, 988, 1499, 988, 988, 988, 1600, 1001, 1001, 1001, 1001, 1500, 1500, 1500, 1500] | 13:19:44.599446
[1500, 1500, 988, 1499, 988, 988, 988, 1600, 1001, 1001, 1001, 1001, 1500, 1500, 1500, 1500] | 13:19:44.606085
[1500, 1500, 988, 1499, 988, 988, 988, 1600, 1001, 1001, 1001, 1001, 1500, 1500, 1500, 1500] | 13:19:44.612650
[1500, 1500, 988, 1499, 988, 988, 988, 1600, 1001, 1001, 1001, 1001, 1500, 1500, 1500, 1500] | 13:19:44.619789
[1500, 1500, 988, 1499, 988, 988, 988, 1600, 1001, 1001, 1001, 1001, 1500, 1500, 1500, 1500] | 13:19:44.626241
13:19:44.632648 Navigation got ALT: 0.27
[1499, 1500, 988, 1500, 988, 988, 988, 1600, 1001, 1001, 1001, 1001, 1500, 1500, 1500, 1500] | 13:19:44.632730
13:19:44.634759 ALT: 0.27
13:19:44.634860 ATT: [-21.2, 0.8, 352]
13:19:44.635179 ACC: [-7, -187, 480]
[1499, 1500, 988, 1500, 988, 988, 988, 1600, 1001, 1001, 1001, 1001, 1500, 1500, 1500, 1500] | 13:19:44.640057
[1499, 1500, 988, 1500, 988, 988, 988, 1600, 1001, 1001, 1001, 1001, 1500, 1500, 1500, 1500] | 13:19:44.646288
[1499, 1500, 988, 1500, 988, 988, 988, 1600, 1001, 1001, 1001, 1001, 1500, 1500, 1500, 1500] | 13:19:44.655045
[1499, 1500, 988, 1500, 988, 988, 988, 1600, 1001, 1001, 1001, 1001, 1500, 1500, 1500, 1500] | 13:19:44.659875
13:19:44.666266 Navigation got ALT: 0.27
[1499, 1500, 988, 1500, 989, 986, 988, 1600, 1001, 1001, 1001, 1001, 1500, 1500, 1500, 1500] | 13:19:44.666526
[1499, 1500, 988, 1500, 989, 986, 988, 1600, 1001, 1001, 1001, 1001, 1500, 1500, 1500, 1500] | 13:19:44.673047
[1499, 1500, 988, 1500, 989, 986, 988, 1600, 1001, 1001, 1001, 1001, 1500, 1500, 1500, 1500] | 13:19:44.679531
13:19:44.682862 ALT: 0.27
13:19:44.682969 ATT: [-21.2, 0.8, 352]
13:19:44.683282 ACC: [-7, -187, 479]
[1499, 1500, 988, 1500, 989, 986, 988, 1600, 1001, 1001, 1001, 1001, 1500, 1500, 1500, 1500] | 13:19:44.687553
[1499, 1500, 988, 1500, 989, 986, 988, 1600, 1001, 1001, 1001, 1001, 1500, 1500, 1500, 1500] | 13:19:44.693764
13:19:44.699575 Navigation got ALT: 0.27
[1500, 1500, 988, 1500, 988, 988, 988, 1600, 1001, 1001, 1001, 1001, 1500, 1500, 1500, 1500] | 13:19:44.699671
[1500, 1500, 988, 1500, 988, 988, 988, 1600, 1001, 1001, 1001, 1001, 1500, 1500, 1500, 1500] | 13:19:44.706272
[1500, 1500, 988, 1500, 988, 988, 988, 1600, 1001, 1001, 1001, 1001, 1500, 1500, 1500, 1500] | 13:19:44.713329
[1500, 1500, 988, 1500, 988, 988, 988, 1600, 1001, 1001, 1001, 1001, 1500, 1500, 1500, 1500] | 13:19:44.719642
[1500, 1500, 988, 1500, 988, 988, 988, 1600, 1001, 1001, 1001, 1001, 1500, 1500, 1500, 1500] | 13:19:44.727121
13:19:44.731084 ALT: 0.27
13:19:44.731457 ATT: [-21.2, 0.8, 352]
13:19:44.731958 ACC: [-7, -187, 480]
13:19:44.733717 Navigation got ALT: 0.27
[1500, 1500, 988, 1500, 988, 988, 988, 1600, 1001, 1001, 1001, 1001, 1500, 1500, 1500, 1500] | 13:19:44.734152
[1500, 1500, 988, 1500, 988, 988, 988, 1600, 1001, 1001, 1001, 1001, 1500, 1500, 1500, 1500] | 13:19:44.741756
[1500, 1500, 988, 1500, 988, 988, 988, 1600, 1001, 1001, 1001, 1001, 1500, 1500, 1500, 1500] | 13:19:44.746226
[1500, 1500, 988, 1500, 988, 988, 988, 1600, 1001, 1001, 1001, 1001, 1500, 1500, 1500, 1500] | 13:19:44.754224
[1500, 1500, 988, 1500, 988, 988, 988, 1600, 1001, 1001, 1001, 1001, 1500, 1500, 1500, 1500] | 13:19:44.759675
13:19:44.766247 Navigation got ALT: 0.27
[1500, 1500, 988, 1500, 988, 988, 988, 1598, 1001, 1001, 1001, 1001, 1500, 1500, 1500, 1500] | 13:19:44.766369
[1500, 1500, 988, 1500, 988, 988, 988, 1598, 1001, 1001, 1001, 1001, 1500, 1500, 1500, 1500] | 13:19:44.773820
13:19:44.778813 ALT: 0.27
13:19:44.778929 ATT: [-21.2, 0.8, 352]
13:19:44.779283 ACC: [-7, -187, 480]
[1500, 1500, 988, 1500, 988, 988, 988, 1598, 1001, 1001, 1001, 1001, 1500, 1500, 1500, 1500] | 13:19:44.780150
[1500, 1500, 988, 1500, 988, 988, 988, 1598, 1001, 1001, 1001, 1001, 1500, 1500, 1500, 1500] | 13:19:44.787746
[1500, 1500, 988, 1500, 988, 988, 988, 1598, 1001, 1001, 1001, 1001, 1500, 1500, 1500, 1500] | 13:19:44.793764
13:19:44.799456 Navigation got ALT: 0.27
[1500, 1501, 988, 1500, 988, 988, 988, 1600, 1001, 1001, 1001, 1001, 1500, 1500, 1500, 1500] | 13:19:44.799561
[1500, 1501, 988, 1500, 988, 988, 988, 1600, 1001, 1001, 1001, 1001, 1500, 1500, 1500, 1500] | 13:19:44.806184
[1500, 1501, 988, 1500, 988, 988, 988, 1600, 1001, 1001, 1001, 1001, 1500, 1500, 1500, 1500] | 13:19:44.813115
[1500, 1501, 988, 1500, 988, 988, 988, 1600, 1001, 1001, 1001, 1001, 1500, 1500, 1500, 1500] | 13:19:44.820251
[1500, 1501, 988, 1500, 988, 988, 988, 1600, 1001, 1001, 1001, 1001, 1500, 1500, 1500, 1500] | 13:19:44.826671
13:19:44.827362 ALT: 0.27
13:19:44.827560 ATT: [-21.2, 0.8, 351]
13:19:44.828258 ACC: [-7, -187, 480]
13:19:44.833175 Navigation got ALT: 0.27
[1500, 1500, 988, 1500, 988, 988, 988, 1600, 1001, 1001, 1001, 1001, 1500, 1500, 1500, 1500] | 13:19:44.833301
[1500, 1500, 988, 1500, 988, 988, 988, 1600, 1001, 1001, 1001, 1001, 1500, 1500, 1500, 1500] | 13:19:44.839977
[1500, 1500, 988, 1500, 988, 988, 988, 1600, 1001, 1001, 1001, 1001, 1500, 1500, 1500, 1500] | 13:19:44.846012
[1500, 1500, 988, 1500, 988, 988, 988, 1600, 1001, 1001, 1001, 1001, 1500, 1500, 1500, 1500] | 13:19:44.853343
[1500, 1500, 988, 1500, 988, 988, 988, 1600, 1001, 1001, 1001, 1001, 1500, 1500, 1500, 1500] | 13:19:44.859666
13:19:44.866193 Navigation got ALT: 0.27
[1500, 1500, 988, 1500, 988, 988, 988, 1600, 1001, 1001, 1001, 1001, 1500, 1500, 1500, 1500] | 13:19:44.866287
[1500, 1500, 988, 1500, 988, 988, 988, 1600, 1001, 1001, 1001, 1001, 1500, 1500, 1500, 1500] | 13:19:44.872857
13:19:44.875263 ALT: 0.27
13:19:44.875364 ATT: [-21.2, 0.8, 351]
13:19:44.875612 ACC: [-8, -187, 480]
[1500, 1500, 988, 1500, 988, 988, 988, 1600, 1001, 1001, 1001, 1001, 1500, 1500, 1500, 1500] | 13:19:44.879436
[1500, 1500, 988, 1500, 988, 988, 988, 1600, 1001, 1001, 1001, 1001, 1500, 1500, 1500, 1500] | 13:19:44.886839
[1500, 1500, 988, 1500, 988, 988, 988, 1600, 1001, 1001, 1001, 1001, 1500, 1500, 1500, 1500] | 13:19:44.892805
13:19:44.899392 Navigation got ALT: 0.27
[1500, 1499, 988, 1500, 988, 988, 988, 1600, 1001, 1001, 1001, 1001, 1500, 1500, 1500, 1500] | 13:19:44.899479
[1500, 1499, 988, 1500, 988, 988, 988, 1600, 1001, 1001, 1001, 1001, 1500, 1500, 1500, 1500] | 13:19:44.906076
[1500, 1499, 988, 1500, 988, 988, 988, 1600, 1001, 1001, 1001, 1001, 1500, 1500, 1500, 1500] | 13:19:44.912659
[1500, 1499, 988, 1500, 988, 988, 988, 1600, 1001, 1001, 1001, 1001, 1500, 1500, 1500, 1500] | 13:19:44.919774
13:19:44.923211 ALT: 0.27
13:19:44.923294 ATT: [-21.2, 0.8, 351]
13:19:44.923611 ACC: [-7, -186, 480]
[1500, 1499, 988, 1500, 988, 988, 988, 1600, 1001, 1001, 1001, 1001, 1500, 1500, 1500, 1500] | 13:19:44.926419
13:19:44.932673 Navigation got ALT: 0.27
[1497, 1500, 988, 1500, 988, 988, 988, 1600, 1001, 1001, 1001, 1001, 1500, 1500, 1500, 1500] | 13:19:44.932762
[1497, 1500, 988, 1500, 988, 988, 988, 1600, 1001, 1001, 1001, 1001, 1500, 1500, 1500, 1500] | 13:19:44.940236
[1497, 1500, 988, 1500, 988, 988, 988, 1600, 1001, 1001, 1001, 1001, 1500, 1500, 1500, 1500] | 13:19:44.946090
[1497, 1500, 988, 1500, 988, 988, 988, 1600, 1001, 1001, 1001, 1001, 1500, 1500, 1500, 1500] | 13:19:44.953188
[1497, 1500, 988, 1500, 988, 988, 988, 1600, 1001, 1001, 1001, 1001, 1500, 1500, 1500, 1500] | 13:19:44.959887
13:19:44.966012 Navigation got ALT: 0.27
[1500, 1499, 988, 1500, 988, 988, 988, 1600, 1001, 1001, 1001, 1001, 1500, 1500, 1500, 1500] | 13:19:44.966109
13:19:44.971432 ALT: 0.27
13:19:44.971739 ATT: [-21.2, 0.8, 351]
13:19:44.972181 ACC: [-7, -186, 480]
[1500, 1499, 988, 1500, 988, 988, 988, 1600, 1001, 1001, 1001, 1001, 1500, 1500, 1500, 1500] | 13:19:44.973378
[1500, 1499, 988, 1500, 988, 988, 988, 1600, 1001, 1001, 1001, 1001, 1500, 1500, 1500, 1500] | 13:19:44.979449
[1500, 1499, 988, 1500, 988, 988, 988, 1600, 1001, 1001, 1001, 1001, 1500, 1500, 1500, 1500] | 13:19:44.986405
[1500, 1499, 988, 1500, 988, 988, 988, 1600, 1001, 1001, 1001, 1001, 1500, 1500, 1500, 1500] | 13:19:44.992828
13:19:44.999378 Navigation got ALT: 0.27
[1500, 1499, 988, 1500, 988, 988, 988, 1600, 1001, 1001, 1001, 1001, 1500, 1500, 1500, 1500] | 13:19:44.999461
[1500, 1499, 988, 1500, 988, 988, 988, 1600, 1001, 1001, 1001, 1001, 1500, 1500, 1500, 1500] | 13:19:45.006679
[1500, 1499, 988, 1500, 988, 988, 988, 1600, 1001, 1001, 1001, 1001, 1500, 1500, 1500, 1500] | 13:19:45.012687
[1500, 1499, 988, 1500, 988, 988, 988, 1600, 1001, 1001, 1001, 1001, 1500, 1500, 1500, 1500] | 13:19:45.021313
13:19:45.024027 ALT: 0.27
13:19:45.024129 ATT: [-21.2, 0.8, 351]
13:19:45.024746 ACC: [-7, -186, 479]
[1500, 1499, 988, 1500, 988, 988, 988, 1600, 1001, 1001, 1001, 1001, 1500, 1500, 1500, 1500] | 13:19:45.026898
13:19:45.036829 Navigation got ALT: 0.27
[1500, 1500, 988, 1500, 988, 988, 988, 1600, 1001, 1001, 1001, 1001, 1500, 1500, 1500, 1500] | 13:19:45.036948
[1500, 1500, 988, 1500, 988, 988, 988, 1600, 1001, 1001, 1001, 1001, 1500, 1500, 1500, 1500] | 13:19:45.040183
[1500, 1500, 988, 1500, 988, 988, 988, 1600, 1001, 1001, 1001, 1001, 1500, 1500, 1500, 1500] | 13:19:45.047738
[1500, 1500, 988, 1500, 988, 988, 988, 1600, 1001, 1001, 1001, 1001, 1500, 1500, 1500, 1500] | 13:19:45.053223
[1500, 1500, 988, 1500, 988, 988, 988, 1600, 1001, 1001, 1001, 1001, 1500, 1500, 1500, 1500] | 13:19:45.061799
[1500, 1500, 988, 1500, 988, 988, 988, 1600, 1001, 1001, 1001, 1001, 1500, 1500, 1500, 1500] | 13:19:45.066780
13:19:45.078066 Navigation got ALT: 0.27
[1499, 1500, 988, 1500, 988, 988, 989, 1598, 1001, 1001, 1001, 1001, 1500, 1500, 1500, 1500] | 13:19:45.078410
[1499, 1500, 988, 1500, 988, 988, 989, 1598, 1001, 1001, 1001, 1001, 1500, 1500, 1500, 1500] | 13:19:45.079516
13:19:45.082807 ALT: 0.27
13:19:45.082914 ATT: [-21.2, 0.8, 351]
13:19:45.083248 ACC: [-8, -186, 480]
[1499, 1500, 988, 1500, 988, 988, 989, 1598, 1001, 1001, 1001, 1001, 1500, 1500, 1500, 1500] | 13:19:45.086240
[1499, 1500, 988, 1500, 988, 988, 989, 1598, 1001, 1001, 1001, 1001, 1500, 1500, 1500, 1500] | 13:19:45.093176
[1499, 1500, 988, 1500, 988, 988, 989, 1598, 1001, 1001, 1001, 1001, 1500, 1500, 1500, 1500] | 13:19:45.101289
[1499, 1500, 988, 1500, 988, 988, 989, 1598, 1001, 1001, 1001, 1001, 1500, 1500, 1500, 1500] | 13:19:45.112262
13:19:45.113910 Navigation got ALT: 0.27
[1500, 1500, 988, 1500, 988, 988, 988, 1600, 1001, 1001, 1001, 1001, 1500, 1500, 1500, 1500] | 13:19:45.114033
[1500, 1500, 988, 1500, 988, 988, 988, 1600, 1001, 1001, 1001, 1001, 1500, 1500, 1500, 1500] | 13:19:45.121209
[1500, 1500, 988, 1500, 988, 988, 988, 1600, 1001, 1001, 1001, 1001, 1500, 1500, 1500, 1500] | 13:19:45.126287
[1500, 1500, 988, 1500, 988, 988, 988, 1600, 1001, 1001, 1001, 1001, 1500, 1500, 1500, 1500] | 13:19:45.133173
[1500, 1500, 988, 1500, 988, 988, 988, 1600, 1001, 1001, 1001, 1001, 1500, 1500, 1500, 1500] | 13:19:45.143414
13:19:45.146594 Navigation got ALT: 0.27
[1500, 1499, 988, 1499, 988, 988, 988, 1600, 1001, 1001, 1001, 1001, 1500, 1500, 1500, 1500] | 13:19:45.146713
13:19:45.147078 ALT: 0.27
13:19:45.147162 ATT: [-21.2, 0.8, 351]
13:19:45.147498 ACC: [-7, -186, 480]
[1500, 1499, 988, 1499, 988, 988, 988, 1600, 1001, 1001, 1001, 1001, 1500, 1500, 1500, 1500] | 13:19:45.153058
[1500, 1499, 988, 1499, 988, 988, 988, 1600, 1001, 1001, 1001, 1001, 1500, 1500, 1500, 1500] | 13:19:45.160486
[1500, 1499, 988, 1499, 988, 988, 988, 1600, 1001, 1001, 1001, 1001, 1500, 1500, 1500, 1500] | 13:19:45.166313
13:19:45.176642 Navigation got ALT: 0.27
[1500, 1499, 988, 1500, 988, 988, 988, 1600, 1001, 1001, 1001, 1001, 1500, 1500, 1500, 1500] | 13:19:45.176810
[1500, 1499, 988, 1500, 988, 988, 988, 1600, 1001, 1001, 1001, 1001, 1500, 1500, 1500, 1500] | 13:19:45.180042
[1500, 1499, 988, 1500, 988, 988, 988, 1600, 1001, 1001, 1001, 1001, 1500, 1500, 1500, 1500] | 13:19:45.186897
[1500, 1499, 988, 1500, 988, 988, 988, 1600, 1001, 1001, 1001, 1001, 1500, 1500, 1500, 1500] | 13:19:45.193255
13:19:45.194902 ALT: 0.27
13:19:45.195817 ATT: [-21.2, 0.8, 351]
13:19:45.196376 ACC: [-7, -186, 480]
[1500, 1499, 988, 1500, 988, 988, 988, 1600, 1001, 1001, 1001, 1001, 1500, 1500, 1500, 1500] | 13:19:45.200140
13:19:45.208441 Navigation got ALT: 0.27
[1500, 1499, 988, 1500, 988, 988, 988, 1598, 1001, 1001, 1001, 1001, 1500, 1500, 1500, 1500] | 13:19:45.208556
[1500, 1499, 988, 1500, 988, 988, 988, 1598, 1001, 1001, 1001, 1001, 1500, 1500, 1500, 1500] | 13:19:45.213050
[1500, 1499, 988, 1500, 988, 988, 988, 1598, 1001, 1001, 1001, 1001, 1500, 1500, 1500, 1500] | 13:19:45.219629
[1500, 1499, 988, 1500, 988, 988, 988, 1598, 1001, 1001, 1001, 1001, 1500, 1500, 1500, 1500] | 13:19:45.226421
[1500, 1499, 988, 1500, 988, 988, 988, 1598, 1001, 1001, 1001, 1001, 1500, 1500, 1500, 1500] | 13:19:45.232818
13:19:45.242978 Navigation got ALT: 0.27
[1500, 1500, 988, 1500, 988, 988, 988, 1600, 1001, 1001, 1001, 1001, 1500, 1500, 1500, 1500] | 13:19:45.243137
13:19:45.243623 ALT: 0.27
13:19:45.243750 ATT: [-21.2, 0.8, 351]
13:19:45.246767 ACC: [-7, -186, 480]
[1500, 1500, 988, 1500, 988, 988, 988, 1600, 1001, 1001, 1001, 1001, 1500, 1500, 1500, 1500] | 13:19:45.247086
[1500, 1500, 988, 1500, 988, 988, 988, 1600, 1001, 1001, 1001, 1001, 1500, 1500, 1500, 1500] | 13:19:45.252933
[1500, 1500, 988, 1500, 988, 988, 988, 1600, 1001, 1001, 1001, 1001, 1500, 1500, 1500, 1500] | 13:19:45.264057
[1500, 1500, 988, 1500, 988, 988, 988, 1600, 1001, 1001, 1001, 1001, 1500, 1500, 1500, 1500] | 13:19:45.267090
13:19:45.276349 Navigation got ALT: 0.27
[1500, 1499, 988, 1500, 988, 988, 988, 1600, 1001, 1001, 1001, 1001, 1500, 1500, 1500, 1500] | 13:19:45.276489
[1500, 1499, 988, 1500, 988, 988, 988, 1600, 1001, 1001, 1001, 1001, 1500, 1500, 1500, 1500] | 13:19:45.279591
[1500, 1499, 988, 1500, 988, 988, 988, 1600, 1001, 1001, 1001, 1001, 1500, 1500, 1500, 1500] | 13:19:45.286136
13:19:45.293999 ALT: 0.27
13:19:45.294172 ATT: [-21.2, 0.8, 351]
13:19:45.294770 ACC: [-7, -186, 480]
[1500, 1499, 988, 1500, 988, 988, 988, 1600, 1001, 1001, 1001, 1001, 1500, 1500, 1500, 1500] | 13:19:45.297249
[1500, 1499, 988, 1500, 988, 988, 988, 1600, 1001, 1001, 1001, 1001, 1500, 1500, 1500, 1500] | 13:19:45.299865
13:19:45.307905 Navigation got ALT: 0.27
[1500, 1500, 988, 1500, 988, 988, 988, 1600, 1001, 1001, 1001, 1001, 1500, 1500, 1500, 1500] | 13:19:45.308012
[1500, 1500, 988, 1500, 988, 988, 988, 1600, 1001, 1001, 1001, 1001, 1500, 1500, 1500, 1500] | 13:19:45.312960
[1500, 1500, 988, 1500, 988, 988, 988, 1600, 1001, 1001, 1001, 1001, 1500, 1500, 1500, 1500] | 13:19:45.319952
[1500, 1500, 988, 1500, 988, 988, 988, 1600, 1001, 1001, 1001, 1001, 1500, 1500, 1500, 1500] | 13:19:45.326187
[1500, 1500, 988, 1500, 988, 988, 988, 1600, 1001, 1001, 1001, 1001, 1500, 1500, 1500, 1500] | 13:19:45.333431
13:19:45.338953 ALT: 0.27
13:19:45.339077 ATT: [-21.2, 0.8, 351]
13:19:45.339903 ACC: [-7, -186, 480]
13:19:45.341020 Navigation got ALT: 0.27
[1500, 1500, 988, 1499, 988, 988, 988, 1600, 1001, 1001, 1001, 1001, 1500, 1500, 1500, 1500] | 13:19:45.341118
[1500, 1500, 988, 1499, 988, 988, 988, 1600, 1001, 1001, 1001, 1001, 1500, 1500, 1500, 1500] | 13:19:45.355145
[1500, 1500, 988, 1499, 988, 988, 988, 1600, 1001, 1001, 1001, 1001, 1500, 1500, 1500, 1500] | 13:19:45.361315
[1500, 1500, 988, 1499, 988, 988, 988, 1600, 1001, 1001, 1001, 1001, 1500, 1500, 1500, 1500] | 13:19:45.367437
13:19:45.373116 Navigation got ALT: 0.27
[1500, 1500, 988, 1500, 988, 988, 988, 1600, 1001, 1001, 1001, 1001, 1500, 1500, 1500, 1500] | 13:19:45.373227
[1500, 1500, 988, 1500, 988, 988, 988, 1600, 1001, 1001, 1001, 1001, 1500, 1500, 1500, 1500] | 13:19:45.379508
[1500, 1500, 988, 1500, 988, 988, 988, 1600, 1001, 1001, 1001, 1001, 1500, 1500, 1500, 1500] | 13:19:45.386773
13:19:45.387171 ALT: 0.27
13:19:45.387258 ATT: [-21.2, 0.8, 351]
13:19:45.387574 ACC: [-7, -186, 480]
[1500, 1500, 988, 1500, 988, 988, 988, 1600, 1001, 1001, 1001, 1001, 1500, 1500, 1500, 1500] | 13:19:45.393382
[1500, 1500, 988, 1500, 988, 988, 988, 1600, 1001, 1001, 1001, 1001, 1500, 1500, 1500, 1500] | 13:19:45.399740
13:19:45.407402 Navigation got ALT: 0.27
[1500, 1500, 988, 1500, 986, 988, 988, 1600, 1001, 1001, 1001, 1001, 1500, 1500, 1500, 1500] | 13:19:45.407523
[1500, 1500, 988, 1500, 986, 988, 988, 1600, 1001, 1001, 1001, 1001, 1500, 1500, 1500, 1500] | 13:19:45.413028
[1500, 1500, 988, 1500, 986, 988, 988, 1600, 1001, 1001, 1001, 1001, 1500, 1500, 1500, 1500] | 13:19:45.419672
[1500, 1500, 988, 1500, 986, 988, 988, 1600, 1001, 1001, 1001, 1001, 1500, 1500, 1500, 1500] | 13:19:45.427013
[1500, 1500, 988, 1500, 986, 988, 988, 1600, 1001, 1001, 1001, 1001, 1500, 1500, 1500, 1500] | 13:19:45.432797
13:19:45.434914 ALT: 0.27
13:19:45.435023 ATT: [-21.2, 0.8, 351]
13:19:45.435312 ACC: [-7, -186, 480]
13:19:45.442567 Navigation got ALT: 0.27
[1500, 1500, 988, 1500, 986, 988, 988, 1600, 1001, 1001, 1001, 1001, 1500, 1500, 1500, 1500] | 13:19:45.442716
[1500, 1500, 988, 1500, 986, 988, 988, 1600, 1001, 1001, 1001, 1001, 1500, 1500, 1500, 1500] | 13:19:45.446818
[1500, 1500, 988, 1500, 986, 988, 988, 1600, 1001, 1001, 1001, 1001, 1500, 1500, 1500, 1500] | 13:19:45.452894
[1500, 1500, 988, 1500, 986, 988, 988, 1600, 1001, 1001, 1001, 1001, 1500, 1500, 1500, 1500] | 13:19:45.461059
[1500, 1500, 988, 1500, 986, 988, 988, 1600, 1001, 1001, 1001, 1001, 1500, 1500, 1500, 1500] | 13:19:45.466820
13:19:45.473515 Navigation got ALT: 0.27
[1500, 1499, 988, 1500, 988, 988, 988, 1601, 1001, 1001, 1001, 1001, 1500, 1500, 1500, 1500] | 13:19:45.473709
[1500, 1499, 988, 1500, 988, 988, 988, 1601, 1001, 1001, 1001, 1001, 1500, 1500, 1500, 1500] | 13:19:45.479831
13:19:45.485654 ALT: 0.27
13:19:45.485964 ATT: [-21.2, 0.8, 351]
13:19:45.486345 ACC: [-7, -187, 480]
[1500, 1499, 988, 1500, 988, 988, 988, 1601, 1001, 1001, 1001, 1001, 1500, 1500, 1500, 1500] | 13:19:45.487492
[1500, 1499, 988, 1500, 988, 988, 988, 1601, 1001, 1001, 1001, 1001, 1500, 1500, 1500, 1500] | 13:19:45.492847
[1500, 1499, 988, 1500, 988, 988, 988, 1601, 1001, 1001, 1001, 1001, 1500, 1500, 1500, 1500] | 13:19:45.500053
13:19:45.506358 Navigation got ALT: 0.27
[1500, 1500, 988, 1500, 988, 988, 988, 1600, 1001, 1001, 1001, 1001, 1500, 1500, 1500, 1500] | 13:19:45.506825
[1500, 1500, 988, 1500, 988, 988, 988, 1600, 1001, 1001, 1001, 1001, 1500, 1500, 1500, 1500] | 13:19:45.513416
[1500, 1500, 988, 1500, 988, 988, 988, 1600, 1001, 1001, 1001, 1001, 1500, 1500, 1500, 1500] | 13:19:45.519545
[1500, 1500, 988, 1500, 988, 988, 988, 1600, 1001, 1001, 1001, 1001, 1500, 1500, 1500, 1500] | 13:19:45.526434
[1500, 1500, 988, 1500, 988, 988, 988, 1600, 1001, 1001, 1001, 1001, 1500, 1500, 1500, 1500] | 13:19:45.534205
13:19:45.535617 ALT: 0.27
13:19:45.535769 ATT: [-21.2, 0.8, 351]
13:19:45.536132 ACC: [-7, -187, 480]
13:19:45.540354 Navigation got ALT: 0.27
[1500, 1500, 988, 1500, 988, 988, 988, 1600, 1001, 1001, 1001, 1001, 1500, 1500, 1500, 1500] | 13:19:45.540509
[1500, 1500, 988, 1500, 988, 988, 988, 1600, 1001, 1001, 1001, 1001, 1500, 1500, 1500, 1500] | 13:19:45.546896
[1500, 1500, 988, 1500, 988, 988, 988, 1600, 1001, 1001, 1001, 1001, 1500, 1500, 1500, 1500] | 13:19:45.552884
[1500, 1500, 988, 1500, 988, 988, 988, 1600, 1001, 1001, 1001, 1001, 1500, 1500, 1500, 1500] | 13:19:45.560521
[1500, 1500, 988, 1500, 988, 988, 988, 1600, 1001, 1001, 1001, 1001, 1500, 1500, 1500, 1500] | 13:19:45.566620
13:19:45.573109 Navigation got ALT: 0.27
[1500, 1500, 988, 1500, 988, 988, 988, 1598, 1001, 1001, 1001, 1001, 1500, 1500, 1500, 1500] | 13:19:45.573236
[1500, 1500, 988, 1500, 988, 988, 988, 1598, 1001, 1001, 1001, 1001, 1500, 1500, 1500, 1500] | 13:19:45.580195
13:19:45.581217 ALT: 0.27
13:19:45.581313 ATT: [-21.2, 0.8, 351]
13:19:45.581594 ACC: [-7, -186, 480]
[1500, 1500, 988, 1500, 988, 988, 988, 1598, 1001, 1001, 1001, 1001, 1500, 1500, 1500, 1500] | 13:19:45.586397
[1500, 1500, 988, 1500, 988, 988, 988, 1598, 1001, 1001, 1001, 1001, 1500, 1500, 1500, 1500] | 13:19:45.593079
[1500, 1500, 988, 1500, 988, 988, 988, 1598, 1001, 1001, 1001, 1001, 1500, 1500, 1500, 1500] | 13:19:45.600544
13:19:45.607138 Navigation got ALT: 0.27
[1500, 1500, 988, 1500, 988, 988, 988, 1600, 1001, 1001, 1001, 1001, 1500, 1500, 1500, 1500] | 13:19:45.607405
[1500, 1500, 988, 1500, 988, 988, 988, 1600, 1001, 1001, 1001, 1001, 1500, 1500, 1500, 1500] | 13:19:45.613653
[1500, 1500, 988, 1500, 988, 988, 988, 1600, 1001, 1001, 1001, 1001, 1500, 1500, 1500, 1500] | 13:19:45.619481
13:19:45.626912 ALT: 0.27
13:19:45.627012 ATT: [-21.2, 0.8, 351]
13:19:45.627271 ACC: [-7, -186, 480]
[1500, 1500, 988, 1500, 988, 988, 988, 1600, 1001, 1001, 1001, 1001, 1500, 1500, 1500, 1500] | 13:19:45.629898
[1500, 1500, 988, 1500, 988, 988, 988, 1600, 1001, 1001, 1001, 1001, 1500, 1500, 1500, 1500] | 13:19:45.633495
13:19:45.643727 Navigation got ALT: 0.27
[1499, 1500, 988, 1500, 988, 988, 988, 1600, 1001, 1001, 1001, 1001, 1500, 1500, 1500, 1500] | 13:19:45.643855
[1499, 1500, 988, 1500, 988, 988, 988, 1600, 1001, 1001, 1001, 1001, 1500, 1500, 1500, 1500] | 13:19:45.646837
[1499, 1500, 988, 1500, 988, 988, 988, 1600, 1001, 1001, 1001, 1001, 1500, 1500, 1500, 1500] | 13:19:45.652950
[1499, 1500, 988, 1500, 988, 988, 988, 1600, 1001, 1001, 1001, 1001, 1500, 1500, 1500, 1500] | 13:19:45.660192
[1499, 1500, 988, 1500, 988, 988, 988, 1600, 1001, 1001, 1001, 1001, 1500, 1500, 1500, 1500] | 13:19:45.666956
[1499, 1500, 988, 1500, 988, 988, 988, 1600, 1001, 1001, 1001, 1001, 1500, 1500, 1500, 1500] | 13:19:45.673718
13:19:45.676577 ALT: 0.27
13:19:45.676853 ATT: [-21.2, 0.8, 351]
13:19:45.677307 ACC: [-7, -186, 480]
13:19:45.679457 Navigation got ALT: 0.27
[1500, 1500, 988, 1500, 988, 988, 988, 1600, 1001, 1001, 1001, 1001, 1500, 1500, 1500, 1500] | 13:19:45.679588
[1500, 1500, 988, 1500, 988, 988, 988, 1600, 1001, 1001, 1001, 1001, 1500, 1500, 1500, 1500] | 13:19:45.686749
[1500, 1500, 988, 1500, 988, 988, 988, 1600, 1001, 1001, 1001, 1001, 1500, 1500, 1500, 1500] | 13:19:45.694269
[1500, 1500, 988, 1500, 988, 988, 988, 1600, 1001, 1001, 1001, 1001, 1500, 1500, 1500, 1500] | 13:19:45.699407
13:19:45.709587 Navigation got ALT: 0.27
[1500, 1500, 988, 1500, 988, 988, 988, 1598, 1001, 1001, 1001, 1001, 1500, 1500, 1500, 1500] | 13:19:45.709738
[1500, 1500, 988, 1500, 988, 988, 988, 1598, 1001, 1001, 1001, 1001, 1500, 1500, 1500, 1500] | 13:19:45.712840
[1500, 1500, 988, 1500, 988, 988, 988, 1598, 1001, 1001, 1001, 1001, 1500, 1500, 1500, 1500] | 13:19:45.719999
13:19:45.725048 ALT: 0.27
13:19:45.725429 ATT: [-21.2, 0.8, 351]
13:19:45.726073 ACC: [-7, -187, 480]
[1500, 1500, 988, 1500, 988, 988, 988, 1598, 1001, 1001, 1001, 1001, 1500, 1500, 1500, 1500] | 13:19:45.727815
[1500, 1500, 988, 1500, 988, 988, 988, 1598, 1001, 1001, 1001, 1001, 1500, 1500, 1500, 1500] | 13:19:45.732958
13:19:45.742849 Navigation got ALT: 0.27
[1499, 1500, 988, 1500, 988, 988, 988, 1600, 1001, 1001, 1001, 1001, 1500, 1500, 1500, 1500] | 13:19:45.743459
[1499, 1500, 988, 1500, 988, 988, 988, 1600, 1001, 1001, 1001, 1001, 1500, 1500, 1500, 1500] | 13:19:45.746116
[1499, 1500, 988, 1500, 988, 988, 988, 1600, 1001, 1001, 1001, 1001, 1500, 1500, 1500, 1500] | 13:19:45.752800
[1499, 1500, 988, 1500, 988, 988, 988, 1600, 1001, 1001, 1001, 1001, 1500, 1500, 1500, 1500] | 13:19:45.761004
[1499, 1500, 988, 1500, 988, 988, 988, 1600, 1001, 1001, 1001, 1001, 1500, 1500, 1500, 1500] | 13:19:45.766339
13:19:45.771934 ALT: 0.27
13:19:45.772074 ATT: [-21.2, 0.8, 351]
13:19:45.772516 ACC: [-7, -186, 480]
13:19:45.774063 Navigation got ALT: 0.27
[1500, 1500, 988, 1499, 988, 988, 988, 1600, 1001, 1001, 1001, 1001, 1500, 1500, 1500, 1500] | 13:19:45.774346
[1500, 1500, 988, 1499, 988, 988, 988, 1600, 1001, 1001, 1001, 1001, 1500, 1500, 1500, 1500] | 13:19:45.779759
[1500, 1500, 988, 1499, 988, 988, 988, 1600, 1001, 1001, 1001, 1001, 1500, 1500, 1500, 1500] | 13:19:45.786402
[1500, 1500, 988, 1499, 988, 988, 988, 1600, 1001, 1001, 1001, 1001, 1500, 1500, 1500, 1500] | 13:19:45.793047
[1500, 1500, 988, 1499, 988, 988, 988, 1600, 1001, 1001, 1001, 1001, 1500, 1500, 1500, 1500] | 13:19:45.799384
13:19:45.806405 Navigation got ALT: 0.27
[1500, 1500, 988, 1500, 988, 988, 989, 1598, 1001, 1001, 1001, 1001, 1500, 1500, 1500, 1500] | 13:19:45.806676
[1500, 1500, 988, 1500, 988, 988, 989, 1598, 1001, 1001, 1001, 1001, 1500, 1500, 1500, 1500] | 13:19:45.813517
13:19:45.819327 ALT: 0.27
13:19:45.819464 ATT: [-21.2, 0.8, 351]
13:19:45.819783 ACC: [-7, -186, 480]
[1500, 1500, 988, 1500, 988, 988, 989, 1598, 1001, 1001, 1001, 1001, 1500, 1500, 1500, 1500] | 13:19:45.820907
[1500, 1500, 988, 1500, 988, 988, 989, 1598, 1001, 1001, 1001, 1001, 1500, 1500, 1500, 1500] | 13:19:45.826588
[1500, 1500, 988, 1500, 988, 988, 989, 1598, 1001, 1001, 1001, 1001, 1500, 1500, 1500, 1500] | 13:19:45.832698
13:19:45.839617 Navigation got ALT: 0.27
[1500, 1500, 988, 1499, 988, 988, 988, 1598, 1001, 1001, 1001, 1001, 1500, 1500, 1500, 1500] | 13:19:45.839725
[1500, 1500, 988, 1499, 988, 988, 988, 1598, 1001, 1001, 1001, 1001, 1500, 1500, 1500, 1500] | 13:19:45.846749
[1500, 1500, 988, 1499, 988, 988, 988, 1598, 1001, 1001, 1001, 1001, 1500, 1500, 1500, 1500] | 13:19:45.859321
[1500, 1500, 988, 1499, 988, 988, 988, 1598, 1001, 1001, 1001, 1001, 1500, 1500, 1500, 1500] | 13:19:45.861065
[1500, 1500, 988, 1499, 988, 988, 988, 1598, 1001, 1001, 1001, 1001, 1500, 1500, 1500, 1500] | 13:19:45.866179
13:19:45.867379 ALT: 0.27
13:19:45.867470 ATT: [-21.2, 0.8, 351]
13:19:45.867753 ACC: [-7, -186, 480]
13:19:45.873776 Navigation got ALT: 0.27
[1499, 1500, 988, 1500, 988, 988, 988, 1600, 1001, 1001, 1001, 1001, 1500, 1500, 1500, 1500] | 13:19:45.873916
[1499, 1500, 988, 1500, 988, 988, 988, 1600, 1001, 1001, 1001, 1001, 1500, 1500, 1500, 1500] | 13:19:45.879453
[1499, 1500, 988, 1500, 988, 988, 988, 1600, 1001, 1001, 1001, 1001, 1500, 1500, 1500, 1500] | 13:19:45.886915
[1499, 1500, 988, 1500, 988, 988, 988, 1600, 1001, 1001, 1001, 1001, 1500, 1500, 1500, 1500] | 13:19:45.893112
[1499, 1500, 988, 1500, 988, 988, 988, 1600, 1001, 1001, 1001, 1001, 1500, 1500, 1500, 1500] | 13:19:45.899777
13:19:45.906280 Navigation got ALT: 0.27
[1500, 1500, 988, 1499, 988, 988, 988, 1600, 1001, 1001, 1001, 1001, 1500, 1500, 1500, 1500] | 13:19:45.906400
[1500, 1500, 988, 1499, 988, 988, 988, 1600, 1001, 1001, 1001, 1001, 1500, 1500, 1500, 1500] | 13:19:45.913311
13:19:45.915152 ALT: 0.27
13:19:45.915236 ATT: [-21.2, 0.8, 351]
13:19:45.915508 ACC: [-8, -187, 480]
[1500, 1500, 988, 1499, 988, 988, 988, 1600, 1001, 1001, 1001, 1001, 1500, 1500, 1500, 1500] | 13:19:45.919817
[1500, 1500, 988, 1499, 988, 988, 988, 1600, 1001, 1001, 1001, 1001, 1500, 1500, 1500, 1500] | 13:19:45.926345
[1500, 1500, 988, 1499, 988, 988, 988, 1600, 1001, 1001, 1001, 1001, 1500, 1500, 1500, 1500] | 13:19:45.932696
13:19:45.940252 Navigation got ALT: 0.27
[1499, 1500, 988, 1499, 988, 988, 988, 1600, 1001, 1001, 1001, 1001, 1500, 1500, 1500, 1500] | 13:19:45.940403
[1499, 1500, 988, 1499, 988, 988, 988, 1600, 1001, 1001, 1001, 1001, 1500, 1500, 1500, 1500] | 13:19:45.946135
[1499, 1500, 988, 1499, 988, 988, 988, 1600, 1001, 1001, 1001, 1001, 1500, 1500, 1500, 1500] | 13:19:45.952761
[1499, 1500, 988, 1499, 988, 988, 988, 1600, 1001, 1001, 1001, 1001, 1500, 1500, 1500, 1500] | 13:19:45.960213
[1499, 1500, 988, 1499, 988, 988, 988, 1600, 1001, 1001, 1001, 1001, 1500, 1500, 1500, 1500] | 13:19:45.966258
13:19:45.973268 Navigation got ALT: 0.27
[1500, 1500, 988, 1500, 988, 988, 988, 1600, 1001, 1001, 1001, 1001, 1500, 1500, 1500, 1500] | 13:19:45.973429
13:19:45.976980 ALT: 0.27
13:19:45.977074 ATT: [-21.2, 0.8, 351]
13:19:45.977344 ACC: [-7, -187, 480]
[1500, 1500, 988, 1500, 988, 988, 988, 1600, 1001, 1001, 1001, 1001, 1500, 1500, 1500, 1500] | 13:19:45.979877
[1500, 1500, 988, 1500, 988, 988, 988, 1600, 1001, 1001, 1001, 1001, 1500, 1500, 1500, 1500] | 13:19:45.986112
[1500, 1500, 988, 1500, 988, 988, 988, 1600, 1001, 1001, 1001, 1001, 1500, 1500, 1500, 1500] | 13:19:45.992915
[1500, 1500, 988, 1500, 988, 988, 988, 1600, 1001, 1001, 1001, 1001, 1500, 1500, 1500, 1500] | 13:19:45.999380
13:19:46.006164 Navigation got ALT: 0.27
[1500, 1500, 988, 1500, 988, 988, 989, 1598, 1001, 1001, 1001, 1001, 1500, 1500, 1500, 1500] | 13:19:46.006267
[1500, 1500, 988, 1500, 988, 988, 989, 1598, 1001, 1001, 1001, 1001, 1500, 1500, 1500, 1500] | 13:19:46.013116
[1500, 1500, 988, 1500, 988, 988, 989, 1598, 1001, 1001, 1001, 1001, 1500, 1500, 1500, 1500] | 13:19:46.019393
[1500, 1500, 988, 1500, 988, 988, 989, 1598, 1001, 1001, 1001, 1001, 1500, 1500, 1500, 1500] | 13:19:46.026313
13:19:46.026873 ALT: 0.27
13:19:46.026982 ATT: [-21.2, 0.8, 351]
13:19:46.027222 ACC: [-7, -186, 480]
[1500, 1500, 988, 1500, 988, 988, 989, 1598, 1001, 1001, 1001, 1001, 1500, 1500, 1500, 1500] | 13:19:46.032808
13:19:46.040323 Navigation got ALT: 0.27
[1500, 1500, 988, 1500, 988, 988, 988, 1600, 1001, 1001, 1001, 1001, 1500, 1500, 1500, 1500] | 13:19:46.040481
[1500, 1500, 988, 1500, 988, 988, 988, 1600, 1001, 1001, 1001, 1001, 1500, 1500, 1500, 1500] | 13:19:46.046108
[1500, 1500, 988, 1500, 988, 988, 988, 1600, 1001, 1001, 1001, 1001, 1500, 1500, 1500, 1500] | 13:19:46.052875
[1500, 1500, 988, 1500, 988, 988, 988, 1600, 1001, 1001, 1001, 1001, 1500, 1500, 1500, 1500] | 13:19:46.060076
[1500, 1500, 988, 1500, 988, 988, 988, 1600, 1001, 1001, 1001, 1001, 1500, 1500, 1500, 1500] | 13:19:46.066120
13:19:46.073036 Navigation got ALT: 0.27
[1500, 1499, 988, 1500, 988, 988, 988, 1600, 1001, 1001, 1001, 1001, 1500, 1500, 1500, 1500] | 13:19:46.073207
13:19:46.075300 ALT: 0.27
13:19:46.075465 ATT: [-21.2, 0.8, 351]
13:19:46.076573 ACC: [-7, -186, 480]
[1500, 1499, 988, 1500, 988, 988, 988, 1600, 1001, 1001, 1001, 1001, 1500, 1500, 1500, 1500] | 13:19:46.079557
[1500, 1499, 988, 1500, 988, 988, 988, 1600, 1001, 1001, 1001, 1001, 1500, 1500, 1500, 1500] | 13:19:46.086264
[1500, 1499, 988, 1500, 988, 988, 988, 1600, 1001, 1001, 1001, 1001, 1500, 1500, 1500, 1500] | 13:19:46.093127
[1500, 1499, 988, 1500, 988, 988, 988, 1600, 1001, 1001, 1001, 1001, 1500, 1500, 1500, 1500] | 13:19:46.099366
13:19:46.106222 Navigation got ALT: 0.27
[1500, 1500, 988, 1500, 988, 988, 988, 1598, 1001, 1001, 1001, 1001, 1500, 1500, 1500, 1500] | 13:19:46.106338
[1500, 1500, 988, 1500, 988, 988, 988, 1598, 1001, 1001, 1001, 1001, 1500, 1500, 1500, 1500] | 13:19:46.112966
[1500, 1500, 988, 1500, 988, 988, 988, 1598, 1001, 1001, 1001, 1001, 1500, 1500, 1500, 1500] | 13:19:46.119465
13:19:46.124883 ALT: 0.27
13:19:46.125052 ATT: [-21.2, 0.8, 351]
[1500, 1500, 988, 1500, 988, 988, 988, 1598, 1001, 1001, 1001, 1001, 1500, 1500, 1500, 1500] | 13:19:46.126938
13:19:46.127446 ACC: [-7, -187, 480]
[1500, 1500, 988, 1500, 988, 988, 988, 1598, 1001, 1001, 1001, 1001, 1500, 1500, 1500, 1500] | 13:19:46.132834
13:19:46.142314 Navigation got ALT: 0.27
[1500, 1499, 988, 1500, 988, 988, 988, 1600, 1001, 1001, 1001, 1001, 1500, 1500, 1500, 1500] | 13:19:46.142502
[1500, 1499, 988, 1500, 988, 988, 988, 1600, 1001, 1001, 1001, 1001, 1500, 1500, 1500, 1500] | 13:19:46.146110
[1500, 1499, 988, 1500, 988, 988, 988, 1600, 1001, 1001, 1001, 1001, 1500, 1500, 1500, 1500] | 13:19:46.152791
[1500, 1499, 988, 1500, 988, 988, 988, 1600, 1001, 1001, 1001, 1001, 1500, 1500, 1500, 1500] | 13:19:46.159924
[1500, 1499, 988, 1500, 988, 988, 988, 1600, 1001, 1001, 1001, 1001, 1500, 1500, 1500, 1500] | 13:19:46.166127
13:19:46.171386 ALT: 0.27
13:19:46.171741 ATT: [-21.2, 0.8, 351]
13:19:46.173652 Navigation got ALT: 0.27
[1500, 1500, 988, 1500, 988, 988, 988, 1600, 1001, 1001, 1001, 1001, 1500, 1500, 1500, 1500] | 13:19:46.173855
13:19:46.174951 ACC: [-7, -187, 479]
[1500, 1500, 988, 1500, 988, 988, 988, 1600, 1001, 1001, 1001, 1001, 1500, 1500, 1500, 1500] | 13:19:46.179378
[1500, 1500, 988, 1500, 988, 988, 988, 1600, 1001, 1001, 1001, 1001, 1500, 1500, 1500, 1500] | 13:19:46.186121
[1500, 1500, 988, 1500, 988, 988, 988, 1600, 1001, 1001, 1001, 1001, 1500, 1500, 1500, 1500] | 13:19:46.193132
[1500, 1500, 988, 1500, 988, 988, 988, 1600, 1001, 1001, 1001, 1001, 1500, 1500, 1500, 1500] | 13:19:46.199360
13:19:46.206772 Navigation got ALT: 0.27
[1500, 1500, 988, 1499, 988, 988, 988, 1600, 1001, 1001, 1001, 1001, 1500, 1500, 1500, 1500] | 13:19:46.206869
[1500, 1500, 988, 1499, 988, 988, 988, 1600, 1001, 1001, 1001, 1001, 1500, 1500, 1500, 1500] | 13:19:46.212744
13:19:46.218937 ALT: 0.27
13:19:46.219039 ATT: [-21.2, 0.8, 351]
13:19:46.219394 ACC: [-7, -186, 479]
[1500, 1500, 988, 1499, 988, 988, 988, 1600, 1001, 1001, 1001, 1001, 1500, 1500, 1500, 1500] | 13:19:46.220042
[1500, 1500, 988, 1499, 988, 988, 988, 1600, 1001, 1001, 1001, 1001, 1500, 1500, 1500, 1500] | 13:19:46.226436
[1500, 1500, 988, 1499, 988, 988, 988, 1600, 1001, 1001, 1001, 1001, 1500, 1500, 1500, 1500] | 13:19:46.232764
13:19:46.240130 Navigation got ALT: 0.27
[1500, 1500, 988, 1500, 988, 988, 988, 1600, 1001, 1001, 1001, 1001, 1500, 1500, 1500, 1500] | 13:19:46.240276
[1500, 1500, 988, 1500, 988, 988, 988, 1600, 1001, 1001, 1001, 1001, 1500, 1500, 1500, 1500] | 13:19:46.246084
[1500, 1500, 988, 1500, 988, 988, 988, 1600, 1001, 1001, 1001, 1001, 1500, 1500, 1500, 1500] | 13:19:46.253077
[1500, 1500, 988, 1500, 988, 988, 988, 1600, 1001, 1001, 1001, 1001, 1500, 1500, 1500, 1500] | 13:19:46.260360
[1500, 1500, 988, 1500, 988, 988, 988, 1600, 1001, 1001, 1001, 1001, 1500, 1500, 1500, 1500] | 13:19:46.266036
13:19:46.266944 ALT: 0.27
13:19:46.267021 ATT: [-21.2, 0.8, 351]
13:19:46.267284 ACC: [-7, -186, 480]
13:19:46.273079 Navigation got ALT: 0.27
[1500, 1499, 988, 1500, 989, 986, 988, 1600, 1001, 1001, 1001, 1001, 1500, 1500, 1500, 1500] | 13:19:46.273227
[1500, 1499, 988, 1500, 989, 986, 988, 1600, 1001, 1001, 1001, 1001, 1500, 1500, 1500, 1500] | 13:19:46.279385
[1500, 1499, 988, 1500, 989, 986, 988, 1600, 1001, 1001, 1001, 1001, 1500, 1500, 1500, 1500] | 13:19:46.286188
[1500, 1499, 988, 1500, 989, 986, 988, 1600, 1001, 1001, 1001, 1001, 1500, 1500, 1500, 1500] | 13:19:46.292926
[1500, 1499, 988, 1500, 989, 986, 988, 1600, 1001, 1001, 1001, 1001, 1500, 1500, 1500, 1500] | 13:19:46.299510
13:19:46.306848 Navigation got ALT: 0.27
[1500, 1499, 988, 1500, 988, 988, 988, 1598, 1001, 1001, 1001, 1001, 1500, 1500, 1500, 1500] | 13:19:46.307017
[1500, 1499, 988, 1500, 988, 988, 988, 1598, 1001, 1001, 1001, 1001, 1500, 1500, 1500, 1500] | 13:19:46.312791
13:19:46.314873 ALT: 0.27
13:19:46.314929 ATT: [-21.2, 0.8, 351]
13:19:46.315165 ACC: [-8, -187, 480]
[1500, 1499, 988, 1500, 988, 988, 988, 1598, 1001, 1001, 1001, 1001, 1500, 1500, 1500, 1500] | 13:19:46.319561
[1500, 1499, 988, 1500, 988, 988, 988, 1598, 1001, 1001, 1001, 1001, 1500, 1500, 1500, 1500] | 13:19:46.326566
[1500, 1499, 988, 1500, 988, 988, 988, 1598, 1001, 1001, 1001, 1001, 1500, 1500, 1500, 1500] | 13:19:46.332698
13:19:46.340203 Navigation got ALT: 0.27
[1500, 1499, 988, 1500, 988, 988, 988, 1598, 1001, 1001, 1001, 1001, 1500, 1500, 1500, 1500] | 13:19:46.340331
[1500, 1499, 988, 1500, 988, 988, 988, 1598, 1001, 1001, 1001, 1001, 1500, 1500, 1500, 1500] | 13:19:46.346132
[1500, 1499, 988, 1500, 988, 988, 988, 1598, 1001, 1001, 1001, 1001, 1500, 1500, 1500, 1500] | 13:19:46.352808
[1500, 1499, 988, 1500, 988, 988, 988, 1598, 1001, 1001, 1001, 1001, 1500, 1500, 1500, 1500] | 13:19:46.359782
13:19:46.362839 ALT: 0.27
13:19:46.362923 ATT: [-21.2, 0.8, 351]
13:19:46.363164 ACC: [-8, -187, 480]
[1500, 1499, 988, 1500, 988, 988, 988, 1598, 1001, 1001, 1001, 1001, 1500, 1500, 1500, 1500] | 13:19:46.366120
13:19:46.373012 Navigation got ALT: 0.27
[1500, 1500, 988, 1500, 988, 988, 988, 1600, 1001, 1001, 1001, 1001, 1500, 1500, 1500, 1500] | 13:19:46.373159
[1500, 1500, 988, 1500, 988, 988, 988, 1600, 1001, 1001, 1001, 1001, 1500, 1500, 1500, 1500] | 13:19:46.379558
[1500, 1500, 988, 1500, 988, 988, 988, 1600, 1001, 1001, 1001, 1001, 1500, 1500, 1500, 1500] | 13:19:46.386107
[1500, 1500, 988, 1500, 988, 988, 988, 1600, 1001, 1001, 1001, 1001, 1500, 1500, 1500, 1500] | 13:19:46.393192
[1500, 1500, 988, 1500, 988, 988, 988, 1600, 1001, 1001, 1001, 1001, 1500, 1500, 1500, 1500] | 13:19:46.399454
13:19:46.406712 Navigation got ALT: 0.27
[1500, 1500, 988, 1500, 988, 988, 988, 1600, 1001, 1001, 1001, 1001, 1500, 1500, 1500, 1500] | 13:19:46.406868
13:19:46.411093 ALT: 0.27
13:19:46.411321 ATT: [-21.2, 0.8, 351]
13:19:46.412090 ACC: [-8, -186, 480]
[1500, 1500, 988, 1500, 988, 988, 988, 1600, 1001, 1001, 1001, 1001, 1500, 1500, 1500, 1500] | 13:19:46.412879
[1500, 1500, 988, 1500, 988, 988, 988, 1600, 1001, 1001, 1001, 1001, 1500, 1500, 1500, 1500] | 13:19:46.419445
[1500, 1500, 988, 1500, 988, 988, 988, 1600, 1001, 1001, 1001, 1001, 1500, 1500, 1500, 1500] | 13:19:46.426678
[1500, 1500, 988, 1500, 988, 988, 988, 1600, 1001, 1001, 1001, 1001, 1500, 1500, 1500, 1500] | 13:19:46.432719
13:19:46.440356 Navigation got ALT: 0.27
[1500, 1500, 988, 1500, 988, 988, 988, 1600, 1001, 1001, 1001, 1001, 1500, 1500, 1500, 1500] | 13:19:46.440643
[1500, 1500, 988, 1500, 988, 988, 988, 1600, 1001, 1001, 1001, 1001, 1500, 1500, 1500, 1500] | 13:19:46.446237
[1500, 1500, 988, 1500, 988, 988, 988, 1600, 1001, 1001, 1001, 1001, 1500, 1500, 1500, 1500] | 13:19:46.453316
13:19:46.459090 ALT: 0.27
13:19:46.459322 ATT: [-21.2, 0.8, 351]
13:19:46.460033 ACC: [-7, -186, 480]
[1500, 1500, 988, 1500, 988, 988, 988, 1600, 1001, 1001, 1001, 1001, 1500, 1500, 1500, 1500] | 13:19:46.460976
[1500, 1500, 988, 1500, 988, 988, 988, 1600, 1001, 1001, 1001, 1001, 1500, 1500, 1500, 1500] | 13:19:46.466069
13:19:46.472995 Navigation got ALT: 0.27
[1500, 1499, 988, 1500, 988, 988, 988, 1600, 1001, 1001, 1001, 1001, 1500, 1500, 1500, 1500] | 13:19:46.473275
[1500, 1499, 988, 1500, 988, 988, 988, 1600, 1001, 1001, 1001, 1001, 1500, 1500, 1500, 1500] | 13:19:46.479378
[1500, 1499, 988, 1500, 988, 988, 988, 1600, 1001, 1001, 1001, 1001, 1500, 1500, 1500, 1500] | 13:19:46.486188
[1500, 1499, 988, 1500, 988, 988, 988, 1600, 1001, 1001, 1001, 1001, 1500, 1500, 1500, 1500] | 13:19:46.492955
[1500, 1499, 988, 1500, 988, 988, 988, 1600, 1001, 1001, 1001, 1001, 1500, 1500, 1500, 1500] | 13:19:46.499367
13:19:46.506993 Navigation got ALT: 0.27
[1500, 1500, 988, 1500, 988, 988, 988, 1600, 1001, 1001, 1001, 1001, 1500, 1500, 1500, 1500] | 13:19:46.507147
13:19:46.507745 ALT: 0.27
13:19:46.507957 ATT: [-21.2, 0.8, 351]
13:19:46.508537 ACC: [-7, -186, 479]
[1500, 1500, 988, 1500, 988, 988, 988, 1600, 1001, 1001, 1001, 1001, 1500, 1500, 1500, 1500] | 13:19:46.513108
[1500, 1500, 988, 1500, 988, 988, 988, 1600, 1001, 1001, 1001, 1001, 1500, 1500, 1500, 1500] | 13:19:46.519671
[1500, 1500, 988, 1500, 988, 988, 988, 1600, 1001, 1001, 1001, 1001, 1500, 1500, 1500, 1500] | 13:19:46.526415
[1500, 1500, 988, 1500, 988, 988, 988, 1600, 1001, 1001, 1001, 1001, 1500, 1500, 1500, 1500] | 13:19:46.532740
13:19:46.541419 Navigation got ALT: 0.27
[1500, 1500, 988, 1500, 988, 988, 988, 1600, 1001, 1001, 1001, 1001, 1500, 1500, 1500, 1500] | 13:19:46.541524
[1500, 1500, 988, 1500, 988, 988, 988, 1600, 1001, 1001, 1001, 1001, 1500, 1500, 1500, 1500] | 13:19:46.546128
[1500, 1500, 988, 1500, 988, 988, 988, 1600, 1001, 1001, 1001, 1001, 1500, 1500, 1500, 1500] | 13:19:46.552829
13:19:46.555752 ALT: 0.27
13:19:46.555995 ATT: [-21.2, 0.8, 351]
13:19:46.556416 ACC: [-7, -186, 480]
[1500, 1500, 988, 1500, 988, 988, 988, 1600, 1001, 1001, 1001, 1001, 1500, 1500, 1500, 1500] | 13:19:46.559673
[1500, 1500, 988, 1500, 988, 988, 988, 1600, 1001, 1001, 1001, 1001, 1500, 1500, 1500, 1500] | 13:19:46.566248
13:19:46.573178 Navigation got ALT: 0.27
[1500, 1500, 988, 1499, 988, 988, 988, 1600, 1001, 1001, 1001, 1001, 1500, 1500, 1500, 1500] | 13:19:46.573515
[1500, 1500, 988, 1499, 988, 988, 988, 1600, 1001, 1001, 1001, 1001, 1500, 1500, 1500, 1500] | 13:19:46.579476
[1500, 1500, 988, 1499, 988, 988, 988, 1600, 1001, 1001, 1001, 1001, 1500, 1500, 1500, 1500] | 13:19:46.586280
[1500, 1500, 988, 1499, 988, 988, 988, 1600, 1001, 1001, 1001, 1001, 1500, 1500, 1500, 1500] | 13:19:46.592881
[1500, 1500, 988, 1499, 988, 988, 988, 1600, 1001, 1001, 1001, 1001, 1500, 1500, 1500, 1500] | 13:19:46.599408
13:19:46.602989 ALT: 0.27
13:19:46.603077 ATT: [-21.2, 0.8, 351]
13:19:46.603337 ACC: [-7, -187, 480]
13:19:46.607182 Navigation got ALT: 0.27
[1500, 1500, 988, 1499, 988, 988, 988, 1600, 1001, 1001, 1001, 1001, 1500, 1500, 1500, 1500] | 13:19:46.607500
[1500, 1500, 988, 1499, 988, 988, 988, 1600, 1001, 1001, 1001, 1001, 1500, 1500, 1500, 1500] | 13:19:46.612718
[1500, 1500, 988, 1499, 988, 988, 988, 1600, 1001, 1001, 1001, 1001, 1500, 1500, 1500, 1500] | 13:19:46.620295
[1500, 1500, 988, 1499, 988, 988, 988, 1600, 1001, 1001, 1001, 1001, 1500, 1500, 1500, 1500] | 13:19:46.626395
[1500, 1500, 988, 1499, 988, 988, 988, 1600, 1001, 1001, 1001, 1001, 1500, 1500, 1500, 1500] | 13:19:46.632729
13:19:46.640101 Navigation got ALT: 0.27
[1500, 1500, 988, 1500, 988, 988, 988, 1598, 1001, 1001, 1001, 1001, 1500, 1500, 1500, 1500] | 13:19:46.640464
[1500, 1500, 988, 1500, 988, 988, 988, 1598, 1001, 1001, 1001, 1001, 1500, 1500, 1500, 1500] | 13:19:46.646148
13:19:46.650985 ALT: 0.27
13:19:46.651072 ATT: [-21.2, 0.8, 351]
13:19:46.651357 ACC: [-8, -186, 480]
[1500, 1500, 988, 1500, 988, 988, 988, 1598, 1001, 1001, 1001, 1001, 1500, 1500, 1500, 1500] | 13:19:46.652977
[1500, 1500, 988, 1500, 988, 988, 988, 1598, 1001, 1001, 1001, 1001, 1500, 1500, 1500, 1500] | 13:19:46.660037
[1500, 1500, 988, 1500, 988, 988, 988, 1598, 1001, 1001, 1001, 1001, 1500, 1500, 1500, 1500] | 13:19:46.666113
13:19:46.673028 Navigation got ALT: 0.27
[1500, 1500, 988, 1500, 988, 988, 988, 1600, 1001, 1001, 1001, 1001, 1500, 1500, 1500, 1500] | 13:19:46.673561
[1500, 1500, 988, 1500, 988, 988, 988, 1600, 1001, 1001, 1001, 1001, 1500, 1500, 1500, 1500] | 13:19:46.679409
[1500, 1500, 988, 1500, 988, 988, 988, 1600, 1001, 1001, 1001, 1001, 1500, 1500, 1500, 1500] | 13:19:46.686265
[1500, 1500, 988, 1500, 988, 988, 988, 1600, 1001, 1001, 1001, 1001, 1500, 1500, 1500, 1500] | 13:19:46.692906
13:19:46.698902 ALT: 0.27
13:19:46.698989 ATT: [-21.2, 0.8, 351]
13:19:46.699247 ACC: [-7, -186, 480]
[1500, 1500, 988, 1500, 988, 988, 988, 1600, 1001, 1001, 1001, 1001, 1500, 1500, 1500, 1500] | 13:19:46.699852
13:19:46.708647 Navigation got ALT: 0.27
[1500, 1500, 988, 1500, 988, 988, 988, 1600, 1001, 1001, 1001, 1001, 1500, 1500, 1500, 1500] | 13:19:46.708769
[1500, 1500, 988, 1500, 988, 988, 988, 1600, 1001, 1001, 1001, 1001, 1500, 1500, 1500, 1500] | 13:19:46.712761
[1500, 1500, 988, 1500, 988, 988, 988, 1600, 1001, 1001, 1001, 1001, 1500, 1500, 1500, 1500] | 13:19:46.719462
[1500, 1500, 988, 1500, 988, 988, 988, 1600, 1001, 1001, 1001, 1001, 1500, 1500, 1500, 1500] | 13:19:46.727541
[1500, 1500, 988, 1500, 988, 988, 988, 1600, 1001, 1001, 1001, 1001, 1500, 1500, 1500, 1500] | 13:19:46.732746
13:19:46.739880 Navigation got ALT: 0.27
[1500, 1499, 988, 1500, 988, 988, 988, 1600, 1001, 1001, 1001, 1001, 1500, 1500, 1500, 1500] | 13:19:46.740043
[1500, 1499, 988, 1500, 988, 988, 988, 1600, 1001, 1001, 1001, 1001, 1500, 1500, 1500, 1500] | 13:19:46.746100
13:19:46.746888 ALT: 0.27
13:19:46.746937 ATT: [-21.2, 0.8, 351]
13:19:46.747156 ACC: [-7, -186, 480]
[1500, 1499, 988, 1500, 988, 988, 988, 1600, 1001, 1001, 1001, 1001, 1500, 1500, 1500, 1500] | 13:19:46.753074
[1500, 1499, 988, 1500, 988, 988, 988, 1600, 1001, 1001, 1001, 1001, 1500, 1500, 1500, 1500] | 13:19:46.760292
[1500, 1499, 988, 1500, 988, 988, 988, 1600, 1001, 1001, 1001, 1001, 1500, 1500, 1500, 1500] | 13:19:46.766109
13:19:46.772999 Navigation got ALT: 0.27
[1499, 1500, 988, 1500, 988, 988, 988, 1600, 1001, 1001, 1001, 1001, 1500, 1500, 1500, 1500] | 13:19:46.773164
[1499, 1500, 988, 1500, 988, 988, 988, 1600, 1001, 1001, 1001, 1001, 1500, 1500, 1500, 1500] | 13:19:46.779567
[1499, 1500, 988, 1500, 988, 988, 988, 1600, 1001, 1001, 1001, 1001, 1500, 1500, 1500, 1500] | 13:19:46.786087
[1499, 1500, 988, 1500, 988, 988, 988, 1600, 1001, 1001, 1001, 1001, 1500, 1500, 1500, 1500] | 13:19:46.792880
13:19:46.795286 ALT: 0.27
13:19:46.795380 ATT: [-21.2, 0.8, 351]
13:19:46.795652 ACC: [-7, -187, 480]
[1499, 1500, 988, 1500, 988, 988, 988, 1600, 1001, 1001, 1001, 1001, 1500, 1500, 1500, 1500] | 13:19:46.799402
13:19:46.807725 Navigation got ALT: 0.27
[1499, 1500, 988, 1499, 988, 988, 988, 1600, 1001, 1001, 1001, 1001, 1500, 1500, 1500, 1500] | 13:19:46.807844
[1499, 1500, 988, 1499, 988, 988, 988, 1600, 1001, 1001, 1001, 1001, 1500, 1500, 1500, 1500] | 13:19:46.812771
[1499, 1500, 988, 1499, 988, 988, 988, 1600, 1001, 1001, 1001, 1001, 1500, 1500, 1500, 1500] | 13:19:46.819415
[1499, 1500, 988, 1499, 988, 988, 988, 1600, 1001, 1001, 1001, 1001, 1500, 1500, 1500, 1500] | 13:19:46.826392
[1499, 1500, 988, 1499, 988, 988, 988, 1600, 1001, 1001, 1001, 1001, 1500, 1500, 1500, 1500] | 13:19:46.832701
13:19:46.840567 Navigation got ALT: 0.27
[1500, 1500, 988, 1500, 988, 988, 988, 1600, 1001, 1001, 1001, 1001, 1500, 1500, 1500, 1500] | 13:19:46.840857
13:19:46.843126 ALT: 0.27
13:19:46.843358 ATT: [-21.2, 0.8, 351]
13:19:46.843961 ACC: [-7, -186, 480]
[1500, 1500, 988, 1500, 988, 988, 988, 1600, 1001, 1001, 1001, 1001, 1500, 1500, 1500, 1500] | 13:19:46.846139
[1500, 1500, 988, 1500, 988, 988, 988, 1600, 1001, 1001, 1001, 1001, 1500, 1500, 1500, 1500] | 13:19:46.852873
[1500, 1500, 988, 1500, 988, 988, 988, 1600, 1001, 1001, 1001, 1001, 1500, 1500, 1500, 1500] | 13:19:46.860019
[1500, 1500, 988, 1500, 988, 988, 988, 1600, 1001, 1001, 1001, 1001, 1500, 1500, 1500, 1500] | 13:19:46.866131
13:19:46.873025 Navigation got ALT: 0.27
[1500, 1500, 988, 1500, 988, 988, 988, 1600, 1001, 1001, 1001, 1001, 1500, 1500, 1500, 1500] | 13:19:46.873171
[1500, 1500, 988, 1500, 988, 988, 988, 1600, 1001, 1001, 1001, 1001, 1500, 1500, 1500, 1500] | 13:19:46.879360
[1500, 1500, 988, 1500, 988, 988, 988, 1600, 1001, 1001, 1001, 1001, 1500, 1500, 1500, 1500] | 13:19:46.886663
[1500, 1500, 988, 1500, 988, 988, 988, 1600, 1001, 1001, 1001, 1001, 1500, 1500, 1500, 1500] | 13:19:46.892849
13:19:46.893147 ALT: 0.27
13:19:46.893191 ATT: [-21.2, 0.8, 351]
13:19:46.893446 ACC: [-7, -186, 480]
[1500, 1500, 988, 1500, 988, 988, 988, 1600, 1001, 1001, 1001, 1001, 1500, 1500, 1500, 1500] | 13:19:46.899358
13:19:46.907763 Navigation got ALT: 0.27
[1500, 1500, 988, 1500, 988, 989, 989, 1597, 1001, 1001, 1001, 1001, 1500, 1500, 1500, 1500] | 13:19:46.907869
[1500, 1500, 988, 1500, 988, 989, 989, 1597, 1001, 1001, 1001, 1001, 1500, 1500, 1500, 1500] | 13:19:46.913165
[1500, 1500, 988, 1500, 988, 989, 989, 1597, 1001, 1001, 1001, 1001, 1500, 1500, 1500, 1500] | 13:19:46.919426
[1500, 1500, 988, 1500, 988, 989, 989, 1597, 1001, 1001, 1001, 1001, 1500, 1500, 1500, 1500] | 13:19:46.926585
[1500, 1500, 988, 1500, 988, 989, 989, 1597, 1001, 1001, 1001, 1001, 1500, 1500, 1500, 1500] | 13:19:46.932783
13:19:46.939684 Navigation got ALT: 0.27
[1500, 1500, 988, 1500, 988, 988, 988, 1600, 1001, 1001, 1001, 1001, 1500, 1500, 1500, 1500] | 13:19:46.939785
13:19:46.942260 ALT: 0.27
13:19:46.942379 ATT: [-21.2, 0.8, 351]
13:19:46.942989 ACC: [-7, -186, 480]
[1500, 1500, 988, 1500, 988, 988, 988, 1600, 1001, 1001, 1001, 1001, 1500, 1500, 1500, 1500] | 13:19:46.946233
[1500, 1500, 988, 1500, 988, 988, 988, 1600, 1001, 1001, 1001, 1001, 1500, 1500, 1500, 1500] | 13:19:46.953009
[1500, 1500, 988, 1500, 988, 988, 988, 1600, 1001, 1001, 1001, 1001, 1500, 1500, 1500, 1500] | 13:19:46.960217
[1500, 1500, 988, 1500, 988, 988, 988, 1600, 1001, 1001, 1001, 1001, 1500, 1500, 1500, 1500] | 13:19:46.966192
13:19:46.973098 Navigation got ALT: 0.27
[1500, 1500, 988, 1500, 988, 988, 988, 1600, 1001, 1001, 1001, 1001, 1500, 1500, 1500, 1500] | 13:19:46.973253
[1500, 1500, 988, 1500, 988, 988, 988, 1600, 1001, 1001, 1001, 1001, 1500, 1500, 1500, 1500] | 13:19:46.979359
[1500, 1500, 988, 1500, 988, 988, 988, 1600, 1001, 1001, 1001, 1001, 1500, 1500, 1500, 1500] | 13:19:46.986299
13:19:46.987007 ALT: 0.27
13:19:46.987084 ATT: [-21.2, 0.8, 351]
13:19:46.987351 ACC: [-7, -186, 480]
[1500, 1500, 988, 1500, 988, 988, 988, 1600, 1001, 1001, 1001, 1001, 1500, 1500, 1500, 1500] | 13:19:46.993364
[1500, 1500, 988, 1500, 988, 988, 988, 1600, 1001, 1001, 1001, 1001, 1500, 1500, 1500, 1500] | 13:19:46.999353
13:19:47.006202 Navigation got ALT: 0.27
[1500, 1500, 988, 1500, 988, 989, 986, 1600, 1001, 1001, 1001, 1001, 1500, 1500, 1500, 1500] | 13:19:47.006371
[1500, 1500, 988, 1500, 988, 989, 986, 1600, 1001, 1001, 1001, 1001, 1500, 1500, 1500, 1500] | 13:19:47.012761
[1500, 1500, 988, 1500, 988, 989, 986, 1600, 1001, 1001, 1001, 1001, 1500, 1500, 1500, 1500] | 13:19:47.019625
[1500, 1500, 988, 1500, 988, 989, 986, 1600, 1001, 1001, 1001, 1001, 1500, 1500, 1500, 1500] | 13:19:47.026333
[1500, 1500, 988, 1500, 988, 989, 986, 1600, 1001, 1001, 1001, 1001, 1500, 1500, 1500, 1500] | 13:19:47.032721
13:19:47.035034 ALT: 0.27
13:19:47.035118 ATT: [-21.2, 0.8, 351]
13:19:47.035390 ACC: [-7, -186, 480]
13:19:47.040190 Navigation got ALT: 0.27
[1500, 1499, 988, 1500, 988, 988, 988, 1600, 1001, 1001, 1001, 1001, 1500, 1500, 1500, 1500] | 13:19:47.040328
[1500, 1499, 988, 1500, 988, 988, 988, 1600, 1001, 1001, 1001, 1001, 1500, 1500, 1500, 1500] | 13:19:47.046115
[1500, 1499, 988, 1500, 988, 988, 988, 1600, 1001, 1001, 1001, 1001, 1500, 1500, 1500, 1500] | 13:19:47.052818
[1500, 1499, 988, 1500, 988, 988, 988, 1600, 1001, 1001, 1001, 1001, 1500, 1500, 1500, 1500] | 13:19:47.059997
[1500, 1499, 988, 1500, 988, 988, 988, 1600, 1001, 1001, 1001, 1001, 1500, 1500, 1500, 1500] | 13:19:47.066196
13:19:47.073454 Navigation got ALT: 0.27
[1500, 1499, 988, 1500, 988, 988, 988, 1600, 1001, 1001, 1001, 1001, 1500, 1500, 1500, 1500] | 13:19:47.073700
[1500, 1499, 988, 1500, 988, 988, 988, 1600, 1001, 1001, 1001, 1001, 1500, 1500, 1500, 1500] | 13:19:47.079441
13:19:47.083068 ALT: 0.27
13:19:47.083155 ATT: [-21.2, 0.8, 351]
13:19:47.083428 ACC: [-7, -187, 480]
[1500, 1499, 988, 1500, 988, 988, 988, 1600, 1001, 1001, 1001, 1001, 1500, 1500, 1500, 1500] | 13:19:47.086420
[1500, 1499, 988, 1500, 988, 988, 988, 1600, 1001, 1001, 1001, 1001, 1500, 1500, 1500, 1500] | 13:19:47.092934
[1500, 1499, 988, 1500, 988, 988, 988, 1600, 1001, 1001, 1001, 1001, 1500, 1500, 1500, 1500] | 13:19:47.099554
13:19:47.106871 Navigation got ALT: 0.27
[1500, 1499, 988, 1500, 988, 988, 988, 1600, 1001, 1001, 1001, 1001, 1500, 1500, 1500, 1500] | 13:19:47.107107
[1500, 1499, 988, 1500, 988, 988, 988, 1600, 1001, 1001, 1001, 1001, 1500, 1500, 1500, 1500] | 13:19:47.112742
[1500, 1499, 988, 1500, 988, 988, 988, 1600, 1001, 1001, 1001, 1001, 1500, 1500, 1500, 1500] | 13:19:47.119397
[1500, 1499, 988, 1500, 988, 988, 988, 1600, 1001, 1001, 1001, 1001, 1500, 1500, 1500, 1500] | 13:19:47.126404
13:19:47.131019 ALT: 0.27
13:19:47.131101 ATT: [-21.2, 0.8, 351]
13:19:47.131338 ACC: [-7, -186, 480]
[1500, 1499, 988, 1500, 988, 988, 988, 1600, 1001, 1001, 1001, 1001, 1500, 1500, 1500, 1500] | 13:19:47.132741
13:19:47.139976 Navigation got ALT: 0.27
[1500, 1500, 988, 1500, 988, 988, 988, 1598, 1001, 1001, 1001, 1001, 1500, 1500, 1500, 1500] | 13:19:47.140110
[1500, 1500, 988, 1500, 988, 988, 988, 1598, 1001, 1001, 1001, 1001, 1500, 1500, 1500, 1500] | 13:19:47.146159
[1500, 1500, 988, 1500, 988, 988, 988, 1598, 1001, 1001, 1001, 1001, 1500, 1500, 1500, 1500] | 13:19:47.152875
[1500, 1500, 988, 1500, 988, 988, 988, 1598, 1001, 1001, 1001, 1001, 1500, 1500, 1500, 1500] | 13:19:47.159749
[1500, 1500, 988, 1500, 988, 988, 988, 1598, 1001, 1001, 1001, 1001, 1500, 1500, 1500, 1500] | 13:19:47.166073
13:19:47.174437 Navigation got ALT: 0.27
[1500, 1500, 988, 1500, 988, 988, 988, 1600, 1001, 1001, 1001, 1001, 1500, 1500, 1500, 1500] | 13:19:47.174661
13:19:47.178917 ALT: 0.27
13:19:47.179000 ATT: [-21.2, 0.8, 351]
13:19:47.179237 ACC: [-6, -187, 480]
[1500, 1500, 988, 1500, 988, 988, 988, 1600, 1001, 1001, 1001, 1001, 1500, 1500, 1500, 1500] | 13:19:47.179862
[1500, 1500, 988, 1500, 988, 988, 988, 1600, 1001, 1001, 1001, 1001, 1500, 1500, 1500, 1500] | 13:19:47.186197
[1500, 1500, 988, 1500, 988, 988, 988, 1600, 1001, 1001, 1001, 1001, 1500, 1500, 1500, 1500] | 13:19:47.192841
[1500, 1500, 988, 1500, 988, 988, 988, 1600, 1001, 1001, 1001, 1001, 1500, 1500, 1500, 1500] | 13:19:47.199341
13:19:47.206728 Navigation got ALT: 0.27
[1500, 1500, 988, 1500, 988, 988, 988, 1600, 1001, 1001, 1001, 1001, 1500, 1500, 1500, 1500] | 13:19:47.206894
[1500, 1500, 988, 1500, 988, 988, 988, 1600, 1001, 1001, 1001, 1001, 1500, 1500, 1500, 1500] | 13:19:47.212749
[1500, 1500, 988, 1500, 988, 988, 988, 1600, 1001, 1001, 1001, 1001, 1500, 1500, 1500, 1500] | 13:19:47.219353
[1500, 1500, 988, 1500, 988, 988, 988, 1600, 1001, 1001, 1001, 1001, 1500, 1500, 1500, 1500] | 13:19:47.226333
[1500, 1500, 988, 1500, 988, 988, 988, 1600, 1001, 1001, 1001, 1001, 1500, 1500, 1500, 1500] | 13:19:47.232729
13:19:47.240157 Navigation got ALT: 0.27
[1500, 1500, 988, 1500, 988, 988, 988, 1600, 1001, 1001, 1001, 1001, 1500, 1500, 1500, 1500] | 13:19:47.240304
13:19:47.243774 ALT: 0.27
13:19:47.243905 ATT: [-21.2, 0.8, 351]
13:19:47.244328 ACC: [-7, -186, 480]
[1500, 1500, 988, 1500, 988, 988, 988, 1600, 1001, 1001, 1001, 1001, 1500, 1500, 1500, 1500] | 13:19:47.246155
[1500, 1500, 988, 1500, 988, 988, 988, 1600, 1001, 1001, 1001, 1001, 1500, 1500, 1500, 1500] | 13:19:47.252811
[1500, 1500, 988, 1500, 988, 988, 988, 1600, 1001, 1001, 1001, 1001, 1500, 1500, 1500, 1500] | 13:19:47.260203
[1500, 1500, 988, 1500, 988, 988, 988, 1600, 1001, 1001, 1001, 1001, 1500, 1500, 1500, 1500] | 13:19:47.266085
13:19:47.273030 Navigation got ALT: 0.27
[1499, 1500, 988, 1500, 988, 988, 988, 1600, 1001, 1001, 1001, 1001, 1500, 1500, 1500, 1500] | 13:19:47.273180
[1499, 1500, 988, 1500, 988, 988, 988, 1600, 1001, 1001, 1001, 1001, 1500, 1500, 1500, 1500] | 13:19:47.279504
[1499, 1500, 988, 1500, 988, 988, 988, 1600, 1001, 1001, 1001, 1001, 1500, 1500, 1500, 1500] | 13:19:47.286240
13:19:47.291852 ALT: 0.27
13:19:47.291995 ATT: [-21.2, 0.8, 350]
13:19:47.292750 ACC: [-7, -186, 480]
[1499, 1500, 988, 1500, 988, 988, 988, 1600, 1001, 1001, 1001, 1001, 1500, 1500, 1500, 1500] | 13:19:47.294004
[1499, 1500, 988, 1500, 988, 988, 988, 1600, 1001, 1001, 1001, 1001, 1500, 1500, 1500, 1500] | 13:19:47.299421
13:19:47.306643 Navigation got ALT: 0.27
[1500, 1500, 988, 1500, 988, 988, 988, 1600, 1001, 1001, 1001, 1001, 1500, 1500, 1500, 1500] | 13:19:47.306785
[1500, 1500, 988, 1500, 988, 988, 988, 1600, 1001, 1001, 1001, 1001, 1500, 1500, 1500, 1500] | 13:19:47.312792
[1500, 1500, 988, 1500, 988, 988, 988, 1600, 1001, 1001, 1001, 1001, 1500, 1500, 1500, 1500] | 13:19:47.319374
[1500, 1500, 988, 1500, 988, 988, 988, 1600, 1001, 1001, 1001, 1001, 1500, 1500, 1500, 1500] | 13:19:47.326332
[1500, 1500, 988, 1500, 988, 988, 988, 1600, 1001, 1001, 1001, 1001, 1500, 1500, 1500, 1500] | 13:19:47.332766
13:19:47.339165 ALT: 0.27
13:19:47.339261 ATT: [-21.2, 0.8, 350]
13:19:47.340400 Navigation got ALT: 0.27
[1500, 1500, 988, 1500, 988, 988, 988, 1598, 1001, 1001, 1001, 1001, 1500, 1500, 1500, 1500] | 13:19:47.340535
13:19:47.341164 ACC: [-7, -186, 480]
[1500, 1500, 988, 1500, 988, 988, 988, 1598, 1001, 1001, 1001, 1001, 1500, 1500, 1500, 1500] | 13:19:47.346132
[1500, 1500, 988, 1500, 988, 988, 988, 1598, 1001, 1001, 1001, 1001, 1500, 1500, 1500, 1500] | 13:19:47.352775
[1500, 1500, 988, 1500, 988, 988, 988, 1598, 1001, 1001, 1001, 1001, 1500, 1500, 1500, 1500] | 13:19:47.359944
[1500, 1500, 988, 1500, 988, 988, 988, 1598, 1001, 1001, 1001, 1001, 1500, 1500, 1500, 1500] | 13:19:47.366143
13:19:47.373748 Navigation got ALT: 0.27
[1500, 1499, 988, 1500, 988, 988, 988, 1600, 1001, 1001, 1001, 1001, 1500, 1500, 1500, 1500] | 13:19:47.373990
[1500, 1499, 988, 1500, 988, 988, 988, 1600, 1001, 1001, 1001, 1001, 1500, 1500, 1500, 1500] | 13:19:47.379417
[1500, 1499, 988, 1500, 988, 988, 988, 1600, 1001, 1001, 1001, 1001, 1500, 1500, 1500, 1500] | 13:19:47.386170
13:19:47.387530 ALT: 0.27
13:19:47.387621 ATT: [-21.2, 0.8, 350]
13:19:47.387971 ACC: [-7, -186, 480]
[1500, 1499, 988, 1500, 988, 988, 988, 1600, 1001, 1001, 1001, 1001, 1500, 1500, 1500, 1500] | 13:19:47.393347
[1500, 1499, 988, 1500, 988, 988, 988, 1600, 1001, 1001, 1001, 1001, 1500, 1500, 1500, 1500] | 13:19:47.399441
13:19:47.406661 Navigation got ALT: 0.27
[1500, 1500, 988, 1500, 988, 988, 988, 1600, 1001, 1001, 1001, 1001, 1500, 1500, 1500, 1500] | 13:19:47.406828
[1500, 1500, 988, 1500, 988, 988, 988, 1600, 1001, 1001, 1001, 1001, 1500, 1500, 1500, 1500] | 13:19:47.412740
[1500, 1500, 988, 1500, 988, 988, 988, 1600, 1001, 1001, 1001, 1001, 1500, 1500, 1500, 1500] | 13:19:47.419539
[1500, 1500, 988, 1500, 988, 988, 988, 1600, 1001, 1001, 1001, 1001, 1500, 1500, 1500, 1500] | 13:19:47.426600
[1500, 1500, 988, 1500, 988, 988, 988, 1600, 1001, 1001, 1001, 1001, 1500, 1500, 1500, 1500] | 13:19:47.432704
13:19:47.435067 ALT: 0.27
13:19:47.435150 ATT: [-21.2, 0.8, 350]
13:19:47.435424 ACC: [-7, -186, 480]
13:19:47.440742 Navigation got ALT: 0.27
[1500, 1500, 988, 1500, 988, 988, 988, 1600, 1001, 1001, 1001, 1001, 1500, 1500, 1500, 1500] | 13:19:47.440867
[1500, 1500, 988, 1500, 988, 988, 988, 1600, 1001, 1001, 1001, 1001, 1500, 1500, 1500, 1500] | 13:19:47.446178
[1500, 1500, 988, 1500, 988, 988, 988, 1600, 1001, 1001, 1001, 1001, 1500, 1500, 1500, 1500] | 13:19:47.452883
[1500, 1500, 988, 1500, 988, 988, 988, 1600, 1001, 1001, 1001, 1001, 1500, 1500, 1500, 1500] | 13:19:47.459898
[1500, 1500, 988, 1500, 988, 988, 988, 1600, 1001, 1001, 1001, 1001, 1500, 1500, 1500, 1500] | 13:19:47.466106
13:19:47.473045 Navigation got ALT: 0.27
[1500, 1500, 988, 1500, 988, 988, 988, 1598, 1001, 1001, 1001, 1001, 1500, 1500, 1500, 1500] | 13:19:47.473432
[1500, 1500, 988, 1500, 988, 988, 988, 1598, 1001, 1001, 1001, 1001, 1500, 1500, 1500, 1500] | 13:19:47.479420
13:19:47.483094 ALT: 0.27
13:19:47.483176 ATT: [-21.2, 0.8, 350]
13:19:47.483454 ACC: [-7, -186, 480]
[1500, 1500, 988, 1500, 988, 988, 988, 1598, 1001, 1001, 1001, 1001, 1500, 1500, 1500, 1500] | 13:19:47.486648
[1500, 1500, 988, 1500, 988, 988, 988, 1598, 1001, 1001, 1001, 1001, 1500, 1500, 1500, 1500] | 13:19:47.492837
[1500, 1500, 988, 1500, 988, 988, 988, 1598, 1001, 1001, 1001, 1001, 1500, 1500, 1500, 1500] | 13:19:47.499549
13:19:47.506587 Navigation got ALT: 0.27
[1500, 1500, 988, 1500, 988, 988, 988, 1600, 1001, 1001, 1001, 1001, 1500, 1500, 1500, 1500] | 13:19:47.506734
[1500, 1500, 988, 1500, 988, 988, 988, 1600, 1001, 1001, 1001, 1001, 1500, 1500, 1500, 1500] | 13:19:47.512743
[1500, 1500, 988, 1500, 988, 988, 988, 1600, 1001, 1001, 1001, 1001, 1500, 1500, 1500, 1500] | 13:19:47.519479
[1500, 1500, 988, 1500, 988, 988, 988, 1600, 1001, 1001, 1001, 1001, 1500, 1500, 1500, 1500] | 13:19:47.526333
13:19:47.531089 ALT: 0.27
13:19:47.531173 ATT: [-21.2, 0.8, 350]
13:19:47.531458 ACC: [-7, -187, 480]
[1500, 1500, 988, 1500, 988, 988, 988, 1600, 1001, 1001, 1001, 1001, 1500, 1500, 1500, 1500] | 13:19:47.532722
13:19:47.540250 Navigation got ALT: 0.27
[1500, 1500, 988, 1500, 988, 988, 988, 1600, 1001, 1001, 1001, 1001, 1500, 1500, 1500, 1500] | 13:19:47.540617
[1500, 1500, 988, 1500, 988, 988, 988, 1600, 1001, 1001, 1001, 1001, 1500, 1500, 1500, 1500] | 13:19:47.546167
[1500, 1500, 988, 1500, 988, 988, 988, 1600, 1001, 1001, 1001, 1001, 1500, 1500, 1500, 1500] | 13:19:47.552837
[1500, 1500, 988, 1500, 988, 988, 988, 1600, 1001, 1001, 1001, 1001, 1500, 1500, 1500, 1500] | 13:19:47.559871
[1500, 1500, 988, 1500, 988, 988, 988, 1600, 1001, 1001, 1001, 1001, 1500, 1500, 1500, 1500] | 13:19:47.566097
13:19:47.573370 Navigation got ALT: 0.27
[1500, 1500, 988, 1500, 988, 988, 988, 1600, 1001, 1001, 1001, 1001, 1500, 1500, 1500, 1500] | 13:19:47.573833
13:19:47.579041 ALT: 0.27
13:19:47.579131 ATT: [-21.2, 0.8, 350]
13:19:47.579679 ACC: [-7, -187, 480]
[1500, 1500, 988, 1500, 988, 988, 988, 1600, 1001, 1001, 1001, 1001, 1500, 1500, 1500, 1500] | 13:19:47.579852
[1500, 1500, 988, 1500, 988, 988, 988, 1600, 1001, 1001, 1001, 1001, 1500, 1500, 1500, 1500] | 13:19:47.586223
[1500, 1500, 988, 1500, 988, 988, 988, 1600, 1001, 1001, 1001, 1001, 1500, 1500, 1500, 1500] | 13:19:47.592935
[1500, 1500, 988, 1500, 988, 988, 988, 1600, 1001, 1001, 1001, 1001, 1500, 1500, 1500, 1500] | 13:19:47.599325
13:19:47.606614 Navigation got ALT: 0.27
[1500, 1500, 988, 1500, 988, 988, 988, 1601, 1001, 1001, 1001, 1001, 1500, 1500, 1500, 1500] | 13:19:47.606753
[1500, 1500, 988, 1500, 988, 988, 988, 1601, 1001, 1001, 1001, 1001, 1500, 1500, 1500, 1500] | 13:19:47.612815
[1500, 1500, 988, 1500, 988, 988, 988, 1601, 1001, 1001, 1001, 1001, 1500, 1500, 1500, 1500] | 13:19:47.619395
[1500, 1500, 988, 1500, 988, 988, 988, 1601, 1001, 1001, 1001, 1001, 1500, 1500, 1500, 1500] | 13:19:47.626572
13:19:47.628442 ALT: 0.27
13:19:47.628528 ATT: [-21.2, 0.8, 350]
13:19:47.628772 ACC: [-7, -187, 480]
[1500, 1500, 988, 1500, 988, 988, 988, 1601, 1001, 1001, 1001, 1001, 1500, 1500, 1500, 1500] | 13:19:47.632740
13:19:47.640494 Navigation got ALT: 0.27
[1500, 1499, 988, 1500, 988, 988, 988, 1600, 1001, 1001, 1001, 1001, 1500, 1500, 1500, 1500] | 13:19:47.640649
[1500, 1499, 988, 1500, 988, 988, 988, 1600, 1001, 1001, 1001, 1001, 1500, 1500, 1500, 1500] | 13:19:47.646143
[1500, 1499, 988, 1500, 988, 988, 988, 1600, 1001, 1001, 1001, 1001, 1500, 1500, 1500, 1500] | 13:19:47.652890
[1500, 1499, 988, 1500, 988, 988, 988, 1600, 1001, 1001, 1001, 1001, 1500, 1500, 1500, 1500] | 13:19:47.660126
[1500, 1499, 988, 1500, 988, 988, 988, 1600, 1001, 1001, 1001, 1001, 1500, 1500, 1500, 1500] | 13:19:47.666274
13:19:47.675420 ALT: 0.27
13:19:47.675737 ATT: [-21.2, 0.8, 350]
13:19:47.676380 ACC: [-7, -186, 481]
13:19:47.677354 Navigation got ALT: 0.27
[1497, 1500, 988, 1500, 988, 988, 988, 1600, 1001, 1001, 1001, 1001, 1500, 1500, 1500, 1500] | 13:19:47.677437
[1497, 1500, 988, 1500, 988, 988, 988, 1600, 1001, 1001, 1001, 1001, 1500, 1500, 1500, 1500] | 13:19:47.679449
[1497, 1500, 988, 1500, 988, 988, 988, 1600, 1001, 1001, 1001, 1001, 1500, 1500, 1500, 1500] | 13:19:47.686492
[1497, 1500, 988, 1500, 988, 988, 988, 1600, 1001, 1001, 1001, 1001, 1500, 1500, 1500, 1500] | 13:19:47.693669
[1497, 1500, 988, 1500, 988, 988, 988, 1600, 1001, 1001, 1001, 1001, 1500, 1500, 1500, 1500] | 13:19:47.699368
13:19:47.708127 Navigation got ALT: 0.27
[1499, 1500, 988, 1500, 988, 988, 988, 1600, 1001, 1001, 1001, 1001, 1500, 1500, 1500, 1500] | 13:19:47.708226
[1499, 1500, 988, 1500, 988, 988, 988, 1600, 1001, 1001, 1001, 1001, 1500, 1500, 1500, 1500] | 13:19:47.713784
[1499, 1500, 988, 1500, 988, 988, 988, 1600, 1001, 1001, 1001, 1001, 1500, 1500, 1500, 1500] | 13:19:47.719428
[1499, 1500, 988, 1500, 988, 988, 988, 1600, 1001, 1001, 1001, 1001, 1500, 1500, 1500, 1500] | 13:19:47.726633
13:19:47.727129 ALT: 0.27
13:19:47.727371 ATT: [-21.2, 0.8, 350]
13:19:47.728078 ACC: [-7, -187, 480]
[1499, 1500, 988, 1500, 988, 988, 988, 1600, 1001, 1001, 1001, 1001, 1500, 1500, 1500, 1500] | 13:19:47.732865
13:19:47.742654 Navigation got ALT: 0.27
[1500, 1500, 988, 1500, 988, 988, 988, 1600, 1001, 1001, 1001, 1001, 1500, 1500, 1500, 1500] | 13:19:47.742830
[1500, 1500, 988, 1500, 988, 988, 988, 1600, 1001, 1001, 1001, 1001, 1500, 1500, 1500, 1500] | 13:19:47.746217
[1500, 1500, 988, 1500, 988, 988, 988, 1600, 1001, 1001, 1001, 1001, 1500, 1500, 1500, 1500] | 13:19:47.752832
[1500, 1500, 988, 1500, 988, 988, 988, 1600, 1001, 1001, 1001, 1001, 1500, 1500, 1500, 1500] | 13:19:47.759628
[1500, 1500, 988, 1500, 988, 988, 988, 1600, 1001, 1001, 1001, 1001, 1500, 1500, 1500, 1500] | 13:19:47.766145
13:19:47.773178 Navigation got ALT: 0.27
[1500, 1500, 988, 1500, 988, 988, 988, 1600, 1001, 1001, 1001, 1001, 1500, 1500, 1500, 1500] | 13:19:47.773317
13:19:47.774597 ALT: 0.27
13:19:47.774690 ATT: [-21.2, 0.8, 350]
13:19:47.775439 ACC: [-7, -186, 480]
[1500, 1500, 988, 1500, 988, 988, 988, 1600, 1001, 1001, 1001, 1001, 1500, 1500, 1500, 1500] | 13:19:47.779813
[1500, 1500, 988, 1500, 988, 988, 988, 1600, 1001, 1001, 1001, 1001, 1500, 1500, 1500, 1500] | 13:19:47.786374
[1500, 1500, 988, 1500, 988, 988, 988, 1600, 1001, 1001, 1001, 1001, 1500, 1500, 1500, 1500] | 13:19:47.793273
[1500, 1500, 988, 1500, 988, 988, 988, 1600, 1001, 1001, 1001, 1001, 1500, 1500, 1500, 1500] | 13:19:47.799475
13:19:47.806938 Navigation got ALT: 0.27
[1500, 1500, 988, 1500, 988, 988, 988, 1600, 1001, 1001, 1001, 1001, 1500, 1500, 1500, 1500] | 13:19:47.807079
[1500, 1500, 988, 1500, 988, 988, 988, 1600, 1001, 1001, 1001, 1001, 1500, 1500, 1500, 1500] | 13:19:47.812769
13:19:47.819042 ALT: 0.27
13:19:47.819134 ATT: [-21.2, 0.8, 350]
13:19:47.819492 ACC: [-7, -186, 480]
[1500, 1500, 988, 1500, 988, 988, 988, 1600, 1001, 1001, 1001, 1001, 1500, 1500, 1500, 1500] | 13:19:47.820308
[1500, 1500, 988, 1500, 988, 988, 988, 1600, 1001, 1001, 1001, 1001, 1500, 1500, 1500, 1500] | 13:19:47.826590
[1500, 1500, 988, 1500, 988, 988, 988, 1600, 1001, 1001, 1001, 1001, 1500, 1500, 1500, 1500] | 13:19:47.832774
13:19:47.840566 Navigation got ALT: 0.27
[1500, 1500, 988, 1500, 988, 988, 988, 1600, 1001, 1001, 1001, 1001, 1500, 1500, 1500, 1500] | 13:19:47.840773
[1500, 1500, 988, 1500, 988, 988, 988, 1600, 1001, 1001, 1001, 1001, 1500, 1500, 1500, 1500] | 13:19:47.846225
[1500, 1500, 988, 1500, 988, 988, 988, 1600, 1001, 1001, 1001, 1001, 1500, 1500, 1500, 1500] | 13:19:47.852795
[1500, 1500, 988, 1500, 988, 988, 988, 1600, 1001, 1001, 1001, 1001, 1500, 1500, 1500, 1500] | 13:19:47.859951
[1500, 1500, 988, 1500, 988, 988, 988, 1600, 1001, 1001, 1001, 1001, 1500, 1500, 1500, 1500] | 13:19:47.866182
13:19:47.867161 ALT: 0.27
13:19:47.867236 ATT: [-21.2, 0.8, 350]
13:19:47.867489 ACC: [-7, -187, 480]
13:19:47.873158 Navigation got ALT: 0.27
[1499, 1500, 988, 1500, 988, 988, 988, 1600, 1001, 1001, 1001, 1001, 1500, 1500, 1500, 1500] | 13:19:47.873304
[1499, 1500, 988, 1500, 988, 988, 988, 1600, 1001, 1001, 1001, 1001, 1500, 1500, 1500, 1500] | 13:19:47.879396
[1499, 1500, 988, 1500, 988, 988, 988, 1600, 1001, 1001, 1001, 1001, 1500, 1500, 1500, 1500] | 13:19:47.886281
[1499, 1500, 988, 1500, 988, 988, 988, 1600, 1001, 1001, 1001, 1001, 1500, 1500, 1500, 1500] | 13:19:47.892893
