Waiting for MSP_API_VERSION reply...
Waiting for MSP_FC_VARIANT reply...
{'apiVersion': '1.44.0', 'flightControllerIdentifier': 'BTFL', 'flightControllerVersion': '4.3.2', 'version': 0, 'buildInfo': 'Apr  7 2023 03:15:27', 'multiType': 0, 'msp_version': 0, 'capability': 0, 'cycleTime': 314, 'i2cError': 0, 'activeSensors': 39, 'mode': 2, 'profile': 0, 'uid': [4653116, 1345409042, 540357454], 'accelerometerTrims': [0, 0], 'name': '', 'displayName': 'BOARD MODULE', 'numProfiles': 3, 'rateProfile': 0, 'boardType': 2, 'armingDisableCount': 26, 'armingDisableFlags': 4, 'armingDisabled': False, 'runawayTakeoffPreventionDisabled': False, 'boardIdentifier': 'SBF4', 'boardVersion': 0, 'commCapabilities': 3, 'targetName': 'SPEEDYBEEF405V3', 'boardName': 'SPEEDYBEEF405V3', 'manufacturerId': '', 'signature': [0, 0, 0, 0, 0, 0, 0, 0, 0, 0, 0, 0, 0, 0, 0, 0, 0, 0, 0, 0, 0, 0, 0, 0, 0, 0, 0, 0, 0, 0, 0, 0], 'cpuload': 39, 'mcuTypeId': 3, 'mspProtocolVersion': 0, 'flightModeFlags': []}
12:56:03.721975 ALT: 1.39
12:56:03.722285 ATT: [0.1, 0.9, 114]
12:56:03.723043 ACC: [-8, 1, 515]
12:56:03.768445 ALT: 1.39
12:56:03.768672 ATT: [0.1, 0.9, 114]
12:56:03.769020 ACC: [-8, 1, 515]
Easycap format used: ImageFormat(type=<BufType.VIDEO_CAPTURE: 1>, description='YUYV 4:2:2', flags=<ImageFormatFlag.0: 0>, pixel_format=<PixelFormat.YUYV: 1448695129>)
Easycap format used: ImageFormat(type=<BufType.VIDEO_CAPTURE: 1>, description='Motion-JPEG', flags=<ImageFormatFlag.COMPRESSED: 1>, pixel_format=<PixelFormat.MJPEG: 1196444237>)
12:56:03.817900 ALT: 1.39
12:56:03.818004 ATT: [0.1, 0.9, 114]
12:56:03.818378 ACC: [-7, 1, 516]
12:56:03.864192 ALT: 1.39
12:56:03.864318 ATT: [0.1, 0.9, 114]
12:56:03.864517 ACC: [-7, 1, 515]
12:56:03.912211 ALT: 1.39
12:56:03.912364 ATT: [0.1, 0.9, 114]
12:56:03.912597 ACC: [-8, 1, 515]
12:56:03.960227 ALT: 1.39
12:56:03.960349 ATT: [0.1, 0.9, 114]
12:56:03.960558 ACC: [-7, 1, 516]
12:56:04.008190 ALT: 1.39
12:56:04.008314 ATT: [0.1, 0.9, 114]
12:56:04.008519 ACC: [-8, 1, 515]
12:56:04.056186 ALT: 1.39
12:56:04.056306 ATT: [0.1, 0.9, 114]
12:56:04.056507 ACC: [-7, 1, 515]
12:56:04.105530 ALT: 1.39
12:56:04.105662 ATT: [0.1, 0.9, 114]
12:56:04.105871 ACC: [-7, 0, 515]
Initialize navigation params:
Delay=0.03, Kp=40.0, Ki=0.0, Kd=40.0
Starting Main workflow
crc error: 0x6 0x30 0x80 0x1 0x3e 0xf0 0x81 0xf 0x7c 0xa5 0xc8 0x18 0x16 0xde 0x3 0x9f 0x2b 0xbc 0xc7 0xa 0x56 0xb0 0x82 0x15 0xc0 0x0 0x6 0x30 0x80 0x1 0x3e 0xf0 0x81 0xf 0x7c 0x1c 0xc8 0x18 0x16 0xde 0x3 0x1f 0x2b 0xc0 0xc7 0xa 0x56 0xb0 0x82 0x15
12:56:04.152314 ALT: 1.39
12:56:04.152444 ATT: [0.1, 0.9, 114]
12:56:04.152680 ACC: [-7, 1, 515]
[1499, 1500, 988, 1500, 988, 988, 988, 988, 1001, 1001, 1001, 1001, 1500, 1500, 1500, 1500]
[1499, 1500, 988, 1500, 988, 988, 988, 988, 1001, 1001, 1001, 1001, 1500, 1500, 1500, 1500]
[1499, 1500, 988, 1500, 988, 988, 988, 988, 1001, 1001, 1001, 1001, 1500, 1500, 1500, 1500]
[1499, 1500, 988, 1500, 988, 988, 988, 988, 1001, 1001, 1001, 1001, 1500, 1500, 1500, 1500]
[1500, 1500, 988, 1500, 988, 988, 988, 988, 1001, 1001, 1001, 1001, 1500, 1500, 1500, 1500]
[1500, 1500, 988, 1499, 988, 988, 988, 988, 1001, 1001, 1001, 1001, 1500, 1500, 1500, 1500]
[1500, 1500, 988, 1499, 988, 988, 988, 988, 1001, 1001, 1001, 1001, 1500, 1500, 1500, 1500]
[1499, 1500, 988, 1499, 988, 988, 988, 988, 1001, 1001, 1001, 1001, 1500, 1500, 1500, 1500]
12:56:04.207054 ALT: 1.39
12:56:04.207245 ATT: [0.1, 0.9, 114]
12:56:04.207909 ACC: [-7, 1, 515]
[1499, 1500, 988, 1500, 988, 988, 988, 988, 1001, 1001, 1001, 1001, 1500, 1500, 1500, 1500]
[1499, 1500, 988, 1500, 988, 988, 988, 988, 1001, 1001, 1001, 1001, 1500, 1500, 1500, 1500]
[1500, 1500, 988, 1500, 988, 988, 988, 988, 1001, 1001, 1001, 1001, 1500, 1500, 1500, 1500]
[1500, 1500, 988, 1500, 988, 988, 988, 988, 1001, 1001, 1001, 1001, 1500, 1500, 1500, 1500]
[1500, 1500, 988, 1500, 988, 988, 988, 988, 1001, 1001, 1001, 1001, 1500, 1500, 1500, 1500]
[1499, 1500, 988, 1500, 988, 988, 988, 988, 1001, 1001, 1001, 1001, 1500, 1500, 1500, 1500]
12:56:04.248263 ALT: 1.39
12:56:04.248374 ATT: [0.1, 0.9, 114]
[1499, 1500, 988, 1500, 988, 988, 988, 988, 1001, 1001, 1001, 1001, 1500, 1500, 1500, 1500]
12:56:04.251592 ACC: [-8, 1, 515]
[1499, 1500, 988, 1500, 988, 988, 988, 988, 1001, 1001, 1001, 1001, 1500, 1500, 1500, 1500]
[1499, 1500, 988, 1500, 988, 988, 988, 988, 1001, 1001, 1001, 1001, 1500, 1500, 1500, 1500]
[1499, 1500, 988, 1500, 988, 988, 988, 988, 1001, 1001, 1001, 1001, 1500, 1500, 1500, 1500]
[1499, 1500, 988, 1500, 988, 988, 988, 988, 1001, 1001, 1001, 1001, 1500, 1500, 1500, 1500]
[1500, 1500, 988, 1500, 988, 988, 988, 988, 1001, 1001, 1001, 1001, 1500, 1500, 1500, 1500]
[1500, 1500, 989, 1499, 988, 988, 988, 988, 1001, 1001, 1001, 1001, 1500, 1500, 1500, 1500]
[1500, 1500, 989, 1499, 988, 988, 988, 988, 1001, 1001, 1001, 1001, 1500, 1500, 1500, 1500]
12:56:04.296252 ALT: 1.39
12:56:04.296375 ATT: [0.1, 0.9, 114]
12:56:04.296942 ACC: [-8, 1, 516]
[1500, 1500, 989, 1499, 988, 988, 988, 988, 1001, 1001, 1001, 1001, 1500, 1500, 1500, 1500]
[1500, 1500, 988, 1500, 988, 988, 988, 988, 1001, 1001, 1001, 1001, 1500, 1500, 1500, 1500]
[1500, 1500, 988, 1500, 988, 988, 988, 988, 1001, 1001, 1001, 1001, 1500, 1500, 1500, 1500]
[1499, 1500, 988, 1500, 988, 988, 988, 988, 1001, 1001, 1001, 1001, 1500, 1500, 1500, 1500]
[1499, 1500, 988, 1500, 988, 988, 988, 988, 1001, 1001, 1001, 1001, 1500, 1500, 1500, 1500]
[1499, 1500, 988, 1500, 988, 988, 988, 988, 1001, 1001, 1001, 1001, 1500, 1500, 1500, 1500]
[1499, 1500, 988, 1500, 988, 988, 988, 988, 1001, 1001, 1001, 1001, 1500, 1500, 1500, 1500]
12:56:04.344256 ALT: 1.39
12:56:04.344377 ATT: [0.1, 0.9, 114]
12:56:04.344763 ACC: [-7, 1, 515]
[1499, 1500, 988, 1499, 988, 988, 988, 988, 1001, 1001, 1001, 1001, 1500, 1500, 1500, 1500]
[1499, 1500, 988, 1499, 988, 988, 988, 988, 1001, 1001, 1001, 1001, 1500, 1500, 1500, 1500]
[1500, 1500, 988, 1499, 988, 988, 988, 988, 1001, 1001, 1001, 1001, 1500, 1500, 1500, 1500]
[1500, 1500, 988, 1499, 988, 988, 988, 988, 1001, 1001, 1001, 1001, 1500, 1500, 1500, 1500]
[1500, 1500, 988, 1499, 988, 988, 988, 988, 1001, 1001, 1001, 1001, 1500, 1500, 1500, 1500]
[1500, 1500, 988, 1499, 988, 988, 988, 988, 1001, 1001, 1001, 1001, 1500, 1500, 1500, 1500]
[1500, 1500, 988, 1500, 988, 988, 988, 988, 1001, 1001, 1001, 1001, 1500, 1500, 1500, 1500]
12:56:04.392273 ALT: 1.39
12:56:04.392374 ATT: [0.1, 0.9, 114]
12:56:04.392689 ACC: [-7, 1, 516]
[1500, 1500, 988, 1500, 988, 988, 988, 989, 1001, 1001, 1001, 1001, 1500, 1500, 1500, 1500]
[1500, 1500, 988, 1500, 988, 988, 988, 989, 1001, 1001, 1001, 1001, 1500, 1500, 1500, 1500]
[1500, 1499, 988, 1500, 988, 988, 988, 989, 1001, 1001, 1001, 1001, 1500, 1500, 1500, 1500]
[1500, 1499, 988, 1500, 988, 988, 988, 988, 1001, 1001, 1001, 1001, 1500, 1500, 1500, 1500]
[1499, 1499, 988, 1500, 988, 988, 988, 988, 1001, 1001, 1001, 1001, 1500, 1500, 1500, 1500]
[1499, 1500, 988, 1500, 988, 988, 988, 988, 1001, 1001, 1001, 1001, 1500, 1500, 1500, 1500]
[1499, 1500, 988, 1500, 988, 988, 988, 988, 1001, 1001, 1001, 1001, 1500, 1500, 1500, 1500]
12:56:04.441096 ALT: 1.39
12:56:04.441219 ATT: [0.1, 0.9, 114]
12:56:04.441623 ACC: [-7, 1, 515]
[1499, 1500, 988, 1500, 988, 988, 988, 988, 1001, 1001, 1001, 1001, 1500, 1500, 1500, 1500]
[1499, 1500, 988, 1500, 988, 988, 988, 988, 1001, 1001, 1001, 1001, 1500, 1500, 1500, 1500]
[1499, 1500, 988, 1500, 988, 988, 988, 988, 1001, 1001, 1001, 1001, 1500, 1500, 1500, 1500]
[1500, 1500, 988, 1500, 988, 988, 988, 988, 1001, 1001, 1001, 1001, 1500, 1500, 1500, 1500]
[1500, 1499, 988, 1500, 988, 988, 988, 988, 1001, 1001, 1001, 1001, 1500, 1500, 1500, 1500]
[1500, 1499, 988, 1500, 988, 988, 988, 988, 1001, 1001, 1001, 1001, 1500, 1500, 1500, 1500]
[1500, 1499, 988, 1500, 988, 988, 988, 988, 1001, 1001, 1001, 1001, 1500, 1500, 1500, 1500]
12:56:04.488152 ALT: 1.39
12:56:04.488283 ATT: [0.1, 0.9, 114]
12:56:04.488544 ACC: [-8, 1, 515]
[1500, 1500, 988, 1499, 988, 988, 988, 988, 1001, 1001, 1001, 1001, 1500, 1500, 1500, 1500]
[1500, 1500, 988, 1499, 988, 988, 988, 988, 1001, 1001, 1001, 1001, 1500, 1500, 1500, 1500]
[1500, 1500, 988, 1499, 988, 988, 988, 988, 1001, 1001, 1001, 1001, 1500, 1500, 1500, 1500]
[1500, 1500, 988, 1500, 988, 988, 988, 988, 1001, 1001, 1001, 1001, 1500, 1500, 1500, 1500]
[1500, 1500, 988, 1500, 988, 988, 988, 988, 1001, 1001, 1001, 1001, 1500, 1500, 1500, 1500]
[1500, 1500, 988, 1500, 988, 988, 988, 988, 1001, 1001, 1001, 1001, 1500, 1500, 1500, 1500]
[1500, 1500, 988, 1500, 988, 988, 988, 988, 1001, 1001, 1001, 1001, 1500, 1500, 1500, 1500]
[1500, 1500, 988, 1500, 988, 988, 988, 988, 1001, 1001, 1001, 1001, 1500, 1500, 1500, 1500]
12:56:04.537325 ALT: 1.39
12:56:04.537597 ATT: [0.1, 0.9, 114]
12:56:04.538430 ACC: [-7, 1, 515]
[1500, 1500, 988, 1500, 988, 988, 988, 988, 1001, 1001, 1001, 1001, 1500, 1500, 1500, 1500]
[1500, 1500, 988, 1500, 988, 988, 988, 988, 1001, 1001, 1001, 1001, 1500, 1500, 1500, 1500]
[1500, 1500, 988, 1500, 988, 988, 988, 988, 1001, 1001, 1001, 1001, 1500, 1500, 1500, 1500]
[1500, 1500, 988, 1500, 988, 988, 988, 988, 1001, 1001, 1001, 1001, 1500, 1500, 1500, 1500]
[1500, 1500, 988, 1500, 988, 988, 988, 988, 1001, 1001, 1001, 1001, 1500, 1500, 1500, 1500]
[1500, 1500, 988, 1500, 988, 988, 988, 988, 1001, 1001, 1001, 1001, 1500, 1500, 1500, 1500]
[1500, 1500, 988, 1500, 988, 988, 988, 988, 1001, 1001, 1001, 1001, 1500, 1500, 1500, 1500]
12:56:04.585602 ALT: 1.39
12:56:04.585717 ATT: [0.1, 0.9, 114]
12:56:04.586040 ACC: [-7, 1, 516]
[1500, 1499, 988, 1500, 988, 988, 989, 988, 1001, 1001, 1001, 1001, 1500, 1500, 1500, 1500]
[1500, 1499, 988, 1500, 988, 988, 989, 986, 1001, 1001, 1001, 1001, 1500, 1500, 1500, 1500]
[1500, 1499, 988, 1500, 988, 988, 989, 986, 1001, 1001, 1001, 1001, 1500, 1500, 1500, 1500]
[1500, 1500, 988, 1500, 988, 988, 988, 986, 1001, 1001, 1001, 1001, 1500, 1500, 1500, 1500]
[1500, 1500, 988, 1500, 988, 988, 988, 988, 1001, 1001, 1001, 1001, 1500, 1500, 1500, 1500]
[1499, 1500, 988, 1500, 988, 988, 988, 988, 1001, 1001, 1001, 1001, 1500, 1500, 1500, 1500]
12:56:04.639196 ALT: 1.39
12:56:04.639308 ATT: [0.1, 0.9, 114]
12:56:04.639630 ACC: [-7, 1, 516]
[1499, 1500, 988, 1500, 988, 988, 988, 988, 1001, 1001, 1001, 1001, 1500, 1500, 1500, 1500]
[1499, 1500, 988, 1500, 988, 988, 988, 988, 1001, 1001, 1001, 1001, 1500, 1500, 1500, 1500]
[1500, 1500, 988, 1500, 988, 988, 988, 988, 1001, 1001, 1001, 1001, 1500, 1500, 1500, 1500]
[1500, 1500, 988, 1500, 988, 988, 988, 988, 1001, 1001, 1001, 1001, 1500, 1500, 1500, 1500]
[1500, 1500, 988, 1500, 988, 988, 988, 988, 1001, 1001, 1001, 1001, 1500, 1500, 1500, 1500]
[1500, 1500, 988, 1500, 988, 988, 988, 988, 1001, 1001, 1001, 1001, 1500, 1500, 1500, 1500]
[1500, 1499, 988, 1500, 988, 988, 988, 988, 1001, 1001, 1001, 1001, 1500, 1500, 1500, 1500]
[1500, 1499, 988, 1500, 988, 988, 988, 988, 1001, 1001, 1001, 1001, 1500, 1500, 1500, 1500]
[1500, 1499, 988, 1500, 988, 988, 988, 988, 1001, 1001, 1001, 1001, 1500, 1500, 1500, 1500]
[1500, 1500, 988, 1500, 988, 988, 988, 988, 1001, 1001, 1001, 1001, 1500, 1500, 1500, 1500]
[1500, 1500, 988, 1500, 988, 988, 988, 988, 1001, 1001, 1001, 1001, 1500, 1500, 1500, 1500]
12:56:04.701701 ALT: 1.39
12:56:04.701800 ATT: [0.1, 0.8, 114]
12:56:04.702571 ACC: [-7, 0, 515]
[1500, 1500, 988, 1500, 988, 988, 988, 988, 1001, 1001, 1001, 1001, 1500, 1500, 1500, 1500]
[1500, 1499, 988, 1500, 988, 988, 988, 988, 1001, 1001, 1001, 1001, 1500, 1500, 1500, 1500]
[1500, 1499, 988, 1500, 988, 988, 988, 988, 1001, 1001, 1001, 1001, 1500, 1500, 1500, 1500]
[1500, 1499, 988, 1500, 988, 988, 988, 988, 1001, 1001, 1001, 1001, 1500, 1500, 1500, 1500]
[1500, 1500, 988, 1501, 986, 988, 988, 988, 1001, 1001, 1001, 1001, 1500, 1500, 1500, 1500]
[1500, 1500, 988, 1501, 986, 988, 988, 988, 1001, 1001, 1001, 1001, 1500, 1500, 1500, 1500]
[1499, 1500, 988, 1501, 986, 988, 988, 988, 1001, 1001, 1001, 1001, 1500, 1500, 1500, 1500]
12:56:04.744418 ALT: 1.39
12:56:04.744531 ATT: [0.1, 0.8, 114]
12:56:04.744860 ACC: [-8, 1, 516]
[1499, 1500, 988, 1500, 988, 989, 986, 988, 1001, 1001, 1001, 1001, 1500, 1500, 1500, 1500]
[1499, 1500, 988, 1500, 988, 989, 986, 988, 1001, 1001, 1001, 1001, 1500, 1500, 1500, 1500]
[1500, 1500, 988, 1500, 988, 989, 986, 988, 1001, 1001, 1001, 1001, 1500, 1500, 1500, 1500]
[1500, 1500, 988, 1500, 988, 988, 988, 988, 1001, 1001, 1001, 1001, 1500, 1500, 1500, 1500]
[1500, 1500, 988, 1500, 988, 988, 988, 988, 1001, 1001, 1001, 1001, 1500, 1500, 1500, 1500]
[1500, 1500, 988, 1500, 988, 988, 988, 988, 1001, 1001, 1001, 1001, 1500, 1500, 1500, 1500]
[1500, 1499, 988, 1499, 988, 988, 988, 988, 1001, 1001, 1001, 1001, 1500, 1500, 1500, 1500]
[1500, 1499, 988, 1499, 988, 988, 988, 988, 1001, 1001, 1001, 1001, 1500, 1500, 1500, 1500]
12:56:04.797586 ALT: 1.39
12:56:04.797678 ATT: [0.1, 0.8, 114]
12:56:04.797955 ACC: [-8, 1, 515]
[1500, 1499, 988, 1499, 988, 988, 988, 988, 1001, 1001, 1001, 1001, 1500, 1500, 1500, 1500]
[1500, 1500, 988, 1499, 988, 988, 988, 988, 1001, 1001, 1001, 1001, 1500, 1500, 1500, 1500]
[1500, 1500, 988, 1499, 988, 988, 988, 988, 1001, 1001, 1001, 1001, 1500, 1500, 1500, 1500]
[1500, 1500, 988, 1499, 988, 988, 988, 988, 1001, 1001, 1001, 1001, 1500, 1500, 1500, 1500]
[1500, 1500, 988, 1500, 988, 988, 988, 988, 1001, 1001, 1001, 1001, 1500, 1500, 1500, 1500]
[1500, 1500, 988, 1500, 988, 988, 988, 988, 1001, 1001, 1001, 1001, 1500, 1500, 1500, 1500]
[1500, 1500, 988, 1500, 988, 988, 988, 988, 1001, 1001, 1001, 1001, 1500, 1500, 1500, 1500]
[1500, 1500, 988, 1500, 988, 988, 989, 988, 1001, 1001, 1001, 1001, 1500, 1500, 1500, 1500]
[1500, 1500, 988, 1500, 988, 988, 989, 986, 1001, 1001, 1001, 1001, 1500, 1500, 1500, 1500]
12:56:04.859365 ALT: 1.39
12:56:04.859471 ATT: [0.1, 0.9, 114]
12:56:04.859813 ACC: [-8, 1, 516]
[1499, 1500, 988, 1500, 988, 988, 989, 986, 1001, 1001, 1001, 1001, 1500, 1500, 1500, 1500]
[1499, 1500, 988, 1500, 988, 988, 988, 986, 1001, 1001, 1001, 1001, 1500, 1500, 1500, 1500]
[1499, 1500, 988, 1500, 988, 988, 988, 988, 1001, 1001, 1001, 1001, 1500, 1500, 1500, 1500]
[1499, 1500, 988, 1500, 988, 988, 988, 988, 1001, 1001, 1001, 1001, 1500, 1500, 1500, 1500]
[1499, 1500, 988, 1500, 988, 988, 988, 988, 1001, 1001, 1001, 1001, 1500, 1500, 1500, 1500]
[1499, 1500, 988, 1500, 988, 988, 988, 988, 1001, 1001, 1001, 1001, 1500, 1500, 1500, 1500]
[1500, 1500, 988, 1500, 988, 988, 988, 988, 1001, 1001, 1001, 1001, 1500, 1500, 1500, 1500]
12:56:04.904791 ALT: 1.39
12:56:04.904912 ATT: [0.1, 0.9, 114]
12:56:04.905244 ACC: [-8, 1, 516]
[1500, 1500, 988, 1500, 988, 988, 988, 988, 1001, 1001, 1001, 1001, 1500, 1500, 1500, 1500]
[1500, 1500, 988, 1500, 988, 988, 988, 988, 1001, 1001, 1001, 1001, 1500, 1500, 1500, 1500]
[1500, 1500, 988, 1500, 988, 988, 988, 988, 1001, 1001, 1001, 1001, 1500, 1500, 1500, 1500]
[1500, 1500, 988, 1500, 988, 988, 991, 988, 1001, 1001, 1001, 1001, 1500, 1500, 1500, 1500]
[1500, 1500, 988, 1500, 988, 988, 991, 985, 1001, 1001, 1001, 1001, 1500, 1500, 1500, 1500]
[1500, 1500, 988, 1500, 988, 988, 991, 985, 1001, 1001, 1001, 1001, 1500, 1500, 1500, 1500]
[1500, 1500, 988, 1499, 988, 988, 988, 985, 1001, 1001, 1001, 1001, 1500, 1500, 1500, 1500]
[1500, 1500, 988, 1499, 988, 988, 988, 988, 1001, 1001, 1001, 1001, 1500, 1500, 1500, 1500]
[1500, 1500, 988, 1499, 988, 988, 988, 988, 1001, 1001, 1001, 1001, 1500, 1500, 1500, 1500]
12:56:04.972450 ALT: 1.39
12:56:04.972580 ATT: [0.1, 0.9, 114]
12:56:04.973012 ACC: [-8, 1, 515]
[1500, 1500, 988, 1500, 988, 988, 988, 988, 1001, 1001, 1001, 1001, 1500, 1500, 1500, 1500]
[1500, 1500, 988, 1500, 988, 988, 988, 988, 1001, 1001, 1001, 1001, 1500, 1500, 1500, 1500]
[1500, 1500, 988, 1500, 988, 988, 988, 988, 1001, 1001, 1001, 1001, 1500, 1500, 1500, 1500]
[1500, 1500, 988, 1500, 988, 988, 988, 988, 1001, 1001, 1001, 1001, 1500, 1500, 1500, 1500]
[1500, 1500, 988, 1500, 988, 988, 988, 988, 1001, 1001, 1001, 1001, 1500, 1500, 1500, 1500]
[1500, 1500, 988, 1500, 988, 988, 988, 988, 1001, 1001, 1001, 1001, 1500, 1500, 1500, 1500]
[1500, 1499, 988, 1500, 988, 988, 988, 988, 1001, 1001, 1001, 1001, 1500, 1500, 1500, 1500]
12:56:05.016643 ALT: 1.39
12:56:05.016793 ATT: [0.1, 0.9, 114]
12:56:05.017100 ACC: [-8, 0, 515]
[1500, 1499, 988, 1500, 988, 988, 988, 988, 1001, 1001, 1001, 1001, 1500, 1500, 1500, 1500]
[1499, 1499, 988, 1500, 988, 988, 988, 988, 1001, 1001, 1001, 1001, 1500, 1500, 1500, 1500]
[1499, 1500, 988, 1500, 988, 988, 988, 988, 1001, 1001, 1001, 1001, 1500, 1500, 1500, 1500]
[1499, 1500, 988, 1500, 988, 988, 988, 988, 1001, 1001, 1001, 1001, 1500, 1500, 1500, 1500]
[1500, 1500, 988, 1500, 988, 988, 988, 988, 1001, 1001, 1001, 1001, 1500, 1500, 1500, 1500]
[1500, 1500, 988, 1499, 988, 991, 985, 988, 1001, 1001, 1001, 1001, 1500, 1500, 1500, 1500]
[1500, 1500, 988, 1499, 988, 991, 985, 988, 1001, 1001, 1001, 1001, 1500, 1500, 1500, 1500]
12:56:05.073813 ALT: 1.39
12:56:05.073965 ATT: [0.0, 0.9, 114]
12:56:05.074451 ACC: [-7, 0, 515]
[1500, 1500, 988, 1499, 988, 991, 985, 988, 1001, 1001, 1001, 1001, 1500, 1500, 1500, 1500]
[1500, 1500, 988, 1500, 988, 988, 988, 988, 1001, 1001, 1001, 1001, 1500, 1500, 1500, 1500]
[1500, 1500, 988, 1500, 988, 988, 988, 988, 1001, 1001, 1001, 1001, 1500, 1500, 1500, 1500]
[1500, 1500, 988, 1500, 988, 988, 988, 988, 1001, 1001, 1001, 1001, 1500, 1500, 1500, 1500]
[1500, 1500, 988, 1500, 988, 988, 988, 988, 1001, 1001, 1001, 1001, 1500, 1500, 1500, 1500]
[1500, 1500, 988, 1500, 988, 988, 988, 988, 1001, 1001, 1001, 1001, 1500, 1500, 1500, 1500]
[1500, 1500, 988, 1500, 988, 988, 988, 988, 1001, 1001, 1001, 1001, 1500, 1500, 1500, 1500]
[1500, 1500, 988, 1500, 988, 988, 988, 988, 1001, 1001, 1001, 1001, 1500, 1500, 1500, 1500]
[1500, 1500, 988, 1500, 988, 988, 988, 988, 1001, 1001, 1001, 1001, 1500, 1500, 1500, 1500]
[1499, 1500, 988, 1500, 988, 988, 988, 988, 1001, 1001, 1001, 1001, 1500, 1500, 1500, 1500]
12:56:05.128876 ALT: 1.39
12:56:05.128987 ATT: [0.0, 0.9, 114]
12:56:05.129360 ACC: [-7, 1, 515]
[1499, 1500, 988, 1500, 988, 988, 988, 988, 1001, 1001, 1001, 1001, 1500, 1500, 1500, 1500]
[1499, 1500, 988, 1500, 988, 988, 988, 988, 1001, 1001, 1001, 1001, 1500, 1500, 1500, 1500]
[1500, 1500, 988, 1500, 988, 988, 988, 988, 1001, 1001, 1001, 1001, 1500, 1500, 1500, 1500]
[1500, 1500, 988, 1500, 988, 988, 988, 988, 1001, 1001, 1001, 1001, 1500, 1500, 1500, 1500]
[1500, 1500, 988, 1500, 988, 988, 988, 988, 1001, 1001, 1001, 1001, 1500, 1500, 1500, 1500]
[1500, 1500, 988, 1500, 988, 988, 988, 988, 1001, 1001, 1001, 1001, 1500, 1500, 1500, 1500]
[1500, 1500, 988, 1500, 988, 988, 988, 988, 1001, 1001, 1001, 1001, 1500, 1500, 1500, 1500]
[1500, 1500, 988, 1500, 988, 988, 988, 988, 1001, 1001, 1001, 1001, 1500, 1500, 1500, 1500]
12:56:05.176433 ALT: 1.39
12:56:05.176636 ATT: [0.0, 0.9, 114]
12:56:05.176958 ACC: [-8, 1, 515]
[1500, 1500, 988, 1500, 988, 988, 988, 988, 1001, 1001, 1001, 1001, 1500, 1500, 1500, 1500]
[1500, 1500, 988, 1499, 988, 988, 988, 988, 1001, 1001, 1001, 1001, 1500, 1500, 1500, 1500]
[1500, 1500, 988, 1499, 988, 988, 988, 988, 1001, 1001, 1001, 1001, 1500, 1500, 1500, 1500]
[1500, 1500, 988, 1499, 988, 988, 988, 988, 1001, 1001, 1001, 1001, 1500, 1500, 1500, 1500]
[1500, 1500, 988, 1500, 988, 988, 988, 988, 1001, 1001, 1001, 1001, 1500, 1500, 1500, 1500]
[1500, 1500, 988, 1500, 988, 988, 988, 988, 1001, 1001, 1001, 1001, 1500, 1500, 1500, 1500]
[1499, 1500, 988, 1500, 988, 988, 988, 988, 1001, 1001, 1001, 1001, 1500, 1500, 1500, 1500]
12:56:05.224478 ALT: 1.39
12:56:05.224669 ATT: [0.1, 0.9, 114]
12:56:05.224942 ACC: [-8, 1, 516]
[1499, 1499, 988, 1500, 988, 988, 988, 988, 1001, 1001, 1001, 1001, 1500, 1500, 1500, 1500]
[1499, 1499, 988, 1500, 988, 988, 988, 988, 1001, 1001, 1001, 1001, 1500, 1500, 1500, 1500]
[1500, 1499, 988, 1500, 988, 988, 988, 988, 1001, 1001, 1001, 1001, 1500, 1500, 1500, 1500]
[1500, 1500, 988, 1500, 988, 988, 988, 988, 1001, 1001, 1001, 1001, 1500, 1500, 1500, 1500]
[1500, 1500, 988, 1500, 988, 988, 988, 988, 1001, 1001, 1001, 1001, 1500, 1500, 1500, 1500]
[1499, 1500, 988, 1500, 988, 988, 988, 988, 1001, 1001, 1001, 1001, 1500, 1500, 1500, 1500]
12:56:05.273573 ALT: 1.39
12:56:05.273689 ATT: [0.1, 0.9, 114]
12:56:05.273990 ACC: [-8, 1, 515]
[1499, 1500, 988, 1500, 988, 988, 988, 988, 1001, 1001, 1001, 1001, 1500, 1500, 1500, 1500]
[1499, 1500, 988, 1500, 988, 988, 988, 988, 1001, 1001, 1001, 1001, 1500, 1500, 1500, 1500]
[1500, 1500, 988, 1500, 988, 988, 988, 988, 1001, 1001, 1001, 1001, 1500, 1500, 1500, 1500]
[1500, 1500, 988, 1500, 988, 988, 988, 988, 1001, 1001, 1001, 1001, 1500, 1500, 1500, 1500]
[1500, 1500, 988, 1500, 988, 988, 988, 988, 1001, 1001, 1001, 1001, 1500, 1500, 1500, 1500]
[1500, 1500, 988, 1500, 988, 988, 988, 988, 1001, 1001, 1001, 1001, 1500, 1500, 1500, 1500]
[1500, 1499, 988, 1500, 988, 988, 988, 988, 1001, 1001, 1001, 1001, 1500, 1500, 1500, 1500]
[1500, 1499, 988, 1500, 988, 988, 988, 988, 1001, 1001, 1001, 1001, 1500, 1500, 1500, 1500]
12:56:05.335713 ALT: 1.39
12:56:05.335861 ATT: [0.1, 0.9, 114]
12:56:05.336334 ACC: [-8, 1, 515]
[1500, 1499, 988, 1500, 988, 988, 988, 988, 1001, 1001, 1001, 1001, 1500, 1500, 1500, 1500]
[1500, 1500, 988, 1500, 988, 988, 988, 988, 1001, 1001, 1001, 1001, 1500, 1500, 1500, 1500]
[1500, 1500, 988, 1500, 988, 988, 988, 988, 1001, 1001, 1001, 1001, 1500, 1500, 1500, 1500]
[1500, 1500, 988, 1500, 988, 988, 988, 988, 1001, 1001, 1001, 1001, 1500, 1500, 1500, 1500]
[1500, 1500, 988, 1500, 988, 988, 988, 988, 1001, 1001, 1001, 1001, 1500, 1500, 1500, 1500]
[1500, 1500, 988, 1500, 988, 988, 988, 988, 1001, 1001, 1001, 1001, 1500, 1500, 1500, 1500]
[1499, 1500, 988, 1500, 988, 988, 988, 988, 1001, 1001, 1001, 1001, 1500, 1500, 1500, 1500]
[1499, 1500, 988, 1500, 988, 988, 988, 988, 1001, 1001, 1001, 1001, 1500, 1500, 1500, 1500]
[1499, 1500, 988, 1500, 988, 988, 988, 988, 1001, 1001, 1001, 1001, 1500, 1500, 1500, 1500]
[1500, 1500, 988, 1500, 988, 988, 988, 988, 1001, 1001, 1001, 1001, 1500, 1500, 1500, 1500]
[1500, 1500, 988, 1500, 988, 988, 988, 988, 1001, 1001, 1001, 1001, 1500, 1500, 1500, 1500]
12:56:05.401869 ALT: 1.39
12:56:05.402050 ATT: [0.1, 0.9, 114]
12:56:05.402565 ACC: [-7, 1, 515]
[1500, 1500, 988, 1500, 988, 988, 988, 988, 1001, 1001, 1001, 1001, 1500, 1500, 1500, 1500]
[1500, 1500, 988, 1500, 988, 988, 988, 988, 1001, 1001, 1001, 1001, 1500, 1500, 1500, 1500]
[1500, 1500, 988, 1500, 988, 988, 988, 988, 1001, 1001, 1001, 1001, 1500, 1500, 1500, 1500]
[1500, 1500, 988, 1500, 988, 988, 988, 988, 1001, 1001, 1001, 1001, 1500, 1500, 1500, 1500]
[1499, 1500, 988, 1500, 988, 988, 988, 988, 1001, 1001, 1001, 1001, 1500, 1500, 1500, 1500]
[1499, 1500, 988, 1500, 988, 988, 988, 988, 1001, 1001, 1001, 1001, 1500, 1500, 1500, 1500]
[1499, 1500, 988, 1500, 988, 988, 988, 988, 1001, 1001, 1001, 1001, 1500, 1500, 1500, 1500]
[1500, 1500, 988, 1500, 988, 988, 988, 988, 1001, 1001, 1001, 1001, 1500, 1500, 1500, 1500]
[1500, 1500, 988, 1500, 988, 988, 988, 988, 1001, 1001, 1001, 1001, 1500, 1500, 1500, 1500]
[1500, 1500, 988, 1500, 988, 988, 988, 988, 1001, 1001, 1001, 1001, 1500, 1500, 1500, 1500]
[1500, 1500, 988, 1500, 988, 988, 988, 988, 1001, 1001, 1001, 1001, 1500, 1500, 1500, 1500]
[1500, 1499, 988, 1500, 988, 988, 988, 988, 1001, 1001, 1001, 1001, 1500, 1500, 1500, 1500]
[1500, 1499, 988, 1500, 988, 988, 988, 988, 1001, 1001, 1001, 1001, 1500, 1500, 1500, 1500]
12:56:05.481987 ALT: 1.39
12:56:05.482096 ATT: [0.1, 0.9, 114]
12:56:05.482480 ACC: [-7, 1, 516]
[1500, 1499, 988, 1500, 988, 988, 988, 988, 1001, 1001, 1001, 1001, 1500, 1500, 1500, 1500]
[1500, 1500, 988, 1500, 988, 988, 989, 988, 1001, 1001, 1001, 1001, 1500, 1500, 1500, 1500]
[1500, 1500, 988, 1500, 988, 988, 989, 988, 1001, 1001, 1001, 1001, 1500, 1500, 1500, 1500]
[1500, 1500, 988, 1500, 988, 988, 989, 988, 1001, 1001, 1001, 1001, 1500, 1500, 1500, 1500]
[1500, 1499, 988, 1499, 988, 988, 988, 988, 1001, 1001, 1001, 1001, 1500, 1500, 1500, 1500]
[1500, 1499, 988, 1499, 988, 988, 988, 988, 1001, 1001, 1001, 1001, 1500, 1500, 1500, 1500]
[1500, 1499, 988, 1499, 988, 988, 988, 988, 1001, 1001, 1001, 1001, 1500, 1500, 1500, 1500]
[1500, 1499, 988, 1499, 988, 988, 988, 988, 1001, 1001, 1001, 1001, 1500, 1500, 1500, 1500]
[1500, 1499, 988, 1499, 988, 988, 988, 988, 1001, 1001, 1001, 1001, 1500, 1500, 1500, 1500]
12:56:05.550086 ALT: 1.39
12:56:05.550298 ATT: [0.1, 0.9, 114]
12:56:05.550769 ACC: [-8, 1, 515]
[1500, 1499, 988, 1499, 988, 988, 988, 988, 1001, 1001, 1001, 1001, 1500, 1500, 1500, 1500]
[1500, 1500, 988, 1500, 988, 988, 988, 988, 1001, 1001, 1001, 1001, 1500, 1500, 1500, 1500]
[1500, 1500, 988, 1500, 988, 988, 988, 988, 1001, 1001, 1001, 1001, 1500, 1500, 1500, 1500]
[1500, 1500, 988, 1500, 988, 988, 988, 988, 1001, 1001, 1001, 1001, 1500, 1500, 1500, 1500]
[1500, 1500, 988, 1500, 988, 988, 988, 988, 1001, 1001, 1001, 1001, 1500, 1500, 1500, 1500]
12:56:05.593918 ALT: 1.39
12:56:05.594057 ATT: [0.1, 0.9, 114]
12:56:05.596314 ACC: [-8, 1, 515]
[1500, 1500, 988, 1500, 988, 988, 988, 988, 1001, 1001, 1001, 1001, 1500, 1500, 1500, 1500]
[1500, 1500, 988, 1500, 988, 988, 988, 988, 1001, 1001, 1001, 1001, 1500, 1500, 1500, 1500]
[1500, 1500, 988, 1500, 988, 988, 988, 988, 1001, 1001, 1001, 1001, 1500, 1500, 1500, 1500]
[1500, 1500, 988, 1500, 988, 988, 988, 988, 1001, 1001, 1001, 1001, 1500, 1500, 1500, 1500]
[1500, 1500, 988, 1500, 988, 988, 988, 988, 1001, 1001, 1001, 1001, 1500, 1500, 1500, 1500]
[1500, 1500, 988, 1500, 988, 988, 988, 988, 1001, 1001, 1001, 1001, 1500, 1500, 1500, 1500]
[1500, 1500, 988, 1500, 988, 988, 988, 988, 1001, 1001, 1001, 1001, 1500, 1500, 1500, 1500]
[1499, 1500, 988, 1500, 988, 988, 988, 988, 1001, 1001, 1001, 1001, 1500, 1500, 1500, 1500]
[1499, 1500, 988, 1500, 988, 988, 988, 988, 1001, 1001, 1001, 1001, 1500, 1500, 1500, 1500]
[1499, 1500, 988, 1500, 988, 988, 988, 988, 1001, 1001, 1001, 1001, 1500, 1500, 1500, 1500]
[1499, 1500, 988, 1500, 988, 988, 988, 988, 1001, 1001, 1001, 1001, 1500, 1500, 1500, 1500]
[1499, 1500, 988, 1500, 988, 988, 988, 988, 1001, 1001, 1001, 1001, 1500, 1500, 1500, 1500]
12:56:05.657569 ALT: 1.39
12:56:05.657698 ATT: [0.1, 0.9, 114]
12:56:05.658177 ACC: [-8, 1, 515]
[1499, 1500, 988, 1500, 988, 988, 988, 989, 1001, 1001, 1001, 1001, 1500, 1500, 1500, 1500]
[1500, 1500, 988, 1500, 988, 988, 988, 989, 1001, 1001, 1001, 1001, 1500, 1500, 1500, 1500]
[1500, 1500, 988, 1500, 988, 988, 988, 989, 1001, 1001, 1001, 1001, 1500, 1500, 1500, 1500]
[1500, 1500, 988, 1500, 988, 988, 988, 988, 1001, 1001, 1001, 1001, 1500, 1500, 1500, 1500]
[1497, 1500, 988, 1500, 988, 988, 988, 988, 1001, 1001, 1001, 1001, 1500, 1500, 1500, 1500]
[1497, 1500, 988, 1500, 988, 989, 986, 988, 1001, 1001, 1001, 1001, 1500, 1500, 1500, 1500]
[1497, 1500, 988, 1500, 988, 989, 986, 988, 1001, 1001, 1001, 1001, 1500, 1500, 1500, 1500]
12:56:05.704648 ALT: 1.39
12:56:05.704831 ATT: [0.1, 0.9, 114]
12:56:05.705641 ACC: [-8, 1, 515]
[1500, 1500, 988, 1500, 988, 989, 986, 988, 1001, 1001, 1001, 1001, 1500, 1500, 1500, 1500]
[1500, 1500, 988, 1500, 988, 988, 988, 988, 1001, 1001, 1001, 1001, 1500, 1500, 1500, 1500]
[1500, 1500, 988, 1500, 988, 988, 988, 988, 1001, 1001, 1001, 1001, 1500, 1500, 1500, 1500]
[1500, 1500, 988, 1500, 988, 988, 988, 988, 1001, 1001, 1001, 1001, 1500, 1500, 1500, 1500]
[1500, 1500, 988, 1500, 988, 988, 989, 988, 1001, 1001, 1001, 1001, 1500, 1500, 1500, 1500]
[1500, 1500, 988, 1500, 988, 988, 989, 986, 1001, 1001, 1001, 1001, 1500, 1500, 1500, 1500]
[1500, 1500, 988, 1500, 988, 988, 989, 986, 1001, 1001, 1001, 1001, 1500, 1500, 1500, 1500]
[1500, 1500, 988, 1500, 988, 988, 988, 986, 1001, 1001, 1001, 1001, 1500, 1500, 1500, 1500]
12:56:05.752704 ALT: 1.39
12:56:05.752890 ATT: [0.1, 0.9, 114]
12:56:05.753461 ACC: [-8, 1, 515]
[1500, 1500, 988, 1500, 988, 988, 988, 988, 1001, 1001, 1001, 1001, 1500, 1500, 1500, 1500]
[1500, 1500, 988, 1500, 988, 988, 988, 988, 1001, 1001, 1001, 1001, 1500, 1500, 1500, 1500]
[1500, 1499, 988, 1500, 988, 988, 988, 988, 1001, 1001, 1001, 1001, 1500, 1500, 1500, 1500]
[1500, 1499, 988, 1500, 988, 988, 988, 988, 1001, 1001, 1001, 1001, 1500, 1500, 1500, 1500]
[1499, 1499, 988, 1500, 988, 988, 988, 988, 1001, 1001, 1001, 1001, 1500, 1500, 1500, 1500]
[1499, 1500, 988, 1500, 988, 988, 988, 988, 1001, 1001, 1001, 1001, 1500, 1500, 1500, 1500]
[1499, 1500, 988, 1500, 988, 988, 988, 988, 1001, 1001, 1001, 1001, 1500, 1500, 1500, 1500]
12:56:05.800696 ALT: 1.39
12:56:05.800958 ATT: [0.1, 0.9, 114]
12:56:05.801598 ACC: [-7, 0, 515]
[1500, 1500, 988, 1500, 988, 988, 988, 988, 1001, 1001, 1001, 1001, 1500, 1500, 1500, 1500]
[1500, 1500, 988, 1500, 988, 988, 988, 988, 1001, 1001, 1001, 1001, 1500, 1500, 1500, 1500]
[1500, 1500, 988, 1500, 988, 988, 988, 988, 1001, 1001, 1001, 1001, 1500, 1500, 1500, 1500]
[1500, 1500, 988, 1500, 988, 988, 988, 988, 1001, 1001, 1001, 1001, 1500, 1500, 1500, 1500]
[1499, 1500, 988, 1500, 988, 988, 988, 988, 1001, 1001, 1001, 1001, 1500, 1500, 1500, 1500]
[1499, 1500, 988, 1500, 988, 988, 988, 988, 1001, 1001, 1001, 1001, 1500, 1500, 1500, 1500]
[1500, 1500, 988, 1500, 988, 988, 988, 988, 1001, 1001, 1001, 1001, 1500, 1500, 1500, 1500]
[1500, 1500, 988, 1500, 988, 988, 988, 988, 1001, 1001, 1001, 1001, 1500, 1500, 1500, 1500]
[1500, 1500, 988, 1500, 988, 988, 988, 988, 1001, 1001, 1001, 1001, 1500, 1500, 1500, 1500]
[1500, 1500, 988, 1500, 988, 988, 988, 988, 1001, 1001, 1001, 1001, 1500, 1500, 1500, 1500]
[1500, 1499, 988, 1500, 988, 988, 988, 988, 1001, 1001, 1001, 1001, 1500, 1500, 1500, 1500]
12:56:05.873151 ALT: 1.39
12:56:05.873568 ATT: [0.1, 0.9, 114]
12:56:05.874195 ACC: [-7, 0, 516]
[1500, 1499, 988, 1500, 988, 988, 988, 988, 1001, 1001, 1001, 1001, 1500, 1500, 1500, 1500]
[1500, 1499, 988, 1500, 988, 988, 988, 988, 1001, 1001, 1001, 1001, 1500, 1500, 1500, 1500]
[1500, 1500, 988, 1500, 988, 988, 988, 988, 1001, 1001, 1001, 1001, 1500, 1500, 1500, 1500]
[1500, 1500, 988, 1500, 988, 988, 988, 988, 1001, 1001, 1001, 1001, 1500, 1500, 1500, 1500]
[1500, 1500, 988, 1500, 988, 988, 988, 988, 1001, 1001, 1001, 1001, 1500, 1500, 1500, 1500]
[1500, 1500, 988, 1500, 988, 988, 988, 988, 1001, 1001, 1001, 1001, 1500, 1500, 1500, 1500]
[1500, 1500, 988, 1500, 988, 988, 988, 988, 1001, 1001, 1001, 1001, 1500, 1500, 1500, 1500]
12:56:05.934395 ALT: 1.39
12:56:05.934528 ATT: [0.1, 0.9, 114]
12:56:05.934864 ACC: [-7, 1, 516]
[1500, 1500, 988, 1500, 988, 988, 988, 988, 1001, 1001, 1001, 1001, 1500, 1500, 1500, 1500]
[1500, 1500, 988, 1500, 988, 988, 988, 988, 1001, 1001, 1001, 1001, 1500, 1500, 1500, 1500]
[1500, 1500, 988, 1500, 988, 988, 988, 989, 1001, 1001, 1001, 1001, 1500, 1500, 1500, 1500]
[1500, 1500, 988, 1500, 988, 988, 988, 989, 1001, 1001, 1001, 1001, 1500, 1500, 1500, 1500]
[1500, 1500, 988, 1500, 988, 988, 988, 989, 1001, 1001, 1001, 1001, 1500, 1500, 1500, 1500]
[1500, 1500, 988, 1500, 988, 988, 988, 988, 1001, 1001, 1001, 1001, 1500, 1500, 1500, 1500]
[1500, 1500, 988, 1500, 988, 988, 988, 988, 1001, 1001, 1001, 1001, 1500, 1500, 1500, 1500]
[1500, 1500, 988, 1500, 988, 988, 988, 988, 1001, 1001, 1001, 1001, 1500, 1500, 1500, 1500]
[1500, 1500, 988, 1500, 988, 988, 988, 988, 1001, 1001, 1001, 1001, 1500, 1500, 1500, 1500]
12:56:05.977310 ALT: 1.39
12:56:05.977419 ATT: [0.1, 0.9, 114]
12:56:05.987697 ACC: [-8, 1, 516]
[1500, 1500, 988, 1500, 988, 988, 988, 988, 1001, 1001, 1001, 1001, 1500, 1500, 1500, 1500]
[1500, 1500, 988, 1500, 988, 988, 988, 988, 1001, 1001, 1001, 1001, 1500, 1500, 1500, 1500]
[1500, 1500, 988, 1500, 988, 988, 988, 988, 1001, 1001, 1001, 1001, 1500, 1500, 1500, 1500]
[1500, 1500, 988, 1500, 988, 988, 988, 988, 1001, 1001, 1001, 1001, 1500, 1500, 1500, 1500]
[1500, 1500, 988, 1500, 988, 988, 988, 988, 1001, 1001, 1001, 1001, 1500, 1500, 1500, 1500]
[1500, 1500, 988, 1500, 988, 988, 988, 988, 1001, 1001, 1001, 1001, 1500, 1500, 1500, 1500]
12:56:06.040580 ALT: 1.39
12:56:06.040828 ATT: [0.1, 0.9, 114]
12:56:06.041307 ACC: [-7, 0, 515]
[1500, 1500, 988, 1500, 988, 988, 988, 988, 1001, 1001, 1001, 1001, 1500, 1500, 1500, 1500]
[1500, 1500, 988, 1500, 988, 988, 988, 988, 1001, 1001, 1001, 1001, 1500, 1500, 1500, 1500]
[1500, 1500, 988, 1500, 988, 988, 988, 988, 1001, 1001, 1001, 1001, 1500, 1500, 1500, 1500]
[1500, 1500, 988, 1500, 988, 988, 988, 988, 1001, 1001, 1001, 1001, 1500, 1500, 1500, 1500]
[1500, 1499, 988, 1500, 988, 988, 988, 988, 1001, 1001, 1001, 1001, 1500, 1500, 1500, 1500]
[1500, 1499, 988, 1500, 988, 988, 988, 988, 1001, 1001, 1001, 1001, 1500, 1500, 1500, 1500]
[1500, 1499, 988, 1500, 988, 988, 988, 988, 1001, 1001, 1001, 1001, 1500, 1500, 1500, 1500]
[1500, 1499, 988, 1500, 988, 988, 988, 988, 1001, 1001, 1001, 1001, 1500, 1500, 1500, 1500]
[1500, 1499, 988, 1500, 988, 988, 988, 988, 1001, 1001, 1001, 1001, 1500, 1500, 1500, 1500]
[1500, 1499, 988, 1500, 988, 988, 988, 988, 1001, 1001, 1001, 1001, 1500, 1500, 1500, 1500]
12:56:06.088857 ALT: 1.39
12:56:06.089061 ATT: [0.0, 0.9, 114]
12:56:06.091476 ACC: [-7, 1, 516]
[1500, 1499, 988, 1500, 988, 988, 988, 988, 1001, 1001, 1001, 1001, 1500, 1500, 1500, 1500]
[1500, 1499, 988, 1500, 988, 988, 988, 988, 1001, 1001, 1001, 1001, 1500, 1500, 1500, 1500]
[1500, 1499, 988, 1500, 988, 988, 988, 988, 1001, 1001, 1001, 1001, 1500, 1500, 1500, 1500]
[1500, 1500, 988, 1500, 988, 988, 988, 988, 1001, 1001, 1001, 1001, 1500, 1500, 1500, 1500]
[1500, 1500, 988, 1500, 988, 988, 988, 988, 1001, 1001, 1001, 1001, 1500, 1500, 1500, 1500]
[1500, 1500, 988, 1500, 988, 988, 988, 988, 1001, 1001, 1001, 1001, 1500, 1500, 1500, 1500]
[1500, 1499, 988, 1500, 989, 986, 988, 988, 1001, 1001, 1001, 1001, 1500, 1500, 1500, 1500]
[1500, 1499, 988, 1500, 989, 986, 988, 988, 1001, 1001, 1001, 1001, 1500, 1500, 1500, 1500]
[1500, 1499, 988, 1500, 989, 986, 988, 988, 1001, 1001, 1001, 1001, 1500, 1500, 1500, 1500]
12:56:06.145712 ALT: 1.39
12:56:06.145870 ATT: [0.0, 0.9, 114]
12:56:06.146470 ACC: [-7, 0, 515]
[1500, 1500, 988, 1500, 988, 988, 988, 988, 1001, 1001, 1001, 1001, 1500, 1500, 1500, 1500]
[1500, 1500, 988, 1500, 988, 988, 988, 988, 1001, 1001, 1001, 1001, 1500, 1500, 1500, 1500]
[1500, 1500, 988, 1500, 988, 988, 988, 988, 1001, 1001, 1001, 1001, 1500, 1500, 1500, 1500]
[1500, 1499, 988, 1500, 988, 988, 988, 988, 1001, 1001, 1001, 1001, 1500, 1500, 1500, 1500]
[1500, 1499, 988, 1500, 988, 988, 988, 988, 1001, 1001, 1001, 1001, 1500, 1500, 1500, 1500]
[1500, 1499, 988, 1500, 988, 988, 988, 988, 1001, 1001, 1001, 1001, 1500, 1500, 1500, 1500]
[1500, 1500, 988, 1500, 988, 988, 988, 988, 1001, 1001, 1001, 1001, 1500, 1500, 1500, 1500]
[1500, 1500, 988, 1500, 988, 988, 988, 988, 1001, 1001, 1001, 1001, 1500, 1500, 1500, 1500]
[1500, 1500, 988, 1500, 988, 988, 988, 988, 1001, 1001, 1001, 1001, 1500, 1500, 1500, 1500]
[1500, 1500, 988, 1500, 988, 988, 988, 988, 1001, 1001, 1001, 1001, 1500, 1500, 1500, 1500]
12:56:06.210449 ALT: 1.39
12:56:06.210647 ATT: [0.1, 0.9, 114]
12:56:06.211243 ACC: [-8, 1, 515]
[1500, 1500, 988, 1500, 988, 988, 988, 988, 1001, 1001, 1001, 1001, 1500, 1500, 1500, 1500]
[1500, 1500, 988, 1500, 988, 988, 988, 988, 1001, 1001, 1001, 1001, 1500, 1500, 1500, 1500]
[1500, 1500, 988, 1500, 988, 988, 988, 988, 1001, 1001, 1001, 1001, 1500, 1500, 1500, 1500]
[1500, 1500, 988, 1500, 988, 988, 988, 988, 1001, 1001, 1001, 1001, 1500, 1500, 1500, 1500]
[1500, 1500, 988, 1500, 988, 988, 988, 988, 1001, 1001, 1001, 1001, 1500, 1500, 1500, 1500]
[1500, 1500, 988, 1499, 988, 988, 988, 988, 1001, 1001, 1001, 1001, 1500, 1500, 1500, 1500]
[1500, 1500, 988, 1499, 988, 988, 988, 988, 1001, 1001, 1001, 1001, 1500, 1500, 1500, 1500]
[1500, 1500, 988, 1499, 988, 988, 988, 988, 1001, 1001, 1001, 1001, 1500, 1500, 1500, 1500]
12:56:06.270383 ALT: 1.45
12:56:06.270502 ATT: [0.1, 0.9, 114]
12:56:06.270840 ACC: [-8, 1, 515]
[1500, 1500, 988, 1500, 988, 988, 988, 988, 1001, 1001, 1001, 1001, 1500, 1500, 1500, 1500]
[1500, 1500, 988, 1500, 988, 988, 988, 988, 1001, 1001, 1001, 1001, 1500, 1500, 1500, 1500]
[1500, 1500, 988, 1500, 988, 988, 988, 988, 1001, 1001, 1001, 1001, 1500, 1500, 1500, 1500]
[1500, 1500, 988, 1500, 988, 988, 988, 988, 1001, 1001, 1001, 1001, 1500, 1500, 1500, 1500]
[1500, 1500, 988, 1500, 988, 988, 988, 988, 1001, 1001, 1001, 1001, 1500, 1500, 1500, 1500]
[1500, 1500, 988, 1500, 988, 988, 988, 988, 1001, 1001, 1001, 1001, 1500, 1500, 1500, 1500]
[1500, 1500, 988, 1500, 988, 988, 988, 988, 1001, 1001, 1001, 1001, 1500, 1500, 1500, 1500]
[1500, 1500, 988, 1500, 988, 988, 988, 988, 1001, 1001, 1001, 1001, 1500, 1500, 1500, 1500]
[1499, 1500, 988, 1500, 988, 988, 988, 988, 1001, 1001, 1001, 1001, 1500, 1500, 1500, 1500]
12:56:06.322260 ALT: 1.47
12:56:06.322361 ATT: [0.1, 0.9, 114]
12:56:06.322660 ACC: [-7, 1, 515]
[1499, 1500, 988, 1500, 988, 988, 988, 988, 1001, 1001, 1001, 1001, 1500, 1500, 1500, 1500]
[1499, 1500, 988, 1500, 988, 988, 988, 988, 1001, 1001, 1001, 1001, 1500, 1500, 1500, 1500]
[1500, 1500, 988, 1500, 988, 988, 988, 988, 1001, 1001, 1001, 1001, 1500, 1500, 1500, 1500]
[1500, 1500, 988, 1500, 988, 988, 988, 988, 1001, 1001, 1001, 1001, 1500, 1500, 1500, 1500]
[1500, 1500, 988, 1500, 988, 988, 988, 988, 1001, 1001, 1001, 1001, 1500, 1500, 1500, 1500]
[1499, 1500, 988, 1500, 988, 988, 988, 988, 1001, 1001, 1001, 1001, 1500, 1500, 1500, 1500]
[1499, 1500, 988, 1500, 989, 986, 988, 988, 1001, 1001, 1001, 1001, 1500, 1500, 1500, 1500]
[1499, 1500, 988, 1500, 989, 986, 988, 988, 1001, 1001, 1001, 1001, 1500, 1500, 1500, 1500]
12:56:06.382510 ALT: 1.47
12:56:06.382616 ATT: [0.0, 0.9, 114]
12:56:06.382921 ACC: [-7, 1, 515]
[1500, 1500, 988, 1500, 989, 986, 988, 988, 1001, 1001, 1001, 1001, 1500, 1500, 1500, 1500]
[1500, 1500, 988, 1499, 988, 988, 988, 988, 1001, 1001, 1001, 1001, 1500, 1500, 1500, 1500]
[1500, 1500, 988, 1499, 988, 988, 988, 988, 1001, 1001, 1001, 1001, 1500, 1500, 1500, 1500]
[1500, 1500, 988, 1499, 988, 988, 988, 988, 1001, 1001, 1001, 1001, 1500, 1500, 1500, 1500]
[1500, 1500, 988, 1500, 988, 988, 988, 988, 1001, 1001, 1001, 1001, 1500, 1500, 1500, 1500]
[1500, 1500, 988, 1500, 988, 988, 988, 988, 1001, 1001, 1001, 1001, 1500, 1500, 1500, 1500]
[1499, 1500, 988, 1500, 988, 988, 988, 988, 1001, 1001, 1001, 1001, 1500, 1500, 1500, 1500]
12:56:06.424728 ALT: 1.47
12:56:06.424896 ATT: [0.1, 0.9, 114]
12:56:06.425503 ACC: [-7, 1, 515]
[1499, 1500, 988, 1500, 988, 988, 988, 988, 1001, 1001, 1001, 1001, 1500, 1500, 1500, 1500]
[1499, 1500, 988, 1500, 988, 988, 988, 988, 1001, 1001, 1001, 1001, 1500, 1500, 1500, 1500]
[1500, 1500, 988, 1500, 988, 988, 988, 988, 1001, 1001, 1001, 1001, 1500, 1500, 1500, 1500]
[1500, 1500, 988, 1499, 988, 988, 988, 988, 1001, 1001, 1001, 1001, 1500, 1500, 1500, 1500]
[1500, 1500, 988, 1499, 988, 988, 988, 988, 1001, 1001, 1001, 1001, 1500, 1500, 1500, 1500]
[1500, 1500, 988, 1499, 988, 988, 988, 988, 1001, 1001, 1001, 1001, 1500, 1500, 1500, 1500]
12:56:06.474693 ALT: 1.47
12:56:06.474859 ATT: [0.1, 0.9, 114]
12:56:06.475379 ACC: [-7, 1, 515]
[1500, 1500, 988, 1500, 986, 988, 988, 988, 1001, 1001, 1001, 1001, 1500, 1500, 1500, 1500]
[1500, 1500, 988, 1500, 986, 988, 988, 988, 1001, 1001, 1001, 1001, 1500, 1500, 1500, 1500]
[1499, 1500, 988, 1500, 986, 988, 988, 988, 1001, 1001, 1001, 1001, 1500, 1500, 1500, 1500]
[1499, 1500, 988, 1500, 988, 989, 986, 988, 1001, 1001, 1001, 1001, 1500, 1500, 1500, 1500]
[1499, 1500, 988, 1500, 988, 989, 986, 988, 1001, 1001, 1001, 1001, 1500, 1500, 1500, 1500]
[1500, 1500, 988, 1500, 988, 989, 986, 988, 1001, 1001, 1001, 1001, 1500, 1500, 1500, 1500]
[1500, 1500, 988, 1500, 988, 988, 988, 988, 1001, 1001, 1001, 1001, 1500, 1500, 1500, 1500]
[1500, 1500, 988, 1500, 988, 988, 988, 988, 1001, 1001, 1001, 1001, 1500, 1500, 1500, 1500]
12:56:06.535919 ALT: 1.47
12:56:06.536074 ATT: [0.1, 0.9, 114]
12:56:06.537394 ACC: [-7, 1, 515]
[1501, 1500, 988, 1500, 988, 988, 988, 988, 1001, 1001, 1001, 1001, 1500, 1500, 1500, 1500]
[1501, 1497, 988, 1501, 986, 988, 988, 988, 1001, 1001, 1001, 1001, 1500, 1500, 1500, 1500]
[1501, 1497, 988, 1501, 986, 988, 988, 989, 1001, 1001, 1001, 1001, 1500, 1500, 1500, 1500]
[1500, 1497, 988, 1501, 986, 988, 988, 989, 1001, 1001, 1001, 1001, 1500, 1500, 1500, 1500]
[1500, 1500, 988, 1500, 988, 988, 988, 989, 1001, 1001, 1001, 1001, 1500, 1500, 1500, 1500]
[1500, 1500, 988, 1500, 988, 988, 988, 988, 1001, 1001, 1001, 1001, 1500, 1500, 1500, 1500]
[1501, 1500, 988, 1500, 988, 988, 988, 988, 1001, 1001, 1001, 1001, 1500, 1500, 1500, 1500]
[1501, 1497, 988, 1500, 988, 988, 988, 988, 1001, 1001, 1001, 1001, 1500, 1500, 1500, 1500]
[1501, 1497, 988, 1500, 988, 988, 988, 988, 1001, 1001, 1001, 1001, 1500, 1500, 1500, 1500]
[1499, 1497, 988, 1500, 988, 988, 988, 988, 1001, 1001, 1001, 1001, 1500, 1500, 1500, 1500]
[1499, 1500, 988, 1500, 988, 988, 988, 988, 1001, 1001, 1001, 1001, 1500, 1500, 1500, 1500]
[1499, 1500, 988, 1500, 988, 988, 988, 988, 1001, 1001, 1001, 1001, 1500, 1500, 1500, 1500]
[1500, 1500, 988, 1500, 988, 988, 988, 988, 1001, 1001, 1001, 1001, 1500, 1500, 1500, 1500]
[1500, 1500, 988, 1500, 988, 988, 988, 988, 1001, 1001, 1001, 1001, 1500, 1500, 1500, 1500]
[1500, 1500, 988, 1500, 988, 988, 988, 988, 1001, 1001, 1001, 1001, 1500, 1500, 1500, 1500]
[1500, 1500, 988, 1500, 988, 988, 988, 988, 1001, 1001, 1001, 1001, 1500, 1500, 1500, 1500]
[1500, 1499, 988, 1500, 988, 988, 988, 988, 1001, 1001, 1001, 1001, 1500, 1500, 1500, 1500]
12:56:06.635657 ALT: 1.47
12:56:06.635888 ATT: [0.1, 0.9, 113]
12:56:06.636572 ACC: [-7, 1, 515]
[1500, 1499, 988, 1500, 988, 988, 988, 988, 1001, 1001, 1001, 1001, 1500, 1500, 1500, 1500]
[1500, 1499, 988, 1500, 988, 988, 988, 988, 1001, 1001, 1001, 1001, 1500, 1500, 1500, 1500]
[1500, 1500, 988, 1500, 988, 988, 988, 988, 1001, 1001, 1001, 1001, 1500, 1500, 1500, 1500]
[1500, 1500, 988, 1500, 988, 988, 988, 988, 1001, 1001, 1001, 1001, 1500, 1500, 1500, 1500]
[1500, 1500, 988, 1500, 988, 988, 988, 988, 1001, 1001, 1001, 1001, 1500, 1500, 1500, 1500]
[1500, 1500, 988, 1499, 988, 988, 988, 988, 1001, 1001, 1001, 1001, 1500, 1500, 1500, 1500]
[1500, 1500, 988, 1499, 988, 988, 988, 988, 1001, 1001, 1001, 1001, 1500, 1500, 1500, 1500]
12:56:06.688467 ALT: 1.47
12:56:06.688823 ATT: [0.1, 0.8, 113]
12:56:06.689883 ACC: [-7, 1, 515]
[1500, 1500, 988, 1499, 988, 988, 988, 988, 1001, 1001, 1001, 1001, 1500, 1500, 1500, 1500]
[1500, 1500, 988, 1500, 988, 988, 988, 988, 1001, 1001, 1001, 1001, 1500, 1500, 1500, 1500]
[1500, 1500, 988, 1500, 988, 988, 988, 988, 1001, 1001, 1001, 1001, 1500, 1500, 1500, 1500]
[1500, 1500, 988, 1500, 988, 988, 988, 988, 1001, 1001, 1001, 1001, 1500, 1500, 1500, 1500]
[1500, 1500, 988, 1500, 988, 988, 988, 988, 1001, 1001, 1001, 1001, 1500, 1500, 1500, 1500]
[1500, 1500, 988, 1500, 988, 988, 988, 988, 1001, 1001, 1001, 1001, 1500, 1500, 1500, 1500]
[1499, 1500, 988, 1500, 988, 988, 988, 988, 1001, 1001, 1001, 1001, 1500, 1500, 1500, 1500]
[1499, 1500, 988, 1500, 988, 988, 988, 988, 1001, 1001, 1001, 1001, 1500, 1500, 1500, 1500]
[1499, 1500, 988, 1500, 988, 988, 988, 988, 1001, 1001, 1001, 1001, 1500, 1500, 1500, 1500]
[1500, 1500, 988, 1500, 988, 988, 988, 988, 1001, 1001, 1001, 1001, 1500, 1500, 1500, 1500]
[1500, 1500, 988, 1500, 988, 988, 988, 988, 1001, 1001, 1001, 1001, 1500, 1500, 1500, 1500]
[1500, 1500, 988, 1500, 988, 988, 988, 988, 1001, 1001, 1001, 1001, 1500, 1500, 1500, 1500]
[1500, 1500, 988, 1500, 988, 988, 988, 988, 1001, 1001, 1001, 1001, 1500, 1500, 1500, 1500]
12:56:06.765924 ALT: 1.47
12:56:06.766055 ATT: [0.0, 0.9, 114]
12:56:06.766509 ACC: [-8, 1, 515]
[1500, 1500, 988, 1499, 988, 988, 988, 988, 1001, 1001, 1001, 1001, 1500, 1500, 1500, 1500]
[1500, 1500, 988, 1499, 988, 988, 988, 988, 1001, 1001, 1001, 1001, 1500, 1500, 1500, 1500]
[1499, 1500, 988, 1499, 988, 988, 988, 988, 1001, 1001, 1001, 1001, 1500, 1500, 1500, 1500]
[1499, 1500, 988, 1500, 988, 989, 986, 988, 1001, 1001, 1001, 1001, 1500, 1500, 1500, 1500]
[1499, 1500, 988, 1500, 988, 989, 986, 988, 1001, 1001, 1001, 1001, 1500, 1500, 1500, 1500]
[1500, 1500, 988, 1500, 988, 989, 986, 988, 1001, 1001, 1001, 1001, 1500, 1500, 1500, 1500]
[1500, 1499, 988, 1500, 988, 988, 988, 988, 1001, 1001, 1001, 1001, 1500, 1500, 1500, 1500]
12:56:06.810848 ALT: 1.47
12:56:06.810955 ATT: [0.0, 0.9, 114]
12:56:06.811249 ACC: [-7, 0, 515]
[1500, 1499, 988, 1500, 988, 988, 988, 988, 1001, 1001, 1001, 1001, 1500, 1500, 1500, 1500]
[1499, 1499, 988, 1500, 988, 988, 988, 988, 1001, 1001, 1001, 1001, 1500, 1500, 1500, 1500]
[1499, 1500, 988, 1500, 988, 988, 988, 988, 1001, 1001, 1001, 1001, 1500, 1500, 1500, 1500]
[1499, 1500, 988, 1500, 988, 988, 988, 988, 1001, 1001, 1001, 1001, 1500, 1500, 1500, 1500]
[1500, 1500, 988, 1500, 988, 988, 988, 988, 1001, 1001, 1001, 1001, 1500, 1500, 1500, 1500]
[1500, 1500, 988, 1500, 988, 988, 988, 988, 1001, 1001, 1001, 1001, 1500, 1500, 1500, 1500]
[1500, 1500, 988, 1500, 988, 988, 988, 988, 1001, 1001, 1001, 1001, 1500, 1500, 1500, 1500]
[1501, 1500, 988, 1500, 988, 988, 988, 988, 1001, 1001, 1001, 1001, 1500, 1500, 1500, 1500]
[1501, 1497, 988, 1499, 988, 988, 988, 988, 1001, 1001, 1001, 1001, 1500, 1500, 1500, 1500]
12:56:06.874956 ALT: 1.47
12:56:06.875089 ATT: [0.0, 0.9, 114]
12:56:06.875550 ACC: [-8, 1, 516]
[1501, 1497, 988, 1499, 988, 988, 988, 988, 1001, 1001, 1001, 1001, 1500, 1500, 1500, 1500]
[1499, 1497, 988, 1499, 988, 988, 988, 988, 1001, 1001, 1001, 1001, 1500, 1500, 1500, 1500]
[1499, 1500, 989, 1497, 988, 988, 988, 988, 1001, 1001, 1001, 1001, 1500, 1500, 1500, 1500]
[1499, 1500, 989, 1497, 988, 988, 988, 988, 1001, 1001, 1001, 1001, 1500, 1500, 1500, 1500]
[1499, 1500, 989, 1497, 988, 988, 988, 988, 1001, 1001, 1001, 1001, 1500, 1500, 1500, 1500]
[1499, 1500, 988, 1500, 988, 988, 988, 988, 1001, 1001, 1001, 1001, 1500, 1500, 1500, 1500]
[1499, 1500, 988, 1500, 988, 988, 988, 988, 1001, 1001, 1001, 1001, 1500, 1500, 1500, 1500]
12:56:06.921218 ALT: 1.47
12:56:06.921798 ATT: [0.0, 0.8, 114]
12:56:06.922653 ACC: [-7, 1, 515]
[1499, 1500, 988, 1500, 988, 988, 988, 988, 1001, 1001, 1001, 1001, 1500, 1500, 1500, 1500]
[1499, 1500, 988, 1500, 988, 988, 988, 988, 1001, 1001, 1001, 1001, 1500, 1500, 1500, 1500]
[1499, 1500, 988, 1500, 988, 988, 988, 988, 1001, 1001, 1001, 1001, 1500, 1500, 1500, 1500]
[1499, 1500, 988, 1500, 988, 988, 988, 988, 1001, 1001, 1001, 1001, 1500, 1500, 1500, 1500]
[1499, 1500, 988, 1500, 988, 988, 989, 988, 1001, 1001, 1001, 1001, 1500, 1500, 1500, 1500]
[1499, 1500, 988, 1500, 988, 988, 989, 986, 1001, 1001, 1001, 1001, 1500, 1500, 1500, 1500]
[1500, 1500, 988, 1500, 988, 988, 989, 986, 1001, 1001, 1001, 1001, 1500, 1500, 1500, 1500]
12:56:06.968675 ALT: 1.47
12:56:06.968998 ATT: [0.0, 0.9, 114]
12:56:06.969635 ACC: [-7, 1, 515]
[1500, 1500, 986, 1500, 988, 988, 988, 986, 1001, 1001, 1001, 1001, 1500, 1500, 1500, 1500]
[1500, 1500, 986, 1500, 988, 988, 988, 988, 1001, 1001, 1001, 1001, 1500, 1500, 1500, 1500]
[1500, 1500, 986, 1500, 988, 988, 988, 988, 1001, 1001, 1001, 1001, 1500, 1500, 1500, 1500]
[1500, 1500, 988, 1500, 988, 988, 988, 988, 1001, 1001, 1001, 1001, 1500, 1500, 1500, 1500]
[1500, 1500, 988, 1500, 988, 988, 988, 988, 1001, 1001, 1001, 1001, 1500, 1500, 1500, 1500]
[1500, 1500, 988, 1500, 988, 988, 988, 988, 1001, 1001, 1001, 1001, 1500, 1500, 1500, 1500]
[1500, 1500, 988, 1500, 988, 988, 988, 988, 1001, 1001, 1001, 1001, 1500, 1500, 1500, 1500]
[1500, 1500, 988, 1500, 988, 988, 988, 988, 1001, 1001, 1001, 1001, 1500, 1500, 1500, 1500]
12:56:07.019167 ALT: 1.47
12:56:07.019272 ATT: [0.0, 0.9, 114]
12:56:07.019875 ACC: [-7, 0, 515]
[1500, 1500, 988, 1500, 988, 988, 988, 988, 1001, 1001, 1001, 1001, 1500, 1500, 1500, 1500]
[1500, 1500, 988, 1500, 988, 988, 988, 988, 1001, 1001, 1001, 1001, 1500, 1500, 1500, 1500]
[1500, 1500, 988, 1500, 988, 988, 988, 988, 1001, 1001, 1001, 1001, 1500, 1500, 1500, 1500]
[1500, 1500, 988, 1500, 988, 988, 988, 988, 1001, 1001, 1001, 1001, 1500, 1500, 1500, 1500]
[1500, 1500, 988, 1500, 988, 988, 988, 988, 1001, 1001, 1001, 1001, 1500, 1500, 1500, 1500]
[1500, 1500, 988, 1500, 988, 988, 988, 988, 1001, 1001, 1001, 1001, 1500, 1500, 1500, 1500]
[1500, 1500, 988, 1500, 988, 988, 988, 988, 1001, 1001, 1001, 1001, 1500, 1500, 1500, 1500]
12:56:07.067262 ALT: 1.47
12:56:07.067369 ATT: [0.0, 0.9, 114]
12:56:07.067722 ACC: [-8, 0, 515]
[1500, 1500, 988, 1500, 988, 986, 988, 988, 1001, 1001, 1001, 1001, 1500, 1500, 1500, 1500]
[1500, 1500, 988, 1500, 988, 986, 988, 988, 1001, 1001, 1001, 1001, 1500, 1500, 1500, 1500]
[1499, 1500, 988, 1500, 988, 986, 988, 988, 1001, 1001, 1001, 1001, 1500, 1500, 1500, 1500]
[1499, 1500, 988, 1500, 986, 988, 988, 988, 1001, 1001, 1001, 1001, 1500, 1500, 1500, 1500]
[1499, 1500, 988, 1500, 986, 988, 988, 988, 1001, 1001, 1001, 1001, 1500, 1500, 1500, 1500]
[1500, 1500, 988, 1500, 986, 988, 988, 988, 1001, 1001, 1001, 1001, 1500, 1500, 1500, 1500]
[1500, 1500, 988, 1500, 988, 988, 988, 988, 1001, 1001, 1001, 1001, 1500, 1500, 1500, 1500]
12:56:07.114106 ALT: 1.47
12:56:07.114225 ATT: [0.0, 0.9, 114]
12:56:07.114517 ACC: [-8, 1, 515]
[1500, 1500, 988, 1500, 988, 988, 988, 988, 1001, 1001, 1001, 1001, 1500, 1500, 1500, 1500]
[1500, 1500, 988, 1500, 988, 988, 988, 988, 1001, 1001, 1001, 1001, 1500, 1500, 1500, 1500]
[1500, 1500, 988, 1500, 988, 988, 988, 988, 1001, 1001, 1001, 1001, 1500, 1500, 1500, 1500]
[1500, 1500, 988, 1500, 988, 988, 988, 988, 1001, 1001, 1001, 1001, 1500, 1500, 1500, 1500]
[1500, 1500, 988, 1500, 988, 988, 988, 988, 1001, 1001, 1001, 1001, 1500, 1500, 1500, 1500]
[1500, 1499, 988, 1500, 988, 988, 988, 988, 1001, 1001, 1001, 1001, 1500, 1500, 1500, 1500]
12:56:07.161445 ALT: 1.47
12:56:07.161552 ATT: [0.0, 0.9, 114]
12:56:07.161935 ACC: [-8, 1, 516]
[1500, 1499, 988, 1500, 988, 988, 988, 988, 1001, 1001, 1001, 1001, 1500, 1500, 1500, 1500]
[1500, 1499, 988, 1500, 988, 988, 988, 988, 1001, 1001, 1001, 1001, 1500, 1500, 1500, 1500]
[1500, 1500, 988, 1499, 988, 988, 988, 988, 1001, 1001, 1001, 1001, 1500, 1500, 1500, 1500]
[1500, 1500, 988, 1499, 988, 988, 988, 988, 1001, 1001, 1001, 1001, 1500, 1500, 1500, 1500]
[1500, 1500, 988, 1499, 988, 988, 988, 988, 1001, 1001, 1001, 1001, 1500, 1500, 1500, 1500]
[1500, 1500, 988, 1500, 988, 988, 986, 988, 1001, 1001, 1001, 1001, 1500, 1500, 1500, 1500]
[1500, 1500, 988, 1500, 988, 988, 986, 988, 1001, 1001, 1001, 1001, 1500, 1500, 1500, 1500]
[1499, 1500, 988, 1500, 988, 988, 986, 988, 1001, 1001, 1001, 1001, 1500, 1500, 1500, 1500]
[1499, 1500, 988, 1500, 988, 988, 988, 988, 1001, 1001, 1001, 1001, 1500, 1500, 1500, 1500]
12:56:07.210690 ALT: 1.47
12:56:07.210790 ATT: [0.0, 0.9, 114]
12:56:07.211090 ACC: [-7, 1, 516]
[1499, 1500, 988, 1500, 988, 988, 988, 988, 1001, 1001, 1001, 1001, 1500, 1500, 1500, 1500]
[1500, 1500, 988, 1500, 988, 988, 988, 988, 1001, 1001, 1001, 1001, 1500, 1500, 1500, 1500]
[1500, 1499, 988, 1500, 988, 988, 988, 988, 1001, 1001, 1001, 1001, 1500, 1500, 1500, 1500]
[1500, 1499, 988, 1500, 988, 988, 988, 989, 1001, 1001, 1001, 1001, 1500, 1500, 1500, 1500]
[1500, 1499, 988, 1500, 988, 988, 988, 989, 1001, 1001, 1001, 1001, 1500, 1500, 1500, 1500]
[1500, 1500, 988, 1499, 988, 988, 988, 989, 1001, 1001, 1001, 1001, 1500, 1500, 1500, 1500]
[1500, 1500, 988, 1499, 988, 988, 988, 988, 1001, 1001, 1001, 1001, 1500, 1500, 1500, 1500]
12:56:07.257378 ALT: 1.47
12:56:07.257481 ATT: [0.0, 0.9, 114]
12:56:07.257801 ACC: [-8, 0, 516]
[1500, 1500, 988, 1499, 988, 988, 988, 988, 1001, 1001, 1001, 1001, 1500, 1500, 1500, 1500]
[1500, 1500, 988, 1500, 988, 988, 988, 988, 1001, 1001, 1001, 1001, 1500, 1500, 1500, 1500]
[1500, 1500, 988, 1500, 988, 988, 988, 988, 1001, 1001, 1001, 1001, 1500, 1500, 1500, 1500]
[1500, 1500, 988, 1500, 988, 988, 988, 988, 1001, 1001, 1001, 1001, 1500, 1500, 1500, 1500]
[1500, 1500, 988, 1500, 988, 988, 988, 988, 1001, 1001, 1001, 1001, 1500, 1500, 1500, 1500]
[1500, 1500, 988, 1500, 988, 988, 988, 988, 1001, 1001, 1001, 1001, 1500, 1500, 1500, 1500]
12:56:07.306163 ALT: 1.47
12:56:07.306315 ATT: [0.0, 0.9, 114]
12:56:07.306788 ACC: [-8, 1, 515]
[1500, 1500, 988, 1500, 988, 988, 988, 988, 1001, 1001, 1001, 1001, 1500, 1500, 1500, 1500]
[1500, 1500, 988, 1500, 988, 988, 988, 988, 1001, 1001, 1001, 1001, 1500, 1500, 1500, 1500]
[1500, 1500, 988, 1500, 988, 988, 988, 988, 1001, 1001, 1001, 1001, 1500, 1500, 1500, 1500]
[1499, 1500, 988, 1500, 988, 988, 988, 988, 1001, 1001, 1001, 1001, 1500, 1500, 1500, 1500]
[1499, 1500, 988, 1500, 988, 988, 988, 988, 1001, 1001, 1001, 1001, 1500, 1500, 1500, 1500]
[1499, 1500, 988, 1500, 988, 988, 988, 988, 1001, 1001, 1001, 1001, 1500, 1500, 1500, 1500]
[1500, 1500, 988, 1500, 988, 988, 988, 988, 1001, 1001, 1001, 1001, 1500, 1500, 1500, 1500]
[1500, 1500, 988, 1500, 988, 988, 988, 988, 1001, 1001, 1001, 1001, 1500, 1500, 1500, 1500]
12:56:07.352872 ALT: 1.47
12:56:07.352995 ATT: [0.0, 0.9, 114]
12:56:07.353385 ACC: [-7, 1, 515]
[1500, 1500, 988, 1500, 988, 988, 988, 988, 1001, 1001, 1001, 1001, 1500, 1500, 1500, 1500]
[1500, 1500, 988, 1500, 988, 988, 988, 988, 1001, 1001, 1001, 1001, 1500, 1500, 1500, 1500]
[1500, 1500, 988, 1500, 988, 988, 988, 988, 1001, 1001, 1001, 1001, 1500, 1500, 1500, 1500]
[1500, 1500, 988, 1500, 988, 988, 988, 988, 1001, 1001, 1001, 1001, 1500, 1500, 1500, 1500]
[1500, 1500, 988, 1500, 988, 988, 988, 988, 1001, 1001, 1001, 1001, 1500, 1500, 1500, 1500]
[1500, 1500, 988, 1500, 988, 988, 988, 988, 1001, 1001, 1001, 1001, 1500, 1500, 1500, 1500]
[1500, 1500, 988, 1500, 988, 988, 988, 988, 1001, 1001, 1001, 1001, 1500, 1500, 1500, 1500]
12:56:07.401134 ALT: 1.47
12:56:07.401383 ATT: [0.0, 0.9, 114]
12:56:07.401794 ACC: [-7, 1, 515]
[1500, 1500, 988, 1500, 988, 988, 988, 988, 1001, 1001, 1001, 1001, 1500, 1500, 1500, 1500]
[1500, 1500, 988, 1499, 988, 988, 988, 988, 1001, 1001, 1001, 1001, 1500, 1500, 1500, 1500]
[1500, 1500, 988, 1499, 988, 988, 988, 988, 1001, 1001, 1001, 1001, 1500, 1500, 1500, 1500]
[1499, 1500, 988, 1499, 988, 988, 988, 988, 1001, 1001, 1001, 1001, 1500, 1500, 1500, 1500]
[1499, 1500, 988, 1500, 988, 988, 988, 988, 1001, 1001, 1001, 1001, 1500, 1500, 1500, 1500]
[1499, 1500, 988, 1500, 988, 988, 988, 988, 1001, 1001, 1001, 1001, 1500, 1500, 1500, 1500]
[1500, 1500, 988, 1500, 988, 988, 988, 988, 1001, 1001, 1001, 1001, 1500, 1500, 1500, 1500]
[1500, 1500, 988, 1500, 988, 988, 988, 988, 1001, 1001, 1001, 1001, 1500, 1500, 1500, 1500]
12:56:07.449107 ALT: 1.47
12:56:07.449221 ATT: [0.1, 0.9, 114]
12:56:07.449631 ACC: [-7, 1, 516]
[1500, 1500, 988, 1500, 988, 988, 988, 988, 1001, 1001, 1001, 1001, 1500, 1500, 1500, 1500]
[1500, 1500, 988, 1500, 988, 988, 988, 988, 1001, 1001, 1001, 1001, 1500, 1500, 1500, 1500]
[1500, 1500, 988, 1499, 988, 988, 988, 988, 1001, 1001, 1001, 1001, 1500, 1500, 1500, 1500]
[1500, 1500, 988, 1499, 988, 988, 988, 988, 1001, 1001, 1001, 1001, 1500, 1500, 1500, 1500]
[1499, 1500, 988, 1499, 988, 988, 988, 988, 1001, 1001, 1001, 1001, 1500, 1500, 1500, 1500]
[1499, 1500, 988, 1500, 988, 988, 988, 988, 1001, 1001, 1001, 1001, 1500, 1500, 1500, 1500]
[1499, 1500, 988, 1500, 988, 988, 988, 988, 1001, 1001, 1001, 1001, 1500, 1500, 1500, 1500]
12:56:07.496706 ALT: 1.47
12:56:07.496803 ATT: [0.0, 0.9, 114]
12:56:07.497122 ACC: [-8, 1, 515]
[1500, 1500, 988, 1500, 988, 988, 988, 988, 1001, 1001, 1001, 1001, 1500, 1500, 1500, 1500]
[1500, 1500, 988, 1500, 988, 988, 988, 988, 1001, 1001, 1001, 1001, 1500, 1500, 1500, 1500]
[1500, 1500, 988, 1500, 988, 988, 988, 988, 1001, 1001, 1001, 1001, 1500, 1500, 1500, 1500]
[1499, 1500, 988, 1500, 988, 988, 988, 988, 1001, 1001, 1001, 1001, 1500, 1500, 1500, 1500]
[1499, 1499, 988, 1500, 988, 988, 988, 988, 1001, 1001, 1001, 1001, 1500, 1500, 1500, 1500]
[1499, 1499, 988, 1500, 988, 988, 988, 988, 1001, 1001, 1001, 1001, 1500, 1500, 1500, 1500]
[1500, 1499, 988, 1500, 988, 988, 988, 988, 1001, 1001, 1001, 1001, 1500, 1500, 1500, 1500]
[1500, 1500, 988, 1499, 988, 988, 988, 988, 1001, 1001, 1001, 1001, 1500, 1500, 1500, 1500]
[1500, 1500, 988, 1499, 988, 988, 988, 988, 1001, 1001, 1001, 1001, 1500, 1500, 1500, 1500]
12:56:07.561464 ALT: 1.47
12:56:07.562206 ATT: [0.0, 0.9, 114]
12:56:07.562892 ACC: [-7, 1, 516]
[1500, 1500, 988, 1499, 988, 988, 988, 988, 1001, 1001, 1001, 1001, 1500, 1500, 1500, 1500]
[1500, 1500, 988, 1500, 988, 988, 988, 988, 1001, 1001, 1001, 1001, 1500, 1500, 1500, 1500]
[1500, 1500, 988, 1500, 988, 988, 988, 988, 1001, 1001, 1001, 1001, 1500, 1500, 1500, 1500]
[1500, 1500, 988, 1500, 988, 988, 988, 988, 1001, 1001, 1001, 1001, 1500, 1500, 1500, 1500]
[1500, 1500, 988, 1500, 988, 988, 988, 988, 1001, 1001, 1001, 1001, 1500, 1500, 1500, 1500]
[1500, 1500, 988, 1500, 988, 988, 988, 988, 1001, 1001, 1001, 1001, 1500, 1500, 1500, 1500]
[1500, 1500, 988, 1500, 988, 988, 988, 988, 1001, 1001, 1001, 1001, 1500, 1500, 1500, 1500]
[1500, 1500, 988, 1500, 988, 988, 988, 988, 1001, 1001, 1001, 1001, 1500, 1500, 1500, 1500]
12:56:07.609435 ALT: 1.47
12:56:07.609527 ATT: [0.0, 0.9, 114]
12:56:07.609787 ACC: [-7, 1, 515]
[1500, 1500, 988, 1500, 988, 988, 988, 988, 1001, 1001, 1001, 1001, 1500, 1500, 1500, 1500]
[1499, 1500, 988, 1500, 988, 988, 988, 988, 1001, 1001, 1001, 1001, 1500, 1500, 1500, 1500]
[1499, 1500, 988, 1500, 988, 988, 988, 988, 1001, 1001, 1001, 1001, 1500, 1500, 1500, 1500]
[1499, 1500, 988, 1500, 988, 988, 988, 988, 1001, 1001, 1001, 1001, 1500, 1500, 1500, 1500]
[1499, 1500, 988, 1500, 988, 988, 988, 988, 1001, 1001, 1001, 1001, 1500, 1500, 1500, 1500]
[1499, 1500, 988, 1500, 988, 988, 988, 988, 1001, 1001, 1001, 1001, 1500, 1500, 1500, 1500]
[1499, 1500, 988, 1500, 988, 988, 988, 988, 1001, 1001, 1001, 1001, 1500, 1500, 1500, 1500]
12:56:07.663171 ALT: 1.47
12:56:07.663382 ATT: [0.0, 0.9, 114]
12:56:07.663962 ACC: [-8, 1, 515]
[1500, 1500, 988, 1500, 988, 988, 988, 988, 1001, 1001, 1001, 1001, 1500, 1500, 1500, 1500]
[1500, 1499, 988, 1499, 988, 988, 988, 988, 1001, 1001, 1001, 1001, 1500, 1500, 1500, 1500]
[1500, 1499, 988, 1499, 988, 988, 988, 988, 1001, 1001, 1001, 1001, 1500, 1500, 1500, 1500]
[1500, 1499, 988, 1499, 988, 988, 988, 988, 1001, 1001, 1001, 1001, 1500, 1500, 1500, 1500]
[1500, 1500, 988, 1500, 988, 988, 988, 988, 1001, 1001, 1001, 1001, 1500, 1500, 1500, 1500]
[1500, 1500, 988, 1500, 988, 988, 988, 988, 1001, 1001, 1001, 1001, 1500, 1500, 1500, 1500]
12:56:07.711735 ALT: 1.47
12:56:07.711884 ATT: [0.0, 0.9, 114]
12:56:07.712246 ACC: [-7, 1, 516]
[1500, 1500, 988, 1500, 988, 988, 988, 988, 1001, 1001, 1001, 1001, 1500, 1500, 1500, 1500]
[1500, 1500, 988, 1500, 988, 988, 988, 988, 1001, 1001, 1001, 1001, 1500, 1500, 1500, 1500]
[1500, 1500, 988, 1500, 988, 988, 988, 988, 1001, 1001, 1001, 1001, 1500, 1500, 1500, 1500]
[1497, 1500, 988, 1500, 988, 988, 988, 988, 1001, 1001, 1001, 1001, 1500, 1500, 1500, 1500]
[1497, 1500, 988, 1499, 988, 988, 988, 988, 1001, 1001, 1001, 1001, 1500, 1500, 1500, 1500]
[1497, 1500, 988, 1499, 988, 988, 988, 988, 1001, 1001, 1001, 1001, 1500, 1500, 1500, 1500]
[1500, 1500, 988, 1499, 988, 988, 988, 988, 1001, 1001, 1001, 1001, 1500, 1500, 1500, 1500]
[1500, 1500, 988, 1500, 988, 988, 988, 988, 1001, 1001, 1001, 1001, 1500, 1500, 1500, 1500]
12:56:07.760376 ALT: 1.47
12:56:07.760553 ATT: [0.0, 0.9, 114]
12:56:07.761016 ACC: [-8, 1, 515]
[1500, 1500, 988, 1500, 988, 988, 988, 988, 1001, 1001, 1001, 1001, 1500, 1500, 1500, 1500]
[1500, 1500, 988, 1500, 988, 988, 988, 988, 1001, 1001, 1001, 1001, 1500, 1500, 1500, 1500]
[1500, 1500, 988, 1500, 988, 988, 988, 988, 1001, 1001, 1001, 1001, 1500, 1500, 1500, 1500]
[1500, 1500, 988, 1500, 988, 988, 988, 988, 1001, 1001, 1001, 1001, 1500, 1500, 1500, 1500]
[1500, 1500, 988, 1500, 988, 988, 988, 988, 1001, 1001, 1001, 1001, 1500, 1500, 1500, 1500]
[1500, 1500, 988, 1500, 988, 988, 988, 988, 1001, 1001, 1001, 1001, 1500, 1500, 1500, 1500]
[1500, 1500, 988, 1500, 988, 988, 988, 988, 1001, 1001, 1001, 1001, 1500, 1500, 1500, 1500]
[1499, 1500, 988, 1500, 988, 988, 988, 988, 1001, 1001, 1001, 1001, 1500, 1500, 1500, 1500]
[1499, 1500, 988, 1500, 988, 988, 988, 988, 1001, 1001, 1001, 1001, 1500, 1500, 1500, 1500]
12:56:07.812761 ALT: 1.47
12:56:07.812868 ATT: [0.0, 0.9, 114]
12:56:07.813214 ACC: [-7, 1, 515]
[1499, 1500, 988, 1500, 988, 988, 988, 988, 1001, 1001, 1001, 1001, 1500, 1500, 1500, 1500]
[1499, 1500, 988, 1500, 988, 988, 988, 988, 1001, 1001, 1001, 1001, 1500, 1500, 1500, 1500]
[1499, 1499, 988, 1500, 988, 989, 986, 988, 1001, 1001, 1001, 1001, 1500, 1500, 1500, 1500]
[1499, 1499, 988, 1500, 988, 989, 986, 988, 1001, 1001, 1001, 1001, 1500, 1500, 1500, 1500]
[1500, 1499, 988, 1500, 988, 989, 986, 988, 1001, 1001, 1001, 1001, 1500, 1500, 1500, 1500]
[1500, 1500, 988, 1500, 988, 988, 989, 988, 1001, 1001, 1001, 1001, 1500, 1500, 1500, 1500]
[1500, 1500, 988, 1500, 988, 988, 989, 986, 1001, 1001, 1001, 1001, 1500, 1500, 1500, 1500]
[1500, 1500, 988, 1500, 988, 988, 989, 986, 1001, 1001, 1001, 1001, 1500, 1500, 1500, 1500]
12:56:07.881810 ALT: 1.47
12:56:07.881915 ATT: [0.0, 0.9, 113]
12:56:07.882202 ACC: [-7, 0, 515]
[1500, 1500, 988, 1499, 988, 988, 988, 986, 1001, 1001, 1001, 1001, 1500, 1500, 1500, 1500]
[1500, 1500, 988, 1499, 988, 988, 988, 988, 1001, 1001, 1001, 1001, 1500, 1500, 1500, 1500]
[1500, 1500, 988, 1499, 988, 988, 988, 988, 1001, 1001, 1001, 1001, 1500, 1500, 1500, 1500]
[1500, 1500, 988, 1500, 988, 988, 988, 988, 1001, 1001, 1001, 1001, 1500, 1500, 1500, 1500]
[1500, 1500, 988, 1500, 988, 988, 988, 988, 1001, 1001, 1001, 1001, 1500, 1500, 1500, 1500]
[1500, 1500, 988, 1500, 988, 988, 988, 988, 1001, 1001, 1001, 1001, 1500, 1500, 1500, 1500]
[1500, 1500, 988, 1500, 988, 988, 988, 988, 1001, 1001, 1001, 1001, 1500, 1500, 1500, 1500]
[1500, 1500, 988, 1500, 988, 988, 988, 988, 1001, 1001, 1001, 1001, 1500, 1500, 1500, 1500]
[1499, 1500, 988, 1500, 988, 988, 988, 988, 1001, 1001, 1001, 1001, 1500, 1500, 1500, 1500]
12:56:07.930526 ALT: 1.47
12:56:07.930646 ATT: [0.0, 0.8, 113]
12:56:07.930986 ACC: [-7, 1, 515]
[1499, 1500, 988, 1500, 988, 988, 988, 988, 1001, 1001, 1001, 1001, 1500, 1500, 1500, 1500]
[1499, 1500, 988, 1500, 988, 988, 988, 988, 1001, 1001, 1001, 1001, 1500, 1500, 1500, 1500]
[1500, 1500, 988, 1500, 988, 988, 988, 988, 1001, 1001, 1001, 1001, 1500, 1500, 1500, 1500]
[1500, 1500, 988, 1500, 988, 988, 988, 988, 1001, 1001, 1001, 1001, 1500, 1500, 1500, 1500]
[1500, 1500, 988, 1500, 988, 988, 988, 988, 1001, 1001, 1001, 1001, 1500, 1500, 1500, 1500]
[1500, 1500, 988, 1500, 988, 988, 988, 988, 1001, 1001, 1001, 1001, 1500, 1500, 1500, 1500]
[1500, 1500, 988, 1500, 988, 988, 988, 988, 1001, 1001, 1001, 1001, 1500, 1500, 1500, 1500]
[1500, 1500, 988, 1500, 988, 988, 988, 988, 1001, 1001, 1001, 1001, 1500, 1500, 1500, 1500]
12:56:07.993658 ALT: 1.47
12:56:07.994230 ATT: [0.1, 0.9, 113]
12:56:07.997590 ACC: [-8, 1, 516]
[1500, 1500, 988, 1500, 988, 988, 988, 988, 1001, 1001, 1001, 1001, 1500, 1500, 1500, 1500]
[1500, 1500, 988, 1500, 988, 988, 988, 988, 1001, 1001, 1001, 1001, 1500, 1500, 1500, 1500]
[1500, 1500, 988, 1500, 988, 988, 988, 988, 1001, 1001, 1001, 1001, 1500, 1500, 1500, 1500]
[1500, 1500, 988, 1500, 988, 988, 988, 988, 1001, 1001, 1001, 1001, 1500, 1500, 1500, 1500]
[1500, 1500, 988, 1500, 988, 988, 988, 988, 1001, 1001, 1001, 1001, 1500, 1500, 1500, 1500]
[1500, 1500, 988, 1500, 988, 988, 988, 988, 1001, 1001, 1001, 1001, 1500, 1500, 1500, 1500]
[1500, 1500, 988, 1500, 988, 988, 988, 988, 1001, 1001, 1001, 1001, 1500, 1500, 1500, 1500]
[1500, 1500, 988, 1500, 988, 988, 988, 988, 1001, 1001, 1001, 1001, 1500, 1500, 1500, 1500]
[1500, 1500, 988, 1500, 988, 988, 988, 988, 1001, 1001, 1001, 1001, 1500, 1500, 1500, 1500]
12:56:08.041234 ALT: 1.47
12:56:08.041437 ATT: [0.1, 0.9, 113]
12:56:08.041899 ACC: [-7, 1, 516]
[1500, 1500, 988, 1500, 988, 988, 988, 988, 1001, 1001, 1001, 1001, 1500, 1500, 1500, 1500]
[1500, 1500, 988, 1500, 988, 988, 988, 988, 1001, 1001, 1001, 1001, 1500, 1500, 1500, 1500]
[1500, 1500, 988, 1500, 988, 988, 988, 988, 1001, 1001, 1001, 1001, 1500, 1500, 1500, 1500]
[1501, 1500, 988, 1500, 988, 988, 988, 988, 1001, 1001, 1001, 1001, 1500, 1500, 1500, 1500]
[1501, 1497, 988, 1499, 988, 988, 988, 988, 1001, 1001, 1001, 1001, 1500, 1500, 1500, 1500]
[1501, 1497, 988, 1499, 988, 988, 988, 988, 1001, 1001, 1001, 1001, 1500, 1500, 1500, 1500]
[1500, 1497, 988, 1499, 988, 988, 988, 988, 1001, 1001, 1001, 1001, 1500, 1500, 1500, 1500]
12:56:08.091622 ALT: 1.47
12:56:08.092303 ATT: [0.1, 0.8, 113]
12:56:08.094406 ACC: [-7, 1, 515]
[1500, 1500, 988, 1500, 988, 989, 986, 988, 1001, 1001, 1001, 1001, 1500, 1500, 1500, 1500]
[1500, 1500, 988, 1500, 988, 989, 986, 989, 1001, 1001, 1001, 1001, 1500, 1500, 1500, 1500]
[1499, 1500, 988, 1500, 988, 989, 986, 989, 1001, 1001, 1001, 1001, 1500, 1500, 1500, 1500]
[1499, 1500, 988, 1500, 988, 988, 988, 989, 1001, 1001, 1001, 1001, 1500, 1500, 1500, 1500]
[1499, 1500, 988, 1500, 988, 988, 988, 988, 1001, 1001, 1001, 1001, 1500, 1500, 1500, 1500]
[1499, 1500, 988, 1500, 988, 988, 988, 988, 1001, 1001, 1001, 1001, 1500, 1500, 1500, 1500]
[1499, 1500, 988, 1499, 988, 988, 988, 988, 1001, 1001, 1001, 1001, 1500, 1500, 1500, 1500]
[1499, 1500, 988, 1499, 988, 988, 988, 988, 1001, 1001, 1001, 1001, 1500, 1500, 1500, 1500]
[1500, 1500, 988, 1499, 988, 988, 988, 988, 1001, 1001, 1001, 1001, 1500, 1500, 1500, 1500]
[1500, 1500, 988, 1500, 988, 988, 988, 988, 1001, 1001, 1001, 1001, 1500, 1500, 1500, 1500]
12:56:08.153072 ALT: 1.47
12:56:08.153240 ATT: [0.1, 0.8, 113]
12:56:08.153785 ACC: [-8, 1, 516]
[1500, 1500, 988, 1500, 988, 988, 988, 988, 1001, 1001, 1001, 1001, 1500, 1500, 1500, 1500]
[1500, 1500, 988, 1500, 988, 988, 988, 988, 1001, 1001, 1001, 1001, 1500, 1500, 1500, 1500]
[1500, 1500, 988, 1500, 988, 988, 988, 988, 1001, 1001, 1001, 1001, 1500, 1500, 1500, 1500]
[1500, 1500, 988, 1500, 988, 988, 988, 988, 1001, 1001, 1001, 1001, 1500, 1500, 1500, 1500]
[1500, 1500, 988, 1500, 988, 988, 988, 988, 1001, 1001, 1001, 1001, 1500, 1500, 1500, 1500]
[1500, 1500, 988, 1500, 988, 988, 988, 988, 1001, 1001, 1001, 1001, 1500, 1500, 1500, 1500]
[1500, 1500, 988, 1500, 988, 988, 988, 988, 1001, 1001, 1001, 1001, 1500, 1500, 1500, 1500]
[1500, 1500, 988, 1500, 988, 988, 988, 988, 1001, 1001, 1001, 1001, 1500, 1500, 1500, 1500]
[1500, 1500, 988, 1500, 988, 988, 988, 988, 1001, 1001, 1001, 1001, 1500, 1500, 1500, 1500]
[1500, 1500, 988, 1500, 988, 988, 988, 988, 1001, 1001, 1001, 1001, 1500, 1500, 1500, 1500]
12:56:08.218583 ALT: 1.47
12:56:08.218689 ATT: [0.1, 0.9, 113]
12:56:08.219031 ACC: [-8, 1, 516]
[1500, 1500, 988, 1500, 988, 988, 988, 988, 1001, 1001, 1001, 1001, 1500, 1500, 1500, 1500]
[1500, 1500, 988, 1499, 988, 988, 988, 988, 1001, 1001, 1001, 1001, 1500, 1500, 1500, 1500]
[1500, 1500, 988, 1499, 988, 988, 988, 988, 1001, 1001, 1001, 1001, 1500, 1500, 1500, 1500]
[1500, 1500, 988, 1499, 988, 988, 988, 988, 1001, 1001, 1001, 1001, 1500, 1500, 1500, 1500]
[1500, 1499, 988, 1500, 988, 988, 989, 988, 1001, 1001, 1001, 1001, 1500, 1500, 1500, 1500]
[1500, 1499, 988, 1500, 988, 988, 989, 986, 1001, 1001, 1001, 1001, 1500, 1500, 1500, 1500]
12:56:08.268396 ALT: 1.47
12:56:08.268515 ATT: [0.1, 0.9, 113]
12:56:08.268831 ACC: [-7, 1, 515]
[1500, 1499, 988, 1500, 988, 988, 989, 986, 1001, 1001, 1001, 1001, 1500, 1500, 1500, 1500]
[1500, 1500, 988, 1499, 988, 988, 988, 986, 1001, 1001, 1001, 1001, 1500, 1500, 1500, 1500]
[1500, 1500, 988, 1499, 988, 988, 988, 988, 1001, 1001, 1001, 1001, 1500, 1500, 1500, 1500]
[1500, 1500, 988, 1499, 988, 988, 988, 988, 1001, 1001, 1001, 1001, 1500, 1500, 1500, 1500]
[1500, 1500, 988, 1500, 988, 988, 988, 988, 1001, 1001, 1001, 1001, 1500, 1500, 1500, 1500]
[1500, 1500, 988, 1500, 988, 988, 988, 988, 1001, 1001, 1001, 1001, 1500, 1500, 1500, 1500]
12:56:08.313144 ALT: 1.47
12:56:08.313311 ATT: [0.1, 0.8, 113]
12:56:08.313848 ACC: [-7, 1, 515]
[1500, 1500, 988, 1500, 988, 988, 988, 988, 1001, 1001, 1001, 1001, 1500, 1500, 1500, 1500]
[1500, 1500, 988, 1500, 988, 988, 988, 988, 1001, 1001, 1001, 1001, 1500, 1500, 1500, 1500]
[1500, 1500, 988, 1500, 988, 988, 988, 988, 1001, 1001, 1001, 1001, 1500, 1500, 1500, 1500]
[1500, 1500, 988, 1500, 988, 988, 988, 988, 1001, 1001, 1001, 1001, 1500, 1500, 1500, 1500]
[1500, 1500, 988, 1500, 986, 988, 988, 988, 1001, 1001, 1001, 1001, 1500, 1500, 1500, 1500]
[1500, 1500, 988, 1500, 986, 988, 988, 988, 1001, 1001, 1001, 1001, 1500, 1500, 1500, 1500]
[1500, 1500, 988, 1500, 986, 988, 988, 988, 1001, 1001, 1001, 1001, 1500, 1500, 1500, 1500]
[1500, 1499, 988, 1500, 988, 988, 988, 988, 1001, 1001, 1001, 1001, 1500, 1500, 1500, 1500]
[1500, 1499, 988, 1500, 988, 988, 988, 988, 1001, 1001, 1001, 1001, 1500, 1500, 1500, 1500]
12:56:08.361498 ALT: 1.47
12:56:08.362094 ATT: [0.0, 0.8, 113]
12:56:08.363210 ACC: [-7, 0, 515]
[1500, 1499, 988, 1500, 988, 988, 988, 988, 1001, 1001, 1001, 1001, 1500, 1500, 1500, 1500]
[1500, 1499, 988, 1500, 988, 988, 988, 988, 1001, 1001, 1001, 1001, 1500, 1500, 1500, 1500]
[1500, 1499, 988, 1500, 988, 988, 988, 988, 1001, 1001, 1001, 1001, 1500, 1500, 1500, 1500]
[1500, 1499, 988, 1500, 988, 988, 988, 988, 1001, 1001, 1001, 1001, 1500, 1500, 1500, 1500]
[1500, 1500, 988, 1501, 986, 989, 985, 988, 1001, 1001, 1001, 1001, 1500, 1500, 1500, 1500]
[1500, 1500, 988, 1501, 986, 989, 985, 988, 1001, 1001, 1001, 1001, 1500, 1500, 1500, 1500]
[1500, 1500, 988, 1501, 986, 989, 985, 988, 1001, 1001, 1001, 1001, 1500, 1500, 1500, 1500]
12:56:08.409387 ALT: 1.47
12:56:08.409569 ATT: [0.0, 0.8, 113]
12:56:08.409936 ACC: [-7, 1, 515]
[1500, 1500, 988, 1500, 988, 988, 988, 988, 1001, 1001, 1001, 1001, 1500, 1500, 1500, 1500]
[1500, 1500, 988, 1500, 988, 988, 988, 988, 1001, 1001, 1001, 1001, 1500, 1500, 1500, 1500]
[1500, 1500, 988, 1500, 988, 988, 988, 988, 1001, 1001, 1001, 1001, 1500, 1500, 1500, 1500]
[1500, 1500, 988, 1500, 988, 988, 988, 988, 1001, 1001, 1001, 1001, 1500, 1500, 1500, 1500]
[1500, 1500, 988, 1500, 988, 988, 988, 988, 1001, 1001, 1001, 1001, 1500, 1500, 1500, 1500]
[1500, 1500, 988, 1500, 988, 988, 988, 988, 1001, 1001, 1001, 1001, 1500, 1500, 1500, 1500]
[1500, 1500, 988, 1500, 988, 988, 988, 988, 1001, 1001, 1001, 1001, 1500, 1500, 1500, 1500]
[1500, 1500, 988, 1500, 988, 988, 988, 988, 1001, 1001, 1001, 1001, 1500, 1500, 1500, 1500]
12:56:08.457232 ALT: 1.47
12:56:08.457445 ATT: [0.0, 0.8, 113]
12:56:08.457800 ACC: [-7, 1, 515]
[1500, 1500, 988, 1500, 988, 988, 988, 988, 1001, 1001, 1001, 1001, 1500, 1500, 1500, 1500]
[1500, 1500, 988, 1499, 988, 988, 988, 988, 1001, 1001, 1001, 1001, 1500, 1500, 1500, 1500]
[1500, 1500, 988, 1499, 988, 988, 988, 988, 1001, 1001, 1001, 1001, 1500, 1500, 1500, 1500]
[1500, 1500, 988, 1499, 988, 988, 988, 988, 1001, 1001, 1001, 1001, 1500, 1500, 1500, 1500]
[1500, 1500, 988, 1500, 988, 988, 988, 988, 1001, 1001, 1001, 1001, 1500, 1500, 1500, 1500]
[1500, 1500, 988, 1500, 988, 988, 988, 988, 1001, 1001, 1001, 1001, 1500, 1500, 1500, 1500]
12:56:08.505828 ALT: 1.47
12:56:08.505986 ATT: [0.0, 0.8, 113]
12:56:08.506383 ACC: [-7, 1, 516]
[1500, 1500, 988, 1500, 988, 988, 988, 988, 1001, 1001, 1001, 1001, 1500, 1500, 1500, 1500]
[1500, 1500, 988, 1500, 988, 988, 988, 988, 1001, 1001, 1001, 1001, 1500, 1500, 1500, 1500]
[1500, 1500, 988, 1500, 988, 988, 988, 988, 1001, 1001, 1001, 1001, 1500, 1500, 1500, 1500]
[1500, 1500, 988, 1500, 988, 988, 988, 988, 1001, 1001, 1001, 1001, 1500, 1500, 1500, 1500]
[1500, 1500, 988, 1499, 988, 988, 988, 988, 1001, 1001, 1001, 1001, 1500, 1500, 1500, 1500]
[1500, 1500, 988, 1499, 988, 988, 988, 988, 1001, 1001, 1001, 1001, 1500, 1500, 1500, 1500]
[1500, 1500, 988, 1499, 988, 988, 988, 988, 1001, 1001, 1001, 1001, 1500, 1500, 1500, 1500]
[1500, 1499, 988, 1500, 988, 988, 988, 988, 1001, 1001, 1001, 1001, 1500, 1500, 1500, 1500]
[1500, 1499, 988, 1500, 988, 988, 988, 988, 1001, 1001, 1001, 1001, 1500, 1500, 1500, 1500]
[1500, 1499, 988, 1500, 988, 988, 988, 988, 1001, 1001, 1001, 1001, 1500, 1500, 1500, 1500]
12:56:08.569373 ALT: 1.53
12:56:08.569484 ATT: [0.0, 0.8, 113]
12:56:08.569786 ACC: [-8, 1, 515]
[1500, 1499, 988, 1499, 988, 988, 988, 988, 1001, 1001, 1001, 1001, 1500, 1500, 1500, 1500]
[1500, 1499, 988, 1499, 988, 988, 988, 988, 1001, 1001, 1001, 1001, 1500, 1500, 1500, 1500]
[1500, 1499, 988, 1499, 988, 988, 988, 988, 1001, 1001, 1001, 1001, 1500, 1500, 1500, 1500]
[1500, 1500, 988, 1500, 988, 988, 988, 988, 1001, 1001, 1001, 1001, 1500, 1500, 1500, 1500]
[1500, 1500, 988, 1500, 988, 988, 988, 988, 1001, 1001, 1001, 1001, 1500, 1500, 1500, 1500]
12:56:08.618674 ALT: 1.56
12:56:08.618777 ATT: [0.0, 0.8, 113]
12:56:08.619064 ACC: [-7, 1, 516]
[1500, 1500, 988, 1500, 988, 988, 988, 988, 1001, 1001, 1001, 1001, 1500, 1500, 1500, 1500]
[1500, 1500, 988, 1500, 988, 988, 988, 988, 1001, 1001, 1001, 1001, 1500, 1500, 1500, 1500]
[1500, 1500, 988, 1500, 988, 988, 988, 988, 1001, 1001, 1001, 1001, 1500, 1500, 1500, 1500]
[1500, 1500, 988, 1500, 988, 988, 988, 988, 1001, 1001, 1001, 1001, 1500, 1500, 1500, 1500]
[1500, 1500, 988, 1499, 988, 988, 988, 988, 1001, 1001, 1001, 1001, 1500, 1500, 1500, 1500]
[1500, 1500, 988, 1499, 988, 988, 988, 988, 1001, 1001, 1001, 1001, 1500, 1500, 1500, 1500]
[1500, 1500, 988, 1499, 988, 988, 988, 988, 1001, 1001, 1001, 1001, 1500, 1500, 1500, 1500]
[1500, 1500, 988, 1500, 988, 988, 988, 988, 1001, 1001, 1001, 1001, 1500, 1500, 1500, 1500]
[1500, 1500, 988, 1500, 988, 988, 988, 988, 1001, 1001, 1001, 1001, 1500, 1500, 1500, 1500]
[1499, 1500, 988, 1500, 988, 988, 988, 988, 1001, 1001, 1001, 1001, 1500, 1500, 1500, 1500]
[1499, 1500, 988, 1499, 988, 988, 988, 988, 1001, 1001, 1001, 1001, 1500, 1500, 1500, 1500]
[1499, 1500, 988, 1499, 988, 988, 988, 988, 1001, 1001, 1001, 1001, 1500, 1500, 1500, 1500]
12:56:08.681020 ALT: 1.56
12:56:08.681189 ATT: [0.0, 0.8, 113]
12:56:08.685321 ACC: [-8, 1, 515]
[1499, 1500, 988, 1499, 988, 988, 988, 988, 1001, 1001, 1001, 1001, 1500, 1500, 1500, 1500]
[1499, 1500, 988, 1500, 988, 988, 988, 988, 1001, 1001, 1001, 1001, 1500, 1500, 1500, 1500]
[1499, 1500, 988, 1500, 988, 988, 988, 988, 1001, 1001, 1001, 1001, 1500, 1500, 1500, 1500]
[1500, 1500, 988, 1500, 988, 988, 988, 988, 1001, 1001, 1001, 1001, 1500, 1500, 1500, 1500]
[1500, 1500, 988, 1500, 988, 988, 988, 988, 1001, 1001, 1001, 1001, 1500, 1500, 1500, 1500]
[1500, 1500, 988, 1500, 988, 988, 988, 988, 1001, 1001, 1001, 1001, 1500, 1500, 1500, 1500]
[1500, 1500, 988, 1500, 988, 988, 988, 988, 1001, 1001, 1001, 1001, 1500, 1500, 1500, 1500]
[1500, 1500, 988, 1501, 985, 988, 988, 988, 1001, 1001, 1001, 1001, 1500, 1500, 1500, 1500]
12:56:08.728817 ALT: 1.56
12:56:08.728908 ATT: [0.0, 0.8, 113]
12:56:08.729201 ACC: [-7, 0, 515]
[1500, 1500, 988, 1501, 985, 988, 988, 988, 1001, 1001, 1001, 1001, 1500, 1500, 1500, 1500]
[1500, 1500, 988, 1501, 985, 988, 988, 988, 1001, 1001, 1001, 1001, 1500, 1500, 1500, 1500]
[1500, 1500, 988, 1500, 988, 988, 988, 988, 1001, 1001, 1001, 1001, 1500, 1500, 1500, 1500]
[1500, 1500, 988, 1500, 988, 988, 988, 988, 1001, 1001, 1001, 1001, 1500, 1500, 1500, 1500]
[1500, 1500, 988, 1500, 988, 988, 988, 988, 1001, 1001, 1001, 1001, 1500, 1500, 1500, 1500]
[1500, 1500, 988, 1500, 988, 988, 988, 988, 1001, 1001, 1001, 1001, 1500, 1500, 1500, 1500]
[1500, 1500, 988, 1500, 988, 988, 988, 988, 1001, 1001, 1001, 1001, 1500, 1500, 1500, 1500]
12:56:08.776783 ALT: 1.56
12:56:08.776874 ATT: [0.0, 0.8, 113]
12:56:08.777130 ACC: [-7, 0, 515]
[1500, 1500, 988, 1500, 988, 988, 988, 988, 1001, 1001, 1001, 1001, 1500, 1500, 1500, 1500]
[1500, 1500, 988, 1500, 988, 988, 988, 988, 1001, 1001, 1001, 1001, 1500, 1500, 1500, 1500]
[1500, 1500, 988, 1500, 988, 988, 988, 988, 1001, 1001, 1001, 1001, 1500, 1500, 1500, 1500]
[1500, 1500, 988, 1500, 988, 988, 988, 988, 1001, 1001, 1001, 1001, 1500, 1500, 1500, 1500]
[1500, 1500, 988, 1500, 988, 988, 988, 988, 1001, 1001, 1001, 1001, 1500, 1500, 1500, 1500]
[1500, 1500, 988, 1500, 988, 988, 988, 988, 1001, 1001, 1001, 1001, 1500, 1500, 1500, 1500]
[1500, 1500, 988, 1500, 988, 988, 988, 988, 1001, 1001, 1001, 1001, 1500, 1500, 1500, 1500]
12:56:08.824912 ALT: 1.56
12:56:08.826338 ATT: [0.0, 0.8, 113]
12:56:08.827812 ACC: [-7, 1, 515]
[1500, 1500, 988, 1499, 988, 988, 988, 988, 1001, 1001, 1001, 1001, 1500, 1500, 1500, 1500]
[1500, 1500, 988, 1499, 988, 988, 988, 988, 1001, 1001, 1001, 1001, 1500, 1500, 1500, 1500]
[1500, 1500, 988, 1499, 988, 988, 988, 988, 1001, 1001, 1001, 1001, 1500, 1500, 1500, 1500]
[1500, 1500, 988, 1500, 988, 988, 988, 988, 1001, 1001, 1001, 1001, 1500, 1500, 1500, 1500]
[1500, 1500, 988, 1500, 988, 988, 988, 988, 1001, 1001, 1001, 1001, 1500, 1500, 1500, 1500]
[1500, 1500, 988, 1500, 988, 988, 988, 988, 1001, 1001, 1001, 1001, 1500, 1500, 1500, 1500]
[1500, 1500, 988, 1500, 988, 988, 988, 988, 1001, 1001, 1001, 1001, 1500, 1500, 1500, 1500]
12:56:08.872943 ALT: 1.56
12:56:08.873056 ATT: [0.0, 0.8, 113]
12:56:08.873527 ACC: [-7, 1, 515]
[1500, 1500, 988, 1500, 988, 988, 988, 988, 1001, 1001, 1001, 1001, 1500, 1500, 1500, 1500]
[1500, 1500, 988, 1500, 988, 988, 988, 988, 1001, 1001, 1001, 1001, 1500, 1500, 1500, 1500]
[1500, 1500, 988, 1500, 988, 988, 988, 988, 1001, 1001, 1001, 1001, 1500, 1500, 1500, 1500]
[1500, 1500, 988, 1500, 988, 988, 988, 986, 1001, 1001, 1001, 1001, 1500, 1500, 1500, 1500]
[1500, 1500, 988, 1500, 988, 988, 988, 986, 1001, 1001, 1001, 1001, 1500, 1500, 1500, 1500]
[1500, 1500, 988, 1500, 988, 988, 988, 986, 1001, 1001, 1001, 1001, 1500, 1500, 1500, 1500]
[1500, 1500, 988, 1500, 988, 988, 988, 988, 1001, 1001, 1001, 1001, 1500, 1500, 1500, 1500]
12:56:08.922063 ALT: 1.56
12:56:08.922310 ATT: [0.0, 0.8, 113]
12:56:08.922656 ACC: [-8, 1, 515]
[1501, 1500, 988, 1500, 988, 988, 988, 988, 1001, 1001, 1001, 1001, 1500, 1500, 1500, 1500]
[1501, 1497, 988, 1500, 988, 988, 988, 988, 1001, 1001, 1001, 1001, 1500, 1500, 1500, 1500]
[1501, 1497, 988, 1500, 988, 988, 988, 988, 1001, 1001, 1001, 1001, 1500, 1500, 1500, 1500]
[1500, 1497, 988, 1500, 988, 988, 988, 988, 1001, 1001, 1001, 1001, 1500, 1500, 1500, 1500]
[1500, 1500, 988, 1500, 988, 988, 988, 988, 1001, 1001, 1001, 1001, 1500, 1500, 1500, 1500]
[1500, 1500, 988, 1500, 988, 988, 988, 988, 1001, 1001, 1001, 1001, 1500, 1500, 1500, 1500]
[1500, 1500, 988, 1500, 988, 988, 988, 988, 1001, 1001, 1001, 1001, 1500, 1500, 1500, 1500]
[1500, 1500, 988, 1500, 988, 988, 988, 988, 1001, 1001, 1001, 1001, 1500, 1500, 1500, 1500]
12:56:08.969944 ALT: 1.56
12:56:08.970060 ATT: [0.0, 0.8, 113]
12:56:08.970397 ACC: [-7, 1, 515]
[1500, 1500, 988, 1500, 988, 988, 988, 988, 1001, 1001, 1001, 1001, 1500, 1500, 1500, 1500]
[1500, 1500, 988, 1500, 988, 988, 988, 988, 1001, 1001, 1001, 1001, 1500, 1500, 1500, 1500]
[1500, 1499, 988, 1501, 986, 988, 988, 988, 1001, 1001, 1001, 1001, 1500, 1500, 1500, 1500]
[1500, 1499, 988, 1501, 986, 988, 988, 988, 1001, 1001, 1001, 1001, 1500, 1500, 1500, 1500]
[1500, 1499, 988, 1501, 986, 988, 988, 988, 1001, 1001, 1001, 1001, 1500, 1500, 1500, 1500]
[1500, 1500, 988, 1500, 988, 988, 988, 988, 1001, 1001, 1001, 1001, 1500, 1500, 1500, 1500]
12:56:09.021761 ALT: 1.56
12:56:09.021871 ATT: [0.0, 0.8, 113]
12:56:09.022174 ACC: [-7, 1, 515]
[1500, 1500, 988, 1500, 988, 988, 988, 988, 1001, 1001, 1001, 1001, 1500, 1500, 1500, 1500]
[1500, 1500, 988, 1500, 988, 988, 988, 988, 1001, 1001, 1001, 1001, 1500, 1500, 1500, 1500]
[1500, 1500, 988, 1500, 988, 988, 988, 988, 1001, 1001, 1001, 1001, 1500, 1500, 1500, 1500]
[1500, 1500, 988, 1500, 988, 988, 988, 988, 1001, 1001, 1001, 1001, 1500, 1500, 1500, 1500]
[1500, 1500, 988, 1500, 988, 988, 988, 988, 1001, 1001, 1001, 1001, 1500, 1500, 1500, 1500]
[1500, 1500, 988, 1500, 988, 988, 988, 988, 1001, 1001, 1001, 1001, 1500, 1500, 1500, 1500]
[1500, 1500, 988, 1500, 988, 988, 988, 988, 1001, 1001, 1001, 1001, 1500, 1500, 1500, 1500]
[1500, 1500, 988, 1500, 988, 988, 988, 988, 1001, 1001, 1001, 1001, 1500, 1500, 1500, 1500]
12:56:09.064916 ALT: 1.56
12:56:09.065044 ATT: [0.0, 0.8, 113]
12:56:09.065446 ACC: [-8, 1, 515]
[1500, 1500, 988, 1499, 988, 988, 988, 988, 1001, 1001, 1001, 1001, 1500, 1500, 1500, 1500]
[1500, 1500, 988, 1499, 988, 988, 988, 988, 1001, 1001, 1001, 1001, 1500, 1500, 1500, 1500]
[1500, 1500, 988, 1499, 988, 988, 988, 988, 1001, 1001, 1001, 1001, 1500, 1500, 1500, 1500]
[1500, 1500, 988, 1500, 988, 988, 988, 988, 1001, 1001, 1001, 1001, 1500, 1500, 1500, 1500]
[1500, 1500, 988, 1500, 988, 988, 988, 988, 1001, 1001, 1001, 1001, 1500, 1500, 1500, 1500]
[1500, 1500, 988, 1500, 988, 988, 988, 988, 1001, 1001, 1001, 1001, 1500, 1500, 1500, 1500]
[1500, 1500, 988, 1500, 988, 988, 988, 988, 1001, 1001, 1001, 1001, 1500, 1500, 1500, 1500]
12:56:09.112861 ALT: 1.56
12:56:09.112967 ATT: [0.0, 0.8, 113]
12:56:09.113851 ACC: [-8, 1, 515]
[1500, 1500, 988, 1500, 988, 988, 988, 988, 1001, 1001, 1001, 1001, 1500, 1500, 1500, 1500]
[1500, 1500, 988, 1500, 988, 988, 988, 988, 1001, 1001, 1001, 1001, 1500, 1500, 1500, 1500]
[1500, 1500, 988, 1500, 988, 988, 988, 988, 1001, 1001, 1001, 1001, 1500, 1500, 1500, 1500]
[1500, 1500, 988, 1500, 988, 988, 988, 988, 1001, 1001, 1001, 1001, 1500, 1500, 1500, 1500]
[1500, 1500, 988, 1500, 988, 988, 988, 988, 1001, 1001, 1001, 1001, 1500, 1500, 1500, 1500]
[1500, 1500, 988, 1499, 988, 988, 988, 988, 1001, 1001, 1001, 1001, 1500, 1500, 1500, 1500]
[1500, 1500, 988, 1499, 988, 988, 988, 988, 1001, 1001, 1001, 1001, 1500, 1500, 1500, 1500]
12:56:09.161117 ALT: 1.56
12:56:09.161773 ATT: [0.0, 0.8, 113]
12:56:09.162221 ACC: [-7, 1, 515]
[1500, 1500, 988, 1499, 988, 988, 988, 988, 1001, 1001, 1001, 1001, 1500, 1500, 1500, 1500]
[1500, 1500, 988, 1499, 988, 988, 988, 988, 1001, 1001, 1001, 1001, 1500, 1500, 1500, 1500]
[1500, 1500, 988, 1499, 988, 988, 988, 988, 1001, 1001, 1001, 1001, 1500, 1500, 1500, 1500]
[1500, 1500, 988, 1499, 988, 988, 988, 988, 1001, 1001, 1001, 1001, 1500, 1500, 1500, 1500]
[1500, 1500, 988, 1500, 988, 988, 988, 988, 1001, 1001, 1001, 1001, 1500, 1500, 1500, 1500]
[1500, 1500, 988, 1500, 988, 988, 988, 988, 1001, 1001, 1001, 1001, 1500, 1500, 1500, 1500]
[1500, 1500, 988, 1500, 988, 988, 988, 988, 1001, 1001, 1001, 1001, 1500, 1500, 1500, 1500]
[1500, 1500, 988, 1500, 988, 988, 988, 988, 1001, 1001, 1001, 1001, 1500, 1500, 1500, 1500]
12:56:09.208829 ALT: 1.56
12:56:09.208934 ATT: [0.0, 0.8, 113]
12:56:09.209372 ACC: [-7, 1, 515]
[1500, 1500, 988, 1500, 988, 988, 988, 988, 1001, 1001, 1001, 1001, 1500, 1500, 1500, 1500]
[1500, 1500, 988, 1500, 988, 988, 988, 988, 1001, 1001, 1001, 1001, 1500, 1500, 1500, 1500]
[1500, 1499, 988, 1500, 988, 988, 988, 988, 1001, 1001, 1001, 1001, 1500, 1500, 1500, 1500]
[1500, 1499, 988, 1500, 988, 988, 988, 988, 1001, 1001, 1001, 1001, 1500, 1500, 1500, 1500]
[1500, 1499, 988, 1500, 988, 988, 988, 988, 1001, 1001, 1001, 1001, 1500, 1500, 1500, 1500]
[1500, 1500, 988, 1500, 988, 988, 988, 988, 1001, 1001, 1001, 1001, 1500, 1500, 1500, 1500]
[1500, 1500, 988, 1500, 988, 988, 988, 988, 1001, 1001, 1001, 1001, 1500, 1500, 1500, 1500]
[1500, 1500, 988, 1500, 988, 988, 988, 988, 1001, 1001, 1001, 1001, 1500, 1500, 1500, 1500]
[1500, 1500, 988, 1500, 988, 988, 988, 988, 1001, 1001, 1001, 1001, 1500, 1500, 1500, 1500]
12:56:09.273729 ALT: 1.56
12:56:09.273893 ATT: [0.0, 0.8, 113]
12:56:09.274430 ACC: [-7, 0, 515]
[1500, 1500, 988, 1500, 988, 988, 988, 988, 1001, 1001, 1001, 1001, 1500, 1500, 1500, 1500]
[1500, 1500, 988, 1500, 988, 988, 988, 988, 1001, 1001, 1001, 1001, 1500, 1500, 1500, 1500]
[1500, 1500, 988, 1500, 988, 988, 988, 988, 1001, 1001, 1001, 1001, 1500, 1500, 1500, 1500]
[1500, 1500, 988, 1500, 988, 988, 988, 988, 1001, 1001, 1001, 1001, 1500, 1500, 1500, 1500]
[1500, 1500, 988, 1500, 988, 988, 988, 988, 1001, 1001, 1001, 1001, 1500, 1500, 1500, 1500]
[1500, 1499, 988, 1500, 988, 988, 988, 988, 1001, 1001, 1001, 1001, 1500, 1500, 1500, 1500]
[1500, 1499, 988, 1500, 988, 988, 988, 988, 1001, 1001, 1001, 1001, 1500, 1500, 1500, 1500]
[1500, 1499, 988, 1500, 988, 988, 988, 988, 1001, 1001, 1001, 1001, 1500, 1500, 1500, 1500]
[1500, 1500, 988, 1500, 988, 988, 988, 988, 1001, 1001, 1001, 1001, 1500, 1500, 1500, 1500]
[1500, 1500, 988, 1500, 988, 988, 988, 988, 1001, 1001, 1001, 1001, 1500, 1500, 1500, 1500]
12:56:09.343158 ALT: 1.56
12:56:09.343264 ATT: [0.0, 0.8, 113]
12:56:09.343595 ACC: [-7, 0, 515]
[1500, 1500, 988, 1500, 988, 988, 988, 988, 1001, 1001, 1001, 1001, 1500, 1500, 1500, 1500]
[1500, 1500, 988, 1500, 988, 988, 988, 988, 1001, 1001, 1001, 1001, 1500, 1500, 1500, 1500]
[1500, 1500, 988, 1500, 988, 988, 988, 988, 1001, 1001, 1001, 1001, 1500, 1500, 1500, 1500]
[1500, 1500, 988, 1500, 988, 988, 988, 988, 1001, 1001, 1001, 1001, 1500, 1500, 1500, 1500]
[1500, 1500, 988, 1499, 988, 988, 988, 988, 1001, 1001, 1001, 1001, 1500, 1500, 1500, 1500]
[1500, 1500, 988, 1499, 988, 988, 988, 988, 1001, 1001, 1001, 1001, 1500, 1500, 1500, 1500]
[1500, 1500, 988, 1499, 988, 988, 988, 988, 1001, 1001, 1001, 1001, 1500, 1500, 1500, 1500]
12:56:09.386828 ALT: 1.56
12:56:09.386938 ATT: [0.0, 0.8, 113]
12:56:09.387307 ACC: [-8, 0, 515]
[1500, 1500, 988, 1500, 988, 988, 988, 988, 1001, 1001, 1001, 1001, 1500, 1500, 1500, 1500]
[1500, 1500, 988, 1500, 988, 988, 988, 988, 1001, 1001, 1001, 1001, 1500, 1500, 1500, 1500]
[1499, 1500, 988, 1500, 988, 988, 988, 988, 1001, 1001, 1001, 1001, 1500, 1500, 1500, 1500]
[1499, 1500, 988, 1500, 988, 988, 988, 988, 1001, 1001, 1001, 1001, 1500, 1500, 1500, 1500]
[1499, 1500, 988, 1500, 988, 988, 988, 988, 1001, 1001, 1001, 1001, 1500, 1500, 1500, 1500]
[1500, 1500, 988, 1500, 988, 988, 988, 988, 1001, 1001, 1001, 1001, 1500, 1500, 1500, 1500]
[1500, 1500, 988, 1499, 988, 988, 988, 988, 1001, 1001, 1001, 1001, 1500, 1500, 1500, 1500]
[1500, 1500, 988, 1499, 988, 988, 988, 988, 1001, 1001, 1001, 1001, 1500, 1500, 1500, 1500]
12:56:09.438779 ALT: 1.56
12:56:09.438873 ATT: [0.0, 0.9, 113]
12:56:09.439167 ACC: [-8, 0, 515]
[1500, 1500, 988, 1499, 988, 988, 988, 988, 1001, 1001, 1001, 1001, 1500, 1500, 1500, 1500]
[1500, 1500, 988, 1500, 988, 988, 988, 988, 1001, 1001, 1001, 1001, 1500, 1500, 1500, 1500]
[1500, 1500, 988, 1500, 988, 988, 988, 988, 1001, 1001, 1001, 1001, 1500, 1500, 1500, 1500]
[1500, 1500, 988, 1500, 988, 988, 988, 988, 1001, 1001, 1001, 1001, 1500, 1500, 1500, 1500]
[1500, 1500, 988, 1499, 988, 988, 988, 988, 1001, 1001, 1001, 1001, 1500, 1500, 1500, 1500]
[1500, 1500, 988, 1499, 988, 988, 988, 988, 1001, 1001, 1001, 1001, 1500, 1500, 1500, 1500]
[1500, 1500, 988, 1499, 988, 988, 988, 988, 1001, 1001, 1001, 1001, 1500, 1500, 1500, 1500]
12:56:09.482315 ALT: 1.56
12:56:09.482408 ATT: [0.0, 0.8, 113]
12:56:09.482664 ACC: [-7, 1, 515]
[1500, 1500, 988, 1500, 988, 988, 988, 988, 1001, 1001, 1001, 1001, 1500, 1500, 1500, 1500]
[1500, 1500, 988, 1500, 988, 988, 988, 988, 1001, 1001, 1001, 1001, 1500, 1500, 1500, 1500]
[1500, 1500, 988, 1500, 988, 988, 988, 988, 1001, 1001, 1001, 1001, 1500, 1500, 1500, 1500]
[1500, 1500, 988, 1500, 988, 988, 988, 988, 1001, 1001, 1001, 1001, 1500, 1500, 1500, 1500]
[1500, 1500, 988, 1500, 988, 988, 988, 988, 1001, 1001, 1001, 1001, 1500, 1500, 1500, 1500]
[1500, 1500, 988, 1500, 988, 988, 988, 988, 1001, 1001, 1001, 1001, 1500, 1500, 1500, 1500]
[1500, 1500, 988, 1499, 988, 988, 988, 988, 1001, 1001, 1001, 1001, 1500, 1500, 1500, 1500]
[1500, 1500, 988, 1499, 988, 988, 988, 988, 1001, 1001, 1001, 1001, 1500, 1500, 1500, 1500]
[1500, 1500, 988, 1499, 988, 988, 988, 988, 1001, 1001, 1001, 1001, 1500, 1500, 1500, 1500]
12:56:09.546000 ALT: 1.56
12:56:09.546108 ATT: [0.0, 0.8, 113]
12:56:09.546453 ACC: [-7, 1, 515]
[1500, 1500, 988, 1500, 988, 988, 988, 988, 1001, 1001, 1001, 1001, 1500, 1500, 1500, 1500]
[1500, 1500, 988, 1500, 988, 988, 988, 988, 1001, 1001, 1001, 1001, 1500, 1500, 1500, 1500]
[1500, 1500, 988, 1500, 988, 988, 988, 988, 1001, 1001, 1001, 1001, 1500, 1500, 1500, 1500]
[1500, 1500, 988, 1499, 988, 988, 988, 988, 1001, 1001, 1001, 1001, 1500, 1500, 1500, 1500]
[1500, 1500, 988, 1499, 988, 988, 988, 988, 1001, 1001, 1001, 1001, 1500, 1500, 1500, 1500]
[1500, 1500, 988, 1499, 988, 988, 988, 988, 1001, 1001, 1001, 1001, 1500, 1500, 1500, 1500]
[1500, 1500, 989, 1499, 988, 988, 988, 988, 1001, 1001, 1001, 1001, 1500, 1500, 1500, 1500]
[1500, 1500, 989, 1499, 988, 988, 988, 988, 1001, 1001, 1001, 1001, 1500, 1500, 1500, 1500]
[1500, 1500, 989, 1499, 988, 988, 988, 988, 1001, 1001, 1001, 1001, 1500, 1500, 1500, 1500]
[1500, 1500, 988, 1500, 988, 988, 988, 988, 1001, 1001, 1001, 1001, 1500, 1500, 1500, 1500]
12:56:09.609642 ALT: 1.56
12:56:09.609735 ATT: [0.0, 0.9, 113]
12:56:09.609997 ACC: [-8, 1, 515]
[1500, 1500, 988, 1500, 988, 988, 988, 988, 1001, 1001, 1001, 1001, 1500, 1500, 1500, 1500]
[1500, 1500, 988, 1500, 988, 988, 988, 988, 1001, 1001, 1001, 1001, 1500, 1500, 1500, 1500]
[1500, 1500, 988, 1500, 988, 988, 988, 988, 1001, 1001, 1001, 1001, 1500, 1500, 1500, 1500]
[1500, 1500, 988, 1500, 988, 988, 988, 988, 1001, 1001, 1001, 1001, 1500, 1500, 1500, 1500]
[1499, 1500, 988, 1500, 988, 988, 988, 988, 1001, 1001, 1001, 1001, 1500, 1500, 1500, 1500]
[1499, 1500, 988, 1500, 988, 988, 988, 988, 1001, 1001, 1001, 1001, 1500, 1500, 1500, 1500]
[1499, 1500, 988, 1500, 988, 988, 988, 988, 1001, 1001, 1001, 1001, 1500, 1500, 1500, 1500]
[1500, 1500, 988, 1500, 988, 988, 988, 988, 1001, 1001, 1001, 1001, 1500, 1500, 1500, 1500]
[1500, 1499, 988, 1500, 986, 988, 988, 988, 1001, 1001, 1001, 1001, 1500, 1500, 1500, 1500]
[1500, 1499, 988, 1500, 986, 988, 988, 988, 1001, 1001, 1001, 1001, 1500, 1500, 1500, 1500]
12:56:09.682623 ALT: 1.56
12:56:09.682758 ATT: [0.0, 0.9, 113]
12:56:09.683097 ACC: [-8, 0, 515]
[1500, 1499, 988, 1500, 986, 988, 988, 988, 1001, 1001, 1001, 1001, 1500, 1500, 1500, 1500]
[1500, 1500, 988, 1500, 988, 988, 986, 988, 1001, 1001, 1001, 1001, 1500, 1500, 1500, 1500]
[1500, 1500, 988, 1500, 988, 988, 986, 988, 1001, 1001, 1001, 1001, 1500, 1500, 1500, 1500]
[1500, 1500, 988, 1500, 988, 988, 986, 988, 1001, 1001, 1001, 1001, 1500, 1500, 1500, 1500]
[1500, 1499, 988, 1499, 988, 988, 988, 988, 1001, 1001, 1001, 1001, 1500, 1500, 1500, 1500]
[1500, 1499, 988, 1499, 988, 988, 988, 988, 1001, 1001, 1001, 1001, 1500, 1500, 1500, 1500]
12:56:09.725871 ALT: 1.56
12:56:09.725972 ATT: [0.0, 0.9, 113]
12:56:09.726267 ACC: [-8, 1, 515]
[1499, 1499, 988, 1499, 988, 988, 988, 988, 1001, 1001, 1001, 1001, 1500, 1500, 1500, 1500]
[1499, 1500, 986, 1500, 988, 988, 988, 988, 1001, 1001, 1001, 1001, 1500, 1500, 1500, 1500]
[1499, 1500, 986, 1500, 988, 988, 988, 988, 1001, 1001, 1001, 1001, 1500, 1500, 1500, 1500]
[1500, 1500, 986, 1500, 988, 988, 988, 988, 1001, 1001, 1001, 1001, 1500, 1500, 1500, 1500]
[1500, 1500, 988, 1500, 988, 988, 988, 988, 1001, 1001, 1001, 1001, 1500, 1500, 1500, 1500]
[1500, 1500, 988, 1500, 988, 988, 988, 988, 1001, 1001, 1001, 1001, 1500, 1500, 1500, 1500]
[1500, 1500, 988, 1500, 988, 988, 988, 988, 1001, 1001, 1001, 1001, 1500, 1500, 1500, 1500]
12:56:09.770884 ALT: 1.56
12:56:09.770995 ATT: [0.0, 0.9, 113]
12:56:09.771349 ACC: [-7, 0, 515]
[1500, 1500, 988, 1500, 988, 988, 988, 988, 1001, 1001, 1001, 1001, 1500, 1500, 1500, 1500]
[1500, 1500, 988, 1500, 988, 988, 988, 988, 1001, 1001, 1001, 1001, 1500, 1500, 1500, 1500]
[1500, 1500, 988, 1500, 988, 988, 988, 988, 1001, 1001, 1001, 1001, 1500, 1500, 1500, 1500]
[1500, 1500, 988, 1500, 988, 988, 988, 988, 1001, 1001, 1001, 1001, 1500, 1500, 1500, 1500]
[1500, 1500, 988, 1500, 988, 988, 988, 988, 1001, 1001, 1001, 1001, 1500, 1500, 1500, 1500]
[1500, 1500, 988, 1500, 988, 988, 988, 988, 1001, 1001, 1001, 1001, 1500, 1500, 1500, 1500]
[1500, 1499, 988, 1500, 988, 988, 988, 988, 1001, 1001, 1001, 1001, 1500, 1500, 1500, 1500]
[1500, 1499, 988, 1500, 988, 988, 988, 988, 1001, 1001, 1001, 1001, 1500, 1500, 1500, 1500]
12:56:09.816950 ALT: 1.56
12:56:09.817060 ATT: [0.0, 0.9, 113]
12:56:09.817507 ACC: [-8, 0, 515]
[1500, 1499, 988, 1500, 988, 988, 988, 988, 1001, 1001, 1001, 1001, 1500, 1500, 1500, 1500]
[1500, 1500, 988, 1499, 988, 988, 988, 988, 1001, 1001, 1001, 1001, 1500, 1500, 1500, 1500]
[1500, 1500, 988, 1499, 988, 988, 988, 988, 1001, 1001, 1001, 1001, 1500, 1500, 1500, 1500]
12:56:09.870781 ALT: 1.56
12:56:09.870888 ATT: [0.0, 0.9, 113]
12:56:09.871230 ACC: [-8, 1, 515]
[1499, 1500, 988, 1499, 988, 988, 988, 988, 1001, 1001, 1001, 1001, 1500, 1500, 1500, 1500]
[1499, 1500, 988, 1500, 988, 988, 988, 988, 1001, 1001, 1001, 1001, 1500, 1500, 1500, 1500]
[1499, 1500, 988, 1500, 988, 988, 988, 988, 1001, 1001, 1001, 1001, 1500, 1500, 1500, 1500]
[1500, 1500, 988, 1500, 988, 988, 988, 988, 1001, 1001, 1001, 1001, 1500, 1500, 1500, 1500]
[1500, 1500, 988, 1500, 988, 988, 988, 988, 1001, 1001, 1001, 1001, 1500, 1500, 1500, 1500]
[1500, 1500, 988, 1500, 988, 988, 988, 988, 1001, 1001, 1001, 1001, 1500, 1500, 1500, 1500]
[1500, 1500, 988, 1500, 988, 988, 988, 988, 1001, 1001, 1001, 1001, 1500, 1500, 1500, 1500]
[1500, 1500, 989, 1499, 988, 988, 988, 988, 1001, 1001, 1001, 1001, 1500, 1500, 1500, 1500]
[1500, 1500, 989, 1499, 988, 988, 988, 988, 1001, 1001, 1001, 1001, 1500, 1500, 1500, 1500]
[1500, 1500, 989, 1499, 988, 988, 988, 988, 1001, 1001, 1001, 1001, 1500, 1500, 1500, 1500]
[1500, 1499, 988, 1500, 988, 988, 988, 988, 1001, 1001, 1001, 1001, 1500, 1500, 1500, 1500]
12:56:09.914530 ALT: 1.56
12:56:09.914693 ATT: [0.0, 0.9, 113]
12:56:09.915098 ACC: [-8, 1, 515]
[1500, 1499, 988, 1500, 988, 988, 988, 988, 1001, 1001, 1001, 1001, 1500, 1500, 1500, 1500]
[1500, 1499, 988, 1500, 988, 988, 988, 988, 1001, 1001, 1001, 1001, 1500, 1500, 1500, 1500]
[1500, 1500, 989, 1499, 988, 988, 988, 988, 1001, 1001, 1001, 1001, 1500, 1500, 1500, 1500]
[1500, 1500, 989, 1499, 988, 988, 988, 989, 1001, 1001, 1001, 1001, 1500, 1500, 1500, 1500]
[1499, 1500, 989, 1499, 988, 988, 988, 989, 1001, 1001, 1001, 1001, 1500, 1500, 1500, 1500]
[1499, 1500, 988, 1500, 988, 988, 988, 989, 1001, 1001, 1001, 1001, 1500, 1500, 1500, 1500]
[1499, 1500, 988, 1500, 988, 988, 988, 988, 1001, 1001, 1001, 1001, 1500, 1500, 1500, 1500]
12:56:09.963128 ALT: 1.56
12:56:09.963253 ATT: [0.0, 0.9, 113]
12:56:09.965228 ACC: [-8, 1, 515]
[1500, 1500, 988, 1500, 988, 988, 988, 988, 1001, 1001, 1001, 1001, 1500, 1500, 1500, 1500]
[1500, 1499, 988, 1499, 988, 988, 988, 988, 1001, 1001, 1001, 1001, 1500, 1500, 1500, 1500]
[1500, 1499, 988, 1499, 988, 988, 988, 988, 1001, 1001, 1001, 1001, 1500, 1500, 1500, 1500]
[1500, 1499, 988, 1499, 988, 988, 988, 988, 1001, 1001, 1001, 1001, 1500, 1500, 1500, 1500]
[1500, 1500, 988, 1500, 988, 988, 988, 988, 1001, 1001, 1001, 1001, 1500, 1500, 1500, 1500]
[1500, 1500, 988, 1500, 988, 988, 988, 988, 1001, 1001, 1001, 1001, 1500, 1500, 1500, 1500]
[1500, 1500, 988, 1500, 988, 988, 988, 988, 1001, 1001, 1001, 1001, 1500, 1500, 1500, 1500]
[1500, 1500, 988, 1500, 988, 989, 988, 988, 1001, 1001, 1001, 1001, 1500, 1500, 1500, 1500]
[1500, 1500, 988, 1500, 988, 989, 988, 988, 1001, 1001, 1001, 1001, 1500, 1500, 1500, 1500]
12:56:10.016315 ALT: 1.56
12:56:10.016414 ATT: [0.0, 0.9, 113]
12:56:10.016744 ACC: [-7, 1, 515]
[1500, 1500, 988, 1500, 988, 989, 988, 988, 1001, 1001, 1001, 1001, 1500, 1500, 1500, 1500]
[1500, 1500, 988, 1500, 988, 988, 988, 988, 1001, 1001, 1001, 1001, 1500, 1500, 1500, 1500]
[1500, 1500, 988, 1500, 988, 988, 988, 988, 1001, 1001, 1001, 1001, 1500, 1500, 1500, 1500]
[1500, 1500, 988, 1500, 988, 988, 988, 988, 1001, 1001, 1001, 1001, 1500, 1500, 1500, 1500]
[1500, 1500, 988, 1500, 988, 988, 988, 988, 1001, 1001, 1001, 1001, 1500, 1500, 1500, 1500]
[1500, 1500, 988, 1500, 988, 988, 988, 988, 1001, 1001, 1001, 1001, 1500, 1500, 1500, 1500]
[1500, 1500, 988, 1500, 988, 988, 988, 988, 1001, 1001, 1001, 1001, 1500, 1500, 1500, 1500]
[1500, 1500, 988, 1500, 988, 988, 988, 988, 1001, 1001, 1001, 1001, 1500, 1500, 1500, 1500]
12:56:10.074332 ALT: 1.56
12:56:10.074434 ATT: [0.0, 0.9, 113]
12:56:10.074785 ACC: [-8, 1, 515]
[1500, 1500, 988, 1500, 988, 988, 988, 988, 1001, 1001, 1001, 1001, 1500, 1500, 1500, 1500]
[1500, 1500, 988, 1500, 988, 988, 988, 988, 1001, 1001, 1001, 1001, 1500, 1500, 1500, 1500]
[1500, 1500, 988, 1500, 988, 988, 988, 988, 1001, 1001, 1001, 1001, 1500, 1500, 1500, 1500]
[1500, 1500, 988, 1500, 988, 988, 988, 988, 1001, 1001, 1001, 1001, 1500, 1500, 1500, 1500]
[1499, 1500, 988, 1500, 988, 988, 988, 988, 1001, 1001, 1001, 1001, 1500, 1500, 1500, 1500]
[1499, 1500, 988, 1500, 988, 988, 988, 988, 1001, 1001, 1001, 1001, 1500, 1500, 1500, 1500]
[1499, 1500, 988, 1500, 988, 988, 988, 988, 1001, 1001, 1001, 1001, 1500, 1500, 1500, 1500]
12:56:10.137486 ALT: 1.56
12:56:10.137622 ATT: [0.0, 0.9, 113]
[1500, 1500, 988, 1500, 988, 988, 988, 988, 1001, 1001, 1001, 1001, 1500, 1500, 1500, 1500]
[1500, 1500, 988, 1499, 988, 988, 988, 988, 1001, 1001, 1001, 1001, 1500, 1500, 1500, 1500]
12:56:10.140294 ACC: [-7, 1, 515]
[1500, 1500, 988, 1499, 988, 988, 988, 988, 1001, 1001, 1001, 1001, 1500, 1500, 1500, 1500]
[1500, 1500, 988, 1499, 988, 988, 988, 988, 1001, 1001, 1001, 1001, 1500, 1500, 1500, 1500]
[1500, 1500, 988, 1499, 988, 988, 988, 988, 1001, 1001, 1001, 1001, 1500, 1500, 1500, 1500]
[1500, 1500, 988, 1499, 988, 988, 988, 988, 1001, 1001, 1001, 1001, 1500, 1500, 1500, 1500]
[1500, 1500, 988, 1499, 988, 988, 988, 988, 1001, 1001, 1001, 1001, 1500, 1500, 1500, 1500]
[1500, 1500, 988, 1500, 988, 988, 988, 988, 1001, 1001, 1001, 1001, 1500, 1500, 1500, 1500]
[1500, 1500, 988, 1500, 988, 988, 988, 988, 1001, 1001, 1001, 1001, 1500, 1500, 1500, 1500]
[1500, 1500, 988, 1500, 988, 988, 988, 988, 1001, 1001, 1001, 1001, 1500, 1500, 1500, 1500]
[1500, 1500, 988, 1500, 988, 988, 988, 988, 1001, 1001, 1001, 1001, 1500, 1500, 1500, 1500]
[1500, 1500, 988, 1500, 988, 988, 988, 988, 1001, 1001, 1001, 1001, 1500, 1500, 1500, 1500]
12:56:10.201202 ALT: 1.56
12:56:10.201398 ATT: [0.0, 0.9, 113]
12:56:10.201752 ACC: [-7, 1, 515]
[1500, 1500, 988, 1500, 988, 988, 988, 988, 1001, 1001, 1001, 1001, 1500, 1500, 1500, 1500]
[1500, 1499, 988, 1500, 988, 988, 988, 988, 1001, 1001, 1001, 1001, 1500, 1500, 1500, 1500]
[1500, 1499, 988, 1500, 988, 988, 988, 988, 1001, 1001, 1001, 1001, 1500, 1500, 1500, 1500]
[1500, 1499, 988, 1500, 988, 988, 988, 988, 1001, 1001, 1001, 1001, 1500, 1500, 1500, 1500]
[1500, 1499, 988, 1499, 988, 988, 988, 988, 1001, 1001, 1001, 1001, 1500, 1500, 1500, 1500]
[1500, 1499, 988, 1499, 988, 988, 988, 988, 1001, 1001, 1001, 1001, 1500, 1500, 1500, 1500]
[1499, 1499, 988, 1499, 988, 988, 988, 988, 1001, 1001, 1001, 1001, 1500, 1500, 1500, 1500]
12:56:10.249597 ALT: 1.56
12:56:10.249711 ATT: [0.0, 0.9, 113]
12:56:10.250049 ACC: [-7, 0, 515]
[1499, 1500, 988, 1500, 988, 988, 988, 988, 1001, 1001, 1001, 1001, 1500, 1500, 1500, 1500]
[1499, 1500, 988, 1500, 988, 988, 988, 988, 1001, 1001, 1001, 1001, 1500, 1500, 1500, 1500]
[1500, 1500, 988, 1500, 988, 988, 988, 988, 1001, 1001, 1001, 1001, 1500, 1500, 1500, 1500]
[1500, 1500, 988, 1500, 988, 988, 988, 988, 1001, 1001, 1001, 1001, 1500, 1500, 1500, 1500]
[1500, 1500, 988, 1500, 988, 988, 988, 988, 1001, 1001, 1001, 1001, 1500, 1500, 1500, 1500]
[1500, 1500, 988, 1500, 988, 988, 988, 988, 1001, 1001, 1001, 1001, 1500, 1500, 1500, 1500]
[1500, 1499, 988, 1500, 988, 988, 988, 988, 1001, 1001, 1001, 1001, 1500, 1500, 1500, 1500]
[1500, 1499, 988, 1500, 988, 988, 988, 988, 1001, 1001, 1001, 1001, 1500, 1500, 1500, 1500]
12:56:10.297160 ALT: 1.56
12:56:10.297308 ATT: [0.0, 0.9, 113]
12:56:10.297664 ACC: [-7, 1, 515]
[1500, 1499, 988, 1500, 988, 988, 988, 988, 1001, 1001, 1001, 1001, 1500, 1500, 1500, 1500]
[1500, 1500, 988, 1500, 988, 988, 988, 988, 1001, 1001, 1001, 1001, 1500, 1500, 1500, 1500]
[1500, 1500, 988, 1500, 988, 988, 988, 988, 1001, 1001, 1001, 1001, 1500, 1500, 1500, 1500]
[1500, 1500, 988, 1500, 988, 988, 988, 988, 1001, 1001, 1001, 1001, 1500, 1500, 1500, 1500]
[1500, 1499, 988, 1500, 988, 988, 988, 988, 1001, 1001, 1001, 1001, 1500, 1500, 1500, 1500]
[1500, 1499, 988, 1500, 988, 988, 988, 988, 1001, 1001, 1001, 1001, 1500, 1500, 1500, 1500]
[1500, 1499, 988, 1500, 988, 988, 988, 988, 1001, 1001, 1001, 1001, 1500, 1500, 1500, 1500]
[1500, 1500, 988, 1500, 988, 988, 988, 988, 1001, 1001, 1001, 1001, 1500, 1500, 1500, 1500]
12:56:10.355008 ALT: 1.56
12:56:10.355117 ATT: [0.0, 0.9, 113]
12:56:10.355533 ACC: [-7, 1, 515]
[1500, 1500, 988, 1500, 988, 988, 988, 988, 1001, 1001, 1001, 1001, 1500, 1500, 1500, 1500]
[1500, 1500, 988, 1500, 988, 988, 988, 988, 1001, 1001, 1001, 1001, 1500, 1500, 1500, 1500]
[1500, 1500, 988, 1500, 988, 988, 988, 988, 1001, 1001, 1001, 1001, 1500, 1500, 1500, 1500]
[1500, 1500, 988, 1500, 988, 988, 988, 988, 1001, 1001, 1001, 1001, 1500, 1500, 1500, 1500]
[1500, 1500, 988, 1500, 988, 988, 988, 988, 1001, 1001, 1001, 1001, 1500, 1500, 1500, 1500]
[1500, 1500, 988, 1500, 988, 988, 988, 988, 1001, 1001, 1001, 1001, 1500, 1500, 1500, 1500]
[1500, 1500, 988, 1500, 988, 988, 988, 988, 1001, 1001, 1001, 1001, 1500, 1500, 1500, 1500]
[1499, 1500, 988, 1500, 988, 988, 988, 988, 1001, 1001, 1001, 1001, 1500, 1500, 1500, 1500]
[1499, 1500, 988, 1500, 988, 988, 988, 988, 1001, 1001, 1001, 1001, 1500, 1500, 1500, 1500]
12:56:10.409857 ALT: 1.56
12:56:10.409965 ATT: [0.0, 0.9, 113]
12:56:10.410527 ACC: [-7, 1, 515]
[1499, 1500, 988, 1500, 988, 988, 988, 988, 1001, 1001, 1001, 1001, 1500, 1500, 1500, 1500]
[1500, 1500, 988, 1500, 988, 988, 988, 988, 1001, 1001, 1001, 1001, 1500, 1500, 1500, 1500]
[1500, 1500, 988, 1500, 988, 988, 988, 988, 1001, 1001, 1001, 1001, 1500, 1500, 1500, 1500]
[1500, 1500, 988, 1500, 988, 988, 988, 989, 1001, 1001, 1001, 1001, 1500, 1500, 1500, 1500]
[1500, 1500, 988, 1500, 988, 988, 988, 989, 1001, 1001, 1001, 1001, 1500, 1500, 1500, 1500]
[1500, 1500, 988, 1499, 988, 988, 988, 989, 1001, 1001, 1001, 1001, 1500, 1500, 1500, 1500]
[1500, 1500, 988, 1499, 988, 988, 988, 988, 1001, 1001, 1001, 1001, 1500, 1500, 1500, 1500]
12:56:10.457131 ALT: 1.56
12:56:10.457240 ATT: [0.0, 0.9, 113]
12:56:10.458502 ACC: [-7, 1, 515]
[1500, 1500, 988, 1499, 988, 988, 988, 988, 1001, 1001, 1001, 1001, 1500, 1500, 1500, 1500]
[1500, 1500, 988, 1500, 988, 988, 988, 988, 1001, 1001, 1001, 1001, 1500, 1500, 1500, 1500]
[1500, 1500, 988, 1500, 988, 988, 988, 988, 1001, 1001, 1001, 1001, 1500, 1500, 1500, 1500]
[1500, 1500, 988, 1500, 988, 988, 988, 988, 1001, 1001, 1001, 1001, 1500, 1500, 1500, 1500]
[1500, 1500, 988, 1500, 988, 988, 988, 988, 1001, 1001, 1001, 1001, 1500, 1500, 1500, 1500]
[1500, 1500, 988, 1500, 988, 988, 988, 989, 1001, 1001, 1001, 1001, 1500, 1500, 1500, 1500]
[1500, 1500, 988, 1500, 988, 988, 988, 989, 1001, 1001, 1001, 1001, 1500, 1500, 1500, 1500]
12:56:10.505495 ALT: 1.56
12:56:10.505827 ATT: [0.1, 0.9, 113]
12:56:10.516844 ACC: [-8, 1, 515]
[1500, 1499, 988, 1500, 988, 988, 988, 989, 1001, 1001, 1001, 1001, 1500, 1500, 1500, 1500]
[1500, 1499, 988, 1500, 988, 988, 988, 988, 1001, 1001, 1001, 1001, 1500, 1500, 1500, 1500]
[1501, 1499, 988, 1500, 988, 988, 988, 988, 1001, 1001, 1001, 1001, 1500, 1500, 1500, 1500]
[1501, 1497, 988, 1500, 988, 988, 988, 988, 1001, 1001, 1001, 1001, 1500, 1500, 1500, 1500]
[1501, 1497, 988, 1500, 988, 988, 988, 988, 1001, 1001, 1001, 1001, 1500, 1500, 1500, 1500]
[1499, 1497, 988, 1500, 988, 988, 988, 988, 1001, 1001, 1001, 1001, 1500, 1500, 1500, 1500]
[1499, 1500, 988, 1500, 988, 988, 988, 988, 1001, 1001, 1001, 1001, 1500, 1500, 1500, 1500]
[1499, 1500, 988, 1500, 988, 988, 988, 988, 1001, 1001, 1001, 1001, 1500, 1500, 1500, 1500]
[1500, 1500, 988, 1500, 988, 988, 988, 988, 1001, 1001, 1001, 1001, 1500, 1500, 1500, 1500]
[1500, 1499, 988, 1500, 986, 988, 988, 988, 1001, 1001, 1001, 1001, 1500, 1500, 1500, 1500]
12:56:10.570806 ALT: 1.56
12:56:10.570902 ATT: [0.1, 0.9, 113]
12:56:10.571387 ACC: [-7, 0, 516]
[1500, 1499, 988, 1500, 986, 988, 988, 988, 1001, 1001, 1001, 1001, 1500, 1500, 1500, 1500]
[1500, 1499, 988, 1500, 986, 988, 988, 988, 1001, 1001, 1001, 1001, 1500, 1500, 1500, 1500]
[1500, 1500, 988, 1499, 988, 988, 989, 988, 1001, 1001, 1001, 1001, 1500, 1500, 1500, 1500]
[1500, 1500, 988, 1499, 988, 988, 989, 986, 1001, 1001, 1001, 1001, 1500, 1500, 1500, 1500]
[1500, 1500, 988, 1499, 988, 988, 989, 986, 1001, 1001, 1001, 1001, 1500, 1500, 1500, 1500]
[1500, 1499, 988, 1500, 988, 988, 988, 986, 1001, 1001, 1001, 1001, 1500, 1500, 1500, 1500]
[1500, 1499, 988, 1500, 988, 988, 988, 988, 1001, 1001, 1001, 1001, 1500, 1500, 1500, 1500]
12:56:10.617187 ALT: 1.56
12:56:10.617349 ATT: [0.1, 0.9, 113]
12:56:10.617745 ACC: [-7, 1, 515]
[1499, 1499, 988, 1500, 988, 988, 988, 988, 1001, 1001, 1001, 1001, 1500, 1500, 1500, 1500]
[1499, 1500, 988, 1500, 988, 988, 988, 988, 1001, 1001, 1001, 1001, 1500, 1500, 1500, 1500]
[1499, 1500, 988, 1500, 988, 988, 988, 988, 1001, 1001, 1001, 1001, 1500, 1500, 1500, 1500]
[1500, 1500, 988, 1500, 988, 988, 988, 988, 1001, 1001, 1001, 1001, 1500, 1500, 1500, 1500]
[1500, 1500, 988, 1500, 988, 988, 988, 988, 1001, 1001, 1001, 1001, 1500, 1500, 1500, 1500]
[1500, 1500, 988, 1500, 988, 988, 988, 988, 1001, 1001, 1001, 1001, 1500, 1500, 1500, 1500]
[1500, 1500, 988, 1500, 988, 988, 988, 988, 1001, 1001, 1001, 1001, 1500, 1500, 1500, 1500]
12:56:10.665463 ALT: 1.56
12:56:10.665585 ATT: [0.1, 0.9, 113]
12:56:10.666066 ACC: [-8, 1, 515]
[1500, 1500, 988, 1500, 988, 988, 988, 988, 1001, 1001, 1001, 1001, 1500, 1500, 1500, 1500]
[1500, 1500, 988, 1500, 988, 988, 988, 988, 1001, 1001, 1001, 1001, 1500, 1500, 1500, 1500]
[1500, 1500, 988, 1500, 988, 988, 988, 988, 1001, 1001, 1001, 1001, 1500, 1500, 1500, 1500]
[1500, 1500, 988, 1500, 988, 988, 988, 988, 1001, 1001, 1001, 1001, 1500, 1500, 1500, 1500]
[1500, 1500, 988, 1500, 988, 988, 988, 988, 1001, 1001, 1001, 1001, 1500, 1500, 1500, 1500]
[1500, 1500, 988, 1500, 988, 988, 988, 988, 1001, 1001, 1001, 1001, 1500, 1500, 1500, 1500]
[1500, 1499, 988, 1500, 988, 988, 989, 988, 1001, 1001, 1001, 1001, 1500, 1500, 1500, 1500]
12:56:10.713455 ALT: 1.56
12:56:10.713582 ATT: [0.1, 0.9, 113]
12:56:10.715499 ACC: [-7, 1, 515]
[1500, 1499, 988, 1500, 988, 988, 989, 988, 1001, 1001, 1001, 1001, 1500, 1500, 1500, 1500]
[1500, 1499, 988, 1500, 988, 988, 989, 988, 1001, 1001, 1001, 1001, 1500, 1500, 1500, 1500]
[1500, 1500, 988, 1499, 988, 988, 988, 988, 1001, 1001, 1001, 1001, 1500, 1500, 1500, 1500]
[1500, 1500, 988, 1499, 988, 988, 988, 988, 1001, 1001, 1001, 1001, 1500, 1500, 1500, 1500]
[1500, 1500, 988, 1499, 988, 988, 988, 988, 1001, 1001, 1001, 1001, 1500, 1500, 1500, 1500]
[1500, 1500, 988, 1500, 988, 988, 988, 988, 1001, 1001, 1001, 1001, 1500, 1500, 1500, 1500]
[1500, 1500, 988, 1500, 988, 988, 988, 988, 1001, 1001, 1001, 1001, 1500, 1500, 1500, 1500]
12:56:10.761574 ALT: 1.56
12:56:10.761702 ATT: [0.1, 0.9, 113]
12:56:10.762167 ACC: [-7, 1, 515]
[1500, 1500, 988, 1500, 988, 988, 988, 988, 1001, 1001, 1001, 1001, 1500, 1500, 1500, 1500]
[1500, 1500, 988, 1500, 988, 988, 988, 988, 1001, 1001, 1001, 1001, 1500, 1500, 1500, 1500]
[1500, 1500, 988, 1500, 988, 988, 988, 988, 1001, 1001, 1001, 1001, 1500, 1500, 1500, 1500]
[1500, 1500, 988, 1500, 988, 988, 988, 988, 1001, 1001, 1001, 1001, 1500, 1500, 1500, 1500]
[1500, 1500, 988, 1500, 988, 988, 988, 988, 1001, 1001, 1001, 1001, 1500, 1500, 1500, 1500]
[1500, 1500, 988, 1500, 988, 988, 988, 988, 1001, 1001, 1001, 1001, 1500, 1500, 1500, 1500]
[1500, 1500, 988, 1500, 988, 988, 988, 988, 1001, 1001, 1001, 1001, 1500, 1500, 1500, 1500]
12:56:10.809096 ALT: 1.56
12:56:10.809197 ATT: [0.0, 0.9, 113]
12:56:10.809551 ACC: [-8, 0, 515]
[1500, 1499, 988, 1500, 988, 988, 988, 988, 1001, 1001, 1001, 1001, 1500, 1500, 1500, 1500]
[1500, 1499, 988, 1500, 988, 988, 988, 988, 1001, 1001, 1001, 1001, 1500, 1500, 1500, 1500]
[1500, 1499, 988, 1500, 988, 988, 988, 988, 1001, 1001, 1001, 1001, 1500, 1500, 1500, 1500]
[1500, 1499, 988, 1499, 988, 988, 988, 988, 1001, 1001, 1001, 1001, 1500, 1500, 1500, 1500]
[1500, 1499, 988, 1499, 988, 988, 988, 988, 1001, 1001, 1001, 1001, 1500, 1500, 1500, 1500]
[1499, 1499, 988, 1499, 988, 988, 988, 988, 1001, 1001, 1001, 1001, 1500, 1500, 1500, 1500]
[1499, 1500, 988, 1500, 988, 988, 988, 988, 1001, 1001, 1001, 1001, 1500, 1500, 1500, 1500]
[1499, 1500, 988, 1500, 988, 988, 988, 988, 1001, 1001, 1001, 1001, 1500, 1500, 1500, 1500]
12:56:10.863183 ALT: 1.6
12:56:10.863328 ATT: [0.0, 0.9, 113]
12:56:10.863796 ACC: [-7, 1, 515]
[1500, 1500, 988, 1500, 988, 988, 988, 988, 1001, 1001, 1001, 1001, 1500, 1500, 1500, 1500]
[1500, 1500, 986, 1500, 988, 988, 988, 988, 1001, 1001, 1001, 1001, 1500, 1500, 1500, 1500]
[1500, 1500, 986, 1500, 988, 988, 988, 988, 1001, 1001, 1001, 1001, 1500, 1500, 1500, 1500]
[1500, 1500, 986, 1500, 988, 988, 988, 988, 1001, 1001, 1001, 1001, 1500, 1500, 1500, 1500]
[1500, 1500, 988, 1500, 988, 988, 988, 988, 1001, 1001, 1001, 1001, 1500, 1500, 1500, 1500]
[1500, 1500, 988, 1500, 988, 988, 988, 988, 1001, 1001, 1001, 1001, 1500, 1500, 1500, 1500]
[1500, 1500, 988, 1500, 988, 988, 988, 988, 1001, 1001, 1001, 1001, 1500, 1500, 1500, 1500]
12:56:10.905699 ALT: 1.62
12:56:10.905908 ATT: [0.0, 0.9, 113]
12:56:10.906411 ACC: [-8, 0, 515]
[1500, 1500, 988, 1500, 988, 988, 988, 988, 1001, 1001, 1001, 1001, 1500, 1500, 1500, 1500]
[1500, 1500, 988, 1500, 988, 988, 988, 988, 1001, 1001, 1001, 1001, 1500, 1500, 1500, 1500]
[1499, 1500, 988, 1500, 988, 988, 988, 988, 1001, 1001, 1001, 1001, 1500, 1500, 1500, 1500]
[1499, 1500, 988, 1500, 988, 988, 988, 988, 1001, 1001, 1001, 1001, 1500, 1500, 1500, 1500]
[1499, 1500, 988, 1500, 988, 988, 988, 989, 1001, 1001, 1001, 1001, 1500, 1500, 1500, 1500]
[1500, 1500, 988, 1500, 988, 988, 988, 989, 1001, 1001, 1001, 1001, 1500, 1500, 1500, 1500]
[1500, 1500, 988, 1500, 988, 988, 988, 989, 1001, 1001, 1001, 1001, 1500, 1500, 1500, 1500]
12:56:10.954520 ALT: 1.64
12:56:10.954684 ATT: [0.0, 0.9, 113]
12:56:10.955000 ACC: [-8, 1, 515]
[1500, 1500, 988, 1500, 988, 988, 988, 988, 1001, 1001, 1001, 1001, 1500, 1500, 1500, 1500]
[1500, 1500, 988, 1500, 988, 988, 988, 988, 1001, 1001, 1001, 1001, 1500, 1500, 1500, 1500]
[1500, 1500, 988, 1500, 988, 988, 988, 988, 1001, 1001, 1001, 1001, 1500, 1500, 1500, 1500]
[1500, 1500, 988, 1500, 988, 988, 988, 988, 1001, 1001, 1001, 1001, 1500, 1500, 1500, 1500]
[1499, 1500, 988, 1500, 988, 988, 988, 988, 1001, 1001, 1001, 1001, 1500, 1500, 1500, 1500]
[1499, 1500, 988, 1500, 988, 988, 988, 988, 1001, 1001, 1001, 1001, 1500, 1500, 1500, 1500]
[1499, 1500, 988, 1500, 988, 988, 988, 988, 1001, 1001, 1001, 1001, 1500, 1500, 1500, 1500]
12:56:11.001641 ALT: 1.64
12:56:11.001797 ATT: [0.0, 0.9, 113]
12:56:11.002301 ACC: [-7, 1, 516]
[1500, 1500, 988, 1500, 988, 988, 988, 988, 1001, 1001, 1001, 1001, 1500, 1500, 1500, 1500]
[1500, 1499, 988, 1500, 988, 988, 988, 988, 1001, 1001, 1001, 1001, 1500, 1500, 1500, 1500]
[1500, 1499, 988, 1500, 988, 988, 988, 988, 1001, 1001, 1001, 1001, 1500, 1500, 1500, 1500]
[1500, 1499, 988, 1500, 988, 988, 988, 988, 1001, 1001, 1001, 1001, 1500, 1500, 1500, 1500]
[1500, 1500, 988, 1499, 988, 988, 988, 988, 1001, 1001, 1001, 1001, 1500, 1500, 1500, 1500]
[1500, 1500, 988, 1499, 988, 988, 988, 988, 1001, 1001, 1001, 1001, 1500, 1500, 1500, 1500]
[1500, 1500, 988, 1499, 988, 988, 988, 988, 1001, 1001, 1001, 1001, 1500, 1500, 1500, 1500]
[1500, 1500, 988, 1500, 988, 988, 988, 988, 1001, 1001, 1001, 1001, 1500, 1500, 1500, 1500]
12:56:11.049352 ALT: 1.64
12:56:11.049485 ATT: [0.0, 0.9, 113]
12:56:11.049829 ACC: [-7, 0, 515]
[1500, 1500, 988, 1500, 988, 988, 988, 988, 1001, 1001, 1001, 1001, 1500, 1500, 1500, 1500]
[1500, 1500, 988, 1500, 988, 988, 988, 988, 1001, 1001, 1001, 1001, 1500, 1500, 1500, 1500]
[1500, 1500, 988, 1500, 988, 988, 988, 988, 1001, 1001, 1001, 1001, 1500, 1500, 1500, 1500]
[1500, 1500, 988, 1500, 988, 988, 988, 988, 1001, 1001, 1001, 1001, 1500, 1500, 1500, 1500]
[1500, 1500, 988, 1500, 988, 988, 988, 988, 1001, 1001, 1001, 1001, 1500, 1500, 1500, 1500]
[1500, 1500, 988, 1500, 988, 988, 988, 988, 1001, 1001, 1001, 1001, 1500, 1500, 1500, 1500]
[1500, 1500, 988, 1500, 988, 988, 988, 988, 1001, 1001, 1001, 1001, 1500, 1500, 1500, 1500]
12:56:11.097154 ALT: 1.64
12:56:11.097338 ATT: [0.0, 0.9, 113]
12:56:11.097640 ACC: [-7, 1, 515]
[1500, 1500, 988, 1500, 988, 988, 988, 988, 1001, 1001, 1001, 1001, 1500, 1500, 1500, 1500]
[1500, 1500, 988, 1500, 988, 988, 988, 988, 1001, 1001, 1001, 1001, 1500, 1500, 1500, 1500]
[1500, 1500, 988, 1500, 988, 988, 988, 988, 1001, 1001, 1001, 1001, 1500, 1500, 1500, 1500]
[1500, 1500, 988, 1500, 988, 988, 988, 988, 1001, 1001, 1001, 1001, 1500, 1500, 1500, 1500]
[1500, 1500, 988, 1500, 988, 988, 988, 988, 1001, 1001, 1001, 1001, 1500, 1500, 1500, 1500]
[1500, 1500, 988, 1500, 988, 988, 988, 988, 1001, 1001, 1001, 1001, 1500, 1500, 1500, 1500]
[1499, 1500, 988, 1500, 988, 988, 988, 988, 1001, 1001, 1001, 1001, 1500, 1500, 1500, 1500]
12:56:11.145308 ALT: 1.64
12:56:11.145413 ATT: [0.0, 0.9, 113]
12:56:11.145694 ACC: [-7, 1, 515]
[1499, 1500, 988, 1500, 988, 988, 988, 988, 1001, 1001, 1001, 1001, 1500, 1500, 1500, 1500]
[1499, 1500, 988, 1500, 988, 988, 988, 988, 1001, 1001, 1001, 1001, 1500, 1500, 1500, 1500]
[1500, 1500, 988, 1500, 988, 988, 988, 988, 1001, 1001, 1001, 1001, 1500, 1500, 1500, 1500]
[1500, 1500, 988, 1500, 988, 988, 988, 988, 1001, 1001, 1001, 1001, 1500, 1500, 1500, 1500]
[1500, 1500, 988, 1500, 988, 988, 988, 988, 1001, 1001, 1001, 1001, 1500, 1500, 1500, 1500]
[1500, 1500, 988, 1500, 988, 988, 988, 988, 1001, 1001, 1001, 1001, 1500, 1500, 1500, 1500]
[1500, 1500, 988, 1500, 988, 988, 988, 988, 1001, 1001, 1001, 1001, 1500, 1500, 1500, 1500]
12:56:11.193723 ALT: 1.64
12:56:11.193814 ATT: [0.0, 0.9, 113]
12:56:11.194093 ACC: [-8, 1, 516]
[1500, 1500, 988, 1500, 988, 988, 988, 988, 1001, 1001, 1001, 1001, 1500, 1500, 1500, 1500]
[1499, 1500, 988, 1500, 988, 988, 988, 988, 1001, 1001, 1001, 1001, 1500, 1500, 1500, 1500]
[1499, 1500, 988, 1500, 988, 988, 988, 988, 1001, 1001, 1001, 1001, 1500, 1500, 1500, 1500]
[1499, 1500, 988, 1500, 988, 988, 988, 988, 1001, 1001, 1001, 1001, 1500, 1500, 1500, 1500]
[1500, 1500, 988, 1500, 988, 988, 988, 988, 1001, 1001, 1001, 1001, 1500, 1500, 1500, 1500]
[1500, 1500, 988, 1499, 988, 988, 988, 988, 1001, 1001, 1001, 1001, 1500, 1500, 1500, 1500]
[1500, 1500, 988, 1499, 988, 988, 988, 988, 1001, 1001, 1001, 1001, 1500, 1500, 1500, 1500]
12:56:11.241597 ALT: 1.64
12:56:11.241694 ATT: [0.0, 0.9, 113]
12:56:11.242001 ACC: [-7, 1, 515]
[1500, 1500, 988, 1499, 988, 988, 988, 988, 1001, 1001, 1001, 1001, 1500, 1500, 1500, 1500]
[1500, 1500, 988, 1500, 988, 988, 988, 988, 1001, 1001, 1001, 1001, 1500, 1500, 1500, 1500]
[1500, 1500, 988, 1500, 988, 988, 988, 988, 1001, 1001, 1001, 1001, 1500, 1500, 1500, 1500]
[1500, 1500, 988, 1500, 988, 988, 988, 988, 1001, 1001, 1001, 1001, 1500, 1500, 1500, 1500]
[1500, 1500, 988, 1500, 988, 988, 988, 988, 1001, 1001, 1001, 1001, 1500, 1500, 1500, 1500]
[1500, 1500, 988, 1500, 988, 988, 988, 988, 1001, 1001, 1001, 1001, 1500, 1500, 1500, 1500]
[1500, 1500, 988, 1500, 988, 988, 988, 988, 1001, 1001, 1001, 1001, 1500, 1500, 1500, 1500]
12:56:11.289556 ALT: 1.64
12:56:11.289668 ATT: [0.0, 0.9, 113]
12:56:11.289947 ACC: [-7, 1, 515]
[1500, 1500, 988, 1500, 986, 988, 988, 988, 1001, 1001, 1001, 1001, 1500, 1500, 1500, 1500]
[1500, 1500, 988, 1500, 986, 988, 988, 988, 1001, 1001, 1001, 1001, 1500, 1500, 1500, 1500]
[1500, 1500, 988, 1500, 986, 988, 988, 988, 1001, 1001, 1001, 1001, 1500, 1500, 1500, 1500]
[1500, 1500, 988, 1500, 988, 988, 988, 988, 1001, 1001, 1001, 1001, 1500, 1500, 1500, 1500]
[1500, 1500, 988, 1500, 988, 988, 988, 988, 1001, 1001, 1001, 1001, 1500, 1500, 1500, 1500]
[1500, 1500, 988, 1500, 988, 988, 988, 988, 1001, 1001, 1001, 1001, 1500, 1500, 1500, 1500]
[1500, 1500, 988, 1500, 988, 988, 988, 988, 1001, 1001, 1001, 1001, 1500, 1500, 1500, 1500]
[1500, 1500, 988, 1500, 988, 988, 988, 988, 1001, 1001, 1001, 1001, 1500, 1500, 1500, 1500]
12:56:11.338432 ALT: 1.64
12:56:11.338653 ATT: [0.0, 0.8, 113]
12:56:11.339505 ACC: [-7, 1, 515]
[1500, 1500, 988, 1500, 988, 988, 988, 988, 1001, 1001, 1001, 1001, 1500, 1500, 1500, 1500]
[1500, 1501, 986, 1500, 988, 988, 988, 988, 1001, 1001, 1001, 1001, 1500, 1500, 1500, 1500]
[1500, 1501, 986, 1500, 988, 988, 988, 988, 1001, 1001, 1001, 1001, 1500, 1500, 1500, 1500]
[1500, 1501, 986, 1500, 988, 988, 988, 988, 1001, 1001, 1001, 1001, 1500, 1500, 1500, 1500]
[1500, 1500, 988, 1500, 986, 988, 988, 988, 1001, 1001, 1001, 1001, 1500, 1500, 1500, 1500]
[1500, 1500, 988, 1500, 986, 988, 988, 988, 1001, 1001, 1001, 1001, 1500, 1500, 1500, 1500]
[1499, 1500, 988, 1500, 986, 988, 988, 988, 1001, 1001, 1001, 1001, 1500, 1500, 1500, 1500]
[1499, 1500, 988, 1500, 988, 988, 988, 988, 1001, 1001, 1001, 1001, 1500, 1500, 1500, 1500]
12:56:11.388846 ALT: 1.64
12:56:11.388926 ATT: [0.0, 0.8, 113]
12:56:11.389181 ACC: [-7, 1, 515]
[1499, 1500, 988, 1500, 988, 988, 988, 988, 1001, 1001, 1001, 1001, 1500, 1500, 1500, 1500]
[1500, 1500, 988, 1500, 988, 988, 988, 988, 1001, 1001, 1001, 1001, 1500, 1500, 1500, 1500]
[1500, 1499, 988, 1500, 988, 988, 988, 988, 1001, 1001, 1001, 1001, 1500, 1500, 1500, 1500]
[1500, 1499, 988, 1500, 988, 988, 988, 988, 1001, 1001, 1001, 1001, 1500, 1500, 1500, 1500]
[1500, 1499, 988, 1500, 988, 988, 988, 988, 1001, 1001, 1001, 1001, 1500, 1500, 1500, 1500]
[1500, 1500, 988, 1499, 988, 988, 988, 988, 1001, 1001, 1001, 1001, 1500, 1500, 1500, 1500]
12:56:11.433223 ALT: 1.64
12:56:11.433387 ATT: [0.0, 0.8, 113]
12:56:11.433834 ACC: [-7, 1, 515]
[1500, 1500, 988, 1499, 988, 988, 988, 988, 1001, 1001, 1001, 1001, 1500, 1500, 1500, 1500]
[1500, 1500, 988, 1499, 988, 988, 988, 988, 1001, 1001, 1001, 1001, 1500, 1500, 1500, 1500]
[1500, 1499, 988, 1500, 988, 988, 988, 988, 1001, 1001, 1001, 1001, 1500, 1500, 1500, 1500]
[1500, 1499, 988, 1500, 988, 988, 988, 988, 1001, 1001, 1001, 1001, 1500, 1500, 1500, 1500]
[1500, 1499, 988, 1500, 988, 988, 988, 988, 1001, 1001, 1001, 1001, 1500, 1500, 1500, 1500]
[1500, 1500, 988, 1500, 988, 988, 988, 988, 1001, 1001, 1001, 1001, 1500, 1500, 1500, 1500]
[1500, 1500, 988, 1500, 988, 988, 988, 988, 1001, 1001, 1001, 1001, 1500, 1500, 1500, 1500]
12:56:11.481331 ALT: 1.64
12:56:11.481438 ATT: [0.0, 0.8, 113]
12:56:11.481740 ACC: [-7, 1, 515]
[1500, 1500, 988, 1500, 988, 988, 988, 988, 1001, 1001, 1001, 1001, 1500, 1500, 1500, 1500]
[1500, 1500, 988, 1500, 988, 988, 988, 988, 1001, 1001, 1001, 1001, 1500, 1500, 1500, 1500]
[1500, 1500, 988, 1500, 988, 988, 988, 989, 1001, 1001, 1001, 1001, 1500, 1500, 1500, 1500]
[1500, 1500, 988, 1500, 988, 988, 988, 989, 1001, 1001, 1001, 1001, 1500, 1500, 1500, 1500]
[1500, 1499, 988, 1500, 988, 988, 988, 989, 1001, 1001, 1001, 1001, 1500, 1500, 1500, 1500]
[1500, 1499, 988, 1500, 988, 988, 988, 988, 1001, 1001, 1001, 1001, 1500, 1500, 1500, 1500]
[1500, 1499, 988, 1500, 988, 988, 988, 988, 1001, 1001, 1001, 1001, 1500, 1500, 1500, 1500]
[1500, 1500, 988, 1499, 988, 988, 988, 988, 1001, 1001, 1001, 1001, 1500, 1500, 1500, 1500]
12:56:11.529726 ALT: 1.64
12:56:11.529867 ATT: [0.0, 0.8, 113]
12:56:11.530107 ACC: [-7, 1, 515]
[1500, 1500, 988, 1499, 988, 988, 988, 988, 1001, 1001, 1001, 1001, 1500, 1500, 1500, 1500]
[1500, 1500, 988, 1499, 988, 988, 988, 988, 1001, 1001, 1001, 1001, 1500, 1500, 1500, 1500]
[1500, 1500, 988, 1500, 988, 988, 988, 988, 1001, 1001, 1001, 1001, 1500, 1500, 1500, 1500]
[1500, 1500, 988, 1500, 988, 988, 988, 988, 1001, 1001, 1001, 1001, 1500, 1500, 1500, 1500]
[1499, 1500, 988, 1500, 988, 988, 988, 988, 1001, 1001, 1001, 1001, 1500, 1500, 1500, 1500]
[1499, 1500, 988, 1500, 988, 988, 988, 988, 1001, 1001, 1001, 1001, 1500, 1500, 1500, 1500]
[1499, 1500, 988, 1500, 988, 988, 988, 988, 1001, 1001, 1001, 1001, 1500, 1500, 1500, 1500]
12:56:11.577154 ALT: 1.64
12:56:11.577238 ATT: [0.0, 0.8, 113]
12:56:11.577610 ACC: [-7, 1, 515]
[1500, 1500, 988, 1500, 988, 988, 988, 988, 1001, 1001, 1001, 1001, 1500, 1500, 1500, 1500]
[1500, 1500, 988, 1500, 988, 988, 988, 988, 1001, 1001, 1001, 1001, 1500, 1500, 1500, 1500]
[1500, 1500, 988, 1500, 988, 988, 988, 988, 1001, 1001, 1001, 1001, 1500, 1500, 1500, 1500]
[1500, 1500, 988, 1500, 988, 988, 988, 988, 1001, 1001, 1001, 1001, 1500, 1500, 1500, 1500]
[1500, 1499, 988, 1499, 988, 988, 988, 988, 1001, 1001, 1001, 1001, 1500, 1500, 1500, 1500]
[1500, 1499, 988, 1499, 988, 988, 988, 988, 1001, 1001, 1001, 1001, 1500, 1500, 1500, 1500]
[1500, 1499, 988, 1499, 988, 988, 988, 988, 1001, 1001, 1001, 1001, 1500, 1500, 1500, 1500]
12:56:11.625642 ALT: 1.64
12:56:11.625735 ATT: [0.0, 0.8, 113]
12:56:11.626099 ACC: [-8, 0, 515]
[1500, 1500, 986, 1500, 988, 988, 988, 988, 1001, 1001, 1001, 1001, 1500, 1500, 1500, 1500]
[1500, 1500, 986, 1500, 988, 988, 988, 988, 1001, 1001, 1001, 1001, 1500, 1500, 1500, 1500]
[1500, 1500, 986, 1500, 988, 988, 988, 988, 1001, 1001, 1001, 1001, 1500, 1500, 1500, 1500]
[1500, 1500, 988, 1500, 988, 988, 988, 988, 1001, 1001, 1001, 1001, 1500, 1500, 1500, 1500]
[1500, 1500, 988, 1500, 988, 988, 988, 988, 1001, 1001, 1001, 1001, 1500, 1500, 1500, 1500]
[1499, 1500, 988, 1500, 988, 988, 988, 988, 1001, 1001, 1001, 1001, 1500, 1500, 1500, 1500]
[1499, 1500, 988, 1500, 988, 988, 988, 988, 1001, 1001, 1001, 1001, 1500, 1500, 1500, 1500]
[1499, 1500, 988, 1500, 988, 988, 988, 988, 1001, 1001, 1001, 1001, 1500, 1500, 1500, 1500]
12:56:11.675782 ALT: 1.64
12:56:11.675866 ATT: [0.0, 0.9, 113]
12:56:11.676080 ACC: [-7, 1, 515]
[1500, 1500, 988, 1500, 988, 988, 988, 988, 1001, 1001, 1001, 1001, 1500, 1500, 1500, 1500]
[1500, 1500, 988, 1500, 988, 988, 988, 988, 1001, 1001, 1001, 1001, 1500, 1500, 1500, 1500]
[1500, 1500, 988, 1500, 988, 988, 988, 988, 1001, 1001, 1001, 1001, 1500, 1500, 1500, 1500]
[1499, 1500, 988, 1500, 988, 988, 988, 988, 1001, 1001, 1001, 1001, 1500, 1500, 1500, 1500]
[1499, 1500, 988, 1500, 988, 988, 988, 988, 1001, 1001, 1001, 1001, 1500, 1500, 1500, 1500]
[1499, 1500, 988, 1500, 988, 988, 988, 988, 1001, 1001, 1001, 1001, 1500, 1500, 1500, 1500]
12:56:11.721620 ALT: 1.64
12:56:11.721824 ATT: [0.0, 0.9, 113]
12:56:11.722114 ACC: [-8, 1, 515]
[1500, 1500, 988, 1500, 988, 988, 988, 988, 1001, 1001, 1001, 1001, 1500, 1500, 1500, 1500]
[1500, 1500, 988, 1500, 988, 988, 988, 988, 1001, 1001, 1001, 1001, 1500, 1500, 1500, 1500]
[1500, 1500, 988, 1500, 988, 988, 988, 988, 1001, 1001, 1001, 1001, 1500, 1500, 1500, 1500]
[1500, 1500, 988, 1500, 988, 988, 988, 988, 1001, 1001, 1001, 1001, 1500, 1500, 1500, 1500]
[1500, 1500, 988, 1500, 988, 988, 988, 988, 1001, 1001, 1001, 1001, 1500, 1500, 1500, 1500]
[1500, 1500, 988, 1500, 988, 988, 988, 988, 1001, 1001, 1001, 1001, 1500, 1500, 1500, 1500]
[1497, 1500, 988, 1500, 988, 988, 988, 988, 1001, 1001, 1001, 1001, 1500, 1500, 1500, 1500]
[1497, 1499, 988, 1500, 988, 988, 988, 988, 1001, 1001, 1001, 1001, 1500, 1500, 1500, 1500]
12:56:11.772041 ALT: 1.64
12:56:11.772200 ATT: [0.0, 0.9, 113]
12:56:11.772618 ACC: [-7, 0, 515]
[1497, 1499, 988, 1500, 988, 988, 988, 988, 1001, 1001, 1001, 1001, 1500, 1500, 1500, 1500]
[1499, 1499, 988, 1500, 988, 988, 988, 988, 1001, 1001, 1001, 1001, 1500, 1500, 1500, 1500]
[1499, 1500, 988, 1500, 988, 988, 988, 988, 1001, 1001, 1001, 1001, 1500, 1500, 1500, 1500]
[1499, 1500, 988, 1500, 988, 988, 988, 988, 1001, 1001, 1001, 1001, 1500, 1500, 1500, 1500]
[1500, 1500, 988, 1500, 988, 988, 988, 988, 1001, 1001, 1001, 1001, 1500, 1500, 1500, 1500]
[1500, 1500, 988, 1500, 988, 988, 988, 988, 1001, 1001, 1001, 1001, 1500, 1500, 1500, 1500]
[1500, 1500, 988, 1500, 988, 988, 988, 988, 1001, 1001, 1001, 1001, 1500, 1500, 1500, 1500]
12:56:11.817277 ALT: 1.64
12:56:11.817395 ATT: [0.0, 0.9, 113]
12:56:11.817718 ACC: [-7, 1, 515]
[1500, 1500, 988, 1500, 988, 988, 988, 988, 1001, 1001, 1001, 1001, 1500, 1500, 1500, 1500]
[1500, 1499, 988, 1500, 988, 988, 988, 988, 1001, 1001, 1001, 1001, 1500, 1500, 1500, 1500]
[1500, 1499, 988, 1500, 988, 988, 988, 988, 1001, 1001, 1001, 1001, 1500, 1500, 1500, 1500]
[1500, 1499, 988, 1500, 988, 988, 988, 988, 1001, 1001, 1001, 1001, 1500, 1500, 1500, 1500]
[1500, 1500, 986, 1500, 988, 988, 988, 988, 1001, 1001, 1001, 1001, 1500, 1500, 1500, 1500]
[1500, 1500, 986, 1500, 988, 988, 988, 988, 1001, 1001, 1001, 1001, 1500, 1500, 1500, 1500]
[1500, 1500, 986, 1500, 988, 988, 988, 988, 1001, 1001, 1001, 1001, 1500, 1500, 1500, 1500]
12:56:11.865424 ALT: 1.7
12:56:11.865569 ATT: [0.0, 0.9, 113]
12:56:11.865915 ACC: [-7, 1, 515]
[1500, 1499, 988, 1500, 988, 988, 988, 988, 1001, 1001, 1001, 1001, 1500, 1500, 1500, 1500]
[1500, 1499, 988, 1500, 988, 988, 988, 988, 1001, 1001, 1001, 1001, 1500, 1500, 1500, 1500]
[1500, 1499, 988, 1500, 988, 988, 988, 988, 1001, 1001, 1001, 1001, 1500, 1500, 1500, 1500]
[1500, 1500, 988, 1499, 988, 988, 988, 988, 1001, 1001, 1001, 1001, 1500, 1500, 1500, 1500]
[1500, 1500, 988, 1499, 988, 988, 988, 988, 1001, 1001, 1001, 1001, 1500, 1500, 1500, 1500]
[1500, 1500, 988, 1499, 988, 988, 988, 988, 1001, 1001, 1001, 1001, 1500, 1500, 1500, 1500]
[1500, 1500, 988, 1500, 988, 988, 988, 988, 1001, 1001, 1001, 1001, 1500, 1500, 1500, 1500]
12:56:11.913336 ALT: 1.72
12:56:11.913427 ATT: [0.0, 0.9, 113]
12:56:11.913824 ACC: [-7, 1, 515]
[1500, 1500, 988, 1500, 988, 988, 988, 988, 1001, 1001, 1001, 1001, 1500, 1500, 1500, 1500]
[1500, 1500, 988, 1500, 988, 988, 988, 988, 1001, 1001, 1001, 1001, 1500, 1500, 1500, 1500]
[1500, 1500, 988, 1499, 988, 988, 988, 988, 1001, 1001, 1001, 1001, 1500, 1500, 1500, 1500]
[1500, 1500, 988, 1499, 988, 988, 988, 988, 1001, 1001, 1001, 1001, 1500, 1500, 1500, 1500]
[1500, 1500, 988, 1499, 988, 988, 988, 988, 1001, 1001, 1001, 1001, 1500, 1500, 1500, 1500]
[1500, 1500, 988, 1500, 988, 988, 988, 988, 1001, 1001, 1001, 1001, 1500, 1500, 1500, 1500]
[1500, 1500, 988, 1500, 988, 988, 988, 988, 1001, 1001, 1001, 1001, 1500, 1500, 1500, 1500]
12:56:11.961287 ALT: 1.72
12:56:11.961382 ATT: [0.0, 0.9, 113]
12:56:11.961737 ACC: [-7, 1, 515]
[1499, 1500, 988, 1500, 988, 988, 988, 988, 1001, 1001, 1001, 1001, 1500, 1500, 1500, 1500]
[1499, 1500, 988, 1500, 988, 988, 988, 988, 1001, 1001, 1001, 1001, 1500, 1500, 1500, 1500]
[1499, 1500, 988, 1500, 988, 988, 988, 988, 1001, 1001, 1001, 1001, 1500, 1500, 1500, 1500]
[1500, 1500, 988, 1500, 988, 988, 988, 988, 1001, 1001, 1001, 1001, 1500, 1500, 1500, 1500]
[1500, 1500, 988, 1500, 988, 988, 988, 988, 1001, 1001, 1001, 1001, 1500, 1500, 1500, 1500]
[1500, 1500, 988, 1500, 988, 988, 988, 988, 1001, 1001, 1001, 1001, 1500, 1500, 1500, 1500]
[1500, 1500, 988, 1500, 988, 988, 988, 988, 1001, 1001, 1001, 1001, 1500, 1500, 1500, 1500]
[1500, 1499, 988, 1500, 988, 988, 988, 988, 1001, 1001, 1001, 1001, 1500, 1500, 1500, 1500]
12:56:12.010294 ALT: 1.72
12:56:12.010381 ATT: [0.0, 0.9, 113]
12:56:12.010627 ACC: [-7, 0, 515]
[1500, 1499, 988, 1500, 988, 988, 988, 988, 1001, 1001, 1001, 1001, 1500, 1500, 1500, 1500]
[1500, 1499, 988, 1500, 988, 988, 988, 988, 1001, 1001, 1001, 1001, 1500, 1500, 1500, 1500]
[1500, 1500, 988, 1500, 988, 988, 988, 988, 1001, 1001, 1001, 1001, 1500, 1500, 1500, 1500]
[1500, 1500, 988, 1500, 988, 988, 988, 989, 1001, 1001, 1001, 1001, 1500, 1500, 1500, 1500]
[1500, 1500, 988, 1500, 988, 988, 988, 989, 1001, 1001, 1001, 1001, 1500, 1500, 1500, 1500]
[1500, 1500, 988, 1500, 988, 988, 988, 989, 1001, 1001, 1001, 1001, 1500, 1500, 1500, 1500]
[1500, 1500, 988, 1500, 988, 988, 988, 988, 1001, 1001, 1001, 1001, 1500, 1500, 1500, 1500]
12:56:12.057841 ALT: 1.72
12:56:12.058082 ATT: [0.0, 0.8, 113]
12:56:12.058401 ACC: [-7, 0, 515]
[1499, 1500, 988, 1500, 988, 988, 988, 988, 1001, 1001, 1001, 1001, 1500, 1500, 1500, 1500]
[1499, 1500, 988, 1500, 988, 988, 988, 988, 1001, 1001, 1001, 1001, 1500, 1500, 1500, 1500]
[1499, 1500, 988, 1500, 988, 988, 988, 988, 1001, 1001, 1001, 1001, 1500, 1500, 1500, 1500]
[1499, 1500, 988, 1500, 988, 988, 988, 988, 1001, 1001, 1001, 1001, 1500, 1500, 1500, 1500]
[1499, 1500, 988, 1500, 988, 988, 988, 988, 1001, 1001, 1001, 1001, 1500, 1500, 1500, 1500]
[1499, 1500, 988, 1500, 988, 988, 988, 988, 1001, 1001, 1001, 1001, 1500, 1500, 1500, 1500]
[1500, 1500, 988, 1500, 988, 988, 988, 988, 1001, 1001, 1001, 1001, 1500, 1500, 1500, 1500]
12:56:12.106324 ALT: 1.72
12:56:12.106454 ATT: [0.0, 0.8, 113]
12:56:12.106879 ACC: [-7, 1, 515]
[1500, 1500, 988, 1500, 988, 988, 988, 988, 1001, 1001, 1001, 1001, 1500, 1500, 1500, 1500]
[1500, 1500, 988, 1500, 988, 988, 988, 988, 1001, 1001, 1001, 1001, 1500, 1500, 1500, 1500]
[1500, 1500, 988, 1500, 988, 988, 988, 988, 1001, 1001, 1001, 1001, 1500, 1500, 1500, 1500]
[1500, 1499, 988, 1499, 988, 988, 988, 988, 1001, 1001, 1001, 1001, 1500, 1500, 1500, 1500]
[1500, 1499, 988, 1499, 988, 988, 988, 988, 1001, 1001, 1001, 1001, 1500, 1500, 1500, 1500]
[1500, 1499, 988, 1499, 988, 988, 988, 988, 1001, 1001, 1001, 1001, 1500, 1500, 1500, 1500]
[1500, 1500, 988, 1500, 988, 988, 988, 988, 1001, 1001, 1001, 1001, 1500, 1500, 1500, 1500]
[1500, 1500, 988, 1500, 988, 988, 988, 988, 1001, 1001, 1001, 1001, 1500, 1500, 1500, 1500]
12:56:12.157178 ALT: 1.72
12:56:12.157415 ATT: [0.0, 0.8, 113]
12:56:12.157774 ACC: [-7, 0, 516]
[1500, 1500, 988, 1500, 988, 988, 988, 988, 1001, 1001, 1001, 1001, 1500, 1500, 1500, 1500]
[1500, 1499, 988, 1500, 988, 988, 988, 988, 1001, 1001, 1001, 1001, 1500, 1500, 1500, 1500]
[1500, 1499, 988, 1500, 988, 988, 988, 988, 1001, 1001, 1001, 1001, 1500, 1500, 1500, 1500]
[1500, 1499, 988, 1500, 988, 988, 988, 988, 1001, 1001, 1001, 1001, 1500, 1500, 1500, 1500]
[1500, 1500, 988, 1500, 988, 988, 989, 988, 1001, 1001, 1001, 1001, 1500, 1500, 1500, 1500]
[1500, 1500, 988, 1500, 988, 988, 989, 986, 1001, 1001, 1001, 1001, 1500, 1500, 1500, 1500]
12:56:12.202162 ALT: 1.72
12:56:12.202276 ATT: [0.0, 0.8, 113]
12:56:12.202613 ACC: [-7, 0, 515]
[1499, 1500, 988, 1500, 988, 988, 989, 986, 1001, 1001, 1001, 1001, 1500, 1500, 1500, 1500]
[1499, 1500, 988, 1500, 988, 988, 988, 986, 1001, 1001, 1001, 1001, 1500, 1500, 1500, 1500]
[1499, 1500, 988, 1500, 988, 988, 988, 988, 1001, 1001, 1001, 1001, 1500, 1500, 1500, 1500]
[1500, 1500, 988, 1500, 988, 988, 988, 988, 1001, 1001, 1001, 1001, 1500, 1500, 1500, 1500]
[1500, 1499, 988, 1500, 988, 988, 988, 988, 1001, 1001, 1001, 1001, 1500, 1500, 1500, 1500]
[1500, 1499, 988, 1500, 988, 988, 988, 988, 1001, 1001, 1001, 1001, 1500, 1500, 1500, 1500]
[1500, 1499, 988, 1500, 988, 988, 988, 988, 1001, 1001, 1001, 1001, 1500, 1500, 1500, 1500]
[1500, 1500, 988, 1500, 988, 988, 988, 988, 1001, 1001, 1001, 1001, 1500, 1500, 1500, 1500]
12:56:12.250840 ALT: 1.72
12:56:12.250998 ATT: [0.0, 0.8, 113]
12:56:12.255083 ACC: [-7, 1, 515]
[1500, 1500, 988, 1500, 988, 988, 988, 988, 1001, 1001, 1001, 1001, 1500, 1500, 1500, 1500]
[1499, 1500, 988, 1500, 988, 988, 988, 988, 1001, 1001, 1001, 1001, 1500, 1500, 1500, 1500]
[1499, 1500, 988, 1500, 988, 988, 988, 988, 1001, 1001, 1001, 1001, 1500, 1500, 1500, 1500]
[1499, 1500, 988, 1500, 988, 988, 988, 988, 1001, 1001, 1001, 1001, 1500, 1500, 1500, 1500]
[1500, 1500, 988, 1500, 988, 988, 988, 988, 1001, 1001, 1001, 1001, 1500, 1500, 1500, 1500]
[1500, 1500, 988, 1500, 988, 988, 988, 988, 1001, 1001, 1001, 1001, 1500, 1500, 1500, 1500]
[1500, 1500, 988, 1500, 988, 988, 988, 988, 1001, 1001, 1001, 1001, 1500, 1500, 1500, 1500]
[1500, 1500, 988, 1500, 988, 988, 988, 988, 1001, 1001, 1001, 1001, 1500, 1500, 1500, 1500]
[1500, 1500, 988, 1500, 988, 988, 988, 988, 1001, 1001, 1001, 1001, 1500, 1500, 1500, 1500]
12:56:12.313496 ALT: 1.72
12:56:12.313620 ATT: [0.0, 0.8, 113]
12:56:12.313997 ACC: [-8, 1, 516]
[1500, 1500, 988, 1500, 988, 988, 988, 988, 1001, 1001, 1001, 1001, 1500, 1500, 1500, 1500]
[1500, 1500, 988, 1500, 988, 988, 988, 988, 1001, 1001, 1001, 1001, 1500, 1500, 1500, 1500]
[1500, 1500, 988, 1499, 988, 988, 988, 988, 1001, 1001, 1001, 1001, 1500, 1500, 1500, 1500]
[1500, 1500, 988, 1499, 988, 988, 988, 988, 1001, 1001, 1001, 1001, 1500, 1500, 1500, 1500]
[1500, 1500, 988, 1499, 988, 988, 988, 988, 1001, 1001, 1001, 1001, 1500, 1500, 1500, 1500]
[1500, 1500, 988, 1500, 988, 988, 988, 988, 1001, 1001, 1001, 1001, 1500, 1500, 1500, 1500]
[1500, 1500, 988, 1500, 988, 988, 988, 988, 1001, 1001, 1001, 1001, 1500, 1500, 1500, 1500]
12:56:12.361754 ALT: 1.72
12:56:12.361849 ATT: [0.0, 0.8, 113]
12:56:12.362115 ACC: [-7, 1, 515]
[1497, 1500, 988, 1500, 988, 988, 988, 988, 1001, 1001, 1001, 1001, 1500, 1500, 1500, 1500]
[1497, 1500, 988, 1500, 988, 988, 988, 988, 1001, 1001, 1001, 1001, 1500, 1500, 1500, 1500]
[1497, 1500, 988, 1500, 988, 988, 988, 988, 1001, 1001, 1001, 1001, 1500, 1500, 1500, 1500]
[1499, 1500, 988, 1500, 988, 988, 988, 988, 1001, 1001, 1001, 1001, 1500, 1500, 1500, 1500]
[1499, 1500, 988, 1500, 988, 988, 988, 988, 1001, 1001, 1001, 1001, 1500, 1500, 1500, 1500]
[1499, 1500, 988, 1500, 988, 988, 988, 988, 1001, 1001, 1001, 1001, 1500, 1500, 1500, 1500]
[1499, 1500, 988, 1500, 988, 988, 988, 988, 1001, 1001, 1001, 1001, 1500, 1500, 1500, 1500]
[1499, 1500, 988, 1500, 988, 988, 988, 988, 1001, 1001, 1001, 1001, 1500, 1500, 1500, 1500]
12:56:12.409545 ALT: 1.72
12:56:12.409652 ATT: [0.0, 0.8, 113]
12:56:12.409932 ACC: [-8, 1, 515]
[1499, 1500, 988, 1500, 988, 988, 988, 988, 1001, 1001, 1001, 1001, 1500, 1500, 1500, 1500]
[1500, 1500, 988, 1500, 988, 988, 988, 988, 1001, 1001, 1001, 1001, 1500, 1500, 1500, 1500]
[1500, 1499, 988, 1500, 988, 988, 988, 988, 1001, 1001, 1001, 1001, 1500, 1500, 1500, 1500]
[1500, 1499, 988, 1500, 988, 988, 988, 988, 1001, 1001, 1001, 1001, 1500, 1500, 1500, 1500]
[1499, 1499, 988, 1500, 988, 988, 988, 988, 1001, 1001, 1001, 1001, 1500, 1500, 1500, 1500]
[1499, 1500, 988, 1500, 988, 988, 988, 988, 1001, 1001, 1001, 1001, 1500, 1500, 1500, 1500]
[1499, 1500, 988, 1500, 988, 988, 988, 988, 1001, 1001, 1001, 1001, 1500, 1500, 1500, 1500]
12:56:12.457462 ALT: 1.72
12:56:12.457630 ATT: [0.0, 0.9, 113]
12:56:12.458069 ACC: [-8, 1, 515]
[1500, 1500, 988, 1500, 988, 988, 988, 988, 1001, 1001, 1001, 1001, 1500, 1500, 1500, 1500]
[1500, 1500, 988, 1500, 988, 986, 988, 988, 1001, 1001, 1001, 1001, 1500, 1500, 1500, 1500]
[1500, 1500, 988, 1500, 988, 986, 988, 988, 1001, 1001, 1001, 1001, 1500, 1500, 1500, 1500]
[1500, 1500, 988, 1500, 988, 986, 988, 988, 1001, 1001, 1001, 1001, 1500, 1500, 1500, 1500]
[1500, 1500, 988, 1500, 988, 988, 988, 988, 1001, 1001, 1001, 1001, 1500, 1500, 1500, 1500]
[1500, 1500, 988, 1500, 988, 988, 988, 988, 1001, 1001, 1001, 1001, 1500, 1500, 1500, 1500]
[1499, 1500, 988, 1500, 988, 988, 988, 988, 1001, 1001, 1001, 1001, 1500, 1500, 1500, 1500]
12:56:12.506059 ALT: 1.72
12:56:12.506222 ATT: [0.0, 0.9, 113]
12:56:12.506894 ACC: [-8, 1, 516]
[1499, 1500, 988, 1500, 988, 988, 988, 988, 1001, 1001, 1001, 1001, 1500, 1500, 1500, 1500]
[1499, 1500, 988, 1500, 988, 988, 988, 988, 1001, 1001, 1001, 1001, 1500, 1500, 1500, 1500]
[1500, 1500, 988, 1500, 988, 988, 988, 988, 1001, 1001, 1001, 1001, 1500, 1500, 1500, 1500]
[1500, 1500, 988, 1499, 988, 988, 988, 988, 1001, 1001, 1001, 1001, 1500, 1500, 1500, 1500]
[1500, 1500, 988, 1499, 988, 988, 988, 988, 1001, 1001, 1001, 1001, 1500, 1500, 1500, 1500]
[1500, 1500, 988, 1499, 988, 988, 988, 988, 1001, 1001, 1001, 1001, 1500, 1500, 1500, 1500]
[1500, 1500, 988, 1500, 988, 988, 988, 988, 1001, 1001, 1001, 1001, 1500, 1500, 1500, 1500]
12:56:12.553666 ALT: 1.72
12:56:12.553852 ATT: [0.1, 0.8, 113]
12:56:12.554646 ACC: [-7, 1, 516]
[1500, 1500, 988, 1500, 988, 988, 988, 988, 1001, 1001, 1001, 1001, 1500, 1500, 1500, 1500]
[1501, 1500, 988, 1500, 988, 988, 988, 988, 1001, 1001, 1001, 1001, 1500, 1500, 1500, 1500]
[1501, 1497, 988, 1500, 988, 988, 988, 988, 1001, 1001, 1001, 1001, 1500, 1500, 1500, 1500]
[1501, 1497, 988, 1500, 988, 988, 988, 988, 1001, 1001, 1001, 1001, 1500, 1500, 1500, 1500]
[1499, 1497, 988, 1500, 988, 988, 988, 988, 1001, 1001, 1001, 1001, 1500, 1500, 1500, 1500]
[1499, 1500, 988, 1500, 988, 988, 988, 988, 1001, 1001, 1001, 1001, 1500, 1500, 1500, 1500]
[1499, 1500, 988, 1500, 988, 988, 988, 989, 1001, 1001, 1001, 1001, 1500, 1500, 1500, 1500]
12:56:12.603726 ALT: 1.72
12:56:12.603839 ATT: [0.1, 0.8, 113]
12:56:12.604164 ACC: [-8, 1, 516]
[1500, 1500, 988, 1500, 988, 988, 988, 989, 1001, 1001, 1001, 1001, 1500, 1500, 1500, 1500]
[1500, 1500, 988, 1500, 988, 988, 988, 989, 1001, 1001, 1001, 1001, 1500, 1500, 1500, 1500]
[1500, 1500, 988, 1500, 988, 988, 988, 988, 1001, 1001, 1001, 1001, 1500, 1500, 1500, 1500]
[1500, 1500, 988, 1500, 988, 988, 988, 988, 1001, 1001, 1001, 1001, 1500, 1500, 1500, 1500]
[1500, 1500, 988, 1499, 988, 988, 988, 988, 1001, 1001, 1001, 1001, 1500, 1500, 1500, 1500]
[1500, 1500, 988, 1499, 988, 988, 988, 988, 1001, 1001, 1001, 1001, 1500, 1500, 1500, 1500]
[1500, 1500, 988, 1499, 988, 988, 988, 988, 1001, 1001, 1001, 1001, 1500, 1500, 1500, 1500]
[1500, 1499, 988, 1500, 988, 988, 988, 988, 1001, 1001, 1001, 1001, 1500, 1500, 1500, 1500]
[1500, 1499, 988, 1500, 988, 988, 988, 988, 1001, 1001, 1001, 1001, 1500, 1500, 1500, 1500]
12:56:12.661732 ALT: 1.72
12:56:12.661856 ATT: [0.0, 0.8, 113]
12:56:12.662559 ACC: [-7, 0, 515]
[1499, 1499, 988, 1500, 988, 988, 988, 988, 1001, 1001, 1001, 1001, 1500, 1500, 1500, 1500]
[1499, 1500, 988, 1500, 988, 989, 986, 988, 1001, 1001, 1001, 1001, 1500, 1500, 1500, 1500]
[1499, 1500, 988, 1500, 988, 989, 986, 988, 1001, 1001, 1001, 1001, 1500, 1500, 1500, 1500]
[1499, 1500, 988, 1500, 988, 989, 986, 988, 1001, 1001, 1001, 1001, 1500, 1500, 1500, 1500]
[1499, 1500, 988, 1500, 988, 988, 988, 988, 1001, 1001, 1001, 1001, 1500, 1500, 1500, 1500]
[1499, 1500, 988, 1500, 988, 988, 988, 988, 1001, 1001, 1001, 1001, 1500, 1500, 1500, 1500]
[1500, 1500, 988, 1500, 988, 988, 988, 988, 1001, 1001, 1001, 1001, 1500, 1500, 1500, 1500]
[1500, 1499, 988, 1500, 988, 988, 988, 988, 1001, 1001, 1001, 1001, 1500, 1500, 1500, 1500]
12:56:12.713590 ALT: 1.72
12:56:12.713707 ATT: [0.0, 0.8, 113]
12:56:12.714110 ACC: [-8, 1, 515]
[1500, 1499, 988, 1500, 988, 988, 988, 988, 1001, 1001, 1001, 1001, 1500, 1500, 1500, 1500]
[1500, 1499, 988, 1500, 988, 988, 988, 988, 1001, 1001, 1001, 1001, 1500, 1500, 1500, 1500]
[1500, 1500, 988, 1499, 988, 988, 988, 988, 1001, 1001, 1001, 1001, 1500, 1500, 1500, 1500]
[1500, 1500, 988, 1499, 988, 988, 988, 988, 1001, 1001, 1001, 1001, 1500, 1500, 1500, 1500]
[1500, 1500, 988, 1499, 988, 988, 988, 988, 1001, 1001, 1001, 1001, 1500, 1500, 1500, 1500]
[1500, 1500, 988, 1500, 988, 988, 988, 988, 1001, 1001, 1001, 1001, 1500, 1500, 1500, 1500]
[1500, 1500, 988, 1500, 988, 988, 988, 988, 1001, 1001, 1001, 1001, 1500, 1500, 1500, 1500]
12:56:12.761927 ALT: 1.72
12:56:12.762034 ATT: [0.0, 0.8, 113]
12:56:12.762308 ACC: [-8, 0, 515]
[1500, 1500, 988, 1500, 988, 988, 988, 988, 1001, 1001, 1001, 1001, 1500, 1500, 1500, 1500]
[1500, 1500, 988, 1500, 988, 988, 988, 988, 1001, 1001, 1001, 1001, 1500, 1500, 1500, 1500]
[1500, 1500, 988, 1500, 988, 988, 988, 988, 1001, 1001, 1001, 1001, 1500, 1500, 1500, 1500]
[1500, 1500, 988, 1500, 988, 988, 988, 988, 1001, 1001, 1001, 1001, 1500, 1500, 1500, 1500]
[1500, 1499, 988, 1500, 988, 988, 988, 988, 1001, 1001, 1001, 1001, 1500, 1500, 1500, 1500]
[1500, 1499, 988, 1500, 988, 988, 988, 988, 1001, 1001, 1001, 1001, 1500, 1500, 1500, 1500]
[1500, 1499, 988, 1500, 988, 988, 988, 988, 1001, 1001, 1001, 1001, 1500, 1500, 1500, 1500]
[1500, 1500, 988, 1500, 988, 988, 988, 988, 1001, 1001, 1001, 1001, 1500, 1500, 1500, 1500]
12:56:12.811229 ALT: 1.72
12:56:12.811319 ATT: [0.0, 0.8, 113]
12:56:12.811606 ACC: [-7, 1, 515]
[1500, 1500, 988, 1500, 988, 988, 988, 988, 1001, 1001, 1001, 1001, 1500, 1500, 1500, 1500]
[1500, 1500, 988, 1500, 988, 988, 988, 988, 1001, 1001, 1001, 1001, 1500, 1500, 1500, 1500]
[1500, 1500, 988, 1500, 988, 988, 988, 988, 1001, 1001, 1001, 1001, 1500, 1500, 1500, 1500]
[1500, 1500, 988, 1500, 988, 988, 988, 988, 1001, 1001, 1001, 1001, 1500, 1500, 1500, 1500]
[1500, 1500, 988, 1500, 988, 988, 988, 988, 1001, 1001, 1001, 1001, 1500, 1500, 1500, 1500]
[1500, 1500, 988, 1499, 988, 988, 988, 988, 1001, 1001, 1001, 1001, 1500, 1500, 1500, 1500]
[1500, 1500, 988, 1499, 988, 988, 988, 988, 1001, 1001, 1001, 1001, 1500, 1500, 1500, 1500]
[1500, 1500, 988, 1499, 988, 988, 988, 988, 1001, 1001, 1001, 1001, 1500, 1500, 1500, 1500]
12:56:12.866107 ALT: 1.72
12:56:12.866220 ATT: [0.0, 0.9, 113]
12:56:12.866671 ACC: [-8, 1, 515]
[1500, 1499, 988, 1500, 988, 988, 988, 988, 1001, 1001, 1001, 1001, 1500, 1500, 1500, 1500]
[1500, 1499, 988, 1500, 988, 988, 988, 988, 1001, 1001, 1001, 1001, 1500, 1500, 1500, 1500]
[1499, 1499, 988, 1500, 988, 988, 988, 988, 1001, 1001, 1001, 1001, 1500, 1500, 1500, 1500]
[1499, 1500, 988, 1500, 988, 988, 988, 988, 1001, 1001, 1001, 1001, 1500, 1500, 1500, 1500]
[1499, 1500, 988, 1500, 988, 988, 988, 988, 1001, 1001, 1001, 1001, 1500, 1500, 1500, 1500]
[1500, 1500, 988, 1500, 988, 988, 988, 988, 1001, 1001, 1001, 1001, 1500, 1500, 1500, 1500]
[1500, 1500, 988, 1499, 988, 988, 988, 988, 1001, 1001, 1001, 1001, 1500, 1500, 1500, 1500]
[1500, 1500, 988, 1499, 988, 988, 988, 988, 1001, 1001, 1001, 1001, 1500, 1500, 1500, 1500]
[1500, 1500, 988, 1499, 988, 988, 988, 988, 1001, 1001, 1001, 1001, 1500, 1500, 1500, 1500]
12:56:12.927342 ALT: 1.72
12:56:12.927499 ATT: [0.0, 0.8, 113]
12:56:12.928131 ACC: [-7, 1, 515]
[1500, 1500, 988, 1500, 988, 988, 988, 988, 1001, 1001, 1001, 1001, 1500, 1500, 1500, 1500]
[1500, 1500, 988, 1500, 988, 988, 988, 988, 1001, 1001, 1001, 1001, 1500, 1500, 1500, 1500]
[1500, 1500, 988, 1500, 988, 988, 988, 988, 1001, 1001, 1001, 1001, 1500, 1500, 1500, 1500]
[1500, 1500, 988, 1500, 988, 988, 988, 988, 1001, 1001, 1001, 1001, 1500, 1500, 1500, 1500]
[1500, 1500, 988, 1500, 988, 988, 988, 988, 1001, 1001, 1001, 1001, 1500, 1500, 1500, 1500]
[1500, 1500, 988, 1500, 988, 988, 988, 988, 1001, 1001, 1001, 1001, 1500, 1500, 1500, 1500]
[1500, 1500, 988, 1501, 986, 988, 988, 988, 1001, 1001, 1001, 1001, 1500, 1500, 1500, 1500]
12:56:12.969658 ALT: 1.72
12:56:12.969835 ATT: [0.0, 0.9, 113]
12:56:12.970144 ACC: [-8, 1, 516]
[1500, 1500, 988, 1501, 986, 988, 988, 988, 1001, 1001, 1001, 1001, 1500, 1500, 1500, 1500]
[1500, 1500, 988, 1501, 986, 988, 988, 988, 1001, 1001, 1001, 1001, 1500, 1500, 1500, 1500]
[1500, 1500, 988, 1501, 985, 988, 988, 988, 1001, 1001, 1001, 1001, 1500, 1500, 1500, 1500]
[1500, 1500, 988, 1501, 985, 988, 988, 988, 1001, 1001, 1001, 1001, 1500, 1500, 1500, 1500]
[1500, 1500, 988, 1501, 985, 988, 988, 988, 1001, 1001, 1001, 1001, 1500, 1500, 1500, 1500]
[1500, 1499, 988, 1500, 988, 988, 988, 988, 1001, 1001, 1001, 1001, 1500, 1500, 1500, 1500]
[1500, 1499, 988, 1500, 988, 988, 988, 988, 1001, 1001, 1001, 1001, 1500, 1500, 1500, 1500]
12:56:13.017618 ALT: 1.72
12:56:13.017749 ATT: [0.0, 0.9, 113]
12:56:13.018048 ACC: [-8, 1, 515]
[1500, 1499, 988, 1500, 988, 988, 988, 988, 1001, 1001, 1001, 1001, 1500, 1500, 1500, 1500]
[1500, 1500, 988, 1499, 988, 988, 988, 988, 1001, 1001, 1001, 1001, 1500, 1500, 1500, 1500]
[1500, 1500, 988, 1499, 988, 988, 988, 988, 1001, 1001, 1001, 1001, 1500, 1500, 1500, 1500]
[1500, 1500, 988, 1499, 988, 988, 988, 988, 1001, 1001, 1001, 1001, 1500, 1500, 1500, 1500]
[1500, 1500, 988, 1499, 988, 988, 988, 988, 1001, 1001, 1001, 1001, 1500, 1500, 1500, 1500]
[1500, 1500, 988, 1499, 988, 988, 988, 988, 1001, 1001, 1001, 1001, 1500, 1500, 1500, 1500]
[1499, 1500, 988, 1499, 988, 988, 988, 988, 1001, 1001, 1001, 1001, 1500, 1500, 1500, 1500]
12:56:13.066261 ALT: 1.72
12:56:13.066421 ATT: [0.0, 0.9, 113]
12:56:13.066861 ACC: [-7, 0, 515]
[1499, 1500, 988, 1500, 989, 986, 988, 988, 1001, 1001, 1001, 1001, 1500, 1500, 1500, 1500]
[1499, 1500, 988, 1500, 989, 986, 988, 988, 1001, 1001, 1001, 1001, 1500, 1500, 1500, 1500]
[1500, 1500, 988, 1500, 989, 986, 988, 988, 1001, 1001, 1001, 1001, 1500, 1500, 1500, 1500]
[1500, 1500, 988, 1500, 988, 988, 988, 988, 1001, 1001, 1001, 1001, 1500, 1500, 1500, 1500]
[1500, 1500, 988, 1500, 988, 988, 988, 988, 1001, 1001, 1001, 1001, 1500, 1500, 1500, 1500]
[1499, 1500, 988, 1500, 988, 988, 988, 988, 1001, 1001, 1001, 1001, 1500, 1500, 1500, 1500]
[1499, 1500, 988, 1500, 988, 988, 988, 988, 1001, 1001, 1001, 1001, 1500, 1500, 1500, 1500]
12:56:13.113568 ALT: 1.72
12:56:13.113666 ATT: [0.0, 0.9, 113]
12:56:13.113947 ACC: [-8, 1, 515]
[1499, 1500, 988, 1500, 988, 988, 988, 988, 1001, 1001, 1001, 1001, 1500, 1500, 1500, 1500]
[1500, 1500, 988, 1500, 988, 988, 988, 988, 1001, 1001, 1001, 1001, 1500, 1500, 1500, 1500]
[1500, 1499, 988, 1500, 988, 988, 988, 988, 1001, 1001, 1001, 1001, 1500, 1500, 1500, 1500]
[1500, 1499, 988, 1500, 988, 988, 988, 988, 1001, 1001, 1001, 1001, 1500, 1500, 1500, 1500]
[1500, 1499, 988, 1500, 988, 988, 988, 988, 1001, 1001, 1001, 1001, 1500, 1500, 1500, 1500]
[1500, 1500, 988, 1500, 988, 988, 988, 988, 1001, 1001, 1001, 1001, 1500, 1500, 1500, 1500]
[1500, 1500, 988, 1500, 988, 988, 988, 988, 1001, 1001, 1001, 1001, 1500, 1500, 1500, 1500]
12:56:13.161663 ALT: 1.72
12:56:13.161768 ATT: [0.0, 0.9, 113]
12:56:13.162168 ACC: [-8, 1, 516]
[1500, 1500, 988, 1500, 988, 988, 988, 988, 1001, 1001, 1001, 1001, 1500, 1500, 1500, 1500]
[1500, 1500, 988, 1500, 988, 988, 988, 988, 1001, 1001, 1001, 1001, 1500, 1500, 1500, 1500]
[1500, 1500, 988, 1500, 988, 988, 988, 988, 1001, 1001, 1001, 1001, 1500, 1500, 1500, 1500]
[1500, 1500, 988, 1500, 988, 988, 988, 988, 1001, 1001, 1001, 1001, 1500, 1500, 1500, 1500]
[1500, 1500, 988, 1500, 988, 988, 988, 988, 1001, 1001, 1001, 1001, 1500, 1500, 1500, 1500]
[1500, 1500, 988, 1500, 988, 988, 988, 988, 1001, 1001, 1001, 1001, 1500, 1500, 1500, 1500]
[1500, 1500, 988, 1500, 988, 988, 988, 988, 1001, 1001, 1001, 1001, 1500, 1500, 1500, 1500]
[1500, 1500, 988, 1500, 988, 988, 988, 988, 1001, 1001, 1001, 1001, 1500, 1500, 1500, 1500]
12:56:13.209819 ALT: 1.72
12:56:13.209920 ATT: [0.0, 0.9, 113]
12:56:13.210262 ACC: [-7, 0, 515]
[1500, 1500, 988, 1500, 988, 988, 988, 988, 1001, 1001, 1001, 1001, 1500, 1500, 1500, 1500]
[1500, 1500, 988, 1500, 988, 988, 988, 988, 1001, 1001, 1001, 1001, 1500, 1500, 1500, 1500]
[1500, 1500, 988, 1500, 988, 988, 988, 988, 1001, 1001, 1001, 1001, 1500, 1500, 1500, 1500]
[1500, 1500, 988, 1500, 988, 988, 988, 988, 1001, 1001, 1001, 1001, 1500, 1500, 1500, 1500]
[1500, 1500, 988, 1500, 988, 988, 988, 988, 1001, 1001, 1001, 1001, 1500, 1500, 1500, 1500]
[1500, 1499, 988, 1500, 988, 988, 988, 988, 1001, 1001, 1001, 1001, 1500, 1500, 1500, 1500]
[1500, 1499, 988, 1500, 988, 988, 988, 988, 1001, 1001, 1001, 1001, 1500, 1500, 1500, 1500]
12:56:13.263528 ALT: 1.78
12:56:13.263788 ATT: [0.0, 0.9, 113]
12:56:13.264423 ACC: [-8, 1, 515]
[1499, 1499, 988, 1500, 988, 988, 988, 988, 1001, 1001, 1001, 1001, 1500, 1500, 1500, 1500]
[1499, 1500, 988, 1499, 988, 988, 988, 988, 1001, 1001, 1001, 1001, 1500, 1500, 1500, 1500]
[1499, 1500, 988, 1499, 988, 988, 988, 988, 1001, 1001, 1001, 1001, 1500, 1500, 1500, 1500]
[1500, 1500, 988, 1499, 988, 988, 988, 988, 1001, 1001, 1001, 1001, 1500, 1500, 1500, 1500]
[1500, 1500, 988, 1501, 985, 988, 988, 988, 1001, 1001, 1001, 1001, 1500, 1500, 1500, 1500]
[1500, 1500, 988, 1501, 985, 988, 988, 988, 1001, 1001, 1001, 1001, 1500, 1500, 1500, 1500]
[1500, 1500, 988, 1501, 985, 988, 988, 988, 1001, 1001, 1001, 1001, 1500, 1500, 1500, 1500]
12:56:13.305571 ALT: 1.81
12:56:13.306169 ATT: [0.0, 0.9, 113]
12:56:13.307024 ACC: [-8, 1, 515]
[1500, 1499, 988, 1500, 988, 988, 988, 988, 1001, 1001, 1001, 1001, 1500, 1500, 1500, 1500]
[1500, 1499, 988, 1500, 988, 988, 988, 988, 1001, 1001, 1001, 1001, 1500, 1500, 1500, 1500]
[1500, 1499, 988, 1500, 988, 988, 988, 988, 1001, 1001, 1001, 1001, 1500, 1500, 1500, 1500]
[1500, 1500, 988, 1500, 988, 988, 988, 988, 1001, 1001, 1001, 1001, 1500, 1500, 1500, 1500]
[1500, 1500, 988, 1500, 988, 988, 988, 988, 1001, 1001, 1001, 1001, 1500, 1500, 1500, 1500]
[1500, 1500, 988, 1500, 988, 988, 988, 988, 1001, 1001, 1001, 1001, 1500, 1500, 1500, 1500]
[1500, 1500, 988, 1500, 988, 988, 988, 988, 1001, 1001, 1001, 1001, 1500, 1500, 1500, 1500]
12:56:13.353838 ALT: 1.81
12:56:13.353996 ATT: [0.0, 0.9, 113]
12:56:13.354358 ACC: [-8, 1, 515]
[1500, 1500, 988, 1500, 988, 988, 988, 988, 1001, 1001, 1001, 1001, 1500, 1500, 1500, 1500]
[1500, 1500, 988, 1500, 988, 988, 988, 988, 1001, 1001, 1001, 1001, 1500, 1500, 1500, 1500]
[1500, 1500, 988, 1500, 989, 986, 988, 988, 1001, 1001, 1001, 1001, 1500, 1500, 1500, 1500]
[1500, 1500, 988, 1500, 989, 986, 988, 988, 1001, 1001, 1001, 1001, 1500, 1500, 1500, 1500]
[1500, 1500, 988, 1500, 989, 986, 988, 988, 1001, 1001, 1001, 1001, 1500, 1500, 1500, 1500]
[1500, 1500, 988, 1500, 988, 988, 988, 988, 1001, 1001, 1001, 1001, 1500, 1500, 1500, 1500]
12:56:13.401788 ALT: 1.81
12:56:13.401892 ATT: [0.0, 0.9, 113]
12:56:13.402203 ACC: [-8, 1, 515]
[1500, 1500, 988, 1500, 988, 988, 988, 988, 1001, 1001, 1001, 1001, 1500, 1500, 1500, 1500]
[1500, 1500, 988, 1500, 988, 988, 988, 988, 1001, 1001, 1001, 1001, 1500, 1500, 1500, 1500]
[1500, 1499, 988, 1499, 988, 988, 988, 988, 1001, 1001, 1001, 1001, 1500, 1500, 1500, 1500]
[1500, 1499, 988, 1499, 988, 988, 988, 988, 1001, 1001, 1001, 1001, 1500, 1500, 1500, 1500]
[1500, 1499, 988, 1499, 988, 988, 988, 988, 1001, 1001, 1001, 1001, 1500, 1500, 1500, 1500]
[1500, 1499, 988, 1500, 988, 989, 986, 988, 1001, 1001, 1001, 1001, 1500, 1500, 1500, 1500]
[1500, 1499, 988, 1500, 988, 989, 986, 988, 1001, 1001, 1001, 1001, 1500, 1500, 1500, 1500]
[1500, 1499, 988, 1500, 988, 989, 986, 988, 1001, 1001, 1001, 1001, 1500, 1500, 1500, 1500]
[1500, 1499, 988, 1500, 988, 988, 988, 988, 1001, 1001, 1001, 1001, 1500, 1500, 1500, 1500]
[1500, 1499, 988, 1500, 988, 988, 988, 988, 1001, 1001, 1001, 1001, 1500, 1500, 1500, 1500]
[1500, 1499, 988, 1500, 988, 988, 988, 988, 1001, 1001, 1001, 1001, 1500, 1500, 1500, 1500]
12:56:13.465791 ALT: 1.81
12:56:13.465942 ATT: [0.0, 0.9, 113]
12:56:13.466323 ACC: [-7, 1, 515]
[1500, 1499, 988, 1500, 988, 988, 988, 988, 1001, 1001, 1001, 1001, 1500, 1500, 1500, 1500]
[1500, 1499, 988, 1500, 988, 988, 988, 988, 1001, 1001, 1001, 1001, 1500, 1500, 1500, 1500]
[1500, 1499, 988, 1500, 988, 988, 988, 988, 1001, 1001, 1001, 1001, 1500, 1500, 1500, 1500]
[1500, 1500, 988, 1500, 988, 988, 988, 988, 1001, 1001, 1001, 1001, 1500, 1500, 1500, 1500]
[1500, 1500, 988, 1500, 988, 988, 988, 988, 1001, 1001, 1001, 1001, 1500, 1500, 1500, 1500]
12:56:13.514509 ALT: 1.81
12:56:13.514608 ATT: [0.0, 0.9, 113]
12:56:13.514864 ACC: [-8, 1, 515]
[1500, 1500, 988, 1500, 988, 988, 988, 988, 1001, 1001, 1001, 1001, 1500, 1500, 1500, 1500]
[1500, 1500, 988, 1500, 988, 988, 988, 988, 1001, 1001, 1001, 1001, 1500, 1500, 1500, 1500]
[1500, 1500, 988, 1500, 988, 988, 988, 988, 1001, 1001, 1001, 1001, 1500, 1500, 1500, 1500]
[1500, 1500, 988, 1500, 988, 988, 988, 988, 1001, 1001, 1001, 1001, 1500, 1500, 1500, 1500]
[1500, 1500, 988, 1500, 986, 988, 988, 988, 1001, 1001, 1001, 1001, 1500, 1500, 1500, 1500]
[1500, 1500, 988, 1500, 986, 988, 988, 988, 1001, 1001, 1001, 1001, 1500, 1500, 1500, 1500]
[1500, 1500, 988, 1500, 986, 988, 988, 988, 1001, 1001, 1001, 1001, 1500, 1500, 1500, 1500]
[1500, 1500, 988, 1500, 988, 988, 988, 988, 1001, 1001, 1001, 1001, 1500, 1500, 1500, 1500]
[1500, 1500, 988, 1500, 988, 988, 988, 988, 1001, 1001, 1001, 1001, 1500, 1500, 1500, 1500]
12:56:13.561653 ALT: 1.81
12:56:13.561770 ATT: [0.0, 0.9, 113]
12:56:13.562088 ACC: [-8, 0, 515]
[1500, 1500, 988, 1500, 988, 988, 988, 988, 1001, 1001, 1001, 1001, 1500, 1500, 1500, 1500]
[1500, 1499, 988, 1500, 988, 988, 988, 988, 1001, 1001, 1001, 1001, 1500, 1500, 1500, 1500]
[1500, 1499, 988, 1500, 988, 988, 988, 988, 1001, 1001, 1001, 1001, 1500, 1500, 1500, 1500]
[1500, 1499, 988, 1500, 988, 988, 988, 988, 1001, 1001, 1001, 1001, 1500, 1500, 1500, 1500]
[1500, 1500, 988, 1501, 986, 988, 988, 988, 1001, 1001, 1001, 1001, 1500, 1500, 1500, 1500]
[1500, 1500, 988, 1501, 986, 988, 988, 989, 1001, 1001, 1001, 1001, 1500, 1500, 1500, 1500]
[1500, 1500, 988, 1501, 986, 988, 988, 989, 1001, 1001, 1001, 1001, 1500, 1500, 1500, 1500]
[1500, 1499, 988, 1500, 988, 988, 988, 989, 1001, 1001, 1001, 1001, 1500, 1500, 1500, 1500]
12:56:13.609642 ALT: 1.81
12:56:13.609739 ATT: [0.0, 0.9, 113]
12:56:13.609983 ACC: [-8, 0, 516]
[1500, 1499, 988, 1500, 988, 988, 988, 988, 1001, 1001, 1001, 1001, 1500, 1500, 1500, 1500]
[1500, 1499, 988, 1500, 988, 988, 988, 988, 1001, 1001, 1001, 1001, 1500, 1500, 1500, 1500]
[1500, 1500, 988, 1500, 988, 988, 988, 988, 1001, 1001, 1001, 1001, 1500, 1500, 1500, 1500]
[1500, 1500, 988, 1500, 988, 988, 988, 991, 1001, 1001, 1001, 1001, 1500, 1500, 1500, 1500]
[1500, 1500, 988, 1500, 988, 988, 988, 991, 1001, 1001, 1001, 1001, 1500, 1500, 1500, 1500]
[1500, 1500, 988, 1500, 988, 988, 988, 991, 1001, 1001, 1001, 1001, 1500, 1500, 1500, 1500]
12:56:13.658182 ALT: 1.81
12:56:13.658367 ATT: [0.0, 0.9, 113]
12:56:13.658923 ACC: [-7, 1, 516]
[1500, 1500, 988, 1500, 988, 988, 988, 988, 1001, 1001, 1001, 1001, 1500, 1500, 1500, 1500]
[1500, 1500, 988, 1500, 988, 988, 988, 988, 1001, 1001, 1001, 1001, 1500, 1500, 1500, 1500]
[1500, 1500, 988, 1500, 988, 988, 988, 988, 1001, 1001, 1001, 1001, 1500, 1500, 1500, 1500]
[1500, 1500, 988, 1500, 988, 988, 988, 988, 1001, 1001, 1001, 1001, 1500, 1500, 1500, 1500]
[1500, 1500, 988, 1500, 988, 988, 988, 988, 1001, 1001, 1001, 1001, 1500, 1500, 1500, 1500]
[1500, 1500, 988, 1500, 988, 988, 988, 988, 1001, 1001, 1001, 1001, 1500, 1500, 1500, 1500]
[1500, 1500, 988, 1500, 988, 988, 988, 988, 1001, 1001, 1001, 1001, 1500, 1500, 1500, 1500]
[1500, 1500, 988, 1500, 988, 988, 988, 988, 1001, 1001, 1001, 1001, 1500, 1500, 1500, 1500]
12:56:13.705659 ALT: 1.81
12:56:13.705780 ATT: [0.0, 0.9, 113]
12:56:13.706121 ACC: [-8, 0, 516]
[1500, 1499, 988, 1500, 988, 988, 988, 988, 1001, 1001, 1001, 1001, 1500, 1500, 1500, 1500]
[1500, 1499, 988, 1500, 988, 988, 988, 988, 1001, 1001, 1001, 1001, 1500, 1500, 1500, 1500]
[1500, 1499, 988, 1500, 988, 988, 988, 988, 1001, 1001, 1001, 1001, 1500, 1500, 1500, 1500]
[1500, 1499, 988, 1500, 988, 988, 988, 988, 1001, 1001, 1001, 1001, 1500, 1500, 1500, 1500]
[1500, 1499, 988, 1500, 988, 988, 988, 988, 1001, 1001, 1001, 1001, 1500, 1500, 1500, 1500]
[1499, 1499, 988, 1500, 988, 988, 988, 988, 1001, 1001, 1001, 1001, 1500, 1500, 1500, 1500]
[1499, 1500, 988, 1500, 988, 988, 988, 988, 1001, 1001, 1001, 1001, 1500, 1500, 1500, 1500]
12:56:13.753900 ALT: 1.81
12:56:13.754002 ATT: [0.0, 0.9, 113]
12:56:13.754356 ACC: [-7, 1, 515]
[1499, 1500, 988, 1500, 988, 988, 988, 988, 1001, 1001, 1001, 1001, 1500, 1500, 1500, 1500]
[1500, 1500, 988, 1500, 988, 988, 988, 988, 1001, 1001, 1001, 1001, 1500, 1500, 1500, 1500]
[1500, 1499, 988, 1499, 991, 986, 986, 988, 1001, 1001, 1001, 1001, 1500, 1500, 1500, 1500]
[1500, 1499, 988, 1499, 991, 986, 986, 988, 1001, 1001, 1001, 1001, 1500, 1500, 1500, 1500]
[1500, 1499, 988, 1499, 991, 986, 986, 988, 1001, 1001, 1001, 1001, 1500, 1500, 1500, 1500]
[1500, 1500, 988, 1500, 988, 988, 988, 988, 1001, 1001, 1001, 1001, 1500, 1500, 1500, 1500]
[1500, 1500, 988, 1500, 988, 988, 988, 988, 1001, 1001, 1001, 1001, 1500, 1500, 1500, 1500]
12:56:13.802576 ALT: 1.81
12:56:13.802792 ATT: [0.0, 0.9, 113]
12:56:13.803152 ACC: [-8, 1, 516]
[1500, 1500, 988, 1500, 988, 988, 988, 988, 1001, 1001, 1001, 1001, 1500, 1500, 1500, 1500]
[1500, 1500, 988, 1500, 988, 988, 988, 988, 1001, 1001, 1001, 1001, 1500, 1500, 1500, 1500]
[1500, 1500, 988, 1500, 988, 988, 988, 988, 1001, 1001, 1001, 1001, 1500, 1500, 1500, 1500]
[1500, 1500, 988, 1500, 988, 988, 988, 988, 1001, 1001, 1001, 1001, 1500, 1500, 1500, 1500]
[1500, 1500, 988, 1500, 988, 988, 988, 988, 1001, 1001, 1001, 1001, 1500, 1500, 1500, 1500]
[1500, 1500, 988, 1500, 988, 988, 988, 988, 1001, 1001, 1001, 1001, 1500, 1500, 1500, 1500]
[1500, 1500, 988, 1500, 988, 988, 988, 988, 1001, 1001, 1001, 1001, 1500, 1500, 1500, 1500]
[1500, 1500, 988, 1500, 988, 988, 988, 988, 1001, 1001, 1001, 1001, 1500, 1500, 1500, 1500]
12:56:13.849766 ALT: 1.81
12:56:13.849872 ATT: [0.0, 0.9, 113]
12:56:13.850216 ACC: [-7, 1, 515]
[1500, 1500, 988, 1500, 988, 988, 988, 988, 1001, 1001, 1001, 1001, 1500, 1500, 1500, 1500]
[1500, 1500, 988, 1500, 988, 988, 988, 988, 1001, 1001, 1001, 1001, 1500, 1500, 1500, 1500]
[1500, 1499, 988, 1501, 986, 988, 988, 988, 1001, 1001, 1001, 1001, 1500, 1500, 1500, 1500]
[1500, 1499, 988, 1501, 986, 988, 988, 988, 1001, 1001, 1001, 1001, 1500, 1500, 1500, 1500]
[1500, 1499, 988, 1501, 986, 988, 988, 988, 1001, 1001, 1001, 1001, 1500, 1500, 1500, 1500]
[1500, 1499, 988, 1500, 988, 988, 988, 988, 1001, 1001, 1001, 1001, 1500, 1500, 1500, 1500]
[1500, 1499, 988, 1500, 988, 988, 988, 988, 1001, 1001, 1001, 1001, 1500, 1500, 1500, 1500]
12:56:13.897727 ALT: 1.81
12:56:13.897848 ATT: [0.0, 0.9, 113]
12:56:13.898228 ACC: [-7, 1, 516]
[1500, 1499, 988, 1500, 988, 988, 988, 988, 1001, 1001, 1001, 1001, 1500, 1500, 1500, 1500]
[1500, 1500, 988, 1500, 988, 988, 988, 988, 1001, 1001, 1001, 1001, 1500, 1500, 1500, 1500]
[1500, 1500, 988, 1500, 988, 988, 988, 988, 1001, 1001, 1001, 1001, 1500, 1500, 1500, 1500]
[1500, 1500, 988, 1500, 988, 988, 988, 988, 1001, 1001, 1001, 1001, 1500, 1500, 1500, 1500]
[1500, 1500, 988, 1501, 986, 988, 988, 988, 1001, 1001, 1001, 1001, 1500, 1500, 1500, 1500]
[1500, 1500, 988, 1501, 986, 988, 988, 988, 1001, 1001, 1001, 1001, 1500, 1500, 1500, 1500]
[1500, 1500, 988, 1501, 986, 988, 988, 988, 1001, 1001, 1001, 1001, 1500, 1500, 1500, 1500]
12:56:13.945785 ALT: 1.81
12:56:13.945908 ATT: [0.0, 0.9, 113]
12:56:13.946490 ACC: [-7, 0, 515]
[1500, 1500, 988, 1500, 988, 988, 988, 988, 1001, 1001, 1001, 1001, 1500, 1500, 1500, 1500]
[1500, 1500, 988, 1500, 988, 988, 988, 988, 1001, 1001, 1001, 1001, 1500, 1500, 1500, 1500]
[1499, 1500, 988, 1500, 988, 988, 988, 988, 1001, 1001, 1001, 1001, 1500, 1500, 1500, 1500]
[1499, 1500, 988, 1500, 988, 988, 988, 988, 1001, 1001, 1001, 1001, 1500, 1500, 1500, 1500]
[1499, 1500, 988, 1500, 988, 988, 988, 988, 1001, 1001, 1001, 1001, 1500, 1500, 1500, 1500]
[1500, 1500, 988, 1500, 988, 988, 988, 988, 1001, 1001, 1001, 1001, 1500, 1500, 1500, 1500]
[1500, 1500, 988, 1500, 988, 988, 988, 988, 1001, 1001, 1001, 1001, 1500, 1500, 1500, 1500]
12:56:13.995759 ALT: 1.81
12:56:13.995851 ATT: [0.0, 0.9, 113]
12:56:13.996389 ACC: [-8, 1, 515]
[1500, 1500, 988, 1500, 988, 988, 988, 988, 1001, 1001, 1001, 1001, 1500, 1500, 1500, 1500]
[1500, 1500, 988, 1500, 988, 988, 988, 988, 1001, 1001, 1001, 1001, 1500, 1500, 1500, 1500]
[1500, 1499, 988, 1500, 988, 988, 988, 988, 1001, 1001, 1001, 1001, 1500, 1500, 1500, 1500]
[1500, 1499, 988, 1500, 988, 988, 988, 988, 1001, 1001, 1001, 1001, 1500, 1500, 1500, 1500]
[1500, 1499, 988, 1500, 988, 988, 988, 988, 1001, 1001, 1001, 1001, 1500, 1500, 1500, 1500]
[1500, 1499, 988, 1500, 988, 988, 988, 988, 1001, 1001, 1001, 1001, 1500, 1500, 1500, 1500]
[1500, 1499, 988, 1500, 988, 988, 988, 988, 1001, 1001, 1001, 1001, 1500, 1500, 1500, 1500]
[1500, 1499, 988, 1500, 988, 988, 988, 988, 1001, 1001, 1001, 1001, 1500, 1500, 1500, 1500]
12:56:14.042961 ALT: 1.81
12:56:14.043101 ATT: [0.0, 0.9, 113]
12:56:14.043443 ACC: [-7, 1, 515]
[1500, 1500, 988, 1500, 988, 988, 988, 988, 1001, 1001, 1001, 1001, 1500, 1500, 1500, 1500]
[1500, 1500, 988, 1500, 988, 988, 988, 988, 1001, 1001, 1001, 1001, 1500, 1500, 1500, 1500]
[1499, 1500, 988, 1500, 988, 988, 988, 988, 1001, 1001, 1001, 1001, 1500, 1500, 1500, 1500]
[1499, 1500, 988, 1500, 988, 988, 988, 988, 1001, 1001, 1001, 1001, 1500, 1500, 1500, 1500]
[1499, 1500, 988, 1500, 988, 988, 988, 988, 1001, 1001, 1001, 1001, 1500, 1500, 1500, 1500]
[1500, 1500, 988, 1500, 988, 988, 988, 988, 1001, 1001, 1001, 1001, 1500, 1500, 1500, 1500]
[1500, 1500, 988, 1500, 988, 988, 988, 988, 1001, 1001, 1001, 1001, 1500, 1500, 1500, 1500]
12:56:14.092290 ALT: 1.81
12:56:14.093402 ATT: [0.0, 0.9, 113]
12:56:14.094807 ACC: [-8, 0, 515]
[1500, 1500, 988, 1500, 988, 988, 988, 988, 1001, 1001, 1001, 1001, 1500, 1500, 1500, 1500]
[1500, 1500, 988, 1500, 988, 988, 988, 988, 1001, 1001, 1001, 1001, 1500, 1500, 1500, 1500]
[1500, 1499, 988, 1500, 988, 988, 988, 988, 1001, 1001, 1001, 1001, 1500, 1500, 1500, 1500]
[1500, 1499, 988, 1500, 988, 988, 988, 988, 1001, 1001, 1001, 1001, 1500, 1500, 1500, 1500]
[1500, 1499, 988, 1500, 988, 988, 988, 988, 1001, 1001, 1001, 1001, 1500, 1500, 1500, 1500]
[1500, 1500, 988, 1500, 986, 988, 988, 988, 1001, 1001, 1001, 1001, 1500, 1500, 1500, 1500]
[1500, 1500, 988, 1500, 986, 988, 988, 988, 1001, 1001, 1001, 1001, 1500, 1500, 1500, 1500]
12:56:14.138615 ALT: 1.81
12:56:14.138788 ATT: [0.0, 0.9, 113]
12:56:14.139414 ACC: [-7, 1, 515]
[1500, 1500, 988, 1500, 986, 988, 988, 988, 1001, 1001, 1001, 1001, 1500, 1500, 1500, 1500]
[1500, 1500, 988, 1500, 988, 988, 988, 988, 1001, 1001, 1001, 1001, 1500, 1500, 1500, 1500]
[1500, 1500, 988, 1500, 988, 988, 988, 988, 1001, 1001, 1001, 1001, 1500, 1500, 1500, 1500]
[1500, 1500, 988, 1500, 988, 988, 988, 988, 1001, 1001, 1001, 1001, 1500, 1500, 1500, 1500]
[1500, 1499, 988, 1500, 988, 988, 988, 988, 1001, 1001, 1001, 1001, 1500, 1500, 1500, 1500]
[1500, 1499, 988, 1500, 988, 988, 988, 988, 1001, 1001, 1001, 1001, 1500, 1500, 1500, 1500]
[1500, 1499, 988, 1500, 988, 988, 988, 988, 1001, 1001, 1001, 1001, 1500, 1500, 1500, 1500]
12:56:14.186108 ALT: 1.81
12:56:14.186240 ATT: [0.0, 0.8, 113]
12:56:14.186574 ACC: [-8, 1, 515]
[1500, 1500, 988, 1500, 988, 988, 988, 988, 1001, 1001, 1001, 1001, 1500, 1500, 1500, 1500]
[1500, 1500, 988, 1500, 988, 988, 988, 988, 1001, 1001, 1001, 1001, 1500, 1500, 1500, 1500]
[1499, 1500, 988, 1500, 988, 988, 988, 988, 1001, 1001, 1001, 1001, 1500, 1500, 1500, 1500]
[1499, 1500, 988, 1500, 988, 988, 988, 988, 1001, 1001, 1001, 1001, 1500, 1500, 1500, 1500]
[1499, 1500, 988, 1500, 988, 988, 988, 988, 1001, 1001, 1001, 1001, 1500, 1500, 1500, 1500]
[1500, 1500, 988, 1500, 988, 988, 988, 988, 1001, 1001, 1001, 1001, 1500, 1500, 1500, 1500]
[1500, 1500, 988, 1500, 988, 988, 988, 988, 1001, 1001, 1001, 1001, 1500, 1500, 1500, 1500]
12:56:14.234781 ALT: 1.81
12:56:14.234956 ATT: [0.0, 0.9, 113]
12:56:14.235264 ACC: [-8, 1, 515]
[1500, 1500, 988, 1500, 988, 988, 988, 988, 1001, 1001, 1001, 1001, 1500, 1500, 1500, 1500]
[1500, 1500, 988, 1500, 988, 988, 988, 988, 1001, 1001, 1001, 1001, 1500, 1500, 1500, 1500]
[1500, 1500, 988, 1500, 988, 988, 988, 988, 1001, 1001, 1001, 1001, 1500, 1500, 1500, 1500]
[1500, 1500, 988, 1500, 988, 988, 988, 988, 1001, 1001, 1001, 1001, 1500, 1500, 1500, 1500]
[1500, 1500, 988, 1500, 988, 988, 988, 988, 1001, 1001, 1001, 1001, 1500, 1500, 1500, 1500]
[1500, 1499, 988, 1500, 989, 986, 988, 988, 1001, 1001, 1001, 1001, 1500, 1500, 1500, 1500]
[1500, 1499, 988, 1500, 989, 986, 988, 988, 1001, 1001, 1001, 1001, 1500, 1500, 1500, 1500]
[1500, 1499, 988, 1500, 989, 986, 988, 988, 1001, 1001, 1001, 1001, 1500, 1500, 1500, 1500]
[1500, 1500, 988, 1500, 988, 988, 988, 988, 1001, 1001, 1001, 1001, 1500, 1500, 1500, 1500]
[1500, 1500, 988, 1500, 988, 988, 988, 988, 1001, 1001, 1001, 1001, 1500, 1500, 1500, 1500]
12:56:14.300344 ALT: 1.81
12:56:14.300524 ATT: [0.0, 0.9, 113]
12:56:14.301067 ACC: [-8, 1, 515]
[1500, 1500, 988, 1500, 988, 988, 988, 988, 1001, 1001, 1001, 1001, 1500, 1500, 1500, 1500]
[1500, 1499, 988, 1500, 988, 988, 988, 988, 1001, 1001, 1001, 1001, 1500, 1500, 1500, 1500]
[1500, 1499, 988, 1500, 988, 988, 988, 988, 1001, 1001, 1001, 1001, 1500, 1500, 1500, 1500]
[1500, 1499, 988, 1500, 988, 988, 988, 988, 1001, 1001, 1001, 1001, 1500, 1500, 1500, 1500]
[1500, 1499, 988, 1500, 988, 988, 989, 988, 1001, 1001, 1001, 1001, 1500, 1500, 1500, 1500]
[1500, 1499, 988, 1500, 988, 988, 989, 988, 1001, 1001, 1001, 1001, 1500, 1500, 1500, 1500]
[1500, 1499, 988, 1500, 988, 988, 989, 988, 1001, 1001, 1001, 1001, 1500, 1500, 1500, 1500]
12:56:14.345887 ALT: 1.81
12:56:14.346139 ATT: [0.0, 0.9, 113]
12:56:14.346965 ACC: [-8, 1, 515]
[1500, 1500, 988, 1500, 988, 988, 988, 988, 1001, 1001, 1001, 1001, 1500, 1500, 1500, 1500]
[1500, 1500, 988, 1500, 988, 988, 988, 988, 1001, 1001, 1001, 1001, 1500, 1500, 1500, 1500]
[1499, 1500, 988, 1500, 988, 988, 988, 988, 1001, 1001, 1001, 1001, 1500, 1500, 1500, 1500]
[1499, 1500, 988, 1500, 988, 988, 988, 988, 1001, 1001, 1001, 1001, 1500, 1500, 1500, 1500]
[1499, 1500, 988, 1500, 988, 988, 988, 988, 1001, 1001, 1001, 1001, 1500, 1500, 1500, 1500]
[1500, 1500, 988, 1500, 988, 988, 988, 988, 1001, 1001, 1001, 1001, 1500, 1500, 1500, 1500]
[1500, 1500, 988, 1500, 988, 988, 988, 988, 1001, 1001, 1001, 1001, 1500, 1500, 1500, 1500]
12:56:14.394539 ALT: 1.81
12:56:14.394668 ATT: [0.0, 0.9, 113]
12:56:14.396331 ACC: [-8, 1, 515]
[1500, 1500, 988, 1500, 988, 988, 988, 988, 1001, 1001, 1001, 1001, 1500, 1500, 1500, 1500]
[1500, 1500, 988, 1500, 988, 988, 988, 988, 1001, 1001, 1001, 1001, 1500, 1500, 1500, 1500]
[1500, 1499, 988, 1500, 988, 988, 988, 988, 1001, 1001, 1001, 1001, 1500, 1500, 1500, 1500]
[1500, 1499, 988, 1500, 988, 988, 988, 988, 1001, 1001, 1001, 1001, 1500, 1500, 1500, 1500]
[1500, 1499, 988, 1500, 988, 988, 988, 988, 1001, 1001, 1001, 1001, 1500, 1500, 1500, 1500]
[1500, 1500, 988, 1500, 988, 989, 986, 988, 1001, 1001, 1001, 1001, 1500, 1500, 1500, 1500]
[1500, 1500, 988, 1500, 988, 989, 986, 988, 1001, 1001, 1001, 1001, 1500, 1500, 1500, 1500]
[1500, 1500, 988, 1500, 988, 989, 986, 988, 1001, 1001, 1001, 1001, 1500, 1500, 1500, 1500]
[1500, 1500, 988, 1500, 988, 988, 988, 988, 1001, 1001, 1001, 1001, 1500, 1500, 1500, 1500]
[1500, 1500, 988, 1500, 988, 988, 988, 988, 1001, 1001, 1001, 1001, 1500, 1500, 1500, 1500]
[1499, 1500, 988, 1500, 988, 988, 988, 988, 1001, 1001, 1001, 1001, 1500, 1500, 1500, 1500]
12:56:14.463657 ALT: 1.81
12:56:14.463779 ATT: [0.0, 0.9, 113]
12:56:14.464195 ACC: [-7, 1, 515]
[1499, 1499, 988, 1500, 988, 988, 988, 988, 1001, 1001, 1001, 1001, 1500, 1500, 1500, 1500]
[1499, 1499, 988, 1500, 988, 988, 988, 988, 1001, 1001, 1001, 1001, 1500, 1500, 1500, 1500]
[1500, 1499, 988, 1500, 988, 988, 988, 988, 1001, 1001, 1001, 1001, 1500, 1500, 1500, 1500]
[1500, 1500, 988, 1500, 988, 988, 988, 988, 1001, 1001, 1001, 1001, 1500, 1500, 1500, 1500]
[1500, 1500, 988, 1500, 988, 988, 988, 988, 1001, 1001, 1001, 1001, 1500, 1500, 1500, 1500]
[1499, 1500, 988, 1500, 988, 988, 988, 988, 1001, 1001, 1001, 1001, 1500, 1500, 1500, 1500]
12:56:14.505740 ALT: 1.81
12:56:14.505859 ATT: [0.0, 0.9, 113]
12:56:14.506168 ACC: [-8, 0, 515]
[1499, 1500, 988, 1500, 988, 988, 988, 988, 1001, 1001, 1001, 1001, 1500, 1500, 1500, 1500]
[1499, 1500, 988, 1500, 988, 988, 988, 988, 1001, 1001, 1001, 1001, 1500, 1500, 1500, 1500]
[1499, 1500, 988, 1500, 988, 988, 988, 988, 1001, 1001, 1001, 1001, 1500, 1500, 1500, 1500]
[1499, 1500, 988, 1500, 988, 988, 988, 988, 1001, 1001, 1001, 1001, 1500, 1500, 1500, 1500]
[1499, 1500, 988, 1500, 988, 988, 988, 988, 1001, 1001, 1001, 1001, 1500, 1500, 1500, 1500]
[1500, 1500, 988, 1500, 988, 988, 988, 988, 1001, 1001, 1001, 1001, 1500, 1500, 1500, 1500]
[1500, 1500, 988, 1500, 988, 988, 988, 988, 1001, 1001, 1001, 1001, 1500, 1500, 1500, 1500]
12:56:14.553748 ALT: 1.81
12:56:14.553858 ATT: [0.0, 0.9, 113]
12:56:14.554229 ACC: [-7, 1, 516]
[1500, 1500, 988, 1500, 988, 988, 988, 988, 1001, 1001, 1001, 1001, 1500, 1500, 1500, 1500]
[1500, 1500, 988, 1500, 988, 988, 988, 988, 1001, 1001, 1001, 1001, 1500, 1500, 1500, 1500]
[1500, 1499, 988, 1500, 989, 986, 988, 988, 1001, 1001, 1001, 1001, 1500, 1500, 1500, 1500]
[1500, 1499, 988, 1500, 989, 986, 988, 988, 1001, 1001, 1001, 1001, 1500, 1500, 1500, 1500]
[1500, 1499, 988, 1500, 989, 986, 988, 988, 1001, 1001, 1001, 1001, 1500, 1500, 1500, 1500]
[1500, 1500, 988, 1500, 988, 988, 988, 988, 1001, 1001, 1001, 1001, 1500, 1500, 1500, 1500]
[1500, 1500, 988, 1500, 988, 988, 988, 988, 1001, 1001, 1001, 1001, 1500, 1500, 1500, 1500]
[1500, 1500, 988, 1500, 988, 988, 988, 988, 1001, 1001, 1001, 1001, 1500, 1500, 1500, 1500]
[1500, 1499, 988, 1500, 988, 988, 988, 988, 1001, 1001, 1001, 1001, 1500, 1500, 1500, 1500]
[1500, 1499, 988, 1500, 988, 988, 988, 988, 1001, 1001, 1001, 1001, 1500, 1500, 1500, 1500]
12:56:14.617727 ALT: 1.81
12:56:14.617854 ATT: [0.0, 0.9, 113]
12:56:14.618271 ACC: [-8, 0, 515]
[1500, 1499, 988, 1500, 988, 988, 988, 988, 1001, 1001, 1001, 1001, 1500, 1500, 1500, 1500]
[1500, 1500, 988, 1500, 988, 988, 988, 988, 1001, 1001, 1001, 1001, 1500, 1500, 1500, 1500]
[1500, 1500, 988, 1500, 988, 988, 988, 988, 1001, 1001, 1001, 1001, 1500, 1500, 1500, 1500]
[1500, 1500, 988, 1500, 988, 988, 988, 988, 1001, 1001, 1001, 1001, 1500, 1500, 1500, 1500]
[1500, 1500, 988, 1500, 988, 988, 988, 988, 1001, 1001, 1001, 1001, 1500, 1500, 1500, 1500]
[1500, 1500, 988, 1500, 988, 988, 988, 988, 1001, 1001, 1001, 1001, 1500, 1500, 1500, 1500]
[1500, 1500, 988, 1500, 988, 988, 988, 988, 1001, 1001, 1001, 1001, 1500, 1500, 1500, 1500]
12:56:14.665787 ALT: 1.81
12:56:14.665909 ATT: [0.0, 0.9, 113]
12:56:14.666236 ACC: [-7, 1, 515]
[1500, 1500, 988, 1500, 988, 988, 988, 988, 1001, 1001, 1001, 1001, 1500, 1500, 1500, 1500]
[1500, 1500, 988, 1500, 988, 988, 988, 988, 1001, 1001, 1001, 1001, 1500, 1500, 1500, 1500]
[1499, 1500, 988, 1500, 988, 988, 988, 988, 1001, 1001, 1001, 1001, 1500, 1500, 1500, 1500]
[1499, 1500, 988, 1500, 988, 988, 988, 988, 1001, 1001, 1001, 1001, 1500, 1500, 1500, 1500]
[1499, 1500, 988, 1500, 988, 988, 988, 988, 1001, 1001, 1001, 1001, 1500, 1500, 1500, 1500]
[1500, 1500, 988, 1500, 988, 988, 988, 988, 1001, 1001, 1001, 1001, 1500, 1500, 1500, 1500]
[1500, 1500, 988, 1500, 988, 988, 988, 988, 1001, 1001, 1001, 1001, 1500, 1500, 1500, 1500]
12:56:14.713756 ALT: 1.81
12:56:14.713858 ATT: [0.0, 0.9, 113]
12:56:14.714146 ACC: [-8, 1, 516]
[1500, 1500, 988, 1500, 988, 988, 988, 988, 1001, 1001, 1001, 1001, 1500, 1500, 1500, 1500]
[1500, 1500, 988, 1500, 988, 988, 988, 988, 1001, 1001, 1001, 1001, 1500, 1500, 1500, 1500]
[1500, 1500, 988, 1500, 988, 988, 988, 988, 1001, 1001, 1001, 1001, 1500, 1500, 1500, 1500]
[1500, 1500, 988, 1500, 988, 988, 988, 988, 1001, 1001, 1001, 1001, 1500, 1500, 1500, 1500]
[1499, 1500, 988, 1500, 988, 988, 988, 988, 1001, 1001, 1001, 1001, 1500, 1500, 1500, 1500]
[1499, 1500, 988, 1500, 988, 988, 988, 988, 1001, 1001, 1001, 1001, 1500, 1500, 1500, 1500]
[1499, 1500, 988, 1500, 988, 988, 988, 988, 1001, 1001, 1001, 1001, 1500, 1500, 1500, 1500]
12:56:14.761745 ALT: 1.81
12:56:14.761847 ATT: [0.0, 0.9, 113]
12:56:14.762133 ACC: [-7, 1, 515]
[1497, 1500, 988, 1500, 988, 988, 988, 988, 1001, 1001, 1001, 1001, 1500, 1500, 1500, 1500]
[1497, 1500, 988, 1500, 986, 988, 988, 988, 1001, 1001, 1001, 1001, 1500, 1500, 1500, 1500]
[1497, 1500, 988, 1500, 986, 988, 988, 988, 1001, 1001, 1001, 1001, 1500, 1500, 1500, 1500]
[1500, 1500, 988, 1500, 986, 988, 988, 988, 1001, 1001, 1001, 1001, 1500, 1500, 1500, 1500]
[1500, 1500, 988, 1500, 988, 988, 988, 988, 1001, 1001, 1001, 1001, 1500, 1500, 1500, 1500]
[1500, 1500, 988, 1500, 988, 988, 988, 988, 1001, 1001, 1001, 1001, 1500, 1500, 1500, 1500]
[1500, 1500, 988, 1500, 988, 988, 988, 988, 1001, 1001, 1001, 1001, 1500, 1500, 1500, 1500]
12:56:14.809835 ALT: 1.81
12:56:14.809982 ATT: [0.0, 0.9, 113]
12:56:14.810538 ACC: [-7, 1, 515]
[1500, 1500, 989, 1499, 988, 988, 988, 988, 1001, 1001, 1001, 1001, 1500, 1500, 1500, 1500]
[1500, 1500, 989, 1499, 988, 988, 988, 988, 1001, 1001, 1001, 1001, 1500, 1500, 1500, 1500]
[1500, 1500, 989, 1499, 988, 988, 988, 988, 1001, 1001, 1001, 1001, 1500, 1500, 1500, 1500]
[1500, 1500, 988, 1500, 988, 988, 988, 988, 1001, 1001, 1001, 1001, 1500, 1500, 1500, 1500]
[1500, 1500, 988, 1500, 988, 988, 988, 988, 1001, 1001, 1001, 1001, 1500, 1500, 1500, 1500]
[1500, 1500, 988, 1500, 988, 988, 988, 988, 1001, 1001, 1001, 1001, 1500, 1500, 1500, 1500]
[1500, 1500, 988, 1500, 988, 988, 988, 988, 1001, 1001, 1001, 1001, 1500, 1500, 1500, 1500]
12:56:14.858058 ALT: 1.81
12:56:14.858172 ATT: [0.0, 0.9, 113]
12:56:14.858461 ACC: [-8, 1, 515]
[1500, 1500, 988, 1500, 988, 988, 988, 988, 1001, 1001, 1001, 1001, 1500, 1500, 1500, 1500]
[1499, 1500, 988, 1500, 988, 988, 988, 988, 1001, 1001, 1001, 1001, 1500, 1500, 1500, 1500]
[1499, 1500, 988, 1500, 988, 988, 988, 988, 1001, 1001, 1001, 1001, 1500, 1500, 1500, 1500]
[1499, 1500, 988, 1500, 988, 988, 988, 988, 1001, 1001, 1001, 1001, 1500, 1500, 1500, 1500]
[1500, 1500, 988, 1500, 988, 988, 988, 988, 1001, 1001, 1001, 1001, 1500, 1500, 1500, 1500]
[1500, 1500, 988, 1500, 988, 988, 988, 988, 1001, 1001, 1001, 1001, 1500, 1500, 1500, 1500]
[1500, 1500, 988, 1500, 988, 988, 988, 988, 1001, 1001, 1001, 1001, 1500, 1500, 1500, 1500]
[1500, 1500, 988, 1500, 988, 988, 988, 988, 1001, 1001, 1001, 1001, 1500, 1500, 1500, 1500]
12:56:14.905973 ALT: 1.81
12:56:14.906166 ATT: [0.0, 0.9, 113]
12:56:14.906755 ACC: [-7, 1, 515]
[1500, 1500, 986, 1500, 988, 988, 988, 988, 1001, 1001, 1001, 1001, 1500, 1500, 1500, 1500]
[1500, 1500, 986, 1500, 988, 988, 988, 988, 1001, 1001, 1001, 1001, 1500, 1500, 1500, 1500]
[1500, 1500, 986, 1500, 988, 988, 988, 988, 1001, 1001, 1001, 1001, 1500, 1500, 1500, 1500]
[1500, 1500, 988, 1500, 988, 988, 988, 988, 1001, 1001, 1001, 1001, 1500, 1500, 1500, 1500]
[1500, 1500, 988, 1500, 988, 988, 988, 988, 1001, 1001, 1001, 1001, 1500, 1500, 1500, 1500]
[1500, 1500, 988, 1500, 988, 988, 988, 988, 1001, 1001, 1001, 1001, 1500, 1500, 1500, 1500]
[1500, 1499, 988, 1500, 988, 988, 988, 988, 1001, 1001, 1001, 1001, 1500, 1500, 1500, 1500]
12:56:14.954615 ALT: 1.81
12:56:14.954932 ATT: [0.0, 0.9, 113]
12:56:14.957484 ACC: [-7, 0, 515]
[1500, 1499, 988, 1500, 988, 988, 988, 988, 1001, 1001, 1001, 1001, 1500, 1500, 1500, 1500]
[1499, 1499, 988, 1500, 988, 988, 988, 988, 1001, 1001, 1001, 1001, 1500, 1500, 1500, 1500]
[1499, 1500, 988, 1500, 988, 986, 988, 988, 1001, 1001, 1001, 1001, 1500, 1500, 1500, 1500]
[1499, 1500, 988, 1500, 988, 986, 988, 988, 1001, 1001, 1001, 1001, 1500, 1500, 1500, 1500]
[1500, 1500, 988, 1500, 988, 986, 988, 988, 1001, 1001, 1001, 1001, 1500, 1500, 1500, 1500]
[1500, 1500, 988, 1500, 988, 988, 988, 988, 1001, 1001, 1001, 1001, 1500, 1500, 1500, 1500]
[1500, 1500, 988, 1500, 988, 988, 988, 988, 1001, 1001, 1001, 1001, 1500, 1500, 1500, 1500]
12:56:15.001739 ALT: 1.81
12:56:15.001865 ATT: [0.0, 0.9, 113]
12:56:15.002233 ACC: [-8, 1, 515]
[1500, 1500, 988, 1500, 988, 988, 988, 988, 1001, 1001, 1001, 1001, 1500, 1500, 1500, 1500]
[1500, 1500, 988, 1500, 988, 988, 988, 988, 1001, 1001, 1001, 1001, 1500, 1500, 1500, 1500]
[1500, 1500, 988, 1500, 988, 988, 988, 988, 1001, 1001, 1001, 1001, 1500, 1500, 1500, 1500]
[1500, 1500, 988, 1500, 988, 988, 988, 988, 1001, 1001, 1001, 1001, 1500, 1500, 1500, 1500]
[1500, 1499, 988, 1500, 988, 988, 988, 988, 1001, 1001, 1001, 1001, 1500, 1500, 1500, 1500]
[1500, 1499, 988, 1500, 988, 988, 988, 988, 1001, 1001, 1001, 1001, 1500, 1500, 1500, 1500]
[1500, 1499, 988, 1500, 988, 988, 988, 988, 1001, 1001, 1001, 1001, 1500, 1500, 1500, 1500]
[1500, 1499, 988, 1500, 988, 988, 988, 988, 1001, 1001, 1001, 1001, 1500, 1500, 1500, 1500]
12:56:15.049858 ALT: 1.81
12:56:15.049991 ATT: [0.0, 0.9, 113]
12:56:15.056148 ACC: [-7, 0, 515]
[1500, 1499, 988, 1500, 988, 988, 988, 988, 1001, 1001, 1001, 1001, 1500, 1500, 1500, 1500]
[1501, 1499, 988, 1500, 988, 988, 988, 988, 1001, 1001, 1001, 1001, 1500, 1500, 1500, 1500]
[1501, 1497, 988, 1500, 988, 988, 988, 988, 1001, 1001, 1001, 1001, 1500, 1500, 1500, 1500]
[1501, 1497, 988, 1500, 988, 988, 988, 988, 1001, 1001, 1001, 1001, 1500, 1500, 1500, 1500]
[1500, 1497, 988, 1500, 988, 988, 988, 988, 1001, 1001, 1001, 1001, 1500, 1500, 1500, 1500]
[1500, 1500, 988, 1500, 988, 988, 988, 988, 1001, 1001, 1001, 1001, 1500, 1500, 1500, 1500]
[1500, 1500, 988, 1500, 988, 988, 988, 988, 1001, 1001, 1001, 1001, 1500, 1500, 1500, 1500]
12:56:15.097826 ALT: 1.81
12:56:15.097931 ATT: [0.0, 0.9, 113]
12:56:15.098218 ACC: [-7, 0, 516]
[1500, 1500, 988, 1500, 988, 988, 988, 988, 1001, 1001, 1001, 1001, 1500, 1500, 1500, 1500]
[1500, 1500, 988, 1500, 988, 988, 988, 988, 1001, 1001, 1001, 1001, 1500, 1500, 1500, 1500]
[1500, 1500, 988, 1500, 988, 988, 988, 988, 1001, 1001, 1001, 1001, 1500, 1500, 1500, 1500]
[1499, 1500, 988, 1500, 988, 988, 988, 988, 1001, 1001, 1001, 1001, 1500, 1500, 1500, 1500]
[1499, 1500, 988, 1500, 988, 988, 988, 988, 1001, 1001, 1001, 1001, 1500, 1500, 1500, 1500]
[1499, 1500, 988, 1500, 988, 988, 988, 988, 1001, 1001, 1001, 1001, 1500, 1500, 1500, 1500]
[1499, 1500, 988, 1500, 988, 988, 988, 988, 1001, 1001, 1001, 1001, 1500, 1500, 1500, 1500]
[1499, 1500, 988, 1500, 988, 988, 988, 988, 1001, 1001, 1001, 1001, 1500, 1500, 1500, 1500]
12:56:15.151345 ALT: 1.81
12:56:15.151451 ATT: [0.0, 0.8, 113]
12:56:15.151796 ACC: [-7, 1, 515]
[1499, 1500, 988, 1500, 988, 988, 988, 988, 1001, 1001, 1001, 1001, 1500, 1500, 1500, 1500]
[1500, 1500, 988, 1500, 988, 988, 988, 988, 1001, 1001, 1001, 1001, 1500, 1500, 1500, 1500]
[1500, 1499, 988, 1500, 988, 988, 988, 988, 1001, 1001, 1001, 1001, 1500, 1500, 1500, 1500]
[1500, 1499, 988, 1500, 988, 988, 988, 988, 1001, 1001, 1001, 1001, 1500, 1500, 1500, 1500]
[1500, 1499, 988, 1500, 988, 988, 988, 988, 1001, 1001, 1001, 1001, 1500, 1500, 1500, 1500]
[1500, 1499, 988, 1500, 988, 988, 989, 988, 1001, 1001, 1001, 1001, 1500, 1500, 1500, 1500]
12:56:15.194464 ALT: 1.81
12:56:15.194569 ATT: [0.0, 0.9, 113]
12:56:15.194855 ACC: [-8, 1, 515]
[1500, 1499, 988, 1500, 988, 988, 989, 986, 1001, 1001, 1001, 1001, 1500, 1500, 1500, 1500]
[1500, 1499, 988, 1500, 988, 988, 989, 986, 1001, 1001, 1001, 1001, 1500, 1500, 1500, 1500]
[1500, 1500, 988, 1500, 988, 988, 988, 986, 1001, 1001, 1001, 1001, 1500, 1500, 1500, 1500]
[1500, 1500, 988, 1500, 988, 988, 988, 988, 1001, 1001, 1001, 1001, 1500, 1500, 1500, 1500]
[1500, 1500, 988, 1500, 988, 988, 988, 988, 1001, 1001, 1001, 1001, 1500, 1500, 1500, 1500]
[1500, 1500, 988, 1500, 988, 988, 988, 988, 1001, 1001, 1001, 1001, 1500, 1500, 1500, 1500]
[1500, 1500, 988, 1500, 988, 988, 988, 988, 1001, 1001, 1001, 1001, 1500, 1500, 1500, 1500]
12:56:15.248908 ALT: 1.81
12:56:15.249057 ATT: [0.0, 0.9, 113]
12:56:15.249413 ACC: [-8, 0, 516]
[1500, 1500, 988, 1500, 988, 988, 988, 988, 1001, 1001, 1001, 1001, 1500, 1500, 1500, 1500]
[1500, 1500, 988, 1500, 988, 988, 988, 988, 1001, 1001, 1001, 1001, 1500, 1500, 1500, 1500]
[1500, 1500, 988, 1500, 988, 988, 988, 988, 1001, 1001, 1001, 1001, 1500, 1500, 1500, 1500]
[1499, 1500, 988, 1500, 988, 988, 988, 988, 1001, 1001, 1001, 1001, 1500, 1500, 1500, 1500]
[1499, 1499, 988, 1500, 989, 986, 988, 988, 1001, 1001, 1001, 1001, 1500, 1500, 1500, 1500]
[1499, 1499, 988, 1500, 989, 986, 988, 988, 1001, 1001, 1001, 1001, 1500, 1500, 1500, 1500]
[1500, 1499, 988, 1500, 989, 986, 988, 988, 1001, 1001, 1001, 1001, 1500, 1500, 1500, 1500]
12:56:15.292261 ALT: 1.81
12:56:15.292457 ATT: [0.0, 0.9, 113]
12:56:15.293174 ACC: [-8, 1, 515]
[1500, 1500, 988, 1500, 988, 988, 988, 988, 1001, 1001, 1001, 1001, 1500, 1500, 1500, 1500]
[1500, 1500, 988, 1500, 988, 988, 988, 988, 1001, 1001, 1001, 1001, 1500, 1500, 1500, 1500]
[1500, 1500, 988, 1500, 988, 988, 988, 988, 1001, 1001, 1001, 1001, 1500, 1500, 1500, 1500]
[1500, 1499, 988, 1500, 988, 988, 988, 988, 1001, 1001, 1001, 1001, 1500, 1500, 1500, 1500]
[1500, 1499, 988, 1500, 988, 988, 988, 988, 1001, 1001, 1001, 1001, 1500, 1500, 1500, 1500]
[1500, 1499, 988, 1500, 988, 988, 988, 988, 1001, 1001, 1001, 1001, 1500, 1500, 1500, 1500]
[1500, 1499, 988, 1500, 988, 988, 988, 988, 1001, 1001, 1001, 1001, 1500, 1500, 1500, 1500]
[1500, 1499, 988, 1500, 988, 988, 988, 988, 1001, 1001, 1001, 1001, 1500, 1500, 1500, 1500]
12:56:15.338697 ALT: 1.81
12:56:15.338801 ATT: [0.0, 0.9, 113]
12:56:15.339142 ACC: [-8, 1, 515]
[1500, 1499, 988, 1500, 988, 988, 988, 988, 1001, 1001, 1001, 1001, 1500, 1500, 1500, 1500]
[1500, 1500, 988, 1499, 988, 988, 988, 988, 1001, 1001, 1001, 1001, 1500, 1500, 1500, 1500]
[1500, 1500, 988, 1499, 988, 988, 988, 988, 1001, 1001, 1001, 1001, 1500, 1500, 1500, 1500]
[1499, 1500, 988, 1499, 988, 988, 988, 988, 1001, 1001, 1001, 1001, 1500, 1500, 1500, 1500]
[1499, 1500, 988, 1500, 988, 988, 988, 988, 1001, 1001, 1001, 1001, 1500, 1500, 1500, 1500]
[1499, 1500, 988, 1500, 988, 988, 988, 988, 1001, 1001, 1001, 1001, 1500, 1500, 1500, 1500]
[1500, 1500, 988, 1500, 988, 988, 988, 988, 1001, 1001, 1001, 1001, 1500, 1500, 1500, 1500]
12:56:15.385893 ALT: 1.81
12:56:15.386101 ATT: [0.0, 0.8, 113]
12:56:15.386438 ACC: [-7, 1, 515]
[1500, 1499, 988, 1500, 988, 988, 988, 988, 1001, 1001, 1001, 1001, 1500, 1500, 1500, 1500]
[1500, 1499, 988, 1500, 988, 988, 988, 989, 1001, 1001, 1001, 1001, 1500, 1500, 1500, 1500]
[1500, 1499, 988, 1500, 988, 988, 988, 989, 1001, 1001, 1001, 1001, 1500, 1500, 1500, 1500]
[1500, 1500, 988, 1500, 988, 988, 988, 989, 1001, 1001, 1001, 1001, 1500, 1500, 1500, 1500]
[1500, 1500, 988, 1500, 988, 988, 988, 988, 1001, 1001, 1001, 1001, 1500, 1500, 1500, 1500]
[1499, 1500, 988, 1500, 988, 988, 988, 988, 1001, 1001, 1001, 1001, 1500, 1500, 1500, 1500]
[1499, 1500, 988, 1501, 986, 988, 988, 988, 1001, 1001, 1001, 1001, 1500, 1500, 1500, 1500]
12:56:15.433927 ALT: 1.81
12:56:15.434116 ATT: [0.0, 0.8, 113]
12:56:15.434798 ACC: [-7, 1, 515]
[1499, 1500, 988, 1501, 986, 988, 988, 988, 1001, 1001, 1001, 1001, 1500, 1500, 1500, 1500]
[1499, 1500, 988, 1501, 986, 988, 988, 988, 1001, 1001, 1001, 1001, 1500, 1500, 1500, 1500]
[1499, 1500, 988, 1500, 988, 989, 986, 988, 1001, 1001, 1001, 1001, 1500, 1500, 1500, 1500]
[1499, 1500, 988, 1500, 988, 989, 986, 988, 1001, 1001, 1001, 1001, 1500, 1500, 1500, 1500]
[1497, 1500, 988, 1500, 988, 989, 986, 988, 1001, 1001, 1001, 1001, 1500, 1500, 1500, 1500]
[1497, 1499, 988, 1500, 988, 988, 988, 988, 1001, 1001, 1001, 1001, 1500, 1500, 1500, 1500]
[1497, 1499, 988, 1500, 988, 988, 988, 988, 1001, 1001, 1001, 1001, 1500, 1500, 1500, 1500]
[1500, 1499, 988, 1500, 988, 988, 988, 988, 1001, 1001, 1001, 1001, 1500, 1500, 1500, 1500]
[1500, 1500, 988, 1500, 988, 988, 988, 988, 1001, 1001, 1001, 1001, 1500, 1500, 1500, 1500]
[1500, 1500, 988, 1500, 988, 988, 988, 988, 1001, 1001, 1001, 1001, 1500, 1500, 1500, 1500]
[1500, 1500, 988, 1500, 988, 988, 988, 988, 1001, 1001, 1001, 1001, 1500, 1500, 1500, 1500]
[1500, 1500, 988, 1500, 988, 988, 986, 988, 1001, 1001, 1001, 1001, 1500, 1500, 1500, 1500]
[1500, 1500, 988, 1500, 988, 988, 986, 988, 1001, 1001, 1001, 1001, 1500, 1500, 1500, 1500]
[1500, 1500, 988, 1500, 988, 988, 986, 988, 1001, 1001, 1001, 1001, 1500, 1500, 1500, 1500]
12:56:15.547119 ALT: 1.81
12:56:15.547339 ATT: [0.0, 0.8, 113]
12:56:15.547889 ACC: [-8, 1, 515]
[1500, 1500, 988, 1500, 988, 988, 988, 988, 1001, 1001, 1001, 1001, 1500, 1500, 1500, 1500]
[1500, 1500, 988, 1500, 988, 988, 988, 988, 1001, 1001, 1001, 1001, 1500, 1500, 1500, 1500]
[1500, 1500, 988, 1500, 988, 988, 988, 988, 1001, 1001, 1001, 1001, 1500, 1500, 1500, 1500]
[1500, 1500, 988, 1500, 988, 988, 988, 988, 1001, 1001, 1001, 1001, 1500, 1500, 1500, 1500]
[1500, 1500, 988, 1500, 988, 988, 988, 988, 1001, 1001, 1001, 1001, 1500, 1500, 1500, 1500]
[1500, 1500, 988, 1500, 988, 988, 988, 988, 1001, 1001, 1001, 1001, 1500, 1500, 1500, 1500]
[1500, 1499, 988, 1500, 988, 988, 988, 988, 1001, 1001, 1001, 1001, 1500, 1500, 1500, 1500]
[1500, 1499, 988, 1500, 988, 988, 988, 988, 1001, 1001, 1001, 1001, 1500, 1500, 1500, 1500]
[1500, 1499, 988, 1500, 988, 988, 988, 988, 1001, 1001, 1001, 1001, 1500, 1500, 1500, 1500]
12:56:15.600823 ALT: 1.81
12:56:15.600965 ATT: [0.0, 0.8, 113]
12:56:15.601557 ACC: [-7, 1, 515]
[1500, 1500, 988, 1500, 988, 988, 988, 988, 1001, 1001, 1001, 1001, 1500, 1500, 1500, 1500]
[1500, 1500, 988, 1500, 988, 988, 988, 988, 1001, 1001, 1001, 1001, 1500, 1500, 1500, 1500]
[1500, 1500, 988, 1500, 988, 988, 988, 988, 1001, 1001, 1001, 1001, 1500, 1500, 1500, 1500]
[1500, 1500, 988, 1500, 988, 988, 988, 988, 1001, 1001, 1001, 1001, 1500, 1500, 1500, 1500]
[1500, 1500, 988, 1500, 988, 988, 988, 988, 1001, 1001, 1001, 1001, 1500, 1500, 1500, 1500]
12:56:15.647489 ALT: 1.81
12:56:15.647601 ATT: [0.0, 0.9, 113]
12:56:15.647912 ACC: [-8, 1, 515]
[1500, 1500, 988, 1500, 988, 988, 988, 988, 1001, 1001, 1001, 1001, 1500, 1500, 1500, 1500]
[1500, 1500, 988, 1500, 986, 988, 988, 988, 1001, 1001, 1001, 1001, 1500, 1500, 1500, 1500]
[1500, 1500, 988, 1500, 986, 988, 988, 988, 1001, 1001, 1001, 1001, 1500, 1500, 1500, 1500]
[1500, 1500, 988, 1500, 986, 988, 988, 988, 1001, 1001, 1001, 1001, 1500, 1500, 1500, 1500]
[1500, 1500, 988, 1500, 988, 988, 988, 988, 1001, 1001, 1001, 1001, 1500, 1500, 1500, 1500]
[1500, 1500, 988, 1500, 988, 988, 988, 988, 1001, 1001, 1001, 1001, 1500, 1500, 1500, 1500]
[1500, 1500, 988, 1500, 988, 988, 988, 988, 1001, 1001, 1001, 1001, 1500, 1500, 1500, 1500]
[1500, 1500, 988, 1500, 988, 988, 988, 988, 1001, 1001, 1001, 1001, 1500, 1500, 1500, 1500]
[1500, 1500, 988, 1500, 988, 988, 988, 988, 1001, 1001, 1001, 1001, 1500, 1500, 1500, 1500]
[1500, 1500, 988, 1500, 988, 988, 988, 988, 1001, 1001, 1001, 1001, 1500, 1500, 1500, 1500]
12:56:15.697616 ALT: 1.81
12:56:15.697738 ATT: [0.0, 0.9, 113]
12:56:15.698062 ACC: [-8, 1, 515]
[1500, 1500, 988, 1500, 988, 988, 988, 988, 1001, 1001, 1001, 1001, 1500, 1500, 1500, 1500]
[1500, 1500, 988, 1500, 988, 988, 988, 989, 1001, 1001, 1001, 1001, 1500, 1500, 1500, 1500]
[1500, 1500, 988, 1500, 988, 988, 988, 989, 1001, 1001, 1001, 1001, 1500, 1500, 1500, 1500]
[1500, 1500, 988, 1500, 988, 988, 988, 989, 1001, 1001, 1001, 1001, 1500, 1500, 1500, 1500]
[1500, 1500, 988, 1500, 988, 988, 988, 988, 1001, 1001, 1001, 1001, 1500, 1500, 1500, 1500]
[1500, 1500, 988, 1500, 988, 988, 988, 988, 1001, 1001, 1001, 1001, 1500, 1500, 1500, 1500]
[1500, 1499, 988, 1500, 989, 986, 988, 988, 1001, 1001, 1001, 1001, 1500, 1500, 1500, 1500]
[1500, 1499, 988, 1500, 989, 986, 988, 988, 1001, 1001, 1001, 1001, 1500, 1500, 1500, 1500]
[1499, 1499, 988, 1500, 989, 986, 988, 988, 1001, 1001, 1001, 1001, 1500, 1500, 1500, 1500]
[1499, 1500, 988, 1500, 988, 988, 988, 988, 1001, 1001, 1001, 1001, 1500, 1500, 1500, 1500]
12:56:15.755019 ALT: 1.81
12:56:15.755141 ATT: [0.0, 0.9, 113]
12:56:15.755533 ACC: [-8, 0, 515]
[1499, 1500, 988, 1500, 988, 988, 988, 988, 1001, 1001, 1001, 1001, 1500, 1500, 1500, 1500]
[1500, 1500, 988, 1500, 988, 988, 988, 988, 1001, 1001, 1001, 1001, 1500, 1500, 1500, 1500]
[1500, 1499, 988, 1500, 988, 988, 988, 988, 1001, 1001, 1001, 1001, 1500, 1500, 1500, 1500]
[1500, 1499, 988, 1500, 988, 988, 988, 988, 1001, 1001, 1001, 1001, 1500, 1500, 1500, 1500]
[1500, 1499, 988, 1500, 988, 988, 988, 988, 1001, 1001, 1001, 1001, 1500, 1500, 1500, 1500]
[1500, 1500, 988, 1500, 988, 988, 988, 988, 1001, 1001, 1001, 1001, 1500, 1500, 1500, 1500]
12:56:15.807632 ALT: 1.81
12:56:15.807792 ATT: [0.0, 0.9, 113]
12:56:15.808743 ACC: [-8, 1, 515]
[1500, 1500, 988, 1500, 988, 988, 988, 988, 1001, 1001, 1001, 1001, 1500, 1500, 1500, 1500]
[1500, 1500, 988, 1500, 988, 988, 988, 988, 1001, 1001, 1001, 1001, 1500, 1500, 1500, 1500]
[1500, 1500, 989, 1499, 988, 988, 988, 988, 1001, 1001, 1001, 1001, 1500, 1500, 1500, 1500]
[1500, 1500, 989, 1499, 988, 988, 988, 988, 1001, 1001, 1001, 1001, 1500, 1500, 1500, 1500]
[1500, 1500, 989, 1499, 988, 988, 988, 988, 1001, 1001, 1001, 1001, 1500, 1500, 1500, 1500]
[1500, 1500, 988, 1500, 988, 988, 988, 988, 1001, 1001, 1001, 1001, 1500, 1500, 1500, 1500]
[1500, 1500, 988, 1500, 988, 988, 988, 988, 1001, 1001, 1001, 1001, 1500, 1500, 1500, 1500]
[1500, 1500, 988, 1500, 988, 988, 988, 988, 1001, 1001, 1001, 1001, 1500, 1500, 1500, 1500]
[1500, 1500, 988, 1500, 988, 988, 988, 988, 1001, 1001, 1001, 1001, 1500, 1500, 1500, 1500]
12:56:15.865978 ALT: 1.81
12:56:15.866126 ATT: [0.0, 0.9, 113]
12:56:15.866463 ACC: [-8, 1, 515]
[1500, 1500, 988, 1500, 988, 988, 988, 988, 1001, 1001, 1001, 1001, 1500, 1500, 1500, 1500]
[1499, 1500, 988, 1500, 988, 988, 988, 988, 1001, 1001, 1001, 1001, 1500, 1500, 1500, 1500]
[1499, 1500, 988, 1500, 988, 988, 988, 988, 1001, 1001, 1001, 1001, 1500, 1500, 1500, 1500]
[1499, 1500, 988, 1500, 988, 988, 988, 988, 1001, 1001, 1001, 1001, 1500, 1500, 1500, 1500]
[1500, 1500, 988, 1500, 988, 988, 988, 988, 1001, 1001, 1001, 1001, 1500, 1500, 1500, 1500]
[1500, 1500, 988, 1500, 988, 988, 988, 988, 1001, 1001, 1001, 1001, 1500, 1500, 1500, 1500]
12:56:15.917596 ALT: 1.81
12:56:15.917737 ATT: [0.0, 0.9, 113]
12:56:15.918067 ACC: [-8, 1, 515]
[1500, 1500, 988, 1500, 988, 988, 988, 988, 1001, 1001, 1001, 1001, 1500, 1500, 1500, 1500]
[1500, 1500, 988, 1500, 988, 988, 988, 988, 1001, 1001, 1001, 1001, 1500, 1500, 1500, 1500]
[1500, 1500, 988, 1500, 988, 988, 988, 988, 1001, 1001, 1001, 1001, 1500, 1500, 1500, 1500]
[1500, 1500, 988, 1500, 988, 988, 988, 988, 1001, 1001, 1001, 1001, 1500, 1500, 1500, 1500]
[1500, 1500, 988, 1500, 988, 988, 988, 988, 1001, 1001, 1001, 1001, 1500, 1500, 1500, 1500]
[1500, 1500, 988, 1500, 986, 988, 988, 988, 1001, 1001, 1001, 1001, 1500, 1500, 1500, 1500]
[1500, 1500, 988, 1500, 986, 988, 988, 988, 1001, 1001, 1001, 1001, 1500, 1500, 1500, 1500]
[1500, 1500, 988, 1500, 986, 988, 988, 988, 1001, 1001, 1001, 1001, 1500, 1500, 1500, 1500]
[1500, 1500, 988, 1500, 988, 988, 988, 988, 1001, 1001, 1001, 1001, 1500, 1500, 1500, 1500]
[1500, 1500, 988, 1500, 988, 988, 988, 988, 1001, 1001, 1001, 1001, 1500, 1500, 1500, 1500]
[1500, 1500, 988, 1500, 988, 988, 988, 988, 1001, 1001, 1001, 1001, 1500, 1500, 1500, 1500]
[1500, 1500, 988, 1500, 988, 988, 988, 988, 1001, 1001, 1001, 1001, 1500, 1500, 1500, 1500]
12:56:15.978629 ALT: 1.81
12:56:15.978727 ATT: [0.0, 0.9, 113]
12:56:15.979001 ACC: [-7, 0, 515]
[1500, 1500, 988, 1500, 988, 988, 988, 988, 1001, 1001, 1001, 1001, 1500, 1500, 1500, 1500]
[1500, 1500, 988, 1500, 988, 988, 988, 988, 1001, 1001, 1001, 1001, 1500, 1500, 1500, 1500]
[1500, 1500, 988, 1500, 988, 988, 988, 988, 1001, 1001, 1001, 1001, 1500, 1500, 1500, 1500]
[1500, 1500, 988, 1500, 988, 988, 988, 988, 1001, 1001, 1001, 1001, 1500, 1500, 1500, 1500]
12:56:16.028199 ALT: 1.81
12:56:16.028324 ATT: [0.0, 0.9, 113]
12:56:16.028743 ACC: [-7, 1, 515]
[1500, 1500, 988, 1500, 988, 988, 988, 988, 1001, 1001, 1001, 1001, 1500, 1500, 1500, 1500]
[1500, 1500, 988, 1500, 988, 988, 988, 988, 1001, 1001, 1001, 1001, 1500, 1500, 1500, 1500]
[1500, 1500, 988, 1500, 988, 988, 988, 988, 1001, 1001, 1001, 1001, 1500, 1500, 1500, 1500]
[1500, 1500, 988, 1500, 988, 988, 988, 988, 1001, 1001, 1001, 1001, 1500, 1500, 1500, 1500]
[1500, 1499, 988, 1500, 988, 988, 988, 988, 1001, 1001, 1001, 1001, 1500, 1500, 1500, 1500]
[1500, 1499, 988, 1500, 988, 988, 988, 988, 1001, 1001, 1001, 1001, 1500, 1500, 1500, 1500]
[1500, 1499, 988, 1500, 988, 988, 988, 988, 1001, 1001, 1001, 1001, 1500, 1500, 1500, 1500]
[1500, 1499, 988, 1500, 988, 988, 988, 988, 1001, 1001, 1001, 1001, 1500, 1500, 1500, 1500]
[1500, 1499, 988, 1500, 988, 988, 988, 988, 1001, 1001, 1001, 1001, 1500, 1500, 1500, 1500]
[1500, 1499, 988, 1500, 988, 988, 988, 988, 1001, 1001, 1001, 1001, 1500, 1500, 1500, 1500]
[1500, 1500, 988, 1500, 988, 988, 989, 988, 1001, 1001, 1001, 1001, 1500, 1500, 1500, 1500]
12:56:16.083314 ALT: 1.81
12:56:16.083423 ATT: [0.0, 0.9, 113]
12:56:16.083713 ACC: [-7, 0, 516]
[1500, 1500, 988, 1500, 988, 988, 989, 988, 1001, 1001, 1001, 1001, 1500, 1500, 1500, 1500]
[1500, 1500, 988, 1500, 988, 988, 989, 988, 1001, 1001, 1001, 1001, 1500, 1500, 1500, 1500]
[1500, 1500, 988, 1500, 988, 988, 988, 988, 1001, 1001, 1001, 1001, 1500, 1500, 1500, 1500]
[1500, 1500, 988, 1500, 988, 988, 988, 988, 1001, 1001, 1001, 1001, 1500, 1500, 1500, 1500]
[1500, 1500, 988, 1500, 988, 988, 988, 988, 1001, 1001, 1001, 1001, 1500, 1500, 1500, 1500]
[1500, 1500, 989, 1497, 988, 988, 988, 988, 1001, 1001, 1001, 1001, 1500, 1500, 1500, 1500]
[1500, 1500, 989, 1497, 988, 988, 988, 988, 1001, 1001, 1001, 1001, 1500, 1500, 1500, 1500]
[1500, 1500, 989, 1497, 988, 988, 988, 988, 1001, 1001, 1001, 1001, 1500, 1500, 1500, 1500]
[1500, 1500, 988, 1500, 988, 988, 988, 988, 1001, 1001, 1001, 1001, 1500, 1500, 1500, 1500]
[1500, 1500, 988, 1500, 988, 988, 988, 988, 1001, 1001, 1001, 1001, 1500, 1500, 1500, 1500]
12:56:16.161035 ALT: 1.81
12:56:16.161237 ATT: [0.0, 0.9, 113]
12:56:16.161901 ACC: [-7, 0, 515]
[1500, 1500, 988, 1500, 988, 988, 988, 988, 1001, 1001, 1001, 1001, 1500, 1500, 1500, 1500]
[1500, 1500, 988, 1500, 988, 988, 988, 988, 1001, 1001, 1001, 1001, 1500, 1500, 1500, 1500]
[1500, 1500, 988, 1500, 988, 988, 988, 988, 1001, 1001, 1001, 1001, 1500, 1500, 1500, 1500]
[1500, 1500, 988, 1500, 988, 988, 988, 988, 1001, 1001, 1001, 1001, 1500, 1500, 1500, 1500]
[1500, 1499, 988, 1500, 988, 988, 988, 988, 1001, 1001, 1001, 1001, 1500, 1500, 1500, 1500]
[1500, 1499, 988, 1500, 988, 988, 988, 988, 1001, 1001, 1001, 1001, 1500, 1500, 1500, 1500]
[1499, 1499, 988, 1500, 988, 988, 988, 988, 1001, 1001, 1001, 1001, 1500, 1500, 1500, 1500]
[1499, 1500, 988, 1500, 988, 988, 988, 988, 1001, 1001, 1001, 1001, 1500, 1500, 1500, 1500]
[1499, 1500, 988, 1500, 988, 988, 988, 988, 1001, 1001, 1001, 1001, 1500, 1500, 1500, 1500]
12:56:16.204036 ALT: 1.81
12:56:16.204144 ATT: [0.0, 0.9, 113]
12:56:16.204418 ACC: [-7, 1, 515]
[1500, 1500, 988, 1500, 988, 988, 988, 988, 1001, 1001, 1001, 1001, 1500, 1500, 1500, 1500]
[1500, 1500, 988, 1500, 988, 988, 988, 988, 1001, 1001, 1001, 1001, 1500, 1500, 1500, 1500]
[1500, 1500, 988, 1500, 988, 988, 988, 988, 1001, 1001, 1001, 1001, 1500, 1500, 1500, 1500]
[1500, 1500, 988, 1500, 988, 988, 988, 988, 1001, 1001, 1001, 1001, 1500, 1500, 1500, 1500]
[1500, 1500, 988, 1500, 988, 989, 986, 988, 1001, 1001, 1001, 1001, 1500, 1500, 1500, 1500]
[1500, 1500, 988, 1500, 988, 989, 986, 988, 1001, 1001, 1001, 1001, 1500, 1500, 1500, 1500]
12:56:16.249973 ALT: 1.81
12:56:16.250079 ATT: [0.0, 0.9, 113]
12:56:16.250367 ACC: [-7, 1, 515]
[1500, 1500, 988, 1500, 988, 989, 986, 988, 1001, 1001, 1001, 1001, 1500, 1500, 1500, 1500]
[1500, 1500, 988, 1500, 988, 988, 988, 988, 1001, 1001, 1001, 1001, 1500, 1500, 1500, 1500]
12:56:16.300264 ALT: 1.81
12:56:16.300366 ATT: [0.0, 0.9, 113]
12:56:16.300642 ACC: [-8, 1, 515]
[1500, 1500, 988, 1500, 988, 988, 988, 988, 1001, 1001, 1001, 1001, 1500, 1500, 1500, 1500]
[1500, 1500, 988, 1500, 988, 988, 988, 988, 1001, 1001, 1001, 1001, 1500, 1500, 1500, 1500]
[1500, 1499, 988, 1500, 988, 988, 988, 988, 1001, 1001, 1001, 1001, 1500, 1500, 1500, 1500]
[1500, 1499, 988, 1500, 988, 988, 988, 988, 1001, 1001, 1001, 1001, 1500, 1500, 1500, 1500]
[1500, 1499, 988, 1500, 988, 988, 988, 988, 1001, 1001, 1001, 1001, 1500, 1500, 1500, 1500]
[1500, 1500, 988, 1500, 988, 988, 988, 988, 1001, 1001, 1001, 1001, 1500, 1500, 1500, 1500]
[1500, 1500, 988, 1500, 988, 988, 988, 988, 1001, 1001, 1001, 1001, 1500, 1500, 1500, 1500]
[1500, 1500, 988, 1500, 988, 988, 988, 988, 1001, 1001, 1001, 1001, 1500, 1500, 1500, 1500]
[1500, 1500, 988, 1499, 988, 988, 988, 988, 1001, 1001, 1001, 1001, 1500, 1500, 1500, 1500]
[1500, 1500, 988, 1499, 988, 988, 988, 988, 1001, 1001, 1001, 1001, 1500, 1500, 1500, 1500]
[1500, 1500, 988, 1499, 988, 988, 988, 988, 1001, 1001, 1001, 1001, 1500, 1500, 1500, 1500]
[1500, 1499, 988, 1500, 988, 988, 988, 988, 1001, 1001, 1001, 1001, 1500, 1500, 1500, 1500]
[1500, 1499, 988, 1500, 988, 988, 988, 988, 1001, 1001, 1001, 1001, 1500, 1500, 1500, 1500]
12:56:16.350001 ALT: 1.81
12:56:16.350119 ATT: [0.0, 0.9, 113]
12:56:16.350455 ACC: [-7, 1, 515]
[1500, 1499, 988, 1500, 988, 988, 988, 988, 1001, 1001, 1001, 1001, 1500, 1500, 1500, 1500]
[1500, 1500, 988, 1500, 988, 988, 988, 988, 1001, 1001, 1001, 1001, 1500, 1500, 1500, 1500]
[1500, 1500, 988, 1500, 988, 988, 988, 988, 1001, 1001, 1001, 1001, 1500, 1500, 1500, 1500]
[1499, 1500, 988, 1500, 988, 988, 988, 988, 1001, 1001, 1001, 1001, 1500, 1500, 1500, 1500]
[1499, 1500, 988, 1500, 988, 988, 988, 988, 1001, 1001, 1001, 1001, 1500, 1500, 1500, 1500]
[1499, 1500, 988, 1500, 988, 988, 988, 988, 1001, 1001, 1001, 1001, 1500, 1500, 1500, 1500]
[1500, 1500, 988, 1500, 988, 988, 988, 988, 1001, 1001, 1001, 1001, 1500, 1500, 1500, 1500]
[1500, 1500, 988, 1500, 988, 988, 988, 988, 1001, 1001, 1001, 1001, 1500, 1500, 1500, 1500]
12:56:16.400414 ALT: 1.81
12:56:16.400528 ATT: [0.0, 0.9, 113]
12:56:16.400858 ACC: [-7, 1, 515]
[1500, 1500, 988, 1500, 988, 988, 988, 988, 1001, 1001, 1001, 1001, 1500, 1500, 1500, 1500]
[1500, 1500, 988, 1500, 988, 988, 988, 988, 1001, 1001, 1001, 1001, 1500, 1500, 1500, 1500]
[1500, 1500, 991, 1497, 988, 988, 988, 988, 1001, 1001, 1001, 1001, 1500, 1500, 1500, 1500]
[1500, 1500, 991, 1497, 988, 988, 988, 988, 1001, 1001, 1001, 1001, 1500, 1500, 1500, 1500]
[1500, 1500, 991, 1497, 988, 988, 988, 988, 1001, 1001, 1001, 1001, 1500, 1500, 1500, 1500]
[1500, 1500, 988, 1500, 988, 988, 988, 988, 1001, 1001, 1001, 1001, 1500, 1500, 1500, 1500]
12:56:16.442520 ALT: 1.81
12:56:16.442654 ATT: [0.0, 0.9, 113]
12:56:16.443082 ACC: [-7, 1, 515]
[1500, 1500, 988, 1500, 988, 988, 988, 988, 1001, 1001, 1001, 1001, 1500, 1500, 1500, 1500]
[1500, 1500, 988, 1500, 988, 988, 988, 988, 1001, 1001, 1001, 1001, 1500, 1500, 1500, 1500]
[1500, 1500, 988, 1500, 988, 988, 988, 988, 1001, 1001, 1001, 1001, 1500, 1500, 1500, 1500]
[1500, 1500, 988, 1500, 988, 988, 988, 988, 1001, 1001, 1001, 1001, 1500, 1500, 1500, 1500]
[1500, 1500, 988, 1500, 988, 988, 988, 988, 1001, 1001, 1001, 1001, 1500, 1500, 1500, 1500]
[1500, 1500, 988, 1500, 988, 988, 988, 988, 1001, 1001, 1001, 1001, 1500, 1500, 1500, 1500]
[1500, 1500, 988, 1500, 988, 988, 988, 988, 1001, 1001, 1001, 1001, 1500, 1500, 1500, 1500]
[1500, 1500, 988, 1500, 988, 988, 988, 988, 1001, 1001, 1001, 1001, 1500, 1500, 1500, 1500]
12:56:16.495087 ALT: 1.81
12:56:16.495266 ATT: [0.0, 0.8, 113]
12:56:16.495650 ACC: [-7, 1, 515]
[1500, 1499, 988, 1499, 988, 988, 988, 988, 1001, 1001, 1001, 1001, 1500, 1500, 1500, 1500]
[1500, 1499, 988, 1499, 988, 988, 988, 988, 1001, 1001, 1001, 1001, 1500, 1500, 1500, 1500]
[1500, 1499, 988, 1499, 988, 988, 988, 988, 1001, 1001, 1001, 1001, 1500, 1500, 1500, 1500]
[1500, 1500, 988, 1500, 988, 988, 988, 988, 1001, 1001, 1001, 1001, 1500, 1500, 1500, 1500]
[1500, 1500, 988, 1500, 988, 988, 988, 988, 1001, 1001, 1001, 1001, 1500, 1500, 1500, 1500]
[1500, 1500, 988, 1500, 988, 988, 988, 988, 1001, 1001, 1001, 1001, 1500, 1500, 1500, 1500]
[1500, 1500, 988, 1500, 988, 988, 988, 988, 1001, 1001, 1001, 1001, 1500, 1500, 1500, 1500]
[1500, 1500, 988, 1500, 988, 988, 988, 988, 1001, 1001, 1001, 1001, 1500, 1500, 1500, 1500]
12:56:16.538786 ALT: 1.81
12:56:16.538923 ATT: [0.0, 0.9, 113]
12:56:16.539324 ACC: [-8, 1, 515]
[1500, 1500, 988, 1500, 988, 988, 988, 988, 1001, 1001, 1001, 1001, 1500, 1500, 1500, 1500]
[1500, 1500, 988, 1500, 988, 988, 988, 988, 1001, 1001, 1001, 1001, 1500, 1500, 1500, 1500]
[1500, 1500, 988, 1500, 988, 988, 988, 988, 1001, 1001, 1001, 1001, 1500, 1500, 1500, 1500]
[1500, 1500, 988, 1500, 988, 988, 988, 988, 1001, 1001, 1001, 1001, 1500, 1500, 1500, 1500]
[1500, 1500, 988, 1500, 988, 988, 988, 988, 1001, 1001, 1001, 1001, 1500, 1500, 1500, 1500]
[1500, 1500, 988, 1500, 988, 988, 988, 988, 1001, 1001, 1001, 1001, 1500, 1500, 1500, 1500]
[1500, 1500, 988, 1500, 988, 988, 988, 988, 1001, 1001, 1001, 1001, 1500, 1500, 1500, 1500]
12:56:16.586577 ALT: 1.81
12:56:16.586687 ATT: [0.0, 0.9, 113]
12:56:16.586954 ACC: [-7, 1, 515]
[1500, 1500, 988, 1500, 988, 988, 988, 988, 1001, 1001, 1001, 1001, 1500, 1500, 1500, 1500]
[1500, 1500, 988, 1500, 988, 988, 988, 988, 1001, 1001, 1001, 1001, 1500, 1500, 1500, 1500]
[1500, 1500, 988, 1500, 988, 988, 988, 988, 1001, 1001, 1001, 1001, 1500, 1500, 1500, 1500]
[1500, 1500, 988, 1500, 988, 988, 988, 988, 1001, 1001, 1001, 1001, 1500, 1500, 1500, 1500]
[1500, 1500, 988, 1500, 988, 988, 988, 988, 1001, 1001, 1001, 1001, 1500, 1500, 1500, 1500]
[1500, 1500, 988, 1500, 988, 988, 988, 988, 1001, 1001, 1001, 1001, 1500, 1500, 1500, 1500]
[1500, 1500, 988, 1500, 988, 988, 988, 988, 1001, 1001, 1001, 1001, 1500, 1500, 1500, 1500]
[1500, 1500, 988, 1500, 988, 988, 988, 988, 1001, 1001, 1001, 1001, 1500, 1500, 1500, 1500]
[1500, 1500, 988, 1500, 988, 988, 988, 988, 1001, 1001, 1001, 1001, 1500, 1500, 1500, 1500]
[1500, 1500, 988, 1500, 988, 988, 988, 988, 1001, 1001, 1001, 1001, 1500, 1500, 1500, 1500]
12:56:16.650957 ALT: 1.81
12:56:16.651072 ATT: [0.0, 0.9, 113]
12:56:16.651405 ACC: [-8, 1, 515]
[1500, 1500, 988, 1500, 988, 988, 988, 988, 1001, 1001, 1001, 1001, 1500, 1500, 1500, 1500]
[1499, 1500, 988, 1500, 988, 988, 988, 988, 1001, 1001, 1001, 1001, 1500, 1500, 1500, 1500]
[1499, 1500, 988, 1500, 988, 988, 988, 988, 1001, 1001, 1001, 1001, 1500, 1500, 1500, 1500]
[1499, 1500, 988, 1500, 988, 988, 988, 988, 1001, 1001, 1001, 1001, 1500, 1500, 1500, 1500]
[1500, 1500, 988, 1500, 988, 988, 988, 988, 1001, 1001, 1001, 1001, 1500, 1500, 1500, 1500]
[1500, 1500, 988, 1500, 988, 988, 988, 988, 1001, 1001, 1001, 1001, 1500, 1500, 1500, 1500]
[1500, 1500, 988, 1500, 988, 988, 988, 988, 1001, 1001, 1001, 1001, 1500, 1500, 1500, 1500]
[1500, 1500, 988, 1500, 988, 988, 988, 988, 1001, 1001, 1001, 1001, 1500, 1500, 1500, 1500]
[1500, 1500, 991, 1497, 989, 986, 988, 988, 1001, 1001, 1001, 1001, 1500, 1500, 1500, 1500]
12:56:16.727153 ALT: 1.81
12:56:16.727264 ATT: [0.0, 0.9, 113]
12:56:16.727552 ACC: [-7, 0, 515]
[1500, 1500, 991, 1497, 989, 986, 988, 988, 1001, 1001, 1001, 1001, 1500, 1500, 1500, 1500]
[1500, 1500, 991, 1497, 989, 986, 988, 988, 1001, 1001, 1001, 1001, 1500, 1500, 1500, 1500]
[1500, 1500, 988, 1500, 989, 986, 988, 988, 1001, 1001, 1001, 1001, 1500, 1500, 1500, 1500]
[1500, 1500, 988, 1500, 989, 986, 988, 988, 1001, 1001, 1001, 1001, 1500, 1500, 1500, 1500]
[1500, 1500, 988, 1500, 989, 986, 988, 988, 1001, 1001, 1001, 1001, 1500, 1500, 1500, 1500]
[1500, 1500, 988, 1500, 988, 988, 988, 988, 1001, 1001, 1001, 1001, 1500, 1500, 1500, 1500]
12:56:16.782860 ALT: 1.81
12:56:16.783068 ATT: [0.0, 0.8, 113]
12:56:16.783595 ACC: [-7, 1, 516]
[1500, 1500, 988, 1500, 988, 988, 988, 988, 1001, 1001, 1001, 1001, 1500, 1500, 1500, 1500]
[1500, 1500, 988, 1500, 988, 988, 988, 988, 1001, 1001, 1001, 1001, 1500, 1500, 1500, 1500]
[1500, 1499, 988, 1499, 988, 988, 988, 988, 1001, 1001, 1001, 1001, 1500, 1500, 1500, 1500]
[1500, 1499, 988, 1499, 988, 988, 988, 988, 1001, 1001, 1001, 1001, 1500, 1500, 1500, 1500]
[1500, 1499, 988, 1499, 988, 988, 988, 988, 1001, 1001, 1001, 1001, 1500, 1500, 1500, 1500]
[1500, 1500, 988, 1499, 988, 988, 988, 988, 1001, 1001, 1001, 1001, 1500, 1500, 1500, 1500]
[1500, 1500, 988, 1499, 988, 988, 988, 988, 1001, 1001, 1001, 1001, 1500, 1500, 1500, 1500]
[1500, 1500, 988, 1499, 988, 988, 988, 988, 1001, 1001, 1001, 1001, 1500, 1500, 1500, 1500]
[1500, 1500, 988, 1500, 988, 988, 988, 988, 1001, 1001, 1001, 1001, 1500, 1500, 1500, 1500]
12:56:16.827050 ALT: 1.81
12:56:16.827164 ATT: [0.0, 0.8, 113]
12:56:16.827463 ACC: [-7, 1, 515]
[1500, 1500, 988, 1500, 988, 988, 988, 988, 1001, 1001, 1001, 1001, 1500, 1500, 1500, 1500]
[1500, 1500, 988, 1500, 988, 988, 988, 988, 1001, 1001, 1001, 1001, 1500, 1500, 1500, 1500]
[1500, 1500, 988, 1500, 988, 988, 988, 988, 1001, 1001, 1001, 1001, 1500, 1500, 1500, 1500]
[1500, 1500, 988, 1500, 988, 988, 988, 988, 1001, 1001, 1001, 1001, 1500, 1500, 1500, 1500]
[1500, 1500, 988, 1500, 988, 988, 988, 988, 1001, 1001, 1001, 1001, 1500, 1500, 1500, 1500]
[1500, 1500, 988, 1500, 988, 988, 988, 988, 1001, 1001, 1001, 1001, 1500, 1500, 1500, 1500]
[1500, 1500, 988, 1500, 988, 988, 988, 988, 1001, 1001, 1001, 1001, 1500, 1500, 1500, 1500]
[1500, 1500, 988, 1500, 988, 988, 988, 988, 1001, 1001, 1001, 1001, 1500, 1500, 1500, 1500]
[1500, 1500, 988, 1499, 988, 988, 988, 988, 1001, 1001, 1001, 1001, 1500, 1500, 1500, 1500]
12:56:16.875483 ALT: 1.81
12:56:16.875603 ATT: [0.0, 0.8, 113]
12:56:16.875924 ACC: [-8, 0, 515]
[1500, 1500, 988, 1499, 988, 988, 988, 989, 1001, 1001, 1001, 1001, 1500, 1500, 1500, 1500]
[1500, 1500, 988, 1499, 988, 988, 988, 989, 1001, 1001, 1001, 1001, 1500, 1500, 1500, 1500]
[1500, 1500, 988, 1499, 988, 988, 988, 989, 1001, 1001, 1001, 1001, 1500, 1500, 1500, 1500]
[1500, 1500, 988, 1499, 988, 988, 988, 988, 1001, 1001, 1001, 1001, 1500, 1500, 1500, 1500]
[1500, 1500, 988, 1499, 988, 988, 988, 988, 1001, 1001, 1001, 1001, 1500, 1500, 1500, 1500]
[1500, 1500, 988, 1500, 988, 988, 988, 988, 1001, 1001, 1001, 1001, 1500, 1500, 1500, 1500]
[1500, 1500, 988, 1500, 988, 988, 988, 988, 1001, 1001, 1001, 1001, 1500, 1500, 1500, 1500]
[1500, 1500, 988, 1500, 988, 988, 988, 988, 1001, 1001, 1001, 1001, 1500, 1500, 1500, 1500]
[1500, 1500, 988, 1500, 988, 988, 988, 988, 1001, 1001, 1001, 1001, 1500, 1500, 1500, 1500]
[1500, 1500, 988, 1500, 988, 988, 988, 988, 1001, 1001, 1001, 1001, 1500, 1500, 1500, 1500]
[1500, 1500, 988, 1500, 988, 988, 988, 988, 1001, 1001, 1001, 1001, 1500, 1500, 1500, 1500]
[1500, 1500, 988, 1500, 988, 988, 988, 988, 1001, 1001, 1001, 1001, 1500, 1500, 1500, 1500]
12:56:16.967377 ALT: 1.81
12:56:16.967773 ATT: [0.0, 0.9, 113]
12:56:16.968630 ACC: [-7, 1, 516]
[1500, 1500, 988, 1500, 988, 988, 988, 988, 1001, 1001, 1001, 1001, 1500, 1500, 1500, 1500]
[1500, 1500, 988, 1500, 988, 988, 988, 988, 1001, 1001, 1001, 1001, 1500, 1500, 1500, 1500]
[1500, 1500, 988, 1500, 988, 988, 988, 988, 1001, 1001, 1001, 1001, 1500, 1500, 1500, 1500]
[1500, 1500, 988, 1500, 988, 988, 988, 988, 1001, 1001, 1001, 1001, 1500, 1500, 1500, 1500]
[1500, 1500, 988, 1500, 988, 988, 988, 988, 1001, 1001, 1001, 1001, 1500, 1500, 1500, 1500]
[1500, 1500, 988, 1500, 988, 988, 988, 988, 1001, 1001, 1001, 1001, 1500, 1500, 1500, 1500]
[1500, 1500, 988, 1500, 988, 988, 988, 988, 1001, 1001, 1001, 1001, 1500, 1500, 1500, 1500]
[1499, 1500, 988, 1500, 988, 988, 988, 988, 1001, 1001, 1001, 1001, 1500, 1500, 1500, 1500]
[1499, 1500, 988, 1500, 989, 986, 988, 988, 1001, 1001, 1001, 1001, 1500, 1500, 1500, 1500]
12:56:17.019198 ALT: 1.81
12:56:17.019299 ATT: [0.0, 0.9, 113]
12:56:17.019545 ACC: [-8, 1, 515]
[1499, 1500, 988, 1500, 989, 986, 988, 988, 1001, 1001, 1001, 1001, 1500, 1500, 1500, 1500]
[1500, 1500, 988, 1500, 989, 986, 988, 988, 1001, 1001, 1001, 1001, 1500, 1500, 1500, 1500]
[1500, 1500, 988, 1500, 988, 989, 986, 988, 1001, 1001, 1001, 1001, 1500, 1500, 1500, 1500]
[1500, 1500, 988, 1500, 988, 989, 986, 988, 1001, 1001, 1001, 1001, 1500, 1500, 1500, 1500]
[1500, 1500, 988, 1500, 988, 989, 986, 988, 1001, 1001, 1001, 1001, 1500, 1500, 1500, 1500]
[1500, 1499, 988, 1500, 988, 988, 988, 988, 1001, 1001, 1001, 1001, 1500, 1500, 1500, 1500]
[1500, 1499, 988, 1500, 988, 988, 988, 988, 1001, 1001, 1001, 1001, 1500, 1500, 1500, 1500]
[1500, 1499, 988, 1500, 988, 988, 988, 988, 1001, 1001, 1001, 1001, 1500, 1500, 1500, 1500]
[1500, 1500, 986, 1500, 988, 986, 988, 988, 1001, 1001, 1001, 1001, 1500, 1500, 1500, 1500]
[1500, 1500, 986, 1500, 988, 986, 988, 988, 1001, 1001, 1001, 1001, 1500, 1500, 1500, 1500]
12:56:17.091652 ALT: 1.81
12:56:17.091759 ATT: [0.1, 0.9, 113]
12:56:17.092012 ACC: [-8, 1, 515]
[1500, 1500, 986, 1500, 988, 986, 988, 988, 1001, 1001, 1001, 1001, 1500, 1500, 1500, 1500]
[1500, 1500, 988, 1500, 988, 988, 988, 988, 1001, 1001, 1001, 1001, 1500, 1500, 1500, 1500]
[1500, 1500, 988, 1500, 988, 988, 988, 988, 1001, 1001, 1001, 1001, 1500, 1500, 1500, 1500]
[1500, 1500, 988, 1500, 988, 988, 988, 988, 1001, 1001, 1001, 1001, 1500, 1500, 1500, 1500]
[1500, 1500, 986, 1500, 988, 988, 988, 988, 1001, 1001, 1001, 1001, 1500, 1500, 1500, 1500]
[1500, 1500, 986, 1500, 988, 988, 988, 988, 1001, 1001, 1001, 1001, 1500, 1500, 1500, 1500]
[1500, 1500, 986, 1500, 988, 988, 988, 988, 1001, 1001, 1001, 1001, 1500, 1500, 1500, 1500]
[1500, 1500, 988, 1500, 991, 985, 988, 988, 1001, 1001, 1001, 1001, 1500, 1500, 1500, 1500]
[1500, 1500, 988, 1500, 991, 985, 988, 988, 1001, 1001, 1001, 1001, 1500, 1500, 1500, 1500]
12:56:17.146746 ALT: 1.81
12:56:17.147201 ATT: [0.1, 0.9, 113]
12:56:17.148493 ACC: [-7, 1, 515]
[1500, 1500, 988, 1500, 991, 985, 988, 988, 1001, 1001, 1001, 1001, 1500, 1500, 1500, 1500]
[1500, 1500, 988, 1500, 988, 988, 988, 988, 1001, 1001, 1001, 1001, 1500, 1500, 1500, 1500]
[1500, 1500, 988, 1500, 988, 988, 988, 988, 1001, 1001, 1001, 1001, 1500, 1500, 1500, 1500]
[1500, 1500, 988, 1500, 988, 988, 988, 988, 1001, 1001, 1001, 1001, 1500, 1500, 1500, 1500]
[1500, 1500, 988, 1500, 988, 988, 988, 988, 1001, 1001, 1001, 1001, 1500, 1500, 1500, 1500]
[1500, 1500, 988, 1500, 988, 988, 988, 988, 1001, 1001, 1001, 1001, 1500, 1500, 1500, 1500]
[1499, 1500, 988, 1500, 988, 988, 988, 988, 1001, 1001, 1001, 1001, 1500, 1500, 1500, 1500]
[1499, 1500, 988, 1500, 988, 988, 988, 988, 1001, 1001, 1001, 1001, 1500, 1500, 1500, 1500]
12:56:17.194688 ALT: 1.81
12:56:17.194873 ATT: [0.1, 0.9, 113]
12:56:17.195160 ACC: [-7, 1, 515]
[1499, 1500, 988, 1500, 988, 988, 988, 989, 1001, 1001, 1001, 1001, 1500, 1500, 1500, 1500]
[1500, 1500, 988, 1500, 988, 988, 988, 989, 1001, 1001, 1001, 1001, 1500, 1500, 1500, 1500]
[1500, 1500, 988, 1500, 988, 988, 988, 989, 1001, 1001, 1001, 1001, 1500, 1500, 1500, 1500]
[1500, 1500, 988, 1500, 988, 988, 988, 988, 1001, 1001, 1001, 1001, 1500, 1500, 1500, 1500]
[1500, 1500, 988, 1500, 988, 988, 988, 988, 1001, 1001, 1001, 1001, 1500, 1500, 1500, 1500]
[1500, 1500, 988, 1500, 988, 988, 988, 988, 1001, 1001, 1001, 1001, 1500, 1500, 1500, 1500]
[1500, 1500, 988, 1500, 988, 988, 988, 988, 1001, 1001, 1001, 1001, 1500, 1500, 1500, 1500]
[1500, 1500, 988, 1500, 988, 988, 988, 988, 1001, 1001, 1001, 1001, 1500, 1500, 1500, 1500]
[1500, 1500, 988, 1500, 988, 988, 988, 988, 1001, 1001, 1001, 1001, 1500, 1500, 1500, 1500]
[1500, 1500, 988, 1500, 988, 988, 988, 988, 1001, 1001, 1001, 1001, 1500, 1500, 1500, 1500]
12:56:17.259639 ALT: 1.81
12:56:17.259785 ATT: [0.0, 0.9, 113]
12:56:17.260788 ACC: [-7, 0, 515]
[1499, 1500, 988, 1500, 988, 988, 988, 988, 1001, 1001, 1001, 1001, 1500, 1500, 1500, 1500]
[1499, 1500, 989, 1497, 988, 988, 988, 988, 1001, 1001, 1001, 1001, 1500, 1500, 1500, 1500]
[1499, 1500, 989, 1497, 988, 988, 988, 988, 1001, 1001, 1001, 1001, 1500, 1500, 1500, 1500]
[1500, 1500, 989, 1497, 988, 988, 988, 988, 1001, 1001, 1001, 1001, 1500, 1500, 1500, 1500]
[1500, 1500, 988, 1500, 988, 988, 988, 988, 1001, 1001, 1001, 1001, 1500, 1500, 1500, 1500]
[1500, 1500, 988, 1500, 988, 988, 988, 988, 1001, 1001, 1001, 1001, 1500, 1500, 1500, 1500]
[1499, 1500, 988, 1500, 988, 988, 988, 988, 1001, 1001, 1001, 1001, 1500, 1500, 1500, 1500]
12:56:17.306537 ALT: 1.81
12:56:17.306635 ATT: [0.0, 0.9, 113]
12:56:17.306973 ACC: [-8, 1, 515]
[1499, 1500, 988, 1500, 988, 988, 988, 988, 1001, 1001, 1001, 1001, 1500, 1500, 1500, 1500]
[1499, 1500, 988, 1500, 988, 988, 988, 988, 1001, 1001, 1001, 1001, 1500, 1500, 1500, 1500]
[1500, 1500, 988, 1500, 988, 988, 988, 988, 1001, 1001, 1001, 1001, 1500, 1500, 1500, 1500]
[1500, 1499, 988, 1500, 989, 989, 986, 988, 1001, 1001, 1001, 1001, 1500, 1500, 1500, 1500]
[1500, 1499, 988, 1500, 989, 989, 986, 986, 1001, 1001, 1001, 1001, 1500, 1500, 1500, 1500]
[1500, 1499, 988, 1500, 989, 989, 986, 986, 1001, 1001, 1001, 1001, 1500, 1500, 1500, 1500]
[1500, 1500, 988, 1500, 988, 988, 988, 986, 1001, 1001, 1001, 1001, 1500, 1500, 1500, 1500]
12:56:17.355165 ALT: 1.81
12:56:17.355521 ATT: [0.0, 0.9, 113]
12:56:17.356233 ACC: [-7, 0, 515]
[1500, 1500, 988, 1500, 988, 988, 988, 988, 1001, 1001, 1001, 1001, 1500, 1500, 1500, 1500]
[1500, 1500, 988, 1500, 988, 988, 988, 988, 1001, 1001, 1001, 1001, 1500, 1500, 1500, 1500]
[1500, 1500, 988, 1500, 988, 988, 988, 988, 1001, 1001, 1001, 1001, 1500, 1500, 1500, 1500]
[1500, 1500, 988, 1500, 988, 988, 988, 988, 1001, 1001, 1001, 1001, 1500, 1500, 1500, 1500]
[1500, 1500, 988, 1500, 988, 988, 988, 988, 1001, 1001, 1001, 1001, 1500, 1500, 1500, 1500]
[1500, 1500, 988, 1500, 988, 988, 988, 988, 1001, 1001, 1001, 1001, 1500, 1500, 1500, 1500]
[1500, 1500, 988, 1500, 988, 988, 988, 988, 1001, 1001, 1001, 1001, 1500, 1500, 1500, 1500]
[1500, 1500, 988, 1500, 988, 988, 988, 988, 1001, 1001, 1001, 1001, 1500, 1500, 1500, 1500]
12:56:17.402582 ALT: 1.81
12:56:17.402687 ATT: [0.0, 0.9, 113]
12:56:17.403086 ACC: [-7, 0, 515]
[1500, 1499, 988, 1499, 988, 988, 988, 988, 1001, 1001, 1001, 1001, 1500, 1500, 1500, 1500]
[1500, 1499, 988, 1499, 988, 988, 988, 988, 1001, 1001, 1001, 1001, 1500, 1500, 1500, 1500]
[1500, 1499, 988, 1499, 988, 988, 988, 988, 1001, 1001, 1001, 1001, 1500, 1500, 1500, 1500]
[1500, 1500, 988, 1500, 989, 986, 988, 988, 1001, 1001, 1001, 1001, 1500, 1500, 1500, 1500]
[1500, 1500, 988, 1500, 989, 986, 988, 988, 1001, 1001, 1001, 1001, 1500, 1500, 1500, 1500]
[1500, 1500, 988, 1500, 989, 986, 988, 988, 1001, 1001, 1001, 1001, 1500, 1500, 1500, 1500]
[1500, 1500, 988, 1500, 988, 988, 988, 988, 1001, 1001, 1001, 1001, 1500, 1500, 1500, 1500]
12:56:17.450078 ALT: 1.81
12:56:17.450190 ATT: [0.0, 0.9, 113]
12:56:17.450493 ACC: [-7, 0, 515]
[1500, 1500, 988, 1500, 988, 988, 988, 988, 1001, 1001, 1001, 1001, 1500, 1500, 1500, 1500]
[1500, 1500, 988, 1500, 988, 988, 988, 988, 1001, 1001, 1001, 1001, 1500, 1500, 1500, 1500]
[1500, 1500, 988, 1500, 988, 988, 988, 988, 1001, 1001, 1001, 1001, 1500, 1500, 1500, 1500]
[1500, 1500, 988, 1500, 988, 988, 988, 988, 1001, 1001, 1001, 1001, 1500, 1500, 1500, 1500]
[1500, 1500, 988, 1500, 988, 988, 988, 988, 1001, 1001, 1001, 1001, 1500, 1500, 1500, 1500]
[1500, 1500, 988, 1500, 988, 988, 988, 988, 1001, 1001, 1001, 1001, 1500, 1500, 1500, 1500]
[1500, 1500, 988, 1500, 988, 988, 988, 989, 1001, 1001, 1001, 1001, 1500, 1500, 1500, 1500]
12:56:17.498196 ALT: 1.81
12:56:17.498314 ATT: [0.0, 0.9, 113]
12:56:17.498641 ACC: [-7, 1, 515]
[1500, 1500, 988, 1500, 988, 988, 988, 989, 1001, 1001, 1001, 1001, 1500, 1500, 1500, 1500]
[1500, 1500, 988, 1500, 988, 988, 988, 989, 1001, 1001, 1001, 1001, 1500, 1500, 1500, 1500]
[1500, 1500, 988, 1500, 988, 988, 988, 988, 1001, 1001, 1001, 1001, 1500, 1500, 1500, 1500]
[1500, 1500, 988, 1500, 988, 988, 988, 988, 1001, 1001, 1001, 1001, 1500, 1500, 1500, 1500]
[1500, 1500, 988, 1500, 988, 988, 988, 988, 1001, 1001, 1001, 1001, 1500, 1500, 1500, 1500]
[1500, 1500, 988, 1500, 988, 988, 988, 988, 1001, 1001, 1001, 1001, 1500, 1500, 1500, 1500]
[1500, 1500, 988, 1500, 988, 988, 988, 988, 1001, 1001, 1001, 1001, 1500, 1500, 1500, 1500]
12:56:17.546900 ALT: 1.81
12:56:17.547005 ATT: [0.0, 0.9, 113]
12:56:17.547315 ACC: [-8, 1, 516]
[1500, 1500, 988, 1500, 988, 988, 988, 988, 1001, 1001, 1001, 1001, 1500, 1500, 1500, 1500]
[1500, 1500, 988, 1500, 988, 988, 988, 988, 1001, 1001, 1001, 1001, 1500, 1500, 1500, 1500]
[1500, 1500, 988, 1500, 988, 988, 988, 988, 1001, 1001, 1001, 1001, 1500, 1500, 1500, 1500]
[1500, 1500, 988, 1500, 988, 988, 988, 988, 1001, 1001, 1001, 1001, 1500, 1500, 1500, 1500]
[1500, 1500, 988, 1500, 988, 988, 988, 988, 1001, 1001, 1001, 1001, 1500, 1500, 1500, 1500]
[1499, 1500, 988, 1500, 988, 988, 988, 988, 1001, 1001, 1001, 1001, 1500, 1500, 1500, 1500]
[1499, 1500, 988, 1500, 988, 988, 988, 988, 1001, 1001, 1001, 1001, 1500, 1500, 1500, 1500]
[1499, 1500, 988, 1500, 988, 988, 988, 988, 1001, 1001, 1001, 1001, 1500, 1500, 1500, 1500]
12:56:17.601553 ALT: 1.81
12:56:17.601837 ATT: [0.0, 0.9, 113]
12:56:17.602215 ACC: [-7, 1, 516]
[1500, 1500, 988, 1500, 988, 988, 988, 988, 1001, 1001, 1001, 1001, 1500, 1500, 1500, 1500]
[1500, 1500, 988, 1500, 988, 988, 988, 988, 1001, 1001, 1001, 1001, 1500, 1500, 1500, 1500]
[1500, 1500, 988, 1500, 988, 988, 988, 988, 1001, 1001, 1001, 1001, 1500, 1500, 1500, 1500]
[1500, 1500, 988, 1500, 988, 988, 988, 988, 1001, 1001, 1001, 1001, 1500, 1500, 1500, 1500]
[1500, 1500, 988, 1500, 989, 986, 988, 988, 1001, 1001, 1001, 1001, 1500, 1500, 1500, 1500]
[1500, 1500, 988, 1500, 989, 986, 988, 988, 1001, 1001, 1001, 1001, 1500, 1500, 1500, 1500]
[1500, 1500, 988, 1500, 989, 986, 988, 988, 1001, 1001, 1001, 1001, 1500, 1500, 1500, 1500]
[1500, 1500, 988, 1500, 988, 988, 988, 988, 1001, 1001, 1001, 1001, 1500, 1500, 1500, 1500]
[1500, 1500, 988, 1500, 988, 988, 988, 988, 1001, 1001, 1001, 1001, 1500, 1500, 1500, 1500]
12:56:17.661621 ALT: 1.81
12:56:17.661735 ATT: [0.0, 0.8, 113]
12:56:17.662013 ACC: [-7, 0, 516]
[1500, 1500, 988, 1500, 988, 988, 988, 988, 1001, 1001, 1001, 1001, 1500, 1500, 1500, 1500]
[1500, 1500, 989, 1499, 988, 988, 988, 988, 1001, 1001, 1001, 1001, 1500, 1500, 1500, 1500]
[1500, 1500, 989, 1499, 988, 988, 988, 988, 1001, 1001, 1001, 1001, 1500, 1500, 1500, 1500]
[1500, 1500, 989, 1499, 988, 988, 988, 988, 1001, 1001, 1001, 1001, 1500, 1500, 1500, 1500]
[1500, 1500, 988, 1500, 988, 988, 988, 988, 1001, 1001, 1001, 1001, 1500, 1500, 1500, 1500]
[1500, 1500, 988, 1500, 988, 988, 988, 988, 1001, 1001, 1001, 1001, 1500, 1500, 1500, 1500]
[1500, 1500, 988, 1500, 988, 988, 988, 988, 1001, 1001, 1001, 1001, 1500, 1500, 1500, 1500]
12:56:17.707215 ALT: 1.81
12:56:17.707327 ATT: [0.0, 0.8, 113]
12:56:17.707599 ACC: [-7, 1, 515]
[1500, 1500, 988, 1500, 988, 988, 988, 988, 1001, 1001, 1001, 1001, 1500, 1500, 1500, 1500]
[1500, 1500, 988, 1500, 988, 988, 988, 988, 1001, 1001, 1001, 1001, 1500, 1500, 1500, 1500]
[1500, 1500, 988, 1500, 988, 988, 988, 988, 1001, 1001, 1001, 1001, 1500, 1500, 1500, 1500]
[1500, 1500, 988, 1500, 988, 988, 988, 988, 1001, 1001, 1001, 1001, 1500, 1500, 1500, 1500]
[1500, 1500, 988, 1500, 988, 988, 988, 988, 1001, 1001, 1001, 1001, 1500, 1500, 1500, 1500]
[1499, 1500, 988, 1500, 988, 988, 988, 988, 1001, 1001, 1001, 1001, 1500, 1500, 1500, 1500]
[1499, 1500, 988, 1500, 988, 988, 988, 988, 1001, 1001, 1001, 1001, 1500, 1500, 1500, 1500]
12:56:17.754773 ALT: 1.81
12:56:17.754895 ATT: [0.0, 0.8, 113]
12:56:17.755260 ACC: [-7, 1, 515]
[1499, 1500, 988, 1500, 988, 988, 988, 988, 1001, 1001, 1001, 1001, 1500, 1500, 1500, 1500]
[1500, 1500, 988, 1500, 988, 988, 988, 988, 1001, 1001, 1001, 1001, 1500, 1500, 1500, 1500]
[1500, 1500, 988, 1500, 988, 988, 988, 988, 1001, 1001, 1001, 1001, 1500, 1500, 1500, 1500]
[1500, 1500, 988, 1500, 988, 988, 988, 988, 1001, 1001, 1001, 1001, 1500, 1500, 1500, 1500]
[1500, 1500, 988, 1500, 988, 988, 988, 988, 1001, 1001, 1001, 1001, 1500, 1500, 1500, 1500]
[1500, 1500, 988, 1499, 988, 988, 988, 988, 1001, 1001, 1001, 1001, 1500, 1500, 1500, 1500]
[1500, 1500, 988, 1499, 988, 988, 988, 988, 1001, 1001, 1001, 1001, 1500, 1500, 1500, 1500]
12:56:17.802775 ALT: 1.81
12:56:17.802926 ATT: [0.0, 0.8, 113]
12:56:17.803401 ACC: [-7, 0, 515]
[1500, 1500, 988, 1499, 988, 988, 988, 988, 1001, 1001, 1001, 1001, 1500, 1500, 1500, 1500]
[1500, 1500, 989, 1499, 988, 988, 988, 988, 1001, 1001, 1001, 1001, 1500, 1500, 1500, 1500]
[1500, 1500, 989, 1499, 988, 988, 988, 988, 1001, 1001, 1001, 1001, 1500, 1500, 1500, 1500]
[1500, 1500, 989, 1499, 988, 988, 988, 988, 1001, 1001, 1001, 1001, 1500, 1500, 1500, 1500]
[1500, 1499, 988, 1500, 988, 988, 988, 988, 1001, 1001, 1001, 1001, 1500, 1500, 1500, 1500]
[1500, 1499, 988, 1500, 988, 988, 988, 988, 1001, 1001, 1001, 1001, 1500, 1500, 1500, 1500]
12:56:17.850999 ALT: 1.81
12:56:17.851113 ATT: [0.0, 0.8, 113]
12:56:17.851418 ACC: [-7, 1, 515]
[1500, 1499, 988, 1500, 988, 988, 988, 988, 1001, 1001, 1001, 1001, 1500, 1500, 1500, 1500]
[1500, 1500, 988, 1500, 988, 988, 988, 988, 1001, 1001, 1001, 1001, 1500, 1500, 1500, 1500]
[1500, 1500, 988, 1500, 988, 988, 988, 988, 1001, 1001, 1001, 1001, 1500, 1500, 1500, 1500]
[1500, 1500, 988, 1500, 988, 988, 988, 988, 1001, 1001, 1001, 1001, 1500, 1500, 1500, 1500]
[1500, 1500, 989, 1499, 988, 988, 988, 988, 1001, 1001, 1001, 1001, 1500, 1500, 1500, 1500]
[1500, 1500, 989, 1499, 988, 988, 988, 988, 1001, 1001, 1001, 1001, 1500, 1500, 1500, 1500]
12:56:17.899303 ALT: 1.81
12:56:17.899419 ATT: [0.0, 0.8, 113]
12:56:17.899822 ACC: [-8, 0, 515]
[1499, 1500, 989, 1499, 988, 988, 988, 988, 1001, 1001, 1001, 1001, 1500, 1500, 1500, 1500]
[1499, 1500, 988, 1500, 988, 988, 988, 988, 1001, 1001, 1001, 1001, 1500, 1500, 1500, 1500]
[1499, 1500, 988, 1500, 988, 988, 988, 988, 1001, 1001, 1001, 1001, 1500, 1500, 1500, 1500]
[1500, 1500, 988, 1500, 988, 988, 988, 988, 1001, 1001, 1001, 1001, 1500, 1500, 1500, 1500]
[1500, 1500, 988, 1500, 988, 988, 988, 988, 1001, 1001, 1001, 1001, 1500, 1500, 1500, 1500]
[1500, 1500, 988, 1500, 988, 988, 988, 988, 1001, 1001, 1001, 1001, 1500, 1500, 1500, 1500]
[1500, 1500, 988, 1500, 988, 988, 988, 988, 1001, 1001, 1001, 1001, 1500, 1500, 1500, 1500]
[1500, 1500, 988, 1500, 988, 988, 988, 988, 1001, 1001, 1001, 1001, 1500, 1500, 1500, 1500]
[1500, 1500, 988, 1500, 988, 988, 988, 988, 1001, 1001, 1001, 1001, 1500, 1500, 1500, 1500]
12:56:17.956816 ALT: 1.81
12:56:17.957084 ATT: [0.0, 0.9, 113]
12:56:17.957779 ACC: [-8, 1, 516]
[1499, 1500, 988, 1500, 988, 988, 988, 988, 1001, 1001, 1001, 1001, 1500, 1500, 1500, 1500]
[1499, 1500, 988, 1500, 988, 988, 988, 988, 1001, 1001, 1001, 1001, 1500, 1500, 1500, 1500]
[1499, 1500, 988, 1500, 988, 988, 988, 988, 1001, 1001, 1001, 1001, 1500, 1500, 1500, 1500]
[1500, 1500, 988, 1500, 988, 988, 988, 988, 1001, 1001, 1001, 1001, 1500, 1500, 1500, 1500]
[1500, 1500, 988, 1500, 988, 988, 988, 988, 1001, 1001, 1001, 1001, 1500, 1500, 1500, 1500]
12:56:17.994370 ALT: 1.81
12:56:17.994495 ATT: [0.0, 0.9, 113]
12:56:17.995203 ACC: [-7, 1, 515]
[1500, 1500, 988, 1500, 988, 988, 988, 988, 1001, 1001, 1001, 1001, 1500, 1500, 1500, 1500]
[1500, 1500, 988, 1500, 988, 988, 988, 988, 1001, 1001, 1001, 1001, 1500, 1500, 1500, 1500]
[1500, 1500, 988, 1500, 988, 988, 988, 988, 1001, 1001, 1001, 1001, 1500, 1500, 1500, 1500]
[1500, 1500, 988, 1500, 988, 988, 988, 988, 1001, 1001, 1001, 1001, 1500, 1500, 1500, 1500]
[1500, 1500, 988, 1500, 988, 988, 988, 988, 1001, 1001, 1001, 1001, 1500, 1500, 1500, 1500]
[1500, 1499, 988, 1500, 988, 988, 988, 988, 1001, 1001, 1001, 1001, 1500, 1500, 1500, 1500]
[1500, 1499, 988, 1500, 988, 988, 988, 988, 1001, 1001, 1001, 1001, 1500, 1500, 1500, 1500]
[1500, 1499, 988, 1500, 988, 988, 988, 988, 1001, 1001, 1001, 1001, 1500, 1500, 1500, 1500]
[1500, 1500, 988, 1500, 988, 988, 988, 988, 1001, 1001, 1001, 1001, 1500, 1500, 1500, 1500]
[1500, 1500, 988, 1500, 988, 988, 988, 988, 1001, 1001, 1001, 1001, 1500, 1500, 1500, 1500]
[1500, 1500, 988, 1500, 988, 988, 988, 988, 1001, 1001, 1001, 1001, 1500, 1500, 1500, 1500]
12:56:18.048453 ALT: 1.81
12:56:18.048571 ATT: [0.0, 0.9, 113]
12:56:18.048888 ACC: [-7, 1, 515]
[1500, 1499, 988, 1500, 988, 988, 988, 988, 1001, 1001, 1001, 1001, 1500, 1500, 1500, 1500]
[1500, 1499, 988, 1500, 988, 988, 988, 988, 1001, 1001, 1001, 1001, 1500, 1500, 1500, 1500]
[1500, 1499, 988, 1500, 988, 988, 988, 988, 1001, 1001, 1001, 1001, 1500, 1500, 1500, 1500]
[1500, 1500, 988, 1500, 988, 988, 988, 988, 1001, 1001, 1001, 1001, 1500, 1500, 1500, 1500]
[1500, 1500, 988, 1500, 988, 988, 988, 988, 1001, 1001, 1001, 1001, 1500, 1500, 1500, 1500]
[1500, 1500, 988, 1500, 988, 988, 988, 988, 1001, 1001, 1001, 1001, 1500, 1500, 1500, 1500]
[1500, 1500, 988, 1500, 988, 988, 988, 988, 1001, 1001, 1001, 1001, 1500, 1500, 1500, 1500]
[1500, 1500, 988, 1500, 988, 988, 988, 989, 1001, 1001, 1001, 1001, 1500, 1500, 1500, 1500]
12:56:18.132632 ALT: 1.81
12:56:18.132789 ATT: [0.0, 0.8, 113]
12:56:18.133250 ACC: [-7, 1, 516]
[1500, 1500, 988, 1500, 988, 988, 988, 989, 1001, 1001, 1001, 1001, 1500, 1500, 1500, 1500]
[1500, 1499, 988, 1500, 988, 988, 988, 989, 1001, 1001, 1001, 1001, 1500, 1500, 1500, 1500]
[1500, 1499, 988, 1500, 988, 988, 988, 988, 1001, 1001, 1001, 1001, 1500, 1500, 1500, 1500]
[1500, 1499, 988, 1500, 988, 988, 988, 988, 1001, 1001, 1001, 1001, 1500, 1500, 1500, 1500]
[1500, 1500, 988, 1500, 988, 988, 988, 988, 1001, 1001, 1001, 1001, 1500, 1500, 1500, 1500]
[1500, 1500, 988, 1500, 988, 988, 988, 988, 1001, 1001, 1001, 1001, 1500, 1500, 1500, 1500]
[1501, 1500, 988, 1500, 988, 988, 988, 988, 1001, 1001, 1001, 1001, 1500, 1500, 1500, 1500]
[1501, 1497, 988, 1500, 988, 988, 988, 988, 1001, 1001, 1001, 1001, 1500, 1500, 1500, 1500]
[1501, 1497, 988, 1500, 988, 988, 988, 988, 1001, 1001, 1001, 1001, 1500, 1500, 1500, 1500]
[1499, 1497, 988, 1500, 988, 988, 988, 988, 1001, 1001, 1001, 1001, 1500, 1500, 1500, 1500]
[1499, 1500, 988, 1500, 988, 988, 988, 988, 1001, 1001, 1001, 1001, 1500, 1500, 1500, 1500]
12:56:18.229432 ALT: 1.81
12:56:18.229533 ATT: [0.0, 0.8, 113]
12:56:18.229873 ACC: [-7, 1, 515]
[1499, 1500, 988, 1500, 988, 988, 988, 988, 1001, 1001, 1001, 1001, 1500, 1500, 1500, 1500]
[1500, 1500, 988, 1500, 988, 988, 988, 988, 1001, 1001, 1001, 1001, 1500, 1500, 1500, 1500]
[1500, 1499, 988, 1500, 988, 988, 988, 988, 1001, 1001, 1001, 1001, 1500, 1500, 1500, 1500]
[1500, 1499, 988, 1500, 988, 988, 988, 988, 1001, 1001, 1001, 1001, 1500, 1500, 1500, 1500]
[1500, 1499, 988, 1500, 988, 988, 988, 988, 1001, 1001, 1001, 1001, 1500, 1500, 1500, 1500]
[1500, 1500, 988, 1500, 988, 988, 988, 988, 1001, 1001, 1001, 1001, 1500, 1500, 1500, 1500]
12:56:18.270179 ALT: 1.81
12:56:18.270290 ATT: [0.0, 0.8, 113]
12:56:18.270606 ACC: [-7, 1, 516]
[1500, 1500, 988, 1500, 988, 988, 988, 988, 1001, 1001, 1001, 1001, 1500, 1500, 1500, 1500]
[1500, 1500, 988, 1500, 988, 988, 988, 988, 1001, 1001, 1001, 1001, 1500, 1500, 1500, 1500]
[1500, 1500, 988, 1500, 988, 988, 988, 988, 1001, 1001, 1001, 1001, 1500, 1500, 1500, 1500]
[1500, 1500, 988, 1500, 988, 988, 988, 988, 1001, 1001, 1001, 1001, 1500, 1500, 1500, 1500]
[1500, 1500, 988, 1500, 988, 988, 988, 988, 1001, 1001, 1001, 1001, 1500, 1500, 1500, 1500]
[1500, 1499, 988, 1500, 988, 988, 988, 988, 1001, 1001, 1001, 1001, 1500, 1500, 1500, 1500]
[1500, 1499, 988, 1500, 988, 988, 988, 988, 1001, 1001, 1001, 1001, 1500, 1500, 1500, 1500]
[1500, 1499, 988, 1500, 988, 988, 988, 988, 1001, 1001, 1001, 1001, 1500, 1500, 1500, 1500]
[1500, 1500, 988, 1500, 988, 988, 988, 988, 1001, 1001, 1001, 1001, 1500, 1500, 1500, 1500]
[1500, 1500, 988, 1500, 988, 988, 988, 988, 1001, 1001, 1001, 1001, 1500, 1500, 1500, 1500]
[1500, 1500, 988, 1500, 988, 988, 988, 988, 1001, 1001, 1001, 1001, 1500, 1500, 1500, 1500]
[1500, 1500, 988, 1500, 988, 988, 988, 988, 1001, 1001, 1001, 1001, 1500, 1500, 1500, 1500]
[1500, 1500, 988, 1500, 988, 988, 988, 988, 1001, 1001, 1001, 1001, 1500, 1500, 1500, 1500]
12:56:18.314389 ALT: 1.81
12:56:18.314521 ATT: [0.0, 0.8, 113]
12:56:18.314908 ACC: [-8, 0, 515]
[1500, 1500, 988, 1500, 988, 988, 988, 988, 1001, 1001, 1001, 1001, 1500, 1500, 1500, 1500]
[1500, 1500, 988, 1500, 988, 988, 988, 988, 1001, 1001, 1001, 1001, 1500, 1500, 1500, 1500]
[1500, 1500, 988, 1500, 988, 988, 988, 988, 1001, 1001, 1001, 1001, 1500, 1500, 1500, 1500]
[1499, 1500, 988, 1500, 988, 988, 988, 988, 1001, 1001, 1001, 1001, 1500, 1500, 1500, 1500]
[1499, 1500, 988, 1500, 988, 988, 988, 988, 1001, 1001, 1001, 1001, 1500, 1500, 1500, 1500]
[1499, 1500, 988, 1500, 988, 988, 988, 988, 1001, 1001, 1001, 1001, 1500, 1500, 1500, 1500]
[1500, 1500, 988, 1500, 988, 988, 988, 988, 1001, 1001, 1001, 1001, 1500, 1500, 1500, 1500]
12:56:18.389732 ALT: 1.81
12:56:18.389831 ATT: [0.0, 0.8, 113]
12:56:18.390138 ACC: [-7, 0, 514]
[1500, 1499, 988, 1499, 988, 988, 988, 988, 1001, 1001, 1001, 1001, 1500, 1500, 1500, 1500]
[1500, 1499, 988, 1499, 988, 988, 988, 988, 1001, 1001, 1001, 1001, 1500, 1500, 1500, 1500]
[1500, 1499, 988, 1499, 988, 988, 988, 988, 1001, 1001, 1001, 1001, 1500, 1500, 1500, 1500]
[1500, 1500, 988, 1500, 988, 988, 988, 988, 1001, 1001, 1001, 1001, 1500, 1500, 1500, 1500]
[1500, 1500, 988, 1500, 988, 988, 988, 988, 1001, 1001, 1001, 1001, 1500, 1500, 1500, 1500]
[1500, 1500, 988, 1500, 988, 988, 988, 988, 1001, 1001, 1001, 1001, 1500, 1500, 1500, 1500]
[1500, 1500, 988, 1500, 988, 988, 988, 988, 1001, 1001, 1001, 1001, 1500, 1500, 1500, 1500]
[1500, 1500, 988, 1500, 988, 988, 988, 988, 1001, 1001, 1001, 1001, 1500, 1500, 1500, 1500]
[1500, 1500, 988, 1500, 988, 988, 988, 988, 1001, 1001, 1001, 1001, 1500, 1500, 1500, 1500]
[1500, 1500, 989, 1499, 988, 988, 988, 988, 1001, 1001, 1001, 1001, 1500, 1500, 1500, 1500]
[1500, 1500, 989, 1499, 988, 988, 988, 988, 1001, 1001, 1001, 1001, 1500, 1500, 1500, 1500]
12:56:18.465674 ALT: 1.81
12:56:18.465791 ATT: [0.0, 0.8, 113]
12:56:18.466141 ACC: [-7, 0, 515]
[1500, 1500, 989, 1499, 988, 988, 988, 988, 1001, 1001, 1001, 1001, 1500, 1500, 1500, 1500]
[1500, 1500, 988, 1500, 988, 988, 988, 988, 1001, 1001, 1001, 1001, 1500, 1500, 1500, 1500]
[1500, 1500, 988, 1500, 988, 988, 988, 988, 1001, 1001, 1001, 1001, 1500, 1500, 1500, 1500]
[1499, 1500, 988, 1500, 988, 988, 988, 988, 1001, 1001, 1001, 1001, 1500, 1500, 1500, 1500]
[1499, 1500, 988, 1500, 988, 988, 988, 988, 1001, 1001, 1001, 1001, 1500, 1500, 1500, 1500]
[1499, 1500, 988, 1500, 988, 988, 988, 988, 1001, 1001, 1001, 1001, 1500, 1500, 1500, 1500]
[1500, 1500, 988, 1500, 988, 988, 988, 988, 1001, 1001, 1001, 1001, 1500, 1500, 1500, 1500]
[1500, 1500, 988, 1500, 988, 988, 988, 988, 1001, 1001, 1001, 1001, 1500, 1500, 1500, 1500]
[1500, 1500, 988, 1500, 988, 988, 988, 988, 1001, 1001, 1001, 1001, 1500, 1500, 1500, 1500]
[1500, 1500, 988, 1500, 988, 988, 988, 988, 1001, 1001, 1001, 1001, 1500, 1500, 1500, 1500]
[1500, 1500, 988, 1500, 988, 988, 988, 988, 1001, 1001, 1001, 1001, 1500, 1500, 1500, 1500]
[1500, 1500, 988, 1500, 988, 988, 988, 988, 1001, 1001, 1001, 1001, 1500, 1500, 1500, 1500]
[1500, 1500, 988, 1500, 988, 988, 988, 988, 1001, 1001, 1001, 1001, 1500, 1500, 1500, 1500]
[1500, 1500, 988, 1499, 988, 988, 988, 988, 1001, 1001, 1001, 1001, 1500, 1500, 1500, 1500]
[1500, 1500, 988, 1499, 988, 988, 988, 988, 1001, 1001, 1001, 1001, 1500, 1500, 1500, 1500]
[1500, 1500, 988, 1499, 988, 988, 988, 988, 1001, 1001, 1001, 1001, 1500, 1500, 1500, 1500]
12:56:18.528613 ALT: 1.81
12:56:18.528727 ATT: [0.0, 0.8, 113]
12:56:18.529040 ACC: [-8, 1, 515]
[1500, 1500, 988, 1500, 989, 986, 988, 988, 1001, 1001, 1001, 1001, 1500, 1500, 1500, 1500]
[1500, 1500, 988, 1500, 989, 986, 988, 988, 1001, 1001, 1001, 1001, 1500, 1500, 1500, 1500]
[1500, 1500, 988, 1500, 989, 986, 988, 988, 1001, 1001, 1001, 1001, 1500, 1500, 1500, 1500]
[1500, 1500, 988, 1500, 988, 988, 988, 988, 1001, 1001, 1001, 1001, 1500, 1500, 1500, 1500]
[1500, 1500, 988, 1500, 988, 988, 988, 988, 1001, 1001, 1001, 1001, 1500, 1500, 1500, 1500]
12:56:18.590370 ALT: 1.81
12:56:18.590478 ATT: [0.0, 0.8, 113]
12:56:18.590822 ACC: [-7, 1, 515]
[1500, 1500, 988, 1500, 988, 988, 988, 988, 1001, 1001, 1001, 1001, 1500, 1500, 1500, 1500]
[1500, 1500, 988, 1500, 988, 988, 988, 988, 1001, 1001, 1001, 1001, 1500, 1500, 1500, 1500]
[1500, 1500, 988, 1500, 988, 988, 988, 988, 1001, 1001, 1001, 1001, 1500, 1500, 1500, 1500]
[1500, 1500, 988, 1500, 988, 988, 988, 988, 1001, 1001, 1001, 1001, 1500, 1500, 1500, 1500]
[1500, 1500, 988, 1500, 988, 988, 988, 988, 1001, 1001, 1001, 1001, 1500, 1500, 1500, 1500]
[1500, 1500, 988, 1500, 988, 988, 988, 988, 1001, 1001, 1001, 1001, 1500, 1500, 1500, 1500]
[1500, 1500, 988, 1500, 988, 988, 988, 988, 1001, 1001, 1001, 1001, 1500, 1500, 1500, 1500]
[1500, 1500, 988, 1500, 988, 988, 988, 988, 1001, 1001, 1001, 1001, 1500, 1500, 1500, 1500]
[1500, 1500, 988, 1500, 988, 988, 988, 988, 1001, 1001, 1001, 1001, 1500, 1500, 1500, 1500]
[1500, 1500, 988, 1500, 988, 988, 988, 988, 1001, 1001, 1001, 1001, 1500, 1500, 1500, 1500]
[1500, 1499, 988, 1500, 988, 988, 988, 988, 1001, 1001, 1001, 1001, 1500, 1500, 1500, 1500]
[1500, 1499, 988, 1500, 988, 988, 988, 988, 1001, 1001, 1001, 1001, 1500, 1500, 1500, 1500]
12:56:18.652070 ALT: 1.81
12:56:18.652182 ATT: [0.0, 0.8, 113]
12:56:18.653586 ACC: [-8, 1, 515]
[1500, 1499, 988, 1500, 988, 988, 988, 988, 1001, 1001, 1001, 1001, 1500, 1500, 1500, 1500]
[1500, 1499, 988, 1500, 988, 988, 988, 988, 1001, 1001, 1001, 1001, 1500, 1500, 1500, 1500]
[1500, 1499, 988, 1500, 988, 988, 988, 988, 1001, 1001, 1001, 1001, 1500, 1500, 1500, 1500]
[1500, 1499, 988, 1500, 988, 988, 988, 988, 1001, 1001, 1001, 1001, 1500, 1500, 1500, 1500]
[1500, 1500, 988, 1500, 988, 988, 988, 988, 1001, 1001, 1001, 1001, 1500, 1500, 1500, 1500]
12:56:18.698605 ALT: 1.81
12:56:18.698737 ATT: [0.0, 0.8, 113]
12:56:18.699088 ACC: [-7, 0, 515]
[1500, 1500, 988, 1500, 988, 988, 988, 988, 1001, 1001, 1001, 1001, 1500, 1500, 1500, 1500]
[1500, 1500, 988, 1500, 988, 988, 988, 988, 1001, 1001, 1001, 1001, 1500, 1500, 1500, 1500]
[1500, 1500, 988, 1500, 988, 988, 988, 988, 1001, 1001, 1001, 1001, 1500, 1500, 1500, 1500]
[1500, 1500, 988, 1500, 988, 988, 988, 988, 1001, 1001, 1001, 1001, 1500, 1500, 1500, 1500]
[1500, 1500, 988, 1500, 988, 988, 988, 988, 1001, 1001, 1001, 1001, 1500, 1500, 1500, 1500]
[1500, 1500, 988, 1500, 988, 988, 988, 988, 1001, 1001, 1001, 1001, 1500, 1500, 1500, 1500]
[1500, 1500, 988, 1500, 988, 988, 988, 988, 1001, 1001, 1001, 1001, 1500, 1500, 1500, 1500]
[1500, 1500, 988, 1500, 988, 988, 988, 988, 1001, 1001, 1001, 1001, 1500, 1500, 1500, 1500]
[1500, 1500, 988, 1500, 988, 988, 988, 988, 1001, 1001, 1001, 1001, 1500, 1500, 1500, 1500]
[1500, 1500, 988, 1500, 988, 988, 988, 988, 1001, 1001, 1001, 1001, 1500, 1500, 1500, 1500]
[1500, 1500, 988, 1500, 988, 988, 988, 988, 1001, 1001, 1001, 1001, 1500, 1500, 1500, 1500]
[1500, 1499, 988, 1500, 988, 988, 988, 988, 1001, 1001, 1001, 1001, 1500, 1500, 1500, 1500]
[1500, 1499, 988, 1500, 988, 988, 988, 988, 1001, 1001, 1001, 1001, 1500, 1500, 1500, 1500]
[1500, 1499, 988, 1500, 988, 988, 988, 988, 1001, 1001, 1001, 1001, 1500, 1500, 1500, 1500]
12:56:18.781718 ALT: 1.81
12:56:18.781974 ATT: [0.0, 0.8, 113]
12:56:18.782620 ACC: [-8, 1, 515]
[1500, 1499, 988, 1500, 988, 988, 988, 988, 1001, 1001, 1001, 1001, 1500, 1500, 1500, 1500]
[1500, 1499, 988, 1500, 988, 988, 988, 988, 1001, 1001, 1001, 1001, 1500, 1500, 1500, 1500]
[1500, 1499, 988, 1500, 988, 988, 988, 988, 1001, 1001, 1001, 1001, 1500, 1500, 1500, 1500]
[1500, 1500, 988, 1500, 988, 988, 988, 988, 1001, 1001, 1001, 1001, 1500, 1500, 1500, 1500]
[1500, 1500, 988, 1500, 988, 988, 988, 988, 1001, 1001, 1001, 1001, 1500, 1500, 1500, 1500]
[1500, 1500, 988, 1500, 988, 988, 988, 988, 1001, 1001, 1001, 1001, 1500, 1500, 1500, 1500]
[1500, 1500, 989, 1497, 988, 988, 988, 988, 1001, 1001, 1001, 1001, 1500, 1500, 1500, 1500]
[1500, 1500, 989, 1497, 988, 988, 988, 988, 1001, 1001, 1001, 1001, 1500, 1500, 1500, 1500]
12:56:18.845867 ALT: 1.81
12:56:18.846081 ATT: [0.0, 0.8, 113]
12:56:18.847420 ACC: [-7, 0, 515]
[1499, 1500, 989, 1497, 988, 988, 988, 988, 1001, 1001, 1001, 1001, 1500, 1500, 1500, 1500]
[1499, 1500, 988, 1500, 989, 986, 988, 988, 1001, 1001, 1001, 1001, 1500, 1500, 1500, 1500]
[1499, 1500, 988, 1500, 989, 986, 988, 988, 1001, 1001, 1001, 1001, 1500, 1500, 1500, 1500]
[1500, 1500, 988, 1500, 989, 986, 988, 988, 1001, 1001, 1001, 1001, 1500, 1500, 1500, 1500]
[1500, 1499, 988, 1499, 988, 988, 988, 988, 1001, 1001, 1001, 1001, 1500, 1500, 1500, 1500]
[1500, 1499, 988, 1499, 988, 988, 988, 988, 1001, 1001, 1001, 1001, 1500, 1500, 1500, 1500]
[1500, 1499, 988, 1499, 988, 988, 988, 988, 1001, 1001, 1001, 1001, 1500, 1500, 1500, 1500]
[1500, 1500, 988, 1499, 988, 988, 988, 988, 1001, 1001, 1001, 1001, 1500, 1500, 1500, 1500]
[1500, 1500, 988, 1499, 988, 988, 988, 988, 1001, 1001, 1001, 1001, 1500, 1500, 1500, 1500]
[1500, 1500, 988, 1499, 988, 988, 988, 988, 1001, 1001, 1001, 1001, 1500, 1500, 1500, 1500]
[1500, 1500, 988, 1500, 988, 988, 988, 988, 1001, 1001, 1001, 1001, 1500, 1500, 1500, 1500]
[1500, 1500, 988, 1500, 988, 988, 988, 988, 1001, 1001, 1001, 1001, 1500, 1500, 1500, 1500]
[1500, 1500, 988, 1500, 988, 988, 988, 988, 1001, 1001, 1001, 1001, 1500, 1500, 1500, 1500]
12:56:18.935588 ALT: 1.81
12:56:18.935813 ATT: [0.0, 0.8, 113]
12:56:18.936363 ACC: [-7, 1, 515]
[1500, 1500, 988, 1499, 988, 988, 988, 988, 1001, 1001, 1001, 1001, 1500, 1500, 1500, 1500]
[1500, 1500, 988, 1499, 988, 988, 988, 988, 1001, 1001, 1001, 1001, 1500, 1500, 1500, 1500]
[1500, 1500, 988, 1499, 988, 988, 988, 988, 1001, 1001, 1001, 1001, 1500, 1500, 1500, 1500]
[1500, 1500, 988, 1500, 988, 988, 988, 988, 1001, 1001, 1001, 1001, 1500, 1500, 1500, 1500]
[1500, 1500, 988, 1500, 988, 988, 988, 988, 1001, 1001, 1001, 1001, 1500, 1500, 1500, 1500]
[1500, 1500, 988, 1500, 988, 988, 988, 988, 1001, 1001, 1001, 1001, 1500, 1500, 1500, 1500]
[1500, 1500, 988, 1500, 988, 988, 988, 988, 1001, 1001, 1001, 1001, 1500, 1500, 1500, 1500]
[1500, 1500, 988, 1500, 988, 988, 988, 988, 1001, 1001, 1001, 1001, 1500, 1500, 1500, 1500]
[1500, 1500, 988, 1500, 988, 988, 988, 988, 1001, 1001, 1001, 1001, 1500, 1500, 1500, 1500]
[1500, 1499, 988, 1499, 988, 988, 988, 988, 1001, 1001, 1001, 1001, 1500, 1500, 1500, 1500]
[1500, 1499, 988, 1499, 988, 988, 988, 988, 1001, 1001, 1001, 1001, 1500, 1500, 1500, 1500]
[1500, 1499, 988, 1499, 988, 988, 988, 988, 1001, 1001, 1001, 1001, 1500, 1500, 1500, 1500]
12:56:18.986619 ALT: 1.81
12:56:18.986756 ATT: [0.0, 0.8, 113]
12:56:18.987186 ACC: [-7, 1, 515]
[1500, 1500, 988, 1499, 988, 988, 988, 988, 1001, 1001, 1001, 1001, 1500, 1500, 1500, 1500]
[1500, 1500, 988, 1499, 988, 988, 988, 988, 1001, 1001, 1001, 1001, 1500, 1500, 1500, 1500]
[1500, 1500, 988, 1499, 988, 988, 988, 988, 1001, 1001, 1001, 1001, 1500, 1500, 1500, 1500]
[1500, 1499, 988, 1500, 988, 988, 988, 988, 1001, 1001, 1001, 1001, 1500, 1500, 1500, 1500]
[1500, 1499, 988, 1500, 988, 988, 988, 988, 1001, 1001, 1001, 1001, 1500, 1500, 1500, 1500]
[1499, 1499, 988, 1500, 988, 988, 988, 988, 1001, 1001, 1001, 1001, 1500, 1500, 1500, 1500]
[1499, 1500, 988, 1500, 988, 988, 988, 988, 1001, 1001, 1001, 1001, 1500, 1500, 1500, 1500]
12:56:19.036506 ALT: 1.81
12:56:19.036639 ATT: [0.0, 0.8, 113]
12:56:19.037024 ACC: [-7, 0, 515]
[1499, 1500, 988, 1500, 988, 988, 988, 989, 1001, 1001, 1001, 1001, 1500, 1500, 1500, 1500]
[1500, 1500, 988, 1500, 988, 988, 988, 989, 1001, 1001, 1001, 1001, 1500, 1500, 1500, 1500]
[1500, 1499, 988, 1500, 988, 988, 988, 989, 1001, 1001, 1001, 1001, 1500, 1500, 1500, 1500]
[1500, 1499, 988, 1500, 988, 988, 988, 988, 1001, 1001, 1001, 1001, 1500, 1500, 1500, 1500]
[1500, 1499, 988, 1500, 988, 988, 988, 988, 1001, 1001, 1001, 1001, 1500, 1500, 1500, 1500]
[1500, 1500, 988, 1500, 988, 988, 988, 988, 1001, 1001, 1001, 1001, 1500, 1500, 1500, 1500]
[1500, 1500, 988, 1500, 988, 988, 988, 988, 1001, 1001, 1001, 1001, 1500, 1500, 1500, 1500]
12:56:19.082629 ALT: 1.81
12:56:19.082861 ATT: [0.0, 0.8, 113]
12:56:19.083533 ACC: [-8, 1, 515]
[1500, 1500, 988, 1500, 988, 988, 988, 988, 1001, 1001, 1001, 1001, 1500, 1500, 1500, 1500]
[1500, 1500, 988, 1500, 988, 988, 988, 988, 1001, 1001, 1001, 1001, 1500, 1500, 1500, 1500]
[1500, 1500, 988, 1500, 988, 988, 988, 988, 1001, 1001, 1001, 1001, 1500, 1500, 1500, 1500]
[1500, 1500, 988, 1500, 988, 988, 988, 988, 1001, 1001, 1001, 1001, 1500, 1500, 1500, 1500]
[1500, 1500, 988, 1500, 988, 988, 988, 988, 1001, 1001, 1001, 1001, 1500, 1500, 1500, 1500]
[1500, 1500, 988, 1500, 988, 988, 988, 988, 1001, 1001, 1001, 1001, 1500, 1500, 1500, 1500]
[1499, 1500, 988, 1500, 988, 988, 988, 988, 1001, 1001, 1001, 1001, 1500, 1500, 1500, 1500]
[1499, 1500, 988, 1499, 988, 988, 988, 988, 1001, 1001, 1001, 1001, 1500, 1500, 1500, 1500]
[1499, 1500, 988, 1499, 988, 988, 988, 988, 1001, 1001, 1001, 1001, 1500, 1500, 1500, 1500]
12:56:19.160768 ALT: 1.81
12:56:19.161092 ATT: [0.0, 0.8, 113]
12:56:19.163288 ACC: [-7, 1, 515]
[1500, 1500, 988, 1499, 988, 988, 988, 988, 1001, 1001, 1001, 1001, 1500, 1500, 1500, 1500]
[1500, 1500, 988, 1500, 988, 988, 988, 988, 1001, 1001, 1001, 1001, 1500, 1500, 1500, 1500]
[1500, 1500, 988, 1500, 988, 988, 988, 988, 1001, 1001, 1001, 1001, 1500, 1500, 1500, 1500]
[1500, 1500, 988, 1500, 988, 988, 988, 988, 1001, 1001, 1001, 1001, 1500, 1500, 1500, 1500]
[1500, 1499, 988, 1499, 988, 988, 988, 988, 1001, 1001, 1001, 1001, 1500, 1500, 1500, 1500]
[1500, 1499, 988, 1499, 988, 988, 988, 988, 1001, 1001, 1001, 1001, 1500, 1500, 1500, 1500]
[1499, 1499, 988, 1499, 988, 988, 988, 988, 1001, 1001, 1001, 1001, 1500, 1500, 1500, 1500]
[1499, 1500, 988, 1500, 988, 988, 988, 988, 1001, 1001, 1001, 1001, 1500, 1500, 1500, 1500]
[1499, 1500, 988, 1500, 988, 988, 988, 988, 1001, 1001, 1001, 1001, 1500, 1500, 1500, 1500]
[1500, 1500, 988, 1500, 988, 988, 988, 988, 1001, 1001, 1001, 1001, 1500, 1500, 1500, 1500]
[1500, 1500, 988, 1500, 988, 986, 988, 988, 1001, 1001, 1001, 1001, 1500, 1500, 1500, 1500]
[1500, 1500, 988, 1500, 988, 986, 988, 988, 1001, 1001, 1001, 1001, 1500, 1500, 1500, 1500]
[1500, 1500, 988, 1500, 988, 986, 988, 988, 1001, 1001, 1001, 1001, 1500, 1500, 1500, 1500]
[1500, 1500, 988, 1500, 988, 988, 988, 988, 1001, 1001, 1001, 1001, 1500, 1500, 1500, 1500]
[1500, 1500, 988, 1500, 988, 988, 988, 988, 1001, 1001, 1001, 1001, 1500, 1500, 1500, 1500]
12:56:19.240239 ALT: 1.81
12:56:19.240386 ATT: [0.0, 0.8, 113]
12:56:19.240789 ACC: [-7, 1, 515]
[1499, 1500, 988, 1500, 988, 988, 988, 988, 1001, 1001, 1001, 1001, 1500, 1500, 1500, 1500]
[1499, 1500, 988, 1500, 988, 988, 988, 988, 1001, 1001, 1001, 1001, 1500, 1500, 1500, 1500]
[1499, 1500, 988, 1500, 988, 988, 988, 988, 1001, 1001, 1001, 1001, 1500, 1500, 1500, 1500]
[1500, 1500, 988, 1500, 988, 988, 988, 988, 1001, 1001, 1001, 1001, 1500, 1500, 1500, 1500]
[1500, 1500, 988, 1500, 988, 988, 988, 988, 1001, 1001, 1001, 1001, 1500, 1500, 1500, 1500]
[1500, 1500, 988, 1500, 988, 988, 988, 988, 1001, 1001, 1001, 1001, 1500, 1500, 1500, 1500]
[1500, 1500, 988, 1500, 988, 988, 988, 988, 1001, 1001, 1001, 1001, 1500, 1500, 1500, 1500]
[1500, 1500, 988, 1500, 988, 988, 988, 988, 1001, 1001, 1001, 1001, 1500, 1500, 1500, 1500]
[1500, 1500, 988, 1500, 988, 988, 988, 988, 1001, 1001, 1001, 1001, 1500, 1500, 1500, 1500]
12:56:19.309754 ALT: 1.81
12:56:19.309903 ATT: [0.0, 0.8, 113]
12:56:19.310362 ACC: [-8, 0, 515]
[1500, 1500, 988, 1500, 988, 988, 988, 988, 1001, 1001, 1001, 1001, 1500, 1500, 1500, 1500]
[1500, 1499, 988, 1500, 988, 988, 988, 988, 1001, 1001, 1001, 1001, 1500, 1500, 1500, 1500]
[1500, 1499, 988, 1500, 988, 988, 988, 988, 1001, 1001, 1001, 1001, 1500, 1500, 1500, 1500]
[1499, 1499, 988, 1500, 988, 988, 988, 988, 1001, 1001, 1001, 1001, 1500, 1500, 1500, 1500]
[1499, 1500, 988, 1500, 988, 988, 988, 988, 1001, 1001, 1001, 1001, 1500, 1500, 1500, 1500]
[1499, 1500, 988, 1500, 988, 988, 988, 988, 1001, 1001, 1001, 1001, 1500, 1500, 1500, 1500]
[1500, 1500, 988, 1500, 988, 988, 988, 988, 1001, 1001, 1001, 1001, 1500, 1500, 1500, 1500]
[1500, 1500, 988, 1499, 988, 988, 988, 988, 1001, 1001, 1001, 1001, 1500, 1500, 1500, 1500]
12:56:19.354600 ALT: 1.81
12:56:19.354765 ATT: [0.0, 0.8, 113]
12:56:19.355333 ACC: [-7, 1, 515]
[1500, 1500, 988, 1499, 988, 988, 988, 988, 1001, 1001, 1001, 1001, 1500, 1500, 1500, 1500]
[1500, 1500, 988, 1499, 988, 988, 988, 988, 1001, 1001, 1001, 1001, 1500, 1500, 1500, 1500]
[1500, 1500, 988, 1500, 988, 988, 986, 988, 1001, 1001, 1001, 1001, 1500, 1500, 1500, 1500]
[1500, 1500, 988, 1500, 988, 988, 986, 988, 1001, 1001, 1001, 1001, 1500, 1500, 1500, 1500]
[1500, 1500, 988, 1500, 988, 988, 986, 988, 1001, 1001, 1001, 1001, 1500, 1500, 1500, 1500]
[1500, 1500, 988, 1500, 988, 988, 988, 988, 1001, 1001, 1001, 1001, 1500, 1500, 1500, 1500]
[1500, 1500, 988, 1500, 988, 988, 988, 988, 1001, 1001, 1001, 1001, 1500, 1500, 1500, 1500]
[1500, 1500, 988, 1500, 988, 988, 988, 988, 1001, 1001, 1001, 1001, 1500, 1500, 1500, 1500]
12:56:19.402460 ALT: 1.81
12:56:19.402560 ATT: [0.0, 0.8, 113]
12:56:19.402808 ACC: [-8, 1, 515]
[1500, 1500, 988, 1500, 988, 988, 988, 988, 1001, 1001, 1001, 1001, 1500, 1500, 1500, 1500]
[1500, 1500, 988, 1500, 988, 988, 988, 988, 1001, 1001, 1001, 1001, 1500, 1500, 1500, 1500]
[1500, 1500, 988, 1500, 988, 988, 988, 988, 1001, 1001, 1001, 1001, 1500, 1500, 1500, 1500]
[1500, 1500, 988, 1500, 988, 988, 988, 988, 1001, 1001, 1001, 1001, 1500, 1500, 1500, 1500]
[1500, 1500, 988, 1500, 988, 988, 988, 988, 1001, 1001, 1001, 1001, 1500, 1500, 1500, 1500]
[1500, 1500, 988, 1500, 988, 988, 988, 988, 1001, 1001, 1001, 1001, 1500, 1500, 1500, 1500]
[1500, 1499, 988, 1499, 988, 988, 988, 988, 1001, 1001, 1001, 1001, 1500, 1500, 1500, 1500]
[1500, 1499, 988, 1499, 988, 988, 988, 988, 1001, 1001, 1001, 1001, 1500, 1500, 1500, 1500]
[1500, 1499, 988, 1499, 988, 988, 988, 988, 1001, 1001, 1001, 1001, 1500, 1500, 1500, 1500]
[1500, 1499, 991, 1497, 988, 988, 988, 988, 1001, 1001, 1001, 1001, 1500, 1500, 1500, 1500]
[1500, 1499, 991, 1497, 988, 988, 988, 988, 1001, 1001, 1001, 1001, 1500, 1500, 1500, 1500]
[1500, 1499, 991, 1497, 988, 988, 988, 988, 1001, 1001, 1001, 1001, 1500, 1500, 1500, 1500]
[1500, 1499, 988, 1500, 988, 988, 988, 988, 1001, 1001, 1001, 1001, 1500, 1500, 1500, 1500]
[1500, 1499, 988, 1500, 988, 988, 988, 988, 1001, 1001, 1001, 1001, 1500, 1500, 1500, 1500]
12:56:19.497461 ALT: 1.81
12:56:19.497594 ATT: [0.0, 0.8, 113]
12:56:19.498159 ACC: [-7, 0, 515]
[1500, 1499, 988, 1500, 988, 988, 988, 988, 1001, 1001, 1001, 1001, 1500, 1500, 1500, 1500]
[1500, 1500, 988, 1500, 988, 988, 988, 988, 1001, 1001, 1001, 1001, 1500, 1500, 1500, 1500]
[1500, 1500, 988, 1500, 988, 988, 988, 988, 1001, 1001, 1001, 1001, 1500, 1500, 1500, 1500]
[1500, 1500, 988, 1500, 988, 988, 988, 988, 1001, 1001, 1001, 1001, 1500, 1500, 1500, 1500]
[1500, 1499, 988, 1500, 988, 988, 988, 988, 1001, 1001, 1001, 1001, 1500, 1500, 1500, 1500]
[1500, 1499, 988, 1500, 988, 988, 988, 988, 1001, 1001, 1001, 1001, 1500, 1500, 1500, 1500]
[1500, 1499, 988, 1500, 988, 988, 988, 988, 1001, 1001, 1001, 1001, 1500, 1500, 1500, 1500]
[1500, 1500, 988, 1500, 988, 988, 988, 988, 1001, 1001, 1001, 1001, 1500, 1500, 1500, 1500]
[1500, 1500, 988, 1500, 988, 988, 988, 988, 1001, 1001, 1001, 1001, 1500, 1500, 1500, 1500]
[1500, 1500, 988, 1500, 988, 988, 988, 988, 1001, 1001, 1001, 1001, 1500, 1500, 1500, 1500]
12:56:19.565809 ALT: 1.81
12:56:19.565924 ATT: [0.0, 0.8, 113]
12:56:19.566235 ACC: [-7, 1, 515]
[1500, 1501, 986, 1500, 988, 988, 988, 988, 1001, 1001, 1001, 1001, 1500, 1500, 1500, 1500]
[1500, 1501, 986, 1500, 988, 988, 988, 988, 1001, 1001, 1001, 1001, 1500, 1500, 1500, 1500]
[1500, 1501, 986, 1500, 988, 988, 988, 988, 1001, 1001, 1001, 1001, 1500, 1500, 1500, 1500]
[1500, 1500, 988, 1500, 988, 988, 988, 988, 1001, 1001, 1001, 1001, 1500, 1500, 1500, 1500]
[1500, 1500, 988, 1500, 988, 988, 988, 988, 1001, 1001, 1001, 1001, 1500, 1500, 1500, 1500]
[1500, 1500, 988, 1500, 988, 988, 988, 988, 1001, 1001, 1001, 1001, 1500, 1500, 1500, 1500]
[1500, 1500, 988, 1500, 988, 988, 988, 988, 1001, 1001, 1001, 1001, 1500, 1500, 1500, 1500]
[1500, 1500, 988, 1500, 988, 988, 988, 988, 1001, 1001, 1001, 1001, 1500, 1500, 1500, 1500]
12:56:19.617039 ALT: 1.81
12:56:19.618166 ATT: [0.0, 0.8, 113]
12:56:19.621928 ACC: [-8, 1, 515]
[1500, 1500, 988, 1500, 988, 988, 988, 988, 1001, 1001, 1001, 1001, 1500, 1500, 1500, 1500]
[1500, 1500, 988, 1499, 988, 988, 988, 988, 1001, 1001, 1001, 1001, 1500, 1500, 1500, 1500]
[1500, 1500, 988, 1499, 988, 988, 988, 988, 1001, 1001, 1001, 1001, 1500, 1500, 1500, 1500]
[1499, 1500, 988, 1499, 988, 988, 988, 988, 1001, 1001, 1001, 1001, 1500, 1500, 1500, 1500]
[1499, 1499, 988, 1500, 988, 988, 988, 988, 1001, 1001, 1001, 1001, 1500, 1500, 1500, 1500]
12:56:19.668492 ALT: 1.81
12:56:19.668655 ATT: [0.0, 0.8, 113]
12:56:19.669158 ACC: [-7, 0, 515]
[1499, 1499, 988, 1500, 988, 988, 988, 988, 1001, 1001, 1001, 1001, 1500, 1500, 1500, 1500]
[1500, 1499, 988, 1500, 988, 988, 988, 988, 1001, 1001, 1001, 1001, 1500, 1500, 1500, 1500]
[1500, 1500, 988, 1500, 988, 988, 988, 988, 1001, 1001, 1001, 1001, 1500, 1500, 1500, 1500]
[1500, 1500, 988, 1500, 988, 988, 988, 988, 1001, 1001, 1001, 1001, 1500, 1500, 1500, 1500]
[1500, 1500, 988, 1500, 988, 988, 988, 988, 1001, 1001, 1001, 1001, 1500, 1500, 1500, 1500]
[1500, 1500, 988, 1500, 988, 988, 988, 988, 1001, 1001, 1001, 1001, 1500, 1500, 1500, 1500]
[1500, 1500, 988, 1500, 988, 988, 988, 988, 1001, 1001, 1001, 1001, 1500, 1500, 1500, 1500]
12:56:19.722940 ALT: 1.81
12:56:19.723058 ATT: [0.0, 0.8, 113]
12:56:19.723362 ACC: [-7, 0, 515]
[1500, 1500, 988, 1500, 988, 988, 988, 988, 1001, 1001, 1001, 1001, 1500, 1500, 1500, 1500]
[1500, 1499, 989, 1499, 988, 988, 988, 988, 1001, 1001, 1001, 1001, 1500, 1500, 1500, 1500]
[1500, 1499, 989, 1499, 988, 988, 988, 988, 1001, 1001, 1001, 1001, 1500, 1500, 1500, 1500]
[1500, 1499, 989, 1499, 988, 988, 988, 988, 1001, 1001, 1001, 1001, 1500, 1500, 1500, 1500]
[1500, 1500, 988, 1500, 988, 988, 988, 988, 1001, 1001, 1001, 1001, 1500, 1500, 1500, 1500]
[1500, 1500, 988, 1500, 988, 988, 988, 988, 1001, 1001, 1001, 1001, 1500, 1500, 1500, 1500]
[1500, 1500, 988, 1500, 988, 988, 988, 988, 1001, 1001, 1001, 1001, 1500, 1500, 1500, 1500]
[1500, 1499, 988, 1499, 988, 988, 988, 988, 1001, 1001, 1001, 1001, 1500, 1500, 1500, 1500]
[1500, 1499, 988, 1499, 988, 988, 988, 988, 1001, 1001, 1001, 1001, 1500, 1500, 1500, 1500]
12:56:19.773765 ALT: 1.81
12:56:19.773880 ATT: [0.0, 0.8, 113]
12:56:19.774177 ACC: [-7, 1, 515]
[1500, 1499, 988, 1499, 988, 988, 988, 988, 1001, 1001, 1001, 1001, 1500, 1500, 1500, 1500]
[1500, 1500, 988, 1500, 988, 988, 989, 988, 1001, 1001, 1001, 1001, 1500, 1500, 1500, 1500]
[1500, 1500, 988, 1500, 988, 988, 989, 986, 1001, 1001, 1001, 1001, 1500, 1500, 1500, 1500]
[1500, 1500, 988, 1500, 988, 988, 989, 986, 1001, 1001, 1001, 1001, 1500, 1500, 1500, 1500]
[1500, 1500, 988, 1500, 988, 988, 988, 986, 1001, 1001, 1001, 1001, 1500, 1500, 1500, 1500]
12:56:19.823131 ALT: 1.81
12:56:19.823246 ATT: [0.0, 0.8, 113]
12:56:19.823604 ACC: [-7, 1, 515]
[1500, 1500, 988, 1500, 988, 988, 988, 988, 1001, 1001, 1001, 1001, 1500, 1500, 1500, 1500]
[1500, 1500, 988, 1500, 988, 988, 988, 988, 1001, 1001, 1001, 1001, 1500, 1500, 1500, 1500]
[1500, 1500, 986, 1500, 988, 988, 988, 988, 1001, 1001, 1001, 1001, 1500, 1500, 1500, 1500]
[1500, 1500, 986, 1500, 988, 988, 988, 988, 1001, 1001, 1001, 1001, 1500, 1500, 1500, 1500]
[1500, 1500, 986, 1500, 988, 988, 988, 988, 1001, 1001, 1001, 1001, 1500, 1500, 1500, 1500]
12:56:19.875182 ALT: 1.81
12:56:19.875320 ATT: [0.0, 0.8, 113]
12:56:19.875773 ACC: [-7, 1, 515]
[1500, 1500, 988, 1500, 988, 988, 988, 988, 1001, 1001, 1001, 1001, 1500, 1500, 1500, 1500]
[1500, 1500, 988, 1500, 988, 988, 988, 988, 1001, 1001, 1001, 1001, 1500, 1500, 1500, 1500]
[1500, 1500, 988, 1500, 988, 988, 988, 988, 1001, 1001, 1001, 1001, 1500, 1500, 1500, 1500]
[1500, 1500, 988, 1499, 988, 988, 988, 988, 1001, 1001, 1001, 1001, 1500, 1500, 1500, 1500]
[1500, 1500, 988, 1499, 988, 988, 988, 988, 1001, 1001, 1001, 1001, 1500, 1500, 1500, 1500]
[1500, 1500, 988, 1499, 988, 988, 988, 988, 1001, 1001, 1001, 1001, 1500, 1500, 1500, 1500]
[1500, 1500, 988, 1500, 988, 988, 988, 988, 1001, 1001, 1001, 1001, 1500, 1500, 1500, 1500]
[1500, 1500, 988, 1500, 988, 988, 988, 988, 1001, 1001, 1001, 1001, 1500, 1500, 1500, 1500]
[1500, 1500, 988, 1500, 988, 988, 988, 988, 1001, 1001, 1001, 1001, 1500, 1500, 1500, 1500]
[1500, 1500, 988, 1500, 988, 988, 988, 988, 1001, 1001, 1001, 1001, 1500, 1500, 1500, 1500]
[1500, 1500, 988, 1500, 988, 988, 988, 988, 1001, 1001, 1001, 1001, 1500, 1500, 1500, 1500]
[1500, 1500, 988, 1500, 988, 988, 988, 988, 1001, 1001, 1001, 1001, 1500, 1500, 1500, 1500]
12:56:19.914642 ALT: 1.81
12:56:19.914801 ATT: [0.0, 0.8, 113]
12:56:19.915165 ACC: [-7, 1, 515]
[1500, 1499, 988, 1499, 988, 988, 988, 988, 1001, 1001, 1001, 1001, 1500, 1500, 1500, 1500]
12:56:19.994583 ALT: 1.81
12:56:19.994714 ATT: [0.0, 0.8, 113]
12:56:19.995061 ACC: [-8, 0, 515]
[1500, 1499, 988, 1499, 988, 988, 988, 988, 1001, 1001, 1001, 1001, 1500, 1500, 1500, 1500]
[1500, 1499, 988, 1499, 988, 988, 988, 988, 1001, 1001, 1001, 1001, 1500, 1500, 1500, 1500]
[1500, 1500, 988, 1499, 988, 988, 988, 988, 1001, 1001, 1001, 1001, 1500, 1500, 1500, 1500]
[1500, 1500, 988, 1499, 988, 988, 988, 988, 1001, 1001, 1001, 1001, 1500, 1500, 1500, 1500]
[1500, 1500, 988, 1499, 988, 988, 988, 988, 1001, 1001, 1001, 1001, 1500, 1500, 1500, 1500]
[1500, 1500, 988, 1500, 988, 988, 988, 988, 1001, 1001, 1001, 1001, 1500, 1500, 1500, 1500]
[1500, 1500, 988, 1500, 988, 988, 988, 988, 1001, 1001, 1001, 1001, 1500, 1500, 1500, 1500]
[1500, 1500, 988, 1500, 988, 988, 988, 988, 1001, 1001, 1001, 1001, 1500, 1500, 1500, 1500]
[1500, 1499, 988, 1500, 988, 988, 988, 988, 1001, 1001, 1001, 1001, 1500, 1500, 1500, 1500]
[1500, 1499, 988, 1500, 988, 988, 988, 988, 1001, 1001, 1001, 1001, 1500, 1500, 1500, 1500]
[1499, 1499, 988, 1500, 988, 988, 988, 988, 1001, 1001, 1001, 1001, 1500, 1500, 1500, 1500]
[1499, 1500, 988, 1500, 988, 988, 988, 988, 1001, 1001, 1001, 1001, 1500, 1500, 1500, 1500]
[1499, 1500, 988, 1500, 988, 988, 988, 988, 1001, 1001, 1001, 1001, 1500, 1500, 1500, 1500]
[1500, 1500, 988, 1500, 988, 988, 988, 988, 1001, 1001, 1001, 1001, 1500, 1500, 1500, 1500]
[1500, 1499, 988, 1500, 988, 988, 988, 988, 1001, 1001, 1001, 1001, 1500, 1500, 1500, 1500]
[1500, 1499, 988, 1500, 988, 988, 988, 988, 1001, 1001, 1001, 1001, 1500, 1500, 1500, 1500]
[1500, 1499, 988, 1500, 988, 988, 988, 988, 1001, 1001, 1001, 1001, 1500, 1500, 1500, 1500]
[1500, 1500, 988, 1499, 988, 988, 988, 988, 1001, 1001, 1001, 1001, 1500, 1500, 1500, 1500]
[1500, 1500, 988, 1499, 988, 988, 988, 988, 1001, 1001, 1001, 1001, 1500, 1500, 1500, 1500]
12:56:20.075706 ALT: 1.81
12:56:20.075888 ATT: [0.0, 0.8, 113]
12:56:20.076306 ACC: [-8, 1, 515]
[1500, 1500, 988, 1499, 988, 988, 988, 988, 1001, 1001, 1001, 1001, 1500, 1500, 1500, 1500]
[1500, 1499, 988, 1499, 988, 988, 988, 988, 1001, 1001, 1001, 1001, 1500, 1500, 1500, 1500]
[1500, 1499, 988, 1499, 988, 988, 988, 988, 1001, 1001, 1001, 1001, 1500, 1500, 1500, 1500]
[1500, 1499, 988, 1499, 988, 988, 988, 988, 1001, 1001, 1001, 1001, 1500, 1500, 1500, 1500]
[1500, 1500, 988, 1500, 988, 988, 988, 988, 1001, 1001, 1001, 1001, 1500, 1500, 1500, 1500]
[1500, 1500, 988, 1500, 988, 988, 988, 988, 1001, 1001, 1001, 1001, 1500, 1500, 1500, 1500]
[1500, 1500, 988, 1500, 988, 988, 988, 988, 1001, 1001, 1001, 1001, 1500, 1500, 1500, 1500]
[1500, 1500, 988, 1500, 988, 988, 988, 988, 1001, 1001, 1001, 1001, 1500, 1500, 1500, 1500]
[1500, 1500, 988, 1500, 988, 988, 988, 988, 1001, 1001, 1001, 1001, 1500, 1500, 1500, 1500]
[1499, 1500, 988, 1500, 988, 988, 988, 988, 1001, 1001, 1001, 1001, 1500, 1500, 1500, 1500]
12:56:20.125464 ALT: 1.81
12:56:20.125578 ATT: [0.0, 0.8, 113]
12:56:20.125899 ACC: [-8, 0, 515]
[1499, 1500, 988, 1500, 988, 988, 988, 988, 1001, 1001, 1001, 1001, 1500, 1500, 1500, 1500]
[1499, 1500, 988, 1500, 988, 988, 988, 988, 1001, 1001, 1001, 1001, 1500, 1500, 1500, 1500]
[1500, 1500, 988, 1500, 988, 988, 988, 988, 1001, 1001, 1001, 1001, 1500, 1500, 1500, 1500]
[1500, 1500, 988, 1500, 988, 988, 988, 988, 1001, 1001, 1001, 1001, 1500, 1500, 1500, 1500]
[1500, 1500, 988, 1500, 988, 988, 988, 988, 1001, 1001, 1001, 1001, 1500, 1500, 1500, 1500]
12:56:20.180889 ALT: 1.78
12:56:20.181102 ATT: [0.0, 0.8, 113]
12:56:20.182492 ACC: [-7, 0, 515]
[1500, 1500, 988, 1500, 988, 988, 988, 988, 1001, 1001, 1001, 1001, 1500, 1500, 1500, 1500]
[1500, 1500, 988, 1499, 988, 988, 988, 988, 1001, 1001, 1001, 1001, 1500, 1500, 1500, 1500]
[1500, 1500, 988, 1499, 988, 988, 988, 988, 1001, 1001, 1001, 1001, 1500, 1500, 1500, 1500]
[1500, 1500, 988, 1499, 988, 988, 988, 988, 1001, 1001, 1001, 1001, 1500, 1500, 1500, 1500]
12:56:20.234825 ALT: 1.74
12:56:20.234942 ATT: [0.0, 0.8, 113]
12:56:20.235336 ACC: [-8, 0, 515]
[1500, 1500, 988, 1500, 988, 988, 988, 988, 1001, 1001, 1001, 1001, 1500, 1500, 1500, 1500]
[1500, 1500, 988, 1500, 988, 988, 988, 988, 1001, 1001, 1001, 1001, 1500, 1500, 1500, 1500]
[1499, 1500, 988, 1500, 988, 988, 988, 988, 1001, 1001, 1001, 1001, 1500, 1500, 1500, 1500]
[1499, 1500, 988, 1500, 988, 988, 988, 988, 1001, 1001, 1001, 1001, 1500, 1500, 1500, 1500]
[1499, 1500, 988, 1500, 988, 988, 988, 988, 1001, 1001, 1001, 1001, 1500, 1500, 1500, 1500]
[1500, 1500, 988, 1500, 988, 988, 988, 988, 1001, 1001, 1001, 1001, 1500, 1500, 1500, 1500]
[1500, 1500, 986, 1499, 988, 988, 988, 988, 1001, 1001, 1001, 1001, 1500, 1500, 1500, 1500]
[1500, 1500, 986, 1499, 988, 988, 988, 988, 1001, 1001, 1001, 1001, 1500, 1500, 1500, 1500]
[1500, 1500, 986, 1499, 988, 988, 988, 988, 1001, 1001, 1001, 1001, 1500, 1500, 1500, 1500]
[1500, 1500, 988, 1500, 988, 988, 988, 988, 1001, 1001, 1001, 1001, 1500, 1500, 1500, 1500]
[1500, 1500, 988, 1500, 988, 988, 988, 988, 1001, 1001, 1001, 1001, 1500, 1500, 1500, 1500]
[1500, 1500, 988, 1500, 988, 988, 988, 988, 1001, 1001, 1001, 1001, 1500, 1500, 1500, 1500]
[1500, 1500, 988, 1500, 988, 988, 988, 988, 1001, 1001, 1001, 1001, 1500, 1500, 1500, 1500]
[1500, 1500, 988, 1500, 988, 988, 988, 988, 1001, 1001, 1001, 1001, 1500, 1500, 1500, 1500]
[1500, 1500, 988, 1500, 988, 988, 988, 988, 1001, 1001, 1001, 1001, 1500, 1500, 1500, 1500]
[1500, 1499, 988, 1501, 986, 988, 988, 988, 1001, 1001, 1001, 1001, 1500, 1500, 1500, 1500]
12:56:20.286350 ALT: 1.74
12:56:20.286473 ATT: [0.0, 0.8, 113]
12:56:20.286841 ACC: [-8, 1, 515]
[1500, 1499, 988, 1501, 986, 988, 988, 988, 1001, 1001, 1001, 1001, 1500, 1500, 1500, 1500]
[1500, 1499, 988, 1501, 986, 988, 988, 988, 1001, 1001, 1001, 1001, 1500, 1500, 1500, 1500]
[1500, 1500, 988, 1500, 988, 988, 988, 988, 1001, 1001, 1001, 1001, 1500, 1500, 1500, 1500]
[1500, 1500, 988, 1500, 988, 988, 988, 988, 1001, 1001, 1001, 1001, 1500, 1500, 1500, 1500]
[1501, 1500, 988, 1500, 988, 988, 988, 988, 1001, 1001, 1001, 1001, 1500, 1500, 1500, 1500]
[1501, 1497, 988, 1500, 988, 988, 988, 988, 1001, 1001, 1001, 1001, 1500, 1500, 1500, 1500]
[1501, 1497, 988, 1500, 988, 988, 988, 988, 1001, 1001, 1001, 1001, 1500, 1500, 1500, 1500]
[1500, 1497, 988, 1500, 988, 988, 988, 988, 1001, 1001, 1001, 1001, 1500, 1500, 1500, 1500]
[1500, 1499, 988, 1500, 988, 988, 988, 988, 1001, 1001, 1001, 1001, 1500, 1500, 1500, 1500]
12:56:20.334337 ALT: 1.74
12:56:20.334469 ATT: [0.0, 0.8, 113]
12:56:20.334853 ACC: [-7, 1, 515]
[1500, 1499, 988, 1500, 988, 988, 988, 988, 1001, 1001, 1001, 1001, 1500, 1500, 1500, 1500]
[1499, 1499, 988, 1500, 988, 988, 988, 988, 1001, 1001, 1001, 1001, 1500, 1500, 1500, 1500]
[1499, 1500, 988, 1499, 988, 988, 988, 988, 1001, 1001, 1001, 1001, 1500, 1500, 1500, 1500]
[1499, 1500, 988, 1499, 988, 988, 988, 988, 1001, 1001, 1001, 1001, 1500, 1500, 1500, 1500]
[1500, 1500, 988, 1499, 988, 988, 988, 988, 1001, 1001, 1001, 1001, 1500, 1500, 1500, 1500]
[1500, 1500, 988, 1500, 988, 988, 988, 988, 1001, 1001, 1001, 1001, 1500, 1500, 1500, 1500]
[1500, 1500, 988, 1500, 988, 988, 988, 988, 1001, 1001, 1001, 1001, 1500, 1500, 1500, 1500]
12:56:20.378549 ALT: 1.74
12:56:20.378658 ATT: [0.0, 0.8, 113]
12:56:20.378998 ACC: [-7, 0, 515]
[1500, 1500, 988, 1500, 988, 988, 988, 988, 1001, 1001, 1001, 1001, 1500, 1500, 1500, 1500]
[1500, 1500, 988, 1500, 988, 988, 988, 988, 1001, 1001, 1001, 1001, 1500, 1500, 1500, 1500]
[1500, 1500, 988, 1500, 988, 988, 988, 988, 1001, 1001, 1001, 1001, 1500, 1500, 1500, 1500]
[1499, 1500, 988, 1500, 988, 988, 988, 988, 1001, 1001, 1001, 1001, 1500, 1500, 1500, 1500]
[1499, 1500, 988, 1500, 988, 988, 988, 988, 1001, 1001, 1001, 1001, 1500, 1500, 1500, 1500]
[1499, 1500, 988, 1500, 988, 988, 988, 988, 1001, 1001, 1001, 1001, 1500, 1500, 1500, 1500]
[1500, 1500, 988, 1500, 988, 988, 988, 988, 1001, 1001, 1001, 1001, 1500, 1500, 1500, 1500]
[1500, 1500, 988, 1500, 988, 988, 988, 988, 1001, 1001, 1001, 1001, 1500, 1500, 1500, 1500]
[1500, 1500, 988, 1500, 988, 988, 988, 988, 1001, 1001, 1001, 1001, 1500, 1500, 1500, 1500]
12:56:20.457197 ALT: 1.74
12:56:20.463164 ATT: [0.0, 0.9, 113]
12:56:20.463563 ACC: [-8, 1, 515]
[1500, 1500, 988, 1500, 988, 988, 988, 988, 1001, 1001, 1001, 1001, 1500, 1500, 1500, 1500]
[1500, 1499, 988, 1500, 988, 988, 988, 988, 1001, 1001, 1001, 1001, 1500, 1500, 1500, 1500]
[1500, 1499, 988, 1500, 988, 988, 988, 988, 1001, 1001, 1001, 1001, 1500, 1500, 1500, 1500]
[1500, 1499, 988, 1500, 988, 988, 988, 988, 1001, 1001, 1001, 1001, 1500, 1500, 1500, 1500]
[1500, 1500, 986, 1500, 988, 988, 988, 988, 1001, 1001, 1001, 1001, 1500, 1500, 1500, 1500]
[1500, 1500, 986, 1500, 988, 988, 988, 988, 1001, 1001, 1001, 1001, 1500, 1500, 1500, 1500]
[1500, 1500, 986, 1500, 988, 988, 988, 988, 1001, 1001, 1001, 1001, 1500, 1500, 1500, 1500]
[1500, 1500, 988, 1500, 988, 988, 988, 988, 1001, 1001, 1001, 1001, 1500, 1500, 1500, 1500]
[1500, 1500, 988, 1500, 988, 988, 988, 988, 1001, 1001, 1001, 1001, 1500, 1500, 1500, 1500]
[1499, 1500, 988, 1500, 988, 988, 988, 988, 1001, 1001, 1001, 1001, 1500, 1500, 1500, 1500]
12:56:20.506603 ALT: 1.74
12:56:20.506706 ATT: [0.0, 0.8, 113]
12:56:20.509417 ACC: [-7, 1, 515]
[1499, 1500, 988, 1500, 988, 988, 988, 988, 1001, 1001, 1001, 1001, 1500, 1500, 1500, 1500]
[1499, 1500, 988, 1500, 988, 988, 988, 988, 1001, 1001, 1001, 1001, 1500, 1500, 1500, 1500]
[1500, 1500, 988, 1500, 988, 988, 988, 988, 1001, 1001, 1001, 1001, 1500, 1500, 1500, 1500]
[1500, 1500, 988, 1500, 988, 988, 988, 988, 1001, 1001, 1001, 1001, 1500, 1500, 1500, 1500]
[1500, 1500, 988, 1500, 988, 988, 988, 988, 1001, 1001, 1001, 1001, 1500, 1500, 1500, 1500]
[1499, 1500, 988, 1500, 988, 988, 988, 988, 1001, 1001, 1001, 1001, 1500, 1500, 1500, 1500]
[1499, 1500, 988, 1500, 988, 988, 988, 988, 1001, 1001, 1001, 1001, 1500, 1500, 1500, 1500]
[1499, 1500, 988, 1500, 988, 988, 988, 988, 1001, 1001, 1001, 1001, 1500, 1500, 1500, 1500]
[1500, 1500, 988, 1500, 988, 988, 988, 988, 1001, 1001, 1001, 1001, 1500, 1500, 1500, 1500]
12:56:20.571273 ALT: 1.74
12:56:20.571380 ATT: [0.0, 0.8, 113]
12:56:20.571690 ACC: [-7, 0, 515]
[1500, 1500, 988, 1500, 988, 988, 988, 988, 1001, 1001, 1001, 1001, 1500, 1500, 1500, 1500]
[1500, 1500, 988, 1500, 988, 988, 988, 988, 1001, 1001, 1001, 1001, 1500, 1500, 1500, 1500]
[1500, 1500, 988, 1500, 988, 988, 988, 988, 1001, 1001, 1001, 1001, 1500, 1500, 1500, 1500]
[1500, 1499, 988, 1500, 988, 988, 988, 988, 1001, 1001, 1001, 1001, 1500, 1500, 1500, 1500]
[1500, 1499, 988, 1500, 988, 988, 988, 988, 1001, 1001, 1001, 1001, 1500, 1500, 1500, 1500]
[1500, 1499, 988, 1500, 988, 988, 988, 988, 1001, 1001, 1001, 1001, 1500, 1500, 1500, 1500]
[1500, 1499, 988, 1500, 988, 988, 988, 988, 1001, 1001, 1001, 1001, 1500, 1500, 1500, 1500]
[1500, 1499, 988, 1500, 988, 988, 988, 988, 1001, 1001, 1001, 1001, 1500, 1500, 1500, 1500]
[1500, 1499, 988, 1500, 988, 988, 988, 988, 1001, 1001, 1001, 1001, 1500, 1500, 1500, 1500]
12:56:20.625718 ALT: 1.74
12:56:20.625845 ATT: [0.0, 0.8, 113]
12:56:20.626183 ACC: [-7, 1, 515]
[1500, 1500, 988, 1499, 988, 988, 988, 988, 1001, 1001, 1001, 1001, 1500, 1500, 1500, 1500]
[1500, 1500, 988, 1499, 988, 988, 988, 988, 1001, 1001, 1001, 1001, 1500, 1500, 1500, 1500]
[1497, 1500, 988, 1499, 988, 988, 988, 988, 1001, 1001, 1001, 1001, 1500, 1500, 1500, 1500]
[1497, 1500, 988, 1500, 988, 988, 988, 988, 1001, 1001, 1001, 1001, 1500, 1500, 1500, 1500]
[1497, 1500, 988, 1500, 988, 988, 988, 988, 1001, 1001, 1001, 1001, 1500, 1500, 1500, 1500]
[1500, 1500, 988, 1500, 988, 988, 988, 988, 1001, 1001, 1001, 1001, 1500, 1500, 1500, 1500]
12:56:20.668879 ALT: 1.74
12:56:20.669054 ATT: [0.0, 0.8, 113]
12:56:20.669573 ACC: [-7, 1, 515]
[1500, 1500, 988, 1499, 988, 988, 988, 988, 1001, 1001, 1001, 1001, 1500, 1500, 1500, 1500]
[1500, 1500, 988, 1499, 988, 988, 988, 988, 1001, 1001, 1001, 1001, 1500, 1500, 1500, 1500]
[1500, 1500, 988, 1499, 988, 988, 988, 988, 1001, 1001, 1001, 1001, 1500, 1500, 1500, 1500]
[1500, 1500, 988, 1499, 988, 988, 988, 988, 1001, 1001, 1001, 1001, 1500, 1500, 1500, 1500]
[1500, 1500, 988, 1499, 988, 988, 988, 988, 1001, 1001, 1001, 1001, 1500, 1500, 1500, 1500]
[1500, 1500, 988, 1499, 988, 988, 988, 988, 1001, 1001, 1001, 1001, 1500, 1500, 1500, 1500]
[1500, 1499, 988, 1500, 988, 988, 988, 988, 1001, 1001, 1001, 1001, 1500, 1500, 1500, 1500]
[1500, 1499, 988, 1500, 988, 988, 988, 988, 1001, 1001, 1001, 1001, 1500, 1500, 1500, 1500]
[1500, 1499, 988, 1500, 988, 988, 988, 988, 1001, 1001, 1001, 1001, 1500, 1500, 1500, 1500]
[1500, 1500, 988, 1500, 989, 986, 988, 988, 1001, 1001, 1001, 1001, 1500, 1500, 1500, 1500]
[1500, 1500, 988, 1500, 989, 986, 988, 988, 1001, 1001, 1001, 1001, 1500, 1500, 1500, 1500]
[1500, 1500, 988, 1500, 989, 986, 988, 988, 1001, 1001, 1001, 1001, 1500, 1500, 1500, 1500]
[1500, 1499, 988, 1500, 988, 988, 988, 988, 1001, 1001, 1001, 1001, 1500, 1500, 1500, 1500]
[1500, 1499, 988, 1500, 988, 988, 988, 988, 1001, 1001, 1001, 1001, 1500, 1500, 1500, 1500]
[1500, 1499, 988, 1500, 988, 988, 988, 988, 1001, 1001, 1001, 1001, 1500, 1500, 1500, 1500]
[1500, 1500, 988, 1500, 988, 986, 988, 988, 1001, 1001, 1001, 1001, 1500, 1500, 1500, 1500]
[1500, 1500, 988, 1500, 988, 986, 988, 988, 1001, 1001, 1001, 1001, 1500, 1500, 1500, 1500]
12:56:20.783067 ALT: 1.74
12:56:20.783219 ATT: [0.0, 0.8, 113]
12:56:20.783514 ACC: [-8, 1, 515]
[1500, 1500, 988, 1500, 988, 986, 988, 988, 1001, 1001, 1001, 1001, 1500, 1500, 1500, 1500]
[1500, 1500, 988, 1500, 988, 988, 988, 988, 1001, 1001, 1001, 1001, 1500, 1500, 1500, 1500]
[1500, 1500, 988, 1500, 988, 988, 988, 988, 1001, 1001, 1001, 1001, 1500, 1500, 1500, 1500]
[1500, 1500, 988, 1500, 988, 988, 988, 988, 1001, 1001, 1001, 1001, 1500, 1500, 1500, 1500]
12:56:20.827004 ALT: 1.74
12:56:20.827098 ATT: [0.0, 0.8, 113]
12:56:20.827503 ACC: [-7, 0, 515]
[1500, 1500, 988, 1500, 988, 988, 988, 988, 1001, 1001, 1001, 1001, 1500, 1500, 1500, 1500]
[1500, 1500, 988, 1500, 988, 988, 988, 988, 1001, 1001, 1001, 1001, 1500, 1500, 1500, 1500]
[1500, 1500, 988, 1500, 988, 988, 988, 988, 1001, 1001, 1001, 1001, 1500, 1500, 1500, 1500]
[1500, 1500, 988, 1500, 988, 988, 988, 988, 1001, 1001, 1001, 1001, 1500, 1500, 1500, 1500]
[1500, 1500, 988, 1500, 988, 988, 988, 988, 1001, 1001, 1001, 1001, 1500, 1500, 1500, 1500]
[1500, 1500, 988, 1500, 988, 988, 988, 988, 1001, 1001, 1001, 1001, 1500, 1500, 1500, 1500]
[1500, 1500, 988, 1500, 988, 988, 988, 988, 1001, 1001, 1001, 1001, 1500, 1500, 1500, 1500]
[1500, 1500, 988, 1500, 988, 988, 988, 988, 1001, 1001, 1001, 1001, 1500, 1500, 1500, 1500]
[1500, 1500, 988, 1500, 988, 988, 988, 988, 1001, 1001, 1001, 1001, 1500, 1500, 1500, 1500]
12:56:20.874747 ALT: 1.74
12:56:20.875532 ATT: [0.0, 0.8, 113]
12:56:20.875880 ACC: [-8, 1, 515]
[1500, 1500, 988, 1499, 988, 988, 988, 988, 1001, 1001, 1001, 1001, 1500, 1500, 1500, 1500]
[1500, 1500, 988, 1499, 988, 988, 988, 988, 1001, 1001, 1001, 1001, 1500, 1500, 1500, 1500]
[1500, 1500, 988, 1499, 988, 988, 988, 988, 1001, 1001, 1001, 1001, 1500, 1500, 1500, 1500]
[1500, 1499, 988, 1500, 988, 988, 988, 988, 1001, 1001, 1001, 1001, 1500, 1500, 1500, 1500]
[1500, 1499, 988, 1500, 988, 988, 988, 988, 1001, 1001, 1001, 1001, 1500, 1500, 1500, 1500]
[1500, 1499, 988, 1500, 988, 988, 988, 988, 1001, 1001, 1001, 1001, 1500, 1500, 1500, 1500]
[1500, 1500, 988, 1499, 988, 988, 988, 988, 1001, 1001, 1001, 1001, 1500, 1500, 1500, 1500]
[1500, 1500, 988, 1499, 988, 988, 988, 988, 1001, 1001, 1001, 1001, 1500, 1500, 1500, 1500]
12:56:20.922952 ALT: 1.74
12:56:20.923049 ATT: [0.0, 0.8, 113]
12:56:20.923890 ACC: [-8, 1, 515]
[1500, 1500, 988, 1499, 988, 988, 988, 988, 1001, 1001, 1001, 1001, 1500, 1500, 1500, 1500]
[1500, 1500, 988, 1500, 988, 988, 988, 988, 1001, 1001, 1001, 1001, 1500, 1500, 1500, 1500]
[1500, 1500, 988, 1500, 988, 988, 988, 989, 1001, 1001, 1001, 1001, 1500, 1500, 1500, 1500]
[1499, 1500, 988, 1500, 988, 988, 988, 989, 1001, 1001, 1001, 1001, 1500, 1500, 1500, 1500]
[1499, 1500, 988, 1500, 988, 988, 988, 989, 1001, 1001, 1001, 1001, 1500, 1500, 1500, 1500]
[1499, 1500, 988, 1500, 988, 988, 988, 988, 1001, 1001, 1001, 1001, 1500, 1500, 1500, 1500]
[1500, 1500, 988, 1500, 988, 988, 988, 988, 1001, 1001, 1001, 1001, 1500, 1500, 1500, 1500]
[1500, 1500, 988, 1500, 988, 988, 988, 988, 1001, 1001, 1001, 1001, 1500, 1500, 1500, 1500]
12:56:20.971273 ALT: 1.74
12:56:20.971430 ATT: [0.0, 0.8, 113]
12:56:20.971879 ACC: [-7, 1, 515]
[1500, 1500, 988, 1500, 988, 988, 988, 988, 1001, 1001, 1001, 1001, 1500, 1500, 1500, 1500]
[1500, 1500, 988, 1500, 988, 988, 988, 988, 1001, 1001, 1001, 1001, 1500, 1500, 1500, 1500]
[1500, 1500, 988, 1500, 988, 988, 988, 988, 1001, 1001, 1001, 1001, 1500, 1500, 1500, 1500]
[1500, 1500, 988, 1500, 988, 988, 988, 988, 1001, 1001, 1001, 1001, 1500, 1500, 1500, 1500]
[1499, 1500, 988, 1500, 988, 988, 988, 988, 1001, 1001, 1001, 1001, 1500, 1500, 1500, 1500]
[1499, 1499, 988, 1500, 988, 988, 988, 988, 1001, 1001, 1001, 1001, 1500, 1500, 1500, 1500]
[1499, 1499, 988, 1500, 988, 988, 988, 988, 1001, 1001, 1001, 1001, 1500, 1500, 1500, 1500]
12:56:21.018885 ALT: 1.74
12:56:21.019082 ATT: [0.0, 0.8, 113]
12:56:21.019823 ACC: [-8, 1, 515]
[1499, 1499, 988, 1500, 988, 988, 988, 988, 1001, 1001, 1001, 1001, 1500, 1500, 1500, 1500]
[1499, 1500, 988, 1500, 988, 988, 988, 988, 1001, 1001, 1001, 1001, 1500, 1500, 1500, 1500]
[1499, 1500, 988, 1500, 988, 988, 988, 988, 1001, 1001, 1001, 1001, 1500, 1500, 1500, 1500]
[1500, 1500, 988, 1500, 988, 988, 988, 988, 1001, 1001, 1001, 1001, 1500, 1500, 1500, 1500]
[1500, 1499, 988, 1500, 988, 988, 988, 988, 1001, 1001, 1001, 1001, 1500, 1500, 1500, 1500]
[1500, 1499, 988, 1500, 988, 988, 988, 988, 1001, 1001, 1001, 1001, 1500, 1500, 1500, 1500]
[1500, 1499, 988, 1500, 988, 988, 988, 988, 1001, 1001, 1001, 1001, 1500, 1500, 1500, 1500]
12:56:21.069769 ALT: 1.74
12:56:21.070088 ATT: [0.0, 0.8, 113]
12:56:21.070673 ACC: [-8, 0, 515]
[1500, 1500, 988, 1500, 988, 988, 988, 988, 1001, 1001, 1001, 1001, 1500, 1500, 1500, 1500]
[1500, 1500, 988, 1500, 988, 988, 988, 988, 1001, 1001, 1001, 1001, 1500, 1500, 1500, 1500]
[1500, 1500, 988, 1500, 988, 988, 988, 988, 1001, 1001, 1001, 1001, 1500, 1500, 1500, 1500]
[1500, 1500, 988, 1500, 988, 988, 988, 988, 1001, 1001, 1001, 1001, 1500, 1500, 1500, 1500]
[1500, 1500, 988, 1500, 988, 988, 988, 988, 1001, 1001, 1001, 1001, 1500, 1500, 1500, 1500]
[1500, 1500, 988, 1500, 988, 988, 988, 988, 1001, 1001, 1001, 1001, 1500, 1500, 1500, 1500]
[1500, 1500, 988, 1500, 988, 988, 988, 988, 1001, 1001, 1001, 1001, 1500, 1500, 1500, 1500]
12:56:21.115144 ALT: 1.74
12:56:21.115400 ATT: [0.0, 0.8, 113]
12:56:21.115908 ACC: [-7, 0, 515]
[1500, 1500, 988, 1500, 988, 988, 988, 988, 1001, 1001, 1001, 1001, 1500, 1500, 1500, 1500]
[1500, 1500, 988, 1500, 988, 988, 988, 988, 1001, 1001, 1001, 1001, 1500, 1500, 1500, 1500]
[1500, 1500, 988, 1500, 988, 988, 988, 988, 1001, 1001, 1001, 1001, 1500, 1500, 1500, 1500]
[1500, 1500, 988, 1500, 988, 988, 988, 988, 1001, 1001, 1001, 1001, 1500, 1500, 1500, 1500]
[1500, 1500, 988, 1500, 988, 988, 988, 988, 1001, 1001, 1001, 1001, 1500, 1500, 1500, 1500]
[1500, 1499, 988, 1500, 988, 988, 988, 988, 1001, 1001, 1001, 1001, 1500, 1500, 1500, 1500]
[1500, 1499, 988, 1500, 988, 988, 988, 988, 1001, 1001, 1001, 1001, 1500, 1500, 1500, 1500]
[1500, 1499, 988, 1500, 988, 988, 988, 988, 1001, 1001, 1001, 1001, 1500, 1500, 1500, 1500]
[1500, 1500, 988, 1500, 988, 988, 988, 988, 1001, 1001, 1001, 1001, 1500, 1500, 1500, 1500]
[1500, 1500, 988, 1500, 988, 988, 988, 988, 1001, 1001, 1001, 1001, 1500, 1500, 1500, 1500]
[1500, 1500, 988, 1500, 988, 988, 988, 988, 1001, 1001, 1001, 1001, 1500, 1500, 1500, 1500]
[1500, 1499, 988, 1499, 988, 988, 988, 988, 1001, 1001, 1001, 1001, 1500, 1500, 1500, 1500]
12:56:21.195271 ALT: 1.74
12:56:21.195494 ATT: [0.0, 0.8, 113]
12:56:21.196468 ACC: [-7, 1, 515]
[1500, 1499, 988, 1499, 988, 988, 988, 988, 1001, 1001, 1001, 1001, 1500, 1500, 1500, 1500]
[1500, 1499, 988, 1499, 988, 988, 988, 988, 1001, 1001, 1001, 1001, 1500, 1500, 1500, 1500]
[1500, 1499, 988, 1500, 988, 988, 988, 988, 1001, 1001, 1001, 1001, 1500, 1500, 1500, 1500]
[1500, 1499, 988, 1500, 988, 988, 988, 988, 1001, 1001, 1001, 1001, 1500, 1500, 1500, 1500]
[1500, 1499, 988, 1500, 988, 988, 988, 988, 1001, 1001, 1001, 1001, 1500, 1500, 1500, 1500]
[1500, 1500, 988, 1500, 988, 988, 988, 988, 1001, 1001, 1001, 1001, 1500, 1500, 1500, 1500]
12:56:21.243465 ALT: 1.74
12:56:21.243580 ATT: [0.0, 0.8, 113]
12:56:21.243903 ACC: [-7, 1, 516]
[1500, 1500, 988, 1500, 988, 988, 988, 988, 1001, 1001, 1001, 1001, 1500, 1500, 1500, 1500]
[1500, 1500, 988, 1500, 988, 988, 988, 988, 1001, 1001, 1001, 1001, 1500, 1500, 1500, 1500]
[1500, 1499, 988, 1500, 988, 988, 988, 988, 1001, 1001, 1001, 1001, 1500, 1500, 1500, 1500]
[1500, 1499, 988, 1500, 988, 988, 988, 988, 1001, 1001, 1001, 1001, 1500, 1500, 1500, 1500]
[1500, 1499, 988, 1500, 988, 988, 988, 988, 1001, 1001, 1001, 1001, 1500, 1500, 1500, 1500]
[1500, 1500, 988, 1500, 988, 988, 988, 988, 1001, 1001, 1001, 1001, 1500, 1500, 1500, 1500]
[1500, 1500, 988, 1500, 988, 988, 988, 988, 1001, 1001, 1001, 1001, 1500, 1500, 1500, 1500]
[1500, 1500, 988, 1500, 988, 988, 988, 988, 1001, 1001, 1001, 1001, 1500, 1500, 1500, 1500]
[1500, 1500, 988, 1500, 988, 988, 988, 988, 1001, 1001, 1001, 1001, 1500, 1500, 1500, 1500]
12:56:21.293248 ALT: 1.74
12:56:21.293421 ATT: [0.0, 0.8, 113]
12:56:21.293774 ACC: [-7, 1, 516]
[1500, 1500, 988, 1500, 988, 988, 988, 988, 1001, 1001, 1001, 1001, 1500, 1500, 1500, 1500]
[1500, 1500, 988, 1500, 988, 988, 988, 988, 1001, 1001, 1001, 1001, 1500, 1500, 1500, 1500]
[1500, 1499, 988, 1500, 988, 988, 988, 988, 1001, 1001, 1001, 1001, 1500, 1500, 1500, 1500]
[1500, 1499, 988, 1500, 988, 988, 988, 988, 1001, 1001, 1001, 1001, 1500, 1500, 1500, 1500]
[1500, 1499, 988, 1500, 988, 988, 988, 988, 1001, 1001, 1001, 1001, 1500, 1500, 1500, 1500]
[1500, 1500, 988, 1500, 988, 988, 988, 988, 1001, 1001, 1001, 1001, 1500, 1500, 1500, 1500]
[1500, 1500, 988, 1500, 988, 988, 988, 988, 1001, 1001, 1001, 1001, 1500, 1500, 1500, 1500]
12:56:21.339823 ALT: 1.74
12:56:21.339927 ATT: [0.0, 0.8, 113]
12:56:21.340283 ACC: [-7, 0, 516]
[1500, 1500, 988, 1500, 988, 988, 988, 988, 1001, 1001, 1001, 1001, 1500, 1500, 1500, 1500]
[1500, 1500, 988, 1500, 988, 988, 988, 988, 1001, 1001, 1001, 1001, 1500, 1500, 1500, 1500]
[1500, 1500, 988, 1500, 988, 988, 988, 988, 1001, 1001, 1001, 1001, 1500, 1500, 1500, 1500]
[1500, 1500, 988, 1500, 988, 988, 988, 988, 1001, 1001, 1001, 1001, 1500, 1500, 1500, 1500]
[1500, 1500, 988, 1500, 988, 988, 988, 988, 1001, 1001, 1001, 1001, 1500, 1500, 1500, 1500]
[1500, 1500, 988, 1500, 988, 988, 988, 988, 1001, 1001, 1001, 1001, 1500, 1500, 1500, 1500]
[1500, 1500, 988, 1500, 988, 988, 988, 988, 1001, 1001, 1001, 1001, 1500, 1500, 1500, 1500]
12:56:21.387142 ALT: 1.74
12:56:21.387261 ATT: [0.0, 0.8, 113]
12:56:21.388045 ACC: [-8, 1, 515]
[1500, 1500, 988, 1500, 988, 988, 988, 988, 1001, 1001, 1001, 1001, 1500, 1500, 1500, 1500]
[1500, 1500, 988, 1500, 988, 988, 988, 988, 1001, 1001, 1001, 1001, 1500, 1500, 1500, 1500]
[1500, 1500, 988, 1500, 988, 988, 988, 988, 1001, 1001, 1001, 1001, 1500, 1500, 1500, 1500]
[1500, 1499, 988, 1500, 988, 988, 988, 988, 1001, 1001, 1001, 1001, 1500, 1500, 1500, 1500]
[1500, 1499, 988, 1500, 988, 988, 988, 988, 1001, 1001, 1001, 1001, 1500, 1500, 1500, 1500]
[1499, 1499, 988, 1500, 988, 988, 988, 988, 1001, 1001, 1001, 1001, 1500, 1500, 1500, 1500]
[1499, 1500, 988, 1500, 988, 988, 988, 988, 1001, 1001, 1001, 1001, 1500, 1500, 1500, 1500]
12:56:21.434745 ALT: 1.74
12:56:21.434943 ATT: [0.0, 0.8, 113]
12:56:21.435384 ACC: [-7, 1, 515]
[1499, 1500, 988, 1500, 988, 988, 988, 988, 1001, 1001, 1001, 1001, 1500, 1500, 1500, 1500]
[1499, 1500, 988, 1500, 988, 988, 988, 988, 1001, 1001, 1001, 1001, 1500, 1500, 1500, 1500]
[1499, 1500, 988, 1500, 988, 988, 988, 988, 1001, 1001, 1001, 1001, 1500, 1500, 1500, 1500]
[1499, 1500, 988, 1500, 988, 988, 988, 988, 1001, 1001, 1001, 1001, 1500, 1500, 1500, 1500]
[1500, 1500, 988, 1500, 988, 988, 988, 988, 1001, 1001, 1001, 1001, 1500, 1500, 1500, 1500]
[1500, 1500, 988, 1499, 988, 988, 988, 988, 1001, 1001, 1001, 1001, 1500, 1500, 1500, 1500]
[1500, 1500, 988, 1499, 988, 988, 988, 988, 1001, 1001, 1001, 1001, 1500, 1500, 1500, 1500]
[1500, 1500, 988, 1499, 988, 988, 988, 988, 1001, 1001, 1001, 1001, 1500, 1500, 1500, 1500]
12:56:21.488725 ALT: 1.74
12:56:21.488989 ATT: [0.0, 0.8, 113]
12:56:21.489621 ACC: [-7, 0, 515]
[1500, 1500, 988, 1500, 988, 988, 988, 988, 1001, 1001, 1001, 1001, 1500, 1500, 1500, 1500]
[1500, 1500, 988, 1500, 988, 988, 988, 988, 1001, 1001, 1001, 1001, 1500, 1500, 1500, 1500]
[1500, 1500, 988, 1500, 988, 988, 988, 988, 1001, 1001, 1001, 1001, 1500, 1500, 1500, 1500]
[1500, 1500, 988, 1500, 988, 988, 988, 988, 1001, 1001, 1001, 1001, 1500, 1500, 1500, 1500]
[1500, 1500, 988, 1500, 988, 988, 988, 988, 1001, 1001, 1001, 1001, 1500, 1500, 1500, 1500]
[1500, 1500, 988, 1500, 988, 988, 988, 988, 1001, 1001, 1001, 1001, 1500, 1500, 1500, 1500]
[1500, 1500, 988, 1501, 986, 988, 988, 988, 1001, 1001, 1001, 1001, 1500, 1500, 1500, 1500]
12:56:21.532313 ALT: 1.74
12:56:21.532427 ATT: [0.0, 0.8, 113]
12:56:21.532740 ACC: [-7, 1, 515]
[1500, 1500, 988, 1501, 986, 988, 988, 988, 1001, 1001, 1001, 1001, 1500, 1500, 1500, 1500]
[1500, 1500, 988, 1501, 986, 988, 988, 988, 1001, 1001, 1001, 1001, 1500, 1500, 1500, 1500]
[1500, 1500, 988, 1500, 988, 988, 988, 988, 1001, 1001, 1001, 1001, 1500, 1500, 1500, 1500]
[1500, 1500, 988, 1500, 988, 988, 988, 988, 1001, 1001, 1001, 1001, 1500, 1500, 1500, 1500]
[1500, 1500, 988, 1500, 988, 988, 988, 988, 1001, 1001, 1001, 1001, 1500, 1500, 1500, 1500]
[1500, 1500, 988, 1500, 988, 988, 989, 988, 1001, 1001, 1001, 1001, 1500, 1500, 1500, 1500]
[1500, 1500, 988, 1500, 988, 988, 989, 986, 1001, 1001, 1001, 1001, 1500, 1500, 1500, 1500]
[1500, 1500, 988, 1500, 988, 988, 989, 986, 1001, 1001, 1001, 1001, 1500, 1500, 1500, 1500]
[1500, 1500, 988, 1499, 988, 988, 988, 986, 1001, 1001, 1001, 1001, 1500, 1500, 1500, 1500]
12:56:21.594707 ALT: 1.74
12:56:21.594810 ATT: [0.0, 0.8, 113]
12:56:21.595124 ACC: [-7, 0, 515]
[1500, 1500, 988, 1499, 988, 988, 988, 988, 1001, 1001, 1001, 1001, 1500, 1500, 1500, 1500]
[1500, 1500, 988, 1499, 988, 988, 988, 988, 1001, 1001, 1001, 1001, 1500, 1500, 1500, 1500]
[1500, 1500, 988, 1500, 988, 988, 988, 988, 1001, 1001, 1001, 1001, 1500, 1500, 1500, 1500]
[1500, 1500, 988, 1500, 988, 988, 988, 988, 1001, 1001, 1001, 1001, 1500, 1500, 1500, 1500]
[1500, 1500, 988, 1500, 988, 988, 988, 988, 1001, 1001, 1001, 1001, 1500, 1500, 1500, 1500]
[1500, 1500, 988, 1499, 988, 988, 988, 988, 1001, 1001, 1001, 1001, 1500, 1500, 1500, 1500]
[1500, 1500, 988, 1499, 988, 988, 988, 988, 1001, 1001, 1001, 1001, 1500, 1500, 1500, 1500]
[1500, 1500, 988, 1499, 988, 988, 988, 988, 1001, 1001, 1001, 1001, 1500, 1500, 1500, 1500]
12:56:21.643473 ALT: 1.74
12:56:21.643585 ATT: [0.0, 0.8, 113]
12:56:21.643930 ACC: [-7, 1, 515]
[1500, 1500, 988, 1500, 988, 988, 988, 988, 1001, 1001, 1001, 1001, 1500, 1500, 1500, 1500]
[1500, 1500, 988, 1500, 988, 988, 988, 988, 1001, 1001, 1001, 1001, 1500, 1500, 1500, 1500]
[1500, 1500, 988, 1500, 988, 988, 988, 988, 1001, 1001, 1001, 1001, 1500, 1500, 1500, 1500]
[1500, 1499, 988, 1500, 988, 988, 988, 988, 1001, 1001, 1001, 1001, 1500, 1500, 1500, 1500]
[1500, 1499, 988, 1500, 988, 988, 988, 988, 1001, 1001, 1001, 1001, 1500, 1500, 1500, 1500]
[1500, 1499, 988, 1500, 988, 988, 988, 988, 1001, 1001, 1001, 1001, 1500, 1500, 1500, 1500]
[1500, 1500, 988, 1500, 988, 988, 988, 988, 1001, 1001, 1001, 1001, 1500, 1500, 1500, 1500]
12:56:21.691311 ALT: 1.74
12:56:21.691428 ATT: [0.0, 0.8, 113]
12:56:21.691740 ACC: [-7, 1, 515]
[1500, 1500, 988, 1500, 988, 988, 988, 988, 1001, 1001, 1001, 1001, 1500, 1500, 1500, 1500]
[1500, 1500, 988, 1500, 988, 988, 988, 988, 1001, 1001, 1001, 1001, 1500, 1500, 1500, 1500]
[1500, 1500, 988, 1500, 988, 988, 988, 988, 1001, 1001, 1001, 1001, 1500, 1500, 1500, 1500]
[1500, 1500, 988, 1500, 988, 988, 988, 988, 1001, 1001, 1001, 1001, 1500, 1500, 1500, 1500]
[1500, 1500, 988, 1500, 988, 988, 988, 988, 1001, 1001, 1001, 1001, 1500, 1500, 1500, 1500]
[1500, 1500, 988, 1500, 988, 988, 988, 988, 1001, 1001, 1001, 1001, 1500, 1500, 1500, 1500]
[1500, 1500, 988, 1500, 988, 988, 988, 988, 1001, 1001, 1001, 1001, 1500, 1500, 1500, 1500]
12:56:21.738773 ALT: 1.74
12:56:21.738930 ATT: [0.0, 0.8, 113]
12:56:21.739502 ACC: [-8, 1, 515]
[1501, 1500, 988, 1500, 988, 988, 988, 988, 1001, 1001, 1001, 1001, 1500, 1500, 1500, 1500]
[1501, 1497, 988, 1500, 988, 988, 988, 988, 1001, 1001, 1001, 1001, 1500, 1500, 1500, 1500]
[1501, 1497, 988, 1500, 988, 988, 988, 988, 1001, 1001, 1001, 1001, 1500, 1500, 1500, 1500]
[1500, 1497, 988, 1500, 988, 988, 988, 988, 1001, 1001, 1001, 1001, 1500, 1500, 1500, 1500]
[1500, 1500, 988, 1499, 988, 988, 988, 988, 1001, 1001, 1001, 1001, 1500, 1500, 1500, 1500]
[1500, 1500, 988, 1499, 988, 988, 988, 988, 1001, 1001, 1001, 1001, 1500, 1500, 1500, 1500]
[1500, 1500, 988, 1499, 988, 988, 988, 988, 1001, 1001, 1001, 1001, 1500, 1500, 1500, 1500]
12:56:21.786869 ALT: 1.74
12:56:21.786992 ATT: [0.0, 0.8, 113]
12:56:21.787351 ACC: [-7, 0, 515]
[1500, 1500, 988, 1500, 988, 988, 988, 988, 1001, 1001, 1001, 1001, 1500, 1500, 1500, 1500]
[1500, 1500, 988, 1500, 988, 988, 988, 988, 1001, 1001, 1001, 1001, 1500, 1500, 1500, 1500]
[1499, 1500, 988, 1500, 988, 988, 988, 988, 1001, 1001, 1001, 1001, 1500, 1500, 1500, 1500]
[1499, 1500, 988, 1500, 988, 988, 988, 988, 1001, 1001, 1001, 1001, 1500, 1500, 1500, 1500]
[1499, 1500, 988, 1500, 988, 988, 988, 988, 1001, 1001, 1001, 1001, 1500, 1500, 1500, 1500]
[1500, 1500, 988, 1500, 988, 988, 988, 988, 1001, 1001, 1001, 1001, 1500, 1500, 1500, 1500]
[1500, 1500, 988, 1500, 988, 988, 988, 988, 1001, 1001, 1001, 1001, 1500, 1500, 1500, 1500]
12:56:21.834926 ALT: 1.74
12:56:21.835058 ATT: [0.0, 0.9, 113]
12:56:21.835483 ACC: [-8, 0, 515]
[1500, 1500, 988, 1500, 988, 988, 988, 988, 1001, 1001, 1001, 1001, 1500, 1500, 1500, 1500]
[1500, 1500, 988, 1500, 988, 988, 988, 988, 1001, 1001, 1001, 1001, 1500, 1500, 1500, 1500]
[1500, 1499, 988, 1500, 988, 988, 988, 988, 1001, 1001, 1001, 1001, 1500, 1500, 1500, 1500]
[1500, 1499, 988, 1500, 988, 988, 988, 988, 1001, 1001, 1001, 1001, 1500, 1500, 1500, 1500]
[1500, 1499, 988, 1500, 988, 988, 988, 988, 1001, 1001, 1001, 1001, 1500, 1500, 1500, 1500]
[1500, 1500, 988, 1500, 988, 988, 988, 988, 1001, 1001, 1001, 1001, 1500, 1500, 1500, 1500]
[1500, 1500, 988, 1500, 988, 988, 988, 988, 1001, 1001, 1001, 1001, 1500, 1500, 1500, 1500]
[1500, 1500, 988, 1500, 988, 988, 988, 988, 1001, 1001, 1001, 1001, 1500, 1500, 1500, 1500]
12:56:21.882720 ALT: 1.74
12:56:21.882826 ATT: [0.0, 0.9, 113]
12:56:21.883130 ACC: [-7, 0, 515]
[1500, 1499, 988, 1499, 988, 988, 988, 988, 1001, 1001, 1001, 1001, 1500, 1500, 1500, 1500]
[1500, 1499, 988, 1499, 988, 988, 988, 988, 1001, 1001, 1001, 1001, 1500, 1500, 1500, 1500]
[1499, 1499, 988, 1499, 988, 988, 988, 988, 1001, 1001, 1001, 1001, 1500, 1500, 1500, 1500]
[1499, 1500, 988, 1500, 988, 988, 988, 988, 1001, 1001, 1001, 1001, 1500, 1500, 1500, 1500]
[1499, 1500, 988, 1500, 988, 988, 988, 988, 1001, 1001, 1001, 1001, 1500, 1500, 1500, 1500]
[1500, 1500, 988, 1500, 988, 988, 988, 988, 1001, 1001, 1001, 1001, 1500, 1500, 1500, 1500]
[1500, 1500, 988, 1500, 988, 988, 988, 988, 1001, 1001, 1001, 1001, 1500, 1500, 1500, 1500]
12:56:21.931588 ALT: 1.74
12:56:21.931785 ATT: [0.0, 0.9, 113]
12:56:21.932267 ACC: [-8, 1, 515]
[1500, 1500, 988, 1500, 988, 988, 988, 988, 1001, 1001, 1001, 1001, 1500, 1500, 1500, 1500]
[1500, 1500, 988, 1500, 988, 988, 988, 988, 1001, 1001, 1001, 1001, 1500, 1500, 1500, 1500]
[1500, 1500, 988, 1500, 988, 988, 988, 988, 1001, 1001, 1001, 1001, 1500, 1500, 1500, 1500]
[1500, 1500, 988, 1500, 988, 988, 988, 988, 1001, 1001, 1001, 1001, 1500, 1500, 1500, 1500]
[1500, 1500, 988, 1500, 988, 988, 988, 988, 1001, 1001, 1001, 1001, 1500, 1500, 1500, 1500]
[1500, 1500, 988, 1500, 988, 988, 988, 988, 1001, 1001, 1001, 1001, 1500, 1500, 1500, 1500]
[1500, 1500, 988, 1500, 988, 988, 988, 988, 1001, 1001, 1001, 1001, 1500, 1500, 1500, 1500]
12:56:21.979055 ALT: 1.74
12:56:21.979176 ATT: [0.0, 0.9, 113]
12:56:21.979476 ACC: [-8, 1, 515]
[1500, 1500, 988, 1500, 988, 988, 988, 988, 1001, 1001, 1001, 1001, 1500, 1500, 1500, 1500]
[1500, 1500, 988, 1500, 988, 988, 988, 988, 1001, 1001, 1001, 1001, 1500, 1500, 1500, 1500]
[1500, 1500, 988, 1500, 988, 988, 988, 988, 1001, 1001, 1001, 1001, 1500, 1500, 1500, 1500]
[1500, 1500, 988, 1500, 988, 988, 988, 988, 1001, 1001, 1001, 1001, 1500, 1500, 1500, 1500]
[1500, 1500, 988, 1500, 988, 988, 988, 988, 1001, 1001, 1001, 1001, 1500, 1500, 1500, 1500]
[1500, 1500, 988, 1500, 988, 988, 988, 988, 1001, 1001, 1001, 1001, 1500, 1500, 1500, 1500]
[1500, 1500, 988, 1500, 988, 988, 988, 988, 1001, 1001, 1001, 1001, 1500, 1500, 1500, 1500]
12:56:22.026744 ALT: 1.74
12:56:22.026850 ATT: [0.0, 0.9, 113]
12:56:22.027137 ACC: [-7, 1, 515]
[1500, 1499, 988, 1500, 988, 988, 988, 988, 1001, 1001, 1001, 1001, 1500, 1500, 1500, 1500]
[1500, 1499, 988, 1500, 988, 988, 988, 988, 1001, 1001, 1001, 1001, 1500, 1500, 1500, 1500]
[1500, 1499, 988, 1500, 988, 988, 988, 988, 1001, 1001, 1001, 1001, 1500, 1500, 1500, 1500]
[1500, 1500, 988, 1499, 988, 988, 988, 988, 1001, 1001, 1001, 1001, 1500, 1500, 1500, 1500]
[1500, 1500, 988, 1499, 988, 988, 988, 988, 1001, 1001, 1001, 1001, 1500, 1500, 1500, 1500]
[1500, 1500, 988, 1499, 988, 988, 988, 988, 1001, 1001, 1001, 1001, 1500, 1500, 1500, 1500]
[1500, 1501, 986, 1500, 988, 988, 988, 988, 1001, 1001, 1001, 1001, 1500, 1500, 1500, 1500]
12:56:22.075775 ALT: 1.74
12:56:22.075999 ATT: [0.0, 0.9, 113]
12:56:22.076317 ACC: [-8, 0, 515]
[1500, 1501, 986, 1500, 988, 988, 988, 988, 1001, 1001, 1001, 1001, 1500, 1500, 1500, 1500]
[1500, 1501, 986, 1500, 988, 988, 988, 988, 1001, 1001, 1001, 1001, 1500, 1500, 1500, 1500]
[1500, 1500, 988, 1500, 988, 988, 988, 988, 1001, 1001, 1001, 1001, 1500, 1500, 1500, 1500]
[1500, 1500, 988, 1500, 988, 988, 988, 988, 1001, 1001, 1001, 1001, 1500, 1500, 1500, 1500]
[1500, 1500, 988, 1500, 988, 988, 988, 988, 1001, 1001, 1001, 1001, 1500, 1500, 1500, 1500]
[1500, 1499, 988, 1500, 988, 988, 988, 988, 1001, 1001, 1001, 1001, 1500, 1500, 1500, 1500]
[1500, 1499, 988, 1500, 988, 988, 988, 988, 1001, 1001, 1001, 1001, 1500, 1500, 1500, 1500]
[1500, 1499, 988, 1500, 988, 988, 988, 988, 1001, 1001, 1001, 1001, 1500, 1500, 1500, 1500]
12:56:22.123252 ALT: 1.74
12:56:22.123448 ATT: [0.0, 0.9, 113]
12:56:22.123936 ACC: [-8, 0, 516]
[1500, 1500, 988, 1500, 988, 988, 988, 988, 1001, 1001, 1001, 1001, 1500, 1500, 1500, 1500]
[1500, 1500, 988, 1500, 988, 988, 988, 988, 1001, 1001, 1001, 1001, 1500, 1500, 1500, 1500]
[1500, 1500, 988, 1500, 988, 988, 988, 988, 1001, 1001, 1001, 1001, 1500, 1500, 1500, 1500]
[1500, 1499, 988, 1500, 988, 988, 988, 988, 1001, 1001, 1001, 1001, 1500, 1500, 1500, 1500]
[1500, 1499, 988, 1500, 988, 988, 988, 988, 1001, 1001, 1001, 1001, 1500, 1500, 1500, 1500]
[1500, 1499, 988, 1500, 988, 988, 988, 988, 1001, 1001, 1001, 1001, 1500, 1500, 1500, 1500]
[1500, 1499, 988, 1500, 988, 988, 988, 988, 1001, 1001, 1001, 1001, 1500, 1500, 1500, 1500]
12:56:22.170927 ALT: 1.74
12:56:22.171062 ATT: [0.0, 0.9, 113]
12:56:22.171392 ACC: [-7, 1, 515]
[1500, 1499, 988, 1500, 988, 988, 988, 988, 1001, 1001, 1001, 1001, 1500, 1500, 1500, 1500]
[1499, 1499, 988, 1500, 988, 988, 988, 988, 1001, 1001, 1001, 1001, 1500, 1500, 1500, 1500]
[1499, 1500, 988, 1499, 988, 988, 988, 988, 1001, 1001, 1001, 1001, 1500, 1500, 1500, 1500]
[1499, 1500, 988, 1499, 988, 988, 988, 988, 1001, 1001, 1001, 1001, 1500, 1500, 1500, 1500]
[1500, 1500, 988, 1499, 988, 988, 988, 988, 1001, 1001, 1001, 1001, 1500, 1500, 1500, 1500]
[1500, 1500, 988, 1500, 988, 988, 988, 988, 1001, 1001, 1001, 1001, 1500, 1500, 1500, 1500]
[1500, 1500, 988, 1500, 988, 988, 988, 988, 1001, 1001, 1001, 1001, 1500, 1500, 1500, 1500]
12:56:22.220740 ALT: 1.74
12:56:22.220844 ATT: [0.0, 0.9, 113]
[1500, 1500, 988, 1500, 988, 988, 988, 988, 1001, 1001, 1001, 1001, 1500, 1500, 1500, 1500]
12:56:22.227104 ACC: [-7, 0, 515]
[1500, 1500, 988, 1500, 988, 988, 988, 988, 1001, 1001, 1001, 1001, 1500, 1500, 1500, 1500]
[1500, 1500, 988, 1500, 988, 988, 988, 988, 1001, 1001, 1001, 1001, 1500, 1500, 1500, 1500]
[1500, 1500, 988, 1500, 988, 988, 988, 988, 1001, 1001, 1001, 1001, 1500, 1500, 1500, 1500]
[1500, 1500, 988, 1500, 988, 988, 988, 988, 1001, 1001, 1001, 1001, 1500, 1500, 1500, 1500]
[1500, 1500, 988, 1500, 988, 988, 988, 988, 1001, 1001, 1001, 1001, 1500, 1500, 1500, 1500]
[1500, 1500, 988, 1500, 988, 988, 988, 988, 1001, 1001, 1001, 1001, 1500, 1500, 1500, 1500]
12:56:22.269580 ALT: 1.74
12:56:22.269713 ATT: [0.0, 0.9, 113]
12:56:22.270141 ACC: [-8, 0, 516]
[1500, 1500, 988, 1500, 988, 988, 988, 988, 1001, 1001, 1001, 1001, 1500, 1500, 1500, 1500]
[1500, 1500, 988, 1500, 988, 988, 988, 988, 1001, 1001, 1001, 1001, 1500, 1500, 1500, 1500]
[1500, 1500, 988, 1500, 988, 988, 988, 988, 1001, 1001, 1001, 1001, 1500, 1500, 1500, 1500]
[1500, 1500, 988, 1500, 988, 988, 989, 988, 1001, 1001, 1001, 1001, 1500, 1500, 1500, 1500]
[1500, 1500, 988, 1500, 988, 988, 989, 986, 1001, 1001, 1001, 1001, 1500, 1500, 1500, 1500]
[1499, 1500, 988, 1500, 988, 988, 989, 986, 1001, 1001, 1001, 1001, 1500, 1500, 1500, 1500]
[1499, 1500, 988, 1500, 988, 988, 988, 986, 1001, 1001, 1001, 1001, 1500, 1500, 1500, 1500]
12:56:22.315115 ALT: 1.74
12:56:22.315328 ATT: [0.0, 0.9, 113]
12:56:22.316090 ACC: [-8, 1, 515]
[1499, 1500, 988, 1500, 988, 988, 988, 988, 1001, 1001, 1001, 1001, 1500, 1500, 1500, 1500]
[1500, 1500, 988, 1500, 988, 988, 988, 988, 1001, 1001, 1001, 1001, 1500, 1500, 1500, 1500]
[1500, 1500, 988, 1500, 986, 988, 988, 988, 1001, 1001, 1001, 1001, 1500, 1500, 1500, 1500]
[1500, 1500, 988, 1500, 986, 988, 988, 988, 1001, 1001, 1001, 1001, 1500, 1500, 1500, 1500]
[1499, 1500, 988, 1500, 986, 988, 988, 988, 1001, 1001, 1001, 1001, 1500, 1500, 1500, 1500]
[1499, 1500, 988, 1500, 988, 988, 988, 988, 1001, 1001, 1001, 1001, 1500, 1500, 1500, 1500]
[1499, 1500, 988, 1500, 988, 988, 988, 988, 1001, 1001, 1001, 1001, 1500, 1500, 1500, 1500]
[1500, 1500, 988, 1500, 988, 988, 988, 988, 1001, 1001, 1001, 1001, 1500, 1500, 1500, 1500]
12:56:22.366273 ALT: 1.74
12:56:22.366400 ATT: [0.0, 0.9, 113]
12:56:22.366923 ACC: [-7, 1, 515]
[1500, 1500, 988, 1500, 988, 988, 988, 988, 1001, 1001, 1001, 1001, 1500, 1500, 1500, 1500]
[1500, 1500, 988, 1500, 988, 988, 988, 988, 1001, 1001, 1001, 1001, 1500, 1500, 1500, 1500]
[1499, 1500, 988, 1500, 988, 988, 988, 988, 1001, 1001, 1001, 1001, 1500, 1500, 1500, 1500]
[1499, 1500, 988, 1500, 988, 988, 988, 988, 1001, 1001, 1001, 1001, 1500, 1500, 1500, 1500]
[1499, 1500, 988, 1500, 988, 988, 988, 988, 1001, 1001, 1001, 1001, 1500, 1500, 1500, 1500]
[1499, 1500, 988, 1500, 988, 988, 988, 988, 1001, 1001, 1001, 1001, 1500, 1500, 1500, 1500]
[1499, 1500, 988, 1499, 988, 988, 988, 988, 1001, 1001, 1001, 1001, 1500, 1500, 1500, 1500]
12:56:22.411705 ALT: 1.74
12:56:22.411804 ATT: [0.0, 0.9, 113]
12:56:22.412093 ACC: [-8, 1, 515]
[1499, 1500, 988, 1499, 988, 988, 988, 988, 1001, 1001, 1001, 1001, 1500, 1500, 1500, 1500]
[1500, 1500, 988, 1499, 988, 988, 988, 988, 1001, 1001, 1001, 1001, 1500, 1500, 1500, 1500]
[1500, 1500, 988, 1500, 988, 988, 988, 988, 1001, 1001, 1001, 1001, 1500, 1500, 1500, 1500]
[1500, 1500, 988, 1500, 988, 988, 988, 988, 1001, 1001, 1001, 1001, 1500, 1500, 1500, 1500]
[1500, 1500, 988, 1500, 988, 988, 988, 988, 1001, 1001, 1001, 1001, 1500, 1500, 1500, 1500]
[1500, 1499, 988, 1500, 988, 988, 988, 988, 1001, 1001, 1001, 1001, 1500, 1500, 1500, 1500]
[1500, 1499, 988, 1500, 988, 988, 988, 988, 1001, 1001, 1001, 1001, 1500, 1500, 1500, 1500]
[1500, 1499, 988, 1500, 988, 988, 988, 988, 1001, 1001, 1001, 1001, 1500, 1500, 1500, 1500]
[1500, 1500, 988, 1499, 988, 988, 988, 988, 1001, 1001, 1001, 1001, 1500, 1500, 1500, 1500]
12:56:22.475648 ALT: 1.74
12:56:22.475977 ATT: [0.0, 0.9, 113]
12:56:22.476879 ACC: [-7, 1, 515]
[1500, 1500, 988, 1499, 988, 988, 988, 988, 1001, 1001, 1001, 1001, 1500, 1500, 1500, 1500]
[1500, 1500, 988, 1499, 988, 988, 988, 988, 1001, 1001, 1001, 1001, 1500, 1500, 1500, 1500]
[1500, 1500, 988, 1500, 988, 988, 988, 988, 1001, 1001, 1001, 1001, 1500, 1500, 1500, 1500]
[1500, 1500, 988, 1500, 988, 988, 988, 988, 1001, 1001, 1001, 1001, 1500, 1500, 1500, 1500]
[1500, 1500, 988, 1500, 988, 988, 988, 988, 1001, 1001, 1001, 1001, 1500, 1500, 1500, 1500]
[1500, 1499, 988, 1499, 988, 988, 988, 988, 1001, 1001, 1001, 1001, 1500, 1500, 1500, 1500]
[1500, 1499, 988, 1499, 988, 988, 988, 988, 1001, 1001, 1001, 1001, 1500, 1500, 1500, 1500]
[1500, 1499, 988, 1499, 988, 988, 988, 988, 1001, 1001, 1001, 1001, 1500, 1500, 1500, 1500]
[1500, 1500, 988, 1500, 988, 988, 988, 988, 1001, 1001, 1001, 1001, 1500, 1500, 1500, 1500]
12:56:22.529661 ALT: 1.74
12:56:22.529787 ATT: [0.0, 0.9, 113]
12:56:22.533375 ACC: [-7, 0, 515]
[1500, 1500, 988, 1500, 988, 988, 988, 988, 1001, 1001, 1001, 1001, 1500, 1500, 1500, 1500]
[1499, 1500, 988, 1500, 988, 988, 988, 988, 1001, 1001, 1001, 1001, 1500, 1500, 1500, 1500]
[1499, 1500, 988, 1500, 988, 988, 988, 988, 1001, 1001, 1001, 1001, 1500, 1500, 1500, 1500]
[1499, 1500, 988, 1500, 988, 988, 988, 988, 1001, 1001, 1001, 1001, 1500, 1500, 1500, 1500]
[1500, 1500, 988, 1500, 988, 988, 988, 988, 1001, 1001, 1001, 1001, 1500, 1500, 1500, 1500]
[1500, 1500, 988, 1500, 988, 988, 988, 988, 1001, 1001, 1001, 1001, 1500, 1500, 1500, 1500]
[1500, 1500, 988, 1500, 988, 988, 988, 988, 1001, 1001, 1001, 1001, 1500, 1500, 1500, 1500]
[1499, 1500, 988, 1500, 988, 988, 988, 988, 1001, 1001, 1001, 1001, 1500, 1500, 1500, 1500]
[1499, 1500, 988, 1500, 988, 988, 988, 988, 1001, 1001, 1001, 1001, 1500, 1500, 1500, 1500]
12:56:22.592753 ALT: 1.74
12:56:22.592857 ATT: [0.0, 0.9, 113]
12:56:22.593224 ACC: [-8, 1, 515]
[1499, 1500, 988, 1500, 988, 988, 988, 988, 1001, 1001, 1001, 1001, 1500, 1500, 1500, 1500]
[1499, 1500, 988, 1500, 988, 988, 988, 988, 1001, 1001, 1001, 1001, 1500, 1500, 1500, 1500]
[1499, 1500, 988, 1499, 988, 988, 988, 988, 1001, 1001, 1001, 1001, 1500, 1500, 1500, 1500]
[1499, 1500, 988, 1499, 988, 988, 988, 988, 1001, 1001, 1001, 1001, 1500, 1500, 1500, 1500]
[1500, 1500, 988, 1499, 988, 988, 988, 988, 1001, 1001, 1001, 1001, 1500, 1500, 1500, 1500]
[1500, 1500, 988, 1500, 988, 988, 988, 988, 1001, 1001, 1001, 1001, 1500, 1500, 1500, 1500]
12:56:22.635586 ALT: 1.74
12:56:22.635792 ATT: [0.0, 0.9, 113]
12:56:22.636124 ACC: [-7, 1, 515]
[1500, 1500, 988, 1500, 988, 988, 988, 988, 1001, 1001, 1001, 1001, 1500, 1500, 1500, 1500]
[1500, 1500, 988, 1500, 988, 988, 988, 988, 1001, 1001, 1001, 1001, 1500, 1500, 1500, 1500]
[1500, 1500, 988, 1500, 988, 988, 988, 988, 1001, 1001, 1001, 1001, 1500, 1500, 1500, 1500]
[1500, 1500, 988, 1500, 988, 988, 988, 988, 1001, 1001, 1001, 1001, 1500, 1500, 1500, 1500]
[1500, 1500, 988, 1500, 988, 988, 988, 988, 1001, 1001, 1001, 1001, 1500, 1500, 1500, 1500]
[1500, 1500, 986, 1500, 988, 988, 988, 988, 1001, 1001, 1001, 1001, 1500, 1500, 1500, 1500]
[1500, 1500, 986, 1500, 988, 988, 988, 988, 1001, 1001, 1001, 1001, 1500, 1500, 1500, 1500]
[1500, 1500, 986, 1500, 988, 988, 988, 988, 1001, 1001, 1001, 1001, 1500, 1500, 1500, 1500]
12:56:22.683879 ALT: 1.74
12:56:22.684060 ATT: [0.0, 0.9, 113]
12:56:22.684535 ACC: [-7, 0, 515]
[1500, 1500, 988, 1500, 988, 988, 988, 988, 1001, 1001, 1001, 1001, 1500, 1500, 1500, 1500]
[1500, 1500, 988, 1500, 988, 988, 988, 988, 1001, 1001, 1001, 1001, 1500, 1500, 1500, 1500]
[1499, 1500, 988, 1500, 988, 988, 988, 988, 1001, 1001, 1001, 1001, 1500, 1500, 1500, 1500]
[1499, 1499, 988, 1500, 988, 988, 988, 988, 1001, 1001, 1001, 1001, 1500, 1500, 1500, 1500]
[1499, 1499, 988, 1500, 988, 988, 988, 988, 1001, 1001, 1001, 1001, 1500, 1500, 1500, 1500]
[1499, 1499, 988, 1500, 988, 988, 988, 988, 1001, 1001, 1001, 1001, 1500, 1500, 1500, 1500]
[1499, 1500, 988, 1500, 988, 988, 988, 988, 1001, 1001, 1001, 1001, 1500, 1500, 1500, 1500]
12:56:22.731625 ALT: 1.74
12:56:22.731792 ATT: [0.0, 0.9, 113]
12:56:22.733081 ACC: [-7, 0, 515]
[1499, 1500, 988, 1500, 988, 988, 988, 988, 1001, 1001, 1001, 1001, 1500, 1500, 1500, 1500]
[1500, 1500, 988, 1500, 988, 988, 988, 988, 1001, 1001, 1001, 1001, 1500, 1500, 1500, 1500]
[1500, 1500, 988, 1500, 988, 988, 988, 988, 1001, 1001, 1001, 1001, 1500, 1500, 1500, 1500]
[1500, 1500, 988, 1500, 988, 988, 988, 988, 1001, 1001, 1001, 1001, 1500, 1500, 1500, 1500]
[1500, 1500, 988, 1500, 988, 988, 988, 988, 1001, 1001, 1001, 1001, 1500, 1500, 1500, 1500]
[1500, 1500, 988, 1500, 988, 988, 988, 988, 1001, 1001, 1001, 1001, 1500, 1500, 1500, 1500]
[1500, 1500, 988, 1500, 988, 988, 988, 988, 1001, 1001, 1001, 1001, 1500, 1500, 1500, 1500]
12:56:22.778889 ALT: 1.74
12:56:22.778982 ATT: [0.0, 0.9, 113]
12:56:22.779481 ACC: [-8, 0, 515]
[1500, 1500, 988, 1500, 988, 988, 988, 988, 1001, 1001, 1001, 1001, 1500, 1500, 1500, 1500]
[1500, 1499, 988, 1500, 988, 988, 988, 988, 1001, 1001, 1001, 1001, 1500, 1500, 1500, 1500]
[1500, 1499, 988, 1500, 988, 988, 988, 988, 1001, 1001, 1001, 1001, 1500, 1500, 1500, 1500]
[1499, 1499, 988, 1500, 988, 988, 988, 988, 1001, 1001, 1001, 1001, 1500, 1500, 1500, 1500]
[1499, 1500, 988, 1500, 988, 988, 988, 988, 1001, 1001, 1001, 1001, 1500, 1500, 1500, 1500]
[1499, 1500, 988, 1500, 988, 988, 988, 988, 1001, 1001, 1001, 1001, 1500, 1500, 1500, 1500]
[1500, 1500, 988, 1500, 988, 988, 988, 988, 1001, 1001, 1001, 1001, 1500, 1500, 1500, 1500]
12:56:22.827614 ALT: 1.74
12:56:22.827703 ATT: [0.0, 0.9, 113]
12:56:22.827998 ACC: [-7, 0, 515]
[1500, 1500, 988, 1500, 989, 986, 988, 988, 1001, 1001, 1001, 1001, 1500, 1500, 1500, 1500]
[1500, 1500, 988, 1500, 989, 986, 988, 988, 1001, 1001, 1001, 1001, 1500, 1500, 1500, 1500]
[1500, 1500, 988, 1500, 989, 986, 988, 988, 1001, 1001, 1001, 1001, 1500, 1500, 1500, 1500]
[1500, 1500, 988, 1500, 988, 988, 988, 988, 1001, 1001, 1001, 1001, 1500, 1500, 1500, 1500]
[1500, 1500, 988, 1500, 988, 988, 988, 988, 1001, 1001, 1001, 1001, 1500, 1500, 1500, 1500]
[1499, 1500, 988, 1500, 988, 988, 988, 988, 1001, 1001, 1001, 1001, 1500, 1500, 1500, 1500]
[1499, 1500, 988, 1500, 988, 988, 988, 988, 1001, 1001, 1001, 1001, 1500, 1500, 1500, 1500]
12:56:22.875150 ALT: 1.74
12:56:22.875253 ATT: [0.0, 0.9, 113]
12:56:22.875606 ACC: [-8, 1, 515]
[1499, 1500, 988, 1500, 988, 988, 988, 988, 1001, 1001, 1001, 1001, 1500, 1500, 1500, 1500]
[1500, 1500, 988, 1500, 988, 988, 988, 988, 1001, 1001, 1001, 1001, 1500, 1500, 1500, 1500]
[1500, 1499, 988, 1500, 988, 988, 988, 988, 1001, 1001, 1001, 1001, 1500, 1500, 1500, 1500]
[1500, 1499, 988, 1500, 988, 988, 988, 988, 1001, 1001, 1001, 1001, 1500, 1500, 1500, 1500]
[1500, 1499, 988, 1500, 988, 988, 988, 988, 1001, 1001, 1001, 1001, 1500, 1500, 1500, 1500]
[1500, 1499, 988, 1500, 988, 988, 988, 988, 1001, 1001, 1001, 1001, 1500, 1500, 1500, 1500]
[1500, 1499, 988, 1500, 988, 988, 988, 988, 1001, 1001, 1001, 1001, 1500, 1500, 1500, 1500]
12:56:22.924569 ALT: 1.74
12:56:22.924731 ATT: [0.0, 0.9, 113]
12:56:22.925179 ACC: [-8, 1, 515]
[1500, 1499, 988, 1500, 988, 988, 988, 988, 1001, 1001, 1001, 1001, 1500, 1500, 1500, 1500]
[1500, 1500, 988, 1500, 988, 988, 988, 988, 1001, 1001, 1001, 1001, 1500, 1500, 1500, 1500]
[1500, 1500, 988, 1500, 988, 988, 988, 988, 1001, 1001, 1001, 1001, 1500, 1500, 1500, 1500]
[1500, 1500, 988, 1500, 988, 988, 988, 988, 1001, 1001, 1001, 1001, 1500, 1500, 1500, 1500]
[1500, 1499, 988, 1500, 988, 988, 988, 988, 1001, 1001, 1001, 1001, 1500, 1500, 1500, 1500]
[1500, 1499, 988, 1500, 988, 988, 988, 988, 1001, 1001, 1001, 1001, 1500, 1500, 1500, 1500]
[1500, 1499, 988, 1500, 988, 988, 988, 988, 1001, 1001, 1001, 1001, 1500, 1500, 1500, 1500]
[1500, 1501, 986, 1500, 988, 988, 988, 988, 1001, 1001, 1001, 1001, 1500, 1500, 1500, 1500]
12:56:22.971707 ALT: 1.74
12:56:22.971851 ATT: [0.0, 0.9, 113]
12:56:22.972510 ACC: [-7, 0, 515]
[1500, 1501, 986, 1500, 988, 988, 988, 988, 1001, 1001, 1001, 1001, 1500, 1500, 1500, 1500]
[1500, 1501, 986, 1500, 988, 988, 988, 988, 1001, 1001, 1001, 1001, 1500, 1500, 1500, 1500]
[1500, 1500, 988, 1500, 988, 988, 988, 988, 1001, 1001, 1001, 1001, 1500, 1500, 1500, 1500]
[1500, 1500, 988, 1500, 988, 988, 988, 988, 1001, 1001, 1001, 1001, 1500, 1500, 1500, 1500]
[1499, 1500, 988, 1500, 988, 988, 988, 988, 1001, 1001, 1001, 1001, 1500, 1500, 1500, 1500]
[1499, 1500, 988, 1500, 988, 988, 988, 988, 1001, 1001, 1001, 1001, 1500, 1500, 1500, 1500]
12:56:23.019607 ALT: 1.74
12:56:23.019745 ATT: [0.0, 0.9, 113]
12:56:23.020041 ACC: [-8, 1, 514]
[1499, 1500, 988, 1500, 988, 988, 988, 988, 1001, 1001, 1001, 1001, 1500, 1500, 1500, 1500]
[1500, 1500, 988, 1500, 988, 988, 988, 988, 1001, 1001, 1001, 1001, 1500, 1500, 1500, 1500]
[1500, 1499, 988, 1500, 988, 988, 988, 988, 1001, 1001, 1001, 1001, 1500, 1500, 1500, 1500]
[1500, 1499, 988, 1500, 988, 988, 988, 988, 1001, 1001, 1001, 1001, 1500, 1500, 1500, 1500]
[1500, 1499, 988, 1500, 988, 988, 988, 988, 1001, 1001, 1001, 1001, 1500, 1500, 1500, 1500]
[1500, 1500, 988, 1500, 988, 988, 988, 988, 1001, 1001, 1001, 1001, 1500, 1500, 1500, 1500]
[1500, 1500, 988, 1500, 988, 988, 988, 988, 1001, 1001, 1001, 1001, 1500, 1500, 1500, 1500]
[1500, 1500, 988, 1500, 988, 988, 988, 988, 1001, 1001, 1001, 1001, 1500, 1500, 1500, 1500]
12:56:23.068000 ALT: 1.74
12:56:23.068099 ATT: [0.0, 0.9, 113]
12:56:23.068512 ACC: [-7, 1, 515]
[1500, 1500, 988, 1500, 988, 988, 988, 988, 1001, 1001, 1001, 1001, 1500, 1500, 1500, 1500]
[1500, 1500, 988, 1500, 988, 988, 988, 988, 1001, 1001, 1001, 1001, 1500, 1500, 1500, 1500]
[1500, 1500, 988, 1500, 988, 988, 988, 988, 1001, 1001, 1001, 1001, 1500, 1500, 1500, 1500]
[1500, 1500, 988, 1500, 988, 988, 988, 988, 1001, 1001, 1001, 1001, 1500, 1500, 1500, 1500]
[1500, 1500, 988, 1500, 988, 988, 988, 988, 1001, 1001, 1001, 1001, 1500, 1500, 1500, 1500]
[1500, 1500, 988, 1500, 988, 988, 988, 988, 1001, 1001, 1001, 1001, 1500, 1500, 1500, 1500]
[1500, 1500, 988, 1499, 988, 988, 988, 988, 1001, 1001, 1001, 1001, 1500, 1500, 1500, 1500]
12:56:23.116312 ALT: 1.74
12:56:23.116472 ATT: [0.0, 0.9, 113]
12:56:23.116877 ACC: [-8, 1, 515]
[1500, 1500, 988, 1499, 988, 988, 988, 988, 1001, 1001, 1001, 1001, 1500, 1500, 1500, 1500]
[1500, 1500, 988, 1499, 988, 988, 988, 988, 1001, 1001, 1001, 1001, 1500, 1500, 1500, 1500]
[1500, 1500, 988, 1500, 988, 988, 988, 988, 1001, 1001, 1001, 1001, 1500, 1500, 1500, 1500]
[1500, 1500, 988, 1500, 988, 988, 988, 988, 1001, 1001, 1001, 1001, 1500, 1500, 1500, 1500]
[1499, 1500, 988, 1500, 988, 988, 988, 988, 1001, 1001, 1001, 1001, 1500, 1500, 1500, 1500]
[1499, 1500, 988, 1500, 988, 988, 988, 988, 1001, 1001, 1001, 1001, 1500, 1500, 1500, 1500]
[1499, 1500, 988, 1500, 988, 988, 988, 988, 1001, 1001, 1001, 1001, 1500, 1500, 1500, 1500]
[1500, 1500, 988, 1500, 988, 988, 988, 988, 1001, 1001, 1001, 1001, 1500, 1500, 1500, 1500]
12:56:23.162954 ALT: 1.74
12:56:23.163042 ATT: [0.0, 0.9, 113]
12:56:23.164095 ACC: [-7, 1, 515]
[1500, 1501, 986, 1500, 988, 988, 988, 988, 1001, 1001, 1001, 1001, 1500, 1500, 1500, 1500]
[1500, 1501, 986, 1500, 988, 988, 988, 988, 1001, 1001, 1001, 1001, 1500, 1500, 1500, 1500]
[1500, 1501, 986, 1500, 988, 988, 988, 988, 1001, 1001, 1001, 1001, 1500, 1500, 1500, 1500]
[1500, 1500, 988, 1500, 988, 986, 988, 988, 1001, 1001, 1001, 1001, 1500, 1500, 1500, 1500]
[1500, 1500, 988, 1500, 988, 986, 988, 988, 1001, 1001, 1001, 1001, 1500, 1500, 1500, 1500]
[1500, 1500, 988, 1500, 988, 986, 988, 988, 1001, 1001, 1001, 1001, 1500, 1500, 1500, 1500]
[1500, 1499, 988, 1500, 988, 988, 988, 988, 1001, 1001, 1001, 1001, 1500, 1500, 1500, 1500]
12:56:23.213677 ALT: 1.74
12:56:23.214079 ATT: [0.0, 0.9, 113]
[1500, 1499, 988, 1500, 988, 988, 988, 988, 1001, 1001, 1001, 1001, 1500, 1500, 1500, 1500]
[1500, 1499, 988, 1500, 988, 988, 988, 988, 1001, 1001, 1001, 1001, 1500, 1500, 1500, 1500]
[1500, 1500, 988, 1500, 988, 988, 988, 988, 1001, 1001, 1001, 1001, 1500, 1500, 1500, 1500]
12:56:23.231268 ACC: [-7, 1, 515]
[1500, 1500, 988, 1500, 988, 988, 988, 988, 1001, 1001, 1001, 1001, 1500, 1500, 1500, 1500]
[1500, 1500, 988, 1500, 988, 988, 988, 988, 1001, 1001, 1001, 1001, 1500, 1500, 1500, 1500]
[1500, 1500, 988, 1500, 988, 988, 988, 988, 1001, 1001, 1001, 1001, 1500, 1500, 1500, 1500]
[1500, 1500, 988, 1500, 988, 988, 988, 988, 1001, 1001, 1001, 1001, 1500, 1500, 1500, 1500]
[1500, 1500, 988, 1500, 988, 988, 988, 988, 1001, 1001, 1001, 1001, 1500, 1500, 1500, 1500]
[1500, 1500, 988, 1500, 986, 988, 988, 988, 1001, 1001, 1001, 1001, 1500, 1500, 1500, 1500]
12:56:23.275120 ALT: 1.74
12:56:23.275228 ATT: [0.0, 0.9, 113]
12:56:23.275546 ACC: [-7, 0, 515]
[1500, 1500, 988, 1500, 986, 988, 988, 988, 1001, 1001, 1001, 1001, 1500, 1500, 1500, 1500]
[1500, 1500, 988, 1500, 986, 988, 988, 988, 1001, 1001, 1001, 1001, 1500, 1500, 1500, 1500]
[1500, 1500, 988, 1499, 988, 988, 988, 988, 1001, 1001, 1001, 1001, 1500, 1500, 1500, 1500]
[1500, 1500, 988, 1499, 988, 988, 988, 988, 1001, 1001, 1001, 1001, 1500, 1500, 1500, 1500]
[1500, 1500, 988, 1499, 988, 988, 988, 988, 1001, 1001, 1001, 1001, 1500, 1500, 1500, 1500]
[1500, 1499, 988, 1500, 988, 988, 988, 988, 1001, 1001, 1001, 1001, 1500, 1500, 1500, 1500]
[1500, 1499, 988, 1500, 988, 988, 988, 988, 1001, 1001, 1001, 1001, 1500, 1500, 1500, 1500]
[1500, 1499, 988, 1500, 988, 988, 988, 988, 1001, 1001, 1001, 1001, 1500, 1500, 1500, 1500]
12:56:23.325810 ALT: 1.74
12:56:23.325934 ATT: [0.0, 0.9, 113]
12:56:23.326334 ACC: [-7, 1, 515]
[1500, 1500, 988, 1500, 988, 988, 988, 988, 1001, 1001, 1001, 1001, 1500, 1500, 1500, 1500]
[1500, 1500, 988, 1500, 988, 988, 988, 988, 1001, 1001, 1001, 1001, 1500, 1500, 1500, 1500]
[1500, 1500, 988, 1500, 988, 988, 988, 988, 1001, 1001, 1001, 1001, 1500, 1500, 1500, 1500]
[1500, 1500, 988, 1500, 988, 988, 988, 988, 1001, 1001, 1001, 1001, 1500, 1500, 1500, 1500]
[1500, 1500, 988, 1500, 988, 988, 988, 988, 1001, 1001, 1001, 1001, 1500, 1500, 1500, 1500]
[1500, 1500, 988, 1500, 988, 988, 988, 988, 1001, 1001, 1001, 1001, 1500, 1500, 1500, 1500]
[1500, 1500, 988, 1500, 988, 988, 988, 988, 1001, 1001, 1001, 1001, 1500, 1500, 1500, 1500]
12:56:23.374190 ALT: 1.74
12:56:23.374280 ATT: [0.0, 0.9, 113]
12:56:23.374540 ACC: [-7, 1, 515]
[1500, 1500, 988, 1500, 988, 988, 988, 988, 1001, 1001, 1001, 1001, 1500, 1500, 1500, 1500]
[1499, 1500, 988, 1500, 988, 988, 988, 988, 1001, 1001, 1001, 1001, 1500, 1500, 1500, 1500]
[1499, 1500, 988, 1500, 988, 988, 988, 988, 1001, 1001, 1001, 1001, 1500, 1500, 1500, 1500]
[1499, 1500, 988, 1500, 988, 988, 988, 988, 1001, 1001, 1001, 1001, 1500, 1500, 1500, 1500]
[1499, 1500, 988, 1500, 988, 988, 988, 988, 1001, 1001, 1001, 1001, 1500, 1500, 1500, 1500]
[1499, 1499, 988, 1499, 988, 988, 988, 988, 1001, 1001, 1001, 1001, 1500, 1500, 1500, 1500]
[1499, 1499, 988, 1499, 988, 988, 988, 988, 1001, 1001, 1001, 1001, 1500, 1500, 1500, 1500]
12:56:23.419028 ALT: 1.68
12:56:23.419172 ATT: [0.0, 0.9, 113]
12:56:23.419758 ACC: [-8, 0, 515]
[1500, 1499, 988, 1499, 988, 988, 988, 988, 1001, 1001, 1001, 1001, 1500, 1500, 1500, 1500]
[1500, 1500, 988, 1499, 988, 988, 988, 988, 1001, 1001, 1001, 1001, 1500, 1500, 1500, 1500]
[1500, 1500, 988, 1499, 988, 988, 988, 988, 1001, 1001, 1001, 1001, 1500, 1500, 1500, 1500]
[1500, 1500, 988, 1499, 988, 988, 988, 988, 1001, 1001, 1001, 1001, 1500, 1500, 1500, 1500]
[1500, 1499, 988, 1500, 988, 988, 988, 988, 1001, 1001, 1001, 1001, 1500, 1500, 1500, 1500]
[1500, 1499, 988, 1500, 988, 988, 988, 988, 1001, 1001, 1001, 1001, 1500, 1500, 1500, 1500]
[1500, 1499, 988, 1500, 988, 988, 988, 988, 1001, 1001, 1001, 1001, 1500, 1500, 1500, 1500]
12:56:23.467499 ALT: 1.66
12:56:23.467628 ATT: [0.0, 0.9, 113]
12:56:23.468561 ACC: [-8, 1, 515]
[1500, 1500, 988, 1499, 988, 988, 988, 988, 1001, 1001, 1001, 1001, 1500, 1500, 1500, 1500]
[1500, 1500, 988, 1499, 988, 988, 988, 988, 1001, 1001, 1001, 1001, 1500, 1500, 1500, 1500]
[1500, 1500, 988, 1499, 988, 988, 988, 988, 1001, 1001, 1001, 1001, 1500, 1500, 1500, 1500]
[1500, 1500, 988, 1500, 988, 988, 988, 988, 1001, 1001, 1001, 1001, 1500, 1500, 1500, 1500]
[1500, 1500, 988, 1500, 988, 988, 988, 988, 1001, 1001, 1001, 1001, 1500, 1500, 1500, 1500]
[1500, 1500, 988, 1500, 988, 988, 988, 988, 1001, 1001, 1001, 1001, 1500, 1500, 1500, 1500]
[1500, 1500, 988, 1500, 988, 988, 988, 988, 1001, 1001, 1001, 1001, 1500, 1500, 1500, 1500]
[1500, 1500, 988, 1500, 988, 988, 988, 988, 1001, 1001, 1001, 1001, 1500, 1500, 1500, 1500]
12:56:23.517963 ALT: 1.66
12:56:23.518058 ATT: [0.0, 0.9, 113]
12:56:23.518335 ACC: [-7, 0, 515]
[1500, 1500, 988, 1500, 988, 988, 988, 988, 1001, 1001, 1001, 1001, 1500, 1500, 1500, 1500]
[1500, 1500, 988, 1500, 988, 988, 988, 988, 1001, 1001, 1001, 1001, 1500, 1500, 1500, 1500]
[1500, 1500, 988, 1500, 988, 988, 988, 988, 1001, 1001, 1001, 1001, 1500, 1500, 1500, 1500]
[1500, 1500, 988, 1500, 988, 988, 988, 988, 1001, 1001, 1001, 1001, 1500, 1500, 1500, 1500]
[1500, 1500, 988, 1500, 988, 988, 988, 988, 1001, 1001, 1001, 1001, 1500, 1500, 1500, 1500]
[1500, 1500, 988, 1500, 988, 988, 988, 988, 1001, 1001, 1001, 1001, 1500, 1500, 1500, 1500]
[1500, 1500, 988, 1500, 988, 988, 988, 988, 1001, 1001, 1001, 1001, 1500, 1500, 1500, 1500]
12:56:23.564167 ALT: 1.66
12:56:23.564286 ATT: [0.0, 0.9, 113]
12:56:23.566348 ACC: [-8, 1, 515]
[1500, 1500, 988, 1500, 988, 988, 988, 988, 1001, 1001, 1001, 1001, 1500, 1500, 1500, 1500]
[1500, 1500, 988, 1500, 988, 988, 988, 989, 1001, 1001, 1001, 1001, 1500, 1500, 1500, 1500]
[1500, 1500, 988, 1500, 988, 988, 988, 989, 1001, 1001, 1001, 1001, 1500, 1500, 1500, 1500]
[1500, 1499, 988, 1500, 988, 986, 988, 989, 1001, 1001, 1001, 1001, 1500, 1500, 1500, 1500]
[1500, 1499, 988, 1500, 988, 986, 988, 988, 1001, 1001, 1001, 1001, 1500, 1500, 1500, 1500]
[1499, 1499, 988, 1500, 988, 986, 988, 988, 1001, 1001, 1001, 1001, 1500, 1500, 1500, 1500]
[1499, 1500, 988, 1499, 988, 989, 986, 988, 1001, 1001, 1001, 1001, 1500, 1500, 1500, 1500]
12:56:23.611001 ALT: 1.66
12:56:23.611095 ATT: [0.0, 0.9, 113]
12:56:23.611418 ACC: [-8, 1, 515]
[1499, 1500, 988, 1499, 988, 989, 986, 988, 1001, 1001, 1001, 1001, 1500, 1500, 1500, 1500]
[1500, 1500, 988, 1499, 988, 989, 986, 988, 1001, 1001, 1001, 1001, 1500, 1500, 1500, 1500]
[1500, 1500, 988, 1499, 988, 989, 986, 988, 1001, 1001, 1001, 1001, 1500, 1500, 1500, 1500]
[1500, 1500, 988, 1500, 988, 988, 988, 988, 1001, 1001, 1001, 1001, 1500, 1500, 1500, 1500]
[1500, 1500, 988, 1500, 988, 988, 988, 988, 1001, 1001, 1001, 1001, 1500, 1500, 1500, 1500]
[1500, 1500, 988, 1500, 988, 988, 988, 988, 1001, 1001, 1001, 1001, 1500, 1500, 1500, 1500]
[1500, 1500, 988, 1500, 988, 988, 988, 988, 1001, 1001, 1001, 1001, 1500, 1500, 1500, 1500]
[1500, 1500, 988, 1500, 988, 988, 988, 988, 1001, 1001, 1001, 1001, 1500, 1500, 1500, 1500]
[1500, 1500, 988, 1500, 988, 988, 988, 988, 1001, 1001, 1001, 1001, 1500, 1500, 1500, 1500]
12:56:23.675038 ALT: 1.66
12:56:23.675182 ATT: [0.0, 0.9, 113]
12:56:23.675461 ACC: [-8, 1, 515]
[1500, 1500, 988, 1500, 988, 988, 988, 988, 1001, 1001, 1001, 1001, 1500, 1500, 1500, 1500]
[1499, 1500, 988, 1500, 988, 988, 988, 988, 1001, 1001, 1001, 1001, 1500, 1500, 1500, 1500]
[1499, 1500, 988, 1500, 988, 988, 988, 988, 1001, 1001, 1001, 1001, 1500, 1500, 1500, 1500]
[1499, 1500, 988, 1500, 988, 988, 988, 988, 1001, 1001, 1001, 1001, 1500, 1500, 1500, 1500]
[1500, 1500, 988, 1500, 988, 988, 988, 988, 1001, 1001, 1001, 1001, 1500, 1500, 1500, 1500]
[1500, 1500, 988, 1499, 988, 988, 988, 988, 1001, 1001, 1001, 1001, 1500, 1500, 1500, 1500]
[1500, 1500, 988, 1499, 988, 988, 988, 988, 1001, 1001, 1001, 1001, 1500, 1500, 1500, 1500]
[1500, 1500, 988, 1499, 988, 988, 988, 988, 1001, 1001, 1001, 1001, 1500, 1500, 1500, 1500]
12:56:23.723160 ALT: 1.66
12:56:23.723272 ATT: [0.0, 0.9, 113]
12:56:23.724516 ACC: [-7, 0, 515]
[1500, 1499, 988, 1499, 988, 988, 988, 988, 1001, 1001, 1001, 1001, 1500, 1500, 1500, 1500]
[1500, 1499, 988, 1499, 988, 988, 988, 988, 1001, 1001, 1001, 1001, 1500, 1500, 1500, 1500]
[1500, 1499, 988, 1499, 988, 988, 988, 988, 1001, 1001, 1001, 1001, 1500, 1500, 1500, 1500]
[1500, 1500, 988, 1500, 988, 986, 988, 988, 1001, 1001, 1001, 1001, 1500, 1500, 1500, 1500]
[1500, 1500, 988, 1500, 988, 986, 988, 988, 1001, 1001, 1001, 1001, 1500, 1500, 1500, 1500]
[1500, 1500, 988, 1500, 988, 986, 988, 988, 1001, 1001, 1001, 1001, 1500, 1500, 1500, 1500]
[1500, 1500, 988, 1500, 988, 988, 988, 988, 1001, 1001, 1001, 1001, 1500, 1500, 1500, 1500]
12:56:23.771105 ALT: 1.66
12:56:23.771265 ATT: [0.0, 0.9, 113]
12:56:23.771732 ACC: [-7, 1, 515]
[1500, 1500, 988, 1500, 988, 988, 988, 988, 1001, 1001, 1001, 1001, 1500, 1500, 1500, 1500]
[1500, 1500, 988, 1500, 988, 988, 988, 988, 1001, 1001, 1001, 1001, 1500, 1500, 1500, 1500]
[1500, 1500, 988, 1500, 988, 988, 988, 988, 1001, 1001, 1001, 1001, 1500, 1500, 1500, 1500]
[1500, 1500, 988, 1500, 988, 988, 988, 988, 1001, 1001, 1001, 1001, 1500, 1500, 1500, 1500]
[1500, 1500, 988, 1500, 988, 988, 988, 988, 1001, 1001, 1001, 1001, 1500, 1500, 1500, 1500]
[1500, 1499, 988, 1500, 988, 988, 989, 988, 1001, 1001, 1001, 1001, 1500, 1500, 1500, 1500]
[1500, 1499, 988, 1500, 988, 988, 989, 986, 1001, 1001, 1001, 1001, 1500, 1500, 1500, 1500]
12:56:23.819065 ALT: 1.66
12:56:23.819160 ATT: [0.0, 0.9, 113]
12:56:23.819529 ACC: [-7, 0, 515]
[1500, 1499, 988, 1500, 988, 988, 989, 986, 1001, 1001, 1001, 1001, 1500, 1500, 1500, 1500]
[1500, 1500, 988, 1500, 988, 988, 988, 986, 1001, 1001, 1001, 1001, 1500, 1500, 1500, 1500]
[1500, 1500, 988, 1500, 988, 988, 988, 988, 1001, 1001, 1001, 1001, 1500, 1500, 1500, 1500]
[1499, 1500, 988, 1500, 988, 988, 988, 988, 1001, 1001, 1001, 1001, 1500, 1500, 1500, 1500]
[1499, 1500, 988, 1500, 986, 988, 988, 988, 1001, 1001, 1001, 1001, 1500, 1500, 1500, 1500]
[1499, 1500, 988, 1500, 986, 988, 988, 988, 1001, 1001, 1001, 1001, 1500, 1500, 1500, 1500]
[1500, 1500, 988, 1500, 986, 988, 988, 988, 1001, 1001, 1001, 1001, 1500, 1500, 1500, 1500]
12:56:23.867277 ALT: 1.66
12:56:23.867380 ATT: [0.0, 0.9, 113]
12:56:23.867679 ACC: [-7, 1, 515]
[1500, 1500, 988, 1500, 988, 988, 988, 988, 1001, 1001, 1001, 1001, 1500, 1500, 1500, 1500]
[1500, 1500, 988, 1500, 988, 988, 988, 988, 1001, 1001, 1001, 1001, 1500, 1500, 1500, 1500]
[1500, 1500, 988, 1500, 988, 988, 988, 988, 1001, 1001, 1001, 1001, 1500, 1500, 1500, 1500]
[1500, 1500, 988, 1500, 988, 988, 988, 988, 1001, 1001, 1001, 1001, 1500, 1500, 1500, 1500]
[1500, 1500, 988, 1500, 988, 988, 988, 988, 1001, 1001, 1001, 1001, 1500, 1500, 1500, 1500]
[1500, 1500, 988, 1500, 988, 988, 988, 988, 1001, 1001, 1001, 1001, 1500, 1500, 1500, 1500]
[1500, 1499, 988, 1500, 988, 988, 988, 988, 1001, 1001, 1001, 1001, 1500, 1500, 1500, 1500]
[1500, 1499, 988, 1500, 988, 988, 988, 988, 1001, 1001, 1001, 1001, 1500, 1500, 1500, 1500]
12:56:23.917700 ALT: 1.66
12:56:23.917808 ATT: [0.0, 0.9, 113]
12:56:23.918117 ACC: [-7, 1, 515]
[1500, 1499, 988, 1500, 988, 988, 988, 988, 1001, 1001, 1001, 1001, 1500, 1500, 1500, 1500]
[1500, 1500, 988, 1500, 988, 988, 988, 988, 1001, 1001, 1001, 1001, 1500, 1500, 1500, 1500]
[1500, 1500, 988, 1500, 988, 988, 988, 988, 1001, 1001, 1001, 1001, 1500, 1500, 1500, 1500]
[1500, 1500, 988, 1500, 988, 988, 988, 988, 1001, 1001, 1001, 1001, 1500, 1500, 1500, 1500]
[1500, 1500, 988, 1500, 988, 988, 988, 988, 1001, 1001, 1001, 1001, 1500, 1500, 1500, 1500]
[1500, 1500, 988, 1500, 988, 988, 988, 988, 1001, 1001, 1001, 1001, 1500, 1500, 1500, 1500]
[1499, 1500, 988, 1500, 988, 988, 988, 988, 1001, 1001, 1001, 1001, 1500, 1500, 1500, 1500]
12:56:23.962984 ALT: 1.66
12:56:23.963071 ATT: [0.0, 0.9, 113]
12:56:23.963337 ACC: [-7, 1, 515]
[1499, 1500, 988, 1500, 988, 988, 988, 988, 1001, 1001, 1001, 1001, 1500, 1500, 1500, 1500]
[1499, 1500, 988, 1500, 988, 988, 988, 988, 1001, 1001, 1001, 1001, 1500, 1500, 1500, 1500]
[1499, 1500, 988, 1500, 988, 988, 988, 988, 1001, 1001, 1001, 1001, 1500, 1500, 1500, 1500]
[1499, 1500, 988, 1500, 988, 988, 988, 988, 1001, 1001, 1001, 1001, 1500, 1500, 1500, 1500]
[1499, 1500, 988, 1500, 988, 988, 988, 988, 1001, 1001, 1001, 1001, 1500, 1500, 1500, 1500]
[1500, 1500, 988, 1500, 988, 988, 988, 988, 1001, 1001, 1001, 1001, 1500, 1500, 1500, 1500]
[1500, 1499, 988, 1499, 988, 988, 988, 988, 1001, 1001, 1001, 1001, 1500, 1500, 1500, 1500]
12:56:24.011002 ALT: 1.66
12:56:24.011089 ATT: [0.0, 0.9, 113]
12:56:24.011401 ACC: [-7, 0, 515]
[1500, 1499, 988, 1499, 988, 988, 988, 988, 1001, 1001, 1001, 1001, 1500, 1500, 1500, 1500]
[1500, 1499, 988, 1499, 988, 988, 988, 988, 1001, 1001, 1001, 1001, 1500, 1500, 1500, 1500]
[1500, 1500, 988, 1499, 988, 988, 988, 988, 1001, 1001, 1001, 1001, 1500, 1500, 1500, 1500]
[1500, 1500, 988, 1499, 988, 988, 988, 988, 1001, 1001, 1001, 1001, 1500, 1500, 1500, 1500]
[1500, 1500, 988, 1499, 988, 988, 988, 988, 1001, 1001, 1001, 1001, 1500, 1500, 1500, 1500]
[1500, 1500, 988, 1500, 988, 988, 988, 988, 1001, 1001, 1001, 1001, 1500, 1500, 1500, 1500]
[1500, 1500, 988, 1500, 988, 988, 988, 988, 1001, 1001, 1001, 1001, 1500, 1500, 1500, 1500]
12:56:24.059088 ALT: 1.66
12:56:24.059179 ATT: [0.0, 0.9, 113]
12:56:24.059443 ACC: [-7, 0, 515]
[1500, 1500, 988, 1500, 988, 988, 988, 988, 1001, 1001, 1001, 1001, 1500, 1500, 1500, 1500]
[1500, 1500, 988, 1500, 989, 986, 988, 988, 1001, 1001, 1001, 1001, 1500, 1500, 1500, 1500]
[1500, 1500, 988, 1500, 989, 986, 988, 988, 1001, 1001, 1001, 1001, 1500, 1500, 1500, 1500]
[1500, 1500, 988, 1500, 989, 986, 988, 988, 1001, 1001, 1001, 1001, 1500, 1500, 1500, 1500]
[1500, 1500, 988, 1500, 988, 988, 988, 988, 1001, 1001, 1001, 1001, 1500, 1500, 1500, 1500]
[1500, 1500, 988, 1500, 988, 988, 988, 988, 1001, 1001, 1001, 1001, 1500, 1500, 1500, 1500]
[1500, 1500, 988, 1500, 988, 988, 988, 988, 1001, 1001, 1001, 1001, 1500, 1500, 1500, 1500]
12:56:24.107836 ALT: 1.66
12:56:24.107968 ATT: [0.0, 0.9, 113]
12:56:24.108358 ACC: [-7, 0, 515]
[1500, 1501, 986, 1500, 988, 988, 988, 988, 1001, 1001, 1001, 1001, 1500, 1500, 1500, 1500]
[1500, 1501, 986, 1500, 988, 988, 988, 988, 1001, 1001, 1001, 1001, 1500, 1500, 1500, 1500]
[1500, 1501, 986, 1500, 988, 988, 988, 988, 1001, 1001, 1001, 1001, 1500, 1500, 1500, 1500]
[1500, 1500, 988, 1500, 988, 988, 988, 988, 1001, 1001, 1001, 1001, 1500, 1500, 1500, 1500]
[1500, 1500, 988, 1500, 988, 988, 988, 988, 1001, 1001, 1001, 1001, 1500, 1500, 1500, 1500]
[1500, 1500, 988, 1500, 988, 988, 988, 988, 1001, 1001, 1001, 1001, 1500, 1500, 1500, 1500]
[1500, 1499, 988, 1500, 988, 988, 988, 988, 1001, 1001, 1001, 1001, 1500, 1500, 1500, 1500]
12:56:24.155616 ALT: 1.66
12:56:24.155790 ATT: [0.0, 0.9, 113]
12:56:24.156248 ACC: [-8, 0, 515]
[1500, 1499, 988, 1500, 988, 988, 988, 986, 1001, 1001, 1001, 1001, 1500, 1500, 1500, 1500]
[1500, 1499, 988, 1500, 988, 988, 988, 986, 1001, 1001, 1001, 1001, 1500, 1500, 1500, 1500]
[1500, 1500, 988, 1499, 988, 988, 988, 986, 1001, 1001, 1001, 1001, 1500, 1500, 1500, 1500]
[1500, 1500, 988, 1499, 988, 988, 988, 988, 1001, 1001, 1001, 1001, 1500, 1500, 1500, 1500]
[1500, 1500, 988, 1499, 988, 988, 988, 988, 1001, 1001, 1001, 1001, 1500, 1500, 1500, 1500]
[1500, 1500, 988, 1500, 988, 988, 988, 988, 1001, 1001, 1001, 1001, 1500, 1500, 1500, 1500]
[1500, 1500, 988, 1500, 988, 988, 988, 988, 1001, 1001, 1001, 1001, 1500, 1500, 1500, 1500]
[1500, 1500, 988, 1500, 988, 988, 988, 988, 1001, 1001, 1001, 1001, 1500, 1500, 1500, 1500]
12:56:24.203036 ALT: 1.66
12:56:24.203130 ATT: [0.0, 0.9, 113]
12:56:24.203395 ACC: [-7, 1, 515]
[1500, 1500, 988, 1500, 988, 988, 988, 988, 1001, 1001, 1001, 1001, 1500, 1500, 1500, 1500]
[1500, 1500, 988, 1500, 988, 988, 988, 988, 1001, 1001, 1001, 1001, 1500, 1500, 1500, 1500]
[1500, 1500, 988, 1500, 988, 988, 988, 988, 1001, 1001, 1001, 1001, 1500, 1500, 1500, 1500]
[1500, 1500, 988, 1500, 988, 988, 988, 988, 1001, 1001, 1001, 1001, 1500, 1500, 1500, 1500]
[1500, 1500, 988, 1500, 988, 988, 988, 988, 1001, 1001, 1001, 1001, 1500, 1500, 1500, 1500]
[1499, 1500, 988, 1500, 988, 988, 988, 988, 1001, 1001, 1001, 1001, 1500, 1500, 1500, 1500]
[1499, 1500, 988, 1500, 988, 988, 988, 988, 1001, 1001, 1001, 1001, 1500, 1500, 1500, 1500]
12:56:24.252288 ALT: 1.66
12:56:24.253801 ATT: [0.0, 0.9, 113]
12:56:24.257588 ACC: [-8, 0, 515]
[1499, 1500, 988, 1500, 988, 988, 988, 988, 1001, 1001, 1001, 1001, 1500, 1500, 1500, 1500]
[1500, 1500, 988, 1500, 988, 988, 988, 988, 1001, 1001, 1001, 1001, 1500, 1500, 1500, 1500]
[1500, 1500, 988, 1500, 988, 988, 988, 988, 1001, 1001, 1001, 1001, 1500, 1500, 1500, 1500]
[1500, 1500, 988, 1500, 988, 988, 988, 988, 1001, 1001, 1001, 1001, 1500, 1500, 1500, 1500]
[1500, 1500, 988, 1500, 988, 988, 988, 988, 1001, 1001, 1001, 1001, 1500, 1500, 1500, 1500]
[1500, 1499, 988, 1500, 988, 988, 988, 988, 1001, 1001, 1001, 1001, 1500, 1500, 1500, 1500]
[1500, 1499, 988, 1500, 988, 988, 988, 988, 1001, 1001, 1001, 1001, 1500, 1500, 1500, 1500]
[1500, 1499, 988, 1500, 988, 988, 988, 988, 1001, 1001, 1001, 1001, 1500, 1500, 1500, 1500]
[1500, 1500, 988, 1500, 988, 988, 988, 988, 1001, 1001, 1001, 1001, 1500, 1500, 1500, 1500]
[1500, 1500, 988, 1500, 988, 988, 988, 988, 1001, 1001, 1001, 1001, 1500, 1500, 1500, 1500]
12:56:24.322162 ALT: 1.66
12:56:24.322281 ATT: [0.0, 0.9, 113]
12:56:24.322747 ACC: [-7, 0, 515]
[1500, 1500, 988, 1500, 988, 988, 988, 988, 1001, 1001, 1001, 1001, 1500, 1500, 1500, 1500]
[1500, 1500, 988, 1500, 988, 988, 988, 988, 1001, 1001, 1001, 1001, 1500, 1500, 1500, 1500]
[1500, 1500, 988, 1500, 988, 988, 988, 988, 1001, 1001, 1001, 1001, 1500, 1500, 1500, 1500]
[1500, 1500, 988, 1500, 988, 988, 988, 988, 1001, 1001, 1001, 1001, 1500, 1500, 1500, 1500]
[1500, 1500, 988, 1500, 988, 988, 988, 988, 1001, 1001, 1001, 1001, 1500, 1500, 1500, 1500]
[1500, 1500, 988, 1500, 988, 988, 988, 988, 1001, 1001, 1001, 1001, 1500, 1500, 1500, 1500]
[1500, 1500, 988, 1500, 988, 988, 988, 988, 1001, 1001, 1001, 1001, 1500, 1500, 1500, 1500]
12:56:24.363088 ALT: 1.66
12:56:24.363178 ATT: [0.0, 0.9, 113]
12:56:24.363555 ACC: [-7, 1, 515]
[1500, 1500, 988, 1500, 988, 988, 988, 988, 1001, 1001, 1001, 1001, 1500, 1500, 1500, 1500]
[1500, 1500, 988, 1500, 988, 988, 988, 988, 1001, 1001, 1001, 1001, 1500, 1500, 1500, 1500]
[1500, 1500, 988, 1500, 988, 988, 988, 988, 1001, 1001, 1001, 1001, 1500, 1500, 1500, 1500]
[1500, 1500, 988, 1500, 988, 988, 988, 988, 1001, 1001, 1001, 1001, 1500, 1500, 1500, 1500]
[1500, 1500, 988, 1500, 988, 988, 988, 988, 1001, 1001, 1001, 1001, 1500, 1500, 1500, 1500]
[1499, 1500, 988, 1500, 988, 988, 988, 988, 1001, 1001, 1001, 1001, 1500, 1500, 1500, 1500]
[1499, 1500, 988, 1500, 988, 988, 988, 988, 1001, 1001, 1001, 1001, 1500, 1500, 1500, 1500]
12:56:24.411107 ALT: 1.66
12:56:24.411285 ATT: [0.0, 0.9, 113]
12:56:24.411583 ACC: [-7, 1, 515]
[1499, 1500, 988, 1500, 988, 988, 988, 988, 1001, 1001, 1001, 1001, 1500, 1500, 1500, 1500]
[1500, 1500, 988, 1500, 988, 988, 988, 988, 1001, 1001, 1001, 1001, 1500, 1500, 1500, 1500]
[1500, 1500, 988, 1500, 988, 988, 988, 988, 1001, 1001, 1001, 1001, 1500, 1500, 1500, 1500]
[1500, 1500, 988, 1500, 988, 988, 988, 988, 1001, 1001, 1001, 1001, 1500, 1500, 1500, 1500]
[1500, 1500, 988, 1500, 988, 988, 988, 988, 1001, 1001, 1001, 1001, 1500, 1500, 1500, 1500]
[1500, 1500, 988, 1499, 988, 988, 986, 988, 1001, 1001, 1001, 1001, 1500, 1500, 1500, 1500]
[1500, 1500, 988, 1499, 988, 988, 986, 988, 1001, 1001, 1001, 1001, 1500, 1500, 1500, 1500]
12:56:24.459110 ALT: 1.66
12:56:24.459194 ATT: [0.0, 0.9, 113]
12:56:24.459500 ACC: [-7, 1, 515]
[1500, 1500, 988, 1499, 988, 988, 986, 988, 1001, 1001, 1001, 1001, 1500, 1500, 1500, 1500]
[1500, 1500, 988, 1500, 988, 988, 988, 988, 1001, 1001, 1001, 1001, 1500, 1500, 1500, 1500]
[1500, 1500, 988, 1500, 988, 988, 988, 988, 1001, 1001, 1001, 1001, 1500, 1500, 1500, 1500]
[1500, 1500, 988, 1500, 988, 988, 988, 988, 1001, 1001, 1001, 1001, 1500, 1500, 1500, 1500]
[1500, 1500, 988, 1500, 988, 988, 988, 988, 1001, 1001, 1001, 1001, 1500, 1500, 1500, 1500]
[1500, 1500, 988, 1500, 988, 988, 988, 988, 1001, 1001, 1001, 1001, 1500, 1500, 1500, 1500]
12:56:24.507674 ALT: 1.66
12:56:24.507835 ATT: [0.0, 0.9, 113]
12:56:24.508342 ACC: [-8, 0, 515]
[1500, 1500, 988, 1500, 988, 988, 988, 988, 1001, 1001, 1001, 1001, 1500, 1500, 1500, 1500]
[1500, 1500, 988, 1500, 988, 989, 986, 988, 1001, 1001, 1001, 1001, 1500, 1500, 1500, 1500]
[1500, 1500, 988, 1500, 988, 989, 986, 988, 1001, 1001, 1001, 1001, 1500, 1500, 1500, 1500]
[1500, 1500, 988, 1500, 988, 989, 986, 988, 1001, 1001, 1001, 1001, 1500, 1500, 1500, 1500]
[1500, 1500, 988, 1500, 988, 988, 988, 988, 1001, 1001, 1001, 1001, 1500, 1500, 1500, 1500]
[1500, 1500, 988, 1500, 988, 988, 988, 988, 1001, 1001, 1001, 1001, 1500, 1500, 1500, 1500]
[1499, 1500, 988, 1500, 988, 988, 988, 988, 1001, 1001, 1001, 1001, 1500, 1500, 1500, 1500]
[1499, 1500, 988, 1500, 988, 988, 988, 988, 1001, 1001, 1001, 1001, 1500, 1500, 1500, 1500]
12:56:24.555365 ALT: 1.66
12:56:24.555481 ATT: [0.0, 0.9, 113]
12:56:24.556778 ACC: [-7, 1, 515]
[1499, 1500, 988, 1500, 988, 988, 988, 988, 1001, 1001, 1001, 1001, 1500, 1500, 1500, 1500]
[1500, 1500, 988, 1500, 988, 988, 988, 988, 1001, 1001, 1001, 1001, 1500, 1500, 1500, 1500]
[1500, 1500, 988, 1500, 988, 988, 988, 988, 1001, 1001, 1001, 1001, 1500, 1500, 1500, 1500]
[1500, 1500, 988, 1500, 988, 988, 988, 988, 1001, 1001, 1001, 1001, 1500, 1500, 1500, 1500]
[1499, 1500, 988, 1500, 988, 988, 988, 988, 1001, 1001, 1001, 1001, 1500, 1500, 1500, 1500]
[1499, 1500, 988, 1500, 988, 988, 988, 988, 1001, 1001, 1001, 1001, 1500, 1500, 1500, 1500]
[1499, 1500, 988, 1500, 988, 988, 988, 988, 1001, 1001, 1001, 1001, 1500, 1500, 1500, 1500]
[1500, 1500, 988, 1500, 988, 988, 988, 988, 1001, 1001, 1001, 1001, 1500, 1500, 1500, 1500]
12:56:24.605104 ALT: 1.66
12:56:24.605235 ATT: [0.0, 0.9, 113]
12:56:24.605744 ACC: [-8, 1, 515]
[1500, 1500, 986, 1500, 988, 988, 988, 988, 1001, 1001, 1001, 1001, 1500, 1500, 1500, 1500]
[1500, 1500, 986, 1500, 988, 988, 988, 988, 1001, 1001, 1001, 1001, 1500, 1500, 1500, 1500]
[1500, 1500, 986, 1500, 988, 988, 988, 988, 1001, 1001, 1001, 1001, 1500, 1500, 1500, 1500]
[1500, 1500, 988, 1500, 988, 988, 988, 988, 1001, 1001, 1001, 1001, 1500, 1500, 1500, 1500]
[1500, 1500, 988, 1500, 988, 988, 988, 988, 1001, 1001, 1001, 1001, 1500, 1500, 1500, 1500]
[1500, 1500, 988, 1500, 988, 988, 988, 988, 1001, 1001, 1001, 1001, 1500, 1500, 1500, 1500]
[1500, 1500, 988, 1500, 988, 988, 988, 988, 1001, 1001, 1001, 1001, 1500, 1500, 1500, 1500]
12:56:24.654413 ALT: 1.66
12:56:24.654525 ATT: [0.0, 0.9, 113]
12:56:24.655091 ACC: [-8, 1, 515]
[1500, 1500, 988, 1500, 988, 988, 988, 988, 1001, 1001, 1001, 1001, 1500, 1500, 1500, 1500]
[1500, 1500, 988, 1500, 988, 988, 988, 988, 1001, 1001, 1001, 1001, 1500, 1500, 1500, 1500]
[1500, 1500, 988, 1500, 988, 988, 988, 988, 1001, 1001, 1001, 1001, 1500, 1500, 1500, 1500]
[1500, 1500, 988, 1500, 988, 988, 988, 988, 1001, 1001, 1001, 1001, 1500, 1500, 1500, 1500]
[1499, 1500, 988, 1500, 988, 988, 988, 988, 1001, 1001, 1001, 1001, 1500, 1500, 1500, 1500]
[1499, 1500, 988, 1500, 988, 988, 988, 988, 1001, 1001, 1001, 1001, 1500, 1500, 1500, 1500]
[1499, 1500, 988, 1500, 988, 988, 988, 988, 1001, 1001, 1001, 1001, 1500, 1500, 1500, 1500]
12:56:24.699286 ALT: 1.66
12:56:24.699417 ATT: [0.0, 0.9, 113]
12:56:24.699767 ACC: [-8, 0, 514]
[1500, 1500, 988, 1500, 988, 988, 988, 988, 1001, 1001, 1001, 1001, 1500, 1500, 1500, 1500]
[1500, 1500, 986, 1500, 988, 988, 988, 988, 1001, 1001, 1001, 1001, 1500, 1500, 1500, 1500]
[1500, 1500, 986, 1500, 988, 988, 988, 988, 1001, 1001, 1001, 1001, 1500, 1500, 1500, 1500]
[1500, 1500, 986, 1500, 988, 988, 988, 988, 1001, 1001, 1001, 1001, 1500, 1500, 1500, 1500]
[1500, 1500, 988, 1499, 988, 988, 988, 988, 1001, 1001, 1001, 1001, 1500, 1500, 1500, 1500]
[1500, 1500, 988, 1499, 988, 988, 988, 988, 1001, 1001, 1001, 1001, 1500, 1500, 1500, 1500]
[1500, 1500, 988, 1499, 988, 988, 988, 988, 1001, 1001, 1001, 1001, 1500, 1500, 1500, 1500]
[1500, 1500, 988, 1500, 988, 988, 986, 988, 1001, 1001, 1001, 1001, 1500, 1500, 1500, 1500]
12:56:24.750794 ALT: 1.66
12:56:24.750951 ATT: [0.0, 0.9, 113]
12:56:24.751849 ACC: [-7, 0, 515]
[1500, 1500, 988, 1500, 988, 988, 986, 988, 1001, 1001, 1001, 1001, 1500, 1500, 1500, 1500]
[1500, 1500, 988, 1500, 988, 988, 986, 988, 1001, 1001, 1001, 1001, 1500, 1500, 1500, 1500]
[1500, 1500, 988, 1500, 988, 988, 988, 988, 1001, 1001, 1001, 1001, 1500, 1500, 1500, 1500]
[1500, 1500, 988, 1500, 988, 988, 988, 988, 1001, 1001, 1001, 1001, 1500, 1500, 1500, 1500]
[1500, 1500, 988, 1500, 988, 988, 988, 988, 1001, 1001, 1001, 1001, 1500, 1500, 1500, 1500]
[1500, 1500, 988, 1500, 988, 988, 988, 988, 1001, 1001, 1001, 1001, 1500, 1500, 1500, 1500]
12:56:24.795208 ALT: 1.66
12:56:24.795315 ATT: [0.0, 0.9, 113]
12:56:24.795762 ACC: [-7, 1, 515]
[1500, 1500, 988, 1500, 988, 988, 988, 988, 1001, 1001, 1001, 1001, 1500, 1500, 1500, 1500]
[1499, 1500, 988, 1500, 988, 988, 988, 988, 1001, 1001, 1001, 1001, 1500, 1500, 1500, 1500]
[1499, 1499, 988, 1499, 988, 988, 988, 988, 1001, 1001, 1001, 1001, 1500, 1500, 1500, 1500]
[1499, 1499, 988, 1499, 988, 988, 988, 988, 1001, 1001, 1001, 1001, 1500, 1500, 1500, 1500]
[1500, 1499, 988, 1499, 988, 988, 988, 988, 1001, 1001, 1001, 1001, 1500, 1500, 1500, 1500]
[1500, 1500, 988, 1500, 988, 988, 988, 988, 1001, 1001, 1001, 1001, 1500, 1500, 1500, 1500]
[1500, 1500, 988, 1500, 988, 988, 988, 988, 1001, 1001, 1001, 1001, 1500, 1500, 1500, 1500]
[1500, 1500, 988, 1500, 988, 988, 988, 988, 1001, 1001, 1001, 1001, 1500, 1500, 1500, 1500]
12:56:24.843463 ALT: 1.66
12:56:24.843640 ATT: [0.0, 0.9, 113]
12:56:24.844038 ACC: [-7, 1, 515]
[1500, 1499, 988, 1500, 988, 988, 988, 988, 1001, 1001, 1001, 1001, 1500, 1500, 1500, 1500]
[1500, 1499, 988, 1500, 988, 988, 988, 988, 1001, 1001, 1001, 1001, 1500, 1500, 1500, 1500]
[1500, 1499, 988, 1500, 988, 988, 988, 988, 1001, 1001, 1001, 1001, 1500, 1500, 1500, 1500]
[1500, 1500, 988, 1500, 988, 988, 988, 988, 1001, 1001, 1001, 1001, 1500, 1500, 1500, 1500]
[1500, 1500, 988, 1500, 988, 988, 988, 988, 1001, 1001, 1001, 1001, 1500, 1500, 1500, 1500]
[1500, 1500, 988, 1500, 988, 988, 988, 988, 1001, 1001, 1001, 1001, 1500, 1500, 1500, 1500]
[1500, 1500, 988, 1500, 988, 988, 988, 988, 1001, 1001, 1001, 1001, 1500, 1500, 1500, 1500]
12:56:24.891430 ALT: 1.66
12:56:24.891549 ATT: [0.0, 0.9, 113]
12:56:24.891978 ACC: [-7, 1, 514]
[1500, 1500, 988, 1500, 988, 988, 988, 988, 1001, 1001, 1001, 1001, 1500, 1500, 1500, 1500]
[1499, 1500, 988, 1500, 988, 988, 988, 988, 1001, 1001, 1001, 1001, 1500, 1500, 1500, 1500]
[1499, 1500, 988, 1500, 988, 988, 988, 988, 1001, 1001, 1001, 1001, 1500, 1500, 1500, 1500]
[1499, 1500, 988, 1500, 988, 988, 988, 988, 1001, 1001, 1001, 1001, 1500, 1500, 1500, 1500]
[1500, 1500, 988, 1500, 988, 988, 988, 988, 1001, 1001, 1001, 1001, 1500, 1500, 1500, 1500]
[1500, 1500, 988, 1500, 988, 988, 988, 988, 1001, 1001, 1001, 1001, 1500, 1500, 1500, 1500]
[1500, 1500, 988, 1500, 988, 988, 988, 988, 1001, 1001, 1001, 1001, 1500, 1500, 1500, 1500]
12:56:24.939354 ALT: 1.66
12:56:24.939528 ATT: [0.0, 0.9, 113]
12:56:24.940004 ACC: [-8, 0, 515]
[1500, 1500, 988, 1500, 988, 988, 988, 988, 1001, 1001, 1001, 1001, 1500, 1500, 1500, 1500]
[1500, 1500, 988, 1499, 988, 988, 988, 988, 1001, 1001, 1001, 1001, 1500, 1500, 1500, 1500]
[1500, 1500, 988, 1499, 988, 988, 988, 988, 1001, 1001, 1001, 1001, 1500, 1500, 1500, 1500]
[1500, 1500, 988, 1499, 988, 988, 988, 988, 1001, 1001, 1001, 1001, 1500, 1500, 1500, 1500]
[1500, 1500, 988, 1499, 988, 988, 988, 988, 1001, 1001, 1001, 1001, 1500, 1500, 1500, 1500]
[1499, 1500, 988, 1500, 988, 988, 988, 988, 1001, 1001, 1001, 1001, 1500, 1500, 1500, 1500]
[1499, 1500, 988, 1500, 988, 988, 988, 988, 1001, 1001, 1001, 1001, 1500, 1500, 1500, 1500]
12:56:24.989200 ALT: 1.66
12:56:24.989609 ATT: [0.0, 0.9, 113]
12:56:24.990326 ACC: [-7, 0, 515]
[1499, 1500, 988, 1500, 988, 988, 988, 988, 1001, 1001, 1001, 1001, 1500, 1500, 1500, 1500]
[1499, 1500, 988, 1500, 988, 988, 988, 988, 1001, 1001, 1001, 1001, 1500, 1500, 1500, 1500]
[1500, 1500, 988, 1500, 988, 988, 988, 988, 1001, 1001, 1001, 1001, 1500, 1500, 1500, 1500]
[1500, 1500, 988, 1499, 989, 986, 988, 988, 1001, 1001, 1001, 1001, 1500, 1500, 1500, 1500]
[1500, 1500, 988, 1499, 989, 986, 988, 988, 1001, 1001, 1001, 1001, 1500, 1500, 1500, 1500]
[1500, 1500, 988, 1499, 989, 986, 988, 988, 1001, 1001, 1001, 1001, 1500, 1500, 1500, 1500]
[1500, 1500, 988, 1500, 988, 988, 988, 988, 1001, 1001, 1001, 1001, 1500, 1500, 1500, 1500]
12:56:25.035817 ALT: 1.66
12:56:25.036100 ATT: [0.0, 0.9, 113]
12:56:25.036991 ACC: [-7, 1, 515]
[1500, 1500, 988, 1500, 988, 988, 988, 988, 1001, 1001, 1001, 1001, 1500, 1500, 1500, 1500]
[1500, 1500, 988, 1500, 988, 988, 988, 988, 1001, 1001, 1001, 1001, 1500, 1500, 1500, 1500]
[1500, 1500, 988, 1500, 988, 988, 988, 988, 1001, 1001, 1001, 1001, 1500, 1500, 1500, 1500]
[1500, 1500, 988, 1500, 988, 988, 988, 988, 1001, 1001, 1001, 1001, 1500, 1500, 1500, 1500]
[1500, 1500, 988, 1500, 988, 988, 988, 988, 1001, 1001, 1001, 1001, 1500, 1500, 1500, 1500]
[1500, 1500, 988, 1500, 988, 989, 986, 988, 1001, 1001, 1001, 1001, 1500, 1500, 1500, 1500]
[1500, 1500, 988, 1500, 988, 989, 986, 988, 1001, 1001, 1001, 1001, 1500, 1500, 1500, 1500]
12:56:25.083304 ALT: 1.66
12:56:25.083431 ATT: [0.0, 0.8, 113]
12:56:25.083884 ACC: [-7, 0, 515]
[1500, 1500, 988, 1500, 988, 989, 986, 988, 1001, 1001, 1001, 1001, 1500, 1500, 1500, 1500]
[1500, 1500, 988, 1500, 988, 988, 988, 988, 1001, 1001, 1001, 1001, 1500, 1500, 1500, 1500]
[1500, 1500, 988, 1500, 988, 988, 988, 988, 1001, 1001, 1001, 1001, 1500, 1500, 1500, 1500]
[1500, 1500, 988, 1500, 988, 988, 988, 988, 1001, 1001, 1001, 1001, 1500, 1500, 1500, 1500]
[1500, 1500, 988, 1500, 988, 988, 988, 988, 1001, 1001, 1001, 1001, 1500, 1500, 1500, 1500]
[1500, 1500, 988, 1500, 988, 988, 988, 988, 1001, 1001, 1001, 1001, 1500, 1500, 1500, 1500]
[1499, 1500, 988, 1500, 988, 988, 988, 988, 1001, 1001, 1001, 1001, 1500, 1500, 1500, 1500]
[1499, 1500, 988, 1499, 988, 988, 988, 988, 1001, 1001, 1001, 1001, 1500, 1500, 1500, 1500]
12:56:25.131159 ALT: 1.66
12:56:25.131267 ATT: [0.0, 0.9, 113]
12:56:25.131577 ACC: [-8, 0, 515]
[1499, 1500, 988, 1499, 988, 988, 988, 988, 1001, 1001, 1001, 1001, 1500, 1500, 1500, 1500]
[1500, 1500, 988, 1499, 988, 988, 988, 988, 1001, 1001, 1001, 1001, 1500, 1500, 1500, 1500]
[1500, 1500, 988, 1499, 988, 988, 988, 988, 1001, 1001, 1001, 1001, 1500, 1500, 1500, 1500]
[1500, 1500, 988, 1499, 988, 988, 988, 988, 1001, 1001, 1001, 1001, 1500, 1500, 1500, 1500]
[1500, 1500, 988, 1499, 988, 988, 988, 988, 1001, 1001, 1001, 1001, 1500, 1500, 1500, 1500]
[1500, 1500, 988, 1500, 988, 988, 988, 988, 1001, 1001, 1001, 1001, 1500, 1500, 1500, 1500]
[1500, 1500, 988, 1500, 988, 988, 988, 988, 1001, 1001, 1001, 1001, 1500, 1500, 1500, 1500]
12:56:25.180088 ALT: 1.69
12:56:25.180194 ATT: [0.0, 0.9, 113]
12:56:25.180514 ACC: [-8, 1, 515]
[1500, 1500, 988, 1500, 988, 988, 988, 988, 1001, 1001, 1001, 1001, 1500, 1500, 1500, 1500]
[1500, 1500, 988, 1500, 988, 988, 988, 988, 1001, 1001, 1001, 1001, 1500, 1500, 1500, 1500]
[1500, 1500, 988, 1500, 988, 988, 988, 988, 1001, 1001, 1001, 1001, 1500, 1500, 1500, 1500]
[1499, 1500, 988, 1500, 988, 988, 988, 988, 1001, 1001, 1001, 1001, 1500, 1500, 1500, 1500]
[1499, 1500, 988, 1500, 988, 988, 988, 988, 1001, 1001, 1001, 1001, 1500, 1500, 1500, 1500]
[1499, 1500, 988, 1500, 988, 988, 988, 988, 1001, 1001, 1001, 1001, 1500, 1500, 1500, 1500]
[1500, 1500, 988, 1500, 988, 988, 988, 988, 1001, 1001, 1001, 1001, 1500, 1500, 1500, 1500]
12:56:25.227696 ALT: 1.72
12:56:25.227822 ATT: [0.0, 0.9, 113]
12:56:25.228204 ACC: [-7, 1, 515]
[1500, 1500, 988, 1500, 988, 988, 988, 988, 1001, 1001, 1001, 1001, 1500, 1500, 1500, 1500]
[1500, 1500, 988, 1500, 988, 988, 988, 988, 1001, 1001, 1001, 1001, 1500, 1500, 1500, 1500]
[1499, 1500, 988, 1500, 988, 988, 988, 988, 1001, 1001, 1001, 1001, 1500, 1500, 1500, 1500]
[1499, 1500, 988, 1500, 988, 988, 988, 988, 1001, 1001, 1001, 1001, 1500, 1500, 1500, 1500]
[1499, 1500, 988, 1500, 988, 988, 988, 988, 1001, 1001, 1001, 1001, 1500, 1500, 1500, 1500]
[1500, 1500, 988, 1500, 988, 988, 988, 988, 1001, 1001, 1001, 1001, 1500, 1500, 1500, 1500]
[1500, 1500, 988, 1500, 988, 988, 988, 988, 1001, 1001, 1001, 1001, 1500, 1500, 1500, 1500]
12:56:25.275335 ALT: 1.72
12:56:25.275562 ATT: [0.0, 0.9, 113]
12:56:25.276019 ACC: [-8, 1, 515]
[1500, 1500, 988, 1500, 988, 988, 988, 988, 1001, 1001, 1001, 1001, 1500, 1500, 1500, 1500]
[1500, 1500, 988, 1500, 988, 988, 988, 988, 1001, 1001, 1001, 1001, 1500, 1500, 1500, 1500]
[1500, 1500, 988, 1499, 988, 988, 988, 988, 1001, 1001, 1001, 1001, 1500, 1500, 1500, 1500]
[1500, 1500, 988, 1499, 988, 988, 988, 988, 1001, 1001, 1001, 1001, 1500, 1500, 1500, 1500]
[1500, 1500, 988, 1499, 988, 988, 988, 988, 1001, 1001, 1001, 1001, 1500, 1500, 1500, 1500]
[1500, 1500, 988, 1500, 988, 988, 988, 988, 1001, 1001, 1001, 1001, 1500, 1500, 1500, 1500]
[1500, 1500, 988, 1500, 988, 988, 988, 988, 1001, 1001, 1001, 1001, 1500, 1500, 1500, 1500]
[1500, 1500, 988, 1500, 988, 988, 988, 988, 1001, 1001, 1001, 1001, 1500, 1500, 1500, 1500]
12:56:25.323512 ALT: 1.72
12:56:25.323633 ATT: [0.0, 0.9, 113]
12:56:25.324037 ACC: [-7, 1, 515]
[1500, 1500, 988, 1500, 988, 988, 988, 988, 1001, 1001, 1001, 1001, 1500, 1500, 1500, 1500]
[1500, 1500, 988, 1500, 988, 988, 988, 988, 1001, 1001, 1001, 1001, 1500, 1500, 1500, 1500]
[1500, 1500, 988, 1500, 988, 988, 988, 988, 1001, 1001, 1001, 1001, 1500, 1500, 1500, 1500]
[1500, 1500, 988, 1500, 988, 988, 988, 988, 1001, 1001, 1001, 1001, 1500, 1500, 1500, 1500]
[1500, 1500, 988, 1500, 988, 988, 988, 988, 1001, 1001, 1001, 1001, 1500, 1500, 1500, 1500]
[1500, 1500, 988, 1500, 988, 988, 988, 988, 1001, 1001, 1001, 1001, 1500, 1500, 1500, 1500]
[1500, 1500, 988, 1500, 988, 988, 988, 988, 1001, 1001, 1001, 1001, 1500, 1500, 1500, 1500]
12:56:25.371448 ALT: 1.72
12:56:25.371574 ATT: [0.0, 0.9, 113]
12:56:25.371905 ACC: [-7, 1, 515]
[1500, 1500, 988, 1500, 988, 988, 988, 988, 1001, 1001, 1001, 1001, 1500, 1500, 1500, 1500]
[1500, 1500, 988, 1500, 988, 988, 988, 988, 1001, 1001, 1001, 1001, 1500, 1500, 1500, 1500]
[1500, 1500, 988, 1500, 988, 988, 988, 988, 1001, 1001, 1001, 1001, 1500, 1500, 1500, 1500]
[1500, 1500, 988, 1500, 988, 988, 988, 988, 1001, 1001, 1001, 1001, 1500, 1500, 1500, 1500]
[1499, 1500, 988, 1500, 988, 988, 988, 988, 1001, 1001, 1001, 1001, 1500, 1500, 1500, 1500]
[1499, 1500, 988, 1500, 986, 988, 988, 988, 1001, 1001, 1001, 1001, 1500, 1500, 1500, 1500]
[1499, 1500, 988, 1500, 986, 988, 988, 988, 1001, 1001, 1001, 1001, 1500, 1500, 1500, 1500]
[1500, 1500, 988, 1500, 986, 988, 988, 988, 1001, 1001, 1001, 1001, 1500, 1500, 1500, 1500]
[1500, 1500, 988, 1500, 988, 988, 988, 988, 1001, 1001, 1001, 1001, 1500, 1500, 1500, 1500]
12:56:25.435690 ALT: 1.72
12:56:25.435893 ATT: [0.0, 0.9, 113]
12:56:25.436425 ACC: [-7, 0, 515]
[1500, 1500, 988, 1500, 988, 988, 988, 988, 1001, 1001, 1001, 1001, 1500, 1500, 1500, 1500]
[1500, 1500, 988, 1500, 988, 988, 988, 988, 1001, 1001, 1001, 1001, 1500, 1500, 1500, 1500]
[1500, 1500, 988, 1500, 988, 988, 988, 988, 1001, 1001, 1001, 1001, 1500, 1500, 1500, 1500]
[1500, 1500, 988, 1500, 988, 988, 988, 988, 1001, 1001, 1001, 1001, 1500, 1500, 1500, 1500]
[1500, 1500, 988, 1500, 988, 988, 988, 988, 1001, 1001, 1001, 1001, 1500, 1500, 1500, 1500]
[1500, 1499, 988, 1500, 988, 988, 988, 988, 1001, 1001, 1001, 1001, 1500, 1500, 1500, 1500]
[1500, 1499, 988, 1500, 988, 988, 988, 988, 1001, 1001, 1001, 1001, 1500, 1500, 1500, 1500]
[1499, 1499, 988, 1500, 988, 988, 988, 988, 1001, 1001, 1001, 1001, 1500, 1500, 1500, 1500]
12:56:25.485030 ALT: 1.72
12:56:25.485176 ATT: [0.0, 0.9, 113]
12:56:25.487637 ACC: [-7, 1, 515]
[1499, 1500, 988, 1500, 988, 988, 988, 988, 1001, 1001, 1001, 1001, 1500, 1500, 1500, 1500]
[1499, 1500, 988, 1500, 988, 988, 988, 988, 1001, 1001, 1001, 1001, 1500, 1500, 1500, 1500]
[1499, 1500, 988, 1500, 988, 988, 988, 988, 1001, 1001, 1001, 1001, 1500, 1500, 1500, 1500]
[1499, 1500, 988, 1499, 988, 988, 988, 988, 1001, 1001, 1001, 1001, 1500, 1500, 1500, 1500]
[1499, 1500, 988, 1499, 988, 988, 988, 988, 1001, 1001, 1001, 1001, 1500, 1500, 1500, 1500]
[1500, 1500, 988, 1499, 988, 988, 988, 988, 1001, 1001, 1001, 1001, 1500, 1500, 1500, 1500]
[1500, 1500, 988, 1500, 988, 988, 988, 988, 1001, 1001, 1001, 1001, 1500, 1500, 1500, 1500]
12:56:25.531296 ALT: 1.72
12:56:25.531511 ATT: [0.0, 0.9, 113]
12:56:25.531968 ACC: [-7, 0, 515]
[1500, 1500, 988, 1500, 988, 988, 988, 988, 1001, 1001, 1001, 1001, 1500, 1500, 1500, 1500]
[1499, 1500, 988, 1500, 988, 988, 988, 988, 1001, 1001, 1001, 1001, 1500, 1500, 1500, 1500]
[1499, 1500, 988, 1499, 988, 988, 988, 988, 1001, 1001, 1001, 1001, 1500, 1500, 1500, 1500]
[1499, 1500, 988, 1499, 988, 988, 988, 988, 1001, 1001, 1001, 1001, 1500, 1500, 1500, 1500]
[1500, 1500, 988, 1499, 988, 988, 988, 988, 1001, 1001, 1001, 1001, 1500, 1500, 1500, 1500]
[1500, 1500, 988, 1500, 989, 986, 988, 988, 1001, 1001, 1001, 1001, 1500, 1500, 1500, 1500]
[1500, 1500, 988, 1500, 989, 986, 988, 988, 1001, 1001, 1001, 1001, 1500, 1500, 1500, 1500]
12:56:25.579395 ALT: 1.72
12:56:25.579509 ATT: [0.0, 0.9, 113]
12:56:25.579853 ACC: [-8, 0, 515]
[1500, 1500, 988, 1500, 989, 986, 988, 988, 1001, 1001, 1001, 1001, 1500, 1500, 1500, 1500]
[1500, 1500, 988, 1500, 988, 988, 988, 988, 1001, 1001, 1001, 1001, 1500, 1500, 1500, 1500]
[1500, 1500, 988, 1500, 988, 988, 988, 988, 1001, 1001, 1001, 1001, 1500, 1500, 1500, 1500]
[1500, 1500, 988, 1500, 988, 988, 988, 988, 1001, 1001, 1001, 1001, 1500, 1500, 1500, 1500]
[1500, 1500, 988, 1500, 988, 988, 988, 988, 1001, 1001, 1001, 1001, 1500, 1500, 1500, 1500]
[1500, 1500, 988, 1500, 988, 988, 988, 988, 1001, 1001, 1001, 1001, 1500, 1500, 1500, 1500]
[1500, 1500, 988, 1500, 988, 988, 988, 988, 1001, 1001, 1001, 1001, 1500, 1500, 1500, 1500]
12:56:25.627369 ALT: 1.72
12:56:25.627486 ATT: [0.0, 0.9, 113]
12:56:25.627984 ACC: [-8, 1, 516]
[1500, 1500, 988, 1500, 988, 988, 988, 988, 1001, 1001, 1001, 1001, 1500, 1500, 1500, 1500]
[1500, 1500, 988, 1500, 988, 988, 988, 988, 1001, 1001, 1001, 1001, 1500, 1500, 1500, 1500]
[1500, 1500, 988, 1500, 988, 988, 988, 988, 1001, 1001, 1001, 1001, 1500, 1500, 1500, 1500]
[1500, 1500, 988, 1499, 988, 988, 988, 988, 1001, 1001, 1001, 1001, 1500, 1500, 1500, 1500]
[1500, 1500, 988, 1499, 988, 988, 988, 988, 1001, 1001, 1001, 1001, 1500, 1500, 1500, 1500]
[1500, 1500, 988, 1499, 988, 988, 988, 988, 1001, 1001, 1001, 1001, 1500, 1500, 1500, 1500]
[1500, 1501, 986, 1500, 988, 988, 988, 988, 1001, 1001, 1001, 1001, 1500, 1500, 1500, 1500]
[1500, 1501, 986, 1500, 988, 988, 988, 988, 1001, 1001, 1001, 1001, 1500, 1500, 1500, 1500]
12:56:25.677739 ALT: 1.72
12:56:25.677836 ATT: [0.0, 0.9, 113]
12:56:25.678149 ACC: [-8, 1, 515]
[1499, 1501, 986, 1500, 988, 988, 988, 988, 1001, 1001, 1001, 1001, 1500, 1500, 1500, 1500]
[1499, 1500, 988, 1500, 988, 988, 988, 988, 1001, 1001, 1001, 1001, 1500, 1500, 1500, 1500]
[1499, 1500, 988, 1500, 988, 988, 988, 988, 1001, 1001, 1001, 1001, 1500, 1500, 1500, 1500]
[1500, 1500, 988, 1500, 988, 988, 988, 988, 1001, 1001, 1001, 1001, 1500, 1500, 1500, 1500]
[1500, 1500, 988, 1500, 988, 988, 988, 988, 1001, 1001, 1001, 1001, 1500, 1500, 1500, 1500]
[1500, 1500, 988, 1500, 988, 988, 988, 988, 1001, 1001, 1001, 1001, 1500, 1500, 1500, 1500]
[1500, 1500, 988, 1500, 988, 988, 988, 988, 1001, 1001, 1001, 1001, 1500, 1500, 1500, 1500]
12:56:25.723541 ALT: 1.72
12:56:25.723689 ATT: [0.0, 0.9, 113]
12:56:25.724072 ACC: [-8, 0, 515]
[1500, 1500, 988, 1500, 988, 988, 988, 988, 1001, 1001, 1001, 1001, 1500, 1500, 1500, 1500]
[1500, 1500, 988, 1500, 988, 988, 988, 988, 1001, 1001, 1001, 1001, 1500, 1500, 1500, 1500]
[1500, 1500, 988, 1500, 988, 988, 988, 988, 1001, 1001, 1001, 1001, 1500, 1500, 1500, 1500]
[1500, 1500, 988, 1500, 988, 988, 988, 988, 1001, 1001, 1001, 1001, 1500, 1500, 1500, 1500]
[1500, 1500, 988, 1500, 988, 988, 988, 988, 1001, 1001, 1001, 1001, 1500, 1500, 1500, 1500]
[1500, 1500, 988, 1500, 988, 988, 988, 988, 1001, 1001, 1001, 1001, 1500, 1500, 1500, 1500]
[1500, 1499, 988, 1500, 988, 988, 988, 988, 1001, 1001, 1001, 1001, 1500, 1500, 1500, 1500]
[1500, 1499, 988, 1500, 988, 988, 988, 988, 1001, 1001, 1001, 1001, 1500, 1500, 1500, 1500]
[1500, 1499, 988, 1500, 988, 988, 988, 988, 1001, 1001, 1001, 1001, 1500, 1500, 1500, 1500]
12:56:25.791231 ALT: 1.72
12:56:25.791450 ATT: [0.0, 0.9, 113]
12:56:25.795761 ACC: [-7, 1, 515]
[1500, 1500, 988, 1500, 988, 988, 988, 988, 1001, 1001, 1001, 1001, 1500, 1500, 1500, 1500]
[1500, 1500, 988, 1500, 988, 988, 988, 988, 1001, 1001, 1001, 1001, 1500, 1500, 1500, 1500]
[1499, 1500, 988, 1500, 988, 988, 988, 988, 1001, 1001, 1001, 1001, 1500, 1500, 1500, 1500]
[1499, 1500, 988, 1500, 988, 988, 988, 988, 1001, 1001, 1001, 1001, 1500, 1500, 1500, 1500]
[1499, 1500, 988, 1500, 988, 988, 988, 988, 1001, 1001, 1001, 1001, 1500, 1500, 1500, 1500]
[1499, 1500, 988, 1500, 988, 988, 988, 988, 1001, 1001, 1001, 1001, 1500, 1500, 1500, 1500]
[1499, 1500, 988, 1499, 988, 988, 988, 988, 1001, 1001, 1001, 1001, 1500, 1500, 1500, 1500]
[1499, 1500, 988, 1499, 988, 988, 988, 988, 1001, 1001, 1001, 1001, 1500, 1500, 1500, 1500]
12:56:25.836206 ALT: 1.72
12:56:25.836295 ATT: [0.0, 0.9, 113]
12:56:25.836520 ACC: [-8, 0, 515]
[1500, 1500, 988, 1499, 988, 988, 988, 988, 1001, 1001, 1001, 1001, 1500, 1500, 1500, 1500]
[1500, 1500, 989, 1497, 988, 988, 988, 988, 1001, 1001, 1001, 1001, 1500, 1500, 1500, 1500]
[1500, 1500, 989, 1497, 988, 988, 988, 988, 1001, 1001, 1001, 1001, 1500, 1500, 1500, 1500]
[1500, 1500, 989, 1497, 988, 988, 988, 988, 1001, 1001, 1001, 1001, 1500, 1500, 1500, 1500]
[1500, 1500, 988, 1500, 988, 988, 988, 988, 1001, 1001, 1001, 1001, 1500, 1500, 1500, 1500]
[1500, 1500, 988, 1500, 988, 988, 988, 988, 1001, 1001, 1001, 1001, 1500, 1500, 1500, 1500]
[1500, 1500, 988, 1500, 988, 988, 988, 988, 1001, 1001, 1001, 1001, 1500, 1500, 1500, 1500]
12:56:25.883439 ALT: 1.72
12:56:25.883579 ATT: [0.0, 0.9, 113]
12:56:25.883909 ACC: [-7, 1, 515]
[1500, 1500, 988, 1500, 988, 988, 988, 988, 1001, 1001, 1001, 1001, 1500, 1500, 1500, 1500]
[1500, 1500, 988, 1500, 988, 988, 988, 988, 1001, 1001, 1001, 1001, 1500, 1500, 1500, 1500]
[1500, 1500, 988, 1500, 988, 988, 988, 988, 1001, 1001, 1001, 1001, 1500, 1500, 1500, 1500]
[1500, 1500, 988, 1500, 989, 986, 988, 988, 1001, 1001, 1001, 1001, 1500, 1500, 1500, 1500]
[1500, 1500, 988, 1500, 989, 986, 988, 988, 1001, 1001, 1001, 1001, 1500, 1500, 1500, 1500]
[1500, 1500, 988, 1500, 989, 986, 988, 988, 1001, 1001, 1001, 1001, 1500, 1500, 1500, 1500]
[1500, 1500, 988, 1500, 988, 988, 988, 988, 1001, 1001, 1001, 1001, 1500, 1500, 1500, 1500]
12:56:25.931345 ALT: 1.72
12:56:25.931434 ATT: [0.0, 0.9, 113]
12:56:25.931801 ACC: [-7, 1, 515]
[1500, 1500, 988, 1500, 988, 988, 988, 988, 1001, 1001, 1001, 1001, 1500, 1500, 1500, 1500]
[1500, 1500, 988, 1500, 988, 988, 988, 988, 1001, 1001, 1001, 1001, 1500, 1500, 1500, 1500]
[1500, 1500, 988, 1500, 988, 988, 988, 988, 1001, 1001, 1001, 1001, 1500, 1500, 1500, 1500]
[1500, 1500, 988, 1500, 988, 988, 988, 988, 1001, 1001, 1001, 1001, 1500, 1500, 1500, 1500]
[1499, 1500, 988, 1500, 988, 988, 988, 988, 1001, 1001, 1001, 1001, 1500, 1500, 1500, 1500]
[1499, 1500, 988, 1500, 988, 988, 988, 988, 1001, 1001, 1001, 1001, 1500, 1500, 1500, 1500]
[1499, 1500, 988, 1500, 988, 988, 988, 988, 1001, 1001, 1001, 1001, 1500, 1500, 1500, 1500]
12:56:25.979306 ALT: 1.72
12:56:25.979395 ATT: [0.0, 0.9, 113]
12:56:25.979735 ACC: [-7, 0, 515]
[1500, 1500, 988, 1500, 988, 988, 988, 988, 1001, 1001, 1001, 1001, 1500, 1500, 1500, 1500]
[1500, 1500, 988, 1499, 988, 988, 988, 988, 1001, 1001, 1001, 1001, 1500, 1500, 1500, 1500]
[1500, 1500, 988, 1499, 988, 988, 988, 988, 1001, 1001, 1001, 1001, 1500, 1500, 1500, 1500]
[1500, 1500, 988, 1499, 988, 988, 988, 988, 1001, 1001, 1001, 1001, 1500, 1500, 1500, 1500]
[1500, 1500, 988, 1500, 988, 988, 988, 988, 1001, 1001, 1001, 1001, 1500, 1500, 1500, 1500]
[1500, 1500, 988, 1500, 988, 988, 988, 988, 1001, 1001, 1001, 1001, 1500, 1500, 1500, 1500]
[1500, 1500, 988, 1500, 988, 988, 988, 988, 1001, 1001, 1001, 1001, 1500, 1500, 1500, 1500]
12:56:26.027363 ALT: 1.72
12:56:26.027456 ATT: [0.0, 0.9, 113]
12:56:26.027710 ACC: [-8, 1, 515]
[1500, 1500, 988, 1500, 988, 988, 988, 988, 1001, 1001, 1001, 1001, 1500, 1500, 1500, 1500]
[1500, 1500, 988, 1500, 988, 988, 988, 988, 1001, 1001, 1001, 1001, 1500, 1500, 1500, 1500]
[1500, 1500, 988, 1500, 988, 988, 988, 988, 1001, 1001, 1001, 1001, 1500, 1500, 1500, 1500]
[1500, 1500, 989, 1499, 988, 988, 988, 988, 1001, 1001, 1001, 1001, 1500, 1500, 1500, 1500]
[1500, 1500, 989, 1499, 988, 988, 988, 988, 1001, 1001, 1001, 1001, 1500, 1500, 1500, 1500]
[1500, 1500, 989, 1499, 988, 988, 988, 988, 1001, 1001, 1001, 1001, 1500, 1500, 1500, 1500]
[1500, 1500, 988, 1500, 988, 988, 988, 988, 1001, 1001, 1001, 1001, 1500, 1500, 1500, 1500]
[1500, 1500, 988, 1500, 988, 988, 988, 989, 1001, 1001, 1001, 1001, 1500, 1500, 1500, 1500]
12:56:26.076928 ALT: 1.72
12:56:26.077016 ATT: [0.0, 0.9, 113]
12:56:26.077250 ACC: [-8, 0, 515]
[1500, 1500, 988, 1500, 988, 988, 988, 989, 1001, 1001, 1001, 1001, 1500, 1500, 1500, 1500]
[1500, 1500, 988, 1500, 988, 988, 988, 989, 1001, 1001, 1001, 1001, 1500, 1500, 1500, 1500]
[1500, 1500, 988, 1500, 988, 988, 988, 988, 1001, 1001, 1001, 1001, 1500, 1500, 1500, 1500]
[1499, 1500, 988, 1500, 988, 988, 988, 988, 1001, 1001, 1001, 1001, 1500, 1500, 1500, 1500]
[1499, 1500, 988, 1500, 988, 988, 988, 988, 1001, 1001, 1001, 1001, 1500, 1500, 1500, 1500]
[1499, 1500, 988, 1500, 988, 988, 988, 988, 1001, 1001, 1001, 1001, 1500, 1500, 1500, 1500]
12:56:26.125761 ALT: 1.72
12:56:26.125911 ATT: [0.0, 0.9, 113]
12:56:26.126361 ACC: [-7, 1, 516]
[1500, 1500, 988, 1500, 988, 988, 988, 988, 1001, 1001, 1001, 1001, 1500, 1500, 1500, 1500]
[1500, 1500, 988, 1500, 988, 988, 988, 988, 1001, 1001, 1001, 1001, 1500, 1500, 1500, 1500]
[1500, 1500, 988, 1500, 988, 988, 988, 988, 1001, 1001, 1001, 1001, 1500, 1500, 1500, 1500]
[1500, 1500, 988, 1500, 988, 988, 988, 988, 1001, 1001, 1001, 1001, 1500, 1500, 1500, 1500]
[1500, 1500, 988, 1500, 988, 988, 986, 988, 1001, 1001, 1001, 1001, 1500, 1500, 1500, 1500]
[1500, 1500, 988, 1500, 988, 988, 986, 988, 1001, 1001, 1001, 1001, 1500, 1500, 1500, 1500]
[1500, 1500, 988, 1500, 988, 988, 986, 988, 1001, 1001, 1001, 1001, 1500, 1500, 1500, 1500]
[1500, 1500, 988, 1500, 988, 988, 988, 988, 1001, 1001, 1001, 1001, 1500, 1500, 1500, 1500]
12:56:26.171345 ALT: 1.72
12:56:26.171435 ATT: [0.0, 0.9, 113]
12:56:26.171692 ACC: [-7, 0, 515]
[1500, 1500, 988, 1500, 988, 988, 988, 988, 1001, 1001, 1001, 1001, 1500, 1500, 1500, 1500]
[1500, 1500, 988, 1500, 988, 988, 988, 988, 1001, 1001, 1001, 1001, 1500, 1500, 1500, 1500]
[1500, 1500, 988, 1500, 988, 988, 988, 988, 1001, 1001, 1001, 1001, 1500, 1500, 1500, 1500]
[1500, 1500, 988, 1500, 988, 988, 988, 988, 1001, 1001, 1001, 1001, 1500, 1500, 1500, 1500]
[1500, 1500, 988, 1500, 988, 988, 988, 988, 1001, 1001, 1001, 1001, 1500, 1500, 1500, 1500]
[1500, 1500, 988, 1500, 988, 988, 988, 988, 1001, 1001, 1001, 1001, 1500, 1500, 1500, 1500]
[1500, 1500, 988, 1500, 988, 988, 988, 988, 1001, 1001, 1001, 1001, 1500, 1500, 1500, 1500]
12:56:26.219800 ALT: 1.72
12:56:26.219921 ATT: [0.0, 0.9, 113]
12:56:26.220865 ACC: [-8, 0, 515]
[1500, 1500, 988, 1500, 988, 988, 988, 988, 1001, 1001, 1001, 1001, 1500, 1500, 1500, 1500]
[1500, 1500, 988, 1500, 988, 988, 988, 988, 1001, 1001, 1001, 1001, 1500, 1500, 1500, 1500]
[1500, 1500, 988, 1500, 988, 988, 988, 988, 1001, 1001, 1001, 1001, 1500, 1500, 1500, 1500]
[1499, 1500, 988, 1500, 988, 988, 988, 988, 1001, 1001, 1001, 1001, 1500, 1500, 1500, 1500]
[1499, 1500, 988, 1500, 988, 988, 988, 988, 1001, 1001, 1001, 1001, 1500, 1500, 1500, 1500]
[1499, 1500, 988, 1500, 988, 988, 988, 988, 1001, 1001, 1001, 1001, 1500, 1500, 1500, 1500]
[1500, 1500, 988, 1500, 988, 988, 988, 988, 1001, 1001, 1001, 1001, 1500, 1500, 1500, 1500]
12:56:26.268484 ALT: 1.72
12:56:26.268851 ATT: [0.0, 0.9, 113]
12:56:26.269505 ACC: [-8, 1, 515]
[1500, 1500, 988, 1499, 988, 988, 988, 988, 1001, 1001, 1001, 1001, 1500, 1500, 1500, 1500]
[1500, 1500, 988, 1499, 988, 988, 988, 988, 1001, 1001, 1001, 1001, 1500, 1500, 1500, 1500]
[1500, 1500, 988, 1499, 988, 988, 988, 988, 1001, 1001, 1001, 1001, 1500, 1500, 1500, 1500]
[1500, 1500, 988, 1500, 988, 988, 988, 988, 1001, 1001, 1001, 1001, 1500, 1500, 1500, 1500]
[1500, 1500, 988, 1500, 988, 988, 988, 988, 1001, 1001, 1001, 1001, 1500, 1500, 1500, 1500]
[1500, 1500, 988, 1500, 988, 988, 988, 988, 1001, 1001, 1001, 1001, 1500, 1500, 1500, 1500]
[1500, 1500, 988, 1500, 988, 988, 988, 988, 1001, 1001, 1001, 1001, 1500, 1500, 1500, 1500]
12:56:26.315412 ALT: 1.72
12:56:26.315537 ATT: [0.0, 0.9, 113]
12:56:26.316231 ACC: [-7, 0, 515]
[1500, 1500, 988, 1500, 988, 988, 988, 988, 1001, 1001, 1001, 1001, 1500, 1500, 1500, 1500]
[1500, 1500, 988, 1500, 988, 988, 988, 988, 1001, 1001, 1001, 1001, 1500, 1500, 1500, 1500]
[1500, 1500, 988, 1500, 988, 988, 988, 988, 1001, 1001, 1001, 1001, 1500, 1500, 1500, 1500]
[1500, 1500, 988, 1500, 988, 988, 988, 988, 1001, 1001, 1001, 1001, 1500, 1500, 1500, 1500]
[1500, 1500, 988, 1500, 988, 988, 988, 988, 1001, 1001, 1001, 1001, 1500, 1500, 1500, 1500]
[1500, 1500, 988, 1500, 988, 988, 988, 988, 1001, 1001, 1001, 1001, 1500, 1500, 1500, 1500]
[1500, 1500, 988, 1500, 988, 988, 988, 988, 1001, 1001, 1001, 1001, 1500, 1500, 1500, 1500]
[1500, 1500, 988, 1500, 988, 988, 988, 988, 1001, 1001, 1001, 1001, 1500, 1500, 1500, 1500]
12:56:26.368506 ALT: 1.72
12:56:26.368632 ATT: [0.0, 0.9, 113]
12:56:26.369591 ACC: [-7, 1, 515]
[1500, 1500, 988, 1500, 988, 988, 988, 988, 1001, 1001, 1001, 1001, 1500, 1500, 1500, 1500]
[1500, 1500, 988, 1500, 988, 988, 988, 988, 1001, 1001, 1001, 1001, 1500, 1500, 1500, 1500]
[1500, 1500, 988, 1500, 988, 988, 988, 988, 1001, 1001, 1001, 1001, 1500, 1500, 1500, 1500]
[1500, 1500, 988, 1500, 988, 988, 988, 988, 1001, 1001, 1001, 1001, 1500, 1500, 1500, 1500]
[1500, 1500, 988, 1500, 988, 988, 988, 988, 1001, 1001, 1001, 1001, 1500, 1500, 1500, 1500]
[1500, 1500, 988, 1500, 988, 988, 988, 988, 1001, 1001, 1001, 1001, 1500, 1500, 1500, 1500]
[1500, 1500, 988, 1500, 988, 988, 988, 988, 1001, 1001, 1001, 1001, 1500, 1500, 1500, 1500]
12:56:26.411602 ALT: 1.72
12:56:26.411714 ATT: [0.0, 0.9, 113]
12:56:26.412043 ACC: [-7, 0, 515]
[1500, 1500, 988, 1500, 988, 988, 988, 988, 1001, 1001, 1001, 1001, 1500, 1500, 1500, 1500]
[1500, 1500, 988, 1500, 988, 988, 988, 988, 1001, 1001, 1001, 1001, 1500, 1500, 1500, 1500]
[1500, 1500, 988, 1500, 988, 988, 988, 988, 1001, 1001, 1001, 1001, 1500, 1500, 1500, 1500]
[1500, 1500, 988, 1500, 988, 988, 988, 988, 1001, 1001, 1001, 1001, 1500, 1500, 1500, 1500]
[1500, 1500, 988, 1500, 988, 988, 988, 988, 1001, 1001, 1001, 1001, 1500, 1500, 1500, 1500]
[1500, 1500, 988, 1500, 988, 988, 988, 988, 1001, 1001, 1001, 1001, 1500, 1500, 1500, 1500]
[1500, 1500, 988, 1500, 988, 988, 988, 988, 1001, 1001, 1001, 1001, 1500, 1500, 1500, 1500]
12:56:26.461241 ALT: 1.76
12:56:26.461379 ATT: [0.0, 0.9, 113]
12:56:26.461690 ACC: [-7, 1, 515]
[1500, 1500, 988, 1500, 988, 988, 988, 988, 1001, 1001, 1001, 1001, 1500, 1500, 1500, 1500]
[1500, 1500, 988, 1500, 988, 988, 988, 988, 1001, 1001, 1001, 1001, 1500, 1500, 1500, 1500]
[1500, 1500, 988, 1500, 988, 988, 988, 988, 1001, 1001, 1001, 1001, 1500, 1500, 1500, 1500]
[1500, 1500, 988, 1500, 988, 988, 988, 988, 1001, 1001, 1001, 1001, 1500, 1500, 1500, 1500]
[1500, 1499, 988, 1500, 988, 988, 988, 988, 1001, 1001, 1001, 1001, 1500, 1500, 1500, 1500]
[1500, 1499, 988, 1500, 988, 988, 988, 988, 1001, 1001, 1001, 1001, 1500, 1500, 1500, 1500]
[1500, 1499, 988, 1500, 988, 988, 988, 988, 1001, 1001, 1001, 1001, 1500, 1500, 1500, 1500]
12:56:26.507574 ALT: 1.8
12:56:26.507709 ATT: [0.0, 0.9, 113]
12:56:26.508518 ACC: [-7, 0, 515]
[1500, 1500, 988, 1500, 988, 988, 988, 988, 1001, 1001, 1001, 1001, 1500, 1500, 1500, 1500]
[1500, 1500, 988, 1500, 988, 988, 988, 988, 1001, 1001, 1001, 1001, 1500, 1500, 1500, 1500]
[1500, 1500, 988, 1500, 988, 988, 988, 988, 1001, 1001, 1001, 1001, 1500, 1500, 1500, 1500]
[1500, 1500, 988, 1500, 988, 988, 988, 988, 1001, 1001, 1001, 1001, 1500, 1500, 1500, 1500]
[1500, 1500, 988, 1500, 988, 988, 988, 988, 1001, 1001, 1001, 1001, 1500, 1500, 1500, 1500]
[1500, 1500, 988, 1500, 988, 988, 988, 988, 1001, 1001, 1001, 1001, 1500, 1500, 1500, 1500]
[1500, 1500, 988, 1499, 988, 988, 988, 988, 1001, 1001, 1001, 1001, 1500, 1500, 1500, 1500]
[1500, 1500, 988, 1499, 988, 988, 988, 988, 1001, 1001, 1001, 1001, 1500, 1500, 1500, 1500]
12:56:26.556007 ALT: 1.81
12:56:26.556089 ATT: [0.0, 0.9, 113]
12:56:26.557507 ACC: [-7, 1, 515]
[1500, 1500, 988, 1499, 988, 988, 988, 988, 1001, 1001, 1001, 1001, 1500, 1500, 1500, 1500]
[1500, 1500, 988, 1500, 988, 988, 988, 988, 1001, 1001, 1001, 1001, 1500, 1500, 1500, 1500]
[1500, 1500, 988, 1500, 988, 988, 988, 988, 1001, 1001, 1001, 1001, 1500, 1500, 1500, 1500]
[1500, 1500, 988, 1500, 988, 988, 988, 988, 1001, 1001, 1001, 1001, 1500, 1500, 1500, 1500]
[1500, 1499, 988, 1500, 988, 988, 988, 988, 1001, 1001, 1001, 1001, 1500, 1500, 1500, 1500]
[1500, 1499, 988, 1500, 988, 988, 988, 988, 1001, 1001, 1001, 1001, 1500, 1500, 1500, 1500]
[1500, 1499, 988, 1500, 988, 988, 988, 988, 1001, 1001, 1001, 1001, 1500, 1500, 1500, 1500]
12:56:26.606293 ALT: 1.81
12:56:26.606392 ATT: [0.0, 0.9, 113]
12:56:26.606723 ACC: [-8, 0, 515]
[1500, 1500, 988, 1500, 986, 988, 988, 988, 1001, 1001, 1001, 1001, 1500, 1500, 1500, 1500]
[1500, 1500, 988, 1500, 986, 988, 988, 988, 1001, 1001, 1001, 1001, 1500, 1500, 1500, 1500]
[1500, 1500, 988, 1500, 986, 988, 988, 988, 1001, 1001, 1001, 1001, 1500, 1500, 1500, 1500]
[1500, 1500, 988, 1500, 988, 988, 988, 988, 1001, 1001, 1001, 1001, 1500, 1500, 1500, 1500]
[1500, 1500, 988, 1500, 988, 988, 988, 988, 1001, 1001, 1001, 1001, 1500, 1500, 1500, 1500]
[1500, 1500, 988, 1500, 988, 988, 988, 988, 1001, 1001, 1001, 1001, 1500, 1500, 1500, 1500]
[1500, 1501, 985, 1500, 988, 988, 988, 988, 1001, 1001, 1001, 1001, 1500, 1500, 1500, 1500]
[1500, 1501, 985, 1500, 988, 988, 988, 988, 1001, 1001, 1001, 1001, 1500, 1500, 1500, 1500]
12:56:26.657307 ALT: 1.81
12:56:26.657598 ATT: [0.0, 0.9, 113]
12:56:26.658831 ACC: [-7, 0, 515]
[1500, 1501, 985, 1500, 988, 988, 988, 988, 1001, 1001, 1001, 1001, 1500, 1500, 1500, 1500]
[1500, 1499, 988, 1500, 988, 988, 988, 988, 1001, 1001, 1001, 1001, 1500, 1500, 1500, 1500]
[1500, 1499, 988, 1500, 988, 988, 988, 988, 1001, 1001, 1001, 1001, 1500, 1500, 1500, 1500]
[1500, 1499, 988, 1500, 988, 988, 988, 988, 1001, 1001, 1001, 1001, 1500, 1500, 1500, 1500]
[1500, 1500, 988, 1499, 988, 988, 988, 988, 1001, 1001, 1001, 1001, 1500, 1500, 1500, 1500]
[1500, 1500, 988, 1499, 988, 988, 988, 988, 1001, 1001, 1001, 1001, 1500, 1500, 1500, 1500]
[1500, 1500, 988, 1499, 988, 988, 988, 988, 1001, 1001, 1001, 1001, 1500, 1500, 1500, 1500]
[1500, 1500, 988, 1500, 988, 988, 988, 988, 1001, 1001, 1001, 1001, 1500, 1500, 1500, 1500]
12:56:26.715425 ALT: 1.81
12:56:26.715526 ATT: [0.0, 0.9, 113]
12:56:26.716401 ACC: [-7, 0, 515]
[1500, 1500, 988, 1500, 988, 988, 988, 988, 1001, 1001, 1001, 1001, 1500, 1500, 1500, 1500]
[1500, 1500, 988, 1500, 988, 988, 988, 988, 1001, 1001, 1001, 1001, 1500, 1500, 1500, 1500]
[1500, 1500, 988, 1500, 988, 988, 988, 988, 1001, 1001, 1001, 1001, 1500, 1500, 1500, 1500]
[1500, 1500, 988, 1500, 988, 988, 988, 988, 1001, 1001, 1001, 1001, 1500, 1500, 1500, 1500]
[1500, 1500, 988, 1500, 988, 988, 988, 988, 1001, 1001, 1001, 1001, 1500, 1500, 1500, 1500]
[1500, 1500, 988, 1500, 988, 988, 988, 988, 1001, 1001, 1001, 1001, 1500, 1500, 1500, 1500]
[1500, 1500, 988, 1500, 988, 988, 988, 988, 1001, 1001, 1001, 1001, 1500, 1500, 1500, 1500]
[1500, 1500, 988, 1500, 988, 988, 988, 988, 1001, 1001, 1001, 1001, 1500, 1500, 1500, 1500]
12:56:26.763423 ALT: 1.81
12:56:26.763516 ATT: [0.0, 0.9, 113]
12:56:26.764007 ACC: [-8, 1, 515]
[1500, 1500, 988, 1500, 988, 988, 988, 988, 1001, 1001, 1001, 1001, 1500, 1500, 1500, 1500]
[1500, 1500, 988, 1500, 988, 988, 988, 988, 1001, 1001, 1001, 1001, 1500, 1500, 1500, 1500]
[1500, 1500, 988, 1500, 988, 988, 988, 988, 1001, 1001, 1001, 1001, 1500, 1500, 1500, 1500]
[1500, 1499, 988, 1499, 988, 988, 988, 988, 1001, 1001, 1001, 1001, 1500, 1500, 1500, 1500]
[1500, 1499, 988, 1499, 988, 988, 988, 988, 1001, 1001, 1001, 1001, 1500, 1500, 1500, 1500]
[1500, 1499, 988, 1499, 988, 988, 988, 988, 1001, 1001, 1001, 1001, 1500, 1500, 1500, 1500]
[1500, 1500, 988, 1500, 989, 986, 988, 988, 1001, 1001, 1001, 1001, 1500, 1500, 1500, 1500]
12:56:26.812039 ALT: 1.81
12:56:26.812134 ATT: [0.0, 0.9, 113]
12:56:26.812550 ACC: [-7, 0, 515]
[1500, 1500, 988, 1500, 989, 986, 988, 988, 1001, 1001, 1001, 1001, 1500, 1500, 1500, 1500]
[1500, 1500, 988, 1500, 989, 986, 988, 988, 1001, 1001, 1001, 1001, 1500, 1500, 1500, 1500]
[1500, 1500, 988, 1500, 988, 988, 988, 988, 1001, 1001, 1001, 1001, 1500, 1500, 1500, 1500]
[1500, 1500, 988, 1500, 988, 988, 988, 988, 1001, 1001, 1001, 1001, 1500, 1500, 1500, 1500]
[1500, 1500, 988, 1500, 988, 988, 988, 988, 1001, 1001, 1001, 1001, 1500, 1500, 1500, 1500]
[1500, 1500, 988, 1500, 988, 988, 988, 988, 1001, 1001, 1001, 1001, 1500, 1500, 1500, 1500]
[1500, 1500, 988, 1500, 988, 988, 988, 988, 1001, 1001, 1001, 1001, 1500, 1500, 1500, 1500]
12:56:26.859477 ALT: 1.81
12:56:26.859567 ATT: [0.0, 0.9, 113]
12:56:26.859850 ACC: [-7, 1, 515]
[1500, 1500, 988, 1500, 988, 988, 988, 988, 1001, 1001, 1001, 1001, 1500, 1500, 1500, 1500]
[1500, 1500, 988, 1500, 988, 988, 988, 988, 1001, 1001, 1001, 1001, 1500, 1500, 1500, 1500]
[1500, 1500, 988, 1500, 988, 988, 988, 988, 1001, 1001, 1001, 1001, 1500, 1500, 1500, 1500]
[1500, 1500, 988, 1500, 988, 988, 988, 988, 1001, 1001, 1001, 1001, 1500, 1500, 1500, 1500]
[1500, 1500, 986, 1499, 988, 988, 988, 988, 1001, 1001, 1001, 1001, 1500, 1500, 1500, 1500]
[1500, 1500, 986, 1499, 988, 988, 988, 988, 1001, 1001, 1001, 1001, 1500, 1500, 1500, 1500]
[1500, 1500, 986, 1499, 988, 988, 988, 988, 1001, 1001, 1001, 1001, 1500, 1500, 1500, 1500]
12:56:26.908296 ALT: 1.81
12:56:26.908398 ATT: [0.0, 0.9, 113]
12:56:26.908660 ACC: [-7, 0, 515]
[1500, 1500, 988, 1500, 988, 988, 988, 988, 1001, 1001, 1001, 1001, 1500, 1500, 1500, 1500]
[1500, 1500, 988, 1500, 988, 988, 988, 988, 1001, 1001, 1001, 1001, 1500, 1500, 1500, 1500]
[1500, 1500, 988, 1500, 988, 988, 988, 988, 1001, 1001, 1001, 1001, 1500, 1500, 1500, 1500]
[1500, 1500, 988, 1500, 988, 988, 988, 988, 1001, 1001, 1001, 1001, 1500, 1500, 1500, 1500]
[1500, 1500, 988, 1500, 988, 988, 988, 988, 1001, 1001, 1001, 1001, 1500, 1500, 1500, 1500]
[1499, 1500, 988, 1500, 988, 988, 988, 988, 1001, 1001, 1001, 1001, 1500, 1500, 1500, 1500]
[1499, 1500, 988, 1499, 988, 988, 988, 988, 1001, 1001, 1001, 1001, 1500, 1500, 1500, 1500]
[1499, 1500, 988, 1499, 988, 988, 988, 988, 1001, 1001, 1001, 1001, 1500, 1500, 1500, 1500]
12:56:26.957709 ALT: 1.81
12:56:26.957819 ATT: [0.0, 0.9, 113]
12:56:26.958649 ACC: [-8, 1, 515]
[1500, 1500, 988, 1499, 988, 988, 988, 988, 1001, 1001, 1001, 1001, 1500, 1500, 1500, 1500]
[1500, 1500, 988, 1499, 988, 988, 988, 988, 1001, 1001, 1001, 1001, 1500, 1500, 1500, 1500]
[1500, 1500, 988, 1499, 988, 988, 988, 988, 1001, 1001, 1001, 1001, 1500, 1500, 1500, 1500]
[1501, 1500, 988, 1499, 988, 988, 988, 988, 1001, 1001, 1001, 1001, 1500, 1500, 1500, 1500]
[1501, 1497, 988, 1500, 988, 988, 988, 988, 1001, 1001, 1001, 1001, 1500, 1500, 1500, 1500]
[1501, 1497, 988, 1500, 988, 988, 988, 988, 1001, 1001, 1001, 1001, 1500, 1500, 1500, 1500]
[1500, 1497, 988, 1500, 988, 988, 988, 988, 1001, 1001, 1001, 1001, 1500, 1500, 1500, 1500]
12:56:27.003877 ALT: 1.81
12:56:27.003992 ATT: [0.0, 0.9, 113]
12:56:27.004367 ACC: [-7, 0, 515]
[1500, 1500, 989, 1499, 986, 988, 988, 988, 1001, 1001, 1001, 1001, 1500, 1500, 1500, 1500]
[1500, 1500, 989, 1499, 986, 988, 988, 988, 1001, 1001, 1001, 1001, 1500, 1500, 1500, 1500]
[1500, 1500, 989, 1499, 986, 988, 988, 988, 1001, 1001, 1001, 1001, 1500, 1500, 1500, 1500]
[1500, 1500, 988, 1500, 988, 988, 988, 988, 1001, 1001, 1001, 1001, 1500, 1500, 1500, 1500]
[1500, 1500, 988, 1500, 988, 988, 988, 988, 1001, 1001, 1001, 1001, 1500, 1500, 1500, 1500]
[1499, 1500, 988, 1500, 988, 988, 988, 988, 1001, 1001, 1001, 1001, 1500, 1500, 1500, 1500]
[1499, 1500, 988, 1500, 988, 988, 988, 988, 1001, 1001, 1001, 1001, 1500, 1500, 1500, 1500]
12:56:27.057701 ALT: 1.81
12:56:27.057830 ATT: [0.0, 0.9, 113]
12:56:27.060064 ACC: [-7, 1, 515]
[1499, 1500, 988, 1500, 988, 988, 988, 988, 1001, 1001, 1001, 1001, 1500, 1500, 1500, 1500]
[1500, 1500, 988, 1500, 988, 988, 988, 988, 1001, 1001, 1001, 1001, 1500, 1500, 1500, 1500]
[1500, 1500, 988, 1500, 988, 988, 988, 988, 1001, 1001, 1001, 1001, 1500, 1500, 1500, 1500]
[1500, 1500, 988, 1500, 988, 988, 988, 988, 1001, 1001, 1001, 1001, 1500, 1500, 1500, 1500]
[1500, 1500, 988, 1500, 988, 988, 988, 988, 1001, 1001, 1001, 1001, 1500, 1500, 1500, 1500]
[1500, 1500, 988, 1499, 988, 988, 988, 988, 1001, 1001, 1001, 1001, 1500, 1500, 1500, 1500]
[1500, 1500, 988, 1499, 988, 988, 988, 988, 1001, 1001, 1001, 1001, 1500, 1500, 1500, 1500]
[1500, 1500, 988, 1499, 988, 988, 988, 988, 1001, 1001, 1001, 1001, 1500, 1500, 1500, 1500]
12:56:27.106963 ALT: 1.81
12:56:27.107416 ATT: [0.0, 0.9, 113]
12:56:27.108754 ACC: [-7, 0, 515]
[1500, 1500, 988, 1500, 988, 988, 988, 988, 1001, 1001, 1001, 1001, 1500, 1500, 1500, 1500]
[1500, 1500, 988, 1500, 988, 988, 988, 988, 1001, 1001, 1001, 1001, 1500, 1500, 1500, 1500]
[1500, 1500, 988, 1500, 988, 988, 988, 988, 1001, 1001, 1001, 1001, 1500, 1500, 1500, 1500]
[1500, 1500, 988, 1500, 988, 988, 988, 988, 1001, 1001, 1001, 1001, 1500, 1500, 1500, 1500]
[1500, 1500, 988, 1500, 988, 988, 988, 988, 1001, 1001, 1001, 1001, 1500, 1500, 1500, 1500]
[1500, 1500, 988, 1500, 988, 988, 988, 988, 1001, 1001, 1001, 1001, 1500, 1500, 1500, 1500]
[1500, 1500, 988, 1499, 988, 988, 988, 988, 1001, 1001, 1001, 1001, 1500, 1500, 1500, 1500]
[1500, 1500, 988, 1499, 988, 988, 988, 988, 1001, 1001, 1001, 1001, 1500, 1500, 1500, 1500]
[1500, 1500, 988, 1499, 988, 988, 988, 988, 1001, 1001, 1001, 1001, 1500, 1500, 1500, 1500]
12:56:27.163493 ALT: 1.81
12:56:27.163681 ATT: [0.0, 0.9, 113]
12:56:27.164004 ACC: [-7, 0, 515]
[1500, 1500, 988, 1500, 988, 988, 988, 988, 1001, 1001, 1001, 1001, 1500, 1500, 1500, 1500]
[1500, 1500, 988, 1500, 988, 988, 988, 988, 1001, 1001, 1001, 1001, 1500, 1500, 1500, 1500]
[1499, 1500, 988, 1500, 988, 988, 988, 988, 1001, 1001, 1001, 1001, 1500, 1500, 1500, 1500]
[1499, 1500, 988, 1499, 988, 988, 988, 988, 1001, 1001, 1001, 1001, 1500, 1500, 1500, 1500]
[1499, 1500, 988, 1499, 988, 988, 988, 988, 1001, 1001, 1001, 1001, 1500, 1500, 1500, 1500]
[1500, 1500, 988, 1499, 988, 988, 988, 988, 1001, 1001, 1001, 1001, 1500, 1500, 1500, 1500]
[1500, 1500, 988, 1499, 988, 988, 988, 988, 1001, 1001, 1001, 1001, 1500, 1500, 1500, 1500]
12:56:27.211567 ALT: 1.81
12:56:27.211672 ATT: [0.0, 0.9, 113]
12:56:27.212038 ACC: [-8, 0, 515]
[1500, 1500, 988, 1499, 988, 988, 988, 988, 1001, 1001, 1001, 1001, 1500, 1500, 1500, 1500]
[1499, 1500, 988, 1499, 988, 988, 988, 988, 1001, 1001, 1001, 1001, 1500, 1500, 1500, 1500]
[1499, 1500, 988, 1500, 988, 988, 988, 988, 1001, 1001, 1001, 1001, 1500, 1500, 1500, 1500]
[1499, 1500, 988, 1500, 988, 988, 988, 988, 1001, 1001, 1001, 1001, 1500, 1500, 1500, 1500]
[1500, 1500, 988, 1500, 988, 988, 988, 988, 1001, 1001, 1001, 1001, 1500, 1500, 1500, 1500]
[1500, 1500, 988, 1500, 988, 988, 988, 988, 1001, 1001, 1001, 1001, 1500, 1500, 1500, 1500]
[1500, 1500, 988, 1500, 988, 988, 988, 988, 1001, 1001, 1001, 1001, 1500, 1500, 1500, 1500]
12:56:27.259912 ALT: 1.81
12:56:27.260103 ATT: [0.0, 0.9, 113]
12:56:27.260502 ACC: [-8, 1, 515]
[1500, 1500, 988, 1500, 988, 988, 988, 988, 1001, 1001, 1001, 1001, 1500, 1500, 1500, 1500]
[1500, 1500, 988, 1500, 988, 988, 988, 988, 1001, 1001, 1001, 1001, 1500, 1500, 1500, 1500]
[1500, 1500, 988, 1500, 988, 988, 988, 988, 1001, 1001, 1001, 1001, 1500, 1500, 1500, 1500]
[1501, 1500, 988, 1500, 988, 988, 988, 988, 1001, 1001, 1001, 1001, 1500, 1500, 1500, 1500]
[1501, 1497, 988, 1500, 988, 988, 988, 988, 1001, 1001, 1001, 1001, 1500, 1500, 1500, 1500]
[1501, 1497, 988, 1500, 988, 988, 988, 988, 1001, 1001, 1001, 1001, 1500, 1500, 1500, 1500]
[1500, 1497, 988, 1500, 988, 988, 988, 988, 1001, 1001, 1001, 1001, 1500, 1500, 1500, 1500]
12:56:27.307606 ALT: 1.81
12:56:27.307710 ATT: [0.0, 0.9, 113]
12:56:27.308016 ACC: [-7, 1, 515]
[1500, 1500, 988, 1499, 988, 988, 988, 988, 1001, 1001, 1001, 1001, 1500, 1500, 1500, 1500]
[1500, 1500, 988, 1499, 988, 988, 988, 988, 1001, 1001, 1001, 1001, 1500, 1500, 1500, 1500]
[1500, 1500, 988, 1499, 988, 988, 988, 988, 1001, 1001, 1001, 1001, 1500, 1500, 1500, 1500]
[1500, 1500, 988, 1500, 988, 988, 988, 988, 1001, 1001, 1001, 1001, 1500, 1500, 1500, 1500]
[1500, 1500, 988, 1500, 988, 988, 988, 988, 1001, 1001, 1001, 1001, 1500, 1500, 1500, 1500]
[1499, 1500, 988, 1500, 988, 988, 988, 988, 1001, 1001, 1001, 1001, 1500, 1500, 1500, 1500]
[1499, 1500, 988, 1500, 988, 988, 988, 988, 1001, 1001, 1001, 1001, 1500, 1500, 1500, 1500]
[1499, 1500, 988, 1500, 988, 988, 988, 988, 1001, 1001, 1001, 1001, 1500, 1500, 1500, 1500]
12:56:27.356922 ALT: 1.81
12:56:27.357018 ATT: [0.0, 0.9, 113]
12:56:27.357514 ACC: [-7, 0, 515]
[1499, 1500, 988, 1500, 988, 988, 988, 988, 1001, 1001, 1001, 1001, 1500, 1500, 1500, 1500]
[1499, 1500, 988, 1500, 988, 988, 988, 988, 1001, 1001, 1001, 1001, 1500, 1500, 1500, 1500]
[1499, 1500, 988, 1500, 988, 988, 988, 988, 1001, 1001, 1001, 1001, 1500, 1500, 1500, 1500]
[1500, 1500, 988, 1500, 988, 988, 988, 988, 1001, 1001, 1001, 1001, 1500, 1500, 1500, 1500]
[1500, 1500, 988, 1499, 988, 988, 988, 988, 1001, 1001, 1001, 1001, 1500, 1500, 1500, 1500]
[1500, 1500, 988, 1499, 988, 988, 988, 988, 1001, 1001, 1001, 1001, 1500, 1500, 1500, 1500]
[1500, 1500, 988, 1499, 988, 988, 988, 988, 1001, 1001, 1001, 1001, 1500, 1500, 1500, 1500]
12:56:27.404032 ALT: 1.81
12:56:27.404141 ATT: [0.0, 0.8, 113]
12:56:27.405772 ACC: [-8, 1, 515]
[1500, 1500, 988, 1500, 988, 988, 986, 988, 1001, 1001, 1001, 1001, 1500, 1500, 1500, 1500]
[1500, 1500, 988, 1500, 988, 988, 986, 988, 1001, 1001, 1001, 1001, 1500, 1500, 1500, 1500]
[1500, 1500, 988, 1500, 988, 988, 986, 988, 1001, 1001, 1001, 1001, 1500, 1500, 1500, 1500]
[1500, 1500, 988, 1500, 988, 988, 988, 988, 1001, 1001, 1001, 1001, 1500, 1500, 1500, 1500]
[1500, 1500, 988, 1500, 988, 988, 988, 988, 1001, 1001, 1001, 1001, 1500, 1500, 1500, 1500]
[1500, 1500, 988, 1500, 988, 988, 988, 988, 1001, 1001, 1001, 1001, 1500, 1500, 1500, 1500]
[1500, 1500, 988, 1500, 988, 988, 988, 988, 1001, 1001, 1001, 1001, 1500, 1500, 1500, 1500]
[1500, 1500, 988, 1500, 988, 988, 988, 988, 1001, 1001, 1001, 1001, 1500, 1500, 1500, 1500]
12:56:27.456889 ALT: 1.81
12:56:27.456987 ATT: [0.0, 0.8, 113]
12:56:27.457358 ACC: [-7, 1, 515]
[1500, 1500, 988, 1500, 988, 988, 988, 988, 1001, 1001, 1001, 1001, 1500, 1500, 1500, 1500]
[1500, 1500, 988, 1500, 988, 988, 988, 988, 1001, 1001, 1001, 1001, 1500, 1500, 1500, 1500]
[1500, 1500, 988, 1500, 988, 988, 988, 988, 1001, 1001, 1001, 1001, 1500, 1500, 1500, 1500]
[1500, 1500, 988, 1500, 988, 988, 988, 988, 1001, 1001, 1001, 1001, 1500, 1500, 1500, 1500]
[1500, 1500, 988, 1499, 988, 988, 988, 988, 1001, 1001, 1001, 1001, 1500, 1500, 1500, 1500]
[1500, 1500, 988, 1499, 988, 988, 988, 988, 1001, 1001, 1001, 1001, 1500, 1500, 1500, 1500]
[1499, 1500, 988, 1499, 988, 988, 988, 988, 1001, 1001, 1001, 1001, 1500, 1500, 1500, 1500]
[1499, 1500, 988, 1499, 989, 988, 988, 988, 1001, 1001, 1001, 1001, 1500, 1500, 1500, 1500]
[1499, 1500, 988, 1499, 989, 988, 988, 988, 1001, 1001, 1001, 1001, 1500, 1500, 1500, 1500]
12:56:27.516607 ALT: 1.81
12:56:27.516717 ATT: [0.0, 0.9, 113]
12:56:27.520757 ACC: [-8, 0, 515]
[1500, 1500, 988, 1499, 989, 988, 988, 988, 1001, 1001, 1001, 1001, 1500, 1500, 1500, 1500]
[1500, 1500, 988, 1499, 988, 988, 988, 988, 1001, 1001, 1001, 1001, 1500, 1500, 1500, 1500]
[1500, 1500, 988, 1499, 988, 988, 988, 988, 1001, 1001, 1001, 1001, 1500, 1500, 1500, 1500]
[1500, 1500, 988, 1499, 988, 988, 988, 988, 1001, 1001, 1001, 1001, 1500, 1500, 1500, 1500]
[1500, 1501, 986, 1500, 988, 988, 988, 988, 1001, 1001, 1001, 1001, 1500, 1500, 1500, 1500]
[1500, 1501, 986, 1500, 988, 988, 988, 988, 1001, 1001, 1001, 1001, 1500, 1500, 1500, 1500]
[1500, 1501, 986, 1500, 988, 988, 988, 988, 1001, 1001, 1001, 1001, 1500, 1500, 1500, 1500]
12:56:27.563641 ALT: 1.81
12:56:27.563750 ATT: [0.0, 0.9, 113]
12:56:27.564095 ACC: [-7, 0, 515]
[1500, 1500, 988, 1500, 988, 988, 988, 988, 1001, 1001, 1001, 1001, 1500, 1500, 1500, 1500]
[1500, 1500, 988, 1500, 988, 988, 988, 988, 1001, 1001, 1001, 1001, 1500, 1500, 1500, 1500]
[1501, 1500, 988, 1500, 988, 988, 988, 988, 1001, 1001, 1001, 1001, 1500, 1500, 1500, 1500]
[1501, 1497, 988, 1500, 988, 988, 988, 988, 1001, 1001, 1001, 1001, 1500, 1500, 1500, 1500]
[1501, 1497, 988, 1500, 988, 988, 988, 988, 1001, 1001, 1001, 1001, 1500, 1500, 1500, 1500]
[1500, 1497, 988, 1500, 988, 988, 988, 988, 1001, 1001, 1001, 1001, 1500, 1500, 1500, 1500]
[1500, 1499, 989, 1499, 989, 986, 988, 988, 1001, 1001, 1001, 1001, 1500, 1500, 1500, 1500]
12:56:27.611612 ALT: 1.81
12:56:27.611717 ATT: [0.0, 0.8, 113]
12:56:27.612058 ACC: [-7, 1, 515]
[1500, 1499, 989, 1499, 989, 986, 988, 988, 1001, 1001, 1001, 1001, 1500, 1500, 1500, 1500]
[1500, 1499, 989, 1499, 989, 986, 988, 988, 1001, 1001, 1001, 1001, 1500, 1500, 1500, 1500]
[1500, 1500, 988, 1500, 988, 988, 988, 988, 1001, 1001, 1001, 1001, 1500, 1500, 1500, 1500]
[1500, 1500, 988, 1500, 988, 988, 988, 988, 1001, 1001, 1001, 1001, 1500, 1500, 1500, 1500]
[1499, 1500, 988, 1500, 988, 988, 988, 988, 1001, 1001, 1001, 1001, 1500, 1500, 1500, 1500]
[1499, 1500, 988, 1500, 988, 988, 988, 988, 1001, 1001, 1001, 1001, 1500, 1500, 1500, 1500]
[1499, 1500, 988, 1500, 988, 988, 988, 988, 1001, 1001, 1001, 1001, 1500, 1500, 1500, 1500]
12:56:27.660901 ALT: 1.81
12:56:27.660997 ATT: [0.0, 0.9, 113]
12:56:27.661453 ACC: [-8, 1, 515]
[1500, 1500, 988, 1500, 988, 988, 988, 988, 1001, 1001, 1001, 1001, 1500, 1500, 1500, 1500]
[1500, 1500, 988, 1499, 988, 988, 988, 988, 1001, 1001, 1001, 1001, 1500, 1500, 1500, 1500]
[1500, 1500, 988, 1499, 988, 988, 988, 988, 1001, 1001, 1001, 1001, 1500, 1500, 1500, 1500]
[1500, 1500, 988, 1499, 988, 988, 988, 988, 1001, 1001, 1001, 1001, 1500, 1500, 1500, 1500]
[1500, 1500, 988, 1500, 988, 988, 988, 988, 1001, 1001, 1001, 1001, 1500, 1500, 1500, 1500]
[1500, 1500, 988, 1500, 988, 988, 988, 988, 1001, 1001, 1001, 1001, 1500, 1500, 1500, 1500]
[1500, 1500, 988, 1500, 988, 988, 988, 988, 1001, 1001, 1001, 1001, 1500, 1500, 1500, 1500]
12:56:27.708596 ALT: 1.81
12:56:27.708697 ATT: [0.0, 0.9, 113]
12:56:27.709156 ACC: [-8, 0, 515]
[1500, 1500, 988, 1500, 988, 988, 988, 988, 1001, 1001, 1001, 1001, 1500, 1500, 1500, 1500]
[1500, 1500, 988, 1500, 988, 988, 988, 988, 1001, 1001, 1001, 1001, 1500, 1500, 1500, 1500]
[1500, 1500, 988, 1500, 988, 988, 988, 988, 1001, 1001, 1001, 1001, 1500, 1500, 1500, 1500]
[1500, 1500, 988, 1500, 988, 988, 988, 988, 1001, 1001, 1001, 1001, 1500, 1500, 1500, 1500]
[1500, 1500, 988, 1500, 988, 988, 988, 988, 1001, 1001, 1001, 1001, 1500, 1500, 1500, 1500]
[1500, 1500, 988, 1500, 988, 988, 988, 988, 1001, 1001, 1001, 1001, 1500, 1500, 1500, 1500]
[1500, 1500, 988, 1500, 988, 988, 988, 988, 1001, 1001, 1001, 1001, 1500, 1500, 1500, 1500]
12:56:27.756866 ALT: 1.81
12:56:27.756966 ATT: [0.0, 0.9, 113]
12:56:27.757333 ACC: [-8, 1, 515]
[1500, 1500, 988, 1500, 988, 988, 988, 988, 1001, 1001, 1001, 1001, 1500, 1500, 1500, 1500]
[1500, 1500, 988, 1500, 988, 988, 988, 988, 1001, 1001, 1001, 1001, 1500, 1500, 1500, 1500]
[1500, 1500, 988, 1500, 988, 988, 988, 988, 1001, 1001, 1001, 1001, 1500, 1500, 1500, 1500]
[1500, 1500, 988, 1500, 988, 988, 988, 988, 1001, 1001, 1001, 1001, 1500, 1500, 1500, 1500]
[1500, 1500, 988, 1500, 988, 988, 988, 988, 1001, 1001, 1001, 1001, 1500, 1500, 1500, 1500]
[1500, 1500, 988, 1499, 988, 988, 988, 988, 1001, 1001, 1001, 1001, 1500, 1500, 1500, 1500]
[1500, 1500, 988, 1499, 988, 988, 988, 988, 1001, 1001, 1001, 1001, 1500, 1500, 1500, 1500]
[1500, 1500, 988, 1499, 988, 988, 988, 988, 1001, 1001, 1001, 1001, 1500, 1500, 1500, 1500]
12:56:27.805963 ALT: 1.81
12:56:27.806124 ATT: [0.0, 0.9, 113]
12:56:27.806477 ACC: [-8, 0, 516]
[1500, 1500, 988, 1500, 988, 988, 988, 988, 1001, 1001, 1001, 1001, 1500, 1500, 1500, 1500]
[1500, 1500, 988, 1500, 988, 988, 988, 988, 1001, 1001, 1001, 1001, 1500, 1500, 1500, 1500]
[1500, 1500, 988, 1500, 988, 988, 988, 988, 1001, 1001, 1001, 1001, 1500, 1500, 1500, 1500]
[1500, 1500, 988, 1500, 988, 988, 988, 988, 1001, 1001, 1001, 1001, 1500, 1500, 1500, 1500]
[1500, 1500, 988, 1500, 988, 988, 988, 988, 1001, 1001, 1001, 1001, 1500, 1500, 1500, 1500]
[1499, 1500, 988, 1500, 988, 988, 988, 988, 1001, 1001, 1001, 1001, 1500, 1500, 1500, 1500]
12:56:27.857050 ALT: 1.81
12:56:27.857245 ATT: [0.0, 0.9, 113]
12:56:27.859968 ACC: [-8, 1, 515]
[1499, 1500, 988, 1500, 988, 988, 988, 988, 1001, 1001, 1001, 1001, 1500, 1500, 1500, 1500]
[1499, 1500, 988, 1500, 988, 988, 988, 988, 1001, 1001, 1001, 1001, 1500, 1500, 1500, 1500]
[1500, 1500, 988, 1500, 988, 988, 988, 988, 1001, 1001, 1001, 1001, 1500, 1500, 1500, 1500]
[1500, 1500, 988, 1500, 988, 988, 988, 988, 1001, 1001, 1001, 1001, 1500, 1500, 1500, 1500]
[1500, 1500, 988, 1500, 988, 988, 988, 988, 1001, 1001, 1001, 1001, 1500, 1500, 1500, 1500]
[1501, 1500, 988, 1500, 988, 988, 988, 988, 1001, 1001, 1001, 1001, 1500, 1500, 1500, 1500]
[1501, 1497, 988, 1500, 988, 988, 988, 988, 1001, 1001, 1001, 1001, 1500, 1500, 1500, 1500]
[1501, 1497, 988, 1500, 988, 988, 988, 988, 1001, 1001, 1001, 1001, 1500, 1500, 1500, 1500]
[1500, 1497, 988, 1500, 988, 988, 988, 988, 1001, 1001, 1001, 1001, 1500, 1500, 1500, 1500]
[1500, 1500, 988, 1499, 988, 988, 988, 988, 1001, 1001, 1001, 1001, 1500, 1500, 1500, 1500]
[1500, 1500, 988, 1499, 988, 988, 988, 988, 1001, 1001, 1001, 1001, 1500, 1500, 1500, 1500]
[1499, 1500, 988, 1499, 988, 988, 988, 988, 1001, 1001, 1001, 1001, 1500, 1500, 1500, 1500]
[1499, 1500, 988, 1500, 988, 988, 988, 988, 1001, 1001, 1001, 1001, 1500, 1500, 1500, 1500]
12:56:27.931726 ALT: 1.81
12:56:27.931833 ATT: [0.0, 0.9, 113]
12:56:27.933088 ACC: [-7, 0, 515]
[1499, 1500, 988, 1500, 988, 988, 988, 988, 1001, 1001, 1001, 1001, 1500, 1500, 1500, 1500]
[1499, 1500, 988, 1500, 988, 988, 988, 988, 1001, 1001, 1001, 1001, 1500, 1500, 1500, 1500]
[1499, 1500, 988, 1499, 988, 988, 988, 988, 1001, 1001, 1001, 1001, 1500, 1500, 1500, 1500]
[1499, 1500, 988, 1499, 988, 988, 988, 988, 1001, 1001, 1001, 1001, 1500, 1500, 1500, 1500]
[1500, 1500, 988, 1499, 988, 988, 988, 988, 1001, 1001, 1001, 1001, 1500, 1500, 1500, 1500]
[1500, 1500, 988, 1500, 988, 988, 988, 988, 1001, 1001, 1001, 1001, 1500, 1500, 1500, 1500]
[1500, 1500, 988, 1500, 988, 988, 988, 988, 1001, 1001, 1001, 1001, 1500, 1500, 1500, 1500]
12:56:27.979688 ALT: 1.81
12:56:27.980094 ATT: [0.0, 0.9, 113]
12:56:27.980455 ACC: [-7, 0, 515]
[1500, 1500, 988, 1500, 988, 988, 988, 988, 1001, 1001, 1001, 1001, 1500, 1500, 1500, 1500]
[1500, 1500, 988, 1499, 988, 988, 988, 988, 1001, 1001, 1001, 1001, 1500, 1500, 1500, 1500]
[1500, 1500, 988, 1499, 988, 988, 988, 988, 1001, 1001, 1001, 1001, 1500, 1500, 1500, 1500]
[1500, 1500, 988, 1499, 988, 988, 988, 988, 1001, 1001, 1001, 1001, 1500, 1500, 1500, 1500]
[1500, 1500, 988, 1499, 988, 988, 988, 988, 1001, 1001, 1001, 1001, 1500, 1500, 1500, 1500]
[1500, 1500, 988, 1499, 988, 988, 988, 988, 1001, 1001, 1001, 1001, 1500, 1500, 1500, 1500]
[1500, 1500, 988, 1499, 988, 988, 988, 988, 1001, 1001, 1001, 1001, 1500, 1500, 1500, 1500]
12:56:28.027729 ALT: 1.81
12:56:28.027877 ATT: [0.0, 0.9, 113]
12:56:28.028381 ACC: [-7, 1, 515]
[1500, 1500, 988, 1500, 988, 988, 988, 988, 1001, 1001, 1001, 1001, 1500, 1500, 1500, 1500]
[1500, 1500, 988, 1500, 988, 988, 988, 988, 1001, 1001, 1001, 1001, 1500, 1500, 1500, 1500]
[1499, 1500, 988, 1500, 988, 988, 988, 988, 1001, 1001, 1001, 1001, 1500, 1500, 1500, 1500]
[1499, 1500, 988, 1499, 988, 988, 988, 988, 1001, 1001, 1001, 1001, 1500, 1500, 1500, 1500]
[1499, 1500, 988, 1499, 988, 988, 988, 988, 1001, 1001, 1001, 1001, 1500, 1500, 1500, 1500]
[1500, 1500, 988, 1499, 988, 988, 988, 988, 1001, 1001, 1001, 1001, 1500, 1500, 1500, 1500]
[1500, 1500, 988, 1500, 989, 986, 988, 988, 1001, 1001, 1001, 1001, 1500, 1500, 1500, 1500]
12:56:28.076474 ALT: 1.81
12:56:28.076667 ATT: [0.0, 0.9, 113]
12:56:28.077595 ACC: [-8, 0, 515]
[1500, 1500, 988, 1500, 989, 986, 988, 988, 1001, 1001, 1001, 1001, 1500, 1500, 1500, 1500]
[1500, 1500, 988, 1500, 989, 986, 988, 988, 1001, 1001, 1001, 1001, 1500, 1500, 1500, 1500]
[1500, 1500, 988, 1499, 988, 988, 988, 988, 1001, 1001, 1001, 1001, 1500, 1500, 1500, 1500]
[1500, 1500, 988, 1499, 988, 988, 988, 988, 1001, 1001, 1001, 1001, 1500, 1500, 1500, 1500]
[1500, 1500, 988, 1499, 988, 988, 988, 988, 1001, 1001, 1001, 1001, 1500, 1500, 1500, 1500]
[1500, 1500, 988, 1500, 989, 986, 988, 988, 1001, 1001, 1001, 1001, 1500, 1500, 1500, 1500]
[1500, 1500, 988, 1500, 989, 986, 988, 988, 1001, 1001, 1001, 1001, 1500, 1500, 1500, 1500]
[1500, 1500, 988, 1500, 989, 986, 988, 988, 1001, 1001, 1001, 1001, 1500, 1500, 1500, 1500]
12:56:28.127215 ALT: 1.81
12:56:28.127315 ATT: [0.0, 0.9, 113]
12:56:28.127617 ACC: [-7, 0, 515]
[1500, 1500, 988, 1500, 988, 988, 988, 988, 1001, 1001, 1001, 1001, 1500, 1500, 1500, 1500]
[1500, 1500, 988, 1500, 988, 988, 988, 988, 1001, 1001, 1001, 1001, 1500, 1500, 1500, 1500]
[1500, 1500, 988, 1500, 988, 988, 988, 988, 1001, 1001, 1001, 1001, 1500, 1500, 1500, 1500]
[1500, 1500, 988, 1500, 988, 988, 988, 988, 1001, 1001, 1001, 1001, 1500, 1500, 1500, 1500]
[1500, 1500, 988, 1500, 988, 988, 988, 988, 1001, 1001, 1001, 1001, 1500, 1500, 1500, 1500]
[1499, 1500, 988, 1500, 988, 988, 988, 988, 1001, 1001, 1001, 1001, 1500, 1500, 1500, 1500]
[1499, 1500, 988, 1500, 988, 989, 986, 988, 1001, 1001, 1001, 1001, 1500, 1500, 1500, 1500]
12:56:28.171731 ALT: 1.81
12:56:28.171842 ATT: [0.0, 0.9, 113]
12:56:28.172213 ACC: [-7, 0, 515]
[1499, 1500, 988, 1500, 988, 989, 986, 988, 1001, 1001, 1001, 1001, 1500, 1500, 1500, 1500]
[1500, 1500, 988, 1500, 988, 989, 986, 988, 1001, 1001, 1001, 1001, 1500, 1500, 1500, 1500]
[1500, 1499, 988, 1500, 988, 988, 988, 988, 1001, 1001, 1001, 1001, 1500, 1500, 1500, 1500]
[1500, 1499, 988, 1500, 988, 988, 988, 988, 1001, 1001, 1001, 1001, 1500, 1500, 1500, 1500]
[1500, 1499, 988, 1500, 988, 988, 988, 988, 1001, 1001, 1001, 1001, 1500, 1500, 1500, 1500]
[1500, 1500, 988, 1500, 988, 988, 988, 988, 1001, 1001, 1001, 1001, 1500, 1500, 1500, 1500]
[1500, 1500, 988, 1500, 988, 988, 988, 988, 1001, 1001, 1001, 1001, 1500, 1500, 1500, 1500]
[1500, 1500, 988, 1500, 988, 988, 988, 988, 1001, 1001, 1001, 1001, 1500, 1500, 1500, 1500]
12:56:28.227600 ALT: 1.81
12:56:28.227696 ATT: [0.0, 0.9, 113]
12:56:28.228037 ACC: [-7, 1, 515]
[1500, 1500, 988, 1500, 988, 988, 988, 988, 1001, 1001, 1001, 1001, 1500, 1500, 1500, 1500]
[1500, 1500, 988, 1500, 988, 988, 988, 988, 1001, 1001, 1001, 1001, 1500, 1500, 1500, 1500]
[1500, 1500, 988, 1500, 988, 988, 988, 988, 1001, 1001, 1001, 1001, 1500, 1500, 1500, 1500]
[1500, 1500, 988, 1500, 988, 988, 988, 988, 1001, 1001, 1001, 1001, 1500, 1500, 1500, 1500]
[1500, 1500, 988, 1500, 988, 988, 988, 988, 1001, 1001, 1001, 1001, 1500, 1500, 1500, 1500]
[1500, 1500, 988, 1500, 988, 988, 988, 988, 1001, 1001, 1001, 1001, 1500, 1500, 1500, 1500]
[1500, 1500, 988, 1500, 988, 988, 988, 988, 1001, 1001, 1001, 1001, 1500, 1500, 1500, 1500]
[1500, 1500, 988, 1500, 988, 988, 988, 988, 1001, 1001, 1001, 1001, 1500, 1500, 1500, 1500]
[1500, 1500, 988, 1500, 988, 988, 988, 988, 1001, 1001, 1001, 1001, 1500, 1500, 1500, 1500]
[1500, 1500, 988, 1499, 988, 988, 988, 988, 1001, 1001, 1001, 1001, 1500, 1500, 1500, 1500]
[1500, 1500, 988, 1499, 988, 988, 988, 988, 1001, 1001, 1001, 1001, 1500, 1500, 1500, 1500]
12:56:28.300374 ALT: 1.81
12:56:28.300473 ATT: [0.0, 0.8, 113]
[1500, 1500, 988, 1499, 988, 988, 988, 988, 1001, 1001, 1001, 1001, 1500, 1500, 1500, 1500]
12:56:28.304045 ACC: [-7, 1, 515]
[1500, 1500, 988, 1500, 988, 988, 988, 988, 1001, 1001, 1001, 1001, 1500, 1500, 1500, 1500]
[1500, 1500, 988, 1500, 988, 988, 988, 988, 1001, 1001, 1001, 1001, 1500, 1500, 1500, 1500]
[1500, 1500, 988, 1500, 988, 988, 988, 988, 1001, 1001, 1001, 1001, 1500, 1500, 1500, 1500]
[1500, 1500, 988, 1500, 988, 988, 988, 988, 1001, 1001, 1001, 1001, 1500, 1500, 1500, 1500]
[1500, 1500, 988, 1500, 988, 988, 988, 988, 1001, 1001, 1001, 1001, 1500, 1500, 1500, 1500]
[1500, 1500, 988, 1500, 988, 988, 988, 988, 1001, 1001, 1001, 1001, 1500, 1500, 1500, 1500]
[1500, 1500, 988, 1499, 988, 988, 988, 988, 1001, 1001, 1001, 1001, 1500, 1500, 1500, 1500]
[1500, 1500, 988, 1499, 988, 988, 988, 988, 1001, 1001, 1001, 1001, 1500, 1500, 1500, 1500]
[1500, 1500, 988, 1499, 988, 988, 988, 988, 1001, 1001, 1001, 1001, 1500, 1500, 1500, 1500]
12:56:28.363741 ALT: 1.81
12:56:28.363835 ATT: [0.0, 0.9, 113]
12:56:28.364137 ACC: [-8, 0, 515]
[1500, 1500, 988, 1499, 988, 988, 988, 988, 1001, 1001, 1001, 1001, 1500, 1500, 1500, 1500]
[1500, 1500, 988, 1499, 988, 988, 988, 988, 1001, 1001, 1001, 1001, 1500, 1500, 1500, 1500]
[1500, 1500, 988, 1499, 988, 988, 988, 988, 1001, 1001, 1001, 1001, 1500, 1500, 1500, 1500]
[1500, 1500, 988, 1499, 988, 988, 988, 988, 1001, 1001, 1001, 1001, 1500, 1500, 1500, 1500]
[1500, 1500, 988, 1499, 988, 988, 988, 988, 1001, 1001, 1001, 1001, 1500, 1500, 1500, 1500]
[1500, 1500, 988, 1499, 988, 988, 988, 988, 1001, 1001, 1001, 1001, 1500, 1500, 1500, 1500]
[1500, 1500, 988, 1500, 988, 988, 988, 988, 1001, 1001, 1001, 1001, 1500, 1500, 1500, 1500]
12:56:28.411785 ALT: 1.81
12:56:28.411963 ATT: [0.0, 0.9, 113]
12:56:28.412403 ACC: [-7, 0, 515]
[1500, 1500, 988, 1500, 988, 988, 988, 988, 1001, 1001, 1001, 1001, 1500, 1500, 1500, 1500]
[1500, 1500, 988, 1500, 988, 988, 988, 988, 1001, 1001, 1001, 1001, 1500, 1500, 1500, 1500]
[1500, 1500, 988, 1500, 988, 988, 988, 988, 1001, 1001, 1001, 1001, 1500, 1500, 1500, 1500]
[1500, 1500, 988, 1500, 988, 988, 988, 988, 1001, 1001, 1001, 1001, 1500, 1500, 1500, 1500]
[1500, 1500, 988, 1500, 988, 988, 988, 988, 1001, 1001, 1001, 1001, 1500, 1500, 1500, 1500]
[1500, 1500, 988, 1499, 988, 988, 988, 988, 1001, 1001, 1001, 1001, 1500, 1500, 1500, 1500]
[1500, 1500, 988, 1499, 988, 988, 988, 989, 1001, 1001, 1001, 1001, 1500, 1500, 1500, 1500]
12:56:28.459804 ALT: 1.81
12:56:28.459925 ATT: [0.0, 0.9, 113]
12:56:28.460342 ACC: [-7, 0, 515]
[1500, 1500, 988, 1499, 988, 988, 988, 989, 1001, 1001, 1001, 1001, 1500, 1500, 1500, 1500]
[1500, 1500, 988, 1500, 988, 988, 988, 989, 1001, 1001, 1001, 1001, 1500, 1500, 1500, 1500]
[1500, 1500, 988, 1500, 988, 988, 988, 988, 1001, 1001, 1001, 1001, 1500, 1500, 1500, 1500]
[1500, 1500, 988, 1500, 988, 988, 988, 988, 1001, 1001, 1001, 1001, 1500, 1500, 1500, 1500]
[1500, 1500, 988, 1499, 988, 988, 988, 988, 1001, 1001, 1001, 1001, 1500, 1500, 1500, 1500]
[1500, 1500, 988, 1499, 988, 988, 988, 988, 1001, 1001, 1001, 1001, 1500, 1500, 1500, 1500]
[1500, 1500, 988, 1499, 988, 988, 988, 988, 1001, 1001, 1001, 1001, 1500, 1500, 1500, 1500]
12:56:28.507765 ALT: 1.81
12:56:28.507875 ATT: [0.0, 0.9, 113]
12:56:28.508223 ACC: [-7, 0, 515]
[1500, 1500, 988, 1500, 988, 988, 988, 988, 1001, 1001, 1001, 1001, 1500, 1500, 1500, 1500]
[1500, 1500, 988, 1500, 988, 988, 988, 988, 1001, 1001, 1001, 1001, 1500, 1500, 1500, 1500]
[1500, 1500, 988, 1500, 988, 988, 988, 988, 1001, 1001, 1001, 1001, 1500, 1500, 1500, 1500]
[1500, 1500, 988, 1500, 988, 988, 988, 988, 1001, 1001, 1001, 1001, 1500, 1500, 1500, 1500]
[1500, 1500, 988, 1500, 988, 988, 988, 988, 1001, 1001, 1001, 1001, 1500, 1500, 1500, 1500]
[1500, 1500, 988, 1500, 988, 988, 988, 988, 1001, 1001, 1001, 1001, 1500, 1500, 1500, 1500]
[1500, 1499, 988, 1500, 988, 988, 988, 988, 1001, 1001, 1001, 1001, 1500, 1500, 1500, 1500]
[1500, 1499, 988, 1500, 988, 988, 988, 988, 1001, 1001, 1001, 1001, 1500, 1500, 1500, 1500]
12:56:28.556903 ALT: 1.81
12:56:28.557122 ATT: [0.0, 0.9, 113]
12:56:28.557716 ACC: [-7, 1, 516]
[1500, 1499, 988, 1500, 988, 988, 988, 988, 1001, 1001, 1001, 1001, 1500, 1500, 1500, 1500]
[1500, 1500, 988, 1500, 988, 988, 988, 988, 1001, 1001, 1001, 1001, 1500, 1500, 1500, 1500]
[1500, 1500, 988, 1500, 988, 988, 988, 988, 1001, 1001, 1001, 1001, 1500, 1500, 1500, 1500]
[1500, 1500, 988, 1500, 988, 988, 988, 988, 1001, 1001, 1001, 1001, 1500, 1500, 1500, 1500]
[1500, 1500, 989, 1497, 988, 988, 988, 988, 1001, 1001, 1001, 1001, 1500, 1500, 1500, 1500]
[1500, 1500, 989, 1497, 988, 988, 988, 988, 1001, 1001, 1001, 1001, 1500, 1500, 1500, 1500]
12:56:28.606217 ALT: 1.81
12:56:28.606388 ATT: [0.0, 0.9, 113]
12:56:28.606889 ACC: [-7, 1, 515]
[1500, 1500, 989, 1497, 988, 988, 988, 988, 1001, 1001, 1001, 1001, 1500, 1500, 1500, 1500]
[1500, 1500, 988, 1499, 988, 988, 988, 988, 1001, 1001, 1001, 1001, 1500, 1500, 1500, 1500]
[1500, 1500, 988, 1499, 988, 988, 988, 988, 1001, 1001, 1001, 1001, 1500, 1500, 1500, 1500]
[1500, 1500, 988, 1499, 988, 988, 988, 988, 1001, 1001, 1001, 1001, 1500, 1500, 1500, 1500]
[1500, 1499, 988, 1500, 988, 988, 988, 988, 1001, 1001, 1001, 1001, 1500, 1500, 1500, 1500]
[1500, 1499, 988, 1500, 988, 988, 988, 988, 1001, 1001, 1001, 1001, 1500, 1500, 1500, 1500]
[1500, 1499, 988, 1500, 988, 988, 988, 988, 1001, 1001, 1001, 1001, 1500, 1500, 1500, 1500]
[1500, 1500, 988, 1499, 988, 988, 988, 988, 1001, 1001, 1001, 1001, 1500, 1500, 1500, 1500]
12:56:28.651838 ALT: 1.81
12:56:28.652154 ATT: [0.0, 0.9, 113]
12:56:28.652505 ACC: [-7, 0, 515]
[1500, 1500, 988, 1499, 988, 988, 988, 988, 1001, 1001, 1001, 1001, 1500, 1500, 1500, 1500]
[1500, 1500, 988, 1499, 988, 988, 988, 988, 1001, 1001, 1001, 1001, 1500, 1500, 1500, 1500]
[1500, 1500, 988, 1500, 988, 988, 988, 988, 1001, 1001, 1001, 1001, 1500, 1500, 1500, 1500]
[1500, 1500, 988, 1500, 988, 988, 988, 988, 1001, 1001, 1001, 1001, 1500, 1500, 1500, 1500]
[1500, 1500, 988, 1500, 988, 988, 988, 988, 1001, 1001, 1001, 1001, 1500, 1500, 1500, 1500]
[1500, 1500, 988, 1500, 988, 988, 988, 988, 1001, 1001, 1001, 1001, 1500, 1500, 1500, 1500]
[1500, 1500, 988, 1500, 988, 988, 988, 988, 1001, 1001, 1001, 1001, 1500, 1500, 1500, 1500]
12:56:28.700319 ALT: 1.81
12:56:28.700420 ATT: [0.0, 0.9, 113]
12:56:28.700789 ACC: [-8, 1, 515]
[1500, 1500, 988, 1500, 988, 988, 988, 988, 1001, 1001, 1001, 1001, 1500, 1500, 1500, 1500]
[1500, 1500, 988, 1500, 988, 988, 988, 988, 1001, 1001, 1001, 1001, 1500, 1500, 1500, 1500]
[1500, 1500, 988, 1500, 988, 988, 988, 988, 1001, 1001, 1001, 1001, 1500, 1500, 1500, 1500]
[1500, 1500, 988, 1500, 988, 988, 988, 988, 1001, 1001, 1001, 1001, 1500, 1500, 1500, 1500]
[1500, 1500, 988, 1500, 988, 988, 988, 988, 1001, 1001, 1001, 1001, 1500, 1500, 1500, 1500]
[1500, 1500, 988, 1500, 988, 988, 988, 988, 1001, 1001, 1001, 1001, 1500, 1500, 1500, 1500]
[1500, 1500, 988, 1500, 988, 988, 988, 988, 1001, 1001, 1001, 1001, 1500, 1500, 1500, 1500]
12:56:28.747769 ALT: 1.81
12:56:28.747866 ATT: [0.0, 0.9, 113]
12:56:28.748173 ACC: [-8, 1, 515]
[1500, 1500, 988, 1500, 988, 988, 988, 988, 1001, 1001, 1001, 1001, 1500, 1500, 1500, 1500]
[1500, 1500, 988, 1500, 988, 988, 988, 988, 1001, 1001, 1001, 1001, 1500, 1500, 1500, 1500]
[1500, 1500, 988, 1500, 988, 988, 988, 988, 1001, 1001, 1001, 1001, 1500, 1500, 1500, 1500]
[1500, 1500, 988, 1500, 988, 988, 988, 988, 1001, 1001, 1001, 1001, 1500, 1500, 1500, 1500]
[1500, 1500, 988, 1500, 988, 988, 988, 988, 1001, 1001, 1001, 1001, 1500, 1500, 1500, 1500]
[1500, 1500, 988, 1500, 988, 988, 988, 988, 1001, 1001, 1001, 1001, 1500, 1500, 1500, 1500]
[1500, 1500, 988, 1499, 988, 988, 988, 988, 1001, 1001, 1001, 1001, 1500, 1500, 1500, 1500]
[1500, 1500, 988, 1499, 988, 988, 988, 988, 1001, 1001, 1001, 1001, 1500, 1500, 1500, 1500]
12:56:28.802105 ALT: 1.81
12:56:28.802220 ATT: [0.0, 0.9, 113]
[1500, 1500, 988, 1499, 988, 988, 988, 988, 1001, 1001, 1001, 1001, 1500, 1500, 1500, 1500]
12:56:28.804709 ACC: [-7, 1, 515]
[1500, 1500, 989, 1499, 988, 988, 988, 988, 1001, 1001, 1001, 1001, 1500, 1500, 1500, 1500]
[1500, 1500, 989, 1499, 988, 988, 988, 988, 1001, 1001, 1001, 1001, 1500, 1500, 1500, 1500]
[1500, 1500, 989, 1499, 988, 988, 988, 988, 1001, 1001, 1001, 1001, 1500, 1500, 1500, 1500]
[1500, 1499, 988, 1500, 988, 988, 988, 988, 1001, 1001, 1001, 1001, 1500, 1500, 1500, 1500]
[1500, 1499, 988, 1500, 988, 988, 988, 988, 1001, 1001, 1001, 1001, 1500, 1500, 1500, 1500]
[1500, 1499, 988, 1500, 988, 988, 988, 988, 1001, 1001, 1001, 1001, 1500, 1500, 1500, 1500]
12:56:28.846150 ALT: 1.81
12:56:28.846250 ATT: [0.0, 0.9, 113]
12:56:28.846545 ACC: [-7, 0, 515]
[1500, 1500, 988, 1500, 988, 988, 988, 988, 1001, 1001, 1001, 1001, 1500, 1500, 1500, 1500]
[1500, 1500, 988, 1500, 988, 988, 988, 988, 1001, 1001, 1001, 1001, 1500, 1500, 1500, 1500]
[1499, 1500, 988, 1500, 988, 988, 988, 988, 1001, 1001, 1001, 1001, 1500, 1500, 1500, 1500]
[1499, 1500, 988, 1500, 988, 988, 988, 988, 1001, 1001, 1001, 1001, 1500, 1500, 1500, 1500]
[1499, 1500, 988, 1500, 988, 988, 988, 988, 1001, 1001, 1001, 1001, 1500, 1500, 1500, 1500]
[1500, 1500, 988, 1500, 988, 988, 988, 988, 1001, 1001, 1001, 1001, 1500, 1500, 1500, 1500]
[1500, 1499, 988, 1499, 988, 988, 988, 988, 1001, 1001, 1001, 1001, 1500, 1500, 1500, 1500]
12:56:28.893110 ALT: 1.81
12:56:28.893218 ATT: [0.0, 0.9, 113]
12:56:28.893641 ACC: [-7, 1, 515]
[1500, 1499, 988, 1499, 988, 988, 988, 988, 1001, 1001, 1001, 1001, 1500, 1500, 1500, 1500]
[1499, 1499, 988, 1499, 988, 988, 988, 988, 1001, 1001, 1001, 1001, 1500, 1500, 1500, 1500]
[1499, 1500, 988, 1499, 988, 988, 988, 988, 1001, 1001, 1001, 1001, 1500, 1500, 1500, 1500]
[1499, 1500, 988, 1499, 988, 988, 988, 988, 1001, 1001, 1001, 1001, 1500, 1500, 1500, 1500]
[1500, 1500, 988, 1499, 988, 988, 988, 988, 1001, 1001, 1001, 1001, 1500, 1500, 1500, 1500]
[1500, 1500, 988, 1499, 988, 988, 988, 988, 1001, 1001, 1001, 1001, 1500, 1500, 1500, 1500]
[1500, 1500, 988, 1499, 988, 988, 988, 988, 1001, 1001, 1001, 1001, 1500, 1500, 1500, 1500]
12:56:28.940202 ALT: 1.81
12:56:28.940314 ATT: [0.0, 0.9, 113]
12:56:28.940852 ACC: [-8, 1, 515]
[1500, 1500, 988, 1499, 988, 988, 988, 988, 1001, 1001, 1001, 1001, 1500, 1500, 1500, 1500]
[1500, 1500, 988, 1499, 988, 988, 988, 988, 1001, 1001, 1001, 1001, 1500, 1500, 1500, 1500]
[1500, 1500, 988, 1499, 988, 988, 988, 988, 1001, 1001, 1001, 1001, 1500, 1500, 1500, 1500]
[1500, 1500, 988, 1499, 988, 988, 988, 988, 1001, 1001, 1001, 1001, 1500, 1500, 1500, 1500]
[1500, 1500, 988, 1500, 988, 988, 988, 988, 1001, 1001, 1001, 1001, 1500, 1500, 1500, 1500]
[1500, 1500, 988, 1500, 988, 988, 988, 988, 1001, 1001, 1001, 1001, 1500, 1500, 1500, 1500]
[1500, 1500, 988, 1500, 988, 988, 988, 988, 1001, 1001, 1001, 1001, 1500, 1500, 1500, 1500]
12:56:28.988075 ALT: 1.81
12:56:28.988207 ATT: [0.0, 0.9, 113]
12:56:28.988523 ACC: [-7, 0, 515]
[1500, 1500, 988, 1500, 988, 988, 988, 988, 1001, 1001, 1001, 1001, 1500, 1500, 1500, 1500]
[1500, 1500, 988, 1500, 988, 988, 988, 988, 1001, 1001, 1001, 1001, 1500, 1500, 1500, 1500]
[1500, 1500, 988, 1500, 988, 988, 988, 988, 1001, 1001, 1001, 1001, 1500, 1500, 1500, 1500]
[1500, 1500, 986, 1499, 988, 988, 988, 988, 1001, 1001, 1001, 1001, 1500, 1500, 1500, 1500]
[1500, 1500, 986, 1499, 988, 988, 988, 988, 1001, 1001, 1001, 1001, 1500, 1500, 1500, 1500]
[1500, 1500, 986, 1499, 988, 988, 988, 988, 1001, 1001, 1001, 1001, 1500, 1500, 1500, 1500]
[1500, 1500, 988, 1500, 988, 988, 988, 988, 1001, 1001, 1001, 1001, 1500, 1500, 1500, 1500]
12:56:29.036028 ALT: 1.81
12:56:29.036162 ATT: [0.0, 0.9, 113]
12:56:29.036505 ACC: [-8, 1, 515]
[1500, 1500, 988, 1500, 988, 988, 988, 988, 1001, 1001, 1001, 1001, 1500, 1500, 1500, 1500]
[1500, 1500, 988, 1500, 988, 988, 988, 988, 1001, 1001, 1001, 1001, 1500, 1500, 1500, 1500]
[1500, 1500, 988, 1499, 988, 988, 988, 988, 1001, 1001, 1001, 1001, 1500, 1500, 1500, 1500]
[1500, 1500, 988, 1499, 988, 988, 988, 988, 1001, 1001, 1001, 1001, 1500, 1500, 1500, 1500]
[1500, 1500, 988, 1499, 988, 988, 988, 988, 1001, 1001, 1001, 1001, 1500, 1500, 1500, 1500]
[1500, 1500, 988, 1499, 988, 988, 988, 988, 1001, 1001, 1001, 1001, 1500, 1500, 1500, 1500]
[1500, 1500, 988, 1499, 988, 988, 988, 988, 1001, 1001, 1001, 1001, 1500, 1500, 1500, 1500]
[1500, 1500, 988, 1499, 988, 988, 988, 988, 1001, 1001, 1001, 1001, 1500, 1500, 1500, 1500]
12:56:29.083907 ALT: 1.81
12:56:29.084052 ATT: [0.0, 0.9, 113]
12:56:29.084376 ACC: [-7, 0, 515]
[1500, 1500, 988, 1500, 988, 988, 988, 988, 1001, 1001, 1001, 1001, 1500, 1500, 1500, 1500]
[1500, 1500, 988, 1500, 988, 988, 988, 988, 1001, 1001, 1001, 1001, 1500, 1500, 1500, 1500]
[1500, 1500, 988, 1500, 988, 988, 988, 988, 1001, 1001, 1001, 1001, 1500, 1500, 1500, 1500]
[1500, 1500, 988, 1500, 986, 988, 988, 988, 1001, 1001, 1001, 1001, 1500, 1500, 1500, 1500]
[1500, 1500, 988, 1500, 986, 988, 988, 988, 1001, 1001, 1001, 1001, 1500, 1500, 1500, 1500]
[1500, 1500, 988, 1500, 986, 988, 988, 988, 1001, 1001, 1001, 1001, 1500, 1500, 1500, 1500]
[1500, 1499, 988, 1500, 988, 988, 988, 988, 1001, 1001, 1001, 1001, 1500, 1500, 1500, 1500]
12:56:29.131808 ALT: 1.81
12:56:29.131918 ATT: [0.0, 0.9, 113]
12:56:29.132239 ACC: [-7, 0, 515]
[1500, 1499, 988, 1500, 988, 988, 988, 988, 1001, 1001, 1001, 1001, 1500, 1500, 1500, 1500]
[1500, 1499, 988, 1500, 988, 988, 988, 988, 1001, 1001, 1001, 1001, 1500, 1500, 1500, 1500]
[1500, 1499, 988, 1501, 986, 988, 988, 988, 1001, 1001, 1001, 1001, 1500, 1500, 1500, 1500]
[1500, 1499, 988, 1501, 986, 988, 988, 988, 1001, 1001, 1001, 1001, 1500, 1500, 1500, 1500]
[1499, 1499, 988, 1501, 986, 988, 988, 988, 1001, 1001, 1001, 1001, 1500, 1500, 1500, 1500]
[1499, 1500, 988, 1500, 988, 988, 988, 988, 1001, 1001, 1001, 1001, 1500, 1500, 1500, 1500]
[1499, 1500, 988, 1500, 988, 988, 988, 988, 1001, 1001, 1001, 1001, 1500, 1500, 1500, 1500]
12:56:29.181722 ALT: 1.81
12:56:29.181841 ATT: [0.0, 0.9, 113]
12:56:29.182254 ACC: [-7, 1, 515]
[1500, 1500, 988, 1500, 988, 988, 988, 988, 1001, 1001, 1001, 1001, 1500, 1500, 1500, 1500]
[1500, 1500, 988, 1499, 988, 988, 988, 988, 1001, 1001, 1001, 1001, 1500, 1500, 1500, 1500]
[1500, 1500, 988, 1499, 988, 988, 988, 988, 1001, 1001, 1001, 1001, 1500, 1500, 1500, 1500]
[1500, 1500, 988, 1499, 988, 988, 988, 988, 1001, 1001, 1001, 1001, 1500, 1500, 1500, 1500]
[1500, 1500, 989, 1497, 988, 988, 988, 988, 1001, 1001, 1001, 1001, 1500, 1500, 1500, 1500]
[1500, 1500, 989, 1497, 988, 988, 988, 988, 1001, 1001, 1001, 1001, 1500, 1500, 1500, 1500]
[1500, 1500, 989, 1497, 988, 988, 988, 988, 1001, 1001, 1001, 1001, 1500, 1500, 1500, 1500]
12:56:29.227801 ALT: 1.81
12:56:29.227906 ATT: [0.0, 0.9, 113]
12:56:29.228290 ACC: [-7, 1, 515]
[1500, 1500, 988, 1500, 988, 988, 988, 988, 1001, 1001, 1001, 1001, 1500, 1500, 1500, 1500]
[1500, 1500, 988, 1500, 988, 988, 988, 988, 1001, 1001, 1001, 1001, 1500, 1500, 1500, 1500]
[1499, 1500, 988, 1500, 988, 988, 988, 988, 1001, 1001, 1001, 1001, 1500, 1500, 1500, 1500]
[1499, 1500, 988, 1500, 988, 988, 988, 988, 1001, 1001, 1001, 1001, 1500, 1500, 1500, 1500]
[1499, 1500, 988, 1500, 988, 988, 988, 988, 1001, 1001, 1001, 1001, 1500, 1500, 1500, 1500]
[1500, 1500, 988, 1500, 988, 988, 988, 988, 1001, 1001, 1001, 1001, 1500, 1500, 1500, 1500]
[1500, 1500, 988, 1500, 988, 988, 988, 988, 1001, 1001, 1001, 1001, 1500, 1500, 1500, 1500]
12:56:29.276761 ALT: 1.81
12:56:29.276873 ATT: [0.0, 0.9, 113]
12:56:29.277136 ACC: [-7, 0, 515]
[1500, 1500, 988, 1500, 988, 988, 988, 988, 1001, 1001, 1001, 1001, 1500, 1500, 1500, 1500]
[1500, 1500, 988, 1500, 988, 988, 988, 988, 1001, 1001, 1001, 1001, 1500, 1500, 1500, 1500]
[1500, 1499, 988, 1499, 988, 988, 988, 988, 1001, 1001, 1001, 1001, 1500, 1500, 1500, 1500]
[1500, 1499, 988, 1499, 988, 988, 988, 988, 1001, 1001, 1001, 1001, 1500, 1500, 1500, 1500]
[1499, 1499, 988, 1499, 988, 988, 988, 988, 1001, 1001, 1001, 1001, 1500, 1500, 1500, 1500]
[1499, 1500, 988, 1500, 988, 988, 988, 988, 1001, 1001, 1001, 1001, 1500, 1500, 1500, 1500]
[1499, 1500, 988, 1500, 988, 988, 988, 988, 1001, 1001, 1001, 1001, 1500, 1500, 1500, 1500]
[1500, 1500, 988, 1500, 988, 988, 988, 988, 1001, 1001, 1001, 1001, 1500, 1500, 1500, 1500]
12:56:29.325151 ALT: 1.81
12:56:29.325248 ATT: [0.0, 0.9, 113]
12:56:29.325610 ACC: [-7, 0, 515]
[1500, 1499, 988, 1500, 988, 988, 988, 988, 1001, 1001, 1001, 1001, 1500, 1500, 1500, 1500]
[1500, 1499, 988, 1500, 988, 988, 988, 988, 1001, 1001, 1001, 1001, 1500, 1500, 1500, 1500]
[1499, 1499, 988, 1500, 988, 988, 988, 988, 1001, 1001, 1001, 1001, 1500, 1500, 1500, 1500]
[1499, 1500, 988, 1499, 988, 988, 988, 988, 1001, 1001, 1001, 1001, 1500, 1500, 1500, 1500]
[1499, 1500, 988, 1499, 988, 988, 988, 988, 1001, 1001, 1001, 1001, 1500, 1500, 1500, 1500]
[1500, 1500, 988, 1499, 988, 988, 988, 988, 1001, 1001, 1001, 1001, 1500, 1500, 1500, 1500]
[1500, 1500, 988, 1500, 988, 988, 988, 988, 1001, 1001, 1001, 1001, 1500, 1500, 1500, 1500]
12:56:29.372252 ALT: 1.81
12:56:29.372433 ATT: [0.0, 0.9, 113]
12:56:29.372915 ACC: [-8, 0, 515]
[1500, 1500, 988, 1500, 988, 988, 988, 988, 1001, 1001, 1001, 1001, 1500, 1500, 1500, 1500]
[1500, 1500, 988, 1500, 988, 988, 988, 988, 1001, 1001, 1001, 1001, 1500, 1500, 1500, 1500]
[1500, 1500, 988, 1499, 988, 988, 988, 988, 1001, 1001, 1001, 1001, 1500, 1500, 1500, 1500]
[1500, 1500, 988, 1499, 988, 988, 988, 988, 1001, 1001, 1001, 1001, 1500, 1500, 1500, 1500]
[1500, 1500, 988, 1499, 988, 988, 988, 988, 1001, 1001, 1001, 1001, 1500, 1500, 1500, 1500]
[1500, 1500, 988, 1500, 988, 988, 988, 988, 1001, 1001, 1001, 1001, 1500, 1500, 1500, 1500]
[1500, 1500, 988, 1500, 988, 988, 988, 988, 1001, 1001, 1001, 1001, 1500, 1500, 1500, 1500]
12:56:29.420825 ALT: 1.81
12:56:29.421003 ATT: [0.0, 0.9, 113]
12:56:29.421510 ACC: [-8, 1, 515]
[1500, 1500, 988, 1500, 988, 988, 988, 988, 1001, 1001, 1001, 1001, 1500, 1500, 1500, 1500]
[1500, 1499, 988, 1500, 988, 988, 988, 988, 1001, 1001, 1001, 1001, 1500, 1500, 1500, 1500]
[1500, 1499, 988, 1500, 988, 988, 988, 988, 1001, 1001, 1001, 1001, 1500, 1500, 1500, 1500]
[1500, 1499, 988, 1500, 988, 988, 988, 988, 1001, 1001, 1001, 1001, 1500, 1500, 1500, 1500]
[1500, 1497, 988, 1500, 988, 988, 988, 988, 1001, 1001, 1001, 1001, 1500, 1500, 1500, 1500]
[1500, 1497, 988, 1500, 988, 988, 988, 988, 1001, 1001, 1001, 1001, 1500, 1500, 1500, 1500]
[1500, 1497, 988, 1500, 988, 988, 988, 988, 1001, 1001, 1001, 1001, 1500, 1500, 1500, 1500]
12:56:29.468141 ALT: 1.85
12:56:29.468247 ATT: [0.0, 0.8, 113]
12:56:29.468595 ACC: [-7, 0, 515]
[1500, 1499, 988, 1500, 988, 991, 985, 988, 1001, 1001, 1001, 1001, 1500, 1500, 1500, 1500]
[1500, 1499, 988, 1500, 988, 991, 985, 988, 1001, 1001, 1001, 1001, 1500, 1500, 1500, 1500]
[1500, 1499, 988, 1500, 988, 991, 985, 988, 1001, 1001, 1001, 1001, 1500, 1500, 1500, 1500]
[1500, 1500, 988, 1499, 988, 988, 988, 988, 1001, 1001, 1001, 1001, 1500, 1500, 1500, 1500]
[1500, 1500, 988, 1499, 988, 988, 988, 988, 1001, 1001, 1001, 1001, 1500, 1500, 1500, 1500]
[1500, 1500, 988, 1499, 988, 988, 988, 988, 1001, 1001, 1001, 1001, 1500, 1500, 1500, 1500]
[1500, 1500, 988, 1500, 988, 988, 988, 988, 1001, 1001, 1001, 1001, 1500, 1500, 1500, 1500]
[1500, 1500, 988, 1500, 988, 988, 988, 988, 1001, 1001, 1001, 1001, 1500, 1500, 1500, 1500]
12:56:29.516511 ALT: 1.88
12:56:29.516621 ATT: [0.0, 0.8, 113]
12:56:29.516933 ACC: [-7, 0, 515]
[1500, 1500, 988, 1500, 988, 988, 988, 988, 1001, 1001, 1001, 1001, 1500, 1500, 1500, 1500]
[1500, 1500, 988, 1500, 988, 988, 988, 988, 1001, 1001, 1001, 1001, 1500, 1500, 1500, 1500]
[1500, 1500, 988, 1500, 988, 988, 988, 988, 1001, 1001, 1001, 1001, 1500, 1500, 1500, 1500]
[1499, 1500, 988, 1500, 988, 988, 988, 988, 1001, 1001, 1001, 1001, 1500, 1500, 1500, 1500]
[1499, 1500, 988, 1500, 988, 988, 988, 988, 1001, 1001, 1001, 1001, 1500, 1500, 1500, 1500]
[1499, 1500, 988, 1500, 988, 988, 988, 988, 1001, 1001, 1001, 1001, 1500, 1500, 1500, 1500]
12:56:29.564647 ALT: 1.89
12:56:29.564750 ATT: [0.0, 0.8, 113]
12:56:29.565047 ACC: [-7, 1, 515]
[1500, 1500, 988, 1500, 988, 988, 988, 988, 1001, 1001, 1001, 1001, 1500, 1500, 1500, 1500]
[1500, 1500, 988, 1500, 988, 988, 988, 988, 1001, 1001, 1001, 1001, 1500, 1500, 1500, 1500]
[1500, 1500, 988, 1500, 988, 988, 988, 988, 1001, 1001, 1001, 1001, 1500, 1500, 1500, 1500]
[1500, 1500, 988, 1500, 988, 988, 988, 988, 1001, 1001, 1001, 1001, 1500, 1500, 1500, 1500]
[1500, 1500, 988, 1499, 988, 988, 988, 988, 1001, 1001, 1001, 1001, 1500, 1500, 1500, 1500]
[1500, 1500, 988, 1499, 988, 988, 988, 988, 1001, 1001, 1001, 1001, 1500, 1500, 1500, 1500]
[1500, 1500, 988, 1499, 988, 988, 988, 988, 1001, 1001, 1001, 1001, 1500, 1500, 1500, 1500]
[1500, 1500, 986, 1499, 988, 988, 988, 988, 1001, 1001, 1001, 1001, 1500, 1500, 1500, 1500]
12:56:29.611959 ALT: 1.89
12:56:29.612070 ATT: [0.0, 0.9, 113]
12:56:29.612403 ACC: [-8, 1, 515]
[1500, 1500, 986, 1499, 988, 988, 988, 988, 1001, 1001, 1001, 1001, 1500, 1500, 1500, 1500]
[1500, 1500, 986, 1499, 988, 988, 988, 988, 1001, 1001, 1001, 1001, 1500, 1500, 1500, 1500]
[1500, 1500, 988, 1500, 988, 988, 988, 988, 1001, 1001, 1001, 1001, 1500, 1500, 1500, 1500]
[1500, 1500, 988, 1500, 988, 988, 988, 988, 1001, 1001, 1001, 1001, 1500, 1500, 1500, 1500]
[1500, 1500, 988, 1500, 988, 988, 988, 988, 1001, 1001, 1001, 1001, 1500, 1500, 1500, 1500]
[1500, 1499, 988, 1500, 988, 988, 988, 988, 1001, 1001, 1001, 1001, 1500, 1500, 1500, 1500]
[1500, 1499, 988, 1500, 988, 988, 988, 988, 1001, 1001, 1001, 1001, 1500, 1500, 1500, 1500]
[1500, 1499, 988, 1500, 988, 988, 988, 988, 1001, 1001, 1001, 1001, 1500, 1500, 1500, 1500]
[1500, 1500, 988, 1500, 988, 988, 988, 988, 1001, 1001, 1001, 1001, 1500, 1500, 1500, 1500]
12:56:29.676020 ALT: 1.89
12:56:29.676205 ATT: [0.0, 0.8, 113]
12:56:29.677214 ACC: [-7, 0, 515]
[1500, 1500, 988, 1500, 988, 988, 988, 988, 1001, 1001, 1001, 1001, 1500, 1500, 1500, 1500]
[1500, 1500, 988, 1500, 988, 988, 988, 988, 1001, 1001, 1001, 1001, 1500, 1500, 1500, 1500]
[1500, 1499, 988, 1500, 988, 988, 988, 988, 1001, 1001, 1001, 1001, 1500, 1500, 1500, 1500]
[1500, 1499, 988, 1500, 988, 988, 988, 988, 1001, 1001, 1001, 1001, 1500, 1500, 1500, 1500]
[1499, 1499, 988, 1500, 988, 988, 988, 988, 1001, 1001, 1001, 1001, 1500, 1500, 1500, 1500]
[1499, 1500, 989, 1499, 988, 988, 988, 988, 1001, 1001, 1001, 1001, 1500, 1500, 1500, 1500]
[1499, 1500, 989, 1499, 988, 988, 988, 988, 1001, 1001, 1001, 1001, 1500, 1500, 1500, 1500]
[1500, 1500, 989, 1499, 988, 988, 988, 988, 1001, 1001, 1001, 1001, 1500, 1500, 1500, 1500]
[1500, 1499, 988, 1500, 988, 988, 988, 988, 1001, 1001, 1001, 1001, 1500, 1500, 1500, 1500]
12:56:29.729890 ALT: 1.89
12:56:29.729983 ATT: [0.0, 0.8, 113]
12:56:29.730430 ACC: [-8, 1, 515]
[1500, 1499, 988, 1500, 988, 988, 988, 988, 1001, 1001, 1001, 1001, 1500, 1500, 1500, 1500]
[1500, 1499, 988, 1500, 988, 988, 988, 988, 1001, 1001, 1001, 1001, 1500, 1500, 1500, 1500]
[1500, 1499, 988, 1501, 986, 988, 988, 988, 1001, 1001, 1001, 1001, 1500, 1500, 1500, 1500]
[1500, 1499, 988, 1501, 986, 988, 988, 988, 1001, 1001, 1001, 1001, 1500, 1500, 1500, 1500]
[1500, 1499, 988, 1501, 986, 988, 988, 988, 1001, 1001, 1001, 1001, 1500, 1500, 1500, 1500]
[1500, 1500, 988, 1500, 988, 988, 988, 988, 1001, 1001, 1001, 1001, 1500, 1500, 1500, 1500]
12:56:29.775745 ALT: 1.89
12:56:29.775874 ATT: [0.0, 0.8, 113]
12:56:29.777493 ACC: [-7, 1, 515]
[1500, 1500, 988, 1500, 988, 988, 988, 988, 1001, 1001, 1001, 1001, 1500, 1500, 1500, 1500]
[1500, 1500, 988, 1500, 988, 988, 988, 988, 1001, 1001, 1001, 1001, 1500, 1500, 1500, 1500]
[1500, 1500, 988, 1500, 988, 988, 988, 988, 1001, 1001, 1001, 1001, 1500, 1500, 1500, 1500]
[1500, 1500, 988, 1500, 988, 988, 988, 988, 1001, 1001, 1001, 1001, 1500, 1500, 1500, 1500]
[1500, 1500, 988, 1500, 988, 988, 988, 988, 1001, 1001, 1001, 1001, 1500, 1500, 1500, 1500]
[1500, 1500, 988, 1500, 988, 988, 988, 988, 1001, 1001, 1001, 1001, 1500, 1500, 1500, 1500]
[1500, 1500, 988, 1500, 988, 988, 988, 988, 1001, 1001, 1001, 1001, 1500, 1500, 1500, 1500]
12:56:29.821786 ALT: 1.89
12:56:29.821909 ATT: [0.0, 0.9, 113]
12:56:29.822237 ACC: [-8, 1, 515]
[1500, 1500, 988, 1500, 988, 988, 988, 988, 1001, 1001, 1001, 1001, 1500, 1500, 1500, 1500]
[1500, 1500, 988, 1499, 988, 988, 988, 988, 1001, 1001, 1001, 1001, 1500, 1500, 1500, 1500]
[1500, 1500, 988, 1499, 988, 988, 988, 988, 1001, 1001, 1001, 1001, 1500, 1500, 1500, 1500]
[1499, 1500, 988, 1499, 988, 988, 988, 988, 1001, 1001, 1001, 1001, 1500, 1500, 1500, 1500]
[1499, 1500, 988, 1499, 988, 988, 988, 988, 1001, 1001, 1001, 1001, 1500, 1500, 1500, 1500]
[1499, 1500, 988, 1499, 988, 988, 988, 988, 1001, 1001, 1001, 1001, 1500, 1500, 1500, 1500]
12:56:29.869047 ALT: 1.89
12:56:29.869159 ATT: [0.0, 0.9, 113]
12:56:29.869807 ACC: [-8, 0, 515]
[1500, 1500, 988, 1499, 988, 988, 988, 988, 1001, 1001, 1001, 1001, 1500, 1500, 1500, 1500]
[1500, 1500, 988, 1500, 988, 988, 988, 988, 1001, 1001, 1001, 1001, 1500, 1500, 1500, 1500]
[1500, 1500, 988, 1500, 988, 988, 988, 988, 1001, 1001, 1001, 1001, 1500, 1500, 1500, 1500]
[1500, 1500, 988, 1500, 988, 988, 988, 988, 1001, 1001, 1001, 1001, 1500, 1500, 1500, 1500]
[1500, 1500, 988, 1500, 988, 988, 988, 988, 1001, 1001, 1001, 1001, 1500, 1500, 1500, 1500]
[1500, 1500, 988, 1500, 988, 988, 988, 988, 1001, 1001, 1001, 1001, 1500, 1500, 1500, 1500]
[1500, 1500, 988, 1500, 988, 988, 988, 988, 1001, 1001, 1001, 1001, 1500, 1500, 1500, 1500]
[1500, 1500, 988, 1500, 988, 988, 988, 988, 1001, 1001, 1001, 1001, 1500, 1500, 1500, 1500]
12:56:29.916163 ALT: 1.89
12:56:29.916277 ATT: [0.0, 0.9, 113]
12:56:29.916592 ACC: [-8, 0, 515]
[1500, 1500, 988, 1500, 988, 988, 988, 988, 1001, 1001, 1001, 1001, 1500, 1500, 1500, 1500]
[1500, 1500, 988, 1500, 988, 988, 988, 988, 1001, 1001, 1001, 1001, 1500, 1500, 1500, 1500]
[1500, 1500, 988, 1500, 988, 988, 988, 988, 1001, 1001, 1001, 1001, 1500, 1500, 1500, 1500]
[1500, 1500, 988, 1500, 988, 988, 988, 988, 1001, 1001, 1001, 1001, 1500, 1500, 1500, 1500]
[1499, 1500, 988, 1500, 988, 988, 988, 988, 1001, 1001, 1001, 1001, 1500, 1500, 1500, 1500]
[1499, 1499, 988, 1500, 988, 988, 988, 988, 1001, 1001, 1001, 1001, 1500, 1500, 1500, 1500]
[1499, 1499, 988, 1500, 988, 988, 988, 988, 1001, 1001, 1001, 1001, 1500, 1500, 1500, 1500]
[1500, 1499, 988, 1500, 988, 988, 988, 988, 1001, 1001, 1001, 1001, 1500, 1500, 1500, 1500]
12:56:29.965581 ALT: 1.89
12:56:29.965689 ATT: [0.0, 0.9, 113]
12:56:29.966002 ACC: [-8, 0, 515]
[1500, 1499, 988, 1500, 988, 988, 988, 988, 1001, 1001, 1001, 1001, 1500, 1500, 1500, 1500]
[1500, 1499, 988, 1500, 988, 988, 988, 988, 1001, 1001, 1001, 1001, 1500, 1500, 1500, 1500]
[1500, 1499, 988, 1500, 988, 988, 988, 988, 1001, 1001, 1001, 1001, 1500, 1500, 1500, 1500]
[1500, 1499, 988, 1499, 988, 988, 988, 988, 1001, 1001, 1001, 1001, 1500, 1500, 1500, 1500]
[1500, 1499, 988, 1499, 988, 988, 988, 988, 1001, 1001, 1001, 1001, 1500, 1500, 1500, 1500]
[1500, 1499, 988, 1499, 988, 988, 988, 988, 1001, 1001, 1001, 1001, 1500, 1500, 1500, 1500]
[1500, 1500, 988, 1499, 988, 989, 986, 988, 1001, 1001, 1001, 1001, 1500, 1500, 1500, 1500]
[1500, 1500, 988, 1499, 988, 989, 986, 988, 1001, 1001, 1001, 1001, 1500, 1500, 1500, 1500]
[1500, 1500, 988, 1499, 988, 989, 986, 988, 1001, 1001, 1001, 1001, 1500, 1500, 1500, 1500]
12:56:30.027995 ALT: 1.89
12:56:30.028185 ATT: [0.0, 0.9, 113]
12:56:30.028630 ACC: [-7, 0, 515]
[1500, 1500, 988, 1500, 988, 988, 988, 988, 1001, 1001, 1001, 1001, 1500, 1500, 1500, 1500]
[1500, 1500, 988, 1500, 988, 988, 988, 988, 1001, 1001, 1001, 1001, 1500, 1500, 1500, 1500]
[1499, 1500, 988, 1500, 988, 988, 988, 988, 1001, 1001, 1001, 1001, 1500, 1500, 1500, 1500]
[1499, 1500, 988, 1499, 988, 989, 986, 988, 1001, 1001, 1001, 1001, 1500, 1500, 1500, 1500]
[1499, 1500, 988, 1499, 988, 989, 986, 986, 1001, 1001, 1001, 1001, 1500, 1500, 1500, 1500]
[1500, 1500, 988, 1499, 988, 989, 986, 986, 1001, 1001, 1001, 1001, 1500, 1500, 1500, 1500]
[1500, 1500, 988, 1500, 988, 988, 988, 986, 1001, 1001, 1001, 1001, 1500, 1500, 1500, 1500]
12:56:30.078202 ALT: 1.89
12:56:30.078375 ATT: [0.0, 0.9, 113]
12:56:30.078796 ACC: [-8, 0, 515]
[1500, 1500, 988, 1500, 988, 988, 988, 988, 1001, 1001, 1001, 1001, 1500, 1500, 1500, 1500]
[1500, 1500, 988, 1500, 988, 988, 988, 988, 1001, 1001, 1001, 1001, 1500, 1500, 1500, 1500]
[1500, 1500, 988, 1500, 988, 988, 988, 988, 1001, 1001, 1001, 1001, 1500, 1500, 1500, 1500]
[1500, 1500, 988, 1500, 988, 988, 988, 988, 1001, 1001, 1001, 1001, 1500, 1500, 1500, 1500]
[1500, 1500, 988, 1500, 988, 988, 988, 988, 1001, 1001, 1001, 1001, 1500, 1500, 1500, 1500]
[1500, 1500, 988, 1500, 988, 988, 988, 988, 1001, 1001, 1001, 1001, 1500, 1500, 1500, 1500]
[1500, 1500, 988, 1500, 988, 988, 988, 988, 1001, 1001, 1001, 1001, 1500, 1500, 1500, 1500]
[1499, 1500, 988, 1500, 988, 988, 988, 988, 1001, 1001, 1001, 1001, 1500, 1500, 1500, 1500]
12:56:30.124269 ALT: 1.89
12:56:30.124368 ATT: [0.0, 0.9, 113]
12:56:30.124833 ACC: [-8, 1, 516]
[1499, 1500, 988, 1500, 988, 988, 988, 988, 1001, 1001, 1001, 1001, 1500, 1500, 1500, 1500]
[1499, 1500, 988, 1500, 988, 988, 988, 988, 1001, 1001, 1001, 1001, 1500, 1500, 1500, 1500]
[1499, 1500, 988, 1500, 988, 988, 988, 988, 1001, 1001, 1001, 1001, 1500, 1500, 1500, 1500]
[1499, 1500, 988, 1499, 988, 988, 988, 988, 1001, 1001, 1001, 1001, 1500, 1500, 1500, 1500]
[1499, 1500, 988, 1499, 988, 988, 988, 988, 1001, 1001, 1001, 1001, 1500, 1500, 1500, 1500]
[1500, 1500, 988, 1499, 988, 988, 988, 988, 1001, 1001, 1001, 1001, 1500, 1500, 1500, 1500]
[1500, 1500, 988, 1500, 988, 988, 988, 988, 1001, 1001, 1001, 1001, 1500, 1500, 1500, 1500]
12:56:30.172391 ALT: 1.89
12:56:30.172591 ATT: [0.0, 0.9, 113]
12:56:30.173237 ACC: [-7, 0, 515]
[1500, 1500, 988, 1500, 988, 988, 988, 988, 1001, 1001, 1001, 1001, 1500, 1500, 1500, 1500]
[1500, 1500, 988, 1500, 988, 988, 988, 988, 1001, 1001, 1001, 1001, 1500, 1500, 1500, 1500]
[1500, 1500, 988, 1499, 988, 988, 988, 988, 1001, 1001, 1001, 1001, 1500, 1500, 1500, 1500]
[1500, 1500, 988, 1499, 988, 988, 988, 988, 1001, 1001, 1001, 1001, 1500, 1500, 1500, 1500]
[1500, 1500, 988, 1499, 988, 988, 988, 988, 1001, 1001, 1001, 1001, 1500, 1500, 1500, 1500]
[1500, 1500, 986, 1500, 988, 988, 988, 988, 1001, 1001, 1001, 1001, 1500, 1500, 1500, 1500]
[1500, 1500, 986, 1500, 988, 988, 988, 988, 1001, 1001, 1001, 1001, 1500, 1500, 1500, 1500]
[1500, 1500, 986, 1500, 988, 988, 988, 988, 1001, 1001, 1001, 1001, 1500, 1500, 1500, 1500]
[1500, 1500, 988, 1500, 988, 988, 988, 988, 1001, 1001, 1001, 1001, 1500, 1500, 1500, 1500]
[1500, 1500, 988, 1500, 988, 988, 988, 988, 1001, 1001, 1001, 1001, 1500, 1500, 1500, 1500]
12:56:30.236096 ALT: 1.89
12:56:30.236212 ATT: [0.0, 0.9, 113]
12:56:30.236489 ACC: [-7, 1, 515]
[1500, 1500, 988, 1500, 988, 988, 988, 988, 1001, 1001, 1001, 1001, 1500, 1500, 1500, 1500]
[1500, 1500, 988, 1500, 988, 988, 988, 988, 1001, 1001, 1001, 1001, 1500, 1500, 1500, 1500]
[1500, 1500, 988, 1500, 988, 988, 988, 988, 1001, 1001, 1001, 1001, 1500, 1500, 1500, 1500]
[1500, 1500, 988, 1500, 988, 988, 988, 988, 1001, 1001, 1001, 1001, 1500, 1500, 1500, 1500]
[1500, 1499, 988, 1500, 988, 988, 988, 988, 1001, 1001, 1001, 1001, 1500, 1500, 1500, 1500]
[1500, 1499, 988, 1500, 988, 988, 988, 988, 1001, 1001, 1001, 1001, 1500, 1500, 1500, 1500]
[1499, 1499, 988, 1500, 988, 988, 988, 988, 1001, 1001, 1001, 1001, 1500, 1500, 1500, 1500]
12:56:30.284029 ALT: 1.89
12:56:30.284148 ATT: [0.0, 0.9, 113]
12:56:30.284476 ACC: [-8, 1, 515]
[1499, 1500, 988, 1499, 988, 988, 988, 988, 1001, 1001, 1001, 1001, 1500, 1500, 1500, 1500]
[1499, 1500, 988, 1499, 988, 988, 988, 988, 1001, 1001, 1001, 1001, 1500, 1500, 1500, 1500]
[1500, 1500, 988, 1499, 988, 988, 988, 988, 1001, 1001, 1001, 1001, 1500, 1500, 1500, 1500]
[1500, 1499, 988, 1499, 988, 988, 988, 988, 1001, 1001, 1001, 1001, 1500, 1500, 1500, 1500]
[1500, 1499, 988, 1499, 988, 988, 988, 988, 1001, 1001, 1001, 1001, 1500, 1500, 1500, 1500]
[1500, 1499, 988, 1499, 988, 988, 988, 988, 1001, 1001, 1001, 1001, 1500, 1500, 1500, 1500]
[1500, 1500, 988, 1500, 988, 988, 988, 988, 1001, 1001, 1001, 1001, 1500, 1500, 1500, 1500]
12:56:30.332033 ALT: 1.89
12:56:30.332138 ATT: [0.0, 0.9, 113]
12:56:30.332567 ACC: [-8, 0, 515]
[1500, 1500, 988, 1500, 988, 988, 988, 988, 1001, 1001, 1001, 1001, 1500, 1500, 1500, 1500]
[1500, 1500, 988, 1500, 988, 988, 988, 988, 1001, 1001, 1001, 1001, 1500, 1500, 1500, 1500]
[1500, 1500, 988, 1500, 988, 988, 988, 988, 1001, 1001, 1001, 1001, 1500, 1500, 1500, 1500]
[1500, 1500, 988, 1500, 988, 988, 988, 988, 1001, 1001, 1001, 1001, 1500, 1500, 1500, 1500]
[1500, 1500, 988, 1500, 988, 988, 988, 988, 1001, 1001, 1001, 1001, 1500, 1500, 1500, 1500]
[1500, 1500, 988, 1499, 988, 988, 988, 988, 1001, 1001, 1001, 1001, 1500, 1500, 1500, 1500]
[1500, 1500, 988, 1499, 988, 988, 988, 988, 1001, 1001, 1001, 1001, 1500, 1500, 1500, 1500]
[1497, 1500, 988, 1499, 988, 988, 988, 988, 1001, 1001, 1001, 1001, 1500, 1500, 1500, 1500]
12:56:30.385766 ALT: 1.89
12:56:30.386143 ATT: [0.0, 0.9, 113]
12:56:30.386595 ACC: [-8, 0, 515]
[1497, 1500, 988, 1499, 988, 988, 988, 988, 1001, 1001, 1001, 1001, 1500, 1500, 1500, 1500]
[1497, 1500, 988, 1499, 988, 988, 988, 988, 1001, 1001, 1001, 1001, 1500, 1500, 1500, 1500]
[1500, 1500, 988, 1499, 988, 988, 988, 988, 1001, 1001, 1001, 1001, 1500, 1500, 1500, 1500]
[1500, 1499, 988, 1500, 988, 988, 988, 988, 1001, 1001, 1001, 1001, 1500, 1500, 1500, 1500]
[1500, 1499, 988, 1500, 988, 988, 988, 988, 1001, 1001, 1001, 1001, 1500, 1500, 1500, 1500]
[1497, 1499, 988, 1500, 988, 988, 988, 988, 1001, 1001, 1001, 1001, 1500, 1500, 1500, 1500]
12:56:30.428811 ALT: 1.89
12:56:30.428906 ATT: [0.0, 0.9, 113]
12:56:30.429327 ACC: [-8, 0, 515]
[1497, 1500, 988, 1499, 988, 988, 988, 988, 1001, 1001, 1001, 1001, 1500, 1500, 1500, 1500]
[1497, 1500, 988, 1499, 988, 988, 988, 988, 1001, 1001, 1001, 1001, 1500, 1500, 1500, 1500]
[1500, 1500, 988, 1499, 988, 988, 988, 988, 1001, 1001, 1001, 1001, 1500, 1500, 1500, 1500]
[1500, 1500, 988, 1499, 988, 988, 988, 988, 1001, 1001, 1001, 1001, 1500, 1500, 1500, 1500]
[1500, 1500, 988, 1499, 988, 988, 988, 988, 1001, 1001, 1001, 1001, 1500, 1500, 1500, 1500]
[1500, 1500, 988, 1499, 988, 988, 988, 988, 1001, 1001, 1001, 1001, 1500, 1500, 1500, 1500]
[1500, 1500, 988, 1500, 988, 988, 988, 988, 1001, 1001, 1001, 1001, 1500, 1500, 1500, 1500]
[1500, 1500, 988, 1500, 988, 988, 988, 988, 1001, 1001, 1001, 1001, 1500, 1500, 1500, 1500]
12:56:30.478136 ALT: 1.89
12:56:30.478240 ATT: [0.0, 0.9, 113]
12:56:30.478704 ACC: [-8, 1, 516]
[1499, 1500, 988, 1500, 988, 988, 988, 988, 1001, 1001, 1001, 1001, 1500, 1500, 1500, 1500]
[1499, 1500, 986, 1500, 988, 988, 988, 988, 1001, 1001, 1001, 1001, 1500, 1500, 1500, 1500]
[1499, 1500, 986, 1500, 988, 988, 988, 988, 1001, 1001, 1001, 1001, 1500, 1500, 1500, 1500]
[1500, 1500, 986, 1500, 988, 988, 988, 988, 1001, 1001, 1001, 1001, 1500, 1500, 1500, 1500]
[1500, 1500, 988, 1500, 988, 988, 988, 988, 1001, 1001, 1001, 1001, 1500, 1500, 1500, 1500]
[1500, 1500, 988, 1500, 988, 988, 988, 988, 1001, 1001, 1001, 1001, 1500, 1500, 1500, 1500]
12:56:30.525575 ALT: 1.89
12:56:30.525679 ATT: [0.0, 0.9, 113]
12:56:30.526062 ACC: [-8, 0, 515]
[1500, 1500, 988, 1500, 988, 988, 988, 988, 1001, 1001, 1001, 1001, 1500, 1500, 1500, 1500]
[1500, 1500, 988, 1500, 988, 988, 988, 988, 1001, 1001, 1001, 1001, 1500, 1500, 1500, 1500]
[1500, 1500, 988, 1500, 988, 988, 988, 988, 1001, 1001, 1001, 1001, 1500, 1500, 1500, 1500]
[1500, 1500, 988, 1500, 988, 988, 988, 988, 1001, 1001, 1001, 1001, 1500, 1500, 1500, 1500]
[1500, 1499, 988, 1500, 988, 988, 988, 988, 1001, 1001, 1001, 1001, 1500, 1500, 1500, 1500]
[1500, 1499, 988, 1500, 988, 988, 988, 988, 1001, 1001, 1001, 1001, 1500, 1500, 1500, 1500]
[1499, 1499, 988, 1500, 988, 988, 988, 988, 1001, 1001, 1001, 1001, 1500, 1500, 1500, 1500]
[1499, 1500, 988, 1500, 988, 988, 988, 988, 1001, 1001, 1001, 1001, 1500, 1500, 1500, 1500]
12:56:30.575134 ALT: 1.89
12:56:30.575233 ATT: [0.0, 0.9, 113]
12:56:30.575602 ACC: [-7, 1, 514]
[1499, 1500, 988, 1500, 988, 988, 988, 988, 1001, 1001, 1001, 1001, 1500, 1500, 1500, 1500]
[1500, 1500, 988, 1500, 988, 988, 988, 988, 1001, 1001, 1001, 1001, 1500, 1500, 1500, 1500]
[1500, 1500, 988, 1499, 988, 988, 988, 988, 1001, 1001, 1001, 1001, 1500, 1500, 1500, 1500]
[1500, 1500, 988, 1499, 988, 988, 988, 988, 1001, 1001, 1001, 1001, 1500, 1500, 1500, 1500]
[1500, 1500, 988, 1499, 988, 988, 988, 988, 1001, 1001, 1001, 1001, 1500, 1500, 1500, 1500]
[1500, 1500, 988, 1500, 988, 988, 988, 988, 1001, 1001, 1001, 1001, 1500, 1500, 1500, 1500]
[1500, 1500, 988, 1500, 988, 988, 988, 988, 1001, 1001, 1001, 1001, 1500, 1500, 1500, 1500]
[1500, 1500, 988, 1500, 988, 988, 988, 988, 1001, 1001, 1001, 1001, 1500, 1500, 1500, 1500]
[1500, 1500, 988, 1500, 988, 988, 988, 988, 1001, 1001, 1001, 1001, 1500, 1500, 1500, 1500]
12:56:30.636253 ALT: 1.89
12:56:30.636371 ATT: [0.0, 0.9, 113]
12:56:30.636628 ACC: [-7, 0, 515]
[1500, 1500, 988, 1500, 988, 988, 988, 988, 1001, 1001, 1001, 1001, 1500, 1500, 1500, 1500]
[1500, 1500, 988, 1500, 988, 988, 988, 988, 1001, 1001, 1001, 1001, 1500, 1500, 1500, 1500]
[1500, 1500, 988, 1500, 988, 988, 988, 988, 1001, 1001, 1001, 1001, 1500, 1500, 1500, 1500]
[1500, 1500, 988, 1500, 988, 988, 988, 988, 1001, 1001, 1001, 1001, 1500, 1500, 1500, 1500]
[1500, 1500, 988, 1500, 988, 988, 988, 988, 1001, 1001, 1001, 1001, 1500, 1500, 1500, 1500]
[1500, 1500, 988, 1500, 988, 989, 986, 988, 1001, 1001, 1001, 1001, 1500, 1500, 1500, 1500]
[1500, 1500, 988, 1500, 988, 989, 986, 988, 1001, 1001, 1001, 1001, 1500, 1500, 1500, 1500]
[1500, 1500, 988, 1500, 988, 989, 986, 988, 1001, 1001, 1001, 1001, 1500, 1500, 1500, 1500]
12:56:30.684095 ALT: 1.89
12:56:30.684208 ATT: [0.0, 0.9, 113]
12:56:30.684658 ACC: [-8, 0, 515]
[1500, 1500, 988, 1499, 988, 988, 988, 988, 1001, 1001, 1001, 1001, 1500, 1500, 1500, 1500]
[1500, 1500, 988, 1499, 988, 988, 988, 988, 1001, 1001, 1001, 1001, 1500, 1500, 1500, 1500]
[1499, 1500, 988, 1499, 988, 988, 988, 988, 1001, 1001, 1001, 1001, 1500, 1500, 1500, 1500]
[1499, 1500, 989, 1497, 988, 988, 988, 988, 1001, 1001, 1001, 1001, 1500, 1500, 1500, 1500]
[1499, 1500, 989, 1497, 988, 988, 988, 988, 1001, 1001, 1001, 1001, 1500, 1500, 1500, 1500]
[1500, 1500, 989, 1497, 988, 988, 988, 988, 1001, 1001, 1001, 1001, 1500, 1500, 1500, 1500]
[1500, 1500, 988, 1499, 988, 988, 988, 988, 1001, 1001, 1001, 1001, 1500, 1500, 1500, 1500]
12:56:30.732657 ALT: 1.89
12:56:30.732778 ATT: [0.0, 0.9, 113]
12:56:30.733112 ACC: [-7, 1, 515]
[1500, 1500, 988, 1499, 988, 988, 988, 988, 1001, 1001, 1001, 1001, 1500, 1500, 1500, 1500]
[1500, 1500, 988, 1499, 988, 988, 988, 988, 1001, 1001, 1001, 1001, 1500, 1500, 1500, 1500]
[1500, 1499, 989, 1497, 988, 988, 988, 988, 1001, 1001, 1001, 1001, 1500, 1500, 1500, 1500]
[1500, 1499, 989, 1497, 988, 988, 988, 988, 1001, 1001, 1001, 1001, 1500, 1500, 1500, 1500]
[1500, 1499, 989, 1497, 988, 988, 988, 988, 1001, 1001, 1001, 1001, 1500, 1500, 1500, 1500]
[1500, 1500, 988, 1500, 988, 988, 988, 988, 1001, 1001, 1001, 1001, 1500, 1500, 1500, 1500]
[1500, 1500, 988, 1500, 988, 988, 988, 988, 1001, 1001, 1001, 1001, 1500, 1500, 1500, 1500]
12:56:30.780139 ALT: 1.89
12:56:30.780292 ATT: [0.0, 0.9, 113]
12:56:30.780648 ACC: [-7, 1, 515]
[1500, 1500, 988, 1500, 988, 988, 988, 988, 1001, 1001, 1001, 1001, 1500, 1500, 1500, 1500]
[1500, 1499, 988, 1500, 988, 988, 988, 988, 1001, 1001, 1001, 1001, 1500, 1500, 1500, 1500]
[1500, 1499, 988, 1500, 988, 988, 988, 988, 1001, 1001, 1001, 1001, 1500, 1500, 1500, 1500]
[1500, 1499, 988, 1500, 988, 988, 988, 988, 1001, 1001, 1001, 1001, 1500, 1500, 1500, 1500]
[1500, 1500, 988, 1500, 989, 986, 988, 988, 1001, 1001, 1001, 1001, 1500, 1500, 1500, 1500]
[1500, 1500, 988, 1500, 989, 986, 988, 988, 1001, 1001, 1001, 1001, 1500, 1500, 1500, 1500]
[1500, 1500, 988, 1500, 989, 986, 988, 988, 1001, 1001, 1001, 1001, 1500, 1500, 1500, 1500]
12:56:30.828098 ALT: 1.89
12:56:30.828204 ATT: [0.0, 0.9, 113]
12:56:30.828488 ACC: [-7, 0, 515]
[1500, 1499, 988, 1500, 988, 988, 988, 988, 1001, 1001, 1001, 1001, 1500, 1500, 1500, 1500]
[1500, 1499, 988, 1500, 988, 988, 988, 988, 1001, 1001, 1001, 1001, 1500, 1500, 1500, 1500]
[1500, 1499, 988, 1500, 988, 988, 988, 988, 1001, 1001, 1001, 1001, 1500, 1500, 1500, 1500]
[1500, 1500, 988, 1500, 988, 988, 988, 988, 1001, 1001, 1001, 1001, 1500, 1500, 1500, 1500]
[1500, 1500, 988, 1500, 988, 988, 988, 988, 1001, 1001, 1001, 1001, 1500, 1500, 1500, 1500]
[1500, 1500, 988, 1500, 988, 988, 988, 988, 1001, 1001, 1001, 1001, 1500, 1500, 1500, 1500]
[1500, 1500, 988, 1500, 988, 988, 988, 988, 1001, 1001, 1001, 1001, 1500, 1500, 1500, 1500]
12:56:30.878621 ALT: 1.89
12:56:30.878727 ATT: [0.0, 0.9, 113]
12:56:30.879029 ACC: [-8, 0, 515]
[1500, 1500, 988, 1500, 988, 988, 988, 988, 1001, 1001, 1001, 1001, 1500, 1500, 1500, 1500]
[1500, 1500, 988, 1500, 988, 988, 988, 988, 1001, 1001, 1001, 1001, 1500, 1500, 1500, 1500]
[1500, 1500, 988, 1500, 988, 988, 988, 988, 1001, 1001, 1001, 1001, 1500, 1500, 1500, 1500]
[1500, 1500, 988, 1500, 988, 988, 988, 988, 1001, 1001, 1001, 1001, 1500, 1500, 1500, 1500]
[1500, 1500, 988, 1500, 988, 988, 988, 988, 1001, 1001, 1001, 1001, 1500, 1500, 1500, 1500]
[1500, 1500, 988, 1500, 988, 988, 988, 988, 1001, 1001, 1001, 1001, 1500, 1500, 1500, 1500]
[1500, 1500, 988, 1500, 988, 988, 988, 988, 1001, 1001, 1001, 1001, 1500, 1500, 1500, 1500]
12:56:30.926627 ALT: 1.89
12:56:30.926817 ATT: [0.0, 0.9, 113]
12:56:30.927363 ACC: [-8, 0, 515]
[1499, 1500, 988, 1500, 988, 988, 988, 988, 1001, 1001, 1001, 1001, 1500, 1500, 1500, 1500]
[1499, 1500, 988, 1500, 988, 988, 988, 988, 1001, 1001, 1001, 1001, 1500, 1500, 1500, 1500]
[1499, 1500, 988, 1500, 988, 988, 988, 988, 1001, 1001, 1001, 1001, 1500, 1500, 1500, 1500]
[1499, 1500, 988, 1500, 988, 988, 988, 988, 1001, 1001, 1001, 1001, 1500, 1500, 1500, 1500]
[1499, 1500, 988, 1499, 988, 988, 988, 988, 1001, 1001, 1001, 1001, 1500, 1500, 1500, 1500]
[1499, 1500, 988, 1499, 988, 988, 988, 988, 1001, 1001, 1001, 1001, 1500, 1500, 1500, 1500]
[1500, 1500, 988, 1499, 988, 988, 988, 988, 1001, 1001, 1001, 1001, 1500, 1500, 1500, 1500]
12:56:30.974481 ALT: 1.89
12:56:30.974598 ATT: [0.0, 0.9, 113]
12:56:30.974927 ACC: [-8, 1, 515]
[1500, 1500, 988, 1500, 988, 988, 988, 988, 1001, 1001, 1001, 1001, 1500, 1500, 1500, 1500]
[1500, 1500, 988, 1500, 988, 988, 988, 988, 1001, 1001, 1001, 1001, 1500, 1500, 1500, 1500]
[1499, 1500, 988, 1500, 988, 988, 988, 988, 1001, 1001, 1001, 1001, 1500, 1500, 1500, 1500]
[1499, 1500, 988, 1500, 988, 988, 988, 988, 1001, 1001, 1001, 1001, 1500, 1500, 1500, 1500]
[1499, 1500, 988, 1500, 988, 988, 988, 988, 1001, 1001, 1001, 1001, 1500, 1500, 1500, 1500]
[1500, 1500, 988, 1500, 988, 988, 988, 988, 1001, 1001, 1001, 1001, 1500, 1500, 1500, 1500]
[1500, 1500, 989, 1499, 988, 988, 988, 988, 1001, 1001, 1001, 1001, 1500, 1500, 1500, 1500]
[1500, 1500, 989, 1499, 988, 988, 988, 988, 1001, 1001, 1001, 1001, 1500, 1500, 1500, 1500]
12:56:31.025873 ALT: 1.89
12:56:31.025995 ATT: [0.0, 0.9, 113]
12:56:31.026382 ACC: [-7, 1, 514]
[1500, 1500, 989, 1499, 988, 988, 988, 988, 1001, 1001, 1001, 1001, 1500, 1500, 1500, 1500]
[1500, 1499, 988, 1500, 988, 988, 988, 988, 1001, 1001, 1001, 1001, 1500, 1500, 1500, 1500]
[1500, 1499, 988, 1500, 988, 988, 988, 988, 1001, 1001, 1001, 1001, 1500, 1500, 1500, 1500]
[1500, 1499, 988, 1500, 988, 988, 988, 988, 1001, 1001, 1001, 1001, 1500, 1500, 1500, 1500]
[1500, 1500, 988, 1500, 988, 988, 988, 988, 1001, 1001, 1001, 1001, 1500, 1500, 1500, 1500]
[1500, 1500, 988, 1500, 988, 988, 988, 988, 1001, 1001, 1001, 1001, 1500, 1500, 1500, 1500]
[1500, 1500, 988, 1500, 988, 988, 988, 988, 1001, 1001, 1001, 1001, 1500, 1500, 1500, 1500]
12:56:31.068236 ALT: 1.89
12:56:31.069074 ATT: [0.0, 0.9, 113]
12:56:31.069540 ACC: [-8, 1, 515]
[1500, 1500, 988, 1500, 988, 988, 988, 988, 1001, 1001, 1001, 1001, 1500, 1500, 1500, 1500]
[1500, 1500, 988, 1500, 988, 988, 988, 988, 1001, 1001, 1001, 1001, 1500, 1500, 1500, 1500]
[1499, 1500, 988, 1500, 988, 988, 988, 988, 1001, 1001, 1001, 1001, 1500, 1500, 1500, 1500]
[1499, 1500, 988, 1500, 988, 988, 988, 988, 1001, 1001, 1001, 1001, 1500, 1500, 1500, 1500]
[1499, 1500, 988, 1500, 988, 988, 988, 988, 1001, 1001, 1001, 1001, 1500, 1500, 1500, 1500]
[1500, 1500, 988, 1500, 988, 988, 988, 988, 1001, 1001, 1001, 1001, 1500, 1500, 1500, 1500]
[1500, 1500, 988, 1500, 988, 988, 989, 988, 1001, 1001, 1001, 1001, 1500, 1500, 1500, 1500]
[1500, 1500, 988, 1500, 988, 988, 989, 986, 1001, 1001, 1001, 1001, 1500, 1500, 1500, 1500]
12:56:31.116191 ALT: 1.89
12:56:31.116297 ATT: [0.0, 0.9, 113]
12:56:31.116605 ACC: [-7, 1, 516]
[1500, 1500, 988, 1500, 988, 988, 989, 986, 1001, 1001, 1001, 1001, 1500, 1500, 1500, 1500]
[1500, 1499, 988, 1500, 988, 988, 988, 986, 1001, 1001, 1001, 1001, 1500, 1500, 1500, 1500]
[1500, 1499, 988, 1500, 988, 988, 988, 988, 1001, 1001, 1001, 1001, 1500, 1500, 1500, 1500]
[1500, 1499, 988, 1500, 988, 988, 988, 988, 1001, 1001, 1001, 1001, 1500, 1500, 1500, 1500]
[1500, 1499, 988, 1499, 988, 988, 988, 988, 1001, 1001, 1001, 1001, 1500, 1500, 1500, 1500]
[1500, 1499, 988, 1499, 988, 988, 988, 988, 1001, 1001, 1001, 1001, 1500, 1500, 1500, 1500]
[1500, 1499, 988, 1499, 988, 988, 988, 988, 1001, 1001, 1001, 1001, 1500, 1500, 1500, 1500]
12:56:31.164129 ALT: 1.89
12:56:31.164224 ATT: [0.0, 0.9, 113]
12:56:31.164606 ACC: [-7, 1, 515]
[1500, 1500, 988, 1500, 988, 988, 988, 988, 1001, 1001, 1001, 1001, 1500, 1500, 1500, 1500]
[1500, 1500, 988, 1500, 988, 988, 988, 988, 1001, 1001, 1001, 1001, 1500, 1500, 1500, 1500]
[1500, 1500, 988, 1500, 988, 988, 988, 988, 1001, 1001, 1001, 1001, 1500, 1500, 1500, 1500]
[1500, 1500, 988, 1500, 988, 988, 988, 988, 1001, 1001, 1001, 1001, 1500, 1500, 1500, 1500]
[1500, 1500, 988, 1500, 988, 988, 988, 988, 1001, 1001, 1001, 1001, 1500, 1500, 1500, 1500]
[1500, 1500, 988, 1500, 988, 988, 988, 988, 1001, 1001, 1001, 1001, 1500, 1500, 1500, 1500]
[1500, 1500, 988, 1500, 988, 988, 988, 988, 1001, 1001, 1001, 1001, 1500, 1500, 1500, 1500]
12:56:31.212170 ALT: 1.89
12:56:31.212274 ATT: [0.0, 0.9, 113]
12:56:31.212665 ACC: [-7, 0, 515]
[1500, 1500, 988, 1500, 988, 988, 988, 989, 1001, 1001, 1001, 1001, 1500, 1500, 1500, 1500]
[1500, 1500, 988, 1500, 988, 988, 988, 989, 1001, 1001, 1001, 1001, 1500, 1500, 1500, 1500]
[1500, 1500, 988, 1500, 988, 988, 988, 989, 1001, 1001, 1001, 1001, 1500, 1500, 1500, 1500]
[1500, 1500, 988, 1500, 988, 988, 988, 988, 1001, 1001, 1001, 1001, 1500, 1500, 1500, 1500]
[1500, 1500, 988, 1500, 988, 988, 988, 988, 1001, 1001, 1001, 1001, 1500, 1500, 1500, 1500]
[1500, 1500, 988, 1500, 988, 988, 988, 988, 1001, 1001, 1001, 1001, 1500, 1500, 1500, 1500]
[1500, 1500, 988, 1500, 988, 988, 988, 988, 1001, 1001, 1001, 1001, 1500, 1500, 1500, 1500]
12:56:31.260261 ALT: 1.89
12:56:31.260399 ATT: [0.0, 0.9, 113]
12:56:31.260832 ACC: [-8, 0, 515]
[1500, 1500, 988, 1500, 988, 988, 988, 988, 1001, 1001, 1001, 1001, 1500, 1500, 1500, 1500]
[1500, 1499, 988, 1500, 988, 988, 988, 988, 1001, 1001, 1001, 1001, 1500, 1500, 1500, 1500]
[1500, 1499, 988, 1500, 988, 988, 988, 988, 1001, 1001, 1001, 1001, 1500, 1500, 1500, 1500]
[1500, 1499, 988, 1500, 988, 988, 988, 988, 1001, 1001, 1001, 1001, 1500, 1500, 1500, 1500]
[1500, 1500, 988, 1500, 988, 988, 988, 988, 1001, 1001, 1001, 1001, 1500, 1500, 1500, 1500]
[1500, 1500, 988, 1500, 988, 988, 988, 988, 1001, 1001, 1001, 1001, 1500, 1500, 1500, 1500]
[1500, 1500, 988, 1500, 988, 988, 988, 988, 1001, 1001, 1001, 1001, 1500, 1500, 1500, 1500]
12:56:31.308955 ALT: 1.89
12:56:31.309194 ATT: [0.0, 0.9, 113]
12:56:31.309576 ACC: [-7, 0, 515]
[1500, 1500, 988, 1500, 988, 988, 988, 988, 1001, 1001, 1001, 1001, 1500, 1500, 1500, 1500]
[1500, 1500, 988, 1500, 988, 988, 988, 988, 1001, 1001, 1001, 1001, 1500, 1500, 1500, 1500]
[1500, 1500, 988, 1500, 988, 988, 988, 988, 1001, 1001, 1001, 1001, 1500, 1500, 1500, 1500]
[1500, 1500, 988, 1500, 988, 988, 988, 988, 1001, 1001, 1001, 1001, 1500, 1500, 1500, 1500]
[1500, 1500, 988, 1500, 988, 988, 988, 988, 1001, 1001, 1001, 1001, 1500, 1500, 1500, 1500]
[1500, 1500, 988, 1500, 988, 988, 988, 988, 1001, 1001, 1001, 1001, 1500, 1500, 1500, 1500]
[1500, 1500, 989, 1497, 988, 988, 988, 988, 1001, 1001, 1001, 1001, 1500, 1500, 1500, 1500]
12:56:31.356242 ALT: 1.89
12:56:31.356354 ATT: [0.0, 0.9, 113]
12:56:31.356759 ACC: [-8, 0, 515]
[1500, 1500, 989, 1497, 988, 988, 988, 988, 1001, 1001, 1001, 1001, 1500, 1500, 1500, 1500]
[1500, 1500, 989, 1497, 988, 988, 988, 988, 1001, 1001, 1001, 1001, 1500, 1500, 1500, 1500]
[1500, 1500, 988, 1500, 988, 988, 988, 988, 1001, 1001, 1001, 1001, 1500, 1500, 1500, 1500]
[1500, 1500, 988, 1500, 988, 988, 988, 988, 1001, 1001, 1001, 1001, 1500, 1500, 1500, 1500]
[1499, 1500, 988, 1500, 988, 988, 988, 988, 1001, 1001, 1001, 1001, 1500, 1500, 1500, 1500]
[1499, 1500, 988, 1500, 988, 988, 988, 988, 1001, 1001, 1001, 1001, 1500, 1500, 1500, 1500]
[1499, 1500, 988, 1500, 988, 988, 988, 988, 1001, 1001, 1001, 1001, 1500, 1500, 1500, 1500]
12:56:31.409123 ALT: 1.89
12:56:31.409234 ATT: [0.0, 0.9, 113]
12:56:31.410158 ACC: [-8, 1, 515]
[1500, 1500, 988, 1500, 988, 988, 988, 988, 1001, 1001, 1001, 1001, 1500, 1500, 1500, 1500]
[1500, 1499, 988, 1499, 988, 988, 989, 988, 1001, 1001, 1001, 1001, 1500, 1500, 1500, 1500]
[1500, 1499, 988, 1499, 988, 988, 989, 986, 1001, 1001, 1001, 1001, 1500, 1500, 1500, 1500]
[1500, 1499, 988, 1499, 988, 988, 989, 986, 1001, 1001, 1001, 1001, 1500, 1500, 1500, 1500]
[1500, 1499, 988, 1499, 989, 986, 988, 986, 1001, 1001, 1001, 1001, 1500, 1500, 1500, 1500]
[1500, 1499, 988, 1499, 989, 986, 988, 988, 1001, 1001, 1001, 1001, 1500, 1500, 1500, 1500]
[1499, 1499, 988, 1499, 989, 986, 988, 988, 1001, 1001, 1001, 1001, 1500, 1500, 1500, 1500]
[1499, 1500, 988, 1500, 988, 988, 988, 988, 1001, 1001, 1001, 1001, 1500, 1500, 1500, 1500]
[1499, 1500, 988, 1500, 988, 988, 988, 988, 1001, 1001, 1001, 1001, 1500, 1500, 1500, 1500]
[1500, 1500, 988, 1500, 988, 988, 988, 988, 1001, 1001, 1001, 1001, 1500, 1500, 1500, 1500]
12:56:31.468455 ALT: 1.89
12:56:31.468564 ATT: [0.0, 0.9, 113]
12:56:31.469035 ACC: [-7, 0, 515]
[1500, 1500, 988, 1500, 988, 988, 988, 988, 1001, 1001, 1001, 1001, 1500, 1500, 1500, 1500]
[1500, 1500, 988, 1500, 988, 988, 988, 988, 1001, 1001, 1001, 1001, 1500, 1500, 1500, 1500]
[1500, 1500, 988, 1500, 988, 988, 988, 988, 1001, 1001, 1001, 1001, 1500, 1500, 1500, 1500]
[1500, 1499, 988, 1500, 988, 988, 988, 988, 1001, 1001, 1001, 1001, 1500, 1500, 1500, 1500]
[1500, 1499, 988, 1500, 988, 988, 988, 988, 1001, 1001, 1001, 1001, 1500, 1500, 1500, 1500]
[1500, 1499, 988, 1500, 988, 988, 988, 988, 1001, 1001, 1001, 1001, 1500, 1500, 1500, 1500]
[1500, 1500, 988, 1500, 988, 988, 988, 988, 1001, 1001, 1001, 1001, 1500, 1500, 1500, 1500]
[1500, 1500, 988, 1500, 988, 988, 988, 988, 1001, 1001, 1001, 1001, 1500, 1500, 1500, 1500]
12:56:31.517722 ALT: 1.89
12:56:31.517942 ATT: [0.0, 0.9, 113]
12:56:31.518597 ACC: [-7, 0, 515]
[1499, 1500, 988, 1500, 988, 988, 988, 988, 1001, 1001, 1001, 1001, 1500, 1500, 1500, 1500]
[1499, 1500, 988, 1500, 988, 988, 988, 988, 1001, 1001, 1001, 1001, 1500, 1500, 1500, 1500]
[1499, 1500, 988, 1500, 988, 988, 988, 988, 1001, 1001, 1001, 1001, 1500, 1500, 1500, 1500]
[1499, 1500, 988, 1500, 988, 988, 988, 988, 1001, 1001, 1001, 1001, 1500, 1500, 1500, 1500]
[1499, 1500, 988, 1500, 988, 988, 988, 988, 1001, 1001, 1001, 1001, 1500, 1500, 1500, 1500]
[1499, 1500, 988, 1500, 988, 988, 988, 988, 1001, 1001, 1001, 1001, 1500, 1500, 1500, 1500]
[1500, 1500, 988, 1500, 988, 988, 988, 988, 1001, 1001, 1001, 1001, 1500, 1500, 1500, 1500]
12:56:31.564246 ALT: 1.89
12:56:31.564356 ATT: [0.0, 0.9, 113]
12:56:31.568403 ACC: [-8, 0, 515]
[1500, 1500, 988, 1499, 988, 988, 988, 988, 1001, 1001, 1001, 1001, 1500, 1500, 1500, 1500]
[1500, 1500, 988, 1499, 988, 988, 988, 988, 1001, 1001, 1001, 1001, 1500, 1500, 1500, 1500]
[1501, 1500, 988, 1499, 988, 988, 988, 988, 1001, 1001, 1001, 1001, 1500, 1500, 1500, 1500]
[1501, 1497, 988, 1500, 988, 988, 988, 988, 1001, 1001, 1001, 1001, 1500, 1500, 1500, 1500]
[1501, 1497, 988, 1500, 988, 988, 988, 988, 1001, 1001, 1001, 1001, 1500, 1500, 1500, 1500]
[1500, 1497, 988, 1500, 988, 988, 988, 988, 1001, 1001, 1001, 1001, 1500, 1500, 1500, 1500]
[1500, 1500, 988, 1500, 988, 988, 988, 988, 1001, 1001, 1001, 1001, 1500, 1500, 1500, 1500]
12:56:31.612158 ALT: 1.89
12:56:31.612257 ATT: [0.0, 0.9, 113]
12:56:31.612582 ACC: [-7, 0, 515]
[1500, 1500, 988, 1500, 988, 988, 988, 988, 1001, 1001, 1001, 1001, 1500, 1500, 1500, 1500]
[1500, 1500, 988, 1500, 988, 988, 988, 988, 1001, 1001, 1001, 1001, 1500, 1500, 1500, 1500]
[1500, 1500, 988, 1500, 988, 988, 988, 988, 1001, 1001, 1001, 1001, 1500, 1500, 1500, 1500]
[1500, 1500, 988, 1500, 988, 988, 988, 988, 1001, 1001, 1001, 1001, 1500, 1500, 1500, 1500]
[1500, 1500, 988, 1500, 988, 988, 988, 988, 1001, 1001, 1001, 1001, 1500, 1500, 1500, 1500]
[1500, 1500, 989, 1497, 988, 988, 988, 988, 1001, 1001, 1001, 1001, 1500, 1500, 1500, 1500]
[1500, 1500, 989, 1497, 988, 988, 988, 988, 1001, 1001, 1001, 1001, 1500, 1500, 1500, 1500]
12:56:31.660224 ALT: 1.89
12:56:31.660354 ATT: [0.0, 0.9, 113]
12:56:31.660789 ACC: [-8, 0, 514]
[1500, 1500, 989, 1497, 988, 988, 988, 988, 1001, 1001, 1001, 1001, 1500, 1500, 1500, 1500]
[1500, 1500, 988, 1499, 988, 988, 988, 988, 1001, 1001, 1001, 1001, 1500, 1500, 1500, 1500]
[1500, 1500, 988, 1499, 988, 988, 988, 988, 1001, 1001, 1001, 1001, 1500, 1500, 1500, 1500]
[1500, 1500, 988, 1499, 988, 988, 988, 988, 1001, 1001, 1001, 1001, 1500, 1500, 1500, 1500]
[1500, 1499, 988, 1500, 988, 988, 988, 988, 1001, 1001, 1001, 1001, 1500, 1500, 1500, 1500]
[1500, 1499, 988, 1500, 988, 988, 988, 988, 1001, 1001, 1001, 1001, 1500, 1500, 1500, 1500]
[1500, 1499, 988, 1500, 988, 988, 988, 988, 1001, 1001, 1001, 1001, 1500, 1500, 1500, 1500]
12:56:31.710112 ALT: 1.89
12:56:31.710287 ATT: [0.0, 0.9, 113]
12:56:31.711091 ACC: [-8, 1, 515]
[1500, 1500, 988, 1499, 988, 988, 989, 988, 1001, 1001, 1001, 1001, 1500, 1500, 1500, 1500]
[1500, 1500, 988, 1499, 988, 988, 989, 986, 1001, 1001, 1001, 1001, 1500, 1500, 1500, 1500]
[1500, 1500, 988, 1499, 988, 988, 989, 986, 1001, 1001, 1001, 1001, 1500, 1500, 1500, 1500]
[1500, 1500, 988, 1500, 988, 988, 988, 986, 1001, 1001, 1001, 1001, 1500, 1500, 1500, 1500]
[1500, 1500, 988, 1500, 988, 988, 988, 988, 1001, 1001, 1001, 1001, 1500, 1500, 1500, 1500]
[1500, 1500, 988, 1500, 988, 988, 988, 988, 1001, 1001, 1001, 1001, 1500, 1500, 1500, 1500]
[1500, 1500, 988, 1499, 988, 988, 988, 988, 1001, 1001, 1001, 1001, 1500, 1500, 1500, 1500]
12:56:31.757925 ALT: 1.89
12:56:31.758109 ATT: [0.0, 0.9, 113]
12:56:31.758708 ACC: [-7, 0, 515]
[1500, 1500, 988, 1499, 988, 988, 988, 988, 1001, 1001, 1001, 1001, 1500, 1500, 1500, 1500]
[1500, 1500, 988, 1499, 988, 988, 988, 988, 1001, 1001, 1001, 1001, 1500, 1500, 1500, 1500]
[1500, 1499, 988, 1499, 988, 988, 988, 988, 1001, 1001, 1001, 1001, 1500, 1500, 1500, 1500]
[1500, 1499, 988, 1499, 988, 988, 988, 988, 1001, 1001, 1001, 1001, 1500, 1500, 1500, 1500]
[1499, 1499, 988, 1499, 988, 988, 988, 988, 1001, 1001, 1001, 1001, 1500, 1500, 1500, 1500]
[1499, 1500, 988, 1499, 988, 988, 988, 988, 1001, 1001, 1001, 1001, 1500, 1500, 1500, 1500]
[1499, 1500, 988, 1499, 988, 988, 988, 988, 1001, 1001, 1001, 1001, 1500, 1500, 1500, 1500]
[1500, 1500, 988, 1499, 988, 988, 988, 988, 1001, 1001, 1001, 1001, 1500, 1500, 1500, 1500]
12:56:31.804172 ALT: 1.89
12:56:31.804275 ATT: [0.0, 0.9, 113]
12:56:31.804838 ACC: [-7, 0, 515]
[1500, 1500, 986, 1500, 988, 988, 988, 988, 1001, 1001, 1001, 1001, 1500, 1500, 1500, 1500]
[1500, 1500, 986, 1500, 988, 988, 988, 988, 1001, 1001, 1001, 1001, 1500, 1500, 1500, 1500]
[1500, 1500, 986, 1500, 988, 988, 988, 988, 1001, 1001, 1001, 1001, 1500, 1500, 1500, 1500]
[1500, 1500, 988, 1500, 988, 988, 988, 988, 1001, 1001, 1001, 1001, 1500, 1500, 1500, 1500]
[1500, 1500, 988, 1500, 988, 988, 988, 988, 1001, 1001, 1001, 1001, 1500, 1500, 1500, 1500]
[1500, 1500, 988, 1500, 988, 988, 988, 988, 1001, 1001, 1001, 1001, 1500, 1500, 1500, 1500]
[1500, 1500, 988, 1499, 988, 988, 988, 988, 1001, 1001, 1001, 1001, 1500, 1500, 1500, 1500]
12:56:31.853232 ALT: 1.89
12:56:31.853440 ATT: [0.0, 0.9, 113]
12:56:31.853907 ACC: [-7, 0, 515]
[1500, 1500, 988, 1499, 988, 988, 988, 988, 1001, 1001, 1001, 1001, 1500, 1500, 1500, 1500]
[1500, 1500, 988, 1499, 988, 988, 988, 988, 1001, 1001, 1001, 1001, 1500, 1500, 1500, 1500]
[1500, 1500, 988, 1500, 988, 988, 988, 988, 1001, 1001, 1001, 1001, 1500, 1500, 1500, 1500]
[1500, 1500, 988, 1500, 988, 988, 988, 988, 1001, 1001, 1001, 1001, 1500, 1500, 1500, 1500]
[1500, 1500, 988, 1500, 988, 988, 988, 988, 1001, 1001, 1001, 1001, 1500, 1500, 1500, 1500]
[1500, 1500, 988, 1500, 988, 988, 988, 988, 1001, 1001, 1001, 1001, 1500, 1500, 1500, 1500]
12:56:31.901857 ALT: 1.89
12:56:31.902007 ATT: [0.0, 0.9, 113]
12:56:31.902348 ACC: [-7, 0, 515]
[1500, 1500, 988, 1500, 988, 988, 988, 988, 1001, 1001, 1001, 1001, 1500, 1500, 1500, 1500]
[1500, 1500, 988, 1500, 988, 988, 988, 988, 1001, 1001, 1001, 1001, 1500, 1500, 1500, 1500]
[1500, 1500, 989, 1497, 988, 988, 988, 988, 1001, 1001, 1001, 1001, 1500, 1500, 1500, 1500]
[1500, 1500, 989, 1497, 988, 988, 988, 988, 1001, 1001, 1001, 1001, 1500, 1500, 1500, 1500]
[1499, 1500, 989, 1497, 988, 988, 988, 988, 1001, 1001, 1001, 1001, 1500, 1500, 1500, 1500]
[1499, 1500, 988, 1500, 988, 988, 988, 988, 1001, 1001, 1001, 1001, 1500, 1500, 1500, 1500]
[1499, 1500, 988, 1500, 988, 988, 988, 988, 1001, 1001, 1001, 1001, 1500, 1500, 1500, 1500]
[1500, 1500, 988, 1500, 988, 988, 988, 988, 1001, 1001, 1001, 1001, 1500, 1500, 1500, 1500]
12:56:31.948609 ALT: 1.89
12:56:31.948981 ATT: [0.0, 0.9, 113]
12:56:31.950611 ACC: [-7, 1, 515]
[1500, 1500, 988, 1500, 988, 988, 988, 988, 1001, 1001, 1001, 1001, 1500, 1500, 1500, 1500]
[1500, 1500, 988, 1500, 988, 988, 988, 988, 1001, 1001, 1001, 1001, 1500, 1500, 1500, 1500]
[1500, 1500, 988, 1500, 988, 988, 988, 988, 1001, 1001, 1001, 1001, 1500, 1500, 1500, 1500]
[1500, 1499, 988, 1500, 988, 988, 988, 988, 1001, 1001, 1001, 1001, 1500, 1500, 1500, 1500]
[1500, 1499, 988, 1500, 988, 988, 988, 988, 1001, 1001, 1001, 1001, 1500, 1500, 1500, 1500]
[1500, 1499, 988, 1500, 988, 988, 988, 988, 1001, 1001, 1001, 1001, 1500, 1500, 1500, 1500]
[1500, 1500, 988, 1500, 988, 988, 988, 988, 1001, 1001, 1001, 1001, 1500, 1500, 1500, 1500]
12:56:31.996380 ALT: 1.89
12:56:31.996515 ATT: [0.0, 0.9, 113]
12:56:31.997582 ACC: [-7, 0, 515]
[1500, 1500, 988, 1500, 988, 988, 988, 988, 1001, 1001, 1001, 1001, 1500, 1500, 1500, 1500]
[1500, 1500, 988, 1500, 988, 988, 988, 988, 1001, 1001, 1001, 1001, 1500, 1500, 1500, 1500]
[1500, 1500, 988, 1500, 988, 988, 988, 988, 1001, 1001, 1001, 1001, 1500, 1500, 1500, 1500]
[1500, 1500, 988, 1500, 988, 988, 988, 988, 1001, 1001, 1001, 1001, 1500, 1500, 1500, 1500]
[1499, 1500, 988, 1500, 988, 988, 988, 988, 1001, 1001, 1001, 1001, 1500, 1500, 1500, 1500]
[1499, 1500, 988, 1500, 988, 988, 988, 988, 1001, 1001, 1001, 1001, 1500, 1500, 1500, 1500]
[1499, 1500, 988, 1500, 988, 988, 988, 988, 1001, 1001, 1001, 1001, 1500, 1500, 1500, 1500]
12:56:32.045915 ALT: 1.89
12:56:32.046223 ATT: [0.0, 0.9, 113]
12:56:32.046727 ACC: [-7, 1, 515]
[1500, 1500, 988, 1500, 988, 988, 988, 988, 1001, 1001, 1001, 1001, 1500, 1500, 1500, 1500]
[1500, 1500, 988, 1499, 988, 988, 988, 988, 1001, 1001, 1001, 1001, 1500, 1500, 1500, 1500]
[1500, 1500, 988, 1499, 988, 988, 988, 988, 1001, 1001, 1001, 1001, 1500, 1500, 1500, 1500]
[1500, 1500, 988, 1499, 988, 988, 988, 988, 1001, 1001, 1001, 1001, 1500, 1500, 1500, 1500]
[1500, 1500, 988, 1500, 988, 988, 988, 988, 1001, 1001, 1001, 1001, 1500, 1500, 1500, 1500]
[1500, 1500, 988, 1500, 988, 988, 988, 988, 1001, 1001, 1001, 1001, 1500, 1500, 1500, 1500]
[1499, 1500, 988, 1500, 988, 988, 988, 988, 1001, 1001, 1001, 1001, 1500, 1500, 1500, 1500]
[1499, 1499, 988, 1500, 988, 988, 988, 988, 1001, 1001, 1001, 1001, 1500, 1500, 1500, 1500]
[1499, 1499, 988, 1500, 988, 988, 988, 986, 1001, 1001, 1001, 1001, 1500, 1500, 1500, 1500]
[1500, 1499, 988, 1500, 988, 988, 988, 986, 1001, 1001, 1001, 1001, 1500, 1500, 1500, 1500]
[1500, 1499, 988, 1500, 988, 988, 988, 986, 1001, 1001, 1001, 1001, 1500, 1500, 1500, 1500]
12:56:32.112347 ALT: 1.89
12:56:32.112513 ATT: [0.0, 0.8, 113]
[1500, 1499, 988, 1500, 988, 988, 988, 988, 1001, 1001, 1001, 1001, 1500, 1500, 1500, 1500]
12:56:32.118789 ACC: [-7, 0, 515]
[1500, 1499, 988, 1500, 988, 988, 988, 988, 1001, 1001, 1001, 1001, 1500, 1500, 1500, 1500]
[1500, 1500, 988, 1500, 988, 988, 988, 988, 1001, 1001, 1001, 1001, 1500, 1500, 1500, 1500]
[1500, 1500, 988, 1500, 988, 988, 988, 988, 1001, 1001, 1001, 1001, 1500, 1500, 1500, 1500]
[1500, 1500, 988, 1500, 988, 988, 988, 988, 1001, 1001, 1001, 1001, 1500, 1500, 1500, 1500]
[1500, 1500, 988, 1499, 988, 988, 988, 988, 1001, 1001, 1001, 1001, 1500, 1500, 1500, 1500]
[1500, 1500, 988, 1499, 988, 988, 988, 988, 1001, 1001, 1001, 1001, 1500, 1500, 1500, 1500]
[1500, 1500, 988, 1499, 988, 988, 988, 988, 1001, 1001, 1001, 1001, 1500, 1500, 1500, 1500]
[1500, 1500, 988, 1500, 988, 988, 988, 988, 1001, 1001, 1001, 1001, 1500, 1500, 1500, 1500]
[1500, 1500, 988, 1500, 988, 988, 988, 988, 1001, 1001, 1001, 1001, 1500, 1500, 1500, 1500]
[1500, 1500, 988, 1500, 988, 988, 988, 988, 1001, 1001, 1001, 1001, 1500, 1500, 1500, 1500]
12:56:32.188498 ALT: 1.89
12:56:32.188652 ATT: [0.0, 0.8, 113]
12:56:32.189176 ACC: [-7, 0, 515]
[1500, 1500, 988, 1500, 988, 988, 988, 988, 1001, 1001, 1001, 1001, 1500, 1500, 1500, 1500]
[1500, 1500, 988, 1500, 988, 988, 988, 988, 1001, 1001, 1001, 1001, 1500, 1500, 1500, 1500]
[1500, 1500, 988, 1500, 988, 988, 988, 988, 1001, 1001, 1001, 1001, 1500, 1500, 1500, 1500]
[1500, 1500, 989, 1499, 988, 988, 988, 988, 1001, 1001, 1001, 1001, 1500, 1500, 1500, 1500]
[1500, 1500, 989, 1499, 988, 988, 988, 988, 1001, 1001, 1001, 1001, 1500, 1500, 1500, 1500]
[1499, 1500, 989, 1499, 988, 988, 988, 988, 1001, 1001, 1001, 1001, 1500, 1500, 1500, 1500]
[1499, 1500, 988, 1500, 988, 988, 988, 988, 1001, 1001, 1001, 1001, 1500, 1500, 1500, 1500]
[1499, 1500, 988, 1500, 988, 988, 988, 988, 1001, 1001, 1001, 1001, 1500, 1500, 1500, 1500]
[1500, 1500, 988, 1500, 988, 988, 988, 988, 1001, 1001, 1001, 1001, 1500, 1500, 1500, 1500]
[1500, 1500, 988, 1499, 988, 988, 988, 988, 1001, 1001, 1001, 1001, 1500, 1500, 1500, 1500]
12:56:32.252484 ALT: 1.89
12:56:32.252662 ATT: [0.0, 0.8, 113]
[1500, 1500, 988, 1499, 988, 988, 988, 988, 1001, 1001, 1001, 1001, 1500, 1500, 1500, 1500]
[1500, 1500, 988, 1499, 988, 988, 988, 988, 1001, 1001, 1001, 1001, 1500, 1500, 1500, 1500]
12:56:32.264158 ACC: [-7, 1, 515]
[1500, 1500, 988, 1500, 988, 988, 988, 988, 1001, 1001, 1001, 1001, 1500, 1500, 1500, 1500]
[1500, 1500, 988, 1500, 988, 988, 988, 988, 1001, 1001, 1001, 1001, 1500, 1500, 1500, 1500]
[1500, 1500, 988, 1500, 988, 988, 988, 988, 1001, 1001, 1001, 1001, 1500, 1500, 1500, 1500]
[1500, 1500, 988, 1500, 988, 988, 988, 988, 1001, 1001, 1001, 1001, 1500, 1500, 1500, 1500]
[1500, 1500, 988, 1500, 988, 988, 988, 988, 1001, 1001, 1001, 1001, 1500, 1500, 1500, 1500]
[1500, 1500, 988, 1500, 988, 988, 988, 988, 1001, 1001, 1001, 1001, 1500, 1500, 1500, 1500]
[1500, 1500, 988, 1500, 988, 988, 988, 988, 1001, 1001, 1001, 1001, 1500, 1500, 1500, 1500]
[1500, 1500, 988, 1500, 988, 988, 988, 988, 1001, 1001, 1001, 1001, 1500, 1500, 1500, 1500]
12:56:32.316482 ALT: 1.89
12:56:32.316625 ATT: [0.0, 0.8, 113]
12:56:32.317075 ACC: [-7, 1, 515]
[1500, 1500, 988, 1500, 988, 988, 988, 988, 1001, 1001, 1001, 1001, 1500, 1500, 1500, 1500]
[1500, 1500, 988, 1500, 988, 988, 988, 988, 1001, 1001, 1001, 1001, 1500, 1500, 1500, 1500]
[1500, 1500, 988, 1500, 988, 988, 988, 988, 1001, 1001, 1001, 1001, 1500, 1500, 1500, 1500]
[1500, 1500, 988, 1500, 988, 988, 988, 988, 1001, 1001, 1001, 1001, 1500, 1500, 1500, 1500]
[1500, 1500, 986, 1500, 988, 988, 988, 988, 1001, 1001, 1001, 1001, 1500, 1500, 1500, 1500]
[1500, 1500, 986, 1500, 988, 988, 988, 988, 1001, 1001, 1001, 1001, 1500, 1500, 1500, 1500]
[1499, 1500, 986, 1500, 988, 988, 988, 988, 1001, 1001, 1001, 1001, 1500, 1500, 1500, 1500]
12:56:32.364430 ALT: 1.89
12:56:32.364562 ATT: [0.0, 0.8, 113]
12:56:32.364994 ACC: [-7, 0, 515]
[1499, 1500, 988, 1499, 988, 988, 988, 988, 1001, 1001, 1001, 1001, 1500, 1500, 1500, 1500]
[1499, 1500, 988, 1499, 988, 988, 988, 988, 1001, 1001, 1001, 1001, 1500, 1500, 1500, 1500]
[1500, 1500, 988, 1499, 988, 988, 988, 988, 1001, 1001, 1001, 1001, 1500, 1500, 1500, 1500]
[1500, 1500, 988, 1500, 986, 988, 988, 988, 1001, 1001, 1001, 1001, 1500, 1500, 1500, 1500]
[1500, 1500, 988, 1500, 986, 988, 988, 988, 1001, 1001, 1001, 1001, 1500, 1500, 1500, 1500]
[1500, 1500, 988, 1500, 986, 988, 988, 988, 1001, 1001, 1001, 1001, 1500, 1500, 1500, 1500]
[1500, 1500, 988, 1500, 988, 988, 988, 988, 1001, 1001, 1001, 1001, 1500, 1500, 1500, 1500]
12:56:32.412780 ALT: 1.89
12:56:32.412917 ATT: [0.0, 0.8, 113]
12:56:32.413355 ACC: [-7, 1, 515]
[1500, 1500, 988, 1500, 988, 988, 988, 988, 1001, 1001, 1001, 1001, 1500, 1500, 1500, 1500]
[1500, 1500, 988, 1500, 988, 988, 988, 988, 1001, 1001, 1001, 1001, 1500, 1500, 1500, 1500]
[1500, 1500, 988, 1500, 988, 988, 988, 988, 1001, 1001, 1001, 1001, 1500, 1500, 1500, 1500]
[1500, 1500, 988, 1500, 988, 988, 988, 988, 1001, 1001, 1001, 1001, 1500, 1500, 1500, 1500]
[1500, 1500, 988, 1500, 988, 988, 988, 988, 1001, 1001, 1001, 1001, 1500, 1500, 1500, 1500]
[1500, 1499, 988, 1500, 988, 989, 986, 988, 1001, 1001, 1001, 1001, 1500, 1500, 1500, 1500]
[1500, 1499, 988, 1500, 988, 989, 986, 988, 1001, 1001, 1001, 1001, 1500, 1500, 1500, 1500]
12:56:32.462354 ALT: 1.89
12:56:32.462490 ATT: [0.0, 0.8, 113]
12:56:32.462857 ACC: [-7, 1, 515]
[1500, 1499, 988, 1500, 988, 989, 986, 988, 1001, 1001, 1001, 1001, 1500, 1500, 1500, 1500]
[1500, 1500, 988, 1500, 988, 988, 988, 988, 1001, 1001, 1001, 1001, 1500, 1500, 1500, 1500]
[1500, 1500, 988, 1500, 988, 988, 988, 988, 1001, 1001, 1001, 1001, 1500, 1500, 1500, 1500]
[1499, 1500, 988, 1500, 988, 988, 988, 988, 1001, 1001, 1001, 1001, 1500, 1500, 1500, 1500]
[1499, 1499, 988, 1500, 988, 989, 986, 988, 1001, 1001, 1001, 1001, 1500, 1500, 1500, 1500]
[1499, 1499, 988, 1500, 988, 989, 986, 988, 1001, 1001, 1001, 1001, 1500, 1500, 1500, 1500]
[1499, 1499, 988, 1500, 988, 989, 986, 988, 1001, 1001, 1001, 1001, 1500, 1500, 1500, 1500]
[1499, 1500, 988, 1500, 988, 988, 988, 988, 1001, 1001, 1001, 1001, 1500, 1500, 1500, 1500]
12:56:32.510438 ALT: 1.89
12:56:32.510556 ATT: [0.0, 0.8, 113]
12:56:32.510996 ACC: [-8, 1, 515]
[1499, 1500, 988, 1500, 988, 988, 988, 988, 1001, 1001, 1001, 1001, 1500, 1500, 1500, 1500]
[1500, 1500, 988, 1500, 988, 988, 988, 988, 1001, 1001, 1001, 1001, 1500, 1500, 1500, 1500]
[1500, 1500, 988, 1500, 988, 988, 988, 988, 1001, 1001, 1001, 1001, 1500, 1500, 1500, 1500]
[1500, 1500, 988, 1500, 988, 988, 988, 988, 1001, 1001, 1001, 1001, 1500, 1500, 1500, 1500]
[1500, 1500, 988, 1500, 988, 988, 988, 988, 1001, 1001, 1001, 1001, 1500, 1500, 1500, 1500]
[1500, 1499, 988, 1500, 988, 988, 988, 988, 1001, 1001, 1001, 1001, 1500, 1500, 1500, 1500]
[1500, 1499, 988, 1500, 988, 988, 988, 988, 1001, 1001, 1001, 1001, 1500, 1500, 1500, 1500]
12:56:32.556588 ALT: 1.89
12:56:32.556712 ATT: [0.0, 0.8, 113]
12:56:32.557119 ACC: [-7, 0, 516]
[1500, 1499, 988, 1500, 988, 988, 988, 988, 1001, 1001, 1001, 1001, 1500, 1500, 1500, 1500]
[1500, 1500, 988, 1500, 988, 988, 988, 988, 1001, 1001, 1001, 1001, 1500, 1500, 1500, 1500]
[1500, 1500, 988, 1500, 988, 988, 988, 988, 1001, 1001, 1001, 1001, 1500, 1500, 1500, 1500]
[1500, 1500, 988, 1500, 988, 988, 988, 988, 1001, 1001, 1001, 1001, 1500, 1500, 1500, 1500]
[1500, 1500, 988, 1500, 988, 989, 986, 988, 1001, 1001, 1001, 1001, 1500, 1500, 1500, 1500]
[1500, 1500, 988, 1500, 988, 989, 986, 988, 1001, 1001, 1001, 1001, 1500, 1500, 1500, 1500]
[1500, 1500, 988, 1500, 988, 989, 986, 988, 1001, 1001, 1001, 1001, 1500, 1500, 1500, 1500]
[1500, 1500, 988, 1500, 988, 988, 988, 988, 1001, 1001, 1001, 1001, 1500, 1500, 1500, 1500]
12:56:32.611047 ALT: 1.93
12:56:32.611185 ATT: [0.0, 0.8, 113]
12:56:32.611825 ACC: [-7, 0, 515]
[1500, 1500, 988, 1500, 988, 988, 988, 988, 1001, 1001, 1001, 1001, 1500, 1500, 1500, 1500]
[1500, 1500, 988, 1500, 988, 988, 988, 988, 1001, 1001, 1001, 1001, 1500, 1500, 1500, 1500]
[1500, 1500, 988, 1500, 988, 988, 988, 988, 1001, 1001, 1001, 1001, 1500, 1500, 1500, 1500]
[1500, 1500, 988, 1500, 988, 988, 988, 988, 1001, 1001, 1001, 1001, 1500, 1500, 1500, 1500]
[1500, 1500, 988, 1500, 988, 988, 988, 988, 1001, 1001, 1001, 1001, 1500, 1500, 1500, 1500]
[1500, 1499, 988, 1500, 988, 988, 988, 988, 1001, 1001, 1001, 1001, 1500, 1500, 1500, 1500]
12:56:32.658212 ALT: 1.95
12:56:32.658357 ATT: [0.0, 0.8, 113]
12:56:32.659085 ACC: [-7, 0, 515]
[1500, 1499, 988, 1500, 988, 988, 988, 988, 1001, 1001, 1001, 1001, 1500, 1500, 1500, 1500]
[1500, 1499, 988, 1500, 988, 988, 988, 988, 1001, 1001, 1001, 1001, 1500, 1500, 1500, 1500]
[1500, 1500, 988, 1499, 988, 988, 988, 988, 1001, 1001, 1001, 1001, 1500, 1500, 1500, 1500]
[1500, 1500, 988, 1499, 988, 988, 988, 988, 1001, 1001, 1001, 1001, 1500, 1500, 1500, 1500]
[1500, 1500, 988, 1499, 988, 988, 988, 988, 1001, 1001, 1001, 1001, 1500, 1500, 1500, 1500]
[1500, 1500, 988, 1500, 988, 988, 988, 988, 1001, 1001, 1001, 1001, 1500, 1500, 1500, 1500]
[1500, 1500, 988, 1500, 988, 988, 988, 988, 1001, 1001, 1001, 1001, 1500, 1500, 1500, 1500]
[1500, 1500, 988, 1500, 988, 988, 988, 988, 1001, 1001, 1001, 1001, 1500, 1500, 1500, 1500]
12:56:32.707804 ALT: 1.97
12:56:32.707909 ATT: [0.0, 0.8, 113]
[1500, 1500, 988, 1500, 988, 988, 988, 988, 1001, 1001, 1001, 1001, 1500, 1500, 1500, 1500]
12:56:32.710775 ACC: [-7, 1, 515]
[1500, 1500, 988, 1500, 988, 988, 988, 988, 1001, 1001, 1001, 1001, 1500, 1500, 1500, 1500]
[1500, 1500, 988, 1500, 988, 988, 988, 988, 1001, 1001, 1001, 1001, 1500, 1500, 1500, 1500]
[1500, 1500, 988, 1500, 988, 988, 988, 988, 1001, 1001, 1001, 1001, 1500, 1500, 1500, 1500]
[1500, 1500, 988, 1500, 988, 988, 988, 988, 1001, 1001, 1001, 1001, 1500, 1500, 1500, 1500]
[1500, 1500, 988, 1500, 988, 988, 988, 988, 1001, 1001, 1001, 1001, 1500, 1500, 1500, 1500]
12:56:32.748449 ALT: 1.97
12:56:32.748799 ATT: [0.0, 0.8, 113]
12:56:32.749207 ACC: [-7, 0, 515]
[1500, 1501, 985, 1500, 988, 988, 988, 988, 1001, 1001, 1001, 1001, 1500, 1500, 1500, 1500]
[1500, 1501, 985, 1500, 988, 988, 988, 988, 1001, 1001, 1001, 1001, 1500, 1500, 1500, 1500]
[1500, 1501, 985, 1500, 988, 988, 988, 988, 1001, 1001, 1001, 1001, 1500, 1500, 1500, 1500]
[1500, 1500, 988, 1500, 988, 988, 988, 988, 1001, 1001, 1001, 1001, 1500, 1500, 1500, 1500]
[1500, 1500, 988, 1500, 988, 988, 988, 988, 1001, 1001, 1001, 1001, 1500, 1500, 1500, 1500]
[1500, 1500, 988, 1500, 988, 988, 988, 988, 1001, 1001, 1001, 1001, 1500, 1500, 1500, 1500]
[1500, 1499, 988, 1500, 988, 988, 988, 988, 1001, 1001, 1001, 1001, 1500, 1500, 1500, 1500]
[1500, 1499, 988, 1500, 988, 988, 988, 988, 1001, 1001, 1001, 1001, 1500, 1500, 1500, 1500]
12:56:32.798127 ALT: 1.97
12:56:32.798224 ATT: [0.0, 0.8, 113]
12:56:32.798504 ACC: [-7, 0, 515]
[1500, 1499, 988, 1500, 988, 988, 988, 988, 1001, 1001, 1001, 1001, 1500, 1500, 1500, 1500]
[1500, 1500, 989, 1499, 988, 988, 988, 988, 1001, 1001, 1001, 1001, 1500, 1500, 1500, 1500]
[1500, 1500, 989, 1499, 988, 988, 988, 989, 1001, 1001, 1001, 1001, 1500, 1500, 1500, 1500]
[1499, 1500, 989, 1499, 988, 988, 988, 989, 1001, 1001, 1001, 1001, 1500, 1500, 1500, 1500]
[1499, 1500, 988, 1500, 988, 988, 988, 989, 1001, 1001, 1001, 1001, 1500, 1500, 1500, 1500]
[1499, 1500, 988, 1500, 988, 988, 988, 988, 1001, 1001, 1001, 1001, 1500, 1500, 1500, 1500]
[1500, 1500, 988, 1500, 988, 988, 988, 988, 1001, 1001, 1001, 1001, 1500, 1500, 1500, 1500]
12:56:32.844825 ALT: 1.97
12:56:32.844919 ATT: [0.0, 0.8, 113]
12:56:32.845193 ACC: [-7, 0, 515]
[1500, 1500, 988, 1500, 988, 988, 988, 988, 1001, 1001, 1001, 1001, 1500, 1500, 1500, 1500]
[1500, 1500, 988, 1500, 988, 988, 988, 988, 1001, 1001, 1001, 1001, 1500, 1500, 1500, 1500]
[1500, 1500, 988, 1500, 988, 988, 988, 988, 1001, 1001, 1001, 1001, 1500, 1500, 1500, 1500]
[1500, 1500, 988, 1500, 988, 988, 988, 988, 1001, 1001, 1001, 1001, 1500, 1500, 1500, 1500]
[1500, 1500, 988, 1500, 988, 988, 988, 988, 1001, 1001, 1001, 1001, 1500, 1500, 1500, 1500]
[1500, 1500, 988, 1500, 988, 988, 988, 988, 1001, 1001, 1001, 1001, 1500, 1500, 1500, 1500]
[1500, 1500, 988, 1500, 988, 988, 988, 988, 1001, 1001, 1001, 1001, 1500, 1500, 1500, 1500]
12:56:32.893252 ALT: 1.97
12:56:32.893704 ATT: [0.0, 0.8, 113]
12:56:32.894334 ACC: [-8, 0, 515]
[1500, 1500, 988, 1500, 988, 988, 988, 988, 1001, 1001, 1001, 1001, 1500, 1500, 1500, 1500]
[1500, 1500, 988, 1500, 988, 988, 988, 988, 1001, 1001, 1001, 1001, 1500, 1500, 1500, 1500]
[1500, 1500, 988, 1500, 988, 988, 989, 988, 1001, 1001, 1001, 1001, 1500, 1500, 1500, 1500]
[1500, 1500, 988, 1500, 988, 988, 989, 986, 1001, 1001, 1001, 1001, 1500, 1500, 1500, 1500]
[1500, 1500, 988, 1500, 988, 988, 989, 986, 1001, 1001, 1001, 1001, 1500, 1500, 1500, 1500]
[1500, 1499, 988, 1500, 988, 988, 988, 986, 1001, 1001, 1001, 1001, 1500, 1500, 1500, 1500]
[1500, 1499, 988, 1500, 988, 988, 988, 988, 1001, 1001, 1001, 1001, 1500, 1500, 1500, 1500]
12:56:32.940794 ALT: 1.97
12:56:32.940935 ATT: [0.0, 0.8, 113]
12:56:32.941654 ACC: [-7, 1, 515]
[1500, 1499, 988, 1500, 988, 988, 988, 988, 1001, 1001, 1001, 1001, 1500, 1500, 1500, 1500]
[1500, 1500, 988, 1499, 988, 988, 988, 988, 1001, 1001, 1001, 1001, 1500, 1500, 1500, 1500]
[1500, 1500, 988, 1499, 988, 988, 988, 988, 1001, 1001, 1001, 1001, 1500, 1500, 1500, 1500]
[1500, 1500, 988, 1499, 988, 988, 988, 988, 1001, 1001, 1001, 1001, 1500, 1500, 1500, 1500]
[1500, 1500, 988, 1500, 988, 988, 988, 988, 1001, 1001, 1001, 1001, 1500, 1500, 1500, 1500]
[1500, 1500, 988, 1500, 988, 988, 988, 988, 1001, 1001, 1001, 1001, 1500, 1500, 1500, 1500]
[1500, 1500, 988, 1500, 988, 988, 988, 988, 1001, 1001, 1001, 1001, 1500, 1500, 1500, 1500]
[1500, 1500, 988, 1500, 988, 988, 988, 988, 1001, 1001, 1001, 1001, 1500, 1500, 1500, 1500]
12:56:32.992819 ALT: 1.97
12:56:32.993869 ATT: [0.0, 0.8, 113]
12:56:32.994388 ACC: [-7, 1, 515]
[1500, 1500, 988, 1500, 988, 988, 988, 988, 1001, 1001, 1001, 1001, 1500, 1500, 1500, 1500]
[1500, 1500, 988, 1500, 988, 988, 988, 988, 1001, 1001, 1001, 1001, 1500, 1500, 1500, 1500]
[1500, 1499, 988, 1500, 988, 988, 988, 988, 1001, 1001, 1001, 1001, 1500, 1500, 1500, 1500]
[1500, 1499, 988, 1500, 988, 988, 988, 988, 1001, 1001, 1001, 1001, 1500, 1500, 1500, 1500]
[1499, 1499, 988, 1500, 988, 988, 988, 988, 1001, 1001, 1001, 1001, 1500, 1500, 1500, 1500]
[1499, 1500, 988, 1500, 988, 988, 988, 988, 1001, 1001, 1001, 1001, 1500, 1500, 1500, 1500]
[1499, 1500, 988, 1500, 988, 988, 988, 988, 1001, 1001, 1001, 1001, 1500, 1500, 1500, 1500]
12:56:33.036505 ALT: 1.97
12:56:33.036638 ATT: [0.0, 0.8, 113]
12:56:33.036952 ACC: [-7, 1, 515]
[1500, 1500, 988, 1500, 988, 988, 988, 988, 1001, 1001, 1001, 1001, 1500, 1500, 1500, 1500]
[1500, 1500, 988, 1499, 988, 988, 988, 988, 1001, 1001, 1001, 1001, 1500, 1500, 1500, 1500]
[1500, 1500, 988, 1499, 988, 988, 988, 988, 1001, 1001, 1001, 1001, 1500, 1500, 1500, 1500]
[1500, 1500, 988, 1499, 988, 988, 988, 988, 1001, 1001, 1001, 1001, 1500, 1500, 1500, 1500]
[1500, 1500, 988, 1500, 988, 988, 988, 988, 1001, 1001, 1001, 1001, 1500, 1500, 1500, 1500]
[1500, 1500, 988, 1500, 988, 988, 988, 988, 1001, 1001, 1001, 1001, 1500, 1500, 1500, 1500]
[1500, 1500, 988, 1500, 988, 988, 988, 988, 1001, 1001, 1001, 1001, 1500, 1500, 1500, 1500]
12:56:33.084492 ALT: 1.97
12:56:33.084622 ATT: [0.0, 0.8, 113]
12:56:33.084991 ACC: [-8, 0, 515]
[1500, 1500, 988, 1500, 988, 988, 988, 988, 1001, 1001, 1001, 1001, 1500, 1500, 1500, 1500]
[1500, 1500, 988, 1500, 988, 988, 988, 988, 1001, 1001, 1001, 1001, 1500, 1500, 1500, 1500]
[1500, 1500, 988, 1500, 988, 988, 988, 988, 1001, 1001, 1001, 1001, 1500, 1500, 1500, 1500]
[1500, 1500, 988, 1500, 988, 989, 986, 988, 1001, 1001, 1001, 1001, 1500, 1500, 1500, 1500]
[1500, 1500, 988, 1500, 988, 989, 986, 988, 1001, 1001, 1001, 1001, 1500, 1500, 1500, 1500]
[1499, 1500, 988, 1500, 988, 989, 986, 988, 1001, 1001, 1001, 1001, 1500, 1500, 1500, 1500]
[1499, 1500, 988, 1500, 988, 988, 988, 988, 1001, 1001, 1001, 1001, 1500, 1500, 1500, 1500]
[1499, 1500, 988, 1500, 988, 988, 988, 988, 1001, 1001, 1001, 1001, 1500, 1500, 1500, 1500]
[1499, 1500, 988, 1500, 988, 988, 988, 988, 1001, 1001, 1001, 1001, 1500, 1500, 1500, 1500]
[1499, 1500, 988, 1500, 988, 988, 988, 988, 1001, 1001, 1001, 1001, 1500, 1500, 1500, 1500]
12:56:33.153684 ALT: 1.97
12:56:33.153878 ATT: [0.0, 0.9, 113]
12:56:33.154200 ACC: [-7, 1, 515]
[1499, 1500, 988, 1500, 988, 988, 988, 988, 1001, 1001, 1001, 1001, 1500, 1500, 1500, 1500]
[1500, 1500, 988, 1500, 988, 988, 988, 988, 1001, 1001, 1001, 1001, 1500, 1500, 1500, 1500]
[1500, 1500, 988, 1499, 988, 988, 988, 988, 1001, 1001, 1001, 1001, 1500, 1500, 1500, 1500]
[1500, 1500, 988, 1499, 988, 988, 988, 988, 1001, 1001, 1001, 1001, 1500, 1500, 1500, 1500]
[1500, 1500, 988, 1499, 988, 988, 988, 988, 1001, 1001, 1001, 1001, 1500, 1500, 1500, 1500]
[1500, 1499, 988, 1500, 988, 988, 988, 988, 1001, 1001, 1001, 1001, 1500, 1500, 1500, 1500]
12:56:33.196971 ALT: 1.97
12:56:33.197325 ATT: [0.0, 0.8, 113]
12:56:33.198781 ACC: [-7, 0, 515]
[1500, 1499, 988, 1500, 988, 988, 988, 988, 1001, 1001, 1001, 1001, 1500, 1500, 1500, 1500]
[1500, 1499, 988, 1500, 988, 988, 988, 988, 1001, 1001, 1001, 1001, 1500, 1500, 1500, 1500]
[1500, 1499, 988, 1499, 988, 988, 988, 988, 1001, 1001, 1001, 1001, 1500, 1500, 1500, 1500]
[1500, 1499, 988, 1499, 988, 988, 988, 988, 1001, 1001, 1001, 1001, 1500, 1500, 1500, 1500]
[1500, 1499, 988, 1499, 988, 988, 988, 988, 1001, 1001, 1001, 1001, 1500, 1500, 1500, 1500]
[1500, 1499, 988, 1500, 988, 988, 988, 988, 1001, 1001, 1001, 1001, 1500, 1500, 1500, 1500]
[1500, 1499, 988, 1500, 988, 988, 988, 988, 1001, 1001, 1001, 1001, 1500, 1500, 1500, 1500]
[1500, 1499, 988, 1500, 988, 988, 988, 988, 1001, 1001, 1001, 1001, 1500, 1500, 1500, 1500]
12:56:33.245801 ALT: 1.97
12:56:33.245920 ATT: [0.0, 0.8, 113]
12:56:33.246245 ACC: [-7, 1, 515]
[1500, 1500, 988, 1500, 988, 988, 988, 988, 1001, 1001, 1001, 1001, 1500, 1500, 1500, 1500]
[1500, 1500, 988, 1500, 988, 988, 988, 988, 1001, 1001, 1001, 1001, 1500, 1500, 1500, 1500]
[1500, 1500, 988, 1500, 988, 988, 988, 988, 1001, 1001, 1001, 1001, 1500, 1500, 1500, 1500]
[1500, 1500, 988, 1500, 988, 988, 988, 988, 1001, 1001, 1001, 1001, 1500, 1500, 1500, 1500]
[1500, 1500, 988, 1500, 988, 988, 988, 988, 1001, 1001, 1001, 1001, 1500, 1500, 1500, 1500]
[1499, 1500, 988, 1500, 988, 988, 988, 988, 1001, 1001, 1001, 1001, 1500, 1500, 1500, 1500]
[1499, 1500, 988, 1500, 988, 988, 988, 988, 1001, 1001, 1001, 1001, 1500, 1500, 1500, 1500]
12:56:33.292650 ALT: 1.97
12:56:33.292768 ATT: [0.0, 0.8, 113]
12:56:33.293380 ACC: [-7, 1, 515]
[1499, 1500, 988, 1500, 988, 988, 988, 988, 1001, 1001, 1001, 1001, 1500, 1500, 1500, 1500]
[1500, 1500, 988, 1500, 988, 988, 988, 988, 1001, 1001, 1001, 1001, 1500, 1500, 1500, 1500]
[1500, 1500, 988, 1500, 988, 988, 988, 988, 1001, 1001, 1001, 1001, 1500, 1500, 1500, 1500]
[1500, 1500, 988, 1500, 988, 988, 988, 988, 1001, 1001, 1001, 1001, 1500, 1500, 1500, 1500]
[1499, 1500, 988, 1500, 988, 988, 988, 988, 1001, 1001, 1001, 1001, 1500, 1500, 1500, 1500]
[1499, 1500, 988, 1500, 988, 988, 988, 988, 1001, 1001, 1001, 1001, 1500, 1500, 1500, 1500]
[1499, 1500, 988, 1500, 988, 988, 988, 988, 1001, 1001, 1001, 1001, 1500, 1500, 1500, 1500]
12:56:33.340654 ALT: 1.97
12:56:33.340782 ATT: [0.0, 0.8, 113]
12:56:33.341781 ACC: [-8, 1, 515]
[1500, 1500, 988, 1500, 988, 988, 988, 988, 1001, 1001, 1001, 1001, 1500, 1500, 1500, 1500]
[1500, 1500, 988, 1500, 988, 988, 988, 988, 1001, 1001, 1001, 1001, 1500, 1500, 1500, 1500]
[1500, 1500, 988, 1500, 988, 988, 988, 988, 1001, 1001, 1001, 1001, 1500, 1500, 1500, 1500]
[1500, 1500, 988, 1500, 988, 988, 988, 988, 1001, 1001, 1001, 1001, 1500, 1500, 1500, 1500]
[1500, 1500, 988, 1500, 986, 986, 988, 988, 1001, 1001, 1001, 1001, 1500, 1500, 1500, 1500]
[1500, 1500, 988, 1500, 986, 986, 988, 988, 1001, 1001, 1001, 1001, 1500, 1500, 1500, 1500]
[1499, 1500, 988, 1500, 986, 986, 988, 988, 1001, 1001, 1001, 1001, 1500, 1500, 1500, 1500]
12:56:33.388653 ALT: 1.97
12:56:33.389934 ATT: [0.0, 0.8, 113]
12:56:33.393536 ACC: [-7, 1, 515]
[1499, 1500, 988, 1499, 988, 988, 988, 988, 1001, 1001, 1001, 1001, 1500, 1500, 1500, 1500]
[1499, 1500, 988, 1499, 988, 988, 988, 988, 1001, 1001, 1001, 1001, 1500, 1500, 1500, 1500]
[1500, 1500, 988, 1499, 988, 988, 988, 988, 1001, 1001, 1001, 1001, 1500, 1500, 1500, 1500]
[1500, 1499, 988, 1500, 988, 988, 988, 988, 1001, 1001, 1001, 1001, 1500, 1500, 1500, 1500]
[1500, 1499, 988, 1500, 988, 988, 988, 988, 1001, 1001, 1001, 1001, 1500, 1500, 1500, 1500]
[1500, 1499, 988, 1500, 988, 988, 988, 988, 1001, 1001, 1001, 1001, 1500, 1500, 1500, 1500]
[1500, 1500, 988, 1500, 988, 988, 988, 988, 1001, 1001, 1001, 1001, 1500, 1500, 1500, 1500]
[1500, 1500, 988, 1500, 988, 988, 988, 988, 1001, 1001, 1001, 1001, 1500, 1500, 1500, 1500]
12:56:33.436869 ALT: 1.97
12:56:33.437054 ATT: [0.0, 0.8, 113]
12:56:33.437838 ACC: [-7, 1, 515]
[1500, 1500, 988, 1500, 988, 988, 988, 988, 1001, 1001, 1001, 1001, 1500, 1500, 1500, 1500]
[1500, 1499, 988, 1500, 988, 989, 986, 988, 1001, 1001, 1001, 1001, 1500, 1500, 1500, 1500]
[1500, 1499, 988, 1500, 988, 989, 986, 988, 1001, 1001, 1001, 1001, 1500, 1500, 1500, 1500]
[1500, 1499, 988, 1500, 988, 989, 986, 988, 1001, 1001, 1001, 1001, 1500, 1500, 1500, 1500]
[1500, 1499, 988, 1500, 988, 988, 988, 988, 1001, 1001, 1001, 1001, 1500, 1500, 1500, 1500]
[1500, 1499, 988, 1500, 988, 988, 988, 988, 1001, 1001, 1001, 1001, 1500, 1500, 1500, 1500]
[1500, 1499, 988, 1500, 988, 988, 988, 988, 1001, 1001, 1001, 1001, 1500, 1500, 1500, 1500]
12:56:33.488509 ALT: 1.97
12:56:33.488928 ATT: [0.0, 0.8, 113]
12:56:33.489799 ACC: [-7, 1, 515]
[1500, 1499, 988, 1499, 988, 988, 989, 988, 1001, 1001, 1001, 1001, 1500, 1500, 1500, 1500]
[1500, 1499, 988, 1499, 988, 988, 989, 986, 1001, 1001, 1001, 1001, 1500, 1500, 1500, 1500]
[1500, 1499, 988, 1499, 988, 988, 989, 986, 1001, 1001, 1001, 1001, 1500, 1500, 1500, 1500]
[1500, 1500, 988, 1500, 988, 988, 988, 986, 1001, 1001, 1001, 1001, 1500, 1500, 1500, 1500]
[1500, 1500, 988, 1500, 988, 988, 988, 988, 1001, 1001, 1001, 1001, 1500, 1500, 1500, 1500]
[1500, 1500, 988, 1500, 988, 988, 988, 988, 1001, 1001, 1001, 1001, 1500, 1500, 1500, 1500]
[1500, 1500, 988, 1500, 988, 988, 988, 988, 1001, 1001, 1001, 1001, 1500, 1500, 1500, 1500]
[1500, 1500, 988, 1500, 988, 988, 988, 988, 1001, 1001, 1001, 1001, 1500, 1500, 1500, 1500]
[1500, 1500, 988, 1500, 988, 988, 988, 988, 1001, 1001, 1001, 1001, 1500, 1500, 1500, 1500]
12:56:33.548911 ALT: 1.97
12:56:33.549064 ATT: [0.0, 0.8, 113]
12:56:33.549606 ACC: [-8, 0, 515]
[1500, 1500, 988, 1500, 988, 988, 988, 988, 1001, 1001, 1001, 1001, 1500, 1500, 1500, 1500]
[1500, 1500, 988, 1500, 988, 988, 988, 988, 1001, 1001, 1001, 1001, 1500, 1500, 1500, 1500]
[1500, 1500, 988, 1500, 988, 988, 988, 988, 1001, 1001, 1001, 1001, 1500, 1500, 1500, 1500]
[1500, 1500, 988, 1500, 988, 988, 988, 988, 1001, 1001, 1001, 1001, 1500, 1500, 1500, 1500]
[1500, 1500, 988, 1500, 988, 988, 988, 988, 1001, 1001, 1001, 1001, 1500, 1500, 1500, 1500]
[1500, 1500, 988, 1500, 988, 988, 988, 988, 1001, 1001, 1001, 1001, 1500, 1500, 1500, 1500]
[1500, 1500, 988, 1499, 988, 989, 986, 988, 1001, 1001, 1001, 1001, 1500, 1500, 1500, 1500]
[1500, 1500, 988, 1499, 988, 989, 986, 988, 1001, 1001, 1001, 1001, 1500, 1500, 1500, 1500]
12:56:33.597599 ALT: 1.97
12:56:33.597746 ATT: [0.0, 0.8, 113]
12:56:33.598119 ACC: [-7, 1, 515]
[1499, 1500, 988, 1499, 988, 989, 986, 988, 1001, 1001, 1001, 1001, 1500, 1500, 1500, 1500]
[1499, 1500, 988, 1500, 988, 988, 988, 988, 1001, 1001, 1001, 1001, 1500, 1500, 1500, 1500]
[1499, 1500, 988, 1500, 988, 988, 988, 988, 1001, 1001, 1001, 1001, 1500, 1500, 1500, 1500]
[1500, 1500, 988, 1500, 988, 988, 988, 988, 1001, 1001, 1001, 1001, 1500, 1500, 1500, 1500]
[1500, 1500, 988, 1499, 988, 988, 988, 988, 1001, 1001, 1001, 1001, 1500, 1500, 1500, 1500]
[1500, 1500, 988, 1499, 988, 988, 988, 988, 1001, 1001, 1001, 1001, 1500, 1500, 1500, 1500]
[1500, 1500, 988, 1499, 988, 988, 988, 988, 1001, 1001, 1001, 1001, 1500, 1500, 1500, 1500]
12:56:33.644848 ALT: 1.97
12:56:33.645036 ATT: [0.0, 0.8, 113]
12:56:33.645741 ACC: [-7, 1, 515]
[1500, 1500, 988, 1500, 988, 988, 988, 988, 1001, 1001, 1001, 1001, 1500, 1500, 1500, 1500]
[1500, 1500, 988, 1500, 988, 988, 988, 988, 1001, 1001, 1001, 1001, 1500, 1500, 1500, 1500]
[1500, 1500, 988, 1500, 988, 988, 988, 988, 1001, 1001, 1001, 1001, 1500, 1500, 1500, 1500]
[1500, 1499, 988, 1500, 988, 988, 988, 988, 1001, 1001, 1001, 1001, 1500, 1500, 1500, 1500]
[1500, 1499, 988, 1500, 988, 988, 988, 988, 1001, 1001, 1001, 1001, 1500, 1500, 1500, 1500]
[1499, 1499, 988, 1500, 988, 988, 988, 988, 1001, 1001, 1001, 1001, 1500, 1500, 1500, 1500]
[1499, 1499, 988, 1499, 988, 988, 988, 988, 1001, 1001, 1001, 1001, 1500, 1500, 1500, 1500]
[1499, 1499, 988, 1499, 988, 988, 988, 988, 1001, 1001, 1001, 1001, 1500, 1500, 1500, 1500]
[1500, 1499, 988, 1499, 988, 988, 988, 988, 1001, 1001, 1001, 1001, 1500, 1500, 1500, 1500]
[1500, 1500, 988, 1500, 988, 988, 988, 988, 1001, 1001, 1001, 1001, 1500, 1500, 1500, 1500]
12:56:33.715553 ALT: 1.97
12:56:33.715784 ATT: [0.0, 0.8, 113]
12:56:33.717459 ACC: [-7, 0, 515]
[1500, 1500, 988, 1500, 988, 988, 988, 988, 1001, 1001, 1001, 1001, 1500, 1500, 1500, 1500]
[1499, 1500, 988, 1500, 988, 988, 988, 988, 1001, 1001, 1001, 1001, 1500, 1500, 1500, 1500]
[1499, 1500, 988, 1500, 988, 988, 988, 988, 1001, 1001, 1001, 1001, 1500, 1500, 1500, 1500]
[1499, 1500, 988, 1500, 988, 988, 988, 988, 1001, 1001, 1001, 1001, 1500, 1500, 1500, 1500]
[1499, 1500, 988, 1500, 988, 988, 988, 988, 1001, 1001, 1001, 1001, 1500, 1500, 1500, 1500]
[1499, 1500, 988, 1499, 988, 988, 988, 988, 1001, 1001, 1001, 1001, 1500, 1500, 1500, 1500]
12:56:33.756718 ALT: 1.97
12:56:33.756923 ATT: [0.0, 0.8, 113]
12:56:33.757648 ACC: [-7, 1, 515]
[1499, 1500, 988, 1499, 988, 988, 988, 988, 1001, 1001, 1001, 1001, 1500, 1500, 1500, 1500]
[1500, 1500, 988, 1499, 988, 988, 988, 988, 1001, 1001, 1001, 1001, 1500, 1500, 1500, 1500]
[1500, 1500, 988, 1500, 988, 988, 988, 988, 1001, 1001, 1001, 1001, 1500, 1500, 1500, 1500]
[1500, 1500, 988, 1500, 988, 988, 988, 988, 1001, 1001, 1001, 1001, 1500, 1500, 1500, 1500]
[1500, 1500, 988, 1500, 988, 988, 988, 988, 1001, 1001, 1001, 1001, 1500, 1500, 1500, 1500]
[1500, 1500, 988, 1500, 988, 988, 988, 988, 1001, 1001, 1001, 1001, 1500, 1500, 1500, 1500]
[1500, 1500, 988, 1500, 988, 988, 988, 988, 1001, 1001, 1001, 1001, 1500, 1500, 1500, 1500]
[1500, 1500, 988, 1500, 988, 988, 988, 988, 1001, 1001, 1001, 1001, 1500, 1500, 1500, 1500]
12:56:33.804907 ALT: 1.97
12:56:33.805106 ATT: [0.0, 0.8, 113]
12:56:33.805761 ACC: [-7, 0, 515]
[1500, 1500, 988, 1500, 988, 988, 988, 988, 1001, 1001, 1001, 1001, 1500, 1500, 1500, 1500]
[1500, 1500, 988, 1500, 988, 988, 988, 988, 1001, 1001, 1001, 1001, 1500, 1500, 1500, 1500]
[1500, 1500, 988, 1500, 988, 988, 988, 988, 1001, 1001, 1001, 1001, 1500, 1500, 1500, 1500]
[1500, 1500, 988, 1500, 988, 988, 988, 988, 1001, 1001, 1001, 1001, 1500, 1500, 1500, 1500]
[1500, 1500, 988, 1500, 988, 988, 988, 988, 1001, 1001, 1001, 1001, 1500, 1500, 1500, 1500]
[1500, 1500, 988, 1500, 988, 988, 988, 988, 1001, 1001, 1001, 1001, 1500, 1500, 1500, 1500]
[1500, 1500, 988, 1499, 988, 988, 988, 988, 1001, 1001, 1001, 1001, 1500, 1500, 1500, 1500]
12:56:33.852687 ALT: 1.97
12:56:33.852846 ATT: [0.0, 0.8, 113]
12:56:33.853368 ACC: [-7, 0, 515]
[1500, 1500, 988, 1499, 988, 988, 988, 988, 1001, 1001, 1001, 1001, 1500, 1500, 1500, 1500]
[1499, 1500, 988, 1499, 988, 988, 988, 988, 1001, 1001, 1001, 1001, 1500, 1500, 1500, 1500]
[1499, 1500, 988, 1500, 988, 988, 988, 988, 1001, 1001, 1001, 1001, 1500, 1500, 1500, 1500]
[1499, 1500, 988, 1500, 988, 988, 988, 988, 1001, 1001, 1001, 1001, 1500, 1500, 1500, 1500]
[1500, 1500, 988, 1500, 988, 988, 988, 988, 1001, 1001, 1001, 1001, 1500, 1500, 1500, 1500]
[1500, 1499, 988, 1499, 988, 988, 988, 988, 1001, 1001, 1001, 1001, 1500, 1500, 1500, 1500]
[1500, 1499, 988, 1499, 988, 988, 988, 988, 1001, 1001, 1001, 1001, 1500, 1500, 1500, 1500]
12:56:33.900688 ALT: 1.97
12:56:33.900800 ATT: [0.0, 0.8, 113]
12:56:33.901129 ACC: [-7, 1, 515]
[1499, 1499, 988, 1499, 988, 988, 988, 988, 1001, 1001, 1001, 1001, 1500, 1500, 1500, 1500]
[1499, 1500, 988, 1499, 988, 988, 988, 988, 1001, 1001, 1001, 1001, 1500, 1500, 1500, 1500]
[1499, 1500, 988, 1499, 988, 988, 988, 988, 1001, 1001, 1001, 1001, 1500, 1500, 1500, 1500]
[1500, 1500, 988, 1499, 988, 988, 988, 988, 1001, 1001, 1001, 1001, 1500, 1500, 1500, 1500]
[1500, 1500, 988, 1500, 988, 986, 988, 988, 1001, 1001, 1001, 1001, 1500, 1500, 1500, 1500]
[1500, 1500, 988, 1500, 988, 986, 988, 988, 1001, 1001, 1001, 1001, 1500, 1500, 1500, 1500]
[1500, 1500, 988, 1500, 988, 986, 988, 988, 1001, 1001, 1001, 1001, 1500, 1500, 1500, 1500]
12:56:33.948569 ALT: 1.97
12:56:33.948666 ATT: [0.0, 0.8, 113]
12:56:33.948980 ACC: [-8, 1, 515]
[1500, 1500, 988, 1500, 988, 988, 988, 988, 1001, 1001, 1001, 1001, 1500, 1500, 1500, 1500]
[1500, 1500, 988, 1500, 988, 988, 988, 988, 1001, 1001, 1001, 1001, 1500, 1500, 1500, 1500]
[1500, 1500, 988, 1500, 988, 988, 988, 988, 1001, 1001, 1001, 1001, 1500, 1500, 1500, 1500]
[1500, 1500, 988, 1500, 988, 988, 988, 988, 1001, 1001, 1001, 1001, 1500, 1500, 1500, 1500]
[1500, 1500, 988, 1500, 988, 988, 988, 988, 1001, 1001, 1001, 1001, 1500, 1500, 1500, 1500]
[1500, 1500, 988, 1500, 988, 988, 988, 988, 1001, 1001, 1001, 1001, 1500, 1500, 1500, 1500]
[1500, 1500, 988, 1499, 988, 988, 988, 988, 1001, 1001, 1001, 1001, 1500, 1500, 1500, 1500]
[1500, 1500, 988, 1499, 988, 988, 988, 988, 1001, 1001, 1001, 1001, 1500, 1500, 1500, 1500]
12:56:34.001709 ALT: 1.97
12:56:34.002015 ATT: [0.0, 0.8, 113]
12:56:34.002680 ACC: [-7, 0, 515]
[1500, 1500, 988, 1499, 988, 988, 988, 988, 1001, 1001, 1001, 1001, 1500, 1500, 1500, 1500]
[1500, 1499, 988, 1500, 988, 988, 988, 988, 1001, 1001, 1001, 1001, 1500, 1500, 1500, 1500]
[1500, 1499, 988, 1500, 988, 988, 988, 988, 1001, 1001, 1001, 1001, 1500, 1500, 1500, 1500]
[1500, 1499, 988, 1500, 988, 988, 988, 988, 1001, 1001, 1001, 1001, 1500, 1500, 1500, 1500]
[1500, 1500, 988, 1499, 988, 988, 988, 988, 1001, 1001, 1001, 1001, 1500, 1500, 1500, 1500]
[1500, 1500, 988, 1499, 988, 988, 988, 988, 1001, 1001, 1001, 1001, 1500, 1500, 1500, 1500]
[1500, 1500, 988, 1499, 988, 988, 988, 988, 1001, 1001, 1001, 1001, 1500, 1500, 1500, 1500]
12:56:34.045358 ALT: 1.97
12:56:34.045459 ATT: [0.0, 0.9, 113]
12:56:34.045779 ACC: [-8, 1, 515]
[1500, 1500, 988, 1500, 988, 988, 988, 988, 1001, 1001, 1001, 1001, 1500, 1500, 1500, 1500]
[1500, 1500, 988, 1500, 988, 988, 988, 988, 1001, 1001, 1001, 1001, 1500, 1500, 1500, 1500]
[1499, 1500, 988, 1500, 988, 988, 988, 988, 1001, 1001, 1001, 1001, 1500, 1500, 1500, 1500]
[1499, 1500, 988, 1499, 988, 988, 988, 988, 1001, 1001, 1001, 1001, 1500, 1500, 1500, 1500]
[1499, 1500, 988, 1499, 988, 988, 988, 988, 1001, 1001, 1001, 1001, 1500, 1500, 1500, 1500]
[1500, 1500, 988, 1499, 988, 988, 988, 988, 1001, 1001, 1001, 1001, 1500, 1500, 1500, 1500]
[1500, 1500, 988, 1500, 988, 988, 988, 988, 1001, 1001, 1001, 1001, 1500, 1500, 1500, 1500]
12:56:34.092499 ALT: 1.97
12:56:34.092613 ATT: [0.0, 0.9, 113]
12:56:34.092951 ACC: [-8, 1, 515]
[1500, 1500, 988, 1500, 988, 988, 988, 988, 1001, 1001, 1001, 1001, 1500, 1500, 1500, 1500]
[1499, 1500, 988, 1500, 988, 988, 988, 988, 1001, 1001, 1001, 1001, 1500, 1500, 1500, 1500]
[1499, 1500, 988, 1500, 988, 988, 989, 988, 1001, 1001, 1001, 1001, 1500, 1500, 1500, 1500]
[1499, 1500, 988, 1500, 988, 988, 989, 986, 1001, 1001, 1001, 1001, 1500, 1500, 1500, 1500]
[1500, 1500, 988, 1500, 988, 988, 989, 986, 1001, 1001, 1001, 1001, 1500, 1500, 1500, 1500]
[1500, 1500, 988, 1500, 988, 988, 988, 986, 1001, 1001, 1001, 1001, 1500, 1500, 1500, 1500]
[1500, 1500, 988, 1500, 988, 988, 988, 988, 1001, 1001, 1001, 1001, 1500, 1500, 1500, 1500]
12:56:34.141823 ALT: 1.97
12:56:34.141937 ATT: [0.0, 0.9, 113]
12:56:34.142387 ACC: [-7, 1, 515]
[1499, 1500, 988, 1500, 988, 988, 988, 988, 1001, 1001, 1001, 1001, 1500, 1500, 1500, 1500]
[1499, 1500, 988, 1500, 988, 988, 988, 988, 1001, 1001, 1001, 1001, 1500, 1500, 1500, 1500]
[1499, 1500, 988, 1500, 988, 988, 988, 988, 1001, 1001, 1001, 1001, 1500, 1500, 1500, 1500]
[1500, 1500, 988, 1500, 988, 988, 988, 988, 1001, 1001, 1001, 1001, 1500, 1500, 1500, 1500]
[1500, 1499, 988, 1500, 988, 988, 988, 988, 1001, 1001, 1001, 1001, 1500, 1500, 1500, 1500]
[1500, 1499, 988, 1500, 988, 988, 988, 988, 1001, 1001, 1001, 1001, 1500, 1500, 1500, 1500]
[1500, 1499, 988, 1500, 988, 988, 988, 988, 1001, 1001, 1001, 1001, 1500, 1500, 1500, 1500]
12:56:34.189605 ALT: 1.97
12:56:34.189758 ATT: [0.0, 0.9, 113]
12:56:34.190163 ACC: [-7, 0, 514]
[1500, 1500, 988, 1500, 988, 988, 988, 988, 1001, 1001, 1001, 1001, 1500, 1500, 1500, 1500]
[1500, 1500, 988, 1500, 988, 988, 988, 988, 1001, 1001, 1001, 1001, 1500, 1500, 1500, 1500]
[1500, 1500, 988, 1500, 988, 988, 988, 988, 1001, 1001, 1001, 1001, 1500, 1500, 1500, 1500]
[1500, 1500, 988, 1500, 988, 988, 988, 988, 1001, 1001, 1001, 1001, 1500, 1500, 1500, 1500]
[1500, 1500, 988, 1500, 988, 988, 988, 988, 1001, 1001, 1001, 1001, 1500, 1500, 1500, 1500]
[1500, 1500, 988, 1500, 988, 988, 988, 988, 1001, 1001, 1001, 1001, 1500, 1500, 1500, 1500]
[1500, 1500, 988, 1500, 988, 988, 988, 988, 1001, 1001, 1001, 1001, 1500, 1500, 1500, 1500]
[1500, 1500, 988, 1500, 988, 988, 988, 988, 1001, 1001, 1001, 1001, 1500, 1500, 1500, 1500]
[1499, 1500, 988, 1500, 988, 988, 988, 988, 1001, 1001, 1001, 1001, 1500, 1500, 1500, 1500]
[1499, 1500, 988, 1500, 989, 986, 988, 988, 1001, 1001, 1001, 1001, 1500, 1500, 1500, 1500]
12:56:34.253013 ALT: 1.97
12:56:34.253342 ATT: [0.0, 0.9, 113]
12:56:34.254166 ACC: [-7, 0, 515]
[1499, 1500, 988, 1500, 989, 986, 988, 988, 1001, 1001, 1001, 1001, 1500, 1500, 1500, 1500]
[1500, 1500, 988, 1500, 989, 986, 988, 988, 1001, 1001, 1001, 1001, 1500, 1500, 1500, 1500]
[1500, 1500, 988, 1500, 988, 988, 988, 988, 1001, 1001, 1001, 1001, 1500, 1500, 1500, 1500]
[1500, 1500, 988, 1500, 988, 988, 988, 988, 1001, 1001, 1001, 1001, 1500, 1500, 1500, 1500]
[1500, 1500, 988, 1500, 988, 988, 988, 988, 1001, 1001, 1001, 1001, 1500, 1500, 1500, 1500]
[1500, 1499, 988, 1500, 988, 988, 988, 988, 1001, 1001, 1001, 1001, 1500, 1500, 1500, 1500]
[1500, 1499, 988, 1500, 988, 988, 988, 988, 1001, 1001, 1001, 1001, 1500, 1500, 1500, 1500]
12:56:34.301455 ALT: 1.97
12:56:34.301607 ATT: [0.0, 0.9, 113]
12:56:34.301999 ACC: [-8, 1, 515]
[1500, 1499, 988, 1500, 988, 988, 988, 988, 1001, 1001, 1001, 1001, 1500, 1500, 1500, 1500]
[1500, 1499, 988, 1499, 988, 988, 988, 988, 1001, 1001, 1001, 1001, 1500, 1500, 1500, 1500]
[1500, 1499, 988, 1499, 988, 988, 988, 988, 1001, 1001, 1001, 1001, 1500, 1500, 1500, 1500]
[1500, 1499, 988, 1499, 988, 988, 988, 988, 1001, 1001, 1001, 1001, 1500, 1500, 1500, 1500]
[1500, 1500, 988, 1499, 988, 988, 988, 988, 1001, 1001, 1001, 1001, 1500, 1500, 1500, 1500]
[1500, 1500, 988, 1499, 988, 988, 988, 988, 1001, 1001, 1001, 1001, 1500, 1500, 1500, 1500]
[1500, 1500, 988, 1499, 988, 988, 988, 988, 1001, 1001, 1001, 1001, 1500, 1500, 1500, 1500]
[1500, 1500, 988, 1500, 988, 989, 985, 988, 1001, 1001, 1001, 1001, 1500, 1500, 1500, 1500]
[1500, 1500, 988, 1500, 988, 989, 985, 988, 1001, 1001, 1001, 1001, 1500, 1500, 1500, 1500]
[1500, 1500, 988, 1500, 988, 989, 985, 988, 1001, 1001, 1001, 1001, 1500, 1500, 1500, 1500]
12:56:34.365496 ALT: 1.97
12:56:34.365749 ATT: [0.0, 0.8, 113]
12:56:34.366305 ACC: [-7, 1, 515]
[1500, 1500, 988, 1500, 988, 988, 988, 988, 1001, 1001, 1001, 1001, 1500, 1500, 1500, 1500]
[1500, 1500, 988, 1500, 988, 988, 988, 988, 1001, 1001, 1001, 1001, 1500, 1500, 1500, 1500]
[1499, 1500, 988, 1500, 988, 988, 988, 988, 1001, 1001, 1001, 1001, 1500, 1500, 1500, 1500]
[1499, 1500, 988, 1500, 989, 988, 988, 988, 1001, 1001, 1001, 1001, 1500, 1500, 1500, 1500]
[1499, 1500, 988, 1500, 989, 988, 988, 986, 1001, 1001, 1001, 1001, 1500, 1500, 1500, 1500]
[1500, 1500, 988, 1500, 989, 988, 988, 986, 1001, 1001, 1001, 1001, 1500, 1500, 1500, 1500]
[1500, 1500, 988, 1499, 988, 988, 988, 986, 1001, 1001, 1001, 1001, 1500, 1500, 1500, 1500]
12:56:34.412589 ALT: 1.97
12:56:34.412702 ATT: [0.0, 0.8, 113]
12:56:34.413084 ACC: [-8, 1, 515]
[1500, 1500, 988, 1499, 988, 988, 988, 988, 1001, 1001, 1001, 1001, 1500, 1500, 1500, 1500]
[1500, 1500, 988, 1499, 988, 988, 988, 988, 1001, 1001, 1001, 1001, 1500, 1500, 1500, 1500]
[1500, 1499, 988, 1500, 988, 988, 988, 988, 1001, 1001, 1001, 1001, 1500, 1500, 1500, 1500]
[1500, 1499, 988, 1500, 988, 988, 988, 988, 1001, 1001, 1001, 1001, 1500, 1500, 1500, 1500]
[1500, 1499, 988, 1500, 988, 988, 988, 988, 1001, 1001, 1001, 1001, 1500, 1500, 1500, 1500]
[1500, 1500, 988, 1500, 988, 988, 988, 988, 1001, 1001, 1001, 1001, 1500, 1500, 1500, 1500]
[1500, 1500, 988, 1500, 988, 988, 988, 988, 1001, 1001, 1001, 1001, 1500, 1500, 1500, 1500]
[1500, 1500, 988, 1500, 988, 988, 988, 988, 1001, 1001, 1001, 1001, 1500, 1500, 1500, 1500]
12:56:34.464159 ALT: 1.97
12:56:34.464261 ATT: [0.0, 0.9, 113]
12:56:34.464585 ACC: [-8, 0, 515]
[1500, 1500, 988, 1499, 988, 988, 988, 988, 1001, 1001, 1001, 1001, 1500, 1500, 1500, 1500]
[1500, 1500, 988, 1499, 988, 988, 988, 988, 1001, 1001, 1001, 1001, 1500, 1500, 1500, 1500]
[1500, 1500, 988, 1499, 988, 988, 988, 988, 1001, 1001, 1001, 1001, 1500, 1500, 1500, 1500]
[1500, 1500, 988, 1500, 988, 988, 988, 988, 1001, 1001, 1001, 1001, 1500, 1500, 1500, 1500]
[1500, 1500, 988, 1500, 988, 988, 988, 988, 1001, 1001, 1001, 1001, 1500, 1500, 1500, 1500]
[1500, 1500, 988, 1500, 988, 988, 988, 988, 1001, 1001, 1001, 1001, 1500, 1500, 1500, 1500]
12:56:34.509425 ALT: 1.97
12:56:34.509593 ATT: [0.0, 0.9, 113]
12:56:34.509967 ACC: [-7, 1, 515]
[1500, 1500, 988, 1500, 988, 988, 988, 988, 1001, 1001, 1001, 1001, 1500, 1500, 1500, 1500]
[1500, 1500, 988, 1500, 988, 988, 988, 988, 1001, 1001, 1001, 1001, 1500, 1500, 1500, 1500]
[1499, 1500, 988, 1500, 988, 988, 988, 988, 1001, 1001, 1001, 1001, 1500, 1500, 1500, 1500]
[1499, 1500, 988, 1500, 988, 988, 988, 988, 1001, 1001, 1001, 1001, 1500, 1500, 1500, 1500]
[1499, 1500, 988, 1500, 988, 988, 988, 988, 1001, 1001, 1001, 1001, 1500, 1500, 1500, 1500]
[1499, 1500, 988, 1500, 988, 988, 988, 988, 1001, 1001, 1001, 1001, 1500, 1500, 1500, 1500]
[1499, 1500, 988, 1499, 988, 988, 988, 988, 1001, 1001, 1001, 1001, 1500, 1500, 1500, 1500]
[1499, 1500, 988, 1499, 988, 988, 988, 988, 1001, 1001, 1001, 1001, 1500, 1500, 1500, 1500]
12:56:34.556868 ALT: 1.97
12:56:34.557059 ATT: [0.0, 0.9, 113]
12:56:34.557952 ACC: [-7, 1, 515]
[1500, 1500, 988, 1499, 988, 988, 988, 988, 1001, 1001, 1001, 1001, 1500, 1500, 1500, 1500]
[1500, 1499, 988, 1500, 988, 988, 988, 988, 1001, 1001, 1001, 1001, 1500, 1500, 1500, 1500]
[1500, 1499, 988, 1500, 988, 988, 988, 988, 1001, 1001, 1001, 1001, 1500, 1500, 1500, 1500]
[1500, 1499, 988, 1500, 988, 988, 988, 988, 1001, 1001, 1001, 1001, 1500, 1500, 1500, 1500]
[1500, 1499, 988, 1500, 988, 988, 988, 988, 1001, 1001, 1001, 1001, 1500, 1500, 1500, 1500]
[1500, 1499, 988, 1500, 988, 988, 988, 988, 1001, 1001, 1001, 1001, 1500, 1500, 1500, 1500]
[1500, 1499, 988, 1500, 988, 988, 988, 988, 1001, 1001, 1001, 1001, 1500, 1500, 1500, 1500]
12:56:34.605597 ALT: 1.97
12:56:34.605812 ATT: [0.0, 0.9, 113]
12:56:34.606568 ACC: [-8, 0, 515]
[1500, 1500, 989, 1499, 988, 988, 988, 988, 1001, 1001, 1001, 1001, 1500, 1500, 1500, 1500]
[1500, 1500, 989, 1499, 988, 988, 988, 989, 1001, 1001, 1001, 1001, 1500, 1500, 1500, 1500]
[1500, 1500, 989, 1499, 988, 988, 988, 989, 1001, 1001, 1001, 1001, 1500, 1500, 1500, 1500]
[1500, 1500, 988, 1500, 988, 988, 988, 989, 1001, 1001, 1001, 1001, 1500, 1500, 1500, 1500]
[1500, 1500, 988, 1500, 988, 988, 988, 988, 1001, 1001, 1001, 1001, 1500, 1500, 1500, 1500]
[1499, 1500, 988, 1500, 988, 988, 988, 988, 1001, 1001, 1001, 1001, 1500, 1500, 1500, 1500]
[1499, 1500, 988, 1500, 988, 989, 986, 988, 1001, 1001, 1001, 1001, 1500, 1500, 1500, 1500]
[1499, 1500, 988, 1500, 988, 989, 986, 988, 1001, 1001, 1001, 1001, 1500, 1500, 1500, 1500]
[1499, 1500, 988, 1500, 988, 989, 986, 988, 1001, 1001, 1001, 1001, 1500, 1500, 1500, 1500]
12:56:34.668767 ALT: 1.97
12:56:34.668940 ATT: [0.0, 0.9, 113]
12:56:34.669600 ACC: [-7, 0, 514]
[1499, 1500, 988, 1500, 988, 988, 988, 988, 1001, 1001, 1001, 1001, 1500, 1500, 1500, 1500]
[1499, 1500, 988, 1500, 988, 988, 988, 988, 1001, 1001, 1001, 1001, 1500, 1500, 1500, 1500]
[1499, 1500, 988, 1500, 988, 988, 988, 988, 1001, 1001, 1001, 1001, 1500, 1500, 1500, 1500]
[1499, 1499, 988, 1500, 988, 988, 988, 988, 1001, 1001, 1001, 1001, 1500, 1500, 1500, 1500]
[1499, 1499, 988, 1500, 988, 988, 988, 988, 1001, 1001, 1001, 1001, 1500, 1500, 1500, 1500]
[1500, 1499, 988, 1500, 988, 988, 988, 988, 1001, 1001, 1001, 1001, 1500, 1500, 1500, 1500]
[1500, 1500, 988, 1500, 988, 988, 988, 988, 1001, 1001, 1001, 1001, 1500, 1500, 1500, 1500]
12:56:34.716879 ALT: 1.97
12:56:34.716981 ATT: [0.0, 0.9, 113]
12:56:34.717379 ACC: [-8, 0, 515]
[1500, 1500, 988, 1500, 988, 988, 988, 988, 1001, 1001, 1001, 1001, 1500, 1500, 1500, 1500]
[1500, 1500, 988, 1500, 988, 988, 988, 988, 1001, 1001, 1001, 1001, 1500, 1500, 1500, 1500]
[1500, 1499, 988, 1500, 988, 988, 988, 988, 1001, 1001, 1001, 1001, 1500, 1500, 1500, 1500]
[1500, 1499, 988, 1500, 988, 988, 988, 988, 1001, 1001, 1001, 1001, 1500, 1500, 1500, 1500]
[1500, 1499, 988, 1500, 988, 988, 988, 988, 1001, 1001, 1001, 1001, 1500, 1500, 1500, 1500]
[1500, 1500, 988, 1500, 988, 988, 988, 988, 1001, 1001, 1001, 1001, 1500, 1500, 1500, 1500]
[1500, 1500, 988, 1500, 988, 988, 988, 988, 1001, 1001, 1001, 1001, 1500, 1500, 1500, 1500]
[1499, 1500, 988, 1500, 988, 988, 988, 988, 1001, 1001, 1001, 1001, 1500, 1500, 1500, 1500]
12:56:34.764900 ALT: 1.97
12:56:34.765101 ATT: [0.0, 0.9, 113]
12:56:34.765494 ACC: [-7, 0, 515]
[1499, 1500, 988, 1500, 988, 988, 988, 988, 1001, 1001, 1001, 1001, 1500, 1500, 1500, 1500]
[1499, 1500, 988, 1500, 988, 988, 988, 988, 1001, 1001, 1001, 1001, 1500, 1500, 1500, 1500]
[1499, 1500, 988, 1500, 988, 988, 988, 988, 1001, 1001, 1001, 1001, 1500, 1500, 1500, 1500]
[1499, 1500, 988, 1500, 988, 988, 988, 988, 1001, 1001, 1001, 1001, 1500, 1500, 1500, 1500]
[1499, 1500, 988, 1500, 988, 988, 988, 988, 1001, 1001, 1001, 1001, 1500, 1500, 1500, 1500]
[1500, 1500, 988, 1500, 988, 988, 988, 988, 1001, 1001, 1001, 1001, 1500, 1500, 1500, 1500]
[1500, 1500, 988, 1500, 988, 988, 988, 988, 1001, 1001, 1001, 1001, 1500, 1500, 1500, 1500]
12:56:34.812933 ALT: 1.97
12:56:34.813144 ATT: [0.0, 0.9, 113]
12:56:34.813687 ACC: [-7, 0, 515]
[1500, 1500, 988, 1500, 988, 988, 988, 988, 1001, 1001, 1001, 1001, 1500, 1500, 1500, 1500]
[1499, 1500, 988, 1500, 988, 988, 988, 988, 1001, 1001, 1001, 1001, 1500, 1500, 1500, 1500]
[1499, 1500, 988, 1500, 988, 988, 988, 988, 1001, 1001, 1001, 1001, 1500, 1500, 1500, 1500]
[1499, 1500, 988, 1500, 988, 988, 988, 988, 1001, 1001, 1001, 1001, 1500, 1500, 1500, 1500]
[1499, 1500, 988, 1500, 988, 988, 988, 988, 1001, 1001, 1001, 1001, 1500, 1500, 1500, 1500]
[1499, 1500, 988, 1500, 988, 988, 988, 988, 1001, 1001, 1001, 1001, 1500, 1500, 1500, 1500]
[1499, 1500, 988, 1500, 988, 988, 988, 988, 1001, 1001, 1001, 1001, 1500, 1500, 1500, 1500]
12:56:34.862135 ALT: 1.97
12:56:34.862304 ATT: [0.0, 0.9, 113]
12:56:34.862624 ACC: [-7, 1, 515]
[1500, 1500, 988, 1500, 988, 988, 988, 988, 1001, 1001, 1001, 1001, 1500, 1500, 1500, 1500]
[1500, 1500, 988, 1499, 988, 988, 988, 988, 1001, 1001, 1001, 1001, 1500, 1500, 1500, 1500]
[1500, 1500, 988, 1499, 988, 988, 988, 988, 1001, 1001, 1001, 1001, 1500, 1500, 1500, 1500]
[1499, 1500, 988, 1499, 988, 988, 988, 988, 1001, 1001, 1001, 1001, 1500, 1500, 1500, 1500]
[1499, 1500, 988, 1500, 986, 988, 988, 988, 1001, 1001, 1001, 1001, 1500, 1500, 1500, 1500]
[1499, 1500, 988, 1500, 986, 988, 988, 988, 1001, 1001, 1001, 1001, 1500, 1500, 1500, 1500]
[1499, 1500, 988, 1500, 986, 988, 988, 988, 1001, 1001, 1001, 1001, 1500, 1500, 1500, 1500]
12:56:34.910386 ALT: 1.97
12:56:34.910490 ATT: [0.0, 0.9, 113]
12:56:34.910802 ACC: [-8, 1, 515]
[1499, 1500, 988, 1500, 988, 988, 989, 988, 1001, 1001, 1001, 1001, 1500, 1500, 1500, 1500]
[1499, 1500, 988, 1500, 988, 988, 989, 986, 1001, 1001, 1001, 1001, 1500, 1500, 1500, 1500]
[1499, 1500, 988, 1500, 988, 988, 989, 986, 1001, 1001, 1001, 1001, 1500, 1500, 1500, 1500]
[1499, 1500, 988, 1500, 988, 988, 988, 986, 1001, 1001, 1001, 1001, 1500, 1500, 1500, 1500]
[1499, 1500, 988, 1500, 988, 988, 988, 988, 1001, 1001, 1001, 1001, 1500, 1500, 1500, 1500]
[1500, 1500, 988, 1500, 988, 988, 988, 988, 1001, 1001, 1001, 1001, 1500, 1500, 1500, 1500]
[1500, 1500, 988, 1500, 988, 988, 988, 988, 1001, 1001, 1001, 1001, 1500, 1500, 1500, 1500]
[1500, 1500, 988, 1500, 988, 988, 988, 988, 1001, 1001, 1001, 1001, 1500, 1500, 1500, 1500]
12:56:34.956631 ALT: 1.97
12:56:34.956748 ATT: [0.0, 0.9, 113]
12:56:34.957170 ACC: [-8, 1, 515]
[1499, 1500, 988, 1500, 988, 988, 988, 988, 1001, 1001, 1001, 1001, 1500, 1500, 1500, 1500]
[1499, 1500, 988, 1499, 988, 988, 988, 988, 1001, 1001, 1001, 1001, 1500, 1500, 1500, 1500]
[1499, 1500, 988, 1499, 988, 988, 988, 988, 1001, 1001, 1001, 1001, 1500, 1500, 1500, 1500]
[1500, 1500, 988, 1499, 988, 988, 988, 988, 1001, 1001, 1001, 1001, 1500, 1500, 1500, 1500]
[1500, 1500, 988, 1500, 988, 988, 988, 988, 1001, 1001, 1001, 1001, 1500, 1500, 1500, 1500]
[1500, 1500, 988, 1500, 988, 988, 988, 986, 1001, 1001, 1001, 1001, 1500, 1500, 1500, 1500]
[1500, 1500, 988, 1500, 988, 988, 988, 986, 1001, 1001, 1001, 1001, 1500, 1500, 1500, 1500]
12:56:35.004730 ALT: 1.97
12:56:35.004907 ATT: [0.0, 0.9, 113]
12:56:35.005329 ACC: [-7, 0, 515]
[1500, 1500, 988, 1500, 988, 988, 988, 986, 1001, 1001, 1001, 1001, 1500, 1500, 1500, 1500]
[1500, 1500, 988, 1500, 988, 988, 988, 988, 1001, 1001, 1001, 1001, 1500, 1500, 1500, 1500]
[1500, 1500, 988, 1500, 988, 988, 988, 988, 1001, 1001, 1001, 1001, 1500, 1500, 1500, 1500]
[1500, 1500, 988, 1499, 988, 988, 988, 988, 1001, 1001, 1001, 1001, 1500, 1500, 1500, 1500]
[1500, 1500, 988, 1499, 988, 988, 988, 988, 1001, 1001, 1001, 1001, 1500, 1500, 1500, 1500]
[1500, 1500, 988, 1499, 988, 988, 988, 988, 1001, 1001, 1001, 1001, 1500, 1500, 1500, 1500]
[1500, 1500, 988, 1500, 988, 988, 986, 988, 1001, 1001, 1001, 1001, 1500, 1500, 1500, 1500]
12:56:35.052673 ALT: 1.97
12:56:35.052798 ATT: [0.0, 0.9, 113]
12:56:35.053114 ACC: [-7, 0, 515]
[1500, 1500, 988, 1500, 988, 988, 986, 988, 1001, 1001, 1001, 1001, 1500, 1500, 1500, 1500]
[1500, 1500, 988, 1500, 988, 988, 986, 988, 1001, 1001, 1001, 1001, 1500, 1500, 1500, 1500]
[1500, 1500, 988, 1500, 988, 988, 988, 988, 1001, 1001, 1001, 1001, 1500, 1500, 1500, 1500]
[1500, 1500, 988, 1500, 988, 988, 988, 988, 1001, 1001, 1001, 1001, 1500, 1500, 1500, 1500]
[1499, 1500, 988, 1500, 988, 988, 988, 988, 1001, 1001, 1001, 1001, 1500, 1500, 1500, 1500]
[1499, 1500, 988, 1500, 988, 988, 988, 988, 1001, 1001, 1001, 1001, 1500, 1500, 1500, 1500]
[1499, 1500, 988, 1500, 988, 988, 988, 988, 1001, 1001, 1001, 1001, 1500, 1500, 1500, 1500]
12:56:35.101739 ALT: 1.97
12:56:35.101924 ATT: [0.0, 0.9, 113]
12:56:35.102519 ACC: [-7, 0, 514]
[1500, 1500, 988, 1500, 988, 988, 988, 988, 1001, 1001, 1001, 1001, 1500, 1500, 1500, 1500]
[1500, 1500, 988, 1500, 988, 988, 988, 988, 1001, 1001, 1001, 1001, 1500, 1500, 1500, 1500]
[1500, 1500, 988, 1500, 988, 988, 988, 988, 1001, 1001, 1001, 1001, 1500, 1500, 1500, 1500]
[1500, 1500, 988, 1500, 988, 988, 988, 988, 1001, 1001, 1001, 1001, 1500, 1500, 1500, 1500]
[1500, 1500, 988, 1500, 988, 988, 988, 988, 1001, 1001, 1001, 1001, 1500, 1500, 1500, 1500]
[1500, 1500, 988, 1500, 988, 988, 988, 988, 1001, 1001, 1001, 1001, 1500, 1500, 1500, 1500]
[1500, 1500, 988, 1500, 988, 988, 988, 988, 1001, 1001, 1001, 1001, 1500, 1500, 1500, 1500]
12:56:35.148717 ALT: 1.97
12:56:35.148824 ATT: [0.0, 0.9, 113]
12:56:35.149128 ACC: [-7, 1, 515]
[1500, 1500, 988, 1500, 988, 988, 988, 988, 1001, 1001, 1001, 1001, 1500, 1500, 1500, 1500]
[1500, 1500, 988, 1500, 988, 988, 988, 988, 1001, 1001, 1001, 1001, 1500, 1500, 1500, 1500]
[1500, 1500, 988, 1500, 988, 988, 988, 988, 1001, 1001, 1001, 1001, 1500, 1500, 1500, 1500]
[1500, 1500, 988, 1500, 988, 988, 988, 988, 1001, 1001, 1001, 1001, 1500, 1500, 1500, 1500]
[1500, 1500, 988, 1500, 988, 988, 988, 988, 1001, 1001, 1001, 1001, 1500, 1500, 1500, 1500]
[1499, 1500, 988, 1500, 988, 988, 988, 988, 1001, 1001, 1001, 1001, 1500, 1500, 1500, 1500]
[1499, 1500, 988, 1499, 988, 988, 988, 988, 1001, 1001, 1001, 1001, 1500, 1500, 1500, 1500]
[1499, 1500, 988, 1499, 988, 988, 988, 988, 1001, 1001, 1001, 1001, 1500, 1500, 1500, 1500]
12:56:35.196824 ALT: 1.97
12:56:35.196952 ATT: [0.0, 0.9, 113]
12:56:35.197735 ACC: [-7, 0, 515]
[1500, 1500, 988, 1499, 988, 988, 988, 988, 1001, 1001, 1001, 1001, 1500, 1500, 1500, 1500]
[1500, 1499, 988, 1500, 988, 988, 988, 988, 1001, 1001, 1001, 1001, 1500, 1500, 1500, 1500]
[1500, 1499, 988, 1500, 988, 988, 988, 988, 1001, 1001, 1001, 1001, 1500, 1500, 1500, 1500]
[1500, 1499, 988, 1500, 988, 988, 988, 988, 1001, 1001, 1001, 1001, 1500, 1500, 1500, 1500]
[1500, 1499, 988, 1501, 986, 988, 988, 988, 1001, 1001, 1001, 1001, 1500, 1500, 1500, 1500]
[1500, 1499, 988, 1501, 986, 988, 988, 988, 1001, 1001, 1001, 1001, 1500, 1500, 1500, 1500]
[1499, 1499, 988, 1501, 986, 988, 988, 988, 1001, 1001, 1001, 1001, 1500, 1500, 1500, 1500]
[1499, 1500, 988, 1500, 988, 988, 988, 988, 1001, 1001, 1001, 1001, 1500, 1500, 1500, 1500]
12:56:35.253493 ALT: 1.97
12:56:35.253608 ATT: [0.0, 0.9, 113]
12:56:35.253922 ACC: [-7, 1, 515]
[1499, 1500, 988, 1500, 988, 988, 988, 988, 1001, 1001, 1001, 1001, 1500, 1500, 1500, 1500]
[1499, 1500, 988, 1500, 988, 988, 988, 988, 1001, 1001, 1001, 1001, 1500, 1500, 1500, 1500]
[1499, 1500, 988, 1500, 988, 988, 988, 988, 1001, 1001, 1001, 1001, 1500, 1500, 1500, 1500]
[1499, 1500, 988, 1500, 988, 988, 988, 988, 1001, 1001, 1001, 1001, 1500, 1500, 1500, 1500]
[1500, 1500, 988, 1500, 988, 988, 988, 988, 1001, 1001, 1001, 1001, 1500, 1500, 1500, 1500]
[1500, 1500, 988, 1500, 988, 988, 988, 988, 1001, 1001, 1001, 1001, 1500, 1500, 1500, 1500]
[1500, 1500, 988, 1500, 988, 988, 988, 988, 1001, 1001, 1001, 1001, 1500, 1500, 1500, 1500]
[1499, 1500, 988, 1500, 988, 988, 988, 988, 1001, 1001, 1001, 1001, 1500, 1500, 1500, 1500]
[1499, 1500, 988, 1500, 988, 988, 988, 988, 1001, 1001, 1001, 1001, 1500, 1500, 1500, 1500]
12:56:35.313971 ALT: 1.97
12:56:35.314117 ATT: [0.0, 0.9, 113]
12:56:35.314542 ACC: [-7, 1, 515]
[1499, 1500, 988, 1500, 988, 988, 988, 988, 1001, 1001, 1001, 1001, 1500, 1500, 1500, 1500]
[1500, 1500, 988, 1500, 988, 988, 988, 988, 1001, 1001, 1001, 1001, 1500, 1500, 1500, 1500]
[1500, 1500, 988, 1500, 988, 988, 988, 988, 1001, 1001, 1001, 1001, 1500, 1500, 1500, 1500]
[1500, 1500, 988, 1500, 988, 988, 988, 988, 1001, 1001, 1001, 1001, 1500, 1500, 1500, 1500]
[1500, 1500, 988, 1500, 988, 988, 988, 988, 1001, 1001, 1001, 1001, 1500, 1500, 1500, 1500]
[1500, 1500, 988, 1500, 988, 988, 988, 988, 1001, 1001, 1001, 1001, 1500, 1500, 1500, 1500]
12:56:35.358062 ALT: 1.97
12:56:35.358253 ATT: [0.0, 0.9, 113]
12:56:35.358971 ACC: [-8, 0, 515]
[1500, 1500, 988, 1500, 988, 988, 988, 988, 1001, 1001, 1001, 1001, 1500, 1500, 1500, 1500]
[1500, 1500, 988, 1500, 988, 988, 988, 988, 1001, 1001, 1001, 1001, 1500, 1500, 1500, 1500]
[1500, 1500, 988, 1500, 988, 988, 988, 988, 1001, 1001, 1001, 1001, 1500, 1500, 1500, 1500]
[1500, 1500, 988, 1500, 988, 988, 988, 988, 1001, 1001, 1001, 1001, 1500, 1500, 1500, 1500]
[1499, 1500, 988, 1500, 988, 988, 988, 988, 1001, 1001, 1001, 1001, 1500, 1500, 1500, 1500]
[1499, 1500, 988, 1500, 988, 988, 988, 988, 1001, 1001, 1001, 1001, 1500, 1500, 1500, 1500]
[1499, 1500, 988, 1500, 988, 988, 988, 988, 1001, 1001, 1001, 1001, 1500, 1500, 1500, 1500]
[1500, 1500, 988, 1500, 988, 988, 988, 988, 1001, 1001, 1001, 1001, 1500, 1500, 1500, 1500]
[1500, 1500, 988, 1499, 988, 988, 988, 988, 1001, 1001, 1001, 1001, 1500, 1500, 1500, 1500]
[1500, 1500, 988, 1499, 988, 988, 988, 988, 1001, 1001, 1001, 1001, 1500, 1500, 1500, 1500]
12:56:35.420870 ALT: 1.97
12:56:35.421031 ATT: [0.0, 0.9, 113]
12:56:35.421529 ACC: [-7, 0, 515]
[1500, 1500, 988, 1499, 988, 988, 988, 988, 1001, 1001, 1001, 1001, 1500, 1500, 1500, 1500]
[1500, 1500, 988, 1500, 988, 988, 988, 988, 1001, 1001, 1001, 1001, 1500, 1500, 1500, 1500]
[1500, 1500, 988, 1500, 988, 988, 988, 988, 1001, 1001, 1001, 1001, 1500, 1500, 1500, 1500]
[1500, 1500, 988, 1500, 988, 988, 988, 988, 1001, 1001, 1001, 1001, 1500, 1500, 1500, 1500]
[1500, 1500, 988, 1500, 988, 988, 988, 988, 1001, 1001, 1001, 1001, 1500, 1500, 1500, 1500]
[1500, 1500, 988, 1500, 988, 988, 988, 988, 1001, 1001, 1001, 1001, 1500, 1500, 1500, 1500]
[1500, 1500, 988, 1500, 988, 988, 988, 988, 1001, 1001, 1001, 1001, 1500, 1500, 1500, 1500]
12:56:35.468959 ALT: 1.97
12:56:35.469087 ATT: [0.0, 0.9, 113]
12:56:35.471169 ACC: [-7, 1, 515]
[1500, 1500, 988, 1500, 988, 988, 988, 988, 1001, 1001, 1001, 1001, 1500, 1500, 1500, 1500]
[1500, 1500, 988, 1500, 988, 988, 988, 988, 1001, 1001, 1001, 1001, 1500, 1500, 1500, 1500]
[1499, 1500, 988, 1500, 988, 988, 988, 988, 1001, 1001, 1001, 1001, 1500, 1500, 1500, 1500]
[1499, 1500, 988, 1499, 988, 988, 988, 988, 1001, 1001, 1001, 1001, 1500, 1500, 1500, 1500]
[1499, 1500, 988, 1499, 988, 988, 988, 988, 1001, 1001, 1001, 1001, 1500, 1500, 1500, 1500]
[1499, 1500, 988, 1499, 988, 988, 988, 988, 1001, 1001, 1001, 1001, 1500, 1500, 1500, 1500]
[1499, 1500, 988, 1500, 988, 988, 988, 988, 1001, 1001, 1001, 1001, 1500, 1500, 1500, 1500]
12:56:35.516696 ALT: 1.97
12:56:35.516807 ATT: [0.0, 0.9, 113]
12:56:35.517138 ACC: [-8, 1, 515]
[1499, 1500, 988, 1500, 988, 988, 988, 988, 1001, 1001, 1001, 1001, 1500, 1500, 1500, 1500]
[1500, 1500, 988, 1500, 988, 988, 988, 988, 1001, 1001, 1001, 1001, 1500, 1500, 1500, 1500]
[1500, 1499, 988, 1499, 988, 988, 988, 988, 1001, 1001, 1001, 1001, 1500, 1500, 1500, 1500]
[1500, 1499, 988, 1499, 988, 988, 988, 988, 1001, 1001, 1001, 1001, 1500, 1500, 1500, 1500]
[1500, 1499, 988, 1499, 988, 988, 988, 988, 1001, 1001, 1001, 1001, 1500, 1500, 1500, 1500]
[1500, 1500, 989, 1499, 988, 988, 988, 988, 1001, 1001, 1001, 1001, 1500, 1500, 1500, 1500]
[1500, 1500, 989, 1499, 988, 988, 988, 988, 1001, 1001, 1001, 1001, 1500, 1500, 1500, 1500]
[1500, 1500, 989, 1499, 988, 988, 988, 988, 1001, 1001, 1001, 1001, 1500, 1500, 1500, 1500]
12:56:35.565107 ALT: 1.97
12:56:35.565429 ATT: [0.0, 0.9, 113]
[1500, 1500, 988, 1500, 988, 988, 988, 988, 1001, 1001, 1001, 1001, 1500, 1500, 1500, 1500]
12:56:35.570533 ACC: [-7, 0, 515]
[1500, 1500, 988, 1500, 988, 988, 988, 988, 1001, 1001, 1001, 1001, 1500, 1500, 1500, 1500]
[1500, 1500, 988, 1500, 988, 988, 988, 988, 1001, 1001, 1001, 1001, 1500, 1500, 1500, 1500]
[1500, 1500, 988, 1500, 988, 988, 988, 988, 1001, 1001, 1001, 1001, 1500, 1500, 1500, 1500]
[1500, 1500, 988, 1500, 988, 988, 988, 988, 1001, 1001, 1001, 1001, 1500, 1500, 1500, 1500]
[1500, 1500, 988, 1500, 988, 988, 988, 988, 1001, 1001, 1001, 1001, 1500, 1500, 1500, 1500]
[1500, 1500, 988, 1500, 988, 988, 988, 988, 1001, 1001, 1001, 1001, 1500, 1500, 1500, 1500]
12:56:35.612638 ALT: 1.97
12:56:35.612736 ATT: [0.0, 0.9, 113]
12:56:35.613071 ACC: [-8, 0, 515]
[1500, 1500, 988, 1500, 988, 988, 988, 988, 1001, 1001, 1001, 1001, 1500, 1500, 1500, 1500]
[1500, 1500, 988, 1500, 988, 988, 988, 988, 1001, 1001, 1001, 1001, 1500, 1500, 1500, 1500]
[1500, 1500, 988, 1499, 988, 988, 988, 988, 1001, 1001, 1001, 1001, 1500, 1500, 1500, 1500]
[1500, 1500, 988, 1499, 988, 988, 988, 988, 1001, 1001, 1001, 1001, 1500, 1500, 1500, 1500]
[1499, 1500, 988, 1499, 988, 988, 988, 988, 1001, 1001, 1001, 1001, 1500, 1500, 1500, 1500]
[1499, 1500, 988, 1500, 988, 986, 988, 988, 1001, 1001, 1001, 1001, 1500, 1500, 1500, 1500]
[1499, 1500, 988, 1500, 988, 986, 988, 988, 1001, 1001, 1001, 1001, 1500, 1500, 1500, 1500]
12:56:35.661842 ALT: 1.97
12:56:35.661947 ATT: [0.0, 0.9, 113]
12:56:35.662360 ACC: [-7, 1, 515]
[1500, 1500, 988, 1500, 988, 986, 988, 988, 1001, 1001, 1001, 1001, 1500, 1500, 1500, 1500]
[1500, 1500, 988, 1500, 988, 988, 988, 988, 1001, 1001, 1001, 1001, 1500, 1500, 1500, 1500]
[1500, 1500, 988, 1500, 988, 988, 988, 988, 1001, 1001, 1001, 1001, 1500, 1500, 1500, 1500]
[1500, 1500, 988, 1500, 988, 988, 988, 988, 1001, 1001, 1001, 1001, 1500, 1500, 1500, 1500]
[1500, 1500, 988, 1500, 988, 988, 988, 988, 1001, 1001, 1001, 1001, 1500, 1500, 1500, 1500]
[1500, 1500, 988, 1500, 988, 988, 988, 988, 1001, 1001, 1001, 1001, 1500, 1500, 1500, 1500]
[1500, 1500, 988, 1500, 988, 988, 988, 988, 1001, 1001, 1001, 1001, 1500, 1500, 1500, 1500]
12:56:35.708672 ALT: 1.97
12:56:35.708763 ATT: [0.0, 0.9, 113]
12:56:35.709053 ACC: [-8, 0, 515]
[1500, 1500, 988, 1500, 988, 988, 988, 988, 1001, 1001, 1001, 1001, 1500, 1500, 1500, 1500]
[1500, 1500, 988, 1500, 988, 988, 988, 988, 1001, 1001, 1001, 1001, 1500, 1500, 1500, 1500]
[1500, 1500, 988, 1500, 988, 988, 988, 988, 1001, 1001, 1001, 1001, 1500, 1500, 1500, 1500]
[1500, 1500, 988, 1500, 988, 988, 988, 988, 1001, 1001, 1001, 1001, 1500, 1500, 1500, 1500]
[1500, 1500, 988, 1500, 988, 988, 988, 988, 1001, 1001, 1001, 1001, 1500, 1500, 1500, 1500]
[1499, 1500, 988, 1500, 988, 988, 988, 988, 1001, 1001, 1001, 1001, 1500, 1500, 1500, 1500]
[1499, 1500, 988, 1500, 988, 988, 989, 988, 1001, 1001, 1001, 1001, 1500, 1500, 1500, 1500]
[1499, 1500, 988, 1500, 988, 988, 989, 986, 1001, 1001, 1001, 1001, 1500, 1500, 1500, 1500]
12:56:35.762005 ALT: 1.97
12:56:35.762096 ATT: [0.0, 0.9, 113]
12:56:35.762372 ACC: [-7, 0, 515]
[1500, 1500, 988, 1500, 988, 988, 989, 986, 1001, 1001, 1001, 1001, 1500, 1500, 1500, 1500]
[1500, 1500, 988, 1500, 988, 988, 988, 986, 1001, 1001, 1001, 1001, 1500, 1500, 1500, 1500]
[1500, 1500, 988, 1500, 988, 988, 988, 988, 1001, 1001, 1001, 1001, 1500, 1500, 1500, 1500]
[1499, 1500, 988, 1500, 988, 988, 988, 988, 1001, 1001, 1001, 1001, 1500, 1500, 1500, 1500]
[1499, 1500, 988, 1499, 988, 988, 988, 988, 1001, 1001, 1001, 1001, 1500, 1500, 1500, 1500]
[1499, 1500, 988, 1499, 988, 988, 988, 986, 1001, 1001, 1001, 1001, 1500, 1500, 1500, 1500]
[1500, 1500, 988, 1499, 988, 988, 988, 986, 1001, 1001, 1001, 1001, 1500, 1500, 1500, 1500]
12:56:35.807146 ALT: 1.97
12:56:35.807239 ATT: [0.0, 0.9, 113]
12:56:35.807508 ACC: [-7, 0, 515]
[1500, 1500, 988, 1500, 988, 988, 988, 986, 1001, 1001, 1001, 1001, 1500, 1500, 1500, 1500]
[1500, 1500, 988, 1500, 988, 988, 988, 988, 1001, 1001, 1001, 1001, 1500, 1500, 1500, 1500]
[1500, 1500, 988, 1500, 988, 988, 988, 988, 1001, 1001, 1001, 1001, 1500, 1500, 1500, 1500]
[1500, 1500, 988, 1500, 988, 988, 988, 988, 1001, 1001, 1001, 1001, 1500, 1500, 1500, 1500]
[1500, 1500, 988, 1500, 988, 988, 988, 988, 1001, 1001, 1001, 1001, 1500, 1500, 1500, 1500]
[1499, 1500, 988, 1500, 988, 988, 988, 988, 1001, 1001, 1001, 1001, 1500, 1500, 1500, 1500]
[1499, 1500, 988, 1500, 988, 988, 988, 988, 1001, 1001, 1001, 1001, 1500, 1500, 1500, 1500]
12:56:35.852712 ALT: 1.97
12:56:35.852823 ATT: [0.0, 0.9, 113]
12:56:35.853496 ACC: [-7, 0, 515]
[1499, 1500, 988, 1500, 988, 988, 988, 988, 1001, 1001, 1001, 1001, 1500, 1500, 1500, 1500]
[1500, 1500, 988, 1500, 988, 988, 988, 988, 1001, 1001, 1001, 1001, 1500, 1500, 1500, 1500]
[1500, 1500, 988, 1500, 988, 988, 988, 988, 1001, 1001, 1001, 1001, 1500, 1500, 1500, 1500]
[1500, 1500, 988, 1500, 988, 988, 988, 988, 1001, 1001, 1001, 1001, 1500, 1500, 1500, 1500]
[1499, 1500, 988, 1500, 988, 988, 988, 988, 1001, 1001, 1001, 1001, 1500, 1500, 1500, 1500]
[1499, 1500, 988, 1500, 988, 988, 988, 988, 1001, 1001, 1001, 1001, 1500, 1500, 1500, 1500]
[1499, 1500, 988, 1500, 988, 988, 988, 988, 1001, 1001, 1001, 1001, 1500, 1500, 1500, 1500]
12:56:35.901379 ALT: 1.97
12:56:35.901537 ATT: [0.0, 0.9, 113]
12:56:35.902011 ACC: [-8, 0, 515]
[1500, 1500, 988, 1500, 988, 988, 988, 988, 1001, 1001, 1001, 1001, 1500, 1500, 1500, 1500]
[1500, 1500, 988, 1500, 988, 988, 988, 988, 1001, 1001, 1001, 1001, 1500, 1500, 1500, 1500]
[1500, 1500, 988, 1500, 988, 988, 988, 986, 1001, 1001, 1001, 1001, 1500, 1500, 1500, 1500]
[1500, 1500, 988, 1500, 988, 988, 988, 986, 1001, 1001, 1001, 1001, 1500, 1500, 1500, 1500]
[1500, 1500, 988, 1499, 988, 988, 988, 986, 1001, 1001, 1001, 1001, 1500, 1500, 1500, 1500]
[1500, 1500, 988, 1499, 988, 988, 988, 988, 1001, 1001, 1001, 1001, 1500, 1500, 1500, 1500]
[1500, 1500, 988, 1499, 988, 988, 988, 988, 1001, 1001, 1001, 1001, 1500, 1500, 1500, 1500]
12:56:35.948727 ALT: 1.97
12:56:35.948817 ATT: [0.0, 0.9, 113]
12:56:35.949207 ACC: [-7, 1, 515]
[1500, 1500, 988, 1500, 989, 986, 988, 988, 1001, 1001, 1001, 1001, 1500, 1500, 1500, 1500]
[1500, 1500, 988, 1500, 989, 986, 988, 988, 1001, 1001, 1001, 1001, 1500, 1500, 1500, 1500]
[1500, 1500, 988, 1500, 989, 986, 988, 988, 1001, 1001, 1001, 1001, 1500, 1500, 1500, 1500]
[1500, 1500, 988, 1500, 988, 988, 988, 988, 1001, 1001, 1001, 1001, 1500, 1500, 1500, 1500]
[1500, 1500, 988, 1500, 988, 988, 988, 988, 1001, 1001, 1001, 1001, 1500, 1500, 1500, 1500]
[1500, 1500, 988, 1500, 988, 988, 988, 988, 1001, 1001, 1001, 1001, 1500, 1500, 1500, 1500]
[1500, 1500, 988, 1500, 988, 988, 989, 988, 1001, 1001, 1001, 1001, 1500, 1500, 1500, 1500]
[1500, 1500, 988, 1500, 988, 988, 989, 986, 1001, 1001, 1001, 1001, 1500, 1500, 1500, 1500]
12:56:35.996718 ALT: 1.97
12:56:35.996806 ATT: [0.0, 0.9, 113]
12:56:35.997137 ACC: [-7, 0, 515]
[1500, 1500, 988, 1500, 988, 988, 989, 986, 1001, 1001, 1001, 1001, 1500, 1500, 1500, 1500]
[1500, 1500, 988, 1500, 988, 988, 988, 986, 1001, 1001, 1001, 1001, 1500, 1500, 1500, 1500]
[1500, 1500, 988, 1500, 988, 988, 988, 988, 1001, 1001, 1001, 1001, 1500, 1500, 1500, 1500]
[1500, 1500, 988, 1500, 988, 988, 988, 988, 1001, 1001, 1001, 1001, 1500, 1500, 1500, 1500]
[1500, 1500, 988, 1499, 988, 988, 988, 988, 1001, 1001, 1001, 1001, 1500, 1500, 1500, 1500]
[1500, 1500, 988, 1499, 988, 988, 988, 988, 1001, 1001, 1001, 1001, 1500, 1500, 1500, 1500]
[1500, 1500, 988, 1499, 988, 988, 988, 988, 1001, 1001, 1001, 1001, 1500, 1500, 1500, 1500]
12:56:36.045611 ALT: 1.97
12:56:36.045757 ATT: [0.0, 0.8, 113]
12:56:36.046037 ACC: [-7, 0, 515]
[1500, 1499, 988, 1500, 988, 988, 988, 988, 1001, 1001, 1001, 1001, 1500, 1500, 1500, 1500]
[1500, 1499, 988, 1500, 988, 988, 988, 988, 1001, 1001, 1001, 1001, 1500, 1500, 1500, 1500]
[1500, 1499, 988, 1500, 988, 988, 988, 988, 1001, 1001, 1001, 1001, 1500, 1500, 1500, 1500]
[1500, 1499, 988, 1500, 988, 988, 988, 988, 1001, 1001, 1001, 1001, 1500, 1500, 1500, 1500]
[1500, 1499, 988, 1500, 988, 988, 988, 988, 1001, 1001, 1001, 1001, 1500, 1500, 1500, 1500]
[1500, 1499, 988, 1500, 988, 988, 988, 988, 1001, 1001, 1001, 1001, 1500, 1500, 1500, 1500]
[1500, 1500, 988, 1500, 988, 988, 988, 988, 1001, 1001, 1001, 1001, 1500, 1500, 1500, 1500]
12:56:36.092751 ALT: 1.97
12:56:36.092842 ATT: [0.0, 0.8, 113]
12:56:36.093372 ACC: [-8, 1, 515]
[1500, 1500, 988, 1500, 988, 988, 988, 988, 1001, 1001, 1001, 1001, 1500, 1500, 1500, 1500]
[1500, 1500, 988, 1500, 988, 988, 988, 988, 1001, 1001, 1001, 1001, 1500, 1500, 1500, 1500]
[1500, 1500, 988, 1500, 988, 988, 988, 988, 1001, 1001, 1001, 1001, 1500, 1500, 1500, 1500]
[1500, 1500, 988, 1500, 988, 988, 988, 988, 1001, 1001, 1001, 1001, 1500, 1500, 1500, 1500]
[1500, 1500, 988, 1500, 988, 988, 988, 988, 1001, 1001, 1001, 1001, 1500, 1500, 1500, 1500]
[1500, 1500, 988, 1499, 988, 988, 988, 988, 1001, 1001, 1001, 1001, 1500, 1500, 1500, 1500]
[1500, 1500, 988, 1499, 988, 988, 988, 988, 1001, 1001, 1001, 1001, 1500, 1500, 1500, 1500]
12:56:36.140765 ALT: 1.97
12:56:36.140857 ATT: [0.0, 0.9, 113]
12:56:36.141134 ACC: [-8, 1, 515]
[1497, 1500, 988, 1499, 988, 988, 988, 988, 1001, 1001, 1001, 1001, 1500, 1500, 1500, 1500]
[1497, 1500, 988, 1500, 988, 988, 988, 988, 1001, 1001, 1001, 1001, 1500, 1500, 1500, 1500]
[1497, 1500, 988, 1500, 988, 988, 988, 988, 1001, 1001, 1001, 1001, 1500, 1500, 1500, 1500]
[1500, 1500, 988, 1500, 988, 988, 988, 988, 1001, 1001, 1001, 1001, 1500, 1500, 1500, 1500]
[1500, 1500, 988, 1500, 988, 988, 988, 988, 1001, 1001, 1001, 1001, 1500, 1500, 1500, 1500]
[1500, 1500, 988, 1500, 988, 988, 988, 991, 1001, 1001, 1001, 1001, 1500, 1500, 1500, 1500]
[1500, 1500, 988, 1500, 988, 988, 988, 991, 1001, 1001, 1001, 1001, 1500, 1500, 1500, 1500]
[1500, 1500, 988, 1500, 988, 988, 988, 991, 1001, 1001, 1001, 1001, 1500, 1500, 1500, 1500]
12:56:36.190389 ALT: 1.97
12:56:36.190490 ATT: [0.0, 0.9, 113]
12:56:36.190848 ACC: [-8, 0, 515]
[1500, 1500, 988, 1500, 988, 988, 988, 988, 1001, 1001, 1001, 1001, 1500, 1500, 1500, 1500]
[1500, 1500, 988, 1500, 988, 988, 988, 988, 1001, 1001, 1001, 1001, 1500, 1500, 1500, 1500]
[1500, 1500, 988, 1500, 988, 988, 988, 988, 1001, 1001, 1001, 1001, 1500, 1500, 1500, 1500]
[1500, 1500, 988, 1500, 988, 988, 988, 986, 1001, 1001, 1001, 1001, 1500, 1500, 1500, 1500]
[1500, 1500, 988, 1500, 988, 988, 988, 986, 1001, 1001, 1001, 1001, 1500, 1500, 1500, 1500]
[1500, 1500, 988, 1500, 988, 988, 988, 986, 1001, 1001, 1001, 1001, 1500, 1500, 1500, 1500]
[1500, 1500, 988, 1500, 988, 988, 988, 988, 1001, 1001, 1001, 1001, 1500, 1500, 1500, 1500]
12:56:36.238464 ALT: 1.97
12:56:36.238564 ATT: [0.0, 0.9, 113]
12:56:36.238832 ACC: [-7, 0, 515]
[1500, 1500, 988, 1500, 988, 988, 988, 988, 1001, 1001, 1001, 1001, 1500, 1500, 1500, 1500]
[1500, 1500, 988, 1500, 988, 988, 988, 988, 1001, 1001, 1001, 1001, 1500, 1500, 1500, 1500]
[1500, 1500, 988, 1500, 988, 988, 988, 988, 1001, 1001, 1001, 1001, 1500, 1500, 1500, 1500]
[1500, 1500, 988, 1500, 988, 988, 988, 988, 1001, 1001, 1001, 1001, 1500, 1500, 1500, 1500]
[1500, 1500, 988, 1500, 988, 988, 988, 988, 1001, 1001, 1001, 1001, 1500, 1500, 1500, 1500]
[1500, 1500, 988, 1500, 988, 988, 988, 988, 1001, 1001, 1001, 1001, 1500, 1500, 1500, 1500]
[1500, 1500, 988, 1500, 988, 988, 988, 988, 1001, 1001, 1001, 1001, 1500, 1500, 1500, 1500]
12:56:36.285392 ALT: 1.97
12:56:36.285645 ATT: [0.0, 0.9, 113]
12:56:36.286104 ACC: [-8, 0, 515]
[1500, 1500, 986, 1500, 988, 988, 988, 988, 1001, 1001, 1001, 1001, 1500, 1500, 1500, 1500]
[1500, 1500, 986, 1500, 988, 988, 988, 988, 1001, 1001, 1001, 1001, 1500, 1500, 1500, 1500]
[1500, 1500, 986, 1500, 988, 988, 988, 988, 1001, 1001, 1001, 1001, 1500, 1500, 1500, 1500]
[1500, 1500, 988, 1500, 988, 988, 988, 988, 1001, 1001, 1001, 1001, 1500, 1500, 1500, 1500]
[1500, 1500, 988, 1500, 988, 988, 988, 988, 1001, 1001, 1001, 1001, 1500, 1500, 1500, 1500]
[1500, 1500, 988, 1500, 988, 988, 988, 988, 1001, 1001, 1001, 1001, 1500, 1500, 1500, 1500]
[1500, 1500, 988, 1500, 988, 986, 988, 988, 1001, 1001, 1001, 1001, 1500, 1500, 1500, 1500]
12:56:36.332890 ALT: 1.97
12:56:36.333003 ATT: [0.0, 0.9, 113]
12:56:36.333382 ACC: [-8, 0, 515]
[1500, 1500, 988, 1500, 988, 986, 988, 988, 1001, 1001, 1001, 1001, 1500, 1500, 1500, 1500]
[1500, 1500, 988, 1500, 988, 986, 988, 988, 1001, 1001, 1001, 1001, 1500, 1500, 1500, 1500]
[1500, 1500, 988, 1499, 988, 988, 988, 988, 1001, 1001, 1001, 1001, 1500, 1500, 1500, 1500]
[1500, 1500, 988, 1499, 988, 988, 988, 988, 1001, 1001, 1001, 1001, 1500, 1500, 1500, 1500]
[1500, 1500, 988, 1499, 988, 988, 988, 988, 1001, 1001, 1001, 1001, 1500, 1500, 1500, 1500]
[1500, 1499, 988, 1500, 988, 988, 988, 988, 1001, 1001, 1001, 1001, 1500, 1500, 1500, 1500]
[1500, 1499, 988, 1500, 988, 988, 988, 988, 1001, 1001, 1001, 1001, 1500, 1500, 1500, 1500]
12:56:36.380748 ALT: 1.97
12:56:36.380842 ATT: [0.0, 0.9, 113]
12:56:36.381236 ACC: [-7, 0, 515]
[1500, 1499, 988, 1500, 988, 988, 988, 988, 1001, 1001, 1001, 1001, 1500, 1500, 1500, 1500]
[1500, 1500, 988, 1500, 988, 989, 986, 988, 1001, 1001, 1001, 1001, 1500, 1500, 1500, 1500]
[1500, 1500, 988, 1500, 988, 989, 986, 988, 1001, 1001, 1001, 1001, 1500, 1500, 1500, 1500]
[1500, 1500, 988, 1500, 988, 989, 986, 988, 1001, 1001, 1001, 1001, 1500, 1500, 1500, 1500]
[1500, 1500, 988, 1500, 988, 988, 988, 988, 1001, 1001, 1001, 1001, 1500, 1500, 1500, 1500]
[1500, 1500, 988, 1500, 988, 988, 988, 988, 1001, 1001, 1001, 1001, 1500, 1500, 1500, 1500]
[1500, 1500, 988, 1500, 988, 988, 988, 988, 1001, 1001, 1001, 1001, 1500, 1500, 1500, 1500]
[1500, 1500, 988, 1500, 988, 988, 988, 988, 1001, 1001, 1001, 1001, 1500, 1500, 1500, 1500]
[1500, 1500, 988, 1500, 988, 988, 988, 988, 1001, 1001, 1001, 1001, 1500, 1500, 1500, 1500]
[1500, 1500, 988, 1500, 988, 988, 988, 988, 1001, 1001, 1001, 1001, 1500, 1500, 1500, 1500]
12:56:36.445754 ALT: 1.97
12:56:36.445872 ATT: [0.0, 0.9, 113]
12:56:36.446147 ACC: [-7, 0, 515]
[1500, 1499, 988, 1500, 988, 988, 988, 988, 1001, 1001, 1001, 1001, 1500, 1500, 1500, 1500]
[1500, 1499, 988, 1500, 988, 988, 988, 988, 1001, 1001, 1001, 1001, 1500, 1500, 1500, 1500]
[1500, 1499, 988, 1500, 988, 988, 988, 988, 1001, 1001, 1001, 1001, 1500, 1500, 1500, 1500]
[1500, 1500, 988, 1500, 988, 988, 988, 988, 1001, 1001, 1001, 1001, 1500, 1500, 1500, 1500]
[1500, 1500, 988, 1500, 988, 988, 988, 988, 1001, 1001, 1001, 1001, 1500, 1500, 1500, 1500]
[1497, 1500, 988, 1500, 988, 988, 988, 988, 1001, 1001, 1001, 1001, 1500, 1500, 1500, 1500]
[1497, 1499, 988, 1499, 988, 988, 988, 988, 1001, 1001, 1001, 1001, 1500, 1500, 1500, 1500]
12:56:36.493151 ALT: 1.91
12:56:36.494312 ATT: [0.0, 0.9, 113]
12:56:36.494904 ACC: [-8, 0, 515]
[1497, 1499, 988, 1499, 988, 988, 988, 988, 1001, 1001, 1001, 1001, 1500, 1500, 1500, 1500]
[1500, 1499, 988, 1499, 988, 988, 988, 988, 1001, 1001, 1001, 1001, 1500, 1500, 1500, 1500]
[1500, 1500, 988, 1500, 988, 988, 988, 988, 1001, 1001, 1001, 1001, 1500, 1500, 1500, 1500]
[1500, 1500, 988, 1500, 988, 988, 988, 988, 1001, 1001, 1001, 1001, 1500, 1500, 1500, 1500]
[1500, 1500, 988, 1500, 988, 988, 988, 988, 1001, 1001, 1001, 1001, 1500, 1500, 1500, 1500]
[1500, 1500, 988, 1500, 988, 988, 988, 988, 1001, 1001, 1001, 1001, 1500, 1500, 1500, 1500]
[1500, 1500, 988, 1500, 988, 988, 988, 988, 1001, 1001, 1001, 1001, 1500, 1500, 1500, 1500]
12:56:36.540814 ALT: 1.91
12:56:36.540969 ATT: [0.0, 0.9, 113]
12:56:36.541229 ACC: [-8, 0, 515]
[1500, 1500, 988, 1500, 988, 988, 988, 988, 1001, 1001, 1001, 1001, 1500, 1500, 1500, 1500]
[1500, 1500, 988, 1499, 988, 988, 988, 988, 1001, 1001, 1001, 1001, 1500, 1500, 1500, 1500]
[1500, 1500, 988, 1499, 988, 988, 988, 988, 1001, 1001, 1001, 1001, 1500, 1500, 1500, 1500]
[1500, 1500, 988, 1499, 988, 988, 988, 988, 1001, 1001, 1001, 1001, 1500, 1500, 1500, 1500]
[1500, 1500, 988, 1500, 988, 988, 988, 988, 1001, 1001, 1001, 1001, 1500, 1500, 1500, 1500]
[1500, 1500, 988, 1500, 988, 988, 988, 988, 1001, 1001, 1001, 1001, 1500, 1500, 1500, 1500]
[1499, 1500, 988, 1500, 988, 988, 988, 988, 1001, 1001, 1001, 1001, 1500, 1500, 1500, 1500]
12:56:36.588793 ALT: 1.91
12:56:36.588954 ATT: [0.0, 0.9, 113]
12:56:36.589323 ACC: [-8, 0, 515]
[1499, 1500, 988, 1499, 989, 986, 988, 988, 1001, 1001, 1001, 1001, 1500, 1500, 1500, 1500]
[1499, 1500, 988, 1499, 989, 986, 988, 988, 1001, 1001, 1001, 1001, 1500, 1500, 1500, 1500]
[1500, 1500, 988, 1499, 989, 986, 988, 988, 1001, 1001, 1001, 1001, 1500, 1500, 1500, 1500]
[1500, 1500, 988, 1500, 988, 988, 988, 988, 1001, 1001, 1001, 1001, 1500, 1500, 1500, 1500]
[1500, 1500, 988, 1500, 988, 988, 988, 988, 1001, 1001, 1001, 1001, 1500, 1500, 1500, 1500]
[1500, 1500, 988, 1500, 988, 988, 988, 988, 1001, 1001, 1001, 1001, 1500, 1500, 1500, 1500]
[1500, 1500, 988, 1499, 988, 988, 988, 988, 1001, 1001, 1001, 1001, 1500, 1500, 1500, 1500]
[1500, 1500, 988, 1499, 988, 988, 988, 988, 1001, 1001, 1001, 1001, 1500, 1500, 1500, 1500]
12:56:36.637184 ALT: 1.91
12:56:36.637358 ATT: [0.0, 0.9, 113]
12:56:36.638413 ACC: [-8, 0, 515]
[1500, 1500, 988, 1499, 988, 988, 988, 988, 1001, 1001, 1001, 1001, 1500, 1500, 1500, 1500]
[1500, 1500, 988, 1500, 988, 988, 988, 988, 1001, 1001, 1001, 1001, 1500, 1500, 1500, 1500]
[1500, 1500, 988, 1500, 988, 988, 988, 988, 1001, 1001, 1001, 1001, 1500, 1500, 1500, 1500]
[1500, 1500, 988, 1500, 988, 988, 988, 988, 1001, 1001, 1001, 1001, 1500, 1500, 1500, 1500]
[1500, 1500, 988, 1500, 988, 988, 988, 988, 1001, 1001, 1001, 1001, 1500, 1500, 1500, 1500]
[1500, 1500, 988, 1500, 988, 988, 988, 988, 1001, 1001, 1001, 1001, 1500, 1500, 1500, 1500]
[1500, 1500, 988, 1500, 988, 988, 988, 988, 1001, 1001, 1001, 1001, 1500, 1500, 1500, 1500]
12:56:36.685004 ALT: 1.91
12:56:36.685110 ATT: [0.0, 0.9, 113]
12:56:36.685563 ACC: [-8, 0, 515]
[1500, 1500, 986, 1499, 988, 988, 988, 988, 1001, 1001, 1001, 1001, 1500, 1500, 1500, 1500]
[1500, 1500, 986, 1499, 988, 988, 988, 988, 1001, 1001, 1001, 1001, 1500, 1500, 1500, 1500]
[1500, 1500, 986, 1499, 988, 988, 988, 988, 1001, 1001, 1001, 1001, 1500, 1500, 1500, 1500]
[1500, 1499, 988, 1500, 988, 988, 988, 988, 1001, 1001, 1001, 1001, 1500, 1500, 1500, 1500]
[1500, 1499, 988, 1500, 988, 988, 988, 988, 1001, 1001, 1001, 1001, 1500, 1500, 1500, 1500]
[1500, 1499, 988, 1500, 988, 988, 988, 988, 1001, 1001, 1001, 1001, 1500, 1500, 1500, 1500]
[1500, 1497, 988, 1499, 988, 988, 988, 988, 1001, 1001, 1001, 1001, 1500, 1500, 1500, 1500]
12:56:36.732965 ALT: 1.91
12:56:36.733086 ATT: [0.0, 0.9, 113]
12:56:36.733471 ACC: [-8, 0, 515]
[1500, 1497, 988, 1499, 988, 988, 988, 988, 1001, 1001, 1001, 1001, 1500, 1500, 1500, 1500]
[1500, 1497, 988, 1499, 988, 988, 988, 988, 1001, 1001, 1001, 1001, 1500, 1500, 1500, 1500]
[1500, 1500, 988, 1500, 988, 988, 988, 988, 1001, 1001, 1001, 1001, 1500, 1500, 1500, 1500]
[1500, 1500, 988, 1500, 988, 988, 988, 988, 1001, 1001, 1001, 1001, 1500, 1500, 1500, 1500]
[1500, 1500, 988, 1500, 988, 988, 988, 988, 1001, 1001, 1001, 1001, 1500, 1500, 1500, 1500]
[1500, 1500, 988, 1500, 988, 988, 988, 988, 1001, 1001, 1001, 1001, 1500, 1500, 1500, 1500]
[1500, 1500, 988, 1500, 988, 988, 988, 988, 1001, 1001, 1001, 1001, 1500, 1500, 1500, 1500]
12:56:36.780914 ALT: 1.91
12:56:36.781017 ATT: [0.0, 0.9, 113]
12:56:36.781411 ACC: [-7, 1, 515]
[1500, 1500, 988, 1500, 988, 988, 988, 988, 1001, 1001, 1001, 1001, 1500, 1500, 1500, 1500]
[1500, 1500, 988, 1499, 988, 988, 988, 988, 1001, 1001, 1001, 1001, 1500, 1500, 1500, 1500]
[1500, 1500, 988, 1499, 988, 988, 988, 988, 1001, 1001, 1001, 1001, 1500, 1500, 1500, 1500]
[1499, 1500, 988, 1499, 988, 988, 988, 988, 1001, 1001, 1001, 1001, 1500, 1500, 1500, 1500]
[1499, 1500, 988, 1500, 988, 988, 988, 988, 1001, 1001, 1001, 1001, 1500, 1500, 1500, 1500]
[1499, 1500, 988, 1500, 988, 988, 988, 988, 1001, 1001, 1001, 1001, 1500, 1500, 1500, 1500]
[1500, 1500, 988, 1500, 988, 988, 988, 988, 1001, 1001, 1001, 1001, 1500, 1500, 1500, 1500]
12:56:36.829019 ALT: 1.91
12:56:36.829213 ATT: [0.0, 0.9, 113]
12:56:36.829765 ACC: [-7, 0, 515]
[1500, 1499, 988, 1499, 988, 988, 988, 988, 1001, 1001, 1001, 1001, 1500, 1500, 1500, 1500]
[1500, 1499, 988, 1499, 988, 988, 988, 988, 1001, 1001, 1001, 1001, 1500, 1500, 1500, 1500]
[1499, 1499, 988, 1499, 988, 988, 988, 988, 1001, 1001, 1001, 1001, 1500, 1500, 1500, 1500]
[1499, 1500, 989, 1497, 988, 988, 988, 988, 1001, 1001, 1001, 1001, 1500, 1500, 1500, 1500]
[1499, 1500, 989, 1497, 988, 988, 988, 988, 1001, 1001, 1001, 1001, 1500, 1500, 1500, 1500]
[1500, 1500, 989, 1497, 988, 988, 988, 988, 1001, 1001, 1001, 1001, 1500, 1500, 1500, 1500]
[1500, 1500, 988, 1500, 988, 988, 988, 988, 1001, 1001, 1001, 1001, 1500, 1500, 1500, 1500]
[1500, 1500, 988, 1500, 988, 988, 988, 988, 1001, 1001, 1001, 1001, 1500, 1500, 1500, 1500]
12:56:36.877656 ALT: 1.91
12:56:36.877770 ATT: [0.0, 0.9, 113]
12:56:36.878258 ACC: [-7, 0, 515]
[1500, 1500, 988, 1500, 988, 988, 988, 988, 1001, 1001, 1001, 1001, 1500, 1500, 1500, 1500]
[1500, 1500, 988, 1499, 988, 988, 988, 988, 1001, 1001, 1001, 1001, 1500, 1500, 1500, 1500]
[1500, 1500, 988, 1499, 988, 988, 988, 988, 1001, 1001, 1001, 1001, 1500, 1500, 1500, 1500]
[1500, 1500, 988, 1499, 988, 988, 988, 988, 1001, 1001, 1001, 1001, 1500, 1500, 1500, 1500]
[1500, 1500, 988, 1500, 988, 988, 988, 988, 1001, 1001, 1001, 1001, 1500, 1500, 1500, 1500]
[1500, 1500, 988, 1500, 988, 988, 988, 988, 1001, 1001, 1001, 1001, 1500, 1500, 1500, 1500]
[1500, 1500, 988, 1500, 988, 988, 988, 988, 1001, 1001, 1001, 1001, 1500, 1500, 1500, 1500]
12:56:36.924858 ALT: 1.91
12:56:36.924955 ATT: [0.0, 0.9, 113]
12:56:36.925455 ACC: [-7, 1, 515]
[1500, 1499, 988, 1499, 988, 988, 988, 988, 1001, 1001, 1001, 1001, 1500, 1500, 1500, 1500]
[1500, 1499, 988, 1499, 988, 988, 988, 988, 1001, 1001, 1001, 1001, 1500, 1500, 1500, 1500]
[1500, 1499, 988, 1499, 988, 988, 988, 988, 1001, 1001, 1001, 1001, 1500, 1500, 1500, 1500]
[1500, 1500, 988, 1500, 988, 988, 988, 988, 1001, 1001, 1001, 1001, 1500, 1500, 1500, 1500]
[1500, 1500, 988, 1500, 988, 988, 988, 988, 1001, 1001, 1001, 1001, 1500, 1500, 1500, 1500]
[1500, 1500, 988, 1500, 988, 988, 988, 988, 1001, 1001, 1001, 1001, 1500, 1500, 1500, 1500]
[1500, 1500, 988, 1500, 988, 988, 988, 988, 1001, 1001, 1001, 1001, 1500, 1500, 1500, 1500]
12:56:36.973102 ALT: 1.91
12:56:36.973219 ATT: [0.0, 0.9, 113]
12:56:36.974320 ACC: [-8, 0, 515]
[1500, 1500, 988, 1500, 988, 988, 988, 988, 1001, 1001, 1001, 1001, 1500, 1500, 1500, 1500]
[1500, 1500, 988, 1500, 988, 988, 988, 988, 1001, 1001, 1001, 1001, 1500, 1500, 1500, 1500]
[1500, 1500, 988, 1499, 988, 988, 988, 988, 1001, 1001, 1001, 1001, 1500, 1500, 1500, 1500]
[1500, 1500, 988, 1499, 988, 988, 988, 988, 1001, 1001, 1001, 1001, 1500, 1500, 1500, 1500]
[1500, 1500, 988, 1499, 988, 988, 988, 988, 1001, 1001, 1001, 1001, 1500, 1500, 1500, 1500]
[1500, 1500, 988, 1499, 988, 988, 988, 988, 1001, 1001, 1001, 1001, 1500, 1500, 1500, 1500]
[1500, 1500, 988, 1499, 988, 988, 988, 988, 1001, 1001, 1001, 1001, 1500, 1500, 1500, 1500]
12:56:37.021022 ALT: 1.91
12:56:37.021251 ATT: [0.0, 0.9, 114]
12:56:37.022776 ACC: [-8, 0, 515]
[1500, 1500, 988, 1499, 988, 988, 988, 988, 1001, 1001, 1001, 1001, 1500, 1500, 1500, 1500]
[1500, 1500, 988, 1500, 988, 988, 988, 988, 1001, 1001, 1001, 1001, 1500, 1500, 1500, 1500]
[1500, 1500, 988, 1500, 988, 988, 988, 988, 1001, 1001, 1001, 1001, 1500, 1500, 1500, 1500]
[1500, 1500, 988, 1500, 988, 988, 988, 988, 1001, 1001, 1001, 1001, 1500, 1500, 1500, 1500]
[1500, 1500, 988, 1500, 986, 988, 988, 988, 1001, 1001, 1001, 1001, 1500, 1500, 1500, 1500]
[1500, 1500, 988, 1500, 986, 988, 988, 988, 1001, 1001, 1001, 1001, 1500, 1500, 1500, 1500]
[1500, 1500, 988, 1500, 986, 988, 988, 988, 1001, 1001, 1001, 1001, 1500, 1500, 1500, 1500]
12:56:37.069093 ALT: 1.91
12:56:37.069230 ATT: [0.0, 0.9, 114]
12:56:37.069654 ACC: [-7, 0, 515]
[1500, 1499, 988, 1500, 988, 988, 988, 988, 1001, 1001, 1001, 1001, 1500, 1500, 1500, 1500]
[1500, 1499, 988, 1500, 988, 988, 988, 988, 1001, 1001, 1001, 1001, 1500, 1500, 1500, 1500]
[1499, 1499, 988, 1500, 988, 988, 988, 988, 1001, 1001, 1001, 1001, 1500, 1500, 1500, 1500]
[1499, 1500, 988, 1499, 988, 988, 988, 988, 1001, 1001, 1001, 1001, 1500, 1500, 1500, 1500]
[1499, 1500, 988, 1499, 988, 988, 988, 989, 1001, 1001, 1001, 1001, 1500, 1500, 1500, 1500]
[1499, 1500, 988, 1499, 988, 988, 988, 989, 1001, 1001, 1001, 1001, 1500, 1500, 1500, 1500]
[1499, 1500, 988, 1500, 988, 988, 988, 989, 1001, 1001, 1001, 1001, 1500, 1500, 1500, 1500]
[1499, 1500, 988, 1500, 988, 988, 988, 988, 1001, 1001, 1001, 1001, 1500, 1500, 1500, 1500]
12:56:37.116924 ALT: 1.91
12:56:37.117103 ATT: [0.0, 0.9, 114]
12:56:37.117642 ACC: [-8, 0, 515]
[1500, 1500, 988, 1500, 988, 988, 988, 988, 1001, 1001, 1001, 1001, 1500, 1500, 1500, 1500]
[1500, 1500, 988, 1499, 988, 988, 988, 988, 1001, 1001, 1001, 1001, 1500, 1500, 1500, 1500]
[1500, 1500, 988, 1499, 988, 988, 988, 988, 1001, 1001, 1001, 1001, 1500, 1500, 1500, 1500]
[1500, 1500, 988, 1499, 988, 988, 988, 988, 1001, 1001, 1001, 1001, 1500, 1500, 1500, 1500]
[1500, 1500, 988, 1500, 988, 988, 988, 988, 1001, 1001, 1001, 1001, 1500, 1500, 1500, 1500]
[1500, 1500, 988, 1500, 988, 988, 988, 988, 1001, 1001, 1001, 1001, 1500, 1500, 1500, 1500]
[1500, 1500, 988, 1500, 988, 988, 988, 988, 1001, 1001, 1001, 1001, 1500, 1500, 1500, 1500]
12:56:37.164938 ALT: 1.91
12:56:37.165043 ATT: [0.0, 0.9, 114]
12:56:37.165384 ACC: [-7, 0, 515]
[1500, 1500, 988, 1500, 988, 988, 988, 988, 1001, 1001, 1001, 1001, 1500, 1500, 1500, 1500]
[1500, 1500, 988, 1500, 988, 988, 988, 988, 1001, 1001, 1001, 1001, 1500, 1500, 1500, 1500]
[1500, 1500, 988, 1500, 988, 988, 988, 988, 1001, 1001, 1001, 1001, 1500, 1500, 1500, 1500]
[1500, 1500, 988, 1499, 988, 988, 988, 988, 1001, 1001, 1001, 1001, 1500, 1500, 1500, 1500]
[1500, 1500, 988, 1499, 988, 988, 988, 988, 1001, 1001, 1001, 1001, 1500, 1500, 1500, 1500]
[1500, 1500, 988, 1499, 988, 988, 988, 988, 1001, 1001, 1001, 1001, 1500, 1500, 1500, 1500]
[1500, 1500, 988, 1500, 988, 988, 988, 988, 1001, 1001, 1001, 1001, 1500, 1500, 1500, 1500]
12:56:37.212962 ALT: 1.91
12:56:37.213173 ATT: [0.0, 0.9, 114]
12:56:37.213625 ACC: [-7, 0, 515]
[1500, 1500, 988, 1500, 988, 988, 988, 988, 1001, 1001, 1001, 1001, 1500, 1500, 1500, 1500]
[1500, 1500, 988, 1500, 988, 988, 988, 988, 1001, 1001, 1001, 1001, 1500, 1500, 1500, 1500]
[1500, 1500, 988, 1499, 988, 988, 988, 988, 1001, 1001, 1001, 1001, 1500, 1500, 1500, 1500]
[1500, 1500, 988, 1499, 988, 988, 988, 988, 1001, 1001, 1001, 1001, 1500, 1500, 1500, 1500]
[1499, 1500, 988, 1499, 988, 988, 988, 988, 1001, 1001, 1001, 1001, 1500, 1500, 1500, 1500]
[1499, 1500, 988, 1500, 988, 988, 988, 988, 1001, 1001, 1001, 1001, 1500, 1500, 1500, 1500]
[1499, 1500, 988, 1500, 988, 988, 988, 988, 1001, 1001, 1001, 1001, 1500, 1500, 1500, 1500]
[1500, 1500, 988, 1500, 988, 988, 988, 988, 1001, 1001, 1001, 1001, 1500, 1500, 1500, 1500]
[1500, 1500, 988, 1500, 988, 988, 988, 988, 1001, 1001, 1001, 1001, 1500, 1500, 1500, 1500]
[1500, 1500, 988, 1500, 988, 988, 988, 988, 1001, 1001, 1001, 1001, 1500, 1500, 1500, 1500]
12:56:37.277190 ALT: 1.91
12:56:37.277459 ATT: [0.0, 0.9, 114]
12:56:37.278172 ACC: [-7, 0, 515]
[1500, 1500, 988, 1500, 988, 988, 988, 988, 1001, 1001, 1001, 1001, 1500, 1500, 1500, 1500]
[1500, 1500, 988, 1500, 988, 988, 988, 988, 1001, 1001, 1001, 1001, 1500, 1500, 1500, 1500]
[1500, 1500, 988, 1500, 988, 988, 988, 988, 1001, 1001, 1001, 1001, 1500, 1500, 1500, 1500]
[1500, 1500, 988, 1500, 988, 988, 988, 988, 1001, 1001, 1001, 1001, 1500, 1500, 1500, 1500]
[1500, 1500, 988, 1500, 988, 988, 988, 988, 1001, 1001, 1001, 1001, 1500, 1500, 1500, 1500]
[1500, 1500, 988, 1500, 988, 988, 988, 988, 1001, 1001, 1001, 1001, 1500, 1500, 1500, 1500]
12:56:37.325849 ALT: 1.91
12:56:37.325991 ATT: [0.0, 0.9, 114]
12:56:37.326843 ACC: [-8, 1, 515]
[1500, 1500, 988, 1500, 988, 988, 988, 988, 1001, 1001, 1001, 1001, 1500, 1500, 1500, 1500]
[1500, 1501, 986, 1500, 988, 988, 988, 988, 1001, 1001, 1001, 1001, 1500, 1500, 1500, 1500]
[1500, 1501, 986, 1500, 988, 988, 988, 988, 1001, 1001, 1001, 1001, 1500, 1500, 1500, 1500]
[1500, 1501, 986, 1500, 988, 988, 988, 988, 1001, 1001, 1001, 1001, 1500, 1500, 1500, 1500]
[1500, 1500, 988, 1500, 986, 988, 988, 988, 1001, 1001, 1001, 1001, 1500, 1500, 1500, 1500]
[1500, 1500, 988, 1500, 986, 988, 988, 988, 1001, 1001, 1001, 1001, 1500, 1500, 1500, 1500]
[1500, 1500, 988, 1500, 986, 988, 988, 988, 1001, 1001, 1001, 1001, 1500, 1500, 1500, 1500]
12:56:37.377995 ALT: 1.91
12:56:37.378133 ATT: [0.0, 0.9, 114]
12:56:37.379518 ACC: [-8, 0, 515]
[1500, 1500, 988, 1500, 988, 988, 988, 988, 1001, 1001, 1001, 1001, 1500, 1500, 1500, 1500]
[1500, 1500, 988, 1500, 988, 988, 988, 988, 1001, 1001, 1001, 1001, 1500, 1500, 1500, 1500]
[1500, 1500, 988, 1500, 988, 988, 988, 988, 1001, 1001, 1001, 1001, 1500, 1500, 1500, 1500]
[1500, 1500, 988, 1500, 988, 988, 988, 988, 1001, 1001, 1001, 1001, 1500, 1500, 1500, 1500]
[1500, 1500, 988, 1500, 988, 988, 988, 988, 1001, 1001, 1001, 1001, 1500, 1500, 1500, 1500]
[1499, 1500, 988, 1500, 988, 988, 988, 988, 1001, 1001, 1001, 1001, 1500, 1500, 1500, 1500]
[1499, 1500, 988, 1500, 988, 988, 988, 988, 1001, 1001, 1001, 1001, 1500, 1500, 1500, 1500]
[1499, 1500, 988, 1500, 988, 988, 988, 988, 1001, 1001, 1001, 1001, 1500, 1500, 1500, 1500]
[1500, 1500, 988, 1500, 988, 988, 988, 988, 1001, 1001, 1001, 1001, 1500, 1500, 1500, 1500]
[1500, 1500, 988, 1500, 988, 988, 988, 988, 1001, 1001, 1001, 1001, 1500, 1500, 1500, 1500]
[1500, 1500, 988, 1500, 988, 988, 988, 988, 1001, 1001, 1001, 1001, 1500, 1500, 1500, 1500]
12:56:37.437947 ALT: 1.91
12:56:37.438065 ATT: [0.0, 0.9, 114]
12:56:37.438919 ACC: [-7, 1, 515]
[1500, 1500, 988, 1500, 988, 988, 988, 988, 1001, 1001, 1001, 1001, 1500, 1500, 1500, 1500]
[1500, 1500, 988, 1500, 988, 988, 988, 988, 1001, 1001, 1001, 1001, 1500, 1500, 1500, 1500]
[1500, 1500, 988, 1500, 988, 988, 988, 988, 1001, 1001, 1001, 1001, 1500, 1500, 1500, 1500]
[1500, 1500, 988, 1500, 988, 988, 988, 988, 1001, 1001, 1001, 1001, 1500, 1500, 1500, 1500]
[1500, 1500, 988, 1499, 988, 988, 988, 988, 1001, 1001, 1001, 1001, 1500, 1500, 1500, 1500]
[1500, 1500, 988, 1499, 988, 988, 988, 988, 1001, 1001, 1001, 1001, 1500, 1500, 1500, 1500]
[1500, 1500, 988, 1499, 988, 988, 988, 988, 1001, 1001, 1001, 1001, 1500, 1500, 1500, 1500]
12:56:37.485037 ALT: 1.91
12:56:37.485142 ATT: [0.0, 0.9, 114]
12:56:37.486516 ACC: [-7, 0, 515]
[1500, 1499, 991, 1497, 988, 988, 988, 988, 1001, 1001, 1001, 1001, 1500, 1500, 1500, 1500]
[1500, 1499, 991, 1497, 988, 988, 988, 988, 1001, 1001, 1001, 1001, 1500, 1500, 1500, 1500]
[1499, 1499, 991, 1497, 988, 988, 988, 988, 1001, 1001, 1001, 1001, 1500, 1500, 1500, 1500]
[1499, 1500, 988, 1500, 988, 988, 988, 988, 1001, 1001, 1001, 1001, 1500, 1500, 1500, 1500]
[1499, 1500, 988, 1500, 988, 988, 988, 988, 1001, 1001, 1001, 1001, 1500, 1500, 1500, 1500]
[1500, 1500, 988, 1500, 988, 988, 988, 988, 1001, 1001, 1001, 1001, 1500, 1500, 1500, 1500]
[1500, 1500, 988, 1499, 988, 988, 988, 988, 1001, 1001, 1001, 1001, 1500, 1500, 1500, 1500]
12:56:37.533119 ALT: 1.91
12:56:37.533234 ATT: [0.0, 0.9, 114]
12:56:37.533766 ACC: [-8, 0, 515]
[1500, 1500, 988, 1499, 988, 988, 988, 988, 1001, 1001, 1001, 1001, 1500, 1500, 1500, 1500]
[1500, 1500, 988, 1499, 988, 988, 988, 988, 1001, 1001, 1001, 1001, 1500, 1500, 1500, 1500]
[1500, 1500, 988, 1500, 988, 988, 988, 988, 1001, 1001, 1001, 1001, 1500, 1500, 1500, 1500]
[1500, 1500, 988, 1500, 988, 988, 988, 988, 1001, 1001, 1001, 1001, 1500, 1500, 1500, 1500]
[1500, 1500, 988, 1500, 988, 988, 988, 988, 1001, 1001, 1001, 1001, 1500, 1500, 1500, 1500]
[1500, 1500, 988, 1500, 988, 988, 988, 988, 1001, 1001, 1001, 1001, 1500, 1500, 1500, 1500]
[1500, 1500, 988, 1500, 988, 988, 988, 988, 1001, 1001, 1001, 1001, 1500, 1500, 1500, 1500]
12:56:37.581619 ALT: 1.91
12:56:37.581738 ATT: [0.0, 0.8, 114]
12:56:37.582125 ACC: [-7, 1, 515]
[1500, 1500, 988, 1500, 988, 988, 988, 988, 1001, 1001, 1001, 1001, 1500, 1500, 1500, 1500]
[1500, 1501, 986, 1500, 988, 988, 988, 988, 1001, 1001, 1001, 1001, 1500, 1500, 1500, 1500]
[1500, 1501, 986, 1500, 988, 988, 988, 988, 1001, 1001, 1001, 1001, 1500, 1500, 1500, 1500]
[1500, 1501, 986, 1500, 988, 988, 988, 988, 1001, 1001, 1001, 1001, 1500, 1500, 1500, 1500]
[1500, 1500, 988, 1500, 988, 988, 988, 988, 1001, 1001, 1001, 1001, 1500, 1500, 1500, 1500]
[1500, 1500, 988, 1500, 988, 988, 988, 988, 1001, 1001, 1001, 1001, 1500, 1500, 1500, 1500]
[1500, 1500, 988, 1500, 988, 988, 988, 988, 1001, 1001, 1001, 1001, 1500, 1500, 1500, 1500]
[1500, 1500, 988, 1500, 988, 988, 988, 988, 1001, 1001, 1001, 1001, 1500, 1500, 1500, 1500]
12:56:37.632342 ALT: 1.91
12:56:37.632448 ATT: [0.0, 0.8, 114]
12:56:37.632784 ACC: [-7, 0, 515]
[1500, 1500, 988, 1500, 988, 988, 988, 988, 1001, 1001, 1001, 1001, 1500, 1500, 1500, 1500]
[1500, 1500, 988, 1500, 988, 988, 988, 988, 1001, 1001, 1001, 1001, 1500, 1500, 1500, 1500]
[1500, 1499, 988, 1500, 988, 988, 988, 988, 1001, 1001, 1001, 1001, 1500, 1500, 1500, 1500]
[1500, 1499, 988, 1500, 988, 988, 988, 988, 1001, 1001, 1001, 1001, 1500, 1500, 1500, 1500]
[1500, 1499, 988, 1500, 988, 988, 988, 988, 1001, 1001, 1001, 1001, 1500, 1500, 1500, 1500]
[1500, 1500, 988, 1500, 988, 988, 988, 988, 1001, 1001, 1001, 1001, 1500, 1500, 1500, 1500]
[1500, 1500, 988, 1500, 988, 988, 988, 988, 1001, 1001, 1001, 1001, 1500, 1500, 1500, 1500]
12:56:37.676864 ALT: 1.91
12:56:37.676952 ATT: [0.0, 0.8, 114]
12:56:37.677325 ACC: [-7, 0, 515]
[1500, 1500, 988, 1500, 988, 988, 988, 988, 1001, 1001, 1001, 1001, 1500, 1500, 1500, 1500]
[1500, 1500, 988, 1500, 986, 988, 988, 988, 1001, 1001, 1001, 1001, 1500, 1500, 1500, 1500]
[1500, 1500, 988, 1500, 986, 988, 988, 988, 1001, 1001, 1001, 1001, 1500, 1500, 1500, 1500]
[1500, 1500, 988, 1500, 986, 988, 988, 988, 1001, 1001, 1001, 1001, 1500, 1500, 1500, 1500]
[1500, 1500, 988, 1500, 988, 988, 988, 988, 1001, 1001, 1001, 1001, 1500, 1500, 1500, 1500]
[1500, 1500, 988, 1500, 988, 988, 988, 988, 1001, 1001, 1001, 1001, 1500, 1500, 1500, 1500]
[1500, 1500, 988, 1500, 988, 988, 988, 988, 1001, 1001, 1001, 1001, 1500, 1500, 1500, 1500]
12:56:37.724944 ALT: 1.91
12:56:37.725127 ATT: [0.0, 0.8, 114]
12:56:37.725583 ACC: [-7, 0, 516]
[1500, 1500, 988, 1499, 988, 988, 988, 988, 1001, 1001, 1001, 1001, 1500, 1500, 1500, 1500]
[1500, 1500, 988, 1499, 988, 988, 988, 988, 1001, 1001, 1001, 1001, 1500, 1500, 1500, 1500]
[1500, 1500, 988, 1499, 988, 988, 988, 988, 1001, 1001, 1001, 1001, 1500, 1500, 1500, 1500]
[1500, 1500, 988, 1500, 988, 989, 988, 988, 1001, 1001, 1001, 1001, 1500, 1500, 1500, 1500]
[1500, 1500, 988, 1500, 988, 989, 988, 988, 1001, 1001, 1001, 1001, 1500, 1500, 1500, 1500]
[1499, 1500, 988, 1500, 988, 989, 988, 988, 1001, 1001, 1001, 1001, 1500, 1500, 1500, 1500]
[1499, 1500, 988, 1499, 988, 988, 988, 988, 1001, 1001, 1001, 1001, 1500, 1500, 1500, 1500]
12:56:37.775159 ALT: 1.91
12:56:37.775357 ATT: [0.0, 0.8, 114]
12:56:37.775950 ACC: [-7, 0, 515]
[1499, 1500, 988, 1499, 988, 988, 988, 988, 1001, 1001, 1001, 1001, 1500, 1500, 1500, 1500]
[1500, 1500, 988, 1499, 988, 988, 988, 988, 1001, 1001, 1001, 1001, 1500, 1500, 1500, 1500]
[1500, 1500, 988, 1500, 988, 988, 988, 988, 1001, 1001, 1001, 1001, 1500, 1500, 1500, 1500]
[1500, 1500, 988, 1500, 988, 988, 988, 988, 1001, 1001, 1001, 1001, 1500, 1500, 1500, 1500]
[1500, 1500, 988, 1500, 988, 988, 988, 988, 1001, 1001, 1001, 1001, 1500, 1500, 1500, 1500]
[1500, 1500, 988, 1500, 988, 988, 989, 988, 1001, 1001, 1001, 1001, 1500, 1500, 1500, 1500]
[1500, 1500, 988, 1500, 988, 988, 989, 986, 1001, 1001, 1001, 1001, 1500, 1500, 1500, 1500]
12:56:37.821369 ALT: 1.91
12:56:37.821563 ATT: [0.0, 0.8, 114]
12:56:37.824660 ACC: [-7, 0, 515]
[1500, 1500, 988, 1500, 988, 988, 989, 986, 1001, 1001, 1001, 1001, 1500, 1500, 1500, 1500]
[1500, 1500, 988, 1500, 988, 988, 988, 986, 1001, 1001, 1001, 1001, 1500, 1500, 1500, 1500]
[1500, 1500, 988, 1500, 988, 988, 988, 988, 1001, 1001, 1001, 1001, 1500, 1500, 1500, 1500]
[1500, 1500, 988, 1500, 988, 988, 988, 988, 1001, 1001, 1001, 1001, 1500, 1500, 1500, 1500]
[1500, 1499, 988, 1500, 988, 988, 988, 988, 1001, 1001, 1001, 1001, 1500, 1500, 1500, 1500]
[1500, 1499, 988, 1500, 988, 988, 988, 988, 1001, 1001, 1001, 1001, 1500, 1500, 1500, 1500]
[1499, 1499, 988, 1500, 988, 988, 988, 988, 1001, 1001, 1001, 1001, 1500, 1500, 1500, 1500]
[1499, 1500, 988, 1500, 988, 988, 988, 988, 1001, 1001, 1001, 1001, 1500, 1500, 1500, 1500]
12:56:37.869924 ALT: 1.91
12:56:37.870201 ATT: [0.0, 0.8, 114]
12:56:37.870766 ACC: [-7, 1, 515]
[1499, 1500, 988, 1500, 988, 988, 988, 988, 1001, 1001, 1001, 1001, 1500, 1500, 1500, 1500]
[1500, 1500, 988, 1500, 988, 988, 988, 988, 1001, 1001, 1001, 1001, 1500, 1500, 1500, 1500]
[1500, 1500, 988, 1500, 988, 988, 988, 988, 1001, 1001, 1001, 1001, 1500, 1500, 1500, 1500]
[1500, 1500, 988, 1500, 988, 988, 988, 988, 1001, 1001, 1001, 1001, 1500, 1500, 1500, 1500]
[1500, 1500, 988, 1500, 988, 988, 988, 988, 1001, 1001, 1001, 1001, 1500, 1500, 1500, 1500]
[1500, 1500, 988, 1500, 988, 988, 988, 988, 1001, 1001, 1001, 1001, 1500, 1500, 1500, 1500]
[1500, 1500, 988, 1500, 988, 988, 988, 988, 1001, 1001, 1001, 1001, 1500, 1500, 1500, 1500]
12:56:37.916961 ALT: 1.91
12:56:37.917147 ATT: [0.0, 0.8, 114]
12:56:37.917522 ACC: [-7, 1, 515]
[1500, 1500, 988, 1500, 988, 988, 988, 988, 1001, 1001, 1001, 1001, 1500, 1500, 1500, 1500]
[1500, 1499, 988, 1500, 988, 988, 988, 988, 1001, 1001, 1001, 1001, 1500, 1500, 1500, 1500]
[1500, 1499, 988, 1500, 988, 988, 988, 988, 1001, 1001, 1001, 1001, 1500, 1500, 1500, 1500]
[1500, 1499, 988, 1500, 988, 988, 988, 988, 1001, 1001, 1001, 1001, 1500, 1500, 1500, 1500]
[1500, 1500, 988, 1500, 988, 988, 988, 988, 1001, 1001, 1001, 1001, 1500, 1500, 1500, 1500]
[1500, 1500, 988, 1500, 988, 988, 988, 988, 1001, 1001, 1001, 1001, 1500, 1500, 1500, 1500]
[1499, 1500, 988, 1500, 988, 988, 988, 988, 1001, 1001, 1001, 1001, 1500, 1500, 1500, 1500]
12:56:37.964926 ALT: 1.91
12:56:37.965024 ATT: [0.0, 0.8, 114]
12:56:37.965555 ACC: [-7, 0, 515]
[1499, 1500, 988, 1500, 988, 988, 988, 988, 1001, 1001, 1001, 1001, 1500, 1500, 1500, 1500]
[1499, 1500, 988, 1500, 988, 988, 988, 988, 1001, 1001, 1001, 1001, 1500, 1500, 1500, 1500]
[1500, 1500, 988, 1500, 988, 988, 988, 988, 1001, 1001, 1001, 1001, 1500, 1500, 1500, 1500]
[1500, 1500, 988, 1499, 988, 988, 988, 988, 1001, 1001, 1001, 1001, 1500, 1500, 1500, 1500]
[1500, 1500, 988, 1499, 988, 988, 988, 988, 1001, 1001, 1001, 1001, 1500, 1500, 1500, 1500]
[1500, 1500, 988, 1499, 988, 988, 988, 988, 1001, 1001, 1001, 1001, 1500, 1500, 1500, 1500]
[1500, 1500, 988, 1500, 988, 988, 988, 988, 1001, 1001, 1001, 1001, 1500, 1500, 1500, 1500]
12:56:38.013121 ALT: 1.91
12:56:38.013632 ATT: [0.0, 0.8, 114]
12:56:38.014268 ACC: [-7, 0, 515]
[1500, 1500, 988, 1500, 988, 988, 988, 988, 1001, 1001, 1001, 1001, 1500, 1500, 1500, 1500]
[1500, 1500, 988, 1500, 988, 988, 988, 988, 1001, 1001, 1001, 1001, 1500, 1500, 1500, 1500]
[1500, 1500, 988, 1499, 988, 988, 988, 988, 1001, 1001, 1001, 1001, 1500, 1500, 1500, 1500]
[1500, 1500, 988, 1499, 988, 988, 988, 988, 1001, 1001, 1001, 1001, 1500, 1500, 1500, 1500]
[1500, 1500, 988, 1499, 988, 988, 988, 988, 1001, 1001, 1001, 1001, 1500, 1500, 1500, 1500]
[1500, 1500, 988, 1499, 988, 988, 988, 988, 1001, 1001, 1001, 1001, 1500, 1500, 1500, 1500]
[1500, 1500, 988, 1499, 988, 988, 988, 988, 1001, 1001, 1001, 1001, 1500, 1500, 1500, 1500]
12:56:38.060979 ALT: 1.91
12:56:38.061154 ATT: [0.0, 0.8, 114]
12:56:38.064761 ACC: [-7, 1, 515]
[1500, 1500, 988, 1499, 988, 988, 988, 988, 1001, 1001, 1001, 1001, 1500, 1500, 1500, 1500]
[1500, 1500, 988, 1500, 988, 988, 988, 988, 1001, 1001, 1001, 1001, 1500, 1500, 1500, 1500]
[1500, 1500, 988, 1500, 988, 988, 988, 988, 1001, 1001, 1001, 1001, 1500, 1500, 1500, 1500]
[1500, 1500, 988, 1500, 988, 988, 988, 988, 1001, 1001, 1001, 1001, 1500, 1500, 1500, 1500]
[1500, 1500, 988, 1500, 988, 988, 988, 988, 1001, 1001, 1001, 1001, 1500, 1500, 1500, 1500]
[1500, 1500, 988, 1500, 988, 988, 988, 988, 1001, 1001, 1001, 1001, 1500, 1500, 1500, 1500]
[1500, 1500, 988, 1500, 988, 988, 988, 988, 1001, 1001, 1001, 1001, 1500, 1500, 1500, 1500]
[1500, 1500, 988, 1500, 988, 988, 988, 988, 1001, 1001, 1001, 1001, 1500, 1500, 1500, 1500]
12:56:38.109581 ALT: 1.91
12:56:38.109676 ATT: [0.0, 0.8, 114]
12:56:38.109958 ACC: [-7, 1, 515]
[1500, 1500, 988, 1500, 988, 988, 988, 988, 1001, 1001, 1001, 1001, 1500, 1500, 1500, 1500]
[1500, 1500, 988, 1500, 988, 988, 988, 988, 1001, 1001, 1001, 1001, 1500, 1500, 1500, 1500]
[1500, 1500, 988, 1500, 988, 988, 988, 988, 1001, 1001, 1001, 1001, 1500, 1500, 1500, 1500]
[1500, 1500, 988, 1500, 988, 988, 988, 988, 1001, 1001, 1001, 1001, 1500, 1500, 1500, 1500]
[1500, 1500, 988, 1500, 988, 988, 988, 988, 1001, 1001, 1001, 1001, 1500, 1500, 1500, 1500]
[1500, 1499, 988, 1500, 988, 989, 988, 988, 1001, 1001, 1001, 1001, 1500, 1500, 1500, 1500]
[1500, 1499, 988, 1500, 988, 989, 988, 988, 1001, 1001, 1001, 1001, 1500, 1500, 1500, 1500]
12:56:38.158081 ALT: 1.91
12:56:38.158168 ATT: [0.0, 0.8, 114]
12:56:38.158397 ACC: [-8, 1, 515]
[1500, 1499, 988, 1500, 988, 989, 988, 988, 1001, 1001, 1001, 1001, 1500, 1500, 1500, 1500]
[1500, 1500, 988, 1499, 988, 988, 988, 988, 1001, 1001, 1001, 1001, 1500, 1500, 1500, 1500]
[1500, 1500, 988, 1499, 988, 988, 988, 988, 1001, 1001, 1001, 1001, 1500, 1500, 1500, 1500]
[1500, 1500, 988, 1499, 988, 988, 988, 988, 1001, 1001, 1001, 1001, 1500, 1500, 1500, 1500]
[1500, 1500, 988, 1500, 988, 988, 988, 988, 1001, 1001, 1001, 1001, 1500, 1500, 1500, 1500]
[1500, 1500, 988, 1500, 988, 988, 988, 988, 1001, 1001, 1001, 1001, 1500, 1500, 1500, 1500]
[1500, 1500, 988, 1500, 988, 988, 988, 988, 1001, 1001, 1001, 1001, 1500, 1500, 1500, 1500]
12:56:38.206576 ALT: 1.91
12:56:38.206681 ATT: [0.0, 0.8, 114]
12:56:38.207002 ACC: [-7, 0, 515]
[1500, 1500, 988, 1500, 988, 988, 988, 988, 1001, 1001, 1001, 1001, 1500, 1500, 1500, 1500]
[1500, 1500, 988, 1500, 988, 988, 988, 988, 1001, 1001, 1001, 1001, 1500, 1500, 1500, 1500]
[1500, 1500, 988, 1500, 988, 988, 988, 988, 1001, 1001, 1001, 1001, 1500, 1500, 1500, 1500]
[1500, 1499, 988, 1500, 988, 988, 988, 988, 1001, 1001, 1001, 1001, 1500, 1500, 1500, 1500]
[1500, 1499, 988, 1500, 988, 988, 988, 988, 1001, 1001, 1001, 1001, 1500, 1500, 1500, 1500]
[1500, 1499, 988, 1500, 988, 988, 988, 988, 1001, 1001, 1001, 1001, 1500, 1500, 1500, 1500]
[1500, 1500, 988, 1500, 988, 988, 988, 988, 1001, 1001, 1001, 1001, 1500, 1500, 1500, 1500]
12:56:38.253194 ALT: 1.91
12:56:38.253479 ATT: [0.0, 0.8, 114]
12:56:38.254392 ACC: [-7, 0, 515]
[1500, 1500, 988, 1500, 988, 988, 988, 988, 1001, 1001, 1001, 1001, 1500, 1500, 1500, 1500]
[1500, 1500, 988, 1500, 988, 988, 988, 988, 1001, 1001, 1001, 1001, 1500, 1500, 1500, 1500]
[1500, 1500, 988, 1500, 988, 988, 988, 988, 1001, 1001, 1001, 1001, 1500, 1500, 1500, 1500]
[1500, 1500, 988, 1500, 988, 988, 988, 988, 1001, 1001, 1001, 1001, 1500, 1500, 1500, 1500]
[1500, 1500, 988, 1500, 988, 988, 988, 988, 1001, 1001, 1001, 1001, 1500, 1500, 1500, 1500]
[1500, 1500, 988, 1500, 988, 988, 988, 988, 1001, 1001, 1001, 1001, 1500, 1500, 1500, 1500]
[1500, 1500, 988, 1500, 988, 988, 988, 988, 1001, 1001, 1001, 1001, 1500, 1500, 1500, 1500]
12:56:38.301448 ALT: 1.91
12:56:38.301607 ATT: [0.0, 0.8, 114]
12:56:38.302117 ACC: [-8, 0, 515]
[1500, 1500, 988, 1500, 988, 988, 988, 988, 1001, 1001, 1001, 1001, 1500, 1500, 1500, 1500]
[1500, 1500, 988, 1500, 988, 988, 988, 988, 1001, 1001, 1001, 1001, 1500, 1500, 1500, 1500]
[1500, 1500, 988, 1500, 988, 988, 988, 988, 1001, 1001, 1001, 1001, 1500, 1500, 1500, 1500]
[1500, 1500, 988, 1500, 988, 988, 988, 988, 1001, 1001, 1001, 1001, 1500, 1500, 1500, 1500]
[1500, 1500, 988, 1500, 988, 988, 988, 988, 1001, 1001, 1001, 1001, 1500, 1500, 1500, 1500]
[1500, 1500, 988, 1500, 988, 988, 988, 988, 1001, 1001, 1001, 1001, 1500, 1500, 1500, 1500]
[1500, 1500, 988, 1500, 988, 988, 988, 988, 1001, 1001, 1001, 1001, 1500, 1500, 1500, 1500]
12:56:38.348847 ALT: 1.91
12:56:38.348974 ATT: [0.0, 0.8, 114]
12:56:38.349411 ACC: [-7, 1, 515]
[1500, 1500, 988, 1500, 988, 988, 988, 988, 1001, 1001, 1001, 1001, 1500, 1500, 1500, 1500]
[1500, 1500, 988, 1500, 988, 988, 988, 988, 1001, 1001, 1001, 1001, 1500, 1500, 1500, 1500]
[1499, 1500, 988, 1500, 988, 988, 988, 988, 1001, 1001, 1001, 1001, 1500, 1500, 1500, 1500]
[1499, 1499, 988, 1500, 988, 988, 988, 988, 1001, 1001, 1001, 1001, 1500, 1500, 1500, 1500]
[1499, 1499, 988, 1500, 988, 988, 988, 988, 1001, 1001, 1001, 1001, 1500, 1500, 1500, 1500]
[1500, 1499, 988, 1500, 988, 988, 988, 988, 1001, 1001, 1001, 1001, 1500, 1500, 1500, 1500]
[1500, 1500, 988, 1499, 988, 988, 988, 988, 1001, 1001, 1001, 1001, 1500, 1500, 1500, 1500]
[1500, 1500, 988, 1499, 988, 988, 988, 988, 1001, 1001, 1001, 1001, 1500, 1500, 1500, 1500]
12:56:38.397352 ALT: 1.91
12:56:38.397570 ATT: [0.0, 0.8, 114]
12:56:38.398058 ACC: [-7, 0, 515]
[1499, 1500, 988, 1499, 988, 988, 988, 988, 1001, 1001, 1001, 1001, 1500, 1500, 1500, 1500]
[1499, 1500, 988, 1500, 988, 988, 988, 988, 1001, 1001, 1001, 1001, 1500, 1500, 1500, 1500]
[1499, 1500, 988, 1500, 988, 988, 988, 988, 1001, 1001, 1001, 1001, 1500, 1500, 1500, 1500]
[1500, 1500, 988, 1500, 988, 988, 988, 988, 1001, 1001, 1001, 1001, 1500, 1500, 1500, 1500]
[1500, 1500, 988, 1500, 988, 986, 988, 988, 1001, 1001, 1001, 1001, 1500, 1500, 1500, 1500]
[1500, 1500, 988, 1500, 988, 986, 988, 988, 1001, 1001, 1001, 1001, 1500, 1500, 1500, 1500]
[1500, 1500, 988, 1500, 988, 986, 988, 988, 1001, 1001, 1001, 1001, 1500, 1500, 1500, 1500]
12:56:38.444958 ALT: 1.91
12:56:38.445069 ATT: [0.0, 0.8, 114]
12:56:38.445432 ACC: [-7, 0, 515]
[1500, 1500, 988, 1500, 988, 988, 988, 988, 1001, 1001, 1001, 1001, 1500, 1500, 1500, 1500]
[1500, 1500, 988, 1500, 988, 988, 988, 988, 1001, 1001, 1001, 1001, 1500, 1500, 1500, 1500]
[1500, 1500, 988, 1500, 988, 988, 988, 988, 1001, 1001, 1001, 1001, 1500, 1500, 1500, 1500]
[1500, 1499, 988, 1500, 988, 988, 988, 988, 1001, 1001, 1001, 1001, 1500, 1500, 1500, 1500]
[1500, 1499, 988, 1500, 988, 988, 988, 988, 1001, 1001, 1001, 1001, 1500, 1500, 1500, 1500]
[1500, 1499, 988, 1500, 988, 988, 988, 988, 1001, 1001, 1001, 1001, 1500, 1500, 1500, 1500]
[1500, 1499, 988, 1500, 988, 988, 988, 988, 1001, 1001, 1001, 1001, 1500, 1500, 1500, 1500]
12:56:38.493161 ALT: 1.91
12:56:38.493280 ATT: [0.0, 0.8, 114]
12:56:38.493585 ACC: [-7, 0, 515]
[1500, 1499, 988, 1500, 988, 988, 988, 988, 1001, 1001, 1001, 1001, 1500, 1500, 1500, 1500]
[1500, 1499, 988, 1500, 988, 988, 988, 988, 1001, 1001, 1001, 1001, 1500, 1500, 1500, 1500]
[1500, 1500, 988, 1500, 988, 988, 988, 988, 1001, 1001, 1001, 1001, 1500, 1500, 1500, 1500]
[1500, 1500, 988, 1500, 988, 988, 988, 988, 1001, 1001, 1001, 1001, 1500, 1500, 1500, 1500]
[1500, 1500, 988, 1500, 988, 988, 988, 988, 1001, 1001, 1001, 1001, 1500, 1500, 1500, 1500]
[1500, 1500, 988, 1499, 988, 988, 988, 988, 1001, 1001, 1001, 1001, 1500, 1500, 1500, 1500]
[1500, 1500, 988, 1499, 988, 988, 988, 988, 1001, 1001, 1001, 1001, 1500, 1500, 1500, 1500]
[1500, 1500, 988, 1499, 988, 988, 988, 988, 1001, 1001, 1001, 1001, 1500, 1500, 1500, 1500]
[1500, 1500, 988, 1500, 988, 988, 988, 988, 1001, 1001, 1001, 1001, 1500, 1500, 1500, 1500]
[1500, 1500, 988, 1500, 988, 988, 988, 988, 1001, 1001, 1001, 1001, 1500, 1500, 1500, 1500]
12:56:38.556997 ALT: 1.91
12:56:38.557089 ATT: [0.0, 0.8, 114]
12:56:38.557414 ACC: [-7, 1, 515]
[1499, 1500, 988, 1500, 988, 988, 988, 988, 1001, 1001, 1001, 1001, 1500, 1500, 1500, 1500]
[1499, 1500, 988, 1500, 988, 988, 988, 988, 1001, 1001, 1001, 1001, 1500, 1500, 1500, 1500]
[1499, 1500, 988, 1500, 988, 988, 988, 988, 1001, 1001, 1001, 1001, 1500, 1500, 1500, 1500]
[1500, 1500, 988, 1500, 988, 988, 988, 988, 1001, 1001, 1001, 1001, 1500, 1500, 1500, 1500]
[1500, 1499, 988, 1499, 988, 988, 988, 988, 1001, 1001, 1001, 1001, 1500, 1500, 1500, 1500]
[1500, 1499, 988, 1499, 988, 988, 988, 988, 1001, 1001, 1001, 1001, 1500, 1500, 1500, 1500]
[1499, 1499, 988, 1499, 988, 988, 988, 988, 1001, 1001, 1001, 1001, 1500, 1500, 1500, 1500]
12:56:38.605346 ALT: 1.91
12:56:38.605506 ATT: [0.0, 0.8, 114]
12:56:38.605980 ACC: [-7, 0, 515]
[1499, 1500, 988, 1500, 988, 988, 988, 988, 1001, 1001, 1001, 1001, 1500, 1500, 1500, 1500]
[1499, 1500, 988, 1500, 988, 988, 988, 988, 1001, 1001, 1001, 1001, 1500, 1500, 1500, 1500]
[1500, 1500, 988, 1500, 988, 988, 988, 988, 1001, 1001, 1001, 1001, 1500, 1500, 1500, 1500]
[1500, 1500, 988, 1499, 988, 988, 988, 988, 1001, 1001, 1001, 1001, 1500, 1500, 1500, 1500]
[1500, 1500, 988, 1499, 988, 988, 988, 988, 1001, 1001, 1001, 1001, 1500, 1500, 1500, 1500]
[1499, 1500, 988, 1499, 988, 988, 988, 988, 1001, 1001, 1001, 1001, 1500, 1500, 1500, 1500]
[1499, 1500, 989, 1497, 988, 988, 988, 988, 1001, 1001, 1001, 1001, 1500, 1500, 1500, 1500]
12:56:38.653098 ALT: 1.91
12:56:38.653355 ATT: [0.0, 0.8, 114]
12:56:38.653714 ACC: [-8, 0, 515]
[1499, 1500, 989, 1497, 988, 988, 988, 988, 1001, 1001, 1001, 1001, 1500, 1500, 1500, 1500]
[1500, 1500, 989, 1497, 988, 988, 988, 988, 1001, 1001, 1001, 1001, 1500, 1500, 1500, 1500]
[1500, 1499, 988, 1500, 988, 988, 988, 988, 1001, 1001, 1001, 1001, 1500, 1500, 1500, 1500]
[1500, 1499, 988, 1500, 988, 988, 988, 988, 1001, 1001, 1001, 1001, 1500, 1500, 1500, 1500]
[1500, 1499, 988, 1500, 988, 988, 988, 988, 1001, 1001, 1001, 1001, 1500, 1500, 1500, 1500]
[1500, 1500, 988, 1500, 988, 988, 988, 988, 1001, 1001, 1001, 1001, 1500, 1500, 1500, 1500]
[1500, 1500, 988, 1500, 988, 988, 988, 988, 1001, 1001, 1001, 1001, 1500, 1500, 1500, 1500]
12:56:38.701112 ALT: 1.91
12:56:38.701364 ATT: [0.0, 0.8, 114]
12:56:38.701808 ACC: [-8, 0, 515]
[1500, 1500, 988, 1500, 988, 988, 988, 988, 1001, 1001, 1001, 1001, 1500, 1500, 1500, 1500]
[1500, 1500, 988, 1500, 988, 988, 988, 988, 1001, 1001, 1001, 1001, 1500, 1500, 1500, 1500]
[1500, 1500, 988, 1500, 988, 988, 988, 988, 1001, 1001, 1001, 1001, 1500, 1500, 1500, 1500]
[1500, 1500, 988, 1500, 988, 988, 988, 988, 1001, 1001, 1001, 1001, 1500, 1500, 1500, 1500]
[1500, 1500, 988, 1500, 988, 988, 988, 988, 1001, 1001, 1001, 1001, 1500, 1500, 1500, 1500]
[1500, 1500, 988, 1500, 988, 988, 988, 988, 1001, 1001, 1001, 1001, 1500, 1500, 1500, 1500]
[1500, 1500, 988, 1500, 988, 988, 988, 988, 1001, 1001, 1001, 1001, 1500, 1500, 1500, 1500]
[1500, 1500, 988, 1499, 988, 988, 989, 988, 1001, 1001, 1001, 1001, 1500, 1500, 1500, 1500]
12:56:38.749927 ALT: 1.91
12:56:38.750010 ATT: [0.0, 0.8, 114]
12:56:38.750353 ACC: [-7, 0, 515]
[1500, 1500, 988, 1499, 988, 988, 989, 986, 1001, 1001, 1001, 1001, 1500, 1500, 1500, 1500]
[1500, 1500, 988, 1499, 988, 988, 989, 986, 1001, 1001, 1001, 1001, 1500, 1500, 1500, 1500]
[1500, 1500, 988, 1499, 988, 988, 988, 986, 1001, 1001, 1001, 1001, 1500, 1500, 1500, 1500]
[1500, 1500, 988, 1499, 988, 988, 988, 988, 1001, 1001, 1001, 1001, 1500, 1500, 1500, 1500]
[1500, 1500, 988, 1499, 988, 988, 988, 988, 1001, 1001, 1001, 1001, 1500, 1500, 1500, 1500]
[1500, 1500, 988, 1500, 988, 988, 988, 988, 1001, 1001, 1001, 1001, 1500, 1500, 1500, 1500]
[1500, 1500, 988, 1500, 988, 988, 988, 988, 1001, 1001, 1001, 1001, 1500, 1500, 1500, 1500]
12:56:38.797533 ALT: 1.91
12:56:38.797708 ATT: [0.0, 0.9, 114]
12:56:38.798810 ACC: [-7, 0, 515]
[1500, 1500, 988, 1500, 988, 988, 988, 988, 1001, 1001, 1001, 1001, 1500, 1500, 1500, 1500]
[1500, 1500, 988, 1500, 988, 988, 988, 988, 1001, 1001, 1001, 1001, 1500, 1500, 1500, 1500]
[1500, 1500, 988, 1500, 988, 988, 988, 988, 1001, 1001, 1001, 1001, 1500, 1500, 1500, 1500]
[1500, 1500, 988, 1500, 988, 988, 988, 988, 1001, 1001, 1001, 1001, 1500, 1500, 1500, 1500]
[1500, 1500, 988, 1500, 988, 988, 988, 988, 1001, 1001, 1001, 1001, 1500, 1500, 1500, 1500]
[1500, 1500, 988, 1500, 988, 988, 988, 988, 1001, 1001, 1001, 1001, 1500, 1500, 1500, 1500]
[1500, 1500, 988, 1500, 988, 988, 988, 988, 1001, 1001, 1001, 1001, 1500, 1500, 1500, 1500]
12:56:38.845039 ALT: 1.91
12:56:38.845135 ATT: [0.0, 0.9, 114]
12:56:38.845559 ACC: [-8, 1, 515]
[1500, 1500, 988, 1500, 988, 988, 988, 988, 1001, 1001, 1001, 1001, 1500, 1500, 1500, 1500]
[1500, 1500, 988, 1500, 988, 988, 988, 986, 1001, 1001, 1001, 1001, 1500, 1500, 1500, 1500]
[1500, 1500, 988, 1500, 988, 988, 988, 986, 1001, 1001, 1001, 1001, 1500, 1500, 1500, 1500]
[1500, 1500, 988, 1500, 988, 988, 988, 986, 1001, 1001, 1001, 1001, 1500, 1500, 1500, 1500]
[1500, 1500, 988, 1500, 988, 988, 988, 988, 1001, 1001, 1001, 1001, 1500, 1500, 1500, 1500]
[1501, 1500, 988, 1500, 988, 988, 988, 988, 1001, 1001, 1001, 1001, 1500, 1500, 1500, 1500]
[1501, 1497, 988, 1500, 986, 988, 988, 988, 1001, 1001, 1001, 1001, 1500, 1500, 1500, 1500]
12:56:38.893626 ALT: 1.91
12:56:38.893717 ATT: [0.0, 0.9, 114]
12:56:38.893994 ACC: [-7, 0, 514]
[1501, 1497, 988, 1500, 986, 988, 988, 988, 1001, 1001, 1001, 1001, 1500, 1500, 1500, 1500]
[1500, 1497, 988, 1500, 986, 988, 988, 988, 1001, 1001, 1001, 1001, 1500, 1500, 1500, 1500]
[1500, 1500, 988, 1499, 988, 988, 988, 988, 1001, 1001, 1001, 1001, 1500, 1500, 1500, 1500]
[1500, 1500, 988, 1499, 988, 988, 988, 988, 1001, 1001, 1001, 1001, 1500, 1500, 1500, 1500]
[1500, 1500, 988, 1499, 988, 988, 988, 988, 1001, 1001, 1001, 1001, 1500, 1500, 1500, 1500]
[1500, 1499, 988, 1500, 988, 988, 988, 988, 1001, 1001, 1001, 1001, 1500, 1500, 1500, 1500]
[1500, 1499, 988, 1500, 988, 988, 988, 988, 1001, 1001, 1001, 1001, 1500, 1500, 1500, 1500]
12:56:38.941081 ALT: 1.91
12:56:38.941181 ATT: [0.0, 0.8, 114]
12:56:38.941769 ACC: [-7, 1, 514]
[1500, 1499, 988, 1500, 988, 988, 988, 988, 1001, 1001, 1001, 1001, 1500, 1500, 1500, 1500]
[1500, 1500, 988, 1500, 988, 988, 988, 988, 1001, 1001, 1001, 1001, 1500, 1500, 1500, 1500]
[1500, 1500, 988, 1500, 988, 988, 988, 988, 1001, 1001, 1001, 1001, 1500, 1500, 1500, 1500]
[1500, 1500, 988, 1500, 988, 988, 988, 988, 1001, 1001, 1001, 1001, 1500, 1500, 1500, 1500]
[1500, 1500, 988, 1500, 988, 988, 988, 988, 1001, 1001, 1001, 1001, 1500, 1500, 1500, 1500]
[1500, 1500, 988, 1500, 988, 988, 988, 988, 1001, 1001, 1001, 1001, 1500, 1500, 1500, 1500]
[1500, 1500, 988, 1500, 988, 988, 988, 988, 1001, 1001, 1001, 1001, 1500, 1500, 1500, 1500]
[1500, 1500, 988, 1500, 988, 988, 988, 988, 1001, 1001, 1001, 1001, 1500, 1500, 1500, 1500]
12:56:38.990259 ALT: 1.91
12:56:38.990364 ATT: [0.0, 0.8, 114]
12:56:38.990845 ACC: [-7, 0, 515]
[1500, 1500, 988, 1500, 988, 988, 988, 988, 1001, 1001, 1001, 1001, 1500, 1500, 1500, 1500]
[1500, 1500, 988, 1500, 988, 988, 988, 988, 1001, 1001, 1001, 1001, 1500, 1500, 1500, 1500]
[1500, 1500, 989, 1497, 988, 988, 988, 988, 1001, 1001, 1001, 1001, 1500, 1500, 1500, 1500]
[1500, 1500, 989, 1497, 988, 988, 988, 988, 1001, 1001, 1001, 1001, 1500, 1500, 1500, 1500]
[1500, 1500, 989, 1497, 988, 988, 988, 988, 1001, 1001, 1001, 1001, 1500, 1500, 1500, 1500]
[1500, 1500, 988, 1500, 988, 988, 988, 988, 1001, 1001, 1001, 1001, 1500, 1500, 1500, 1500]
[1500, 1500, 988, 1500, 988, 988, 988, 988, 1001, 1001, 1001, 1001, 1500, 1500, 1500, 1500]
12:56:39.037166 ALT: 1.91
12:56:39.037521 ATT: [0.0, 0.8, 114]
12:56:39.041035 ACC: [-7, 0, 515]
[1500, 1500, 988, 1500, 988, 988, 988, 988, 1001, 1001, 1001, 1001, 1500, 1500, 1500, 1500]
[1500, 1500, 988, 1500, 988, 988, 988, 988, 1001, 1001, 1001, 1001, 1500, 1500, 1500, 1500]
[1500, 1500, 988, 1500, 988, 988, 988, 988, 1001, 1001, 1001, 1001, 1500, 1500, 1500, 1500]
[1500, 1500, 988, 1500, 988, 988, 988, 988, 1001, 1001, 1001, 1001, 1500, 1500, 1500, 1500]
[1500, 1500, 988, 1499, 988, 988, 988, 988, 1001, 1001, 1001, 1001, 1500, 1500, 1500, 1500]
[1500, 1500, 988, 1499, 988, 988, 988, 988, 1001, 1001, 1001, 1001, 1500, 1500, 1500, 1500]
[1500, 1500, 988, 1499, 988, 988, 988, 988, 1001, 1001, 1001, 1001, 1500, 1500, 1500, 1500]
12:56:39.085199 ALT: 1.91
12:56:39.085404 ATT: [0.0, 0.8, 114]
12:56:39.085733 ACC: [-8, 0, 515]
[1500, 1500, 988, 1500, 988, 988, 988, 988, 1001, 1001, 1001, 1001, 1500, 1500, 1500, 1500]
[1500, 1500, 988, 1500, 988, 988, 988, 988, 1001, 1001, 1001, 1001, 1500, 1500, 1500, 1500]
[1500, 1500, 988, 1500, 988, 988, 988, 988, 1001, 1001, 1001, 1001, 1500, 1500, 1500, 1500]
[1500, 1500, 988, 1500, 988, 988, 988, 988, 1001, 1001, 1001, 1001, 1500, 1500, 1500, 1500]
[1500, 1500, 988, 1500, 988, 988, 988, 988, 1001, 1001, 1001, 1001, 1500, 1500, 1500, 1500]
[1500, 1500, 988, 1500, 988, 988, 988, 988, 1001, 1001, 1001, 1001, 1500, 1500, 1500, 1500]
[1500, 1500, 988, 1500, 988, 988, 988, 988, 1001, 1001, 1001, 1001, 1500, 1500, 1500, 1500]
12:56:39.133289 ALT: 1.91
12:56:39.133398 ATT: [0.0, 0.9, 114]
12:56:39.133743 ACC: [-8, 0, 515]
[1500, 1500, 988, 1500, 988, 988, 988, 988, 1001, 1001, 1001, 1001, 1500, 1500, 1500, 1500]
[1500, 1500, 988, 1500, 988, 988, 988, 988, 1001, 1001, 1001, 1001, 1500, 1500, 1500, 1500]
[1500, 1500, 988, 1500, 988, 988, 988, 988, 1001, 1001, 1001, 1001, 1500, 1500, 1500, 1500]
[1500, 1500, 988, 1500, 988, 988, 988, 988, 1001, 1001, 1001, 1001, 1500, 1500, 1500, 1500]
[1500, 1500, 988, 1500, 988, 988, 988, 988, 1001, 1001, 1001, 1001, 1500, 1500, 1500, 1500]
[1500, 1501, 986, 1499, 988, 988, 988, 988, 1001, 1001, 1001, 1001, 1500, 1500, 1500, 1500]
[1500, 1501, 986, 1499, 988, 988, 988, 988, 1001, 1001, 1001, 1001, 1500, 1500, 1500, 1500]
12:56:39.181738 ALT: 1.96
12:56:39.182011 ATT: [0.0, 0.9, 114]
12:56:39.182733 ACC: [-8, 0, 514]
[1500, 1501, 986, 1499, 988, 988, 988, 988, 1001, 1001, 1001, 1001, 1500, 1500, 1500, 1500]
[1500, 1499, 988, 1500, 988, 988, 988, 988, 1001, 1001, 1001, 1001, 1500, 1500, 1500, 1500]
[1500, 1499, 988, 1500, 988, 988, 988, 988, 1001, 1001, 1001, 1001, 1500, 1500, 1500, 1500]
[1500, 1499, 988, 1500, 988, 988, 988, 988, 1001, 1001, 1001, 1001, 1500, 1500, 1500, 1500]
[1500, 1500, 988, 1499, 988, 988, 988, 988, 1001, 1001, 1001, 1001, 1500, 1500, 1500, 1500]
[1500, 1500, 988, 1499, 988, 988, 988, 988, 1001, 1001, 1001, 1001, 1500, 1500, 1500, 1500]
[1500, 1500, 988, 1499, 988, 988, 988, 988, 1001, 1001, 1001, 1001, 1500, 1500, 1500, 1500]
[1500, 1500, 988, 1500, 988, 989, 986, 988, 1001, 1001, 1001, 1001, 1500, 1500, 1500, 1500]
12:56:39.229353 ALT: 1.97
12:56:39.229465 ATT: [0.0, 0.9, 114]
12:56:39.229854 ACC: [-7, 0, 515]
[1500, 1500, 988, 1500, 988, 989, 986, 988, 1001, 1001, 1001, 1001, 1500, 1500, 1500, 1500]
[1500, 1500, 988, 1500, 988, 989, 986, 988, 1001, 1001, 1001, 1001, 1500, 1500, 1500, 1500]
[1500, 1500, 989, 1497, 989, 986, 988, 988, 1001, 1001, 1001, 1001, 1500, 1500, 1500, 1500]
[1500, 1500, 989, 1497, 989, 986, 988, 988, 1001, 1001, 1001, 1001, 1500, 1500, 1500, 1500]
[1500, 1500, 989, 1497, 989, 986, 988, 988, 1001, 1001, 1001, 1001, 1500, 1500, 1500, 1500]
[1500, 1500, 988, 1500, 988, 988, 988, 988, 1001, 1001, 1001, 1001, 1500, 1500, 1500, 1500]
[1500, 1500, 988, 1500, 988, 988, 988, 988, 1001, 1001, 1001, 1001, 1500, 1500, 1500, 1500]
12:56:39.277120 ALT: 1.97
12:56:39.277220 ATT: [0.0, 0.9, 114]
12:56:39.277569 ACC: [-7, 0, 515]
[1499, 1500, 988, 1500, 988, 988, 988, 988, 1001, 1001, 1001, 1001, 1500, 1500, 1500, 1500]
[1499, 1500, 988, 1500, 988, 988, 988, 988, 1001, 1001, 1001, 1001, 1500, 1500, 1500, 1500]
[1499, 1500, 988, 1500, 988, 988, 988, 988, 1001, 1001, 1001, 1001, 1500, 1500, 1500, 1500]
[1500, 1500, 988, 1500, 988, 988, 988, 988, 1001, 1001, 1001, 1001, 1500, 1500, 1500, 1500]
[1500, 1500, 988, 1499, 988, 988, 988, 988, 1001, 1001, 1001, 1001, 1500, 1500, 1500, 1500]
[1500, 1500, 988, 1499, 988, 988, 988, 988, 1001, 1001, 1001, 1001, 1500, 1500, 1500, 1500]
[1499, 1500, 988, 1499, 988, 988, 988, 988, 1001, 1001, 1001, 1001, 1500, 1500, 1500, 1500]
12:56:39.325857 ALT: 1.97
12:56:39.326127 ATT: [0.0, 0.9, 114]
12:56:39.326996 ACC: [-7, 1, 515]
[1499, 1500, 988, 1499, 988, 988, 988, 988, 1001, 1001, 1001, 1001, 1500, 1500, 1500, 1500]
[1499, 1500, 988, 1499, 988, 988, 988, 988, 1001, 1001, 1001, 1001, 1500, 1500, 1500, 1500]
[1500, 1500, 988, 1499, 988, 988, 988, 988, 1001, 1001, 1001, 1001, 1500, 1500, 1500, 1500]
[1500, 1500, 988, 1500, 988, 988, 988, 988, 1001, 1001, 1001, 1001, 1500, 1500, 1500, 1500]
[1500, 1500, 988, 1500, 988, 988, 988, 988, 1001, 1001, 1001, 1001, 1500, 1500, 1500, 1500]
[1500, 1500, 988, 1500, 988, 988, 988, 988, 1001, 1001, 1001, 1001, 1500, 1500, 1500, 1500]
[1500, 1500, 988, 1500, 988, 988, 988, 988, 1001, 1001, 1001, 1001, 1500, 1500, 1500, 1500]
12:56:39.373795 ALT: 1.97
12:56:39.374143 ATT: [0.0, 0.9, 114]
12:56:39.374528 ACC: [-8, 0, 515]
[1500, 1500, 988, 1500, 988, 988, 988, 988, 1001, 1001, 1001, 1001, 1500, 1500, 1500, 1500]
[1500, 1500, 988, 1500, 988, 988, 988, 988, 1001, 1001, 1001, 1001, 1500, 1500, 1500, 1500]
[1500, 1500, 988, 1499, 988, 988, 988, 988, 1001, 1001, 1001, 1001, 1500, 1500, 1500, 1500]
[1500, 1500, 988, 1499, 988, 988, 988, 988, 1001, 1001, 1001, 1001, 1500, 1500, 1500, 1500]
[1500, 1500, 988, 1499, 988, 988, 988, 988, 1001, 1001, 1001, 1001, 1500, 1500, 1500, 1500]
[1500, 1500, 988, 1500, 988, 988, 988, 988, 1001, 1001, 1001, 1001, 1500, 1500, 1500, 1500]
[1500, 1500, 988, 1500, 988, 988, 988, 988, 1001, 1001, 1001, 1001, 1500, 1500, 1500, 1500]
12:56:39.421221 ALT: 1.97
12:56:39.421581 ATT: [0.0, 0.9, 114]
12:56:39.422362 ACC: [-7, 1, 515]
[1499, 1500, 988, 1500, 988, 988, 988, 988, 1001, 1001, 1001, 1001, 1500, 1500, 1500, 1500]
[1499, 1500, 988, 1500, 988, 988, 988, 988, 1001, 1001, 1001, 1001, 1500, 1500, 1500, 1500]
[1499, 1500, 988, 1500, 988, 988, 988, 988, 1001, 1001, 1001, 1001, 1500, 1500, 1500, 1500]
[1499, 1500, 988, 1500, 988, 988, 988, 988, 1001, 1001, 1001, 1001, 1500, 1500, 1500, 1500]
[1499, 1500, 988, 1500, 988, 988, 988, 988, 1001, 1001, 1001, 1001, 1500, 1500, 1500, 1500]
[1499, 1500, 988, 1500, 988, 988, 988, 988, 1001, 1001, 1001, 1001, 1500, 1500, 1500, 1500]
[1500, 1500, 988, 1500, 988, 988, 988, 988, 1001, 1001, 1001, 1001, 1500, 1500, 1500, 1500]
[1500, 1500, 988, 1499, 988, 988, 988, 988, 1001, 1001, 1001, 1001, 1500, 1500, 1500, 1500]
12:56:39.469725 ALT: 1.97
12:56:39.470007 ATT: [0.0, 0.9, 114]
12:56:39.470443 ACC: [-8, 0, 515]
[1500, 1500, 988, 1499, 988, 988, 988, 988, 1001, 1001, 1001, 1001, 1500, 1500, 1500, 1500]
[1500, 1500, 988, 1499, 988, 988, 988, 988, 1001, 1001, 1001, 1001, 1500, 1500, 1500, 1500]
[1500, 1500, 988, 1500, 988, 988, 988, 988, 1001, 1001, 1001, 1001, 1500, 1500, 1500, 1500]
[1500, 1500, 988, 1500, 988, 988, 988, 988, 1001, 1001, 1001, 1001, 1500, 1500, 1500, 1500]
[1500, 1500, 988, 1500, 988, 988, 988, 988, 1001, 1001, 1001, 1001, 1500, 1500, 1500, 1500]
[1500, 1500, 988, 1500, 988, 988, 988, 988, 1001, 1001, 1001, 1001, 1500, 1500, 1500, 1500]
[1500, 1500, 988, 1500, 988, 988, 988, 988, 1001, 1001, 1001, 1001, 1500, 1500, 1500, 1500]
12:56:39.517073 ALT: 1.97
12:56:39.517188 ATT: [0.0, 0.9, 114]
12:56:39.517604 ACC: [-7, 0, 515]
[1500, 1500, 988, 1500, 988, 988, 988, 988, 1001, 1001, 1001, 1001, 1500, 1500, 1500, 1500]
[1500, 1500, 988, 1500, 988, 988, 988, 988, 1001, 1001, 1001, 1001, 1500, 1500, 1500, 1500]
[1500, 1500, 988, 1500, 988, 988, 988, 988, 1001, 1001, 1001, 1001, 1500, 1500, 1500, 1500]
[1499, 1500, 988, 1500, 988, 988, 988, 988, 1001, 1001, 1001, 1001, 1500, 1500, 1500, 1500]
[1499, 1500, 988, 1500, 988, 988, 988, 988, 1001, 1001, 1001, 1001, 1500, 1500, 1500, 1500]
[1499, 1500, 988, 1500, 988, 988, 988, 988, 1001, 1001, 1001, 1001, 1500, 1500, 1500, 1500]
[1500, 1500, 988, 1500, 988, 988, 988, 988, 1001, 1001, 1001, 1001, 1500, 1500, 1500, 1500]
12:56:39.568082 ALT: 1.97
12:56:39.568182 ATT: [0.0, 0.9, 114]
12:56:39.568530 ACC: [-7, 0, 514]
[1500, 1499, 988, 1500, 988, 988, 988, 988, 1001, 1001, 1001, 1001, 1500, 1500, 1500, 1500]
[1500, 1499, 988, 1500, 988, 988, 988, 988, 1001, 1001, 1001, 1001, 1500, 1500, 1500, 1500]
[1500, 1499, 988, 1500, 988, 988, 988, 988, 1001, 1001, 1001, 1001, 1500, 1500, 1500, 1500]
[1500, 1500, 988, 1500, 988, 988, 988, 988, 1001, 1001, 1001, 1001, 1500, 1500, 1500, 1500]
[1500, 1500, 988, 1500, 988, 988, 988, 988, 1001, 1001, 1001, 1001, 1500, 1500, 1500, 1500]
[1500, 1500, 988, 1500, 988, 988, 988, 988, 1001, 1001, 1001, 1001, 1500, 1500, 1500, 1500]
[1500, 1500, 988, 1500, 988, 988, 988, 988, 1001, 1001, 1001, 1001, 1500, 1500, 1500, 1500]
12:56:39.613073 ALT: 1.97
12:56:39.613221 ATT: [0.0, 0.9, 114]
12:56:39.614014 ACC: [-7, 0, 515]
[1500, 1500, 988, 1500, 988, 988, 988, 988, 1001, 1001, 1001, 1001, 1500, 1500, 1500, 1500]
[1500, 1500, 988, 1500, 988, 988, 988, 988, 1001, 1001, 1001, 1001, 1500, 1500, 1500, 1500]
[1500, 1500, 988, 1500, 988, 988, 988, 988, 1001, 1001, 1001, 1001, 1500, 1500, 1500, 1500]
[1500, 1500, 988, 1500, 988, 988, 988, 988, 1001, 1001, 1001, 1001, 1500, 1500, 1500, 1500]
[1500, 1500, 988, 1500, 988, 988, 988, 988, 1001, 1001, 1001, 1001, 1500, 1500, 1500, 1500]
[1500, 1500, 988, 1500, 988, 988, 988, 988, 1001, 1001, 1001, 1001, 1500, 1500, 1500, 1500]
[1500, 1500, 988, 1500, 988, 988, 988, 988, 1001, 1001, 1001, 1001, 1500, 1500, 1500, 1500]
12:56:39.661518 ALT: 1.97
12:56:39.661615 ATT: [0.0, 0.9, 114]
12:56:39.661914 ACC: [-7, 0, 515]
[1500, 1500, 988, 1500, 988, 988, 988, 988, 1001, 1001, 1001, 1001, 1500, 1500, 1500, 1500]
[1500, 1499, 988, 1500, 988, 988, 988, 988, 1001, 1001, 1001, 1001, 1500, 1500, 1500, 1500]
[1500, 1499, 988, 1500, 988, 988, 988, 988, 1001, 1001, 1001, 1001, 1500, 1500, 1500, 1500]
[1500, 1499, 988, 1500, 988, 988, 988, 988, 1001, 1001, 1001, 1001, 1500, 1500, 1500, 1500]
[1500, 1500, 988, 1500, 988, 988, 988, 988, 1001, 1001, 1001, 1001, 1500, 1500, 1500, 1500]
[1500, 1500, 988, 1500, 988, 988, 988, 988, 1001, 1001, 1001, 1001, 1500, 1500, 1500, 1500]
[1500, 1500, 988, 1500, 988, 988, 988, 988, 1001, 1001, 1001, 1001, 1500, 1500, 1500, 1500]
[1500, 1499, 988, 1500, 988, 988, 988, 988, 1001, 1001, 1001, 1001, 1500, 1500, 1500, 1500]
12:56:39.709234 ALT: 1.97
12:56:39.709356 ATT: [0.0, 0.9, 114]
12:56:39.709574 ACC: [-7, 1, 515]
[1500, 1499, 988, 1500, 988, 988, 988, 988, 1001, 1001, 1001, 1001, 1500, 1500, 1500, 1500]
[1500, 1499, 988, 1500, 988, 988, 988, 988, 1001, 1001, 1001, 1001, 1500, 1500, 1500, 1500]
[1500, 1500, 988, 1500, 988, 988, 988, 988, 1001, 1001, 1001, 1001, 1500, 1500, 1500, 1500]
[1500, 1500, 988, 1500, 988, 988, 988, 988, 1001, 1001, 1001, 1001, 1500, 1500, 1500, 1500]
[1500, 1500, 988, 1500, 988, 988, 988, 988, 1001, 1001, 1001, 1001, 1500, 1500, 1500, 1500]
[1500, 1500, 988, 1500, 988, 988, 988, 988, 1001, 1001, 1001, 1001, 1500, 1500, 1500, 1500]
[1500, 1500, 988, 1500, 988, 988, 988, 989, 1001, 1001, 1001, 1001, 1500, 1500, 1500, 1500]
12:56:39.757036 ALT: 1.97
12:56:39.757119 ATT: [0.0, 0.9, 114]
12:56:39.757374 ACC: [-8, 0, 515]
[1500, 1500, 988, 1500, 988, 988, 988, 989, 1001, 1001, 1001, 1001, 1500, 1500, 1500, 1500]
[1500, 1500, 988, 1500, 988, 988, 988, 989, 1001, 1001, 1001, 1001, 1500, 1500, 1500, 1500]
[1500, 1500, 988, 1500, 988, 988, 988, 988, 1001, 1001, 1001, 1001, 1500, 1500, 1500, 1500]
[1500, 1500, 988, 1500, 988, 988, 988, 988, 1001, 1001, 1001, 1001, 1500, 1500, 1500, 1500]
[1500, 1500, 988, 1500, 988, 988, 988, 988, 1001, 1001, 1001, 1001, 1500, 1500, 1500, 1500]
[1500, 1500, 988, 1500, 988, 988, 988, 988, 1001, 1001, 1001, 1001, 1500, 1500, 1500, 1500]
[1500, 1500, 988, 1500, 988, 988, 988, 988, 1001, 1001, 1001, 1001, 1500, 1500, 1500, 1500]
[1500, 1500, 988, 1500, 988, 988, 988, 988, 1001, 1001, 1001, 1001, 1500, 1500, 1500, 1500]
12:56:39.809570 ALT: 1.97
12:56:39.809658 ATT: [0.0, 0.9, 114]
12:56:39.809901 ACC: [-8, 0, 515]
[1500, 1500, 988, 1500, 988, 988, 988, 988, 1001, 1001, 1001, 1001, 1500, 1500, 1500, 1500]
[1499, 1500, 988, 1500, 988, 988, 988, 988, 1001, 1001, 1001, 1001, 1500, 1500, 1500, 1500]
[1499, 1500, 988, 1500, 988, 988, 988, 988, 1001, 1001, 1001, 1001, 1500, 1500, 1500, 1500]
[1499, 1500, 988, 1500, 988, 988, 988, 988, 1001, 1001, 1001, 1001, 1500, 1500, 1500, 1500]
[1500, 1500, 988, 1500, 988, 988, 988, 988, 1001, 1001, 1001, 1001, 1500, 1500, 1500, 1500]
[1500, 1500, 988, 1500, 988, 988, 988, 988, 1001, 1001, 1001, 1001, 1500, 1500, 1500, 1500]
12:56:39.853465 ALT: 1.97
12:56:39.853699 ATT: [0.0, 0.9, 114]
12:56:39.854342 ACC: [-7, 0, 515]
[1500, 1500, 988, 1500, 988, 988, 988, 988, 1001, 1001, 1001, 1001, 1500, 1500, 1500, 1500]
[1499, 1500, 988, 1500, 988, 988, 988, 988, 1001, 1001, 1001, 1001, 1500, 1500, 1500, 1500]
[1499, 1500, 988, 1500, 988, 988, 988, 988, 1001, 1001, 1001, 1001, 1500, 1500, 1500, 1500]
[1499, 1500, 988, 1500, 988, 988, 988, 988, 1001, 1001, 1001, 1001, 1500, 1500, 1500, 1500]
[1500, 1500, 988, 1500, 988, 988, 988, 988, 1001, 1001, 1001, 1001, 1500, 1500, 1500, 1500]
[1500, 1500, 988, 1500, 2011, 988, 988, 988, 1001, 1001, 1001, 1001, 1500, 1500, 1500, 1500]
[1500, 1500, 988, 1500, 2011, 988, 988, 988, 1001, 1001, 1001, 1001, 1500, 1500, 1500, 1500]
12:56:39.901303 ALT: 1.97
12:56:39.901443 ATT: [0.0, 0.9, 114]
12:56:39.901780 ACC: [-8, 1, 515]
[1500, 1500, 988, 1500, 2011, 988, 988, 988, 1001, 1001, 1001, 1001, 1500, 1500, 1500, 1500]
[1500, 1500, 989, 1499, 2011, 988, 988, 988, 1001, 1001, 1001, 1001, 1500, 1500, 1500, 1500]
[1500, 1500, 989, 1499, 2011, 988, 988, 988, 1001, 1001, 1001, 1001, 1500, 1500, 1500, 1500]
[1500, 1500, 989, 1499, 2011, 988, 988, 988, 1001, 1001, 1001, 1001, 1500, 1500, 1500, 1500]
[1500, 1500, 988, 1500, 2011, 988, 988, 988, 1001, 1001, 1001, 1001, 1500, 1500, 1500, 1500]
[1500, 1500, 988, 1500, 2011, 988, 988, 988, 1001, 1001, 1001, 1001, 1500, 1500, 1500, 1500]
[1499, 1500, 988, 1500, 2011, 988, 988, 988, 1001, 1001, 1001, 1001, 1500, 1500, 1500, 1500]
[1499, 1500, 988, 1500, 2011, 988, 988, 988, 1001, 1001, 1001, 1001, 1500, 1500, 1500, 1500]
12:56:39.949714 ALT: 1.97
12:56:39.949804 ATT: [0.0, 0.9, 114]
12:56:39.950072 ACC: [-8, 1, 515]
[1499, 1500, 988, 1500, 2011, 988, 988, 988, 1001, 1001, 1001, 1001, 1500, 1500, 1500, 1500]
[1500, 1500, 988, 1500, 2011, 988, 988, 988, 1001, 1001, 1001, 1001, 1500, 1500, 1500, 1500]
[1500, 1499, 988, 1499, 2011, 988, 988, 988, 1001, 1001, 1001, 1001, 1500, 1500, 1500, 1500]
[1500, 1499, 988, 1499, 2011, 988, 988, 988, 1001, 1001, 1001, 1001, 1500, 1500, 1500, 1500]
[1500, 1499, 988, 1499, 2011, 988, 988, 988, 1001, 1001, 1001, 1001, 1500, 1500, 1500, 1500]
[1500, 1500, 988, 1500, 2011, 988, 988, 988, 1001, 1001, 1001, 1001, 1500, 1500, 1500, 1500]
[1500, 1500, 988, 1500, 2011, 988, 988, 988, 1001, 1001, 1001, 1001, 1500, 1500, 1500, 1500]
12:56:39.997224 ALT: 0.0
12:56:39.997433 ATT: [0.0, 0.9, 114]
12:56:39.998018 ACC: [-8, 0, 514]
[1500, 1500, 988, 1500, 2011, 988, 988, 988, 1001, 1001, 1001, 1001, 1500, 1500, 1500, 1500]
[1500, 1500, 988, 1500, 2011, 988, 988, 988, 1001, 1001, 1001, 1001, 1500, 1500, 1500, 1500]
[1500, 1500, 988, 1500, 2011, 988, 988, 988, 1001, 1001, 1001, 1001, 1500, 1500, 1500, 1500]
[1500, 1500, 988, 1500, 2011, 988, 988, 988, 1001, 1001, 1001, 1001, 1500, 1500, 1500, 1500]
[1500, 1500, 988, 1500, 2011, 988, 988, 988, 1001, 1001, 1001, 1001, 1500, 1500, 1500, 1500]
[1500, 1500, 988, 1500, 2011, 988, 988, 988, 1001, 1001, 1001, 1001, 1500, 1500, 1500, 1500]
[1500, 1500, 988, 1500, 2011, 988, 988, 988, 1001, 1001, 1001, 1001, 1500, 1500, 1500, 1500]
12:56:40.045115 ALT: 0.0
12:56:40.045196 ATT: [0.0, 0.9, 114]
12:56:40.045506 ACC: [-7, 1, 515]
[1500, 1500, 988, 1500, 2011, 988, 988, 988, 1001, 1001, 1001, 1001, 1500, 1500, 1500, 1500]
[1500, 1500, 988, 1500, 2011, 988, 988, 988, 1001, 1001, 1001, 1001, 1500, 1500, 1500, 1500]
[1500, 1500, 988, 1500, 2011, 988, 988, 988, 1001, 1001, 1001, 1001, 1500, 1500, 1500, 1500]
[1500, 1500, 986, 1500, 2011, 988, 988, 988, 1001, 1001, 1001, 1001, 1500, 1500, 1500, 1500]
[1500, 1500, 986, 1500, 2011, 988, 988, 988, 1001, 1001, 1001, 1001, 1500, 1500, 1500, 1500]
[1500, 1500, 986, 1500, 2011, 988, 988, 988, 1001, 1001, 1001, 1001, 1500, 1500, 1500, 1500]
[1500, 1500, 988, 1500, 2011, 988, 988, 988, 1001, 1001, 1001, 1001, 1500, 1500, 1500, 1500]
12:56:40.093184 ALT: 0.0
12:56:40.093355 ATT: [0.0, 0.9, 114]
12:56:40.093654 ACC: [-5, 1, 516]
[1500, 1500, 988, 1500, 2011, 988, 988, 988, 1001, 1001, 1001, 1001, 1500, 1500, 1500, 1500]
[1500, 1500, 988, 1500, 2011, 988, 988, 988, 1001, 1001, 1001, 1001, 1500, 1500, 1500, 1500]
[1500, 1500, 988, 1499, 2011, 988, 988, 988, 1001, 1001, 1001, 1001, 1500, 1500, 1500, 1500]
[1500, 1500, 988, 1499, 2011, 988, 988, 988, 1001, 1001, 1001, 1001, 1500, 1500, 1500, 1500]
[1500, 1500, 988, 1499, 2011, 988, 988, 988, 1001, 1001, 1001, 1001, 1500, 1500, 1500, 1500]
[1500, 1499, 988, 1500, 2011, 988, 988, 988, 1001, 1001, 1001, 1001, 1500, 1500, 1500, 1500]
[1500, 1499, 988, 1500, 2011, 988, 988, 988, 1001, 1001, 1001, 1001, 1500, 1500, 1500, 1500]
12:56:40.142110 ALT: 0.0
12:56:40.142465 ATT: [0.0, 0.9, 114]
12:56:40.142855 ACC: [-8, -1, 514]
[1500, 1499, 988, 1500, 2011, 988, 988, 988, 1001, 1001, 1001, 1001, 1500, 1500, 1500, 1500]
[1500, 1500, 988, 1500, 2011, 988, 988, 988, 1001, 1001, 1001, 1001, 1500, 1500, 1500, 1500]
[1500, 1500, 988, 1500, 2011, 988, 988, 988, 1001, 1001, 1001, 1001, 1500, 1500, 1500, 1500]
[1500, 1500, 988, 1500, 2011, 988, 988, 988, 1001, 1001, 1001, 1001, 1500, 1500, 1500, 1500]
[1500, 1499, 988, 1500, 2011, 988, 988, 988, 1001, 1001, 1001, 1001, 1500, 1500, 1500, 1500]
[1500, 1499, 988, 1500, 2011, 988, 988, 988, 1001, 1001, 1001, 1001, 1500, 1500, 1500, 1500]
[1500, 1499, 988, 1500, 2011, 988, 988, 988, 1001, 1001, 1001, 1001, 1500, 1500, 1500, 1500]
[1500, 1500, 988, 1500, 2011, 988, 988, 988, 1001, 1001, 1001, 1001, 1500, 1500, 1500, 1500]
12:56:40.189242 ALT: 0.0
12:56:40.189364 ATT: [0.0, 0.9, 114]
12:56:40.189794 ACC: [-6, 0, 515]
[1500, 1500, 988, 1500, 2011, 988, 988, 988, 1001, 1001, 1001, 1001, 1500, 1500, 1500, 1500]
[1500, 1500, 988, 1500, 2011, 988, 988, 988, 1001, 1001, 1001, 1001, 1500, 1500, 1500, 1500]
[1500, 1499, 988, 1500, 2011, 988, 988, 988, 1001, 1001, 1001, 1001, 1500, 1500, 1500, 1500]
[1500, 1499, 988, 1500, 2011, 988, 988, 988, 1001, 1001, 1001, 1001, 1500, 1500, 1500, 1500]
[1499, 1499, 988, 1500, 2011, 988, 988, 988, 1001, 1001, 1001, 1001, 1500, 1500, 1500, 1500]
[1499, 1500, 988, 1499, 2011, 988, 988, 988, 1001, 1001, 1001, 1001, 1500, 1500, 1500, 1500]
12:56:40.237940 ALT: 0.0
12:56:40.238099 ATT: [0.0, 0.9, 114]
12:56:40.238487 ACC: [-6, 0, 514]
[1499, 1500, 988, 1499, 2011, 988, 988, 988, 1001, 1001, 1001, 1001, 1500, 1500, 1500, 1500]
[1500, 1500, 988, 1499, 2011, 988, 988, 988, 1001, 1001, 1001, 1001, 1500, 1500, 1500, 1500]
[1500, 1500, 988, 1500, 2011, 988, 988, 988, 1001, 1001, 1001, 1001, 1500, 1500, 1500, 1500]
[1500, 1500, 988, 1500, 2011, 988, 988, 988, 1001, 1001, 1001, 1001, 1500, 1500, 1500, 1500]
[1499, 1500, 988, 1500, 2011, 988, 988, 988, 1001, 1001, 1001, 1001, 1500, 1500, 1500, 1500]
[1499, 1500, 988, 1500, 2011, 988, 988, 988, 1001, 1001, 1001, 1001, 1500, 1500, 1500, 1500]
[1499, 1500, 988, 1500, 2011, 988, 988, 988, 1001, 1001, 1001, 1001, 1500, 1500, 1500, 1500]
12:56:40.285416 ALT: 0.0
12:56:40.285533 ATT: [0.0, 0.9, 114]
12:56:40.286359 ACC: [-8, -1, 515]
[1500, 1500, 988, 1500, 2011, 988, 988, 988, 1001, 1001, 1001, 1001, 1500, 1500, 1500, 1500]
[1500, 1500, 988, 1500, 2011, 988, 988, 988, 1001, 1001, 1001, 1001, 1500, 1500, 1500, 1500]
[1500, 1500, 988, 1500, 2011, 988, 988, 988, 1001, 1001, 1001, 1001, 1500, 1500, 1500, 1500]
[1500, 1500, 988, 1500, 2011, 988, 988, 988, 1001, 1001, 1001, 1001, 1500, 1500, 1500, 1500]
[1500, 1500, 988, 1500, 2011, 988, 988, 988, 1001, 1001, 1001, 1001, 1500, 1500, 1500, 1500]
[1500, 1500, 988, 1500, 2011, 988, 988, 988, 1001, 1001, 1001, 1001, 1500, 1500, 1500, 1500]
[1500, 1500, 988, 1500, 2011, 988, 988, 988, 1001, 1001, 1001, 1001, 1500, 1500, 1500, 1500]
[1500, 1501, 986, 1500, 2011, 988, 988, 988, 1001, 1001, 1001, 1001, 1500, 1500, 1500, 1500]
12:56:40.333491 ALT: 0.0
12:56:40.333607 ATT: [0.0, 0.9, 114]
12:56:40.333970 ACC: [-7, -1, 515]
[1500, 1501, 986, 1500, 2011, 988, 988, 988, 1001, 1001, 1001, 1001, 1500, 1500, 1500, 1500]
[1500, 1501, 986, 1500, 2011, 988, 988, 988, 1001, 1001, 1001, 1001, 1500, 1500, 1500, 1500]
[1500, 1500, 988, 1500, 2011, 991, 988, 988, 1001, 1001, 1001, 1001, 1500, 1500, 1500, 1500]
[1500, 1500, 988, 1500, 2011, 991, 986, 989, 1001, 1001, 1001, 1001, 1500, 1500, 1500, 1500]
[1500, 1500, 988, 1500, 2011, 991, 986, 989, 1001, 1001, 1001, 1001, 1500, 1500, 1500, 1500]
[1500, 1500, 988, 1500, 2011, 988, 986, 989, 1001, 1001, 1001, 1001, 1500, 1500, 1500, 1500]
[1500, 1500, 988, 1500, 2011, 988, 988, 988, 1001, 1001, 1001, 1001, 1500, 1500, 1500, 1500]
12:56:40.381703 ALT: 0.0
12:56:40.381866 ATT: [-0.1, 0.9, 114]
12:56:40.382341 ACC: [-8, -1, 515]
[1500, 1500, 988, 1500, 2011, 988, 988, 988, 1001, 1001, 1001, 1001, 1500, 1500, 1500, 1500]
[1500, 1500, 988, 1500, 2011, 988, 988, 988, 1001, 1001, 1001, 1001, 1500, 1500, 1500, 1500]
[1500, 1500, 988, 1500, 2011, 988, 988, 988, 1001, 1001, 1001, 1001, 1500, 1500, 1500, 1500]
[1500, 1500, 988, 1500, 2011, 988, 988, 988, 1001, 1001, 1001, 1001, 1500, 1500, 1500, 1500]
[1500, 1499, 988, 1500, 2011, 988, 988, 988, 1001, 1001, 1001, 1001, 1500, 1500, 1500, 1500]
[1500, 1499, 988, 1500, 2011, 988, 988, 988, 1001, 1001, 1001, 1001, 1500, 1500, 1500, 1500]
[1499, 1499, 988, 1500, 2011, 988, 988, 988, 1001, 1001, 1001, 1001, 1500, 1500, 1500, 1500]
[1499, 1500, 988, 1500, 2011, 988, 988, 988, 1001, 1001, 1001, 1001, 1500, 1500, 1500, 1500]
12:56:40.430459 ALT: 0.0
12:56:40.430664 ATT: [-0.1, 0.9, 114]
12:56:40.431430 ACC: [-7, 0, 515]
[1499, 1500, 988, 1500, 2011, 988, 988, 988, 1001, 1001, 1001, 1001, 1500, 1500, 1500, 1500]
[1500, 1500, 988, 1500, 2011, 988, 988, 988, 1001, 1001, 1001, 1001, 1500, 1500, 1500, 1500]
[1500, 1500, 988, 1500, 2011, 988, 988, 988, 1001, 1001, 1001, 1001, 1500, 1500, 1500, 1500]
[1500, 1500, 988, 1500, 2011, 988, 988, 988, 1001, 1001, 1001, 1001, 1500, 1500, 1500, 1500]
[1500, 1500, 988, 1500, 2011, 988, 988, 988, 1001, 1001, 1001, 1001, 1500, 1500, 1500, 1500]
[1500, 1500, 988, 1499, 2011, 988, 988, 988, 1001, 1001, 1001, 1001, 1500, 1500, 1500, 1500]
[1500, 1500, 988, 1499, 2011, 988, 988, 988, 1001, 1001, 1001, 1001, 1500, 1500, 1500, 1500]
12:56:40.477084 ALT: 0.0
12:56:40.477158 ATT: [-0.1, 0.9, 114]
12:56:40.477435 ACC: [-7, -1, 514]
[1500, 1500, 988, 1499, 2011, 988, 988, 988, 1001, 1001, 1001, 1001, 1500, 1500, 1500, 1500]
[1500, 1500, 988, 1501, 2009, 988, 988, 988, 1001, 1001, 1001, 1001, 1500, 1500, 1500, 1500]
[1500, 1500, 988, 1501, 2009, 988, 988, 988, 1001, 1001, 1001, 1001, 1500, 1500, 1500, 1500]
[1500, 1500, 988, 1501, 2009, 988, 988, 988, 1001, 1001, 1001, 1001, 1500, 1500, 1500, 1500]
[1500, 1500, 988, 1500, 2011, 988, 988, 988, 1001, 1001, 1001, 1001, 1500, 1500, 1500, 1500]
[1500, 1500, 988, 1500, 2011, 988, 988, 988, 1001, 1001, 1001, 1001, 1500, 1500, 1500, 1500]
[1500, 1500, 988, 1500, 2011, 988, 988, 988, 1001, 1001, 1001, 1001, 1500, 1500, 1500, 1500]
12:56:40.525315 ALT: 0.0
12:56:40.525405 ATT: [-0.1, 0.9, 114]
12:56:40.525671 ACC: [-7, -1, 515]
[1500, 1499, 988, 1500, 2011, 988, 988, 988, 1001, 1001, 1001, 1001, 1500, 1500, 1500, 1500]
[1500, 1499, 988, 1500, 2011, 988, 988, 988, 1001, 1001, 1001, 1001, 1500, 1500, 1500, 1500]
[1500, 1499, 988, 1500, 2011, 988, 988, 988, 1001, 1001, 1001, 1001, 1500, 1500, 1500, 1500]
[1500, 1500, 988, 1500, 2011, 988, 988, 988, 1001, 1001, 1001, 1001, 1500, 1500, 1500, 1500]
[1500, 1500, 988, 1500, 2011, 988, 988, 988, 1001, 1001, 1001, 1001, 1500, 1500, 1500, 1500]
[1499, 1500, 988, 1500, 2011, 988, 988, 988, 1001, 1001, 1001, 1001, 1500, 1500, 1500, 1500]
[1499, 1500, 988, 1500, 2011, 988, 988, 988, 1001, 1001, 1001, 1001, 1500, 1500, 1500, 1500]
12:56:40.573461 ALT: 0.0
12:56:40.573562 ATT: [-0.1, 0.9, 114]
12:56:40.574093 ACC: [-7, 0, 515]
[1499, 1500, 988, 1500, 2011, 988, 988, 988, 1001, 1001, 1001, 1001, 1500, 1500, 1500, 1500]
[1500, 1500, 988, 1500, 2011, 988, 988, 988, 1001, 1001, 1001, 1001, 1500, 1500, 1500, 1500]
[1500, 1500, 986, 1500, 2011, 988, 988, 988, 1001, 1001, 1001, 1001, 1500, 1500, 1500, 1500]
[1500, 1500, 986, 1500, 2011, 988, 988, 988, 1001, 1001, 1001, 1001, 1500, 1500, 1500, 1500]
[1500, 1500, 986, 1500, 2011, 988, 988, 988, 1001, 1001, 1001, 1001, 1500, 1500, 1500, 1500]
[1500, 1500, 988, 1500, 2011, 988, 988, 988, 1001, 1001, 1001, 1001, 1500, 1500, 1500, 1500]
[1500, 1500, 988, 1500, 2011, 988, 988, 988, 1001, 1001, 1001, 1001, 1500, 1500, 1500, 1500]
[1500, 1500, 988, 1500, 2011, 988, 988, 988, 1001, 1001, 1001, 1001, 1500, 1500, 1500, 1500]
[1500, 1500, 988, 1500, 2011, 988, 988, 988, 1001, 1001, 1001, 1001, 1500, 1500, 1500, 1500]
[1500, 1500, 988, 1500, 2011, 988, 988, 988, 1001, 1001, 1001, 1001, 1500, 1500, 1500, 1500]
12:56:40.637432 ALT: 0.0
12:56:40.637579 ATT: [-0.1, 0.9, 114]
12:56:40.637976 ACC: [-8, -1, 515]
[1500, 1500, 988, 1500, 2011, 988, 988, 988, 1001, 1001, 1001, 1001, 1500, 1500, 1500, 1500]
[1500, 1500, 988, 1500, 2011, 988, 988, 988, 1001, 1001, 1001, 1001, 1500, 1500, 1500, 1500]
[1500, 1500, 988, 1500, 2011, 988, 988, 988, 1001, 1001, 1001, 1001, 1500, 1500, 1500, 1500]
[1500, 1500, 988, 1500, 2011, 988, 988, 988, 1001, 1001, 1001, 1001, 1500, 1500, 1500, 1500]
[1500, 1500, 988, 1500, 2011, 988, 988, 988, 1001, 1001, 1001, 1001, 1500, 1500, 1500, 1500]
[1500, 1500, 988, 1500, 2011, 988, 988, 988, 1001, 1001, 1001, 1001, 1500, 1500, 1500, 1500]
[1500, 1500, 988, 1500, 2011, 988, 988, 988, 1001, 1001, 1001, 1001, 1500, 1500, 1500, 1500]
12:56:40.685237 ALT: 0.0
12:56:40.685401 ATT: [-0.1, 0.9, 114]
12:56:40.685750 ACC: [-7, -1, 515]
[1500, 1499, 988, 1500, 2011, 988, 988, 988, 1001, 1001, 1001, 1001, 1500, 1500, 1500, 1500]
[1500, 1499, 988, 1500, 2011, 988, 988, 988, 1001, 1001, 1001, 1001, 1500, 1500, 1500, 1500]
[1500, 1499, 988, 1500, 2011, 988, 988, 988, 1001, 1001, 1001, 1001, 1500, 1500, 1500, 1500]
[1500, 1499, 988, 1500, 2011, 988, 988, 988, 1001, 1001, 1001, 1001, 1500, 1500, 1500, 1500]
[1500, 1499, 988, 1500, 2011, 988, 988, 988, 1001, 1001, 1001, 1001, 1500, 1500, 1500, 1500]
[1500, 1499, 988, 1500, 2011, 988, 988, 988, 1001, 1001, 1001, 1001, 1500, 1500, 1500, 1500]
[1500, 1500, 988, 1500, 2011, 988, 988, 988, 1001, 1001, 1001, 1001, 1500, 1500, 1500, 1500]
12:56:40.733600 ALT: 0.0
12:56:40.733730 ATT: [-0.1, 0.9, 114]
12:56:40.734049 ACC: [-7, 0, 515]
[1500, 1500, 988, 1500, 2011, 988, 988, 988, 1001, 1001, 1001, 1001, 1500, 1500, 1500, 1500]
[1500, 1500, 988, 1500, 2011, 988, 988, 988, 1001, 1001, 1001, 1001, 1500, 1500, 1500, 1500]
[1500, 1500, 988, 1500, 2011, 988, 988, 988, 1001, 1001, 1001, 1001, 1500, 1500, 1500, 1500]
[1500, 1500, 988, 1500, 2011, 988, 988, 988, 1001, 1001, 1001, 1001, 1500, 1500, 1500, 1500]
[1500, 1500, 988, 1500, 2011, 988, 988, 988, 1001, 1001, 1001, 1001, 1500, 1500, 1500, 1500]
[1500, 1500, 988, 1500, 2011, 988, 988, 988, 1001, 1001, 1001, 1001, 1500, 1500, 1500, 1500]
[1500, 1500, 988, 1500, 2011, 988, 988, 988, 1001, 1001, 1001, 1001, 1500, 1500, 1500, 1500]
12:56:40.781355 ALT: 0.0
12:56:40.781459 ATT: [-0.1, 0.9, 114]
12:56:40.782136 ACC: [-7, 0, 515]
[1500, 1500, 988, 1500, 2011, 988, 988, 988, 1001, 1001, 1001, 1001, 1500, 1500, 1500, 1500]
[1500, 1499, 988, 1500, 2011, 988, 988, 988, 1001, 1001, 1001, 1001, 1500, 1500, 1500, 1500]
[1500, 1499, 988, 1500, 2011, 988, 988, 988, 1001, 1001, 1001, 1001, 1500, 1500, 1500, 1500]
[1500, 1499, 988, 1500, 2011, 988, 988, 988, 1001, 1001, 1001, 1001, 1500, 1500, 1500, 1500]
[1500, 1499, 988, 1499, 2011, 988, 988, 988, 1001, 1001, 1001, 1001, 1500, 1500, 1500, 1500]
[1500, 1499, 988, 1499, 2011, 988, 988, 988, 1001, 1001, 1001, 1001, 1500, 1500, 1500, 1500]
[1500, 1499, 988, 1499, 2011, 988, 988, 988, 1001, 1001, 1001, 1001, 1500, 1500, 1500, 1500]
[1500, 1499, 988, 1500, 2011, 988, 988, 988, 1001, 1001, 1001, 1001, 1500, 1500, 1500, 1500]
12:56:40.829143 ALT: 0.0
12:56:40.829214 ATT: [-0.1, 0.9, 114]
12:56:40.829511 ACC: [-7, -1, 515]
[1500, 1499, 988, 1500, 2011, 988, 988, 988, 1001, 1001, 1001, 1001, 1500, 1500, 1500, 1500]
[1500, 1499, 988, 1500, 2011, 988, 988, 988, 1001, 1001, 1001, 1001, 1500, 1500, 1500, 1500]
[1500, 1500, 988, 1500, 2011, 988, 988, 988, 1001, 1001, 1001, 1001, 1500, 1500, 1500, 1500]
[1500, 1500, 988, 1500, 2011, 988, 988, 988, 1001, 1001, 1001, 1001, 1500, 1500, 1500, 1500]
[1500, 1500, 988, 1500, 2011, 988, 988, 988, 1001, 1001, 1001, 1001, 1500, 1500, 1500, 1500]
[1500, 1500, 988, 1500, 2011, 988, 988, 988, 1001, 1001, 1001, 1001, 1500, 1500, 1500, 1500]
[1500, 1500, 988, 1500, 2011, 988, 988, 988, 1001, 1001, 1001, 1001, 1500, 1500, 1500, 1500]
12:56:40.877202 ALT: 0.0
12:56:40.877330 ATT: [-0.1, 0.9, 114]
12:56:40.877623 ACC: [-8, -1, 514]
[1500, 1500, 988, 1500, 2011, 988, 988, 988, 1001, 1001, 1001, 1001, 1500, 1500, 1500, 1500]
[1500, 1500, 988, 1500, 2011, 988, 988, 988, 1001, 1001, 1001, 1001, 1500, 1500, 1500, 1500]
[1500, 1500, 988, 1500, 2011, 988, 988, 988, 1001, 1001, 1001, 1001, 1500, 1500, 1500, 1500]
[1500, 1500, 988, 1500, 2011, 988, 988, 988, 1001, 1001, 1001, 1001, 1500, 1500, 1500, 1500]
[1500, 1500, 988, 1500, 2011, 988, 988, 988, 1001, 1001, 1001, 1001, 1500, 1500, 1500, 1500]
[1500, 1500, 988, 1500, 2011, 988, 988, 988, 1001, 1001, 1001, 1001, 1500, 1500, 1500, 1500]
[1499, 1500, 988, 1500, 2011, 988, 988, 988, 1001, 1001, 1001, 1001, 1500, 1500, 1500, 1500]
12:56:40.925236 ALT: 0.04
12:56:40.925348 ATT: [-0.1, 0.9, 114]
12:56:40.925590 ACC: [-7, -1, 515]
[1499, 1500, 988, 1500, 2011, 988, 988, 988, 1001, 1001, 1001, 1001, 1500, 1500, 1500, 1500]
[1499, 1500, 988, 1500, 2011, 988, 988, 988, 1001, 1001, 1001, 1001, 1500, 1500, 1500, 1500]
[1500, 1500, 988, 1500, 2011, 988, 988, 988, 1001, 1001, 1001, 1001, 1500, 1500, 1500, 1500]
[1500, 1500, 988, 1500, 2011, 988, 988, 988, 1001, 1001, 1001, 1001, 1500, 1500, 1500, 1500]
[1500, 1500, 988, 1500, 2011, 988, 988, 988, 1001, 1001, 1001, 1001, 1500, 1500, 1500, 1500]
[1500, 1500, 988, 1500, 2011, 988, 988, 988, 1001, 1001, 1001, 1001, 1500, 1500, 1500, 1500]
[1500, 1499, 988, 1500, 2011, 988, 988, 988, 1001, 1001, 1001, 1001, 1500, 1500, 1500, 1500]
12:56:40.973460 ALT: 0.06
12:56:40.973603 ATT: [-0.1, 0.9, 114]
12:56:40.974004 ACC: [-8, -2, 515]
[1500, 1499, 988, 1500, 2011, 988, 988, 988, 1001, 1001, 1001, 1001, 1500, 1500, 1500, 1500]
[1500, 1499, 988, 1500, 2011, 988, 988, 988, 1001, 1001, 1001, 1001, 1500, 1500, 1500, 1500]
[1500, 1500, 988, 1499, 2011, 988, 988, 988, 1001, 1001, 1001, 1001, 1500, 1500, 1500, 1500]
[1500, 1500, 988, 1499, 2011, 988, 988, 988, 1001, 1001, 1001, 1001, 1500, 1500, 1500, 1500]
[1500, 1500, 988, 1499, 2011, 988, 988, 988, 1001, 1001, 1001, 1001, 1500, 1500, 1500, 1500]
[1500, 1500, 988, 1500, 2011, 988, 988, 988, 1001, 1001, 1001, 1001, 1500, 1500, 1500, 1500]
[1500, 1500, 988, 1500, 2011, 988, 988, 988, 1001, 1001, 1001, 1001, 1500, 1500, 1500, 1500]
12:56:41.021570 ALT: 0.09
12:56:41.021853 ATT: [-0.1, 0.9, 114]
12:56:41.023183 ACC: [-7, -1, 515]
[1499, 1500, 988, 1500, 2011, 988, 988, 988, 1001, 1001, 1001, 1001, 1500, 1500, 1500, 1500]
[1499, 1500, 988, 1500, 2011, 988, 988, 988, 1001, 1001, 1001, 1001, 1500, 1500, 1500, 1500]
[1499, 1500, 988, 1500, 2011, 988, 988, 988, 1001, 1001, 1001, 1001, 1500, 1500, 1500, 1500]
[1500, 1500, 988, 1500, 2011, 988, 988, 988, 1001, 1001, 1001, 1001, 1500, 1500, 1500, 1500]
[1500, 1500, 988, 1500, 2011, 988, 988, 988, 1001, 1001, 1001, 1001, 1500, 1500, 1500, 1500]
[1500, 1500, 988, 1500, 2011, 988, 988, 988, 1001, 1001, 1001, 1001, 1500, 1500, 1500, 1500]
[1499, 1500, 988, 1500, 2011, 988, 988, 988, 1001, 1001, 1001, 1001, 1500, 1500, 1500, 1500]
[1499, 1500, 988, 1500, 2011, 988, 988, 988, 1001, 1001, 1001, 1001, 1500, 1500, 1500, 1500]
12:56:41.069212 ALT: 0.09
12:56:41.069357 ATT: [-0.1, 0.9, 114]
12:56:41.069647 ACC: [-7, -1, 515]
[1499, 1500, 988, 1500, 2011, 988, 988, 988, 1001, 1001, 1001, 1001, 1500, 1500, 1500, 1500]
[1500, 1500, 988, 1500, 2011, 988, 988, 988, 1001, 1001, 1001, 1001, 1500, 1500, 1500, 1500]
[1500, 1500, 988, 1500, 2011, 988, 988, 988, 1001, 1001, 1001, 1001, 1500, 1500, 1500, 1500]
[1500, 1500, 988, 1500, 2011, 988, 988, 988, 1001, 1001, 1001, 1001, 1500, 1500, 1500, 1500]
[1500, 1500, 988, 1500, 2011, 988, 988, 988, 1001, 1001, 1001, 1001, 1500, 1500, 1500, 1500]
[1500, 1500, 988, 1499, 2011, 988, 988, 988, 1001, 1001, 1001, 1001, 1500, 1500, 1500, 1500]
[1500, 1500, 988, 1499, 2011, 988, 988, 988, 1001, 1001, 1001, 1001, 1500, 1500, 1500, 1500]
12:56:41.117548 ALT: 0.09
12:56:41.117661 ATT: [-0.1, 0.9, 114]
12:56:41.118084 ACC: [-7, -1, 514]
[1499, 1500, 988, 1499, 2011, 988, 988, 988, 1001, 1001, 1001, 1001, 1500, 1500, 1500, 1500]
[1499, 1500, 988, 1500, 2011, 988, 988, 988, 1001, 1001, 1001, 1001, 1500, 1500, 1500, 1500]
[1499, 1500, 988, 1500, 2011, 988, 988, 988, 1001, 1001, 1001, 1001, 1500, 1500, 1500, 1500]
[1500, 1500, 988, 1500, 2011, 988, 988, 988, 1001, 1001, 1001, 1001, 1500, 1500, 1500, 1500]
[1500, 1500, 988, 1500, 2011, 988, 988, 988, 1001, 1001, 1001, 1001, 1500, 1500, 1500, 1500]
[1500, 1500, 988, 1500, 2011, 988, 988, 988, 1001, 1001, 1001, 1001, 1500, 1500, 1500, 1500]
[1500, 1500, 988, 1500, 2011, 988, 988, 988, 1001, 1001, 1001, 1001, 1500, 1500, 1500, 1500]
12:56:41.165343 ALT: 0.09
12:56:41.165459 ATT: [-0.1, 0.9, 114]
12:56:41.165793 ACC: [-7, -1, 514]
[1500, 1500, 988, 1500, 2011, 988, 988, 988, 1001, 1001, 1001, 1001, 1500, 1500, 1500, 1500]
[1500, 1500, 988, 1500, 2011, 988, 988, 988, 1001, 1001, 1001, 1001, 1500, 1500, 1500, 1500]
[1500, 1500, 988, 1500, 2011, 988, 988, 988, 1001, 1001, 1001, 1001, 1500, 1500, 1500, 1500]
[1500, 1500, 988, 1500, 2011, 988, 988, 988, 1001, 1001, 1001, 1001, 1500, 1500, 1500, 1500]
[1500, 1500, 988, 1500, 2011, 988, 988, 988, 1001, 1001, 1001, 1001, 1500, 1500, 1500, 1500]
[1500, 1500, 988, 1500, 2011, 988, 988, 988, 1001, 1001, 1001, 1001, 1500, 1500, 1500, 1500]
[1500, 1500, 988, 1500, 2011, 988, 988, 988, 1001, 1001, 1001, 1001, 1500, 1500, 1500, 1500]
12:56:41.213320 ALT: 0.09
12:56:41.213411 ATT: [-0.1, 0.9, 114]
12:56:41.213724 ACC: [-8, -1, 515]
[1500, 1500, 988, 1500, 2011, 988, 988, 988, 1001, 1001, 1001, 1001, 1500, 1500, 1500, 1500]
[1500, 1500, 988, 1500, 2011, 988, 988, 988, 1001, 1001, 1001, 1001, 1500, 1500, 1500, 1500]
[1500, 1499, 988, 1500, 2011, 988, 988, 988, 1001, 1001, 1001, 1001, 1500, 1500, 1500, 1500]
[1500, 1499, 988, 1500, 2011, 988, 988, 988, 1001, 1001, 1001, 1001, 1500, 1500, 1500, 1500]
[1500, 1499, 988, 1500, 2011, 988, 988, 988, 1001, 1001, 1001, 1001, 1500, 1500, 1500, 1500]
[1500, 1500, 988, 1500, 2011, 988, 988, 988, 1001, 1001, 1001, 1001, 1500, 1500, 1500, 1500]
[1500, 1500, 988, 1500, 2011, 988, 988, 988, 1001, 1001, 1001, 1001, 1500, 1500, 1500, 1500]
[1500, 1500, 988, 1500, 2011, 988, 988, 988, 1001, 1001, 1001, 1001, 1500, 1500, 1500, 1500]
[1500, 1500, 988, 1500, 2011, 988, 988, 988, 1001, 1001, 1001, 1001, 1500, 1500, 1500, 1500]
[1500, 1500, 988, 1500, 2011, 988, 988, 988, 1001, 1001, 1001, 1001, 1500, 1500, 1500, 1500]
12:56:41.277335 ALT: 0.09
12:56:41.277427 ATT: [-0.1, 0.9, 114]
12:56:41.277678 ACC: [-7, -1, 515]
[1500, 1500, 988, 1500, 2011, 988, 988, 988, 1001, 1001, 1001, 1001, 1500, 1500, 1500, 1500]
[1500, 1500, 988, 1500, 2011, 988, 988, 988, 1001, 1001, 1001, 1001, 1500, 1500, 1500, 1500]
[1500, 1500, 988, 1500, 2011, 988, 988, 988, 1001, 1001, 1001, 1001, 1500, 1500, 1500, 1500]
[1500, 1500, 988, 1500, 2011, 988, 988, 988, 1001, 1001, 1001, 1001, 1500, 1500, 1500, 1500]
[1500, 1499, 988, 1500, 2011, 988, 988, 988, 1001, 1001, 1001, 1001, 1500, 1500, 1500, 1500]
[1500, 1499, 988, 1500, 2011, 988, 988, 988, 1001, 1001, 1001, 1001, 1500, 1500, 1500, 1500]
[1499, 1499, 988, 1500, 2011, 988, 988, 988, 1001, 1001, 1001, 1001, 1500, 1500, 1500, 1500]
12:56:41.325309 ALT: 0.09
12:56:41.325392 ATT: [-0.1, 0.9, 114]
12:56:41.325616 ACC: [-8, -1, 515]
[1499, 1500, 988, 1499, 2011, 988, 988, 988, 1001, 1001, 1001, 1001, 1500, 1500, 1500, 1500]
[1499, 1500, 988, 1499, 2011, 988, 988, 988, 1001, 1001, 1001, 1001, 1500, 1500, 1500, 1500]
[1500, 1500, 988, 1499, 2011, 988, 988, 988, 1001, 1001, 1001, 1001, 1500, 1500, 1500, 1500]
[1500, 1499, 988, 1500, 2011, 988, 988, 988, 1001, 1001, 1001, 1001, 1500, 1500, 1500, 1500]
[1500, 1499, 988, 1500, 2011, 988, 988, 988, 1001, 1001, 1001, 1001, 1500, 1500, 1500, 1500]
[1500, 1499, 988, 1500, 2011, 988, 988, 988, 1001, 1001, 1001, 1001, 1500, 1500, 1500, 1500]
[1500, 1500, 988, 1500, 2011, 988, 988, 988, 1001, 1001, 1001, 1001, 1500, 1500, 1500, 1500]
12:56:41.373298 ALT: 0.09
12:56:41.373390 ATT: [-0.2, 0.9, 114]
12:56:41.373644 ACC: [-7, 0, 515]
[1500, 1500, 988, 1500, 2011, 988, 988, 988, 1001, 1001, 1001, 1001, 1500, 1500, 1500, 1500]
[1500, 1500, 988, 1500, 2011, 988, 988, 988, 1001, 1001, 1001, 1001, 1500, 1500, 1500, 1500]
[1500, 1499, 988, 1499, 2011, 988, 988, 988, 1001, 1001, 1001, 1001, 1500, 1500, 1500, 1500]
[1500, 1499, 988, 1499, 2011, 988, 988, 988, 1001, 1001, 1001, 1001, 1500, 1500, 1500, 1500]
[1500, 1499, 988, 1499, 2011, 988, 988, 988, 1001, 1001, 1001, 1001, 1500, 1500, 1500, 1500]
[1500, 1500, 988, 1499, 2011, 988, 988, 988, 1001, 1001, 1001, 1001, 1500, 1500, 1500, 1500]
[1500, 1500, 988, 1499, 2011, 988, 988, 988, 1001, 1001, 1001, 1001, 1500, 1500, 1500, 1500]
12:56:41.421595 ALT: 0.09
12:56:41.421706 ATT: [-0.2, 0.9, 114]
12:56:41.422287 ACC: [-7, 0, 515]
[1500, 1500, 988, 1499, 2011, 988, 988, 988, 1001, 1001, 1001, 1001, 1500, 1500, 1500, 1500]
[1500, 1500, 988, 1500, 2011, 988, 988, 988, 1001, 1001, 1001, 1001, 1500, 1500, 1500, 1500]
[1500, 1500, 988, 1500, 2011, 988, 988, 988, 1001, 1001, 1001, 1001, 1500, 1500, 1500, 1500]
[1500, 1500, 988, 1500, 2011, 988, 988, 988, 1001, 1001, 1001, 1001, 1500, 1500, 1500, 1500]
[1500, 1500, 988, 1500, 2011, 988, 988, 988, 1001, 1001, 1001, 1001, 1500, 1500, 1500, 1500]
[1500, 1500, 988, 1500, 2011, 988, 988, 988, 1001, 1001, 1001, 1001, 1500, 1500, 1500, 1500]
[1499, 1500, 988, 1500, 2011, 988, 988, 988, 1001, 1001, 1001, 1001, 1500, 1500, 1500, 1500]
[1499, 1500, 988, 1500, 2011, 988, 988, 988, 1001, 1001, 1001, 1001, 1500, 1500, 1500, 1500]
12:56:41.469749 ALT: 0.09
12:56:41.469887 ATT: [-0.2, 0.9, 114]
12:56:41.470292 ACC: [-7, 0, 515]
[1499, 1500, 988, 1500, 2011, 988, 988, 988, 1001, 1001, 1001, 1001, 1500, 1500, 1500, 1500]
[1500, 1500, 988, 1500, 2011, 988, 988, 988, 1001, 1001, 1001, 1001, 1500, 1500, 1500, 1500]
[1500, 1500, 988, 1500, 2011, 988, 988, 988, 1001, 1001, 1001, 1001, 1500, 1500, 1500, 1500]
[1500, 1500, 988, 1500, 2011, 988, 988, 988, 1001, 1001, 1001, 1001, 1500, 1500, 1500, 1500]
[1500, 1500, 988, 1500, 2011, 988, 988, 988, 1001, 1001, 1001, 1001, 1500, 1500, 1500, 1500]
[1500, 1500, 988, 1500, 2011, 988, 988, 988, 1001, 1001, 1001, 1001, 1500, 1500, 1500, 1500]
[1500, 1500, 988, 1500, 2011, 988, 988, 988, 1001, 1001, 1001, 1001, 1500, 1500, 1500, 1500]
12:56:41.517635 ALT: 0.09
12:56:41.517790 ATT: [-0.2, 0.9, 114]
12:56:41.518125 ACC: [-7, 0, 514]
[1500, 1500, 988, 1500, 2011, 988, 988, 988, 1001, 1001, 1001, 1001, 1500, 1500, 1500, 1500]
[1500, 1500, 988, 1500, 2011, 988, 988, 988, 1001, 1001, 1001, 1001, 1500, 1500, 1500, 1500]
[1500, 1500, 988, 1500, 2011, 988, 988, 988, 1001, 1001, 1001, 1001, 1500, 1500, 1500, 1500]
[1500, 1500, 988, 1500, 2011, 988, 988, 988, 1001, 1001, 1001, 1001, 1500, 1500, 1500, 1500]
[1500, 1500, 988, 1500, 2011, 988, 988, 988, 1001, 1001, 1001, 1001, 1500, 1500, 1500, 1500]
[1500, 1500, 988, 1500, 2011, 988, 988, 989, 1001, 1001, 1001, 1001, 1500, 1500, 1500, 1500]
[1499, 1500, 988, 1500, 2011, 988, 988, 989, 1001, 1001, 1001, 1001, 1500, 1500, 1500, 1500]
12:56:41.565518 ALT: 0.09
12:56:41.565630 ATT: [-0.2, 0.9, 114]
12:56:41.565993 ACC: [-7, 0, 515]
[1499, 1501, 986, 1499, 2011, 988, 988, 989, 1001, 1001, 1001, 1001, 1500, 1500, 1500, 1500]
[1499, 1501, 986, 1499, 2011, 988, 988, 988, 1001, 1001, 1001, 1001, 1500, 1500, 1500, 1500]
[1500, 1501, 986, 1499, 2011, 988, 988, 988, 1001, 1001, 1001, 1001, 1500, 1500, 1500, 1500]
[1500, 1499, 988, 1500, 2011, 988, 988, 988, 1001, 1001, 1001, 1001, 1500, 1500, 1500, 1500]
[1500, 1499, 988, 1500, 2011, 988, 988, 988, 1001, 1001, 1001, 1001, 1500, 1500, 1500, 1500]
[1500, 1499, 988, 1500, 2011, 988, 988, 988, 1001, 1001, 1001, 1001, 1500, 1500, 1500, 1500]
[1500, 1500, 988, 1500, 2011, 988, 988, 988, 1001, 1001, 1001, 1001, 1500, 1500, 1500, 1500]
12:56:41.613309 ALT: 0.09
12:56:41.613396 ATT: [-0.2, 0.9, 113]
12:56:41.613661 ACC: [-7, -1, 515]
[1500, 1500, 988, 1500, 2011, 988, 988, 988, 1001, 1001, 1001, 1001, 1500, 1500, 1500, 1500]
[1500, 1500, 988, 1500, 2011, 988, 988, 988, 1001, 1001, 1001, 1001, 1500, 1500, 1500, 1500]
[1500, 1499, 988, 1500, 2011, 988, 988, 988, 1001, 1001, 1001, 1001, 1500, 1500, 1500, 1500]
[1500, 1499, 988, 1500, 2011, 988, 988, 988, 1001, 1001, 1001, 1001, 1500, 1500, 1500, 1500]
[1500, 1499, 988, 1500, 2011, 988, 988, 988, 1001, 1001, 1001, 1001, 1500, 1500, 1500, 1500]
[1500, 1499, 988, 1500, 2011, 988, 988, 988, 1001, 1001, 1001, 1001, 1500, 1500, 1500, 1500]
[1500, 1499, 988, 1500, 2011, 988, 988, 988, 1001, 1001, 1001, 1001, 1500, 1500, 1500, 1500]
12:56:41.661270 ALT: 0.09
12:56:41.661359 ATT: [-0.2, 0.9, 113]
12:56:41.661647 ACC: [-8, -1, 516]
[1499, 1499, 988, 1500, 2011, 988, 988, 988, 1001, 1001, 1001, 1001, 1500, 1500, 1500, 1500]
[1499, 1500, 988, 1500, 2011, 988, 988, 988, 1001, 1001, 1001, 1001, 1500, 1500, 1500, 1500]
[1499, 1500, 988, 1500, 2011, 988, 988, 988, 1001, 1001, 1001, 1001, 1500, 1500, 1500, 1500]
[1500, 1500, 988, 1500, 2011, 988, 988, 988, 1001, 1001, 1001, 1001, 1500, 1500, 1500, 1500]
[1500, 1499, 988, 1499, 2012, 986, 988, 988, 1001, 1001, 1001, 1001, 1500, 1500, 1500, 1500]
[1500, 1499, 988, 1499, 2012, 986, 988, 988, 1001, 1001, 1001, 1001, 1500, 1500, 1500, 1500]
[1499, 1499, 988, 1499, 2012, 986, 988, 988, 1001, 1001, 1001, 1001, 1500, 1500, 1500, 1500]
[1499, 1500, 988, 1500, 2011, 988, 988, 988, 1001, 1001, 1001, 1001, 1500, 1500, 1500, 1500]
12:56:41.709849 ALT: 0.09
12:56:41.709941 ATT: [-0.2, 0.9, 113]
12:56:41.710201 ACC: [-6, 0, 515]
[1499, 1500, 988, 1500, 2011, 988, 988, 988, 1001, 1001, 1001, 1001, 1500, 1500, 1500, 1500]
[1500, 1500, 988, 1500, 2011, 988, 988, 988, 1001, 1001, 1001, 1001, 1500, 1500, 1500, 1500]
[1500, 1500, 988, 1500, 2011, 988, 988, 988, 1001, 1001, 1001, 1001, 1500, 1500, 1500, 1500]
[1500, 1500, 988, 1500, 2011, 988, 991, 985, 1001, 1001, 1001, 1001, 1500, 1500, 1500, 1500]
[1500, 1500, 988, 1500, 2011, 988, 991, 985, 1001, 1001, 1001, 1001, 1500, 1500, 1500, 1500]
[1500, 1500, 988, 1500, 2011, 988, 991, 985, 1001, 1001, 1001, 1001, 1500, 1500, 1500, 1500]
[1500, 1500, 988, 1500, 2011, 988, 991, 986, 1001, 1001, 1001, 1001, 1500, 1500, 1500, 1500]
12:56:41.757344 ALT: 0.09
12:56:41.757433 ATT: [-0.2, 0.9, 113]
12:56:41.757694 ACC: [-8, -1, 515]
[1500, 1500, 988, 1500, 2011, 988, 991, 986, 1001, 1001, 1001, 1001, 1500, 1500, 1500, 1500]
[1500, 1500, 988, 1499, 2011, 988, 991, 986, 1001, 1001, 1001, 1001, 1500, 1500, 1500, 1500]
[1500, 1500, 988, 1499, 2011, 988, 988, 989, 1001, 1001, 1001, 1001, 1500, 1500, 1500, 1500]
[1500, 1500, 988, 1499, 2011, 988, 988, 989, 1001, 1001, 1001, 1001, 1500, 1500, 1500, 1500]
[1500, 1500, 988, 1500, 2011, 988, 988, 989, 1001, 1001, 1001, 1001, 1500, 1500, 1500, 1500]
[1500, 1500, 988, 1500, 2011, 988, 988, 989, 1001, 1001, 1001, 1001, 1500, 1500, 1500, 1500]
[1500, 1500, 988, 1500, 2011, 988, 988, 988, 1001, 1001, 1001, 1001, 1500, 1500, 1500, 1500]
12:56:41.807257 ALT: 0.09
12:56:41.807344 ATT: [-0.2, 0.9, 113]
12:56:41.807597 ACC: [-7, -1, 514]
[1500, 1500, 988, 1499, 2011, 988, 988, 988, 1001, 1001, 1001, 1001, 1500, 1500, 1500, 1500]
[1500, 1500, 988, 1499, 2011, 988, 988, 988, 1001, 1001, 1001, 1001, 1500, 1500, 1500, 1500]
[1499, 1500, 988, 1499, 2011, 988, 988, 988, 1001, 1001, 1001, 1001, 1500, 1500, 1500, 1500]
[1499, 1499, 988, 1499, 2011, 988, 988, 988, 1001, 1001, 1001, 1001, 1500, 1500, 1500, 1500]
[1499, 1499, 988, 1499, 2011, 988, 988, 988, 1001, 1001, 1001, 1001, 1500, 1500, 1500, 1500]
[1500, 1499, 988, 1499, 2011, 988, 988, 988, 1001, 1001, 1001, 1001, 1500, 1500, 1500, 1500]
[1500, 1499, 988, 1500, 2011, 988, 988, 988, 1001, 1001, 1001, 1001, 1500, 1500, 1500, 1500]
12:56:41.853526 ALT: 0.09
12:56:41.853718 ATT: [-0.2, 0.9, 113]
12:56:41.854101 ACC: [-7, 0, 516]
[1500, 1499, 988, 1500, 2011, 988, 988, 988, 1001, 1001, 1001, 1001, 1500, 1500, 1500, 1500]
[1500, 1499, 988, 1500, 2011, 988, 988, 988, 1001, 1001, 1001, 1001, 1500, 1500, 1500, 1500]
[1500, 1500, 988, 1500, 2011, 988, 988, 988, 1001, 1001, 1001, 1001, 1500, 1500, 1500, 1500]
[1500, 1500, 988, 1500, 2011, 988, 988, 988, 1001, 1001, 1001, 1001, 1500, 1500, 1500, 1500]
[1500, 1500, 988, 1500, 2011, 988, 988, 988, 1001, 1001, 1001, 1001, 1500, 1500, 1500, 1500]
[1500, 1500, 988, 1500, 2011, 988, 988, 988, 1001, 1001, 1001, 1001, 1500, 1500, 1500, 1500]
[1500, 1500, 988, 1500, 2011, 988, 988, 988, 1001, 1001, 1001, 1001, 1500, 1500, 1500, 1500]
12:56:41.901486 ALT: 0.09
12:56:41.901617 ATT: [-0.2, 0.9, 113]
12:56:41.901920 ACC: [-7, -1, 514]
[1500, 1500, 988, 1500, 2011, 988, 988, 988, 1001, 1001, 1001, 1001, 1500, 1500, 1500, 1500]
[1500, 1500, 988, 1500, 2011, 988, 988, 988, 1001, 1001, 1001, 1001, 1500, 1500, 1500, 1500]
[1500, 1500, 988, 1500, 2011, 988, 988, 988, 1001, 1001, 1001, 1001, 1500, 1500, 1500, 1500]
[1500, 1500, 988, 1500, 2011, 988, 988, 988, 1001, 1001, 1001, 1001, 1500, 1500, 1500, 1500]
[1500, 1500, 988, 1500, 2011, 988, 988, 988, 1001, 1001, 1001, 1001, 1500, 1500, 1500, 1500]
[1500, 1500, 988, 1500, 2011, 988, 988, 988, 1001, 1001, 1001, 1001, 1500, 1500, 1500, 1500]
[1500, 1500, 988, 1500, 2011, 988, 988, 988, 1001, 1001, 1001, 1001, 1500, 1500, 1500, 1500]
[1500, 1500, 988, 1500, 2011, 988, 988, 988, 1001, 1001, 1001, 1001, 1500, 1500, 1500, 1500]
12:56:41.950315 ALT: 0.09
12:56:41.950523 ATT: [-0.2, 0.9, 113]
12:56:41.952520 ACC: [-8, -2, 516]
[1500, 1500, 988, 1500, 2011, 988, 988, 988, 1001, 1001, 1001, 1001, 1500, 1500, 1500, 1500]
[1500, 1500, 988, 1500, 2011, 988, 988, 988, 1001, 1001, 1001, 1001, 1500, 1500, 1500, 1500]
[1500, 1500, 988, 1500, 2011, 988, 988, 988, 1001, 1001, 1001, 1001, 1500, 1500, 1500, 1500]
[1500, 1500, 988, 1500, 2011, 988, 988, 988, 1001, 1001, 1001, 1001, 1500, 1500, 1500, 1500]
[1500, 1500, 988, 1500, 2011, 988, 988, 988, 1001, 1001, 1001, 1001, 1500, 1500, 1500, 1500]
[1500, 1500, 988, 1500, 2011, 988, 988, 988, 1001, 1001, 1001, 1001, 1500, 1500, 1500, 1500]
[1500, 1500, 988, 1500, 2011, 988, 988, 988, 1001, 1001, 1001, 1001, 1500, 1500, 1500, 1500]
[1500, 1500, 988, 1500, 2011, 988, 988, 988, 1001, 1001, 1001, 1001, 1500, 1500, 1500, 1500]
[1500, 1500, 988, 1500, 2011, 988, 988, 988, 1001, 1001, 1001, 1001, 1500, 1500, 1500, 1500]
12:56:42.014472 ALT: 0.09
12:56:42.014587 ATT: [-0.2, 0.9, 113]
12:56:42.014980 ACC: [-7, -2, 516]
[1500, 1500, 988, 1500, 2011, 988, 988, 988, 1001, 1001, 1001, 1001, 1500, 1500, 1500, 1500]
[1500, 1500, 988, 1500, 2011, 988, 988, 988, 1001, 1001, 1001, 1001, 1500, 1500, 1500, 1500]
[1500, 1499, 988, 1499, 2011, 988, 988, 988, 1001, 1001, 1001, 1001, 1500, 1500, 1500, 1500]
[1500, 1499, 988, 1499, 2011, 988, 988, 988, 1001, 1001, 1001, 1001, 1500, 1500, 1500, 1500]
[1500, 1499, 988, 1499, 2011, 988, 988, 988, 1001, 1001, 1001, 1001, 1500, 1500, 1500, 1500]
[1500, 1500, 988, 1499, 2011, 988, 988, 988, 1001, 1001, 1001, 1001, 1500, 1500, 1500, 1500]
[1500, 1500, 988, 1499, 2011, 988, 988, 988, 1001, 1001, 1001, 1001, 1500, 1500, 1500, 1500]
12:56:42.069467 ALT: 0.09
12:56:42.069881 ATT: [-0.2, 0.9, 113]
12:56:42.071435 ACC: [-7, -1, 515]
[1500, 1500, 988, 1499, 2011, 988, 988, 988, 1001, 1001, 1001, 1001, 1500, 1500, 1500, 1500]
[1500, 1499, 988, 1500, 2011, 988, 988, 988, 1001, 1001, 1001, 1001, 1500, 1500, 1500, 1500]
[1500, 1499, 988, 1500, 2011, 988, 988, 988, 1001, 1001, 1001, 1001, 1500, 1500, 1500, 1500]
[1500, 1499, 988, 1500, 2011, 988, 988, 988, 1001, 1001, 1001, 1001, 1500, 1500, 1500, 1500]
[1500, 1499, 988, 1500, 2011, 988, 988, 988, 1001, 1001, 1001, 1001, 1500, 1500, 1500, 1500]
[1500, 1499, 988, 1500, 2011, 988, 988, 989, 1001, 1001, 1001, 1001, 1500, 1500, 1500, 1500]
[1500, 1499, 988, 1500, 2011, 988, 988, 989, 1001, 1001, 1001, 1001, 1500, 1500, 1500, 1500]
[1500, 1500, 988, 1500, 2009, 988, 988, 989, 1001, 1001, 1001, 1001, 1500, 1500, 1500, 1500]
[1500, 1500, 988, 1500, 2009, 988, 988, 988, 1001, 1001, 1001, 1001, 1500, 1500, 1500, 1500]
[1500, 1500, 988, 1500, 2009, 988, 988, 988, 1001, 1001, 1001, 1001, 1500, 1500, 1500, 1500]
12:56:42.125917 ALT: 0.15
12:56:42.126021 ATT: [-0.2, 0.9, 113]
12:56:42.126317 ACC: [-7, -1, 515]
[1500, 1500, 988, 1500, 2011, 988, 988, 988, 1001, 1001, 1001, 1001, 1500, 1500, 1500, 1500]
[1500, 1500, 988, 1500, 2011, 988, 988, 988, 1001, 1001, 1001, 1001, 1500, 1500, 1500, 1500]
[1500, 1500, 988, 1500, 2011, 988, 988, 988, 1001, 1001, 1001, 1001, 1500, 1500, 1500, 1500]
[1500, 1500, 988, 1500, 2011, 988, 988, 988, 1001, 1001, 1001, 1001, 1500, 1500, 1500, 1500]
[1500, 1500, 988, 1500, 2011, 988, 988, 989, 1001, 1001, 1001, 1001, 1500, 1500, 1500, 1500]
[1500, 1500, 988, 1500, 2011, 988, 988, 989, 1001, 1001, 1001, 1001, 1500, 1500, 1500, 1500]
[1500, 1499, 988, 1500, 2011, 988, 988, 989, 1001, 1001, 1001, 1001, 1500, 1500, 1500, 1500]
12:56:42.174051 ALT: 0.17
12:56:42.174154 ATT: [-0.2, 0.9, 113]
12:56:42.174472 ACC: [-8, -2, 515]
[1500, 1499, 988, 1500, 2011, 988, 988, 988, 1001, 1001, 1001, 1001, 1500, 1500, 1500, 1500]
[1500, 1499, 988, 1500, 2011, 988, 988, 988, 1001, 1001, 1001, 1001, 1500, 1500, 1500, 1500]
[1500, 1500, 988, 1500, 2011, 988, 988, 988, 1001, 1001, 1001, 1001, 1500, 1500, 1500, 1500]
[1500, 1500, 988, 1500, 2011, 988, 988, 988, 1001, 1001, 1001, 1001, 1500, 1500, 1500, 1500]
[1500, 1500, 988, 1500, 2011, 988, 988, 988, 1001, 1001, 1001, 1001, 1500, 1500, 1500, 1500]
[1500, 1500, 988, 1500, 2011, 988, 988, 988, 1001, 1001, 1001, 1001, 1500, 1500, 1500, 1500]
[1500, 1500, 988, 1500, 2011, 988, 988, 988, 1001, 1001, 1001, 1001, 1500, 1500, 1500, 1500]
12:56:42.221912 ALT: 0.17
12:56:42.222074 ATT: [-0.2, 0.9, 113]
12:56:42.223996 ACC: [-7, -2, 515]
[1500, 1500, 988, 1500, 2011, 988, 988, 988, 1001, 1001, 1001, 1001, 1500, 1500, 1500, 1500]
[1500, 1500, 988, 1500, 2009, 988, 988, 988, 1001, 1001, 1001, 1001, 1500, 1500, 1500, 1500]
[1500, 1500, 988, 1500, 2009, 988, 988, 988, 1001, 1001, 1001, 1001, 1500, 1500, 1500, 1500]
[1500, 1500, 988, 1500, 2009, 988, 988, 988, 1001, 1001, 1001, 1001, 1500, 1500, 1500, 1500]
[1500, 1500, 988, 1500, 2011, 988, 988, 988, 1001, 1001, 1001, 1001, 1500, 1500, 1500, 1500]
[1500, 1500, 988, 1500, 2011, 988, 988, 988, 1001, 1001, 1001, 1001, 1500, 1500, 1500, 1500]
[1497, 1500, 988, 1500, 2011, 988, 988, 988, 1001, 1001, 1001, 1001, 1500, 1500, 1500, 1500]
[1497, 1500, 988, 1500, 2011, 988, 988, 988, 1001, 1001, 1001, 1001, 1500, 1500, 1500, 1500]
12:56:42.270867 ALT: 0.17
12:56:42.270992 ATT: [-0.2, 0.9, 113]
12:56:42.271455 ACC: [-7, -1, 515]
[1497, 1500, 988, 1500, 2011, 988, 988, 988, 1001, 1001, 1001, 1001, 1500, 1500, 1500, 1500]
[1500, 1500, 988, 1500, 2011, 988, 988, 988, 1001, 1001, 1001, 1001, 1500, 1500, 1500, 1500]
[1500, 1500, 988, 1500, 2011, 988, 988, 988, 1001, 1001, 1001, 1001, 1500, 1500, 1500, 1500]
[1500, 1500, 988, 1500, 2011, 988, 988, 988, 1001, 1001, 1001, 1001, 1500, 1500, 1500, 1500]
[1499, 1500, 988, 1500, 2011, 988, 988, 988, 1001, 1001, 1001, 1001, 1500, 1500, 1500, 1500]
[1499, 1500, 988, 1500, 2011, 988, 988, 988, 1001, 1001, 1001, 1001, 1500, 1500, 1500, 1500]
12:56:42.319252 ALT: 0.17
12:56:42.319358 ATT: [-0.2, 0.9, 113]
12:56:42.319665 ACC: [-7, -2, 515]
[1499, 1500, 988, 1500, 2011, 988, 988, 988, 1001, 1001, 1001, 1001, 1500, 1500, 1500, 1500]
[1500, 1500, 988, 1500, 2011, 988, 988, 988, 1001, 1001, 1001, 1001, 1500, 1500, 1500, 1500]
[1500, 1500, 988, 1500, 2011, 988, 988, 988, 1001, 1001, 1001, 1001, 1500, 1500, 1500, 1500]
[1500, 1500, 988, 1500, 2011, 988, 988, 988, 1001, 1001, 1001, 1001, 1500, 1500, 1500, 1500]
[1500, 1500, 988, 1500, 2011, 988, 988, 988, 1001, 1001, 1001, 1001, 1500, 1500, 1500, 1500]
[1500, 1499, 988, 1500, 2011, 988, 988, 988, 1001, 1001, 1001, 1001, 1500, 1500, 1500, 1500]
[1500, 1499, 988, 1500, 2011, 988, 988, 988, 1001, 1001, 1001, 1001, 1500, 1500, 1500, 1500]
[1499, 1499, 988, 1500, 2011, 988, 988, 988, 1001, 1001, 1001, 1001, 1500, 1500, 1500, 1500]
12:56:42.365768 ALT: 0.17
12:56:42.366069 ATT: [-0.3, 0.9, 113]
12:56:42.366635 ACC: [-7, -1, 515]
[1499, 1500, 988, 1500, 2011, 988, 988, 988, 1001, 1001, 1001, 1001, 1500, 1500, 1500, 1500]
[1499, 1500, 988, 1500, 2011, 988, 988, 988, 1001, 1001, 1001, 1001, 1500, 1500, 1500, 1500]
[1500, 1500, 988, 1500, 2011, 988, 988, 988, 1001, 1001, 1001, 1001, 1500, 1500, 1500, 1500]
[1500, 1499, 988, 1500, 2011, 988, 988, 988, 1001, 1001, 1001, 1001, 1500, 1500, 1500, 1500]
[1500, 1499, 988, 1500, 2011, 988, 988, 988, 1001, 1001, 1001, 1001, 1500, 1500, 1500, 1500]
[1500, 1499, 988, 1500, 2011, 988, 988, 988, 1001, 1001, 1001, 1001, 1500, 1500, 1500, 1500]
[1500, 1500, 988, 1500, 2011, 988, 988, 988, 1001, 1001, 1001, 1001, 1500, 1500, 1500, 1500]
12:56:42.413937 ALT: 0.17
12:56:42.414057 ATT: [-0.3, 0.9, 113]
12:56:42.414377 ACC: [-8, -1, 515]
[1500, 1500, 988, 1500, 2011, 988, 988, 988, 1001, 1001, 1001, 1001, 1500, 1500, 1500, 1500]
[1500, 1500, 988, 1500, 2011, 988, 988, 988, 1001, 1001, 1001, 1001, 1500, 1500, 1500, 1500]
[1500, 1500, 988, 1500, 2011, 988, 988, 988, 1001, 1001, 1001, 1001, 1500, 1500, 1500, 1500]
[1500, 1500, 988, 1500, 2011, 988, 988, 988, 1001, 1001, 1001, 1001, 1500, 1500, 1500, 1500]
[1500, 1500, 988, 1500, 2011, 988, 988, 988, 1001, 1001, 1001, 1001, 1500, 1500, 1500, 1500]
[1500, 1500, 988, 1500, 2011, 988, 988, 988, 1001, 1001, 1001, 1001, 1500, 1500, 1500, 1500]
[1500, 1500, 988, 1500, 2011, 988, 988, 988, 1001, 1001, 1001, 1001, 1500, 1500, 1500, 1500]
12:56:42.461607 ALT: 0.17
12:56:42.461714 ATT: [-0.3, 0.9, 113]
12:56:42.462073 ACC: [-8, -1, 516]
[1500, 1500, 988, 1500, 2011, 988, 988, 988, 1001, 1001, 1001, 1001, 1500, 1500, 1500, 1500]
[1500, 1500, 988, 1499, 2011, 988, 988, 988, 1001, 1001, 1001, 1001, 1500, 1500, 1500, 1500]
[1500, 1500, 988, 1499, 2011, 988, 988, 988, 1001, 1001, 1001, 1001, 1500, 1500, 1500, 1500]
[1500, 1500, 988, 1499, 2011, 988, 988, 988, 1001, 1001, 1001, 1001, 1500, 1500, 1500, 1500]
[1500, 1500, 988, 1500, 2011, 988, 988, 988, 1001, 1001, 1001, 1001, 1500, 1500, 1500, 1500]
[1500, 1500, 988, 1500, 2011, 988, 988, 988, 1001, 1001, 1001, 1001, 1500, 1500, 1500, 1500]
[1500, 1500, 988, 1500, 2011, 988, 988, 988, 1001, 1001, 1001, 1001, 1500, 1500, 1500, 1500]
[1500, 1500, 988, 1500, 2011, 988, 988, 988, 1001, 1001, 1001, 1001, 1500, 1500, 1500, 1500]
12:56:42.509504 ALT: 0.17
12:56:42.509676 ATT: [-0.3, 0.9, 113]
12:56:42.509967 ACC: [-7, 0, 515]
[1500, 1500, 988, 1500, 2011, 988, 988, 988, 1001, 1001, 1001, 1001, 1500, 1500, 1500, 1500]
[1501, 1500, 988, 1500, 2011, 988, 988, 988, 1001, 1001, 1001, 1001, 1500, 1500, 1500, 1500]
[1501, 1497, 988, 1500, 2011, 988, 988, 988, 1001, 1001, 1001, 1001, 1500, 1500, 1500, 1500]
[1501, 1497, 988, 1500, 2011, 988, 988, 988, 1001, 1001, 1001, 1001, 1500, 1500, 1500, 1500]
[1500, 1497, 988, 1500, 2011, 988, 988, 988, 1001, 1001, 1001, 1001, 1500, 1500, 1500, 1500]
[1500, 1499, 988, 1500, 2011, 988, 988, 988, 1001, 1001, 1001, 1001, 1500, 1500, 1500, 1500]
[1500, 1499, 988, 1500, 2011, 988, 988, 988, 1001, 1001, 1001, 1001, 1500, 1500, 1500, 1500]
12:56:42.558064 ALT: 0.17
12:56:42.558183 ATT: [-0.3, 0.9, 113]
12:56:42.558515 ACC: [-7, -1, 515]
[1500, 1499, 988, 1500, 2011, 988, 988, 988, 1001, 1001, 1001, 1001, 1500, 1500, 1500, 1500]
[1500, 1500, 988, 1500, 2011, 988, 988, 988, 1001, 1001, 1001, 1001, 1500, 1500, 1500, 1500]
[1500, 1500, 988, 1500, 2011, 988, 988, 988, 1001, 1001, 1001, 1001, 1500, 1500, 1500, 1500]
[1499, 1500, 988, 1500, 2011, 988, 988, 988, 1001, 1001, 1001, 1001, 1500, 1500, 1500, 1500]
[1499, 1500, 988, 1500, 2011, 988, 988, 988, 1001, 1001, 1001, 1001, 1500, 1500, 1500, 1500]
[1499, 1500, 988, 1500, 2011, 988, 988, 988, 1001, 1001, 1001, 1001, 1500, 1500, 1500, 1500]
[1497, 1500, 988, 1500, 2011, 988, 988, 988, 1001, 1001, 1001, 1001, 1500, 1500, 1500, 1500]
12:56:42.605678 ALT: 0.17
12:56:42.605843 ATT: [-0.3, 0.9, 113]
12:56:42.606258 ACC: [-7, -1, 515]
[1497, 1500, 988, 1500, 2011, 988, 988, 988, 1001, 1001, 1001, 1001, 1500, 1500, 1500, 1500]
[1497, 1500, 988, 1500, 2011, 988, 988, 988, 1001, 1001, 1001, 1001, 1500, 1500, 1500, 1500]
[1497, 1500, 988, 1500, 2011, 988, 988, 988, 1001, 1001, 1001, 1001, 1500, 1500, 1500, 1500]
[1497, 1500, 988, 1500, 2011, 988, 988, 988, 1001, 1001, 1001, 1001, 1500, 1500, 1500, 1500]
[1497, 1500, 988, 1500, 2011, 988, 988, 988, 1001, 1001, 1001, 1001, 1500, 1500, 1500, 1500]
[1500, 1500, 988, 1500, 2011, 988, 988, 988, 1001, 1001, 1001, 1001, 1500, 1500, 1500, 1500]
[1500, 1500, 988, 1500, 2011, 988, 988, 988, 1001, 1001, 1001, 1001, 1500, 1500, 1500, 1500]
12:56:42.653674 ALT: 0.17
12:56:42.653907 ATT: [-0.3, 0.9, 113]
12:56:42.655434 ACC: [-6, 0, 516]
[1500, 1500, 988, 1500, 2011, 988, 988, 988, 1001, 1001, 1001, 1001, 1500, 1500, 1500, 1500]
[1500, 1500, 988, 1500, 2011, 988, 988, 988, 1001, 1001, 1001, 1001, 1500, 1500, 1500, 1500]
[1500, 1500, 988, 1500, 2011, 988, 988, 988, 1001, 1001, 1001, 1001, 1500, 1500, 1500, 1500]
[1500, 1500, 988, 1500, 2011, 988, 988, 988, 1001, 1001, 1001, 1001, 1500, 1500, 1500, 1500]
[1500, 1500, 988, 1500, 2011, 988, 988, 988, 1001, 1001, 1001, 1001, 1500, 1500, 1500, 1500]
[1500, 1500, 988, 1500, 2011, 988, 988, 988, 1001, 1001, 1001, 1001, 1500, 1500, 1500, 1500]
[1500, 1500, 988, 1500, 2011, 988, 988, 986, 1001, 1001, 1001, 1001, 1500, 1500, 1500, 1500]
[1499, 1500, 988, 1500, 2011, 988, 988, 986, 1001, 1001, 1001, 1001, 1500, 1500, 1500, 1500]
[1499, 1500, 988, 1500, 2011, 988, 988, 986, 1001, 1001, 1001, 1001, 1500, 1500, 1500, 1500]
[1499, 1500, 988, 1500, 2011, 988, 988, 988, 1001, 1001, 1001, 1001, 1500, 1500, 1500, 1500]
12:56:42.718054 ALT: 0.17
12:56:42.718222 ATT: [-0.3, 0.9, 113]
12:56:42.718696 ACC: [-8, -1, 516]
[1500, 1500, 988, 1500, 2011, 988, 988, 988, 1001, 1001, 1001, 1001, 1500, 1500, 1500, 1500]
[1500, 1500, 988, 1499, 2011, 988, 988, 988, 1001, 1001, 1001, 1001, 1500, 1500, 1500, 1500]
[1500, 1500, 988, 1499, 2011, 988, 988, 988, 1001, 1001, 1001, 1001, 1500, 1500, 1500, 1500]
[1500, 1500, 988, 1499, 2011, 988, 988, 988, 1001, 1001, 1001, 1001, 1500, 1500, 1500, 1500]
[1500, 1500, 988, 1500, 2011, 988, 988, 988, 1001, 1001, 1001, 1001, 1500, 1500, 1500, 1500]
[1500, 1500, 988, 1500, 2011, 988, 988, 988, 1001, 1001, 1001, 1001, 1500, 1500, 1500, 1500]
[1500, 1500, 988, 1500, 2011, 988, 988, 988, 1001, 1001, 1001, 1001, 1500, 1500, 1500, 1500]
12:56:42.767357 ALT: 0.17
12:56:42.767769 ATT: [-0.3, 1.0, 113]
12:56:42.768277 ACC: [-7, 0, 516]
[1500, 1501, 986, 1500, 2011, 988, 988, 988, 1001, 1001, 1001, 1001, 1500, 1500, 1500, 1500]
[1500, 1501, 986, 1500, 2011, 988, 988, 988, 1001, 1001, 1001, 1001, 1500, 1500, 1500, 1500]
[1500, 1501, 986, 1500, 2011, 988, 988, 988, 1001, 1001, 1001, 1001, 1500, 1500, 1500, 1500]
[1500, 1500, 988, 1500, 2011, 988, 988, 988, 1001, 1001, 1001, 1001, 1500, 1500, 1500, 1500]
[1500, 1500, 988, 1500, 2011, 988, 988, 988, 1001, 1001, 1001, 1001, 1500, 1500, 1500, 1500]
[1500, 1500, 988, 1500, 2011, 988, 988, 988, 1001, 1001, 1001, 1001, 1500, 1500, 1500, 1500]
[1500, 1500, 988, 1500, 2011, 988, 988, 988, 1001, 1001, 1001, 1001, 1500, 1500, 1500, 1500]
12:56:42.813594 ALT: 0.17
12:56:42.813994 ATT: [-0.3, 0.9, 113]
12:56:42.814386 ACC: [-7, 0, 515]
[1500, 1500, 988, 1500, 2011, 988, 988, 988, 1001, 1001, 1001, 1001, 1500, 1500, 1500, 1500]
[1499, 1500, 988, 1500, 2011, 988, 988, 988, 1001, 1001, 1001, 1001, 1500, 1500, 1500, 1500]
[1499, 1499, 988, 1500, 2011, 988, 988, 988, 1001, 1001, 1001, 1001, 1500, 1500, 1500, 1500]
[1499, 1499, 988, 1500, 2011, 988, 988, 988, 1001, 1001, 1001, 1001, 1500, 1500, 1500, 1500]
[1500, 1499, 988, 1500, 2011, 988, 988, 988, 1001, 1001, 1001, 1001, 1500, 1500, 1500, 1500]
[1500, 1500, 988, 1500, 2011, 988, 988, 988, 1001, 1001, 1001, 1001, 1500, 1500, 1500, 1500]
[1500, 1500, 988, 1500, 2011, 988, 988, 988, 1001, 1001, 1001, 1001, 1500, 1500, 1500, 1500]
12:56:42.861680 ALT: 0.17
12:56:42.861796 ATT: [-0.3, 0.9, 113]
12:56:42.862125 ACC: [-7, -1, 515]
[1500, 1500, 988, 1500, 2011, 988, 988, 988, 1001, 1001, 1001, 1001, 1500, 1500, 1500, 1500]
[1500, 1500, 988, 1500, 2011, 988, 988, 988, 1001, 1001, 1001, 1001, 1500, 1500, 1500, 1500]
[1500, 1500, 988, 1500, 2011, 988, 988, 988, 1001, 1001, 1001, 1001, 1500, 1500, 1500, 1500]
[1500, 1500, 988, 1500, 2011, 988, 988, 988, 1001, 1001, 1001, 1001, 1500, 1500, 1500, 1500]
[1500, 1500, 988, 1500, 2012, 988, 988, 988, 1001, 1001, 1001, 1001, 1500, 1500, 1500, 1500]
[1500, 1500, 988, 1500, 2012, 988, 986, 988, 1001, 1001, 1001, 1001, 1500, 1500, 1500, 1500]
[1500, 1500, 988, 1500, 2012, 988, 986, 988, 1001, 1001, 1001, 1001, 1500, 1500, 1500, 1500]
[1500, 1499, 988, 1499, 2011, 988, 986, 988, 1001, 1001, 1001, 1001, 1500, 1500, 1500, 1500]
12:56:42.909501 ALT: 0.17
12:56:42.909603 ATT: [-0.3, 0.9, 113]
12:56:42.910027 ACC: [-6, -1, 515]
[1500, 1499, 988, 1499, 2011, 988, 988, 988, 1001, 1001, 1001, 1001, 1500, 1500, 1500, 1500]
[1500, 1499, 988, 1499, 2011, 988, 988, 988, 1001, 1001, 1001, 1001, 1500, 1500, 1500, 1500]
[1500, 1500, 988, 1499, 2011, 988, 988, 988, 1001, 1001, 1001, 1001, 1500, 1500, 1500, 1500]
[1500, 1500, 988, 1499, 2011, 988, 988, 988, 1001, 1001, 1001, 1001, 1500, 1500, 1500, 1500]
[1500, 1500, 988, 1499, 2011, 988, 988, 988, 1001, 1001, 1001, 1001, 1500, 1500, 1500, 1500]
[1500, 1500, 988, 1500, 2011, 988, 988, 988, 1001, 1001, 1001, 1001, 1500, 1500, 1500, 1500]
[1500, 1500, 988, 1500, 2011, 988, 988, 988, 1001, 1001, 1001, 1001, 1500, 1500, 1500, 1500]
12:56:42.958898 ALT: 0.17
12:56:42.959001 ATT: [-0.3, 1.0, 113]
12:56:42.959304 ACC: [-8, 0, 515]
[1500, 1500, 988, 1500, 2011, 988, 988, 988, 1001, 1001, 1001, 1001, 1500, 1500, 1500, 1500]
[1500, 1500, 988, 1500, 2011, 988, 988, 988, 1001, 1001, 1001, 1001, 1500, 1500, 1500, 1500]
[1500, 1500, 988, 1500, 2011, 988, 988, 988, 1001, 1001, 1001, 1001, 1500, 1500, 1500, 1500]
[1500, 1500, 988, 1500, 2011, 988, 988, 988, 1001, 1001, 1001, 1001, 1500, 1500, 1500, 1500]
[1500, 1500, 988, 1500, 2011, 988, 988, 988, 1001, 1001, 1001, 1001, 1500, 1500, 1500, 1500]
[1500, 1500, 988, 1500, 2011, 988, 988, 988, 1001, 1001, 1001, 1001, 1500, 1500, 1500, 1500]
[1500, 1500, 988, 1500, 2011, 988, 988, 988, 1001, 1001, 1001, 1001, 1500, 1500, 1500, 1500]
12:56:43.005965 ALT: 0.17
12:56:43.006121 ATT: [-0.3, 1.0, 113]
12:56:43.006575 ACC: [-8, -1, 515]
[1500, 1500, 988, 1500, 2011, 988, 988, 988, 1001, 1001, 1001, 1001, 1500, 1500, 1500, 1500]
[1500, 1500, 988, 1500, 2011, 988, 988, 988, 1001, 1001, 1001, 1001, 1500, 1500, 1500, 1500]
[1500, 1500, 988, 1500, 2011, 988, 988, 988, 1001, 1001, 1001, 1001, 1500, 1500, 1500, 1500]
[1500, 1501, 986, 1500, 2011, 988, 988, 988, 1001, 1001, 1001, 1001, 1500, 1500, 1500, 1500]
[1500, 1501, 986, 1500, 2011, 988, 988, 988, 1001, 1001, 1001, 1001, 1500, 1500, 1500, 1500]
[1499, 1501, 986, 1500, 2011, 988, 988, 988, 1001, 1001, 1001, 1001, 1500, 1500, 1500, 1500]
[1499, 1500, 988, 1500, 2011, 988, 988, 988, 1001, 1001, 1001, 1001, 1500, 1500, 1500, 1500]
12:56:43.053587 ALT: 0.17
12:56:43.053699 ATT: [-0.3, 1.0, 113]
12:56:43.054024 ACC: [-8, -1, 516]
[1499, 1500, 988, 1500, 2011, 988, 988, 988, 1001, 1001, 1001, 1001, 1500, 1500, 1500, 1500]
[1500, 1500, 988, 1500, 2011, 988, 988, 988, 1001, 1001, 1001, 1001, 1500, 1500, 1500, 1500]
[1500, 1500, 988, 1500, 2011, 988, 988, 988, 1001, 1001, 1001, 1001, 1500, 1500, 1500, 1500]
[1500, 1500, 988, 1500, 2011, 988, 988, 988, 1001, 1001, 1001, 1001, 1500, 1500, 1500, 1500]
[1500, 1500, 988, 1500, 2011, 988, 988, 988, 1001, 1001, 1001, 1001, 1500, 1500, 1500, 1500]
[1500, 1500, 988, 1500, 2011, 988, 988, 988, 1001, 1001, 1001, 1001, 1500, 1500, 1500, 1500]
[1500, 1500, 988, 1500, 2011, 988, 989, 988, 1001, 1001, 1001, 1001, 1500, 1500, 1500, 1500]
12:56:43.102073 ALT: 0.17
12:56:43.102409 ATT: [-0.3, 1.0, 113]
12:56:43.102749 ACC: [-7, -1, 515]
[1499, 1500, 988, 1500, 2011, 988, 989, 988, 1001, 1001, 1001, 1001, 1500, 1500, 1500, 1500]
[1499, 1500, 988, 1500, 2011, 988, 989, 988, 1001, 1001, 1001, 1001, 1500, 1500, 1500, 1500]
[1499, 1500, 988, 1500, 2011, 988, 988, 988, 1001, 1001, 1001, 1001, 1500, 1500, 1500, 1500]
[1500, 1500, 988, 1500, 2011, 988, 988, 988, 1001, 1001, 1001, 1001, 1500, 1500, 1500, 1500]
[1500, 1499, 988, 1500, 2011, 988, 988, 988, 1001, 1001, 1001, 1001, 1500, 1500, 1500, 1500]
[1500, 1499, 988, 1500, 2011, 988, 988, 988, 1001, 1001, 1001, 1001, 1500, 1500, 1500, 1500]
[1499, 1499, 988, 1500, 2011, 988, 988, 988, 1001, 1001, 1001, 1001, 1500, 1500, 1500, 1500]
[1499, 1500, 988, 1500, 2009, 988, 988, 988, 1001, 1001, 1001, 1001, 1500, 1500, 1500, 1500]
12:56:43.149664 ALT: 0.17
12:56:43.149794 ATT: [-0.3, 1.0, 113]
12:56:43.150228 ACC: [-8, -2, 515]
[1499, 1500, 988, 1500, 2009, 988, 988, 988, 1001, 1001, 1001, 1001, 1500, 1500, 1500, 1500]
[1499, 1500, 988, 1500, 2009, 988, 988, 988, 1001, 1001, 1001, 1001, 1500, 1500, 1500, 1500]
[1499, 1499, 988, 1499, 2011, 988, 988, 988, 1001, 1001, 1001, 1001, 1500, 1500, 1500, 1500]
[1499, 1499, 988, 1499, 2011, 988, 988, 988, 1001, 1001, 1001, 1001, 1500, 1500, 1500, 1500]
[1501, 1499, 988, 1499, 2011, 988, 988, 988, 1001, 1001, 1001, 1001, 1500, 1500, 1500, 1500]
[1501, 1497, 988, 1500, 2011, 988, 988, 988, 1001, 1001, 1001, 1001, 1500, 1500, 1500, 1500]
[1501, 1497, 988, 1500, 2011, 988, 988, 988, 1001, 1001, 1001, 1001, 1500, 1500, 1500, 1500]
12:56:43.198074 ALT: 0.17
12:56:43.198190 ATT: [-0.3, 1.0, 113]
12:56:43.198507 ACC: [-7, -1, 514]
[1499, 1497, 988, 1500, 2011, 988, 988, 988, 1001, 1001, 1001, 1001, 1500, 1500, 1500, 1500]
[1499, 1500, 988, 1500, 2012, 986, 988, 988, 1001, 1001, 1001, 1001, 1500, 1500, 1500, 1500]
[1499, 1500, 988, 1500, 2012, 986, 988, 988, 1001, 1001, 1001, 1001, 1500, 1500, 1500, 1500]
[1500, 1500, 988, 1500, 2012, 986, 988, 988, 1001, 1001, 1001, 1001, 1500, 1500, 1500, 1500]
[1500, 1499, 988, 1500, 2011, 988, 988, 988, 1001, 1001, 1001, 1001, 1500, 1500, 1500, 1500]
[1500, 1499, 988, 1500, 2011, 988, 988, 988, 1001, 1001, 1001, 1001, 1500, 1500, 1500, 1500]
[1500, 1499, 988, 1500, 2011, 988, 988, 988, 1001, 1001, 1001, 1001, 1500, 1500, 1500, 1500]
12:56:43.245529 ALT: 0.17
12:56:43.245630 ATT: [-0.3, 1.0, 113]
12:56:43.245955 ACC: [-8, -1, 515]
[1500, 1499, 988, 1500, 2011, 988, 988, 988, 1001, 1001, 1001, 1001, 1500, 1500, 1500, 1500]
[1500, 1499, 988, 1500, 2011, 988, 988, 988, 1001, 1001, 1001, 1001, 1500, 1500, 1500, 1500]
[1500, 1499, 988, 1500, 2011, 988, 988, 988, 1001, 1001, 1001, 1001, 1500, 1500, 1500, 1500]
[1500, 1500, 988, 1500, 2011, 988, 988, 988, 1001, 1001, 1001, 1001, 1500, 1500, 1500, 1500]
[1500, 1500, 988, 1500, 2011, 988, 988, 988, 1001, 1001, 1001, 1001, 1500, 1500, 1500, 1500]
[1500, 1500, 988, 1500, 2011, 988, 988, 988, 1001, 1001, 1001, 1001, 1500, 1500, 1500, 1500]
[1500, 1500, 988, 1500, 2011, 988, 988, 988, 1001, 1001, 1001, 1001, 1500, 1500, 1500, 1500]
12:56:43.293607 ALT: 0.17
12:56:43.293789 ATT: [-0.3, 1.0, 113]
12:56:43.294100 ACC: [-7, -1, 514]
[1500, 1500, 988, 1500, 2011, 988, 988, 988, 1001, 1001, 1001, 1001, 1500, 1500, 1500, 1500]
[1499, 1500, 988, 1500, 2011, 988, 988, 988, 1001, 1001, 1001, 1001, 1500, 1500, 1500, 1500]
[1499, 1500, 988, 1500, 2011, 988, 988, 988, 1001, 1001, 1001, 1001, 1500, 1500, 1500, 1500]
[1499, 1500, 988, 1500, 2011, 988, 988, 988, 1001, 1001, 1001, 1001, 1500, 1500, 1500, 1500]
[1500, 1500, 988, 1500, 2011, 988, 988, 988, 1001, 1001, 1001, 1001, 1500, 1500, 1500, 1500]
[1500, 1499, 988, 1500, 2011, 988, 988, 988, 1001, 1001, 1001, 1001, 1500, 1500, 1500, 1500]
[1500, 1499, 988, 1500, 2011, 988, 988, 989, 1001, 1001, 1001, 1001, 1500, 1500, 1500, 1500]
12:56:43.341616 ALT: 0.17
12:56:43.341779 ATT: [-0.3, 1.0, 113]
12:56:43.342068 ACC: [-7, -1, 515]
[1500, 1499, 988, 1500, 2011, 988, 988, 989, 1001, 1001, 1001, 1001, 1500, 1500, 1500, 1500]
[1500, 1500, 986, 1500, 2011, 988, 988, 989, 1001, 1001, 1001, 1001, 1500, 1500, 1500, 1500]
[1500, 1500, 986, 1500, 2011, 988, 988, 988, 1001, 1001, 1001, 1001, 1500, 1500, 1500, 1500]
[1500, 1500, 986, 1500, 2011, 988, 988, 988, 1001, 1001, 1001, 1001, 1500, 1500, 1500, 1500]
[1500, 1500, 988, 1500, 2011, 988, 988, 988, 1001, 1001, 1001, 1001, 1500, 1500, 1500, 1500]
[1500, 1500, 988, 1500, 2011, 988, 988, 988, 1001, 1001, 1001, 1001, 1500, 1500, 1500, 1500]
[1500, 1500, 988, 1500, 2011, 988, 988, 988, 1001, 1001, 1001, 1001, 1500, 1500, 1500, 1500]
[1500, 1500, 988, 1500, 2011, 988, 988, 988, 1001, 1001, 1001, 1001, 1500, 1500, 1500, 1500]
12:56:43.390300 ALT: 0.17
12:56:43.390433 ATT: [-0.3, 1.0, 113]
12:56:43.391450 ACC: [-6, 0, 515]
[1500, 1500, 988, 1500, 2011, 988, 988, 988, 1001, 1001, 1001, 1001, 1500, 1500, 1500, 1500]
[1500, 1500, 988, 1500, 2011, 988, 988, 988, 1001, 1001, 1001, 1001, 1500, 1500, 1500, 1500]
[1500, 1501, 986, 1499, 2011, 988, 988, 988, 1001, 1001, 1001, 1001, 1500, 1500, 1500, 1500]
[1500, 1501, 986, 1499, 2011, 988, 988, 988, 1001, 1001, 1001, 1001, 1500, 1500, 1500, 1500]
[1500, 1501, 986, 1499, 2011, 988, 988, 988, 1001, 1001, 1001, 1001, 1500, 1500, 1500, 1500]
[1500, 1500, 988, 1500, 2011, 988, 988, 988, 1001, 1001, 1001, 1001, 1500, 1500, 1500, 1500]
[1500, 1500, 988, 1500, 2011, 988, 988, 988, 1001, 1001, 1001, 1001, 1500, 1500, 1500, 1500]
12:56:43.438147 ALT: 0.17
12:56:43.438323 ATT: [-0.3, 1.0, 113]
12:56:43.438868 ACC: [-7, -1, 515]
[1500, 1500, 988, 1500, 2011, 988, 988, 988, 1001, 1001, 1001, 1001, 1500, 1500, 1500, 1500]
[1500, 1501, 986, 1499, 2011, 988, 988, 988, 1001, 1001, 1001, 1001, 1500, 1500, 1500, 1500]
[1500, 1501, 986, 1499, 2011, 988, 988, 988, 1001, 1001, 1001, 1001, 1500, 1500, 1500, 1500]
[1499, 1501, 986, 1499, 2011, 988, 988, 988, 1001, 1001, 1001, 1001, 1500, 1500, 1500, 1500]
[1499, 1500, 988, 1500, 2011, 988, 988, 988, 1001, 1001, 1001, 1001, 1500, 1500, 1500, 1500]
[1499, 1500, 988, 1500, 2011, 988, 988, 988, 1001, 1001, 1001, 1001, 1500, 1500, 1500, 1500]
[1499, 1500, 988, 1500, 2011, 988, 988, 988, 1001, 1001, 1001, 1001, 1500, 1500, 1500, 1500]
12:56:43.485949 ALT: 0.17
12:56:43.486124 ATT: [-0.3, 1.0, 113]
12:56:43.486529 ACC: [-8, -1, 516]
[1499, 1500, 988, 1500, 2011, 988, 988, 988, 1001, 1001, 1001, 1001, 1500, 1500, 1500, 1500]
[1499, 1500, 988, 1500, 2011, 988, 988, 988, 1001, 1001, 1001, 1001, 1500, 1500, 1500, 1500]
[1500, 1500, 988, 1500, 2011, 988, 988, 988, 1001, 1001, 1001, 1001, 1500, 1500, 1500, 1500]
[1500, 1500, 988, 1500, 2011, 988, 988, 988, 1001, 1001, 1001, 1001, 1500, 1500, 1500, 1500]
[1500, 1500, 988, 1500, 2011, 988, 988, 988, 1001, 1001, 1001, 1001, 1500, 1500, 1500, 1500]
[1497, 1500, 988, 1500, 2011, 988, 988, 988, 1001, 1001, 1001, 1001, 1500, 1500, 1500, 1500]
[1497, 1499, 988, 1500, 2009, 988, 988, 988, 1001, 1001, 1001, 1001, 1500, 1500, 1500, 1500]
12:56:43.533957 ALT: 0.17
12:56:43.534170 ATT: [-0.3, 1.0, 113]
12:56:43.535427 ACC: [-7, 1, 514]
[1497, 1499, 988, 1500, 2009, 988, 988, 988, 1001, 1001, 1001, 1001, 1500, 1500, 1500, 1500]
[1499, 1499, 988, 1500, 2009, 988, 988, 988, 1001, 1001, 1001, 1001, 1500, 1500, 1500, 1500]
[1499, 1500, 988, 1500, 2011, 988, 988, 988, 1001, 1001, 1001, 1001, 1500, 1500, 1500, 1500]
[1499, 1500, 988, 1500, 2011, 988, 988, 988, 1001, 1001, 1001, 1001, 1500, 1500, 1500, 1500]
[1499, 1500, 988, 1500, 2011, 988, 988, 988, 1001, 1001, 1001, 1001, 1500, 1500, 1500, 1500]
[1499, 1500, 988, 1500, 2011, 988, 988, 988, 1001, 1001, 1001, 1001, 1500, 1500, 1500, 1500]
[1499, 1500, 988, 1500, 2011, 988, 988, 988, 1001, 1001, 1001, 1001, 1500, 1500, 1500, 1500]
12:56:43.581725 ALT: 0.17
12:56:43.582017 ATT: [-0.3, 1.0, 113]
[1500, 1500, 988, 1500, 2011, 988, 988, 988, 1001, 1001, 1001, 1001, 1500, 1500, 1500, 1500]
12:56:43.584145 ACC: [-8, -2, 515]
[1500, 1499, 988, 1500, 2011, 988, 988, 988, 1001, 1001, 1001, 1001, 1500, 1500, 1500, 1500]
[1500, 1499, 988, 1500, 2011, 988, 988, 988, 1001, 1001, 1001, 1001, 1500, 1500, 1500, 1500]
[1500, 1499, 988, 1500, 2011, 988, 988, 988, 1001, 1001, 1001, 1001, 1500, 1500, 1500, 1500]
[1500, 1499, 988, 1500, 2011, 988, 988, 988, 1001, 1001, 1001, 1001, 1500, 1500, 1500, 1500]
[1500, 1499, 988, 1500, 2011, 988, 988, 988, 1001, 1001, 1001, 1001, 1500, 1500, 1500, 1500]
[1499, 1499, 988, 1500, 2011, 988, 988, 988, 1001, 1001, 1001, 1001, 1500, 1500, 1500, 1500]
[1499, 1500, 988, 1500, 2011, 988, 988, 988, 1001, 1001, 1001, 1001, 1500, 1500, 1500, 1500]
12:56:43.629924 ALT: 0.17
12:56:43.630054 ATT: [-0.3, 1.0, 113]
12:56:43.630480 ACC: [-7, -1, 514]
[1499, 1500, 988, 1500, 2011, 988, 988, 988, 1001, 1001, 1001, 1001, 1500, 1500, 1500, 1500]
[1500, 1500, 988, 1500, 2011, 988, 988, 988, 1001, 1001, 1001, 1001, 1500, 1500, 1500, 1500]
[1500, 1500, 988, 1500, 2011, 988, 988, 988, 1001, 1001, 1001, 1001, 1500, 1500, 1500, 1500]
[1500, 1500, 988, 1500, 2011, 988, 988, 988, 1001, 1001, 1001, 1001, 1500, 1500, 1500, 1500]
[1500, 1500, 988, 1500, 2011, 988, 988, 988, 1001, 1001, 1001, 1001, 1500, 1500, 1500, 1500]
[1500, 1499, 988, 1500, 2011, 988, 988, 988, 1001, 1001, 1001, 1001, 1500, 1500, 1500, 1500]
[1500, 1499, 988, 1500, 2011, 988, 988, 988, 1001, 1001, 1001, 1001, 1500, 1500, 1500, 1500]
12:56:43.677620 ALT: 0.17
12:56:43.677722 ATT: [-0.3, 1.0, 113]
12:56:43.678192 ACC: [-8, -1, 515]
[1500, 1499, 988, 1500, 2011, 988, 988, 988, 1001, 1001, 1001, 1001, 1500, 1500, 1500, 1500]
[1500, 1499, 988, 1500, 2011, 988, 988, 988, 1001, 1001, 1001, 1001, 1500, 1500, 1500, 1500]
[1500, 1499, 988, 1500, 2011, 988, 988, 988, 1001, 1001, 1001, 1001, 1500, 1500, 1500, 1500]
[1500, 1499, 988, 1500, 2011, 988, 988, 988, 1001, 1001, 1001, 1001, 1500, 1500, 1500, 1500]
[1500, 1500, 988, 1500, 2011, 988, 988, 988, 1001, 1001, 1001, 1001, 1500, 1500, 1500, 1500]
[1500, 1500, 988, 1500, 2011, 988, 988, 988, 1001, 1001, 1001, 1001, 1500, 1500, 1500, 1500]
12:56:43.726743 ALT: 0.17
12:56:43.727051 ATT: [-0.3, 1.0, 113]
12:56:43.727961 ACC: [-7, -1, 515]
[1500, 1500, 988, 1500, 2011, 988, 988, 988, 1001, 1001, 1001, 1001, 1500, 1500, 1500, 1500]
[1500, 1500, 988, 1500, 2011, 988, 988, 988, 1001, 1001, 1001, 1001, 1500, 1500, 1500, 1500]
[1500, 1500, 988, 1500, 2011, 988, 988, 988, 1001, 1001, 1001, 1001, 1500, 1500, 1500, 1500]
[1500, 1500, 988, 1500, 2011, 988, 988, 988, 1001, 1001, 1001, 1001, 1500, 1500, 1500, 1500]
[1500, 1500, 988, 1500, 2011, 988, 988, 988, 1001, 1001, 1001, 1001, 1500, 1500, 1500, 1500]
[1500, 1500, 988, 1500, 2011, 988, 988, 988, 1001, 1001, 1001, 1001, 1500, 1500, 1500, 1500]
[1500, 1500, 988, 1500, 2011, 988, 988, 988, 1001, 1001, 1001, 1001, 1500, 1500, 1500, 1500]
[1500, 1499, 988, 1499, 2011, 988, 988, 988, 1001, 1001, 1001, 1001, 1500, 1500, 1500, 1500]
12:56:43.774780 ALT: 0.17
12:56:43.775130 ATT: [-0.3, 1.0, 113]
12:56:43.775982 ACC: [-7, -1, 515]
[1500, 1499, 988, 1499, 2011, 988, 988, 988, 1001, 1001, 1001, 1001, 1500, 1500, 1500, 1500]
[1500, 1499, 988, 1499, 2011, 988, 988, 988, 1001, 1001, 1001, 1001, 1500, 1500, 1500, 1500]
[1500, 1500, 988, 1500, 2011, 988, 988, 988, 1001, 1001, 1001, 1001, 1500, 1500, 1500, 1500]
[1500, 1500, 988, 1500, 2011, 988, 989, 986, 1001, 1001, 1001, 1001, 1500, 1500, 1500, 1500]
[1500, 1500, 988, 1500, 2011, 988, 989, 986, 1001, 1001, 1001, 1001, 1500, 1500, 1500, 1500]
[1500, 1500, 988, 1499, 2011, 988, 989, 986, 1001, 1001, 1001, 1001, 1500, 1500, 1500, 1500]
[1500, 1500, 988, 1499, 2011, 988, 988, 988, 1001, 1001, 1001, 1001, 1500, 1500, 1500, 1500]
12:56:43.821951 ALT: 0.17
12:56:43.822165 ATT: [-0.3, 1.0, 113]
12:56:43.822877 ACC: [-7, 0, 516]
[1500, 1500, 988, 1499, 2011, 988, 988, 988, 1001, 1001, 1001, 1001, 1500, 1500, 1500, 1500]
[1500, 1500, 988, 1499, 2011, 988, 988, 988, 1001, 1001, 1001, 1001, 1500, 1500, 1500, 1500]
[1500, 1500, 988, 1499, 2011, 988, 988, 988, 1001, 1001, 1001, 1001, 1500, 1500, 1500, 1500]
[1500, 1500, 988, 1499, 2011, 988, 988, 988, 1001, 1001, 1001, 1001, 1500, 1500, 1500, 1500]
[1500, 1500, 988, 1499, 2011, 988, 988, 988, 1001, 1001, 1001, 1001, 1500, 1500, 1500, 1500]
[1500, 1500, 988, 1499, 2011, 988, 991, 985, 1001, 1001, 1001, 1001, 1500, 1500, 1500, 1500]
[1499, 1500, 988, 1499, 2011, 988, 991, 985, 1001, 1001, 1001, 1001, 1500, 1500, 1500, 1500]
12:56:43.869901 ALT: 0.17
12:56:43.870147 ATT: [-0.3, 1.0, 113]
12:56:43.871848 ACC: [-7, -1, 515]
[1499, 1500, 988, 1500, 2011, 988, 991, 985, 1001, 1001, 1001, 1001, 1500, 1500, 1500, 1500]
[1499, 1500, 988, 1500, 2011, 988, 988, 988, 1001, 1001, 1001, 1001, 1500, 1500, 1500, 1500]
[1500, 1500, 988, 1500, 2011, 988, 988, 988, 1001, 1001, 1001, 1001, 1500, 1500, 1500, 1500]
[1500, 1500, 988, 1500, 2011, 988, 988, 988, 1001, 1001, 1001, 1001, 1500, 1500, 1500, 1500]
[1500, 1500, 988, 1500, 2011, 988, 988, 988, 1001, 1001, 1001, 1001, 1500, 1500, 1500, 1500]
[1500, 1500, 988, 1500, 2011, 988, 988, 988, 1001, 1001, 1001, 1001, 1500, 1500, 1500, 1500]
[1500, 1500, 988, 1500, 2011, 988, 988, 988, 1001, 1001, 1001, 1001, 1500, 1500, 1500, 1500]
[1500, 1500, 988, 1500, 2011, 988, 988, 988, 1001, 1001, 1001, 1001, 1500, 1500, 1500, 1500]
12:56:43.918515 ALT: 0.17
12:56:43.918689 ATT: [-0.3, 1.0, 113]
12:56:43.919039 ACC: [-8, -1, 516]
[1500, 1500, 988, 1500, 2011, 988, 988, 988, 1001, 1001, 1001, 1001, 1500, 1500, 1500, 1500]
[1500, 1500, 988, 1499, 2011, 988, 988, 988, 1001, 1001, 1001, 1001, 1500, 1500, 1500, 1500]
[1500, 1500, 988, 1499, 2011, 988, 988, 988, 1001, 1001, 1001, 1001, 1500, 1500, 1500, 1500]
[1500, 1500, 988, 1499, 2011, 988, 988, 988, 1001, 1001, 1001, 1001, 1500, 1500, 1500, 1500]
[1500, 1500, 988, 1500, 2011, 988, 988, 988, 1001, 1001, 1001, 1001, 1500, 1500, 1500, 1500]
[1500, 1500, 988, 1500, 2011, 988, 988, 988, 1001, 1001, 1001, 1001, 1500, 1500, 1500, 1500]
[1500, 1500, 988, 1500, 2011, 988, 988, 988, 1001, 1001, 1001, 1001, 1500, 1500, 1500, 1500]
12:56:43.965679 ALT: 0.17
12:56:43.965794 ATT: [-0.3, 1.0, 113]
12:56:43.966156 ACC: [-7, 1, 515]
[1500, 1499, 988, 1500, 2011, 988, 988, 988, 1001, 1001, 1001, 1001, 1500, 1500, 1500, 1500]
[1500, 1499, 988, 1500, 2011, 988, 988, 988, 1001, 1001, 1001, 1001, 1500, 1500, 1500, 1500]
[1500, 1499, 988, 1500, 2011, 988, 988, 988, 1001, 1001, 1001, 1001, 1500, 1500, 1500, 1500]
[1500, 1500, 988, 1500, 2011, 988, 988, 988, 1001, 1001, 1001, 1001, 1500, 1500, 1500, 1500]
[1500, 1500, 988, 1500, 2011, 988, 988, 988, 1001, 1001, 1001, 1001, 1500, 1500, 1500, 1500]
[1500, 1500, 988, 1500, 2011, 988, 988, 988, 1001, 1001, 1001, 1001, 1500, 1500, 1500, 1500]
[1500, 1500, 988, 1500, 2011, 988, 988, 988, 1001, 1001, 1001, 1001, 1500, 1500, 1500, 1500]
12:56:44.013744 ALT: 0.17
12:56:44.017761 ATT: [-0.3, 1.0, 113]
12:56:44.019426 ACC: [-7, 0, 515]
[1500, 1500, 988, 1500, 2011, 988, 988, 988, 1001, 1001, 1001, 1001, 1500, 1500, 1500, 1500]
[1500, 1500, 988, 1500, 2011, 988, 988, 988, 1001, 1001, 1001, 1001, 1500, 1500, 1500, 1500]
[1500, 1500, 988, 1499, 2011, 988, 988, 988, 1001, 1001, 1001, 1001, 1500, 1500, 1500, 1500]
[1500, 1500, 988, 1499, 2011, 988, 988, 988, 1001, 1001, 1001, 1001, 1500, 1500, 1500, 1500]
[1500, 1500, 988, 1499, 2011, 988, 988, 988, 1001, 1001, 1001, 1001, 1500, 1500, 1500, 1500]
[1500, 1500, 988, 1500, 2011, 988, 988, 988, 1001, 1001, 1001, 1001, 1500, 1500, 1500, 1500]
[1500, 1500, 988, 1500, 2011, 988, 988, 988, 1001, 1001, 1001, 1001, 1500, 1500, 1500, 1500]
12:56:44.061880 ALT: 0.17
12:56:44.062041 ATT: [-0.3, 1.0, 113]
12:56:44.071732 ACC: [-7, -1, 515]
[1500, 1499, 988, 1499, 2011, 988, 988, 988, 1001, 1001, 1001, 1001, 1500, 1500, 1500, 1500]
[1500, 1499, 988, 1499, 2011, 988, 988, 988, 1001, 1001, 1001, 1001, 1500, 1500, 1500, 1500]
[1500, 1500, 988, 1500, 2011, 988, 988, 988, 1001, 1001, 1001, 1001, 1500, 1500, 1500, 1500]
[1500, 1500, 988, 1500, 2011, 988, 988, 988, 1001, 1001, 1001, 1001, 1500, 1500, 1500, 1500]
[1500, 1500, 988, 1500, 2011, 988, 988, 988, 1001, 1001, 1001, 1001, 1500, 1500, 1500, 1500]
[1500, 1500, 988, 1500, 2011, 890, 988, 988, 1001, 1001, 1001, 1001, 1500, 1500, 1500, 1500]
12:56:44.112818 ALT: 0.17
12:56:44.113024 ATT: [-0.3, 1.0, 113]
12:56:44.113713 ACC: [-8, -1, 516]
12:56:44.115980 Starting ALT HOLD mode
Desired ALT is 1
12:56:44.116231 Navigation got ALT: 0.17
[1500, 1500, 1022, 1500, 2011, 890, 988, 1600, 1001, 1001, 1001, 1001, 1500, 1500, 1500, 1500]
[1500, 1500, 1022, 1500, 2011, 890, 988, 1600, 1001, 1001, 1001, 1001, 1500, 1500, 1500, 1500]
[1500, 1500, 1022, 1500, 2011, 890, 988, 1600, 1001, 1001, 1001, 1001, 1500, 1500, 1500, 1500]
[1500, 1500, 1022, 1500, 2011, 890, 988, 1600, 1001, 1001, 1001, 1001, 1500, 1500, 1500, 1500]
[1500, 1500, 1022, 1500, 2011, 890, 988, 1600, 1001, 1001, 1001, 1001, 1500, 1500, 1500, 1500]
12:56:44.149527 Navigation got ALT: 0.17
[1500, 1500, 1055, 1499, 2011, 890, 988, 1600, 1001, 1001, 1001, 1001, 1500, 1500, 1500, 1500]
[1500, 1500, 1055, 1499, 2011, 890, 988, 1600, 1001, 1001, 1001, 1001, 1500, 1500, 1500, 1500]
12:56:44.158318 ALT: 0.17
12:56:44.158664 ATT: [-0.4, 1.0, 113]
12:56:44.159701 ACC: [-7, -1, 515]
[1500, 1500, 1055, 1499, 2011, 890, 988, 1600, 1001, 1001, 1001, 1001, 1500, 1500, 1500, 1500]
[1500, 1500, 1055, 1499, 2011, 890, 988, 1600, 1001, 1001, 1001, 1001, 1500, 1500, 1500, 1500]
[1500, 1500, 1055, 1499, 2011, 890, 988, 1600, 1001, 1001, 1001, 1001, 1500, 1500, 1500, 1500]
12:56:44.182321 Navigation got ALT: 0.17
[1500, 1500, 1088, 1500, 2011, 890, 988, 1600, 1001, 1001, 1001, 1001, 1500, 1500, 1500, 1500]
[1500, 1500, 1088, 1500, 2011, 890, 988, 1600, 1001, 1001, 1001, 1001, 1500, 1500, 1500, 1500]
[1500, 1500, 1088, 1500, 2011, 890, 988, 1600, 1001, 1001, 1001, 1001, 1500, 1500, 1500, 1500]
[1500, 1500, 1088, 1500, 2011, 890, 988, 1600, 1001, 1001, 1001, 1001, 1500, 1500, 1500, 1500]
12:56:44.206780 ALT: 0.17
12:56:44.207100 ATT: [-0.4, 1.0, 113]
12:56:44.208190 ACC: [-8, 0, 515]
[1500, 1500, 1088, 1500, 2011, 890, 988, 1600, 1001, 1001, 1001, 1001, 1500, 1500, 1500, 1500]
12:56:44.216685 Navigation got ALT: 0.17
[1499, 1500, 1121, 1500, 2011, 890, 988, 1600, 1001, 1001, 1001, 1001, 1500, 1500, 1500, 1500]
[1499, 1500, 1121, 1500, 2011, 890, 988, 1600, 1001, 1001, 1001, 1001, 1500, 1500, 1500, 1500]
[1499, 1500, 1121, 1500, 2011, 890, 988, 1600, 1001, 1001, 1001, 1001, 1500, 1500, 1500, 1500]
[1499, 1500, 1121, 1500, 2011, 890, 988, 1600, 1001, 1001, 1001, 1001, 1500, 1500, 1500, 1500]
[1499, 1500, 1121, 1500, 2011, 890, 988, 1600, 1001, 1001, 1001, 1001, 1500, 1500, 1500, 1500]
12:56:44.250666 Navigation got ALT: 0.17
[1500, 1500, 1154, 1500, 2011, 890, 988, 1598, 1001, 1001, 1001, 1001, 1500, 1500, 1500, 1500]
12:56:44.254256 ALT: 0.17
12:56:44.254544 ATT: [-0.4, 1.0, 113]
12:56:44.255344 ACC: [-6, 0, 515]
[1500, 1500, 1154, 1500, 2011, 890, 988, 1598, 1001, 1001, 1001, 1001, 1500, 1500, 1500, 1500]
[1500, 1500, 1154, 1500, 2011, 890, 988, 1598, 1001, 1001, 1001, 1001, 1500, 1500, 1500, 1500]
[1500, 1500, 1154, 1500, 2011, 890, 988, 1598, 1001, 1001, 1001, 1001, 1500, 1500, 1500, 1500]
[1500, 1500, 1154, 1500, 2011, 890, 988, 1598, 1001, 1001, 1001, 1001, 1500, 1500, 1500, 1500]
12:56:44.282995 Navigation got ALT: 0.17
[1500, 1500, 1187, 1500, 2011, 890, 988, 1600, 1001, 1001, 1001, 1001, 1500, 1500, 1500, 1500]
[1500, 1500, 1187, 1500, 2011, 890, 988, 1600, 1001, 1001, 1001, 1001, 1500, 1500, 1500, 1500]
[1500, 1500, 1187, 1500, 2011, 890, 988, 1600, 1001, 1001, 1001, 1001, 1500, 1500, 1500, 1500]
12:56:44.302122 ALT: 0.17
12:56:44.302363 ATT: [-0.4, 1.0, 113]
12:56:44.303065 ACC: [-8, -3, 515]
[1500, 1500, 1187, 1500, 2011, 890, 988, 1600, 1001, 1001, 1001, 1001, 1500, 1500, 1500, 1500]
[1500, 1500, 1187, 1500, 2011, 890, 988, 1600, 1001, 1001, 1001, 1001, 1500, 1500, 1500, 1500]
12:56:44.316359 Navigation got ALT: 0.17
[1500, 1499, 1220, 1499, 2011, 890, 988, 1600, 1001, 1001, 1001, 1001, 1500, 1500, 1500, 1500]
[1500, 1499, 1220, 1499, 2011, 890, 988, 1600, 1001, 1001, 1001, 1001, 1500, 1500, 1500, 1500]
[1500, 1499, 1220, 1499, 2011, 890, 988, 1600, 1001, 1001, 1001, 1001, 1500, 1500, 1500, 1500]
[1500, 1499, 1220, 1499, 2011, 890, 988, 1600, 1001, 1001, 1001, 1001, 1500, 1500, 1500, 1500]
[1500, 1499, 1220, 1499, 2011, 890, 988, 1600, 1001, 1001, 1001, 1001, 1500, 1500, 1500, 1500]
12:56:44.350039 Navigation got ALT: 0.17
[1500, 1500, 1253, 1500, 2011, 890, 988, 1600, 1001, 1001, 1001, 1001, 1500, 1500, 1500, 1500]
12:56:44.351954 ALT: 0.17
12:56:44.352277 ATT: [-0.4, 1.0, 113]
12:56:44.352792 ACC: [-8, -2, 515]
[1500, 1500, 1253, 1500, 2011, 890, 988, 1600, 1001, 1001, 1001, 1001, 1500, 1500, 1500, 1500]
[1500, 1500, 1253, 1500, 2011, 890, 988, 1600, 1001, 1001, 1001, 1001, 1500, 1500, 1500, 1500]
[1500, 1500, 1253, 1500, 2011, 890, 988, 1600, 1001, 1001, 1001, 1001, 1500, 1500, 1500, 1500]
[1500, 1500, 1253, 1500, 2011, 890, 988, 1600, 1001, 1001, 1001, 1001, 1500, 1500, 1500, 1500]
12:56:44.383607 Navigation got ALT: 0.17
[1500, 1500, 1286, 1500, 2012, 890, 989, 1598, 1001, 1001, 1001, 1001, 1500, 1500, 1500, 1500]
[1500, 1500, 1286, 1500, 2012, 890, 989, 1598, 1001, 1001, 1001, 1001, 1500, 1500, 1500, 1500]
[1500, 1500, 1286, 1500, 2012, 890, 989, 1598, 1001, 1001, 1001, 1001, 1500, 1500, 1500, 1500]
12:56:44.397721 ALT: 0.17
12:56:44.397821 ATT: [-0.4, 1.0, 113]
12:56:44.398184 ACC: [-7, -1, 517]
[1500, 1500, 1286, 1500, 2012, 890, 989, 1598, 1001, 1001, 1001, 1001, 1500, 1500, 1500, 1500]
[1500, 1500, 1286, 1500, 2012, 890, 989, 1598, 1001, 1001, 1001, 1001, 1500, 1500, 1500, 1500]
12:56:44.416201 Navigation got ALT: 0.17
[1500, 1500, 1319, 1500, 2011, 890, 988, 1600, 1001, 1001, 1001, 1001, 1500, 1500, 1500, 1500]
[1500, 1500, 1319, 1500, 2011, 890, 988, 1600, 1001, 1001, 1001, 1001, 1500, 1500, 1500, 1500]
[1500, 1500, 1319, 1500, 2011, 890, 988, 1600, 1001, 1001, 1001, 1001, 1500, 1500, 1500, 1500]
[1500, 1500, 1319, 1500, 2011, 890, 988, 1600, 1001, 1001, 1001, 1001, 1500, 1500, 1500, 1500]
[1500, 1500, 1319, 1500, 2011, 890, 988, 1600, 1001, 1001, 1001, 1001, 1500, 1500, 1500, 1500]
12:56:44.445627 ALT: 0.17
12:56:44.445724 ATT: [-0.4, 1.0, 113]
12:56:44.446171 ACC: [-7, 0, 517]
12:56:44.449236 Navigation got ALT: 0.17
[1500, 1500, 1352, 1500, 2011, 890, 988, 1600, 1001, 1001, 1001, 1001, 1500, 1500, 1500, 1500]
[1500, 1500, 1352, 1500, 2011, 890, 988, 1600, 1001, 1001, 1001, 1001, 1500, 1500, 1500, 1500]
[1500, 1500, 1352, 1500, 2011, 890, 988, 1600, 1001, 1001, 1001, 1001, 1500, 1500, 1500, 1500]
[1500, 1500, 1352, 1500, 2011, 890, 988, 1600, 1001, 1001, 1001, 1001, 1500, 1500, 1500, 1500]
[1500, 1500, 1352, 1500, 2011, 890, 988, 1600, 1001, 1001, 1001, 1001, 1500, 1500, 1500, 1500]
12:56:44.482467 Navigation got ALT: 0.17
[1500, 1500, 1385, 1499, 2011, 890, 988, 1600, 1001, 1001, 1001, 1001, 1500, 1500, 1500, 1500]
[1500, 1500, 1385, 1499, 2011, 890, 988, 1600, 1001, 1001, 1001, 1001, 1500, 1500, 1500, 1500]
12:56:44.493599 ALT: 0.17
12:56:44.493689 ATT: [-0.4, 1.0, 113]
12:56:44.493946 ACC: [-7, 2, 516]
[1500, 1500, 1385, 1499, 2011, 890, 988, 1600, 1001, 1001, 1001, 1001, 1500, 1500, 1500, 1500]
[1500, 1500, 1385, 1499, 2011, 890, 988, 1600, 1001, 1001, 1001, 1001, 1500, 1500, 1500, 1500]
[1500, 1500, 1385, 1499, 2011, 890, 988, 1600, 1001, 1001, 1001, 1001, 1500, 1500, 1500, 1500]
12:56:44.515733 Navigation got ALT: 0.17
[1500, 1500, 1418, 1500, 2011, 890, 988, 1600, 1001, 1001, 1001, 1001, 1500, 1500, 1500, 1500]
[1500, 1500, 1418, 1500, 2011, 890, 988, 1600, 1001, 1001, 1001, 1001, 1500, 1500, 1500, 1500]
, 988, 988, 988, 1001, 1001, 1001, 1001, 1500, 1500, 1500, 1500]
[1499, 1499, 988, 1500, 2009, 988, 988, 988, 1001, 1001, 1001, 1001, 1500, 1500, 1500, 1500]
     0, 1500,a;            [1500, 1500, 1418, 1500, 2011, 890, 988, 1600, 1001, 1001, 1001, 1001, 1500, 1500, 1500, 1500]
[1500, 1500, 1418, 1500, 2011, 890, 988, 1600, 1001, 1001, 1001, 1001, 1500, 1500, 1500, 1500]
12:56:44.541768 ALT: 0.17
12:56:44.541929 ATT: [-0.4, 1.0, 113]
12:56:44.542251 ACC: [-8, -1, 516]
[1500, 1500, 1418, 1500, 2011, 890, 988, 1600, 1001, 1001, 1001, 1001, 1500, 1500, 1500, 1500]
12:56:44.549094 Navigation got ALT: 0.17
[1500, 1499, 1451, 1500, 2011, 890, 988, 1600, 1001, 1001, 1001, 1001, 1500, 1500, 1500, 1500]
[1500, 1499, 1451, 1500, 2011, 890, 988, 1600, 1001, 1001, 1001, 1001, 1500, 1500, 1500, 1500]
[1500, 1499, 1451, 1500, 2011, 890, 988, 1600, 1001, 1001, 1001, 1001, 1500, 1500, 1500, 1500]
[1500, 1499, 1451, 1500, 2011, 890, 988, 1600, 1001, 1001, 1001, 1001, 1500, 1500, 1500, 1500]
[1500, 1499, 1451, 1500, 2011, 890, 988, 1600, 1001, 1001, 1001, 1001, 1500, 1500, 1500, 1500]
12:56:44.582917 Navigation got ALT: 0.17
[1500, 1499, 1484, 1500, 2011, 890, 988, 1600, 1001, 1001, 1001, 1001, 1500, 1500, 1500, 1500]
12:56:44.589690 ALT: 0.17
12:56:44.589828 ATT: [-0.4, 1.0, 113]
12:56:44.590147 ACC: [-6, -2, 513]
[1500, 1499, 1484, 1500, 2011, 890, 988, 1600, 1001, 1001, 1001, 1001, 1500, 1500, 1500, 1500]
[1500, 1499, 1484, 1500, 2011, 890, 988, 1600, 1001, 1001, 1001, 1001, 1500, 1500, 1500, 1500]
[1500, 1499, 1484, 1500, 2011, 890, 988, 1600, 1001, 1001, 1001, 1001, 1500, 1500, 1500, 1500]
[1500, 1499, 1484, 1500, 2011, 890, 988, 1600, 1001, 1001, 1001, 1001, 1500, 1500, 1500, 1500]
12:56:44.615749 Navigation got ALT: 0.17
[1500, 1500, 1517, 1500, 2011, 890, 988, 1598, 1001, 1001, 1001, 1001, 1500, 1500, 1500, 1500]
[1500, 1500, 1517, 1500, 2011, 890, 988, 1598, 1001, 1001, 1001, 1001, 1500, 1500, 1500, 1500]
[1500, 1500, 1517, 1500, 2011, 890, 988, 1598, 1001, 1001, 1001, 1001, 1500, 1500, 1500, 1500]
[1500, 1500, 1517, 1500, 2011, 890, 988, 1598, 1001, 1001, 1001, 1001, 1500, 1500, 1500, 1500]
12:56:44.638465 ALT: 0.17
12:56:44.638707 ATT: [-0.4, 1.0, 113]
12:56:44.639469 ACC: [-9, -1, 516]
[1500, 1500, 1517, 1500, 2011, 890, 988, 1598, 1001, 1001, 1001, 1001, 1500, 1500, 1500, 1500]
12:56:44.649082 Navigation got ALT: 0.17
[1500, 1500, 1550, 1500, 2011, 890, 988, 1600, 1001, 1001, 1001, 1001, 1500, 1500, 1500, 1500]
[1500, 1500, 1550, 1500, 2011, 890, 988, 1600, 1001, 1001, 1001, 1001, 1500, 1500, 1500, 1500]
[1500, 1500, 1550, 1500, 2011, 890, 988, 1600, 1001, 1001, 1001, 1001, 1500, 1500, 1500, 1500]
[1500, 1500, 1550, 1500, 2011, 890, 988, 1600, 1001, 1001, 1001, 1001, 1500, 1500, 1500, 1500]
[1500, 1500, 1550, 1500, 2011, 890, 988, 1600, 1001, 1001, 1001, 1001, 1500, 1500, 1500, 1500]
12:56:44.682679 Navigation got ALT: 0.17
[1499, 1500, 1583, 1500, 2011, 890, 988, 1600, 1001, 1001, 1001, 1001, 1500, 1500, 1500, 1500]
12:56:44.685911 ALT: 0.17
12:56:44.686064 ATT: [-0.4, 1.0, 113]
12:56:44.686561 ACC: [-7, -2, 515]
[1499, 1500, 1583, 1500, 2011, 890, 988, 1600, 1001, 1001, 1001, 1001, 1500, 1500, 1500, 1500]
[1499, 1500, 1583, 1500, 2011, 890, 988, 1600, 1001, 1001, 1001, 1001, 1500, 1500, 1500, 1500]
[1499, 1500, 1583, 1500, 2011, 890, 988, 1600, 1001, 1001, 1001, 1001, 1500, 1500, 1500, 1500]
[1499, 1500, 1583, 1500, 2011, 890, 988, 1600, 1001, 1001, 1001, 1001, 1500, 1500, 1500, 1500]
12:56:44.715925 Navigation got ALT: 0.17
[1499, 1500, 1600, 1499, 2011, 890, 988, 1600, 1001, 1001, 1001, 1001, 1500, 1500, 1500, 1500]
[1499, 1500, 1600, 1499, 2011, 890, 988, 1600, 1001, 1001, 1001, 1001, 1500, 1500, 1500, 1500]
[1499, 1500, 1600, 1499, 2011, 890, 988, 1600, 1001, 1001, 1001, 1001, 1500, 1500, 1500, 1500]
12:56:44.734731 ALT: 0.17
12:56:44.734920 ATT: [-0.4, 1.0, 113]
12:56:44.735613 ACC: [-7, -2, 515]
[1499, 1500, 1600, 1499, 2011, 890, 988, 1600, 1001, 1001, 1001, 1001, 1500, 1500, 1500, 1500]
[1499, 1500, 1600, 1499, 2011, 890, 988, 1600, 1001, 1001, 1001, 1001, 1500, 1500, 1500, 1500]
12:56:44.749213 Navigation got ALT: 0.17
[1500, 1500, 1600, 1500, 2011, 890, 988, 1600, 1001, 1001, 1001, 1001, 1500, 1500, 1500, 1500]
[1500, 1500, 1600, 1500, 2011, 890, 988, 1600, 1001, 1001, 1001, 1001, 1500, 1500, 1500, 1500]
[1500, 1500, 1600, 1500, 2011, 890, 988, 1600, 1001, 1001, 1001, 1001, 1500, 1500, 1500, 1500]
[1500, 1500, 1600, 1500, 2011, 890, 988, 1600, 1001, 1001, 1001, 1001, 1500, 1500, 1500, 1500]
[1500, 1500, 1600, 1500, 2011, 890, 988, 1600, 1001, 1001, 1001, 1001, 1500, 1500, 1500, 1500]
12:56:44.783131 Navigation got ALT: 0.17
[1499, 1500, 1600, 1500, 2011, 890, 988, 1600, 1001, 1001, 1001, 1001, 1500, 1500, 1500, 1500]
[1499, 1500, 1600, 1500, 2011, 890, 988, 1600, 1001, 1001, 1001, 1001, 1500, 1500, 1500, 1500]
[1499, 1500, 1600, 1500, 2011, 890, 988, 1600, 1001, 1001, 1001, 1001, 1500, 1500, 1500, 1500]
12:56:44.797784 ALT: 0.17
12:56:44.797987 ATT: [-0.4, 1.0, 113]
12:56:44.798353 ACC: [-8, 0, 515]
[1499, 1500, 1600, 1500, 2011, 890, 988, 1600, 1001, 1001, 1001, 1001, 1500, 1500, 1500, 1500]
[1499, 1500, 1600, 1500, 2011, 890, 988, 1600, 1001, 1001, 1001, 1001, 1500, 1500, 1500, 1500]
12:56:44.816434 Navigation got ALT: 0.17
[1500, 1500, 1600, 1499, 2011, 890, 988, 1600, 1001, 1001, 1001, 1001, 1500, 1500, 1500, 1500]
[1500, 1500, 1600, 1499, 2011, 890, 988, 1600, 1001, 1001, 1001, 1001, 1500, 1500, 1500, 1500]
[1500, 1500, 1600, 1499, 2011, 890, 988, 1600, 1001, 1001, 1001, 1001, 1500, 1500, 1500, 1500]
[1500, 1500, 1600, 1499, 2011, 890, 988, 1600, 1001, 1001, 1001, 1001, 1500, 1500, 1500, 1500]
[1500, 1500, 1600, 1499, 2011, 890, 988, 1600, 1001, 1001, 1001, 1001, 1500, 1500, 1500, 1500]
12:56:44.845739 ALT: 0.17
12:56:44.845903 ATT: [-0.4, 1.0, 113]
12:56:44.846189 ACC: [-6, 2, 518]
12:56:44.849115 Navigation got ALT: 0.17
[1500, 1500, 1600, 1500, 2011, 890, 988, 1600, 1001, 1001, 1001, 1001, 1500, 1500, 1500, 1500]
[1500, 1500, 1600, 1500, 2011, 890, 988, 1600, 1001, 1001, 1001, 1001, 1500, 1500, 1500, 1500]
[1500, 1500, 1600, 1500, 2011, 890, 988, 1600, 1001, 1001, 1001, 1001, 1500, 1500, 1500, 1500]
[1500, 1500, 1600, 1500, 2011, 890, 988, 1600, 1001, 1001, 1001, 1001, 1500, 1500, 1500, 1500]
[1500, 1500, 1600, 1500, 2011, 890, 988, 1600, 1001, 1001, 1001, 1001, 1500, 1500, 1500, 1500]
12:56:44.883838 Navigation got ALT: 0.17
[1500, 1500, 1600, 1500, 2011, 890, 988, 1600, 1001, 1001, 1001, 1001, 1500, 1500, 1500, 1500]
[1500, 1500, 1600, 1500, 2011, 890, 988, 1600, 1001, 1001, 1001, 1001, 1500, 1500, 1500, 1500]
12:56:44.895584 ALT: 0.17
12:56:44.895775 ATT: [-0.4, 1.0, 113]
12:56:44.897156 ACC: [-6, 4, 515]
[1500, 1500, 1600, 1500, 2011, 890, 988, 1600, 1001, 1001, 1001, 1001, 1500, 1500, 1500, 1500]
[1500, 1500, 1600, 1500, 2011, 890, 988, 1600, 1001, 1001, 1001, 1001, 1500, 1500, 1500, 1500]
12:56:44.913914 Navigation got ALT: 0.17
[1499, 1500, 1600, 1500, 2011, 890, 988, 1598, 1001, 1001, 1001, 1001, 1500, 1500, 1500, 1500]
[1499, 1500, 1600, 1500, 2011, 890, 988, 1598, 1001, 1001, 1001, 1001, 1500, 1500, 1500, 1500]
[1499, 1500, 1600, 1500, 2011, 890, 988, 1598, 1001, 1001, 1001, 1001, 1500, 1500, 1500, 1500]
[1499, 1500, 1600, 1500, 2011, 890, 988, 1598, 1001, 1001, 1001, 1001, 1500, 1500, 1500, 1500]
[1499, 1500, 1600, 1500, 2011, 890, 988, 1598, 1001, 1001, 1001, 1001, 1500, 1500, 1500, 1500]
12:56:44.942632 ALT: 0.17
12:56:44.942930 ATT: [-0.4, 1.0, 113]
12:56:44.944917 ACC: [-9, -2, 515]
12:56:44.948724 Navigation got ALT: 0.17
[1499, 1500, 1600, 1500, 2011, 890, 988, 1600, 1001, 1001, 1001, 1001, 1500, 1500, 1500, 1500]
[1499, 1500, 1600, 1500, 2011, 890, 988, 1600, 1001, 1001, 1001, 1001, 1500, 1500, 1500, 1500]
[1499, 1500, 1600, 1500, 2011, 890, 988, 1600, 1001, 1001, 1001, 1001, 1500, 1500, 1500, 1500]
[1499, 1500, 1600, 1500, 2011, 890, 988, 1600, 1001, 1001, 1001, 1001, 1500, 1500, 1500, 1500]
[1499, 1500, 1600, 1500, 2011, 890, 988, 1600, 1001, 1001, 1001, 1001, 1500, 1500, 1500, 1500]
[1499, 1500, 1600, 1500, 2011, 890, 988, 1600, 1001, 1001, 1001, 1001, 1500, 1500, 1500, 1500]
12:56:44.983335 Navigation got ALT: 0.17
[1500, 1500, 1600, 1500, 2009, 890, 988, 1600, 1001, 1001, 1001, 1001, 1500, 1500, 1500, 1500]
[1500, 1500, 1600, 1500, 2009, 890, 988, 1600, 1001, 1001, 1001, 1001, 1500, 1500, 1500, 1500]
12:56:44.991359 ALT: 0.17
12:56:44.991480 ATT: [-0.4, 1.0, 113]
12:56:44.992094 ACC: [-7, -4, 514]
[1500, 1500, 1600, 1500, 2009, 890, 988, 1600, 1001, 1001, 1001, 1001, 1500, 1500, 1500, 1500]
[1500, 1500, 1600, 1500, 2009, 890, 988, 1600, 1001, 1001, 1001, 1001, 1500, 1500, 1500, 1500]
[1500, 1500, 1600, 1500, 2009, 890, 988, 1600, 1001, 1001, 1001, 1001, 1500, 1500, 1500, 1500]
12:56:45.015813 Navigation got ALT: 0.17
[1500, 1500, 1600, 1500, 2011, 890, 988, 1600, 1001, 1001, 1001, 1001, 1500, 1500, 1500, 1500]
[1500, 1500, 1600, 1500, 2011, 890, 988, 1600, 1001, 1001, 1001, 1001, 1500, 1500, 1500, 1500]
[1500, 1500, 1600, 1500, 2011, 890, 988, 1600, 1001, 1001, 1001, 1001, 1500, 1500, 1500, 1500]
[1500, 1500, 1600, 1500, 2011, 890, 988, 1600, 1001, 1001, 1001, 1001, 1500, 1500, 1500, 1500]
[1500, 1500, 1600, 1500, 2011, 890, 988, 1600, 1001, 1001, 1001, 1001, 1500, 1500, 1500, 1500]
12:56:45.044173 ALT: 0.17
12:56:45.044266 ATT: [-0.4, 1.0, 113]
12:56:45.044521 ACC: [-7, -2, 516]
12:56:45.049482 Navigation got ALT: 0.17
[1499, 1500, 1600, 1500, 2011, 890, 988, 1600, 1001, 1001, 1001, 1001, 1500, 1500, 1500, 1500]
[1499, 1500, 1600, 1500, 2011, 890, 988, 1600, 1001, 1001, 1001, 1001, 1500, 1500, 1500, 1500]
[1499, 1500, 1600, 1500, 2011, 890, 988, 1600, 1001, 1001, 1001, 1001, 1500, 1500, 1500, 1500]
[1499, 1500, 1600, 1500, 2011, 890, 988, 1600, 1001, 1001, 1001, 1001, 1500, 1500, 1500, 1500]
[1499, 1500, 1600, 1500, 2011, 890, 988, 1600, 1001, 1001, 1001, 1001, 1500, 1500, 1500, 1500]
12:56:45.083317 Navigation got ALT: 0.17
[1500, 1499, 1600, 1499, 2011, 890, 988, 1598, 1001, 1001, 1001, 1001, 1500, 1500, 1500, 1500]
12:56:45.086223 ALT: 0.17
12:56:45.086571 ATT: [-0.4, 1.0, 113]
12:56:45.087480 ACC: [-7, -1, 514]
[1500, 1499, 1600, 1499, 2011, 890, 988, 1598, 1001, 1001, 1001, 1001, 1500, 1500, 1500, 1500]
[1500, 1499, 1600, 1499, 2011, 890, 988, 1598, 1001, 1001, 1001, 1001, 1500, 1500, 1500, 1500]
[1500, 1499, 1600, 1499, 2011, 890, 988, 1598, 1001, 1001, 1001, 1001, 1500, 1500, 1500, 1500]
[1500, 1499, 1600, 1499, 2011, 890, 988, 1598, 1001, 1001, 1001, 1001, 1500, 1500, 1500, 1500]
12:56:45.115777 Navigation got ALT: 0.17
[1500, 1500, 1600, 1500, 2011, 890, 988, 1598, 1001, 1001, 1001, 1001, 1500, 1500, 1500, 1500]
[1500, 1500, 1600, 1500, 2011, 890, 988, 1598, 1001, 1001, 1001, 1001, 1500, 1500, 1500, 1500]
[1500, 1500, 1600, 1500, 2011, 890, 988, 1598, 1001, 1001, 1001, 1001, 1500, 1500, 1500, 1500]
12:56:45.133800 ALT: 0.17
12:56:45.133957 ATT: [-0.4, 1.0, 113]
12:56:45.134621 ACC: [-7, -2, 517]
[1500, 1500, 1600, 1500, 2011, 890, 988, 1598, 1001, 1001, 1001, 1001, 1500, 1500, 1500, 1500]
[1500, 1500, 1600, 1500, 2011, 890, 988, 1598, 1001, 1001, 1001, 1001, 1500, 1500, 1500, 1500]
12:56:45.149769 Navigation got ALT: 0.17
[1500, 1500, 1600, 1500, 2011, 890, 988, 1600, 1001, 1001, 1001, 1001, 1500, 1500, 1500, 1500]
[1500, 1500, 1600, 1500, 2011, 890, 988, 1600, 1001, 1001, 1001, 1001, 1500, 1500, 1500, 1500]
[1500, 1500, 1600, 1500, 2011, 890, 988, 1600, 1001, 1001, 1001, 1001, 1500, 1500, 1500, 1500]
[1500, 1500, 1600, 1500, 2011, 890, 988, 1600, 1001, 1001, 1001, 1001, 1500, 1500, 1500, 1500]
[1500, 1500, 1600, 1500, 2011, 890, 988, 1600, 1001, 1001, 1001, 1001, 1500, 1500, 1500, 1500]
12:56:45.181745 ALT: 0.17
12:56:45.181836 ATT: [-0.4, 1.0, 113]
12:56:45.182133 ACC: [-7, 2, 513]
12:56:45.183338 Navigation got ALT: 0.17
[1499, 1500, 1600, 1499, 2011, 890, 988, 1600, 1001, 1001, 1001, 1001, 1500, 1500, 1500, 1500]
[1499, 1500, 1600, 1499, 2011, 890, 988, 1600, 1001, 1001, 1001, 1001, 1500, 1500, 1500, 1500]
[1499, 1500, 1600, 1499, 2011, 890, 988, 1600, 1001, 1001, 1001, 1001, 1500, 1500, 1500, 1500]
[1499, 1500, 1600, 1499, 2011, 890, 988, 1600, 1001, 1001, 1001, 1001, 1500, 1500, 1500, 1500]
[1499, 1500, 1600, 1499, 2011, 890, 988, 1600, 1001, 1001, 1001, 1001, 1500, 1500, 1500, 1500]
12:56:45.215966 Navigation got ALT: 0.17
[1500, 1499, 1600, 1500, 2011, 890, 988, 1600, 1001, 1001, 1001, 1001, 1500, 1500, 1500, 1500]
[1500, 1499, 1600, 1500, 2011, 890, 988, 1600, 1001, 1001, 1001, 1001, 1500, 1500, 1500, 1500]
[1500, 1499, 1600, 1500, 2011, 890, 988, 1600, 1001, 1001, 1001, 1001, 1500, 1500, 1500, 1500]
12:56:45.229700 ALT: 0.17
12:56:45.229778 ATT: [-0.4, 1.0, 113]
12:56:45.230195 ACC: [-6, 0, 516]
[1500, 1499, 1600, 1500, 2011, 890, 988, 1600, 1001, 1001, 1001, 1001, 1500, 1500, 1500, 1500]
[1500, 1499, 1600, 1500, 2011, 890, 988, 1600, 1001, 1001, 1001, 1001, 1500, 1500, 1500, 1500]
12:56:45.249030 Navigation got ALT: 0.17
[1500, 1500, 1600, 1500, 2011, 890, 988, 1598, 1001, 1001, 1001, 1001, 1500, 1500, 1500, 1500]
[1500, 1500, 1600, 1500, 2011, 890, 988, 1598, 1001, 1001, 1001, 1001, 1500, 1500, 1500, 1500]
[1500, 1500, 1600, 1500, 2011, 890, 988, 1598, 1001, 1001, 1001, 1001, 1500, 1500, 1500, 1500]
[1500, 1500, 1600, 1500, 2011, 890, 988, 1598, 1001, 1001, 1001, 1001, 1500, 1500, 1500, 1500]
[1500, 1500, 1600, 1500, 2011, 890, 988, 1598, 1001, 1001, 1001, 1001, 1500, 1500, 1500, 1500]
12:56:45.277801 ALT: 0.17
12:56:45.277893 ATT: [-0.4, 1.0, 113]
12:56:45.278169 ACC: [-6, 0, 514]
12:56:45.282723 Navigation got ALT: 0.17
[1500, 1499, 1600, 1501, 2009, 890, 988, 1600, 1001, 1001, 1001, 1001, 1500, 1500, 1500, 1500]
[1500, 1499, 1600, 1501, 2009, 890, 988, 1600, 1001, 1001, 1001, 1001, 1500, 1500, 1500, 1500]
[1500, 1499, 1600, 1501, 2009, 890, 988, 1600, 1001, 1001, 1001, 1001, 1500, 1500, 1500, 1500]
[1500, 1499, 1600, 1501, 2009, 890, 988, 1600, 1001, 1001, 1001, 1001, 1500, 1500, 1500, 1500]
[1500, 1499, 1600, 1501, 2009, 890, 988, 1600, 1001, 1001, 1001, 1001, 1500, 1500, 1500, 1500]
12:56:45.315819 Navigation got ALT: 0.17
[1500, 1500, 1600, 1499, 2011, 890, 988, 1598, 1001, 1001, 1001, 1001, 1500, 1500, 1500, 1500]
[1500, 1500, 1600, 1499, 2011, 890, 988, 1598, 1001, 1001, 1001, 1001, 1500, 1500, 1500, 1500]
12:56:45.326242 ALT: 0.17
12:56:45.326352 ATT: [-0.4, 1.0, 113]
12:56:45.326732 ACC: [-8, 0, 514]
[1500, 1500, 1600, 1499, 2011, 890, 988, 1598, 1001, 1001, 1001, 1001, 1500, 1500, 1500, 1500]
[1500, 1500, 1600, 1499, 2011, 890, 988, 1598, 1001, 1001, 1001, 1001, 1500, 1500, 1500, 1500]
[1500, 1500, 1600, 1499, 2011, 890, 988, 1598, 1001, 1001, 1001, 1001, 1500, 1500, 1500, 1500]
12:56:45.349059 Navigation got ALT: 0.17
[1499, 1500, 1600, 1500, 2011, 890, 988, 1598, 1001, 1001, 1001, 1001, 1500, 1500, 1500, 1500]
[1499, 1500, 1600, 1500, 2011, 890, 988, 1598, 1001, 1001, 1001, 1001, 1500, 1500, 1500, 1500]
[1499, 1500, 1600, 1500, 2011, 890, 988, 1598, 1001, 1001, 1001, 1001, 1500, 1500, 1500, 1500]
[1499, 1500, 1600, 1500, 2011, 890, 988, 1598, 1001, 1001, 1001, 1001, 1500, 1500, 1500, 1500]
12:56:45.374163 ALT: 0.23
12:56:45.374331 ATT: [-0.4, 1.0, 113]
12:56:45.375037 ACC: [-6, -2, 514]
[1499, 1500, 1600, 1500, 2011, 890, 988, 1598, 1001, 1001, 1001, 1001, 1500, 1500, 1500, 1500]
12:56:45.382375 Navigation got ALT: 0.23
[1499, 1500, 1559, 1500, 2011, 890, 988, 1600, 1001, 1001, 1001, 1001, 1500, 1500, 1500, 1500]
[1499, 1500, 1559, 1500, 2011, 890, 988, 1600, 1001, 1001, 1001, 1001, 1500, 1500, 1500, 1500]
[1499, 1500, 1559, 1500, 2011, 890, 988, 1600, 1001, 1001, 1001, 1001, 1500, 1500, 1500, 1500]
[1499, 1500, 1559, 1500, 2011, 890, 988, 1600, 1001, 1001, 1001, 1001, 1500, 1500, 1500, 1500]
[1499, 1500, 1559, 1500, 2011, 890, 988, 1600, 1001, 1001, 1001, 1001, 1500, 1500, 1500, 1500]
12:56:45.415996 Navigation got ALT: 0.23
[1500, 1499, 1590, 1500, 2011, 890, 988, 1598, 1001, 1001, 1001, 1001, 1500, 1500, 1500, 1500]
12:56:45.422462 ALT: 0.25
12:56:45.422738 ATT: [-0.4, 1.0, 113]
12:56:45.423201 ACC: [-8, -1, 515]
[1500, 1499, 1590, 1500, 2011, 890, 988, 1598, 1001, 1001, 1001, 1001, 1500, 1500, 1500, 1500]
[1500, 1499, 1590, 1500, 2011, 890, 988, 1598, 1001, 1001, 1001, 1001, 1500, 1500, 1500, 1500]
[1500, 1499, 1590, 1500, 2011, 890, 988, 1598, 1001, 1001, 1001, 1001, 1500, 1500, 1500, 1500]
[1500, 1499, 1590, 1500, 2011, 890, 988, 1598, 1001, 1001, 1001, 1001, 1500, 1500, 1500, 1500]
12:56:45.449074 Navigation got ALT: 0.25
[1500, 1500, 1596, 1499, 2011, 890, 988, 1600, 1001, 1001, 1001, 1001, 1500, 1500, 1500, 1500]
[1500, 1500, 1596, 1499, 2011, 890, 988, 1600, 1001, 1001, 1001, 1001, 1500, 1500, 1500, 1500]
[1500, 1500, 1596, 1499, 2011, 890, 988, 1600, 1001, 1001, 1001, 1001, 1500, 1500, 1500, 1500]
[1500, 1500, 1596, 1499, 2011, 890, 988, 1600, 1001, 1001, 1001, 1001, 1500, 1500, 1500, 1500]
12:56:45.471085 ALT: 0.25
12:56:45.471234 ATT: [-0.4, 1.0, 113]
12:56:45.471748 ACC: [-7, -1, 516]
[1500, 1500, 1596, 1499, 2011, 890, 988, 1600, 1001, 1001, 1001, 1001, 1500, 1500, 1500, 1500]
12:56:45.482898 Navigation got ALT: 0.25
[1499, 1499, 1600, 1500, 2011, 890, 988, 1598, 1001, 1001, 1001, 1001, 1500, 1500, 1500, 1500]
[1499, 1499, 1600, 1500, 2011, 890, 988, 1598, 1001, 1001, 1001, 1001, 1500, 1500, 1500, 1500]
[1499, 1499, 1600, 1500, 2011, 890, 988, 1598, 1001, 1001, 1001, 1001, 1500, 1500, 1500, 1500]
[1499, 1499, 1600, 1500, 2011, 890, 988, 1598, 1001, 1001, 1001, 1001, 1500, 1500, 1500, 1500]
[1499, 1499, 1600, 1500, 2011, 890, 988, 1598, 1001, 1001, 1001, 1001, 1500, 1500, 1500, 1500]
12:56:45.518531 Navigation got ALT: 0.25
[1500, 1500, 1600, 1499, 2011, 890, 988, 1600, 1001, 1001, 1001, 1001, 1500, 1500, 1500, 1500]
12:56:45.520474 ALT: 0.25
12:56:45.520647 ATT: [-0.4, 1.0, 113]
12:56:45.521347 ACC: [-7, 1, 517]
[1500, 1500, 1600, 1499, 2011, 890, 988, 1600, 1001, 1001, 1001, 1001, 1500, 1500, 1500, 1500]
[1500, 1500, 1600, 1499, 2011, 890, 988, 1600, 1001, 1001, 1001, 1001, 1500, 1500, 1500, 1500]
[1500, 1500, 1600, 1499, 2011, 890, 988, 1600, 1001, 1001, 1001, 1001, 1500, 1500, 1500, 1500]
[1500, 1500, 1600, 1499, 2011, 890, 988, 1600, 1001, 1001, 1001, 1001, 1500, 1500, 1500, 1500]
12:56:45.549012 Navigation got ALT: 0.25
[1500, 1500, 1600, 1500, 2011, 890, 988, 1600, 1001, 1001, 1001, 1001, 1500, 1500, 1500, 1500]
[1500, 1500, 1600, 1500, 2011, 890, 988, 1600, 1001, 1001, 1001, 1001, 1500, 1500, 1500, 1500]
[1500, 1500, 1600, 1500, 2011, 890, 988, 1600, 1001, 1001, 1001, 1001, 1500, 1500, 1500, 1500]
[1500, 1500, 1600, 1500, 2011, 890, 988, 1600, 1001, 1001, 1001, 1001, 1500, 1500, 1500, 1500]
12:56:45.573227 ALT: 0.25
12:56:45.573385 ATT: [-0.4, 1.0, 113]
12:56:45.574755 ACC: [-6, 0, 516]
[1500, 1500, 1600, 1500, 2011, 890, 988, 1600, 1001, 1001, 1001, 1001, 1500, 1500, 1500, 1500]
12:56:45.582707 Navigation got ALT: 0.25
[1500, 1500, 1600, 1500, 2011, 890, 988, 1600, 1001, 1001, 1001, 1001, 1500, 1500, 1500, 1500]
[1500, 1500, 1600, 1500, 2011, 890, 988, 1600, 1001, 1001, 1001, 1001, 1500, 1500, 1500, 1500]
[1500, 1500, 1600, 1500, 2011, 890, 988, 1600, 1001, 1001, 1001, 1001, 1500, 1500, 1500, 1500]
[1500, 1500, 1600, 1500, 2011, 890, 988, 1600, 1001, 1001, 1001, 1001, 1500, 1500, 1500, 1500]
[1500, 1500, 1600, 1500, 2011, 890, 988, 1600, 1001, 1001, 1001, 1001, 1500, 1500, 1500, 1500]
12:56:45.613810 ALT: 0.25
12:56:45.613987 ATT: [-0.4, 1.0, 113]
12:56:45.614344 ACC: [-8, 0, 512]
12:56:45.616075 Navigation got ALT: 0.25
[1499, 1500, 1600, 1500, 2011, 890, 988, 1600, 1001, 1001, 1001, 1001, 1500, 1500, 1500, 1500]
[1499, 1500, 1600, 1500, 2011, 890, 988, 1600, 1001, 1001, 1001, 1001, 1500, 1500, 1500, 1500]
[1499, 1500, 1600, 1500, 2011, 890, 988, 1600, 1001, 1001, 1001, 1001, 1500, 1500, 1500, 1500]
[1499, 1500, 1600, 1500, 2011, 890, 988, 1600, 1001, 1001, 1001, 1001, 1500, 1500, 1500, 1500]
[1499, 1500, 1600, 1500, 2011, 890, 988, 1600, 1001, 1001, 1001, 1001, 1500, 1500, 1500, 1500]
12:56:45.650240 Navigation got ALT: 0.25
[1499, 1500, 1600, 1500, 2011, 890, 988, 1600, 1001, 1001, 1001, 1001, 1500, 1500, 1500, 1500]
[1499, 1500, 1600, 1500, 2011, 890, 988, 1600, 1001, 1001, 1001, 1001, 1500, 1500, 1500, 1500]
12:56:45.662271 ALT: 0.25
12:56:45.662411 ATT: [-0.4, 1.0, 113]
12:56:45.662841 ACC: [-7, 0, 516]
[1499, 1500, 1600, 1500, 2011, 890, 988, 1600, 1001, 1001, 1001, 1001, 1500, 1500, 1500, 1500]
[1499, 1500, 1600, 1500, 2011, 890, 988, 1600, 1001, 1001, 1001, 1001, 1500, 1500, 1500, 1500]
[1499, 1500, 1600, 1500, 2011, 890, 988, 1600, 1001, 1001, 1001, 1001, 1500, 1500, 1500, 1500]
12:56:45.682847 Navigation got ALT: 0.25
[1500, 1500, 1600, 1497, 2011, 890, 988, 1600, 1001, 1001, 1001, 1001, 1500, 1500, 1500, 1500]
[1500, 1500, 1600, 1497, 2011, 890, 988, 1600, 1001, 1001, 1001, 1001, 1500, 1500, 1500, 1500]
[1500, 1500, 1600, 1497, 2011, 890, 988, 1600, 1001, 1001, 1001, 1001, 1500, 1500, 1500, 1500]
[1500, 1500, 1600, 1497, 2011, 890, 988, 1600, 1001, 1001, 1001, 1001, 1500, 1500, 1500, 1500]
12:56:45.710433 ALT: 0.25
12:56:45.710536 ATT: [-0.4, 1.0, 113]
12:56:45.710804 ACC: [-6, -1, 515]
[1500, 1500, 1600, 1497, 2011, 890, 988, 1600, 1001, 1001, 1001, 1001, 1500, 1500, 1500, 1500]
12:56:45.717704 Navigation got ALT: 0.25
[1500, 1500, 1600, 1500, 2011, 890, 988, 1598, 1001, 1001, 1001, 1001, 1500, 1500, 1500, 1500]
[1500, 1500, 1600, 1500, 2011, 890, 988, 1598, 1001, 1001, 1001, 1001, 1500, 1500, 1500, 1500]
[1500, 1500, 1600, 1500, 2011, 890, 988, 1598, 1001, 1001, 1001, 1001, 1500, 1500, 1500, 1500]
[1500, 1500, 1600, 1500, 2011, 890, 988, 1598, 1001, 1001, 1001, 1001, 1500, 1500, 1500, 1500]
[1500, 1500, 1600, 1500, 2011, 890, 988, 1598, 1001, 1001, 1001, 1001, 1500, 1500, 1500, 1500]
12:56:45.749058 Navigation got ALT: 0.25
[1499, 1500, 1600, 1500, 2011, 890, 988, 1600, 1001, 1001, 1001, 1001, 1500, 1500, 1500, 1500]
[1499, 1500, 1600, 1500, 2011, 890, 988, 1600, 1001, 1001, 1001, 1001, 1500, 1500, 1500, 1500]
12:56:45.758650 ALT: 0.25
12:56:45.758757 ATT: [-0.4, 1.0, 113]
12:56:45.759121 ACC: [-6, -2, 515]
[1499, 1500, 1600, 1500, 2011, 890, 988, 1600, 1001, 1001, 1001, 1001, 1500, 1500, 1500, 1500]
[1499, 1500, 1600, 1500, 2011, 890, 988, 1600, 1001, 1001, 1001, 1001, 1500, 1500, 1500, 1500]
[1499, 1500, 1600, 1500, 2011, 890, 988, 1600, 1001, 1001, 1001, 1001, 1500, 1500, 1500, 1500]
12:56:45.784556 Navigation got ALT: 0.25
[1499, 1500, 1600, 1500, 2011, 890, 988, 1600, 1001, 1001, 1001, 1001, 1500, 1500, 1500, 1500]
[1499, 1500, 1600, 1500, 2011, 890, 988, 1600, 1001, 1001, 1001, 1001, 1500, 1500, 1500, 1500]
[1499, 1500, 1600, 1500, 2011, 890, 988, 1600, 1001, 1001, 1001, 1001, 1500, 1500, 1500, 1500]
[1499, 1500, 1600, 1500, 2011, 890, 988, 1600, 1001, 1001, 1001, 1001, 1500, 1500, 1500, 1500]
12:56:45.805967 ALT: 0.25
12:56:45.806081 ATT: [-0.4, 1.0, 113]
12:56:45.806406 ACC: [-7, 0, 514]
[1499, 1500, 1600, 1500, 2011, 890, 988, 1600, 1001, 1001, 1001, 1001, 1500, 1500, 1500, 1500]
12:56:45.815730 Navigation got ALT: 0.25
[1500, 1500, 1600, 1500, 2011, 890, 988, 1600, 1001, 1001, 1001, 1001, 1500, 1500, 1500, 1500]
[1500, 1500, 1600, 1500, 2011, 890, 988, 1600, 1001, 1001, 1001, 1001, 1500, 1500, 1500, 1500]
[1500, 1500, 1600, 1500, 2011, 890, 988, 1600, 1001, 1001, 1001, 1001, 1500, 1500, 1500, 1500]
[1500, 1500, 1600, 1500, 2011, 890, 988, 1600, 1001, 1001, 1001, 1001, 1500, 1500, 1500, 1500]
[1500, 1500, 1600, 1500, 2011, 890, 988, 1600, 1001, 1001, 1001, 1001, 1500, 1500, 1500, 1500]
12:56:45.849023 Navigation got ALT: 0.25
[1500, 1500, 1600, 1500, 2011, 890, 988, 1600, 1001, 1001, 1001, 1001, 1500, 1500, 1500, 1500]
12:56:45.854146 ALT: 0.25
12:56:45.854360 ATT: [-0.4, 1.0, 113]
12:56:45.855144 ACC: [-7, -2, 515]
[1500, 1500, 1600, 1500, 2011, 890, 988, 1600, 1001, 1001, 1001, 1001, 1500, 1500, 1500, 1500]
[1500, 1500, 1600, 1500, 2011, 890, 988, 1600, 1001, 1001, 1001, 1001, 1500, 1500, 1500, 1500]
[1500, 1500, 1600, 1500, 2011, 890, 988, 1600, 1001, 1001, 1001, 1001, 1500, 1500, 1500, 1500]
[1500, 1500, 1600, 1500, 2011, 890, 988, 1600, 1001, 1001, 1001, 1001, 1500, 1500, 1500, 1500]
12:56:45.882491 Navigation got ALT: 0.25
[1501, 1500, 1600, 1500, 2011, 890, 988, 1600, 1001, 1001, 1001, 1001, 1500, 1500, 1500, 1500]
[1501, 1500, 1600, 1500, 2011, 890, 988, 1600, 1001, 1001, 1001, 1001, 1500, 1500, 1500, 1500]
[1501, 1500, 1600, 1500, 2011, 890, 988, 1600, 1001, 1001, 1001, 1001, 1500, 1500, 1500, 1500]
12:56:45.901909 ALT: 0.25
12:56:45.902114 ATT: [-0.4, 1.0, 113]
12:56:45.902480 ACC: [-7, -1, 515]
[1501, 1500, 1600, 1500, 2011, 890, 988, 1600, 1001, 1001, 1001, 1001, 1500, 1500, 1500, 1500]
[1501, 1500, 1600, 1500, 2011, 890, 988, 1600, 1001, 1001, 1001, 1001, 1500, 1500, 1500, 1500]
12:56:45.915709 Navigation got ALT: 0.25
[1500, 1499, 1600, 1499, 2011, 890, 988, 1600, 1001, 1001, 1001, 1001, 1500, 1500, 1500, 1500]
[1500, 1499, 1600, 1499, 2011, 890, 988, 1600, 1001, 1001, 1001, 1001, 1500, 1500, 1500, 1500]
[1500, 1499, 1600, 1499, 2011, 890, 988, 1600, 1001, 1001, 1001, 1001, 1500, 1500, 1500, 1500]
[1500, 1499, 1600, 1499, 2011, 890, 988, 1600, 1001, 1001, 1001, 1001, 1500, 1500, 1500, 1500]
[1500, 1499, 1600, 1499, 2011, 890, 988, 1600, 1001, 1001, 1001, 1001, 1500, 1500, 1500, 1500]
12:56:45.948981 Navigation got ALT: 0.25
[1500, 1500, 1600, 1500, 2011, 890, 988, 1600, 1001, 1001, 1001, 1001, 1500, 1500, 1500, 1500]
12:56:45.949927 ALT: 0.25
12:56:45.950124 ATT: [-0.4, 1.0, 113]
12:56:45.950487 ACC: [-7, 0, 514]
[1500, 1500, 1600, 1500, 2011, 890, 988, 1600, 1001, 1001, 1001, 1001, 1500, 1500, 1500, 1500]
[1500, 1500, 1600, 1500, 2011, 890, 988, 1600, 1001, 1001, 1001, 1001, 1500, 1500, 1500, 1500]
[1500, 1500, 1600, 1500, 2011, 890, 988, 1600, 1001, 1001, 1001, 1001, 1500, 1500, 1500, 1500]
[1500, 1500, 1600, 1500, 2011, 890, 988, 1600, 1001, 1001, 1001, 1001, 1500, 1500, 1500, 1500]
12:56:45.982733 Navigation got ALT: 0.25
[1500, 1500, 1600, 1500, 2011, 890, 988, 1600, 1001, 1001, 1001, 1001, 1500, 1500, 1500, 1500]
[1500, 1500, 1600, 1500, 2011, 890, 988, 1600, 1001, 1001, 1001, 1001, 1500, 1500, 1500, 1500]
[1500, 1500, 1600, 1500, 2011, 890, 988, 1600, 1001, 1001, 1001, 1001, 1500, 1500, 1500, 1500]
12:56:45.997825 ALT: 0.25
12:56:45.997919 ATT: [-0.4, 1.0, 113]
12:56:45.998360 ACC: [-8, -1, 517]
[1500, 1500, 1600, 1500, 2011, 890, 988, 1600, 1001, 1001, 1001, 1001, 1500, 1500, 1500, 1500]
[1500, 1500, 1600, 1500, 2011, 890, 988, 1600, 1001, 1001, 1001, 1001, 1500, 1500, 1500, 1500]
12:56:46.015713 Navigation got ALT: 0.25
[1499, 1500, 1600, 1499, 2011, 890, 988, 1598, 1001, 1001, 1001, 1001, 1500, 1500, 1500, 1500]
[1499, 1500, 1600, 1499, 2011, 890, 988, 1598, 1001, 1001, 1001, 1001, 1500, 1500, 1500, 1500]
[1499, 1500, 1600, 1499, 2011, 890, 988, 1598, 1001, 1001, 1001, 1001, 1500, 1500, 1500, 1500]
[1499, 1500, 1600, 1499, 2011, 890, 988, 1598, 1001, 1001, 1001, 1001, 1500, 1500, 1500, 1500]
[1499, 1500, 1600, 1499, 2011, 890, 988, 1598, 1001, 1001, 1001, 1001, 1500, 1500, 1500, 1500]
12:56:46.045881 ALT: 0.25
12:56:46.046050 ATT: [-0.4, 1.0, 113]
12:56:46.046430 ACC: [-8, 1, 514]
12:56:46.049195 Navigation got ALT: 0.25
[1500, 1499, 1600, 1500, 2011, 890, 988, 1600, 1001, 1001, 1001, 1001, 1500, 1500, 1500, 1500]
[1500, 1499, 1600, 1500, 2011, 890, 988, 1600, 1001, 1001, 1001, 1001, 1500, 1500, 1500, 1500]
[1500, 1499, 1600, 1500, 2011, 890, 988, 1600, 1001, 1001, 1001, 1001, 1500, 1500, 1500, 1500]
[1500, 1499, 1600, 1500, 2011, 890, 988, 1600, 1001, 1001, 1001, 1001, 1500, 1500, 1500, 1500]
[1500, 1499, 1600, 1500, 2011, 890, 988, 1600, 1001, 1001, 1001, 1001, 1500, 1500, 1500, 1500]
12:56:46.083285 Navigation got ALT: 0.25
[1500, 1500, 1600, 1500, 2011, 890, 988, 1600, 1001, 1001, 1001, 1001, 1500, 1500, 1500, 1500]
[1500, 1500, 1600, 1500, 2011, 890, 988, 1600, 1001, 1001, 1001, 1001, 1500, 1500, 1500, 1500]
12:56:46.093866 ALT: 0.25
12:56:46.093964 ATT: [-0.4, 1.0, 113]
12:56:46.094272 ACC: [-7, 1, 514]
[1500, 1500, 1600, 1500, 2011, 890, 988, 1600, 1001, 1001, 1001, 1001, 1500, 1500, 1500, 1500]
[1500, 1500, 1600, 1500, 2011, 890, 988, 1600, 1001, 1001, 1001, 1001, 1500, 1500, 1500, 1500]
[1500, 1500, 1600, 1500, 2011, 890, 988, 1600, 1001, 1001, 1001, 1001, 1500, 1500, 1500, 1500]
12:56:46.115779 Navigation got ALT: 0.25
[1500, 1500, 1600, 1500, 2011, 890, 988, 1600, 1001, 1001, 1001, 1001, 1500, 1500, 1500, 1500]
[1500, 1500, 1600, 1500, 2011, 890, 988, 1600, 1001, 1001, 1001, 1001, 1500, 1500, 1500, 1500]
[1500, 1500, 1600, 1500, 2011, 890, 988, 1600, 1001, 1001, 1001, 1001, 1500, 1500, 1500, 1500]
[1500, 1500, 1600, 1500, 2011, 890, 988, 1600, 1001, 1001, 1001, 1001, 1500, 1500, 1500, 1500]
[1500, 1500, 1600, 1500, 2011, 890, 988, 1600, 1001, 1001, 1001, 1001, 1500, 1500, 1500, 1500]
12:56:46.142848 ALT: 0.25
12:56:46.142916 ATT: [-0.4, 1.0, 113]
12:56:46.143176 ACC: [-7, -1, 517]
12:56:46.149143 Navigation got ALT: 0.25
[1500, 1499, 1600, 1500, 2011, 890, 988, 1600, 1001, 1001, 1001, 1001, 1500, 1500, 1500, 1500]
[1500, 1499, 1600, 1500, 2011, 890, 988, 1600, 1001, 1001, 1001, 1001, 1500, 1500, 1500, 1500]
[1500, 1499, 1600, 1500, 2011, 890, 988, 1600, 1001, 1001, 1001, 1001, 1500, 1500, 1500, 1500]
[1500, 1499, 1600, 1500, 2011, 890, 988, 1600, 1001, 1001, 1001, 1001, 1500, 1500, 1500, 1500]
[1500, 1499, 1600, 1500, 2011, 890, 988, 1600, 1001, 1001, 1001, 1001, 1500, 1500, 1500, 1500]
12:56:46.182900 Navigation got ALT: 0.25
[1500, 1500, 1600, 1499, 2011, 890, 988, 1600, 1001, 1001, 1001, 1001, 1500, 1500, 1500, 1500]
[1500, 1500, 1600, 1499, 2011, 890, 988, 1600, 1001, 1001, 1001, 1001, 1500, 1500, 1500, 1500]
12:56:46.191349 ALT: 0.25
12:56:46.191445 ATT: [-0.4, 1.0, 113]
12:56:46.191727 ACC: [-8, -2, 515]
[1500, 1500, 1600, 1499, 2011, 890, 988, 1600, 1001, 1001, 1001, 1001, 1500, 1500, 1500, 1500]
[1500, 1500, 1600, 1499, 2011, 890, 988, 1600, 1001, 1001, 1001, 1001, 1500, 1500, 1500, 1500]
[1500, 1500, 1600, 1499, 2011, 890, 988, 1600, 1001, 1001, 1001, 1001, 1500, 1500, 1500, 1500]
12:56:46.215727 Navigation got ALT: 0.25
[1500, 1500, 1600, 1500, 2011, 890, 988, 1598, 1001, 1001, 1001, 1001, 1500, 1500, 1500, 1500]
[1500, 1500, 1600, 1500, 2011, 890, 988, 1598, 1001, 1001, 1001, 1001, 1500, 1500, 1500, 1500]
[1500, 1500, 1600, 1500, 2011, 890, 988, 1598, 1001, 1001, 1001, 1001, 1500, 1500, 1500, 1500]
[1500, 1500, 1600, 1500, 2011, 890, 988, 1598, 1001, 1001, 1001, 1001, 1500, 1500, 1500, 1500]
12:56:46.238751 ALT: 0.25
12:56:46.238991 ATT: [-0.4, 1.0, 113]
12:56:46.239451 ACC: [-7, -1, 514]
[1500, 1500, 1600, 1500, 2011, 890, 988, 1598, 1001, 1001, 1001, 1001, 1500, 1500, 1500, 1500]
12:56:46.249099 Navigation got ALT: 0.25
[1500, 1499, 1600, 1500, 2011, 890, 988, 1600, 1001, 1001, 1001, 1001, 1500, 1500, 1500, 1500]
[1500, 1499, 1600, 1500, 2011, 890, 988, 1600, 1001, 1001, 1001, 1001, 1500, 1500, 1500, 1500]
[1500, 1499, 1600, 1500, 2011, 890, 988, 1600, 1001, 1001, 1001, 1001, 1500, 1500, 1500, 1500]
[1500, 1499, 1600, 1500, 2011, 890, 988, 1600, 1001, 1001, 1001, 1001, 1500, 1500, 1500, 1500]
[1500, 1499, 1600, 1500, 2011, 890, 988, 1600, 1001, 1001, 1001, 1001, 1500, 1500, 1500, 1500]
12:56:46.282435 Navigation got ALT: 0.25
[1500, 1500, 1600, 1499, 2011, 890, 988, 1598, 1001, 1001, 1001, 1001, 1500, 1500, 1500, 1500]
12:56:46.285963 ALT: 0.25
12:56:46.286165 ATT: [-0.4, 1.0, 113]
12:56:46.286567 ACC: [-8, -1, 515]
[1500, 1500, 1600, 1499, 2011, 890, 988, 1598, 1001, 1001, 1001, 1001, 1500, 1500, 1500, 1500]
[1500, 1500, 1600, 1499, 2011, 890, 988, 1598, 1001, 1001, 1001, 1001, 1500, 1500, 1500, 1500]
[1500, 1500, 1600, 1499, 2011, 890, 988, 1598, 1001, 1001, 1001, 1001, 1500, 1500, 1500, 1500]
[1500, 1500, 1600, 1499, 2011, 890, 988, 1598, 1001, 1001, 1001, 1001, 1500, 1500, 1500, 1500]
12:56:46.315685 Navigation got ALT: 0.25
[1500, 1500, 1600, 1500, 2011, 890, 988, 1598, 1001, 1001, 1001, 1001, 1500, 1500, 1500, 1500]
[1500, 1500, 1600, 1500, 2011, 890, 988, 1598, 1001, 1001, 1001, 1001, 1500, 1500, 1500, 1500]
[1500, 1500, 1600, 1500, 2011, 890, 988, 1598, 1001, 1001, 1001, 1001, 1500, 1500, 1500, 1500]
12:56:46.334081 ALT: 0.25
12:56:46.334198 ATT: [-0.4, 1.0, 113]
12:56:46.334531 ACC: [-7, -1, 516]
[1500, 1500, 1600, 1500, 2011, 890, 988, 1598, 1001, 1001, 1001, 1001, 1500, 1500, 1500, 1500]
[1500, 1500, 1600, 1500, 2011, 890, 988, 1598, 1001, 1001, 1001, 1001, 1500, 1500, 1500, 1500]
12:56:46.348987 Navigation got ALT: 0.25
*** Set bbox BEGIN position ***
[1500, 1500, 1600, 1500, 2011, 1086, 1004, 1300, 1001, 1001, 1001, 1001, 1500, 1500, 1500, 1500]
[1500, 1500, 1600, 1500, 2011, 1086, 1004, 1300, 1001, 1001, 1001, 1001, 1500, 1500, 1500, 1500]
[1500, 1500, 1600, 1500, 2011, 1086, 1004, 1300, 1001, 1001, 1001, 1001, 1500, 1500, 1500, 1500]
[1500, 1500, 1600, 1500, 2011, 1086, 1004, 1300, 1001, 1001, 1001, 1001, 1500, 1500, 1500, 1500]
[1500, 1500, 1600, 1500, 2011, 1086, 1004, 1300, 1001, 1001, 1001, 1001, 1500, 1500, 1500, 1500]
12:56:46.381924 ALT: 0.25
12:56:46.382041 ATT: [-0.4, 1.0, 113]
12:56:46.382576 ACC: [-8, 0, 515]
12:56:46.384884 Navigation got ALT: 0.25
*** Set bbox BEGIN position ***
[1500, 1500, 1600, 1500, 2011, 1086, 1004, 1300, 1001, 1001, 1001, 1001, 1500, 1500, 1500, 1500]
[1500, 1500, 1600, 1500, 2011, 1086, 1004, 1300, 1001, 1001, 1001, 1001, 1500, 1500, 1500, 1500]
[1500, 1500, 1600, 1500, 2011, 1086, 1004, 1300, 1001, 1001, 1001, 1001, 1500, 1500, 1500, 1500]
[1500, 1500, 1600, 1500, 2011, 1086, 1004, 1300, 1001, 1001, 1001, 1001, 1500, 1500, 1500, 1500]
[1500, 1500, 1600, 1500, 2011, 1086, 1004, 1300, 1001, 1001, 1001, 1001, 1500, 1500, 1500, 1500]
12:56:46.415711 Navigation got ALT: 0.25
*** Set bbox BEGIN position ***
* Start point: 205, 123
[1500, 1500, 1600, 1500, 2011, 1086, 1004, 1300, 1001, 1001, 1001, 1001, 1500, 1500, 1500, 1500]
**Resetting tracker.
[1500, 1500, 1600, 1500, 2011, 1086, 1004, 1300, 1001, 1001, 1001, 1001, 1500, 1500, 1500, 1500]
[1500, 1500, 1600, 1500, 2011, 1086, 1004, 1300, 1001, 1001, 1001, 1001, 1500, 1500, 1500, 1500]
12:56:46.429945 ALT: 0.25
12:56:46.430038 ATT: [-0.4, 1.0, 113]
12:56:46.430399 ACC: [-8, 0, 515]
[1500, 1500, 1600, 1500, 2011, 1086, 1004, 1300, 1001, 1001, 1001, 1001, 1500, 1500, 1500, 1500]
[1500, 1500, 1600, 1500, 2011, 1086, 1004, 1300, 1001, 1001, 1001, 1001, 1500, 1500, 1500, 1500]
12:56:46.448994 Navigation got ALT: 0.25
*** Set bbox BEGIN position ***
[1500, 1500, 1600, 1500, 2011, 1086, 1002, 1300, 1001, 1001, 1001, 1001, 1500, 1500, 1500, 1500]
[1500, 1500, 1600, 1500, 2011, 1086, 1002, 1300, 1001, 1001, 1001, 1001, 1500, 1500, 1500, 1500]
[1500, 1500, 1600, 1500, 2011, 1086, 1002, 1300, 1001, 1001, 1001, 1001, 1500, 1500, 1500, 1500]
[1500, 1500, 1600, 1500, 2011, 1086, 1002, 1300, 1001, 1001, 1001, 1001, 1500, 1500, 1500, 1500]
[1500, 1500, 1600, 1500, 2011, 1086, 1002, 1300, 1001, 1001, 1001, 1001, 1500, 1500, 1500, 1500]
12:56:46.477989 ALT: 0.25
12:56:46.478178 ATT: [-0.4, 1.0, 113]
12:56:46.478514 ACC: [-7, 0, 514]
12:56:46.482520 Navigation got ALT: 0.25
*** Set bbox BEGIN position ***
[1500, 1499, 1600, 1500, 2011, 1086, 1004, 1300, 1001, 1001, 1001, 1001, 1500, 1500, 1500, 1500]
[1500, 1499, 1600, 1500, 2011, 1086, 1004, 1300, 1001, 1001, 1001, 1001, 1500, 1500, 1500, 1500]
[1500, 1499, 1600, 1500, 2011, 1086, 1004, 1300, 1001, 1001, 1001, 1001, 1500, 1500, 1500, 1500]
[1500, 1499, 1600, 1500, 2011, 1086, 1004, 1300, 1001, 1001, 1001, 1001, 1500, 1500, 1500, 1500]
[1500, 1499, 1600, 1500, 2011, 1086, 1004, 1300, 1001, 1001, 1001, 1001, 1500, 1500, 1500, 1500]
12:56:46.515876 Navigation got ALT: 0.25
*** Set bbox BEGIN position ***
[1499, 1500, 1600, 1499, 2012, 1086, 1004, 1300, 1001, 1001, 1001, 1001, 1500, 1500, 1500, 1500]
[1499, 1500, 1600, 1499, 2012, 1086, 1004, 1300, 1001, 1001, 1001, 1001, 1500, 1500, 1500, 1500]
12:56:46.527014 ALT: 0.25
12:56:46.527252 ATT: [-0.4, 1.0, 113]
12:56:46.528185 ACC: [-7, -1, 516]
[1499, 1500, 1600, 1499, 2012, 1086, 1004, 1300, 1001, 1001, 1001, 1001, 1500, 1500, 1500, 1500]
[1499, 1500, 1600, 1499, 2012, 1086, 1004, 1300, 1001, 1001, 1001, 1001, 1500, 1500, 1500, 1500]
[1499, 1500, 1600, 1499, 2012, 1086, 1004, 1300, 1001, 1001, 1001, 1001, 1500, 1500, 1500, 1500]
12:56:46.549102 Navigation got ALT: 0.25
*** Set bbox BEGIN position ***
[1500, 1500, 1600, 1500, 2011, 1086, 1004, 1300, 1001, 1001, 1001, 1001, 1500, 1500, 1500, 1500]
[1500, 1500, 1600, 1500, 2011, 1086, 1004, 1300, 1001, 1001, 1001, 1001, 1500, 1500, 1500, 1500]
[1500, 1500, 1600, 1500, 2011, 1086, 1004, 1300, 1001, 1001, 1001, 1001, 1500, 1500, 1500, 1500]
[1500, 1500, 1600, 1500, 2011, 1086, 1004, 1300, 1001, 1001, 1001, 1001, 1500, 1500, 1500, 1500]
12:56:46.574255 ALT: 0.25
12:56:46.574360 ATT: [-0.4, 1.0, 113]
12:56:46.574687 ACC: [-7, 0, 513]
[1500, 1500, 1600, 1500, 2011, 1086, 1004, 1300, 1001, 1001, 1001, 1001, 1500, 1500, 1500, 1500]
12:56:46.582390 Navigation got ALT: 0.25
*** Set bbox BEGIN position ***
[1499, 1500, 1600, 1500, 2011, 1086, 1004, 1300, 1001, 1001, 1001, 1001, 1500, 1500, 1500, 1500]
[1499, 1500, 1600, 1500, 2011, 1086, 1004, 1300, 1001, 1001, 1001, 1001, 1500, 1500, 1500, 1500]
[1499, 1500, 1600, 1500, 2011, 1086, 1004, 1300, 1001, 1001, 1001, 1001, 1500, 1500, 1500, 1500]
[1499, 1500, 1600, 1500, 2011, 1086, 1004, 1300, 1001, 1001, 1001, 1001, 1500, 1500, 1500, 1500]
[1499, 1500, 1600, 1500, 2011, 1086, 1004, 1300, 1001, 1001, 1001, 1001, 1500, 1500, 1500, 1500]
12:56:46.615719 Navigation got ALT: 0.25
*** Set bbox BEGIN position ***
[1500, 1500, 1600, 1500, 2011, 1086, 1004, 1300, 1001, 1001, 1001, 1001, 1500, 1500, 1500, 1500]
12:56:46.624857 ALT: 0.25
12:56:46.624989 ATT: [-0.4, 1.0, 113]
12:56:46.625603 ACC: [-7, -1, 513]
[1500, 1500, 1600, 1500, 2011, 1086, 1004, 1300, 1001, 1001, 1001, 1001, 1500, 1500, 1500, 1500]
[1500, 1500, 1600, 1500, 2011, 1086, 1004, 1300, 1001, 1001, 1001, 1001, 1500, 1500, 1500, 1500]
[1500, 1500, 1600, 1500, 2011, 1086, 1004, 1300, 1001, 1001, 1001, 1001, 1500, 1500, 1500, 1500]
[1500, 1500, 1600, 1500, 2011, 1086, 1004, 1300, 1001, 1001, 1001, 1001, 1500, 1500, 1500, 1500]
12:56:46.648965 Navigation got ALT: 0.25
*** Set bbox BEGIN position ***
[1500, 1500, 1600, 1500, 2011, 1086, 1006, 1301, 1001, 1001, 1001, 1001, 1500, 1500, 1500, 1500]
[1500, 1500, 1600, 1500, 2011, 1086, 1006, 1301, 1001, 1001, 1001, 1001, 1500, 1500, 1500, 1500]
[1500, 1500, 1600, 1500, 2011, 1086, 1006, 1301, 1001, 1001, 1001, 1001, 1500, 1500, 1500, 1500]
[1500, 1500, 1600, 1500, 2011, 1086, 1006, 1301, 1001, 1001, 1001, 1001, 1500, 1500, 1500, 1500]
12:56:46.670124 ALT: 0.25
12:56:46.670258 ATT: [-0.4, 1.0, 113]
12:56:46.672169 ACC: [-7, -2, 513]
[1500, 1500, 1600, 1500, 2011, 1086, 1006, 1301, 1001, 1001, 1001, 1001, 1500, 1500, 1500, 1500]
12:56:46.682863 Navigation got ALT: 0.25
*** Set bbox BEGIN position ***
[1500, 1500, 1600, 1500, 2011, 1086, 1006, 1300, 1001, 1001, 1001, 1001, 1500, 1500, 1500, 1500]
[1500, 1500, 1600, 1500, 2011, 1086, 1006, 1300, 1001, 1001, 1001, 1001, 1500, 1500, 1500, 1500]
[1500, 1500, 1600, 1500, 2011, 1086, 1006, 1300, 1001, 1001, 1001, 1001, 1500, 1500, 1500, 1500]
[1500, 1500, 1600, 1500, 2011, 1086, 1006, 1300, 1001, 1001, 1001, 1001, 1500, 1500, 1500, 1500]
[1500, 1500, 1600, 1500, 2011, 1086, 1006, 1300, 1001, 1001, 1001, 1001, 1500, 1500, 1500, 1500]
12:56:46.715641 Navigation got ALT: 0.25
*** Set bbox END position ***
[1500, 1499, 1600, 1500, 2011, 1161, 1070, 1400, 1001, 1001, 1001, 1001, 1500, 1500, 1500, 1500]
12:56:46.718217 ALT: 0.25
12:56:46.718330 ATT: [-0.4, 1.0, 113]
12:56:46.718631 ACC: [-6, -3, 514]
[1500, 1499, 1600, 1500, 2011, 1161, 1070, 1400, 1001, 1001, 1001, 1001, 1500, 1500, 1500, 1500]
[1500, 1499, 1600, 1500, 2011, 1161, 1070, 1400, 1001, 1001, 1001, 1001, 1500, 1500, 1500, 1500]
[1500, 1499, 1600, 1500, 2011, 1161, 1070, 1400, 1001, 1001, 1001, 1001, 1500, 1500, 1500, 1500]
[1500, 1499, 1600, 1500, 2011, 1161, 1070, 1400, 1001, 1001, 1001, 1001, 1500, 1500, 1500, 1500]
12:56:46.748985 Navigation got ALT: 0.25
*** Set bbox END position ***
[1500, 1499, 1600, 1500, 2011, 1161, 1070, 1400, 1001, 1001, 1001, 1001, 1500, 1500, 1500, 1500]
[1500, 1499, 1600, 1500, 2011, 1161, 1070, 1400, 1001, 1001, 1001, 1001, 1500, 1500, 1500, 1500]
[1500, 1499, 1600, 1500, 2011, 1161, 1070, 1400, 1001, 1001, 1001, 1001, 1500, 1500, 1500, 1500]
12:56:46.765959 ALT: 0.25
12:56:46.766051 ATT: [-0.4, 1.0, 113]
12:56:46.766401 ACC: [-8, 0, 514]
[1500, 1499, 1600, 1500, 2011, 1161, 1070, 1400, 1001, 1001, 1001, 1001, 1500, 1500, 1500, 1500]
[1500, 1499, 1600, 1500, 2011, 1161, 1070, 1400, 1001, 1001, 1001, 1001, 1500, 1500, 1500, 1500]
12:56:46.782475 Navigation got ALT: 0.25
*** Set bbox END position ***
* End point: 280, 189
* Set bbox at 205,123 x 280,189
[1500, 1500, 1600, 1500, 2011, 1161, 1070, 1400, 1001, 1001, 1001, 1001, 1500, 1500, 1500, 1500]
**Init tracker as (205, 123, 75, 66)
[1500, 1500, 1600, 1500, 2011, 1161, 1070, 1400, 1001, 1001, 1001, 1001, 1500, 1500, 1500, 1500]
[1500, 1500, 1600, 1500, 2011, 1161, 1070, 1400, 1001, 1001, 1001, 1001, 1500, 1500, 1500, 1500]
[1500, 1500, 1600, 1500, 2011, 1161, 1070, 1400, 1001, 1001, 1001, 1001, 1500, 1500, 1500, 1500]
[1500, 1500, 1600, 1500, 2011, 1161, 1070, 1400, 1001, 1001, 1001, 1001, 1500, 1500, 1500, 1500]
12:56:46.814012 ALT: 0.25
12:56:46.814261 ATT: [-0.4, 1.0, 113]
12:56:46.814710 ACC: [-7, -1, 514]
12:56:46.816367 Navigation got ALT: 0.25
*** Set bbox END position ***
[1500, 1500, 1600, 1500, 2011, 1161, 1072, 1400, 1001, 1001, 1001, 1001, 1500, 1500, 1500, 1500]
[1500, 1500, 1600, 1500, 2011, 1161, 1072, 1400, 1001, 1001, 1001, 1001, 1500, 1500, 1500, 1500]
[1500, 1500, 1600, 1500, 2011, 1161, 1072, 1400, 1001, 1001, 1001, 1001, 1500, 1500, 1500, 1500]
[1500, 1500, 1600, 1500, 2011, 1161, 1072, 1400, 1001, 1001, 1001, 1001, 1500, 1500, 1500, 1500]
[1500, 1500, 1600, 1500, 2011, 1161, 1072, 1400, 1001, 1001, 1001, 1001, 1500, 1500, 1500, 1500]
12:56:46.849027 Navigation got ALT: 0.25
*** Set bbox END position ***
[1500, 1499, 1600, 1500, 2011, 1161, 1072, 1400, 1001, 1001, 1001, 1001, 1500, 1500, 1500, 1500]
[1500, 1499, 1600, 1500, 2011, 1161, 1072, 1400, 1001, 1001, 1001, 1001, 1500, 1500, 1500, 1500]
[1500, 1499, 1600, 1500, 2011, 1161, 1072, 1400, 1001, 1001, 1001, 1001, 1500, 1500, 1500, 1500]
[1500, 1499, 1600, 1500, 2011, 1161, 1072, 1400, 1001, 1001, 1001, 1001, 1500, 1500, 1500, 1500]
[1500, 1499, 1600, 1500, 2011, 1161, 1072, 1400, 1001, 1001, 1001, 1001, 1500, 1500, 1500, 1500]
12:56:46.878010 ALT: 0.25
12:56:46.878096 ATT: [-0.4, 1.0, 113]
12:56:46.878571 ACC: [-7, 0, 515]
12:56:46.882431 Navigation got ALT: 0.25
*** Set bbox END position ***
[1500, 1500, 1600, 1499, 2011, 1161, 1070, 1400, 1001, 1001, 1001, 1001, 1500, 1500, 1500, 1500]
[1500, 1500, 1600, 1499, 2011, 1161, 1070, 1400, 1001, 1001, 1001, 1001, 1500, 1500, 1500, 1500]
[1500, 1500, 1600, 1499, 2011, 1161, 1070, 1400, 1001, 1001, 1001, 1001, 1500, 1500, 1500, 1500]
[1500, 1500, 1600, 1499, 2011, 1161, 1070, 1400, 1001, 1001, 1001, 1001, 1500, 1500, 1500, 1500]
[1500, 1500, 1600, 1499, 2011, 1161, 1070, 1400, 1001, 1001, 1001, 1001, 1500, 1500, 1500, 1500]
12:56:46.915662 Navigation got ALT: 0.25
[1500, 1500, 1600, 1500, 2011, 890, 988, 1598, 1001, 1001, 1001, 1001, 1500, 1500, 1500, 1500]
[1500, 1500, 1600, 1500, 2011, 890, 988, 1598, 1001, 1001, 1001, 1001, 1500, 1500, 1500, 1500]
12:56:46.926036 ALT: 0.25
12:56:46.926224 ATT: [-0.4, 1.0, 113]
12:56:46.927010 ACC: [-6, 1, 513]
[1500, 1500, 1600, 1500, 2011, 890, 988, 1598, 1001, 1001, 1001, 1001, 1500, 1500, 1500, 1500]
[1500, 1500, 1600, 1500, 2011, 890, 988, 1598, 1001, 1001, 1001, 1001, 1500, 1500, 1500, 1500]
[1500, 1500, 1600, 1500, 2011, 890, 988, 1598, 1001, 1001, 1001, 1001, 1500, 1500, 1500, 1500]
12:56:46.950417 Navigation got ALT: 0.25
[1500, 1499, 1600, 1500, 2011, 890, 988, 1598, 1001, 1001, 1001, 1001, 1500, 1500, 1500, 1500]
[1500, 1499, 1600, 1500, 2011, 890, 988, 1598, 1001, 1001, 1001, 1001, 1500, 1500, 1500, 1500]
[1500, 1499, 1600, 1500, 2011, 890, 988, 1598, 1001, 1001, 1001, 1001, 1500, 1500, 1500, 1500]
[1500, 1499, 1600, 1500, 2011, 890, 988, 1598, 1001, 1001, 1001, 1001, 1500, 1500, 1500, 1500]
12:56:46.974223 ALT: 0.25
12:56:46.974360 ATT: [-0.4, 1.0, 113]
12:56:46.974795 ACC: [-9, -1, 515]
[1500, 1499, 1600, 1500, 2011, 890, 988, 1598, 1001, 1001, 1001, 1001, 1500, 1500, 1500, 1500]
12:56:46.982424 Navigation got ALT: 0.25
[1500, 1500, 1600, 1500, 2011, 890, 988, 1600, 1001, 1001, 1001, 1001, 1500, 1500, 1500, 1500]
[1500, 1500, 1600, 1500, 2011, 890, 988, 1600, 1001, 1001, 1001, 1001, 1500, 1500, 1500, 1500]
[1500, 1500, 1600, 1500, 2011, 890, 988, 1600, 1001, 1001, 1001, 1001, 1500, 1500, 1500, 1500]
[1500, 1500, 1600, 1500, 2011, 890, 988, 1600, 1001, 1001, 1001, 1001, 1500, 1500, 1500, 1500]
[1500, 1500, 1600, 1500, 2011, 890, 988, 1600, 1001, 1001, 1001, 1001, 1500, 1500, 1500, 1500]
12:56:47.016327 Navigation got ALT: 0.25
[1500, 1499, 1600, 1499, 2011, 891, 986, 1600, 1001, 1001, 1001, 1001, 1500, 1500, 1500, 1500]
12:56:47.021962 ALT: 0.25
12:56:47.022064 ATT: [-0.4, 1.0, 113]
12:56:47.022405 ACC: [-7, -2, 517]
[1500, 1499, 1600, 1499, 2011, 891, 986, 1600, 1001, 1001, 1001, 1001, 1500, 1500, 1500, 1500]
[1500, 1499, 1600, 1499, 2011, 891, 986, 1600, 1001, 1001, 1001, 1001, 1500, 1500, 1500, 1500]
[1500, 1499, 1600, 1499, 2011, 891, 986, 1600, 1001, 1001, 1001, 1001, 1500, 1500, 1500, 1500]
[1500, 1499, 1600, 1499, 2011, 891, 986, 1600, 1001, 1001, 1001, 1001, 1500, 1500, 1500, 1500]
12:56:47.049337 Navigation got ALT: 0.25
[1500, 1499, 1600, 1500, 2011, 890, 988, 1600, 1001, 1001, 1001, 1001, 1500, 1500, 1500, 1500]
[1500, 1499, 1600, 1500, 2011, 890, 988, 1600, 1001, 1001, 1001, 1001, 1500, 1500, 1500, 1500]
[1500, 1499, 1600, 1500, 2011, 890, 988, 1600, 1001, 1001, 1001, 1001, 1500, 1500, 1500, 1500]
[1500, 1499, 1600, 1500, 2011, 890, 988, 1600, 1001, 1001, 1001, 1001, 1500, 1500, 1500, 1500]
12:56:47.070121 ALT: 0.25
12:56:47.070301 ATT: [-0.4, 1.0, 113]
12:56:47.070777 ACC: [-7, -1, 517]
[1500, 1499, 1600, 1500, 2011, 890, 988, 1600, 1001, 1001, 1001, 1001, 1500, 1500, 1500, 1500]
12:56:47.082473 Navigation got ALT: 0.25
[1500, 1500, 1600, 1500, 2011, 890, 988, 1600, 1001, 1001, 1001, 1001, 1500, 1500, 1500, 1500]
[1500, 1500, 1600, 1500, 2011, 890, 988, 1600, 1001, 1001, 1001, 1001, 1500, 1500, 1500, 1500]
[1500, 1500, 1600, 1500, 2011, 890, 988, 1600, 1001, 1001, 1001, 1001, 1500, 1500, 1500, 1500]
[1500, 1500, 1600, 1500, 2011, 890, 988, 1600, 1001, 1001, 1001, 1001, 1500, 1500, 1500, 1500]
[1500, 1500, 1600, 1500, 2011, 890, 988, 1600, 1001, 1001, 1001, 1001, 1500, 1500, 1500, 1500]
12:56:47.115748 Navigation got ALT: 0.25
[1500, 1499, 1600, 1500, 2011, 890, 988, 1600, 1001, 1001, 1001, 1001, 1500, 1500, 1500, 1500]
12:56:47.118112 ALT: 0.22
12:56:47.118231 ATT: [-0.4, 1.0, 113]
12:56:47.118528 ACC: [-7, -1, 515]
[1500, 1499, 1600, 1500, 2011, 890, 988, 1600, 1001, 1001, 1001, 1001, 1500, 1500, 1500, 1500]
[1500, 1499, 1600, 1500, 2011, 890, 988, 1600, 1001, 1001, 1001, 1001, 1500, 1500, 1500, 1500]
[1500, 1499, 1600, 1500, 2011, 890, 988, 1600, 1001, 1001, 1001, 1001, 1500, 1500, 1500, 1500]
[1500, 1499, 1600, 1500, 2011, 890, 988, 1600, 1001, 1001, 1001, 1001, 1500, 1500, 1500, 1500]
12:56:47.149994 Navigation got ALT: 0.22
[1500, 1500, 1600, 1500, 2011, 890, 988, 1600, 1001, 1001, 1001, 1001, 1500, 1500, 1500, 1500]
[1500, 1500, 1600, 1500, 2011, 890, 988, 1600, 1001, 1001, 1001, 1001, 1500, 1500, 1500, 1500]
[1500, 1500, 1600, 1500, 2011, 890, 988, 1600, 1001, 1001, 1001, 1001, 1500, 1500, 1500, 1500]
12:56:47.166242 ALT: 0.19
12:56:47.166399 ATT: [-0.4, 1.0, 113]
12:56:47.166890 ACC: [-6, 1, 514]
[1500, 1500, 1600, 1500, 2011, 890, 988, 1600, 1001, 1001, 1001, 1001, 1500, 1500, 1500, 1500]
[1500, 1500, 1600, 1500, 2011, 890, 988, 1600, 1001, 1001, 1001, 1001, 1500, 1500, 1500, 1500]
12:56:47.185444 Navigation got ALT: 0.19
[1499, 1500, 1600, 1500, 2011, 890, 988, 1600, 1001, 1001, 1001, 1001, 1500, 1500, 1500, 1500]
[1499, 1500, 1600, 1500, 2011, 890, 988, 1600, 1001, 1001, 1001, 1001, 1500, 1500, 1500, 1500]
[1499, 1500, 1600, 1500, 2011, 890, 988, 1600, 1001, 1001, 1001, 1001, 1500, 1500, 1500, 1500]
[1499, 1500, 1600, 1500, 2011, 890, 988, 1600, 1001, 1001, 1001, 1001, 1500, 1500, 1500, 1500]
[1499, 1500, 1600, 1500, 2011, 890, 988, 1600, 1001, 1001, 1001, 1001, 1500, 1500, 1500, 1500]
12:56:47.214446 ALT: 0.19
12:56:47.214581 ATT: [-0.4, 1.0, 113]
12:56:47.215252 ACC: [-5, 1, 515]
12:56:47.238605 Navigation got ALT: 0.19
[1499, 1500, 1600, 1500, 2011, 890, 988, 1600, 1001, 1001, 1001, 1001, 1500, 1500, 1500, 1500]
[1499, 1500, 1600, 1500, 2011, 890, 988, 1600, 1001, 1001, 1001, 1001, 1500, 1500, 1500, 1500]
[1499, 1500, 1600, 1500, 2011, 890, 988, 1600, 1001, 1001, 1001, 1001, 1500, 1500, 1500, 1500]
[1499, 1500, 1600, 1500, 2011, 890, 988, 1600, 1001, 1001, 1001, 1001, 1500, 1500, 1500, 1500]
[1499, 1500, 1600, 1500, 2011, 890, 988, 1600, 1001, 1001, 1001, 1001, 1500, 1500, 1500, 1500]
[1499, 1500, 1600, 1500, 2011, 890, 988, 1600, 1001, 1001, 1001, 1001, 1500, 1500, 1500, 1500]
[1499, 1500, 1600, 1500, 2011, 890, 988, 1600, 1001, 1001, 1001, 1001, 1500, 1500, 1500, 1500]
[1499, 1500, 1600, 1500, 2011, 890, 988, 1600, 1001, 1001, 1001, 1001, 1500, 1500, 1500, 1500]
12:56:47.269040 Navigation got ALT: 0.19
[1500, 1500, 1600, 1500, 2011, 890, 988, 1600, 1001, 1001, 1001, 1001, 1500, 1500, 1500, 1500]
[1500, 1500, 1600, 1500, 2011, 890, 988, 1600, 1001, 1001, 1001, 1001, 1500, 1500, 1500, 1500]
12:56:47.278359 ALT: 0.19
12:56:47.278853 ATT: [-0.4, 1.0, 113]
12:56:47.281670 ACC: [-6, 1, 515]
[1500, 1500, 1600, 1500, 2011, 890, 988, 1600, 1001, 1001, 1001, 1001, 1500, 1500, 1500, 1500]
[1500, 1500, 1600, 1500, 2011, 890, 988, 1600, 1001, 1001, 1001, 1001, 1500, 1500, 1500, 1500]
[1500, 1500, 1600, 1500, 2011, 890, 988, 1600, 1001, 1001, 1001, 1001, 1500, 1500, 1500, 1500]
12:56:47.303301 Navigation got ALT: 0.19
[1499, 1500, 1600, 1500, 2011, 890, 988, 1600, 1001, 1001, 1001, 1001, 1500, 1500, 1500, 1500]
[1499, 1500, 1600, 1500, 2011, 890, 988, 1600, 1001, 1001, 1001, 1001, 1500, 1500, 1500, 1500]
[1499, 1500, 1600, 1500, 2011, 890, 988, 1600, 1001, 1001, 1001, 1001, 1500, 1500, 1500, 1500]
[1499, 1500, 1600, 1500, 2011, 890, 988, 1600, 1001, 1001, 1001, 1001, 1500, 1500, 1500, 1500]
12:56:47.326435 ALT: 0.19
12:56:47.326684 ATT: [-0.4, 1.0, 113]
12:56:47.327542 ACC: [-6, 0, 512]
[1499, 1500, 1600, 1500, 2011, 890, 988, 1600, 1001, 1001, 1001, 1001, 1500, 1500, 1500, 1500]
12:56:47.336138 Navigation got ALT: 0.19
[1500, 1500, 1600, 1499, 2011, 890, 988, 1600, 1001, 1001, 1001, 1001, 1500, 1500, 1500, 1500]
[1500, 1500, 1600, 1499, 2011, 890, 988, 1600, 1001, 1001, 1001, 1001, 1500, 1500, 1500, 1500]
[1500, 1500, 1600, 1499, 2011, 890, 988, 1600, 1001, 1001, 1001, 1001, 1500, 1500, 1500, 1500]
[1500, 1500, 1600, 1499, 2011, 890, 988, 1600, 1001, 1001, 1001, 1001, 1500, 1500, 1500, 1500]
[1500, 1500, 1600, 1499, 2011, 890, 988, 1600, 1001, 1001, 1001, 1001, 1500, 1500, 1500, 1500]
12:56:47.369162 Navigation got ALT: 0.19
[1500, 1500, 1600, 1500, 2011, 890, 988, 1600, 1001, 1001, 1001, 1001, 1500, 1500, 1500, 1500]
12:56:47.374251 ALT: 0.19
12:56:47.374429 ATT: [-0.4, 1.0, 113]
12:56:47.374953 ACC: [-7, -2, 516]
[1500, 1500, 1600, 1500, 2011, 890, 988, 1600, 1001, 1001, 1001, 1001, 1500, 1500, 1500, 1500]
[1500, 1500, 1600, 1500, 2011, 890, 988, 1600, 1001, 1001, 1001, 1001, 1500, 1500, 1500, 1500]
[1500, 1500, 1600, 1500, 2011, 890, 988, 1600, 1001, 1001, 1001, 1001, 1500, 1500, 1500, 1500]
[1500, 1500, 1600, 1500, 2011, 890, 988, 1600, 1001, 1001, 1001, 1001, 1500, 1500, 1500, 1500]
12:56:47.402760 Navigation got ALT: 0.19
[1500, 1500, 1600, 1500, 2011, 890, 988, 1600, 1001, 1001, 1001, 1001, 1500, 1500, 1500, 1500]
[1500, 1500, 1600, 1500, 2011, 890, 988, 1600, 1001, 1001, 1001, 1001, 1500, 1500, 1500, 1500]
[1500, 1500, 1600, 1500, 2011, 890, 988, 1600, 1001, 1001, 1001, 1001, 1500, 1500, 1500, 1500]
12:56:47.422423 ALT: 0.19
12:56:47.422643 ATT: [-0.4, 1.0, 113]
12:56:47.423164 ACC: [-9, -2, 514]
[1500, 1500, 1600, 1500, 2011, 890, 988, 1600, 1001, 1001, 1001, 1001, 1500, 1500, 1500, 1500]
[1500, 1500, 1600, 1500, 2011, 890, 988, 1600, 1001, 1001, 1001, 1001, 1500, 1500, 1500, 1500]
12:56:47.436750 Navigation got ALT: 0.19
[1500, 1500, 1600, 1500, 2011, 890, 988, 1600, 1001, 1001, 1001, 1001, 1500, 1500, 1500, 1500]
[1500, 1500, 1600, 1500, 2011, 890, 988, 1600, 1001, 1001, 1001, 1001, 1500, 1500, 1500, 1500]
12:56:47.470459 ALT: 0.19
12:56:47.470601 ATT: [-0.4, 1.0, 113]
12:56:47.471124 ACC: [-8, 0, 515]
12:56:47.473174 Navigation got ALT: 0.19
[1500, 1500, 1600, 1500, 2011, 890, 988, 1600, 1001, 1001, 1001, 1001, 1500, 1500, 1500, 1500]
[1500, 1500, 1600, 1500, 2011, 890, 988, 1600, 1001, 1001, 1001, 1001, 1500, 1500, 1500, 1500]
[1500, 1500, 1600, 1500, 2011, 890, 988, 1600, 1001, 1001, 1001, 1001, 1500, 1500, 1500, 1500]
[1500, 1500, 1600, 1500, 2011, 890, 988, 1600, 1001, 1001, 1001, 1001, 1500, 1500, 1500, 1500]
[1500, 1500, 1600, 1500, 2011, 890, 988, 1600, 1001, 1001, 1001, 1001, 1500, 1500, 1500, 1500]
[1500, 1500, 1600, 1500, 2011, 890, 988, 1600, 1001, 1001, 1001, 1001, 1500, 1500, 1500, 1500]
[1500, 1500, 1600, 1500, 2011, 890, 988, 1600, 1001, 1001, 1001, 1001, 1500, 1500, 1500, 1500]
[1500, 1500, 1600, 1500, 2011, 890, 988, 1600, 1001, 1001, 1001, 1001, 1500, 1500, 1500, 1500]
[1500, 1500, 1600, 1500, 2011, 890, 988, 1600, 1001, 1001, 1001, 1001, 1500, 1500, 1500, 1500]
12:56:47.510688 Navigation got ALT: 0.19
[1500, 1500, 1600, 1500, 2011, 890, 988, 1600, 1001, 1001, 1001, 1001, 1500, 1500, 1500, 1500]
[1500, 1500, 1600, 1500, 2011, 890, 988, 1600, 1001, 1001, 1001, 1001, 1500, 1500, 1500, 1500]
12:56:47.521824 ALT: 0.19
12:56:47.521937 ATT: [-0.4, 1.0, 113]
12:56:47.522306 ACC: [-8, 1, 516]
[1500, 1500, 1600, 1500, 2011, 890, 988, 1600, 1001, 1001, 1001, 1001, 1500, 1500, 1500, 1500]
[1500, 1500, 1600, 1500, 2011, 890, 988, 1600, 1001, 1001, 1001, 1001, 1500, 1500, 1500, 1500]
[1500, 1500, 1600, 1500, 2011, 890, 988, 1600, 1001, 1001, 1001, 1001, 1500, 1500, 1500, 1500]
12:56:47.542383 Navigation got ALT: 0.19
[1500, 1500, 1600, 1500, 2011, 890, 988, 1598, 1001, 1001, 1001, 1001, 1500, 1500, 1500, 1500]
[1500, 1500, 1600, 1500, 2011, 890, 988, 1598, 1001, 1001, 1001, 1001, 1500, 1500, 1500, 1500]
12:56:47.582572 ALT: 0.19
12:56:47.582791 ATT: [-0.4, 1.0, 113]
12:56:47.584272 ACC: [-7, 0, 514]
12:56:47.585153 Navigation got ALT: 0.19
[1500, 1500, 1600, 1499, 2011, 890, 988, 1600, 1001, 1001, 1001, 1001, 1500, 1500, 1500, 1500]
[1500, 1500, 1600, 1499, 2011, 890, 988, 1600, 1001, 1001, 1001, 1001, 1500, 1500, 1500, 1500]
[1500, 1500, 1600, 1499, 2011, 890, 988, 1600, 1001, 1001, 1001, 1001, 1500, 1500, 1500, 1500]
[1500, 1500, 1600, 1499, 2011, 890, 988, 1600, 1001, 1001, 1001, 1001, 1500, 1500, 1500, 1500]
[1500, 1500, 1600, 1499, 2011, 890, 988, 1600, 1001, 1001, 1001, 1001, 1500, 1500, 1500, 1500]
[1500, 1500, 1600, 1499, 2011, 890, 988, 1600, 1001, 1001, 1001, 1001, 1500, 1500, 1500, 1500]
[1500, 1500, 1600, 1499, 2011, 890, 988, 1600, 1001, 1001, 1001, 1001, 1500, 1500, 1500, 1500]
[1500, 1500, 1600, 1499, 2011, 890, 988, 1600, 1001, 1001, 1001, 1001, 1500, 1500, 1500, 1500]
[1500, 1500, 1600, 1499, 2011, 890, 988, 1600, 1001, 1001, 1001, 1001, 1500, 1500, 1500, 1500]
12:56:47.615883 Navigation got ALT: 0.19
[1500, 1500, 1600, 1499, 2011, 890, 988, 1600, 1001, 1001, 1001, 1001, 1500, 1500, 1500, 1500]
[1500, 1500, 1600, 1499, 2011, 890, 988, 1600, 1001, 1001, 1001, 1001, 1500, 1500, 1500, 1500]
[1500, 1500, 1600, 1499, 2011, 890, 988, 1600, 1001, 1001, 1001, 1001, 1500, 1500, 1500, 1500]
12:56:47.630062 ALT: 0.19
12:56:47.630176 ATT: [-0.4, 1.0, 113]
12:56:47.630496 ACC: [-8, -1, 516]
[1500, 1500, 1600, 1499, 2011, 890, 988, 1600, 1001, 1001, 1001, 1001, 1500, 1500, 1500, 1500]
[1500, 1500, 1600, 1499, 2011, 890, 988, 1600, 1001, 1001, 1001, 1001, 1500, 1500, 1500, 1500]
12:56:47.648977 Navigation got ALT: 0.19
[1500, 1499, 1600, 1500, 2011, 890, 988, 1600, 1001, 1001, 1001, 1001, 1500, 1500, 1500, 1500]
[1500, 1499, 1600, 1500, 2011, 890, 988, 1600, 1001, 1001, 1001, 1001, 1500, 1500, 1500, 1500]
[1500, 1499, 1600, 1500, 2011, 890, 988, 1600, 1001, 1001, 1001, 1001, 1500, 1500, 1500, 1500]
[1500, 1499, 1600, 1500, 2011, 890, 988, 1600, 1001, 1001, 1001, 1001, 1500, 1500, 1500, 1500]
[1500, 1499, 1600, 1500, 2011, 890, 988, 1600, 1001, 1001, 1001, 1001, 1500, 1500, 1500, 1500]
12:56:47.678555 ALT: 0.19
12:56:47.678877 ATT: [-0.4, 1.0, 113]
12:56:47.679520 ACC: [-7, 0, 513]
12:56:47.684282 Navigation got ALT: 0.19
[1500, 1500, 1600, 1500, 2011, 890, 988, 1600, 1001, 1001, 1001, 1001, 1500, 1500, 1500, 1500]
[1500, 1500, 1600, 1500, 2011, 890, 988, 1600, 1001, 1001, 1001, 1001, 1500, 1500, 1500, 1500]
[1500, 1500, 1600, 1500, 2011, 890, 988, 1600, 1001, 1001, 1001, 1001, 1500, 1500, 1500, 1500]
[1500, 1500, 1600, 1500, 2011, 890, 988, 1600, 1001, 1001, 1001, 1001, 1500, 1500, 1500, 1500]
[1500, 1500, 1600, 1500, 2011, 890, 988, 1600, 1001, 1001, 1001, 1001, 1500, 1500, 1500, 1500]
12:56:47.716186 Navigation got ALT: 0.19
[1500, 1499, 1600, 1500, 2011, 890, 988, 1600, 1001, 1001, 1001, 1001, 1500, 1500, 1500, 1500]
[1500, 1499, 1600, 1500, 2011, 890, 988, 1600, 1001, 1001, 1001, 1001, 1500, 1500, 1500, 1500]
12:56:47.726192 ALT: 0.19
12:56:47.726310 ATT: [-0.4, 1.0, 113]
12:56:47.726641 ACC: [-7, 0, 516]
[1500, 1499, 1600, 1500, 2011, 890, 988, 1600, 1001, 1001, 1001, 1001, 1500, 1500, 1500, 1500]
[1500, 1499, 1600, 1500, 2011, 890, 988, 1600, 1001, 1001, 1001, 1001, 1500, 1500, 1500, 1500]
[1500, 1499, 1600, 1500, 2011, 890, 988, 1600, 1001, 1001, 1001, 1001, 1500, 1500, 1500, 1500]
12:56:47.749031 Navigation got ALT: 0.19
[1500, 1500, 1600, 1500, 2011, 890, 989, 1600, 1001, 1001, 1001, 1001, 1500, 1500, 1500, 1500]
[1500, 1500, 1600, 1500, 2011, 890, 989, 1600, 1001, 1001, 1001, 1001, 1500, 1500, 1500, 1500]
[1500, 1500, 1600, 1500, 2011, 890, 989, 1600, 1001, 1001, 1001, 1001, 1500, 1500, 1500, 1500]
[1500, 1500, 1600, 1500, 2011, 890, 989, 1600, 1001, 1001, 1001, 1001, 1500, 1500, 1500, 1500]
12:56:47.774292 ALT: 0.19
12:56:47.774494 ATT: [-0.4, 1.0, 113]
12:56:47.774809 ACC: [-7, 0, 514]
[1500, 1500, 1600, 1500, 2011, 890, 989, 1600, 1001, 1001, 1001, 1001, 1500, 1500, 1500, 1500]
12:56:47.782386 Navigation got ALT: 0.19
[1499, 1500, 1600, 1499, 2011, 890, 988, 1598, 1001, 1001, 1001, 1001, 1500, 1500, 1500, 1500]
[1499, 1500, 1600, 1499, 2011, 890, 988, 1598, 1001, 1001, 1001, 1001, 1500, 1500, 1500, 1500]
[1499, 1500, 1600, 1499, 2011, 890, 988, 1598, 1001, 1001, 1001, 1001, 1500, 1500, 1500, 1500]
[1499, 1500, 1600, 1499, 2011, 890, 988, 1598, 1001, 1001, 1001, 1001, 1500, 1500, 1500, 1500]
[1499, 1500, 1600, 1499, 2011, 890, 988, 1598, 1001, 1001, 1001, 1001, 1500, 1500, 1500, 1500]
12:56:47.816133 Navigation got ALT: 0.19
[1500, 1499, 1600, 1500, 2011, 890, 988, 1598, 1001, 1001, 1001, 1001, 1500, 1500, 1500, 1500]
12:56:47.822342 ALT: 0.19
12:56:47.822486 ATT: [-0.4, 1.0, 113]
12:56:47.822922 ACC: [-8, 0, 513]
[1500, 1499, 1600, 1500, 2011, 890, 988, 1598, 1001, 1001, 1001, 1001, 1500, 1500, 1500, 1500]
[1500, 1499, 1600, 1500, 2011, 890, 988, 1598, 1001, 1001, 1001, 1001, 1500, 1500, 1500, 1500]
[1500, 1499, 1600, 1500, 2011, 890, 988, 1598, 1001, 1001, 1001, 1001, 1500, 1500, 1500, 1500]
[1500, 1499, 1600, 1500, 2011, 890, 988, 1598, 1001, 1001, 1001, 1001, 1500, 1500, 1500, 1500]
12:56:47.849802 Navigation got ALT: 0.19
[1500, 1500, 1600, 1499, 2011, 890, 988, 1600, 1001, 1001, 1001, 1001, 1500, 1500, 1500, 1500]
[1500, 1500, 1600, 1499, 2011, 890, 988, 1600, 1001, 1001, 1001, 1001, 1500, 1500, 1500, 1500]
[1500, 1500, 1600, 1499, 2011, 890, 988, 1600, 1001, 1001, 1001, 1001, 1500, 1500, 1500, 1500]
[1500, 1500, 1600, 1499, 2011, 890, 988, 1600, 1001, 1001, 1001, 1001, 1500, 1500, 1500, 1500]
12:56:47.871141 ALT: 0.19
12:56:47.871423 ATT: [-0.4, 1.0, 113]
12:56:47.872254 ACC: [-8, -2, 515]
[1500, 1500, 1600, 1499, 2011, 890, 988, 1600, 1001, 1001, 1001, 1001, 1500, 1500, 1500, 1500]
12:56:47.882444 Navigation got ALT: 0.19
[1500, 1500, 1600, 1497, 2011, 890, 988, 1600, 1001, 1001, 1001, 1001, 1500, 1500, 1500, 1500]
[1500, 1500, 1600, 1497, 2011, 890, 988, 1600, 1001, 1001, 1001, 1001, 1500, 1500, 1500, 1500]
[1500, 1500, 1600, 1497, 2011, 890, 988, 1600, 1001, 1001, 1001, 1001, 1500, 1500, 1500, 1500]
[1500, 1500, 1600, 1497, 2011, 890, 988, 1600, 1001, 1001, 1001, 1001, 1500, 1500, 1500, 1500]
[1500, 1500, 1600, 1497, 2011, 890, 988, 1600, 1001, 1001, 1001, 1001, 1500, 1500, 1500, 1500]
12:56:47.916324 Navigation got ALT: 0.19
[1500, 1500, 1600, 1500, 2011, 890, 988, 1600, 1001, 1001, 1001, 1001, 1500, 1500, 1500, 1500]
12:56:47.918887 ALT: 0.19
12:56:47.919289 ATT: [-0.4, 1.0, 113]
12:56:47.920491 ACC: [-6, 3, 513]
[1500, 1500, 1600, 1500, 2011, 890, 988, 1600, 1001, 1001, 1001, 1001, 1500, 1500, 1500, 1500]
[1500, 1500, 1600, 1500, 2011, 890, 988, 1600, 1001, 1001, 1001, 1001, 1500, 1500, 1500, 1500]
[1500, 1500, 1600, 1500, 2011, 890, 988, 1600, 1001, 1001, 1001, 1001, 1500, 1500, 1500, 1500]
[1500, 1500, 1600, 1500, 2011, 890, 988, 1600, 1001, 1001, 1001, 1001, 1500, 1500, 1500, 1500]
12:56:47.949461 Navigation got ALT: 0.19
[1499, 1500, 1600, 1500, 2011, 890, 988, 1600, 1001, 1001, 1001, 1001, 1500, 1500, 1500, 1500]
[1499, 1500, 1600, 1500, 2011, 890, 988, 1600, 1001, 1001, 1001, 1001, 1500, 1500, 1500, 1500]
[1499, 1500, 1600, 1500, 2011, 890, 988, 1600, 1001, 1001, 1001, 1001, 1500, 1500, 1500, 1500]
12:56:47.966289 ALT: 0.19
12:56:47.966463 ATT: [-0.4, 1.0, 113]
12:56:47.966883 ACC: [-7, -1, 517]
[1499, 1500, 1600, 1500, 2011, 890, 988, 1600, 1001, 1001, 1001, 1001, 1500, 1500, 1500, 1500]
[1499, 1500, 1600, 1500, 2011, 890, 988, 1600, 1001, 1001, 1001, 1001, 1500, 1500, 1500, 1500]
12:56:47.982792 Navigation got ALT: 0.19
[1500, 1501, 1600, 1499, 2011, 890, 988, 1600, 1001, 1001, 1001, 1001, 1500, 1500, 1500, 1500]
[1500, 1501, 1600, 1499, 2011, 890, 988, 1600, 1001, 1001, 1001, 1001, 1500, 1500, 1500, 1500]
[1500, 1501, 1600, 1499, 2011, 890, 988, 1600, 1001, 1001, 1001, 1001, 1500, 1500, 1500, 1500]
[1500, 1501, 1600, 1499, 2011, 890, 988, 1600, 1001, 1001, 1001, 1001, 1500, 1500, 1500, 1500]
[1500, 1501, 1600, 1499, 2011, 890, 988, 1600, 1001, 1001, 1001, 1001, 1500, 1500, 1500, 1500]
12:56:48.014728 ALT: 0.19
12:56:48.015073 ATT: [-0.4, 1.0, 113]
12:56:48.015473 ACC: [-6, 0, 515]
12:56:48.017420 Navigation got ALT: 0.19
[1501, 1497, 1600, 1500, 2011, 890, 988, 1600, 1001, 1001, 1001, 1001, 1500, 1500, 1500, 1500]
[1501, 1497, 1600, 1500, 2011, 890, 988, 1600, 1001, 1001, 1001, 1001, 1500, 1500, 1500, 1500]
[1501, 1497, 1600, 1500, 2011, 890, 988, 1600, 1001, 1001, 1001, 1001, 1500, 1500, 1500, 1500]
[1501, 1497, 1600, 1500, 2011, 890, 988, 1600, 1001, 1001, 1001, 1001, 1500, 1500, 1500, 1500]
[1501, 1497, 1600, 1500, 2011, 890, 988, 1600, 1001, 1001, 1001, 1001, 1500, 1500, 1500, 1500]
12:56:48.049550 Navigation got ALT: 0.19
[1500, 1500, 1600, 1499, 2011, 890, 988, 1600, 1001, 1001, 1001, 1001, 1500, 1500, 1500, 1500]
[1500, 1500, 1600, 1499, 2011, 890, 988, 1600, 1001, 1001, 1001, 1001, 1500, 1500, 1500, 1500]
12:56:48.062419 ALT: 0.19
12:56:48.062603 ATT: [-0.4, 1.0, 113]
12:56:48.063120 ACC: [-7, 1, 515]
[1500, 1500, 1600, 1499, 2011, 890, 988, 1600, 1001, 1001, 1001, 1001, 1500, 1500, 1500, 1500]
[1500, 1500, 1600, 1499, 2011, 890, 988, 1600, 1001, 1001, 1001, 1001, 1500, 1500, 1500, 1500]
[1500, 1500, 1600, 1499, 2011, 890, 988, 1600, 1001, 1001, 1001, 1001, 1500, 1500, 1500, 1500]
12:56:48.083103 Navigation got ALT: 0.19
[1500, 1500, 1600, 1500, 2011, 890, 988, 1600, 1001, 1001, 1001, 1001, 1500, 1500, 1500, 1500]
[1500, 1500, 1600, 1500, 2011, 890, 988, 1600, 1001, 1001, 1001, 1001, 1500, 1500, 1500, 1500]
[1500, 1500, 1600, 1500, 2011, 890, 988, 1600, 1001, 1001, 1001, 1001, 1500, 1500, 1500, 1500]
[1500, 1500, 1600, 1500, 2011, 890, 988, 1600, 1001, 1001, 1001, 1001, 1500, 1500, 1500, 1500]
12:56:48.110523 ALT: 0.19
12:56:48.110759 ATT: [-0.4, 1.0, 113]
12:56:48.111196 ACC: [-8, -1, 516]
[1500, 1500, 1600, 1500, 2011, 890, 988, 1600, 1001, 1001, 1001, 1001, 1500, 1500, 1500, 1500]
12:56:48.115859 Navigation got ALT: 0.19
[1497, 1500, 1600, 1500, 2011, 890, 988, 1598, 1001, 1001, 1001, 1001, 1500, 1500, 1500, 1500]
[1497, 1500, 1600, 1500, 2011, 890, 988, 1598, 1001, 1001, 1001, 1001, 1500, 1500, 1500, 1500]
[1497, 1500, 1600, 1500, 2011, 890, 988, 1598, 1001, 1001, 1001, 1001, 1500, 1500, 1500, 1500]
[1497, 1500, 1600, 1500, 2011, 890, 988, 1598, 1001, 1001, 1001, 1001, 1500, 1500, 1500, 1500]
[1497, 1500, 1600, 1500, 2011, 890, 988, 1598, 1001, 1001, 1001, 1001, 1500, 1500, 1500, 1500]
12:56:48.149435 Navigation got ALT: 0.19
[1500, 1500, 1600, 1500, 2011, 890, 988, 1600, 1001, 1001, 1001, 1001, 1500, 1500, 1500, 1500]
[1500, 1500, 1600, 1500, 2011, 890, 988, 1600, 1001, 1001, 1001, 1001, 1500, 1500, 1500, 1500]
12:56:48.158646 ALT: 0.19
12:56:48.158941 ATT: [-0.4, 1.0, 113]
12:56:48.159728 ACC: [-8, -1, 516]
[1500, 1500, 1600, 1500, 2011, 890, 988, 1600, 1001, 1001, 1001, 1001, 1500, 1500, 1500, 1500]
[1500, 1500, 1600, 1500, 2011, 890, 988, 1600, 1001, 1001, 1001, 1001, 1500, 1500, 1500, 1500]
[1500, 1500, 1600, 1500, 2011, 890, 988, 1600, 1001, 1001, 1001, 1001, 1500, 1500, 1500, 1500]
12:56:48.182908 Navigation got ALT: 0.19
[1499, 1500, 1600, 1500, 2011, 890, 988, 1600, 1001, 1001, 1001, 1001, 1500, 1500, 1500, 1500]
[1499, 1500, 1600, 1500, 2011, 890, 988, 1600, 1001, 1001, 1001, 1001, 1500, 1500, 1500, 1500]
[1499, 1500, 1600, 1500, 2011, 890, 988, 1600, 1001, 1001, 1001, 1001, 1500, 1500, 1500, 1500]
[1499, 1500, 1600, 1500, 2011, 890, 988, 1600, 1001, 1001, 1001, 1001, 1500, 1500, 1500, 1500]
12:56:48.206166 ALT: 0.19
12:56:48.206289 ATT: [-0.4, 1.0, 113]
12:56:48.206604 ACC: [-8, 0, 512]
[1499, 1500, 1600, 1500, 2011, 890, 988, 1600, 1001, 1001, 1001, 1001, 1500, 1500, 1500, 1500]
12:56:48.215961 Navigation got ALT: 0.19
[1500, 1500, 1600, 1499, 2011, 890, 988, 1598, 1001, 1001, 1001, 1001, 1500, 1500, 1500, 1500]
[1500, 1500, 1600, 1499, 2011, 890, 988, 1598, 1001, 1001, 1001, 1001, 1500, 1500, 1500, 1500]
[1500, 1500, 1600, 1499, 2011, 890, 988, 1598, 1001, 1001, 1001, 1001, 1500, 1500, 1500, 1500]
[1500, 1500, 1600, 1499, 2011, 890, 988, 1598, 1001, 1001, 1001, 1001, 1500, 1500, 1500, 1500]
[1500, 1500, 1600, 1499, 2011, 890, 988, 1598, 1001, 1001, 1001, 1001, 1500, 1500, 1500, 1500]
12:56:48.250611 Navigation got ALT: 0.19
[1500, 1500, 1600, 1500, 2011, 890, 988, 1600, 1001, 1001, 1001, 1001, 1500, 1500, 1500, 1500]
12:56:48.254483 ALT: 0.19
12:56:48.254608 ATT: [-0.4, 1.0, 113]
12:56:48.255140 ACC: [-7, -1, 514]
[1500, 1500, 1600, 1500, 2011, 890, 988, 1600, 1001, 1001, 1001, 1001, 1500, 1500, 1500, 1500]
[1500, 1500, 1600, 1500, 2011, 890, 988, 1600, 1001, 1001, 1001, 1001, 1500, 1500, 1500, 1500]
[1500, 1500, 1600, 1500, 2011, 890, 988, 1600, 1001, 1001, 1001, 1001, 1500, 1500, 1500, 1500]
[1500, 1500, 1600, 1500, 2011, 890, 988, 1600, 1001, 1001, 1001, 1001, 1500, 1500, 1500, 1500]
12:56:48.282821 Navigation got ALT: 0.19
[1499, 1500, 1600, 1500, 2011, 890, 988, 1600, 1001, 1001, 1001, 1001, 1500, 1500, 1500, 1500]
[1499, 1500, 1600, 1500, 2011, 890, 988, 1600, 1001, 1001, 1001, 1001, 1500, 1500, 1500, 1500]
[1499, 1500, 1600, 1500, 2011, 890, 988, 1600, 1001, 1001, 1001, 1001, 1500, 1500, 1500, 1500]
12:56:48.302577 ALT: 0.19
12:56:48.302750 ATT: [-0.4, 1.0, 113]
12:56:48.303320 ACC: [-9, -1, 514]
[1499, 1500, 1600, 1500, 2011, 890, 988, 1600, 1001, 1001, 1001, 1001, 1500, 1500, 1500, 1500]
[1499, 1500, 1600, 1500, 2011, 890, 988, 1600, 1001, 1001, 1001, 1001, 1500, 1500, 1500, 1500]
12:56:48.316178 Navigation got ALT: 0.19
[1500, 1500, 1600, 1500, 2011, 890, 988, 1598, 1001, 1001, 1001, 1001, 1500, 1500, 1500, 1500]
[1500, 1500, 1600, 1500, 2011, 890, 988, 1598, 1001, 1001, 1001, 1001, 1500, 1500, 1500, 1500]
[1500, 1500, 1600, 1500, 2011, 890, 988, 1598, 1001, 1001, 1001, 1001, 1500, 1500, 1500, 1500]
[1500, 1500, 1600, 1500, 2011, 890, 988, 1598, 1001, 1001, 1001, 1001, 1500, 1500, 1500, 1500]
[1500, 1500, 1600, 1500, 2011, 890, 988, 1598, 1001, 1001, 1001, 1001, 1500, 1500, 1500, 1500]
12:56:48.349001 Navigation got ALT: 0.19
[1500, 1500, 1600, 1500, 2011, 890, 988, 1598, 1001, 1001, 1001, 1001, 1500, 1500, 1500, 1500]
12:56:48.350214 ALT: 0.19
12:56:48.350619 ATT: [-0.4, 1.0, 113]
12:56:48.351378 ACC: [-7, -2, 515]
[1500, 1500, 1600, 1500, 2011, 890, 988, 1598, 1001, 1001, 1001, 1001, 1500, 1500, 1500, 1500]
[1500, 1500, 1600, 1500, 2011, 890, 988, 1598, 1001, 1001, 1001, 1001, 1500, 1500, 1500, 1500]
[1500, 1500, 1600, 1500, 2011, 890, 988, 1598, 1001, 1001, 1001, 1001, 1500, 1500, 1500, 1500]
[1500, 1500, 1600, 1500, 2011, 890, 988, 1598, 1001, 1001, 1001, 1001, 1500, 1500, 1500, 1500]
12:56:48.383998 Navigation got ALT: 0.19
[1499, 1499, 1600, 1500, 2011, 890, 988, 1600, 1001, 1001, 1001, 1001, 1500, 1500, 1500, 1500]
[1499, 1499, 1600, 1500, 2011, 890, 988, 1600, 1001, 1001, 1001, 1001, 1500, 1500, 1500, 1500]
[1499, 1499, 1600, 1500, 2011, 890, 988, 1600, 1001, 1001, 1001, 1001, 1500, 1500, 1500, 1500]
12:56:48.398998 ALT: 0.19
12:56:48.399303 ATT: [-0.4, 1.0, 113]
12:56:48.400388 ACC: [-7, -2, 514]
[1499, 1499, 1600, 1500, 2011, 890, 988, 1600, 1001, 1001, 1001, 1001, 1500, 1500, 1500, 1500]
[1499, 1499, 1600, 1500, 2011, 890, 988, 1600, 1001, 1001, 1001, 1001, 1500, 1500, 1500, 1500]
12:56:48.428842 Navigation got ALT: 0.19
[1499, 1500, 1600, 1500, 2011, 890, 988, 1600, 1001, 1001, 1001, 1001, 1500, 1500, 1500, 1500]
[1499, 1500, 1600, 1500, 2011, 890, 988, 1600, 1001, 1001, 1001, 1001, 1500, 1500, 1500, 1500]
[1499, 1500, 1600, 1500, 2011, 890, 988, 1600, 1001, 1001, 1001, 1001, 1500, 1500, 1500, 1500]
[1499, 1500, 1600, 1500, 2011, 890, 988, 1600, 1001, 1001, 1001, 1001, 1500, 1500, 1500, 1500]
12:56:48.446813 ALT: 0.19
12:56:48.446976 ATT: [-0.4, 1.0, 113]
12:56:48.447494 ACC: [-9, -1, 515]
[1499, 1500, 1600, 1500, 2011, 890, 988, 1600, 1001, 1001, 1001, 1001, 1500, 1500, 1500, 1500]
[1499, 1500, 1600, 1500, 2011, 890, 988, 1600, 1001, 1001, 1001, 1001, 1500, 1500, 1500, 1500]
[1499, 1500, 1600, 1500, 2011, 890, 988, 1600, 1001, 1001, 1001, 1001, 1500, 1500, 1500, 1500]
12:56:48.463614 Navigation got ALT: 0.19
[1500, 1500, 1600, 1499, 2011, 890, 988, 1598, 1001, 1001, 1001, 1001, 1500, 1500, 1500, 1500]
[1500, 1500, 1600, 1499, 2011, 890, 988, 1598, 1001, 1001, 1001, 1001, 1500, 1500, 1500, 1500]
[1500, 1500, 1600, 1499, 2011, 890, 988, 1598, 1001, 1001, 1001, 1001, 1500, 1500, 1500, 1500]
[1500, 1500, 1600, 1499, 2011, 890, 988, 1598, 1001, 1001, 1001, 1001, 1500, 1500, 1500, 1500]
[1500, 1500, 1600, 1499, 2011, 890, 988, 1598, 1001, 1001, 1001, 1001, 1500, 1500, 1500, 1500]
12:56:48.494344 ALT: 0.19
12:56:48.494460 ATT: [-0.4, 1.0, 113]
12:56:48.495156 ACC: [-6, 2, 514]
12:56:48.496877 Navigation got ALT: 0.19
[1500, 1500, 1600, 1500, 2011, 890, 988, 1600, 1001, 1001, 1001, 1001, 1500, 1500, 1500, 1500]
[1500, 1500, 1600, 1500, 2011, 890, 988, 1600, 1001, 1001, 1001, 1001, 1500, 1500, 1500, 1500]
[1500, 1500, 1600, 1500, 2011, 890, 988, 1600, 1001, 1001, 1001, 1001, 1500, 1500, 1500, 1500]
[1500, 1500, 1600, 1500, 2011, 890, 988, 1600, 1001, 1001, 1001, 1001, 1500, 1500, 1500, 1500]
[1500, 1500, 1600, 1500, 2011, 890, 988, 1600, 1001, 1001, 1001, 1001, 1500, 1500, 1500, 1500]
12:56:48.529115 Navigation got ALT: 0.19
[1500, 1500, 1600, 1500, 2011, 890, 988, 1600, 1001, 1001, 1001, 1001, 1500, 1500, 1500, 1500]
[1500, 1500, 1600, 1500, 2011, 890, 988, 1600, 1001, 1001, 1001, 1001, 1500, 1500, 1500, 1500]
12:56:48.542742 ALT: 0.19
12:56:48.542945 ATT: [-0.4, 1.0, 113]
12:56:48.543367 ACC: [-6, 0, 515]
[1500, 1500, 1600, 1500, 2011, 890, 988, 1600, 1001, 1001, 1001, 1001, 1500, 1500, 1500, 1500]
[1500, 1500, 1600, 1500, 2011, 890, 988, 1600, 1001, 1001, 1001, 1001, 1500, 1500, 1500, 1500]
[1500, 1500, 1600, 1500, 2011, 890, 988, 1600, 1001, 1001, 1001, 1001, 1500, 1500, 1500, 1500]
12:56:48.563453 Navigation got ALT: 0.19
[1500, 1500, 1600, 1500, 2011, 890, 988, 1600, 1001, 1001, 1001, 1001, 1500, 1500, 1500, 1500]
[1500, 1500, 1600, 1500, 2011, 890, 988, 1600, 1001, 1001, 1001, 1001, 1500, 1500, 1500, 1500]
[1500, 1500, 1600, 1500, 2011, 890, 988, 1600, 1001, 1001, 1001, 1001, 1500, 1500, 1500, 1500]
[1500, 1500, 1600, 1500, 2011, 890, 988, 1600, 1001, 1001, 1001, 1001, 1500, 1500, 1500, 1500]
[1500, 1500, 1600, 1500, 2011, 890, 988, 1600, 1001, 1001, 1001, 1001, 1500, 1500, 1500, 1500]
12:56:48.591272 ALT: 0.19
12:56:48.591395 ATT: [-0.4, 1.0, 113]
12:56:48.591777 ACC: [-6, 0, 516]
12:56:48.595813 Navigation got ALT: 0.19
[1500, 1500, 1600, 1500, 2011, 890, 988, 1600, 1001, 1001, 1001, 1001, 1500, 1500, 1500, 1500]
[1500, 1500, 1600, 1500, 2011, 890, 988, 1600, 1001, 1001, 1001, 1001, 1500, 1500, 1500, 1500]
[1500, 1500, 1600, 1500, 2011, 890, 988, 1600, 1001, 1001, 1001, 1001, 1500, 1500, 1500, 1500]
[1500, 1500, 1600, 1500, 2011, 890, 988, 1600, 1001, 1001, 1001, 1001, 1500, 1500, 1500, 1500]
[1500, 1500, 1600, 1500, 2011, 890, 988, 1600, 1001, 1001, 1001, 1001, 1500, 1500, 1500, 1500]
12:56:48.629091 Navigation got ALT: 0.19
[1500, 1500, 1600, 1500, 2012, 889, 988, 1600, 1001, 1001, 1001, 1001, 1500, 1500, 1500, 1500]
[1500, 1500, 1600, 1500, 2012, 889, 988, 1600, 1001, 1001, 1001, 1001, 1500, 1500, 1500, 1500]
12:56:48.639164 ALT: 0.19
12:56:48.639441 ATT: [-0.4, 1.0, 113]
12:56:48.640241 ACC: [-8, -3, 516]
[1500, 1500, 1600, 1500, 2012, 889, 988, 1600, 1001, 1001, 1001, 1001, 1500, 1500, 1500, 1500]
[1500, 1500, 1600, 1500, 2012, 889, 988, 1600, 1001, 1001, 1001, 1001, 1500, 1500, 1500, 1500]
[1500, 1500, 1600, 1500, 2012, 889, 988, 1600, 1001, 1001, 1001, 1001, 1500, 1500, 1500, 1500]
12:56:48.669341 Navigation got ALT: 0.19
[1500, 1501, 1600, 1500, 2011, 890, 988, 1600, 1001, 1001, 1001, 1001, 1500, 1500, 1500, 1500]
[1500, 1501, 1600, 1500, 2011, 890, 988, 1600, 1001, 1001, 1001, 1001, 1500, 1500, 1500, 1500]
[1500, 1501, 1600, 1500, 2011, 890, 988, 1600, 1001, 1001, 1001, 1001, 1500, 1500, 1500, 1500]
[1500, 1501, 1600, 1500, 2011, 890, 988, 1600, 1001, 1001, 1001, 1001, 1500, 1500, 1500, 1500]
[1500, 1501, 1600, 1500, 2011, 890, 988, 1600, 1001, 1001, 1001, 1001, 1500, 1500, 1500, 1500]
[1500, 1501, 1600, 1500, 2011, 890, 988, 1600, 1001, 1001, 1001, 1001, 1500, 1500, 1500, 1500]
12:56:48.705517 Navigation got ALT: 0.19
[1500, 1499, 1600, 1499, 2011, 890, 988, 1600, 1001, 1001, 1001, 1001, 1500, 1500, 1500, 1500]
[1500, 1499, 1600, 1499, 2011, 890, 988, 1600, 1001, 1001, 1001, 1001, 1500, 1500, 1500, 1500]
[1500, 1499, 1600, 1499, 2011, 890, 988, 1600, 1001, 1001, 1001, 1001, 1500, 1500, 1500, 1500]
[1500, 1499, 1600, 1499, 2011, 890, 988, 1600, 1001, 1001, 1001, 1001, 1500, 1500, 1500, 1500]
[1500, 1499, 1600, 1499, 2011, 890, 988, 1600, 1001, 1001, 1001, 1001, 1500, 1500, 1500, 1500]
12:56:48.734258 ALT: 0.19
12:56:48.734466 ATT: [-0.4, 1.0, 113]
12:56:48.734913 ACC: [-7, -1, 515]
12:56:48.738627 Navigation got ALT: 0.19
[1500, 1500, 1600, 1497, 2011, 890, 988, 1600, 1001, 1001, 1001, 1001, 1500, 1500, 1500, 1500]
[1500, 1500, 1600, 1497, 2011, 890, 988, 1600, 1001, 1001, 1001, 1001, 1500, 1500, 1500, 1500]
[1500, 1500, 1600, 1497, 2011, 890, 988, 1600, 1001, 1001, 1001, 1001, 1500, 1500, 1500, 1500]
[1500, 1500, 1600, 1497, 2011, 890, 988, 1600, 1001, 1001, 1001, 1001, 1500, 1500, 1500, 1500]
[1500, 1500, 1600, 1497, 2011, 890, 988, 1600, 1001, 1001, 1001, 1001, 1500, 1500, 1500, 1500]
12:56:48.782531 ALT: 0.19
12:56:48.782682 ATT: [-0.4, 1.0, 113]
12:56:48.783112 ACC: [-8, 0, 515]
12:56:48.789040 Navigation got ALT: 0.19
[1500, 1500, 1600, 1499, 2011, 890, 988, 1600, 1001, 1001, 1001, 1001, 1500, 1500, 1500, 1500]
[1500, 1500, 1600, 1499, 2011, 890, 988, 1600, 1001, 1001, 1001, 1001, 1500, 1500, 1500, 1500]
[1500, 1500, 1600, 1499, 2011, 890, 988, 1600, 1001, 1001, 1001, 1001, 1500, 1500, 1500, 1500]
[1500, 1500, 1600, 1499, 2011, 890, 988, 1600, 1001, 1001, 1001, 1001, 1500, 1500, 1500, 1500]
[1500, 1500, 1600, 1499, 2011, 890, 988, 1600, 1001, 1001, 1001, 1001, 1500, 1500, 1500, 1500]
[1500, 1500, 1600, 1499, 2011, 890, 988, 1600, 1001, 1001, 1001, 1001, 1500, 1500, 1500, 1500]
[1500, 1500, 1600, 1499, 2011, 890, 988, 1600, 1001, 1001, 1001, 1001, 1500, 1500, 1500, 1500]
12:56:48.819956 Navigation got ALT: 0.19
[1500, 1500, 1600, 1499, 2011, 890, 988, 1598, 1001, 1001, 1001, 1001, 1500, 1500, 1500, 1500]
[1500, 1500, 1600, 1499, 2011, 890, 988, 1598, 1001, 1001, 1001, 1001, 1500, 1500, 1500, 1500]
[1500, 1500, 1600, 1499, 2011, 890, 988, 1598, 1001, 1001, 1001, 1001, 1500, 1500, 1500, 1500]
12:56:48.830358 ALT: 0.19
12:56:48.830517 ATT: [-0.4, 1.0, 113]
12:56:48.830883 ACC: [-6, 0, 517]
[1500, 1500, 1600, 1499, 2011, 890, 988, 1598, 1001, 1001, 1001, 1001, 1500, 1500, 1500, 1500]
[1500, 1500, 1600, 1499, 2011, 890, 988, 1598, 1001, 1001, 1001, 1001, 1500, 1500, 1500, 1500]
[1500, 1500, 1600, 1499, 2011, 890, 988, 1598, 1001, 1001, 1001, 1001, 1500, 1500, 1500, 1500]
12:56:48.855782 Navigation got ALT: 0.19
[1500, 1500, 1600, 1500, 2011, 890, 988, 1600, 1001, 1001, 1001, 1001, 1500, 1500, 1500, 1500]
[1500, 1500, 1600, 1500, 2011, 890, 988, 1600, 1001, 1001, 1001, 1001, 1500, 1500, 1500, 1500]
12:56:48.887697 ALT: 0.19
12:56:48.887816 ATT: [-0.4, 1.0, 113]
12:56:48.888247 ACC: [-6, -1, 514]
12:56:48.890314 Navigation got ALT: 0.19
[1500, 1500, 1600, 1499, 2011, 890, 988, 1600, 1001, 1001, 1001, 1001, 1500, 1500, 1500, 1500]
[1500, 1500, 1600, 1499, 2011, 890, 988, 1600, 1001, 1001, 1001, 1001, 1500, 1500, 1500, 1500]
[1500, 1500, 1600, 1499, 2011, 890, 988, 1600, 1001, 1001, 1001, 1001, 1500, 1500, 1500, 1500]
[1500, 1500, 1600, 1499, 2011, 890, 988, 1600, 1001, 1001, 1001, 1001, 1500, 1500, 1500, 1500]
[1500, 1500, 1600, 1499, 2011, 890, 988, 1600, 1001, 1001, 1001, 1001, 1500, 1500, 1500, 1500]
[1500, 1500, 1600, 1499, 2011, 890, 988, 1600, 1001, 1001, 1001, 1001, 1500, 1500, 1500, 1500]
[1500, 1500, 1600, 1499, 2011, 890, 988, 1600, 1001, 1001, 1001, 1001, 1500, 1500, 1500, 1500]
[1500, 1500, 1600, 1499, 2011, 890, 988, 1600, 1001, 1001, 1001, 1001, 1500, 1500, 1500, 1500]
12:56:48.929988 Navigation got ALT: 0.19
[1500, 1500, 1600, 1500, 2011, 890, 988, 1598, 1001, 1001, 1001, 1001, 1500, 1500, 1500, 1500]
[1500, 1500, 1600, 1500, 2011, 890, 988, 1598, 1001, 1001, 1001, 1001, 1500, 1500, 1500, 1500]
[1500, 1500, 1600, 1500, 2011, 890, 988, 1598, 1001, 1001, 1001, 1001, 1500, 1500, 1500, 1500]
[1500, 1500, 1600, 1500, 2011, 890, 988, 1598, 1001, 1001, 1001, 1001, 1500, 1500, 1500, 1500]
[1500, 1500, 1600, 1500, 2011, 890, 988, 1598, 1001, 1001, 1001, 1001, 1500, 1500, 1500, 1500]
[1500, 1500, 1600, 1500, 2011, 890, 988, 1598, 1001, 1001, 1001, 1001, 1500, 1500, 1500, 1500]
12:56:48.958316 ALT: 0.19
12:56:48.958446 ATT: [-0.4, 1.0, 113]
12:56:48.958783 ACC: [-6, 1, 514]
12:56:48.962423 Navigation got ALT: 0.19
[1500, 1500, 1600, 1499, 2011, 890, 988, 1600, 1001, 1001, 1001, 1001, 1500, 1500, 1500, 1500]
[1500, 1500, 1600, 1499, 2011, 890, 988, 1600, 1001, 1001, 1001, 1001, 1500, 1500, 1500, 1500]
[1500, 1500, 1600, 1499, 2011, 890, 988, 1600, 1001, 1001, 1001, 1001, 1500, 1500, 1500, 1500]
[1500, 1500, 1600, 1499, 2011, 890, 988, 1600, 1001, 1001, 1001, 1001, 1500, 1500, 1500, 1500]
[1500, 1500, 1600, 1499, 2011, 890, 988, 1600, 1001, 1001, 1001, 1001, 1500, 1500, 1500, 1500]
12:56:48.999688 Navigation got ALT: 0.19
[1500, 1500, 1600, 1500, 2011, 890, 988, 1600, 1001, 1001, 1001, 1001, 1500, 1500, 1500, 1500]
[1500, 1500, 1600, 1500, 2011, 890, 988, 1600, 1001, 1001, 1001, 1001, 1500, 1500, 1500, 1500]
12:56:49.006426 ALT: 0.19
12:56:49.006545 ATT: [-0.4, 1.0, 113]
12:56:49.006944 ACC: [-6, 1, 515]
[1500, 1500, 1600, 1500, 2011, 890, 988, 1600, 1001, 1001, 1001, 1001, 1500, 1500, 1500, 1500]
[1500, 1500, 1600, 1500, 2011, 890, 988, 1600, 1001, 1001, 1001, 1001, 1500, 1500, 1500, 1500]
[1500, 1500, 1600, 1500, 2011, 890, 988, 1600, 1001, 1001, 1001, 1001, 1500, 1500, 1500, 1500]
12:56:49.029702 Navigation got ALT: 0.19
*** TARGETING mode ***
* Target Target(0, 0) received.
Anchor YAW: 113, current YAW: 113
[1500, 1500, 1600, 1500, 2012, 986, 988, 1500, 1001, 1001, 1001, 1001, 1500, 1500, 1500, 1500]
[1500, 1500, 1600, 1500, 2012, 986, 988, 1500, 1001, 1001, 1001, 1001, 1500, 1500, 1500, 1500]
[1500, 1500, 1600, 1500, 2012, 986, 988, 1500, 1001, 1001, 1001, 1001, 1500, 1500, 1500, 1500]
[1500, 1500, 1600, 1500, 2012, 986, 988, 1500, 1001, 1001, 1001, 1001, 1500, 1500, 1500, 1500]
12:56:49.054326 ALT: 0.19
12:56:49.054439 ATT: [-0.4, 1.0, 113]
12:56:49.054828 ACC: [-7, 1, 514]
[1500, 1500, 1600, 1500, 2012, 986, 988, 1500, 1001, 1001, 1001, 1001, 1500, 1500, 1500, 1500]
12:56:49.062301 Navigation got ALT: 0.19
*** TARGETING mode ***
* Target Target(-78, 6) received.
Anchor YAW: 113, current YAW: 113
[1500, 1500, 1600, 1438, 2011, 988, 988, 1499, 1001, 1001, 1001, 1001, 1500, 1500, 1500, 1500]
[1500, 1500, 1600, 1438, 2011, 988, 988, 1499, 1001, 1001, 1001, 1001, 1500, 1500, 1500, 1500]
[1500, 1500, 1600, 1438, 2011, 988, 988, 1499, 1001, 1001, 1001, 1001, 1500, 1500, 1500, 1500]
[1500, 1500, 1600, 1438, 2011, 988, 988, 1499, 1001, 1001, 1001, 1001, 1500, 1500, 1500, 1500]
[1500, 1500, 1600, 1438, 2011, 988, 988, 1499, 1001, 1001, 1001, 1001, 1500, 1500, 1500, 1500]
12:56:49.097080 Navigation got ALT: 0.19
*** TARGETING mode ***
* Target Target(-77, 6) received.
Anchor YAW: 113, current YAW: 113
[1500, 1500, 1600, 1438, 2011, 988, 988, 1500, 1001, 1001, 1001, 1001, 1500, 1500, 1500, 1500]
12:56:49.102309 ALT: 0.19
12:56:49.102438 ATT: [-0.4, 1.0, 113]
12:56:49.102863 ACC: [-7, -3, 515]
[1500, 1500, 1600, 1438, 2011, 988, 988, 1500, 1001, 1001, 1001, 1001, 1500, 1500, 1500, 1500]
[1500, 1500, 1600, 1438, 2011, 988, 988, 1500, 1001, 1001, 1001, 1001, 1500, 1500, 1500, 1500]
[1500, 1500, 1600, 1438, 2011, 988, 988, 1500, 1001, 1001, 1001, 1001, 1500, 1500, 1500, 1500]
[1500, 1500, 1600, 1438, 2011, 988, 988, 1500, 1001, 1001, 1001, 1001, 1500, 1500, 1500, 1500]
12:56:49.129080 Navigation got ALT: 0.19
*** TARGETING mode ***
* Target Target(-77, 7) received.
Anchor YAW: 113, current YAW: 113
                                                                                                   [1500, 1500, 1600, 1438, 2011, 988, 988, 1500, 1001, 1001, 1001, 1001, 1500, 1500, 1500, 1500]
[1500, 1500, 1600, 1438, 2011, 988, 988, 1500, 1001, 1001, 1001, 1001, 1500, 1500, 1500, 1500]
[1500, 1500, 1600, 1438, 2011, 988, 988, 1500, 1001, 1001, 1001, 1001, 1500, 1500, 1500, 1500]
[1500, 1500, 1600, 1438, 2011, 988, 988, 1500, 1001, 1001, 1001, 1001, 1500, 1500, 1500, 1500]
12:56:49.150428 ALT: 0.19
12:56:49.150590 ATT: [-0.4, 1.0, 113]
12:56:49.150964 ACC: [-8, -2, 517]
[1500, 1500, 1600, 1438, 2011, 988, 988, 1500, 1001, 1001, 1001, 1001, 1500, 1500, 1500, 1500]
12:56:49.162569 Navigation got ALT: 0.19
*** TARGETING mode ***
* Target Target(-76, 6) received.
Anchor YAW: 113, current YAW: 113
[1500, 1500, 1600, 1439, 2011, 988, 988, 1500, 1001, 1001, 1001, 1001, 1500, 1500, 1500, 1500]
[1500, 1500, 1600, 1439, 2011, 988, 988, 1500, 1001, 1001, 1001, 1001, 1500, 1500, 1500, 1500]
[1500, 1500, 1600, 1439, 2011, 988, 988, 1500, 1001, 1001, 1001, 1001, 1500, 1500, 1500, 1500]
[1500, 1500, 1600, 1439, 2011, 988, 988, 1500, 1001, 1001, 1001, 1001, 1500, 1500, 1500, 1500]
[1500, 1500, 1600, 1439, 2011, 988, 988, 1500, 1001, 1001, 1001, 1001, 1500, 1500, 1500, 1500]
12:56:49.196499 Navigation got ALT: 0.19
*** TARGETING mode ***
12:56:49.211428 ALT: 0.19
12:56:49.211704 ATT: [-0.4, 1.0, 113]
12:56:49.212612 ACC: [-7, 0, 513]
* Target Target(-77, 6) received.
Anchor YAW: 113, current YAW: 113
[1500, 1500, 1600, 1438, 2011, 988, 988, 1500, 1001, 1001, 1001, 1001, 1500, 1500, 1500, 1500]
[1500, 1500, 1600, 1438, 2011, 988, 988, 1500, 1001, 1001, 1001, 1001, 1500, 1500, 1500, 1500]
[1500, 1500, 1600, 1438, 2011, 988, 988, 1500, 1001, 1001, 1001, 1001, 1500, 1500, 1500, 1500]
[1500, 1500, 1600, 1438, 2011, 988, 988, 1500, 1001, 1001, 1001, 1001, 1500, 1500, 1500, 1500]
[1500, 1500, 1600, 1438, 2011, 988, 988, 1500, 1001, 1001, 1001, 1001, 1500, 1500, 1500, 1500]
12:56:49.230385 Navigation got ALT: 0.19
*** TARGETING mode ***
* Target Target(-76, 5) received.
Anchor YAW: 113, current YAW: 113
[1500, 1500, 1600, 1500, 2009, 988, 988, 1500, 1001, 1001, 1001, 1001, 1500, 1500, 1500, 1500]
[1500, 1500, 1600, 1500, 2009, 988, 988, 1500, 1001, 1001, 1001, 1001, 1500, 1500, 1500, 1500]
[1500, 1500, 1600, 1500, 2009, 988, 988, 1500, 1001, 1001, 1001, 1001, 1500, 1500, 1500, 1500]
[1500, 1500, 1600, 1500, 2009, 988, 988, 1500, 1001, 1001, 1001, 1001, 1500, 1500, 1500, 1500]
[1500, 1500, 1600, 1500, 2009, 988, 988, 1500, 1001, 1001, 1001, 1001, 1500, 1500, 1500, 1500]
12:56:49.263085 ALT: 0.15
12:56:49.263236 ATT: [-0.4, 1.0, 113]
12:56:49.263731 ACC: [-7, 0, 514]
12:56:49.265703 Navigation got ALT: 0.15
*** TARGETING mode ***
* Target Target(-77, 6) received.
Anchor YAW: 113, current YAW: 113
[1500, 1500, 1600, 1438, 2011, 988, 988, 1500, 1001, 1001, 1001, 1001, 1500, 1500, 1500, 1500]
[1500, 1500, 1600, 1438, 2011, 988, 988, 1500, 1001, 1001, 1001, 1001, 1500, 1500, 1500, 1500]
[1500, 1500, 1600, 1438, 2011, 988, 988, 1500, 1001, 1001, 1001, 1001, 1500, 1500, 1500, 1500]
[1500, 1500, 1600, 1438, 2011, 988, 988, 1500, 1001, 1001, 1001, 1001, 1500, 1500, 1500, 1500]
[1500, 1500, 1600, 1438, 2011, 988, 988, 1500, 1001, 1001, 1001, 1001, 1500, 1500, 1500, 1500]
[1500, 1500, 1600, 1438, 2011, 988, 988, 1500, 1001, 1001, 1001, 1001, 1500, 1500, 1500, 1500]
12:56:49.303366 Navigation got ALT: 0.15
*** TARGETING mode ***
* Target Target(-75, 6) received.
Anchor YAW: 113, current YAW: 113
[1500, 1500, 1600, 1440, 2011, 988, 988, 1500, 1001, 1001, 1001, 1001, 1500, 1500, 1500, 1500]
12:56:49.320379 ALT: 0.12
12:56:49.320535 ATT: [-0.5, 1.0, 113]
12:56:49.321099 ACC: [-7, -2, 516]
[1500, 1500, 1600, 1440, 2011, 988, 988, 1500, 1001, 1001, 1001, 1001, 1500, 1500, 1500, 1500]
[1500, 1500, 1600, 1440, 2011, 988, 988, 1500, 1001, 1001, 1001, 1001, 1500, 1500, 1500, 1500]
[1500, 1500, 1600, 1440, 2011, 988, 988, 1500, 1001, 1001, 1001, 1001, 1500, 1500, 1500, 1500]
12:56:49.343490 Navigation got ALT: 0.12
*** TARGETING mode ***
* Target Target(-76, 6) received.
Anchor YAW: 113, current YAW: 113
[1500, 1500, 1600, 1439, 2011, 988, 988, 1500, 1001, 1001, 1001, 1001, 1500, 1500, 1500, 1500]
[1500, 1500, 1600, 1439, 2011, 988, 988, 1500, 1001, 1001, 1001, 1001, 1500, 1500, 1500, 1500]
[1500, 1500, 1600, 1439, 2011, 988, 988, 1500, 1001, 1001, 1001, 1001, 1500, 1500, 1500, 1500]
[1500, 1500, 1600, 1439, 2011, 988, 988, 1500, 1001, 1001, 1001, 1001, 1500, 1500, 1500, 1500]
[1500, 1500, 1600, 1439, 2011, 988, 988, 1500, 1001, 1001, 1001, 1001, 1500, 1500, 1500, 1500]
[1500, 1500, 1600, 1439, 2011, 988, 988, 1500, 1001, 1001, 1001, 1001, 1500, 1500, 1500, 1500]
[1500, 1500, 1600, 1439, 2011, 988, 988, 1500, 1001, 1001, 1001, 1001, 1500, 1500, 1500, 1500]
12:56:49.374429 ALT: 0.11
12:56:49.374589 ATT: [-0.4, 1.0, 113]
12:56:49.375388 ACC: [-8, 1, 515]
12:56:49.377319 Navigation got ALT: 0.11
*** TARGETING mode ***
* Target Target(-75, 7) received.
Anchor YAW: 113, current YAW: 113
[1500, 1500, 1600, 1440, 2011, 988, 989, 1497, 1001, 1001, 1001, 1001, 1500, 1500, 1500, 1500]
[1500, 1500, 1600, 1440, 2011, 988, 989, 1497, 1001, 1001, 1001, 1001, 1500, 1500, 1500, 1500]
[1500, 1500, 1600, 1440, 2011, 988, 989, 1497, 1001, 1001, 1001, 1001, 1500, 1500, 1500, 1500]
[1500, 1500, 1600, 1440, 2011, 988, 989, 1497, 1001, 1001, 1001, 1001, 1500, 1500, 1500, 1500]
[1500, 1500, 1600, 1440, 2011, 988, 989, 1497, 1001, 1001, 1001, 1001, 1500, 1500, 1500, 1500]
12:56:49.408998 Navigation got ALT: 0.11
*** TARGETING mode ***
* Target Target(-76, 6) received.
Anchor YAW: 113, current YAW: 113
[1500, 1500, 1600, 1439, 2011, 988, 988, 1500, 1001, 1001, 1001, 1001, 1500, 1500, 1500, 1500]
[1500, 1500, 1600, 1439, 2011, 988, 988, 1500, 1001, 1001, 1001, 1001, 1500, 1500, 1500, 1500]
12:56:49.423861 ALT: 0.11
12:56:49.424140 ATT: [-0.4, 1.0, 113]
12:56:49.425000 ACC: [-6, 0, 515]
[1500, 1500, 1600, 1439, 2011, 988, 988, 1500, 1001, 1001, 1001, 1001, 1500, 1500, 1500, 1500]
[1500, 1500, 1600, 1439, 2011, 988, 988, 1500, 1001, 1001, 1001, 1001, 1500, 1500, 1500, 1500]
[1500, 1500, 1600, 1439, 2011, 988, 988, 1500, 1001, 1001, 1001, 1001, 1500, 1500, 1500, 1500]
12:56:49.443168 Navigation got ALT: 0.11
*** TARGETING mode ***
* Target Target(-76, 6) received.
Anchor YAW: 113, current YAW: 113
[1500, 1500, 1600, 1439, 2011, 988, 988, 1500, 1001, 1001, 1001, 1001, 1500, 1500, 1500, 1500]
[1500, 1500, 1600, 1439, 2011, 988, 988, 1500, 1001, 1001, 1001, 1001, 1500, 1500, 1500, 1500]
[1500, 1500, 1600, 1439, 2011, 988, 988, 1500, 1001, 1001, 1001, 1001, 1500, 1500, 1500, 1500]
[1500, 1500, 1600, 1439, 2011, 988, 988, 1500, 1001, 1001, 1001, 1001, 1500, 1500, 1500, 1500]
[1500, 1500, 1600, 1439, 2011, 988, 988, 1500, 1001, 1001, 1001, 1001, 1500, 1500, 1500, 1500]
12:56:49.476542 Navigation got ALT: 0.11
*** TARGETING mode ***
* Target Target(-76, 7) received.
Anchor YAW: 113, current YAW: 113
[1500, 1500, 1600, 1439, 2011, 988, 988, 1500, 1001, 1001, 1001, 1001, 1500, 1500, 1500, 1500]
[1500, 1500, 1600, 1439, 2011, 988, 988, 1500, 1001, 1001, 1001, 1001, 1500, 1500, 1500, 1500]
12:56:49.486724 ALT: 0.11
12:56:49.486868 ATT: [-0.4, 1.0, 113]
12:56:49.487290 ACC: [-7, 1, 514]
[1500, 1500, 1600, 1439, 2011, 988, 988, 1500, 1001, 1001, 1001, 1001, 1500, 1500, 1500, 1500]
[1500, 1500, 1600, 1439, 2011, 988, 988, 1500, 1001, 1001, 1001, 1001, 1500, 1500, 1500, 1500]
[1500, 1500, 1600, 1439, 2011, 988, 988, 1500, 1001, 1001, 1001, 1001, 1500, 1500, 1500, 1500]
12:56:49.511012 Navigation got ALT: 0.11
*** TARGETING mode ***
* Target Target(-77, 6) received.
Anchor YAW: 113, current YAW: 113
[1500, 1500, 1600, 1438, 2011, 988, 988, 1500, 1001, 1001, 1001, 1001, 1500, 1500, 1500, 1500]
[1500, 1500, 1600, 1438, 2011, 988, 988, 1500, 1001, 1001, 1001, 1001, 1500, 1500, 1500, 1500]
[1500, 1500, 1600, 1438, 2011, 988, 988, 1500, 1001, 1001, 1001, 1001, 1500, 1500, 1500, 1500]
[1500, 1500, 1600, 1438, 2011, 988, 988, 1500, 1001, 1001, 1001, 1001, 1500, 1500, 1500, 1500]
12:56:49.534929 ALT: 0.11
12:56:49.535258 ATT: [-0.4, 1.0, 113]
12:56:49.536237 ACC: [-7, -3, 516]
[1500, 1500, 1600, 1438, 2011, 988, 988, 1500, 1001, 1001, 1001, 1001, 1500, 1500, 1500, 1500]
12:56:49.543247 Navigation got ALT: 0.11
*** TARGETING mode ***
* Target Target(-76, 6) received.
Anchor YAW: 113, current YAW: 113
[1500, 1500, 1600, 1439, 2011, 988, 986, 1500, 1001, 1001, 1001, 1001, 1500, 1500, 1500, 1500]
[1500, 1500, 1600, 1439, 2011, 988, 986, 1500, 1001, 1001, 1001, 1001, 1500, 1500, 1500, 1500]
[1500, 1500, 1600, 1439, 2011, 988, 986, 1500, 1001, 1001, 1001, 1001, 1500, 1500, 1500, 1500]
[1500, 1500, 1600, 1439, 2011, 988, 986, 1500, 1001, 1001, 1001, 1001, 1500, 1500, 1500, 1500]
[1500, 1500, 1600, 1439, 2011, 988, 986, 1500, 1001, 1001, 1001, 1001, 1500, 1500, 1500, 1500]
12:56:49.575741 Navigation got ALT: 0.11
*** TARGETING mode ***
* Target Target(-76, 6) received.
Anchor YAW: 113, current YAW: 113
[1500, 1500, 1600, 1439, 2011, 988, 988, 1500, 1001, 1001, 1001, 1001, 1500, 1500, 1500, 1500]
[1500, 1500, 1600, 1439, 2011, 988, 988, 1500, 1001, 1001, 1001, 1001, 1500, 1500, 1500, 1500]
[1500, 1500, 1600, 1439, 2011, 988, 988, 1500, 1001, 1001, 1001, 1001, 1500, 1500, 1500, 1500]
[1500, 1500, 1600, 1439, 2011, 988, 988, 1500, 1001, 1001, 1001, 1001, 1500, 1500, 1500, 1500]
12:56:49.598444 ALT: 0.11
12:56:49.598553 ATT: [-0.5, 1.0, 113]
12:56:49.598881 ACC: [-7, 0, 516]
[1500, 1500, 1600, 1439, 2011, 988, 988, 1500, 1001, 1001, 1001, 1001, 1500, 1500, 1500, 1500]
12:56:49.609327 Navigation got ALT: 0.11
*** TARGETING mode ***
* Target Target(-76, 5) received.
Anchor YAW: 113, current YAW: 113
[1500, 1500, 1600, 1439, 2011, 988, 988, 1501, 1001, 1001, 1001, 1001, 1500, 1500, 1500, 1500]
[1500, 1500, 1600, 1439, 2011, 988, 988, 1501, 1001, 1001, 1001, 1001, 1500, 1500, 1500, 1500]
[1500, 1500, 1600, 1439, 2011, 988, 988, 1501, 1001, 1001, 1001, 1001, 1500, 1500, 1500, 1500]
[1500, 1500, 1600, 1439, 2011, 988, 988, 1501, 1001, 1001, 1001, 1001, 1500, 1500, 1500, 1500]
[1500, 1500, 1600, 1439, 2011, 988, 988, 1501, 1001, 1001, 1001, 1001, 1500, 1500, 1500, 1500]
12:56:49.642497 Navigation got ALT: 0.11
*** TARGETING mode ***
* Target Target(-76, 6) received.
Anchor YAW: 113, current YAW: 113
[1500, 1500, 1600, 1439, 2009, 988, 988, 1500, 1001, 1001, 1001, 1001, 1500, 1500, 1500, 1500]
12:56:49.646704 ALT: 0.11
12:56:49.646833 ATT: [-0.5, 1.0, 113]
12:56:49.647149 ACC: [-7, 0, 515]
[1500, 1500, 1600, 1439, 2009, 988, 988, 1500, 1001, 1001, 1001, 1001, 1500, 1500, 1500, 1500]
[1500, 1500, 1600, 1439, 2009, 988, 988, 1500, 1001, 1001, 1001, 1001, 1500, 1500, 1500, 1500]
[1500, 1500, 1600, 1439, 2009, 988, 988, 1500, 1001, 1001, 1001, 1001, 1500, 1500, 1500, 1500]
12:56:49.672498 Navigation got ALT: 0.11
*** TARGETING mode ***
* Target Target(-76, 6) received.
Anchor YAW: 113, current YAW: 113
[1500, 1500, 1600, 1500, 2011, 988, 991, 1499, 1001, 1001, 1001, 1001, 1500, 1500, 1500, 1500]
[1500, 1500, 1600, 1500, 2011, 988, 991, 1499, 1001, 1001, 1001, 1001, 1500, 1500, 1500, 1500]
[1500, 1500, 1600, 1500, 2011, 988, 991, 1499, 1001, 1001, 1001, 1001, 1500, 1500, 1500, 1500]
[1500, 1500, 1600, 1500, 2011, 988, 991, 1499, 1001, 1001, 1001, 1001, 1500, 1500, 1500, 1500]
12:56:49.694470 ALT: 0.11
12:56:49.694648 ATT: [-0.5, 1.0, 113]
12:56:49.695372 ACC: [-6, 0, 514]
[1500, 1500, 1600, 1500, 2011, 988, 991, 1499, 1001, 1001, 1001, 1001, 1500, 1500, 1500, 1500]
12:56:49.703228 Navigation got ALT: 0.11
*** TARGETING mode ***
* Target Target(-75, 6) received.
Anchor YAW: 113, current YAW: 113
[1500, 1500, 1600, 1440, 2011, 988, 988, 1500, 1001, 1001, 1001, 1001, 1500, 1500, 1500, 1500]
[1500, 1500, 1600, 1440, 2011, 988, 988, 1500, 1001, 1001, 1001, 1001, 1500, 1500, 1500, 1500]
[1500, 1500, 1600, 1440, 2011, 988, 988, 1500, 1001, 1001, 1001, 1001, 1500, 1500, 1500, 1500]
[1500, 1500, 1600, 1440, 2011, 988, 988, 1500, 1001, 1001, 1001, 1001, 1500, 1500, 1500, 1500]
[1500, 1500, 1600, 1440, 2011, 988, 988, 1500, 1001, 1001, 1001, 1001, 1500, 1500, 1500, 1500]
12:56:49.735781 Navigation got ALT: 0.11
*** TARGETING mode ***
* Target Target(-75, 7) received.
Anchor YAW: 113, current YAW: 113
[1500, 1500, 1600, 1440, 2011, 988, 988, 1500, 1001, 1001, 1001, 1001, 1500, 1500, 1500, 1500]
[1500, 1500, 1600, 1440, 2011, 988, 988, 1500, 1001, 1001, 1001, 1001, 1500, 1500, 1500, 1500]
12:56:49.744138 ALT: 0.11
12:56:49.744358 ATT: [-0.4, 1.0, 113]
12:56:49.744705 ACC: [-6, 1, 515]
[1500, 1500, 1600, 1440, 2011, 988, 988, 1500, 1001, 1001, 1001, 1001, 1500, 1500, 1500, 1500]
[1500, 1500, 1600, 1440, 2011, 988, 988, 1500, 1001, 1001, 1001, 1001, 1500, 1500, 1500, 1500]
[1500, 1500, 1600, 1440, 2011, 988, 988, 1500, 1001, 1001, 1001, 1001, 1500, 1500, 1500, 1500]
12:56:49.769889 Navigation got ALT: 0.11
*** TARGETING mode ***
* Target Target(-75, 7) received.
Anchor YAW: 113, current YAW: 113
[1500, 1500, 1600, 1440, 2011, 988, 988, 1500, 1001, 1001, 1001, 1001, 1500, 1500, 1500, 1500]
[1500, 1500, 1600, 1440, 2011, 988, 988, 1500, 1001, 1001, 1001, 1001, 1500, 1500, 1500, 1500]
[1500, 1500, 1600, 1440, 2011, 988, 988, 1500, 1001, 1001, 1001, 1001, 1500, 1500, 1500, 1500]
[1500, 1500, 1600, 1440, 2011, 988, 988, 1500, 1001, 1001, 1001, 1001, 1500, 1500, 1500, 1500]
12:56:49.790531 ALT: 0.11
12:56:49.790681 ATT: [-0.5, 1.0, 113]
12:56:49.791155 ACC: [-6, 1, 514]
[1500, 1500, 1600, 1440, 2011, 988, 988, 1500, 1001, 1001, 1001, 1001, 1500, 1500, 1500, 1500]
12:56:49.802482 Navigation got ALT: 0.11
*** TARGETING mode ***
* Target Target(-75, 6) received.
Anchor YAW: 113, current YAW: 113
[1500, 1500, 1600, 1440, 2011, 988, 988, 1500, 1001, 1001, 1001, 1001, 1500, 1500, 1500, 1500]
[1500, 1500, 1600, 1440, 2011, 988, 988, 1500, 1001, 1001, 1001, 1001, 1500, 1500, 1500, 1500]
[1500, 1500, 1600, 1440, 2011, 988, 988, 1500, 1001, 1001, 1001, 1001, 1500, 1500, 1500, 1500]
[1500, 1500, 1600, 1440, 2011, 988, 988, 1500, 1001, 1001, 1001, 1001, 1500, 1500, 1500, 1500]
[1500, 1500, 1600, 1440, 2011, 988, 988, 1500, 1001, 1001, 1001, 1001, 1500, 1500, 1500, 1500]
12:56:49.836275 Navigation got ALT: 0.11
*** TARGETING mode ***
* Target Target(-75, 5) received.
Anchor YAW: 113, current YAW: 113
[1500, 1500, 1600, 1440, 2011, 988, 988, 1500, 1001, 1001, 1001, 1001, 1500, 1500, 1500, 1500]
[1500, 1500, 1600, 1440, 2011, 988, 988, 1500, 1001, 1001, 1001, 1001, 1500, 1500, 1500, 1500]
12:56:49.843672 ALT: 0.11
12:56:49.843776 ATT: [-0.4, 1.0, 113]
12:56:49.844134 ACC: [-8, -1, 515]
[1500, 1500, 1600, 1440, 2011, 988, 988, 1500, 1001, 1001, 1001, 1001, 1500, 1500, 1500, 1500]
[1500, 1500, 1600, 1440, 2011, 988, 988, 1500, 1001, 1001, 1001, 1001, 1500, 1500, 1500, 1500]
[1500, 1500, 1600, 1440, 2011, 988, 988, 1500, 1001, 1001, 1001, 1001, 1500, 1500, 1500, 1500]
12:56:49.869191 Navigation got ALT: 0.11
*** TARGETING mode ***
Anchor YAW: 113, current YAW: 113
[1500, 1500, 1600, 1440, 2011, 988, 988, 1500, 1001, 1001, 1001, 1001, 1500, 1500, 1500, 1500]
[1500, 1500, 1600, 1440, 2011, 988, 988, 1500, 1001, 1001, 1001, 1001, 1500, 1500, 1500, 1500]
[1500, 1500, 1600, 1440, 2011, 988, 988, 1500, 1001, 1001, 1001, 1001, 1500, 1500, 1500, 1500]
[1500, 1500, 1600, 1440, 2011, 988, 988, 1500, 1001, 1001, 1001, 1001, 1500, 1500, 1500, 1500]
12:56:49.893738 ALT: 0.11
12:56:49.893923 ATT: [-0.4, 1.0, 113]
12:56:49.894413 ACC: [-8, -1, 516]
12:56:49.907881 Navigation got ALT: 0.11
*** TARGETING mode ***
Anchor YAW: 113, current YAW: 113
[1500, 1500, 1600, 1440, 2011, 988, 988, 1500, 1001, 1001, 1001, 1001, 1500, 1500, 1500, 1500]
[1500, 1500, 1600, 1440, 2011, 988, 988, 1500, 1001, 1001, 1001, 1001, 1500, 1500, 1500, 1500]
[1500, 1500, 1600, 1440, 2011, 988, 988, 1500, 1001, 1001, 1001, 1001, 1500, 1500, 1500, 1500]
[1500, 1500, 1600, 1440, 2011, 988, 988, 1500, 1001, 1001, 1001, 1001, 1500, 1500, 1500, 1500]
[1500, 1500, 1600, 1440, 2011, 988, 988, 1500, 1001, 1001, 1001, 1001, 1500, 1500, 1500, 1500]
[1500, 1500, 1600, 1440, 2011, 988, 988, 1500, 1001, 1001, 1001, 1001, 1500, 1500, 1500, 1500]
12:56:49.934500 ALT: 0.11
12:56:49.934609 ATT: [-0.4, 1.0, 113]
12:56:49.934973 ACC: [-7, -1, 515]
[1500, 1500, 1600, 1440, 2011, 988, 988, 1500, 1001, 1001, 1001, 1001, 1500, 1500, 1500, 1500]
12:56:49.944797 Navigation got ALT: 0.11
*** TARGETING mode ***
* Target Target(-76, 5) received.
Anchor YAW: 113, current YAW: 113
[1500, 1500, 1600, 1439, 2011, 988, 988, 1500, 1001, 1001, 1001, 1001, 1500, 1500, 1500, 1500]
[1500, 1500, 1600, 1439, 2011, 988, 988, 1500, 1001, 1001, 1001, 1001, 1500, 1500, 1500, 1500]
[1500, 1500, 1600, 1439, 2011, 988, 988, 1500, 1001, 1001, 1001, 1001, 1500, 1500, 1500, 1500]
[1500, 1500, 1600, 1439, 2011, 988, 988, 1500, 1001, 1001, 1001, 1001, 1500, 1500, 1500, 1500]
[1500, 1500, 1600, 1439, 2011, 988, 988, 1500, 1001, 1001, 1001, 1001, 1500, 1500, 1500, 1500]
12:56:49.977097 Navigation got ALT: 0.11
*** TARGETING mode ***
Anchor YAW: 113, current YAW: 113
[1500, 1500, 1600, 1439, 2011, 988, 988, 1500, 1001, 1001, 1001, 1001, 1500, 1500, 1500, 1500]
12:56:49.982585 ALT: 0.11
12:56:49.982710 ATT: [-0.4, 1.0, 113]
12:56:49.983003 ACC: [-8, -1, 515]
[1500, 1500, 1600, 1439, 2011, 988, 988, 1500, 1001, 1001, 1001, 1001, 1500, 1500, 1500, 1500]
[1500, 1500, 1600, 1439, 2011, 988, 988, 1500, 1001, 1001, 1001, 1001, 1500, 1500, 1500, 1500]
[1500, 1500, 1600, 1439, 2011, 988, 988, 1500, 1001, 1001, 1001, 1001, 1500, 1500, 1500, 1500]
[1500, 1500, 1600, 1439, 2011, 988, 988, 1500, 1001, 1001, 1001, 1001, 1500, 1500, 1500, 1500]
12:56:50.009788 Navigation got ALT: 0.11
*** TARGETING mode ***
Anchor YAW: 113, current YAW: 113
[1500, 1500, 1600, 1439, 2011, 988, 988, 1500, 1001, 1001, 1001, 1001, 1500, 1500, 1500, 1500]
[1500, 1500, 1600, 1439, 2011, 988, 988, 1500, 1001, 1001, 1001, 1001, 1500, 1500, 1500, 1500]
[1500, 1500, 1600, 1439, 2011, 988, 988, 1500, 1001, 1001, 1001, 1001, 1500, 1500, 1500, 1500]
[1500, 1500, 1600, 1439, 2011, 988, 988, 1500, 1001, 1001, 1001, 1001, 1500, 1500, 1500, 1500]
12:56:50.044280 Navigation got ALT: 0.11
*** TARGETING mode ***
* Target Target(-75, 6) received.
Anchor YAW: 113, current YAW: 113
[1500, 1500, 1600, 1440, 2011, 988, 988, 1500, 1001, 1001, 1001, 1001, 1500, 1500, 1500, 1500]
[1500, 1500, 1600, 1440, 2011, 988, 988, 1500, 1001, 1001, 1001, 1001, 1500, 1500, 1500, 1500]
[1500, 1500, 1600, 1440, 2011, 988, 988, 1500, 1001, 1001, 1001, 1001, 1500, 1500, 1500, 1500]
[1500, 1500, 1600, 1440, 2011, 988, 988, 1500, 1001, 1001, 1001, 1001, 1500, 1500, 1500, 1500]
12:56:50.062512 ALT: 0.11
12:56:50.062637 ATT: [-0.4, 1.0, 112]
12:56:50.063520 ACC: [-7, -1, 514]
[1500, 1500, 1600, 1440, 2011, 988, 988, 1500, 1001, 1001, 1001, 1001, 1500, 1500, 1500, 1500]
[1500, 1500, 1600, 1440, 2011, 988, 988, 1500, 1001, 1001, 1001, 1001, 1500, 1500, 1500, 1500]
12:56:50.075696 Navigation got ALT: 0.11
*** TARGETING mode ***
Anchor YAW: 113, current YAW: 112
[1490, 1500, 1600, 1440, 2011, 988, 988, 1500, 1001, 1001, 1001, 1001, 1500, 1500, 1500, 1500]
[1490, 1500, 1600, 1440, 2011, 988, 988, 1500, 1001, 1001, 1001, 1001, 1500, 1500, 1500, 1500]
[1490, 1500, 1600, 1440, 2011, 988, 988, 1500, 1001, 1001, 1001, 1001, 1500, 1500, 1500, 1500]
[1490, 1500, 1600, 1440, 2011, 988, 988, 1500, 1001, 1001, 1001, 1001, 1500, 1500, 1500, 1500]
[1490, 1500, 1600, 1440, 2011, 988, 988, 1500, 1001, 1001, 1001, 1001, 1500, 1500, 1500, 1500]
12:56:50.116348 ALT: 0.11
12:56:50.116485 ATT: [-0.4, 1.0, 112]
12:56:50.116884 ACC: [-8, 1, 515]
12:56:50.118293 Navigation got ALT: 0.11
*** TARGETING mode ***
Anchor YAW: 113, current YAW: 112
[1490, 1500, 1600, 1440, 2011, 988, 988, 1500, 1001, 1001, 1001, 1001, 1500, 1500, 1500, 1500]
[1490, 1500, 1600, 1440, 2011, 988, 988, 1500, 1001, 1001, 1001, 1001, 1500, 1500, 1500, 1500]
[1490, 1500, 1600, 1440, 2011, 988, 988, 1500, 1001, 1001, 1001, 1001, 1500, 1500, 1500, 1500]
[1490, 1500, 1600, 1440, 2011, 988, 988, 1500, 1001, 1001, 1001, 1001, 1500, 1500, 1500, 1500]
[1490, 1500, 1600, 1440, 2011, 988, 988, 1500, 1001, 1001, 1001, 1001, 1500, 1500, 1500, 1500]
[1490, 1500, 1600, 1440, 2011, 988, 988, 1500, 1001, 1001, 1001, 1001, 1500, 1500, 1500, 1500]
12:56:50.150317 Navigation got ALT: 0.11
*** TARGETING mode ***
* Target Target(-75, 7) received.
Anchor YAW: 113, current YAW: 112
[1490, 1500, 1600, 1440, 2011, 988, 988, 1500, 1001, 1001, 1001, 1001, 1500, 1500, 1500, 1500]
[1490, 1500, 1600, 1440, 2011, 988, 988, 1500, 1001, 1001, 1001, 1001, 1500, 1500, 1500, 1500]
12:56:50.158934 ALT: 0.11
12:56:50.159035 ATT: [-0.5, 1.0, 112]
12:56:50.159323 ACC: [-8, -1, 516]
[1490, 1500, 1600, 1440, 2011, 988, 988, 1500, 1001, 1001, 1001, 1001, 1500, 1500, 1500, 1500]
[1490, 1500, 1600, 1440, 2011, 988, 988, 1500, 1001, 1001, 1001, 1001, 1500, 1500, 1500, 1500]
[1490, 1500, 1600, 1440, 2011, 988, 988, 1500, 1001, 1001, 1001, 1001, 1500, 1500, 1500, 1500]
12:56:50.182507 Navigation got ALT: 0.11
*** TARGETING mode ***
Anchor YAW: 113, current YAW: 112
[1490, 1500, 1600, 1440, 2011, 988, 988, 1500, 1001, 1001, 1001, 1001, 1500, 1500, 1500, 1500]
[1490, 1500, 1600, 1440, 2011, 988, 988, 1500, 1001, 1001, 1001, 1001, 1500, 1500, 1500, 1500]
12:56:50.206678 ALT: 0.11
12:56:50.206895 ATT: [-0.4, 1.0, 112]
12:56:50.207701 ACC: [-8, -1, 514]
[1490, 1500, 1600, 1440, 2011, 988, 988, 1500, 1001, 1001, 1001, 1001, 1500, 1500, 1500, 1500]
12:56:50.212673 Navigation got ALT: 0.11
*** TARGETING mode ***
Anchor YAW: 113, current YAW: 112
[1490, 1500, 1600, 1440, 2011, 988, 988, 1500, 1001, 1001, 1001, 1001, 1500, 1500, 1500, 1500]
[1490, 1500, 1600, 1440, 2011, 988, 988, 1500, 1001, 1001, 1001, 1001, 1500, 1500, 1500, 1500]
[1490, 1500, 1600, 1440, 2011, 988, 988, 1500, 1001, 1001, 1001, 1001, 1500, 1500, 1500, 1500]
[1490, 1500, 1600, 1440, 2011, 988, 988, 1500, 1001, 1001, 1001, 1001, 1500, 1500, 1500, 1500]
[1490, 1500, 1600, 1440, 2011, 988, 988, 1500, 1001, 1001, 1001, 1001, 1500, 1500, 1500, 1500]
[1490, 1500, 1600, 1440, 2011, 988, 988, 1500, 1001, 1001, 1001, 1001, 1500, 1500, 1500, 1500]
12:56:50.252030 Navigation got ALT: 0.11
*** TARGETING mode ***
Anchor YAW: 113, current YAW: 112
[1490, 1500, 1600, 1440, 2011, 988, 988, 1500, 1001, 1001, 1001, 1001, 1500, 1500, 1500, 1500]
[1490, 1500, 1600, 1440, 2011, 988, 988, 1500, 1001, 1001, 1001, 1001, 1500, 1500, 1500, 1500]
12:56:50.257301 ALT: 0.11
12:56:50.257556 ATT: [-0.4, 1.0, 112]
12:56:50.258430 ACC: [-7, -1, 514]
[1490, 1500, 1600, 1440, 2011, 988, 988, 1500, 1001, 1001, 1001, 1001, 1500, 1500, 1500, 1500]
[1490, 1500, 1600, 1440, 2011, 988, 988, 1500, 1001, 1001, 1001, 1001, 1500, 1500, 1500, 1500]
[1490, 1500, 1600, 1440, 2011, 988, 988, 1500, 1001, 1001, 1001, 1001, 1500, 1500, 1500, 1500]
[1490, 1500, 1600, 1440, 2011, 988, 988, 1500, 1001, 1001, 1001, 1001, 1500, 1500, 1500, 1500]
12:56:50.282433 Navigation got ALT: 0.11
*** TARGETING mode ***
* Target Target(-75, 6) received.
Anchor YAW: 113, current YAW: 112
[1490, 1500, 1600, 1440, 2011, 988, 988, 1499, 1001, 1001, 1001, 1001, 1500, 1500, 1500, 1500]
[1490, 1500, 1600, 1440, 2011, 988, 988, 1499, 1001, 1001, 1001, 1001, 1500, 1500, 1500, 1500]
[1490, 1500, 1600, 1440, 2011, 988, 988, 1499, 1001, 1001, 1001, 1001, 1500, 1500, 1500, 1500]
12:56:50.302531 ALT: 0.11
12:56:50.302632 ATT: [-0.5, 1.0, 112]
12:56:50.302859 ACC: [-8, -2, 514]
[1490, 1500, 1600, 1440, 2011, 988, 988, 1499, 1001, 1001, 1001, 1001, 1500, 1500, 1500, 1500]
[1490, 1500, 1600, 1440, 2011, 988, 988, 1499, 1001, 1001, 1001, 1001, 1500, 1500, 1500, 1500]
12:56:50.316143 Navigation got ALT: 0.11
*** TARGETING mode ***
Anchor YAW: 113, current YAW: 112
[1490, 1500, 1600, 1440, 2011, 988, 988, 1500, 1001, 1001, 1001, 1001, 1500, 1500, 1500, 1500]
[1490, 1500, 1600, 1440, 2011, 988, 988, 1500, 1001, 1001, 1001, 1001, 1500, 1500, 1500, 1500]
[1490, 1500, 1600, 1440, 2011, 988, 988, 1500, 1001, 1001, 1001, 1001, 1500, 1500, 1500, 1500]
[1490, 1500, 1600, 1440, 2011, 988, 988, 1500, 1001, 1001, 1001, 1001, 1500, 1500, 1500, 1500]
[1490, 1500, 1600, 1440, 2011, 988, 988, 1500, 1001, 1001, 1001, 1001, 1500, 1500, 1500, 1500]
12:56:50.349347 Navigation got ALT: 0.11
*** TARGETING mode ***
Anchor YAW: 113, current YAW: 112
[1490, 1500, 1600, 1440, 2011, 988, 988, 1499, 1001, 1001, 1001, 1001, 1500, 1500, 1500, 1500]
12:56:50.350437 ALT: 0.11
12:56:50.350543 ATT: [-0.5, 1.0, 112]
12:56:50.350877 ACC: [-8, -2, 513]
[1490, 1500, 1600, 1440, 2011, 988, 988, 1499, 1001, 1001, 1001, 1001, 1500, 1500, 1500, 1500]
[1490, 1500, 1600, 1440, 2011, 988, 988, 1499, 1001, 1001, 1001, 1001, 1500, 1500, 1500, 1500]
[1490, 1500, 1600, 1440, 2011, 988, 988, 1499, 1001, 1001, 1001, 1001, 1500, 1500, 1500, 1500]
[1490, 1500, 1600, 1440, 2011, 988, 988, 1499, 1001, 1001, 1001, 1001, 1500, 1500, 1500, 1500]
12:56:50.382894 Navigation got ALT: 0.11
*** TARGETING mode ***
* Target Target(-76, 4) received.
Anchor YAW: 113, current YAW: 112
[1490, 1500, 1600, 1439, 2011, 988, 988, 1499, 1001, 1001, 1001, 1001, 1500, 1500, 1500, 1500]
[1490, 1500, 1600, 1439, 2011, 988, 988, 1499, 1001, 1001, 1001, 1001, 1500, 1500, 1500, 1500]
[1490, 1500, 1600, 1439, 2011, 988, 988, 1499, 1001, 1001, 1001, 1001, 1500, 1500, 1500, 1500]
12:56:50.399194 ALT: 0.11
12:56:50.399438 ATT: [-0.5, 1.0, 112]
12:56:50.400102 ACC: [-8, -2, 515]
[1490, 1500, 1600, 1439, 2011, 988, 988, 1499, 1001, 1001, 1001, 1001, 1500, 1500, 1500, 1500]
[1490, 1500, 1600, 1439, 2011, 988, 988, 1499, 1001, 1001, 1001, 1001, 1500, 1500, 1500, 1500]
12:56:50.415845 Navigation got ALT: 0.11
*** TARGETING mode ***
Anchor YAW: 113, current YAW: 112
[1490, 1500, 1600, 1439, 2011, 988, 988, 1500, 1001, 1001, 1001, 1001, 1500, 1500, 1500, 1500]
[1490, 1500, 1600, 1439, 2011, 988, 988, 1500, 1001, 1001, 1001, 1001, 1500, 1500, 1500, 1500]
[1490, 1500, 1600, 1439, 2011, 988, 988, 1500, 1001, 1001, 1001, 1001, 1500, 1500, 1500, 1500]
[1490, 1500, 1600, 1439, 2011, 988, 988, 1500, 1001, 1001, 1001, 1001, 1500, 1500, 1500, 1500]
[1490, 1500, 1600, 1439, 2011, 988, 988, 1500, 1001, 1001, 1001, 1001, 1500, 1500, 1500, 1500]
12:56:50.446676 ALT: 0.11
12:56:50.446896 ATT: [-0.5, 1.0, 112]
12:56:50.447366 ACC: [-8, -2, 516]
12:56:50.449456 Navigation got ALT: 0.11
*** TARGETING mode ***
Anchor YAW: 113, current YAW: 112
[1490, 1500, 1600, 1439, 2011, 988, 988, 1499, 1001, 1001, 1001, 1001, 1500, 1500, 1500, 1500]
[1490, 1500, 1600, 1439, 2011, 988, 988, 1499, 1001, 1001, 1001, 1001, 1500, 1500, 1500, 1500]
[1490, 1500, 1600, 1439, 2011, 988, 988, 1499, 1001, 1001, 1001, 1001, 1500, 1500, 1500, 1500]
[1490, 1500, 1600, 1439, 2011, 988, 988, 1499, 1001, 1001, 1001, 1001, 1500, 1500, 1500, 1500]
12:56:50.480124 Navigation got ALT: 0.11
*** TARGETING mode ***
Anchor YAW: 113, current YAW: 112
[1490, 1500, 1600, 1439, 2011, 988, 988, 1499, 1001, 1001, 1001, 1001, 1500, 1500, 1500, 1500]
[1490, 1500, 1600, 1439, 2011, 988, 988, 1499, 1001, 1001, 1001, 1001, 1500, 1500, 1500, 1500]
[1490, 1500, 1600, 1439, 2011, 988, 988, 1499, 1001, 1001, 1001, 1001, 1500, 1500, 1500, 1500]
12:56:50.495566 ALT: 0.11
12:56:50.495810 ATT: [-0.5, 1.0, 112]
12:56:50.497483 ACC: [-6, 0, 515]
[1490, 1500, 1600, 1439, 2011, 988, 988, 1499, 1001, 1001, 1001, 1001, 1500, 1500, 1500, 1500]
[1490, 1500, 1600, 1439, 2011, 988, 988, 1499, 1001, 1001, 1001, 1001, 1500, 1500, 1500, 1500]
[1490, 1500, 1600, 1439, 2011, 988, 988, 1499, 1001, 1001, 1001, 1001, 1500, 1500, 1500, 1500]
12:56:50.518342 Navigation got ALT: 0.11
*** TARGETING mode ***
* Target Target(-76, 6) received.
Anchor YAW: 113, current YAW: 112
[1490, 1500, 1600, 1439, 2011, 988, 988, 1500, 1001, 1001, 1001, 1001, 1500, 1500, 1500, 1500]
[1490, 1500, 1600, 1439, 2011, 988, 988, 1500, 1001, 1001, 1001, 1001, 1500, 1500, 1500, 1500]
[1490, 1500, 1600, 1439, 2011, 988, 988, 1500, 1001, 1001, 1001, 1001, 1500, 1500, 1500, 1500]
[1490, 1500, 1600, 1439, 2011, 988, 988, 1500, 1001, 1001, 1001, 1001, 1500, 1500, 1500, 1500]
[1490, 1500, 1600, 1439, 2011, 988, 988, 1500, 1001, 1001, 1001, 1001, 1500, 1500, 1500, 1500]
12:56:50.543260 ALT: 0.11
12:56:50.543489 ATT: [-0.4, 1.0, 112]
12:56:50.544092 ACC: [-5, 0, 515]
12:56:50.549333 Navigation got ALT: 0.11
*** TARGETING mode ***
Anchor YAW: 113, current YAW: 112
[1490, 1500, 1600, 1500, 2011, 988, 988, 1500, 1001, 1001, 1001, 1001, 1500, 1500, 1500, 1500]
[1490, 1500, 1600, 1500, 2011, 988, 988, 1500, 1001, 1001, 1001, 1001, 1500, 1500, 1500, 1500]
[1490, 1500, 1600, 1500, 2011, 988, 988, 1500, 1001, 1001, 1001, 1001, 1500, 1500, 1500, 1500]
[1490, 1500, 1600, 1500, 2011, 988, 988, 1500, 1001, 1001, 1001, 1001, 1500, 1500, 1500, 1500]
[1490, 1500, 1600, 1500, 2011, 988, 988, 1500, 1001, 1001, 1001, 1001, 1500, 1500, 1500, 1500]
12:56:50.582630 Navigation got ALT: 0.11
*** TARGETING mode ***
Anchor YAW: 113, current YAW: 112
[1490, 1500, 1600, 1439, 2011, 988, 988, 1500, 1001, 1001, 1001, 1001, 1500, 1500, 1500, 1500]
[1490, 1500, 1600, 1439, 2011, 988, 988, 1500, 1001, 1001, 1001, 1001, 1500, 1500, 1500, 1500]
12:56:50.590534 ALT: 0.11
12:56:50.590647 ATT: [-0.5, 1.0, 112]
12:56:50.590982 ACC: [-7, -1, 515]
[1490, 1500, 1600, 1439, 2011, 988, 988, 1500, 1001, 1001, 1001, 1001, 1500, 1500, 1500, 1500]
[1490, 1500, 1600, 1439, 2011, 988, 988, 1500, 1001, 1001, 1001, 1001, 1500, 1500, 1500, 1500]
[1490, 1500, 1600, 1439, 2011, 988, 988, 1500, 1001, 1001, 1001, 1001, 1500, 1500, 1500, 1500]
12:56:50.616249 Navigation got ALT: 0.11
*** TARGETING mode ***
* Target Target(-75, 6) received.
Anchor YAW: 113, current YAW: 112
[1490, 1500, 1600, 1440, 2011, 988, 988, 1500, 1001, 1001, 1001, 1001, 1500, 1500, 1500, 1500]
[1490, 1500, 1600, 1440, 2011, 988, 988, 1500, 1001, 1001, 1001, 1001, 1500, 1500, 1500, 1500]
[1490, 1500, 1600, 1440, 2011, 988, 988, 1500, 1001, 1001, 1001, 1001, 1500, 1500, 1500, 1500]
[1490, 1500, 1600, 1440, 2011, 988, 988, 1500, 1001, 1001, 1001, 1001, 1500, 1500, 1500, 1500]
12:56:50.638604 ALT: 0.11
12:56:50.638954 ATT: [-0.5, 1.0, 112]
12:56:50.640150 ACC: [-8, -2, 514]
[1490, 1500, 1600, 1440, 2011, 988, 988, 1500, 1001, 1001, 1001, 1001, 1500, 1500, 1500, 1500]
12:56:50.653019 Navigation got ALT: 0.11
*** TARGETING mode ***
Anchor YAW: 113, current YAW: 112
[1490, 1500, 1600, 1440, 2011, 988, 988, 1500, 1001, 1001, 1001, 1001, 1500, 1500, 1500, 1500]
[1490, 1500, 1600, 1440, 2011, 988, 988, 1500, 1001, 1001, 1001, 1001, 1500, 1500, 1500, 1500]
[1490, 1500, 1600, 1440, 2011, 988, 988, 1500, 1001, 1001, 1001, 1001, 1500, 1500, 1500, 1500]
[1490, 1500, 1600, 1440, 2011, 988, 988, 1500, 1001, 1001, 1001, 1001, 1500, 1500, 1500, 1500]
[1490, 1500, 1600, 1440, 2011, 988, 988, 1500, 1001, 1001, 1001, 1001, 1500, 1500, 1500, 1500]
12:56:50.686738 ALT: 0.11
12:56:50.686969 ATT: [-0.5, 1.0, 112]
12:56:50.687426 ACC: [-7, 1, 515]
12:56:50.694714 Navigation got ALT: 0.11
*** TARGETING mode ***
Anchor YAW: 113, current YAW: 112
[1490, 1500, 1600, 1440, 2011, 989, 986, 1500, 1001, 1001, 1001, 1001, 1500, 1500, 1500, 1500]
[1490, 1500, 1600, 1440, 2011, 989, 986, 1500, 1001, 1001, 1001, 1001, 1500, 1500, 1500, 1500]
[1490, 1500, 1600, 1440, 2011, 989, 986, 1500, 1001, 1001, 1001, 1001, 1500, 1500, 1500, 1500]
[1490, 1500, 1600, 1440, 2011, 989, 986, 1500, 1001, 1001, 1001, 1001, 1500, 1500, 1500, 1500]
[1490, 1500, 1600, 1440, 2011, 989, 986, 1500, 1001, 1001, 1001, 1001, 1500, 1500, 1500, 1500]
[1490, 1500, 1600, 1440, 2011, 989, 986, 1500, 1001, 1001, 1001, 1001, 1500, 1500, 1500, 1500]
[1490, 1500, 1600, 1440, 2011, 989, 986, 1500, 1001, 1001, 1001, 1001, 1500, 1500, 1500, 1500]
12:56:50.730435 Navigation got ALT: 0.11
*** TARGETING mode ***
* Target Target(-75, 5) received.
Anchor YAW: 113, current YAW: 112
[1490, 1500, 1600, 1440, 2011, 988, 988, 1500, 1001, 1001, 1001, 1001, 1500, 1500, 1500, 1500]
12:56:50.735424 ALT: 0.11
12:56:50.735626 ATT: [-0.5, 1.0, 112]
12:56:50.736536 ACC: [-7, 1, 515]
[1490, 1500, 1600, 1440, 2011, 988, 988, 1500, 1001, 1001, 1001, 1001, 1500, 1500, 1500, 1500]
[1490, 1500, 1600, 1440, 2011, 988, 988, 1500, 1001, 1001, 1001, 1001, 1500, 1500, 1500, 1500]
[1490, 1500, 1600, 1440, 2011, 988, 988, 1500, 1001, 1001, 1001, 1001, 1500, 1500, 1500, 1500]
[1490, 1500, 1600, 1440, 2011, 988, 988, 1500, 1001, 1001, 1001, 1001, 1500, 1500, 1500, 1500]
12:56:50.762400 Navigation got ALT: 0.11
*** TARGETING mode ***
Anchor YAW: 113, current YAW: 112
[1490, 1500, 1600, 1440, 2011, 988, 988, 1500, 1001, 1001, 1001, 1001, 1500, 1500, 1500, 1500]
[1490, 1500, 1600, 1440, 2011, 988, 988, 1500, 1001, 1001, 1001, 1001, 1500, 1500, 1500, 1500]
[1490, 1500, 1600, 1440, 2011, 988, 988, 1500, 1001, 1001, 1001, 1001, 1500, 1500, 1500, 1500]
[1490, 1500, 1600, 1440, 2011, 988, 988, 1500, 1001, 1001, 1001, 1001, 1500, 1500, 1500, 1500]
12:56:50.784420 ALT: 0.11
12:56:50.784507 ATT: [-0.5, 1.0, 112]
12:56:50.784795 ACC: [-9, 1, 512]
[1490, 1500, 1600, 1440, 2011, 988, 988, 1500, 1001, 1001, 1001, 1001, 1500, 1500, 1500, 1500]
12:56:50.797132 Navigation got ALT: 0.11
*** TARGETING mode ***
Anchor YAW: 113, current YAW: 112
[1490, 1500, 1600, 1440, 2011, 988, 988, 1500, 1001, 1001, 1001, 1001, 1500, 1500, 1500, 1500]
[1490, 1500, 1600, 1440, 2011, 988, 988, 1500, 1001, 1001, 1001, 1001, 1500, 1500, 1500, 1500]
[1490, 1500, 1600, 1440, 2011, 988, 988, 1500, 1001, 1001, 1001, 1001, 1500, 1500, 1500, 1500]
[1490, 1500, 1600, 1440, 2011, 988, 988, 1500, 1001, 1001, 1001, 1001, 1500, 1500, 1500, 1500]
[1490, 1500, 1600, 1440, 2011, 988, 988, 1500, 1001, 1001, 1001, 1001, 1500, 1500, 1500, 1500]
12:56:50.829075 Navigation got ALT: 0.11
*** TARGETING mode ***
Anchor YAW: 113, current YAW: 112
[1490, 1500, 1600, 1440, 2011, 988, 989, 1500, 1001, 1001, 1001, 1001, 1500, 1500, 1500, 1500]
12:56:50.830546 ALT: 0.11
12:56:50.830673 ATT: [-0.5, 1.0, 112]
12:56:50.830988 ACC: [-8, -1, 516]
[1490, 1500, 1600, 1440, 2011, 988, 989, 1500, 1001, 1001, 1001, 1001, 1500, 1500, 1500, 1500]
[1490, 1500, 1600, 1440, 2011, 988, 989, 1500, 1001, 1001, 1001, 1001, 1500, 1500, 1500, 1500]
[1490, 1500, 1600, 1440, 2011, 988, 989, 1500, 1001, 1001, 1001, 1001, 1500, 1500, 1500, 1500]
[1490, 1500, 1600, 1440, 2011, 988, 989, 1500, 1001, 1001, 1001, 1001, 1500, 1500, 1500, 1500]
12:56:50.862877 Navigation got ALT: 0.11
*** TARGETING mode ***
* Target Target(-75, 5) received.
Anchor YAW: 113, current YAW: 112
[1490, 1500, 1600, 1440, 2011, 988, 989, 1499, 1001, 1001, 1001, 1001, 1500, 1500, 1500, 1500]
[1490, 1500, 1600, 1440, 2011, 988, 989, 1499, 1001, 1001, 1001, 1001, 1500, 1500, 1500, 1500]
[1490, 1500, 1600, 1440, 2011, 988, 989, 1499, 1001, 1001, 1001, 1001, 1500, 1500, 1500, 1500]
12:56:50.879075 ALT: 0.11
12:56:50.879263 ATT: [-0.5, 1.0, 112]
12:56:50.880096 ACC: [-9, 0, 514]
[1490, 1500, 1600, 1440, 2011, 988, 989, 1499, 1001, 1001, 1001, 1001, 1500, 1500, 1500, 1500]
[1490, 1500, 1600, 1440, 2011, 988, 989, 1499, 1001, 1001, 1001, 1001, 1500, 1500, 1500, 1500]
12:56:50.896224 Navigation got ALT: 0.11
*** TARGETING mode ***
Anchor YAW: 113, current YAW: 112
[1490, 1500, 1600, 1440, 2011, 988, 988, 1500, 1001, 1001, 1001, 1001, 1500, 1500, 1500, 1500]
[1490, 1500, 1600, 1440, 2011, 988, 988, 1500, 1001, 1001, 1001, 1001, 1500, 1500, 1500, 1500]
[1490, 1500, 1600, 1440, 2011, 988, 988, 1500, 1001, 1001, 1001, 1001, 1500, 1500, 1500, 1500]
[1490, 1500, 1600, 1440, 2011, 988, 988, 1500, 1001, 1001, 1001, 1001, 1500, 1500, 1500, 1500]
[1490, 1500, 1600, 1440, 2011, 988, 988, 1500, 1001, 1001, 1001, 1001, 1500, 1500, 1500, 1500]
12:56:50.926993 ALT: 0.11
12:56:50.927149 ATT: [-0.5, 1.0, 112]
12:56:50.928331 ACC: [-7, 0, 515]
12:56:50.930315 Navigation got ALT: 0.11
*** TARGETING mode ***
Anchor YAW: 113, current YAW: 112
[1490, 1500, 1600, 1440, 2011, 988, 988, 1500, 1001, 1001, 1001, 1001, 1500, 1500, 1500, 1500]
[1490, 1500, 1600, 1440, 2011, 988, 988, 1500, 1001, 1001, 1001, 1001, 1500, 1500, 1500, 1500]
[1490, 1500, 1600, 1440, 2011, 988, 988, 1500, 1001, 1001, 1001, 1001, 1500, 1500, 1500, 1500]
[1490, 1500, 1600, 1440, 2011, 988, 988, 1500, 1001, 1001, 1001, 1001, 1500, 1500, 1500, 1500]
[1490, 1500, 1600, 1440, 2011, 988, 988, 1500, 1001, 1001, 1001, 1001, 1500, 1500, 1500, 1500]
12:56:50.963716 Navigation got ALT: 0.11
*** TARGET CANCELLING mode ***
**Clear bounding box.
[1500, 1500, 1600, 1500, 2011, 988, 988, 1550, 1001, 1001, 1001, 1001, 1500, 1500, 1500, 1500]
[1500, 1500, 1600, 1500, 2011, 988, 988, 1550, 1001, 1001, 1001, 1001, 1500, 1500, 1500, 1500]
12:56:50.975085 ALT: 0.11
12:56:50.975400 ATT: [-0.5, 1.0, 112]
12:56:50.975821 ACC: [-7, -1, 517]
[1500, 1500, 1600, 1500, 2011, 988, 988, 1550, 1001, 1001, 1001, 1001, 1500, 1500, 1500, 1500]
**Resetting tracker.
[1500, 1500, 1600, 1500, 2011, 988, 988, 1550, 1001, 1001, 1001, 1001, 1500, 1500, 1500, 1500]
[1500, 1500, 1600, 1500, 2011, 988, 988, 1550, 1001, 1001, 1001, 1001, 1500, 1500, 1500, 1500]
12:56:50.997050 Navigation got ALT: 0.11
*** TARGET CANCELLING mode ***
[1500, 1500, 1600, 1500, 2011, 988, 988, 1550, 1001, 1001, 1001, 1001, 1500, 1500, 1500, 1500]
[1500, 1500, 1600, 1500, 2011, 988, 988, 1550, 1001, 1001, 1001, 1001, 1500, 1500, 1500, 1500]
[1500, 1500, 1600, 1500, 2011, 988, 988, 1550, 1001, 1001, 1001, 1001, 1500, 1500, 1500, 1500]
[1500, 1500, 1600, 1500, 2011, 988, 988, 1550, 1001, 1001, 1001, 1001, 1500, 1500, 1500, 1500]
[1500, 1500, 1600, 1500, 2011, 988, 988, 1550, 1001, 1001, 1001, 1001, 1500, 1500, 1500, 1500]
12:56:51.029037 Navigation got ALT: 0.11
*** TARGET CANCELLING mode ***
[1500, 1500, 1600, 1500, 2011, 988, 988, 1550, 1001, 1001, 1001, 1001, 1500, 1500, 1500, 1500]
[1500, 1500, 1600, 1500, 2011, 988, 988, 1550, 1001, 1001, 1001, 1001, 1500, 1500, 1500, 1500]
12:56:51.039433 ALT: 0.11
12:56:51.039784 ATT: [-0.5, 1.0, 112]
12:56:51.040481 ACC: [-7, -2, 515]
[1500, 1500, 1600, 1500, 2011, 988, 988, 1550, 1001, 1001, 1001, 1001, 1500, 1500, 1500, 1500]
[1500, 1500, 1600, 1500, 2011, 988, 988, 1550, 1001, 1001, 1001, 1001, 1500, 1500, 1500, 1500]
[1500, 1500, 1600, 1500, 2011, 988, 988, 1550, 1001, 1001, 1001, 1001, 1500, 1500, 1500, 1500]
12:56:51.062307 Navigation got ALT: 0.11
*** TARGET CANCELLING mode ***
[1499, 1500, 1600, 1500, 2011, 988, 988, 1550, 1001, 1001, 1001, 1001, 1500, 1500, 1500, 1500]
[1499, 1500, 1600, 1500, 2011, 988, 988, 1550, 1001, 1001, 1001, 1001, 1500, 1500, 1500, 1500]
[1499, 1500, 1600, 1500, 2011, 988, 988, 1550, 1001, 1001, 1001, 1001, 1500, 1500, 1500, 1500]
[1499, 1500, 1600, 1500, 2011, 988, 988, 1550, 1001, 1001, 1001, 1001, 1500, 1500, 1500, 1500]
12:56:51.086563 ALT: 0.11
12:56:51.086658 ATT: [-0.5, 1.0, 112]
12:56:51.086932 ACC: [-7, -1, 514]
[1499, 1500, 1600, 1500, 2011, 988, 988, 1550, 1001, 1001, 1001, 1001, 1500, 1500, 1500, 1500]
12:56:51.095720 Navigation got ALT: 0.11
*** TARGET CANCELLING mode ***
[1500, 1499, 1600, 1500, 2011, 988, 988, 1550, 1001, 1001, 1001, 1001, 1500, 1500, 1500, 1500]
[1500, 1499, 1600, 1500, 2011, 988, 988, 1550, 1001, 1001, 1001, 1001, 1500, 1500, 1500, 1500]
[1500, 1499, 1600, 1500, 2011, 988, 988, 1550, 1001, 1001, 1001, 1001, 1500, 1500, 1500, 1500]
[1500, 1499, 1600, 1500, 2011, 988, 988, 1550, 1001, 1001, 1001, 1001, 1500, 1500, 1500, 1500]
[1500, 1499, 1600, 1500, 2011, 988, 988, 1550, 1001, 1001, 1001, 1001, 1500, 1500, 1500, 1500]
12:56:51.128911 Navigation got ALT: 0.11
*** TARGET CANCELLING mode ***
[1500, 1500, 1600, 1500, 2011, 988, 989, 1550, 1001, 1001, 1001, 1001, 1500, 1500, 1500, 1500]
[1500, 1500, 1600, 1500, 2011, 988, 989, 1550, 1001, 1001, 1001, 1001, 1500, 1500, 1500, 1500]
[1500, 1500, 1600, 1500, 2011, 988, 989, 1550, 1001, 1001, 1001, 1001, 1500, 1500, 1500, 1500]
[1500, 1500, 1600, 1500, 2011, 988, 989, 1550, 1001, 1001, 1001, 1001, 1500, 1500, 1500, 1500]
12:56:51.150533 ALT: 0.11
12:56:51.150625 ATT: [-0.5, 1.0, 112]
12:56:51.151011 ACC: [-7, -1, 515]
12:56:51.159168 Navigation got ALT: 0.11
[1500, 1500, 1600, 1500, 2011, 890, 988, 1600, 1001, 1001, 1001, 1001, 1500, 1500, 1500, 1500]
[1500, 1500, 1600, 1500, 2011, 890, 988, 1600, 1001, 1001, 1001, 1001, 1500, 1500, 1500, 1500]
[1500, 1500, 1600, 1500, 2011, 890, 988, 1600, 1001, 1001, 1001, 1001, 1500, 1500, 1500, 1500]
[1500, 1500, 1600, 1500, 2011, 890, 988, 1600, 1001, 1001, 1001, 1001, 1500, 1500, 1500, 1500]
[1500, 1500, 1600, 1500, 2011, 890, 988, 1600, 1001, 1001, 1001, 1001, 1500, 1500, 1500, 1500]
12:56:51.190392 Navigation got ALT: 0.11
[1500, 1500, 1600, 1500, 2011, 890, 988, 1600, 1001, 1001, 1001, 1001, 1500, 1500, 1500, 1500]
[1500, 1500, 1600, 1500, 2011, 890, 988, 1600, 1001, 1001, 1001, 1001, 1500, 1500, 1500, 1500]
12:56:51.198612 ALT: 0.11
12:56:51.198740 ATT: [-0.5, 1.0, 112]
12:56:51.199087 ACC: [-6, -1, 515]
[1500, 1500, 1600, 1500, 2011, 890, 988, 1600, 1001, 1001, 1001, 1001, 1500, 1500, 1500, 1500]
[1500, 1500, 1600, 1500, 2011, 890, 988, 1600, 1001, 1001, 1001, 1001, 1500, 1500, 1500, 1500]
[1500, 1500, 1600, 1500, 2011, 890, 988, 1600, 1001, 1001, 1001, 1001, 1500, 1500, 1500, 1500]
12:56:51.222916 Navigation got ALT: 0.11
[1500, 1499, 1600, 1499, 2011, 890, 988, 1600, 1001, 1001, 1001, 1001, 1500, 1500, 1500, 1500]
[1500, 1499, 1600, 1499, 2011, 890, 988, 1600, 1001, 1001, 1001, 1001, 1500, 1500, 1500, 1500]
[1500, 1499, 1600, 1499, 2011, 890, 988, 1600, 1001, 1001, 1001, 1001, 1500, 1500, 1500, 1500]
[1500, 1499, 1600, 1499, 2011, 890, 988, 1600, 1001, 1001, 1001, 1001, 1500, 1500, 1500, 1500]
12:56:51.246556 ALT: 0.11
12:56:51.246643 ATT: [-0.5, 1.0, 112]
12:56:51.246959 ACC: [-8, 0, 513]
[1500, 1499, 1600, 1499, 2011, 890, 988, 1600, 1001, 1001, 1001, 1001, 1500, 1500, 1500, 1500]
12:56:51.256334 Navigation got ALT: 0.11
[1500, 1500, 1600, 1500, 2011, 890, 988, 1598, 1001, 1001, 1001, 1001, 1500, 1500, 1500, 1500]
[1500, 1500, 1600, 1500, 2011, 890, 988, 1598, 1001, 1001, 1001, 1001, 1500, 1500, 1500, 1500]
[1500, 1500, 1600, 1500, 2011, 890, 988, 1598, 1001, 1001, 1001, 1001, 1500, 1500, 1500, 1500]
[1500, 1500, 1600, 1500, 2011, 890, 988, 1598, 1001, 1001, 1001, 1001, 1500, 1500, 1500, 1500]
[1500, 1500, 1600, 1500, 2011, 890, 988, 1598, 1001, 1001, 1001, 1001, 1500, 1500, 1500, 1500]
12:56:51.289010 Navigation got ALT: 0.11
[1500, 1500, 1600, 1500, 2011, 890, 988, 1600, 1001, 1001, 1001, 1001, 1500, 1500, 1500, 1500]
12:56:51.294528 ALT: 0.11
12:56:51.294615 ATT: [-0.5, 1.0, 112]
12:56:51.295272 ACC: [-8, 0, 515]
[1500, 1500, 1600, 1500, 2011, 890, 988, 1600, 1001, 1001, 1001, 1001, 1500, 1500, 1500, 1500]
[1500, 1500, 1600, 1500, 2011, 890, 988, 1600, 1001, 1001, 1001, 1001, 1500, 1500, 1500, 1500]
[1500, 1500, 1600, 1500, 2011, 890, 988, 1600, 1001, 1001, 1001, 1001, 1500, 1500, 1500, 1500]
[1500, 1500, 1600, 1500, 2011, 890, 988, 1600, 1001, 1001, 1001, 1001, 1500, 1500, 1500, 1500]
12:56:51.322536 Navigation got ALT: 0.11
[1499, 1500, 1600, 1500, 2011, 890, 988, 1600, 1001, 1001, 1001, 1001, 1500, 1500, 1500, 1500]
[1499, 1500, 1600, 1500, 2011, 890, 988, 1600, 1001, 1001, 1001, 1001, 1500, 1500, 1500, 1500]
[1499, 1500, 1600, 1500, 2011, 890, 988, 1600, 1001, 1001, 1001, 1001, 1500, 1500, 1500, 1500]
[1499, 1500, 1600, 1500, 2011, 890, 988, 1600, 1001, 1001, 1001, 1001, 1500, 1500, 1500, 1500]
12:56:51.343874 ALT: 0.11
12:56:51.343985 ATT: [-0.5, 1.0, 112]
12:56:51.344270 ACC: [-8, -1, 515]
[1499, 1500, 1600, 1500, 2011, 890, 988, 1600, 1001, 1001, 1001, 1001, 1500, 1500, 1500, 1500]
12:56:51.356097 Navigation got ALT: 0.11
[1500, 1500, 1600, 1500, 2011, 890, 988, 1600, 1001, 1001, 1001, 1001, 1500, 1500, 1500, 1500]
[1500, 1500, 1600, 1500, 2011, 890, 988, 1600, 1001, 1001, 1001, 1001, 1500, 1500, 1500, 1500]
[1500, 1500, 1600, 1500, 2011, 890, 988, 1600, 1001, 1001, 1001, 1001, 1500, 1500, 1500, 1500]
[1500, 1500, 1600, 1500, 2011, 890, 988, 1600, 1001, 1001, 1001, 1001, 1500, 1500, 1500, 1500]
[1500, 1500, 1600, 1500, 2011, 890, 988, 1600, 1001, 1001, 1001, 1001, 1500, 1500, 1500, 1500]
12:56:51.389820 Navigation got ALT: 0.11
[1500, 1500, 1600, 1500, 2011, 890, 988, 1598, 1001, 1001, 1001, 1001, 1500, 1500, 1500, 1500]
12:56:51.391954 ALT: 0.11
12:56:51.392301 ATT: [-0.5, 1.0, 112]
12:56:51.393070 ACC: [-8, -1, 514]
[1500, 1500, 1600, 1500, 2011, 890, 988, 1598, 1001, 1001, 1001, 1001, 1500, 1500, 1500, 1500]
[1500, 1500, 1600, 1500, 2011, 890, 988, 1598, 1001, 1001, 1001, 1001, 1500, 1500, 1500, 1500]
[1500, 1500, 1600, 1500, 2011, 890, 988, 1598, 1001, 1001, 1001, 1001, 1500, 1500, 1500, 1500]
[1500, 1500, 1600, 1500, 2011, 890, 988, 1598, 1001, 1001, 1001, 1001, 1500, 1500, 1500, 1500]
12:56:51.423713 Navigation got ALT: 0.11
[1500, 1500, 1600, 1500, 2011, 890, 988, 1600, 1001, 1001, 1001, 1001, 1500, 1500, 1500, 1500]
[1500, 1500, 1600, 1500, 2011, 890, 988, 1600, 1001, 1001, 1001, 1001, 1500, 1500, 1500, 1500]
[1500, 1500, 1600, 1500, 2011, 890, 988, 1600, 1001, 1001, 1001, 1001, 1500, 1500, 1500, 1500]
12:56:51.439083 ALT: 0.11
12:56:51.439317 ATT: [-0.5, 1.0, 112]
12:56:51.439715 ACC: [-7, 0, 516]
[1500, 1500, 1600, 1500, 2011, 890, 988, 1600, 1001, 1001, 1001, 1001, 1500, 1500, 1500, 1500]
[1500, 1500, 1600, 1500, 2011, 890, 988, 1600, 1001, 1001, 1001, 1001, 1500, 1500, 1500, 1500]
12:56:51.456308 Navigation got ALT: 0.11
[1500, 1500, 1600, 1500, 2011, 890, 988, 1600, 1001, 1001, 1001, 1001, 1500, 1500, 1500, 1500]
[1500, 1500, 1600, 1500, 2011, 890, 988, 1600, 1001, 1001, 1001, 1001, 1500, 1500, 1500, 1500]
[1500, 1500, 1600, 1500, 2011, 890, 988, 1600, 1001, 1001, 1001, 1001, 1500, 1500, 1500, 1500]
[1500, 1500, 1600, 1500, 2011, 890, 988, 1600, 1001, 1001, 1001, 1001, 1500, 1500, 1500, 1500]
[1500, 1500, 1600, 1500, 2011, 890, 988, 1600, 1001, 1001, 1001, 1001, 1500, 1500, 1500, 1500]
12:56:51.486912 ALT: 0.11
12:56:51.487238 ATT: [-0.5, 1.0, 112]
12:56:51.488138 ACC: [-7, 0, 516]
12:56:51.489361 Navigation got ALT: 0.11
[1500, 1500, 1600, 1500, 2011, 890, 988, 1600, 1001, 1001, 1001, 1001, 1500, 1500, 1500, 1500]
[1500, 1500, 1600, 1500, 2011, 890, 988, 1600, 1001, 1001, 1001, 1001, 1500, 1500, 1500, 1500]
[1500, 1500, 1600, 1500, 2011, 890, 988, 1600, 1001, 1001, 1001, 1001, 1500, 1500, 1500, 1500]
[1500, 1500, 1600, 1500, 2011, 890, 988, 1600, 1001, 1001, 1001, 1001, 1500, 1500, 1500, 1500]
[1500, 1500, 1600, 1500, 2011, 890, 988, 1600, 1001, 1001, 1001, 1001, 1500, 1500, 1500, 1500]
12:56:51.524253 Navigation got ALT: 0.11
[1500, 1500, 1600, 1499, 2011, 890, 988, 1600, 1001, 1001, 1001, 1001, 1500, 1500, 1500, 1500]
[1500, 1500, 1600, 1499, 2011, 890, 988, 1600, 1001, 1001, 1001, 1001, 1500, 1500, 1500, 1500]
12:56:51.534605 ALT: 0.11
12:56:51.534706 ATT: [-0.5, 1.0, 112]
12:56:51.534994 ACC: [-7, -2, 514]
[1500, 1500, 1600, 1499, 2011, 890, 988, 1600, 1001, 1001, 1001, 1001, 1500, 1500, 1500, 1500]
[1500, 1500, 1600, 1499, 2011, 890, 988, 1600, 1001, 1001, 1001, 1001, 1500, 1500, 1500, 1500]
[1500, 1500, 1600, 1499, 2011, 890, 988, 1600, 1001, 1001, 1001, 1001, 1500, 1500, 1500, 1500]
12:56:51.556390 Navigation got ALT: 0.11
[1500, 1500, 1600, 1499, 2011, 890, 988, 1600, 1001, 1001, 1001, 1001, 1500, 1500, 1500, 1500]
[1500, 1500, 1600, 1499, 2011, 890, 988, 1600, 1001, 1001, 1001, 1001, 1500, 1500, 1500, 1500]
[1500, 1500, 1600, 1499, 2011, 890, 988, 1600, 1001, 1001, 1001, 1001, 1500, 1500, 1500, 1500]
[1500, 1500, 1600, 1499, 2011, 890, 988, 1600, 1001, 1001, 1001, 1001, 1500, 1500, 1500, 1500]
[1500, 1500, 1600, 1499, 2011, 890, 988, 1600, 1001, 1001, 1001, 1001, 1500, 1500, 1500, 1500]
12:56:51.583667 ALT: 0.11
12:56:51.583808 ATT: [-0.5, 1.0, 112]
12:56:51.584350 ACC: [-6, 0, 514]
12:56:51.590020 Navigation got ALT: 0.11
[1500, 1500, 1600, 1499, 2011, 890, 988, 1600, 1001, 1001, 1001, 1001, 1500, 1500, 1500, 1500]
[1500, 1500, 1600, 1499, 2011, 890, 988, 1600, 1001, 1001, 1001, 1001, 1500, 1500, 1500, 1500]
[1500, 1500, 1600, 1499, 2011, 890, 988, 1600, 1001, 1001, 1001, 1001, 1500, 1500, 1500, 1500]
[1500, 1500, 1600, 1499, 2011, 890, 988, 1600, 1001, 1001, 1001, 1001, 1500, 1500, 1500, 1500]
[1500, 1500, 1600, 1499, 2011, 890, 988, 1600, 1001, 1001, 1001, 1001, 1500, 1500, 1500, 1500]
12:56:51.622498 Navigation got ALT: 0.11
[1500, 1500, 1600, 1500, 2011, 890, 988, 1600, 1001, 1001, 1001, 1001, 1500, 1500, 1500, 1500]
[1500, 1500, 1600, 1500, 2011, 890, 988, 1600, 1001, 1001, 1001, 1001, 1500, 1500, 1500, 1500]
12:56:51.630574 ALT: 0.11
12:56:51.630662 ATT: [-0.5, 1.0, 112]
12:56:51.631014 ACC: [-7, 0, 515]
[1500, 1500, 1600, 1500, 2011, 890, 988, 1600, 1001, 1001, 1001, 1001, 1500, 1500, 1500, 1500]
[1500, 1500, 1600, 1500, 2011, 890, 988, 1600, 1001, 1001, 1001, 1001, 1500, 1500, 1500, 1500]
[1500, 1500, 1600, 1500, 2011, 890, 988, 1600, 1001, 1001, 1001, 1001, 1500, 1500, 1500, 1500]
12:56:51.655904 Navigation got ALT: 0.11
[1500, 1500, 1600, 1500, 2011, 890, 988, 1600, 1001, 1001, 1001, 1001, 1500, 1500, 1500, 1500]
[1500, 1500, 1600, 1500, 2011, 890, 988, 1600, 1001, 1001, 1001, 1001, 1500, 1500, 1500, 1500]
[1500, 1500, 1600, 1500, 2011, 890, 988, 1600, 1001, 1001, 1001, 1001, 1500, 1500, 1500, 1500]
[1500, 1500, 1600, 1500, 2011, 890, 988, 1600, 1001, 1001, 1001, 1001, 1500, 1500, 1500, 1500]
12:56:51.678755 ALT: 0.11
12:56:51.679154 ATT: [-0.5, 1.0, 112]
12:56:51.679764 ACC: [-5, 0, 515]
[1500, 1500, 1600, 1500, 2011, 890, 988, 1600, 1001, 1001, 1001, 1001, 1500, 1500, 1500, 1500]
12:56:51.689394 Navigation got ALT: 0.11
[1499, 1500, 1600, 1500, 2011, 890, 988, 1600, 1001, 1001, 1001, 1001, 1500, 1500, 1500, 1500]
[1499, 1500, 1600, 1500, 2011, 890, 988, 1600, 1001, 1001, 1001, 1001, 1500, 1500, 1500, 1500]
[1499, 1500, 1600, 1500, 2011, 890, 988, 1600, 1001, 1001, 1001, 1001, 1500, 1500, 1500, 1500]
[1499, 1500, 1600, 1500, 2011, 890, 988, 1600, 1001, 1001, 1001, 1001, 1500, 1500, 1500, 1500]
[1499, 1500, 1600, 1500, 2011, 890, 988, 1600, 1001, 1001, 1001, 1001, 1500, 1500, 1500, 1500]
12:56:51.722356 Navigation got ALT: 0.11
[1500, 1500, 1600, 1499, 2011, 890, 988, 1600, 1001, 1001, 1001, 1001, 1500, 1500, 1500, 1500]
12:56:51.727054 ALT: 0.11
12:56:51.727231 ATT: [-0.5, 1.0, 112]
12:56:51.727717 ACC: [-7, -2, 514]
[1500, 1500, 1600, 1499, 2011, 890, 988, 1600, 1001, 1001, 1001, 1001, 1500, 1500, 1500, 1500]
[1500, 1500, 1600, 1499, 2011, 890, 988, 1600, 1001, 1001, 1001, 1001, 1500, 1500, 1500, 1500]
[1500, 1500, 1600, 1499, 2011, 890, 988, 1600, 1001, 1001, 1001, 1001, 1500, 1500, 1500, 1500]
[1500, 1500, 1600, 1499, 2011, 890, 988, 1600, 1001, 1001, 1001, 1001, 1500, 1500, 1500, 1500]
12:56:51.755926 Navigation got ALT: 0.11
[1500, 1500, 1600, 1500, 2011, 890, 988, 1600, 1001, 1001, 1001, 1001, 1500, 1500, 1500, 1500]
[1500, 1500, 1600, 1500, 2011, 890, 988, 1600, 1001, 1001, 1001, 1001, 1500, 1500, 1500, 1500]
[1500, 1500, 1600, 1500, 2011, 890, 988, 1600, 1001, 1001, 1001, 1001, 1500, 1500, 1500, 1500]
12:56:51.775419 ALT: 0.11
12:56:51.775558 ATT: [-0.5, 1.0, 112]
12:56:51.776004 ACC: [-7, -1, 515]
[1500, 1500, 1600, 1500, 2011, 890, 988, 1600, 1001, 1001, 1001, 1001, 1500, 1500, 1500, 1500]
[1500, 1500, 1600, 1500, 2011, 890, 988, 1600, 1001, 1001, 1001, 1001, 1500, 1500, 1500, 1500]
12:56:51.791411 Navigation got ALT: 0.11
[1500, 1500, 1600, 1500, 2011, 890, 988, 1600, 1001, 1001, 1001, 1001, 1500, 1500, 1500, 1500]
[1500, 1500, 1600, 1500, 2011, 890, 988, 1600, 1001, 1001, 1001, 1001, 1500, 1500, 1500, 1500]
[1500, 1500, 1600, 1500, 2011, 890, 988, 1600, 1001, 1001, 1001, 1001, 1500, 1500, 1500, 1500]
[1500, 1500, 1600, 1500, 2011, 890, 988, 1600, 1001, 1001, 1001, 1001, 1500, 1500, 1500, 1500]
[1500, 1500, 1600, 1500, 2011, 890, 988, 1600, 1001, 1001, 1001, 1001, 1500, 1500, 1500, 1500]
12:56:51.823682 Navigation got ALT: 0.11
[1500, 1500, 1600, 1499, 2011, 890, 988, 1598, 1001, 1001, 1001, 1001, 1500, 1500, 1500, 1500]
12:56:51.824463 ALT: 0.11
12:56:51.824646 ATT: [-0.5, 1.0, 112]
12:56:51.825581 ACC: [-7, -1, 515]
[1500, 1500, 1600, 1499, 2011, 890, 988, 1598, 1001, 1001, 1001, 1001, 1500, 1500, 1500, 1500]
[1500, 1500, 1600, 1499, 2011, 890, 988, 1598, 1001, 1001, 1001, 1001, 1500, 1500, 1500, 1500]
[1500, 1500, 1600, 1499, 2011, 890, 988, 1598, 1001, 1001, 1001, 1001, 1500, 1500, 1500, 1500]
[1500, 1500, 1600, 1499, 2011, 890, 988, 1598, 1001, 1001, 1001, 1001, 1500, 1500, 1500, 1500]
12:56:51.856920 Navigation got ALT: 0.11
[1500, 1500, 1600, 1500, 2011, 890, 988, 1600, 1001, 1001, 1001, 1001, 1500, 1500, 1500, 1500]
[1500, 1500, 1600, 1500, 2011, 890, 988, 1600, 1001, 1001, 1001, 1001, 1500, 1500, 1500, 1500]
[1500, 1500, 1600, 1500, 2011, 890, 988, 1600, 1001, 1001, 1001, 1001, 1500, 1500, 1500, 1500]
12:56:51.872003 ALT: 0.11
12:56:51.872104 ATT: [-0.5, 1.0, 112]
12:56:51.872477 ACC: [-6, 0, 515]
[1500, 1500, 1600, 1500, 2011, 890, 988, 1600, 1001, 1001, 1001, 1001, 1500, 1500, 1500, 1500]
[1500, 1500, 1600, 1500, 2011, 890, 988, 1600, 1001, 1001, 1001, 1001, 1500, 1500, 1500, 1500]
12:56:51.890034 Navigation got ALT: 0.11
[1500, 1500, 1600, 1500, 2011, 890, 988, 1600, 1001, 1001, 1001, 1001, 1500, 1500, 1500, 1500]
[1500, 1500, 1600, 1500, 2011, 890, 988, 1600, 1001, 1001, 1001, 1001, 1500, 1500, 1500, 1500]
[1500, 1500, 1600, 1500, 2011, 890, 988, 1600, 1001, 1001, 1001, 1001, 1500, 1500, 1500, 1500]
[1500, 1500, 1600, 1500, 2011, 890, 988, 1600, 1001, 1001, 1001, 1001, 1500, 1500, 1500, 1500]
[1500, 1500, 1600, 1500, 2011, 890, 988, 1600, 1001, 1001, 1001, 1001, 1500, 1500, 1500, 1500]
12:56:51.918666 ALT: 0.11
12:56:51.918777 ATT: [-0.5, 1.0, 112]
12:56:51.919088 ACC: [-8, 0, 515]
12:56:51.922460 Navigation got ALT: 0.11
[1499, 1500, 1600, 1499, 2011, 890, 988, 1600, 1001, 1001, 1001, 1001, 1500, 1500, 1500, 1500]
[1499, 1500, 1600, 1499, 2011, 890, 988, 1600, 1001, 1001, 1001, 1001, 1500, 1500, 1500, 1500]
[1499, 1500, 1600, 1499, 2011, 890, 988, 1600, 1001, 1001, 1001, 1001, 1500, 1500, 1500, 1500]
[1499, 1500, 1600, 1499, 2011, 890, 988, 1600, 1001, 1001, 1001, 1001, 1500, 1500, 1500, 1500]
[1499, 1500, 1600, 1499, 2011, 890, 988, 1600, 1001, 1001, 1001, 1001, 1500, 1500, 1500, 1500]
12:56:51.957117 Navigation got ALT: 0.11
[1500, 1500, 1600, 1500, 2011, 890, 988, 1598, 1001, 1001, 1001, 1001, 1500, 1500, 1500, 1500]
[1500, 1500, 1600, 1500, 2011, 890, 988, 1598, 1001, 1001, 1001, 1001, 1500, 1500, 1500, 1500]
12:56:51.966783 ALT: 0.11
12:56:51.966915 ATT: [-0.5, 1.1, 112]
12:56:51.967520 ACC: [-8, 0, 515]
[1500, 1500, 1600, 1500, 2011, 890, 988, 1598, 1001, 1001, 1001, 1001, 1500, 1500, 1500, 1500]
[1500, 1500, 1600, 1500, 2011, 890, 988, 1598, 1001, 1001, 1001, 1001, 1500, 1500, 1500, 1500]
[1500, 1500, 1600, 1500, 2011, 890, 988, 1598, 1001, 1001, 1001, 1001, 1500, 1500, 1500, 1500]
12:56:51.989511 Navigation got ALT: 0.11
[1500, 1500, 1600, 1500, 2011, 890, 988, 1600, 1001, 1001, 1001, 1001, 1500, 1500, 1500, 1500]
[1500, 1500, 1600, 1500, 2011, 890, 988, 1600, 1001, 1001, 1001, 1001, 1500, 1500, 1500, 1500]
[1500, 1500, 1600, 1500, 2011, 890, 988, 1600, 1001, 1001, 1001, 1001, 1500, 1500, 1500, 1500]
[1500, 1500, 1600, 1500, 2011, 890, 988, 1600, 1001, 1001, 1001, 1001, 1500, 1500, 1500, 1500]
12:56:52.015042 ALT: 0.11
12:56:52.015280 ATT: [-0.5, 1.1, 112]
12:56:52.016082 ACC: [-6, 0, 513]
[1500, 1500, 1600, 1500, 2011, 890, 988, 1600, 1001, 1001, 1001, 1001, 1500, 1500, 1500, 1500]
12:56:52.023808 Navigation got ALT: 0.11
[1500, 1500, 1600, 1500, 2011, 890, 988, 1600, 1001, 1001, 1001, 1001, 1500, 1500, 1500, 1500]
[1500, 1500, 1600, 1500, 2011, 890, 988, 1600, 1001, 1001, 1001, 1001, 1500, 1500, 1500, 1500]
[1500, 1500, 1600, 1500, 2011, 890, 988, 1600, 1001, 1001, 1001, 1001, 1500, 1500, 1500, 1500]
[1500, 1500, 1600, 1500, 2011, 890, 988, 1600, 1001, 1001, 1001, 1001, 1500, 1500, 1500, 1500]
[1500, 1500, 1600, 1500, 2011, 890, 988, 1600, 1001, 1001, 1001, 1001, 1500, 1500, 1500, 1500]
12:56:52.056350 Navigation got ALT: 0.11
[1499, 1500, 1600, 1500, 2011, 890, 988, 1600, 1001, 1001, 1001, 1001, 1500, 1500, 1500, 1500]
[1499, 1500, 1600, 1500, 2011, 890, 988, 1600, 1001, 1001, 1001, 1001, 1500, 1500, 1500, 1500]
12:56:52.063571 ALT: 0.11
12:56:52.063681 ATT: [-0.5, 1.1, 112]
12:56:52.064037 ACC: [-7, -1, 515]
[1499, 1500, 1600, 1500, 2011, 890, 988, 1600, 1001, 1001, 1001, 1001, 1500, 1500, 1500, 1500]
[1499, 1500, 1600, 1500, 2011, 890, 988, 1600, 1001, 1001, 1001, 1001, 1500, 1500, 1500, 1500]
[1499, 1500, 1600, 1500, 2011, 890, 988, 1600, 1001, 1001, 1001, 1001, 1500, 1500, 1500, 1500]
12:56:52.089312 Navigation got ALT: 0.11
[1499, 1500, 1600, 1500, 2011, 890, 988, 1600, 1001, 1001, 1001, 1001, 1500, 1500, 1500, 1500]
[1499, 1500, 1600, 1500, 2011, 890, 988, 1600, 1001, 1001, 1001, 1001, 1500, 1500, 1500, 1500]
[1499, 1500, 1600, 1500, 2011, 890, 988, 1600, 1001, 1001, 1001, 1001, 1500, 1500, 1500, 1500]
[1499, 1500, 1600, 1500, 2011, 890, 988, 1600, 1001, 1001, 1001, 1001, 1500, 1500, 1500, 1500]
12:56:52.110869 ALT: 0.11
12:56:52.111036 ATT: [-0.5, 1.1, 112]
12:56:52.111515 ACC: [-7, -1, 516]
[1499, 1500, 1600, 1500, 2011, 890, 988, 1600, 1001, 1001, 1001, 1001, 1500, 1500, 1500, 1500]
12:56:52.122631 Navigation got ALT: 0.11
[1500, 1500, 1600, 1500, 2011, 890, 988, 1600, 1001, 1001, 1001, 1001, 1500, 1500, 1500, 1500]
[1500, 1500, 1600, 1500, 2011, 890, 988, 1600, 1001, 1001, 1001, 1001, 1500, 1500, 1500, 1500]
[1500, 1500, 1600, 1500, 2011, 890, 988, 1600, 1001, 1001, 1001, 1001, 1500, 1500, 1500, 1500]
[1500, 1500, 1600, 1500, 2011, 890, 988, 1600, 1001, 1001, 1001, 1001, 1500, 1500, 1500, 1500]
[1500, 1500, 1600, 1500, 2011, 890, 988, 1600, 1001, 1001, 1001, 1001, 1500, 1500, 1500, 1500]
12:56:52.156231 Navigation got ALT: 0.11
[1500, 1500, 1600, 1500, 2011, 890, 988, 1600, 1001, 1001, 1001, 1001, 1500, 1500, 1500, 1500]
12:56:52.159130 ALT: 0.11
12:56:52.159237 ATT: [-0.5, 1.1, 112]
12:56:52.159599 ACC: [-8, -1, 516]
[1500, 1500, 1600, 1500, 2011, 890, 988, 1600, 1001, 1001, 1001, 1001, 1500, 1500, 1500, 1500]
[1500, 1500, 1600, 1500, 2011, 890, 988, 1600, 1001, 1001, 1001, 1001, 1500, 1500, 1500, 1500]
[1500, 1500, 1600, 1500, 2011, 890, 988, 1600, 1001, 1001, 1001, 1001, 1500, 1500, 1500, 1500]
[1500, 1500, 1600, 1500, 2011, 890, 988, 1600, 1001, 1001, 1001, 1001, 1500, 1500, 1500, 1500]
12:56:52.189032 Navigation got ALT: 0.11
[1500, 1500, 1600, 1500, 2011, 890, 988, 1598, 1001, 1001, 1001, 1001, 1500, 1500, 1500, 1500]
[1500, 1500, 1600, 1500, 2011, 890, 988, 1598, 1001, 1001, 1001, 1001, 1500, 1500, 1500, 1500]
[1500, 1500, 1600, 1500, 2011, 890, 988, 1598, 1001, 1001, 1001, 1001, 1500, 1500, 1500, 1500]
12:56:52.206682 ALT: 0.11
12:56:52.206775 ATT: [-0.5, 1.1, 112]
12:56:52.207078 ACC: [-7, -1, 515]
[1500, 1500, 1600, 1500, 2011, 890, 988, 1598, 1001, 1001, 1001, 1001, 1500, 1500, 1500, 1500]
[1500, 1500, 1600, 1500, 2011, 890, 988, 1598, 1001, 1001, 1001, 1001, 1500, 1500, 1500, 1500]
12:56:52.223891 Navigation got ALT: 0.11
[1500, 1500, 1600, 1500, 2011, 890, 988, 1600, 1001, 1001, 1001, 1001, 1500, 1500, 1500, 1500]
[1500, 1500, 1600, 1500, 2011, 890, 988, 1600, 1001, 1001, 1001, 1001, 1500, 1500, 1500, 1500]
[1500, 1500, 1600, 1500, 2011, 890, 988, 1600, 1001, 1001, 1001, 1001, 1500, 1500, 1500, 1500]
[1500, 1500, 1600, 1500, 2011, 890, 988, 1600, 1001, 1001, 1001, 1001, 1500, 1500, 1500, 1500]
[1500, 1500, 1600, 1500, 2011, 890, 988, 1600, 1001, 1001, 1001, 1001, 1500, 1500, 1500, 1500]
12:56:52.255126 ALT: 0.11
12:56:52.255314 ATT: [-0.5, 1.1, 112]
12:56:52.258419 Navigation got ALT: 0.11
[1500, 1500, 1600, 1500, 2011, 890, 988, 1600, 1001, 1001, 1001, 1001, 1500, 1500, 1500, 1500]
12:56:52.258906 ACC: [-7, -1, 514]
[1500, 1500, 1600, 1500, 2011, 890, 988, 1600, 1001, 1001, 1001, 1001, 1500, 1500, 1500, 1500]
[1500, 1500, 1600, 1500, 2011, 890, 988, 1600, 1001, 1001, 1001, 1001, 1500, 1500, 1500, 1500]
[1500, 1500, 1600, 1500, 2011, 890, 988, 1600, 1001, 1001, 1001, 1001, 1500, 1500, 1500, 1500]
[1500, 1500, 1600, 1500, 2011, 890, 988, 1600, 1001, 1001, 1001, 1001, 1500, 1500, 1500, 1500]
12:56:52.289186 Navigation got ALT: 0.11
[1500, 1499, 1600, 1500, 2011, 890, 988, 1598, 1001, 1001, 1001, 1001, 1500, 1500, 1500, 1500]
[1500, 1499, 1600, 1500, 2011, 890, 988, 1598, 1001, 1001, 1001, 1001, 1500, 1500, 1500, 1500]
[1500, 1499, 1600, 1500, 2011, 890, 988, 1598, 1001, 1001, 1001, 1001, 1500, 1500, 1500, 1500]
12:56:52.304515 ALT: 0.11
12:56:52.304770 ATT: [-0.5, 1.1, 112]
12:56:52.305384 ACC: [-7, 0, 515]
[1500, 1499, 1600, 1500, 2011, 890, 988, 1598, 1001, 1001, 1001, 1001, 1500, 1500, 1500, 1500]
[1500, 1499, 1600, 1500, 2011, 890, 988, 1598, 1001, 1001, 1001, 1001, 1500, 1500, 1500, 1500]
12:56:52.322559 Navigation got ALT: 0.11
[1500, 1500, 1600, 1500, 2011, 890, 988, 1600, 1001, 1001, 1001, 1001, 1500, 1500, 1500, 1500]
[1500, 1500, 1600, 1500, 2011, 890, 988, 1600, 1001, 1001, 1001, 1001, 1500, 1500, 1500, 1500]
[1500, 1500, 1600, 1500, 2011, 890, 988, 1600, 1001, 1001, 1001, 1001, 1500, 1500, 1500, 1500]
[1500, 1500, 1600, 1500, 2011, 890, 988, 1600, 1001, 1001, 1001, 1001, 1500, 1500, 1500, 1500]
[1500, 1500, 1600, 1500, 2011, 890, 988, 1600, 1001, 1001, 1001, 1001, 1500, 1500, 1500, 1500]
12:56:52.352265 ALT: 0.11
12:56:52.352455 ATT: [-0.5, 1.1, 112]
12:56:52.352917 ACC: [-7, 0, 515]
12:56:52.357692 Navigation got ALT: 0.11
[1500, 1500, 1600, 1500, 2011, 890, 988, 1600, 1001, 1001, 1001, 1001, 1500, 1500, 1500, 1500]
[1500, 1500, 1600, 1500, 2011, 890, 988, 1600, 1001, 1001, 1001, 1001, 1500, 1500, 1500, 1500]
[1500, 1500, 1600, 1500, 2011, 890, 988, 1600, 1001, 1001, 1001, 1001, 1500, 1500, 1500, 1500]
[1500, 1500, 1600, 1500, 2011, 890, 988, 1600, 1001, 1001, 1001, 1001, 1500, 1500, 1500, 1500]
[1500, 1500, 1600, 1500, 2011, 890, 988, 1600, 1001, 1001, 1001, 1001, 1500, 1500, 1500, 1500]
12:56:52.389014 Navigation got ALT: 0.11
[1499, 1500, 1600, 1500, 2011, 890, 988, 1600, 1001, 1001, 1001, 1001, 1500, 1500, 1500, 1500]
[1499, 1500, 1600, 1500, 2011, 890, 988, 1600, 1001, 1001, 1001, 1001, 1500, 1500, 1500, 1500]
12:56:52.398748 ALT: 0.11
12:56:52.399011 ATT: [-0.5, 1.1, 112]
12:56:52.399358 ACC: [-6, 0, 514]
[1499, 1500, 1600, 1500, 2011, 890, 988, 1600, 1001, 1001, 1001, 1001, 1500, 1500, 1500, 1500]
[1499, 1500, 1600, 1500, 2011, 890, 988, 1600, 1001, 1001, 1001, 1001, 1500, 1500, 1500, 1500]
[1499, 1500, 1600, 1500, 2011, 890, 988, 1600, 1001, 1001, 1001, 1001, 1500, 1500, 1500, 1500]
12:56:52.422451 Navigation got ALT: 0.11
[1500, 1500, 1600, 1499, 2011, 890, 988, 1600, 1001, 1001, 1001, 1001, 1500, 1500, 1500, 1500]
[1500, 1500, 1600, 1499, 2011, 890, 988, 1600, 1001, 1001, 1001, 1001, 1500, 1500, 1500, 1500]
[1500, 1500, 1600, 1499, 2011, 890, 988, 1600, 1001, 1001, 1001, 1001, 1500, 1500, 1500, 1500]
[1500, 1500, 1600, 1499, 2011, 890, 988, 1600, 1001, 1001, 1001, 1001, 1500, 1500, 1500, 1500]
12:56:52.446709 ALT: 0.11
12:56:52.446799 ATT: [-0.5, 1.1, 112]
12:56:52.447090 ACC: [-6, 0, 516]
[1500, 1500, 1600, 1499, 2011, 890, 988, 1600, 1001, 1001, 1001, 1001, 1500, 1500, 1500, 1500]
12:56:52.458287 Navigation got ALT: 0.11
[1500, 1500, 1600, 1500, 2011, 890, 988, 1600, 1001, 1001, 1001, 1001, 1500, 1500, 1500, 1500]
[1500, 1500, 1600, 1500, 2011, 890, 988, 1600, 1001, 1001, 1001, 1001, 1500, 1500, 1500, 1500]
[1500, 1500, 1600, 1500, 2011, 890, 988, 1600, 1001, 1001, 1001, 1001, 1500, 1500, 1500, 1500]
[1500, 1500, 1600, 1500, 2011, 890, 988, 1600, 1001, 1001, 1001, 1001, 1500, 1500, 1500, 1500]
[1500, 1500, 1600, 1500, 2011, 890, 988, 1600, 1001, 1001, 1001, 1001, 1500, 1500, 1500, 1500]
12:56:52.490017 Navigation got ALT: 0.11
[1500, 1500, 1600, 1500, 2011, 890, 988, 1598, 1001, 1001, 1001, 1001, 1500, 1500, 1500, 1500]
[1500, 1500, 1600, 1500, 2011, 890, 988, 1598, 1001, 1001, 1001, 1001, 1500, 1500, 1500, 1500]
12:56:52.497171 ALT: 0.11
12:56:52.497309 ATT: [-0.5, 1.1, 112]
12:56:52.497629 ACC: [-7, -1, 515]
[1500, 1500, 1600, 1500, 2011, 890, 988, 1598, 1001, 1001, 1001, 1001, 1500, 1500, 1500, 1500]
[1500, 1500, 1600, 1500, 2011, 890, 988, 1598, 1001, 1001, 1001, 1001, 1500, 1500, 1500, 1500]
[1500, 1500, 1600, 1500, 2011, 890, 988, 1598, 1001, 1001, 1001, 1001, 1500, 1500, 1500, 1500]
12:56:52.524173 Navigation got ALT: 0.11
[1500, 1500, 1600, 1499, 2011, 890, 988, 1600, 1001, 1001, 1001, 1001, 1500, 1500, 1500, 1500]
[1500, 1500, 1600, 1499, 2011, 890, 988, 1600, 1001, 1001, 1001, 1001, 1500, 1500, 1500, 1500]
[1500, 1500, 1600, 1499, 2011, 890, 988, 1600, 1001, 1001, 1001, 1001, 1500, 1500, 1500, 1500]
[1500, 1500, 1600, 1499, 2011, 890, 988, 1600, 1001, 1001, 1001, 1001, 1500, 1500, 1500, 1500]
12:56:52.543015 ALT: 0.11
12:56:52.543115 ATT: [-0.5, 1.1, 112]
12:56:52.543657 ACC: [-7, 0, 514]
[1500, 1500, 1600, 1499, 2011, 890, 988, 1600, 1001, 1001, 1001, 1001, 1500, 1500, 1500, 1500]
12:56:52.556325 Navigation got ALT: 0.11
[1500, 1500, 1600, 1500, 2011, 890, 988, 1598, 1001, 1001, 1001, 1001, 1500, 1500, 1500, 1500]
[1500, 1500, 1600, 1500, 2011, 890, 988, 1598, 1001, 1001, 1001, 1001, 1500, 1500, 1500, 1500]
[1500, 1500, 1600, 1500, 2011, 890, 988, 1598, 1001, 1001, 1001, 1001, 1500, 1500, 1500, 1500]
[1500, 1500, 1600, 1500, 2011, 890, 988, 1598, 1001, 1001, 1001, 1001, 1500, 1500, 1500, 1500]
[1500, 1500, 1600, 1500, 2011, 890, 988, 1598, 1001, 1001, 1001, 1001, 1500, 1500, 1500, 1500]
12:56:52.588974 Navigation got ALT: 0.11
[1500, 1500, 1600, 1500, 2011, 890, 988, 1600, 1001, 1001, 1001, 1001, 1500, 1500, 1500, 1500]
12:56:52.590783 ALT: 0.11
12:56:52.591125 ATT: [-0.5, 1.1, 112]
12:56:52.591760 ACC: [-7, 0, 514]
[1500, 1500, 1600, 1500, 2011, 890, 988, 1600, 1001, 1001, 1001, 1001, 1500, 1500, 1500, 1500]
[1500, 1500, 1600, 1500, 2011, 890, 988, 1600, 1001, 1001, 1001, 1001, 1500, 1500, 1500, 1500]
[1500, 1500, 1600, 1500, 2011, 890, 988, 1600, 1001, 1001, 1001, 1001, 1500, 1500, 1500, 1500]
[1500, 1500, 1600, 1500, 2011, 890, 988, 1600, 1001, 1001, 1001, 1001, 1500, 1500, 1500, 1500]
12:56:52.622628 Navigation got ALT: 0.11
[1500, 1500, 1600, 1499, 2011, 890, 988, 1600, 1001, 1001, 1001, 1001, 1500, 1500, 1500, 1500]
[1500, 1500, 1600, 1499, 2011, 890, 988, 1600, 1001, 1001, 1001, 1001, 1500, 1500, 1500, 1500]
[1500, 1500, 1600, 1499, 2011, 890, 988, 1600, 1001, 1001, 1001, 1001, 1500, 1500, 1500, 1500]
12:56:52.638762 ALT: 0.05
12:56:52.638998 ATT: [-0.5, 1.1, 112]
12:56:52.639268 ACC: [-7, 0, 517]
[1500, 1500, 1600, 1499, 2011, 890, 988, 1600, 1001, 1001, 1001, 1001, 1500, 1500, 1500, 1500]
[1500, 1500, 1600, 1499, 2011, 890, 988, 1600, 1001, 1001, 1001, 1001, 1500, 1500, 1500, 1500]
12:56:52.656013 Navigation got ALT: 0.05
[1500, 1500, 1600, 1500, 2011, 890, 988, 1600, 1001, 1001, 1001, 1001, 1500, 1500, 1500, 1500]
[1500, 1500, 1600, 1500, 2011, 890, 988, 1600, 1001, 1001, 1001, 1001, 1500, 1500, 1500, 1500]
[1500, 1500, 1600, 1500, 2011, 890, 988, 1600, 1001, 1001, 1001, 1001, 1500, 1500, 1500, 1500]
[1500, 1500, 1600, 1500, 2011, 890, 988, 1600, 1001, 1001, 1001, 1001, 1500, 1500, 1500, 1500]
[1500, 1500, 1600, 1500, 2011, 890, 988, 1600, 1001, 1001, 1001, 1001, 1500, 1500, 1500, 1500]
12:56:52.688299 ALT: 0.02
12:56:52.688492 ATT: [-0.5, 1.1, 112]
12:56:52.689186 ACC: [-7, 0, 515]
12:56:52.691848 Navigation got ALT: 0.02
[1500, 1500, 1600, 1500, 2011, 890, 988, 1600, 1001, 1001, 1001, 1001, 1500, 1500, 1500, 1500]
[1500, 1500, 1600, 1500, 2011, 890, 988, 1600, 1001, 1001, 1001, 1001, 1500, 1500, 1500, 1500]
[1500, 1500, 1600, 1500, 2011, 890, 988, 1600, 1001, 1001, 1001, 1001, 1500, 1500, 1500, 1500]
[1500, 1500, 1600, 1500, 2011, 890, 988, 1600, 1001, 1001, 1001, 1001, 1500, 1500, 1500, 1500]
[1500, 1500, 1600, 1500, 2011, 890, 988, 1600, 1001, 1001, 1001, 1001, 1500, 1500, 1500, 1500]
12:56:52.722424 Navigation got ALT: 0.02
[1500, 1500, 1600, 1500, 2011, 890, 988, 1598, 1001, 1001, 1001, 1001, 1500, 1500, 1500, 1500]
[1500, 1500, 1600, 1500, 2011, 890, 988, 1598, 1001, 1001, 1001, 1001, 1500, 1500, 1500, 1500]
12:56:52.734704 ALT: 0.02
12:56:52.734792 ATT: [-0.5, 1.1, 112]
12:56:52.735306 ACC: [-6, 0, 515]
[1500, 1500, 1600, 1500, 2011, 890, 988, 1598, 1001, 1001, 1001, 1001, 1500, 1500, 1500, 1500]
[1500, 1500, 1600, 1500, 2011, 890, 988, 1598, 1001, 1001, 1001, 1001, 1500, 1500, 1500, 1500]
[1500, 1500, 1600, 1500, 2011, 890, 988, 1598, 1001, 1001, 1001, 1001, 1500, 1500, 1500, 1500]
12:56:52.758099 Navigation got ALT: 0.02
[1500, 1500, 1600, 1500, 2011, 890, 988, 1600, 1001, 1001, 1001, 1001, 1500, 1500, 1500, 1500]
[1500, 1500, 1600, 1500, 2011, 890, 988, 1600, 1001, 1001, 1001, 1001, 1500, 1500, 1500, 1500]
[1500, 1500, 1600, 1500, 2011, 890, 988, 1600, 1001, 1001, 1001, 1001, 1500, 1500, 1500, 1500]
[1500, 1500, 1600, 1500, 2011, 890, 988, 1600, 1001, 1001, 1001, 1001, 1500, 1500, 1500, 1500]
[1500, 1500, 1600, 1500, 2011, 890, 988, 1600, 1001, 1001, 1001, 1001, 1500, 1500, 1500, 1500]
12:56:52.783148 ALT: 0.02
12:56:52.783265 ATT: [-0.5, 1.1, 112]
12:56:52.783910 ACC: [-8, 0, 514]
12:56:52.791785 Navigation got ALT: 0.02
[1500, 1500, 1600, 1500, 2011, 890, 988, 1600, 1001, 1001, 1001, 1001, 1500, 1500, 1500, 1500]
[1500, 1500, 1600, 1500, 2011, 890, 988, 1600, 1001, 1001, 1001, 1001, 1500, 1500, 1500, 1500]
[1500, 1500, 1600, 1500, 2011, 890, 988, 1600, 1001, 1001, 1001, 1001, 1500, 1500, 1500, 1500]
[1500, 1500, 1600, 1500, 2011, 890, 988, 1600, 1001, 1001, 1001, 1001, 1500, 1500, 1500, 1500]
[1500, 1500, 1600, 1500, 2011, 890, 988, 1600, 1001, 1001, 1001, 1001, 1500, 1500, 1500, 1500]
12:56:52.826159 Navigation got ALT: 0.02
[1500, 1500, 1600, 1500, 2011, 890, 988, 1600, 1001, 1001, 1001, 1001, 1500, 1500, 1500, 1500]
[1500, 1500, 1600, 1500, 2011, 890, 988, 1600, 1001, 1001, 1001, 1001, 1500, 1500, 1500, 1500]
12:56:52.830958 ALT: 0.02
12:56:52.831129 ATT: [-0.5, 1.1, 112]
12:56:52.831423 ACC: [-8, 0, 514]
[1500, 1500, 1600, 1500, 2011, 890, 988, 1600, 1001, 1001, 1001, 1001, 1500, 1500, 1500, 1500]
[1500, 1500, 1600, 1500, 2011, 890, 988, 1600, 1001, 1001, 1001, 1001, 1500, 1500, 1500, 1500]
[1500, 1500, 1600, 1500, 2011, 890, 988, 1600, 1001, 1001, 1001, 1001, 1500, 1500, 1500, 1500]
12:56:52.863278 Navigation got ALT: 0.02
[1500, 1500, 1600, 1500, 2011, 890, 988, 1600, 1001, 1001, 1001, 1001, 1500, 1500, 1500, 1500]
[1500, 1500, 1600, 1500, 2011, 890, 988, 1600, 1001, 1001, 1001, 1001, 1500, 1500, 1500, 1500]
[1500, 1500, 1600, 1500, 2011, 890, 988, 1600, 1001, 1001, 1001, 1001, 1500, 1500, 1500, 1500]
[1500, 1500, 1600, 1500, 2011, 890, 988, 1600, 1001, 1001, 1001, 1001, 1500, 1500, 1500, 1500]
12:56:52.880085 ALT: 0.02
12:56:52.880251 ATT: [-0.5, 1.1, 112]
12:56:52.880756 ACC: [-7, -1, 512]
[1500, 1500, 1600, 1500, 2011, 890, 988, 1600, 1001, 1001, 1001, 1001, 1500, 1500, 1500, 1500]
12:56:52.893991 Navigation got ALT: 0.02
[1500, 1500, 1600, 1500, 2011, 890, 988, 1600, 1001, 1001, 1001, 1001, 1500, 1500, 1500, 1500]
[1500, 1500, 1600, 1500, 2011, 890, 988, 1600, 1001, 1001, 1001, 1001, 1500, 1500, 1500, 1500]
[1500, 1500, 1600, 1500, 2011, 890, 988, 1600, 1001, 1001, 1001, 1001, 1500, 1500, 1500, 1500]
[1500, 1500, 1600, 1500, 2011, 890, 988, 1600, 1001, 1001, 1001, 1001, 1500, 1500, 1500, 1500]
[1500, 1500, 1600, 1500, 2011, 890, 988, 1600, 1001, 1001, 1001, 1001, 1500, 1500, 1500, 1500]
[1500, 1500, 1600, 1500, 2011, 890, 988, 1600, 1001, 1001, 1001, 1001, 1500, 1500, 1500, 1500]
12:56:52.930279 Navigation got ALT: 0.02
*** Set bbox BEGIN position ***
[1500, 1500, 1600, 1500, 2012, 1172, 1070, 1300, 1001, 1001, 1001, 1001, 1500, 1500, 1500, 1500]
[1500, 1500, 1600, 1500, 2012, 1172, 1070, 1300, 1001, 1001, 1001, 1001, 1500, 1500, 1500, 1500]
[1500, 1500, 1600, 1500, 2012, 1172, 1070, 1300, 1001, 1001, 1001, 1001, 1500, 1500, 1500, 1500]
[1500, 1500, 1600, 1500, 2012, 1172, 1070, 1300, 1001, 1001, 1001, 1001, 1500, 1500, 1500, 1500]
12:56:52.950971 ALT: 0.02
12:56:52.951106 ATT: [-0.5, 1.1, 112]
12:56:52.951420 ACC: [-7, 1, 515]
[1500, 1500, 1600, 1500, 2012, 1172, 1070, 1300, 1001, 1001, 1001, 1001, 1500, 1500, 1500, 1500]
12:56:52.963505 Navigation got ALT: 0.02
*** Set bbox BEGIN position ***
[1497, 1500, 1600, 1500, 2011, 1172, 1072, 1300, 1001, 1001, 1001, 1001, 1500, 1500, 1500, 1500]
[1497, 1500, 1600, 1500, 2011, 1172, 1072, 1300, 1001, 1001, 1001, 1001, 1500, 1500, 1500, 1500]
[1497, 1500, 1600, 1500, 2011, 1172, 1072, 1300, 1001, 1001, 1001, 1001, 1500, 1500, 1500, 1500]
[1497, 1500, 1600, 1500, 2011, 1172, 1072, 1300, 1001, 1001, 1001, 1001, 1500, 1500, 1500, 1500]
[1497, 1500, 1600, 1500, 2011, 1172, 1072, 1300, 1001, 1001, 1001, 1001, 1500, 1500, 1500, 1500]
12:56:52.998299 Navigation got ALT: 0.02
*** Set bbox BEGIN position ***
* Start point: 291, 191
[1499, 1500, 1600, 1500, 2011, 1172, 1072, 1300, 1001, 1001, 1001, 1001, 1500, 1500, 1500, 1500]
[1499, 1500, 1600, 1500, 2011, 1172, 1072, 1300, 1001, 1001, 1001, 1001, 1500, 1500, 1500, 1500]
**Resetting tracker.
12:56:53.007652 ALT: 0.02
12:56:53.007775 ATT: [-0.5, 1.1, 112]
12:56:53.008091 ACC: [-7, 1, 515]
[1499, 1500, 1600, 1500, 2011, 1172, 1072, 1300, 1001, 1001, 1001, 1001, 1500, 1500, 1500, 1500]
[1499, 1500, 1600, 1500, 2011, 1172, 1072, 1300, 1001, 1001, 1001, 1001, 1500, 1500, 1500, 1500]
[1499, 1500, 1600, 1500, 2011, 1172, 1072, 1300, 1001, 1001, 1001, 1001, 1500, 1500, 1500, 1500]
12:56:53.029242 Navigation got ALT: 0.02
*** Set bbox BEGIN position ***
[1500, 1500, 1600, 1500, 2011, 1172, 1070, 1300, 1001, 1001, 1001, 1001, 1500, 1500, 1500, 1500]
[1500, 1500, 1600, 1500, 2011, 1172, 1070, 1300, 1001, 1001, 1001, 1001, 1500, 1500, 1500, 1500]
[1500, 1500, 1600, 1500, 2011, 1172, 1070, 1300, 1001, 1001, 1001, 1001, 1500, 1500, 1500, 1500]
[1500, 1500, 1600, 1500, 2011, 1172, 1070, 1300, 1001, 1001, 1001, 1001, 1500, 1500, 1500, 1500]
[1500, 1500, 1600, 1500, 2011, 1172, 1070, 1300, 1001, 1001, 1001, 1001, 1500, 1500, 1500, 1500]
12:56:53.056756 ALT: 0.02
12:56:53.056848 ATT: [-0.5, 1.1, 112]
12:56:53.057115 ACC: [-7, 0, 515]
12:56:53.062572 Navigation got ALT: 0.02
*** Set bbox BEGIN position ***
[1500, 1500, 1600, 1500, 2011, 1172, 1070, 1300, 1001, 1001, 1001, 1001, 1500, 1500, 1500, 1500]
[1500, 1500, 1600, 1500, 2011, 1172, 1070, 1300, 1001, 1001, 1001, 1001, 1500, 1500, 1500, 1500]
[1500, 1500, 1600, 1500, 2011, 1172, 1070, 1300, 1001, 1001, 1001, 1001, 1500, 1500, 1500, 1500]
[1500, 1500, 1600, 1500, 2011, 1172, 1070, 1300, 1001, 1001, 1001, 1001, 1500, 1500, 1500, 1500]
[1500, 1500, 1600, 1500, 2011, 1172, 1070, 1300, 1001, 1001, 1001, 1001, 1500, 1500, 1500, 1500]
12:56:53.096316 Navigation got ALT: 0.02
*** Set bbox BEGIN position ***
[1500, 1500, 1600, 1500, 2011, 1172, 1072, 1300, 1001, 1001, 1001, 1001, 1500, 1500, 1500, 1500]
[1500, 1500, 1600, 1500, 2011, 1172, 1072, 1300, 1001, 1001, 1001, 1001, 1500, 1500, 1500, 1500]
12:56:53.107917 ALT: 0.02
12:56:53.108017 ATT: [-0.5, 1.1, 112]
12:56:53.108965 ACC: [-7, 0, 516]
[1500, 1500, 1600, 1500, 2011, 1172, 1072, 1300, 1001, 1001, 1001, 1001, 1500, 1500, 1500, 1500]
[1500, 1500, 1600, 1500, 2011, 1172, 1072, 1300, 1001, 1001, 1001, 1001, 1500, 1500, 1500, 1500]
[1500, 1500, 1600, 1500, 2011, 1172, 1072, 1300, 1001, 1001, 1001, 1001, 1500, 1500, 1500, 1500]
12:56:53.129157 Navigation got ALT: 0.02
*** Set bbox BEGIN position ***
[1500, 1499, 1600, 1500, 2011, 1174, 1072, 1300, 1001, 1001, 1001, 1001, 1500, 1500, 1500, 1500]
[1500, 1499, 1600, 1500, 2011, 1174, 1072, 1300, 1001, 1001, 1001, 1001, 1500, 1500, 1500, 1500]
[1500, 1499, 1600, 1500, 2011, 1174, 1072, 1300, 1001, 1001, 1001, 1001, 1500, 1500, 1500, 1500]
[1500, 1499, 1600, 1500, 2011, 1174, 1072, 1300, 1001, 1001, 1001, 1001, 1500, 1500, 1500, 1500]
[1500, 1499, 1600, 1500, 2011, 1174, 1072, 1300, 1001, 1001, 1001, 1001, 1500, 1500, 1500, 1500]
12:56:53.162430 Navigation got ALT: 0.02
*** Set bbox BEGIN position ***
[1500, 1500, 1600, 1500, 2011, 1172, 1072, 1300, 1001, 1001, 1001, 1001, 1500, 1500, 1500, 1500]
12:56:53.167251 ALT: 0.02
12:56:53.167579 ATT: [-0.5, 1.1, 112]
12:56:53.168183 ACC: [-7, 0, 514]
[1500, 1500, 1600, 1500, 2011, 1172, 1072, 1300, 1001, 1001, 1001, 1001, 1500, 1500, 1500, 1500]
[1500, 1500, 1600, 1500, 2011, 1172, 1072, 1300, 1001, 1001, 1001, 1001, 1500, 1500, 1500, 1500]
[1500, 1500, 1600, 1500, 2011, 1172, 1072, 1300, 1001, 1001, 1001, 1001, 1500, 1500, 1500, 1500]
[1500, 1500, 1600, 1500, 2011, 1172, 1072, 1300, 1001, 1001, 1001, 1001, 1500, 1500, 1500, 1500]
12:56:53.195828 Navigation got ALT: 0.02
*** Set bbox BEGIN position ***
[1499, 1501, 1600, 1500, 2011, 1172, 1070, 1300, 1001, 1001, 1001, 1001, 1500, 1500, 1500, 1500]
[1499, 1501, 1600, 1500, 2011, 1172, 1070, 1300, 1001, 1001, 1001, 1001, 1500, 1500, 1500, 1500]
[1499, 1501, 1600, 1500, 2011, 1172, 1070, 1300, 1001, 1001, 1001, 1001, 1500, 1500, 1500, 1500]
12:56:53.214778 ALT: 0.02
12:56:53.214866 ATT: [-0.5, 1.1, 112]
12:56:53.215266 ACC: [-7, -1, 514]
[1499, 1501, 1600, 1500, 2011, 1172, 1070, 1300, 1001, 1001, 1001, 1001, 1500, 1500, 1500, 1500]
[1499, 1501, 1600, 1500, 2011, 1172, 1070, 1300, 1001, 1001, 1001, 1001, 1500, 1500, 1500, 1500]
12:56:53.229293 Navigation got ALT: 0.02
*** Set bbox BEGIN position ***
[1500, 1500, 1600, 1500, 2011, 1172, 1070, 1300, 1001, 1001, 1001, 1001, 1500, 1500, 1500, 1500]
[1500, 1500, 1600, 1500, 2011, 1172, 1070, 1300, 1001, 1001, 1001, 1001, 1500, 1500, 1500, 1500]
[1500, 1500, 1600, 1500, 2011, 1172, 1070, 1300, 1001, 1001, 1001, 1001, 1500, 1500, 1500, 1500]
[1500, 1500, 1600, 1500, 2011, 1172, 1070, 1300, 1001, 1001, 1001, 1001, 1500, 1500, 1500, 1500]
[1500, 1500, 1600, 1500, 2011, 1172, 1070, 1300, 1001, 1001, 1001, 1001, 1500, 1500, 1500, 1500]
12:56:53.262448 Navigation got ALT: 0.02
*** Set bbox BEGIN position ***
[1500, 1500, 1600, 1499, 2011, 1172, 1072, 1300, 1001, 1001, 1001, 1001, 1500, 1500, 1500, 1500]
[1500, 1500, 1600, 1499, 2011, 1172, 1072, 1300, 1001, 1001, 1001, 1001, 1500, 1500, 1500, 1500]
[1500, 1500, 1600, 1499, 2011, 1172, 1072, 1300, 1001, 1001, 1001, 1001, 1500, 1500, 1500, 1500]
12:56:53.279423 ALT: 0.02
12:56:53.279536 ATT: [-0.5, 1.1, 112]
12:56:53.279842 ACC: [-8, 0, 515]
[1500, 1500, 1600, 1499, 2011, 1172, 1072, 1300, 1001, 1001, 1001, 1001, 1500, 1500, 1500, 1500]
[1500, 1500, 1600, 1499, 2011, 1172, 1072, 1300, 1001, 1001, 1001, 1001, 1500, 1500, 1500, 1500]
12:56:53.296338 Navigation got ALT: 0.02
*** Set bbox BEGIN position ***
[1500, 1500, 1600, 1500, 2011, 1172, 1070, 1300, 1001, 1001, 1001, 1001, 1500, 1500, 1500, 1500]
[1500, 1500, 1600, 1500, 2011, 1172, 1070, 1300, 1001, 1001, 1001, 1001, 1500, 1500, 1500, 1500]
[1500, 1500, 1600, 1500, 2011, 1172, 1070, 1300, 1001, 1001, 1001, 1001, 1500, 1500, 1500, 1500]
[1500, 1500, 1600, 1500, 2011, 1172, 1070, 1300, 1001, 1001, 1001, 1001, 1500, 1500, 1500, 1500]
[1500, 1500, 1600, 1500, 2011, 1172, 1070, 1300, 1001, 1001, 1001, 1001, 1500, 1500, 1500, 1500]
12:56:53.328530 ALT: 0.02
12:56:53.328682 ATT: [-0.5, 1.1, 112]
12:56:53.329370 ACC: [-7, 0, 515]
12:56:53.330626 Navigation got ALT: 0.02
*** Set bbox BEGIN position ***
[1500, 1500, 1600, 1500, 2011, 1172, 1070, 1300, 1001, 1001, 1001, 1001, 1500, 1500, 1500, 1500]
[1500, 1500, 1600, 1500, 2011, 1172, 1070, 1300, 1001, 1001, 1001, 1001, 1500, 1500, 1500, 1500]
[1500, 1500, 1600, 1500, 2011, 1172, 1070, 1300, 1001, 1001, 1001, 1001, 1500, 1500, 1500, 1500]
[1500, 1500, 1600, 1500, 2011, 1172, 1070, 1300, 1001, 1001, 1001, 1001, 1500, 1500, 1500, 1500]
[1500, 1500, 1600, 1500, 2011, 1172, 1070, 1300, 1001, 1001, 1001, 1001, 1500, 1500, 1500, 1500]
12:56:53.362774 Navigation got ALT: 0.02
*** Set bbox BEGIN position ***
[1500, 1500, 1600, 1499, 2011, 1172, 1072, 1300, 1001, 1001, 1001, 1001, 1500, 1500, 1500, 1500]
[1500, 1500, 1600, 1499, 2011, 1172, 1072, 1300, 1001, 1001, 1001, 1001, 1500, 1500, 1500, 1500]
12:56:53.374813 ALT: 0.02
12:56:53.374898 ATT: [-0.5, 1.1, 112]
12:56:53.375185 ACC: [-6, 0, 514]
[1500, 1500, 1600, 1499, 2011, 1172, 1072, 1300, 1001, 1001, 1001, 1001, 1500, 1500, 1500, 1500]
[1500, 1500, 1600, 1499, 2011, 1172, 1072, 1300, 1001, 1001, 1001, 1001, 1500, 1500, 1500, 1500]
[1500, 1500, 1600, 1499, 2011, 1172, 1072, 1300, 1001, 1001, 1001, 1001, 1500, 1500, 1500, 1500]
12:56:53.395929 Navigation got ALT: 0.02
*** Set bbox END position ***
[1499, 1499, 1600, 1499, 2011, 1280, 1154, 1400, 1001, 1001, 1001, 1001, 1500, 1500, 1500, 1500]
[1499, 1499, 1600, 1499, 2011, 1280, 1154, 1400, 1001, 1001, 1001, 1001, 1500, 1500, 1500, 1500]
[1499, 1499, 1600, 1499, 2011, 1280, 1154, 1400, 1001, 1001, 1001, 1001, 1500, 1500, 1500, 1500]
[1499, 1499, 1600, 1499, 2011, 1280, 1154, 1400, 1001, 1001, 1001, 1001, 1500, 1500, 1500, 1500]
[1499, 1499, 1600, 1499, 2011, 1280, 1154, 1400, 1001, 1001, 1001, 1001, 1500, 1500, 1500, 1500]
12:56:53.422855 ALT: 0.02
12:56:53.422916 ATT: [-0.5, 1.1, 112]
12:56:53.423180 ACC: [-7, 0, 515]
12:56:53.429250 Navigation got ALT: 0.02
*** Set bbox END position ***
[1500, 1500, 1600, 1500, 2011, 1278, 1154, 1400, 1001, 1001, 1001, 1001, 1500, 1500, 1500, 1500]
[1500, 1500, 1600, 1500, 2011, 1278, 1154, 1400, 1001, 1001, 1001, 1001, 1500, 1500, 1500, 1500]
[1500, 1500, 1600, 1500, 2011, 1278, 1154, 1400, 1001, 1001, 1001, 1001, 1500, 1500, 1500, 1500]
[1500, 1500, 1600, 1500, 2011, 1278, 1154, 1400, 1001, 1001, 1001, 1001, 1500, 1500, 1500, 1500]
[1500, 1500, 1600, 1500, 2011, 1278, 1154, 1400, 1001, 1001, 1001, 1001, 1500, 1500, 1500, 1500]
12:56:53.462513 Navigation got ALT: 0.02
*** Set bbox END position ***
* End point: 397, 273
* Set bbox at 291,191 x 397,273
[1500, 1500, 1600, 1500, 2011, 1278, 1154, 1400, 1001, 1001, 1001, 1001, 1500, 1500, 1500, 1500]
**Init tracker as (291, 191, 106, 82)
[1500, 1500, 1600, 1500, 2011, 1278, 1154, 1400, 1001, 1001, 1001, 1001, 1500, 1500, 1500, 1500]
12:56:53.470914 ALT: 0.02
12:56:53.471020 ATT: [-0.5, 1.1, 112]
12:56:53.471326 ACC: [-8, 1, 514]
[1500, 1500, 1600, 1500, 2011, 1278, 1154, 1400, 1001, 1001, 1001, 1001, 1500, 1500, 1500, 1500]
[1500, 1500, 1600, 1500, 2011, 1278, 1154, 1400, 1001, 1001, 1001, 1001, 1500, 1500, 1500, 1500]
[1500, 1500, 1600, 1500, 2011, 1278, 1154, 1400, 1001, 1001, 1001, 1001, 1500, 1500, 1500, 1500]
12:56:53.495990 Navigation got ALT: 0.02
*** Set bbox END position ***
[1500, 1500, 1600, 1500, 2011, 1280, 1154, 1400, 1001, 1001, 1001, 1001, 1500, 1500, 1500, 1500]
[1500, 1500, 1600, 1500, 2011, 1280, 1154, 1400, 1001, 1001, 1001, 1001, 1500, 1500, 1500, 1500]
[1500, 1500, 1600, 1500, 2011, 1280, 1154, 1400, 1001, 1001, 1001, 1001, 1500, 1500, 1500, 1500]
[1500, 1500, 1600, 1500, 2011, 1280, 1154, 1400, 1001, 1001, 1001, 1001, 1500, 1500, 1500, 1500]
12:56:53.519237 ALT: 0.02
12:56:53.519471 ATT: [-0.5, 1.1, 112]
12:56:53.520096 ACC: [-7, 0, 513]
[1500, 1500, 1600, 1500, 2011, 1280, 1154, 1400, 1001, 1001, 1001, 1001, 1500, 1500, 1500, 1500]
12:56:53.530200 Navigation got ALT: 0.02
*** Set bbox END position ***
[1500, 1500, 1600, 1500, 2011, 1280, 1154, 1400, 1001, 1001, 1001, 1001, 1500, 1500, 1500, 1500]
[1500, 1500, 1600, 1500, 2011, 1280, 1154, 1400, 1001, 1001, 1001, 1001, 1500, 1500, 1500, 1500]
[1500, 1500, 1600, 1500, 2011, 1280, 1154, 1400, 1001, 1001, 1001, 1001, 1500, 1500, 1500, 1500]
[1500, 1500, 1600, 1500, 2011, 1280, 1154, 1400, 1001, 1001, 1001, 1001, 1500, 1500, 1500, 1500]
[1500, 1500, 1600, 1500, 2011, 1280, 1154, 1400, 1001, 1001, 1001, 1001, 1500, 1500, 1500, 1500]
12:56:53.562776 Navigation got ALT: 0.02
*** Set bbox END position ***
[1500, 1500, 1600, 1500, 2011, 1278, 1154, 1400, 1001, 1001, 1001, 1001, 1500, 1500, 1500, 1500]
12:56:53.569617 ALT: 0.02
12:56:53.569718 ATT: [-0.5, 1.1, 112]
12:56:53.570008 ACC: [-7, 0, 514]
[1500, 1500, 1600, 1500, 2011, 1278, 1154, 1400, 1001, 1001, 1001, 1001, 1500, 1500, 1500, 1500]
[1500, 1500, 1600, 1500, 2011, 1278, 1154, 1400, 1001, 1001, 1001, 1001, 1500, 1500, 1500, 1500]
[1500, 1500, 1600, 1500, 2011, 1278, 1154, 1400, 1001, 1001, 1001, 1001, 1500, 1500, 1500, 1500]
[1500, 1500, 1600, 1500, 2011, 1278, 1154, 1400, 1001, 1001, 1001, 1001, 1500, 1500, 1500, 1500]
12:56:53.595854 Navigation got ALT: 0.02
[1499, 1500, 1600, 1500, 2011, 890, 988, 1600, 1001, 1001, 1001, 1001, 1500, 1500, 1500, 1500]
[1499, 1500, 1600, 1500, 2011, 890, 988, 1600, 1001, 1001, 1001, 1001, 1500, 1500, 1500, 1500]
[1499, 1500, 1600, 1500, 2011, 890, 988, 1600, 1001, 1001, 1001, 1001, 1500, 1500, 1500, 1500]
12:56:53.614937 ALT: 0.02
12:56:53.615104 ATT: [-0.5, 1.1, 112]
12:56:53.615482 ACC: [-7, 0, 515]
[1499, 1500, 1600, 1500, 2011, 890, 988, 1600, 1001, 1001, 1001, 1001, 1500, 1500, 1500, 1500]
[1499, 1500, 1600, 1500, 2011, 890, 988, 1600, 1001, 1001, 1001, 1001, 1500, 1500, 1500, 1500]
12:56:53.629167 Navigation got ALT: 0.02
[1500, 1500, 1600, 1500, 2011, 890, 988, 1600, 1001, 1001, 1001, 1001, 1500, 1500, 1500, 1500]
[1500, 1500, 1600, 1500, 2011, 890, 988, 1600, 1001, 1001, 1001, 1001, 1500, 1500, 1500, 1500]
[1500, 1500, 1600, 1500, 2011, 890, 988, 1600, 1001, 1001, 1001, 1001, 1500, 1500, 1500, 1500]
[1500, 1500, 1600, 1500, 2011, 890, 988, 1600, 1001, 1001, 1001, 1001, 1500, 1500, 1500, 1500]
[1500, 1500, 1600, 1500, 2011, 890, 988, 1600, 1001, 1001, 1001, 1001, 1500, 1500, 1500, 1500]
12:56:53.662837 Navigation got ALT: 0.02
[1500, 1500, 1600, 1500, 2011, 890, 988, 1600, 1001, 1001, 1001, 1001, 1500, 1500, 1500, 1500]
12:56:53.663254 ALT: 0.02
12:56:53.663362 ATT: [-0.5, 1.1, 112]
12:56:53.663955 ACC: [-7, 1, 514]
[1500, 1500, 1600, 1500, 2011, 890, 988, 1600, 1001, 1001, 1001, 1001, 1500, 1500, 1500, 1500]
[1500, 1500, 1600, 1500, 2011, 890, 988, 1600, 1001, 1001, 1001, 1001, 1500, 1500, 1500, 1500]
[1500, 1500, 1600, 1500, 2011, 890, 988, 1600, 1001, 1001, 1001, 1001, 1500, 1500, 1500, 1500]
[1500, 1500, 1600, 1500, 2011, 890, 988, 1600, 1001, 1001, 1001, 1001, 1500, 1500, 1500, 1500]
12:56:53.696493 Navigation got ALT: 0.02
[1500, 1500, 1600, 1500, 2011, 890, 988, 1600, 1001, 1001, 1001, 1001, 1500, 1500, 1500, 1500]
[1500, 1500, 1600, 1500, 2011, 890, 988, 1600, 1001, 1001, 1001, 1001, 1500, 1500, 1500, 1500]
[1500, 1500, 1600, 1500, 2011, 890, 988, 1600, 1001, 1001, 1001, 1001, 1500, 1500, 1500, 1500]
12:56:53.711152 ALT: 0.02
12:56:53.711344 ATT: [-0.5, 1.1, 112]
12:56:53.711674 ACC: [-7, -1, 513]
[1500, 1500, 1600, 1500, 2011, 890, 988, 1600, 1001, 1001, 1001, 1001, 1500, 1500, 1500, 1500]
[1500, 1500, 1600, 1500, 2011, 890, 988, 1600, 1001, 1001, 1001, 1001, 1500, 1500, 1500, 1500]
12:56:53.731547 Navigation got ALT: 0.02
[1500, 1500, 1600, 1500, 2011, 890, 989, 1600, 1001, 1001, 1001, 1001, 1500, 1500, 1500, 1500]
[1500, 1500, 1600, 1500, 2011, 890, 989, 1600, 1001, 1001, 1001, 1001, 1500, 1500, 1500, 1500]
[1500, 1500, 1600, 1500, 2011, 890, 989, 1600, 1001, 1001, 1001, 1001, 1500, 1500, 1500, 1500]
[1500, 1500, 1600, 1500, 2011, 890, 989, 1600, 1001, 1001, 1001, 1001, 1500, 1500, 1500, 1500]
[1500, 1500, 1600, 1500, 2011, 890, 989, 1600, 1001, 1001, 1001, 1001, 1500, 1500, 1500, 1500]
12:56:53.759005 ALT: 0.02
12:56:53.759148 ATT: [-0.5, 1.1, 112]
12:56:53.759522 ACC: [-7, -1, 515]
12:56:53.762417 Navigation got ALT: 0.02
[1500, 1500, 1600, 1500, 2012, 890, 988, 1600, 1001, 1001, 1001, 1001, 1500, 1500, 1500, 1500]
[1500, 1500, 1600, 1500, 2012, 890, 988, 1600, 1001, 1001, 1001, 1001, 1500, 1500, 1500, 1500]
[1500, 1500, 1600, 1500, 2012, 890, 988, 1600, 1001, 1001, 1001, 1001, 1500, 1500, 1500, 1500]
[1500, 1500, 1600, 1500, 2012, 890, 988, 1600, 1001, 1001, 1001, 1001, 1500, 1500, 1500, 1500]
[1500, 1500, 1600, 1500, 2012, 890, 988, 1600, 1001, 1001, 1001, 1001, 1500, 1500, 1500, 1500]
12:56:53.796248 Navigation got ALT: 0.02
[1500, 1500, 1600, 1500, 2011, 890, 988, 1600, 1001, 1001, 1001, 1001, 1500, 1500, 1500, 1500]
[1500, 1500, 1600, 1500, 2011, 890, 988, 1600, 1001, 1001, 1001, 1001, 1500, 1500, 1500, 1500]
12:56:53.807088 ALT: 0.02
12:56:53.807221 ATT: [-0.5, 1.1, 112]
12:56:53.807565 ACC: [-6, -1, 515]
[1500, 1500, 1600, 1500, 2011, 890, 988, 1600, 1001, 1001, 1001, 1001, 1500, 1500, 1500, 1500]
[1500, 1500, 1600, 1500, 2011, 890, 988, 1600, 1001, 1001, 1001, 1001, 1500, 1500, 1500, 1500]
[1500, 1500, 1600, 1500, 2011, 890, 988, 1600, 1001, 1001, 1001, 1001, 1500, 1500, 1500, 1500]
12:56:53.829505 Navigation got ALT: 0.02
[1500, 1500, 1600, 1500, 2012, 890, 988, 1600, 1001, 1001, 1001, 1001, 1500, 1500, 1500, 1500]
[1500, 1500, 1600, 1500, 2012, 890, 988, 1600, 1001, 1001, 1001, 1001, 1500, 1500, 1500, 1500]
[1500, 1500, 1600, 1500, 2012, 890, 988, 1600, 1001, 1001, 1001, 1001, 1500, 1500, 1500, 1500]
[1500, 1500, 1600, 1500, 2012, 890, 988, 1600, 1001, 1001, 1001, 1001, 1500, 1500, 1500, 1500]
12:56:53.855095 ALT: 0.02
12:56:53.855261 ATT: [-0.5, 1.1, 112]
12:56:53.855677 ACC: [-7, 0, 515]
[1500, 1500, 1600, 1500, 2012, 890, 988, 1600, 1001, 1001, 1001, 1001, 1500, 1500, 1500, 1500]
12:56:53.862553 Navigation got ALT: 0.02
[1500, 1500, 1600, 1500, 2011, 890, 988, 1600, 1001, 1001, 1001, 1001, 1500, 1500, 1500, 1500]
[1500, 1500, 1600, 1500, 2011, 890, 988, 1600, 1001, 1001, 1001, 1001, 1500, 1500, 1500, 1500]
[1500, 1500, 1600, 1500, 2011, 890, 988, 1600, 1001, 1001, 1001, 1001, 1500, 1500, 1500, 1500]
[1500, 1500, 1600, 1500, 2011, 890, 988, 1600, 1001, 1001, 1001, 1001, 1500, 1500, 1500, 1500]
[1500, 1500, 1600, 1500, 2011, 890, 988, 1600, 1001, 1001, 1001, 1001, 1500, 1500, 1500, 1500]
12:56:53.896051 Navigation got ALT: 0.02
[1499, 1500, 1600, 1500, 2011, 890, 988, 1600, 1001, 1001, 1001, 1001, 1500, 1500, 1500, 1500]
[1499, 1500, 1600, 1500, 2011, 890, 988, 1600, 1001, 1001, 1001, 1001, 1500, 1500, 1500, 1500]
12:56:53.902984 ALT: 0.02
12:56:53.903087 ATT: [-0.5, 1.1, 112]
12:56:53.903430 ACC: [-7, -1, 514]
[1499, 1500, 1600, 1500, 2011, 890, 988, 1600, 1001, 1001, 1001, 1001, 1500, 1500, 1500, 1500]
[1499, 1500, 1600, 1500, 2011, 890, 988, 1600, 1001, 1001, 1001, 1001, 1500, 1500, 1500, 1500]
[1499, 1500, 1600, 1500, 2011, 890, 988, 1600, 1001, 1001, 1001, 1001, 1500, 1500, 1500, 1500]
12:56:53.929863 Navigation got ALT: 0.02
[1500, 1500, 1600, 1500, 2011, 890, 988, 1598, 1001, 1001, 1001, 1001, 1500, 1500, 1500, 1500]
[1500, 1500, 1600, 1500, 2011, 890, 988, 1598, 1001, 1001, 1001, 1001, 1500, 1500, 1500, 1500]
[1500, 1500, 1600, 1500, 2011, 890, 988, 1598, 1001, 1001, 1001, 1001, 1500, 1500, 1500, 1500]
[1500, 1500, 1600, 1500, 2011, 890, 988, 1598, 1001, 1001, 1001, 1001, 1500, 1500, 1500, 1500]
12:56:53.951282 ALT: 0.02
12:56:53.951577 ATT: [-0.5, 1.1, 112]
12:56:53.952561 ACC: [-7, 1, 514]
[1500, 1500, 1600, 1500, 2011, 890, 988, 1598, 1001, 1001, 1001, 1001, 1500, 1500, 1500, 1500]
12:56:53.962652 Navigation got ALT: 0.02
[1500, 1500, 1600, 1499, 2011, 890, 988, 1600, 1001, 1001, 1001, 1001, 1500, 1500, 1500, 1500]
[1500, 1500, 1600, 1499, 2011, 890, 988, 1600, 1001, 1001, 1001, 1001, 1500, 1500, 1500, 1500]
[1500, 1500, 1600, 1499, 2011, 890, 988, 1600, 1001, 1001, 1001, 1001, 1500, 1500, 1500, 1500]
[1500, 1500, 1600, 1499, 2011, 890, 988, 1600, 1001, 1001, 1001, 1001, 1500, 1500, 1500, 1500]
[1500, 1500, 1600, 1499, 2011, 890, 988, 1600, 1001, 1001, 1001, 1001, 1500, 1500, 1500, 1500]
12:56:53.995876 Navigation got ALT: 0.02
[1499, 1500, 1600, 1500, 2011, 890, 988, 1600, 1001, 1001, 1001, 1001, 1500, 1500, 1500, 1500]
12:56:53.999150 ALT: 0.02
12:56:53.999311 ATT: [-0.5, 1.1, 112]
12:56:53.999664 ACC: [-7, 1, 514]
[1499, 1500, 1600, 1500, 2011, 890, 988, 1600, 1001, 1001, 1001, 1001, 1500, 1500, 1500, 1500]
[1499, 1500, 1600, 1500, 2011, 890, 988, 1600, 1001, 1001, 1001, 1001, 1500, 1500, 1500, 1500]
[1499, 1500, 1600, 1500, 2011, 890, 988, 1600, 1001, 1001, 1001, 1001, 1500, 1500, 1500, 1500]
[1499, 1500, 1600, 1500, 2011, 890, 988, 1600, 1001, 1001, 1001, 1001, 1500, 1500, 1500, 1500]
12:56:54.030453 Navigation got ALT: 0.02
[1500, 1500, 1600, 1500, 2011, 890, 988, 1600, 1001, 1001, 1001, 1001, 1500, 1500, 1500, 1500]
[1500, 1500, 1600, 1500, 2011, 890, 988, 1600, 1001, 1001, 1001, 1001, 1500, 1500, 1500, 1500]
[1500, 1500, 1600, 1500, 2011, 890, 988, 1600, 1001, 1001, 1001, 1001, 1500, 1500, 1500, 1500]
[1500, 1500, 1600, 1500, 2011, 890, 988, 1600, 1001, 1001, 1001, 1001, 1500, 1500, 1500, 1500]
[1500, 1500, 1600, 1500, 2011, 890, 988, 1600, 1001, 1001, 1001, 1001, 1500, 1500, 1500, 1500]
12:56:54.063244 Navigation got ALT: 0.02
[1500, 1500, 1600, 1500, 2011, 890, 988, 1600, 1001, 1001, 1001, 1001, 1500, 1500, 1500, 1500]
12:56:54.064019 ALT: 0.02
12:56:54.064141 ATT: [-0.5, 1.1, 112]
12:56:54.064813 ACC: [-6, 0, 514]
[1500, 1500, 1600, 1500, 2011, 890, 988, 1600, 1001, 1001, 1001, 1001, 1500, 1500, 1500, 1500]
[1500, 1500, 1600, 1500, 2011, 890, 988, 1600, 1001, 1001, 1001, 1001, 1500, 1500, 1500, 1500]
[1500, 1500, 1600, 1500, 2011, 890, 988, 1600, 1001, 1001, 1001, 1001, 1500, 1500, 1500, 1500]
[1500, 1500, 1600, 1500, 2011, 890, 988, 1600, 1001, 1001, 1001, 1001, 1500, 1500, 1500, 1500]
12:56:54.096228 Navigation got ALT: 0.02
[1499, 1500, 1600, 1500, 2011, 890, 988, 1600, 1001, 1001, 1001, 1001, 1500, 1500, 1500, 1500]
[1499, 1500, 1600, 1500, 2011, 890, 988, 1600, 1001, 1001, 1001, 1001, 1500, 1500, 1500, 1500]
[1499, 1500, 1600, 1500, 2011, 890, 988, 1600, 1001, 1001, 1001, 1001, 1500, 1500, 1500, 1500]
12:56:54.115127 ALT: 0.02
12:56:54.115342 ATT: [-0.5, 1.1, 112]
12:56:54.115807 ACC: [-8, 0, 514]
[1499, 1500, 1600, 1500, 2011, 890, 988, 1600, 1001, 1001, 1001, 1001, 1500, 1500, 1500, 1500]
12:56:54.135181 Navigation got ALT: 0.02
[1500, 1499, 1600, 1500, 2011, 890, 988, 1600, 1001, 1001, 1001, 1001, 1500, 1500, 1500, 1500]
[1500, 1499, 1600, 1500, 2011, 890, 988, 1600, 1001, 1001, 1001, 1001, 1500, 1500, 1500, 1500]
[1500, 1499, 1600, 1500, 2011, 890, 988, 1600, 1001, 1001, 1001, 1001, 1500, 1500, 1500, 1500]
[1500, 1499, 1600, 1500, 2011, 890, 988, 1600, 1001, 1001, 1001, 1001, 1500, 1500, 1500, 1500]
[1500, 1499, 1600, 1500, 2011, 890, 988, 1600, 1001, 1001, 1001, 1001, 1500, 1500, 1500, 1500]
[1500, 1499, 1600, 1500, 2011, 890, 988, 1600, 1001, 1001, 1001, 1001, 1500, 1500, 1500, 1500]
12:56:54.162791 ALT: 0.02
12:56:54.163284 ATT: [-0.5, 1.1, 112]
12:56:54.163630 ACC: [-7, -2, 517]
12:56:54.168314 Navigation got ALT: 0.02
[1500, 1500, 1600, 1500, 2011, 890, 988, 1600, 1001, 1001, 1001, 1001, 1500, 1500, 1500, 1500]
[1500, 1500, 1600, 1500, 2011, 890, 988, 1600, 1001, 1001, 1001, 1001, 1500, 1500, 1500, 1500]
[1500, 1500, 1600, 1500, 2011, 890, 988, 1600, 1001, 1001, 1001, 1001, 1500, 1500, 1500, 1500]
[1500, 1500, 1600, 1500, 2011, 890, 988, 1600, 1001, 1001, 1001, 1001, 1500, 1500, 1500, 1500]
[1500, 1500, 1600, 1500, 2011, 890, 988, 1600, 1001, 1001, 1001, 1001, 1500, 1500, 1500, 1500]
[1500, 1500, 1600, 1500, 2011, 890, 988, 1600, 1001, 1001, 1001, 1001, 1500, 1500, 1500, 1500]
12:56:54.202426 Navigation got ALT: 0.02
*** TARGETING mode ***
* Target Target(-75, 6) received.
Anchor YAW: None, current YAW: 112
12:56:54.208037 ALT: 0.02
12:56:54.208179 ATT: [-0.5, 1.1, 112]
12:56:54.208876 ACC: [-5, -2, 517]
12:56:54.255828 ALT: 0.02
12:56:54.256066 ATT: [-0.5, 1.1, 112]
12:56:54.256473 ACC: [-6, -1, 518]
12:56:54.303928 ALT: 0.02
12:56:54.304139 ATT: [-0.5, 1.1, 112]
12:56:54.304656 ACC: [-8, 0, 513]
12:56:54.351124 ALT: 0.02
12:56:54.351269 ATT: [-0.5, 1.1, 112]
12:56:54.351524 ACC: [-7, -2, 515]
12:56:54.413907 ALT: 0.02
12:56:54.414029 ATT: [-0.5, 1.1, 112]
12:56:54.414319 ACC: [-7, -1, 514]
12:56:54.463085 ALT: 0.02
12:56:54.463196 ATT: [-0.5, 1.1, 112]
12:56:54.463360 ACC: [-7, 1, 514]
12:56:54.511192 ALT: 0.02
12:56:54.511380 ATT: [-0.5, 1.1, 112]
12:56:54.511775 ACC: [-7, 1, 515]
12:56:54.559083 ALT: 0.02
12:56:54.559225 ATT: [-0.5, 1.1, 112]
12:56:54.559493 ACC: [-6, -1, 515]
12:56:54.607222 ALT: 0.02
12:56:54.607379 ATT: [-0.5, 1.1, 112]
12:56:54.607594 ACC: [-7, -2, 516]
12:56:54.655678 ALT: 0.02
12:56:54.655779 ATT: [-0.5, 1.1, 112]
12:56:54.655927 ACC: [-7, 0, 514]
12:56:54.703368 ALT: 0.02
12:56:54.703526 ATT: [-0.5, 1.2, 112]
12:56:54.703761 ACC: [-7, -1, 515]
12:56:54.751922 ALT: 0.02
12:56:54.752151 ATT: [-0.5, 1.2, 112]
12:56:54.752522 ACC: [-6, 0, 516]
12:56:54.800267 ALT: 0.02
12:56:54.800521 ATT: [-0.5, 1.2, 112]
12:56:54.801082 ACC: [-8, 0, 513]
12:56:54.847034 ALT: 0.02
12:56:54.847143 ATT: [-0.5, 1.2, 112]
12:56:54.847343 ACC: [-7, 0, 515]
12:56:54.896071 ALT: 0.02
12:56:54.896197 ATT: [-0.5, 1.2, 112]
12:56:54.896413 ACC: [-7, -1, 515]
12:56:54.943260 ALT: 0.02
12:56:54.943393 ATT: [-0.5, 1.2, 112]
12:56:54.943587 ACC: [-7, 0, 514]
12:56:54.991432 ALT: 0.02
12:56:54.991575 ATT: [-0.5, 1.2, 112]
12:56:54.992908 ACC: [-8, -1, 514]
12:56:55.039279 ALT: 0.02
12:56:55.039411 ATT: [-0.5, 1.2, 112]
12:56:55.039602 ACC: [-6, 0, 515]
12:56:55.087770 ALT: 0.02
12:56:55.087944 ATT: [-0.5, 1.2, 112]
12:56:55.088437 ACC: [-7, 1, 515]
12:56:55.135723 ALT: 0.02
12:56:55.135886 ATT: [-0.5, 1.2, 112]
12:56:55.136220 ACC: [-7, 2, 516]
12:56:55.183448 ALT: 0.02
12:56:55.183559 ATT: [-0.5, 1.2, 112]
12:56:55.183719 ACC: [-6, -3, 515]
12:56:55.231153 ALT: 0.02
12:56:55.231276 ATT: [-0.5, 1.2, 112]
12:56:55.231464 ACC: [-8, 1, 514]
12:56:55.279463 ALT: 0.02
12:56:55.279816 ATT: [-0.5, 1.2, 112]
12:56:55.280082 ACC: [-7, -1, 515]
12:56:55.343708 ALT: 0.02
12:56:55.343890 ATT: [-0.5, 1.2, 112]
12:56:55.344395 ACC: [-7, 0, 514]
12:56:55.391285 ALT: 0.02
12:56:55.391401 ATT: [-0.5, 1.2, 112]
12:56:55.391572 ACC: [-7, 0, 514]
12:56:55.439410 ALT: 0.02
12:56:55.439521 ATT: [-0.5, 1.2, 112]
12:56:55.439682 ACC: [-8, 0, 514]
12:56:55.488134 ALT: 0.02
12:56:55.488416 ATT: [-0.5, 1.2, 112]
12:56:55.488916 ACC: [-7, 0, 514]
12:56:55.538789 ALT: 0.02
12:56:55.538917 ATT: [-0.5, 1.2, 112]
12:56:55.539407 ACC: [-7, 0, 515]
12:56:55.584009 ALT: 0.02
12:56:55.584344 ATT: [-0.5, 1.2, 112]
12:56:55.584849 ACC: [-7, 0, 516]
12:56:55.631554 ALT: 0.02
12:56:55.631683 ATT: [-0.5, 1.2, 112]
12:56:55.631927 ACC: [-6, -1, 514]
12:56:55.679612 ALT: 0.02
12:56:55.679797 ATT: [-0.5, 1.2, 112]
12:56:55.680029 ACC: [-6, 1, 515]
12:56:55.727181 ALT: 0.02
12:56:55.727394 ATT: [-0.5, 1.2, 112]
12:56:55.727789 ACC: [-6, 0, 515]
12:56:55.775760 ALT: 0.02
12:56:55.775892 ATT: [-0.4, 1.1, 112]
12:56:55.776108 ACC: [3, 1, 512]
12:56:55.823240 ALT: 0.02
12:56:55.823485 ATT: [-0.4, 1.1, 113]
12:56:55.823671 ACC: [-3, -4, 511]
12:56:55.871820 ALT: 0.02
12:56:55.871996 ATT: [-0.3, 1.0, 113]
12:56:55.872333 ACC: [-9, 0, 518]
12:56:55.919594 ALT: 0.02
12:56:55.919687 ATT: [-0.3, 1.0, 113]
12:56:55.919845 ACC: [-4, 2, 513]
12:56:55.968359 ALT: 0.02
12:56:55.968673 ATT: [-0.3, 1.0, 113]
12:56:55.968962 ACC: [-10, -1, 515]
12:56:56.015865 ALT: 0.02
12:56:56.016024 ATT: [-0.1, 0.9, 112]
12:56:56.016358 ACC: [-7, 0, 513]
12:56:56.068082 ALT: 0.02
12:56:56.068223 ATT: [0.0, 0.8, 111]
12:56:56.068505 ACC: [-8, 1, 516]
12:56:56.111957 ALT: 0.02
12:56:56.112069 ATT: [0.0, 0.8, 111]
12:56:56.112241 ACC: [-8, 0, 515]
12:56:56.159861 ALT: 0.02
12:56:56.160147 ATT: [0.0, 0.8, 110]
12:56:56.160491 ACC: [-6, 0, 514]
12:56:56.207649 ALT: 0.02
12:56:56.207748 ATT: [0.0, 0.8, 110]
12:56:56.207895 ACC: [-7, 1, 515]
12:56:56.256033 ALT: 0.02
12:56:56.256261 ATT: [0.0, 0.8, 110]
12:56:56.256686 ACC: [-7, 0, 515]
12:56:56.303971 ALT: 0.02
12:56:56.305114 ATT: [0.1, 0.8, 110]
12:56:56.305598 ACC: [-8, 1, 515]
12:56:56.351561 ALT: 0.02
12:56:56.351700 ATT: [0.1, 0.8, 110]
12:56:56.351887 ACC: [-7, 1, 515]
12:56:56.400293 ALT: 0.02
12:56:56.400511 ATT: [0.1, 0.8, 109]
12:56:56.401069 ACC: [-7, 1, 514]
12:56:56.447332 ALT: 0.02
12:56:56.447494 ATT: [0.0, 0.8, 109]
12:56:56.447797 ACC: [-7, 0, 514]
12:56:56.495898 ALT: 0.02
12:56:56.495997 ATT: [0.0, 0.8, 109]
12:56:56.496141 ACC: [-7, 0, 514]
12:56:56.543836 ALT: 0.02
12:56:56.544013 ATT: [0.0, 0.8, 109]
12:56:56.544203 ACC: [-7, 1, 515]
12:56:56.591703 ALT: 0.02
12:56:56.591950 ATT: [0.0, 0.8, 109]
12:56:56.592300 ACC: [-7, 1, 515]
12:56:56.640473 ALT: 0.02
12:56:56.640826 ATT: [0.0, 0.8, 109]
12:56:56.641566 ACC: [-7, 1, 515]
12:56:56.687298 ALT: 0.02
12:56:56.687397 ATT: [0.0, 0.8, 109]
12:56:56.687566 ACC: [-7, 1, 515]
12:56:56.735542 ALT: 0.02
12:56:56.735724 ATT: [0.0, 0.8, 109]
12:56:56.736013 ACC: [-7, 1, 515]
12:56:56.784166 ALT: 0.02
12:56:56.784577 ATT: [0.0, 0.8, 109]
12:56:56.785483 ACC: [-7, 0, 515]
12:56:56.831530 ALT: 0.02
12:56:56.831669 ATT: [0.0, 0.8, 109]
12:56:56.832013 ACC: [-7, 0, 515]
12:56:56.879616 ALT: 0.02
12:56:56.879853 ATT: [0.0, 0.8, 109]
12:56:56.880304 ACC: [-7, 0, 515]
12:56:56.927921 ALT: 0.02
12:56:56.928152 ATT: [0.0, 0.8, 109]
12:56:56.928543 ACC: [-7, 1, 515]
12:56:56.976263 ALT: 0.02
12:56:56.976494 ATT: [0.0, 0.8, 109]
12:56:56.976781 ACC: [-7, 1, 514]
12:56:57.023799 ALT: 0.02
12:56:57.023974 ATT: [0.0, 0.8, 109]
12:56:57.024291 ACC: [-7, 0, 515]
12:56:57.071794 ALT: 0.02
12:56:57.072002 ATT: [0.0, 0.8, 109]
12:56:57.072278 ACC: [-7, 0, 515]
12:56:57.119331 ALT: 0.02
12:56:57.119547 ATT: [0.0, 0.8, 109]
12:56:57.119780 ACC: [-7, 0, 515]
12:56:57.167678 ALT: 0.02
12:56:57.167801 ATT: [0.0, 0.8, 109]
12:56:57.168000 ACC: [-7, 0, 515]
12:56:57.220966 ALT: 0.02
12:56:57.221082 ATT: [0.0, 0.8, 109]
12:56:57.221344 ACC: [-7, 0, 515]
12:56:57.263391 ALT: 0.02
12:56:57.263887 ATT: [0.0, 0.8, 109]
12:56:57.264080 ACC: [-8, 1, 515]
12:56:57.311979 ALT: 0.02
12:56:57.312116 ATT: [0.0, 0.8, 109]
12:56:57.312387 ACC: [-7, 1, 514]
12:56:57.360105 ALT: 0.02
12:56:57.360474 ATT: [0.0, 0.8, 109]
12:56:57.360707 ACC: [-7, 0, 514]
12:56:57.423846 ALT: 0.02
12:56:57.424096 ATT: [0.0, 0.8, 109]
12:56:57.424479 ACC: [-7, 0, 516]
12:56:57.471886 ALT: 0.02
12:56:57.472054 ATT: [0.0, 0.8, 109]
12:56:57.472291 ACC: [-7, 1, 514]
12:56:57.519779 ALT: 0.02
12:56:57.520156 ATT: [0.0, 0.8, 109]
12:56:57.520548 ACC: [-7, 0, 515]
12:56:57.567689 ALT: 0.02
12:56:57.567846 ATT: [0.0, 0.8, 109]
12:56:57.568058 ACC: [-7, 0, 515]
12:56:57.615991 ALT: 0.02
12:56:57.616132 ATT: [0.0, 0.8, 109]
12:56:57.616377 ACC: [-7, 0, 515]
12:56:57.663675 ALT: -0.04
12:56:57.663889 ATT: [0.0, 0.8, 109]
12:56:57.664310 ACC: [-7, 1, 515]
12:56:57.711739 ALT: -0.06
12:56:57.711957 ATT: [0.0, 0.8, 109]
12:56:57.712284 ACC: [-7, 1, 514]
12:56:57.760554 ALT: -0.06
12:56:57.760771 ATT: [0.0, 0.8, 109]
12:56:57.761207 ACC: [-7, 0, 515]
12:56:57.825999 ALT: -0.06
12:56:57.826356 ATT: [0.0, 0.8, 109]
12:56:57.826844 ACC: [-7, 1, 514]
12:56:57.871926 ALT: -0.06
12:56:57.872067 ATT: [0.0, 0.8, 109]
12:56:57.872380 ACC: [-7, 0, 515]
12:56:57.921980 ALT: -0.06
12:56:57.922194 ATT: [0.0, 0.8, 109]
12:56:57.922423 ACC: [-7, 1, 514]
12:56:57.967809 ALT: -0.06
12:56:57.967964 ATT: [0.0, 0.8, 109]
12:56:57.968186 ACC: [-7, 1, 515]
12:56:58.017190 ALT: -0.06
12:56:58.017587 ATT: [0.0, 0.8, 109]
12:56:58.018093 ACC: [-7, 1, 515]
12:56:58.080267 ALT: -0.06
12:56:58.080409 ATT: [0.0, 0.8, 109]
12:56:58.080736 ACC: [-7, 1, 515]
12:56:58.128052 ALT: -0.06
12:56:58.128173 ATT: [0.0, 0.8, 109]
12:56:58.128364 ACC: [-7, 0, 515]
12:56:58.175997 ALT: -0.06
12:56:58.176164 ATT: [0.0, 0.8, 109]
12:56:58.176410 ACC: [-7, 1, 515]
12:56:58.223961 ALT: -0.06
12:56:58.224134 ATT: [0.0, 0.8, 109]
12:56:58.224373 ACC: [-7, 1, 515]
12:56:58.272180 ALT: -0.06
12:56:58.272316 ATT: [0.0, 0.8, 109]
12:56:58.272640 ACC: [-7, 0, 515]
12:56:58.335960 ALT: -0.06
12:56:58.336096 ATT: [0.0, 0.8, 109]
12:56:58.336346 ACC: [-7, 1, 515]
12:56:58.387070 ALT: -0.06
12:56:58.387176 ATT: [0.0, 0.8, 109]
12:56:58.387343 ACC: [-7, 0, 514]
12:56:58.432703 ALT: -0.06
12:56:58.433124 ATT: [0.0, 0.8, 109]
12:56:58.433725 ACC: [-7, 0, 515]
12:56:58.480115 ALT: -0.06
12:56:58.480335 ATT: [0.0, 0.8, 109]
12:56:58.480571 ACC: [-7, 1, 515]
12:56:58.527523 ALT: -0.06
12:56:58.527704 ATT: [0.0, 0.8, 109]
12:56:58.527863 ACC: [-7, 1, 515]
12:56:58.576258 ALT: -0.06
12:56:58.576446 ATT: [0.0, 0.8, 109]
12:56:58.576805 ACC: [-7, 0, 514]
12:56:58.624178 ALT: -0.06
12:56:58.624366 ATT: [0.0, 0.8, 109]
12:56:58.624675 ACC: [-7, 0, 514]
12:56:58.672718 ALT: -0.06
12:56:58.673074 ATT: [0.0, 0.8, 109]
12:56:58.673655 ACC: [-7, 0, 515]
12:56:58.719947 ALT: -0.06
12:56:58.720060 ATT: [0.0, 0.8, 109]
12:56:58.720251 ACC: [-7, 0, 515]
12:56:58.768187 ALT: -0.06
12:56:58.768348 ATT: [0.0, 0.8, 109]
12:56:58.768701 ACC: [-7, 0, 515]
12:56:58.815554 ALT: -0.06
12:56:58.815805 ATT: [0.0, 0.8, 109]
12:56:58.815972 ACC: [-7, 0, 515]
12:56:58.864102 ALT: -0.06
12:56:58.864204 ATT: [0.0, 0.8, 109]
12:56:58.864357 ACC: [-7, 1, 514]
12:56:58.915982 ALT: -0.06
12:56:58.916239 ATT: [0.0, 0.8, 109]
12:56:58.916582 ACC: [-8, 1, 515]
12:56:58.960198 ALT: -0.06
12:56:58.960315 ATT: [0.0, 0.8, 109]
12:56:58.960479 ACC: [-7, 0, 515]
12:56:59.008114 ALT: -0.06
12:56:59.008235 ATT: [0.0, 0.8, 109]
12:56:59.008413 ACC: [-7, 1, 514]
12:56:59.056319 ALT: -0.06
12:56:59.056438 ATT: [0.0, 0.8, 109]
12:56:59.056659 ACC: [-7, 0, 515]
12:56:59.104451 ALT: -0.06
12:56:59.104619 ATT: [0.0, 0.8, 109]
12:56:59.104951 ACC: [-7, 0, 515]
12:56:59.151904 ALT: -0.06
12:56:59.152072 ATT: [0.0, 0.8, 109]
12:56:59.152301 ACC: [-7, 1, 515]
12:56:59.202821 ALT: -0.06
12:56:59.202915 ATT: [0.0, 0.8, 109]
12:56:59.203060 ACC: [-7, 0, 515]
12:56:59.247777 ALT: -0.06
12:56:59.247917 ATT: [0.0, 0.8, 109]
12:56:59.248126 ACC: [-7, 0, 515]
12:56:59.295806 ALT: -0.06
12:56:59.295927 ATT: [0.0, 0.8, 109]
12:56:59.296186 ACC: [-7, 1, 515]
12:56:59.344570 ALT: -0.06
12:56:59.344772 ATT: [0.0, 0.8, 109]
12:56:59.345120 ACC: [-7, 1, 514]
12:56:59.391876 ALT: -0.06
12:56:59.392063 ATT: [0.0, 0.8, 109]
12:56:59.392637 ACC: [-7, 0, 515]
12:56:59.440369 ALT: -0.06
12:56:59.440501 ATT: [0.0, 0.8, 109]
12:56:59.440802 ACC: [-7, 0, 515]
12:56:59.488187 ALT: -0.06
12:56:59.488318 ATT: [0.0, 0.8, 109]
12:56:59.488510 ACC: [-7, 0, 514]
12:56:59.552047 ALT: -0.06
12:56:59.552169 ATT: [0.0, 0.8, 109]
12:56:59.552340 ACC: [-7, 0, 515]
12:56:59.600673 ALT: -0.06
12:56:59.600981 ATT: [0.0, 0.8, 109]
12:56:59.601645 ACC: [-7, 0, 515]
12:56:59.648294 ALT: -0.06
12:56:59.648458 ATT: [0.0, 0.8, 109]
12:56:59.648734 ACC: [-7, 0, 515]
12:56:59.696207 ALT: -0.06
12:56:59.696318 ATT: [0.0, 0.8, 109]
12:56:59.696514 ACC: [-7, 1, 515]
12:56:59.744287 ALT: -0.06
12:56:59.744519 ATT: [0.0, 0.8, 109]
12:56:59.744752 ACC: [-7, 1, 515]
12:56:59.792116 ALT: -0.06
12:56:59.792241 ATT: [0.0, 0.8, 109]
12:56:59.792486 ACC: [-8, 1, 515]
12:56:59.840467 ALT: -0.06
12:56:59.840699 ATT: [0.0, 0.9, 109]
12:56:59.841192 ACC: [-8, 0, 515]
12:56:59.888177 ALT: -0.06
12:56:59.888355 ATT: [0.0, 0.9, 109]
12:56:59.888643 ACC: [-8, 0, 515]
12:56:59.936437 ALT: -0.06
12:56:59.936767 ATT: [0.0, 0.9, 109]
12:56:59.936971 ACC: [-8, 1, 515]
12:56:59.984311 ALT: -0.06
12:56:59.984529 ATT: [0.0, 0.9, 109]
12:56:59.984821 ACC: [-7, 0, 515]
12:57:00.031961 ALT: -0.06
12:57:00.032084 ATT: [0.0, 0.8, 109]
12:57:00.032317 ACC: [-7, 0, 515]
12:57:00.079853 ALT: -0.06
12:57:00.080036 ATT: [0.0, 0.8, 109]
12:57:00.080370 ACC: [-7, 0, 515]
12:57:00.127935 ALT: -0.06
12:57:00.128123 ATT: [0.0, 0.8, 109]
12:57:00.128511 ACC: [-7, 0, 515]
12:57:00.175763 ALT: -0.06
12:57:00.175938 ATT: [0.0, 0.8, 109]
12:57:00.176116 ACC: [-8, 0, 515]
12:57:00.225636 ALT: -0.06
12:57:00.225754 ATT: [0.0, 0.9, 109]
12:57:00.225977 ACC: [-8, 0, 515]
12:57:00.272444 ALT: -0.06
12:57:00.272668 ATT: [0.0, 0.9, 109]
12:57:00.272989 ACC: [-7, 0, 515]
12:57:00.319922 ALT: -0.06
12:57:00.320067 ATT: [0.0, 0.8, 109]
12:57:00.328610 ACC: [-7, 0, 515]
12:57:00.367790 ALT: -0.06
12:57:00.367983 ATT: [0.0, 0.8, 109]
12:57:00.368141 ACC: [-7, 0, 515]
12:57:00.416454 ALT: -0.06
12:57:00.416655 ATT: [0.0, 0.8, 109]
12:57:00.416973 ACC: [-7, 0, 515]
12:57:00.464350 ALT: -0.06
12:57:00.464587 ATT: [0.0, 0.8, 109]
12:57:00.464823 ACC: [-7, 1, 515]
12:57:00.512918 ALT: -0.06
12:57:00.513165 ATT: [0.0, 0.8, 109]
12:57:00.513675 ACC: [-7, 0, 515]
12:57:00.560852 ALT: -0.06
12:57:00.561139 ATT: [0.0, 0.8, 109]
12:57:00.561739 ACC: [-7, 0, 515]
12:57:00.610267 ALT: -0.06
12:57:00.610400 ATT: [0.0, 0.8, 109]
12:57:00.610626 ACC: [-7, 0, 515]
12:57:00.656260 ALT: -0.06
12:57:00.656683 ATT: [0.0, 0.8, 109]
12:57:00.657614 ACC: [-7, 0, 515]
12:57:00.720254 ALT: -0.06
12:57:00.720425 ATT: [0.0, 0.8, 109]
12:57:00.720743 ACC: [-7, 0, 515]
12:57:00.768140 ALT: -0.03
12:57:00.768346 ATT: [0.0, 0.8, 109]
12:57:00.768666 ACC: [-7, 0, 515]
12:57:00.816081 ALT: 0.0
12:57:00.816197 ATT: [0.0, 0.8, 109]
12:57:00.816497 ACC: [-7, 1, 514]
12:57:00.863824 ALT: 0.0
12:57:00.863927 ATT: [0.0, 0.8, 109]
12:57:00.864199 ACC: [-7, 1, 515]
12:57:00.912016 ALT: 0.0
12:57:00.912274 ATT: [0.0, 0.8, 109]
12:57:00.912754 ACC: [-7, 0, 515]
12:57:00.960336 ALT: 0.0
12:57:00.960544 ATT: [0.0, 0.8, 109]
12:57:00.960821 ACC: [-7, 0, 514]
12:57:01.010451 ALT: 0.0
12:57:01.010561 ATT: [0.0, 0.8, 109]
12:57:01.010737 ACC: [-7, 0, 515]
12:57:01.055874 ALT: 0.0
12:57:01.056060 ATT: [0.0, 0.8, 109]
12:57:01.056228 ACC: [-7, 0, 515]
12:57:01.104294 ALT: 0.0
12:57:01.104422 ATT: [0.0, 0.8, 109]
12:57:01.104651 ACC: [-7, 0, 515]
12:57:01.152335 ALT: 0.0
12:57:01.152476 ATT: [0.0, 0.8, 109]
12:57:01.152832 ACC: [-7, 0, 515]
12:57:01.200524 ALT: 0.0
12:57:01.200724 ATT: [0.0, 0.8, 109]
12:57:01.201103 ACC: [-7, 1, 515]
12:57:01.248552 ALT: 0.0
12:57:01.248721 ATT: [0.0, 0.9, 109]
12:57:01.248970 ACC: [-7, 0, 515]
12:57:01.295936 ALT: 0.0
12:57:01.296093 ATT: [0.0, 0.8, 109]
12:57:01.296290 ACC: [-7, 0, 515]
12:57:01.344514 ALT: 0.0
12:57:01.344778 ATT: [0.0, 0.8, 109]
12:57:01.345523 ACC: [-7, 0, 515]
12:57:01.391953 ALT: 0.0
12:57:01.392202 ATT: [0.0, 0.9, 109]
12:57:01.392395 ACC: [-8, 0, 515]
12:57:01.440186 ALT: 0.0
12:57:01.440283 ATT: [0.0, 0.8, 109]
12:57:01.440446 ACC: [-7, 1, 514]
12:57:01.488528 ALT: 0.0
12:57:01.488695 ATT: [0.0, 0.8, 109]
12:57:01.488984 ACC: [-7, 1, 515]
12:57:01.536957 ALT: 0.0
12:57:01.537122 ATT: [0.0, 0.8, 109]
12:57:01.537427 ACC: [-7, 0, 515]
12:57:01.600140 ALT: 0.0
12:57:01.600342 ATT: [0.0, 0.8, 109]
12:57:01.600750 ACC: [-7, 1, 515]
12:57:01.648331 ALT: 0.0
12:57:01.648453 ATT: [0.0, 0.8, 109]
12:57:01.648765 ACC: [-7, 1, 515]
12:57:01.696539 ALT: 0.0
12:57:01.696747 ATT: [0.0, 0.8, 109]
12:57:01.697212 ACC: [-7, 1, 515]
12:57:01.744750 ALT: 0.0
12:57:01.745096 ATT: [0.0, 0.8, 109]
12:57:01.745814 ACC: [-7, 0, 515]
12:57:01.792498 ALT: 0.0
12:57:01.792620 ATT: [0.0, 0.8, 109]
12:57:01.792887 ACC: [-7, 0, 515]
12:57:01.840769 ALT: 0.0
12:57:01.840899 ATT: [0.0, 0.9, 109]
12:57:01.841117 ACC: [-8, 0, 515]
12:57:01.888427 ALT: 0.0
12:57:01.888573 ATT: [0.0, 0.9, 109]
12:57:01.888896 ACC: [-7, 0, 515]
12:57:01.936842 ALT: 0.0
12:57:01.936986 ATT: [0.0, 0.8, 109]
12:57:01.937209 ACC: [-7, 1, 515]
12:57:01.984860 ALT: 0.0
12:57:01.985195 ATT: [0.0, 0.8, 109]
12:57:01.985782 ACC: [-8, 0, 515]
12:57:02.032377 ALT: 0.0
12:57:02.032559 ATT: [0.0, 0.8, 109]
12:57:02.032864 ACC: [-7, 1, 515]
12:57:02.080234 ALT: 0.0
12:57:02.080401 ATT: [0.0, 0.8, 109]
12:57:02.080793 ACC: [-7, 0, 515]
12:57:02.128669 ALT: 0.0
12:57:02.128872 ATT: [0.0, 0.8, 109]
12:57:02.129203 ACC: [-7, 0, 515]
12:57:02.176473 ALT: 0.0
12:57:02.176619 ATT: [0.0, 0.8, 109]
12:57:02.176928 ACC: [-7, 0, 515]
12:57:02.224467 ALT: 0.0
12:57:02.224617 ATT: [0.0, 0.8, 109]
12:57:02.224893 ACC: [-7, 1, 515]
12:57:02.272410 ALT: 0.0
12:57:02.272619 ATT: [0.0, 0.8, 109]
12:57:02.272933 ACC: [-7, 0, 515]
12:57:02.320546 ALT: 0.0
12:57:02.320695 ATT: [0.0, 0.8, 109]
12:57:02.321025 ACC: [-7, 0, 515]
12:57:02.368314 ALT: 0.0
12:57:02.368442 ATT: [0.0, 0.8, 109]
12:57:02.368675 ACC: [-7, 1, 515]
12:57:02.416131 ALT: 0.0
12:57:02.416255 ATT: [0.0, 0.8, 109]
12:57:02.416447 ACC: [-7, 0, 515]
12:57:02.464608 ALT: 0.0
12:57:02.464792 ATT: [0.0, 0.8, 109]
12:57:02.465431 ACC: [-7, 0, 515]
12:57:02.512795 ALT: 0.0
12:57:02.513022 ATT: [0.0, 0.8, 109]
12:57:02.513631 ACC: [-7, 1, 515]
12:57:02.560472 ALT: 0.0
12:57:02.560723 ATT: [0.0, 0.8, 109]
12:57:02.561066 ACC: [-7, 0, 514]
12:57:02.608524 ALT: 0.0
12:57:02.608647 ATT: [0.0, 0.8, 109]
12:57:02.608939 ACC: [-7, 0, 515]
12:57:02.656793 ALT: 0.0
12:57:02.656951 ATT: [0.0, 0.8, 109]
12:57:02.657229 ACC: [-7, 0, 515]
12:57:02.704673 ALT: 0.0
12:57:02.704792 ATT: [0.0, 0.8, 109]
12:57:02.705124 ACC: [-7, 0, 515]
12:57:02.752497 ALT: 0.0
12:57:02.752649 ATT: [0.0, 0.8, 109]
12:57:02.752966 ACC: [-7, 0, 515]
12:57:02.801603 ALT: 0.0
12:57:02.801862 ATT: [0.0, 0.8, 109]
12:57:02.802070 ACC: [-7, 0, 515]
12:57:02.848533 ALT: 0.0
12:57:02.848759 ATT: [0.0, 0.8, 109]
12:57:02.849050 ACC: [-7, 0, 515]
12:57:02.896112 ALT: 0.0
12:57:02.896266 ATT: [0.0, 0.8, 109]
12:57:02.896433 ACC: [-7, 1, 515]
12:57:02.944142 ALT: 0.0
12:57:02.944336 ATT: [0.0, 0.8, 109]
12:57:02.944534 ACC: [-8, 0, 515]
12:57:02.992723 ALT: 0.0
12:57:02.992907 ATT: [0.0, 0.8, 109]
12:57:02.993312 ACC: [-7, 0, 514]
12:57:03.041111 ALT: 0.0
12:57:03.041433 ATT: [0.0, 0.8, 109]
12:57:03.042032 ACC: [-7, 0, 515]
12:57:03.088460 ALT: 0.0
12:57:03.088557 ATT: [0.0, 0.8, 109]
12:57:03.088746 ACC: [-7, 0, 514]
12:57:03.136875 ALT: 0.0
12:57:03.137083 ATT: [0.0, 0.8, 109]
12:57:03.137578 ACC: [-7, 1, 515]
12:57:03.184981 ALT: 0.0
12:57:03.185189 ATT: [0.0, 0.8, 109]
12:57:03.185514 ACC: [-7, 0, 515]
12:57:03.232445 ALT: 0.0
12:57:03.232555 ATT: [0.0, 0.8, 109]
12:57:03.232719 ACC: [-8, 0, 515]
12:57:03.280807 ALT: 0.0
12:57:03.281014 ATT: [0.0, 0.8, 109]
12:57:03.281409 ACC: [-7, 0, 515]
12:57:03.328804 ALT: 0.0
12:57:03.328998 ATT: [0.0, 0.8, 109]
12:57:03.330583 ACC: [-7, 1, 515]
12:57:03.376455 ALT: 0.0
12:57:03.376589 ATT: [0.0, 0.8, 109]
12:57:03.376807 ACC: [-7, 0, 514]
12:57:03.424214 ALT: 0.0
12:57:03.424414 ATT: [0.0, 0.8, 109]
12:57:03.424603 ACC: [-7, 1, 515]
12:57:03.472944 ALT: 0.0
12:57:03.473041 ATT: [0.0, 0.8, 109]
12:57:03.473203 ACC: [-7, 1, 515]
12:57:03.520622 ALT: 0.0
12:57:03.520788 ATT: [0.0, 0.8, 109]
12:57:03.521177 ACC: [-7, 0, 515]
12:57:03.568378 ALT: 0.0
12:57:03.568492 ATT: [0.0, 0.9, 109]
12:57:03.568659 ACC: [-8, 0, 515]
12:57:03.617726 ALT: 0.0
12:57:03.617961 ATT: [0.0, 0.9, 109]
12:57:03.618365 ACC: [-7, 0, 514]
12:57:03.680582 ALT: 0.0
12:57:03.680730 ATT: [0.0, 0.9, 109]
12:57:03.680988 ACC: [-7, 0, 514]
12:57:03.728896 ALT: 0.0
12:57:03.729052 ATT: [0.0, 0.8, 109]
12:57:03.729585 ACC: [-7, 0, 515]
12:57:03.776762 ALT: 0.0
12:57:03.776870 ATT: [0.0, 0.8, 109]
12:57:03.777036 ACC: [-7, 0, 515]
12:57:03.824744 ALT: 0.0
12:57:03.824877 ATT: [0.0, 0.9, 109]
12:57:03.825081 ACC: [-8, 0, 515]
12:57:03.873585 ALT: 0.0
12:57:03.873762 ATT: [0.0, 0.9, 109]
12:57:03.874020 ACC: [-7, 0, 515]
12:57:03.920281 ALT: 0.0
12:57:03.920372 ATT: [0.0, 0.9, 109]
12:57:03.920662 ACC: [-7, 0, 515]
12:57:03.968299 ALT: 0.0
12:57:03.968508 ATT: [0.0, 0.8, 109]
12:57:03.968729 ACC: [-7, 0, 515]
12:57:04.016682 ALT: 0.0
12:57:04.016848 ATT: [0.0, 0.8, 109]
12:57:04.017176 ACC: [-7, 0, 515]
12:57:04.064929 ALT: 0.0
12:57:04.065111 ATT: [0.0, 0.8, 109]
12:57:04.065659 ACC: [-7, 0, 515]
12:57:04.112756 ALT: 0.0
12:57:04.112922 ATT: [0.0, 0.8, 109]
12:57:04.113238 ACC: [-7, 0, 515]
12:57:04.160786 ALT: 0.0
12:57:04.160934 ATT: [0.0, 0.8, 109]
12:57:04.161247 ACC: [-7, 0, 515]
12:57:04.208335 ALT: 0.0
12:57:04.208714 ATT: [0.0, 0.8, 109]
12:57:04.208911 ACC: [-7, 0, 515]
12:57:04.256712 ALT: 0.0
12:57:04.256876 ATT: [0.0, 0.8, 109]
12:57:04.257121 ACC: [-7, 0, 515]
12:57:04.304604 ALT: 0.0
12:57:04.304713 ATT: [0.0, 0.8, 109]
12:57:04.304905 ACC: [-7, 0, 515]
12:57:04.353165 ALT: 0.0
12:57:04.353444 ATT: [0.0, 0.8, 109]
12:57:04.353762 ACC: [-7, 0, 515]
12:57:04.401130 ALT: 0.0
12:57:04.401328 ATT: [0.0, 0.8, 109]
12:57:04.401600 ACC: [-7, 0, 515]
12:57:04.448318 ALT: 0.0
12:57:04.448567 ATT: [0.0, 0.8, 109]
12:57:04.449475 ACC: [-7, 0, 515]
12:57:04.497753 ALT: 0.0
12:57:04.497976 ATT: [0.0, 0.8, 109]
12:57:04.498401 ACC: [-7, 1, 514]
12:57:04.545615 ALT: 0.0
12:57:04.545736 ATT: [0.0, 0.8, 109]
12:57:04.545952 ACC: [-7, 0, 515]
12:57:04.592353 ALT: 0.0
12:57:04.592442 ATT: [0.0, 0.8, 109]
12:57:04.592763 ACC: [-7, 0, 515]
12:57:04.640972 ALT: 0.0
12:57:04.641191 ATT: [0.0, 0.8, 109]
12:57:04.641754 ACC: [-7, 1, 515]
12:57:04.688576 ALT: 0.0
12:57:04.688678 ATT: [0.0, 0.8, 109]
12:57:04.688858 ACC: [-7, 0, 515]
12:57:04.737038 ALT: 0.0
12:57:04.737307 ATT: [0.0, 0.8, 109]
12:57:04.737591 ACC: [-8, 0, 515]
12:57:04.784964 ALT: 0.0
12:57:04.785169 ATT: [0.0, 0.8, 109]
12:57:04.785686 ACC: [-7, 0, 515]
12:57:04.832727 ALT: 0.0
12:57:04.832896 ATT: [0.0, 0.8, 109]
12:57:04.833158 ACC: [-7, 0, 515]
12:57:04.880495 ALT: 0.0
12:57:04.880657 ATT: [0.0, 0.8, 109]
12:57:04.881010 ACC: [-7, 0, 515]
12:57:04.928959 ALT: 0.0
12:57:04.929244 ATT: [0.0, 0.8, 109]
12:57:04.929918 ACC: [-7, 0, 515]
12:57:04.976723 ALT: 0.0
12:57:04.976836 ATT: [0.0, 0.8, 109]
12:57:04.977036 ACC: [-7, 1, 515]
12:57:05.024895 ALT: 0.0
12:57:05.025037 ATT: [0.0, 0.8, 109]
12:57:05.025374 ACC: [-7, 0, 515]
12:57:05.072476 ALT: 0.0
12:57:05.072674 ATT: [0.0, 0.8, 109]
12:57:05.072858 ACC: [-7, 0, 515]
12:57:05.121087 ALT: 0.0
12:57:05.121572 ATT: [0.0, 0.8, 109]
12:57:05.121863 ACC: [-7, 0, 515]
12:57:05.168716 ALT: 0.0
12:57:05.168847 ATT: [0.0, 0.8, 109]
12:57:05.169150 ACC: [-7, 0, 515]
12:57:05.216801 ALT: 0.0
12:57:05.216965 ATT: [0.0, 0.8, 109]
12:57:05.217334 ACC: [-7, 0, 515]
12:57:05.264967 ALT: 0.0
12:57:05.265065 ATT: [0.0, 0.8, 109]
12:57:05.265233 ACC: [-7, 0, 515]
12:57:05.312602 ALT: 0.0
12:57:05.312713 ATT: [0.0, 0.8, 109]
12:57:05.312911 ACC: [-7, 0, 515]
12:57:05.360459 ALT: 0.0
12:57:05.360637 ATT: [0.0, 0.8, 109]
12:57:05.360815 ACC: [-7, 0, 515]
12:57:05.408802 ALT: 0.0
12:57:05.408933 ATT: [0.0, 0.8, 109]
12:57:05.409165 ACC: [-7, 0, 515]
12:57:05.461852 ALT: 0.0
12:57:05.461987 ATT: [0.0, 0.8, 109]
12:57:05.462238 ACC: [-7, 0, 515]
12:57:05.505164 ALT: 0.0
12:57:05.505514 ATT: [0.0, 0.8, 109]
12:57:05.506363 ACC: [-7, 0, 515]
12:57:05.553159 ALT: 0.0
12:57:05.553371 ATT: [0.0, 0.8, 109]
12:57:05.553707 ACC: [-8, 0, 515]
12:57:05.600861 ALT: 0.0
12:57:05.601123 ATT: [0.0, 0.8, 109]
12:57:05.601532 ACC: [-7, 0, 515]
12:57:05.649124 ALT: 0.0
12:57:05.649541 ATT: [0.0, 0.8, 109]
12:57:05.650055 ACC: [-7, 0, 515]
12:57:05.697455 ALT: 0.0
12:57:05.697608 ATT: [0.0, 0.8, 109]
12:57:05.697898 ACC: [-7, 0, 515]
12:57:05.761301 ALT: 0.0
12:57:05.761483 ATT: [0.0, 0.8, 109]
12:57:05.761742 ACC: [-7, 0, 515]
12:57:05.810185 ALT: 0.0
12:57:05.810391 ATT: [0.0, 0.8, 109]
12:57:05.810740 ACC: [-7, 1, 514]
12:57:05.856796 ALT: 0.0
12:57:05.857040 ATT: [0.0, 0.8, 109]
12:57:05.857696 ACC: [-7, 0, 514]
12:57:05.907094 ALT: 0.0
12:57:05.907292 ATT: [0.0, 0.8, 109]
12:57:05.907702 ACC: [-7, 0, 515]
12:57:05.953147 ALT: 0.0
12:57:05.953345 ATT: [0.0, 0.8, 109]
12:57:05.953645 ACC: [-7, 0, 515]
12:57:06.001011 ALT: 0.0
12:57:06.001129 ATT: [0.0, 0.8, 109]
12:57:06.001341 ACC: [-7, 1, 515]
12:57:06.050369 ALT: 0.0
12:57:06.050848 ATT: [0.0, 0.8, 109]
12:57:06.051696 ACC: [-7, 0, 515]
12:57:06.097501 ALT: 0.0
12:57:06.097719 ATT: [0.0, 0.8, 109]
12:57:06.097953 ACC: [-7, 0, 515]
12:57:06.147450 ALT: 0.0
12:57:06.147722 ATT: [0.0, 0.8, 109]
12:57:06.148187 ACC: [-7, 0, 515]
12:57:06.193145 ALT: 0.0
12:57:06.193407 ATT: [0.0, 0.8, 109]
12:57:06.193695 ACC: [-7, 0, 515]
12:57:06.241085 ALT: 0.0
12:57:06.241229 ATT: [0.0, 0.8, 109]
12:57:06.241712 ACC: [-7, 0, 515]
12:57:06.305928 ALT: 0.0
12:57:06.306115 ATT: [0.0, 0.8, 109]
12:57:06.306523 ACC: [-7, 0, 515]
12:57:06.353135 ALT: 0.0
12:57:06.353311 ATT: [0.0, 0.8, 109]
12:57:06.353639 ACC: [-7, 0, 515]
12:57:06.400888 ALT: 0.0
12:57:06.401042 ATT: [0.0, 0.8, 109]
12:57:06.401414 ACC: [-7, 0, 515]
12:57:06.449573 ALT: 0.0
12:57:06.449985 ATT: [0.0, 0.8, 109]
12:57:06.450670 ACC: [-7, 0, 515]
12:57:06.497048 ALT: 0.0
12:57:06.497249 ATT: [0.0, 0.8, 109]
12:57:06.497723 ACC: [-7, 1, 515]
12:57:06.545191 ALT: -0.03
12:57:06.545481 ATT: [0.0, 0.8, 109]
12:57:06.546999 ACC: [-7, 0, 515]
12:57:06.592833 ALT: -0.06
12:57:06.592943 ATT: [0.0, 0.8, 109]
12:57:06.593113 ACC: [-7, 0, 515]
12:57:06.640729 ALT: -0.06
12:57:06.640949 ATT: [0.0, 0.8, 109]
12:57:06.641117 ACC: [-7, 0, 515]
12:57:06.688705 ALT: -0.06
12:57:06.688945 ATT: [0.0, 0.8, 109]
12:57:06.689126 ACC: [-7, 0, 515]
12:57:06.737098 ALT: -0.06
12:57:06.737387 ATT: [0.0, 0.8, 109]
12:57:06.737760 ACC: [-8, 1, 515]
12:57:06.785650 ALT: -0.06
12:57:06.785972 ATT: [0.0, 0.8, 109]
12:57:06.786497 ACC: [-7, 0, 515]
12:57:06.838467 ALT: -0.06
12:57:06.838842 ATT: [0.0, 0.8, 109]
12:57:06.839408 ACC: [-7, 0, 515]
12:57:06.880663 ALT: -0.06
12:57:06.880760 ATT: [0.0, 0.8, 109]
12:57:06.880935 ACC: [-7, 1, 515]
12:57:06.928994 ALT: -0.06
12:57:06.929190 ATT: [0.0, 0.8, 109]
12:57:06.929436 ACC: [-7, 0, 515]
12:57:06.977799 ALT: -0.06
12:57:06.978163 ATT: [0.0, 0.8, 109]
12:57:06.979017 ACC: [-7, 0, 515]
12:57:07.025619 ALT: -0.06
12:57:07.025743 ATT: [0.0, 0.8, 109]
12:57:07.025918 ACC: [-7, 0, 515]
12:57:07.073571 ALT: -0.06
12:57:07.073907 ATT: [0.0, 0.8, 109]
12:57:07.074451 ACC: [-7, 0, 515]
12:57:07.121757 ALT: -0.06
12:57:07.122037 ATT: [0.0, 0.8, 109]
12:57:07.122520 ACC: [-7, 0, 515]
12:57:07.169844 ALT: -0.06
12:57:07.170103 ATT: [0.0, 0.8, 109]
12:57:07.170501 ACC: [-7, 0, 515]
12:57:07.217076 ALT: -0.06
12:57:07.217299 ATT: [0.0, 0.8, 109]
12:57:07.217636 ACC: [-8, 0, 515]
12:57:07.265052 ALT: -0.06
12:57:07.265203 ATT: [0.0, 0.8, 109]
12:57:07.265449 ACC: [-7, 0, 515]
12:57:07.313594 ALT: -0.06
12:57:07.313841 ATT: [0.0, 0.8, 109]
12:57:07.314230 ACC: [-7, 0, 515]
12:57:07.361108 ALT: -0.06
12:57:07.361346 ATT: [0.0, 0.8, 109]
12:57:07.361619 ACC: [-7, 0, 515]
12:57:07.409229 ALT: -0.06
12:57:07.409451 ATT: [0.0, 0.8, 109]
12:57:07.409697 ACC: [-7, 0, 515]
12:57:07.456920 ALT: -0.06
12:57:07.457041 ATT: [0.0, 0.8, 109]
12:57:07.457237 ACC: [-7, 0, 514]
12:57:07.504795 ALT: -0.06
12:57:07.505083 ATT: [0.0, 0.8, 109]
12:57:07.505306 ACC: [-7, 0, 515]
12:57:07.552789 ALT: -0.06
12:57:07.553019 ATT: [0.0, 0.8, 109]
12:57:07.553208 ACC: [-7, 0, 515]
12:57:07.601480 ALT: -0.06
12:57:07.601644 ATT: [0.0, 0.8, 109]
12:57:07.601892 ACC: [-7, 0, 515]
12:57:07.649341 ALT: -0.06
12:57:07.649525 ATT: [0.0, 0.8, 109]
12:57:07.649844 ACC: [-7, 0, 514]
12:57:07.697321 ALT: -0.06
12:57:07.697558 ATT: [0.0, 0.8, 109]
12:57:07.697933 ACC: [-7, 0, 515]
12:57:07.745286 ALT: -0.06
12:57:07.745480 ATT: [0.0, 0.8, 109]
12:57:07.745754 ACC: [-7, 0, 515]
12:57:07.809050 ALT: -0.06
12:57:07.809244 ATT: [0.0, 0.8, 109]
12:57:07.809560 ACC: [-7, 0, 515]
12:57:07.857344 ALT: -0.06
12:57:07.857460 ATT: [0.0, 0.8, 109]
12:57:07.857653 ACC: [-7, 0, 515]
12:57:07.905323 ALT: -0.06
12:57:07.905438 ATT: [0.0, 0.8, 109]
12:57:07.905677 ACC: [-8, 0, 515]
12:57:07.953386 ALT: -0.06
12:57:07.953505 ATT: [0.0, 0.8, 109]
12:57:07.953679 ACC: [-8, 0, 515]
12:57:08.001443 ALT: -0.06
12:57:08.001649 ATT: [0.0, 0.8, 109]
12:57:08.001965 ACC: [-7, 0, 515]
12:57:08.049353 ALT: -0.06
12:57:08.049492 ATT: [0.0, 0.8, 109]
12:57:08.049672 ACC: [-7, 0, 515]
12:57:08.097789 ALT: -0.06
12:57:08.098194 ATT: [0.0, 0.8, 109]
12:57:08.098760 ACC: [-7, 1, 514]
12:57:08.145145 ALT: -0.06
12:57:08.145470 ATT: [0.0, 0.8, 109]
12:57:08.145934 ACC: [-7, 0, 515]
12:57:08.195262 ALT: -0.06
12:57:08.195596 ATT: [0.0, 0.8, 109]
12:57:08.196201 ACC: [-7, 0, 515]
12:57:08.241529 ALT: -0.06
12:57:08.241779 ATT: [0.0, 0.8, 109]
12:57:08.241971 ACC: [-7, 1, 515]
12:57:08.289197 ALT: -0.06
12:57:08.289597 ATT: [0.0, 0.8, 109]
12:57:08.289993 ACC: [-7, 0, 515]
12:57:08.337427 ALT: -0.06
12:57:08.337528 ATT: [0.0, 0.8, 109]
12:57:08.337684 ACC: [-7, 0, 515]
12:57:08.386328 ALT: -0.06
12:57:08.386806 ATT: [0.0, 0.8, 109]
12:57:08.387446 ACC: [-7, 1, 515]
12:57:08.433600 ALT: -0.06
12:57:08.433742 ATT: [0.0, 0.8, 109]
12:57:08.434245 ACC: [-7, 1, 515]
12:57:08.480846 ALT: -0.06
12:57:08.480944 ATT: [0.0, 0.8, 109]
12:57:08.481506 ACC: [-7, 0, 514]
12:57:08.530237 ALT: -0.06
12:57:08.530503 ATT: [0.0, 0.8, 109]
12:57:08.531017 ACC: [-8, 0, 515]
12:57:08.577692 ALT: -0.06
12:57:08.577932 ATT: [0.0, 0.8, 109]
12:57:08.578241 ACC: [-7, 0, 515]
12:57:08.625465 ALT: -0.06
12:57:08.625657 ATT: [0.0, 0.8, 109]
12:57:08.625978 ACC: [-7, 0, 514]
12:57:08.673790 ALT: -0.06
12:57:08.673906 ATT: [0.0, 0.8, 109]
12:57:08.674134 ACC: [-7, 1, 515]
12:57:08.721062 ALT: -0.06
12:57:08.721197 ATT: [0.0, 0.8, 109]
12:57:08.721417 ACC: [-7, 0, 514]
12:57:08.768996 ALT: -0.06
12:57:08.769210 ATT: [0.0, 0.8, 109]
12:57:08.769448 ACC: [-7, 0, 515]
12:57:08.817534 ALT: -0.06
12:57:08.817717 ATT: [0.0, 0.8, 109]
12:57:08.817974 ACC: [-7, 1, 515]
12:57:08.865749 ALT: -0.06
12:57:08.866094 ATT: [0.0, 0.8, 109]
12:57:08.867019 ACC: [-7, 0, 515]
12:57:08.914128 ALT: -0.06
12:57:08.914501 ATT: [0.0, 0.8, 109]
12:57:08.915176 ACC: [-7, 0, 514]
12:57:08.961486 ALT: -0.06
12:57:08.961712 ATT: [0.0, 0.8, 109]
12:57:08.962014 ACC: [-7, 0, 515]
12:57:09.009198 ALT: -0.06
12:57:09.009378 ATT: [0.0, 0.8, 109]
12:57:09.009722 ACC: [-7, 0, 515]
12:57:09.057153 ALT: -0.06
12:57:09.057292 ATT: [0.0, 0.8, 109]
12:57:09.057460 ACC: [-7, 0, 515]
12:57:09.105312 ALT: -0.06
12:57:09.105478 ATT: [0.0, 0.8, 109]
12:57:09.105848 ACC: [-7, 1, 515]
12:57:09.153951 ALT: -0.06
12:57:09.154315 ATT: [0.0, 0.8, 109]
12:57:09.154891 ACC: [-7, 1, 514]
12:57:09.201885 ALT: -0.06
12:57:09.202011 ATT: [0.0, 0.8, 109]
12:57:09.202266 ACC: [-7, 0, 514]
12:57:09.249742 ALT: -0.06
12:57:09.249909 ATT: [0.0, 0.8, 109]
12:57:09.250226 ACC: [-7, 0, 515]
12:57:09.297618 ALT: -0.06
12:57:09.297911 ATT: [0.0, 0.8, 109]
12:57:09.298701 ACC: [-8, 1, 515]
12:57:09.344991 ALT: -0.06
12:57:09.345513 ATT: [0.0, 0.8, 109]
12:57:09.345747 ACC: [-7, 0, 515]
12:57:09.393551 ALT: -0.06
12:57:09.393721 ATT: [0.0, 0.8, 109]
12:57:09.393925 ACC: [-7, 0, 515]
12:57:09.441442 ALT: -0.06
12:57:09.441651 ATT: [0.0, 0.8, 109]
12:57:09.442075 ACC: [-7, 0, 514]
12:57:09.489010 ALT: -0.06
12:57:09.489303 ATT: [0.0, 0.8, 109]
12:57:09.489502 ACC: [-7, 0, 515]
12:57:09.537079 ALT: -0.06
12:57:09.537393 ATT: [0.0, 0.8, 109]
12:57:09.537608 ACC: [-7, 1, 515]
12:57:09.585655 ALT: -0.06
12:57:09.585772 ATT: [0.0, 0.8, 109]
12:57:09.586079 ACC: [-7, 0, 515]
12:57:09.634198 ALT: -0.06
12:57:09.634573 ATT: [0.0, 0.8, 109]
12:57:09.635005 ACC: [-7, 0, 515]
12:57:09.681680 ALT: -0.06
12:57:09.681928 ATT: [0.0, 0.8, 109]
12:57:09.682228 ACC: [-8, 0, 514]
12:57:09.729094 ALT: -0.06
12:57:09.729408 ATT: [0.0, 0.8, 109]
12:57:09.729597 ACC: [-7, 1, 515]
12:57:09.777616 ALT: -0.06
12:57:09.777753 ATT: [0.0, 0.8, 109]
12:57:09.777955 ACC: [-8, 0, 515]
12:57:09.833754 ALT: -0.06
12:57:09.833877 ATT: [0.0, 0.8, 109]
12:57:09.834064 ACC: [-7, 0, 515]
12:57:09.905472 ALT: -0.06
12:57:09.905596 ATT: [0.0, 0.8, 109]
12:57:09.905779 ACC: [-8, 0, 514]
12:57:09.953777 ALT: -0.06
12:57:09.953955 ATT: [0.0, 0.8, 109]
12:57:09.954202 ACC: [-7, 0, 515]
12:57:10.005905 ALT: -0.06
12:57:10.006033 ATT: [0.0, 0.8, 109]
12:57:10.006286 ACC: [-8, 0, 515]
12:57:10.049392 ALT: -0.06
12:57:10.049500 ATT: [0.0, 0.8, 109]
12:57:10.049654 ACC: [-7, 0, 514]
12:57:10.097335 ALT: -0.06
12:57:10.097447 ATT: [0.0, 0.8, 109]
12:57:10.097651 ACC: [-7, 0, 515]
12:57:10.145294 ALT: -0.06
12:57:10.145413 ATT: [0.0, 0.8, 109]
12:57:10.145588 ACC: [-7, 1, 515]
12:57:10.194698 ALT: -0.06
12:57:10.195087 ATT: [0.0, 0.8, 109]
12:57:10.195692 ACC: [-7, 0, 515]
12:57:10.249704 ALT: -0.06
12:57:10.249827 ATT: [0.0, 0.8, 109]
12:57:10.250010 ACC: [-7, 0, 515]
12:57:10.289831 ALT: -0.06
12:57:10.290188 ATT: [0.0, 0.8, 109]
12:57:10.290457 ACC: [-7, 0, 515]
12:57:10.337186 ALT: -0.06
12:57:10.337380 ATT: [0.0, 0.8, 109]
12:57:10.337580 ACC: [-7, 0, 514]
12:57:10.385213 ALT: -0.06
12:57:10.385459 ATT: [0.0, 0.8, 109]
12:57:10.385639 ACC: [-7, 0, 515]
12:57:10.434622 ALT: -0.06
12:57:10.434756 ATT: [0.0, 0.8, 109]
12:57:10.434929 ACC: [-7, 0, 515]
12:57:10.481194 ALT: -0.06
12:57:10.481353 ATT: [0.0, 0.8, 109]
12:57:10.481553 ACC: [-7, 0, 515]
12:57:10.529570 ALT: -0.06
12:57:10.529733 ATT: [0.0, 0.8, 109]
12:57:10.529990 ACC: [-7, 0, 514]
12:57:10.577527 ALT: -0.06
12:57:10.577702 ATT: [0.0, 0.8, 109]
12:57:10.577946 ACC: [-7, 0, 515]
12:57:10.625794 ALT: -0.06
12:57:10.626012 ATT: [0.0, 0.8, 109]
12:57:10.626351 ACC: [-7, 0, 515]
12:57:10.673493 ALT: -0.06
12:57:10.673612 ATT: [0.0, 0.8, 109]
12:57:10.673788 ACC: [-8, 0, 515]
12:57:10.721541 ALT: -0.06
12:57:10.721676 ATT: [0.0, 0.8, 109]
12:57:10.722014 ACC: [-7, 0, 515]
12:57:10.770075 ALT: -0.06
12:57:10.770278 ATT: [0.0, 0.8, 109]
12:57:10.770603 ACC: [-7, 0, 515]
12:57:10.818539 ALT: -0.06
12:57:10.818929 ATT: [0.0, 0.8, 109]
12:57:10.820562 ACC: [-7, 0, 515]
12:57:10.866082 ALT: -0.06
12:57:10.866453 ATT: [0.0, 0.8, 109]
12:57:10.867032 ACC: [-7, 1, 514]
12:57:10.915039 ALT: -0.06
12:57:10.915404 ATT: [0.0, 0.8, 109]
12:57:10.916159 ACC: [-7, 0, 515]
12:57:10.977722 ALT: -0.06
12:57:10.977832 ATT: [0.0, 0.8, 109]
12:57:10.978008 ACC: [-7, 0, 515]
12:57:11.025224 ALT: -0.06
12:57:11.025386 ATT: [0.0, 0.8, 109]
12:57:11.025597 ACC: [-7, 0, 515]
12:57:11.074151 ALT: -0.06
12:57:11.074379 ATT: [0.0, 0.8, 109]
12:57:11.074934 ACC: [-7, 0, 515]
12:57:11.121439 ALT: -0.06
12:57:11.121559 ATT: [0.0, 0.8, 109]
12:57:11.121743 ACC: [-7, 0, 514]
12:57:11.169652 ALT: -0.06
12:57:11.169822 ATT: [0.0, 0.8, 109]
12:57:11.170019 ACC: [-7, 0, 514]
12:57:11.222048 ALT: -0.06
12:57:11.222188 ATT: [0.0, 0.8, 109]
12:57:11.222446 ACC: [-7, 0, 515]
12:57:11.265739 ALT: -0.06
12:57:11.266010 ATT: [0.0, 0.8, 109]
12:57:11.266535 ACC: [-7, 0, 515]
12:57:11.313556 ALT: -0.06
12:57:11.313679 ATT: [0.0, 0.8, 109]
12:57:11.313858 ACC: [-7, 0, 515]
12:57:11.361535 ALT: -0.06
12:57:11.361669 ATT: [0.0, 0.8, 109]
12:57:11.361889 ACC: [-7, 1, 515]
12:57:11.425613 ALT: -0.06
12:57:11.425721 ATT: [0.0, 0.8, 109]
12:57:11.425890 ACC: [-7, 0, 514]
12:57:11.473372 ALT: -0.06
12:57:11.473496 ATT: [0.0, 0.8, 109]
12:57:11.473661 ACC: [-7, 0, 515]
12:57:11.521810 ALT: -0.06
12:57:11.522008 ATT: [0.0, 0.8, 109]
12:57:11.522324 ACC: [-7, 0, 515]
12:57:11.569502 ALT: -0.06
12:57:11.569658 ATT: [0.0, 0.8, 109]
12:57:11.569967 ACC: [-7, 0, 515]
12:57:11.617810 ALT: -0.06
12:57:11.618107 ATT: [0.0, 0.8, 109]
12:57:11.618355 ACC: [-7, 1, 515]
12:57:11.665543 ALT: -0.06
12:57:11.665653 ATT: [0.0, 0.8, 109]
12:57:11.665834 ACC: [-7, 0, 515]
12:57:11.713633 ALT: -0.06
12:57:11.713764 ATT: [0.0, 0.8, 109]
12:57:11.713951 ACC: [-7, 0, 515]
12:57:11.761714 ALT: -0.06
12:57:11.761822 ATT: [0.0, 0.8, 109]
12:57:11.762017 ACC: [-7, 0, 514]
12:57:11.809543 ALT: -0.06
12:57:11.809651 ATT: [0.0, 0.8, 109]
12:57:11.809836 ACC: [-8, 0, 515]
12:57:11.857548 ALT: -0.06
12:57:11.857657 ATT: [0.0, 0.8, 109]
12:57:11.857841 ACC: [-7, 0, 515]
12:57:11.905704 ALT: -0.06
12:57:11.905836 ATT: [0.0, 0.8, 109]
12:57:11.906075 ACC: [-7, 0, 515]
12:57:11.953397 ALT: -0.06
12:57:11.953589 ATT: [0.0, 0.8, 109]
12:57:11.953765 ACC: [-7, 1, 515]
12:57:12.017804 ALT: -0.06
12:57:12.017991 ATT: [0.0, 0.8, 109]
12:57:12.018275 ACC: [-7, 0, 515]
12:57:12.081571 ALT: -0.06
12:57:12.081692 ATT: [0.0, 0.8, 109]
12:57:12.081896 ACC: [-7, 0, 515]
12:57:12.145859 ALT: -0.06
12:57:12.146019 ATT: [0.0, 0.8, 109]
12:57:12.146328 ACC: [-7, 0, 515]
12:57:12.193721 ALT: -0.06
12:57:12.193854 ATT: [0.0, 0.8, 109]
12:57:12.194153 ACC: [-7, 0, 514]
12:57:12.241778 ALT: -0.06
12:57:12.241926 ATT: [0.0, 0.8, 109]
12:57:12.242152 ACC: [-7, 0, 515]
12:57:12.290278 ALT: -0.06
12:57:12.290430 ATT: [0.0, 0.8, 109]
12:57:12.290644 ACC: [-7, 1, 515]
12:57:12.338222 ALT: -0.06
12:57:12.338502 ATT: [0.0, 0.8, 109]
12:57:12.338993 ACC: [-7, 0, 515]
12:57:12.385858 ALT: -0.06
12:57:12.386017 ATT: [0.0, 0.8, 109]
12:57:12.386223 ACC: [-8, 0, 515]
12:57:12.433827 ALT: -0.06
12:57:12.433940 ATT: [0.0, 0.8, 109]
12:57:12.434128 ACC: [-7, 0, 515]
12:57:12.481722 ALT: -0.06
12:57:12.481836 ATT: [0.0, 0.8, 109]
12:57:12.482025 ACC: [-7, 0, 515]
12:57:12.529631 ALT: -0.06
12:57:12.529794 ATT: [0.0, 0.8, 109]
12:57:12.529973 ACC: [-7, 0, 515]
12:57:12.577662 ALT: -0.06
12:57:12.577777 ATT: [0.0, 0.8, 109]
12:57:12.577951 ACC: [-8, 0, 514]
12:57:12.625630 ALT: -0.06
12:57:12.625814 ATT: [0.0, 0.8, 109]
12:57:12.626304 ACC: [-7, 0, 515]
12:57:12.673916 ALT: -0.06
12:57:12.674596 ATT: [0.0, 0.8, 108]
12:57:12.674960 ACC: [-8, 1, 515]
12:57:12.721848 ALT: -0.06
12:57:12.722046 ATT: [0.0, 0.8, 108]
12:57:12.722265 ACC: [-7, 1, 515]
12:57:12.769702 ALT: -0.06
12:57:12.769819 ATT: [0.0, 0.8, 108]
12:57:12.769997 ACC: [-7, 0, 515]
12:57:12.817877 ALT: -0.06
12:57:12.818007 ATT: [0.0, 0.8, 108]
12:57:12.818249 ACC: [-7, 1, 515]
12:57:12.865839 ALT: -0.06
12:57:12.865974 ATT: [0.0, 0.8, 108]
12:57:12.866238 ACC: [-7, 0, 515]
12:57:12.913947 ALT: -0.06
12:57:12.914116 ATT: [0.0, 0.8, 108]
12:57:12.914488 ACC: [-7, 0, 514]
12:57:12.961719 ALT: -0.06
12:57:12.961884 ATT: [0.0, 0.8, 108]
12:57:12.962120 ACC: [-7, 1, 515]
12:57:13.010646 ALT: -0.06
12:57:13.011092 ATT: [0.0, 0.8, 108]
12:57:13.011669 ACC: [-7, 0, 515]
12:57:13.066103 ALT: -0.06
12:57:13.066244 ATT: [0.0, 0.8, 108]
12:57:13.066528 ACC: [-8, 1, 515]
12:57:13.106054 ALT: -0.06
12:57:13.106385 ATT: [0.0, 0.8, 108]
12:57:13.106648 ACC: [-7, 0, 515]
12:57:13.153719 ALT: -0.06
12:57:13.153859 ATT: [0.0, 0.8, 108]
12:57:13.154157 ACC: [-8, 0, 515]
12:57:13.201888 ALT: -0.06
12:57:13.202034 ATT: [0.0, 0.8, 108]
12:57:13.202517 ACC: [-7, 0, 515]
12:57:13.250070 ALT: -0.06
12:57:13.250198 ATT: [0.0, 0.8, 108]
12:57:13.250398 ACC: [-7, 1, 515]
12:57:13.297812 ALT: -0.06
12:57:13.297980 ATT: [0.0, 0.8, 108]
12:57:13.298163 ACC: [-7, 0, 515]
12:57:13.350721 ALT: -0.06
12:57:13.351095 ATT: [0.0, 0.8, 108]
12:57:13.351704 ACC: [-7, 0, 515]
12:57:13.393812 ALT: -0.06
12:57:13.393957 ATT: [0.0, 0.8, 108]
12:57:13.394199 ACC: [-7, 1, 515]
12:57:13.442408 ALT: -0.06
12:57:13.442688 ATT: [0.0, 0.8, 108]
12:57:13.443111 ACC: [-7, 0, 515]
12:57:13.490286 ALT: -0.06
12:57:13.490492 ATT: [0.0, 0.8, 108]
12:57:13.490900 ACC: [-7, 0, 515]
12:57:13.538639 ALT: -0.06
12:57:13.538936 ATT: [0.0, 0.8, 108]
12:57:13.539434 ACC: [-7, 0, 515]
12:57:13.586222 ALT: -0.06
12:57:13.586419 ATT: [0.0, 0.8, 108]
12:57:13.586715 ACC: [-7, 0, 515]
12:57:13.633924 ALT: -0.06
12:57:13.634068 ATT: [0.0, 0.8, 108]
12:57:13.634283 ACC: [-7, 0, 515]
12:57:13.682710 ALT: -0.06
12:57:13.683030 ATT: [0.0, 0.8, 108]
12:57:13.683558 ACC: [-7, 0, 515]
12:57:13.730478 ALT: -0.06
12:57:13.730710 ATT: [0.0, 0.8, 108]
12:57:13.731104 ACC: [-7, 0, 515]
12:57:13.778668 ALT: -0.06
12:57:13.778948 ATT: [0.0, 0.8, 108]
12:57:13.779497 ACC: [-7, 0, 515]
12:57:13.826292 ALT: -0.06
12:57:13.826624 ATT: [0.0, 0.8, 108]
12:57:13.827133 ACC: [-7, 0, 515]
12:57:13.873852 ALT: -0.06
12:57:13.873993 ATT: [0.0, 0.8, 109]
12:57:13.874180 ACC: [-7, 0, 514]
12:57:13.921668 ALT: -0.06
12:57:13.921827 ATT: [0.0, 0.8, 109]
12:57:13.922124 ACC: [-7, 0, 514]
12:57:13.969850 ALT: -0.06
12:57:13.969999 ATT: [0.0, 0.8, 109]
12:57:13.970182 ACC: [-7, 0, 515]
12:57:14.017924 ALT: -0.06
12:57:14.018085 ATT: [0.0, 0.8, 109]
12:57:14.018273 ACC: [-7, 0, 514]
12:57:14.081871 ALT: -0.06
12:57:14.082010 ATT: [0.0, 0.8, 109]
12:57:14.082225 ACC: [-7, 0, 515]
12:57:14.129860 ALT: -0.06
12:57:14.129987 ATT: [0.0, 0.8, 109]
12:57:14.130424 ACC: [-7, 0, 515]
12:57:14.177769 ALT: -0.06
12:57:14.177891 ATT: [0.0, 0.8, 109]
12:57:14.178059 ACC: [-7, 0, 515]
12:57:14.225816 ALT: -0.06
12:57:14.225950 ATT: [0.0, 0.8, 109]
12:57:14.226462 ACC: [-7, 0, 515]
12:57:14.274157 ALT: -0.06
12:57:14.274335 ATT: [0.0, 0.8, 109]
12:57:14.274691 ACC: [-7, 0, 515]
12:57:14.321827 ALT: -0.06
12:57:14.321960 ATT: [0.0, 0.8, 109]
12:57:14.322146 ACC: [-7, 0, 515]
12:57:14.369923 ALT: -0.06
12:57:14.370072 ATT: [0.0, 0.8, 109]
12:57:14.370251 ACC: [-7, 0, 515]
12:57:14.417855 ALT: -0.06
12:57:14.418005 ATT: [0.0, 0.8, 108]
12:57:14.418284 ACC: [-7, 0, 514]
12:57:14.465943 ALT: -0.06
12:57:14.466147 ATT: [0.0, 0.8, 108]
12:57:14.466337 ACC: [-7, 0, 514]
12:57:14.513716 ALT: -0.06
12:57:14.513815 ATT: [0.0, 0.8, 108]
12:57:14.513985 ACC: [-7, 0, 514]
12:57:14.564233 ALT: -0.06
12:57:14.564405 ATT: [0.0, 0.8, 108]
12:57:14.564677 ACC: [-8, 0, 515]
12:57:14.610004 ALT: -0.06
12:57:14.610141 ATT: [0.0, 0.8, 108]
12:57:14.610407 ACC: [-7, 0, 515]
12:57:14.659261 ALT: -0.06
12:57:14.659652 ATT: [0.0, 0.8, 108]
12:57:14.660220 ACC: [-7, 0, 515]
12:57:14.705771 ALT: -0.06
12:57:14.706061 ATT: [-0.1, 0.8, 108]
12:57:14.706359 ACC: [-7, 0, 515]
12:57:14.753840 ALT: -0.06
12:57:14.753960 ATT: [-0.1, 0.8, 108]
12:57:14.754205 ACC: [-7, 0, 515]
12:57:14.803397 ALT: -0.06
12:57:14.803539 ATT: [0.0, 0.8, 108]
12:57:14.803767 ACC: [-7, 0, 515]
12:57:14.850116 ALT: -0.06
12:57:14.850366 ATT: [0.0, 0.8, 108]
12:57:14.850828 ACC: [-8, 1, 514]
12:57:14.897945 ALT: -0.06
12:57:14.898153 ATT: [0.0, 0.8, 109]
12:57:14.898407 ACC: [-7, 0, 515]
12:57:14.945968 ALT: -0.06
12:57:14.946113 ATT: [0.0, 0.8, 109]
12:57:14.946339 ACC: [-7, 0, 515]
12:57:15.006187 ALT: -0.06
12:57:15.006416 ATT: [0.0, 0.8, 109]
12:57:15.009932 ACC: [-8, 0, 515]
12:57:15.059892 ALT: -0.06
12:57:15.060059 ATT: [0.0, 0.8, 108]
12:57:15.060297 ACC: [-7, 0, 514]
12:57:15.106102 ALT: -0.06
12:57:15.106272 ATT: [0.0, 0.8, 108]
12:57:15.106495 ACC: [-7, 1, 514]
12:57:15.154928 ALT: -0.06
12:57:15.155066 ATT: [0.0, 0.8, 108]
12:57:15.155314 ACC: [-7, 0, 515]
12:57:15.201927 ALT: -0.06
12:57:15.202038 ATT: [0.0, 0.8, 108]
12:57:15.202229 ACC: [-7, 0, 515]
12:57:15.250325 ALT: -0.06
12:57:15.250541 ATT: [0.0, 0.8, 108]
12:57:15.250844 ACC: [-7, 0, 515]
12:57:15.297873 ALT: -0.06
12:57:15.297986 ATT: [0.0, 0.8, 108]
12:57:15.298184 ACC: [-7, 0, 514]
12:57:15.346454 ALT: -0.06
12:57:15.346608 ATT: [0.0, 0.8, 108]
12:57:15.346955 ACC: [-7, 0, 515]
12:57:15.394119 ALT: -0.06
12:57:15.394319 ATT: [0.0, 0.8, 108]
12:57:15.394690 ACC: [-7, 0, 515]
12:57:15.441937 ALT: -0.06
12:57:15.442076 ATT: [0.0, 0.8, 108]
12:57:15.442264 ACC: [-8, 0, 515]
12:57:15.490270 ALT: -0.06
12:57:15.490403 ATT: [0.0, 0.8, 108]
12:57:15.490598 ACC: [-7, 0, 515]
12:57:15.538374 ALT: -0.06
12:57:15.538658 ATT: [0.0, 0.8, 108]
12:57:15.539050 ACC: [-7, 0, 514]
12:57:15.586117 ALT: -0.06
12:57:15.586272 ATT: [0.0, 0.9, 108]
12:57:15.586493 ACC: [-8, 0, 515]
12:57:15.634015 ALT: -0.06
12:57:15.634168 ATT: [0.0, 0.9, 108]
12:57:15.634407 ACC: [-7, 0, 515]
12:57:15.682105 ALT: -0.06
12:57:15.682259 ATT: [0.0, 0.9, 108]
12:57:15.682476 ACC: [-7, 0, 514]
12:57:15.729910 ALT: -0.06
12:57:15.730078 ATT: [0.0, 0.9, 108]
12:57:15.730292 ACC: [-7, 0, 514]
12:57:15.778131 ALT: -0.06
12:57:15.778259 ATT: [0.0, 0.9, 108]
12:57:15.778474 ACC: [-7, 0, 515]
12:57:15.826165 ALT: -0.06
12:57:15.826305 ATT: [0.0, 0.9, 108]
12:57:15.826609 ACC: [-7, 0, 514]
12:57:15.874223 ALT: -0.06
12:57:15.874354 ATT: [0.0, 0.9, 108]
12:57:15.874558 ACC: [-7, 0, 514]
12:57:15.922081 ALT: -0.06
12:57:15.922213 ATT: [0.0, 0.9, 108]
12:57:15.922453 ACC: [-7, 1, 515]
12:57:15.970263 ALT: -0.06
12:57:15.970450 ATT: [0.0, 0.9, 108]
12:57:15.970754 ACC: [-8, 0, 515]
12:57:16.018259 ALT: -0.06
12:57:16.018411 ATT: [0.0, 0.9, 108]
12:57:16.018675 ACC: [-7, 1, 515]
12:57:16.066191 ALT: -0.06
12:57:16.066340 ATT: [0.0, 0.9, 108]
12:57:16.066598 ACC: [-7, 0, 515]
12:57:16.114552 ALT: -0.06
12:57:16.114962 ATT: [0.0, 0.9, 108]
12:57:16.115576 ACC: [-7, 0, 515]
12:57:16.178378 ALT: -0.06
12:57:16.178624 ATT: [0.0, 0.9, 108]
12:57:16.178988 ACC: [-7, 0, 514]
12:57:16.231379 ALT: -0.06
12:57:16.231561 ATT: [0.0, 0.9, 108]
12:57:16.237852 ACC: [-7, 1, 514]
12:57:16.306183 ALT: -0.06
12:57:16.306314 ATT: [0.0, 0.9, 108]
12:57:16.306529 ACC: [-8, 0, 515]
12:57:16.370461 ALT: -0.06
12:57:16.370675 ATT: [0.0, 0.9, 108]
12:57:16.371152 ACC: [-7, 0, 515]
12:57:16.422720 ALT: -0.06
12:57:16.422856 ATT: [0.0, 0.9, 108]
12:57:16.423042 ACC: [-7, 1, 515]
12:57:16.482247 ALT: -0.06
12:57:16.482465 ATT: [0.0, 0.9, 108]
12:57:16.482844 ACC: [-7, 0, 515]
12:57:16.546350 ALT: -0.06
12:57:16.546543 ATT: [0.0, 0.9, 108]
12:57:16.546844 ACC: [-7, 0, 514]
12:57:16.594228 ALT: -0.06
12:57:16.594381 ATT: [0.0, 0.9, 108]
12:57:16.594635 ACC: [-7, 0, 515]
12:57:16.642162 ALT: -0.06
12:57:16.642308 ATT: [0.0, 0.9, 108]
12:57:16.642530 ACC: [-7, 0, 514]
12:57:16.690127 ALT: -0.06
12:57:16.690257 ATT: [0.0, 0.9, 108]
12:57:16.690455 ACC: [-7, 0, 514]
12:57:16.745705 ALT: -0.06
12:57:16.745860 ATT: [0.0, 0.9, 108]
12:57:16.746166 ACC: [-7, 0, 514]
12:57:16.802109 ALT: -0.06
12:57:16.802244 ATT: [0.0, 0.9, 108]
12:57:16.802630 ACC: [-7, 1, 515]
12:57:16.853748 ALT: -0.06
12:57:16.853940 ATT: [0.0, 0.9, 108]
12:57:16.854184 ACC: [-7, 1, 515]
12:57:16.906308 ALT: -0.06
12:57:16.906539 ATT: [0.0, 0.9, 108]
12:57:16.907094 ACC: [-7, 0, 515]
12:57:16.974219 ALT: -0.06
12:57:16.974371 ATT: [0.0, 0.8, 108]
12:57:16.978230 ACC: [-7, 0, 515]
12:57:17.026338 ALT: -0.06
12:57:17.026478 ATT: [0.0, 0.9, 108]
12:57:17.027173 ACC: [-7, 0, 515]
12:57:17.075406 ALT: -0.06
12:57:17.075859 ATT: [0.0, 0.8, 108]
12:57:17.076578 ACC: [-7, 0, 515]
12:57:17.139531 ALT: -0.06
12:57:17.139896 ATT: [0.0, 0.8, 108]
12:57:17.145613 ACC: [-7, 0, 515]
12:57:17.202446 ALT: -0.06
12:57:17.202622 ATT: [0.0, 0.8, 108]
12:57:17.202927 ACC: [-7, 1, 515]
12:57:17.251621 ALT: -0.06
12:57:17.251938 ATT: [0.0, 0.9, 108]
12:57:17.252484 ACC: [-7, 0, 515]
12:57:17.299017 ALT: -0.06
12:57:17.299265 ATT: [0.0, 0.9, 108]
12:57:17.299680 ACC: [-8, 1, 515]
12:57:17.362332 ALT: -0.06
12:57:17.362445 ATT: [0.0, 0.9, 108]
12:57:17.362612 ACC: [-7, 0, 515]
12:57:17.410278 ALT: -0.06
12:57:17.410400 ATT: [0.0, 0.9, 108]
12:57:17.410587 ACC: [-7, 0, 515]
12:57:17.458248 ALT: -0.06
12:57:17.458385 ATT: [0.0, 0.9, 108]
12:57:17.458586 ACC: [-8, 0, 515]
12:57:17.506565 ALT: -0.06
12:57:17.506777 ATT: [0.0, 0.9, 108]
12:57:17.507098 ACC: [-7, 0, 515]
12:57:17.566069 ALT: -0.06
12:57:17.566203 ATT: [0.0, 0.9, 108]
12:57:17.566688 ACC: [-7, 0, 515]
12:57:17.618943 ALT: -0.06
12:57:17.619079 ATT: [0.0, 0.9, 108]
12:57:17.619269 ACC: [-7, 1, 515]
12:57:17.666453 ALT: -0.06
12:57:17.666583 ATT: [0.0, 0.9, 108]
12:57:17.666806 ACC: [-7, 1, 515]
12:57:17.714356 ALT: -0.06
12:57:17.714503 ATT: [0.0, 0.9, 108]
12:57:17.714706 ACC: [-7, 0, 515]
12:57:17.762259 ALT: -0.06
12:57:17.762377 ATT: [0.0, 0.9, 108]
12:57:17.762586 ACC: [-7, 0, 515]
12:57:17.810439 ALT: -0.06
12:57:17.810583 ATT: [0.0, 0.9, 108]
12:57:17.810884 ACC: [-7, 0, 515]
12:57:17.860547 ALT: -0.06
12:57:17.860662 ATT: [0.0, 0.9, 108]
12:57:17.860926 ACC: [-7, 0, 515]
12:57:17.906216 ALT: -0.06
12:57:17.906321 ATT: [0.0, 0.9, 108]
12:57:17.906498 ACC: [-7, 0, 515]
12:57:17.954587 ALT: -0.06
12:57:17.954778 ATT: [0.0, 0.9, 108]
12:57:17.955076 ACC: [-7, 0, 515]
12:57:18.002665 ALT: -0.06
12:57:18.002980 ATT: [0.0, 0.9, 108]
12:57:18.003570 ACC: [-7, 0, 515]
12:57:18.050594 ALT: -0.06
12:57:18.050915 ATT: [0.0, 0.9, 108]
12:57:18.051575 ACC: [-7, 0, 515]
12:57:18.099577 ALT: -0.06
12:57:18.099812 ATT: [0.0, 0.9, 108]
12:57:18.100230 ACC: [-7, 0, 515]
12:57:18.146764 ALT: -0.06
12:57:18.146996 ATT: [0.0, 0.9, 108]
12:57:18.147419 ACC: [-7, 0, 515]
12:57:18.194527 ALT: -0.06
12:57:18.194675 ATT: [0.0, 0.9, 108]
12:57:18.194893 ACC: [-7, 0, 515]
12:57:18.242815 ALT: -0.06
12:57:18.242998 ATT: [0.0, 0.9, 108]
12:57:18.243273 ACC: [-8, 0, 514]
12:57:18.290748 ALT: -0.06
12:57:18.290953 ATT: [0.0, 0.9, 108]
12:57:18.291305 ACC: [-7, 1, 515]
12:57:18.342205 ALT: -0.06
12:57:18.342437 ATT: [0.0, 0.9, 108]
12:57:18.342757 ACC: [-8, 1, 515]
12:57:18.402560 ALT: -0.06
12:57:18.402757 ATT: [0.0, 0.9, 108]
12:57:18.403037 ACC: [-7, 0, 514]
12:57:18.466537 ALT: -0.06
12:57:18.466745 ATT: [0.0, 0.9, 108]
12:57:18.467139 ACC: [-7, 0, 515]
12:57:18.514794 ALT: -0.06
12:57:18.514907 ATT: [0.0, 0.9, 108]
12:57:18.515104 ACC: [-7, 0, 515]
12:57:18.562691 ALT: -0.06
12:57:18.562831 ATT: [0.0, 0.9, 108]
12:57:18.563055 ACC: [-7, 0, 514]
12:57:18.610705 ALT: -0.06
12:57:18.610874 ATT: [0.0, 0.9, 108]
12:57:18.611220 ACC: [-7, 1, 515]
12:57:18.658599 ALT: -0.06
12:57:18.658737 ATT: [0.0, 0.9, 108]
12:57:18.658918 ACC: [-7, 0, 515]
12:57:18.713067 ALT: -0.06
12:57:18.713184 ATT: [0.0, 0.9, 108]
12:57:18.717059 ACC: [-7, 0, 515]
12:57:18.770380 ALT: -0.06
12:57:18.770500 ATT: [0.0, 0.9, 108]
12:57:18.770698 ACC: [-7, 0, 514]
12:57:18.831182 ALT: -0.06
12:57:18.831304 ATT: [0.0, 0.9, 108]
12:57:18.831484 ACC: [-7, 0, 515]
12:57:18.882536 ALT: -0.06
12:57:18.882742 ATT: [0.0, 0.9, 108]
12:57:18.883026 ACC: [-7, 1, 515]
12:57:18.940132 ALT: -0.06
12:57:18.940310 ATT: [0.0, 0.9, 108]
12:57:18.940591 ACC: [-8, 0, 515]
12:57:18.998275 ALT: -0.06
12:57:18.998431 ATT: [0.0, 0.9, 108]
12:57:18.998653 ACC: [-7, 0, 515]
12:57:19.042852 ALT: -0.06
12:57:19.043112 ATT: [0.0, 0.9, 108]
12:57:19.043404 ACC: [-7, 0, 514]
12:57:19.109637 ALT: -0.06
12:57:19.109762 ATT: [0.0, 0.9, 108]
12:57:19.109941 ACC: [-7, 0, 514]
12:57:19.177872 ALT: -0.06
12:57:19.177982 ATT: [0.0, 0.9, 108]
12:57:19.178141 ACC: [-8, 0, 514]
12:57:19.241788 ALT: -0.06
12:57:19.241893 ATT: [0.0, 0.9, 108]
12:57:19.242040 ACC: [-7, 0, 515]
12:57:19.305618 ALT: -0.06
12:57:19.305740 ATT: [0.0, 0.9, 108]
12:57:19.305949 ACC: [-7, 0, 515]
12:57:19.362628 ALT: -0.03
12:57:19.362755 ATT: [0.0, 0.9, 108]
12:57:19.362959 ACC: [-7, 0, 514]
12:57:19.410638 ALT: 0.0
12:57:19.410739 ATT: [0.0, 0.9, 108]
12:57:19.410915 ACC: [-7, 0, 515]
12:57:19.460099 ALT: 0.0
12:57:19.460430 ATT: [0.0, 0.9, 108]
12:57:19.460971 ACC: [-7, 0, 514]
12:57:19.522943 ALT: 0.0
12:57:19.523178 ATT: [0.0, 0.9, 108]
12:57:19.523629 ACC: [-7, 0, 515]
12:57:19.570593 ALT: 0.0
12:57:19.570737 ATT: [0.0, 0.9, 108]
12:57:19.571012 ACC: [-7, 0, 515]
12:57:19.624950 ALT: 0.0
12:57:19.625199 ATT: [0.0, 0.9, 108]
12:57:19.625513 ACC: [-7, 0, 514]
12:57:19.667534 ALT: 0.0
12:57:19.667696 ATT: [0.0, 0.9, 108]
12:57:19.668072 ACC: [-7, 0, 515]
12:57:19.715079 ALT: 0.0
12:57:19.715171 ATT: [0.0, 0.9, 108]
12:57:19.715327 ACC: [-7, 0, 515]
12:57:19.763493 ALT: 0.0
12:57:19.763668 ATT: [0.0, 0.9, 108]
12:57:19.763984 ACC: [-7, 0, 514]
12:57:19.810834 ALT: 0.0
12:57:19.810956 ATT: [0.0, 0.9, 108]
12:57:19.811204 ACC: [-7, 0, 515]
12:57:19.858539 ALT: 0.0
12:57:19.858646 ATT: [0.0, 0.9, 108]
12:57:19.858850 ACC: [-7, 0, 515]
12:57:19.906994 ALT: 0.0
12:57:19.907112 ATT: [0.0, 0.9, 108]
12:57:19.907406 ACC: [-7, 0, 515]
12:57:19.954920 ALT: 0.0
12:57:19.955069 ATT: [0.0, 0.9, 108]
12:57:19.955425 ACC: [-7, 0, 515]
12:57:20.003172 ALT: 0.0
12:57:20.003321 ATT: [0.0, 0.9, 108]
12:57:20.003601 ACC: [-8, 0, 515]
12:57:20.051088 ALT: 0.0
12:57:20.051306 ATT: [0.0, 0.9, 108]
12:57:20.051666 ACC: [-7, 0, 514]
12:57:20.099423 ALT: 0.0
12:57:20.099544 ATT: [0.0, 0.9, 108]
12:57:20.099855 ACC: [-7, 0, 515]
12:57:20.146594 ALT: 0.0
12:57:20.146806 ATT: [0.0, 0.9, 108]
12:57:20.147022 ACC: [-7, 0, 515]
12:57:20.214285 ALT: 0.0
12:57:20.214441 ATT: [0.0, 0.9, 108]
12:57:20.214947 ACC: [-8, 0, 515]
12:57:20.268636 ALT: 0.0
12:57:20.268744 ATT: [0.0, 0.9, 108]
12:57:20.269014 ACC: [-7, 1, 515]
12:57:20.324508 ALT: 0.0
12:57:20.324722 ATT: [0.0, 0.9, 108]
12:57:20.325049 ACC: [-7, 0, 514]
12:57:20.378939 ALT: 0.0
12:57:20.379047 ATT: [0.0, 0.9, 108]
12:57:20.379231 ACC: [-7, 0, 515]
12:57:20.434767 ALT: 0.0
12:57:20.434863 ATT: [0.0, 0.9, 108]
12:57:20.435038 ACC: [-8, 1, 515]
12:57:20.482749 ALT: 0.0
12:57:20.482861 ATT: [0.0, 0.9, 108]
12:57:20.483046 ACC: [-7, 0, 515]
12:57:20.530885 ALT: 0.0
12:57:20.531030 ATT: [0.0, 0.9, 108]
12:57:20.531237 ACC: [-7, 0, 515]
12:57:20.579056 ALT: 0.0
12:57:20.579201 ATT: [0.0, 0.9, 108]
12:57:20.579470 ACC: [-7, 0, 515]
12:57:20.635170 ALT: 0.0
12:57:20.635280 ATT: [0.0, 0.9, 108]
12:57:20.635481 ACC: [-7, 0, 515]
12:57:20.713309 ALT: 0.0
12:57:20.713517 ATT: [0.0, 0.9, 108]
12:57:20.713897 ACC: [-7, 0, 514]
12:57:20.770894 ALT: 0.0
12:57:20.771001 ATT: [0.0, 0.9, 108]
12:57:20.771203 ACC: [-7, 0, 515]
12:57:20.819199 ALT: 0.0
12:57:20.819369 ATT: [0.0, 0.9, 108]
12:57:20.819638 ACC: [-7, 0, 515]
12:57:20.881973 ALT: 0.0
12:57:20.882090 ATT: [0.0, 0.9, 108]
12:57:20.882295 ACC: [-7, 1, 515]
12:57:20.931635 ALT: 0.0
12:57:20.931790 ATT: [0.0, 0.9, 108]
12:57:20.932024 ACC: [-7, 0, 514]
12:57:20.978931 ALT: 0.0
12:57:20.979065 ATT: [0.0, 0.9, 108]
12:57:20.979354 ACC: [-7, 0, 515]
12:57:21.027051 ALT: 0.0
12:57:21.027154 ATT: [0.0, 0.9, 108]
12:57:21.027368 ACC: [-7, 0, 515]
12:57:21.074728 ALT: 0.0
12:57:21.075041 ATT: [0.0, 0.9, 108]
12:57:21.075241 ACC: [-7, 0, 515]
12:57:21.123177 ALT: 0.0
12:57:21.123298 ATT: [0.0, 0.9, 108]
12:57:21.123546 ACC: [-7, 0, 514]
12:57:21.170935 ALT: 0.0
12:57:21.171057 ATT: [0.0, 0.9, 108]
12:57:21.171249 ACC: [-8, 0, 515]
12:57:21.218803 ALT: 0.0
12:57:21.218925 ATT: [0.0, 0.9, 108]
12:57:21.219443 ACC: [-7, 0, 515]
12:57:21.267242 ALT: 0.0
12:57:21.267415 ATT: [0.0, 0.9, 108]
12:57:21.267688 ACC: [-7, 0, 515]
12:57:21.314678 ALT: 0.0
12:57:21.315517 ATT: [0.0, 0.9, 108]
12:57:21.315872 ACC: [-7, 0, 515]
12:57:21.362984 ALT: 0.0
12:57:21.363110 ATT: [0.0, 0.9, 108]
12:57:21.363318 ACC: [-7, 1, 515]
12:57:21.411304 ALT: 0.0
12:57:21.411517 ATT: [0.0, 0.9, 108]
12:57:21.411904 ACC: [-7, 0, 515]
12:57:21.475835 ALT: 0.0
12:57:21.476147 ATT: [0.0, 0.9, 108]
12:57:21.476792 ACC: [-7, 0, 514]
12:57:21.522842 ALT: 0.0
12:57:21.522958 ATT: [0.0, 0.9, 108]
12:57:21.523128 ACC: [-7, 0, 515]
12:57:21.570773 ALT: 0.0
12:57:21.570897 ATT: [0.0, 0.9, 108]
12:57:21.571149 ACC: [-8, 0, 515]
12:57:21.619548 ALT: 0.0
12:57:21.619776 ATT: [0.0, 0.9, 108]
12:57:21.619980 ACC: [-7, 0, 515]
12:57:21.667440 ALT: 0.0
12:57:21.667741 ATT: [0.0, 0.9, 108]
12:57:21.668325 ACC: [-7, 0, 515]
12:57:21.715337 ALT: 0.0
12:57:21.715465 ATT: [0.0, 0.9, 108]
12:57:21.715810 ACC: [-7, 0, 515]
12:57:21.763126 ALT: 0.0
12:57:21.763285 ATT: [0.0, 0.9, 108]
12:57:21.763589 ACC: [-7, 0, 514]
12:57:21.811179 ALT: 0.0
12:57:21.811337 ATT: [0.0, 0.9, 108]
12:57:21.811606 ACC: [-7, 0, 515]
12:57:21.861965 ALT: 0.0
12:57:21.862206 ATT: [0.0, 0.9, 108]
12:57:21.862483 ACC: [-7, 0, 514]
12:57:21.906802 ALT: 0.0
12:57:21.906907 ATT: [0.0, 0.9, 108]
12:57:21.907178 ACC: [-7, 0, 515]
12:57:21.955138 ALT: 0.0
12:57:21.955254 ATT: [0.0, 0.9, 108]
12:57:21.955437 ACC: [-7, 0, 515]
12:57:22.003350 ALT: 0.0
12:57:22.003550 ATT: [0.0, 0.9, 108]
12:57:22.004018 ACC: [-7, 0, 514]
12:57:22.051267 ALT: 0.0
12:57:22.051398 ATT: [0.0, 0.9, 108]
12:57:22.051648 ACC: [-7, 0, 515]
12:57:22.098955 ALT: 0.0
12:57:22.099166 ATT: [0.0, 0.9, 108]
12:57:22.099410 ACC: [-7, 0, 515]
12:57:22.147065 ALT: 0.0
12:57:22.147230 ATT: [0.0, 0.9, 108]
12:57:22.147479 ACC: [-8, 0, 514]
12:57:22.194880 ALT: 0.0
12:57:22.195299 ATT: [0.0, 0.9, 108]
12:57:22.195496 ACC: [-7, 0, 514]
12:57:22.244006 ALT: 0.0
12:57:22.244135 ATT: [0.0, 0.9, 108]
12:57:22.244439 ACC: [-7, 0, 515]
12:57:22.290895 ALT: 0.0
12:57:22.291085 ATT: [0.0, 0.9, 108]
12:57:22.291262 ACC: [-8, 0, 515]
12:57:22.339502 ALT: 0.0
12:57:22.339669 ATT: [0.0, 0.9, 108]
12:57:22.340010 ACC: [-7, 0, 515]
12:57:22.387034 ALT: 0.0
12:57:22.387156 ATT: [0.0, 0.9, 108]
12:57:22.387402 ACC: [-7, 0, 514]
12:57:22.434921 ALT: 0.0
12:57:22.435110 ATT: [0.0, 0.9, 108]
12:57:22.435278 ACC: [-8, 0, 515]
12:57:22.483098 ALT: 0.0
12:57:22.483240 ATT: [0.0, 0.9, 108]
12:57:22.483455 ACC: [-8, 0, 515]
12:57:22.531437 ALT: 0.0
12:57:22.531609 ATT: [0.0, 0.9, 108]
12:57:22.531973 ACC: [-7, 0, 515]
12:57:22.579120 ALT: 0.0
12:57:22.579613 ATT: [0.0, 0.9, 108]
12:57:22.579854 ACC: [-7, 0, 515]
12:57:22.626999 ALT: 0.0
12:57:22.627114 ATT: [0.0, 0.9, 108]
12:57:22.627331 ACC: [-7, 0, 514]
12:57:22.675519 ALT: 0.0
12:57:22.675625 ATT: [0.0, 0.9, 108]
12:57:22.675799 ACC: [-8, 0, 515]
12:57:22.723703 ALT: 0.0
12:57:22.723822 ATT: [0.0, 0.9, 108]
12:57:22.724060 ACC: [-7, 0, 515]
12:57:22.777865 ALT: 0.0
12:57:22.778018 ATT: [0.0, 0.9, 108]
12:57:22.778234 ACC: [-7, 0, 514]
12:57:22.835322 ALT: 0.04
12:57:22.835431 ATT: [0.0, 0.9, 108]
12:57:22.835605 ACC: [-7, 0, 514]
12:57:22.883601 ALT: 0.09
12:57:22.884384 ATT: [0.0, 0.9, 108]
12:57:22.884770 ACC: [-7, 1, 515]
12:57:22.931581 ALT: 0.09
12:57:22.931713 ATT: [0.0, 0.9, 108]
12:57:22.931894 ACC: [-7, 0, 515]
12:57:22.979647 ALT: 0.09
12:57:22.979805 ATT: [0.0, 0.9, 108]
12:57:22.980147 ACC: [-8, 0, 515]
12:57:23.027313 ALT: 0.09
12:57:23.027487 ATT: [0.0, 0.9, 108]
12:57:23.027720 ACC: [-8, 0, 514]
12:57:23.075527 ALT: 0.09
12:57:23.075670 ATT: [0.0, 0.9, 108]
12:57:23.075856 ACC: [-7, 0, 515]
12:57:23.123186 ALT: 0.09
12:57:23.123340 ATT: [0.0, 0.9, 108]
12:57:23.123556 ACC: [-7, 0, 515]
12:57:23.171048 ALT: 0.09
12:57:23.171172 ATT: [0.0, 0.9, 108]
12:57:23.171384 ACC: [-7, 0, 514]
12:57:23.219168 ALT: 0.09
12:57:23.219288 ATT: [0.0, 0.9, 108]
12:57:23.219463 ACC: [-7, 0, 515]
12:57:23.273721 ALT: 0.09
12:57:23.273864 ATT: [0.0, 0.9, 108]
12:57:23.274086 ACC: [-7, 0, 515]
12:57:23.331254 ALT: 0.09
12:57:23.331440 ATT: [0.0, 0.9, 108]
12:57:23.331708 ACC: [-7, 0, 515]
12:57:23.379956 ALT: 0.09
12:57:23.380251 ATT: [0.0, 0.9, 108]
12:57:23.380770 ACC: [-7, 0, 514]
12:57:23.428122 ALT: 0.09
12:57:23.428415 ATT: [0.0, 0.9, 108]
12:57:23.428955 ACC: [-7, 0, 515]
12:57:23.476053 ALT: 0.09
12:57:23.476313 ATT: [0.0, 0.9, 108]
12:57:23.476738 ACC: [-7, 0, 515]
12:57:23.523361 ALT: 0.09
12:57:23.523554 ATT: [0.0, 0.9, 108]
12:57:23.523868 ACC: [-7, 0, 515]
12:57:23.571253 ALT: 0.09
12:57:23.571452 ATT: [0.0, 0.9, 108]
12:57:23.571701 ACC: [-7, 0, 514]
12:57:23.619652 ALT: 0.09
12:57:23.619810 ATT: [0.0, 0.9, 108]
12:57:23.620071 ACC: [-7, 0, 515]
12:57:23.668032 ALT: 0.09
12:57:23.668190 ATT: [0.0, 0.9, 108]
12:57:23.668412 ACC: [-7, 0, 515]
12:57:23.715444 ALT: 0.09
12:57:23.715653 ATT: [0.0, 0.9, 108]
12:57:23.715979 ACC: [-7, 0, 515]
12:57:23.763544 ALT: 0.09
12:57:23.763700 ATT: [0.0, 0.9, 108]
12:57:23.763987 ACC: [-7, 0, 514]
12:57:23.811196 ALT: 0.09
12:57:23.811330 ATT: [0.0, 0.9, 108]
12:57:23.811502 ACC: [-7, 0, 515]
12:57:23.859105 ALT: 0.09
12:57:23.859337 ATT: [0.0, 0.9, 108]
12:57:23.859495 ACC: [-7, 0, 514]
12:57:23.907456 ALT: 0.09
12:57:23.907570 ATT: [0.0, 0.9, 108]
12:57:23.907763 ACC: [-7, 0, 515]
12:57:23.955066 ALT: 0.09
12:57:23.955316 ATT: [0.0, 0.9, 108]
12:57:23.955495 ACC: [-7, 1, 515]
12:57:24.003472 ALT: 0.09
12:57:24.003705 ATT: [0.0, 0.9, 108]
12:57:24.004091 ACC: [-7, 0, 515]
12:57:24.051526 ALT: 0.09
12:57:24.051771 ATT: [0.0, 0.9, 108]
12:57:24.052029 ACC: [-7, 1, 515]
12:57:24.099623 ALT: 0.09
12:57:24.100008 ATT: [0.0, 0.9, 108]
12:57:24.100718 ACC: [-7, 0, 514]
12:57:24.147411 ALT: 0.09
12:57:24.147540 ATT: [0.0, 0.9, 108]
12:57:24.147780 ACC: [-7, 0, 515]
12:57:24.195570 ALT: 0.09
12:57:24.195801 ATT: [0.0, 0.9, 108]
12:57:24.196115 ACC: [-8, 0, 515]
12:57:24.243446 ALT: 0.09
12:57:24.243609 ATT: [0.0, 0.9, 108]
12:57:24.243864 ACC: [-7, 0, 515]
12:57:24.291139 ALT: 0.09
12:57:24.291250 ATT: [0.0, 0.9, 108]
12:57:24.291425 ACC: [-7, 0, 515]
12:57:24.339493 ALT: 0.09
12:57:24.339650 ATT: [0.0, 0.9, 108]
12:57:24.339970 ACC: [-7, 0, 515]
12:57:24.387195 ALT: 0.09
12:57:24.387309 ATT: [0.0, 0.9, 108]
12:57:24.387498 ACC: [-7, 0, 515]
12:57:24.435389 ALT: 0.09
12:57:24.435556 ATT: [0.0, 0.9, 108]
12:57:24.435806 ACC: [-7, 0, 514]
12:57:24.485718 ALT: 0.09
12:57:24.485826 ATT: [0.0, 0.9, 108]
12:57:24.485988 ACC: [-7, 0, 514]
12:57:24.531411 ALT: 0.09
12:57:24.531528 ATT: [0.0, 0.9, 109]
12:57:24.531805 ACC: [-7, 0, 514]
12:57:24.579642 ALT: 0.09
12:57:24.579892 ATT: [0.0, 0.9, 109]
12:57:24.580159 ACC: [-7, 0, 514]
12:57:24.628036 ALT: 0.09
12:57:24.628237 ATT: [0.0, 0.9, 109]
12:57:24.628553 ACC: [-7, 0, 514]
12:57:24.675576 ALT: 0.09
12:57:24.675719 ATT: [0.0, 0.9, 109]
12:57:24.675923 ACC: [-7, 0, 515]
12:57:24.723823 ALT: 0.09
12:57:24.724075 ATT: [0.0, 0.9, 109]
12:57:24.724344 ACC: [-7, 1, 514]
12:57:24.771559 ALT: 0.09
12:57:24.771717 ATT: [0.0, 0.9, 109]
12:57:24.771938 ACC: [-7, 0, 514]
12:57:24.819234 ALT: 0.09
12:57:24.819348 ATT: [0.0, 0.9, 109]
12:57:24.819525 ACC: [-8, 0, 515]
12:57:24.869370 ALT: 0.09
12:57:24.869530 ATT: [0.0, 0.9, 109]
12:57:24.869837 ACC: [-8, 0, 515]
12:57:24.931595 ALT: 0.09
12:57:24.931737 ATT: [0.0, 0.9, 109]
12:57:24.932007 ACC: [-8, 0, 514]
12:57:24.995627 ALT: 0.09
12:57:24.995825 ATT: [0.0, 0.9, 109]
12:57:24.996134 ACC: [-7, 0, 514]
12:57:25.043532 ALT: 0.09
12:57:25.043708 ATT: [0.0, 0.9, 109]
12:57:25.044010 ACC: [-7, 0, 515]
12:57:25.091716 ALT: 0.09
12:57:25.091924 ATT: [0.0, 0.9, 109]
12:57:25.092241 ACC: [-8, 1, 515]
12:57:25.139264 ALT: 0.09
12:57:25.139370 ATT: [0.0, 0.9, 109]
12:57:25.139543 ACC: [-7, 0, 514]
12:57:25.187341 ALT: 0.09
12:57:25.187466 ATT: [0.0, 0.9, 109]
12:57:25.187648 ACC: [-7, 0, 515]
12:57:25.235668 ALT: 0.09
12:57:25.235835 ATT: [0.0, 0.9, 109]
12:57:25.236165 ACC: [-7, 0, 514]
12:57:25.284459 ALT: 0.09
12:57:25.284605 ATT: [0.0, 0.9, 109]
12:57:25.284896 ACC: [-7, 0, 515]
12:57:25.331472 ALT: 0.09
12:57:25.331623 ATT: [0.0, 0.9, 109]
12:57:25.331819 ACC: [-7, 0, 515]
