Waiting for MSP_API_VERSION reply...
Waiting for MSP_FC_VARIANT reply...
{'apiVersion': '1.44.0', 'flightControllerIdentifier': 'BTFL', 'flightControllerVersion': '4.3.2', 'version': 0, 'buildInfo': 'Apr  7 2023 03:15:27', 'multiType': 0, 'msp_version': 0, 'capability': 0, 'cycleTime': 315, 'i2cError': 0, 'activeSensors': 39, 'mode': 2, 'profile': 0, 'uid': [4653116, 1345409042, 540357454], 'accelerometerTrims': [0, 0], 'name': '', 'displayName': 'BOARD MODULE', 'numProfiles': 3, 'rateProfile': 0, 'boardType': 2, 'armingDisableCount': 26, 'armingDisableFlags': 4, 'armingDisabled': False, 'runawayTakeoffPreventionDisabled': False, 'boardIdentifier': 'SBF4', 'boardVersion': 0, 'commCapabilities': 3, 'targetName': 'SPEEDYBEEF405V3', 'boardName': 'SPEEDYBEEF405V3', 'manufacturerId': '', 'signature': [0, 0, 0, 0, 0, 0, 0, 0, 0, 0, 0, 0, 0, 0, 0, 0, 0, 0, 0, 0, 0, 0, 0, 0, 0, 0, 0, 0, 0, 0, 0, 0], 'cpuload': 39, 'mcuTypeId': 3, 'mspProtocolVersion': 0, 'flightModeFlags': []}
15:36:59.734225 ALT: 0.82
15:36:59.734369 ATT: [-1.6, 1.6, 23]
15:36:59.734785 ACC: [-14, -14, 516]
15:36:59.785099 ALT: 0.82
15:36:59.785232 ATT: [-1.6, 1.6, 23]
15:36:59.785500 ACC: [-15, -14, 516]
Easycap format used: ImageFormat(type=<BufType.VIDEO_CAPTURE: 1>, description='YUYV 4:2:2', flags=<ImageFormatFlag.0: 0>, pixel_format=<PixelFormat.YUYV: 1448695129>)
Easycap format used: ImageFormat(type=<BufType.VIDEO_CAPTURE: 1>, description='Motion-JPEG', flags=<ImageFormatFlag.COMPRESSED: 1>, pixel_format=<PixelFormat.MJPEG: 1196444237>)
15:36:59.830448 ALT: 0.82
15:36:59.830723 ATT: [-1.6, 1.6, 23]
15:36:59.831091 ACC: [-15, -14, 516]
15:36:59.878286 ALT: 0.82
15:36:59.878406 ATT: [-1.6, 1.7, 23]
15:36:59.878658 ACC: [-15, -14, 516]
15:36:59.926330 ALT: 0.82
15:36:59.926467 ATT: [-1.6, 1.7, 23]
15:36:59.926751 ACC: [-15, -14, 516]
15:36:59.974328 ALT: 0.82
15:36:59.974451 ATT: [-1.6, 1.7, 23]
15:36:59.974717 ACC: [-15, -13, 516]
15:37:00.022576 ALT: 0.82
15:37:00.022773 ATT: [-1.6, 1.7, 23]
15:37:00.023116 ACC: [-15, -14, 516]
15:37:00.070242 ALT: 0.82
15:37:00.070376 ATT: [-1.6, 1.7, 23]
15:37:00.070615 ACC: [-14, -14, 516]
Initialize navigation params:
Delay=0.03, Kp=40.0, Ki=0.0, Kd=40.0
Starting Main workflow
15:37:00.118186 ALT: 0.82
15:37:00.118328 ATT: [-1.6, 1.6, 23]
15:37:00.118566 ACC: [-14, -14, 516]
crc error: 0x6 0x30 0x80 0x1 0x3e 0xf0 0x81 0xf 0x7c 0x3e 0xc8 0x18 0x16 0xe0 0x3 0x1f 0x2b 0xc0 0xc7 0xa 0x56 0xb0 0x82 0x15 0xc0 0x0 0x6 0x30 0x80 0x1 0x3e 0xf0 0x81 0xf 0x7c 0x87 0xc8 0x18 0x16 0xde 0x3 0x1f 0x2b 0xc0 0xc7 0xa 0x56 0xb0 0x82 0x15
15:37:00.166317 ALT: 0.82
15:37:00.166417 ATT: [-1.6, 1.6, 23]
15:37:00.166742 ACC: [-15, -14, 516]
[1499, 1500, 988, 1500, 989, 986, 988, 988, 1001, 1001, 1001, 1001, 1500, 1500, 1500, 1500]
[1500, 1500, 988, 1499, 988, 988, 988, 988, 1001, 1001, 1001, 1001, 1500, 1500, 1500, 1500]
[1499, 1500, 988, 1500, 988, 988, 988, 988, 1001, 1001, 1001, 1001, 1500, 1500, 1500, 1500]
15:37:00.214232 ALT: 0.82
15:37:00.214332 ATT: [-1.6, 1.6, 23]
15:37:00.214706 ACC: [-15, -14, 516]
[1500, 1499, 988, 1500, 988, 988, 988, 988, 1001, 1001, 1001, 1001, 1500, 1500, 1500, 1500]
[1500, 1500, 988, 1499, 988, 988, 988, 988, 1001, 1001, 1001, 1001, 1500, 1500, 1500, 1500]
15:37:00.262783 ALT: 0.82
15:37:00.262934 ATT: [-1.6, 1.7, 23]
15:37:00.263323 ACC: [-15, -14, 516]
[1500, 1499, 988, 1500, 988, 988, 988, 988, 1001, 1001, 1001, 1001, 1500, 1500, 1500, 1500]
[1500, 1499, 988, 1500, 988, 988, 988, 988, 1001, 1001, 1001, 1001, 1500, 1500, 1500, 1500]
[1500, 1499, 988, 1499, 988, 988, 988, 988, 1001, 1001, 1001, 1001, 1500, 1500, 1500, 1500]
15:37:00.310347 ALT: 0.82
15:37:00.310465 ATT: [-1.6, 1.7, 23]
15:37:00.311176 ACC: [-15, -14, 516]
[1500, 1500, 988, 1500, 988, 988, 988, 988, 1001, 1001, 1001, 1001, 1500, 1500, 1500, 1500]
[1499, 1500, 988, 1500, 988, 988, 988, 988, 1001, 1001, 1001, 1001, 1500, 1500, 1500, 1500]
15:37:00.358196 ALT: 0.82
15:37:00.358324 ATT: [-1.6, 1.7, 23]
15:37:00.358758 ACC: [-15, -14, 516]
[1500, 1500, 988, 1500, 988, 988, 988, 989, 1001, 1001, 1001, 1001, 1500, 1500, 1500, 1500]
[1500, 1500, 988, 1500, 988, 988, 988, 988, 1001, 1001, 1001, 1001, 1500, 1500, 1500, 1500]
[1500, 1499, 988, 1500, 991, 986, 988, 988, 1001, 1001, 1001, 1001, 1500, 1500, 1500, 1500]
15:37:00.419053 ALT: 0.82
15:37:00.419155 ATT: [-1.6, 1.7, 23]
15:37:00.419487 ACC: [-15, -14, 516]
[1500, 1500, 988, 1500, 988, 988, 991, 986, 1001, 1001, 1001, 1001, 1500, 1500, 1500, 1500]
[1499, 1500, 988, 1500, 988, 988, 988, 988, 1001, 1001, 1001, 1001, 1500, 1500, 1500, 1500]
[1500, 1500, 988, 1500, 988, 988, 988, 988, 1001, 1001, 1001, 1001, 1500, 1500, 1500, 1500]
15:37:00.474319 ALT: 0.82
15:37:00.474424 ATT: [-1.6, 1.7, 23]
15:37:00.474861 ACC: [-15, -14, 516]
[1500, 1500, 988, 1500, 988, 988, 988, 988, 1001, 1001, 1001, 1001, 1500, 1500, 1500, 1500]
[1499, 1500, 988, 1500, 988, 988, 988, 988, 1001, 1001, 1001, 1001, 1500, 1500, 1500, 1500]
15:37:00.518289 ALT: 0.82
15:37:00.518415 ATT: [-1.6, 1.7, 23]
15:37:00.518769 ACC: [-15, -14, 516]
[1500, 1499, 988, 1500, 988, 988, 988, 988, 1001, 1001, 1001, 1001, 1500, 1500, 1500, 1500]
[1500, 1500, 988, 1500, 988, 988, 988, 988, 1001, 1001, 1001, 1001, 1500, 1500, 1500, 1500]
[1500, 1500, 988, 1500, 988, 988, 988, 988, 1001, 1001, 1001, 1001, 1500, 1500, 1500, 1500]
15:37:00.566236 ALT: 0.82
15:37:00.566361 ATT: [-1.6, 1.7, 23]
15:37:00.566756 ACC: [-15, -14, 516]
[1499, 1500, 988, 1500, 988, 988, 988, 988, 1001, 1001, 1001, 1001, 1500, 1500, 1500, 1500]
[1500, 1499, 988, 1500, 989, 986, 989, 986, 1001, 1001, 1001, 1001, 1500, 1500, 1500, 1500]
15:37:00.631648 ALT: 0.82
15:37:00.631749 ATT: [-1.6, 1.7, 23]
15:37:00.632032 ACC: [-15, -14, 516]
[1500, 1500, 988, 1499, 988, 988, 988, 988, 1001, 1001, 1001, 1001, 1500, 1500, 1500, 1500]
[1499, 1500, 988, 1500, 989, 986, 988, 988, 1001, 1001, 1001, 1001, 1500, 1500, 1500, 1500]
[1500, 1500, 988, 1499, 988, 988, 988, 988, 1001, 1001, 1001, 1001, 1500, 1500, 1500, 1500]
15:37:00.683768 ALT: 0.82
15:37:00.683933 ATT: [-1.6, 1.7, 23]
15:37:00.685998 ACC: [-15, -14, 516]
[1500, 1500, 988, 1500, 988, 988, 988, 988, 1001, 1001, 1001, 1001, 1500, 1500, 1500, 1500]
[1500, 1499, 988, 1500, 988, 988, 988, 988, 1001, 1001, 1001, 1001, 1500, 1500, 1500, 1500]
[1500, 1500, 988, 1500, 988, 988, 988, 988, 1001, 1001, 1001, 1001, 1500, 1500, 1500, 1500]
15:37:00.726453 ALT: 0.82
15:37:00.726605 ATT: [-1.6, 1.7, 23]
15:37:00.726955 ACC: [-15, -14, 516]
[1500, 1500, 988, 1499, 988, 988, 988, 988, 1001, 1001, 1001, 1001, 1500, 1500, 1500, 1500]
[1500, 1500, 988, 1500, 988, 988, 988, 988, 1001, 1001, 1001, 1001, 1500, 1500, 1500, 1500]
[1500, 1500, 988, 1500, 988, 988, 988, 988, 1001, 1001, 1001, 1001, 1500, 1500, 1500, 1500]
15:37:00.807254 ALT: 0.82
15:37:00.807433 ATT: [-1.6, 1.7, 23]
15:37:00.808449 ACC: [-14, -14, 516]
[1500, 1500, 988, 1500, 988, 988, 988, 988, 1001, 1001, 1001, 1001, 1500, 1500, 1500, 1500]
[1500, 1499, 988, 1500, 988, 988, 988, 988, 1001, 1001, 1001, 1001, 1500, 1500, 1500, 1500]
[1500, 1499, 988, 1500, 988, 988, 988, 988, 1001, 1001, 1001, 1001, 1500, 1500, 1500, 1500]
15:37:00.863057 ALT: 0.82
15:37:00.863176 ATT: [-1.6, 1.7, 23]
15:37:00.863482 ACC: [-15, -14, 515]
[1500, 1500, 988, 1499, 989, 986, 988, 988, 1001, 1001, 1001, 1001, 1500, 1500, 1500, 1500]
[1500, 1499, 988, 1500, 988, 988, 988, 988, 1001, 1001, 1001, 1001, 1500, 1500, 1500, 1500]
15:37:00.909104 ALT: 0.82
15:37:00.909214 ATT: [-1.6, 1.7, 23]
15:37:00.909567 ACC: [-15, -14, 516]
[1497, 1500, 988, 1500, 988, 988, 986, 988, 1001, 1001, 1001, 1001, 1500, 1500, 1500, 1500]
[1500, 1500, 988, 1500, 988, 988, 988, 988, 1001, 1001, 1001, 1001, 1500, 1500, 1500, 1500]
[1500, 1500, 988, 1500, 988, 988, 988, 988, 1001, 1001, 1001, 1001, 1500, 1500, 1500, 1500]
15:37:00.966556 ALT: 0.82
15:37:00.966715 ATT: [-1.6, 1.7, 23]
15:37:00.967268 ACC: [-15, -14, 516]
[1499, 1500, 988, 1500, 988, 988, 988, 989, 1001, 1001, 1001, 1001, 1500, 1500, 1500, 1500]
[1500, 1500, 988, 1500, 988, 988, 988, 988, 1001, 1001, 1001, 1001, 1500, 1500, 1500, 1500]
[1500, 1499, 988, 1500, 988, 988, 988, 988, 1001, 1001, 1001, 1001, 1500, 1500, 1500, 1500]
15:37:01.014291 ALT: 0.82
15:37:01.014405 ATT: [-1.6, 1.7, 23]
15:37:01.014755 ACC: [-15, -14, 516]
[1500, 1500, 988, 1500, 988, 988, 988, 988, 1001, 1001, 1001, 1001, 1500, 1500, 1500, 1500]
[1500, 1500, 988, 1500, 988, 988, 988, 988, 1001, 1001, 1001, 1001, 1500, 1500, 1500, 1500]
15:37:01.065992 ALT: 0.82
15:37:01.066135 ATT: [-1.6, 1.7, 23]
15:37:01.066491 ACC: [-15, -14, 516]
[1500, 1500, 988, 1500, 988, 988, 988, 988, 1001, 1001, 1001, 1001, 1500, 1500, 1500, 1500]
[1500, 1500, 988, 1500, 988, 988, 988, 988, 1001, 1001, 1001, 1001, 1500, 1500, 1500, 1500]
15:37:01.111352 ALT: 0.82
15:37:01.111480 ATT: [-1.6, 1.7, 23]
15:37:01.111855 ACC: [-14, -14, 517]
[1500, 1499, 988, 1500, 988, 988, 988, 988, 1001, 1001, 1001, 1001, 1500, 1500, 1500, 1500]
[1500, 1499, 988, 1500, 988, 988, 988, 988, 1001, 1001, 1001, 1001, 1500, 1500, 1500, 1500]
[1500, 1500, 988, 1500, 988, 988, 988, 988, 1001, 1001, 1001, 1001, 1500, 1500, 1500, 1500]
[1499, 1500, 988, 1500, 988, 988, 988, 988, 1001, 1001, 1001, 1001, 1500, 1500, 1500, 1500]
15:37:01.174564 ALT: 0.82
15:37:01.174681 ATT: [-1.6, 1.7, 23]
15:37:01.175069 ACC: [-15, -14, 516]
[1500, 1500, 988, 1500, 988, 988, 988, 988, 1001, 1001, 1001, 1001, 1500, 1500, 1500, 1500]
[1497, 1500, 988, 1500, 988, 988, 988, 988, 1001, 1001, 1001, 1001, 1500, 1500, 1500, 1500]
[1500, 1499, 988, 1499, 988, 988, 988, 988, 1001, 1001, 1001, 1001, 1500, 1500, 1500, 1500]
[1500, 1500, 988, 1500, 989, 986, 988, 988, 1001, 1001, 1001, 1001, 1500, 1500, 1500, 1500]
15:37:01.249054 ALT: 0.82
15:37:01.249202 ATT: [-1.6, 1.7, 23]
15:37:01.252385 ACC: [-14, -14, 516]
[1500, 1500, 988, 1500, 988, 988, 988, 988, 1001, 1001, 1001, 1001, 1500, 1500, 1500, 1500]
[1500, 1500, 988, 1500, 988, 988, 988, 988, 1001, 1001, 1001, 1001, 1500, 1500, 1500, 1500]
15:37:01.303260 ALT: 0.82
15:37:01.303390 ATT: [-1.6, 1.6, 23]
15:37:01.303771 ACC: [-14, -14, 516]
[1499, 1500, 988, 1500, 988, 988, 988, 988, 1001, 1001, 1001, 1001, 1500, 1500, 1500, 1500]
[1500, 1500, 988, 1499, 988, 988, 988, 988, 1001, 1001, 1001, 1001, 1500, 1500, 1500, 1500]
[1500, 1499, 988, 1499, 988, 988, 988, 988, 1001, 1001, 1001, 1001, 1500, 1500, 1500, 1500]
15:37:01.350883 ALT: 0.82
15:37:01.351042 ATT: [-1.6, 1.6, 23]
15:37:01.352018 ACC: [-15, -14, 516]
[1500, 1499, 988, 1500, 986, 988, 988, 988, 1001, 1001, 1001, 1001, 1500, 1500, 1500, 1500]
[1500, 1500, 988, 1500, 988, 988, 988, 988, 1001, 1001, 1001, 1001, 1500, 1500, 1500, 1500]
15:37:01.398594 ALT: 0.82
15:37:01.398841 ATT: [-1.6, 1.6, 23]
15:37:01.399542 ACC: [-15, -14, 516]
[1499, 1500, 988, 1500, 986, 988, 988, 988, 1001, 1001, 1001, 1001, 1500, 1500, 1500, 1500]
[1500, 1500, 988, 1500, 988, 988, 988, 988, 1001, 1001, 1001, 1001, 1500, 1500, 1500, 1500]
15:37:01.447087 ALT: 0.82
15:37:01.447358 ATT: [-1.6, 1.7, 23]
15:37:01.448162 ACC: [-15, -14, 516]
[1500, 1499, 988, 1500, 988, 988, 988, 988, 1001, 1001, 1001, 1001, 1500, 1500, 1500, 1500]
[1500, 1500, 988, 1500, 988, 988, 988, 988, 1001, 1001, 1001, 1001, 1500, 1500, 1500, 1500]
[1500, 1499, 988, 1500, 988, 988, 988, 988, 1001, 1001, 1001, 1001, 1500, 1500, 1500, 1500]
15:37:01.494731 ALT: 0.82
15:37:01.494884 ATT: [-1.6, 1.7, 23]
15:37:01.495497 ACC: [-15, -14, 516]
[1500, 1500, 988, 1500, 988, 988, 988, 988, 1001, 1001, 1001, 1001, 1500, 1500, 1500, 1500]
[1499, 1500, 988, 1500, 988, 988, 988, 988, 1001, 1001, 1001, 1001, 1500, 1500, 1500, 1500]
15:37:01.542936 ALT: 0.82
15:37:01.543156 ATT: [-1.6, 1.6, 23]
15:37:01.543654 ACC: [-15, -14, 516]
[1500, 1500, 988, 1500, 988, 988, 988, 988, 1001, 1001, 1001, 1001, 1500, 1500, 1500, 1500]
[1500, 1500, 988, 1500, 988, 988, 988, 988, 1001, 1001, 1001, 1001, 1500, 1500, 1500, 1500]
[1500, 1500, 988, 1500, 988, 988, 988, 988, 1001, 1001, 1001, 1001, 1500, 1500, 1500, 1500]
15:37:01.590945 ALT: 0.82
15:37:01.591113 ATT: [-1.6, 1.6, 23]
15:37:01.591543 ACC: [-14, -14, 516]
[1500, 1500, 988, 1500, 988, 988, 989, 986, 1001, 1001, 1001, 1001, 1500, 1500, 1500, 1500]
[1500, 1500, 988, 1500, 988, 988, 988, 988, 1001, 1001, 1001, 1001, 1500, 1500, 1500, 1500]
[1500, 1500, 988, 1500, 988, 988, 988, 988, 1001, 1001, 1001, 1001, 1500, 1500, 1500, 1500]
15:37:01.655114 ALT: 0.82
15:37:01.655489 ATT: [-1.6, 1.7, 23]
15:37:01.656443 ACC: [-15, -14, 516]
[1500, 1500, 988, 1500, 988, 988, 988, 988, 1001, 1001, 1001, 1001, 1500, 1500, 1500, 1500]
[1500, 1500, 988, 1500, 988, 988, 988, 988, 1001, 1001, 1001, 1001, 1500, 1500, 1500, 1500]
15:37:01.702665 ALT: 0.82
15:37:01.702811 ATT: [-1.6, 1.7, 23]
15:37:01.703298 ACC: [-15, -14, 516]
[1500, 1500, 988, 1500, 988, 988, 988, 988, 1001, 1001, 1001, 1001, 1500, 1500, 1500, 1500]
[1500, 1499, 988, 1500, 988, 988, 988, 988, 1001, 1001, 1001, 1001, 1500, 1500, 1500, 1500]
[1500, 1500, 988, 1500, 988, 988, 989, 986, 1001, 1001, 1001, 1001, 1500, 1500, 1500, 1500]
15:37:01.751118 ALT: 0.82
15:37:01.751351 ATT: [-1.6, 1.7, 23]
15:37:01.751889 ACC: [-15, -14, 516]
[1500, 1500, 988, 1501, 986, 988, 988, 988, 1001, 1001, 1001, 1001, 1500, 1500, 1500, 1500]
[1500, 1500, 988, 1500, 988, 988, 988, 988, 1001, 1001, 1001, 1001, 1500, 1500, 1500, 1500]
15:37:01.798573 ALT: 0.82
15:37:01.798739 ATT: [-1.6, 1.7, 23]
15:37:01.799149 ACC: [-15, -14, 516]
[1500, 1499, 988, 1500, 988, 988, 988, 988, 1001, 1001, 1001, 1001, 1500, 1500, 1500, 1500]
[1499, 1500, 988, 1500, 986, 988, 988, 988, 1001, 1001, 1001, 1001, 1500, 1500, 1500, 1500]
[1500, 1500, 988, 1500, 988, 988, 988, 988, 1001, 1001, 1001, 1001, 1500, 1500, 1500, 1500]
15:37:01.846911 ALT: 0.82
15:37:01.847041 ATT: [-1.6, 1.7, 23]
15:37:01.847502 ACC: [-15, -14, 516]
[1500, 1500, 988, 1500, 988, 988, 989, 986, 1001, 1001, 1001, 1001, 1500, 1500, 1500, 1500]
[1500, 1500, 988, 1500, 988, 988, 988, 988, 1001, 1001, 1001, 1001, 1500, 1500, 1500, 1500]
[1499, 1500, 988, 1500, 988, 988, 988, 988, 1001, 1001, 1001, 1001, 1500, 1500, 1500, 1500]
15:37:01.911516 ALT: 0.82
15:37:01.911705 ATT: [-1.6, 1.7, 23]
15:37:01.913762 ACC: [-15, -14, 516]
[1500, 1500, 988, 1500, 988, 988, 988, 988, 1001, 1001, 1001, 1001, 1500, 1500, 1500, 1500]
[1500, 1500, 988, 1499, 988, 988, 988, 988, 1001, 1001, 1001, 1001, 1500, 1500, 1500, 1500]
15:37:01.962409 ALT: 0.82
15:37:01.962559 ATT: [-1.6, 1.7, 23]
15:37:01.962966 ACC: [-14, -13, 516]
[1500, 1500, 988, 1500, 986, 988, 988, 988, 1001, 1001, 1001, 1001, 1500, 1500, 1500, 1500]
[1500, 1500, 988, 1500, 988, 988, 988, 988, 1001, 1001, 1001, 1001, 1500, 1500, 1500, 1500]
[1500, 1500, 988, 1500, 988, 988, 988, 988, 1001, 1001, 1001, 1001, 1500, 1500, 1500, 1500]
15:37:02.008935 ALT: 0.82
15:37:02.009173 ATT: [-1.6, 1.6, 23]
15:37:02.009546 ACC: [-14, -14, 516]
[1500, 1500, 988, 1500, 988, 988, 988, 989, 1001, 1001, 1001, 1001, 1500, 1500, 1500, 1500]
[1500, 1500, 988, 1500, 988, 988, 988, 988, 1001, 1001, 1001, 1001, 1500, 1500, 1500, 1500]
15:37:02.054742 ALT: 0.82
15:37:02.054865 ATT: [-1.6, 1.6, 23]
15:37:02.055287 ACC: [-15, -14, 516]
[1500, 1500, 988, 1500, 988, 988, 988, 988, 1001, 1001, 1001, 1001, 1500, 1500, 1500, 1500]
[1500, 1500, 988, 1500, 988, 988, 988, 988, 1001, 1001, 1001, 1001, 1500, 1500, 1500, 1500]
15:37:02.103313 ALT: 0.82
15:37:02.103504 ATT: [-1.6, 1.7, 23]
15:37:02.104088 ACC: [-15, -14, 516]
[1499, 1500, 988, 1500, 988, 988, 988, 988, 1001, 1001, 1001, 1001, 1500, 1500, 1500, 1500]
[1499, 1500, 988, 1500, 988, 988, 988, 988, 1001, 1001, 1001, 1001, 1500, 1500, 1500, 1500]
[1500, 1500, 988, 1500, 988, 988, 988, 988, 1001, 1001, 1001, 1001, 1500, 1500, 1500, 1500]
15:37:02.153564 ALT: 0.82
15:37:02.153699 ATT: [-1.6, 1.7, 23]
15:37:02.154111 ACC: [-15, -14, 516]
[1500, 1500, 988, 1500, 988, 988, 988, 986, 1001, 1001, 1001, 1001, 1500, 1500, 1500, 1500]
[1500, 1500, 988, 1500, 988, 988, 988, 988, 1001, 1001, 1001, 1001, 1500, 1500, 1500, 1500]
15:37:02.198901 ALT: 0.82
15:37:02.199089 ATT: [-1.6, 1.7, 23]
15:37:02.199651 ACC: [-15, -14, 516]
[1500, 1500, 988, 1500, 988, 988, 988, 988, 1001, 1001, 1001, 1001, 1500, 1500, 1500, 1500]
[1500, 1500, 988, 1500, 988, 988, 988, 988, 1001, 1001, 1001, 1001, 1500, 1500, 1500, 1500]
15:37:02.247260 ALT: 0.82
15:37:02.247578 ATT: [-1.6, 1.7, 23]
15:37:02.248085 ACC: [-15, -14, 516]
[1500, 1500, 988, 1500, 988, 988, 988, 988, 1001, 1001, 1001, 1001, 1500, 1500, 1500, 1500]
[1500, 1500, 988, 1500, 988, 988, 988, 988, 1001, 1001, 1001, 1001, 1500, 1500, 1500, 1500]
[1500, 1500, 988, 1500, 988, 988, 988, 988, 1001, 1001, 1001, 1001, 1500, 1500, 1500, 1500]
15:37:02.294717 ALT: 0.82
15:37:02.294824 ATT: [-1.6, 1.7, 23]
15:37:02.295146 ACC: [-15, -14, 516]
[1500, 1500, 988, 1500, 988, 988, 988, 988, 1001, 1001, 1001, 1001, 1500, 1500, 1500, 1500]
[1500, 1500, 988, 1500, 988, 988, 988, 988, 1001, 1001, 1001, 1001, 1500, 1500, 1500, 1500]
[1500, 1500, 988, 1499, 988, 988, 988, 988, 1001, 1001, 1001, 1001, 1500, 1500, 1500, 1500]
15:37:02.350666 ALT: 0.82
15:37:02.350778 ATT: [-1.6, 1.7, 23]
15:37:02.351062 ACC: [-15, -14, 516]
[1500, 1500, 988, 1500, 988, 988, 988, 988, 1001, 1001, 1001, 1001, 1500, 1500, 1500, 1500]
[1500, 1500, 988, 1500, 988, 988, 988, 988, 1001, 1001, 1001, 1001, 1500, 1500, 1500, 1500]
[1500, 1500, 988, 1500, 988, 988, 986, 988, 1001, 1001, 1001, 1001, 1500, 1500, 1500, 1500]
15:37:02.418428 ALT: 0.82
15:37:02.418557 ATT: [-1.6, 1.7, 23]
15:37:02.418934 ACC: [-15, -14, 516]
[1499, 1500, 988, 1500, 988, 988, 988, 988, 1001, 1001, 1001, 1001, 1500, 1500, 1500, 1500]
[1500, 1500, 988, 1500, 988, 988, 988, 988, 1001, 1001, 1001, 1001, 1500, 1500, 1500, 1500]
15:37:02.456543 ALT: 0.82
15:37:02.456756 ATT: [-1.6, 1.7, 23]
15:37:02.457150 ACC: [-15, -14, 516]
[1500, 1500, 988, 1500, 988, 988, 988, 988, 1001, 1001, 1001, 1001, 1500, 1500, 1500, 1500]
[1500, 1500, 988, 1500, 988, 988, 988, 988, 1001, 1001, 1001, 1001, 1500, 1500, 1500, 1500]
[1500, 1500, 988, 1500, 988, 988, 988, 988, 1001, 1001, 1001, 1001, 1500, 1500, 1500, 1500]
15:37:02.519722 ALT: 0.82
15:37:02.519909 ATT: [-1.6, 1.7, 23]
15:37:02.520249 ACC: [-15, -13, 516]
[1500, 1500, 988, 1500, 988, 988, 989, 986, 1001, 1001, 1001, 1001, 1500, 1500, 1500, 1500]
[1500, 1500, 988, 1500, 988, 988, 988, 988, 1001, 1001, 1001, 1001, 1500, 1500, 1500, 1500]
15:37:02.569451 ALT: 0.82
15:37:02.569565 ATT: [-1.6, 1.7, 23]
15:37:02.577801 ACC: [-15, -14, 516]
[1500, 1499, 988, 1500, 988, 988, 988, 988, 1001, 1001, 1001, 1001, 1500, 1500, 1500, 1500]
[1500, 1500, 988, 1500, 988, 988, 988, 988, 1001, 1001, 1001, 1001, 1500, 1500, 1500, 1500]
[1500, 1499, 988, 1499, 988, 988, 988, 989, 1001, 1001, 1001, 1001, 1500, 1500, 1500, 1500]
[1500, 1500, 988, 1500, 988, 988, 988, 988, 1001, 1001, 1001, 1001, 1500, 1500, 1500, 1500]
15:37:02.632154 ALT: 0.82
15:37:02.632376 ATT: [-1.6, 1.7, 23]
15:37:02.632989 ACC: [-15, -14, 516]
[1500, 1499, 988, 1499, 988, 988, 988, 988, 1001, 1001, 1001, 1001, 1500, 1500, 1500, 1500]
[1501, 1497, 988, 1500, 988, 988, 988, 988, 1001, 1001, 1001, 1001, 1500, 1500, 1500, 1500]
15:37:02.679824 ALT: 0.82
15:37:02.679969 ATT: [-1.6, 1.7, 23]
15:37:02.680355 ACC: [-15, -14, 517]
[1500, 1500, 988, 1500, 988, 988, 988, 988, 1001, 1001, 1001, 1001, 1500, 1500, 1500, 1500]
[1500, 1500, 988, 1500, 988, 988, 988, 988, 1001, 1001, 1001, 1001, 1500, 1500, 1500, 1500]
[1499, 1500, 988, 1500, 988, 988, 988, 988, 1001, 1001, 1001, 1001, 1500, 1500, 1500, 1500]
15:37:02.731574 ALT: 0.82
15:37:02.731711 ATT: [-1.6, 1.7, 23]
15:37:02.732147 ACC: [-14, -14, 516]
[1500, 1500, 988, 1500, 988, 988, 988, 988, 1001, 1001, 1001, 1001, 1500, 1500, 1500, 1500]
[1500, 1500, 988, 1500, 988, 988, 989, 986, 1001, 1001, 1001, 1001, 1500, 1500, 1500, 1500]
[1500, 1500, 988, 1500, 988, 988, 988, 988, 1001, 1001, 1001, 1001, 1500, 1500, 1500, 1500]
15:37:02.791166 ALT: 0.82
15:37:02.791506 ATT: [-1.6, 1.7, 23]
15:37:02.792570 ACC: [-15, -13, 516]
[1500, 1500, 988, 1500, 989, 986, 988, 988, 1001, 1001, 1001, 1001, 1500, 1500, 1500, 1500]
15:37:02.839329 ALT: 0.82
15:37:02.839690 ATT: [-1.6, 1.7, 23]
15:37:02.840852 ACC: [-15, -14, 516]
[1500, 1500, 988, 1500, 988, 988, 988, 988, 1001, 1001, 1001, 1001, 1500, 1500, 1500, 1500]
[1500, 1500, 988, 1500, 988, 988, 988, 988, 1001, 1001, 1001, 1001, 1500, 1500, 1500, 1500]
[1500, 1500, 988, 1500, 988, 988, 991, 986, 1001, 1001, 1001, 1001, 1500, 1500, 1500, 1500]
[1500, 1499, 988, 1500, 986, 988, 988, 988, 1001, 1001, 1001, 1001, 1500, 1500, 1500, 1500]
15:37:02.887502 ALT: 0.82
15:37:02.887668 ATT: [-1.6, 1.7, 23]
15:37:02.888195 ACC: [-15, -14, 516]
[1500, 1500, 988, 1500, 988, 988, 988, 988, 1001, 1001, 1001, 1001, 1500, 1500, 1500, 1500]
[1500, 1500, 988, 1500, 988, 988, 988, 989, 1001, 1001, 1001, 1001, 1500, 1500, 1500, 1500]
15:37:02.943086 ALT: 0.82
15:37:02.943202 ATT: [-1.6, 1.7, 23]
15:37:02.943532 ACC: [-15, -14, 516]
[1500, 1500, 988, 1500, 988, 988, 988, 988, 1001, 1001, 1001, 1001, 1500, 1500, 1500, 1500]
[1500, 1500, 988, 1500, 988, 988, 988, 988, 1001, 1001, 1001, 1001, 1500, 1500, 1500, 1500]
[1500, 1499, 988, 1500, 988, 988, 988, 988, 1001, 1001, 1001, 1001, 1500, 1500, 1500, 1500]
15:37:02.999103 ALT: 0.82
15:37:02.999257 ATT: [-1.6, 1.7, 23]
15:37:02.999692 ACC: [-15, -14, 516]
[1500, 1499, 988, 1501, 985, 988, 988, 988, 1001, 1001, 1001, 1001, 1500, 1500, 1500, 1500]
[1499, 1500, 988, 1500, 988, 988, 988, 988, 1001, 1001, 1001, 1001, 1500, 1500, 1500, 1500]
[1500, 1500, 988, 1500, 988, 988, 988, 988, 1001, 1001, 1001, 1001, 1500, 1500, 1500, 1500]
15:37:03.047163 ALT: 0.82
15:37:03.047264 ATT: [-1.6, 1.7, 23]
15:37:03.048072 ACC: [-14, -14, 516]
[1500, 1500, 988, 1500, 988, 988, 988, 986, 1001, 1001, 1001, 1001, 1500, 1500, 1500, 1500]
[1500, 1500, 988, 1500, 988, 988, 988, 988, 1001, 1001, 1001, 1001, 1500, 1500, 1500, 1500]
15:37:03.096261 ALT: 0.82
15:37:03.096390 ATT: [-1.6, 1.7, 23]
15:37:03.096810 ACC: [-15, -14, 516]
[1500, 1500, 988, 1500, 988, 988, 988, 988, 1001, 1001, 1001, 1001, 1500, 1500, 1500, 1500]
[1500, 1500, 988, 1500, 988, 988, 988, 988, 1001, 1001, 1001, 1001, 1500, 1500, 1500, 1500]
[1500, 1500, 988, 1500, 988, 988, 988, 988, 1001, 1001, 1001, 1001, 1500, 1500, 1500, 1500]
15:37:03.148283 ALT: 0.82
15:37:03.148378 ATT: [-1.6, 1.7, 23]
15:37:03.148649 ACC: [-15, -14, 516]
[1500, 1499, 988, 1499, 988, 988, 988, 988, 1001, 1001, 1001, 1001, 1500, 1500, 1500, 1500]
15:37:03.195854 ALT: 0.82
15:37:03.195979 ATT: [-1.6, 1.7, 23]
15:37:03.196362 ACC: [-14, -14, 516]
[1500, 1500, 988, 1500, 988, 988, 988, 988, 1001, 1001, 1001, 1001, 1500, 1500, 1500, 1500]
[1500, 1500, 988, 1500, 988, 988, 988, 988, 1001, 1001, 1001, 1001, 1500, 1500, 1500, 1500]
[1500, 1500, 988, 1500, 988, 988, 988, 988, 1001, 1001, 1001, 1001, 1500, 1500, 1500, 1500]
15:37:03.241485 ALT: 0.82
15:37:03.241614 ATT: [-1.6, 1.7, 23]
15:37:03.242354 ACC: [-15, -13, 516]
[1499, 1500, 988, 1499, 988, 988, 988, 988, 1001, 1001, 1001, 1001, 1500, 1500, 1500, 1500]
[1501, 1497, 988, 1501, 986, 989, 988, 988, 1001, 1001, 1001, 1001, 1500, 1500, 1500, 1500]
[1500, 1500, 988, 1499, 988, 988, 988, 988, 1001, 1001, 1001, 1001, 1500, 1500, 1500, 1500]
15:37:03.299255 ALT: 0.82
15:37:03.299367 ATT: [-1.6, 1.7, 23]
15:37:03.303074 ACC: [-14, -14, 516]
15:37:03.350894 ALT: 0.82
15:37:03.351019 ATT: [-1.6, 1.7, 23]
15:37:03.351228 ACC: [-15, -14, 516]
[1500, 1500, 988, 1499, 988, 988, 988, 988, 1001, 1001, 1001, 1001, 1500, 1500, 1500, 1500]
[1500, 1500, 988, 1500, 988, 988, 988, 989, 1001, 1001, 1001, 1001, 1500, 1500, 1500, 1500]
[1500, 1500, 988, 1500, 988, 988, 988, 988, 1001, 1001, 1001, 1001, 1500, 1500, 1500, 1500]
[1500, 1500, 988, 1499, 988, 988, 988, 988, 1001, 1001, 1001, 1001, 1500, 1500, 1500, 1500]
[1499, 1500, 988, 1500, 988, 988, 988, 988, 1001, 1001, 1001, 1001, 1500, 1500, 1500, 1500]
15:37:03.399237 ALT: 0.86
15:37:03.399340 ATT: [-1.6, 1.7, 23]
15:37:03.400024 ACC: [-15, -14, 516]
[1500, 1500, 988, 1500, 988, 988, 988, 988, 1001, 1001, 1001, 1001, 1500, 1500, 1500, 1500]
[1500, 1500, 988, 1500, 988, 988, 988, 988, 1001, 1001, 1001, 1001, 1500, 1500, 1500, 1500]
[1500, 1500, 988, 1500, 988, 988, 988, 988, 1001, 1001, 1001, 1001, 1500, 1500, 1500, 1500]
15:37:03.459998 ALT: 0.89
[1500, 1500, 988, 1500, 988, 988, 988, 988, 1001, 1001, 1001, 1001, 1500, 1500, 1500, 1500]
15:37:03.467592 ATT: [-1.6, 1.7, 23]
15:37:03.483143 ACC: [-15, -14, 516]
[1500, 1500, 988, 1500, 988, 988, 988, 988, 1001, 1001, 1001, 1001, 1500, 1500, 1500, 1500]
15:37:03.531223 ALT: 0.9
15:37:03.531370 ATT: [-1.6, 1.7, 23]
15:37:03.531699 ACC: [-15, -14, 516]
[1500, 1500, 988, 1500, 988, 988, 988, 988, 1001, 1001, 1001, 1001, 1500, 1500, 1500, 1500]
[1500, 1500, 988, 1500, 988, 988, 988, 988, 1001, 1001, 1001, 1001, 1500, 1500, 1500, 1500]
[1500, 1501, 986, 1501, 986, 988, 988, 988, 1001, 1001, 1001, 1001, 1500, 1500, 1500, 1500]
[1500, 1500, 988, 1500, 988, 988, 988, 988, 1001, 1001, 1001, 1001, 1500, 1500, 1500, 1500]
15:37:03.580595 ALT: 0.9
15:37:03.580714 ATT: [-1.6, 1.7, 23]
15:37:03.581035 ACC: [-15, -14, 516]
[1500, 1499, 988, 1500, 988, 988, 988, 988, 1001, 1001, 1001, 1001, 1500, 1500, 1500, 1500]
[1500, 1500, 988, 1500, 988, 988, 988, 988, 1001, 1001, 1001, 1001, 1500, 1500, 1500, 1500]
[1499, 1500, 988, 1500, 988, 988, 988, 988, 1001, 1001, 1001, 1001, 1500, 1500, 1500, 1500]
15:37:03.638841 ALT: 0.9
15:37:03.638952 ATT: [-1.6, 1.7, 23]
15:37:03.639235 ACC: [-15, -14, 516]
[1500, 1499, 988, 1500, 988, 988, 988, 988, 1001, 1001, 1001, 1001, 1500, 1500, 1500, 1500]
[1500, 1500, 988, 1500, 988, 988, 988, 988, 1001, 1001, 1001, 1001, 1500, 1500, 1500, 1500]
[1500, 1500, 988, 1500, 988, 988, 988, 988, 1001, 1001, 1001, 1001, 1500, 1500, 1500, 1500]
15:37:03.686708 ALT: 0.9
15:37:03.686805 ATT: [-1.6, 1.7, 23]
15:37:03.690443 ACC: [-15, -14, 516]
[1500, 1500, 988, 1500, 988, 988, 988, 988, 1001, 1001, 1001, 1001, 1500, 1500, 1500, 1500]
[1500, 1500, 988, 1499, 988, 988, 988, 988, 1001, 1001, 1001, 1001, 1500, 1500, 1500, 1500]
15:37:03.735389 ALT: 0.9
15:37:03.735523 ATT: [-1.6, 1.7, 23]
15:37:03.736594 ACC: [-15, -14, 516]
[1500, 1500, 986, 1500, 988, 988, 988, 988, 1001, 1001, 1001, 1001, 1500, 1500, 1500, 1500]
[1500, 1500, 988, 1500, 988, 988, 988, 988, 1001, 1001, 1001, 1001, 1500, 1500, 1500, 1500]
15:37:03.783622 ALT: 0.9
15:37:03.783716 ATT: [-1.6, 1.7, 23]
15:37:03.784046 ACC: [-15, -14, 517]
[1500, 1500, 988, 1500, 988, 988, 988, 988, 1001, 1001, 1001, 1001, 1500, 1500, 1500, 1500]
[1500, 1500, 988, 1500, 988, 988, 988, 988, 1001, 1001, 1001, 1001, 1500, 1500, 1500, 1500]
[1500, 1500, 988, 1500, 988, 988, 988, 988, 1001, 1001, 1001, 1001, 1500, 1500, 1500, 1500]
15:37:03.847244 ALT: 0.9
15:37:03.847378 ATT: [-1.6, 1.7, 23]
15:37:03.847860 ACC: [-15, -14, 516]
[1500, 1500, 988, 1500, 988, 988, 988, 988, 1001, 1001, 1001, 1001, 1500, 1500, 1500, 1500]
[1500, 1499, 988, 1500, 988, 988, 988, 988, 1001, 1001, 1001, 1001, 1500, 1500, 1500, 1500]
[1500, 1500, 988, 1500, 988, 988, 988, 988, 1001, 1001, 1001, 1001, 1500, 1500, 1500, 1500]
[1500, 1500, 988, 1500, 988, 988, 988, 988, 1001, 1001, 1001, 1001, 1500, 1500, 1500, 1500]
15:37:03.910999 ALT: 0.9
15:37:03.911127 ATT: [-1.6, 1.7, 23]
15:37:03.911530 ACC: [-15, -14, 516]
[1500, 1500, 988, 1500, 988, 988, 988, 988, 1001, 1001, 1001, 1001, 1500, 1500, 1500, 1500]
[1500, 1500, 988, 1500, 988, 988, 988, 988, 1001, 1001, 1001, 1001, 1500, 1500, 1500, 1500]
15:37:03.964111 ALT: 0.9
15:37:03.964230 ATT: [-1.6, 1.7, 23]
15:37:03.964536 ACC: [-15, -14, 516]
[1500, 1500, 988, 1500, 989, 986, 988, 988, 1001, 1001, 1001, 1001, 1500, 1500, 1500, 1500]
[1499, 1500, 988, 1499, 988, 988, 988, 988, 1001, 1001, 1001, 1001, 1500, 1500, 1500, 1500]
15:37:04.008451 ALT: 0.9
15:37:04.008570 ATT: [-1.6, 1.7, 23]
15:37:04.008866 ACC: [-14, -14, 516]
[1500, 1500, 988, 1500, 988, 988, 988, 988, 1001, 1001, 1001, 1001, 1500, 1500, 1500, 1500]
[1500, 1500, 988, 1500, 988, 988, 988, 988, 1001, 1001, 1001, 1001, 1500, 1500, 1500, 1500]
[1500, 1500, 988, 1500, 988, 988, 988, 988, 1001, 1001, 1001, 1001, 1500, 1500, 1500, 1500]
15:37:04.055024 ALT: 0.9
15:37:04.055137 ATT: [-1.6, 1.7, 23]
15:37:04.055433 ACC: [-15, -14, 516]
[1500, 1500, 988, 1500, 988, 988, 988, 988, 1001, 1001, 1001, 1001, 1500, 1500, 1500, 1500]
[1500, 1500, 988, 1500, 988, 988, 988, 988, 1001, 1001, 1001, 1001, 1500, 1500, 1500, 1500]
15:37:04.103394 ALT: 0.9
15:37:04.103552 ATT: [-1.6, 1.7, 23]
15:37:04.103927 ACC: [-14, -14, 516]
[1500, 1499, 988, 1500, 986, 988, 988, 988, 1001, 1001, 1001, 1001, 1500, 1500, 1500, 1500]
[1500, 1500, 988, 1500, 988, 988, 988, 988, 1001, 1001, 1001, 1001, 1500, 1500, 1500, 1500]
[1500, 1500, 988, 1500, 986, 988, 988, 988, 1001, 1001, 1001, 1001, 1500, 1500, 1500, 1500]
15:37:04.151945 ALT: 0.9
15:37:04.152061 ATT: [-1.6, 1.7, 23]
15:37:04.152374 ACC: [-15, -14, 516]
[1500, 1500, 988, 1500, 988, 988, 988, 988, 1001, 1001, 1001, 1001, 1500, 1500, 1500, 1500]
[1500, 1499, 988, 1500, 988, 988, 988, 988, 1001, 1001, 1001, 1001, 1500, 1500, 1500, 1500]
15:37:04.198893 ALT: 0.9
15:37:04.199037 ATT: [-1.6, 1.7, 23]
15:37:04.199389 ACC: [-15, -15, 516]
[1500, 1499, 988, 1499, 988, 988, 988, 988, 1001, 1001, 1001, 1001, 1500, 1500, 1500, 1500]
[1500, 1500, 988, 1500, 988, 988, 988, 988, 1001, 1001, 1001, 1001, 1500, 1500, 1500, 1500]
15:37:04.255978 ALT: 0.9
15:37:04.256096 ATT: [-1.6, 1.7, 23]
15:37:04.256414 ACC: [-15, -14, 516]
[1499, 1499, 988, 1500, 988, 988, 988, 988, 1001, 1001, 1001, 1001, 1500, 1500, 1500, 1500]
[1500, 1500, 988, 1500, 988, 988, 988, 988, 1001, 1001, 1001, 1001, 1500, 1500, 1500, 1500]
[1500, 1500, 989, 1499, 988, 988, 988, 988, 1001, 1001, 1001, 1001, 1500, 1500, 1500, 1500]
15:37:04.295039 ALT: 0.9
15:37:04.295146 ATT: [-1.6, 1.7, 23]
15:37:04.295529 ACC: [-15, -14, 516]
[1500, 1500, 988, 1500, 988, 988, 988, 988, 1001, 1001, 1001, 1001, 1500, 1500, 1500, 1500]
[1500, 1500, 988, 1500, 988, 988, 988, 988, 1001, 1001, 1001, 1001, 1500, 1500, 1500, 1500]
15:37:04.342807 ALT: 0.9
15:37:04.342907 ATT: [-1.6, 1.7, 23]
15:37:04.343214 ACC: [-15, -14, 516]
[1500, 1500, 988, 1499, 988, 988, 988, 988, 1001, 1001, 1001, 1001, 1500, 1500, 1500, 1500]
[1500, 1500, 988, 1500, 988, 988, 988, 988, 1001, 1001, 1001, 1001, 1500, 1500, 1500, 1500]
[1500, 1500, 988, 1500, 988, 988, 988, 988, 1001, 1001, 1001, 1001, 1500, 1500, 1500, 1500]
15:37:04.394273 ALT: 0.9
15:37:04.394393 ATT: [-1.6, 1.7, 23]
15:37:04.397721 ACC: [-15, -15, 516]
[1500, 1500, 988, 1500, 989, 986, 988, 988, 1001, 1001, 1001, 1001, 1500, 1500, 1500, 1500]
[1500, 1500, 988, 1500, 988, 988, 988, 988, 1001, 1001, 1001, 1001, 1500, 1500, 1500, 1500]
[1500, 1500, 988, 1500, 988, 988, 988, 988, 1001, 1001, 1001, 1001, 1500, 1500, 1500, 1500]
15:37:04.455313 ALT: 0.9
15:37:04.455406 ATT: [-1.6, 1.7, 23]
15:37:04.455690 ACC: [-15, -14, 516]
[1499, 1500, 988, 1500, 986, 988, 988, 988, 1001, 1001, 1001, 1001, 1500, 1500, 1500, 1500]
[1500, 1500, 988, 1499, 988, 988, 988, 988, 1001, 1001, 1001, 1001, 1500, 1500, 1500, 1500]
[1500, 1500, 988, 1500, 988, 988, 988, 988, 1001, 1001, 1001, 1001, 1500, 1500, 1500, 1500]
15:37:04.506687 ALT: 0.9
15:37:04.506792 ATT: [-1.6, 1.7, 23]
15:37:04.507135 ACC: [-14, -14, 516]
[1500, 1500, 988, 1500, 988, 988, 988, 988, 1001, 1001, 1001, 1001, 1500, 1500, 1500, 1500]
[1499, 1500, 988, 1500, 988, 988, 988, 988, 1001, 1001, 1001, 1001, 1500, 1500, 1500, 1500]
15:37:04.552904 ALT: 0.9
15:37:04.553008 ATT: [-1.6, 1.7, 23]
15:37:04.553323 ACC: [-15, -14, 516]
[1500, 1500, 988, 1500, 988, 988, 988, 988, 1001, 1001, 1001, 1001, 1500, 1500, 1500, 1500]
[1499, 1500, 988, 1499, 988, 988, 988, 988, 1001, 1001, 1001, 1001, 1500, 1500, 1500, 1500]
15:37:04.600618 ALT: 0.9
15:37:04.600715 ATT: [-1.6, 1.7, 23]
15:37:04.601003 ACC: [-15, -14, 516]
[1500, 1500, 988, 1500, 988, 988, 988, 988, 1001, 1001, 1001, 1001, 1500, 1500, 1500, 1500]
[1500, 1500, 988, 1500, 988, 988, 988, 988, 1001, 1001, 1001, 1001, 1500, 1500, 1500, 1500]
15:37:04.647385 ALT: 0.9
15:37:04.647491 ATT: [-1.6, 1.7, 23]
15:37:04.647753 ACC: [-15, -14, 516]
[1500, 1500, 988, 1500, 988, 988, 988, 988, 1001, 1001, 1001, 1001, 1500, 1500, 1500, 1500]
[1500, 1500, 988, 1500, 988, 988, 988, 988, 1001, 1001, 1001, 1001, 1500, 1500, 1500, 1500]
[1500, 1500, 988, 1500, 988, 988, 988, 988, 1001, 1001, 1001, 1001, 1500, 1500, 1500, 1500]
15:37:04.696730 ALT: 0.9
15:37:04.696854 ATT: [-1.6, 1.7, 23]
15:37:04.697168 ACC: [-15, -14, 516]
[1500, 1500, 988, 1500, 988, 988, 988, 988, 1001, 1001, 1001, 1001, 1500, 1500, 1500, 1500]
[1500, 1499, 988, 1499, 988, 988, 988, 988, 1001, 1001, 1001, 1001, 1500, 1500, 1500, 1500]
[1500, 1500, 988, 1499, 988, 988, 988, 988, 1001, 1001, 1001, 1001, 1500, 1500, 1500, 1500]
15:37:04.752387 ALT: 0.9
15:37:04.752474 ATT: [-1.6, 1.7, 23]
15:37:04.752699 ACC: [-14, -14, 516]
[1500, 1500, 988, 1500, 986, 988, 988, 988, 1001, 1001, 1001, 1001, 1500, 1500, 1500, 1500]
[1499, 1500, 988, 1500, 988, 988, 988, 988, 1001, 1001, 1001, 1001, 1500, 1500, 1500, 1500]
[1500, 1499, 989, 1499, 988, 988, 988, 988, 1001, 1001, 1001, 1001, 1500, 1500, 1500, 1500]
15:37:04.808724 ALT: 0.9
15:37:04.808871 ATT: [-1.6, 1.7, 23]
15:37:04.809270 ACC: [-15, -14, 516]
[1499, 1500, 988, 1500, 988, 988, 988, 988, 1001, 1001, 1001, 1001, 1500, 1500, 1500, 1500]
[1500, 1500, 988, 1500, 988, 988, 988, 988, 1001, 1001, 1001, 1001, 1500, 1500, 1500, 1500]
15:37:04.855870 ALT: 0.9
15:37:04.855991 ATT: [-1.6, 1.7, 23]
15:37:04.856285 ACC: [-14, -14, 516]
[1499, 1500, 988, 1500, 988, 988, 988, 988, 1001, 1001, 1001, 1001, 1500, 1500, 1500, 1500]
[1500, 1500, 988, 1500, 988, 988, 988, 988, 1001, 1001, 1001, 1001, 1500, 1500, 1500, 1500]
15:37:04.903163 ALT: 0.9
15:37:04.903329 ATT: [-1.6, 1.7, 23]
15:37:04.903772 ACC: [-14, -14, 516]
[1500, 1500, 988, 1500, 988, 988, 988, 988, 1001, 1001, 1001, 1001, 1500, 1500, 1500, 1500]
[1500, 1500, 988, 1500, 988, 988, 988, 988, 1001, 1001, 1001, 1001, 1500, 1500, 1500, 1500]
[1500, 1500, 988, 1499, 988, 988, 988, 988, 1001, 1001, 1001, 1001, 1500, 1500, 1500, 1500]
15:37:04.953086 ALT: 0.9
15:37:04.953399 ATT: [-1.6, 1.7, 23]
15:37:04.953824 ACC: [-14, -14, 516]
[1500, 1500, 988, 1500, 988, 988, 988, 988, 1001, 1001, 1001, 1001, 1500, 1500, 1500, 1500]
[1500, 1500, 988, 1500, 988, 988, 988, 988, 1001, 1001, 1001, 1001, 1500, 1500, 1500, 1500]
15:37:05.000203 ALT: 0.9
15:37:05.000322 ATT: [-1.6, 1.7, 23]
15:37:05.000729 ACC: [-15, -14, 516]
[1499, 1501, 986, 1500, 988, 988, 988, 988, 1001, 1001, 1001, 1001, 1500, 1500, 1500, 1500]
[1499, 1500, 988, 1500, 988, 988, 988, 988, 1001, 1001, 1001, 1001, 1500, 1500, 1500, 1500]
15:37:05.047386 ALT: 0.9
15:37:05.047496 ATT: [-1.6, 1.7, 23]
15:37:05.047772 ACC: [-15, -14, 516]
[1500, 1500, 988, 1500, 988, 988, 988, 988, 1001, 1001, 1001, 1001, 1500, 1500, 1500, 1500]
[1500, 1500, 988, 1500, 988, 988, 988, 988, 1001, 1001, 1001, 1001, 1500, 1500, 1500, 1500]
[1499, 1499, 988, 1500, 988, 988, 988, 988, 1001, 1001, 1001, 1001, 1500, 1500, 1500, 1500]
15:37:05.094823 ALT: 0.9
15:37:05.094914 ATT: [-1.6, 1.7, 23]
15:37:05.095164 ACC: [-15, -14, 516]
[1500, 1500, 988, 1500, 988, 988, 988, 988, 1001, 1001, 1001, 1001, 1500, 1500, 1500, 1500]
[1500, 1500, 988, 1500, 988, 988, 988, 988, 1001, 1001, 1001, 1001, 1500, 1500, 1500, 1500]
15:37:05.147170 ALT: 0.9
15:37:05.147392 ATT: [-1.6, 1.7, 23]
15:37:05.147802 ACC: [-15, -14, 516]
[1500, 1500, 988, 1499, 988, 988, 988, 988, 1001, 1001, 1001, 1001, 1500, 1500, 1500, 1500]
[1500, 1500, 988, 1500, 988, 988, 988, 988, 1001, 1001, 1001, 1001, 1500, 1500, 1500, 1500]
[1500, 1499, 988, 1500, 988, 988, 988, 988, 1001, 1001, 1001, 1001, 1500, 1500, 1500, 1500]
15:37:05.205705 ALT: 0.9
15:37:05.205871 ATT: [-1.6, 1.7, 23]
15:37:05.206341 ACC: [-14, -14, 516]
[1500, 1499, 988, 1500, 988, 988, 988, 988, 1001, 1001, 1001, 1001, 1500, 1500, 1500, 1500]
[1500, 1500, 988, 1500, 988, 988, 988, 988, 1001, 1001, 1001, 1001, 1500, 1500, 1500, 1500]
[1500, 1500, 988, 1500, 988, 988, 988, 988, 1001, 1001, 1001, 1001, 1500, 1500, 1500, 1500]
15:37:05.259009 ALT: 0.9
15:37:05.259114 ATT: [-1.6, 1.7, 23]
15:37:05.259390 ACC: [-15, -14, 516]
[1500, 1500, 988, 1500, 988, 988, 988, 988, 1001, 1001, 1001, 1001, 1500, 1500, 1500, 1500]
[1500, 1500, 988, 1500, 988, 988, 988, 988, 1001, 1001, 1001, 1001, 1500, 1500, 1500, 1500]
[1500, 1500, 988, 1500, 988, 988, 988, 988, 1001, 1001, 1001, 1001, 1500, 1500, 1500, 1500]
15:37:05.319058 ALT: 0.9
15:37:05.319174 ATT: [-1.6, 1.7, 23]
15:37:05.319587 ACC: [-15, -14, 516]
[1500, 1500, 988, 1500, 988, 988, 988, 988, 1001, 1001, 1001, 1001, 1500, 1500, 1500, 1500]
[1500, 1500, 988, 1499, 988, 988, 988, 988, 1001, 1001, 1001, 1001, 1500, 1500, 1500, 1500]
[1500, 1500, 988, 1500, 986, 988, 988, 988, 1001, 1001, 1001, 1001, 1500, 1500, 1500, 1500]
15:37:05.384105 ALT: 0.9
15:37:05.384216 ATT: [-1.6, 1.7, 23]
15:37:05.384569 ACC: [-15, -14, 517]
[1500, 1500, 988, 1500, 988, 988, 988, 988, 1001, 1001, 1001, 1001, 1500, 1500, 1500, 1500]
[1500, 1500, 988, 1500, 988, 988, 986, 988, 1001, 1001, 1001, 1001, 1500, 1500, 1500, 1500]
[1499, 1500, 988, 1500, 988, 988, 988, 988, 1001, 1001, 1001, 1001, 1500, 1500, 1500, 1500]
15:37:05.443136 ALT: 0.9
15:37:05.443245 ATT: [-1.6, 1.7, 23]
15:37:05.443573 ACC: [-14, -14, 517]
[1500, 1500, 988, 1500, 988, 988, 988, 988, 1001, 1001, 1001, 1001, 1500, 1500, 1500, 1500]
[1500, 1500, 988, 1500, 988, 988, 988, 989, 1001, 1001, 1001, 1001, 1500, 1500, 1500, 1500]
[1500, 1500, 988, 1500, 988, 988, 988, 988, 1001, 1001, 1001, 1001, 1500, 1500, 1500, 1500]
15:37:05.495698 ALT: 0.9
15:37:05.495823 ATT: [-1.6, 1.7, 23]
15:37:05.496203 ACC: [-15, -14, 516]
[1500, 1500, 988, 1500, 988, 988, 988, 988, 1001, 1001, 1001, 1001, 1500, 1500, 1500, 1500]
[1500, 1500, 988, 1500, 988, 988, 988, 988, 1001, 1001, 1001, 1001, 1500, 1500, 1500, 1500]
15:37:05.543599 ALT: 0.9
15:37:05.543707 ATT: [-1.6, 1.7, 23]
15:37:05.543997 ACC: [-15, -14, 516]
[1500, 1500, 988, 1500, 988, 988, 988, 988, 1001, 1001, 1001, 1001, 1500, 1500, 1500, 1500]
[1500, 1500, 988, 1500, 988, 988, 988, 988, 1001, 1001, 1001, 1001, 1500, 1500, 1500, 1500]
[1500, 1500, 988, 1500, 988, 988, 988, 988, 1001, 1001, 1001, 1001, 1500, 1500, 1500, 1500]
15:37:05.595396 ALT: 0.9
15:37:05.595509 ATT: [-1.6, 1.7, 23]
15:37:05.595802 ACC: [-15, -14, 516]
[1500, 1500, 988, 1499, 988, 988, 988, 988, 1001, 1001, 1001, 1001, 1500, 1500, 1500, 1500]
[1500, 1500, 988, 1500, 988, 988, 988, 988, 1001, 1001, 1001, 1001, 1500, 1500, 1500, 1500]
15:37:05.643286 ALT: 0.9
15:37:05.643401 ATT: [-1.6, 1.7, 23]
15:37:05.643730 ACC: [-14, -14, 516]
[1500, 1501, 986, 1500, 988, 988, 988, 988, 1001, 1001, 1001, 1001, 1500, 1500, 1500, 1500]
[1500, 1500, 988, 1500, 988, 988, 988, 988, 1001, 1001, 1001, 1001, 1500, 1500, 1500, 1500]
[1500, 1500, 988, 1499, 988, 988, 988, 988, 1001, 1001, 1001, 1001, 1500, 1500, 1500, 1500]
15:37:05.691121 ALT: 0.9
15:37:05.691232 ATT: [-1.6, 1.7, 23]
15:37:05.691549 ACC: [-15, -14, 516]
[1500, 1500, 988, 1499, 988, 988, 988, 988, 1001, 1001, 1001, 1001, 1500, 1500, 1500, 1500]
[1500, 1499, 988, 1500, 988, 988, 988, 988, 1001, 1001, 1001, 1001, 1500, 1500, 1500, 1500]
15:37:05.736949 ALT: 0.9
15:37:05.737127 ATT: [-1.6, 1.7, 23]
15:37:05.737511 ACC: [-14, -14, 516]
[1500, 1499, 988, 1500, 988, 988, 988, 988, 1001, 1001, 1001, 1001, 1500, 1500, 1500, 1500]
[1499, 1500, 988, 1500, 988, 988, 988, 988, 1001, 1001, 1001, 1001, 1500, 1500, 1500, 1500]
[1497, 1499, 988, 1500, 988, 988, 988, 988, 1001, 1001, 1001, 1001, 1500, 1500, 1500, 1500]
15:37:05.792775 ALT: 0.9
15:37:05.793830 ATT: [-1.6, 1.7, 23]
15:37:05.794765 ACC: [-15, -14, 515]
[1500, 1500, 988, 1500, 988, 988, 988, 988, 1001, 1001, 1001, 1001, 1500, 1500, 1500, 1500]
[1500, 1500, 988, 1500, 988, 988, 988, 988, 1001, 1001, 1001, 1001, 1500, 1500, 1500, 1500]
[1500, 1499, 988, 1500, 988, 988, 988, 988, 1001, 1001, 1001, 1001, 1500, 1500, 1500, 1500]
15:37:05.847302 ALT: 0.9
15:37:05.847402 ATT: [-1.6, 1.7, 23]
15:37:05.847672 ACC: [-15, -14, 516]
[1500, 1500, 988, 1500, 988, 988, 988, 988, 1001, 1001, 1001, 1001, 1500, 1500, 1500, 1500]
[1500, 1499, 988, 1500, 988, 988, 988, 988, 1001, 1001, 1001, 1001, 1500, 1500, 1500, 1500]
15:37:05.896430 ALT: 0.9
15:37:05.896554 ATT: [-1.6, 1.7, 23]
15:37:05.896931 ACC: [-15, -14, 516]
[1500, 1499, 988, 1500, 988, 988, 988, 988, 1001, 1001, 1001, 1001, 1500, 1500, 1500, 1500]
[1500, 1499, 988, 1500, 988, 988, 988, 988, 1001, 1001, 1001, 1001, 1500, 1500, 1500, 1500]
15:37:05.943019 ALT: 0.9
15:37:05.943148 ATT: [-1.6, 1.7, 23]
15:37:05.943570 ACC: [-14, -14, 516]
[1500, 1499, 988, 1500, 988, 988, 988, 988, 1001, 1001, 1001, 1001, 1500, 1500, 1500, 1500]
[1500, 1500, 988, 1500, 988, 988, 988, 988, 1001, 1001, 1001, 1001, 1500, 1500, 1500, 1500]
[1499, 1500, 988, 1500, 988, 988, 988, 988, 1001, 1001, 1001, 1001, 1500, 1500, 1500, 1500]
15:37:06.000179 ALT: 0.9
15:37:06.000355 ATT: [-1.6, 1.7, 23]
15:37:06.001071 ACC: [-15, -14, 516]
[1500, 1500, 988, 1500, 988, 988, 988, 988, 1001, 1001, 1001, 1001, 1500, 1500, 1500, 1500]
[1500, 1499, 988, 1500, 988, 988, 988, 988, 1001, 1001, 1001, 1001, 1500, 1500, 1500, 1500]
[1500, 1500, 988, 1500, 988, 988, 988, 988, 1001, 1001, 1001, 1001, 1500, 1500, 1500, 1500]
[1500, 1500, 988, 1500, 988, 988, 988, 988, 1001, 1001, 1001, 1001, 1500, 1500, 1500, 1500]
15:37:06.071654 ALT: 0.9
15:37:06.071764 ATT: [-1.6, 1.7, 23]
15:37:06.072153 ACC: [-15, -14, 516]
[1500, 1500, 988, 1500, 988, 988, 988, 988, 1001, 1001, 1001, 1001, 1500, 1500, 1500, 1500]
[1499, 1500, 988, 1500, 988, 988, 988, 988, 1001, 1001, 1001, 1001, 1500, 1500, 1500, 1500]
15:37:06.119098 ALT: 0.9
15:37:06.119201 ATT: [-1.6, 1.7, 23]
15:37:06.119580 ACC: [-15, -14, 516]
[1500, 1500, 988, 1500, 988, 988, 988, 988, 1001, 1001, 1001, 1001, 1500, 1500, 1500, 1500]
[1500, 1499, 988, 1499, 988, 988, 988, 988, 1001, 1001, 1001, 1001, 1500, 1500, 1500, 1500]
[1500, 1499, 988, 1500, 988, 988, 988, 988, 1001, 1001, 1001, 1001, 1500, 1500, 1500, 1500]
15:37:06.167428 ALT: 0.9
15:37:06.167784 ATT: [-1.6, 1.7, 23]
15:37:06.168602 ACC: [-15, -14, 516]
[1500, 1500, 988, 1500, 988, 988, 988, 988, 1001, 1001, 1001, 1001, 1500, 1500, 1500, 1500]
[1500, 1500, 988, 1500, 988, 988, 988, 988, 1001, 1001, 1001, 1001, 1500, 1500, 1500, 1500]
15:37:06.215132 ALT: 0.9
15:37:06.215249 ATT: [-1.6, 1.7, 23]
15:37:06.215664 ACC: [-15, -14, 516]
[1500, 1500, 988, 1500, 988, 988, 988, 988, 1001, 1001, 1001, 1001, 1500, 1500, 1500, 1500]
[1500, 1500, 988, 1500, 988, 988, 988, 988, 1001, 1001, 1001, 1001, 1500, 1500, 1500, 1500]
15:37:06.263815 ALT: 0.9
15:37:06.263926 ATT: [-1.6, 1.7, 23]
15:37:06.264776 ACC: [-15, -14, 516]
[1500, 1500, 988, 1500, 988, 988, 988, 988, 1001, 1001, 1001, 1001, 1500, 1500, 1500, 1500]
[1499, 1500, 988, 1500, 988, 988, 988, 988, 1001, 1001, 1001, 1001, 1500, 1500, 1500, 1500]
[1500, 1500, 988, 1500, 988, 988, 988, 988, 1001, 1001, 1001, 1001, 1500, 1500, 1500, 1500]
15:37:06.312309 ALT: 0.9
15:37:06.312420 ATT: [-1.6, 1.7, 23]
15:37:06.312851 ACC: [-15, -14, 516]
[1500, 1500, 988, 1500, 988, 988, 988, 988, 1001, 1001, 1001, 1001, 1500, 1500, 1500, 1500]
[1500, 1500, 988, 1500, 988, 988, 988, 988, 1001, 1001, 1001, 1001, 1500, 1500, 1500, 1500]
15:37:06.359946 ALT: 0.9
15:37:06.360063 ATT: [-1.6, 1.7, 23]
15:37:06.360478 ACC: [-15, -14, 517]
[1500, 1499, 988, 1500, 988, 988, 988, 988, 1001, 1001, 1001, 1001, 1500, 1500, 1500, 1500]
[1499, 1500, 988, 1500, 988, 988, 988, 988, 1001, 1001, 1001, 1001, 1500, 1500, 1500, 1500]
[1500, 1500, 988, 1499, 988, 988, 988, 988, 1001, 1001, 1001, 1001, 1500, 1500, 1500, 1500]
15:37:06.408463 ALT: 0.9
15:37:06.408659 ATT: [-1.6, 1.7, 23]
15:37:06.409161 ACC: [-15, -14, 516]
[1500, 1500, 988, 1500, 988, 988, 988, 988, 1001, 1001, 1001, 1001, 1500, 1500, 1500, 1500]
[1500, 1499, 988, 1500, 988, 988, 988, 988, 1001, 1001, 1001, 1001, 1500, 1500, 1500, 1500]
15:37:06.455177 ALT: 0.9
15:37:06.455278 ATT: [-1.6, 1.7, 23]
15:37:06.455580 ACC: [-15, -14, 516]
[1500, 1500, 988, 1500, 988, 988, 988, 988, 1001, 1001, 1001, 1001, 1500, 1500, 1500, 1500]
[1499, 1500, 988, 1500, 988, 988, 988, 988, 1001, 1001, 1001, 1001, 1500, 1500, 1500, 1500]
15:37:06.503677 ALT: 0.9
15:37:06.504002 ATT: [-1.6, 1.7, 23]
15:37:06.504415 ACC: [-15, -14, 516]
[1500, 1499, 988, 1499, 988, 988, 988, 988, 1001, 1001, 1001, 1001, 1500, 1500, 1500, 1500]
[1500, 1499, 988, 1500, 988, 988, 988, 988, 1001, 1001, 1001, 1001, 1500, 1500, 1500, 1500]
[1500, 1500, 988, 1500, 988, 989, 986, 988, 1001, 1001, 1001, 1001, 1500, 1500, 1500, 1500]
15:37:06.551296 ALT: 0.9
15:37:06.551417 ATT: [-1.6, 1.7, 23]
15:37:06.551782 ACC: [-15, -14, 516]
[1500, 1500, 988, 1500, 988, 988, 988, 988, 1001, 1001, 1001, 1001, 1500, 1500, 1500, 1500]
[1500, 1499, 988, 1500, 988, 988, 988, 988, 1001, 1001, 1001, 1001, 1500, 1500, 1500, 1500]
15:37:06.600183 ALT: 0.9
15:37:06.600287 ATT: [-1.6, 1.7, 23]
15:37:06.600650 ACC: [-14, -14, 516]
[1500, 1500, 988, 1499, 988, 988, 988, 988, 1001, 1001, 1001, 1001, 1500, 1500, 1500, 1500]
[1500, 1499, 988, 1500, 988, 988, 988, 988, 1001, 1001, 1001, 1001, 1500, 1500, 1500, 1500]
[1500, 1499, 988, 1500, 988, 988, 988, 988, 1001, 1001, 1001, 1001, 1500, 1500, 1500, 1500]
15:37:06.649877 ALT: 0.9
15:37:06.649976 ATT: [-1.6, 1.7, 23]
15:37:06.650323 ACC: [-14, -14, 516]
[1500, 1500, 988, 1500, 988, 988, 988, 988, 1001, 1001, 1001, 1001, 1500, 1500, 1500, 1500]
[1500, 1500, 988, 1500, 988, 988, 988, 988, 1001, 1001, 1001, 1001, 1500, 1500, 1500, 1500]
15:37:06.696057 ALT: 0.9
15:37:06.696168 ATT: [-1.6, 1.7, 23]
15:37:06.697741 ACC: [-14, -14, 516]
[1500, 1500, 988, 1499, 988, 988, 988, 988, 1001, 1001, 1001, 1001, 1500, 1500, 1500, 1500]
[1500, 1500, 988, 1499, 988, 988, 988, 988, 1001, 1001, 1001, 1001, 1500, 1500, 1500, 1500]
15:37:06.743268 ALT: 0.9
15:37:06.743365 ATT: [-1.6, 1.7, 23]
15:37:06.743665 ACC: [-15, -14, 516]
[1500, 1500, 988, 1500, 988, 988, 988, 988, 1001, 1001, 1001, 1001, 1500, 1500, 1500, 1500]
[1500, 1499, 988, 1500, 988, 988, 988, 988, 1001, 1001, 1001, 1001, 1500, 1500, 1500, 1500]
[1500, 1500, 988, 1500, 988, 988, 988, 988, 1001, 1001, 1001, 1001, 1500, 1500, 1500, 1500]
15:37:06.791280 ALT: 0.9
15:37:06.791380 ATT: [-1.6, 1.7, 23]
15:37:06.791675 ACC: [-15, -14, 516]
[1500, 1499, 988, 1500, 988, 988, 988, 988, 1001, 1001, 1001, 1001, 1500, 1500, 1500, 1500]
[1500, 1500, 988, 1500, 988, 988, 988, 988, 1001, 1001, 1001, 1001, 1500, 1500, 1500, 1500]
15:37:06.839256 ALT: 0.9
15:37:06.839463 ATT: [-1.6, 1.7, 23]
15:37:06.839778 ACC: [-15, -14, 516]
[1500, 1500, 988, 1500, 988, 988, 988, 988, 1001, 1001, 1001, 1001, 1500, 1500, 1500, 1500]
[1500, 1500, 988, 1500, 988, 988, 988, 988, 1001, 1001, 1001, 1001, 1500, 1500, 1500, 1500]
[1500, 1500, 986, 1500, 989, 986, 988, 988, 1001, 1001, 1001, 1001, 1500, 1500, 1500, 1500]
15:37:06.887106 ALT: 0.9
15:37:06.887593 ATT: [-1.6, 1.7, 23]
15:37:06.887943 ACC: [-15, -14, 516]
[1500, 1500, 988, 1500, 988, 988, 988, 988, 1001, 1001, 1001, 1001, 1500, 1500, 1500, 1500]
[1500, 1499, 988, 1500, 988, 988, 988, 988, 1001, 1001, 1001, 1001, 1500, 1500, 1500, 1500]
15:37:06.935216 ALT: 0.9
15:37:06.935311 ATT: [-1.6, 1.7, 23]
15:37:06.935564 ACC: [-15, -14, 516]
[1500, 1500, 988, 1500, 988, 988, 988, 988, 1001, 1001, 1001, 1001, 1500, 1500, 1500, 1500]
[1500, 1500, 988, 1500, 988, 988, 988, 988, 1001, 1001, 1001, 1001, 1500, 1500, 1500, 1500]
15:37:06.984049 ALT: 0.9
15:37:06.984140 ATT: [-1.6, 1.7, 23]
15:37:06.984449 ACC: [-15, -14, 516]
[1499, 1500, 988, 1500, 988, 988, 988, 988, 1001, 1001, 1001, 1001, 1500, 1500, 1500, 1500]
[1500, 1500, 988, 1500, 988, 988, 988, 988, 1001, 1001, 1001, 1001, 1500, 1500, 1500, 1500]
[1500, 1500, 988, 1500, 988, 988, 988, 988, 1001, 1001, 1001, 1001, 1500, 1500, 1500, 1500]
15:37:07.035255 ALT: 0.9
15:37:07.035384 ATT: [-1.6, 1.7, 23]
15:37:07.035811 ACC: [-15, -14, 516]
[1499, 1500, 988, 1500, 988, 988, 988, 988, 1001, 1001, 1001, 1001, 1500, 1500, 1500, 1500]
[1500, 1500, 988, 1500, 988, 988, 988, 988, 1001, 1001, 1001, 1001, 1500, 1500, 1500, 1500]
15:37:07.079706 ALT: 0.9
15:37:07.079803 ATT: [-1.6, 1.7, 23]
15:37:07.080061 ACC: [-15, -14, 516]
[1499, 1500, 988, 1500, 988, 988, 988, 988, 1001, 1001, 1001, 1001, 1500, 1500, 1500, 1500]
[1500, 1500, 988, 1500, 988, 988, 988, 988, 1001, 1001, 1001, 1001, 1500, 1500, 1500, 1500]
[1500, 1499, 988, 1499, 988, 988, 988, 988, 1001, 1001, 1001, 1001, 1500, 1500, 1500, 1500]
15:37:07.127729 ALT: 0.9
15:37:07.127824 ATT: [-1.6, 1.7, 23]
15:37:07.128340 ACC: [-14, -14, 516]
[1500, 1499, 988, 1500, 988, 988, 988, 988, 1001, 1001, 1001, 1001, 1500, 1500, 1500, 1500]
[1500, 1500, 988, 1500, 988, 988, 988, 988, 1001, 1001, 1001, 1001, 1500, 1500, 1500, 1500]
15:37:07.175482 ALT: 0.9
15:37:07.175830 ATT: [-1.6, 1.7, 23]
15:37:07.176626 ACC: [-15, -14, 516]
[1501, 1499, 988, 1500, 988, 988, 988, 988, 1001, 1001, 1001, 1001, 1500, 1500, 1500, 1500]
[1500, 1500, 988, 1499, 988, 988, 988, 988, 1001, 1001, 1001, 1001, 1500, 1500, 1500, 1500]
15:37:07.223253 ALT: 0.9
15:37:07.223366 ATT: [-1.6, 1.7, 23]
15:37:07.227182 ACC: [-15, -14, 516]
[1500, 1499, 988, 1500, 988, 988, 988, 988, 1001, 1001, 1001, 1001, 1500, 1500, 1500, 1500]
[1500, 1499, 988, 1500, 988, 988, 988, 988, 1001, 1001, 1001, 1001, 1500, 1500, 1500, 1500]
[1500, 1500, 988, 1500, 988, 988, 988, 988, 1001, 1001, 1001, 1001, 1500, 1500, 1500, 1500]
15:37:07.271398 ALT: 0.9
15:37:07.271494 ATT: [-1.6, 1.7, 23]
15:37:07.271748 ACC: [-15, -14, 516]
[1499, 1499, 988, 1500, 988, 988, 988, 988, 1001, 1001, 1001, 1001, 1500, 1500, 1500, 1500]
[1499, 1500, 989, 1499, 988, 988, 988, 988, 1001, 1001, 1001, 1001, 1500, 1500, 1500, 1500]
15:37:07.319223 ALT: 0.9
15:37:07.319316 ATT: [-1.6, 1.7, 23]
15:37:07.319566 ACC: [-14, -14, 516]
[1500, 1500, 988, 1500, 988, 988, 988, 988, 1001, 1001, 1001, 1001, 1500, 1500, 1500, 1500]
[1500, 1499, 988, 1500, 988, 988, 988, 988, 1001, 1001, 1001, 1001, 1500, 1500, 1500, 1500]
[1499, 1500, 988, 1500, 988, 988, 988, 988, 1001, 1001, 1001, 1001, 1500, 1500, 1500, 1500]
15:37:07.367705 ALT: 0.9
15:37:07.367813 ATT: [-1.6, 1.7, 23]
15:37:07.368088 ACC: [-15, -14, 516]
[1500, 1500, 988, 1499, 988, 988, 988, 988, 1001, 1001, 1001, 1001, 1500, 1500, 1500, 1500]
[1500, 1500, 988, 1500, 989, 986, 988, 988, 1001, 1001, 1001, 1001, 1500, 1500, 1500, 1500]
15:37:07.415509 ALT: 0.9
15:37:07.415629 ATT: [-1.6, 1.7, 23]
15:37:07.415893 ACC: [-14, -14, 516]
[1500, 1500, 988, 1500, 988, 988, 988, 988, 1001, 1001, 1001, 1001, 1500, 1500, 1500, 1500]
[1499, 1500, 988, 1500, 988, 988, 988, 988, 1001, 1001, 1001, 1001, 1500, 1500, 1500, 1500]
15:37:07.463268 ALT: 0.9
15:37:07.463393 ATT: [-1.6, 1.7, 23]
15:37:07.463706 ACC: [-14, -14, 516]
[1500, 1500, 988, 1500, 988, 988, 988, 988, 1001, 1001, 1001, 1001, 1500, 1500, 1500, 1500]
[1500, 1500, 988, 1500, 988, 988, 988, 988, 1001, 1001, 1001, 1001, 1500, 1500, 1500, 1500]
[1500, 1501, 985, 1500, 988, 988, 988, 988, 1001, 1001, 1001, 1001, 1500, 1500, 1500, 1500]
15:37:07.512138 ALT: 0.9
15:37:07.512436 ATT: [-1.6, 1.7, 23]
15:37:07.512787 ACC: [-15, -14, 516]
[1500, 1500, 988, 1500, 988, 988, 988, 988, 1001, 1001, 1001, 1001, 1500, 1500, 1500, 1500]
[1500, 1500, 988, 1500, 988, 988, 988, 988, 1001, 1001, 1001, 1001, 1500, 1500, 1500, 1500]
15:37:07.562306 ALT: 0.9
15:37:07.562432 ATT: [-1.6, 1.7, 23]
15:37:07.562871 ACC: [-15, -14, 516]
[1500, 1500, 988, 1500, 988, 988, 988, 988, 1001, 1001, 1001, 1001, 1500, 1500, 1500, 1500]
[1499, 1500, 988, 1500, 988, 988, 988, 988, 1001, 1001, 1001, 1001, 1500, 1500, 1500, 1500]
[1500, 1500, 988, 1500, 988, 988, 988, 988, 1001, 1001, 1001, 1001, 1500, 1500, 1500, 1500]
15:37:07.611609 ALT: 0.9
15:37:07.611723 ATT: [-1.6, 1.7, 23]
15:37:07.612102 ACC: [-15, -14, 516]
[1500, 1500, 988, 1499, 988, 988, 988, 988, 1001, 1001, 1001, 1001, 1500, 1500, 1500, 1500]
[1500, 1500, 988, 1500, 988, 988, 988, 988, 1001, 1001, 1001, 1001, 1500, 1500, 1500, 1500]
15:37:07.655572 ALT: 0.9
15:37:07.655664 ATT: [-1.6, 1.7, 23]
15:37:07.655959 ACC: [-15, -14, 516]
[1500, 1500, 988, 1500, 988, 988, 988, 988, 1001, 1001, 1001, 1001, 1500, 1500, 1500, 1500]
[1500, 1499, 988, 1500, 988, 988, 988, 988, 1001, 1001, 1001, 1001, 1500, 1500, 1500, 1500]
15:37:07.703279 ALT: 0.9
15:37:07.703380 ATT: [-1.6, 1.7, 23]
15:37:07.703667 ACC: [-14, -14, 516]
[1500, 1499, 988, 1500, 988, 988, 988, 988, 1001, 1001, 1001, 1001, 1500, 1500, 1500, 1500]
[1500, 1499, 988, 1500, 988, 988, 988, 988, 1001, 1001, 1001, 1001, 1500, 1500, 1500, 1500]
[1500, 1500, 988, 1499, 988, 988, 988, 988, 1001, 1001, 1001, 1001, 1500, 1500, 1500, 1500]
15:37:07.751415 ALT: 0.9
15:37:07.751524 ATT: [-1.6, 1.7, 23]
15:37:07.751907 ACC: [-15, -14, 516]
[1500, 1500, 988, 1500, 988, 988, 988, 988, 1001, 1001, 1001, 1001, 1500, 1500, 1500, 1500]
[1499, 1500, 988, 1500, 988, 988, 988, 988, 1001, 1001, 1001, 1001, 1500, 1500, 1500, 1500]
15:37:07.799847 ALT: 0.9
15:37:07.799954 ATT: [-1.6, 1.7, 23]
15:37:07.800469 ACC: [-14, -14, 515]
[1500, 1500, 988, 1500, 988, 988, 988, 988, 1001, 1001, 1001, 1001, 1500, 1500, 1500, 1500]
[1500, 1500, 988, 1500, 988, 988, 988, 988, 1001, 1001, 1001, 1001, 1500, 1500, 1500, 1500]
[1500, 1500, 988, 1500, 988, 988, 988, 988, 1001, 1001, 1001, 1001, 1500, 1500, 1500, 1500]
15:37:07.848151 ALT: 0.9
15:37:07.848241 ATT: [-1.6, 1.7, 23]
15:37:07.848603 ACC: [-15, -14, 516]
[1500, 1500, 988, 1499, 988, 988, 988, 988, 1001, 1001, 1001, 1001, 1500, 1500, 1500, 1500]
[1500, 1500, 988, 1500, 988, 988, 988, 988, 1001, 1001, 1001, 1001, 1500, 1500, 1500, 1500]
15:37:07.896648 ALT: 0.9
15:37:07.896802 ATT: [-1.6, 1.7, 23]
15:37:07.897096 ACC: [-15, -14, 516]
[1499, 1500, 988, 1500, 988, 988, 988, 989, 1001, 1001, 1001, 1001, 1500, 1500, 1500, 1500]
[1499, 1500, 988, 1500, 988, 988, 988, 988, 1001, 1001, 1001, 1001, 1500, 1500, 1500, 1500]
[1499, 1500, 988, 1499, 988, 988, 988, 988, 1001, 1001, 1001, 1001, 1500, 1500, 1500, 1500]
15:37:07.946170 ALT: 0.9
15:37:07.946280 ATT: [-1.6, 1.7, 23]
15:37:07.946646 ACC: [-14, -14, 516]
[1499, 1500, 988, 1500, 988, 988, 988, 988, 1001, 1001, 1001, 1001, 1500, 1500, 1500, 1500]
15:37:07.992994 ALT: 0.9
15:37:07.993117 ATT: [-1.6, 1.7, 23]
15:37:07.993450 ACC: [-15, -14, 516]
[1500, 1500, 988, 1499, 988, 988, 988, 988, 1001, 1001, 1001, 1001, 1500, 1500, 1500, 1500]
[1500, 1500, 988, 1500, 988, 988, 988, 988, 1001, 1001, 1001, 1001, 1500, 1500, 1500, 1500]
[1500, 1500, 988, 1500, 988, 988, 988, 988, 1001, 1001, 1001, 1001, 1500, 1500, 1500, 1500]
15:37:08.039350 ALT: 0.9
15:37:08.039447 ATT: [-1.6, 1.7, 23]
15:37:08.039746 ACC: [-15, -14, 516]
[1499, 1500, 988, 1500, 988, 988, 988, 988, 1001, 1001, 1001, 1001, 1500, 1500, 1500, 1500]
[1500, 1500, 988, 1500, 988, 988, 988, 988, 1001, 1001, 1001, 1001, 1500, 1500, 1500, 1500]
[1500, 1499, 988, 1500, 988, 988, 988, 988, 1001, 1001, 1001, 1001, 1500, 1500, 1500, 1500]
15:37:08.087275 ALT: 0.9
15:37:08.087374 ATT: [-1.6, 1.7, 23]
15:37:08.087779 ACC: [-15, -14, 516]
[1500, 1499, 988, 1500, 988, 989, 986, 988, 1001, 1001, 1001, 1001, 1500, 1500, 1500, 1500]
[1499, 1500, 988, 1500, 988, 988, 988, 988, 1001, 1001, 1001, 1001, 1500, 1500, 1500, 1500]
[1500, 1500, 988, 1500, 988, 988, 988, 988, 1001, 1001, 1001, 1001, 1500, 1500, 1500, 1500]
15:37:08.151543 ALT: 0.9
15:37:08.151716 ATT: [-1.6, 1.7, 23]
15:37:08.152254 ACC: [-14, -14, 516]
[1500, 1500, 988, 1500, 988, 988, 988, 988, 1001, 1001, 1001, 1001, 1500, 1500, 1500, 1500]
[1499, 1500, 988, 1500, 988, 988, 988, 988, 1001, 1001, 1001, 1001, 1500, 1500, 1500, 1500]
15:37:08.199486 ALT: 0.9
15:37:08.199764 ATT: [-1.6, 1.7, 23]
15:37:08.200638 ACC: [-15, -14, 516]
[1499, 1500, 988, 1500, 988, 988, 988, 988, 1001, 1001, 1001, 1001, 1500, 1500, 1500, 1500]
[1499, 1500, 988, 1499, 988, 988, 988, 988, 1001, 1001, 1001, 1001, 1500, 1500, 1500, 1500]
[1500, 1500, 988, 1500, 988, 988, 988, 988, 1001, 1001, 1001, 1001, 1500, 1500, 1500, 1500]
15:37:08.247316 ALT: 0.9
15:37:08.247419 ATT: [-1.6, 1.7, 23]
15:37:08.247888 ACC: [-15, -14, 515]
[1499, 1500, 988, 1500, 988, 988, 988, 988, 1001, 1001, 1001, 1001, 1500, 1500, 1500, 1500]
[1500, 1500, 988, 1500, 988, 988, 988, 988, 1001, 1001, 1001, 1001, 1500, 1500, 1500, 1500]
15:37:08.295717 ALT: 0.9
15:37:08.295816 ATT: [-1.6, 1.7, 23]
15:37:08.296498 ACC: [-14, -14, 516]
[1500, 1500, 988, 1500, 989, 986, 988, 988, 1001, 1001, 1001, 1001, 1500, 1500, 1500, 1500]
[1499, 1500, 988, 1500, 988, 988, 988, 988, 1001, 1001, 1001, 1001, 1500, 1500, 1500, 1500]
15:37:08.343691 ALT: 0.9
15:37:08.343893 ATT: [-1.6, 1.7, 23]
15:37:08.344532 ACC: [-14, -14, 515]
[1499, 1500, 988, 1499, 989, 988, 988, 988, 1001, 1001, 1001, 1001, 1500, 1500, 1500, 1500]
[1499, 1500, 988, 1500, 988, 988, 988, 988, 1001, 1001, 1001, 1001, 1500, 1500, 1500, 1500]
[1500, 1500, 988, 1500, 988, 988, 988, 988, 1001, 1001, 1001, 1001, 1500, 1500, 1500, 1500]
15:37:08.391374 ALT: 0.9
15:37:08.391484 ATT: [-1.6, 1.7, 23]
15:37:08.391772 ACC: [-14, -14, 516]
[1500, 1499, 988, 1500, 988, 988, 988, 988, 1001, 1001, 1001, 1001, 1500, 1500, 1500, 1500]
[1500, 1500, 988, 1499, 988, 988, 988, 988, 1001, 1001, 1001, 1001, 1500, 1500, 1500, 1500]
15:37:08.439756 ALT: 0.9
15:37:08.439858 ATT: [-1.6, 1.7, 23]
15:37:08.440155 ACC: [-15, -14, 516]
[1500, 1500, 988, 1500, 988, 989, 986, 988, 1001, 1001, 1001, 1001, 1500, 1500, 1500, 1500]
[1500, 1500, 988, 1499, 988, 988, 988, 988, 1001, 1001, 1001, 1001, 1500, 1500, 1500, 1500]
[1500, 1499, 988, 1500, 988, 988, 988, 988, 1001, 1001, 1001, 1001, 1500, 1500, 1500, 1500]
15:37:08.487371 ALT: 0.9
15:37:08.487458 ATT: [-1.6, 1.7, 23]
15:37:08.487700 ACC: [-14, -14, 515]
[1500, 1500, 988, 1500, 988, 988, 988, 988, 1001, 1001, 1001, 1001, 1500, 1500, 1500, 1500]
[1499, 1500, 988, 1500, 988, 988, 988, 988, 1001, 1001, 1001, 1001, 1500, 1500, 1500, 1500]
15:37:08.535392 ALT: 0.9
15:37:08.535486 ATT: [-1.6, 1.7, 23]
15:37:08.535751 ACC: [-15, -14, 516]
[1499, 1500, 988, 1499, 988, 988, 988, 988, 1001, 1001, 1001, 1001, 1500, 1500, 1500, 1500]
[1499, 1500, 988, 1500, 988, 988, 988, 988, 1001, 1001, 1001, 1001, 1500, 1500, 1500, 1500]
15:37:08.583507 ALT: 0.9
15:37:08.583614 ATT: [-1.6, 1.7, 23]
15:37:08.584082 ACC: [-14, -15, 516]
[1499, 1500, 988, 1500, 988, 988, 988, 988, 1001, 1001, 1001, 1001, 1500, 1500, 1500, 1500]
[1500, 1500, 988, 1500, 988, 988, 988, 988, 1001, 1001, 1001, 1001, 1500, 1500, 1500, 1500]
[1500, 1500, 988, 1500, 988, 988, 988, 988, 1001, 1001, 1001, 1001, 1500, 1500, 1500, 1500]
15:37:08.631697 ALT: 0.9
15:37:08.631803 ATT: [-1.6, 1.7, 23]
15:37:08.632464 ACC: [-15, -14, 516]
[1500, 1499, 988, 1500, 988, 988, 988, 988, 1001, 1001, 1001, 1001, 1500, 1500, 1500, 1500]
[1499, 1500, 988, 1500, 988, 988, 988, 988, 1001, 1001, 1001, 1001, 1500, 1500, 1500, 1500]
15:37:08.679630 ALT: 0.9
15:37:08.679773 ATT: [-1.6, 1.7, 23]
15:37:08.680220 ACC: [-15, -14, 515]
[1500, 1500, 986, 1500, 988, 988, 988, 988, 1001, 1001, 1001, 1001, 1500, 1500, 1500, 1500]
[1500, 1500, 988, 1500, 988, 988, 988, 988, 1001, 1001, 1001, 1001, 1500, 1500, 1500, 1500]
[1500, 1500, 988, 1500, 988, 988, 988, 988, 1001, 1001, 1001, 1001, 1500, 1500, 1500, 1500]
15:37:08.728413 ALT: 0.9
15:37:08.728584 ATT: [-1.6, 1.7, 23]
15:37:08.728972 ACC: [-15, -14, 516]
[1500, 1500, 988, 1500, 988, 988, 988, 988, 1001, 1001, 1001, 1001, 1500, 1500, 1500, 1500]
[1500, 1500, 988, 1500, 988, 988, 988, 988, 1001, 1001, 1001, 1001, 1500, 1500, 1500, 1500]
15:37:08.777040 ALT: 0.9
15:37:08.777223 ATT: [-1.6, 1.7, 23]
15:37:08.777629 ACC: [-15, -14, 516]
[1500, 1500, 988, 1500, 988, 988, 988, 988, 1001, 1001, 1001, 1001, 1500, 1500, 1500, 1500]
[1499, 1500, 988, 1500, 988, 988, 988, 988, 1001, 1001, 1001, 1001, 1500, 1500, 1500, 1500]
15:37:08.823513 ALT: 0.9
15:37:08.823615 ATT: [-1.6, 1.7, 23]
15:37:08.823931 ACC: [-15, -14, 516]
[1499, 1500, 988, 1500, 988, 988, 988, 988, 1001, 1001, 1001, 1001, 1500, 1500, 1500, 1500]
[1500, 1500, 988, 1500, 988, 988, 988, 988, 1001, 1001, 1001, 1001, 1500, 1500, 1500, 1500]
[1500, 1500, 988, 1500, 988, 988, 988, 988, 1001, 1001, 1001, 1001, 1500, 1500, 1500, 1500]
15:37:08.871497 ALT: 0.9
15:37:08.871589 ATT: [-1.6, 1.7, 23]
15:37:08.871839 ACC: [-14, -14, 516]
[1500, 1500, 988, 1500, 988, 988, 988, 988, 1001, 1001, 1001, 1001, 1500, 1500, 1500, 1500]
[1500, 1500, 988, 1500, 988, 988, 989, 988, 1001, 1001, 1001, 1001, 1500, 1500, 1500, 1500]
15:37:08.919488 ALT: 0.9
15:37:08.919582 ATT: [-1.6, 1.7, 23]
15:37:08.919830 ACC: [-14, -14, 516]
[1500, 1500, 988, 1499, 988, 988, 988, 988, 1001, 1001, 1001, 1001, 1500, 1500, 1500, 1500]
[1500, 1500, 988, 1500, 988, 988, 988, 986, 1001, 1001, 1001, 1001, 1500, 1500, 1500, 1500]
[1500, 1500, 988, 1500, 988, 988, 988, 988, 1001, 1001, 1001, 1001, 1500, 1500, 1500, 1500]
15:37:08.968880 ALT: 0.9
15:37:08.968975 ATT: [-1.6, 1.7, 23]
15:37:08.969229 ACC: [-15, -14, 515]
[1499, 1500, 988, 1500, 988, 988, 988, 988, 1001, 1001, 1001, 1001, 1500, 1500, 1500, 1500]
[1499, 1500, 988, 1500, 988, 988, 988, 988, 1001, 1001, 1001, 1001, 1500, 1500, 1500, 1500]
15:37:09.015698 ALT: 0.9
15:37:09.015799 ATT: [-1.6, 1.7, 23]
15:37:09.016054 ACC: [-15, -14, 516]
[1500, 1500, 988, 1500, 988, 988, 988, 988, 1001, 1001, 1001, 1001, 1500, 1500, 1500, 1500]
[1501, 1497, 988, 1500, 988, 988, 988, 988, 1001, 1001, 1001, 1001, 1500, 1500, 1500, 1500]
15:37:09.063582 ALT: 0.9
15:37:09.063684 ATT: [-1.6, 1.7, 23]
15:37:09.063963 ACC: [-14, -14, 516]
[1500, 1500, 988, 1499, 988, 988, 988, 988, 1001, 1001, 1001, 1001, 1500, 1500, 1500, 1500]
[1500, 1500, 988, 1500, 988, 988, 988, 988, 1001, 1001, 1001, 1001, 1500, 1500, 1500, 1500]
[1499, 1500, 988, 1500, 988, 989, 986, 988, 1001, 1001, 1001, 1001, 1500, 1500, 1500, 1500]
15:37:09.112319 ALT: 0.9
15:37:09.112421 ATT: [-1.6, 1.7, 23]
15:37:09.112829 ACC: [-15, -14, 516]
[1499, 1500, 988, 1500, 988, 988, 988, 988, 1001, 1001, 1001, 1001, 1500, 1500, 1500, 1500]
[1500, 1499, 988, 1500, 988, 988, 988, 988, 1001, 1001, 1001, 1001, 1500, 1500, 1500, 1500]
15:37:09.160784 ALT: 0.9
15:37:09.160991 ATT: [-1.6, 1.7, 23]
15:37:09.161532 ACC: [-15, -14, 516]
[1500, 1499, 988, 1499, 988, 988, 988, 988, 1001, 1001, 1001, 1001, 1500, 1500, 1500, 1500]
[1500, 1500, 988, 1499, 988, 988, 988, 988, 1001, 1001, 1001, 1001, 1500, 1500, 1500, 1500]
[1500, 1500, 988, 1500, 986, 988, 988, 988, 1001, 1001, 1001, 1001, 1500, 1500, 1500, 1500]
15:37:09.207930 ALT: 0.9
15:37:09.208039 ATT: [-1.6, 1.7, 23]
15:37:09.208421 ACC: [-15, -14, 516]
[1500, 1500, 988, 1500, 988, 988, 988, 988, 1001, 1001, 1001, 1001, 1500, 1500, 1500, 1500]
[1500, 1500, 988, 1500, 988, 988, 988, 988, 1001, 1001, 1001, 1001, 1500, 1500, 1500, 1500]
15:37:09.255546 ALT: 0.9
15:37:09.255698 ATT: [-1.6, 1.7, 23]
15:37:09.255970 ACC: [-15, -14, 516]
[1499, 1500, 988, 1500, 988, 988, 988, 988, 1001, 1001, 1001, 1001, 1500, 1500, 1500, 1500]
[1499, 1500, 988, 1500, 988, 988, 988, 988, 1001, 1001, 1001, 1001, 1500, 1500, 1500, 1500]
15:37:09.303549 ALT: 0.9
15:37:09.303681 ATT: [-1.6, 1.7, 23]
15:37:09.304022 ACC: [-15, -14, 516]
[1500, 1500, 988, 1500, 988, 988, 988, 988, 1001, 1001, 1001, 1001, 1500, 1500, 1500, 1500]
[1500, 1500, 988, 1500, 988, 988, 988, 988, 1001, 1001, 1001, 1001, 1500, 1500, 1500, 1500]
[1499, 1500, 988, 1500, 988, 988, 988, 988, 1001, 1001, 1001, 1001, 1500, 1500, 1500, 1500]
15:37:09.351542 ALT: 0.9
15:37:09.351783 ATT: [-1.6, 1.7, 23]
15:37:09.352127 ACC: [-14, -14, 516]
[1500, 1499, 988, 1500, 988, 988, 988, 988, 1001, 1001, 1001, 1001, 1500, 1500, 1500, 1500]
[1500, 1499, 988, 1500, 988, 988, 988, 988, 1001, 1001, 1001, 1001, 1500, 1500, 1500, 1500]
15:37:09.399922 ALT: 0.9
15:37:09.400026 ATT: [-1.6, 1.7, 23]
15:37:09.400306 ACC: [-15, -14, 516]
[1500, 1499, 988, 1500, 988, 988, 988, 988, 1001, 1001, 1001, 1001, 1500, 1500, 1500, 1500]
[1500, 1500, 988, 1500, 988, 988, 988, 988, 1001, 1001, 1001, 1001, 1500, 1500, 1500, 1500]
[1500, 1500, 988, 1500, 988, 988, 988, 988, 1001, 1001, 1001, 1001, 1500, 1500, 1500, 1500]
15:37:09.448305 ALT: 0.9
15:37:09.448414 ATT: [-1.6, 1.7, 23]
15:37:09.448679 ACC: [-15, -14, 516]
[1500, 1500, 988, 1500, 988, 988, 988, 988, 1001, 1001, 1001, 1001, 1500, 1500, 1500, 1500]
[1500, 1499, 988, 1500, 988, 988, 988, 988, 1001, 1001, 1001, 1001, 1500, 1500, 1500, 1500]
15:37:09.496169 ALT: 0.9
15:37:09.496387 ATT: [-1.6, 1.7, 23]
15:37:09.496914 ACC: [-15, -14, 516]
[1500, 1500, 988, 1500, 988, 988, 988, 988, 1001, 1001, 1001, 1001, 1500, 1500, 1500, 1500]
[1499, 1500, 988, 1500, 988, 988, 988, 988, 1001, 1001, 1001, 1001, 1500, 1500, 1500, 1500]
15:37:09.545108 ALT: 0.9
15:37:09.545220 ATT: [-1.6, 1.7, 23]
15:37:09.545636 ACC: [-15, -14, 516]
[1500, 1499, 988, 1500, 988, 988, 989, 986, 1001, 1001, 1001, 1001, 1500, 1500, 1500, 1500]
[1500, 1500, 988, 1500, 988, 988, 988, 988, 1001, 1001, 1001, 1001, 1500, 1500, 1500, 1500]
[1500, 1500, 988, 1500, 988, 988, 988, 988, 1001, 1001, 1001, 1001, 1500, 1500, 1500, 1500]
15:37:09.591578 ALT: 0.9
15:37:09.591679 ATT: [-1.6, 1.7, 23]
15:37:09.591987 ACC: [-15, -14, 516]
[1500, 1500, 988, 1500, 988, 988, 988, 988, 1001, 1001, 1001, 1001, 1500, 1500, 1500, 1500]
[1500, 1499, 988, 1500, 988, 988, 988, 988, 1001, 1001, 1001, 1001, 1500, 1500, 1500, 1500]
15:37:09.639708 ALT: 0.9
15:37:09.639831 ATT: [-1.6, 1.7, 23]
15:37:09.640279 ACC: [-15, -14, 516]
[1499, 1499, 988, 1500, 988, 988, 988, 988, 1001, 1001, 1001, 1001, 1500, 1500, 1500, 1500]
[1500, 1500, 988, 1500, 988, 988, 988, 988, 1001, 1001, 1001, 1001, 1500, 1500, 1500, 1500]
[1500, 1499, 988, 1500, 988, 988, 988, 988, 1001, 1001, 1001, 1001, 1500, 1500, 1500, 1500]
15:37:09.687616 ALT: 0.9
15:37:09.687713 ATT: [-1.6, 1.7, 23]
15:37:09.687991 ACC: [-15, -14, 516]
[1500, 1500, 988, 1500, 988, 988, 988, 988, 1001, 1001, 1001, 1001, 1500, 1500, 1500, 1500]
[1499, 1500, 988, 1500, 988, 988, 988, 988, 1001, 1001, 1001, 1001, 1500, 1500, 1500, 1500]
15:37:09.735675 ALT: 0.9
15:37:09.735820 ATT: [-1.6, 1.7, 23]
15:37:09.736075 ACC: [-14, -14, 516]
[1500, 1499, 988, 1500, 988, 988, 988, 989, 1001, 1001, 1001, 1001, 1500, 1500, 1500, 1500]
[1500, 1500, 988, 1500, 988, 988, 988, 988, 1001, 1001, 1001, 1001, 1500, 1500, 1500, 1500]
15:37:09.783722 ALT: 0.9
15:37:09.783851 ATT: [-1.6, 1.7, 23]
15:37:09.784868 ACC: [-15, -14, 516]
[1500, 1500, 988, 1500, 988, 988, 988, 988, 1001, 1001, 1001, 1001, 1500, 1500, 1500, 1500]
[1500, 1500, 988, 1500, 988, 988, 988, 988, 1001, 1001, 1001, 1001, 1500, 1500, 1500, 1500]
[1500, 1500, 988, 1500, 988, 988, 988, 988, 1001, 1001, 1001, 1001, 1500, 1500, 1500, 1500]
15:37:09.831744 ALT: 0.9
15:37:09.831894 ATT: [-1.6, 1.7, 23]
15:37:09.832505 ACC: [-14, -14, 516]
[1500, 1499, 988, 1500, 988, 988, 988, 988, 1001, 1001, 1001, 1001, 1500, 1500, 1500, 1500]
[1499, 1500, 988, 1500, 988, 988, 988, 988, 1001, 1001, 1001, 1001, 1500, 1500, 1500, 1500]
15:37:09.881342 ALT: 0.9
15:37:09.881452 ATT: [-1.6, 1.7, 23]
15:37:09.881947 ACC: [-14, -14, 516]
[1499, 1500, 988, 1500, 988, 988, 988, 988, 1001, 1001, 1001, 1001, 1500, 1500, 1500, 1500]
[1500, 1499, 988, 1500, 988, 989, 986, 988, 1001, 1001, 1001, 1001, 1500, 1500, 1500, 1500]
[1500, 1500, 988, 1500, 988, 988, 988, 988, 1001, 1001, 1001, 1001, 1500, 1500, 1500, 1500]
15:37:09.930569 ALT: 0.9
15:37:09.930711 ATT: [-1.6, 1.7, 23]
15:37:09.931134 ACC: [-15, -15, 516]
[1500, 1499, 988, 1500, 988, 988, 988, 988, 1001, 1001, 1001, 1001, 1500, 1500, 1500, 1500]
[1500, 1500, 988, 1500, 988, 988, 988, 988, 1001, 1001, 1001, 1001, 1500, 1500, 1500, 1500]
15:37:09.980019 ALT: 0.9
15:37:09.980222 ATT: [-1.6, 1.7, 23]
15:37:09.980757 ACC: [-15, -14, 516]
[1499, 1500, 988, 1500, 988, 988, 988, 988, 1001, 1001, 1001, 1001, 1500, 1500, 1500, 1500]
[1500, 1500, 988, 1500, 988, 988, 988, 988, 1001, 1001, 1001, 1001, 1500, 1500, 1500, 1500]
15:37:10.023639 ALT: 0.9
15:37:10.024550 ATT: [-1.6, 1.7, 23]
15:37:10.024945 ACC: [-15, -14, 517]
[1499, 1499, 988, 1500, 988, 988, 988, 988, 1001, 1001, 1001, 1001, 1500, 1500, 1500, 1500]
[1501, 1497, 988, 1500, 988, 988, 988, 988, 1001, 1001, 1001, 1001, 1500, 1500, 1500, 1500]
[1500, 1500, 988, 1500, 988, 988, 988, 988, 1001, 1001, 1001, 1001, 1500, 1500, 1500, 1500]
15:37:10.071924 ALT: 0.9
15:37:10.072024 ATT: [-1.6, 1.7, 23]
15:37:10.072305 ACC: [-15, -14, 516]
[1500, 1500, 988, 1500, 988, 986, 988, 988, 1001, 1001, 1001, 1001, 1500, 1500, 1500, 1500]
[1500, 1500, 988, 1500, 989, 986, 988, 988, 1001, 1001, 1001, 1001, 1500, 1500, 1500, 1500]
15:37:10.120683 ALT: 0.9
15:37:10.120780 ATT: [-1.6, 1.7, 23]
15:37:10.121068 ACC: [-15, -14, 516]
[1500, 1500, 988, 1500, 988, 988, 988, 988, 1001, 1001, 1001, 1001, 1500, 1500, 1500, 1500]
[1500, 1500, 986, 1500, 988, 988, 988, 988, 1001, 1001, 1001, 1001, 1500, 1500, 1500, 1500]
[1500, 1500, 988, 1500, 988, 988, 988, 988, 1001, 1001, 1001, 1001, 1500, 1500, 1500, 1500]
15:37:10.167825 ALT: 0.9
15:37:10.167950 ATT: [-1.6, 1.7, 23]
15:37:10.168254 ACC: [-15, -14, 516]
[1500, 1500, 988, 1500, 988, 988, 988, 988, 1001, 1001, 1001, 1001, 1500, 1500, 1500, 1500]
[1500, 1500, 988, 1500, 988, 988, 988, 988, 1001, 1001, 1001, 1001, 1500, 1500, 1500, 1500]
[1500, 1500, 988, 1500, 988, 988, 988, 988, 1001, 1001, 1001, 1001, 1500, 1500, 1500, 1500]
15:37:10.232441 ALT: 0.9
15:37:10.232530 ATT: [-1.6, 1.7, 23]
15:37:10.232786 ACC: [-15, -14, 516]
[1500, 1500, 988, 1499, 988, 988, 988, 988, 1001, 1001, 1001, 1001, 1500, 1500, 1500, 1500]
[1500, 1499, 988, 1500, 988, 988, 988, 988, 1001, 1001, 1001, 1001, 1500, 1500, 1500, 1500]
15:37:10.280430 ALT: 0.9
15:37:10.280531 ATT: [-1.6, 1.7, 23]
15:37:10.281052 ACC: [-15, -14, 516]
[1499, 1500, 988, 1500, 988, 988, 988, 988, 1001, 1001, 1001, 1001, 1500, 1500, 1500, 1500]
[1500, 1500, 988, 1500, 988, 988, 988, 988, 1001, 1001, 1001, 1001, 1500, 1500, 1500, 1500]
[1500, 1500, 988, 1500, 988, 988, 988, 988, 1001, 1001, 1001, 1001, 1500, 1500, 1500, 1500]
15:37:10.327718 ALT: 0.9
15:37:10.328041 ATT: [-1.6, 1.7, 23]
15:37:10.328652 ACC: [-15, -14, 516]
[1500, 1500, 988, 1501, 986, 988, 988, 988, 1001, 1001, 1001, 1001, 1500, 1500, 1500, 1500]
[1499, 1500, 988, 1500, 988, 988, 988, 988, 1001, 1001, 1001, 1001, 1500, 1500, 1500, 1500]
15:37:10.375676 ALT: 0.9
15:37:10.375776 ATT: [-1.6, 1.7, 23]
15:37:10.376156 ACC: [-15, -14, 516]
[1500, 1500, 988, 1500, 989, 986, 988, 988, 1001, 1001, 1001, 1001, 1500, 1500, 1500, 1500]
[1500, 1500, 988, 1500, 988, 988, 988, 988, 1001, 1001, 1001, 1001, 1500, 1500, 1500, 1500]
15:37:10.423700 ALT: 0.9
15:37:10.423819 ATT: [-1.6, 1.7, 23]
15:37:10.425183 ACC: [-15, -14, 516]
[1500, 1500, 988, 1500, 988, 988, 988, 988, 1001, 1001, 1001, 1001, 1500, 1500, 1500, 1500]
[1500, 1499, 988, 1500, 988, 988, 988, 988, 1001, 1001, 1001, 1001, 1500, 1500, 1500, 1500]
[1500, 1500, 988, 1499, 988, 988, 988, 988, 1001, 1001, 1001, 1001, 1500, 1500, 1500, 1500]
15:37:10.471701 ALT: 0.9
15:37:10.471803 ATT: [-1.6, 1.7, 23]
15:37:10.472096 ACC: [-14, -14, 516]
[1500, 1500, 988, 1500, 988, 988, 988, 988, 1001, 1001, 1001, 1001, 1500, 1500, 1500, 1500]
[1500, 1500, 988, 1500, 988, 988, 988, 988, 1001, 1001, 1001, 1001, 1500, 1500, 1500, 1500]
15:37:10.520566 ALT: 0.9
15:37:10.520727 ATT: [-1.6, 1.7, 23]
15:37:10.521057 ACC: [-15, -14, 517]
[1500, 1500, 988, 1500, 988, 988, 988, 988, 1001, 1001, 1001, 1001, 1500, 1500, 1500, 1500]
[1500, 1500, 988, 1500, 988, 988, 988, 988, 1001, 1001, 1001, 1001, 1500, 1500, 1500, 1500]
15:37:10.575393 ALT: 0.9
15:37:10.575536 ATT: [-1.6, 1.7, 23]
15:37:10.576087 ACC: [-15, -14, 516]
[1500, 1500, 988, 1500, 988, 988, 988, 988, 1001, 1001, 1001, 1001, 1500, 1500, 1500, 1500]
[1499, 1500, 988, 1501, 986, 988, 988, 988, 1001, 1001, 1001, 1001, 1500, 1500, 1500, 1500]
[1500, 1500, 988, 1500, 988, 988, 988, 988, 1001, 1001, 1001, 1001, 1500, 1500, 1500, 1500]
[1499, 1500, 988, 1500, 988, 988, 988, 988, 1001, 1001, 1001, 1001, 1500, 1500, 1500, 1500]
15:37:10.631706 ALT: 0.9
15:37:10.631824 ATT: [-1.6, 1.7, 23]
15:37:10.632770 ACC: [-15, -14, 516]
[1500, 1500, 988, 1500, 988, 988, 988, 988, 1001, 1001, 1001, 1001, 1500, 1500, 1500, 1500]
[1500, 1500, 988, 1500, 988, 988, 988, 988, 1001, 1001, 1001, 1001, 1500, 1500, 1500, 1500]
15:37:10.681384 ALT: 0.9
15:37:10.681496 ATT: [-1.6, 1.7, 23]
15:37:10.681885 ACC: [-14, -14, 516]
[1500, 1500, 988, 1500, 988, 988, 988, 988, 1001, 1001, 1001, 1001, 1500, 1500, 1500, 1500]
[1500, 1500, 988, 1500, 988, 988, 988, 988, 1001, 1001, 1001, 1001, 1500, 1500, 1500, 1500]
[1500, 1500, 988, 1500, 988, 988, 988, 988, 1001, 1001, 1001, 1001, 1500, 1500, 1500, 1500]
15:37:10.737222 ALT: 0.9
15:37:10.737318 ATT: [-1.6, 1.7, 23]
15:37:10.737660 ACC: [-14, -14, 516]
[1500, 1500, 988, 1500, 988, 988, 988, 988, 1001, 1001, 1001, 1001, 1500, 1500, 1500, 1500]
[1500, 1500, 988, 1499, 988, 988, 988, 988, 1001, 1001, 1001, 1001, 1500, 1500, 1500, 1500]
[1500, 1500, 986, 1500, 988, 988, 988, 988, 1001, 1001, 1001, 1001, 1500, 1500, 1500, 1500]
15:37:10.792374 ALT: 0.9
15:37:10.792487 ATT: [-1.6, 1.7, 23]
15:37:10.792824 ACC: [-15, -14, 516]
[1500, 1501, 986, 1500, 988, 988, 988, 989, 1001, 1001, 1001, 1001, 1500, 1500, 1500, 1500]
[1500, 1500, 988, 1500, 988, 988, 988, 988, 1001, 1001, 1001, 1001, 1500, 1500, 1500, 1500]
[1500, 1500, 988, 1500, 988, 988, 988, 988, 1001, 1001, 1001, 1001, 1500, 1500, 1500, 1500]
[1500, 1499, 988, 1500, 988, 988, 988, 988, 1001, 1001, 1001, 1001, 1500, 1500, 1500, 1500]
15:37:10.871795 ALT: 0.9
15:37:10.871893 ATT: [-1.6, 1.7, 23]
15:37:10.872146 ACC: [-15, -14, 516]
[1500, 1500, 988, 1500, 988, 988, 988, 988, 1001, 1001, 1001, 1001, 1500, 1500, 1500, 1500]
[1500, 1500, 988, 1500, 988, 989, 985, 988, 1001, 1001, 1001, 1001, 1500, 1500, 1500, 1500]
15:37:10.920191 ALT: 0.9
15:37:10.920333 ATT: [-1.6, 1.7, 23]
15:37:10.921035 ACC: [-15, -14, 516]
[1500, 1500, 988, 1500, 988, 988, 988, 988, 1001, 1001, 1001, 1001, 1500, 1500, 1500, 1500]
[1499, 1500, 988, 1500, 988, 988, 988, 988, 1001, 1001, 1001, 1001, 1500, 1500, 1500, 1500]
[1499, 1500, 988, 1500, 988, 988, 988, 988, 1001, 1001, 1001, 1001, 1500, 1500, 1500, 1500]
15:37:10.967935 ALT: 0.96
15:37:10.968030 ATT: [-1.6, 1.7, 23]
15:37:10.968325 ACC: [-15, -14, 516]
[1499, 1500, 988, 1499, 988, 988, 988, 988, 1001, 1001, 1001, 1001, 1500, 1500, 1500, 1500]
[1500, 1500, 988, 1499, 989, 986, 988, 988, 1001, 1001, 1001, 1001, 1500, 1500, 1500, 1500]
15:37:11.016533 ALT: 0.98
15:37:11.016791 ATT: [-1.6, 1.7, 23]
15:37:11.017415 ACC: [-15, -14, 515]
[1500, 1500, 988, 1500, 988, 988, 988, 988, 1001, 1001, 1001, 1001, 1500, 1500, 1500, 1500]
[1500, 1500, 988, 1500, 988, 988, 988, 988, 1001, 1001, 1001, 1001, 1500, 1500, 1500, 1500]
[1500, 1500, 988, 1500, 988, 988, 988, 988, 1001, 1001, 1001, 1001, 1500, 1500, 1500, 1500]
15:37:11.076943 ALT: 0.98
15:37:11.077089 ATT: [-1.6, 1.7, 23]
15:37:11.077551 ACC: [-15, -14, 516]
[1500, 1501, 986, 1499, 989, 986, 988, 988, 1001, 1001, 1001, 1001, 1500, 1500, 1500, 1500]
[1500, 1500, 988, 1500, 988, 988, 988, 988, 1001, 1001, 1001, 1001, 1500, 1500, 1500, 1500]
[1500, 1500, 988, 1499, 988, 988, 988, 988, 1001, 1001, 1001, 1001, 1500, 1500, 1500, 1500]
15:37:11.145225 ALT: 0.98
15:37:11.145498 ATT: [-1.6, 1.7, 23]
15:37:11.146234 ACC: [-15, -14, 516]
[1500, 1500, 988, 1500, 988, 988, 988, 988, 1001, 1001, 1001, 1001, 1500, 1500, 1500, 1500]
[1500, 1500, 988, 1500, 988, 988, 988, 988, 1001, 1001, 1001, 1001, 1500, 1500, 1500, 1500]
[1500, 1500, 988, 1500, 986, 989, 986, 988, 1001, 1001, 1001, 1001, 1500, 1500, 1500, 1500]
15:37:11.193411 ALT: 0.98
15:37:11.193526 ATT: [-1.6, 1.7, 23]
15:37:11.193819 ACC: [-15, -14, 516]
[1500, 1500, 988, 1500, 988, 988, 988, 988, 1001, 1001, 1001, 1001, 1500, 1500, 1500, 1500]
[1500, 1499, 988, 1500, 988, 988, 988, 988, 1001, 1001, 1001, 1001, 1500, 1500, 1500, 1500]
15:37:11.243195 ALT: 0.98
15:37:11.243312 ATT: [-1.6, 1.7, 23]
15:37:11.243610 ACC: [-15, -14, 516]
[1500, 1500, 988, 1500, 988, 988, 988, 988, 1001, 1001, 1001, 1001, 1500, 1500, 1500, 1500]
[1500, 1500, 988, 1500, 988, 988, 988, 988, 1001, 1001, 1001, 1001, 1500, 1500, 1500, 1500]
[1500, 1500, 988, 1500, 988, 988, 988, 988, 1001, 1001, 1001, 1001, 1500, 1500, 1500, 1500]
15:37:11.302654 ALT: 0.98
15:37:11.302763 ATT: [-1.6, 1.7, 23]
15:37:11.306733 ACC: [-15, -14, 516]
[1500, 1500, 988, 1499, 988, 988, 988, 988, 1001, 1001, 1001, 1001, 1500, 1500, 1500, 1500]
[1499, 1500, 988, 1500, 988, 988, 988, 988, 1001, 1001, 1001, 1001, 1500, 1500, 1500, 1500]
[1500, 1500, 986, 1500, 988, 988, 988, 988, 1001, 1001, 1001, 1001, 1500, 1500, 1500, 1500]
15:37:11.363388 ALT: 0.98
15:37:11.363520 ATT: [-1.6, 1.7, 23]
15:37:11.364071 ACC: [-15, -14, 516]
[1500, 1500, 988, 1500, 988, 988, 988, 988, 1001, 1001, 1001, 1001, 1500, 1500, 1500, 1500]
[1500, 1500, 988, 1500, 988, 986, 988, 988, 1001, 1001, 1001, 1001, 1500, 1500, 1500, 1500]
[1500, 1500, 988, 1500, 988, 988, 988, 988, 1001, 1001, 1001, 1001, 1500, 1500, 1500, 1500]
[1500, 1500, 988, 1500, 988, 988, 988, 988, 1001, 1001, 1001, 1001, 1500, 1500, 1500, 1500]
15:37:11.442431 ALT: 0.98
15:37:11.442606 ATT: [-1.6, 1.7, 23]
15:37:11.443177 ACC: [-15, -14, 516]
[1499, 1500, 988, 1500, 988, 988, 988, 988, 1001, 1001, 1001, 1001, 1500, 1500, 1500, 1500]
[1500, 1500, 988, 1500, 988, 988, 988, 988, 1001, 1001, 1001, 1001, 1500, 1500, 1500, 1500]
[1500, 1500, 988, 1499, 988, 988, 988, 988, 1001, 1001, 1001, 1001, 1500, 1500, 1500, 1500]
15:37:11.499416 ALT: 0.98
15:37:11.499550 ATT: [-1.6, 1.7, 23]
15:37:11.499850 ACC: [-15, -14, 516]
[1500, 1500, 988, 1500, 988, 988, 988, 988, 1001, 1001, 1001, 1001, 1500, 1500, 1500, 1500]
[1500, 1499, 988, 1500, 988, 988, 988, 988, 1001, 1001, 1001, 1001, 1500, 1500, 1500, 1500]
15:37:11.545992 ALT: 0.98
15:37:11.546099 ATT: [-1.6, 1.7, 23]
15:37:11.546427 ACC: [-14, -14, 516]
[1500, 1500, 988, 1501, 986, 988, 988, 988, 1001, 1001, 1001, 1001, 1500, 1500, 1500, 1500]
[1499, 1500, 988, 1500, 988, 988, 988, 988, 1001, 1001, 1001, 1001, 1500, 1500, 1500, 1500]
[1499, 1500, 988, 1500, 988, 988, 988, 988, 1001, 1001, 1001, 1001, 1500, 1500, 1500, 1500]
15:37:11.592051 ALT: 0.98
15:37:11.592176 ATT: [-1.6, 1.7, 23]
15:37:11.592498 ACC: [-15, -14, 515]
[1500, 1500, 988, 1499, 988, 988, 988, 988, 1001, 1001, 1001, 1001, 1500, 1500, 1500, 1500]
[1499, 1500, 988, 1500, 988, 988, 988, 988, 1001, 1001, 1001, 1001, 1500, 1500, 1500, 1500]
15:37:11.640511 ALT: 0.98
15:37:11.640628 ATT: [-1.6, 1.7, 23]
15:37:11.640947 ACC: [-15, -14, 515]
[1500, 1500, 988, 1500, 988, 988, 988, 988, 1001, 1001, 1001, 1001, 1500, 1500, 1500, 1500]
[1500, 1500, 988, 1500, 988, 988, 988, 988, 1001, 1001, 1001, 1001, 1500, 1500, 1500, 1500]
[1500, 1500, 988, 1500, 988, 988, 988, 988, 1001, 1001, 1001, 1001, 1500, 1500, 1500, 1500]
15:37:11.689022 ALT: 0.98
15:37:11.689122 ATT: [-1.6, 1.7, 23]
15:37:11.689399 ACC: [-15, -14, 516]
[1499, 1500, 988, 1500, 988, 988, 988, 988, 1001, 1001, 1001, 1001, 1500, 1500, 1500, 1500]
[1500, 1500, 988, 1500, 988, 988, 988, 988, 1001, 1001, 1001, 1001, 1500, 1500, 1500, 1500]
15:37:11.736024 ALT: 0.98
15:37:11.736140 ATT: [-1.6, 1.7, 23]
15:37:11.736521 ACC: [-14, -14, 516]
[1500, 1500, 988, 1500, 988, 988, 988, 988, 1001, 1001, 1001, 1001, 1500, 1500, 1500, 1500]
[1500, 1500, 988, 1500, 988, 988, 988, 988, 1001, 1001, 1001, 1001, 1500, 1500, 1500, 1500]
15:37:11.784011 ALT: 0.98
15:37:11.784155 ATT: [-1.6, 1.7, 23]
15:37:11.784558 ACC: [-15, -14, 516]
[1499, 1500, 988, 1500, 988, 988, 988, 988, 1001, 1001, 1001, 1001, 1500, 1500, 1500, 1500]
[1500, 1500, 988, 1500, 988, 988, 988, 988, 1001, 1001, 1001, 1001, 1500, 1500, 1500, 1500]
[1499, 1500, 988, 1500, 988, 988, 988, 988, 1001, 1001, 1001, 1001, 1500, 1500, 1500, 1500]
15:37:11.832418 ALT: 0.98
15:37:11.832638 ATT: [-1.6, 1.7, 23]
15:37:11.833003 ACC: [-15, -14, 516]
[1500, 1500, 988, 1500, 988, 988, 988, 988, 1001, 1001, 1001, 1001, 1500, 1500, 1500, 1500]
[1500, 1500, 988, 1500, 988, 988, 988, 988, 1001, 1001, 1001, 1001, 1500, 1500, 1500, 1500]
15:37:11.880517 ALT: 0.98
15:37:11.880638 ATT: [-1.6, 1.7, 23]
15:37:11.880996 ACC: [-15, -14, 515]
[1500, 1500, 988, 1500, 988, 988, 988, 988, 1001, 1001, 1001, 1001, 1500, 1500, 1500, 1500]
[1500, 1500, 988, 1500, 988, 988, 988, 988, 1001, 1001, 1001, 1001, 1500, 1500, 1500, 1500]
[1499, 1500, 988, 1500, 988, 988, 988, 988, 1001, 1001, 1001, 1001, 1500, 1500, 1500, 1500]
15:37:11.928431 ALT: 0.98
15:37:11.928535 ATT: [-1.6, 1.7, 23]
15:37:11.928967 ACC: [-15, -14, 515]
[1499, 1500, 988, 1500, 989, 988, 988, 988, 1001, 1001, 1001, 1001, 1500, 1500, 1500, 1500]
[1500, 1500, 988, 1500, 988, 988, 988, 988, 1001, 1001, 1001, 1001, 1500, 1500, 1500, 1500]
15:37:11.975891 ALT: 0.98
15:37:11.976009 ATT: [-1.6, 1.7, 23]
15:37:11.976324 ACC: [-15, -13, 516]
[1500, 1500, 988, 1500, 988, 988, 988, 988, 1001, 1001, 1001, 1001, 1500, 1500, 1500, 1500]
[1500, 1500, 986, 1500, 988, 988, 988, 988, 1001, 1001, 1001, 1001, 1500, 1500, 1500, 1500]
15:37:12.024050 ALT: 0.93
15:37:12.024161 ATT: [-1.6, 1.7, 23]
15:37:12.024468 ACC: [-14, -14, 516]
[1500, 1500, 988, 1500, 988, 988, 988, 988, 1001, 1001, 1001, 1001, 1500, 1500, 1500, 1500]
[1500, 1500, 986, 1500, 988, 988, 988, 988, 1001, 1001, 1001, 1001, 1500, 1500, 1500, 1500]
[1499, 1500, 988, 1500, 988, 988, 988, 988, 1001, 1001, 1001, 1001, 1500, 1500, 1500, 1500]
15:37:12.071988 ALT: 0.92
15:37:12.072095 ATT: [-1.6, 1.7, 23]
15:37:12.072405 ACC: [-14, -14, 516]
[1499, 1499, 988, 1500, 988, 988, 988, 988, 1001, 1001, 1001, 1001, 1500, 1500, 1500, 1500]
[1500, 1500, 988, 1500, 988, 988, 988, 988, 1001, 1001, 1001, 1001, 1500, 1500, 1500, 1500]
15:37:12.120058 ALT: 0.92
15:37:12.120176 ATT: [-1.6, 1.7, 23]
15:37:12.120451 ACC: [-15, -14, 516]
[1500, 1500, 988, 1500, 988, 988, 988, 988, 1001, 1001, 1001, 1001, 1500, 1500, 1500, 1500]
[1500, 1500, 988, 1500, 988, 988, 989, 986, 1001, 1001, 1001, 1001, 1500, 1500, 1500, 1500]
[1499, 1500, 988, 1500, 988, 988, 988, 988, 1001, 1001, 1001, 1001, 1500, 1500, 1500, 1500]
15:37:12.168176 ALT: 0.92
15:37:12.168318 ATT: [-1.6, 1.7, 23]
15:37:12.169153 ACC: [-15, -14, 516]
[1499, 1500, 988, 1500, 988, 988, 988, 988, 1001, 1001, 1001, 1001, 1500, 1500, 1500, 1500]
[1500, 1500, 988, 1499, 988, 988, 988, 988, 1001, 1001, 1001, 1001, 1500, 1500, 1500, 1500]
15:37:12.217643 ALT: 0.92
15:37:12.217741 ATT: [-1.6, 1.7, 23]
15:37:12.218006 ACC: [-15, -14, 516]
[1500, 1500, 988, 1500, 988, 988, 988, 988, 1001, 1001, 1001, 1001, 1500, 1500, 1500, 1500]
[1500, 1500, 988, 1500, 988, 988, 988, 988, 1001, 1001, 1001, 1001, 1500, 1500, 1500, 1500]
15:37:12.264292 ALT: 0.92
15:37:12.264457 ATT: [-1.6, 1.7, 23]
15:37:12.265076 ACC: [-15, -14, 515]
[1500, 1500, 988, 1500, 988, 988, 988, 988, 1001, 1001, 1001, 1001, 1500, 1500, 1500, 1500]
[1500, 1500, 988, 1500, 988, 988, 988, 988, 1001, 1001, 1001, 1001, 1500, 1500, 1500, 1500]
[1500, 1500, 988, 1500, 988, 988, 988, 988, 1001, 1001, 1001, 1001, 1500, 1500, 1500, 1500]
15:37:12.312829 ALT: 0.92
15:37:12.313101 ATT: [-1.6, 1.7, 23]
15:37:12.313522 ACC: [-15, -14, 516]
[1500, 1500, 988, 1500, 988, 988, 988, 988, 1001, 1001, 1001, 1001, 1500, 1500, 1500, 1500]
[1500, 1500, 988, 1500, 988, 988, 988, 988, 1001, 1001, 1001, 1001, 1500, 1500, 1500, 1500]
15:37:12.359969 ALT: 0.92
15:37:12.360093 ATT: [-1.6, 1.7, 23]
15:37:12.360499 ACC: [-15, -15, 516]
[1500, 1500, 988, 1500, 988, 988, 988, 988, 1001, 1001, 1001, 1001, 1500, 1500, 1500, 1500]
[1500, 1499, 988, 1499, 988, 988, 988, 988, 1001, 1001, 1001, 1001, 1500, 1500, 1500, 1500]
[1500, 1500, 988, 1500, 988, 988, 988, 988, 1001, 1001, 1001, 1001, 1500, 1500, 1500, 1500]
15:37:12.424495 ALT: 0.92
15:37:12.424614 ATT: [-1.6, 1.7, 23]
15:37:12.424936 ACC: [-15, -14, 516]
[1500, 1499, 988, 1500, 988, 988, 988, 988, 1001, 1001, 1001, 1001, 1500, 1500, 1500, 1500]
[1500, 1499, 988, 1501, 986, 988, 988, 988, 1001, 1001, 1001, 1001, 1500, 1500, 1500, 1500]
[1500, 1500, 988, 1500, 988, 988, 988, 988, 1001, 1001, 1001, 1001, 1500, 1500, 1500, 1500]
15:37:12.472312 ALT: 0.92
15:37:12.472460 ATT: [-1.6, 1.7, 23]
15:37:12.473212 ACC: [-15, -14, 516]
[1500, 1500, 989, 1497, 988, 988, 988, 988, 1001, 1001, 1001, 1001, 1500, 1500, 1500, 1500]
[1500, 1500, 988, 1500, 988, 988, 988, 988, 1001, 1001, 1001, 1001, 1500, 1500, 1500, 1500]
15:37:12.520143 ALT: 0.92
15:37:12.520298 ATT: [-1.6, 1.7, 23]
15:37:12.520707 ACC: [-15, -14, 516]
[1499, 1500, 988, 1500, 988, 988, 988, 988, 1001, 1001, 1001, 1001, 1500, 1500, 1500, 1500]
[1500, 1500, 988, 1500, 988, 988, 988, 988, 1001, 1001, 1001, 1001, 1500, 1500, 1500, 1500]
15:37:12.568137 ALT: 0.92
15:37:12.568284 ATT: [-1.6, 1.7, 23]
15:37:12.568695 ACC: [-15, -14, 516]
[1500, 1499, 988, 1499, 988, 988, 988, 988, 1001, 1001, 1001, 1001, 1500, 1500, 1500, 1500]
[1500, 1500, 988, 1500, 988, 988, 988, 988, 1001, 1001, 1001, 1001, 1500, 1500, 1500, 1500]
[1500, 1500, 988, 1500, 988, 988, 988, 988, 1001, 1001, 1001, 1001, 1500, 1500, 1500, 1500]
15:37:12.616877 ALT: 0.92
15:37:12.617033 ATT: [-1.6, 1.7, 23]
15:37:12.617420 ACC: [-15, -14, 516]
[1500, 1500, 988, 1500, 988, 988, 988, 988, 1001, 1001, 1001, 1001, 1500, 1500, 1500, 1500]
[1500, 1500, 988, 1500, 988, 988, 988, 988, 1001, 1001, 1001, 1001, 1500, 1500, 1500, 1500]
[1500, 1500, 988, 1500, 988, 988, 988, 988, 1001, 1001, 1001, 1001, 1500, 1500, 1500, 1500]
15:37:12.668566 ALT: 0.92
15:37:12.668692 ATT: [-1.6, 1.7, 23]
15:37:12.669127 ACC: [-15, -14, 516]
[1500, 1501, 985, 1500, 988, 988, 988, 988, 1001, 1001, 1001, 1001, 1500, 1500, 1500, 1500]
[1500, 1500, 988, 1499, 988, 988, 988, 988, 1001, 1001, 1001, 1001, 1500, 1500, 1500, 1500]
15:37:12.712080 ALT: 0.92
15:37:12.712179 ATT: [-1.6, 1.7, 23]
15:37:12.712464 ACC: [-15, -14, 516]
[1500, 1500, 988, 1500, 988, 988, 988, 988, 1001, 1001, 1001, 1001, 1500, 1500, 1500, 1500]
[1500, 1500, 988, 1500, 988, 988, 988, 988, 1001, 1001, 1001, 1001, 1500, 1500, 1500, 1500]
15:37:12.760100 ALT: 0.92
15:37:12.760209 ATT: [-1.6, 1.7, 23]
15:37:12.760522 ACC: [-15, -14, 516]
[1500, 1500, 988, 1500, 988, 988, 988, 988, 1001, 1001, 1001, 1001, 1500, 1500, 1500, 1500]
[1499, 1500, 988, 1500, 988, 988, 988, 988, 1001, 1001, 1001, 1001, 1500, 1500, 1500, 1500]
[1500, 1499, 988, 1500, 989, 986, 988, 988, 1001, 1001, 1001, 1001, 1500, 1500, 1500, 1500]
15:37:12.808077 ALT: 0.92
15:37:12.808194 ATT: [-1.6, 1.7, 23]
15:37:12.808565 ACC: [-15, -14, 516]
[1500, 1500, 988, 1500, 988, 988, 988, 988, 1001, 1001, 1001, 1001, 1500, 1500, 1500, 1500]
[1500, 1500, 988, 1500, 988, 988, 988, 988, 1001, 1001, 1001, 1001, 1500, 1500, 1500, 1500]
15:37:12.857063 ALT: 0.92
15:37:12.857238 ATT: [-1.6, 1.7, 23]
15:37:12.858818 ACC: [-15, -14, 516]
[1500, 1500, 988, 1500, 988, 988, 988, 988, 1001, 1001, 1001, 1001, 1500, 1500, 1500, 1500]
[1500, 1500, 988, 1500, 988, 988, 988, 988, 1001, 1001, 1001, 1001, 1500, 1500, 1500, 1500]
15:37:12.905858 ALT: 0.92
15:37:12.906012 ATT: [-1.6, 1.7, 23]
15:37:12.906427 ACC: [-14, -14, 516]
[1500, 1500, 988, 1500, 988, 988, 988, 988, 1001, 1001, 1001, 1001, 1500, 1500, 1500, 1500]
[1500, 1500, 988, 1499, 988, 988, 988, 988, 1001, 1001, 1001, 1001, 1500, 1500, 1500, 1500]
[1500, 1500, 988, 1500, 988, 988, 988, 988, 1001, 1001, 1001, 1001, 1500, 1500, 1500, 1500]
15:37:12.958805 ALT: 0.92
15:37:12.958950 ATT: [-1.6, 1.7, 23]
15:37:12.959464 ACC: [-15, -13, 516]
[1500, 1500, 988, 1500, 988, 988, 988, 988, 1001, 1001, 1001, 1001, 1500, 1500, 1500, 1500]
[1500, 1500, 988, 1500, 988, 988, 988, 988, 1001, 1001, 1001, 1001, 1500, 1500, 1500, 1500]
15:37:13.001634 ALT: 0.92
15:37:13.001831 ATT: [-1.6, 1.7, 23]
15:37:13.002231 ACC: [-15, -14, 516]
[1500, 1500, 988, 1500, 988, 988, 988, 988, 1001, 1001, 1001, 1001, 1500, 1500, 1500, 1500]
[1499, 1500, 986, 1500, 988, 988, 988, 988, 1001, 1001, 1001, 1001, 1500, 1500, 1500, 1500]
[1500, 1500, 988, 1500, 988, 988, 988, 988, 1001, 1001, 1001, 1001, 1500, 1500, 1500, 1500]
15:37:13.049858 ALT: 0.92
15:37:13.050229 ATT: [-1.6, 1.7, 23]
15:37:13.050943 ACC: [-14, -14, 516]
[1500, 1500, 988, 1500, 988, 988, 988, 988, 1001, 1001, 1001, 1001, 1500, 1500, 1500, 1500]
[1499, 1500, 988, 1500, 988, 989, 986, 988, 1001, 1001, 1001, 1001, 1500, 1500, 1500, 1500]
15:37:13.096156 ALT: 0.92
15:37:13.096258 ATT: [-1.6, 1.7, 23]
15:37:13.096701 ACC: [-15, -14, 516]
[1500, 1499, 988, 1500, 988, 988, 988, 988, 1001, 1001, 1001, 1001, 1500, 1500, 1500, 1500]
[1499, 1500, 988, 1500, 988, 988, 988, 988, 1001, 1001, 1001, 1001, 1500, 1500, 1500, 1500]
15:37:13.144653 ALT: 0.92
15:37:13.144755 ATT: [-1.6, 1.7, 23]
15:37:13.145300 ACC: [-14, -14, 515]
[1500, 1500, 988, 1500, 988, 988, 988, 988, 1001, 1001, 1001, 1001, 1500, 1500, 1500, 1500]
[1499, 1500, 988, 1499, 988, 988, 988, 988, 1001, 1001, 1001, 1001, 1500, 1500, 1500, 1500]
[1500, 1500, 988, 1500, 988, 988, 988, 988, 1001, 1001, 1001, 1001, 1500, 1500, 1500, 1500]
15:37:13.192091 ALT: 0.92
15:37:13.192201 ATT: [-1.6, 1.7, 23]
15:37:13.192519 ACC: [-14, -14, 516]
[1500, 1500, 988, 1500, 988, 988, 988, 988, 1001, 1001, 1001, 1001, 1500, 1500, 1500, 1500]
[1500, 1499, 988, 1500, 988, 988, 988, 988, 1001, 1001, 1001, 1001, 1500, 1500, 1500, 1500]
15:37:13.240117 ALT: 0.97
15:37:13.240219 ATT: [-1.6, 1.7, 23]
15:37:13.240506 ACC: [-15, -14, 516]
[1500, 1500, 988, 1500, 986, 988, 988, 988, 1001, 1001, 1001, 1001, 1500, 1500, 1500, 1500]
[1500, 1500, 988, 1499, 988, 988, 988, 988, 1001, 1001, 1001, 1001, 1500, 1500, 1500, 1500]
[1499, 1500, 988, 1499, 988, 988, 988, 988, 1001, 1001, 1001, 1001, 1500, 1500, 1500, 1500]
15:37:13.288022 ALT: 0.98
15:37:13.288116 ATT: [-1.6, 1.7, 23]
15:37:13.288387 ACC: [-15, -14, 516]
[1500, 1500, 988, 1500, 988, 988, 988, 988, 1001, 1001, 1001, 1001, 1500, 1500, 1500, 1500]
[1500, 1499, 988, 1500, 988, 988, 988, 988, 1001, 1001, 1001, 1001, 1500, 1500, 1500, 1500]
15:37:13.336277 ALT: 0.98
15:37:13.336385 ATT: [-1.6, 1.7, 23]
15:37:13.336672 ACC: [-15, -14, 516]
[1500, 1499, 988, 1500, 988, 988, 988, 988, 1001, 1001, 1001, 1001, 1500, 1500, 1500, 1500]
[1500, 1500, 988, 1500, 988, 988, 988, 988, 1001, 1001, 1001, 1001, 1500, 1500, 1500, 1500]
15:37:13.384127 ALT: 0.98
15:37:13.384228 ATT: [-1.6, 1.7, 23]
15:37:13.384470 ACC: [-14, -14, 516]
[1499, 1500, 988, 1500, 988, 988, 988, 988, 1001, 1001, 1001, 1001, 1500, 1500, 1500, 1500]
[1499, 1500, 988, 1500, 988, 988, 988, 988, 1001, 1001, 1001, 1001, 1500, 1500, 1500, 1500]
[1500, 1500, 988, 1499, 988, 988, 988, 988, 1001, 1001, 1001, 1001, 1500, 1500, 1500, 1500]
15:37:13.432267 ALT: 0.98
15:37:13.432533 ATT: [-1.6, 1.7, 23]
15:37:13.433312 ACC: [-15, -14, 516]
[1500, 1500, 988, 1500, 988, 988, 988, 988, 1001, 1001, 1001, 1001, 1500, 1500, 1500, 1500]
[1500, 1500, 988, 1500, 988, 988, 988, 988, 1001, 1001, 1001, 1001, 1500, 1500, 1500, 1500]
15:37:13.481437 ALT: 0.98
15:37:13.481560 ATT: [-1.6, 1.7, 23]
15:37:13.481980 ACC: [-15, -14, 516]
[1500, 1500, 988, 1500, 988, 988, 988, 988, 1001, 1001, 1001, 1001, 1500, 1500, 1500, 1500]
[1500, 1500, 988, 1500, 988, 988, 988, 988, 1001, 1001, 1001, 1001, 1500, 1500, 1500, 1500]
[1500, 1500, 988, 1500, 988, 988, 988, 988, 1001, 1001, 1001, 1001, 1500, 1500, 1500, 1500]
15:37:13.529000 ALT: 0.98
15:37:13.529304 ATT: [-1.6, 1.7, 23]
15:37:13.529711 ACC: [-15, -14, 516]
[1500, 1500, 988, 1500, 988, 988, 988, 988, 1001, 1001, 1001, 1001, 1500, 1500, 1500, 1500]
[1500, 1500, 988, 1500, 988, 988, 988, 988, 1001, 1001, 1001, 1001, 1500, 1500, 1500, 1500]
15:37:13.576141 ALT: 0.98
15:37:13.576241 ATT: [-1.6, 1.7, 23]
15:37:13.576544 ACC: [-14, -14, 516]
[1500, 1500, 988, 1500, 988, 988, 988, 988, 1001, 1001, 1001, 1001, 1500, 1500, 1500, 1500]
[1500, 1500, 988, 1500, 988, 988, 988, 988, 1001, 1001, 1001, 1001, 1500, 1500, 1500, 1500]
15:37:13.624190 ALT: 0.98
15:37:13.624315 ATT: [-1.6, 1.7, 23]
15:37:13.624610 ACC: [-15, -15, 516]
[1499, 1500, 988, 1500, 988, 988, 988, 988, 1001, 1001, 1001, 1001, 1500, 1500, 1500, 1500]
[1500, 1500, 988, 1500, 988, 988, 988, 988, 1001, 1001, 1001, 1001, 1500, 1500, 1500, 1500]
[1500, 1500, 988, 1499, 988, 988, 988, 988, 1001, 1001, 1001, 1001, 1500, 1500, 1500, 1500]
15:37:13.672811 ALT: 0.98
15:37:13.672928 ATT: [-1.6, 1.7, 23]
15:37:13.673215 ACC: [-14, -14, 516]
[1499, 1500, 988, 1500, 988, 988, 988, 988, 1001, 1001, 1001, 1001, 1500, 1500, 1500, 1500]
[1500, 1500, 988, 1500, 988, 988, 988, 988, 1001, 1001, 1001, 1001, 1500, 1500, 1500, 1500]
15:37:13.720168 ALT: 0.98
15:37:13.720262 ATT: [-1.6, 1.7, 23]
15:37:13.720530 ACC: [-15, -14, 516]
[1500, 1500, 989, 1499, 988, 988, 988, 988, 1001, 1001, 1001, 1001, 1500, 1500, 1500, 1500]
[1500, 1500, 988, 1500, 988, 988, 988, 988, 1001, 1001, 1001, 1001, 1500, 1500, 1500, 1500]
[1499, 1500, 988, 1499, 988, 988, 988, 988, 1001, 1001, 1001, 1001, 1500, 1500, 1500, 1500]
15:37:13.768247 ALT: 0.98
15:37:13.768366 ATT: [-1.6, 1.7, 23]
15:37:13.768657 ACC: [-14, -14, 516]
[1500, 1500, 988, 1500, 988, 988, 988, 988, 1001, 1001, 1001, 1001, 1500, 1500, 1500, 1500]
[1500, 1500, 988, 1500, 988, 988, 988, 988, 1001, 1001, 1001, 1001, 1500, 1500, 1500, 1500]
15:37:13.816719 ALT: 0.98
15:37:13.816863 ATT: [-1.6, 1.7, 23]
15:37:13.817146 ACC: [-15, -14, 516]
[1500, 1500, 988, 1500, 988, 988, 988, 988, 1001, 1001, 1001, 1001, 1500, 1500, 1500, 1500]
[1500, 1500, 986, 1500, 988, 988, 988, 988, 1001, 1001, 1001, 1001, 1500, 1500, 1500, 1500]
15:37:13.865477 ALT: 0.98
15:37:13.865574 ATT: [-1.6, 1.7, 23]
15:37:13.865967 ACC: [-15, -14, 516]
[1500, 1500, 988, 1499, 988, 988, 988, 988, 1001, 1001, 1001, 1001, 1500, 1500, 1500, 1500]
[1500, 1500, 988, 1500, 988, 988, 988, 988, 1001, 1001, 1001, 1001, 1500, 1500, 1500, 1500]
[1500, 1500, 988, 1499, 988, 988, 988, 988, 1001, 1001, 1001, 1001, 1500, 1500, 1500, 1500]
15:37:13.912386 ALT: 0.98
15:37:13.912497 ATT: [-1.6, 1.7, 23]
15:37:13.912782 ACC: [-14, -14, 516]
[1500, 1500, 988, 1500, 988, 988, 988, 988, 1001, 1001, 1001, 1001, 1500, 1500, 1500, 1500]
[1500, 1500, 988, 1500, 988, 988, 988, 988, 1001, 1001, 1001, 1001, 1500, 1500, 1500, 1500]
15:37:13.960391 ALT: 0.98
15:37:13.960736 ATT: [-1.6, 1.7, 23]
15:37:13.961270 ACC: [-15, -14, 516]
[1500, 1500, 988, 1500, 988, 988, 988, 988, 1001, 1001, 1001, 1001, 1500, 1500, 1500, 1500]
[1499, 1500, 988, 1500, 988, 988, 988, 988, 1001, 1001, 1001, 1001, 1500, 1500, 1500, 1500]
[1499, 1500, 988, 1500, 988, 988, 988, 988, 1001, 1001, 1001, 1001, 1500, 1500, 1500, 1500]
15:37:14.008134 ALT: 0.98
15:37:14.008244 ATT: [-1.6, 1.7, 23]
15:37:14.008511 ACC: [-15, -14, 516]
[1500, 1500, 988, 1500, 988, 988, 988, 988, 1001, 1001, 1001, 1001, 1500, 1500, 1500, 1500]
[1500, 1500, 988, 1500, 988, 988, 988, 988, 1001, 1001, 1001, 1001, 1500, 1500, 1500, 1500]
15:37:14.056707 ALT: 0.98
15:37:14.056861 ATT: [-1.6, 1.7, 23]
15:37:14.057361 ACC: [-15, -14, 516]
[1500, 1500, 988, 1500, 988, 988, 988, 988, 1001, 1001, 1001, 1001, 1500, 1500, 1500, 1500]
[1500, 1500, 988, 1499, 988, 988, 988, 988, 1001, 1001, 1001, 1001, 1500, 1500, 1500, 1500]
15:37:14.104226 ALT: 0.98
15:37:14.104321 ATT: [-1.6, 1.7, 23]
15:37:14.104578 ACC: [-14, -14, 516]
[1500, 1500, 988, 1500, 988, 988, 988, 988, 1001, 1001, 1001, 1001, 1500, 1500, 1500, 1500]
[1500, 1499, 988, 1500, 988, 988, 988, 988, 1001, 1001, 1001, 1001, 1500, 1500, 1500, 1500]
[1500, 1500, 988, 1500, 988, 988, 988, 988, 1001, 1001, 1001, 1001, 1500, 1500, 1500, 1500]
15:37:14.152328 ALT: 0.98
15:37:14.152481 ATT: [-1.6, 1.7, 23]
15:37:14.152792 ACC: [-15, -14, 516]
[1500, 1500, 988, 1500, 988, 988, 988, 988, 1001, 1001, 1001, 1001, 1500, 1500, 1500, 1500]
[1500, 1500, 988, 1500, 988, 988, 988, 988, 1001, 1001, 1001, 1001, 1500, 1500, 1500, 1500]
15:37:14.200343 ALT: 0.98
15:37:14.200510 ATT: [-1.6, 1.7, 23]
15:37:14.200879 ACC: [-15, -14, 516]
[1500, 1500, 988, 1500, 988, 988, 988, 988, 1001, 1001, 1001, 1001, 1500, 1500, 1500, 1500]
[1501, 1497, 988, 1500, 988, 988, 988, 988, 1001, 1001, 1001, 1001, 1500, 1500, 1500, 1500]
[1500, 1500, 988, 1500, 988, 988, 988, 988, 1001, 1001, 1001, 1001, 1500, 1500, 1500, 1500]
15:37:14.248333 ALT: 0.98
15:37:14.248482 ATT: [-1.6, 1.7, 23]
15:37:14.249143 ACC: [-15, -15, 516]
[1500, 1500, 988, 1500, 988, 988, 988, 988, 1001, 1001, 1001, 1001, 1500, 1500, 1500, 1500]
[1500, 1500, 988, 1500, 988, 988, 988, 988, 1001, 1001, 1001, 1001, 1500, 1500, 1500, 1500]
15:37:14.296722 ALT: 0.98
15:37:14.296829 ATT: [-1.6, 1.7, 23]
15:37:14.297261 ACC: [-15, -14, 516]
[1500, 1500, 988, 1500, 988, 988, 988, 988, 1001, 1001, 1001, 1001, 1500, 1500, 1500, 1500]
[1500, 1500, 988, 1499, 988, 988, 988, 988, 1001, 1001, 1001, 1001, 1500, 1500, 1500, 1500]
15:37:14.346027 ALT: 0.98
15:37:14.346353 ATT: [-1.6, 1.7, 23]
[1500, 1500, 988, 1499, 989, 986, 988, 988, 1001, 1001, 1001, 1001, 1500, 1500, 1500, 1500]
15:37:14.354013 ACC: [-14, -14, 516]
[1500, 1500, 988, 1499, 988, 988, 988, 988, 1001, 1001, 1001, 1001, 1500, 1500, 1500, 1500]
[1500, 1500, 988, 1499, 988, 988, 989, 986, 1001, 1001, 1001, 1001, 1500, 1500, 1500, 1500]
15:37:14.392553 ALT: 0.98
15:37:14.392736 ATT: [-1.6, 1.7, 23]
15:37:14.393297 ACC: [-15, -14, 516]
[1500, 1500, 988, 1500, 988, 988, 988, 988, 1001, 1001, 1001, 1001, 1500, 1500, 1500, 1500]
[1500, 1500, 988, 1500, 988, 988, 988, 988, 1001, 1001, 1001, 1001, 1500, 1500, 1500, 1500]
15:37:14.440287 ALT: 0.98
15:37:14.440389 ATT: [-1.6, 1.7, 23]
15:37:14.440678 ACC: [-14, -14, 516]
[1500, 1500, 988, 1500, 988, 988, 988, 988, 1001, 1001, 1001, 1001, 1500, 1500, 1500, 1500]
[1500, 1500, 988, 1500, 988, 988, 988, 988, 1001, 1001, 1001, 1001, 1500, 1500, 1500, 1500]
[1500, 1499, 988, 1499, 988, 988, 988, 988, 1001, 1001, 1001, 1001, 1500, 1500, 1500, 1500]
15:37:14.504289 ALT: 0.98
15:37:14.504380 ATT: [-1.6, 1.7, 23]
15:37:14.504638 ACC: [-15, -14, 516]
[1500, 1500, 988, 1499, 988, 988, 988, 988, 1001, 1001, 1001, 1001, 1500, 1500, 1500, 1500]
[1500, 1500, 988, 1500, 988, 988, 988, 988, 1001, 1001, 1001, 1001, 1500, 1500, 1500, 1500]
[1500, 1500, 988, 1500, 988, 988, 988, 988, 1001, 1001, 1001, 1001, 1500, 1500, 1500, 1500]
15:37:14.552384 ALT: 0.98
15:37:14.552479 ATT: [-1.6, 1.7, 23]
15:37:14.552744 ACC: [-14, -14, 516]
[1500, 1500, 988, 1500, 988, 988, 988, 988, 1001, 1001, 1001, 1001, 1500, 1500, 1500, 1500]
[1499, 1500, 988, 1500, 988, 988, 988, 988, 1001, 1001, 1001, 1001, 1500, 1500, 1500, 1500]
15:37:14.600736 ALT: 0.98
15:37:14.600838 ATT: [-1.6, 1.7, 23]
15:37:14.601213 ACC: [-15, -14, 516]
[1500, 1500, 988, 1500, 988, 988, 988, 988, 1001, 1001, 1001, 1001, 1500, 1500, 1500, 1500]
[1500, 1500, 988, 1499, 988, 988, 988, 988, 1001, 1001, 1001, 1001, 1500, 1500, 1500, 1500]
[1500, 1500, 988, 1500, 988, 988, 988, 988, 1001, 1001, 1001, 1001, 1500, 1500, 1500, 1500]
15:37:14.648596 ALT: 0.98
15:37:14.648927 ATT: [-1.6, 1.7, 23]
15:37:14.649482 ACC: [-14, -14, 516]
[1500, 1500, 988, 1500, 988, 988, 988, 988, 1001, 1001, 1001, 1001, 1500, 1500, 1500, 1500]
[1499, 1500, 986, 1500, 988, 988, 988, 988, 1001, 1001, 1001, 1001, 1500, 1500, 1500, 1500]
15:37:14.698012 ALT: 0.98
15:37:14.698222 ATT: [-1.6, 1.7, 23]
15:37:14.698899 ACC: [-14, -14, 516]
[1500, 1500, 988, 1500, 988, 988, 988, 988, 1001, 1001, 1001, 1001, 1500, 1500, 1500, 1500]
[1500, 1499, 988, 1500, 988, 988, 988, 988, 1001, 1001, 1001, 1001, 1500, 1500, 1500, 1500]
15:37:14.744729 ALT: 0.98
15:37:14.744815 ATT: [-1.6, 1.7, 23]
15:37:14.745227 ACC: [-15, -14, 516]
[1500, 1500, 988, 1500, 989, 985, 988, 988, 1001, 1001, 1001, 1001, 1500, 1500, 1500, 1500]
[1500, 1500, 988, 1500, 988, 988, 988, 988, 1001, 1001, 1001, 1001, 1500, 1500, 1500, 1500]
[1500, 1499, 988, 1499, 988, 988, 988, 988, 1001, 1001, 1001, 1001, 1500, 1500, 1500, 1500]
15:37:14.792384 ALT: 0.98
15:37:14.792483 ATT: [-1.6, 1.7, 23]
15:37:14.792770 ACC: [-15, -14, 516]
[1500, 1500, 988, 1500, 988, 988, 988, 988, 1001, 1001, 1001, 1001, 1500, 1500, 1500, 1500]
[1501, 1499, 988, 1499, 988, 988, 988, 988, 1001, 1001, 1001, 1001, 1500, 1500, 1500, 1500]
15:37:14.840354 ALT: 0.98
15:37:14.840507 ATT: [-1.6, 1.7, 23]
15:37:14.840858 ACC: [-14, -14, 516]
[1500, 1500, 988, 1500, 988, 988, 988, 988, 1001, 1001, 1001, 1001, 1500, 1500, 1500, 1500]
[1500, 1499, 988, 1499, 988, 988, 988, 988, 1001, 1001, 1001, 1001, 1500, 1500, 1500, 1500]
[1500, 1500, 988, 1500, 988, 988, 988, 988, 1001, 1001, 1001, 1001, 1500, 1500, 1500, 1500]
15:37:14.888544 ALT: 0.98
15:37:14.888641 ATT: [-1.6, 1.7, 23]
15:37:14.888960 ACC: [-15, -14, 516]
[1500, 1500, 988, 1500, 988, 988, 988, 988, 1001, 1001, 1001, 1001, 1500, 1500, 1500, 1500]
[1499, 1500, 988, 1500, 988, 988, 988, 988, 1001, 1001, 1001, 1001, 1500, 1500, 1500, 1500]
15:37:14.936399 ALT: 0.98
15:37:14.936495 ATT: [-1.6, 1.7, 23]
15:37:14.936804 ACC: [-15, -14, 515]
[1500, 1500, 988, 1500, 988, 988, 988, 988, 1001, 1001, 1001, 1001, 1500, 1500, 1500, 1500]
[1500, 1500, 988, 1499, 988, 988, 988, 988, 1001, 1001, 1001, 1001, 1500, 1500, 1500, 1500]
15:37:14.984873 ALT: 0.98
15:37:14.984974 ATT: [-1.6, 1.7, 23]
15:37:14.985312 ACC: [-15, -14, 515]
[1500, 1500, 988, 1499, 988, 988, 988, 988, 1001, 1001, 1001, 1001, 1500, 1500, 1500, 1500]
[1499, 1500, 988, 1500, 988, 988, 988, 988, 1001, 1001, 1001, 1001, 1500, 1500, 1500, 1500]
[1500, 1500, 988, 1500, 988, 988, 988, 988, 1001, 1001, 1001, 1001, 1500, 1500, 1500, 1500]
15:37:15.032451 ALT: 0.98
15:37:15.032577 ATT: [-1.6, 1.7, 23]
15:37:15.033364 ACC: [-15, -14, 516]
[1500, 1500, 988, 1500, 988, 988, 988, 988, 1001, 1001, 1001, 1001, 1500, 1500, 1500, 1500]
[1500, 1500, 988, 1500, 988, 988, 988, 988, 1001, 1001, 1001, 1001, 1500, 1500, 1500, 1500]
15:37:15.081330 ALT: 0.98
15:37:15.081438 ATT: [-1.6, 1.7, 23]
15:37:15.081789 ACC: [-15, -14, 516]
[1500, 1499, 988, 1500, 988, 988, 988, 988, 1001, 1001, 1001, 1001, 1500, 1500, 1500, 1500]
[1500, 1500, 988, 1500, 988, 988, 988, 988, 1001, 1001, 1001, 1001, 1500, 1500, 1500, 1500]
[1500, 1500, 988, 1500, 988, 988, 988, 988, 1001, 1001, 1001, 1001, 1500, 1500, 1500, 1500]
15:37:15.129800 ALT: 0.98
15:37:15.129985 ATT: [-1.6, 1.7, 23]
15:37:15.130338 ACC: [-15, -14, 516]
[1500, 1500, 988, 1500, 988, 988, 988, 988, 1001, 1001, 1001, 1001, 1500, 1500, 1500, 1500]
[1500, 1500, 988, 1500, 988, 988, 988, 988, 1001, 1001, 1001, 1001, 1500, 1500, 1500, 1500]
15:37:15.176373 ALT: 0.98
15:37:15.176473 ATT: [-1.6, 1.7, 23]
15:37:15.176758 ACC: [-15, -14, 515]
[1500, 1499, 988, 1500, 989, 986, 988, 988, 1001, 1001, 1001, 1001, 1500, 1500, 1500, 1500]
[1500, 1500, 988, 1500, 988, 988, 988, 988, 1001, 1001, 1001, 1001, 1500, 1500, 1500, 1500]
15:37:15.224689 ALT: 0.98
15:37:15.224783 ATT: [-1.6, 1.7, 23]
15:37:15.225142 ACC: [-14, -14, 516]
[1500, 1499, 988, 1500, 988, 988, 988, 988, 1001, 1001, 1001, 1001, 1500, 1500, 1500, 1500]
[1500, 1500, 988, 1500, 988, 988, 988, 988, 1001, 1001, 1001, 1001, 1500, 1500, 1500, 1500]
[1500, 1500, 988, 1500, 988, 988, 988, 988, 1001, 1001, 1001, 1001, 1500, 1500, 1500, 1500]
15:37:15.272654 ALT: 0.98
15:37:15.272746 ATT: [-1.6, 1.7, 23]
15:37:15.273000 ACC: [-15, -14, 516]
[1500, 1500, 988, 1500, 988, 988, 988, 988, 1001, 1001, 1001, 1001, 1500, 1500, 1500, 1500]
[1500, 1500, 988, 1500, 988, 988, 988, 988, 1001, 1001, 1001, 1001, 1500, 1500, 1500, 1500]
15:37:15.320439 ALT: 0.98
15:37:15.320570 ATT: [-1.6, 1.7, 23]
15:37:15.320896 ACC: [-15, -14, 516]
[1499, 1500, 988, 1499, 988, 988, 988, 988, 1001, 1001, 1001, 1001, 1500, 1500, 1500, 1500]
[1500, 1500, 988, 1500, 988, 988, 988, 988, 1001, 1001, 1001, 1001, 1500, 1500, 1500, 1500]
[1500, 1500, 988, 1500, 988, 988, 988, 988, 1001, 1001, 1001, 1001, 1500, 1500, 1500, 1500]
15:37:15.368524 ALT: 0.98
15:37:15.368626 ATT: [-1.6, 1.7, 23]
15:37:15.368998 ACC: [-15, -14, 516]
[1500, 1500, 986, 1500, 988, 988, 988, 988, 1001, 1001, 1001, 1001, 1500, 1500, 1500, 1500]
[1500, 1500, 988, 1500, 988, 988, 988, 988, 1001, 1001, 1001, 1001, 1500, 1500, 1500, 1500]
15:37:15.416969 ALT: 0.98
15:37:15.417099 ATT: [-1.6, 1.7, 23]
15:37:15.417529 ACC: [-14, -14, 516]
[1500, 1500, 988, 1500, 988, 988, 988, 988, 1001, 1001, 1001, 1001, 1500, 1500, 1500, 1500]
[1499, 1500, 988, 1500, 988, 988, 988, 988, 1001, 1001, 1001, 1001, 1500, 1500, 1500, 1500]
15:37:15.464562 ALT: 0.98
15:37:15.464794 ATT: [-1.6, 1.7, 23]
15:37:15.465690 ACC: [-15, -14, 516]
[1500, 1499, 988, 1500, 988, 988, 988, 988, 1001, 1001, 1001, 1001, 1500, 1500, 1500, 1500]
[1499, 1499, 988, 1500, 988, 988, 988, 988, 1001, 1001, 1001, 1001, 1500, 1500, 1500, 1500]
[1500, 1500, 988, 1500, 988, 988, 988, 988, 1001, 1001, 1001, 1001, 1500, 1500, 1500, 1500]
15:37:15.512943 ALT: 0.98
15:37:15.513115 ATT: [-1.6, 1.7, 23]
15:37:15.515045 ACC: [-15, -14, 516]
[1497, 1500, 988, 1500, 988, 988, 988, 988, 1001, 1001, 1001, 1001, 1500, 1500, 1500, 1500]
[1500, 1500, 988, 1500, 988, 988, 988, 988, 1001, 1001, 1001, 1001, 1500, 1500, 1500, 1500]
15:37:15.560880 ALT: 0.98
15:37:15.561114 ATT: [-1.6, 1.7, 23]
15:37:15.561604 ACC: [-15, -14, 516]
[1500, 1500, 988, 1499, 988, 988, 988, 988, 1001, 1001, 1001, 1001, 1500, 1500, 1500, 1500]
[1500, 1500, 988, 1500, 988, 988, 989, 986, 1001, 1001, 1001, 1001, 1500, 1500, 1500, 1500]
[1500, 1500, 988, 1499, 988, 988, 988, 988, 1001, 1001, 1001, 1001, 1500, 1500, 1500, 1500]
15:37:15.608460 ALT: 0.98
15:37:15.608556 ATT: [-1.6, 1.7, 23]
15:37:15.608829 ACC: [-15, -14, 516]
[1500, 1500, 988, 1500, 988, 988, 988, 988, 1001, 1001, 1001, 1001, 1500, 1500, 1500, 1500]
[1500, 1500, 988, 1500, 988, 988, 988, 988, 1001, 1001, 1001, 1001, 1500, 1500, 1500, 1500]
15:37:15.656407 ALT: 0.98
15:37:15.656502 ATT: [-1.6, 1.7, 23]
15:37:15.656799 ACC: [-15, -14, 516]
[1500, 1500, 988, 1500, 988, 988, 988, 988, 1001, 1001, 1001, 1001, 1500, 1500, 1500, 1500]
[1500, 1500, 986, 1499, 988, 988, 991, 986, 1001, 1001, 1001, 1001, 1500, 1500, 1500, 1500]
15:37:15.705485 ALT: 0.98
15:37:15.705678 ATT: [-1.6, 1.7, 23]
15:37:15.705946 ACC: [-15, -14, 516]
[1500, 1499, 988, 1500, 988, 988, 988, 988, 1001, 1001, 1001, 1001, 1500, 1500, 1500, 1500]
[1500, 1499, 988, 1500, 988, 988, 988, 988, 1001, 1001, 1001, 1001, 1500, 1500, 1500, 1500]
[1500, 1500, 988, 1500, 988, 988, 988, 988, 1001, 1001, 1001, 1001, 1500, 1500, 1500, 1500]
15:37:15.752712 ALT: 0.98
15:37:15.752874 ATT: [-1.6, 1.7, 23]
15:37:15.753259 ACC: [-15, -14, 516]
[1500, 1500, 988, 1500, 988, 988, 988, 988, 1001, 1001, 1001, 1001, 1500, 1500, 1500, 1500]
[1500, 1500, 988, 1499, 988, 988, 988, 988, 1001, 1001, 1001, 1001, 1500, 1500, 1500, 1500]
15:37:15.801029 ALT: 0.98
15:37:15.801656 ATT: [-1.6, 1.7, 23]
15:37:15.801998 ACC: [-15, -15, 515]
[1500, 1499, 988, 1500, 988, 988, 988, 988, 1001, 1001, 1001, 1001, 1500, 1500, 1500, 1500]
[1500, 1500, 988, 1500, 988, 988, 988, 988, 1001, 1001, 1001, 1001, 1500, 1500, 1500, 1500]
[1500, 1500, 988, 1500, 988, 988, 988, 988, 1001, 1001, 1001, 1001, 1500, 1500, 1500, 1500]
15:37:15.850399 ALT: 0.98
15:37:15.850566 ATT: [-1.6, 1.7, 23]
15:37:15.850899 ACC: [-15, -14, 516]
[1500, 1500, 988, 1500, 988, 988, 988, 988, 1001, 1001, 1001, 1001, 1500, 1500, 1500, 1500]
[1500, 1500, 988, 1499, 988, 988, 989, 986, 1001, 1001, 1001, 1001, 1500, 1500, 1500, 1500]
15:37:15.896689 ALT: 0.98
15:37:15.897094 ATT: [-1.6, 1.7, 23]
15:37:15.897710 ACC: [-14, -14, 516]
[1500, 1500, 988, 1500, 988, 988, 988, 988, 1001, 1001, 1001, 1001, 1500, 1500, 1500, 1500]
[1500, 1500, 988, 1500, 988, 988, 988, 988, 1001, 1001, 1001, 1001, 1500, 1500, 1500, 1500]
15:37:15.945589 ALT: 0.98
15:37:15.945716 ATT: [-1.6, 1.7, 23]
15:37:15.946103 ACC: [-15, -14, 515]
[1500, 1500, 988, 1500, 988, 988, 988, 988, 1001, 1001, 1001, 1001, 1500, 1500, 1500, 1500]
[1500, 1500, 988, 1500, 988, 988, 988, 988, 1001, 1001, 1001, 1001, 1500, 1500, 1500, 1500]
[1500, 1500, 988, 1500, 988, 988, 988, 988, 1001, 1001, 1001, 1001, 1500, 1500, 1500, 1500]
15:37:15.992472 ALT: 0.98
15:37:15.992575 ATT: [-1.6, 1.7, 23]
15:37:15.992870 ACC: [-15, -14, 516]
[1500, 1500, 988, 1500, 988, 988, 988, 988, 1001, 1001, 1001, 1001, 1500, 1500, 1500, 1500]
[1500, 1500, 988, 1500, 988, 988, 988, 988, 1001, 1001, 1001, 1001, 1500, 1500, 1500, 1500]
15:37:16.040597 ALT: 0.98
15:37:16.040710 ATT: [-1.6, 1.7, 23]
15:37:16.041059 ACC: [-15, -14, 516]
[1500, 1500, 988, 1500, 988, 988, 988, 988, 1001, 1001, 1001, 1001, 1500, 1500, 1500, 1500]
[1500, 1499, 988, 1500, 988, 988, 988, 988, 1001, 1001, 1001, 1001, 1500, 1500, 1500, 1500]
[1500, 1500, 988, 1499, 988, 988, 988, 988, 1001, 1001, 1001, 1001, 1500, 1500, 1500, 1500]
15:37:16.088968 ALT: 0.98
15:37:16.089569 ATT: [-1.6, 1.7, 23]
15:37:16.089904 ACC: [-15, -14, 516]
[1500, 1500, 988, 1500, 988, 988, 988, 988, 1001, 1001, 1001, 1001, 1500, 1500, 1500, 1500]
[1500, 1499, 988, 1500, 988, 988, 988, 988, 1001, 1001, 1001, 1001, 1500, 1500, 1500, 1500]
15:37:16.136652 ALT: 0.98
15:37:16.136750 ATT: [-1.6, 1.7, 23]
15:37:16.137030 ACC: [-15, -14, 516]
[1499, 1500, 988, 1500, 988, 988, 988, 988, 1001, 1001, 1001, 1001, 1500, 1500, 1500, 1500]
[1500, 1499, 988, 1500, 988, 988, 988, 988, 1001, 1001, 1001, 1001, 1500, 1500, 1500, 1500]
15:37:16.186082 ALT: 0.98
15:37:16.186203 ATT: [-1.6, 1.7, 23]
15:37:16.186501 ACC: [-15, -14, 516]
[1500, 1499, 989, 1497, 988, 988, 988, 988, 1001, 1001, 1001, 1001, 1500, 1500, 1500, 1500]
[1500, 1500, 988, 1499, 988, 988, 988, 988, 1001, 1001, 1001, 1001, 1500, 1500, 1500, 1500]
[1500, 1500, 988, 1500, 988, 988, 988, 988, 1001, 1001, 1001, 1001, 1500, 1500, 1500, 1500]
15:37:16.233265 ALT: 0.98
15:37:16.233382 ATT: [-1.6, 1.7, 23]
15:37:16.234089 ACC: [-15, -14, 516]
[1500, 1500, 988, 1500, 988, 988, 988, 988, 1001, 1001, 1001, 1001, 1500, 1500, 1500, 1500]
[1499, 1500, 988, 1500, 988, 988, 988, 988, 1001, 1001, 1001, 1001, 1500, 1500, 1500, 1500]
15:37:16.280996 ALT: 0.98
15:37:16.281094 ATT: [-1.6, 1.7, 23]
15:37:16.281439 ACC: [-15, -14, 516]
[1499, 1500, 988, 1500, 988, 988, 988, 988, 1001, 1001, 1001, 1001, 1500, 1500, 1500, 1500]
[1500, 1500, 988, 1500, 988, 988, 988, 988, 1001, 1001, 1001, 1001, 1500, 1500, 1500, 1500]
[1500, 1500, 988, 1499, 988, 988, 988, 988, 1001, 1001, 1001, 1001, 1500, 1500, 1500, 1500]
15:37:16.328743 ALT: 0.98
15:37:16.328966 ATT: [-1.6, 1.7, 23]
15:37:16.329496 ACC: [-15, -14, 516]
[1500, 1501, 986, 1500, 988, 988, 988, 988, 1001, 1001, 1001, 1001, 1500, 1500, 1500, 1500]
[1500, 1500, 988, 1500, 988, 988, 988, 988, 1001, 1001, 1001, 1001, 1500, 1500, 1500, 1500]
15:37:16.376643 ALT: 0.98
15:37:16.376750 ATT: [-1.6, 1.7, 23]
15:37:16.377036 ACC: [-14, -14, 516]
[1500, 1499, 988, 1500, 988, 988, 988, 988, 1001, 1001, 1001, 1001, 1500, 1500, 1500, 1500]
[1500, 1499, 988, 1500, 988, 988, 988, 988, 1001, 1001, 1001, 1001, 1500, 1500, 1500, 1500]
15:37:16.424521 ALT: 0.98
15:37:16.424628 ATT: [-1.6, 1.7, 23]
15:37:16.424974 ACC: [-15, -14, 516]
[1500, 1499, 988, 1499, 988, 988, 988, 988, 1001, 1001, 1001, 1001, 1500, 1500, 1500, 1500]
[1500, 1500, 988, 1500, 988, 988, 988, 988, 1001, 1001, 1001, 1001, 1500, 1500, 1500, 1500]
[1500, 1500, 988, 1500, 988, 988, 988, 988, 1001, 1001, 1001, 1001, 1500, 1500, 1500, 1500]
15:37:16.472562 ALT: 0.98
15:37:16.472657 ATT: [-1.6, 1.7, 23]
15:37:16.472943 ACC: [-15, -14, 516]
[1499, 1500, 988, 1500, 988, 988, 988, 988, 1001, 1001, 1001, 1001, 1500, 1500, 1500, 1500]
[1500, 1500, 988, 1499, 989, 986, 988, 988, 1001, 1001, 1001, 1001, 1500, 1500, 1500, 1500]
15:37:16.520706 ALT: 0.98
15:37:16.520808 ATT: [-1.6, 1.7, 23]
15:37:16.521264 ACC: [-15, -14, 516]
[1499, 1500, 988, 1500, 988, 988, 988, 988, 1001, 1001, 1001, 1001, 1500, 1500, 1500, 1500]
[1499, 1500, 988, 1500, 988, 988, 988, 988, 1001, 1001, 1001, 1001, 1500, 1500, 1500, 1500]
[1500, 1500, 988, 1500, 988, 988, 988, 988, 1001, 1001, 1001, 1001, 1500, 1500, 1500, 1500]
15:37:16.584749 ALT: 0.98
15:37:16.584992 ATT: [-1.6, 1.7, 23]
15:37:16.585683 ACC: [-15, -14, 516]
[1500, 1500, 986, 1500, 988, 988, 988, 988, 1001, 1001, 1001, 1001, 1500, 1500, 1500, 1500]
[1500, 1500, 988, 1500, 988, 988, 988, 988, 1001, 1001, 1001, 1001, 1500, 1500, 1500, 1500]
[1500, 1500, 988, 1500, 988, 988, 988, 988, 1001, 1001, 1001, 1001, 1500, 1500, 1500, 1500]
15:37:16.637700 ALT: 0.98
15:37:16.637807 ATT: [-1.6, 1.7, 23]
15:37:16.638075 ACC: [-14, -14, 516]
[1500, 1500, 988, 1500, 988, 988, 988, 988, 1001, 1001, 1001, 1001, 1500, 1500, 1500, 1500]
[1499, 1500, 988, 1500, 988, 988, 988, 988, 1001, 1001, 1001, 1001, 1500, 1500, 1500, 1500]
15:37:16.681578 ALT: 0.98
15:37:16.681744 ATT: [-1.6, 1.7, 23]
15:37:16.682337 ACC: [-15, -14, 516]
[1500, 1500, 988, 1500, 988, 988, 988, 988, 1001, 1001, 1001, 1001, 1500, 1500, 1500, 1500]
[1500, 1500, 988, 1500, 988, 988, 988, 988, 1001, 1001, 1001, 1001, 1500, 1500, 1500, 1500]
[1500, 1500, 988, 1500, 988, 988, 988, 988, 1001, 1001, 1001, 1001, 1500, 1500, 1500, 1500]
15:37:16.729114 ALT: 0.98
15:37:16.729388 ATT: [-1.6, 1.7, 23]
15:37:16.729856 ACC: [-15, -14, 516]
[1500, 1500, 988, 1500, 988, 989, 986, 988, 1001, 1001, 1001, 1001, 1500, 1500, 1500, 1500]
[1500, 1500, 988, 1500, 988, 988, 988, 988, 1001, 1001, 1001, 1001, 1500, 1500, 1500, 1500]
15:37:16.776697 ALT: 0.98
15:37:16.776809 ATT: [-1.6, 1.7, 23]
15:37:16.777134 ACC: [-15, -14, 516]
[1500, 1500, 988, 1500, 988, 989, 986, 988, 1001, 1001, 1001, 1001, 1500, 1500, 1500, 1500]
[1500, 1500, 988, 1499, 988, 988, 988, 988, 1001, 1001, 1001, 1001, 1500, 1500, 1500, 1500]
15:37:16.825022 ALT: 0.98
15:37:16.825190 ATT: [-1.6, 1.7, 23]
15:37:16.825729 ACC: [-15, -14, 515]
[1500, 1500, 988, 1500, 988, 988, 988, 988, 1001, 1001, 1001, 1001, 1500, 1500, 1500, 1500]
[1500, 1500, 988, 1500, 988, 988, 988, 988, 1001, 1001, 1001, 1001, 1500, 1500, 1500, 1500]
[1500, 1500, 988, 1500, 988, 988, 988, 988, 1001, 1001, 1001, 1001, 1500, 1500, 1500, 1500]
15:37:16.872690 ALT: 0.98
15:37:16.872788 ATT: [-1.6, 1.7, 23]
15:37:16.873071 ACC: [-15, -14, 516]
[1499, 1500, 988, 1500, 988, 988, 988, 988, 1001, 1001, 1001, 1001, 1500, 1500, 1500, 1500]
[1499, 1500, 988, 1500, 988, 988, 988, 988, 1001, 1001, 1001, 1001, 1500, 1500, 1500, 1500]
15:37:16.920924 ALT: 0.98
15:37:16.921196 ATT: [-1.6, 1.7, 23]
15:37:16.921487 ACC: [-14, -14, 516]
[1500, 1499, 988, 1499, 988, 988, 988, 988, 1001, 1001, 1001, 1001, 1500, 1500, 1500, 1500]
[1500, 1500, 988, 1500, 988, 988, 988, 988, 1001, 1001, 1001, 1001, 1500, 1500, 1500, 1500]
[1499, 1500, 988, 1500, 988, 988, 988, 988, 1001, 1001, 1001, 1001, 1500, 1500, 1500, 1500]
15:37:16.969203 ALT: 0.98
15:37:16.969394 ATT: [-1.6, 1.7, 23]
15:37:16.969959 ACC: [-15, -14, 516]
[1500, 1500, 988, 1499, 988, 988, 988, 988, 1001, 1001, 1001, 1001, 1500, 1500, 1500, 1500]
[1500, 1499, 988, 1500, 988, 988, 988, 988, 1001, 1001, 1001, 1001, 1500, 1500, 1500, 1500]
15:37:17.017661 ALT: 0.98
15:37:17.017768 ATT: [-1.6, 1.7, 23]
15:37:17.018147 ACC: [-14, -15, 516]
[1500, 1499, 988, 1500, 988, 988, 988, 988, 1001, 1001, 1001, 1001, 1500, 1500, 1500, 1500]
[1500, 1500, 988, 1500, 988, 988, 988, 989, 1001, 1001, 1001, 1001, 1500, 1500, 1500, 1500]
[1499, 1500, 988, 1500, 988, 988, 988, 988, 1001, 1001, 1001, 1001, 1500, 1500, 1500, 1500]
15:37:17.066488 ALT: 0.98
15:37:17.066787 ATT: [-1.6, 1.7, 23]
15:37:17.067361 ACC: [-15, -14, 516]
[1500, 1500, 988, 1500, 988, 988, 988, 988, 1001, 1001, 1001, 1001, 1500, 1500, 1500, 1500]
[1500, 1500, 988, 1500, 988, 988, 988, 988, 1001, 1001, 1001, 1001, 1500, 1500, 1500, 1500]
15:37:17.113327 ALT: 0.98
15:37:17.113426 ATT: [-1.6, 1.7, 23]
15:37:17.113832 ACC: [-15, -14, 516]
[1500, 1499, 988, 1500, 988, 988, 988, 988, 1001, 1001, 1001, 1001, 1500, 1500, 1500, 1500]
[1500, 1500, 988, 1500, 988, 988, 989, 986, 1001, 1001, 1001, 1001, 1500, 1500, 1500, 1500]
15:37:17.160728 ALT: 0.98
15:37:17.160851 ATT: [-1.6, 1.7, 23]
15:37:17.161168 ACC: [-15, -14, 516]
[1500, 1500, 988, 1500, 988, 988, 988, 988, 1001, 1001, 1001, 1001, 1500, 1500, 1500, 1500]
[1500, 1500, 988, 1500, 988, 988, 988, 988, 1001, 1001, 1001, 1001, 1500, 1500, 1500, 1500]
[1500, 1500, 988, 1499, 988, 988, 988, 988, 1001, 1001, 1001, 1001, 1500, 1500, 1500, 1500]
15:37:17.208752 ALT: 0.98
15:37:17.208867 ATT: [-1.6, 1.7, 23]
15:37:17.209185 ACC: [-15, -14, 516]
[1499, 1500, 988, 1499, 988, 988, 988, 988, 1001, 1001, 1001, 1001, 1500, 1500, 1500, 1500]
[1500, 1500, 988, 1500, 988, 988, 988, 988, 1001, 1001, 1001, 1001, 1500, 1500, 1500, 1500]
15:37:17.256710 ALT: 0.98
15:37:17.256862 ATT: [-1.6, 1.7, 23]
15:37:17.257188 ACC: [-14, -14, 516]
[1499, 1500, 988, 1500, 988, 988, 988, 988, 1001, 1001, 1001, 1001, 1500, 1500, 1500, 1500]
[1500, 1501, 986, 1499, 988, 988, 988, 988, 1001, 1001, 1001, 1001, 1500, 1500, 1500, 1500]
15:37:17.305574 ALT: 0.98
15:37:17.305672 ATT: [-1.6, 1.7, 23]
15:37:17.305989 ACC: [-15, -14, 516]
[1500, 1500, 988, 1500, 988, 989, 986, 988, 1001, 1001, 1001, 1001, 1500, 1500, 1500, 1500]
[1499, 1500, 988, 1500, 988, 988, 988, 988, 1001, 1001, 1001, 1001, 1500, 1500, 1500, 1500]
[1500, 1500, 988, 1500, 988, 988, 988, 988, 1001, 1001, 1001, 1001, 1500, 1500, 1500, 1500]
15:37:17.353509 ALT: 0.98
15:37:17.353670 ATT: [-1.6, 1.7, 23]
15:37:17.354215 ACC: [-15, -14, 516]
[1499, 1500, 988, 1500, 988, 988, 988, 988, 1001, 1001, 1001, 1001, 1500, 1500, 1500, 1500]
[1499, 1500, 988, 1500, 988, 988, 988, 988, 1001, 1001, 1001, 1001, 1500, 1500, 1500, 1500]
15:37:17.401880 ALT: 0.98
15:37:17.401979 ATT: [-1.6, 1.7, 23]
15:37:17.402273 ACC: [-14, -14, 516]
[1500, 1499, 988, 1500, 988, 988, 988, 988, 1001, 1001, 1001, 1001, 1500, 1500, 1500, 1500]
[1500, 1500, 988, 1499, 988, 988, 988, 988, 1001, 1001, 1001, 1001, 1500, 1500, 1500, 1500]
[1500, 1500, 988, 1500, 988, 988, 988, 988, 1001, 1001, 1001, 1001, 1500, 1500, 1500, 1500]
15:37:17.449852 ALT: 0.98
15:37:17.449949 ATT: [-1.6, 1.7, 23]
15:37:17.450268 ACC: [-14, -14, 516]
[1500, 1500, 988, 1500, 988, 988, 988, 988, 1001, 1001, 1001, 1001, 1500, 1500, 1500, 1500]
[1500, 1500, 988, 1500, 988, 988, 988, 988, 1001, 1001, 1001, 1001, 1500, 1500, 1500, 1500]
15:37:17.497230 ALT: 0.98
15:37:17.497566 ATT: [-1.6, 1.7, 23]
15:37:17.498184 ACC: [-14, -14, 516]
[1499, 1500, 988, 1500, 988, 988, 988, 988, 1001, 1001, 1001, 1001, 1500, 1500, 1500, 1500]
[1499, 1500, 988, 1500, 988, 989, 986, 988, 1001, 1001, 1001, 1001, 1500, 1500, 1500, 1500]
15:37:17.545269 ALT: 0.98
15:37:17.545574 ATT: [-1.6, 1.7, 23]
15:37:17.546053 ACC: [-15, -14, 516]
[1500, 1500, 988, 1500, 988, 989, 988, 988, 1001, 1001, 1001, 1001, 1500, 1500, 1500, 1500]
[1500, 1500, 988, 1500, 988, 988, 988, 988, 1001, 1001, 1001, 1001, 1500, 1500, 1500, 1500]
[1500, 1499, 988, 1500, 988, 988, 988, 988, 1001, 1001, 1001, 1001, 1500, 1500, 1500, 1500]
15:37:17.592726 ALT: 0.98
15:37:17.592825 ATT: [-1.6, 1.7, 23]
15:37:17.593116 ACC: [-15, -14, 516]
[1499, 1500, 988, 1500, 988, 988, 988, 988, 1001, 1001, 1001, 1001, 1500, 1500, 1500, 1500]
[1500, 1499, 988, 1500, 988, 988, 988, 988, 1001, 1001, 1001, 1001, 1500, 1500, 1500, 1500]
15:37:17.640772 ALT: 0.98
15:37:17.640878 ATT: [-1.6, 1.7, 23]
15:37:17.641198 ACC: [-15, -14, 516]
[1500, 1500, 988, 1500, 988, 988, 988, 988, 1001, 1001, 1001, 1001, 1500, 1500, 1500, 1500]
[1500, 1500, 988, 1500, 988, 988, 988, 988, 1001, 1001, 1001, 1001, 1500, 1500, 1500, 1500]
[1500, 1499, 988, 1500, 988, 988, 988, 988, 1001, 1001, 1001, 1001, 1500, 1500, 1500, 1500]
15:37:17.688737 ALT: 0.98
15:37:17.688830 ATT: [-1.6, 1.7, 23]
15:37:17.689110 ACC: [-15, -14, 516]
[1500, 1500, 988, 1500, 988, 988, 988, 988, 1001, 1001, 1001, 1001, 1500, 1500, 1500, 1500]
[1499, 1500, 986, 1500, 988, 988, 988, 988, 1001, 1001, 1001, 1001, 1500, 1500, 1500, 1500]
15:37:17.737118 ALT: 0.98
15:37:17.737215 ATT: [-1.6, 1.7, 23]
15:37:17.737482 ACC: [-15, -14, 516]
[1500, 1500, 988, 1499, 988, 988, 988, 989, 1001, 1001, 1001, 1001, 1500, 1500, 1500, 1500]
[1500, 1500, 988, 1500, 988, 988, 988, 988, 1001, 1001, 1001, 1001, 1500, 1500, 1500, 1500]
15:37:17.784837 ALT: 0.98
15:37:17.784947 ATT: [-1.6, 1.7, 23]
15:37:17.785467 ACC: [-15, -13, 516]
[1500, 1500, 988, 1500, 988, 988, 988, 988, 1001, 1001, 1001, 1001, 1500, 1500, 1500, 1500]
[1499, 1500, 988, 1500, 988, 988, 988, 988, 1001, 1001, 1001, 1001, 1500, 1500, 1500, 1500]
[1499, 1500, 988, 1500, 988, 988, 988, 988, 1001, 1001, 1001, 1001, 1500, 1500, 1500, 1500]
15:37:17.834450 ALT: 0.98
15:37:17.834628 ATT: [-1.6, 1.7, 23]
15:37:17.835053 ACC: [-14, -14, 516]
[1500, 1500, 988, 1500, 988, 988, 988, 988, 1001, 1001, 1001, 1001, 1500, 1500, 1500, 1500]
[1499, 1500, 988, 1500, 988, 988, 988, 988, 1001, 1001, 1001, 1001, 1500, 1500, 1500, 1500]
15:37:17.881159 ALT: 0.98
15:37:17.881259 ATT: [-1.6, 1.7, 23]
15:37:17.881594 ACC: [-15, -14, 516]
[1500, 1500, 988, 1499, 988, 988, 988, 988, 1001, 1001, 1001, 1001, 1500, 1500, 1500, 1500]
[1500, 1500, 988, 1500, 988, 988, 988, 988, 1001, 1001, 1001, 1001, 1500, 1500, 1500, 1500]
[1500, 1500, 988, 1500, 988, 988, 988, 988, 1001, 1001, 1001, 1001, 1500, 1500, 1500, 1500]
15:37:17.929220 ALT: 0.98
15:37:17.929524 ATT: [-1.6, 1.7, 23]
15:37:17.929935 ACC: [-15, -14, 516]
[1500, 1500, 988, 1500, 988, 988, 988, 988, 1001, 1001, 1001, 1001, 1500, 1500, 1500, 1500]
[1499, 1500, 988, 1500, 988, 988, 988, 988, 1001, 1001, 1001, 1001, 1500, 1500, 1500, 1500]
15:37:17.977447 ALT: 0.98
15:37:17.977774 ATT: [-1.6, 1.7, 23]
15:37:17.978277 ACC: [-15, -14, 516]
[1500, 1500, 988, 1499, 988, 988, 988, 988, 1001, 1001, 1001, 1001, 1500, 1500, 1500, 1500]
[1500, 1499, 988, 1500, 988, 988, 988, 988, 1001, 1001, 1001, 1001, 1500, 1500, 1500, 1500]
15:37:18.024839 ALT: 0.98
15:37:18.024942 ATT: [-1.6, 1.7, 23]
15:37:18.025286 ACC: [-15, -15, 516]
[1500, 1500, 988, 1500, 988, 988, 988, 986, 1001, 1001, 1001, 1001, 1500, 1500, 1500, 1500]
[1500, 1500, 988, 1500, 988, 988, 988, 988, 1001, 1001, 1001, 1001, 1500, 1500, 1500, 1500]
[1500, 1500, 988, 1500, 988, 988, 988, 988, 1001, 1001, 1001, 1001, 1500, 1500, 1500, 1500]
15:37:18.072834 ALT: 0.98
15:37:18.072938 ATT: [-1.6, 1.7, 23]
15:37:18.073227 ACC: [-15, -14, 515]
[1499, 1500, 988, 1500, 988, 988, 988, 988, 1001, 1001, 1001, 1001, 1500, 1500, 1500, 1500]
[1500, 1500, 988, 1500, 988, 988, 988, 988, 1001, 1001, 1001, 1001, 1500, 1500, 1500, 1500]
15:37:18.121029 ALT: 0.98
15:37:18.121153 ATT: [-1.6, 1.7, 23]
15:37:18.121429 ACC: [-15, -14, 516]
[1500, 1499, 988, 1500, 988, 986, 988, 988, 1001, 1001, 1001, 1001, 1500, 1500, 1500, 1500]
[1500, 1499, 988, 1500, 988, 988, 988, 988, 1001, 1001, 1001, 1001, 1500, 1500, 1500, 1500]
[1500, 1500, 988, 1500, 988, 988, 988, 988, 1001, 1001, 1001, 1001, 1500, 1500, 1500, 1500]
15:37:18.168882 ALT: 0.98
15:37:18.168987 ATT: [-1.6, 1.7, 23]
15:37:18.169294 ACC: [-15, -14, 516]
[1500, 1500, 988, 1500, 988, 988, 988, 988, 1001, 1001, 1001, 1001, 1500, 1500, 1500, 1500]
[1500, 1500, 988, 1500, 988, 988, 988, 988, 1001, 1001, 1001, 1001, 1500, 1500, 1500, 1500]
15:37:18.217317 ALT: 0.98
15:37:18.217438 ATT: [-1.6, 1.7, 23]
15:37:18.217825 ACC: [-14, -14, 516]
[1499, 1500, 988, 1500, 988, 988, 988, 988, 1001, 1001, 1001, 1001, 1500, 1500, 1500, 1500]
[1500, 1499, 988, 1500, 988, 988, 988, 988, 1001, 1001, 1001, 1001, 1500, 1500, 1500, 1500]
15:37:18.265527 ALT: 0.98
15:37:18.265709 ATT: [-1.6, 1.7, 23]
15:37:18.266159 ACC: [-14, -14, 516]
[1497, 1500, 988, 1500, 988, 988, 988, 988, 1001, 1001, 1001, 1001, 1500, 1500, 1500, 1500]
[1500, 1499, 988, 1499, 988, 988, 988, 988, 1001, 1001, 1001, 1001, 1500, 1500, 1500, 1500]
[1500, 1500, 988, 1500, 988, 988, 988, 988, 1001, 1001, 1001, 1001, 1500, 1500, 1500, 1500]
15:37:18.313168 ALT: 0.98
15:37:18.313265 ATT: [-1.6, 1.7, 23]
15:37:18.313738 ACC: [-15, -14, 516]
[1500, 1500, 988, 1500, 988, 988, 988, 988, 1001, 1001, 1001, 1001, 1500, 1500, 1500, 1500]
[1500, 1500, 988, 1500, 988, 988, 989, 986, 1001, 1001, 1001, 1001, 1500, 1500, 1500, 1500]
15:37:18.361342 ALT: 0.98
15:37:18.361432 ATT: [-1.6, 1.7, 23]
15:37:18.361783 ACC: [-15, -14, 516]
[1499, 1500, 988, 1500, 988, 988, 988, 988, 1001, 1001, 1001, 1001, 1500, 1500, 1500, 1500]
[1500, 1500, 986, 1500, 988, 988, 988, 988, 1001, 1001, 1001, 1001, 1500, 1500, 1500, 1500]
[1500, 1500, 988, 1500, 988, 988, 988, 988, 1001, 1001, 1001, 1001, 1500, 1500, 1500, 1500]
15:37:18.408879 ALT: 0.98
15:37:18.408984 ATT: [-1.6, 1.7, 23]
15:37:18.409275 ACC: [-15, -14, 516]
[1500, 1499, 988, 1500, 988, 988, 988, 988, 1001, 1001, 1001, 1001, 1500, 1500, 1500, 1500]
[1499, 1500, 988, 1500, 988, 988, 988, 988, 1001, 1001, 1001, 1001, 1500, 1500, 1500, 1500]
15:37:18.456884 ALT: 0.98
15:37:18.456980 ATT: [-1.6, 1.7, 23]
15:37:18.457248 ACC: [-14, -14, 516]
[1499, 1500, 988, 1500, 988, 988, 988, 988, 1001, 1001, 1001, 1001, 1500, 1500, 1500, 1500]
[1500, 1500, 986, 1500, 988, 988, 988, 988, 1001, 1001, 1001, 1001, 1500, 1500, 1500, 1500]
15:37:18.505306 ALT: 0.98
15:37:18.505453 ATT: [-1.6, 1.7, 23]
[1499, 1500, 988, 1499, 988, 988, 988, 988, 1001, 1001, 1001, 1001, 1500, 1500, 1500, 1500]
15:37:18.507405 ACC: [-15, -14, 516]
[1500, 1500, 988, 1500, 988, 988, 988, 988, 1001, 1001, 1001, 1001, 1500, 1500, 1500, 1500]
[1500, 1499, 988, 1500, 988, 988, 988, 988, 1001, 1001, 1001, 1001, 1500, 1500, 1500, 1500]
15:37:18.552845 ALT: 0.98
15:37:18.552973 ATT: [-1.6, 1.7, 23]
15:37:18.553295 ACC: [-14, -14, 516]
[1499, 1500, 988, 1500, 988, 988, 988, 988, 1001, 1001, 1001, 1001, 1500, 1500, 1500, 1500]
[1499, 1500, 988, 1500, 988, 988, 988, 988, 1001, 1001, 1001, 1001, 1500, 1500, 1500, 1500]
[1499, 1500, 988, 1500, 988, 988, 988, 988, 1001, 1001, 1001, 1001, 1500, 1500, 1500, 1500]
15:37:18.617059 ALT: 0.98
15:37:18.617346 ATT: [-1.6, 1.7, 23]
15:37:18.618016 ACC: [-15, -14, 516]
[1499, 1500, 988, 1500, 988, 988, 988, 988, 1001, 1001, 1001, 1001, 1500, 1500, 1500, 1500]
[1500, 1500, 988, 1500, 988, 988, 988, 988, 1001, 1001, 1001, 1001, 1500, 1500, 1500, 1500]
[1500, 1500, 988, 1500, 988, 988, 988, 988, 1001, 1001, 1001, 1001, 1500, 1500, 1500, 1500]
15:37:18.667752 ALT: 0.98
15:37:18.667849 ATT: [-1.6, 1.6, 23]
15:37:18.668131 ACC: [-14, -14, 516]
[1500, 1500, 988, 1500, 988, 988, 988, 988, 1001, 1001, 1001, 1001, 1500, 1500, 1500, 1500]
[1499, 1500, 988, 1500, 988, 988, 988, 988, 1001, 1001, 1001, 1001, 1500, 1500, 1500, 1500]
15:37:18.713889 ALT: 0.98
15:37:18.714093 ATT: [-1.6, 1.6, 23]
15:37:18.714571 ACC: [-14, -14, 516]
[1500, 1499, 988, 1500, 988, 988, 988, 988, 1001, 1001, 1001, 1001, 1500, 1500, 1500, 1500]
[1500, 1500, 988, 1499, 988, 988, 991, 986, 1001, 1001, 1001, 1001, 1500, 1500, 1500, 1500]
15:37:18.761146 ALT: 0.98
15:37:18.761245 ATT: [-1.6, 1.6, 23]
15:37:18.761516 ACC: [-15, -14, 516]
[1500, 1500, 988, 1500, 988, 988, 988, 988, 1001, 1001, 1001, 1001, 1500, 1500, 1500, 1500]
[1500, 1499, 988, 1500, 988, 989, 986, 989, 1001, 1001, 1001, 1001, 1500, 1500, 1500, 1500]
[1500, 1500, 988, 1500, 988, 988, 988, 988, 1001, 1001, 1001, 1001, 1500, 1500, 1500, 1500]
15:37:18.809018 ALT: 0.98
15:37:18.809127 ATT: [-1.6, 1.6, 23]
15:37:18.809501 ACC: [-14, -14, 516]
[1497, 1500, 988, 1501, 986, 988, 988, 988, 1001, 1001, 1001, 1001, 1500, 1500, 1500, 1500]
[1500, 1500, 988, 1500, 988, 988, 988, 988, 1001, 1001, 1001, 1001, 1500, 1500, 1500, 1500]
15:37:18.857070 ALT: 0.98
15:37:18.857170 ATT: [-1.6, 1.6, 23]
15:37:18.857456 ACC: [-14, -14, 516]
[1499, 1500, 988, 1499, 988, 988, 988, 988, 1001, 1001, 1001, 1001, 1500, 1500, 1500, 1500]
[1500, 1499, 988, 1500, 988, 988, 988, 988, 1001, 1001, 1001, 1001, 1500, 1500, 1500, 1500]
[1499, 1500, 988, 1500, 988, 988, 988, 988, 1001, 1001, 1001, 1001, 1500, 1500, 1500, 1500]
15:37:18.906486 ALT: 0.98
15:37:18.906608 ATT: [-1.6, 1.6, 23]
15:37:18.906863 ACC: [-15, -14, 516]
[1500, 1500, 988, 1500, 988, 988, 988, 988, 1001, 1001, 1001, 1001, 1500, 1500, 1500, 1500]
[1500, 1500, 988, 1500, 988, 988, 988, 988, 1001, 1001, 1001, 1001, 1500, 1500, 1500, 1500]
15:37:18.955959 ALT: 0.98
15:37:18.956055 ATT: [-1.6, 1.7, 23]
15:37:18.956320 ACC: [-15, -14, 516]
[1499, 1500, 988, 1500, 988, 988, 988, 988, 1001, 1001, 1001, 1001, 1500, 1500, 1500, 1500]
[1500, 1500, 988, 1499, 988, 988, 988, 988, 1001, 1001, 1001, 1001, 1500, 1500, 1500, 1500]
15:37:19.002424 ALT: 0.98
15:37:19.002558 ATT: [-1.6, 1.7, 23]
15:37:19.002940 ACC: [-14, -14, 516]
[1500, 1500, 988, 1500, 988, 988, 988, 988, 1001, 1001, 1001, 1001, 1500, 1500, 1500, 1500]
[1500, 1500, 988, 1500, 988, 988, 988, 988, 1001, 1001, 1001, 1001, 1500, 1500, 1500, 1500]
[1500, 1500, 988, 1500, 988, 988, 988, 988, 1001, 1001, 1001, 1001, 1500, 1500, 1500, 1500]
15:37:19.049098 ALT: 0.98
15:37:19.049207 ATT: [-1.6, 1.6, 23]
15:37:19.049675 ACC: [-14, -14, 516]
[1499, 1500, 988, 1500, 988, 988, 988, 988, 1001, 1001, 1001, 1001, 1500, 1500, 1500, 1500]
[1500, 1500, 988, 1500, 988, 988, 988, 988, 1001, 1001, 1001, 1001, 1500, 1500, 1500, 1500]
15:37:19.097828 ALT: 0.98
15:37:19.098106 ATT: [-1.6, 1.6, 23]
15:37:19.098664 ACC: [-14, -14, 516]
[1500, 1500, 988, 1499, 988, 988, 988, 988, 1001, 1001, 1001, 1001, 1500, 1500, 1500, 1500]
[1500, 1500, 988, 1500, 988, 988, 988, 988, 1001, 1001, 1001, 1001, 1500, 1500, 1500, 1500]
15:37:19.145788 ALT: 0.98
15:37:19.145984 ATT: [-1.6, 1.7, 23]
15:37:19.146432 ACC: [-15, -14, 516]
[1500, 1500, 988, 1500, 988, 988, 988, 988, 1001, 1001, 1001, 1001, 1500, 1500, 1500, 1500]
[1499, 1500, 988, 1500, 988, 988, 988, 988, 1001, 1001, 1001, 1001, 1500, 1500, 1500, 1500]
[1500, 1500, 988, 1500, 988, 988, 988, 988, 1001, 1001, 1001, 1001, 1500, 1500, 1500, 1500]
15:37:19.193026 ALT: 0.98
15:37:19.193128 ATT: [-1.6, 1.7, 23]
15:37:19.193414 ACC: [-15, -14, 516]
[1500, 1499, 988, 1499, 988, 988, 988, 988, 1001, 1001, 1001, 1001, 1500, 1500, 1500, 1500]
[1499, 1500, 988, 1500, 988, 988, 988, 986, 1001, 1001, 1001, 1001, 1500, 1500, 1500, 1500]
15:37:19.242037 ALT: 0.98
15:37:19.242240 ATT: [-1.6, 1.7, 23]
15:37:19.242858 ACC: [-15, -14, 516]
[1500, 1500, 988, 1500, 988, 988, 989, 986, 1001, 1001, 1001, 1001, 1500, 1500, 1500, 1500]
[1500, 1500, 988, 1500, 988, 988, 988, 988, 1001, 1001, 1001, 1001, 1500, 1500, 1500, 1500]
[1500, 1500, 988, 1500, 989, 988, 988, 988, 1001, 1001, 1001, 1001, 1500, 1500, 1500, 1500]
15:37:19.289087 ALT: 0.98
15:37:19.289229 ATT: [-1.6, 1.7, 23]
15:37:19.289679 ACC: [-14, -14, 516]
[1500, 1500, 988, 1500, 988, 988, 988, 988, 1001, 1001, 1001, 1001, 1500, 1500, 1500, 1500]
[1500, 1499, 988, 1499, 989, 988, 988, 988, 1001, 1001, 1001, 1001, 1500, 1500, 1500, 1500]
15:37:19.337111 ALT: 0.98
15:37:19.337406 ATT: [-1.6, 1.6, 23]
15:37:19.338681 ACC: [-14, -14, 516]
[1500, 1500, 988, 1500, 988, 988, 988, 988, 1001, 1001, 1001, 1001, 1500, 1500, 1500, 1500]
[1500, 1500, 988, 1500, 988, 988, 988, 988, 1001, 1001, 1001, 1001, 1500, 1500, 1500, 1500]
15:37:19.384981 ALT: 0.98
15:37:19.385095 ATT: [-1.6, 1.7, 23]
15:37:19.385376 ACC: [-15, -14, 516]
[1500, 1500, 988, 1500, 988, 988, 988, 988, 1001, 1001, 1001, 1001, 1500, 1500, 1500, 1500]
[1500, 1500, 988, 1500, 988, 988, 988, 988, 1001, 1001, 1001, 1001, 1500, 1500, 1500, 1500]
[1499, 1500, 988, 1500, 988, 988, 988, 988, 1001, 1001, 1001, 1001, 1500, 1500, 1500, 1500]
15:37:19.433698 ALT: 0.98
15:37:19.433815 ATT: [-1.6, 1.7, 23]
15:37:19.434108 ACC: [-14, -14, 516]
[1500, 1499, 988, 1500, 988, 988, 988, 988, 1001, 1001, 1001, 1001, 1500, 1500, 1500, 1500]
[1500, 1500, 988, 1499, 988, 988, 988, 988, 1001, 1001, 1001, 1001, 1500, 1500, 1500, 1500]
15:37:19.481576 ALT: 0.98
15:37:19.481851 ATT: [-1.6, 1.6, 23]
15:37:19.482234 ACC: [-14, -15, 516]
[1500, 1500, 988, 1500, 989, 986, 988, 989, 1001, 1001, 1001, 1001, 1500, 1500, 1500, 1500]
[1500, 1499, 988, 1500, 988, 988, 988, 988, 1001, 1001, 1001, 1001, 1500, 1500, 1500, 1500]
[1500, 1500, 988, 1500, 988, 988, 988, 988, 1001, 1001, 1001, 1001, 1500, 1500, 1500, 1500]
15:37:19.529635 ALT: 0.98
15:37:19.529966 ATT: [-1.6, 1.6, 23]
15:37:19.530372 ACC: [-15, -14, 516]
[1500, 1500, 988, 1500, 988, 988, 989, 986, 1001, 1001, 1001, 1001, 1500, 1500, 1500, 1500]
[1500, 1500, 988, 1500, 988, 988, 988, 988, 1001, 1001, 1001, 1001, 1500, 1500, 1500, 1500]
15:37:19.577476 ALT: 0.98
15:37:19.577643 ATT: [-1.6, 1.6, 23]
15:37:19.578100 ACC: [-14, -14, 516]
[1500, 1499, 988, 1499, 989, 986, 988, 988, 1001, 1001, 1001, 1001, 1500, 1500, 1500, 1500]
[1500, 1499, 988, 1500, 988, 988, 988, 988, 1001, 1001, 1001, 1001, 1500, 1500, 1500, 1500]
15:37:19.625063 ALT: 0.98
15:37:19.625164 ATT: [-1.6, 1.6, 23]
15:37:19.625494 ACC: [-14, -14, 516]
[1500, 1500, 988, 1500, 988, 988, 988, 988, 1001, 1001, 1001, 1001, 1500, 1500, 1500, 1500]
[1500, 1500, 986, 1500, 988, 988, 988, 988, 1001, 1001, 1001, 1001, 1500, 1500, 1500, 1500]
[1500, 1500, 988, 1500, 988, 988, 988, 988, 1001, 1001, 1001, 1001, 1500, 1500, 1500, 1500]
15:37:19.673225 ALT: 0.98
15:37:19.673330 ATT: [-1.6, 1.6, 23]
15:37:19.673622 ACC: [-14, -14, 516]
[1500, 1499, 988, 1500, 988, 988, 988, 988, 1001, 1001, 1001, 1001, 1500, 1500, 1500, 1500]
[1500, 1499, 988, 1499, 988, 988, 988, 988, 1001, 1001, 1001, 1001, 1500, 1500, 1500, 1500]
15:37:19.721452 ALT: 0.98
15:37:19.721613 ATT: [-1.6, 1.6, 23]
15:37:19.722111 ACC: [-15, -14, 516]
[1499, 1500, 988, 1500, 988, 988, 988, 988, 1001, 1001, 1001, 1001, 1500, 1500, 1500, 1500]
[1500, 1500, 988, 1500, 988, 988, 988, 988, 1001, 1001, 1001, 1001, 1500, 1500, 1500, 1500]
[1500, 1499, 988, 1500, 988, 988, 988, 988, 1001, 1001, 1001, 1001, 1500, 1500, 1500, 1500]
15:37:19.769101 ALT: 0.98
15:37:19.769198 ATT: [-1.6, 1.6, 23]
15:37:19.769492 ACC: [-14, -14, 515]
[1500, 1500, 988, 1501, 986, 988, 988, 988, 1001, 1001, 1001, 1001, 1500, 1500, 1500, 1500]
[1500, 1499, 988, 1500, 988, 988, 988, 988, 1001, 1001, 1001, 1001, 1500, 1500, 1500, 1500]
15:37:19.818557 ALT: 0.98
15:37:19.818653 ATT: [-1.6, 1.6, 23]
15:37:19.819014 ACC: [-15, -14, 516]
[1500, 1500, 988, 1500, 988, 988, 988, 988, 1001, 1001, 1001, 1001, 1500, 1500, 1500, 1500]
[1500, 1499, 988, 1500, 988, 988, 989, 986, 1001, 1001, 1001, 1001, 1500, 1500, 1500, 1500]
15:37:19.865437 ALT: 0.98
15:37:19.865545 ATT: [-1.6, 1.6, 23]
15:37:19.865906 ACC: [-14, -14, 516]
[1500, 1500, 988, 1500, 988, 988, 988, 988, 1001, 1001, 1001, 1001, 1500, 1500, 1500, 1500]
[1500, 1500, 988, 1500, 986, 988, 988, 988, 1001, 1001, 1001, 1001, 1500, 1500, 1500, 1500]
[1500, 1500, 988, 1500, 988, 988, 988, 988, 1001, 1001, 1001, 1001, 1500, 1500, 1500, 1500]
15:37:19.914077 ALT: 0.98
15:37:19.914371 ATT: [-1.6, 1.6, 23]
15:37:19.914997 ACC: [-14, -14, 516]
[1499, 1500, 988, 1500, 988, 988, 988, 988, 1001, 1001, 1001, 1001, 1500, 1500, 1500, 1500]
[1500, 1499, 988, 1500, 988, 988, 988, 988, 1001, 1001, 1001, 1001, 1500, 1500, 1500, 1500]
15:37:19.961724 ALT: 0.98
15:37:19.962012 ATT: [-1.6, 1.6, 23]
15:37:19.962912 ACC: [-14, -14, 516]
[1500, 1500, 988, 1500, 988, 988, 988, 988, 1001, 1001, 1001, 1001, 1500, 1500, 1500, 1500]
[1500, 1500, 988, 1500, 988, 988, 988, 988, 1001, 1001, 1001, 1001, 1500, 1500, 1500, 1500]
[1500, 1500, 988, 1500, 988, 988, 988, 988, 1001, 1001, 1001, 1001, 1500, 1500, 1500, 1500]
15:37:20.011176 ALT: 0.98
15:37:20.011288 ATT: [-1.6, 1.6, 23]
15:37:20.011638 ACC: [-15, -14, 516]
[1499, 1500, 988, 1500, 988, 988, 988, 988, 1001, 1001, 1001, 1001, 1500, 1500, 1500, 1500]
[1500, 1500, 988, 1500, 988, 988, 988, 988, 1001, 1001, 1001, 1001, 1500, 1500, 1500, 1500]
15:37:20.057416 ALT: 0.98
15:37:20.057527 ATT: [-1.6, 1.6, 23]
15:37:20.057847 ACC: [-14, -14, 516]
[1500, 1499, 988, 1500, 988, 988, 988, 988, 1001, 1001, 1001, 1001, 1500, 1500, 1500, 1500]
[1501, 1497, 988, 1500, 988, 988, 988, 988, 1001, 1001, 1001, 1001, 1500, 1500, 1500, 1500]
15:37:20.105432 ALT: 0.98
15:37:20.105629 ATT: [-1.6, 1.6, 23]
15:37:20.106189 ACC: [-14, -14, 516]
[1500, 1500, 988, 1500, 988, 988, 988, 988, 1001, 1001, 1001, 1001, 1500, 1500, 1500, 1500]
[1500, 1499, 988, 1500, 988, 988, 988, 988, 1001, 1001, 1001, 1001, 1500, 1500, 1500, 1500]
[1500, 1500, 988, 1500, 988, 988, 988, 988, 1001, 1001, 1001, 1001, 1500, 1500, 1500, 1500]
15:37:20.153203 ALT: 0.98
15:37:20.153321 ATT: [-1.6, 1.6, 23]
15:37:20.153980 ACC: [-15, -14, 516]
[1500, 1500, 988, 1499, 988, 988, 988, 988, 1001, 1001, 1001, 1001, 1500, 1500, 1500, 1500]
[1500, 1499, 988, 1499, 988, 988, 988, 988, 1001, 1001, 1001, 1001, 1500, 1500, 1500, 1500]
15:37:20.201437 ALT: 0.98
15:37:20.201544 ATT: [-1.6, 1.6, 23]
15:37:20.201874 ACC: [-15, -14, 516]
[1500, 1500, 988, 1500, 988, 988, 988, 988, 1001, 1001, 1001, 1001, 1500, 1500, 1500, 1500]
[1500, 1500, 988, 1500, 988, 988, 988, 988, 1001, 1001, 1001, 1001, 1500, 1500, 1500, 1500]
[1500, 1500, 988, 1500, 988, 988, 988, 988, 1001, 1001, 1001, 1001, 1500, 1500, 1500, 1500]
15:37:20.249300 ALT: 0.98
15:37:20.249453 ATT: [-1.6, 1.6, 23]
15:37:20.249790 ACC: [-14, -14, 516]
[1500, 1500, 988, 1500, 988, 988, 988, 988, 1001, 1001, 1001, 1001, 1500, 1500, 1500, 1500]
[1500, 1499, 988, 1500, 988, 988, 988, 988, 1001, 1001, 1001, 1001, 1500, 1500, 1500, 1500]
15:37:20.298018 ALT: 0.98
15:37:20.298336 ATT: [-1.6, 1.6, 23]
15:37:20.298977 ACC: [-14, -14, 516]
[1500, 1500, 988, 1500, 988, 988, 988, 988, 1001, 1001, 1001, 1001, 1500, 1500, 1500, 1500]
[1500, 1499, 988, 1500, 988, 988, 988, 988, 1001, 1001, 1001, 1001, 1500, 1500, 1500, 1500]
15:37:20.345411 ALT: 1.04
15:37:20.345529 ATT: [-1.6, 1.6, 23]
15:37:20.345852 ACC: [-14, -14, 516]
[1500, 1500, 988, 1500, 988, 989, 986, 988, 1001, 1001, 1001, 1001, 1500, 1500, 1500, 1500]
[1500, 1500, 988, 1500, 988, 988, 988, 988, 1001, 1001, 1001, 1001, 1500, 1500, 1500, 1500]
[1500, 1500, 988, 1499, 988, 988, 988, 988, 1001, 1001, 1001, 1001, 1500, 1500, 1500, 1500]
15:37:20.393192 ALT: 1.07
15:37:20.393300 ATT: [-1.6, 1.6, 23]
15:37:20.393669 ACC: [-14, -14, 516]
[1499, 1500, 988, 1500, 988, 988, 988, 988, 1001, 1001, 1001, 1001, 1500, 1500, 1500, 1500]
[1500, 1499, 988, 1499, 988, 988, 988, 988, 1001, 1001, 1001, 1001, 1500, 1500, 1500, 1500]
15:37:20.441129 ALT: 1.07
15:37:20.441229 ATT: [-1.6, 1.6, 23]
15:37:20.441849 ACC: [-14, -14, 516]
[1500, 1500, 988, 1499, 988, 988, 988, 988, 1001, 1001, 1001, 1001, 1500, 1500, 1500, 1500]
[1499, 1500, 988, 1499, 988, 988, 988, 988, 1001, 1001, 1001, 1001, 1500, 1500, 1500, 1500]
[1500, 1500, 988, 1500, 988, 988, 989, 986, 1001, 1001, 1001, 1001, 1500, 1500, 1500, 1500]
15:37:20.489273 ALT: 1.07
15:37:20.489422 ATT: [-1.6, 1.6, 23]
15:37:20.490066 ACC: [-14, -14, 516]
[1500, 1500, 988, 1500, 988, 988, 988, 988, 1001, 1001, 1001, 1001, 1500, 1500, 1500, 1500]
[1499, 1500, 988, 1500, 988, 988, 988, 988, 1001, 1001, 1001, 1001, 1500, 1500, 1500, 1500]
15:37:20.537411 ALT: 1.07
15:37:20.537508 ATT: [-1.6, 1.6, 23]
15:37:20.537788 ACC: [-15, -14, 516]
[1500, 1499, 988, 1499, 988, 988, 988, 988, 1001, 1001, 1001, 1001, 1500, 1500, 1500, 1500]
[1500, 1500, 988, 1499, 988, 988, 988, 988, 1001, 1001, 1001, 1001, 1500, 1500, 1500, 1500]
15:37:20.585468 ALT: 1.07
15:37:20.585571 ATT: [-1.6, 1.6, 23]
15:37:20.585819 ACC: [-15, -14, 516]
[1500, 1500, 988, 1500, 989, 986, 988, 988, 1001, 1001, 1001, 1001, 1500, 1500, 1500, 1500]
[1500, 1499, 988, 1500, 988, 988, 988, 988, 1001, 1001, 1001, 1001, 1500, 1500, 1500, 1500]
[1500, 1499, 988, 1500, 988, 988, 988, 989, 1001, 1001, 1001, 1001, 1500, 1500, 1500, 1500]
15:37:20.633484 ALT: 1.07
15:37:20.633578 ATT: [-1.6, 1.6, 23]
15:37:20.634084 ACC: [-15, -14, 516]
[1500, 1500, 988, 1500, 988, 989, 986, 988, 1001, 1001, 1001, 1001, 1500, 1500, 1500, 1500]
[1500, 1499, 988, 1500, 988, 988, 988, 988, 1001, 1001, 1001, 1001, 1500, 1500, 1500, 1500]
[1500, 1500, 988, 1500, 988, 988, 988, 988, 1001, 1001, 1001, 1001, 1500, 1500, 1500, 1500]
15:37:20.697732 ALT: 1.07
15:37:20.698055 ATT: [-1.6, 1.6, 23]
15:37:20.698435 ACC: [-14, -14, 516]
[1500, 1500, 988, 1500, 988, 988, 988, 988, 1001, 1001, 1001, 1001, 1500, 1500, 1500, 1500]
[1500, 1500, 988, 1500, 988, 989, 986, 988, 1001, 1001, 1001, 1001, 1500, 1500, 1500, 1500]
15:37:20.746186 ALT: 1.07
15:37:20.746512 ATT: [-1.6, 1.6, 23]
15:37:20.747106 ACC: [-15, -14, 516]
[1499, 1500, 988, 1500, 988, 988, 988, 988, 1001, 1001, 1001, 1001, 1500, 1500, 1500, 1500]
[1500, 1499, 988, 1499, 988, 988, 988, 988, 1001, 1001, 1001, 1001, 1500, 1500, 1500, 1500]
[1499, 1500, 988, 1499, 988, 988, 988, 988, 1001, 1001, 1001, 1001, 1500, 1500, 1500, 1500]
15:37:20.793257 ALT: 1.07
15:37:20.793374 ATT: [-1.6, 1.6, 23]
15:37:20.793706 ACC: [-15, -14, 516]
[1500, 1500, 988, 1500, 988, 988, 988, 988, 1001, 1001, 1001, 1001, 1500, 1500, 1500, 1500]
[1500, 1500, 988, 1500, 988, 988, 988, 988, 1001, 1001, 1001, 1001, 1500, 1500, 1500, 1500]
15:37:20.841196 ALT: 1.07
15:37:20.842761 ATT: [-1.6, 1.6, 23]
15:37:20.843202 ACC: [-15, -14, 516]
[1500, 1500, 988, 1500, 988, 988, 988, 988, 1001, 1001, 1001, 1001, 1500, 1500, 1500, 1500]
[1500, 1500, 988, 1500, 988, 988, 988, 988, 1001, 1001, 1001, 1001, 1500, 1500, 1500, 1500]
[1500, 1500, 988, 1500, 988, 988, 989, 985, 1001, 1001, 1001, 1001, 1500, 1500, 1500, 1500]
15:37:20.890009 ALT: 1.07
15:37:20.890224 ATT: [-1.6, 1.6, 23]
15:37:20.890619 ACC: [-14, -14, 516]
[1500, 1500, 988, 1499, 988, 988, 988, 988, 1001, 1001, 1001, 1001, 1500, 1500, 1500, 1500]
[1499, 1500, 988, 1500, 988, 988, 988, 988, 1001, 1001, 1001, 1001, 1500, 1500, 1500, 1500]
15:37:20.937399 ALT: 1.07
15:37:20.937512 ATT: [-1.6, 1.6, 23]
15:37:20.937996 ACC: [-15, -14, 516]
[1500, 1500, 988, 1500, 988, 989, 986, 988, 1001, 1001, 1001, 1001, 1500, 1500, 1500, 1500]
[1500, 1500, 988, 1500, 988, 988, 988, 988, 1001, 1001, 1001, 1001, 1500, 1500, 1500, 1500]
15:37:20.985187 ALT: 1.07
15:37:20.985278 ATT: [-1.6, 1.6, 23]
15:37:20.985610 ACC: [-14, -14, 516]
[1500, 1500, 988, 1500, 988, 988, 988, 988, 1001, 1001, 1001, 1001, 1500, 1500, 1500, 1500]
[1500, 1500, 988, 1500, 988, 988, 988, 988, 1001, 1001, 1001, 1001, 1500, 1500, 1500, 1500]
[1500, 1499, 988, 1499, 988, 988, 988, 988, 1001, 1001, 1001, 1001, 1500, 1500, 1500, 1500]
15:37:21.033559 ALT: 1.07
15:37:21.033669 ATT: [-1.6, 1.6, 23]
15:37:21.033983 ACC: [-14, -14, 516]
[1500, 1500, 988, 1499, 988, 988, 988, 988, 1001, 1001, 1001, 1001, 1500, 1500, 1500, 1500]
[1500, 1500, 988, 1499, 988, 988, 988, 988, 1001, 1001, 1001, 1001, 1500, 1500, 1500, 1500]
15:37:21.081322 ALT: 1.07
15:37:21.081434 ATT: [-1.6, 1.6, 23]
15:37:21.081934 ACC: [-15, -14, 517]
[1500, 1500, 988, 1500, 988, 988, 988, 988, 1001, 1001, 1001, 1001, 1500, 1500, 1500, 1500]
[1500, 1500, 988, 1500, 988, 988, 988, 988, 1001, 1001, 1001, 1001, 1500, 1500, 1500, 1500]
[1499, 1500, 988, 1500, 988, 988, 988, 988, 1001, 1001, 1001, 1001, 1500, 1500, 1500, 1500]
15:37:21.130046 ALT: 1.07
15:37:21.130283 ATT: [-1.6, 1.6, 23]
15:37:21.130974 ACC: [-15, -14, 516]
[1499, 1500, 988, 1500, 988, 988, 988, 988, 1001, 1001, 1001, 1001, 1500, 1500, 1500, 1500]
[1500, 1500, 988, 1500, 988, 988, 988, 988, 1001, 1001, 1001, 1001, 1500, 1500, 1500, 1500]
15:37:21.177633 ALT: 1.07
15:37:21.177846 ATT: [-1.6, 1.7, 23]
15:37:21.178447 ACC: [-15, -14, 516]
[1500, 1500, 988, 1500, 988, 989, 986, 988, 1001, 1001, 1001, 1001, 1500, 1500, 1500, 1500]
[1500, 1500, 988, 1500, 988, 988, 988, 988, 1001, 1001, 1001, 1001, 1500, 1500, 1500, 1500]
15:37:21.225246 ALT: 1.07
15:37:21.225392 ATT: [-1.6, 1.7, 23]
15:37:21.225691 ACC: [-15, -14, 516]
[1500, 1500, 988, 1500, 988, 988, 988, 988, 1001, 1001, 1001, 1001, 1500, 1500, 1500, 1500]
[1499, 1500, 988, 1500, 988, 988, 988, 988, 1001, 1001, 1001, 1001, 1500, 1500, 1500, 1500]
[1500, 1499, 988, 1500, 988, 988, 988, 988, 1001, 1001, 1001, 1001, 1500, 1500, 1500, 1500]
15:37:21.273483 ALT: 1.07
15:37:21.273665 ATT: [-1.6, 1.7, 23]
15:37:21.274078 ACC: [-14, -14, 516]
[1500, 1500, 988, 1500, 988, 988, 988, 988, 1001, 1001, 1001, 1001, 1500, 1500, 1500, 1500]
[1500, 1500, 988, 1500, 988, 988, 988, 988, 1001, 1001, 1001, 1001, 1500, 1500, 1500, 1500]
15:37:21.321287 ALT: 1.07
15:37:21.321394 ATT: [-1.6, 1.7, 23]
15:37:21.321723 ACC: [-15, -14, 516]
[1500, 1499, 988, 1499, 988, 988, 988, 988, 1001, 1001, 1001, 1001, 1500, 1500, 1500, 1500]
[1500, 1500, 988, 1500, 988, 988, 988, 988, 1001, 1001, 1001, 1001, 1500, 1500, 1500, 1500]
[1500, 1500, 988, 1500, 988, 988, 988, 988, 1001, 1001, 1001, 1001, 1500, 1500, 1500, 1500]
15:37:21.369314 ALT: 1.07
15:37:21.369414 ATT: [-1.6, 1.7, 23]
15:37:21.369715 ACC: [-15, -14, 516]
[1499, 1500, 988, 1500, 988, 988, 988, 988, 1001, 1001, 1001, 1001, 1500, 1500, 1500, 1500]
[1500, 1500, 988, 1500, 988, 988, 988, 988, 1001, 1001, 1001, 1001, 1500, 1500, 1500, 1500]
15:37:21.417777 ALT: 1.07
15:37:21.417898 ATT: [-1.6, 1.7, 23]
15:37:21.418240 ACC: [-15, -14, 516]
[1500, 1500, 986, 1500, 988, 988, 988, 988, 1001, 1001, 1001, 1001, 1500, 1500, 1500, 1500]
[1500, 1500, 988, 1500, 988, 988, 988, 988, 1001, 1001, 1001, 1001, 1500, 1500, 1500, 1500]
15:37:21.465630 ALT: 1.07
15:37:21.465790 ATT: [-1.6, 1.6, 23]
15:37:21.466397 ACC: [-14, -14, 516]
[1500, 1499, 988, 1500, 988, 988, 988, 988, 1001, 1001, 1001, 1001, 1500, 1500, 1500, 1500]
[1499, 1500, 988, 1500, 988, 988, 988, 988, 1001, 1001, 1001, 1001, 1500, 1500, 1500, 1500]
[1500, 1500, 988, 1500, 988, 988, 988, 988, 1001, 1001, 1001, 1001, 1500, 1500, 1500, 1500]
15:37:21.513994 ALT: 1.07
15:37:21.514139 ATT: [-1.6, 1.6, 23]
15:37:21.514512 ACC: [-14, -14, 516]
[1500, 1500, 988, 1500, 989, 986, 988, 988, 1001, 1001, 1001, 1001, 1500, 1500, 1500, 1500]
[1500, 1500, 988, 1500, 988, 988, 988, 988, 1001, 1001, 1001, 1001, 1500, 1500, 1500, 1500]
15:37:21.561348 ALT: 1.07
15:37:21.561453 ATT: [-1.6, 1.6, 23]
15:37:21.561747 ACC: [-14, -15, 516]
[1500, 1500, 988, 1500, 988, 988, 988, 988, 1001, 1001, 1001, 1001, 1500, 1500, 1500, 1500]
[1500, 1499, 988, 1500, 988, 988, 988, 988, 1001, 1001, 1001, 1001, 1500, 1500, 1500, 1500]
[1500, 1500, 988, 1500, 986, 988, 988, 988, 1001, 1001, 1001, 1001, 1500, 1500, 1500, 1500]
15:37:21.609294 ALT: 1.07
15:37:21.609395 ATT: [-1.6, 1.6, 23]
15:37:21.609689 ACC: [-14, -15, 516]
[1500, 1500, 988, 1500, 986, 988, 988, 988, 1001, 1001, 1001, 1001, 1500, 1500, 1500, 1500]
[1500, 1500, 988, 1500, 988, 988, 988, 988, 1001, 1001, 1001, 1001, 1500, 1500, 1500, 1500]
15:37:21.657457 ALT: 1.07
15:37:21.657592 ATT: [-1.6, 1.6, 23]
15:37:21.657971 ACC: [-15, -14, 516]
[1500, 1500, 988, 1500, 988, 988, 988, 988, 1001, 1001, 1001, 1001, 1500, 1500, 1500, 1500]
[1500, 1500, 988, 1500, 989, 986, 988, 988, 1001, 1001, 1001, 1001, 1500, 1500, 1500, 1500]
15:37:21.705407 ALT: 1.07
15:37:21.705526 ATT: [-1.6, 1.6, 23]
15:37:21.705887 ACC: [-14, -14, 516]
[1500, 1500, 988, 1500, 988, 988, 988, 988, 1001, 1001, 1001, 1001, 1500, 1500, 1500, 1500]
[1500, 1500, 988, 1500, 988, 988, 988, 988, 1001, 1001, 1001, 1001, 1500, 1500, 1500, 1500]
[1499, 1500, 988, 1500, 988, 988, 988, 988, 1001, 1001, 1001, 1001, 1500, 1500, 1500, 1500]
15:37:21.753320 ALT: 1.07
15:37:21.753419 ATT: [-1.6, 1.6, 23]
15:37:21.753665 ACC: [-15, -15, 516]
[1500, 1500, 988, 1500, 988, 988, 988, 988, 1001, 1001, 1001, 1001, 1500, 1500, 1500, 1500]
[1500, 1500, 988, 1499, 988, 988, 988, 988, 1001, 1001, 1001, 1001, 1500, 1500, 1500, 1500]
15:37:21.801300 ALT: 1.07
15:37:21.801390 ATT: [-1.6, 1.6, 23]
15:37:21.801644 ACC: [-15, -14, 516]
[1500, 1500, 988, 1500, 988, 988, 988, 988, 1001, 1001, 1001, 1001, 1500, 1500, 1500, 1500]
[1500, 1500, 988, 1500, 988, 988, 988, 988, 1001, 1001, 1001, 1001, 1500, 1500, 1500, 1500]
[1500, 1500, 988, 1500, 988, 988, 988, 988, 1001, 1001, 1001, 1001, 1500, 1500, 1500, 1500]
15:37:21.849620 ALT: 1.07
15:37:21.849709 ATT: [-1.6, 1.6, 23]
15:37:21.849953 ACC: [-15, -14, 516]
[1500, 1500, 988, 1499, 988, 988, 988, 988, 1001, 1001, 1001, 1001, 1500, 1500, 1500, 1500]
[1500, 1500, 988, 1500, 988, 986, 988, 988, 1001, 1001, 1001, 1001, 1500, 1500, 1500, 1500]
15:37:21.897716 ALT: 1.07
15:37:21.897963 ATT: [-1.6, 1.6, 23]
15:37:21.898271 ACC: [-15, -14, 516]
[1500, 1500, 988, 1500, 988, 988, 988, 988, 1001, 1001, 1001, 1001, 1500, 1500, 1500, 1500]
[1500, 1500, 988, 1500, 988, 988, 988, 988, 1001, 1001, 1001, 1001, 1500, 1500, 1500, 1500]
15:37:21.945712 ALT: 1.07
15:37:21.945961 ATT: [-1.6, 1.7, 23]
15:37:21.946350 ACC: [-15, -15, 517]
[1500, 1500, 988, 1500, 988, 989, 986, 988, 1001, 1001, 1001, 1001, 1500, 1500, 1500, 1500]
[1499, 1500, 988, 1500, 988, 988, 988, 988, 1001, 1001, 1001, 1001, 1500, 1500, 1500, 1500]
[1499, 1500, 988, 1499, 988, 988, 986, 988, 1001, 1001, 1001, 1001, 1500, 1500, 1500, 1500]
15:37:21.993928 ALT: 1.07
15:37:21.994280 ATT: [-1.6, 1.7, 23]
15:37:21.994793 ACC: [-15, -14, 516]
[1500, 1499, 988, 1500, 988, 988, 988, 988, 1001, 1001, 1001, 1001, 1500, 1500, 1500, 1500]
[1500, 1500, 988, 1500, 988, 988, 988, 988, 1001, 1001, 1001, 1001, 1500, 1500, 1500, 1500]
15:37:22.041516 ALT: 1.07
15:37:22.041626 ATT: [-1.6, 1.7, 23]
15:37:22.041939 ACC: [-14, -14, 516]
[1500, 1500, 988, 1500, 988, 988, 988, 988, 1001, 1001, 1001, 1001, 1500, 1500, 1500, 1500]
[1500, 1500, 988, 1500, 988, 988, 988, 988, 1001, 1001, 1001, 1001, 1500, 1500, 1500, 1500]
[1500, 1500, 988, 1500, 989, 986, 988, 988, 1001, 1001, 1001, 1001, 1500, 1500, 1500, 1500]
15:37:22.090121 ALT: 1.07
15:37:22.090243 ATT: [-1.6, 1.6, 23]
15:37:22.090769 ACC: [-15, -14, 516]
[1500, 1500, 988, 1500, 988, 988, 988, 988, 1001, 1001, 1001, 1001, 1500, 1500, 1500, 1500]
[1499, 1500, 988, 1499, 988, 988, 988, 988, 1001, 1001, 1001, 1001, 1500, 1500, 1500, 1500]
15:37:22.137408 ALT: 1.07
15:37:22.137632 ATT: [-1.6, 1.6, 23]
15:37:22.137994 ACC: [-15, -14, 516]
[1500, 1500, 988, 1500, 988, 988, 988, 988, 1001, 1001, 1001, 1001, 1500, 1500, 1500, 1500]
[1501, 1499, 988, 1499, 988, 988, 988, 988, 1001, 1001, 1001, 1001, 1500, 1500, 1500, 1500]
15:37:22.185385 ALT: 1.07
15:37:22.185475 ATT: [-1.6, 1.6, 23]
15:37:22.185766 ACC: [-14, -14, 516]
[1499, 1500, 988, 1500, 988, 988, 988, 988, 1001, 1001, 1001, 1001, 1500, 1500, 1500, 1500]
[1500, 1499, 988, 1500, 988, 988, 988, 988, 1001, 1001, 1001, 1001, 1500, 1500, 1500, 1500]
[1500, 1500, 988, 1500, 988, 988, 988, 988, 1001, 1001, 1001, 1001, 1500, 1500, 1500, 1500]
15:37:22.233756 ALT: 1.07
15:37:22.233862 ATT: [-1.6, 1.6, 23]
15:37:22.234168 ACC: [-15, -14, 516]
[1500, 1499, 988, 1500, 988, 988, 988, 988, 1001, 1001, 1001, 1001, 1500, 1500, 1500, 1500]
[1500, 1500, 988, 1500, 988, 988, 988, 988, 1001, 1001, 1001, 1001, 1500, 1500, 1500, 1500]
15:37:22.281766 ALT: 1.07
15:37:22.281963 ATT: [-1.6, 1.6, 23]
15:37:22.283043 ACC: [-15, -14, 516]
[1500, 1500, 988, 1500, 988, 988, 986, 988, 1001, 1001, 1001, 1001, 1500, 1500, 1500, 1500]
[1500, 1500, 988, 1500, 988, 988, 988, 988, 1001, 1001, 1001, 1001, 1500, 1500, 1500, 1500]
[1500, 1500, 988, 1500, 988, 988, 988, 988, 1001, 1001, 1001, 1001, 1500, 1500, 1500, 1500]
15:37:22.330362 ALT: 1.07
15:37:22.330745 ATT: [-1.6, 1.6, 23]
15:37:22.331259 ACC: [-15, -14, 516]
[1499, 1500, 988, 1500, 988, 988, 988, 988, 1001, 1001, 1001, 1001, 1500, 1500, 1500, 1500]
[1500, 1499, 988, 1500, 988, 988, 988, 988, 1001, 1001, 1001, 1001, 1500, 1500, 1500, 1500]
15:37:22.377812 ALT: 1.07
15:37:22.377911 ATT: [-1.6, 1.7, 23]
15:37:22.378315 ACC: [-15, -14, 516]
[1500, 1500, 988, 1500, 988, 988, 988, 988, 1001, 1001, 1001, 1001, 1500, 1500, 1500, 1500]
[1500, 1500, 988, 1500, 988, 988, 988, 988, 1001, 1001, 1001, 1001, 1500, 1500, 1500, 1500]
15:37:22.425494 ALT: 1.07
15:37:22.425614 ATT: [-1.6, 1.7, 23]
15:37:22.425931 ACC: [-15, -14, 516]
[1500, 1500, 988, 1500, 988, 988, 988, 988, 1001, 1001, 1001, 1001, 1500, 1500, 1500, 1500]
[1500, 1500, 988, 1500, 988, 988, 988, 988, 1001, 1001, 1001, 1001, 1500, 1500, 1500, 1500]
[1499, 1500, 988, 1500, 988, 988, 988, 988, 1001, 1001, 1001, 1001, 1500, 1500, 1500, 1500]
15:37:22.476068 ALT: 1.07
15:37:22.476203 ATT: [-1.6, 1.7, 23]
15:37:22.476596 ACC: [-15, -15, 516]
[1499, 1500, 988, 1500, 988, 988, 988, 988, 1001, 1001, 1001, 1001, 1500, 1500, 1500, 1500]
[1500, 1500, 988, 1500, 988, 988, 988, 988, 1001, 1001, 1001, 1001, 1500, 1500, 1500, 1500]
15:37:22.521455 ALT: 1.07
15:37:22.521558 ATT: [-1.6, 1.7, 23]
15:37:22.521851 ACC: [-15, -14, 516]
[1500, 1500, 988, 1499, 988, 988, 988, 988, 1001, 1001, 1001, 1001, 1500, 1500, 1500, 1500]
[1499, 1500, 988, 1500, 988, 988, 988, 988, 1001, 1001, 1001, 1001, 1500, 1500, 1500, 1500]
[1499, 1500, 988, 1500, 988, 988, 988, 988, 1001, 1001, 1001, 1001, 1500, 1500, 1500, 1500]
15:37:22.569470 ALT: 1.07
15:37:22.569585 ATT: [-1.6, 1.7, 23]
15:37:22.569966 ACC: [-15, -14, 516]
[1500, 1500, 988, 1500, 988, 988, 988, 988, 1001, 1001, 1001, 1001, 1500, 1500, 1500, 1500]
[1500, 1499, 988, 1500, 988, 988, 988, 988, 1001, 1001, 1001, 1001, 1500, 1500, 1500, 1500]
15:37:22.618423 ALT: 1.07
15:37:22.618566 ATT: [-1.6, 1.7, 23]
15:37:22.618933 ACC: [-14, -14, 516]
[1500, 1500, 986, 1500, 988, 988, 988, 988, 1001, 1001, 1001, 1001, 1500, 1500, 1500, 1500]
[1500, 1500, 988, 1500, 988, 988, 988, 988, 1001, 1001, 1001, 1001, 1500, 1500, 1500, 1500]
[1500, 1500, 988, 1499, 988, 988, 988, 988, 1001, 1001, 1001, 1001, 1500, 1500, 1500, 1500]
15:37:22.668787 ALT: 1.07
15:37:22.668984 ATT: [-1.6, 1.7, 23]
15:37:22.670469 ACC: [-15, -14, 516]
[1500, 1500, 988, 1500, 988, 988, 988, 988, 1001, 1001, 1001, 1001, 1500, 1500, 1500, 1500]
[1500, 1500, 988, 1500, 988, 988, 988, 988, 1001, 1001, 1001, 1001, 1500, 1500, 1500, 1500]
15:37:22.713479 ALT: 1.07
15:37:22.713576 ATT: [-1.6, 1.7, 23]
15:37:22.713842 ACC: [-15, -14, 515]
[1500, 1499, 988, 1499, 988, 988, 988, 988, 1001, 1001, 1001, 1001, 1500, 1500, 1500, 1500]
[1499, 1500, 988, 1499, 988, 988, 988, 988, 1001, 1001, 1001, 1001, 1500, 1500, 1500, 1500]
[1500, 1500, 988, 1500, 988, 988, 988, 988, 1001, 1001, 1001, 1001, 1500, 1500, 1500, 1500]
15:37:22.778044 ALT: 1.07
15:37:22.778131 ATT: [-1.6, 1.7, 23]
15:37:22.778417 ACC: [-14, -14, 515]
[1500, 1499, 988, 1500, 988, 988, 988, 988, 1001, 1001, 1001, 1001, 1500, 1500, 1500, 1500]
[1500, 1500, 988, 1500, 988, 988, 988, 988, 1001, 1001, 1001, 1001, 1500, 1500, 1500, 1500]
15:37:22.825602 ALT: 1.07
15:37:22.825698 ATT: [-1.6, 1.7, 23]
15:37:22.825986 ACC: [-15, -14, 515]
[1500, 1499, 988, 1500, 988, 988, 988, 988, 1001, 1001, 1001, 1001, 1500, 1500, 1500, 1500]
[1500, 1499, 988, 1500, 988, 988, 988, 988, 1001, 1001, 1001, 1001, 1500, 1500, 1500, 1500]
[1497, 1500, 988, 1500, 988, 988, 988, 988, 1001, 1001, 1001, 1001, 1500, 1500, 1500, 1500]
15:37:22.873558 ALT: 1.07
15:37:22.873655 ATT: [-1.6, 1.7, 23]
15:37:22.874077 ACC: [-15, -14, 516]
[1500, 1500, 988, 1500, 988, 988, 988, 988, 1001, 1001, 1001, 1001, 1500, 1500, 1500, 1500]
[1500, 1500, 988, 1500, 988, 988, 988, 988, 1001, 1001, 1001, 1001, 1500, 1500, 1500, 1500]
15:37:22.921501 ALT: 1.07
15:37:22.921590 ATT: [-1.6, 1.6, 23]
15:37:22.921842 ACC: [-14, -14, 515]
[1500, 1500, 988, 1500, 988, 988, 988, 988, 1001, 1001, 1001, 1001, 1500, 1500, 1500, 1500]
[1499, 1500, 988, 1500, 988, 988, 988, 988, 1001, 1001, 1001, 1001, 1500, 1500, 1500, 1500]
[1499, 1500, 988, 1500, 988, 988, 988, 988, 1001, 1001, 1001, 1001, 1500, 1500, 1500, 1500]
15:37:22.969464 ALT: 1.07
15:37:22.969551 ATT: [-1.6, 1.6, 23]
15:37:22.969801 ACC: [-15, -14, 516]
[1500, 1500, 988, 1500, 988, 988, 988, 988, 1001, 1001, 1001, 1001, 1500, 1500, 1500, 1500]
[1500, 1500, 988, 1500, 988, 988, 988, 988, 1001, 1001, 1001, 1001, 1500, 1500, 1500, 1500]
15:37:23.017822 ALT: 1.07
15:37:23.017925 ATT: [-1.6, 1.6, 23]
15:37:23.018220 ACC: [-15, -14, 516]
[1500, 1500, 988, 1500, 988, 988, 988, 988, 1001, 1001, 1001, 1001, 1500, 1500, 1500, 1500]
[1500, 1500, 988, 1500, 988, 988, 988, 988, 1001, 1001, 1001, 1001, 1500, 1500, 1500, 1500]
[1500, 1499, 988, 1500, 988, 988, 988, 988, 1001, 1001, 1001, 1001, 1500, 1500, 1500, 1500]
15:37:23.066647 ALT: 1.07
15:37:23.066733 ATT: [-1.6, 1.7, 23]
15:37:23.066958 ACC: [-15, -14, 516]
[1499, 1500, 988, 1500, 988, 988, 988, 988, 1001, 1001, 1001, 1001, 1500, 1500, 1500, 1500]
[1500, 1500, 988, 1499, 988, 988, 988, 988, 1001, 1001, 1001, 1001, 1500, 1500, 1500, 1500]
15:37:23.113609 ALT: 1.07
15:37:23.113707 ATT: [-1.6, 1.6, 23]
15:37:23.113976 ACC: [-14, -14, 516]
[1500, 1500, 989, 1499, 988, 988, 988, 988, 1001, 1001, 1001, 1001, 1500, 1500, 1500, 1500]
[1500, 1500, 988, 1500, 988, 988, 988, 988, 1001, 1001, 1001, 1001, 1500, 1500, 1500, 1500]
15:37:23.161574 ALT: 1.07
15:37:23.161674 ATT: [-1.6, 1.6, 23]
15:37:23.162026 ACC: [-15, -14, 516]
[1499, 1500, 988, 1500, 988, 988, 988, 988, 1001, 1001, 1001, 1001, 1500, 1500, 1500, 1500]
[1499, 1500, 988, 1500, 986, 988, 988, 988, 1001, 1001, 1001, 1001, 1500, 1500, 1500, 1500]
[1500, 1500, 989, 1499, 989, 986, 988, 988, 1001, 1001, 1001, 1001, 1500, 1500, 1500, 1500]
15:37:23.209588 ALT: 1.07
15:37:23.209689 ATT: [-1.6, 1.6, 23]
15:37:23.209970 ACC: [-14, -14, 516]
[1500, 1500, 988, 1500, 988, 986, 988, 988, 1001, 1001, 1001, 1001, 1500, 1500, 1500, 1500]
[1500, 1500, 988, 1500, 988, 988, 989, 986, 1001, 1001, 1001, 1001, 1500, 1500, 1500, 1500]
15:37:23.259108 ALT: 1.07
15:37:23.259268 ATT: [-1.6, 1.6, 23]
15:37:23.259584 ACC: [-14, -14, 516]
[1500, 1500, 988, 1500, 988, 988, 988, 988, 1001, 1001, 1001, 1001, 1500, 1500, 1500, 1500]
[1500, 1500, 988, 1500, 988, 988, 988, 988, 1001, 1001, 1001, 1001, 1500, 1500, 1500, 1500]
15:37:23.305486 ALT: 1.02
15:37:23.305592 ATT: [-1.6, 1.6, 23]
15:37:23.305897 ACC: [-15, -14, 516]
[1500, 1500, 988, 1500, 988, 988, 988, 988, 1001, 1001, 1001, 1001, 1500, 1500, 1500, 1500]
[1500, 1499, 988, 1499, 988, 988, 988, 988, 1001, 1001, 1001, 1001, 1500, 1500, 1500, 1500]
[1500, 1500, 988, 1499, 988, 988, 988, 988, 1001, 1001, 1001, 1001, 1500, 1500, 1500, 1500]
15:37:23.353552 ALT: 1.0
15:37:23.353642 ATT: [-1.6, 1.6, 23]
15:37:23.353996 ACC: [-15, -14, 516]
[1500, 1500, 988, 1500, 988, 988, 988, 988, 1001, 1001, 1001, 1001, 1500, 1500, 1500, 1500]
[1499, 1500, 988, 1500, 988, 988, 988, 988, 1001, 1001, 1001, 1001, 1500, 1500, 1500, 1500]
15:37:23.401568 ALT: 1.0
15:37:23.401654 ATT: [-1.6, 1.6, 23]
15:37:23.401912 ACC: [-15, -14, 516]
[1500, 1500, 988, 1500, 988, 988, 988, 988, 1001, 1001, 1001, 1001, 1500, 1500, 1500, 1500]
[1500, 1499, 988, 1499, 988, 988, 988, 988, 1001, 1001, 1001, 1001, 1500, 1500, 1500, 1500]
[1499, 1500, 988, 1500, 988, 988, 988, 988, 1001, 1001, 1001, 1001, 1500, 1500, 1500, 1500]
15:37:23.449708 ALT: 1.0
15:37:23.449925 ATT: [-1.6, 1.6, 23]
15:37:23.450797 ACC: [-14, -14, 516]
[1500, 1500, 988, 1500, 988, 988, 988, 988, 1001, 1001, 1001, 1001, 1500, 1500, 1500, 1500]
[1500, 1500, 988, 1500, 988, 988, 988, 988, 1001, 1001, 1001, 1001, 1500, 1500, 1500, 1500]
15:37:23.497936 ALT: 1.0
15:37:23.498038 ATT: [-1.6, 1.6, 23]
15:37:23.498309 ACC: [-14, -14, 516]
[1500, 1500, 988, 1500, 988, 988, 988, 988, 1001, 1001, 1001, 1001, 1500, 1500, 1500, 1500]
[1500, 1500, 988, 1500, 988, 988, 988, 988, 1001, 1001, 1001, 1001, 1500, 1500, 1500, 1500]
15:37:23.545838 ALT: 1.0
15:37:23.545926 ATT: [-1.6, 1.6, 23]
15:37:23.546325 ACC: [-15, -14, 516]
[1500, 1499, 988, 1500, 988, 988, 988, 988, 1001, 1001, 1001, 1001, 1500, 1500, 1500, 1500]
[1500, 1500, 988, 1500, 988, 988, 988, 988, 1001, 1001, 1001, 1001, 1500, 1500, 1500, 1500]
[1499, 1500, 988, 1500, 988, 988, 988, 988, 1001, 1001, 1001, 1001, 1500, 1500, 1500, 1500]
15:37:23.593979 ALT: 1.0
15:37:23.594070 ATT: [-1.6, 1.6, 23]
15:37:23.594463 ACC: [-14, -14, 516]
[1500, 1500, 988, 1500, 988, 988, 988, 988, 1001, 1001, 1001, 1001, 1500, 1500, 1500, 1500]
[1500, 1500, 988, 1500, 988, 988, 988, 988, 1001, 1001, 1001, 1001, 1500, 1500, 1500, 1500]
15:37:23.641704 ALT: 1.0
15:37:23.641797 ATT: [-1.6, 1.6, 23]
15:37:23.642068 ACC: [-15, -14, 516]
[1499, 1500, 988, 1500, 988, 988, 988, 988, 1001, 1001, 1001, 1001, 1500, 1500, 1500, 1500]
[1500, 1500, 988, 1500, 988, 988, 988, 988, 1001, 1001, 1001, 1001, 1500, 1500, 1500, 1500]
[1499, 1500, 988, 1500, 988, 988, 988, 988, 1001, 1001, 1001, 1001, 1500, 1500, 1500, 1500]
15:37:23.689646 ALT: 1.0
15:37:23.689748 ATT: [-1.6, 1.6, 23]
15:37:23.690324 ACC: [-15, -14, 516]
[1500, 1500, 988, 1500, 988, 988, 988, 988, 1001, 1001, 1001, 1001, 1500, 1500, 1500, 1500]
[1501, 1497, 988, 1500, 988, 988, 988, 988, 1001, 1001, 1001, 1001, 1500, 1500, 1500, 1500]
15:37:23.737648 ALT: 1.0
15:37:23.737736 ATT: [-1.6, 1.7, 23]
15:37:23.737989 ACC: [-15, -14, 516]
[1500, 1500, 988, 1500, 988, 988, 988, 988, 1001, 1001, 1001, 1001, 1500, 1500, 1500, 1500]
[1500, 1499, 988, 1500, 988, 988, 988, 988, 1001, 1001, 1001, 1001, 1500, 1500, 1500, 1500]
15:37:23.785537 ALT: 1.0
15:37:23.785622 ATT: [-1.6, 1.7, 23]
15:37:23.785875 ACC: [-14, -14, 516]
[1497, 1500, 988, 1501, 986, 988, 988, 988, 1001, 1001, 1001, 1001, 1500, 1500, 1500, 1500]
[1500, 1500, 988, 1500, 988, 988, 988, 988, 1001, 1001, 1001, 1001, 1500, 1500, 1500, 1500]
[1500, 1500, 988, 1500, 988, 988, 988, 988, 1001, 1001, 1001, 1001, 1500, 1500, 1500, 1500]
15:37:23.834121 ALT: 1.0
15:37:23.834207 ATT: [-1.6, 1.6, 23]
15:37:23.834463 ACC: [-15, -14, 516]
[1500, 1500, 988, 1500, 988, 988, 989, 986, 1001, 1001, 1001, 1001, 1500, 1500, 1500, 1500]
[1500, 1500, 988, 1500, 988, 988, 988, 988, 1001, 1001, 1001, 1001, 1500, 1500, 1500, 1500]
15:37:23.882013 ALT: 1.0
15:37:23.882112 ATT: [-1.6, 1.6, 23]
15:37:23.882490 ACC: [-14, -14, 516]
[1500, 1500, 988, 1500, 988, 988, 988, 988, 1001, 1001, 1001, 1001, 1500, 1500, 1500, 1500]
[1500, 1500, 988, 1500, 988, 988, 988, 988, 1001, 1001, 1001, 1001, 1500, 1500, 1500, 1500]
[1500, 1500, 988, 1500, 988, 988, 988, 988, 1001, 1001, 1001, 1001, 1500, 1500, 1500, 1500]
15:37:23.930392 ALT: 1.0
15:37:23.930635 ATT: [-1.6, 1.6, 23]
15:37:23.931127 ACC: [-14, -14, 516]
[1499, 1500, 988, 1499, 988, 988, 988, 988, 1001, 1001, 1001, 1001, 1500, 1500, 1500, 1500]
[1500, 1500, 988, 1500, 988, 988, 988, 988, 1001, 1001, 1001, 1001, 1500, 1500, 1500, 1500]
15:37:23.978017 ALT: 1.0
15:37:23.978107 ATT: [-1.6, 1.6, 23]
15:37:23.978504 ACC: [-15, -14, 516]
[1500, 1500, 988, 1500, 986, 988, 988, 988, 1001, 1001, 1001, 1001, 1500, 1500, 1500, 1500]
[1500, 1500, 988, 1500, 988, 988, 988, 988, 1001, 1001, 1001, 1001, 1500, 1500, 1500, 1500]
15:37:24.025628 ALT: 1.0
15:37:24.025719 ATT: [-1.6, 1.6, 23]
15:37:24.026023 ACC: [-15, -14, 516]
[1500, 1499, 988, 1499, 988, 988, 988, 988, 1001, 1001, 1001, 1001, 1500, 1500, 1500, 1500]
[1500, 1499, 988, 1500, 988, 988, 988, 988, 1001, 1001, 1001, 1001, 1500, 1500, 1500, 1500]
[1500, 1500, 988, 1500, 988, 988, 988, 988, 1001, 1001, 1001, 1001, 1500, 1500, 1500, 1500]
15:37:24.073836 ALT: 1.0
15:37:24.073932 ATT: [-1.6, 1.6, 23]
15:37:24.074746 ACC: [-15, -15, 516]
[1500, 1500, 988, 1500, 988, 988, 988, 988, 1001, 1001, 1001, 1001, 1500, 1500, 1500, 1500]
[1500, 1500, 988, 1500, 988, 988, 988, 988, 1001, 1001, 1001, 1001, 1500, 1500, 1500, 1500]
15:37:24.121628 ALT: 1.0
15:37:24.121711 ATT: [-1.6, 1.6, 23]
15:37:24.121958 ACC: [-15, -14, 516]
[1500, 1499, 988, 1500, 988, 988, 989, 986, 1001, 1001, 1001, 1001, 1500, 1500, 1500, 1500]
[1499, 1500, 988, 1500, 988, 988, 988, 988, 1001, 1001, 1001, 1001, 1500, 1500, 1500, 1500]
[1500, 1499, 988, 1499, 988, 988, 988, 988, 1001, 1001, 1001, 1001, 1500, 1500, 1500, 1500]
15:37:24.169650 ALT: 1.0
15:37:24.169735 ATT: [-1.6, 1.6, 23]
15:37:24.169984 ACC: [-14, -14, 516]
[1500, 1500, 988, 1500, 988, 988, 988, 988, 1001, 1001, 1001, 1001, 1500, 1500, 1500, 1500]
[1500, 1500, 988, 1500, 988, 988, 988, 988, 1001, 1001, 1001, 1001, 1500, 1500, 1500, 1500]
15:37:24.217993 ALT: 1.0
15:37:24.218077 ATT: [-1.6, 1.6, 23]
15:37:24.218331 ACC: [-14, -14, 515]
[1500, 1500, 988, 1500, 988, 988, 988, 988, 1001, 1001, 1001, 1001, 1500, 1500, 1500, 1500]
[1500, 1500, 988, 1500, 988, 988, 988, 988, 1001, 1001, 1001, 1001, 1500, 1500, 1500, 1500]
15:37:24.265824 ALT: 1.0
15:37:24.266066 ATT: [-1.6, 1.6, 23]
15:37:24.266770 ACC: [-15, -14, 516]
[1500, 1500, 988, 1500, 988, 988, 988, 988, 1001, 1001, 1001, 1001, 1500, 1500, 1500, 1500]
[1500, 1500, 988, 1499, 988, 988, 988, 988, 1001, 1001, 1001, 1001, 1500, 1500, 1500, 1500]
[1500, 1499, 988, 1500, 988, 988, 988, 988, 1001, 1001, 1001, 1001, 1500, 1500, 1500, 1500]
15:37:24.313688 ALT: 1.0
15:37:24.313844 ATT: [-1.6, 1.6, 23]
15:37:24.314400 ACC: [-15, -14, 516]
[1500, 1500, 988, 1500, 988, 988, 988, 988, 1001, 1001, 1001, 1001, 1500, 1500, 1500, 1500]
[1497, 1499, 988, 1500, 988, 988, 988, 988, 1001, 1001, 1001, 1001, 1500, 1500, 1500, 1500]
15:37:24.366606 ALT: 1.0
15:37:24.366806 ATT: [-1.6, 1.6, 23]
15:37:24.369104 ACC: [-14, -14, 516]
[1500, 1500, 988, 1500, 988, 988, 988, 988, 1001, 1001, 1001, 1001, 1500, 1500, 1500, 1500]
[1499, 1500, 988, 1500, 988, 988, 988, 988, 1001, 1001, 1001, 1001, 1500, 1500, 1500, 1500]
[1499, 1500, 988, 1500, 988, 988, 988, 988, 1001, 1001, 1001, 1001, 1500, 1500, 1500, 1500]
15:37:24.411551 ALT: 1.0
15:37:24.411667 ATT: [-1.6, 1.6, 23]
15:37:24.412044 ACC: [-15, -14, 516]
[1500, 1500, 988, 1500, 988, 988, 988, 988, 1001, 1001, 1001, 1001, 1500, 1500, 1500, 1500]
[1500, 1500, 988, 1500, 988, 988, 988, 988, 1001, 1001, 1001, 1001, 1500, 1500, 1500, 1500]
15:37:24.457744 ALT: 1.0
15:37:24.457852 ATT: [-1.6, 1.6, 23]
15:37:24.458166 ACC: [-15, -14, 516]
[1500, 1500, 988, 1500, 988, 988, 988, 988, 1001, 1001, 1001, 1001, 1500, 1500, 1500, 1500]
[1500, 1500, 988, 1500, 988, 988, 988, 988, 1001, 1001, 1001, 1001, 1500, 1500, 1500, 1500]
15:37:24.505672 ALT: 1.0
15:37:24.505776 ATT: [-1.6, 1.6, 23]
15:37:24.506066 ACC: [-15, -15, 516]
[1500, 1499, 988, 1500, 988, 988, 988, 988, 1001, 1001, 1001, 1001, 1500, 1500, 1500, 1500]
[1500, 1500, 988, 1499, 988, 988, 988, 988, 1001, 1001, 1001, 1001, 1500, 1500, 1500, 1500]
[1500, 1499, 988, 1500, 988, 988, 988, 988, 1001, 1001, 1001, 1001, 1500, 1500, 1500, 1500]
15:37:24.553738 ALT: 1.0
15:37:24.553833 ATT: [-1.6, 1.6, 23]
15:37:24.554125 ACC: [-15, -14, 516]
[1500, 1500, 988, 1500, 988, 988, 988, 988, 1001, 1001, 1001, 1001, 1500, 1500, 1500, 1500]
[1500, 1500, 988, 1500, 988, 988, 988, 988, 1001, 1001, 1001, 1001, 1500, 1500, 1500, 1500]
15:37:24.601807 ALT: 1.0
15:37:24.601900 ATT: [-1.6, 1.6, 23]
15:37:24.602192 ACC: [-14, -15, 516]
[1500, 1500, 988, 1500, 988, 988, 988, 988, 1001, 1001, 1001, 1001, 1500, 1500, 1500, 1500]
[1500, 1500, 986, 1500, 988, 988, 988, 988, 1001, 1001, 1001, 1001, 1500, 1500, 1500, 1500]
[1500, 1499, 988, 1500, 988, 988, 988, 988, 1001, 1001, 1001, 1001, 1500, 1500, 1500, 1500]
15:37:24.649910 ALT: 1.0
15:37:24.650049 ATT: [-1.6, 1.6, 23]
15:37:24.651864 ACC: [-15, -14, 516]
[1500, 1500, 988, 1500, 988, 988, 988, 988, 1001, 1001, 1001, 1001, 1500, 1500, 1500, 1500]
[1500, 1500, 988, 1500, 988, 988, 988, 988, 1001, 1001, 1001, 1001, 1500, 1500, 1500, 1500]
15:37:24.697770 ALT: 1.0
15:37:24.697897 ATT: [-1.6, 1.6, 23]
15:37:24.698373 ACC: [-15, -15, 516]
[1499, 1500, 988, 1500, 988, 988, 988, 988, 1001, 1001, 1001, 1001, 1500, 1500, 1500, 1500]
[1500, 1500, 988, 1500, 988, 988, 988, 988, 1001, 1001, 1001, 1001, 1500, 1500, 1500, 1500]
15:37:24.746057 ALT: 1.0
15:37:24.746158 ATT: [-1.6, 1.6, 23]
15:37:24.749892 ACC: [-14, -14, 516]
[1500, 1499, 988, 1499, 988, 988, 988, 988, 1001, 1001, 1001, 1001, 1500, 1500, 1500, 1500]
[1500, 1499, 988, 1500, 988, 988, 988, 988, 1001, 1001, 1001, 1001, 1500, 1500, 1500, 1500]
[1500, 1499, 988, 1500, 988, 988, 988, 988, 1001, 1001, 1001, 1001, 1500, 1500, 1500, 1500]
[1500, 1500, 988, 1499, 988, 988, 988, 988, 1001, 1001, 1001, 1001, 1500, 1500, 1500, 1500]
15:37:24.812070 ALT: 1.0
15:37:24.812222 ATT: [-1.6, 1.6, 23]
15:37:24.812552 ACC: [-15, -14, 516]
[1500, 1500, 988, 1500, 988, 988, 988, 988, 1001, 1001, 1001, 1001, 1500, 1500, 1500, 1500]
[1500, 1500, 988, 1500, 988, 988, 988, 988, 1001, 1001, 1001, 1001, 1500, 1500, 1500, 1500]
15:37:24.858858 ALT: 1.0
15:37:24.860912 ATT: [-1.6, 1.6, 23]
15:37:24.862231 ACC: [-15, -14, 516]
[1500, 1499, 988, 1500, 988, 988, 988, 988, 1001, 1001, 1001, 1001, 1500, 1500, 1500, 1500]
[1500, 1500, 988, 1499, 988, 988, 988, 988, 1001, 1001, 1001, 1001, 1500, 1500, 1500, 1500]
[1500, 1500, 988, 1500, 988, 988, 988, 988, 1001, 1001, 1001, 1001, 1500, 1500, 1500, 1500]
15:37:24.906678 ALT: 1.0
15:37:24.906765 ATT: [-1.6, 1.6, 23]
15:37:24.907065 ACC: [-15, -14, 516]
[1500, 1499, 988, 1500, 988, 986, 988, 988, 1001, 1001, 1001, 1001, 1500, 1500, 1500, 1500]
[1500, 1499, 988, 1500, 988, 989, 986, 988, 1001, 1001, 1001, 1001, 1500, 1500, 1500, 1500]
15:37:24.953801 ALT: 1.0
15:37:24.953899 ATT: [-1.6, 1.7, 23]
15:37:24.954287 ACC: [-15, -14, 516]
[1500, 1499, 988, 1500, 988, 988, 988, 988, 1001, 1001, 1001, 1001, 1500, 1500, 1500, 1500]
[1500, 1500, 988, 1500, 988, 988, 988, 988, 1001, 1001, 1001, 1001, 1500, 1500, 1500, 1500]
15:37:25.001863 ALT: 1.0
15:37:25.001957 ATT: [-1.6, 1.7, 23]
15:37:25.002257 ACC: [-15, -15, 516]
[1499, 1500, 988, 1500, 988, 988, 988, 988, 1001, 1001, 1001, 1001, 1500, 1500, 1500, 1500]
[1500, 1500, 988, 1500, 988, 988, 988, 988, 1001, 1001, 1001, 1001, 1500, 1500, 1500, 1500]
[1500, 1499, 988, 1499, 988, 988, 988, 988, 1001, 1001, 1001, 1001, 1500, 1500, 1500, 1500]
15:37:25.049844 ALT: 1.0
15:37:25.049964 ATT: [-1.6, 1.7, 23]
15:37:25.050261 ACC: [-15, -14, 515]
[1500, 1500, 988, 1500, 988, 988, 988, 988, 1001, 1001, 1001, 1001, 1500, 1500, 1500, 1500]
[1500, 1500, 988, 1500, 988, 988, 988, 988, 1001, 1001, 1001, 1001, 1500, 1500, 1500, 1500]
15:37:25.097924 ALT: 1.0
15:37:25.098055 ATT: [-1.6, 1.7, 23]
15:37:25.098563 ACC: [-15, -15, 516]
[1499, 1500, 988, 1500, 988, 988, 988, 988, 1001, 1001, 1001, 1001, 1500, 1500, 1500, 1500]
[1500, 1500, 988, 1500, 988, 988, 988, 988, 1001, 1001, 1001, 1001, 1500, 1500, 1500, 1500]
[1500, 1499, 988, 1499, 988, 988, 988, 988, 1001, 1001, 1001, 1001, 1500, 1500, 1500, 1500]
15:37:25.146937 ALT: 1.0
15:37:25.147039 ATT: [-1.6, 1.7, 23]
15:37:25.147380 ACC: [-15, -14, 516]
[1500, 1500, 988, 1499, 988, 988, 988, 988, 1001, 1001, 1001, 1001, 1500, 1500, 1500, 1500]
[1500, 1500, 988, 1500, 988, 988, 988, 988, 1001, 1001, 1001, 1001, 1500, 1500, 1500, 1500]
15:37:25.194120 ALT: 1.03
15:37:25.194352 ATT: [-1.6, 1.7, 23]
15:37:25.195020 ACC: [-15, -15, 516]
[1500, 1500, 988, 1500, 988, 988, 988, 988, 1001, 1001, 1001, 1001, 1500, 1500, 1500, 1500]
[1497, 1500, 988, 1500, 988, 988, 988, 988, 1001, 1001, 1001, 1001, 1500, 1500, 1500, 1500]
15:37:25.244016 ALT: 1.06
15:37:25.250566 ATT: [-1.6, 1.7, 23]
15:37:25.250960 ACC: [-14, -14, 516]
[1500, 1499, 988, 1500, 988, 988, 988, 988, 1001, 1001, 1001, 1001, 1500, 1500, 1500, 1500]
[1500, 1499, 988, 1500, 988, 988, 988, 988, 1001, 1001, 1001, 1001, 1500, 1500, 1500, 1500]
[1500, 1500, 988, 1500, 988, 988, 988, 988, 1001, 1001, 1001, 1001, 1500, 1500, 1500, 1500]
15:37:25.290077 ALT: 1.07
15:37:25.290182 ATT: [-1.6, 1.6, 23]
15:37:25.290584 ACC: [-14, -15, 516]
[1500, 1500, 988, 1500, 988, 989, 986, 988, 1001, 1001, 1001, 1001, 1500, 1500, 1500, 1500]
[1500, 1500, 988, 1500, 988, 988, 988, 988, 1001, 1001, 1001, 1001, 1500, 1500, 1500, 1500]
15:37:25.337867 ALT: 1.07
15:37:25.337963 ATT: [-1.6, 1.6, 23]
15:37:25.338257 ACC: [-15, -14, 516]
[1500, 1500, 988, 1500, 988, 988, 988, 988, 1001, 1001, 1001, 1001, 1500, 1500, 1500, 1500]
[1500, 1500, 988, 1500, 988, 988, 988, 988, 1001, 1001, 1001, 1001, 1500, 1500, 1500, 1500]
[1499, 1500, 988, 1500, 988, 988, 988, 988, 1001, 1001, 1001, 1001, 1500, 1500, 1500, 1500]
15:37:25.386225 ALT: 1.07
15:37:25.386321 ATT: [-1.6, 1.7, 23]
15:37:25.386654 ACC: [-15, -14, 516]
[1500, 1500, 988, 1499, 988, 988, 988, 988, 1001, 1001, 1001, 1001, 1500, 1500, 1500, 1500]
[1500, 1500, 986, 1500, 988, 988, 988, 988, 1001, 1001, 1001, 1001, 1500, 1500, 1500, 1500]
15:37:25.434192 ALT: 1.07
15:37:25.434553 ATT: [-1.6, 1.7, 23]
15:37:25.435312 ACC: [-15, -14, 516]
[1499, 1500, 988, 1500, 988, 988, 988, 988, 1001, 1001, 1001, 1001, 1500, 1500, 1500, 1500]
[1499, 1500, 988, 1500, 988, 988, 988, 988, 1001, 1001, 1001, 1001, 1500, 1500, 1500, 1500]
15:37:25.481926 ALT: 1.07
15:37:25.482031 ATT: [-1.6, 1.7, 23]
15:37:25.482322 ACC: [-14, -14, 515]
[1500, 1500, 988, 1500, 988, 988, 988, 988, 1001, 1001, 1001, 1001, 1500, 1500, 1500, 1500]
[1499, 1500, 988, 1500, 988, 988, 988, 988, 1001, 1001, 1001, 1001, 1500, 1500, 1500, 1500]
[1500, 1500, 988, 1500, 988, 988, 988, 989, 1001, 1001, 1001, 1001, 1500, 1500, 1500, 1500]
15:37:25.529989 ALT: 1.07
15:37:25.530167 ATT: [-1.6, 1.7, 23]
15:37:25.530732 ACC: [-15, -14, 516]
[1500, 1499, 988, 1500, 988, 988, 988, 988, 1001, 1001, 1001, 1001, 1500, 1500, 1500, 1500]
[1500, 1500, 988, 1499, 988, 988, 988, 988, 1001, 1001, 1001, 1001, 1500, 1500, 1500, 1500]
15:37:25.578158 ALT: 1.07
15:37:25.578321 ATT: [-1.6, 1.7, 23]
15:37:25.579076 ACC: [-15, -14, 516]
[1500, 1500, 988, 1500, 988, 988, 988, 988, 1001, 1001, 1001, 1001, 1500, 1500, 1500, 1500]
[1499, 1500, 988, 1500, 988, 988, 988, 988, 1001, 1001, 1001, 1001, 1500, 1500, 1500, 1500]
15:37:25.626142 ALT: 1.07
15:37:25.626255 ATT: [-1.6, 1.7, 23]
15:37:25.626672 ACC: [-15, -14, 516]
[1500, 1500, 988, 1499, 988, 988, 988, 988, 1001, 1001, 1001, 1001, 1500, 1500, 1500, 1500]
[1500, 1500, 988, 1499, 988, 988, 988, 988, 1001, 1001, 1001, 1001, 1500, 1500, 1500, 1500]
[1500, 1500, 988, 1500, 988, 988, 988, 988, 1001, 1001, 1001, 1001, 1500, 1500, 1500, 1500]
15:37:25.673900 ALT: 1.07
15:37:25.674011 ATT: [-1.6, 1.7, 23]
15:37:25.674295 ACC: [-14, -14, 516]
[1500, 1500, 988, 1500, 988, 988, 988, 988, 1001, 1001, 1001, 1001, 1500, 1500, 1500, 1500]
[1500, 1500, 988, 1500, 988, 988, 988, 988, 1001, 1001, 1001, 1001, 1500, 1500, 1500, 1500]
15:37:25.722099 ALT: 1.07
15:37:25.722196 ATT: [-1.6, 1.6, 23]
15:37:25.722985 ACC: [-14, -14, 516]
[1500, 1500, 988, 1500, 988, 988, 988, 988, 1001, 1001, 1001, 1001, 1500, 1500, 1500, 1500]
[1499, 1500, 988, 1500, 988, 988, 988, 988, 1001, 1001, 1001, 1001, 1500, 1500, 1500, 1500]
[1500, 1500, 988, 1500, 988, 988, 988, 988, 1001, 1001, 1001, 1001, 1500, 1500, 1500, 1500]
15:37:25.769987 ALT: 1.07
15:37:25.770092 ATT: [-1.6, 1.6, 23]
15:37:25.770420 ACC: [-14, -14, 516]
[1500, 1500, 988, 1500, 988, 988, 988, 988, 1001, 1001, 1001, 1001, 1500, 1500, 1500, 1500]
[1499, 1500, 988, 1500, 988, 989, 986, 988, 1001, 1001, 1001, 1001, 1500, 1500, 1500, 1500]
15:37:25.817967 ALT: 1.07
15:37:25.818076 ATT: [-1.6, 1.6, 23]
15:37:25.818393 ACC: [-14, -14, 515]
[1499, 1500, 986, 1500, 988, 988, 988, 988, 1001, 1001, 1001, 1001, 1500, 1500, 1500, 1500]
[1500, 1499, 988, 1500, 988, 988, 988, 988, 1001, 1001, 1001, 1001, 1500, 1500, 1500, 1500]
15:37:25.867093 ALT: 1.07
15:37:25.867268 ATT: [-1.6, 1.6, 23]
15:37:25.868171 ACC: [-15, -14, 516]
[1500, 1499, 988, 1500, 988, 988, 988, 988, 1001, 1001, 1001, 1001, 1500, 1500, 1500, 1500]
[1500, 1500, 988, 1500, 988, 988, 988, 988, 1001, 1001, 1001, 1001, 1500, 1500, 1500, 1500]
[1500, 1500, 988, 1500, 988, 988, 988, 988, 1001, 1001, 1001, 1001, 1500, 1500, 1500, 1500]
15:37:25.914113 ALT: 1.07
15:37:25.914273 ATT: [-1.6, 1.6, 23]
15:37:25.914991 ACC: [-14, -14, 516]
[1500, 1499, 988, 1500, 988, 988, 988, 988, 1001, 1001, 1001, 1001, 1500, 1500, 1500, 1500]
[1500, 1499, 988, 1499, 988, 988, 988, 988, 1001, 1001, 1001, 1001, 1500, 1500, 1500, 1500]
15:37:25.962242 ALT: 1.07
15:37:25.962906 ATT: [-1.6, 1.6, 23]
15:37:25.963453 ACC: [-15, -14, 516]
[1500, 1499, 988, 1499, 988, 988, 988, 988, 1001, 1001, 1001, 1001, 1500, 1500, 1500, 1500]
[1499, 1500, 988, 1499, 988, 988, 988, 988, 1001, 1001, 1001, 1001, 1500, 1500, 1500, 1500]
[1500, 1500, 988, 1499, 988, 988, 988, 988, 1001, 1001, 1001, 1001, 1500, 1500, 1500, 1500]
15:37:26.014513 ALT: 1.07
15:37:26.014873 ATT: [-1.6, 1.6, 23]
15:37:26.015638 ACC: [-15, -14, 516]
[1500, 1500, 988, 1500, 988, 988, 989, 986, 1001, 1001, 1001, 1001, 1500, 1500, 1500, 1500]
[1500, 1499, 988, 1500, 988, 988, 988, 988, 1001, 1001, 1001, 1001, 1500, 1500, 1500, 1500]
15:37:26.058670 ALT: 1.07
15:37:26.060439 ATT: [-1.6, 1.6, 23]
15:37:26.066735 ACC: [-15, -14, 515]
[1499, 1500, 988, 1500, 991, 985, 988, 988, 1001, 1001, 1001, 1001, 1500, 1500, 1500, 1500]
[1500, 1500, 988, 1500, 988, 988, 988, 988, 1001, 1001, 1001, 1001, 1500, 1500, 1500, 1500]
[1500, 1500, 988, 1500, 988, 988, 988, 988, 1001, 1001, 1001, 1001, 1500, 1500, 1500, 1500]
15:37:26.122144 ALT: 1.07
15:37:26.122273 ATT: [-1.6, 1.6, 23]
15:37:26.122798 ACC: [-15, -14, 516]
[1500, 1501, 985, 1500, 988, 988, 988, 988, 1001, 1001, 1001, 1001, 1500, 1500, 1500, 1500]
[1500, 1500, 988, 1500, 988, 988, 988, 988, 1001, 1001, 1001, 1001, 1500, 1500, 1500, 1500]
[1499, 1500, 988, 1500, 988, 988, 988, 988, 1001, 1001, 1001, 1001, 1500, 1500, 1500, 1500]
15:37:26.170083 ALT: 1.07
15:37:26.170183 ATT: [-1.6, 1.6, 23]
15:37:26.170486 ACC: [-15, -15, 516]
[1500, 1500, 988, 1499, 988, 988, 988, 988, 1001, 1001, 1001, 1001, 1500, 1500, 1500, 1500]
[1500, 1500, 988, 1500, 988, 988, 988, 988, 1001, 1001, 1001, 1001, 1500, 1500, 1500, 1500]
15:37:26.217993 ALT: 1.07
15:37:26.218089 ATT: [-1.6, 1.6, 23]
15:37:26.218385 ACC: [-15, -14, 515]
[1500, 1499, 988, 1500, 988, 988, 988, 988, 1001, 1001, 1001, 1001, 1500, 1500, 1500, 1500]
[1500, 1500, 988, 1500, 988, 988, 988, 988, 1001, 1001, 1001, 1001, 1500, 1500, 1500, 1500]
[1500, 1500, 988, 1500, 988, 988, 988, 988, 1001, 1001, 1001, 1001, 1500, 1500, 1500, 1500]
15:37:26.268192 ALT: 1.07
15:37:26.268308 ATT: [-1.6, 1.7, 23]
15:37:26.268656 ACC: [-15, -14, 515]
[1500, 1500, 988, 1500, 988, 988, 988, 988, 1001, 1001, 1001, 1001, 1500, 1500, 1500, 1500]
[1499, 1500, 988, 1500, 988, 988, 988, 988, 1001, 1001, 1001, 1001, 1500, 1500, 1500, 1500]
15:37:26.314922 ALT: 1.07
15:37:26.315127 ATT: [-1.6, 1.7, 23]
15:37:26.315849 ACC: [-15, -14, 516]
[1500, 1499, 988, 1500, 988, 988, 988, 988, 1001, 1001, 1001, 1001, 1500, 1500, 1500, 1500]
[1500, 1500, 988, 1500, 988, 988, 988, 988, 1001, 1001, 1001, 1001, 1500, 1500, 1500, 1500]
15:37:26.362247 ALT: 1.07
15:37:26.362419 ATT: [-1.6, 1.7, 23]
15:37:26.363671 ACC: [-14, -14, 515]
[1500, 1500, 988, 1500, 988, 988, 988, 988, 1001, 1001, 1001, 1001, 1500, 1500, 1500, 1500]
[1500, 1500, 988, 1500, 988, 988, 988, 988, 1001, 1001, 1001, 1001, 1500, 1500, 1500, 1500]
[1500, 1500, 988, 1500, 988, 988, 988, 988, 1001, 1001, 1001, 1001, 1500, 1500, 1500, 1500]
15:37:26.414005 ALT: 1.07
15:37:26.414117 ATT: [-1.6, 1.7, 23]
15:37:26.414692 ACC: [-15, -14, 516]
[1499, 1500, 988, 1500, 988, 988, 988, 988, 1001, 1001, 1001, 1001, 1500, 1500, 1500, 1500]
[1500, 1499, 988, 1500, 988, 988, 988, 988, 1001, 1001, 1001, 1001, 1500, 1500, 1500, 1500]
15:37:26.458423 ALT: 1.07
15:37:26.458708 ATT: [-1.6, 1.7, 23]
15:37:26.459587 ACC: [-15, -14, 516]
[1500, 1499, 988, 1500, 988, 988, 988, 988, 1001, 1001, 1001, 1001, 1500, 1500, 1500, 1500]
[1500, 1500, 988, 1500, 988, 988, 988, 988, 1001, 1001, 1001, 1001, 1500, 1500, 1500, 1500]
[1500, 1500, 988, 1500, 988, 988, 988, 988, 1001, 1001, 1001, 1001, 1500, 1500, 1500, 1500]
15:37:26.508733 ALT: 1.07
15:37:26.508968 ATT: [-1.6, 1.7, 23]
15:37:26.510822 ACC: [-15, -14, 516]
[1500, 1500, 986, 1500, 988, 988, 988, 988, 1001, 1001, 1001, 1001, 1500, 1500, 1500, 1500]
[1499, 1500, 988, 1500, 988, 988, 988, 988, 1001, 1001, 1001, 1001, 1500, 1500, 1500, 1500]
15:37:26.556077 ALT: 1.07
15:37:26.556316 ATT: [-1.6, 1.7, 23]
15:37:26.557383 ACC: [-15, -14, 516]
[1500, 1499, 988, 1500, 988, 988, 988, 988, 1001, 1001, 1001, 1001, 1500, 1500, 1500, 1500]
[1500, 1500, 988, 1500, 988, 988, 988, 988, 1001, 1001, 1001, 1001, 1500, 1500, 1500, 1500]
15:37:26.602444 ALT: 1.07
15:37:26.605431 ATT: [-1.6, 1.7, 23]
15:37:26.605902 ACC: [-14, -14, 516]
[1500, 1500, 988, 1500, 988, 988, 988, 988, 1001, 1001, 1001, 1001, 1500, 1500, 1500, 1500]
[1500, 1500, 988, 1500, 988, 988, 988, 988, 1001, 1001, 1001, 1001, 1500, 1500, 1500, 1500]
[1500, 1500, 988, 1500, 988, 988, 988, 988, 1001, 1001, 1001, 1001, 1500, 1500, 1500, 1500]
15:37:26.650608 ALT: 1.07
15:37:26.650772 ATT: [-1.6, 1.7, 23]
15:37:26.651320 ACC: [-15, -14, 516]
[1500, 1499, 988, 1500, 988, 988, 988, 988, 1001, 1001, 1001, 1001, 1500, 1500, 1500, 1500]
[1500, 1500, 988, 1499, 988, 988, 988, 988, 1001, 1001, 1001, 1001, 1500, 1500, 1500, 1500]
15:37:26.698297 ALT: 1.07
15:37:26.700537 ATT: [-1.6, 1.7, 23]
15:37:26.702260 ACC: [-15, -15, 515]
[1500, 1500, 988, 1500, 988, 988, 988, 988, 1001, 1001, 1001, 1001, 1500, 1500, 1500, 1500]
[1500, 1500, 988, 1500, 988, 988, 988, 988, 1001, 1001, 1001, 1001, 1500, 1500, 1500, 1500]
[1500, 1500, 988, 1500, 988, 988, 988, 988, 1001, 1001, 1001, 1001, 1500, 1500, 1500, 1500]
15:37:26.746791 ALT: 1.07
15:37:26.746894 ATT: [-1.6, 1.7, 23]
15:37:26.747183 ACC: [-15, -14, 516]
[1500, 1500, 988, 1500, 988, 988, 988, 988, 1001, 1001, 1001, 1001, 1500, 1500, 1500, 1500]
[1500, 1499, 988, 1500, 988, 988, 988, 988, 1001, 1001, 1001, 1001, 1500, 1500, 1500, 1500]
15:37:26.796976 ALT: 1.07
15:37:26.797083 ATT: [-1.6, 1.7, 23]
15:37:26.797399 ACC: [-15, -14, 516]
[1500, 1499, 988, 1500, 988, 988, 988, 988, 1001, 1001, 1001, 1001, 1500, 1500, 1500, 1500]
[1500, 1500, 988, 1500, 988, 988, 988, 991, 1001, 1001, 1001, 1001, 1500, 1500, 1500, 1500]
15:37:26.842122 ALT: 1.07
15:37:26.842224 ATT: [-1.6, 1.7, 23]
15:37:26.842591 ACC: [-15, -14, 515]
[1500, 1500, 988, 1500, 988, 988, 988, 988, 1001, 1001, 1001, 1001, 1500, 1500, 1500, 1500]
[1499, 1500, 988, 1500, 988, 988, 988, 988, 1001, 1001, 1001, 1001, 1500, 1500, 1500, 1500]
[1500, 1500, 988, 1500, 988, 988, 988, 988, 1001, 1001, 1001, 1001, 1500, 1500, 1500, 1500]
[1500, 1500, 988, 1500, 988, 988, 989, 986, 1001, 1001, 1001, 1001, 1500, 1500, 1500, 1500]
15:37:26.906872 ALT: 1.07
15:37:26.906995 ATT: [-1.6, 1.7, 23]
15:37:26.908305 ACC: [-14, -14, 516]
[1500, 1499, 988, 1500, 988, 988, 988, 988, 1001, 1001, 1001, 1001, 1500, 1500, 1500, 1500]
[1500, 1500, 988, 1500, 988, 988, 988, 988, 1001, 1001, 1001, 1001, 1500, 1500, 1500, 1500]
15:37:26.954285 ALT: 1.07
15:37:26.954404 ATT: [-1.6, 1.7, 23]
15:37:26.954864 ACC: [-15, -14, 516]
[1500, 1499, 988, 1500, 988, 988, 988, 988, 1001, 1001, 1001, 1001, 1500, 1500, 1500, 1500]
[1500, 1500, 988, 1500, 988, 988, 988, 988, 1001, 1001, 1001, 1001, 1500, 1500, 1500, 1500]
15:37:27.003381 ALT: 1.07
15:37:27.003499 ATT: [-1.6, 1.7, 23]
15:37:27.003894 ACC: [-15, -14, 516]
[1500, 1500, 988, 1500, 988, 988, 988, 988, 1001, 1001, 1001, 1001, 1500, 1500, 1500, 1500]
[1500, 1501, 986, 1500, 988, 988, 988, 988, 1001, 1001, 1001, 1001, 1500, 1500, 1500, 1500]
[1500, 1500, 988, 1500, 988, 988, 988, 988, 1001, 1001, 1001, 1001, 1500, 1500, 1500, 1500]
15:37:27.050184 ALT: 1.07
15:37:27.050285 ATT: [-1.6, 1.7, 23]
15:37:27.050652 ACC: [-15, -14, 516]
[1500, 1499, 988, 1500, 986, 988, 988, 988, 1001, 1001, 1001, 1001, 1500, 1500, 1500, 1500]
[1500, 1500, 988, 1500, 988, 988, 988, 988, 1001, 1001, 1001, 1001, 1500, 1500, 1500, 1500]
15:37:27.099425 ALT: 1.07
15:37:27.099664 ATT: [-1.6, 1.7, 23]
15:37:27.100406 ACC: [-15, -14, 516]
[1500, 1500, 988, 1500, 988, 988, 988, 988, 1001, 1001, 1001, 1001, 1500, 1500, 1500, 1500]
[1500, 1500, 988, 1500, 988, 988, 988, 989, 1001, 1001, 1001, 1001, 1500, 1500, 1500, 1500]
15:37:27.147970 ALT: 1.07
15:37:27.148237 ATT: [-1.6, 1.7, 23]
15:37:27.150020 ACC: [-14, -14, 515]
[1500, 1500, 988, 1500, 988, 988, 988, 988, 1001, 1001, 1001, 1001, 1500, 1500, 1500, 1500]
[1500, 1499, 988, 1499, 988, 988, 988, 988, 1001, 1001, 1001, 1001, 1500, 1500, 1500, 1500]
[1500, 1500, 988, 1500, 988, 988, 988, 988, 1001, 1001, 1001, 1001, 1500, 1500, 1500, 1500]
15:37:27.194471 ALT: 1.07
15:37:27.194718 ATT: [-1.6, 1.7, 23]
15:37:27.195487 ACC: [-14, -14, 516]
[1500, 1499, 988, 1500, 988, 988, 988, 988, 1001, 1001, 1001, 1001, 1500, 1500, 1500, 1500]
[1500, 1499, 988, 1500, 988, 988, 988, 988, 1001, 1001, 1001, 1001, 1500, 1500, 1500, 1500]
15:37:27.242444 ALT: 1.07
15:37:27.242619 ATT: [-1.6, 1.7, 23]
15:37:27.242994 ACC: [-15, -14, 515]
[1500, 1500, 988, 1500, 988, 988, 988, 988, 1001, 1001, 1001, 1001, 1500, 1500, 1500, 1500]
[1500, 1499, 988, 1500, 988, 988, 988, 988, 1001, 1001, 1001, 1001, 1500, 1500, 1500, 1500]
[1500, 1500, 988, 1500, 988, 988, 988, 988, 1001, 1001, 1001, 1001, 1500, 1500, 1500, 1500]
15:37:27.290302 ALT: 1.07
15:37:27.290417 ATT: [-1.6, 1.7, 23]
15:37:27.290889 ACC: [-15, -14, 516]
[1499, 1500, 988, 1500, 988, 988, 988, 988, 1001, 1001, 1001, 1001, 1500, 1500, 1500, 1500]
[1500, 1501, 986, 1500, 988, 988, 988, 988, 1001, 1001, 1001, 1001, 1500, 1500, 1500, 1500]
15:37:27.338906 ALT: 1.07
15:37:27.339010 ATT: [-1.6, 1.7, 23]
15:37:27.339287 ACC: [-15, -14, 516]
[1500, 1500, 988, 1500, 988, 988, 988, 988, 1001, 1001, 1001, 1001, 1500, 1500, 1500, 1500]
[1500, 1500, 988, 1500, 988, 988, 988, 988, 1001, 1001, 1001, 1001, 1500, 1500, 1500, 1500]
[1500, 1500, 988, 1500, 988, 988, 988, 988, 1001, 1001, 1001, 1001, 1500, 1500, 1500, 1500]
15:37:27.387015 ALT: 1.07
15:37:27.387151 ATT: [-1.6, 1.7, 23]
15:37:27.387544 ACC: [-15, -14, 516]
[1500, 1499, 988, 1500, 988, 988, 988, 988, 1001, 1001, 1001, 1001, 1500, 1500, 1500, 1500]
[1500, 1500, 988, 1500, 988, 988, 988, 988, 1001, 1001, 1001, 1001, 1500, 1500, 1500, 1500]
15:37:27.434343 ALT: 1.07
15:37:27.434513 ATT: [-1.6, 1.7, 23]
15:37:27.437215 ACC: [-14, -15, 516]
[1500, 1500, 988, 1500, 988, 988, 988, 988, 1001, 1001, 1001, 1001, 1500, 1500, 1500, 1500]
[1500, 1500, 988, 1500, 988, 988, 988, 988, 1001, 1001, 1001, 1001, 1500, 1500, 1500, 1500]
15:37:27.484749 ALT: 1.07
15:37:27.484859 ATT: [-1.6, 1.7, 23]
15:37:27.485281 ACC: [-14, -14, 516]
[1500, 1500, 988, 1500, 988, 988, 988, 988, 1001, 1001, 1001, 1001, 1500, 1500, 1500, 1500]
[1500, 1500, 988, 1500, 988, 988, 988, 988, 1001, 1001, 1001, 1001, 1500, 1500, 1500, 1500]
[1500, 1499, 988, 1500, 988, 988, 988, 988, 1001, 1001, 1001, 1001, 1500, 1500, 1500, 1500]
15:37:27.531390 ALT: 1.07
15:37:27.531614 ATT: [-1.6, 1.7, 23]
15:37:27.532734 ACC: [-15, -14, 516]
[1500, 1500, 988, 1500, 988, 988, 988, 988, 1001, 1001, 1001, 1001, 1500, 1500, 1500, 1500]
[1500, 1500, 988, 1500, 988, 988, 988, 988, 1001, 1001, 1001, 1001, 1500, 1500, 1500, 1500]
15:37:27.582323 ALT: 1.07
15:37:27.582935 ATT: [-1.6, 1.7, 23]
15:37:27.587134 ACC: [-14, -14, 516]
[1500, 1500, 988, 1499, 988, 988, 988, 988, 1001, 1001, 1001, 1001, 1500, 1500, 1500, 1500]
[1500, 1500, 988, 1500, 988, 988, 988, 988, 1001, 1001, 1001, 1001, 1500, 1500, 1500, 1500]
[1500, 1500, 988, 1500, 988, 988, 988, 988, 1001, 1001, 1001, 1001, 1500, 1500, 1500, 1500]
15:37:27.642464 ALT: 1.07
15:37:27.642661 ATT: [-1.6, 1.7, 23]
15:37:27.643112 ACC: [-15, -14, 516]
[1500, 1500, 988, 1500, 988, 988, 988, 988, 1001, 1001, 1001, 1001, 1500, 1500, 1500, 1500]
[1499, 1499, 988, 1500, 988, 988, 988, 988, 1001, 1001, 1001, 1001, 1500, 1500, 1500, 1500]
[1500, 1499, 988, 1500, 988, 988, 988, 988, 1001, 1001, 1001, 1001, 1500, 1500, 1500, 1500]
15:37:27.690319 ALT: 1.07
15:37:27.690449 ATT: [-1.6, 1.7, 23]
15:37:27.690965 ACC: [-15, -14, 516]
[1500, 1500, 988, 1500, 988, 988, 988, 988, 1001, 1001, 1001, 1001, 1500, 1500, 1500, 1500]
[1500, 1500, 988, 1500, 988, 988, 988, 988, 1001, 1001, 1001, 1001, 1500, 1500, 1500, 1500]
15:37:27.738452 ALT: 1.07
15:37:27.738600 ATT: [-1.6, 1.7, 23]
15:37:27.738904 ACC: [-15, -14, 516]
[1500, 1500, 988, 1500, 988, 988, 988, 988, 1001, 1001, 1001, 1001, 1500, 1500, 1500, 1500]
[1500, 1499, 988, 1500, 988, 988, 988, 988, 1001, 1001, 1001, 1001, 1500, 1500, 1500, 1500]
[1500, 1500, 988, 1499, 988, 988, 988, 988, 1001, 1001, 1001, 1001, 1500, 1500, 1500, 1500]
15:37:27.786646 ALT: 1.07
15:37:27.786742 ATT: [-1.6, 1.7, 23]
15:37:27.786999 ACC: [-15, -14, 515]
[1499, 1500, 988, 1499, 988, 988, 988, 988, 1001, 1001, 1001, 1001, 1500, 1500, 1500, 1500]
[1500, 1500, 988, 1500, 988, 988, 988, 988, 1001, 1001, 1001, 1001, 1500, 1500, 1500, 1500]
15:37:27.834237 ALT: 1.07
15:37:27.834340 ATT: [-1.6, 1.7, 23]
15:37:27.834682 ACC: [-15, -14, 516]
[1500, 1500, 988, 1499, 988, 988, 988, 988, 1001, 1001, 1001, 1001, 1500, 1500, 1500, 1500]
[1500, 1499, 988, 1500, 988, 988, 988, 988, 1001, 1001, 1001, 1001, 1500, 1500, 1500, 1500]
15:37:27.882478 ALT: 1.07
15:37:27.882630 ATT: [-1.6, 1.7, 23]
15:37:27.882923 ACC: [-15, -14, 516]
[1500, 1500, 988, 1500, 988, 988, 988, 988, 1001, 1001, 1001, 1001, 1500, 1500, 1500, 1500]
[1499, 1500, 988, 1500, 988, 988, 988, 988, 1001, 1001, 1001, 1001, 1500, 1500, 1500, 1500]
[1500, 1499, 988, 1500, 988, 988, 988, 988, 1001, 1001, 1001, 1001, 1500, 1500, 1500, 1500]
15:37:27.931127 ALT: 1.07
15:37:27.931907 ATT: [-1.6, 1.7, 23]
15:37:27.932383 ACC: [-15, -14, 516]
[1500, 1501, 985, 1499, 988, 988, 988, 988, 1001, 1001, 1001, 1001, 1500, 1500, 1500, 1500]
[1499, 1500, 988, 1500, 988, 988, 988, 988, 1001, 1001, 1001, 1001, 1500, 1500, 1500, 1500]
15:37:27.978900 ALT: 1.07
15:37:27.979010 ATT: [-1.6, 1.7, 23]
15:37:27.979391 ACC: [-14, -14, 516]
[1500, 1500, 988, 1500, 986, 988, 988, 988, 1001, 1001, 1001, 1001, 1500, 1500, 1500, 1500]
[1500, 1499, 988, 1500, 988, 988, 988, 988, 1001, 1001, 1001, 1001, 1500, 1500, 1500, 1500]
[1497, 1500, 988, 1500, 988, 989, 986, 988, 1001, 1001, 1001, 1001, 1500, 1500, 1500, 1500]
15:37:28.026416 ALT: 1.07
15:37:28.026510 ATT: [-1.6, 1.7, 23]
15:37:28.026897 ACC: [-15, -14, 515]
[1499, 1500, 988, 1500, 988, 988, 988, 988, 1001, 1001, 1001, 1001, 1500, 1500, 1500, 1500]
[1500, 1500, 988, 1500, 988, 986, 988, 988, 1001, 1001, 1001, 1001, 1500, 1500, 1500, 1500]
15:37:28.074327 ALT: 1.07
15:37:28.074436 ATT: [-1.6, 1.7, 23]
15:37:28.074827 ACC: [-15, -14, 516]
[1500, 1500, 988, 1500, 988, 988, 988, 988, 1001, 1001, 1001, 1001, 1500, 1500, 1500, 1500]
[1500, 1500, 988, 1499, 988, 988, 988, 988, 1001, 1001, 1001, 1001, 1500, 1500, 1500, 1500]
15:37:28.122286 ALT: 1.07
15:37:28.122387 ATT: [-1.6, 1.7, 23]
15:37:28.122768 ACC: [-14, -14, 516]
[1500, 1500, 988, 1500, 988, 988, 988, 988, 1001, 1001, 1001, 1001, 1500, 1500, 1500, 1500]
[1500, 1500, 986, 1499, 988, 988, 988, 988, 1001, 1001, 1001, 1001, 1500, 1500, 1500, 1500]
[1500, 1500, 988, 1500, 988, 988, 988, 988, 1001, 1001, 1001, 1001, 1500, 1500, 1500, 1500]
15:37:28.170598 ALT: 1.07
15:37:28.170697 ATT: [-1.6, 1.7, 23]
15:37:28.170975 ACC: [-14, -14, 516]
[1500, 1500, 988, 1499, 988, 988, 988, 988, 1001, 1001, 1001, 1001, 1500, 1500, 1500, 1500]
[1500, 1500, 988, 1500, 988, 988, 988, 988, 1001, 1001, 1001, 1001, 1500, 1500, 1500, 1500]
15:37:28.218849 ALT: 1.07
15:37:28.218947 ATT: [-1.6, 1.7, 23]
15:37:28.219241 ACC: [-14, -14, 516]
[1500, 1500, 988, 1500, 988, 988, 988, 988, 1001, 1001, 1001, 1001, 1500, 1500, 1500, 1500]
[1500, 1501, 986, 1500, 988, 988, 988, 988, 1001, 1001, 1001, 1001, 1500, 1500, 1500, 1500]
[1500, 1500, 988, 1500, 988, 988, 988, 988, 1001, 1001, 1001, 1001, 1500, 1500, 1500, 1500]
15:37:28.267609 ALT: 1.07
15:37:28.267704 ATT: [-1.6, 1.7, 23]
15:37:28.267974 ACC: [-15, -14, 516]
[1499, 1500, 988, 1500, 988, 988, 988, 988, 1001, 1001, 1001, 1001, 1500, 1500, 1500, 1500]
[1500, 1500, 988, 1499, 988, 988, 988, 988, 1001, 1001, 1001, 1001, 1500, 1500, 1500, 1500]
15:37:28.314603 ALT: 1.07
15:37:28.314759 ATT: [-1.6, 1.7, 23]
15:37:28.315216 ACC: [-14, -14, 516]
[1497, 1500, 988, 1500, 988, 988, 988, 988, 1001, 1001, 1001, 1001, 1500, 1500, 1500, 1500]
[1500, 1500, 988, 1500, 988, 988, 988, 988, 1001, 1001, 1001, 1001, 1500, 1500, 1500, 1500]
15:37:28.364617 ALT: 1.07
15:37:28.364840 ATT: [-1.6, 1.7, 23]
15:37:28.365366 ACC: [-15, -14, 516]
[1497, 1500, 988, 1500, 988, 988, 988, 988, 1001, 1001, 1001, 1001, 1500, 1500, 1500, 1500]
[1500, 1500, 988, 1500, 988, 988, 988, 988, 1001, 1001, 1001, 1001, 1500, 1500, 1500, 1500]
[1499, 1500, 988, 1500, 988, 988, 988, 988, 1001, 1001, 1001, 1001, 1500, 1500, 1500, 1500]
15:37:28.410361 ALT: 1.07
15:37:28.410463 ATT: [-1.6, 1.7, 23]
15:37:28.411396 ACC: [-15, -14, 516]
[1500, 1500, 988, 1500, 988, 988, 988, 988, 1001, 1001, 1001, 1001, 1500, 1500, 1500, 1500]
[1500, 1500, 988, 1500, 988, 988, 988, 988, 1001, 1001, 1001, 1001, 1500, 1500, 1500, 1500]
15:37:28.459898 ALT: 1.07
15:37:28.460032 ATT: [-1.6, 1.7, 23]
15:37:28.460361 ACC: [-14, -14, 516]
[1500, 1499, 988, 1500, 988, 989, 986, 988, 1001, 1001, 1001, 1001, 1500, 1500, 1500, 1500]
[1499, 1500, 988, 1500, 988, 988, 988, 988, 1001, 1001, 1001, 1001, 1500, 1500, 1500, 1500]
[1500, 1500, 988, 1500, 988, 988, 988, 988, 1001, 1001, 1001, 1001, 1500, 1500, 1500, 1500]
15:37:28.506507 ALT: 1.07
15:37:28.506693 ATT: [-1.6, 1.7, 23]
15:37:28.507076 ACC: [-15, -15, 516]
[1499, 1500, 988, 1500, 989, 986, 988, 988, 1001, 1001, 1001, 1001, 1500, 1500, 1500, 1500]
[1500, 1500, 988, 1499, 988, 988, 988, 988, 1001, 1001, 1001, 1001, 1500, 1500, 1500, 1500]
15:37:28.556032 ALT: 1.07
15:37:28.556173 ATT: [-1.6, 1.7, 23]
15:37:28.556443 ACC: [-14, -14, 516]
[1500, 1500, 988, 1500, 988, 988, 988, 988, 1001, 1001, 1001, 1001, 1500, 1500, 1500, 1500]
[1500, 1500, 988, 1500, 988, 988, 988, 988, 1001, 1001, 1001, 1001, 1500, 1500, 1500, 1500]
15:37:28.602646 ALT: 1.07
15:37:28.602747 ATT: [-1.6, 1.7, 23]
15:37:28.603012 ACC: [-15, -14, 516]
[1500, 1500, 988, 1500, 988, 988, 988, 988, 1001, 1001, 1001, 1001, 1500, 1500, 1500, 1500]
[1499, 1499, 988, 1500, 988, 988, 988, 988, 1001, 1001, 1001, 1001, 1500, 1500, 1500, 1500]
[1500, 1500, 988, 1499, 988, 988, 988, 988, 1001, 1001, 1001, 1001, 1500, 1500, 1500, 1500]
15:37:28.653347 ALT: 1.07
15:37:28.653503 ATT: [-1.6, 1.7, 23]
15:37:28.653806 ACC: [-15, -14, 516]
[1500, 1500, 988, 1500, 988, 988, 988, 988, 1001, 1001, 1001, 1001, 1500, 1500, 1500, 1500]
[1500, 1500, 988, 1500, 988, 988, 988, 988, 1001, 1001, 1001, 1001, 1500, 1500, 1500, 1500]
15:37:28.698469 ALT: 1.07
15:37:28.698762 ATT: [-1.6, 1.7, 23]
15:37:28.699449 ACC: [-15, -15, 516]
[1499, 1500, 988, 1500, 988, 988, 988, 988, 1001, 1001, 1001, 1001, 1500, 1500, 1500, 1500]
[1500, 1500, 988, 1500, 988, 988, 988, 988, 1001, 1001, 1001, 1001, 1500, 1500, 1500, 1500]
[1500, 1500, 988, 1500, 988, 988, 988, 988, 1001, 1001, 1001, 1001, 1500, 1500, 1500, 1500]
15:37:28.748327 ALT: 1.07
15:37:28.748426 ATT: [-1.6, 1.7, 23]
15:37:28.748853 ACC: [-15, -14, 516]
[1500, 1500, 988, 1500, 989, 986, 988, 986, 1001, 1001, 1001, 1001, 1500, 1500, 1500, 1500]
[1500, 1500, 988, 1500, 988, 988, 988, 988, 1001, 1001, 1001, 1001, 1500, 1500, 1500, 1500]
15:37:28.796028 ALT: 1.07
15:37:28.796178 ATT: [-1.6, 1.7, 23]
15:37:28.796724 ACC: [-15, -14, 516]
[1499, 1500, 988, 1500, 988, 988, 988, 988, 1001, 1001, 1001, 1001, 1500, 1500, 1500, 1500]
[1500, 1500, 988, 1500, 988, 988, 988, 988, 1001, 1001, 1001, 1001, 1500, 1500, 1500, 1500]
15:37:28.842350 ALT: 1.07
15:37:28.842455 ATT: [-1.6, 1.7, 23]
15:37:28.842778 ACC: [-15, -14, 516]
[1500, 1500, 988, 1500, 988, 988, 988, 988, 1001, 1001, 1001, 1001, 1500, 1500, 1500, 1500]
[1499, 1500, 988, 1500, 988, 988, 988, 988, 1001, 1001, 1001, 1001, 1500, 1500, 1500, 1500]
[1500, 1500, 988, 1500, 988, 988, 988, 988, 1001, 1001, 1001, 1001, 1500, 1500, 1500, 1500]
15:37:28.890510 ALT: 1.07
15:37:28.890647 ATT: [-1.6, 1.7, 23]
15:37:28.890944 ACC: [-15, -14, 516]
[1500, 1499, 988, 1500, 988, 988, 988, 988, 1001, 1001, 1001, 1001, 1500, 1500, 1500, 1500]
[1500, 1500, 988, 1500, 988, 988, 988, 989, 1001, 1001, 1001, 1001, 1500, 1500, 1500, 1500]
15:37:28.938392 ALT: 1.07
15:37:28.938488 ATT: [-1.6, 1.7, 23]
15:37:28.938813 ACC: [-15, -14, 516]
[1500, 1500, 988, 1499, 988, 988, 988, 988, 1001, 1001, 1001, 1001, 1500, 1500, 1500, 1500]
[1499, 1500, 988, 1500, 988, 988, 988, 988, 1001, 1001, 1001, 1001, 1500, 1500, 1500, 1500]
[1499, 1500, 988, 1500, 988, 988, 988, 988, 1001, 1001, 1001, 1001, 1500, 1500, 1500, 1500]
15:37:29.002890 ALT: 1.07
15:37:29.003105 ATT: [-1.6, 1.7, 23]
15:37:29.003376 ACC: [-14, -14, 516]
[1500, 1500, 988, 1500, 988, 988, 988, 988, 1001, 1001, 1001, 1001, 1500, 1500, 1500, 1500]
[1500, 1500, 988, 1500, 988, 988, 988, 988, 1001, 1001, 1001, 1001, 1500, 1500, 1500, 1500]
[1500, 1500, 988, 1500, 988, 988, 988, 988, 1001, 1001, 1001, 1001, 1500, 1500, 1500, 1500]
15:37:29.050818 ALT: 1.07
15:37:29.051126 ATT: [-1.6, 1.7, 23]
15:37:29.051664 ACC: [-15, -14, 516]
[1499, 1500, 988, 1500, 988, 988, 988, 988, 1001, 1001, 1001, 1001, 1500, 1500, 1500, 1500]
[1500, 1500, 988, 1500, 988, 988, 988, 988, 1001, 1001, 1001, 1001, 1500, 1500, 1500, 1500]
15:37:29.101470 ALT: 1.07
15:37:29.101601 ATT: [-1.6, 1.7, 23]
15:37:29.102721 ACC: [-15, -14, 516]
[1500, 1500, 988, 1500, 988, 988, 988, 988, 1001, 1001, 1001, 1001, 1500, 1500, 1500, 1500]
[1500, 1500, 988, 1500, 988, 988, 988, 988, 1001, 1001, 1001, 1001, 1500, 1500, 1500, 1500]
[1500, 1499, 988, 1500, 988, 988, 988, 988, 1001, 1001, 1001, 1001, 1500, 1500, 1500, 1500]
15:37:29.147015 ALT: 1.07
15:37:29.147140 ATT: [-1.6, 1.7, 23]
15:37:29.147773 ACC: [-15, -14, 516]
[1500, 1499, 988, 1500, 986, 989, 988, 988, 1001, 1001, 1001, 1001, 1500, 1500, 1500, 1500]
[1500, 1500, 988, 1500, 988, 988, 988, 988, 1001, 1001, 1001, 1001, 1500, 1500, 1500, 1500]
15:37:29.195323 ALT: 1.07
15:37:29.195751 ATT: [-1.6, 1.7, 23]
15:37:29.196197 ACC: [-15, -14, 517]
[1500, 1500, 988, 1500, 988, 988, 988, 988, 1001, 1001, 1001, 1001, 1500, 1500, 1500, 1500]
[1500, 1500, 988, 1500, 988, 988, 988, 989, 1001, 1001, 1001, 1001, 1500, 1500, 1500, 1500]
15:37:29.242383 ALT: 1.07
15:37:29.242486 ATT: [-1.6, 1.7, 23]
15:37:29.242818 ACC: [-15, -14, 516]
[1499, 1500, 988, 1500, 988, 988, 988, 988, 1001, 1001, 1001, 1001, 1500, 1500, 1500, 1500]
[1500, 1500, 986, 1500, 988, 988, 988, 988, 1001, 1001, 1001, 1001, 1500, 1500, 1500, 1500]
[1500, 1500, 988, 1500, 988, 988, 988, 988, 1001, 1001, 1001, 1001, 1500, 1500, 1500, 1500]
15:37:29.290505 ALT: 1.07
15:37:29.290638 ATT: [-1.6, 1.7, 23]
15:37:29.290960 ACC: [-15, -14, 516]
[1500, 1500, 988, 1499, 988, 988, 988, 988, 1001, 1001, 1001, 1001, 1500, 1500, 1500, 1500]
[1500, 1500, 988, 1500, 988, 988, 988, 988, 1001, 1001, 1001, 1001, 1500, 1500, 1500, 1500]
15:37:29.338601 ALT: 1.07
15:37:29.338700 ATT: [-1.6, 1.7, 23]
15:37:29.338950 ACC: [-15, -14, 516]
[1500, 1500, 988, 1500, 988, 988, 988, 988, 1001, 1001, 1001, 1001, 1500, 1500, 1500, 1500]
[1500, 1499, 988, 1500, 988, 988, 988, 988, 1001, 1001, 1001, 1001, 1500, 1500, 1500, 1500]
[1500, 1499, 988, 1500, 988, 988, 988, 988, 1001, 1001, 1001, 1001, 1500, 1500, 1500, 1500]
15:37:29.387583 ALT: 1.07
15:37:29.387769 ATT: [-1.6, 1.7, 23]
15:37:29.388381 ACC: [-14, -14, 516]
[1500, 1500, 988, 1500, 988, 988, 988, 988, 1001, 1001, 1001, 1001, 1500, 1500, 1500, 1500]
[1500, 1500, 988, 1500, 988, 988, 989, 986, 1001, 1001, 1001, 1001, 1500, 1500, 1500, 1500]
15:37:29.434643 ALT: 1.07
15:37:29.434789 ATT: [-1.6, 1.7, 23]
15:37:29.435221 ACC: [-14, -14, 516]
[1500, 1500, 988, 1499, 988, 988, 988, 988, 1001, 1001, 1001, 1001, 1500, 1500, 1500, 1500]
[1500, 1499, 988, 1500, 988, 988, 988, 988, 1001, 1001, 1001, 1001, 1500, 1500, 1500, 1500]
15:37:29.483108 ALT: 1.07
15:37:29.483448 ATT: [-1.6, 1.7, 23]
15:37:29.484459 ACC: [-15, -14, 516]
[1500, 1500, 988, 1500, 988, 988, 988, 988, 1001, 1001, 1001, 1001, 1500, 1500, 1500, 1500]
[1499, 1499, 988, 1500, 988, 988, 988, 988, 1001, 1001, 1001, 1001, 1500, 1500, 1500, 1500]
[1500, 1500, 988, 1500, 988, 988, 988, 988, 1001, 1001, 1001, 1001, 1500, 1500, 1500, 1500]
15:37:29.531649 ALT: 1.07
15:37:29.531906 ATT: [-1.6, 1.7, 23]
15:37:29.532305 ACC: [-14, -14, 516]
[1500, 1500, 989, 1499, 988, 988, 988, 988, 1001, 1001, 1001, 1001, 1500, 1500, 1500, 1500]
[1500, 1499, 988, 1500, 988, 988, 988, 988, 1001, 1001, 1001, 1001, 1500, 1500, 1500, 1500]
15:37:29.578729 ALT: 1.07
15:37:29.578872 ATT: [-1.6, 1.7, 23]
15:37:29.579452 ACC: [-15, -14, 516]
[1499, 1500, 988, 1500, 988, 988, 988, 988, 1001, 1001, 1001, 1001, 1500, 1500, 1500, 1500]
[1500, 1500, 988, 1500, 988, 988, 988, 988, 1001, 1001, 1001, 1001, 1500, 1500, 1500, 1500]
[1500, 1499, 988, 1500, 986, 988, 988, 988, 1001, 1001, 1001, 1001, 1500, 1500, 1500, 1500]
15:37:29.627522 ALT: 1.07
15:37:29.627663 ATT: [-1.6, 1.7, 23]
15:37:29.628042 ACC: [-14, -14, 516]
[1500, 1500, 988, 1500, 988, 988, 988, 988, 1001, 1001, 1001, 1001, 1500, 1500, 1500, 1500]
[1499, 1500, 988, 1500, 989, 986, 988, 988, 1001, 1001, 1001, 1001, 1500, 1500, 1500, 1500]
15:37:29.674396 ALT: 1.07
15:37:29.674488 ATT: [-1.6, 1.7, 23]
15:37:29.674823 ACC: [-15, -14, 516]
[1500, 1500, 988, 1500, 988, 988, 988, 988, 1001, 1001, 1001, 1001, 1500, 1500, 1500, 1500]
[1500, 1499, 988, 1500, 988, 988, 988, 988, 1001, 1001, 1001, 1001, 1500, 1500, 1500, 1500]
15:37:29.722447 ALT: 1.07
15:37:29.722614 ATT: [-1.6, 1.7, 23]
15:37:29.722889 ACC: [-15, -14, 516]
[1500, 1499, 988, 1500, 988, 988, 988, 988, 1001, 1001, 1001, 1001, 1500, 1500, 1500, 1500]
[1499, 1500, 988, 1500, 988, 988, 988, 988, 1001, 1001, 1001, 1001, 1500, 1500, 1500, 1500]
[1500, 1500, 988, 1500, 988, 988, 988, 988, 1001, 1001, 1001, 1001, 1500, 1500, 1500, 1500]
15:37:29.770834 ALT: 1.07
15:37:29.770980 ATT: [-1.6, 1.7, 23]
15:37:29.771445 ACC: [-15, -14, 516]
[1500, 1500, 988, 1500, 988, 988, 988, 989, 1001, 1001, 1001, 1001, 1500, 1500, 1500, 1500]
[1500, 1500, 988, 1500, 988, 988, 988, 988, 1001, 1001, 1001, 1001, 1500, 1500, 1500, 1500]
15:37:29.818451 ALT: 1.07
15:37:29.818631 ATT: [-1.6, 1.7, 23]
15:37:29.818921 ACC: [-15, -14, 516]
[1500, 1500, 988, 1500, 988, 988, 988, 989, 1001, 1001, 1001, 1001, 1500, 1500, 1500, 1500]
[1500, 1499, 988, 1500, 988, 988, 988, 988, 1001, 1001, 1001, 1001, 1500, 1500, 1500, 1500]
[1500, 1499, 988, 1500, 988, 988, 988, 988, 1001, 1001, 1001, 1001, 1500, 1500, 1500, 1500]
15:37:29.867134 ALT: 1.07
15:37:29.867251 ATT: [-1.6, 1.7, 23]
15:37:29.867689 ACC: [-15, -14, 516]
[1500, 1500, 988, 1500, 988, 988, 988, 988, 1001, 1001, 1001, 1001, 1500, 1500, 1500, 1500]
[1500, 1500, 988, 1500, 988, 988, 988, 988, 1001, 1001, 1001, 1001, 1500, 1500, 1500, 1500]
15:37:29.918893 ALT: 1.07
15:37:29.918990 ATT: [-1.6, 1.7, 23]
15:37:29.919245 ACC: [-15, -14, 516]
[1500, 1500, 988, 1500, 988, 988, 988, 988, 1001, 1001, 1001, 1001, 1500, 1500, 1500, 1500]
[1500, 1500, 991, 1497, 988, 988, 988, 988, 1001, 1001, 1001, 1001, 1500, 1500, 1500, 1500]
15:37:29.963457 ALT: 1.07
15:37:29.963667 ATT: [-1.6, 1.7, 23]
15:37:29.964258 ACC: [-15, -14, 516]
[1500, 1500, 988, 1500, 988, 988, 988, 988, 1001, 1001, 1001, 1001, 1500, 1500, 1500, 1500]
[1500, 1499, 988, 1500, 988, 988, 988, 988, 1001, 1001, 1001, 1001, 1500, 1500, 1500, 1500]
[1500, 1499, 988, 1500, 988, 988, 988, 988, 1001, 1001, 1001, 1001, 1500, 1500, 1500, 1500]
15:37:30.010818 ALT: 1.07
15:37:30.011151 ATT: [-1.6, 1.7, 23]
15:37:30.011464 ACC: [-15, -14, 516]
[1500, 1500, 988, 1500, 988, 988, 988, 988, 1001, 1001, 1001, 1001, 1500, 1500, 1500, 1500]
[1500, 1500, 988, 1499, 988, 988, 988, 988, 1001, 1001, 1001, 1001, 1500, 1500, 1500, 1500]
15:37:30.058644 ALT: 1.07
15:37:30.058744 ATT: [-1.6, 1.7, 23]
15:37:30.059031 ACC: [-14, -14, 516]
[1500, 1500, 988, 1500, 988, 988, 988, 988, 1001, 1001, 1001, 1001, 1500, 1500, 1500, 1500]
[1500, 1500, 988, 1500, 988, 988, 988, 988, 1001, 1001, 1001, 1001, 1500, 1500, 1500, 1500]
[1500, 1500, 988, 1500, 988, 988, 988, 988, 1001, 1001, 1001, 1001, 1500, 1500, 1500, 1500]
15:37:30.107060 ALT: 1.07
15:37:30.107173 ATT: [-1.6, 1.7, 23]
15:37:30.107489 ACC: [-14, -14, 516]
[1500, 1500, 988, 1500, 988, 988, 988, 988, 1001, 1001, 1001, 1001, 1500, 1500, 1500, 1500]
[1500, 1500, 988, 1500, 988, 988, 988, 988, 1001, 1001, 1001, 1001, 1500, 1500, 1500, 1500]
15:37:30.154817 ALT: 1.07
15:37:30.154904 ATT: [-1.6, 1.7, 23]
15:37:30.155147 ACC: [-15, -14, 516]
[1500, 1500, 988, 1500, 988, 988, 988, 988, 1001, 1001, 1001, 1001, 1500, 1500, 1500, 1500]
[1500, 1500, 988, 1500, 988, 988, 988, 988, 1001, 1001, 1001, 1001, 1500, 1500, 1500, 1500]
[1500, 1500, 988, 1500, 988, 988, 988, 988, 1001, 1001, 1001, 1001, 1500, 1500, 1500, 1500]
15:37:30.215199 ALT: 1.07
15:37:30.215487 ATT: [-1.6, 1.7, 23]
15:37:30.216306 ACC: [-15, -14, 516]
[1499, 1500, 988, 1500, 988, 988, 988, 988, 1001, 1001, 1001, 1001, 1500, 1500, 1500, 1500]
[1500, 1500, 988, 1500, 988, 988, 988, 988, 1001, 1001, 1001, 1001, 1500, 1500, 1500, 1500]
15:37:30.251698 ALT: 1.07
15:37:30.251928 ATT: [-1.6, 1.7, 23]
15:37:30.252275 ACC: [-15, -14, 516]
[1500, 1499, 988, 1500, 988, 988, 988, 988, 1001, 1001, 1001, 1001, 1500, 1500, 1500, 1500]
[1500, 1499, 988, 1500, 988, 988, 988, 988, 1001, 1001, 1001, 1001, 1500, 1500, 1500, 1500]
15:37:30.300184 ALT: 1.07
15:37:30.300289 ATT: [-1.6, 1.7, 23]
15:37:30.300573 ACC: [-14, -14, 516]
[1500, 1500, 988, 1499, 988, 988, 988, 988, 1001, 1001, 1001, 1001, 1500, 1500, 1500, 1500]
[1500, 1499, 988, 1500, 988, 988, 988, 988, 1001, 1001, 1001, 1001, 1500, 1500, 1500, 1500]
[1500, 1499, 988, 1500, 988, 988, 988, 988, 1001, 1001, 1001, 1001, 1500, 1500, 1500, 1500]
15:37:30.347220 ALT: 1.07
15:37:30.347325 ATT: [-1.6, 1.7, 23]
15:37:30.347690 ACC: [-15, -15, 516]
[1500, 1500, 988, 1500, 988, 988, 988, 988, 1001, 1001, 1001, 1001, 1500, 1500, 1500, 1500]
[1500, 1500, 988, 1500, 988, 988, 988, 989, 1001, 1001, 1001, 1001, 1500, 1500, 1500, 1500]
15:37:30.395295 ALT: 1.07
15:37:30.395423 ATT: [-1.6, 1.7, 23]
15:37:30.395806 ACC: [-15, -15, 516]
[1500, 1500, 988, 1499, 988, 988, 988, 988, 1001, 1001, 1001, 1001, 1500, 1500, 1500, 1500]
[1499, 1499, 988, 1500, 988, 988, 988, 988, 1001, 1001, 1001, 1001, 1500, 1500, 1500, 1500]
15:37:30.443212 ALT: 1.07
15:37:30.443315 ATT: [-1.6, 1.7, 23]
15:37:30.443624 ACC: [-15, -14, 516]
[1500, 1499, 988, 1500, 988, 988, 988, 988, 1001, 1001, 1001, 1001, 1500, 1500, 1500, 1500]
[1500, 1500, 988, 1500, 988, 988, 988, 988, 1001, 1001, 1001, 1001, 1500, 1500, 1500, 1500]
[1500, 1500, 988, 1500, 988, 988, 988, 988, 1001, 1001, 1001, 1001, 1500, 1500, 1500, 1500]
15:37:30.491349 ALT: 1.07
15:37:30.491457 ATT: [-1.6, 1.7, 23]
15:37:30.491769 ACC: [-15, -14, 515]
[1499, 1500, 988, 1500, 988, 988, 988, 988, 1001, 1001, 1001, 1001, 1500, 1500, 1500, 1500]
[1500, 1500, 988, 1500, 988, 988, 988, 988, 1001, 1001, 1001, 1001, 1500, 1500, 1500, 1500]
15:37:30.539288 ALT: 1.07
15:37:30.539382 ATT: [-1.6, 1.7, 23]
15:37:30.539670 ACC: [-14, -14, 516]
[1500, 1500, 988, 1500, 988, 988, 988, 988, 1001, 1001, 1001, 1001, 1500, 1500, 1500, 1500]
[1500, 1500, 988, 1500, 986, 988, 988, 988, 1001, 1001, 1001, 1001, 1500, 1500, 1500, 1500]
[1500, 1500, 988, 1500, 988, 988, 988, 988, 1001, 1001, 1001, 1001, 1500, 1500, 1500, 1500]
15:37:30.587478 ALT: 1.07
15:37:30.587578 ATT: [-1.6, 1.7, 23]
15:37:30.587849 ACC: [-15, -14, 516]
[1500, 1500, 988, 1499, 988, 988, 988, 988, 1001, 1001, 1001, 1001, 1500, 1500, 1500, 1500]
[1500, 1500, 988, 1500, 988, 988, 988, 988, 1001, 1001, 1001, 1001, 1500, 1500, 1500, 1500]
15:37:30.635472 ALT: 1.07
15:37:30.635566 ATT: [-1.6, 1.7, 23]
15:37:30.635832 ACC: [-15, -14, 515]
[1500, 1500, 988, 1500, 988, 988, 988, 988, 1001, 1001, 1001, 1001, 1500, 1500, 1500, 1500]
[1500, 1500, 988, 1500, 988, 988, 988, 988, 1001, 1001, 1001, 1001, 1500, 1500, 1500, 1500]
15:37:30.684640 ALT: 1.07
15:37:30.684770 ATT: [-1.6, 1.7, 23]
15:37:30.685279 ACC: [-15, -15, 516]
[1500, 1500, 988, 1499, 988, 988, 988, 989, 1001, 1001, 1001, 1001, 1500, 1500, 1500, 1500]
[1500, 1500, 988, 1499, 988, 988, 988, 988, 1001, 1001, 1001, 1001, 1500, 1500, 1500, 1500]
[1500, 1500, 988, 1500, 988, 988, 988, 988, 1001, 1001, 1001, 1001, 1500, 1500, 1500, 1500]
15:37:30.732689 ALT: 1.07
15:37:30.732795 ATT: [-1.6, 1.7, 23]
15:37:30.733145 ACC: [-15, -14, 516]
[1500, 1500, 988, 1500, 988, 988, 988, 988, 1001, 1001, 1001, 1001, 1500, 1500, 1500, 1500]
[1500, 1500, 988, 1500, 988, 988, 988, 988, 1001, 1001, 1001, 1001, 1500, 1500, 1500, 1500]
15:37:30.779928 ALT: 1.07
15:37:30.780035 ATT: [-1.6, 1.7, 23]
15:37:30.780443 ACC: [-14, -14, 516]
[1500, 1500, 988, 1500, 988, 988, 988, 988, 1001, 1001, 1001, 1001, 1500, 1500, 1500, 1500]
[1500, 1500, 988, 1500, 988, 988, 988, 988, 1001, 1001, 1001, 1001, 1500, 1500, 1500, 1500]
[1500, 1500, 988, 1500, 988, 989, 986, 988, 1001, 1001, 1001, 1001, 1500, 1500, 1500, 1500]
15:37:30.827943 ALT: 1.07
15:37:30.828034 ATT: [-1.6, 1.7, 23]
15:37:30.828428 ACC: [-15, -14, 516]
[1500, 1500, 988, 1500, 988, 988, 988, 988, 1001, 1001, 1001, 1001, 1500, 1500, 1500, 1500]
[1499, 1500, 988, 1500, 988, 988, 988, 988, 1001, 1001, 1001, 1001, 1500, 1500, 1500, 1500]
15:37:30.875919 ALT: 1.07
15:37:30.876029 ATT: [-1.6, 1.7, 23]
15:37:30.876391 ACC: [-14, -14, 516]
[1500, 1500, 988, 1500, 988, 988, 988, 988, 1001, 1001, 1001, 1001, 1500, 1500, 1500, 1500]
[1500, 1500, 988, 1499, 988, 988, 988, 988, 1001, 1001, 1001, 1001, 1500, 1500, 1500, 1500]
15:37:30.923897 ALT: 1.07
15:37:30.923987 ATT: [-1.6, 1.7, 23]
15:37:30.924255 ACC: [-14, -14, 516]
[1500, 1500, 988, 1500, 989, 988, 986, 988, 1001, 1001, 1001, 1001, 1500, 1500, 1500, 1500]
[1499, 1500, 988, 1500, 988, 988, 988, 988, 1001, 1001, 1001, 1001, 1500, 1500, 1500, 1500]
[1500, 1500, 988, 1500, 988, 988, 988, 988, 1001, 1001, 1001, 1001, 1500, 1500, 1500, 1500]
15:37:30.971943 ALT: 1.07
15:37:30.972032 ATT: [-1.6, 1.7, 23]
15:37:30.972292 ACC: [-14, -14, 516]
[1500, 1500, 988, 1500, 988, 988, 988, 988, 1001, 1001, 1001, 1001, 1500, 1500, 1500, 1500]
[1500, 1501, 986, 1500, 988, 988, 988, 988, 1001, 1001, 1001, 1001, 1500, 1500, 1500, 1500]
[1500, 1500, 988, 1500, 988, 988, 988, 988, 1001, 1001, 1001, 1001, 1500, 1500, 1500, 1500]
15:37:31.036057 ALT: 1.07
15:37:31.036148 ATT: [-1.6, 1.7, 23]
15:37:31.036409 ACC: [-15, -14, 516]
[1500, 1500, 988, 1500, 988, 988, 988, 988, 1001, 1001, 1001, 1001, 1500, 1500, 1500, 1500]
[1500, 1500, 988, 1499, 988, 988, 988, 988, 1001, 1001, 1001, 1001, 1500, 1500, 1500, 1500]
15:37:31.084199 ALT: 1.07
15:37:31.084300 ATT: [-1.6, 1.7, 23]
15:37:31.084639 ACC: [-14, -14, 516]
[1500, 1499, 988, 1500, 988, 988, 988, 988, 1001, 1001, 1001, 1001, 1500, 1500, 1500, 1500]
[1500, 1500, 988, 1500, 988, 988, 988, 988, 1001, 1001, 1001, 1001, 1500, 1500, 1500, 1500]
[1500, 1500, 988, 1500, 988, 988, 988, 988, 1001, 1001, 1001, 1001, 1500, 1500, 1500, 1500]
15:37:31.132685 ALT: 1.07
15:37:31.132943 ATT: [-1.6, 1.7, 23]
15:37:31.133940 ACC: [-15, -14, 516]
[1500, 1500, 988, 1500, 988, 988, 988, 988, 1001, 1001, 1001, 1001, 1500, 1500, 1500, 1500]
[1500, 1500, 988, 1500, 988, 988, 988, 988, 1001, 1001, 1001, 1001, 1500, 1500, 1500, 1500]
15:37:31.181133 ALT: 1.07
15:37:31.181243 ATT: [-1.6, 1.7, 23]
15:37:31.182839 ACC: [-14, -14, 516]
[1500, 1500, 988, 1500, 988, 988, 989, 986, 1001, 1001, 1001, 1001, 1500, 1500, 1500, 1500]
[1500, 1500, 988, 1499, 988, 988, 988, 988, 1001, 1001, 1001, 1001, 1500, 1500, 1500, 1500]
[1500, 1500, 988, 1500, 988, 988, 988, 988, 1001, 1001, 1001, 1001, 1500, 1500, 1500, 1500]
15:37:31.228464 ALT: 1.07
15:37:31.228660 ATT: [-1.6, 1.7, 23]
15:37:31.229159 ACC: [-14, -14, 516]
[1500, 1500, 988, 1500, 988, 988, 988, 988, 1001, 1001, 1001, 1001, 1500, 1500, 1500, 1500]
[1500, 1499, 988, 1500, 988, 988, 988, 988, 1001, 1001, 1001, 1001, 1500, 1500, 1500, 1500]
15:37:31.276440 ALT: 1.07
15:37:31.276545 ATT: [-1.6, 1.7, 23]
15:37:31.276830 ACC: [-15, -14, 516]
[1500, 1500, 988, 1500, 988, 988, 988, 988, 1001, 1001, 1001, 1001, 1500, 1500, 1500, 1500]
[1500, 1500, 988, 1500, 988, 988, 988, 988, 1001, 1001, 1001, 1001, 1500, 1500, 1500, 1500]
15:37:31.324463 ALT: 1.07
15:37:31.324546 ATT: [-1.6, 1.7, 23]
15:37:31.324810 ACC: [-15, -14, 516]
[1500, 1500, 988, 1500, 988, 988, 988, 988, 1001, 1001, 1001, 1001, 1500, 1500, 1500, 1500]
[1500, 1500, 988, 1500, 988, 988, 988, 988, 1001, 1001, 1001, 1001, 1500, 1500, 1500, 1500]
[1500, 1500, 988, 1500, 988, 988, 988, 988, 1001, 1001, 1001, 1001, 1500, 1500, 1500, 1500]
15:37:31.373179 ALT: 1.07
15:37:31.373480 ATT: [-1.6, 1.7, 23]
15:37:31.374562 ACC: [-15, -14, 516]
[1500, 1500, 988, 1500, 988, 988, 988, 988, 1001, 1001, 1001, 1001, 1500, 1500, 1500, 1500]
[1500, 1499, 988, 1500, 988, 988, 988, 988, 1001, 1001, 1001, 1001, 1500, 1500, 1500, 1500]
15:37:31.420551 ALT: 1.07
15:37:31.420648 ATT: [-1.6, 1.7, 23]
15:37:31.420908 ACC: [-14, -14, 516]
[1499, 1500, 988, 1500, 988, 988, 988, 988, 1001, 1001, 1001, 1001, 1500, 1500, 1500, 1500]
[1500, 1499, 988, 1500, 988, 988, 988, 988, 1001, 1001, 1001, 1001, 1500, 1500, 1500, 1500]
[1500, 1500, 988, 1500, 988, 988, 988, 988, 1001, 1001, 1001, 1001, 1500, 1500, 1500, 1500]
15:37:31.468878 ALT: 1.07
15:37:31.469030 ATT: [-1.6, 1.7, 23]
15:37:31.469534 ACC: [-15, -14, 516]
[1500, 1500, 988, 1500, 988, 988, 988, 988, 1001, 1001, 1001, 1001, 1500, 1500, 1500, 1500]
[1500, 1500, 988, 1500, 988, 988, 988, 988, 1001, 1001, 1001, 1001, 1500, 1500, 1500, 1500]
15:37:31.520999 ALT: 1.07
15:37:31.521087 ATT: [-1.6, 1.7, 23]
15:37:31.521347 ACC: [-15, -14, 516]
[1500, 1499, 988, 1500, 988, 988, 988, 988, 1001, 1001, 1001, 1001, 1500, 1500, 1500, 1500]
[1500, 1500, 988, 1500, 988, 988, 988, 988, 1001, 1001, 1001, 1001, 1500, 1500, 1500, 1500]
15:37:31.564942 ALT: 1.07
15:37:31.565067 ATT: [-1.6, 1.7, 23]
15:37:31.565547 ACC: [-15, -14, 516]
[1500, 1500, 988, 1500, 988, 988, 988, 988, 1001, 1001, 1001, 1001, 1500, 1500, 1500, 1500]
[1499, 1500, 988, 1500, 988, 988, 988, 988, 1001, 1001, 1001, 1001, 1500, 1500, 1500, 1500]
[1500, 1501, 985, 1500, 988, 988, 988, 988, 1001, 1001, 1001, 1001, 1500, 1500, 1500, 1500]
15:37:31.613332 ALT: 1.07
15:37:31.613414 ATT: [-1.6, 1.7, 23]
15:37:31.613672 ACC: [-14, -14, 515]
[1501, 1497, 988, 1500, 988, 989, 986, 989, 1001, 1001, 1001, 1001, 1500, 1500, 1500, 1500]
[1499, 1500, 988, 1500, 988, 988, 988, 988, 1001, 1001, 1001, 1001, 1500, 1500, 1500, 1500]
15:37:31.660964 ALT: 1.07
15:37:31.661064 ATT: [-1.6, 1.7, 23]
15:37:31.661571 ACC: [-15, -14, 516]
[1500, 1500, 988, 1501, 986, 988, 988, 988, 1001, 1001, 1001, 1001, 1500, 1500, 1500, 1500]
[1500, 1499, 988, 1500, 988, 988, 988, 988, 1001, 1001, 1001, 1001, 1500, 1500, 1500, 1500]
[1500, 1500, 988, 1500, 988, 988, 988, 988, 1001, 1001, 1001, 1001, 1500, 1500, 1500, 1500]
15:37:31.709100 ALT: 1.07
15:37:31.709247 ATT: [-1.6, 1.7, 23]
15:37:31.709576 ACC: [-15, -14, 516]
[1499, 1500, 988, 1500, 988, 988, 988, 988, 1001, 1001, 1001, 1001, 1500, 1500, 1500, 1500]
[1500, 1500, 988, 1500, 988, 988, 988, 988, 1001, 1001, 1001, 1001, 1500, 1500, 1500, 1500]
15:37:31.757346 ALT: 1.07
15:37:31.757485 ATT: [-1.6, 1.7, 23]
15:37:31.757823 ACC: [-15, -14, 516]
[1500, 1500, 989, 1499, 988, 988, 988, 988, 1001, 1001, 1001, 1001, 1500, 1500, 1500, 1500]
[1499, 1500, 988, 1500, 988, 988, 989, 986, 1001, 1001, 1001, 1001, 1500, 1500, 1500, 1500]
15:37:31.805419 ALT: 1.07
15:37:31.805528 ATT: [-1.6, 1.7, 23]
15:37:31.805831 ACC: [-14, -14, 515]
[1500, 1500, 988, 1499, 988, 988, 988, 988, 1001, 1001, 1001, 1001, 1500, 1500, 1500, 1500]
[1500, 1499, 988, 1500, 988, 988, 988, 988, 1001, 1001, 1001, 1001, 1500, 1500, 1500, 1500]
[1500, 1500, 988, 1500, 988, 988, 988, 988, 1001, 1001, 1001, 1001, 1500, 1500, 1500, 1500]
15:37:31.853462 ALT: 1.07
15:37:31.853812 ATT: [-1.6, 1.7, 23]
15:37:31.854320 ACC: [-15, -14, 516]
[1500, 1500, 988, 1500, 988, 988, 988, 988, 1001, 1001, 1001, 1001, 1500, 1500, 1500, 1500]
[1500, 1500, 988, 1500, 988, 988, 988, 988, 1001, 1001, 1001, 1001, 1500, 1500, 1500, 1500]
15:37:31.901863 ALT: 1.07
15:37:31.902234 ATT: [-1.6, 1.7, 23]
15:37:31.902628 ACC: [-15, -14, 516]
[1500, 1500, 988, 1500, 988, 988, 988, 988, 1001, 1001, 1001, 1001, 1500, 1500, 1500, 1500]
[1500, 1500, 988, 1499, 988, 988, 988, 988, 1001, 1001, 1001, 1001, 1500, 1500, 1500, 1500]
[1500, 1500, 988, 1500, 988, 988, 988, 988, 1001, 1001, 1001, 1001, 1500, 1500, 1500, 1500]
15:37:31.951119 ALT: 1.07
15:37:31.951250 ATT: [-1.6, 1.7, 23]
15:37:31.951722 ACC: [-14, -14, 516]
[1499, 1500, 988, 1500, 988, 988, 988, 988, 1001, 1001, 1001, 1001, 1500, 1500, 1500, 1500]
[1500, 1500, 988, 1500, 988, 988, 988, 988, 1001, 1001, 1001, 1001, 1500, 1500, 1500, 1500]
15:37:31.998746 ALT: 1.07
15:37:31.998895 ATT: [-1.6, 1.7, 23]
15:37:31.999439 ACC: [-15, -14, 516]
[1499, 1500, 988, 1500, 988, 988, 988, 988, 1001, 1001, 1001, 1001, 1500, 1500, 1500, 1500]
[1499, 1500, 988, 1500, 988, 988, 988, 988, 1001, 1001, 1001, 1001, 1500, 1500, 1500, 1500]
15:37:32.045588 ALT: 1.07
15:37:32.045733 ATT: [-1.6, 1.7, 23]
15:37:32.046155 ACC: [-15, -14, 516]
[1499, 1499, 988, 1500, 988, 988, 988, 988, 1001, 1001, 1001, 1001, 1500, 1500, 1500, 1500]
[1500, 1500, 988, 1500, 988, 988, 988, 988, 1001, 1001, 1001, 1001, 1500, 1500, 1500, 1500]
[1499, 1500, 988, 1500, 988, 988, 988, 988, 1001, 1001, 1001, 1001, 1500, 1500, 1500, 1500]
15:37:32.093513 ALT: 1.07
15:37:32.093619 ATT: [-1.6, 1.7, 23]
15:37:32.093921 ACC: [-15, -14, 516]
[1500, 1500, 988, 1500, 988, 988, 988, 988, 1001, 1001, 1001, 1001, 1500, 1500, 1500, 1500]
[1500, 1500, 988, 1500, 988, 988, 988, 988, 1001, 1001, 1001, 1001, 1500, 1500, 1500, 1500]
15:37:32.141681 ALT: 1.07
15:37:32.141777 ATT: [-1.6, 1.7, 23]
15:37:32.142043 ACC: [-15, -14, 516]
[1500, 1499, 988, 1500, 988, 988, 988, 988, 1001, 1001, 1001, 1001, 1500, 1500, 1500, 1500]
[1500, 1500, 988, 1500, 989, 988, 988, 988, 1001, 1001, 1001, 1001, 1500, 1500, 1500, 1500]
[1499, 1500, 988, 1500, 988, 988, 988, 988, 1001, 1001, 1001, 1001, 1500, 1500, 1500, 1500]
15:37:32.190203 ALT: 1.07
15:37:32.190289 ATT: [-1.6, 1.7, 23]
15:37:32.190580 ACC: [-14, -14, 516]
[1500, 1500, 988, 1500, 988, 988, 988, 988, 1001, 1001, 1001, 1001, 1500, 1500, 1500, 1500]
[1500, 1500, 988, 1500, 988, 988, 988, 989, 1001, 1001, 1001, 1001, 1500, 1500, 1500, 1500]
15:37:32.238350 ALT: 1.07
15:37:32.238445 ATT: [-1.6, 1.7, 23]
15:37:32.238745 ACC: [-15, -14, 516]
[1500, 1500, 988, 1500, 988, 988, 988, 988, 1001, 1001, 1001, 1001, 1500, 1500, 1500, 1500]
[1500, 1499, 988, 1500, 988, 988, 988, 988, 1001, 1001, 1001, 1001, 1500, 1500, 1500, 1500]
15:37:32.286333 ALT: 1.07
15:37:32.286744 ATT: [-1.6, 1.7, 23]
15:37:32.287331 ACC: [-15, -14, 516]
[1500, 1499, 988, 1500, 988, 988, 988, 988, 1001, 1001, 1001, 1001, 1500, 1500, 1500, 1500]
[1500, 1501, 986, 1500, 988, 988, 988, 988, 1001, 1001, 1001, 1001, 1500, 1500, 1500, 1500]
[1500, 1500, 988, 1500, 988, 988, 988, 988, 1001, 1001, 1001, 1001, 1500, 1500, 1500, 1500]
15:37:32.334515 ALT: 1.07
15:37:32.334820 ATT: [-1.6, 1.7, 23]
15:37:32.335722 ACC: [-15, -14, 515]
[1500, 1500, 988, 1500, 988, 988, 988, 988, 1001, 1001, 1001, 1001, 1500, 1500, 1500, 1500]
[1500, 1500, 988, 1499, 988, 988, 988, 988, 1001, 1001, 1001, 1001, 1500, 1500, 1500, 1500]
15:37:32.382757 ALT: 1.07
15:37:32.382974 ATT: [-1.6, 1.7, 23]
15:37:32.383411 ACC: [-14, -14, 516]
[1499, 1500, 988, 1499, 988, 988, 988, 988, 1001, 1001, 1001, 1001, 1500, 1500, 1500, 1500]
[1500, 1500, 988, 1499, 988, 988, 988, 988, 1001, 1001, 1001, 1001, 1500, 1500, 1500, 1500]
[1500, 1500, 988, 1500, 988, 988, 988, 988, 1001, 1001, 1001, 1001, 1500, 1500, 1500, 1500]
15:37:32.430818 ALT: 1.07
15:37:32.430935 ATT: [-1.6, 1.7, 23]
15:37:32.431426 ACC: [-14, -14, 516]
[1500, 1500, 988, 1500, 988, 988, 988, 988, 1001, 1001, 1001, 1001, 1500, 1500, 1500, 1500]
[1500, 1500, 988, 1500, 988, 988, 988, 988, 1001, 1001, 1001, 1001, 1500, 1500, 1500, 1500]
15:37:32.478183 ALT: 1.07
15:37:32.478343 ATT: [-1.6, 1.7, 23]
15:37:32.478719 ACC: [-15, -14, 516]
[1499, 1500, 988, 1500, 988, 988, 988, 988, 1001, 1001, 1001, 1001, 1500, 1500, 1500, 1500]
[1500, 1500, 988, 1500, 988, 988, 988, 988, 1001, 1001, 1001, 1001, 1500, 1500, 1500, 1500]
15:37:32.527230 ALT: 1.07
15:37:32.527386 ATT: [-1.6, 1.7, 23]
15:37:32.527794 ACC: [-15, -14, 516]
[1500, 1499, 988, 1500, 988, 988, 988, 988, 1001, 1001, 1001, 1001, 1500, 1500, 1500, 1500]
[1500, 1500, 988, 1500, 988, 988, 988, 988, 1001, 1001, 1001, 1001, 1500, 1500, 1500, 1500]
[1500, 1500, 988, 1500, 988, 988, 988, 988, 1001, 1001, 1001, 1001, 1500, 1500, 1500, 1500]
15:37:32.574219 ALT: 1.07
15:37:32.574310 ATT: [-1.6, 1.7, 23]
15:37:32.574597 ACC: [-14, -14, 516]
[1500, 1499, 988, 1500, 988, 988, 988, 988, 1001, 1001, 1001, 1001, 1500, 1500, 1500, 1500]
[1500, 1500, 988, 1500, 988, 988, 988, 988, 1001, 1001, 1001, 1001, 1500, 1500, 1500, 1500]
15:37:32.622281 ALT: 1.07
15:37:32.622373 ATT: [-1.6, 1.7, 23]
15:37:32.622652 ACC: [-14, -15, 516]
[1499, 1500, 988, 1500, 988, 988, 988, 988, 1001, 1001, 1001, 1001, 1500, 1500, 1500, 1500]
[1500, 1499, 988, 1500, 988, 988, 988, 988, 1001, 1001, 1001, 1001, 1500, 1500, 1500, 1500]
[1500, 1500, 988, 1500, 988, 988, 988, 988, 1001, 1001, 1001, 1001, 1500, 1500, 1500, 1500]
15:37:32.670629 ALT: 1.07
15:37:32.670777 ATT: [-1.6, 1.7, 23]
15:37:32.671244 ACC: [-15, -14, 516]
[1500, 1500, 988, 1500, 988, 988, 988, 988, 1001, 1001, 1001, 1001, 1500, 1500, 1500, 1500]
[1500, 1500, 988, 1499, 988, 988, 988, 988, 1001, 1001, 1001, 1001, 1500, 1500, 1500, 1500]
15:37:32.718983 ALT: 1.07
15:37:32.720634 ATT: [-1.6, 1.7, 23]
15:37:32.721408 ACC: [-15, -14, 516]
[1500, 1500, 988, 1500, 988, 988, 988, 988, 1001, 1001, 1001, 1001, 1500, 1500, 1500, 1500]
[1499, 1500, 988, 1500, 989, 988, 988, 988, 1001, 1001, 1001, 1001, 1500, 1500, 1500, 1500]
15:37:32.766454 ALT: 1.07
15:37:32.766612 ATT: [-1.6, 1.7, 23]
15:37:32.766898 ACC: [-15, -14, 516]
[1500, 1499, 988, 1500, 989, 985, 988, 988, 1001, 1001, 1001, 1001, 1500, 1500, 1500, 1500]
[1500, 1500, 988, 1500, 988, 988, 988, 988, 1001, 1001, 1001, 1001, 1500, 1500, 1500, 1500]
[1500, 1500, 988, 1500, 988, 988, 988, 988, 1001, 1001, 1001, 1001, 1500, 1500, 1500, 1500]
15:37:32.815071 ALT: 1.07
15:37:32.815330 ATT: [-1.6, 1.7, 23]
15:37:32.817183 ACC: [-14, -14, 516]
[1500, 1500, 988, 1500, 988, 988, 988, 988, 1001, 1001, 1001, 1001, 1500, 1500, 1500, 1500]
[1499, 1500, 988, 1500, 988, 988, 988, 988, 1001, 1001, 1001, 1001, 1500, 1500, 1500, 1500]
15:37:32.862597 ALT: 1.07
15:37:32.862696 ATT: [-1.6, 1.7, 23]
15:37:32.863142 ACC: [-14, -14, 516]
[1500, 1499, 988, 1500, 988, 988, 988, 988, 1001, 1001, 1001, 1001, 1500, 1500, 1500, 1500]
[1500, 1499, 988, 1500, 988, 988, 988, 988, 1001, 1001, 1001, 1001, 1500, 1500, 1500, 1500]
[1500, 1500, 988, 1499, 988, 988, 988, 988, 1001, 1001, 1001, 1001, 1500, 1500, 1500, 1500]
15:37:32.911638 ALT: 1.07
15:37:32.911829 ATT: [-1.6, 1.7, 23]
15:37:32.912517 ACC: [-15, -14, 516]
[1500, 1500, 988, 1500, 988, 988, 988, 988, 1001, 1001, 1001, 1001, 1500, 1500, 1500, 1500]
[1499, 1500, 988, 1500, 988, 988, 988, 988, 1001, 1001, 1001, 1001, 1500, 1500, 1500, 1500]
15:37:32.958939 ALT: 1.07
15:37:32.959035 ATT: [-1.6, 1.7, 23]
15:37:32.959320 ACC: [-15, -14, 516]
[1500, 1499, 989, 1499, 988, 988, 988, 988, 1001, 1001, 1001, 1001, 1500, 1500, 1500, 1500]
[1499, 1500, 988, 1500, 988, 988, 988, 988, 1001, 1001, 1001, 1001, 1500, 1500, 1500, 1500]
15:37:33.006778 ALT: 1.07
15:37:33.006885 ATT: [-1.6, 1.7, 23]
15:37:33.007201 ACC: [-15, -14, 516]
[1499, 1500, 988, 1499, 988, 988, 988, 988, 1001, 1001, 1001, 1001, 1500, 1500, 1500, 1500]
[1500, 1500, 988, 1500, 988, 988, 988, 988, 1001, 1001, 1001, 1001, 1500, 1500, 1500, 1500]
[1500, 1499, 988, 1500, 988, 988, 988, 986, 1001, 1001, 1001, 1001, 1500, 1500, 1500, 1500]
15:37:33.055065 ALT: 1.07
15:37:33.055407 ATT: [-1.6, 1.7, 23]
15:37:33.056257 ACC: [-15, -14, 516]
[1500, 1500, 988, 1500, 988, 988, 988, 988, 1001, 1001, 1001, 1001, 1500, 1500, 1500, 1500]
[1500, 1499, 988, 1500, 988, 988, 988, 988, 1001, 1001, 1001, 1001, 1500, 1500, 1500, 1500]
[1500, 1500, 988, 1500, 988, 988, 988, 988, 1001, 1001, 1001, 1001, 1500, 1500, 1500, 1500]
15:37:33.119133 ALT: 1.07
15:37:33.119365 ATT: [-1.6, 1.7, 23]
15:37:33.120338 ACC: [-14, -15, 516]
[1499, 1500, 988, 1500, 988, 988, 988, 988, 1001, 1001, 1001, 1001, 1500, 1500, 1500, 1500]
[1499, 1500, 988, 1499, 988, 988, 988, 988, 1001, 1001, 1001, 1001, 1500, 1500, 1500, 1500]
15:37:33.167707 ALT: 1.07
15:37:33.167824 ATT: [-1.6, 1.7, 23]
15:37:33.168090 ACC: [-15, -14, 516]
[1500, 1500, 988, 1500, 988, 988, 988, 988, 1001, 1001, 1001, 1001, 1500, 1500, 1500, 1500]
[1499, 1500, 988, 1500, 988, 988, 988, 988, 1001, 1001, 1001, 1001, 1500, 1500, 1500, 1500]
[1500, 1500, 988, 1500, 988, 988, 988, 988, 1001, 1001, 1001, 1001, 1500, 1500, 1500, 1500]
15:37:33.215773 ALT: 1.07
15:37:33.215941 ATT: [-1.6, 1.7, 23]
15:37:33.216369 ACC: [-14, -14, 516]
[1500, 1500, 988, 1500, 988, 988, 988, 988, 1001, 1001, 1001, 1001, 1500, 1500, 1500, 1500]
[1499, 1500, 988, 1500, 988, 988, 988, 988, 1001, 1001, 1001, 1001, 1500, 1500, 1500, 1500]
15:37:33.263036 ALT: 1.07
15:37:33.263126 ATT: [-1.6, 1.7, 23]
15:37:33.263394 ACC: [-15, -14, 516]
[1500, 1500, 988, 1500, 986, 988, 988, 988, 1001, 1001, 1001, 1001, 1500, 1500, 1500, 1500]
[1500, 1500, 988, 1500, 988, 988, 988, 988, 1001, 1001, 1001, 1001, 1500, 1500, 1500, 1500]
[1500, 1500, 988, 1500, 988, 988, 988, 988, 1001, 1001, 1001, 1001, 1500, 1500, 1500, 1500]
15:37:33.311691 ALT: 1.07
15:37:33.311861 ATT: [-1.6, 1.7, 23]
15:37:33.312413 ACC: [-15, -14, 516]
[1500, 1500, 988, 1500, 988, 988, 988, 988, 1001, 1001, 1001, 1001, 1500, 1500, 1500, 1500]
[1500, 1499, 988, 1500, 988, 988, 988, 988, 1001, 1001, 1001, 1001, 1500, 1500, 1500, 1500]
15:37:33.359387 ALT: 1.07
15:37:33.359591 ATT: [-1.6, 1.7, 23]
15:37:33.360202 ACC: [-15, -14, 515]
[1499, 1500, 986, 1500, 988, 988, 989, 986, 1001, 1001, 1001, 1001, 1500, 1500, 1500, 1500]
[1499, 1500, 988, 1499, 988, 988, 988, 988, 1001, 1001, 1001, 1001, 1500, 1500, 1500, 1500]
15:37:33.407334 ALT: 1.07
15:37:33.407429 ATT: [-1.6, 1.7, 23]
15:37:33.407691 ACC: [-15, -14, 517]
[1500, 1500, 988, 1500, 988, 988, 988, 988, 1001, 1001, 1001, 1001, 1500, 1500, 1500, 1500]
[1500, 1500, 988, 1500, 988, 988, 988, 989, 1001, 1001, 1001, 1001, 1500, 1500, 1500, 1500]
[1499, 1500, 988, 1500, 988, 988, 988, 988, 1001, 1001, 1001, 1001, 1500, 1500, 1500, 1500]
15:37:33.455559 ALT: 1.07
15:37:33.455909 ATT: [-1.6, 1.7, 23]
15:37:33.456912 ACC: [-14, -14, 516]
[1500, 1499, 988, 1500, 988, 988, 988, 988, 1001, 1001, 1001, 1001, 1500, 1500, 1500, 1500]
[1497, 1500, 988, 1499, 988, 988, 988, 988, 1001, 1001, 1001, 1001, 1500, 1500, 1500, 1500]
15:37:33.504613 ALT: 1.07
15:37:33.505847 ATT: [-1.6, 1.7, 23]
15:37:33.507290 ACC: [-15, -14, 517]
[1500, 1500, 988, 1500, 988, 988, 988, 988, 1001, 1001, 1001, 1001, 1500, 1500, 1500, 1500]
[1500, 1500, 988, 1500, 988, 988, 988, 988, 1001, 1001, 1001, 1001, 1500, 1500, 1500, 1500]
[1499, 1500, 988, 1500, 988, 988, 988, 988, 1001, 1001, 1001, 1001, 1500, 1500, 1500, 1500]
15:37:33.551518 ALT: 1.07
15:37:33.552334 ATT: [-1.6, 1.7, 23]
15:37:33.552617 ACC: [-15, -14, 516]
[1500, 1500, 988, 1500, 988, 988, 988, 988, 1001, 1001, 1001, 1001, 1500, 1500, 1500, 1500]
[1500, 1499, 988, 1499, 988, 988, 988, 988, 1001, 1001, 1001, 1001, 1500, 1500, 1500, 1500]
15:37:33.599584 ALT: 1.07
15:37:33.599680 ATT: [-1.6, 1.7, 23]
15:37:33.600043 ACC: [-14, -15, 516]
[1500, 1500, 988, 1499, 988, 988, 988, 988, 1001, 1001, 1001, 1001, 1500, 1500, 1500, 1500]
[1500, 1500, 988, 1500, 988, 988, 988, 988, 1001, 1001, 1001, 1001, 1500, 1500, 1500, 1500]
15:37:33.647577 ALT: 1.07
15:37:33.647683 ATT: [-1.6, 1.7, 23]
15:37:33.647972 ACC: [-15, -14, 516]
[1500, 1500, 988, 1500, 988, 988, 988, 988, 1001, 1001, 1001, 1001, 1500, 1500, 1500, 1500]
[1500, 1501, 986, 1500, 988, 988, 988, 988, 1001, 1001, 1001, 1001, 1500, 1500, 1500, 1500]
[1500, 1499, 988, 1500, 988, 988, 988, 988, 1001, 1001, 1001, 1001, 1500, 1500, 1500, 1500]
15:37:33.695650 ALT: 1.07
15:37:33.695762 ATT: [-1.6, 1.7, 23]
15:37:33.696062 ACC: [-15, -14, 516]
[1500, 1499, 989, 1499, 988, 988, 988, 988, 1001, 1001, 1001, 1001, 1500, 1500, 1500, 1500]
[1499, 1500, 988, 1500, 988, 988, 988, 988, 1001, 1001, 1001, 1001, 1500, 1500, 1500, 1500]
15:37:33.743689 ALT: 1.07
15:37:33.743791 ATT: [-1.6, 1.7, 23]
15:37:33.744079 ACC: [-15, -14, 516]
[1499, 1500, 988, 1500, 988, 988, 988, 988, 1001, 1001, 1001, 1001, 1500, 1500, 1500, 1500]
[1500, 1499, 988, 1500, 988, 988, 988, 988, 1001, 1001, 1001, 1001, 1500, 1500, 1500, 1500]
[1499, 1500, 988, 1500, 988, 988, 988, 988, 1001, 1001, 1001, 1001, 1500, 1500, 1500, 1500]
15:37:33.791926 ALT: 1.07
15:37:33.792024 ATT: [-1.6, 1.7, 23]
15:37:33.792290 ACC: [-14, -14, 516]
[1500, 1499, 988, 1500, 988, 988, 988, 988, 1001, 1001, 1001, 1001, 1500, 1500, 1500, 1500]
[1499, 1500, 988, 1501, 986, 988, 988, 988, 1001, 1001, 1001, 1001, 1500, 1500, 1500, 1500]
15:37:33.840037 ALT: 1.07
15:37:33.840261 ATT: [-1.6, 1.7, 23]
15:37:33.840894 ACC: [-14, -14, 516]
[1499, 1500, 988, 1500, 988, 988, 988, 988, 1001, 1001, 1001, 1001, 1500, 1500, 1500, 1500]
[1500, 1500, 986, 1500, 988, 988, 988, 988, 1001, 1001, 1001, 1001, 1500, 1500, 1500, 1500]
15:37:33.888169 ALT: 1.07
15:37:33.888278 ATT: [-1.6, 1.7, 23]
15:37:33.888546 ACC: [-15, -14, 517]
[1500, 1500, 988, 1500, 988, 988, 988, 988, 1001, 1001, 1001, 1001, 1500, 1500, 1500, 1500]
[1500, 1500, 988, 1500, 988, 988, 988, 988, 1001, 1001, 1001, 1001, 1500, 1500, 1500, 1500]
[1500, 1500, 988, 1500, 988, 988, 988, 988, 1001, 1001, 1001, 1001, 1500, 1500, 1500, 1500]
15:37:33.935995 ALT: 1.07
15:37:33.936180 ATT: [-1.6, 1.7, 23]
15:37:33.936609 ACC: [-15, -14, 516]
[1499, 1500, 988, 1500, 988, 988, 988, 988, 1001, 1001, 1001, 1001, 1500, 1500, 1500, 1500]
[1500, 1500, 988, 1500, 988, 988, 988, 988, 1001, 1001, 1001, 1001, 1500, 1500, 1500, 1500]
15:37:33.984256 ALT: 1.07
15:37:33.984514 ATT: [-1.6, 1.7, 23]
15:37:33.984977 ACC: [-15, -14, 516]
[1500, 1500, 988, 1499, 988, 988, 988, 988, 1001, 1001, 1001, 1001, 1500, 1500, 1500, 1500]
[1500, 1500, 988, 1500, 988, 988, 988, 988, 1001, 1001, 1001, 1001, 1500, 1500, 1500, 1500]
[1500, 1500, 988, 1500, 988, 988, 988, 988, 1001, 1001, 1001, 1001, 1500, 1500, 1500, 1500]
15:37:34.033489 ALT: 1.07
15:37:34.033660 ATT: [-1.6, 1.7, 23]
15:37:34.034208 ACC: [-14, -14, 516]
[1500, 1500, 988, 1500, 988, 988, 988, 988, 1001, 1001, 1001, 1001, 1500, 1500, 1500, 1500]
[1500, 1500, 988, 1500, 988, 988, 988, 988, 1001, 1001, 1001, 1001, 1500, 1500, 1500, 1500]
15:37:34.080152 ALT: 1.07
15:37:34.080307 ATT: [-1.6, 1.7, 23]
15:37:34.080603 ACC: [-15, -14, 516]
[1500, 1499, 988, 1499, 988, 988, 988, 988, 1001, 1001, 1001, 1001, 1500, 1500, 1500, 1500]
[1500, 1500, 988, 1500, 988, 989, 986, 988, 1001, 1001, 1001, 1001, 1500, 1500, 1500, 1500]
[1500, 1500, 988, 1500, 988, 988, 988, 988, 1001, 1001, 1001, 1001, 1500, 1500, 1500, 1500]
15:37:34.132181 ALT: 1.07
15:37:34.132287 ATT: [-1.6, 1.7, 23]
15:37:34.132703 ACC: [-15, -15, 516]
[1500, 1500, 988, 1500, 988, 989, 986, 988, 1001, 1001, 1001, 1001, 1500, 1500, 1500, 1500]
[1499, 1500, 988, 1499, 988, 988, 988, 988, 1001, 1001, 1001, 1001, 1500, 1500, 1500, 1500]
15:37:34.176758 ALT: 1.07
15:37:34.176854 ATT: [-1.6, 1.7, 23]
15:37:34.177122 ACC: [-15, -15, 516]
[1500, 1499, 988, 1499, 988, 988, 988, 988, 1001, 1001, 1001, 1001, 1500, 1500, 1500, 1500]
[1500, 1500, 988, 1499, 988, 988, 988, 988, 1001, 1001, 1001, 1001, 1500, 1500, 1500, 1500]
15:37:34.227665 ALT: 1.07
15:37:34.227856 ATT: [-1.6, 1.7, 23]
15:37:34.228192 ACC: [-14, -14, 516]
[1500, 1499, 988, 1500, 988, 988, 988, 988, 1001, 1001, 1001, 1001, 1500, 1500, 1500, 1500]
[1500, 1500, 988, 1500, 988, 988, 988, 986, 1001, 1001, 1001, 1001, 1500, 1500, 1500, 1500]
[1500, 1500, 988, 1500, 988, 988, 988, 988, 1001, 1001, 1001, 1001, 1500, 1500, 1500, 1500]
15:37:34.272818 ALT: 1.07
15:37:34.272942 ATT: [-1.6, 1.7, 23]
15:37:34.273215 ACC: [-15, -14, 516]
[1500, 1499, 988, 1500, 988, 988, 988, 988, 1001, 1001, 1001, 1001, 1500, 1500, 1500, 1500]
[1500, 1499, 988, 1500, 989, 986, 988, 988, 1001, 1001, 1001, 1001, 1500, 1500, 1500, 1500]
15:37:34.324119 ALT: 1.07
15:37:34.324222 ATT: [-1.6, 1.7, 23]
15:37:34.324513 ACC: [-15, -14, 516]
[1500, 1500, 988, 1500, 988, 988, 988, 988, 1001, 1001, 1001, 1001, 1500, 1500, 1500, 1500]
[1500, 1500, 988, 1500, 988, 988, 988, 988, 1001, 1001, 1001, 1001, 1500, 1500, 1500, 1500]
15:37:34.368563 ALT: 1.07
15:37:34.368649 ATT: [-1.6, 1.7, 23]
15:37:34.368909 ACC: [-14, -14, 516]
[1500, 1500, 988, 1499, 988, 988, 988, 988, 1001, 1001, 1001, 1001, 1500, 1500, 1500, 1500]
[1500, 1499, 988, 1500, 988, 988, 988, 988, 1001, 1001, 1001, 1001, 1500, 1500, 1500, 1500]
[1500, 1500, 988, 1500, 988, 988, 988, 988, 1001, 1001, 1001, 1001, 1500, 1500, 1500, 1500]
15:37:34.419035 ALT: 1.07
15:37:34.419285 ATT: [-1.6, 1.7, 23]
15:37:34.422265 ACC: [-15, -14, 516]
[1500, 1499, 988, 1500, 988, 988, 988, 988, 1001, 1001, 1001, 1001, 1500, 1500, 1500, 1500]
[1499, 1500, 988, 1500, 988, 988, 988, 988, 1001, 1001, 1001, 1001, 1500, 1500, 1500, 1500]
15:37:34.466763 ALT: 1.07
15:37:34.466865 ATT: [-1.6, 1.7, 23]
15:37:34.467159 ACC: [-15, -14, 516]
[1500, 1500, 988, 1500, 988, 988, 988, 988, 1001, 1001, 1001, 1001, 1500, 1500, 1500, 1500]
[1500, 1500, 988, 1500, 988, 988, 988, 988, 1001, 1001, 1001, 1001, 1500, 1500, 1500, 1500]
[1500, 1500, 988, 1500, 988, 988, 988, 988, 1001, 1001, 1001, 1001, 1500, 1500, 1500, 1500]
15:37:34.513164 ALT: 1.07
15:37:34.513308 ATT: [-1.6, 1.7, 23]
15:37:34.513653 ACC: [-15, -14, 516]
[1500, 1500, 988, 1500, 988, 988, 988, 988, 1001, 1001, 1001, 1001, 1500, 1500, 1500, 1500]
[1499, 1500, 988, 1500, 988, 988, 988, 988, 1001, 1001, 1001, 1001, 1500, 1500, 1500, 1500]
15:37:34.562225 ALT: 1.07
15:37:34.562316 ATT: [-1.6, 1.7, 23]
15:37:34.562674 ACC: [-15, -14, 516]
[1499, 1499, 988, 1500, 988, 986, 988, 988, 1001, 1001, 1001, 1001, 1500, 1500, 1500, 1500]
[1500, 1500, 988, 1500, 988, 988, 988, 988, 1001, 1001, 1001, 1001, 1500, 1500, 1500, 1500]
15:37:34.609587 ALT: 1.07
15:37:34.609681 ATT: [-1.6, 1.7, 23]
15:37:34.609934 ACC: [-15, -14, 516]
[1499, 1500, 988, 1500, 988, 988, 988, 988, 1001, 1001, 1001, 1001, 1500, 1500, 1500, 1500]
[1500, 1500, 988, 1500, 988, 988, 988, 988, 1001, 1001, 1001, 1001, 1500, 1500, 1500, 1500]
[1499, 1500, 988, 1500, 988, 988, 988, 988, 1001, 1001, 1001, 1001, 1500, 1500, 1500, 1500]
15:37:34.660894 ALT: 1.07
15:37:34.660979 ATT: [-1.6, 1.7, 23]
15:37:34.661230 ACC: [-14, -14, 516]
[1500, 1500, 988, 1500, 988, 988, 988, 988, 1001, 1001, 1001, 1001, 1500, 1500, 1500, 1500]
[1500, 1499, 988, 1500, 988, 988, 988, 988, 1001, 1001, 1001, 1001, 1500, 1500, 1500, 1500]
[1500, 1497, 988, 1500, 988, 988, 988, 988, 1001, 1001, 1001, 1001, 1500, 1500, 1500, 1500]
15:37:34.714676 ALT: 1.07
15:37:34.714818 ATT: [-1.6, 1.7, 23]
15:37:34.715361 ACC: [-15, -14, 515]
[1500, 1500, 988, 1500, 988, 988, 988, 989, 1001, 1001, 1001, 1001, 1500, 1500, 1500, 1500]
[1500, 1500, 988, 1500, 988, 988, 988, 988, 1001, 1001, 1001, 1001, 1500, 1500, 1500, 1500]
15:37:34.768954 ALT: 1.07
15:37:34.769045 ATT: [-1.6, 1.7, 23]
15:37:34.769306 ACC: [-14, -14, 516]
[1499, 1500, 988, 1500, 986, 988, 988, 988, 1001, 1001, 1001, 1001, 1500, 1500, 1500, 1500]
[1500, 1499, 988, 1500, 988, 988, 988, 988, 1001, 1001, 1001, 1001, 1500, 1500, 1500, 1500]
[1500, 1499, 988, 1499, 988, 988, 988, 988, 1001, 1001, 1001, 1001, 1500, 1500, 1500, 1500]
15:37:34.816983 ALT: 1.07
15:37:34.817070 ATT: [-1.6, 1.7, 23]
15:37:34.817328 ACC: [-15, -15, 516]
[1500, 1500, 988, 1500, 988, 988, 988, 988, 1001, 1001, 1001, 1001, 1500, 1500, 1500, 1500]
[1500, 1500, 988, 1500, 988, 988, 988, 988, 1001, 1001, 1001, 1001, 1500, 1500, 1500, 1500]
15:37:34.865014 ALT: 1.07
15:37:34.865103 ATT: [-1.6, 1.7, 23]
15:37:34.865371 ACC: [-15, -15, 516]
[1500, 1500, 988, 1500, 988, 988, 988, 989, 1001, 1001, 1001, 1001, 1500, 1500, 1500, 1500]
[1500, 1499, 988, 1500, 988, 988, 988, 988, 1001, 1001, 1001, 1001, 1500, 1500, 1500, 1500]
[1500, 1500, 988, 1499, 988, 988, 988, 988, 1001, 1001, 1001, 1001, 1500, 1500, 1500, 1500]
15:37:34.914083 ALT: 1.07
15:37:34.914211 ATT: [-1.6, 1.7, 23]
15:37:34.914739 ACC: [-14, -14, 516]
[1499, 1500, 988, 1500, 988, 988, 988, 988, 1001, 1001, 1001, 1001, 1500, 1500, 1500, 1500]
[1500, 1499, 988, 1499, 988, 988, 988, 988, 1001, 1001, 1001, 1001, 1500, 1500, 1500, 1500]
15:37:34.961185 ALT: 1.07
15:37:34.961287 ATT: [-1.6, 1.7, 23]
15:37:34.961636 ACC: [-15, -15, 516]
[1500, 1500, 988, 1500, 988, 988, 988, 988, 1001, 1001, 1001, 1001, 1500, 1500, 1500, 1500]
[1500, 1500, 988, 1500, 988, 988, 988, 988, 1001, 1001, 1001, 1001, 1500, 1500, 1500, 1500]
15:37:35.010100 ALT: 1.07
15:37:35.010253 ATT: [-1.6, 1.7, 23]
15:37:35.010700 ACC: [-14, -14, 516]
[1499, 1499, 988, 1500, 989, 986, 988, 988, 1001, 1001, 1001, 1001, 1500, 1500, 1500, 1500]
[1500, 1499, 988, 1500, 988, 988, 988, 988, 1001, 1001, 1001, 1001, 1500, 1500, 1500, 1500]
[1497, 1500, 988, 1500, 988, 988, 988, 988, 1001, 1001, 1001, 1001, 1500, 1500, 1500, 1500]
15:37:35.057423 ALT: 1.07
15:37:35.057573 ATT: [-1.6, 1.7, 23]
15:37:35.058007 ACC: [-14, -14, 516]
[1500, 1500, 988, 1499, 988, 988, 988, 988, 1001, 1001, 1001, 1001, 1500, 1500, 1500, 1500]
[1500, 1500, 988, 1500, 988, 988, 988, 988, 1001, 1001, 1001, 1001, 1500, 1500, 1500, 1500]
[1500, 1500, 988, 1500, 988, 988, 988, 988, 1001, 1001, 1001, 1001, 1500, 1500, 1500, 1500]
15:37:35.121693 ALT: 1.07
15:37:35.121945 ATT: [-1.6, 1.7, 23]
15:37:35.122625 ACC: [-15, -14, 516]
[1500, 1500, 988, 1499, 988, 988, 988, 988, 1001, 1001, 1001, 1001, 1500, 1500, 1500, 1500]
[1500, 1500, 988, 1500, 988, 988, 988, 988, 1001, 1001, 1001, 1001, 1500, 1500, 1500, 1500]
15:37:35.169780 ALT: 1.07
15:37:35.170072 ATT: [-1.6, 1.7, 23]
15:37:35.170665 ACC: [-15, -14, 516]
[1500, 1500, 988, 1500, 988, 988, 988, 988, 1001, 1001, 1001, 1001, 1500, 1500, 1500, 1500]
[1500, 1499, 988, 1500, 988, 988, 988, 988, 1001, 1001, 1001, 1001, 1500, 1500, 1500, 1500]
[1500, 1499, 988, 1500, 989, 986, 988, 988, 1001, 1001, 1001, 1001, 1500, 1500, 1500, 1500]
[1500, 1500, 988, 1500, 988, 988, 988, 988, 1001, 1001, 1001, 1001, 1500, 1500, 1500, 1500]
15:37:35.233993 ALT: 1.07
15:37:35.234240 ATT: [-1.6, 1.7, 23]
15:37:35.234732 ACC: [-14, -14, 516]
[1499, 1500, 988, 1500, 988, 988, 988, 988, 1001, 1001, 1001, 1001, 1500, 1500, 1500, 1500]
[1500, 1500, 988, 1500, 988, 988, 988, 988, 1001, 1001, 1001, 1001, 1500, 1500, 1500, 1500]
15:37:35.282889 ALT: 1.07
15:37:35.283023 ATT: [-1.6, 1.7, 23]
15:37:35.283474 ACC: [-15, -14, 516]
[1501, 1497, 988, 1500, 988, 988, 988, 988, 1001, 1001, 1001, 1001, 1500, 1500, 1500, 1500]
[1500, 1499, 988, 1500, 988, 988, 988, 988, 1001, 1001, 1001, 1001, 1500, 1500, 1500, 1500]
15:37:35.329657 ALT: 1.07
15:37:35.329759 ATT: [-1.6, 1.7, 23]
15:37:35.330083 ACC: [-14, -14, 516]
[1500, 1500, 988, 1500, 988, 988, 988, 988, 1001, 1001, 1001, 1001, 1500, 1500, 1500, 1500]
[1500, 1500, 988, 1500, 988, 988, 988, 988, 1001, 1001, 1001, 1001, 1500, 1500, 1500, 1500]
[1499, 1500, 988, 1499, 988, 988, 988, 988, 1001, 1001, 1001, 1001, 1500, 1500, 1500, 1500]
15:37:35.378003 ALT: 1.07
15:37:35.378172 ATT: [-1.6, 1.7, 23]
15:37:35.378702 ACC: [-14, -14, 516]
[1500, 1499, 988, 1500, 988, 988, 988, 988, 1001, 1001, 1001, 1001, 1500, 1500, 1500, 1500]
[1500, 1499, 988, 1499, 988, 988, 988, 988, 1001, 1001, 1001, 1001, 1500, 1500, 1500, 1500]
15:37:35.425908 ALT: 1.07
15:37:35.426006 ATT: [-1.6, 1.7, 23]
15:37:35.426551 ACC: [-15, -14, 516]
[1500, 1499, 988, 1500, 988, 988, 988, 988, 1001, 1001, 1001, 1001, 1500, 1500, 1500, 1500]
[1500, 1499, 988, 1500, 988, 988, 988, 988, 1001, 1001, 1001, 1001, 1500, 1500, 1500, 1500]
[1500, 1500, 988, 1500, 988, 988, 988, 988, 1001, 1001, 1001, 1001, 1500, 1500, 1500, 1500]
15:37:35.473859 ALT: 1.07
15:37:35.474207 ATT: [-1.6, 1.7, 23]
15:37:35.475397 ACC: [-15, -14, 516]
[1500, 1500, 988, 1500, 988, 988, 988, 988, 1001, 1001, 1001, 1001, 1500, 1500, 1500, 1500]
[1500, 1499, 988, 1500, 988, 988, 988, 988, 1001, 1001, 1001, 1001, 1500, 1500, 1500, 1500]
15:37:35.522469 ALT: 1.07
15:37:35.522616 ATT: [-1.6, 1.7, 23]
15:37:35.523154 ACC: [-15, -14, 516]
[1500, 1500, 988, 1500, 988, 988, 988, 988, 1001, 1001, 1001, 1001, 1500, 1500, 1500, 1500]
[1500, 1499, 988, 1500, 988, 988, 988, 988, 1001, 1001, 1001, 1001, 1500, 1500, 1500, 1500]
15:37:35.570617 ALT: 1.07
15:37:35.570954 ATT: [-1.6, 1.7, 23]
15:37:35.571337 ACC: [-14, -14, 516]
[1500, 1501, 986, 1500, 988, 986, 988, 988, 1001, 1001, 1001, 1001, 1500, 1500, 1500, 1500]
[1500, 1500, 988, 1500, 988, 988, 988, 988, 1001, 1001, 1001, 1001, 1500, 1500, 1500, 1500]
[1500, 1500, 988, 1500, 988, 988, 988, 988, 1001, 1001, 1001, 1001, 1500, 1500, 1500, 1500]
15:37:35.618396 ALT: 1.11
15:37:35.618739 ATT: [-1.6, 1.7, 23]
15:37:35.619367 ACC: [-15, -14, 516]
[1500, 1500, 988, 1500, 988, 988, 988, 988, 1001, 1001, 1001, 1001, 1500, 1500, 1500, 1500]
[1499, 1500, 988, 1500, 988, 988, 988, 988, 1001, 1001, 1001, 1001, 1500, 1500, 1500, 1500]
15:37:35.665881 ALT: 1.13
15:37:35.665964 ATT: [-1.6, 1.7, 23]
15:37:35.666243 ACC: [-14, -14, 516]
[1499, 1500, 988, 1500, 988, 988, 988, 988, 1001, 1001, 1001, 1001, 1500, 1500, 1500, 1500]
[1500, 1500, 988, 1500, 988, 988, 988, 988, 1001, 1001, 1001, 1001, 1500, 1500, 1500, 1500]
[1500, 1500, 988, 1500, 988, 988, 988, 988, 1001, 1001, 1001, 1001, 1500, 1500, 1500, 1500]
15:37:35.714011 ALT: 1.15
15:37:35.714127 ATT: [-1.6, 1.7, 23]
15:37:35.714454 ACC: [-15, -14, 516]
[1500, 1500, 988, 1499, 988, 988, 988, 988, 1001, 1001, 1001, 1001, 1500, 1500, 1500, 1500]
[1500, 1500, 988, 1500, 988, 988, 988, 988, 1001, 1001, 1001, 1001, 1500, 1500, 1500, 1500]
15:37:35.762134 ALT: 1.15
15:37:35.762228 ATT: [-1.6, 1.7, 23]
15:37:35.762772 ACC: [-14, -14, 516]
[1499, 1500, 988, 1500, 988, 988, 988, 988, 1001, 1001, 1001, 1001, 1500, 1500, 1500, 1500]
[1500, 1500, 988, 1500, 988, 988, 988, 988, 1001, 1001, 1001, 1001, 1500, 1500, 1500, 1500]
15:37:35.813350 ALT: 1.15
15:37:35.813464 ATT: [-1.6, 1.7, 23]
15:37:35.813783 ACC: [-14, -15, 516]
[1500, 1500, 988, 1500, 988, 988, 988, 988, 1001, 1001, 1001, 1001, 1500, 1500, 1500, 1500]
[1500, 1500, 988, 1500, 988, 988, 988, 988, 1001, 1001, 1001, 1001, 1500, 1500, 1500, 1500]
[1500, 1500, 988, 1500, 988, 988, 988, 988, 1001, 1001, 1001, 1001, 1500, 1500, 1500, 1500]
15:37:35.858164 ALT: 1.15
15:37:35.858256 ATT: [-1.6, 1.7, 23]
15:37:35.858588 ACC: [-15, -14, 516]
[1500, 1501, 986, 1500, 988, 988, 988, 988, 1001, 1001, 1001, 1001, 1500, 1500, 1500, 1500]
[1499, 1500, 988, 1500, 988, 988, 988, 988, 1001, 1001, 1001, 1001, 1500, 1500, 1500, 1500]
15:37:35.906821 ALT: 1.15
15:37:35.906977 ATT: [-1.6, 1.7, 23]
15:37:35.907966 ACC: [-15, -14, 516]
[1500, 1500, 988, 1500, 988, 988, 988, 988, 1001, 1001, 1001, 1001, 1500, 1500, 1500, 1500]
[1500, 1500, 988, 1500, 988, 988, 988, 988, 1001, 1001, 1001, 1001, 1500, 1500, 1500, 1500]
[1500, 1499, 988, 1500, 988, 988, 988, 988, 1001, 1001, 1001, 1001, 1500, 1500, 1500, 1500]
15:37:35.954622 ALT: 1.15
15:37:35.954745 ATT: [-1.6, 1.7, 23]
15:37:35.955066 ACC: [-15, -14, 516]
[1500, 1500, 988, 1500, 988, 988, 988, 989, 1001, 1001, 1001, 1001, 1500, 1500, 1500, 1500]
[1500, 1500, 988, 1500, 988, 988, 988, 988, 1001, 1001, 1001, 1001, 1500, 1500, 1500, 1500]
15:37:36.003033 ALT: 1.15
15:37:36.003291 ATT: [-1.6, 1.7, 23]
15:37:36.003731 ACC: [-15, -14, 516]
[1500, 1499, 988, 1500, 988, 988, 988, 988, 1001, 1001, 1001, 1001, 1500, 1500, 1500, 1500]
[1499, 1500, 988, 1500, 988, 988, 988, 988, 1001, 1001, 1001, 1001, 1500, 1500, 1500, 1500]
15:37:36.050469 ALT: 1.15
15:37:36.050662 ATT: [-1.6, 1.7, 23]
15:37:36.050966 ACC: [-14, -14, 516]
[1500, 1500, 988, 1499, 988, 988, 988, 988, 1001, 1001, 1001, 1001, 1500, 1500, 1500, 1500]
[1500, 1500, 988, 1500, 988, 988, 988, 988, 1001, 1001, 1001, 1001, 1500, 1500, 1500, 1500]
[1500, 1499, 988, 1500, 988, 988, 988, 988, 1001, 1001, 1001, 1001, 1500, 1500, 1500, 1500]
15:37:36.098896 ALT: 1.15
15:37:36.099074 ATT: [-1.6, 1.7, 23]
15:37:36.099751 ACC: [-14, -14, 516]
[1499, 1500, 988, 1500, 988, 988, 989, 986, 1001, 1001, 1001, 1001, 1500, 1500, 1500, 1500]
[1500, 1500, 988, 1500, 988, 988, 988, 988, 1001, 1001, 1001, 1001, 1500, 1500, 1500, 1500]
15:37:36.146559 ALT: 1.15
15:37:36.146665 ATT: [-1.6, 1.7, 23]
15:37:36.146991 ACC: [-15, -14, 516]
[1499, 1500, 988, 1499, 988, 988, 988, 988, 1001, 1001, 1001, 1001, 1500, 1500, 1500, 1500]
[1500, 1500, 988, 1500, 988, 988, 988, 988, 1001, 1001, 1001, 1001, 1500, 1500, 1500, 1500]
[1500, 1500, 988, 1500, 988, 988, 988, 988, 1001, 1001, 1001, 1001, 1500, 1500, 1500, 1500]
15:37:36.194689 ALT: 1.15
15:37:36.194912 ATT: [-1.6, 1.7, 23]
15:37:36.195944 ACC: [-15, -14, 516]
[1499, 1500, 988, 1500, 988, 988, 988, 988, 1001, 1001, 1001, 1001, 1500, 1500, 1500, 1500]
[1500, 1500, 988, 1500, 988, 988, 988, 988, 1001, 1001, 1001, 1001, 1500, 1500, 1500, 1500]
15:37:36.242572 ALT: 1.15
15:37:36.242665 ATT: [-1.6, 1.7, 23]
15:37:36.242940 ACC: [-15, -14, 516]
[1500, 1499, 988, 1500, 988, 988, 988, 988, 1001, 1001, 1001, 1001, 1500, 1500, 1500, 1500]
[1499, 1500, 988, 1499, 988, 988, 988, 989, 1001, 1001, 1001, 1001, 1500, 1500, 1500, 1500]
15:37:36.292311 ALT: 1.15
15:37:36.292458 ATT: [-1.6, 1.7, 23]
15:37:36.292961 ACC: [-14, -15, 516]
[1500, 1499, 988, 1500, 988, 988, 988, 988, 1001, 1001, 1001, 1001, 1500, 1500, 1500, 1500]
[1500, 1500, 988, 1500, 988, 988, 988, 988, 1001, 1001, 1001, 1001, 1500, 1500, 1500, 1500]
[1500, 1500, 988, 1500, 988, 988, 988, 988, 1001, 1001, 1001, 1001, 1500, 1500, 1500, 1500]
15:37:36.340247 ALT: 1.15
15:37:36.340355 ATT: [-1.6, 1.7, 23]
15:37:36.340967 ACC: [-14, -15, 516]
[1499, 1500, 988, 1499, 988, 988, 988, 988, 1001, 1001, 1001, 1001, 1500, 1500, 1500, 1500]
[1500, 1500, 988, 1500, 988, 988, 989, 986, 1001, 1001, 1001, 1001, 1500, 1500, 1500, 1500]
15:37:36.387388 ALT: 1.15
15:37:36.387635 ATT: [-1.6, 1.7, 23]
15:37:36.388082 ACC: [-14, -14, 516]
[1499, 1500, 988, 1500, 988, 988, 988, 988, 1001, 1001, 1001, 1001, 1500, 1500, 1500, 1500]
[1500, 1500, 988, 1499, 988, 988, 988, 988, 1001, 1001, 1001, 1001, 1500, 1500, 1500, 1500]
[1500, 1500, 988, 1500, 988, 988, 988, 988, 1001, 1001, 1001, 1001, 1500, 1500, 1500, 1500]
15:37:36.435494 ALT: 1.15
15:37:36.435748 ATT: [-1.6, 1.7, 23]
15:37:36.436248 ACC: [-15, -15, 516]
[1499, 1500, 988, 1500, 988, 988, 988, 988, 1001, 1001, 1001, 1001, 1500, 1500, 1500, 1500]
[1499, 1500, 988, 1500, 988, 988, 988, 988, 1001, 1001, 1001, 1001, 1500, 1500, 1500, 1500]
15:37:36.483210 ALT: 1.15
15:37:36.483377 ATT: [-1.6, 1.7, 23]
15:37:36.483868 ACC: [-15, -14, 516]
[1500, 1501, 986, 1500, 988, 988, 988, 988, 1001, 1001, 1001, 1001, 1500, 1500, 1500, 1500]
[1500, 1499, 988, 1500, 988, 988, 988, 988, 1001, 1001, 1001, 1001, 1500, 1500, 1500, 1500]
15:37:36.530942 ALT: 1.15
15:37:36.531050 ATT: [-1.6, 1.7, 23]
15:37:36.531378 ACC: [-15, -14, 516]
[1500, 1500, 988, 1500, 988, 988, 988, 988, 1001, 1001, 1001, 1001, 1500, 1500, 1500, 1500]
[1500, 1499, 988, 1500, 988, 988, 988, 988, 1001, 1001, 1001, 1001, 1500, 1500, 1500, 1500]
[1500, 1500, 988, 1500, 988, 988, 988, 986, 1001, 1001, 1001, 1001, 1500, 1500, 1500, 1500]
15:37:36.580605 ALT: 1.15
15:37:36.580696 ATT: [-1.6, 1.7, 23]
15:37:36.580941 ACC: [-14, -14, 516]
[1500, 1500, 988, 1500, 988, 988, 988, 988, 1001, 1001, 1001, 1001, 1500, 1500, 1500, 1500]
[1500, 1499, 988, 1500, 988, 988, 988, 988, 1001, 1001, 1001, 1001, 1500, 1500, 1500, 1500]
15:37:36.626914 ALT: 1.15
15:37:36.627009 ATT: [-1.6, 1.7, 23]
15:37:36.631223 ACC: [-14, -14, 516]
[1499, 1500, 988, 1500, 988, 988, 988, 988, 1001, 1001, 1001, 1001, 1500, 1500, 1500, 1500]
[1500, 1499, 988, 1499, 988, 988, 988, 988, 1001, 1001, 1001, 1001, 1500, 1500, 1500, 1500]
[1500, 1500, 988, 1500, 988, 988, 988, 988, 1001, 1001, 1001, 1001, 1500, 1500, 1500, 1500]
15:37:36.675471 ALT: 1.15
15:37:36.675568 ATT: [-1.6, 1.7, 23]
15:37:36.675886 ACC: [-14, -14, 516]
[1500, 1500, 988, 1500, 988, 988, 988, 988, 1001, 1001, 1001, 1001, 1500, 1500, 1500, 1500]
[1500, 1500, 988, 1500, 989, 986, 988, 988, 1001, 1001, 1001, 1001, 1500, 1500, 1500, 1500]
15:37:36.724320 ALT: 1.15
15:37:36.724418 ATT: [-1.6, 1.7, 23]
15:37:36.724705 ACC: [-15, -14, 516]
[1500, 1500, 988, 1499, 988, 988, 988, 988, 1001, 1001, 1001, 1001, 1500, 1500, 1500, 1500]
[1499, 1500, 988, 1500, 988, 988, 988, 988, 1001, 1001, 1001, 1001, 1500, 1500, 1500, 1500]
15:37:36.771769 ALT: 1.15
15:37:36.772053 ATT: [-1.6, 1.7, 23]
15:37:36.772607 ACC: [-15, -15, 516]
[1500, 1500, 988, 1500, 989, 985, 988, 988, 1001, 1001, 1001, 1001, 1500, 1500, 1500, 1500]
[1500, 1501, 986, 1500, 988, 988, 988, 988, 1001, 1001, 1001, 1001, 1500, 1500, 1500, 1500]
[1500, 1500, 986, 1500, 988, 988, 988, 988, 1001, 1001, 1001, 1001, 1500, 1500, 1500, 1500]
15:37:36.819626 ALT: 1.15
15:37:36.819777 ATT: [-1.6, 1.7, 23]
15:37:36.820240 ACC: [-14, -14, 516]
[1500, 1500, 988, 1500, 988, 988, 988, 988, 1001, 1001, 1001, 1001, 1500, 1500, 1500, 1500]
[1500, 1499, 988, 1500, 988, 988, 988, 989, 1001, 1001, 1001, 1001, 1500, 1500, 1500, 1500]
15:37:36.867331 ALT: 1.15
15:37:36.867435 ATT: [-1.6, 1.7, 23]
15:37:36.867787 ACC: [-15, -14, 516]
[1499, 1500, 988, 1500, 988, 988, 988, 988, 1001, 1001, 1001, 1001, 1500, 1500, 1500, 1500]
[1500, 1500, 988, 1500, 988, 988, 988, 988, 1001, 1001, 1001, 1001, 1500, 1500, 1500, 1500]
[1500, 1500, 988, 1500, 988, 988, 988, 988, 1001, 1001, 1001, 1001, 1500, 1500, 1500, 1500]
15:37:36.915615 ALT: 1.15
15:37:36.915747 ATT: [-1.6, 1.7, 23]
15:37:36.916084 ACC: [-15, -14, 515]
[1500, 1500, 988, 1500, 988, 988, 988, 988, 1001, 1001, 1001, 1001, 1500, 1500, 1500, 1500]
[1500, 1500, 988, 1499, 988, 988, 988, 988, 1001, 1001, 1001, 1001, 1500, 1500, 1500, 1500]
15:37:36.964289 ALT: 1.15
15:37:36.964399 ATT: [-1.6, 1.7, 23]
15:37:36.964674 ACC: [-14, -14, 516]
[1500, 1500, 988, 1500, 988, 988, 988, 988, 1001, 1001, 1001, 1001, 1500, 1500, 1500, 1500]
[1500, 1500, 988, 1500, 988, 988, 988, 988, 1001, 1001, 1001, 1001, 1500, 1500, 1500, 1500]
[1500, 1500, 988, 1499, 988, 988, 989, 988, 1001, 1001, 1001, 1001, 1500, 1500, 1500, 1500]
15:37:37.015394 ALT: 1.15
15:37:37.015486 ATT: [-1.6, 1.7, 23]
15:37:37.015750 ACC: [-14, -14, 516]
[1500, 1499, 988, 1500, 988, 988, 988, 988, 1001, 1001, 1001, 1001, 1500, 1500, 1500, 1500]
[1499, 1500, 988, 1500, 988, 988, 988, 988, 1001, 1001, 1001, 1001, 1500, 1500, 1500, 1500]
15:37:37.059410 ALT: 1.15
15:37:37.059499 ATT: [-1.6, 1.7, 23]
15:37:37.059762 ACC: [-14, -14, 516]
[1500, 1500, 988, 1500, 988, 988, 988, 988, 1001, 1001, 1001, 1001, 1500, 1500, 1500, 1500]
[1500, 1500, 988, 1499, 988, 988, 988, 988, 1001, 1001, 1001, 1001, 1500, 1500, 1500, 1500]
15:37:37.107826 ALT: 1.15
15:37:37.108186 ATT: [-1.6, 1.7, 23]
15:37:37.108639 ACC: [-15, -14, 516]
[1500, 1500, 988, 1500, 988, 988, 988, 988, 1001, 1001, 1001, 1001, 1500, 1500, 1500, 1500]
[1500, 1500, 988, 1499, 988, 988, 988, 988, 1001, 1001, 1001, 1001, 1500, 1500, 1500, 1500]
[1500, 1499, 988, 1500, 988, 988, 988, 988, 1001, 1001, 1001, 1001, 1500, 1500, 1500, 1500]
15:37:37.155556 ALT: 1.15
15:37:37.155651 ATT: [-1.6, 1.7, 23]
15:37:37.155913 ACC: [-15, -14, 516]
[1500, 1500, 988, 1500, 988, 989, 986, 988, 1001, 1001, 1001, 1001, 1500, 1500, 1500, 1500]
[1500, 1500, 988, 1500, 988, 988, 988, 988, 1001, 1001, 1001, 1001, 1500, 1500, 1500, 1500]
15:37:37.204256 ALT: 1.15
15:37:37.204573 ATT: [-1.6, 1.7, 23]
15:37:37.205053 ACC: [-15, -15, 515]
[1500, 1499, 988, 1500, 988, 988, 988, 988, 1001, 1001, 1001, 1001, 1500, 1500, 1500, 1500]
[1499, 1500, 988, 1499, 988, 988, 988, 988, 1001, 1001, 1001, 1001, 1500, 1500, 1500, 1500]
[1500, 1500, 988, 1499, 988, 988, 988, 988, 1001, 1001, 1001, 1001, 1500, 1500, 1500, 1500]
15:37:37.267908 ALT: 1.15
15:37:37.268083 ATT: [-1.6, 1.7, 23]
15:37:37.268643 ACC: [-14, -14, 516]
[1500, 1500, 988, 1500, 988, 988, 988, 988, 1001, 1001, 1001, 1001, 1500, 1500, 1500, 1500]
[1500, 1500, 988, 1500, 988, 988, 988, 988, 1001, 1001, 1001, 1001, 1500, 1500, 1500, 1500]
[1500, 1500, 986, 1500, 988, 988, 988, 988, 1001, 1001, 1001, 1001, 1500, 1500, 1500, 1500]
15:37:37.315744 ALT: 1.15
15:37:37.315861 ATT: [-1.6, 1.7, 23]
15:37:37.316211 ACC: [-14, -15, 516]
[1500, 1500, 988, 1500, 988, 988, 988, 988, 1001, 1001, 1001, 1001, 1500, 1500, 1500, 1500]
[1499, 1500, 988, 1500, 988, 988, 988, 988, 1001, 1001, 1001, 1001, 1500, 1500, 1500, 1500]
15:37:37.365160 ALT: 1.15
15:37:37.365249 ATT: [-1.6, 1.7, 23]
15:37:37.365488 ACC: [-15, -14, 516]
[1500, 1499, 988, 1500, 988, 988, 988, 988, 1001, 1001, 1001, 1001, 1500, 1500, 1500, 1500]
[1500, 1500, 989, 1499, 988, 988, 988, 988, 1001, 1001, 1001, 1001, 1500, 1500, 1500, 1500]
15:37:37.411822 ALT: 1.15
15:37:37.411933 ATT: [-1.6, 1.7, 23]
15:37:37.412239 ACC: [-14, -14, 516]
[1497, 1500, 988, 1500, 988, 988, 988, 988, 1001, 1001, 1001, 1001, 1500, 1500, 1500, 1500]
[1500, 1500, 988, 1499, 988, 988, 988, 988, 1001, 1001, 1001, 1001, 1500, 1500, 1500, 1500]
[1500, 1499, 988, 1500, 988, 988, 988, 988, 1001, 1001, 1001, 1001, 1500, 1500, 1500, 1500]
15:37:37.460288 ALT: 1.15
15:37:37.460376 ATT: [-1.6, 1.7, 23]
15:37:37.460651 ACC: [-15, -14, 516]
[1501, 1497, 988, 1500, 988, 988, 988, 989, 1001, 1001, 1001, 1001, 1500, 1500, 1500, 1500]
[1500, 1500, 988, 1499, 988, 988, 988, 988, 1001, 1001, 1001, 1001, 1500, 1500, 1500, 1500]
[1500, 1500, 988, 1500, 988, 989, 985, 988, 1001, 1001, 1001, 1001, 1500, 1500, 1500, 1500]
15:37:37.526498 ALT: 1.15
15:37:37.526632 ATT: [-1.6, 1.7, 23]
15:37:37.526976 ACC: [-15, -14, 516]
[1499, 1500, 988, 1500, 988, 988, 988, 988, 1001, 1001, 1001, 1001, 1500, 1500, 1500, 1500]
[1499, 1500, 988, 1500, 988, 988, 988, 988, 1001, 1001, 1001, 1001, 1500, 1500, 1500, 1500]
15:37:37.571953 ALT: 1.15
15:37:37.572043 ATT: [-1.6, 1.7, 23]
15:37:37.572307 ACC: [-14, -14, 516]
[1500, 1499, 988, 1500, 988, 988, 988, 988, 1001, 1001, 1001, 1001, 1500, 1500, 1500, 1500]
[1500, 1500, 988, 1499, 988, 988, 988, 988, 1001, 1001, 1001, 1001, 1500, 1500, 1500, 1500]
[1500, 1500, 988, 1499, 988, 988, 988, 988, 1001, 1001, 1001, 1001, 1500, 1500, 1500, 1500]
15:37:37.619988 ALT: 1.15
15:37:37.620077 ATT: [-1.6, 1.7, 23]
15:37:37.620335 ACC: [-14, -14, 516]
[1500, 1500, 988, 1500, 988, 988, 988, 988, 1001, 1001, 1001, 1001, 1500, 1500, 1500, 1500]
[1500, 1500, 988, 1500, 988, 988, 988, 988, 1001, 1001, 1001, 1001, 1500, 1500, 1500, 1500]
15:37:37.668316 ALT: 1.15
15:37:37.668504 ATT: [-1.6, 1.7, 23]
15:37:37.669120 ACC: [-15, -14, 516]
[1500, 1500, 988, 1500, 988, 988, 989, 986, 1001, 1001, 1001, 1001, 1500, 1500, 1500, 1500]
[1500, 1500, 988, 1499, 988, 988, 988, 988, 1001, 1001, 1001, 1001, 1500, 1500, 1500, 1500]
[1500, 1499, 988, 1500, 988, 988, 988, 988, 1001, 1001, 1001, 1001, 1500, 1500, 1500, 1500]
15:37:37.716686 ALT: 1.15
15:37:37.716799 ATT: [-1.6, 1.7, 23]
15:37:37.717144 ACC: [-14, -14, 516]
[1500, 1500, 988, 1499, 988, 988, 988, 988, 1001, 1001, 1001, 1001, 1500, 1500, 1500, 1500]
[1500, 1501, 986, 1500, 988, 988, 988, 988, 1001, 1001, 1001, 1001, 1500, 1500, 1500, 1500]
15:37:37.765811 ALT: 1.15
15:37:37.765908 ATT: [-1.6, 1.7, 23]
15:37:37.766168 ACC: [-14, -14, 516]
[1500, 1500, 988, 1500, 988, 988, 988, 988, 1001, 1001, 1001, 1001, 1500, 1500, 1500, 1500]
[1500, 1500, 988, 1500, 988, 988, 988, 988, 1001, 1001, 1001, 1001, 1500, 1500, 1500, 1500]
15:37:37.812195 ALT: 1.15
15:37:37.812283 ATT: [-1.6, 1.7, 23]
15:37:37.812598 ACC: [-15, -14, 515]
[1500, 1499, 988, 1500, 988, 988, 988, 988, 1001, 1001, 1001, 1001, 1500, 1500, 1500, 1500]
[1499, 1500, 988, 1500, 988, 988, 988, 988, 1001, 1001, 1001, 1001, 1500, 1500, 1500, 1500]
[1500, 1500, 988, 1499, 988, 988, 988, 988, 1001, 1001, 1001, 1001, 1500, 1500, 1500, 1500]
15:37:37.860350 ALT: 1.15
15:37:37.860460 ATT: [-1.6, 1.7, 23]
15:37:37.860791 ACC: [-14, -14, 516]
[1500, 1500, 988, 1499, 988, 988, 988, 988, 1001, 1001, 1001, 1001, 1500, 1500, 1500, 1500]
[1500, 1500, 988, 1500, 988, 988, 988, 988, 1001, 1001, 1001, 1001, 1500, 1500, 1500, 1500]
15:37:37.908675 ALT: 1.15
15:37:37.908773 ATT: [-1.6, 1.7, 23]
15:37:37.909041 ACC: [-15, -15, 516]
[1500, 1499, 988, 1500, 988, 988, 988, 988, 1001, 1001, 1001, 1001, 1500, 1500, 1500, 1500]
[1500, 1500, 988, 1500, 988, 988, 988, 988, 1001, 1001, 1001, 1001, 1500, 1500, 1500, 1500]
[1499, 1500, 988, 1500, 988, 988, 988, 988, 1001, 1001, 1001, 1001, 1500, 1500, 1500, 1500]
15:37:37.956477 ALT: 1.15
15:37:37.956577 ATT: [-1.6, 1.7, 23]
15:37:37.956859 ACC: [-14, -14, 516]
[1500, 1500, 986, 1500, 988, 988, 988, 988, 1001, 1001, 1001, 1001, 1500, 1500, 1500, 1500]
[1500, 1500, 988, 1500, 988, 988, 988, 988, 1001, 1001, 1001, 1001, 1500, 1500, 1500, 1500]
15:37:38.004807 ALT: 1.15
15:37:38.005094 ATT: [-1.6, 1.7, 23]
15:37:38.005436 ACC: [-14, -14, 516]
[1500, 1499, 988, 1500, 988, 988, 988, 988, 1001, 1001, 1001, 1001, 1500, 1500, 1500, 1500]
[1500, 1500, 988, 1500, 988, 988, 988, 988, 1001, 1001, 1001, 1001, 1500, 1500, 1500, 1500]
15:37:38.052441 ALT: 1.15
15:37:38.052586 ATT: [-1.6, 1.6, 23]
15:37:38.052859 ACC: [-14, -15, 516]
[1500, 1501, 985, 1500, 988, 988, 988, 988, 1001, 1001, 1001, 1001, 1500, 1500, 1500, 1500]
[1500, 1500, 988, 1500, 988, 989, 986, 988, 1001, 1001, 1001, 1001, 1500, 1500, 1500, 1500]
[1500, 1500, 989, 1499, 988, 988, 988, 988, 1001, 1001, 1001, 1001, 1500, 1500, 1500, 1500]
15:37:38.102001 ALT: 1.15
15:37:38.102241 ATT: [-1.6, 1.6, 23]
15:37:38.102689 ACC: [-15, -14, 516]
[1500, 1500, 988, 1500, 988, 988, 988, 988, 1001, 1001, 1001, 1001, 1500, 1500, 1500, 1500]
[1499, 1500, 988, 1500, 988, 988, 988, 988, 1001, 1001, 1001, 1001, 1500, 1500, 1500, 1500]
15:37:38.148517 ALT: 1.15
15:37:38.148617 ATT: [-1.6, 1.7, 23]
15:37:38.148987 ACC: [-15, -14, 516]
[1500, 1500, 988, 1500, 988, 988, 988, 988, 1001, 1001, 1001, 1001, 1500, 1500, 1500, 1500]
[1499, 1500, 988, 1500, 988, 988, 988, 988, 1001, 1001, 1001, 1001, 1500, 1500, 1500, 1500]
[1500, 1500, 989, 1499, 989, 986, 988, 988, 1001, 1001, 1001, 1001, 1500, 1500, 1500, 1500]
15:37:38.196586 ALT: 1.15
15:37:38.196728 ATT: [-1.6, 1.7, 23]
15:37:38.197146 ACC: [-15, -14, 516]
[1500, 1500, 988, 1500, 988, 988, 988, 988, 1001, 1001, 1001, 1001, 1500, 1500, 1500, 1500]
[1500, 1500, 988, 1500, 988, 988, 988, 988, 1001, 1001, 1001, 1001, 1500, 1500, 1500, 1500]
15:37:38.244647 ALT: 1.15
15:37:38.244746 ATT: [-1.6, 1.7, 23]
15:37:38.245052 ACC: [-14, -14, 516]
[1500, 1500, 988, 1500, 988, 988, 988, 988, 1001, 1001, 1001, 1001, 1500, 1500, 1500, 1500]
[1500, 1500, 988, 1500, 988, 988, 988, 988, 1001, 1001, 1001, 1001, 1500, 1500, 1500, 1500]
15:37:38.293029 ALT: 1.15
15:37:38.293256 ATT: [-1.6, 1.6, 23]
15:37:38.293958 ACC: [-14, -14, 516]
[1500, 1500, 988, 1500, 988, 988, 988, 988, 1001, 1001, 1001, 1001, 1500, 1500, 1500, 1500]
[1500, 1499, 988, 1500, 988, 988, 988, 988, 1001, 1001, 1001, 1001, 1500, 1500, 1500, 1500]
[1500, 1500, 988, 1499, 988, 988, 988, 988, 1001, 1001, 1001, 1001, 1500, 1500, 1500, 1500]
15:37:38.341716 ALT: 1.15
15:37:38.341805 ATT: [-1.6, 1.6, 23]
15:37:38.342091 ACC: [-15, -15, 516]
[1500, 1500, 988, 1500, 988, 986, 988, 988, 1001, 1001, 1001, 1001, 1500, 1500, 1500, 1500]
[1500, 1500, 988, 1500, 988, 988, 988, 988, 1001, 1001, 1001, 1001, 1500, 1500, 1500, 1500]
15:37:38.389082 ALT: 1.15
15:37:38.389171 ATT: [-1.6, 1.6, 23]
15:37:38.389411 ACC: [-15, -14, 516]
[1500, 1499, 988, 1499, 988, 988, 988, 988, 1001, 1001, 1001, 1001, 1500, 1500, 1500, 1500]
[1500, 1500, 988, 1499, 988, 988, 988, 988, 1001, 1001, 1001, 1001, 1500, 1500, 1500, 1500]
[1499, 1500, 988, 1500, 988, 988, 988, 988, 1001, 1001, 1001, 1001, 1500, 1500, 1500, 1500]
15:37:38.436836 ALT: 1.15
15:37:38.436924 ATT: [-1.6, 1.7, 23]
15:37:38.437179 ACC: [-15, -14, 516]
[1500, 1500, 988, 1500, 986, 988, 988, 988, 1001, 1001, 1001, 1001, 1500, 1500, 1500, 1500]
[1500, 1500, 988, 1499, 988, 988, 988, 988, 1001, 1001, 1001, 1001, 1500, 1500, 1500, 1500]
15:37:38.485471 ALT: 1.15
15:37:38.485702 ATT: [-1.6, 1.7, 23]
15:37:38.486248 ACC: [-15, -14, 516]
[1500, 1500, 991, 1497, 988, 988, 988, 988, 1001, 1001, 1001, 1001, 1500, 1500, 1500, 1500]
[1500, 1500, 988, 1500, 988, 988, 988, 988, 1001, 1001, 1001, 1001, 1500, 1500, 1500, 1500]
15:37:38.533606 ALT: 1.15
15:37:38.533703 ATT: [-1.6, 1.7, 23]
15:37:38.533971 ACC: [-15, -14, 516]
[1500, 1500, 988, 1500, 988, 988, 988, 988, 1001, 1001, 1001, 1001, 1500, 1500, 1500, 1500]
[1500, 1500, 988, 1500, 988, 988, 988, 988, 1001, 1001, 1001, 1001, 1500, 1500, 1500, 1500]
[1500, 1500, 988, 1500, 988, 988, 988, 988, 1001, 1001, 1001, 1001, 1500, 1500, 1500, 1500]
15:37:38.580865 ALT: 1.15
15:37:38.580976 ATT: [-1.6, 1.7, 23]
15:37:38.581284 ACC: [-15, -15, 516]
[1500, 1500, 988, 1499, 988, 988, 988, 988, 1001, 1001, 1001, 1001, 1500, 1500, 1500, 1500]
[1500, 1501, 985, 1500, 988, 988, 988, 988, 1001, 1001, 1001, 1001, 1500, 1500, 1500, 1500]
15:37:38.629154 ALT: 1.15
15:37:38.629246 ATT: [-1.6, 1.7, 23]
15:37:38.629529 ACC: [-15, -15, 516]
[1500, 1500, 988, 1500, 988, 988, 988, 988, 1001, 1001, 1001, 1001, 1500, 1500, 1500, 1500]
[1500, 1500, 988, 1500, 988, 988, 988, 988, 1001, 1001, 1001, 1001, 1500, 1500, 1500, 1500]
[1499, 1500, 988, 1500, 988, 988, 988, 989, 1001, 1001, 1001, 1001, 1500, 1500, 1500, 1500]
15:37:38.677292 ALT: 1.15
15:37:38.677544 ATT: [-1.6, 1.7, 23]
15:37:38.678760 ACC: [-15, -14, 516]
[1500, 1499, 988, 1499, 988, 988, 988, 988, 1001, 1001, 1001, 1001, 1500, 1500, 1500, 1500]
[1499, 1500, 988, 1499, 988, 988, 988, 988, 1001, 1001, 1001, 1001, 1500, 1500, 1500, 1500]
15:37:38.725175 ALT: 1.15
15:37:38.725308 ATT: [-1.6, 1.7, 23]
15:37:38.725717 ACC: [-14, -14, 516]
[1500, 1500, 988, 1500, 988, 988, 988, 988, 1001, 1001, 1001, 1001, 1500, 1500, 1500, 1500]
[1500, 1500, 988, 1500, 988, 988, 988, 988, 1001, 1001, 1001, 1001, 1500, 1500, 1500, 1500]
15:37:38.773605 ALT: 1.15
15:37:38.773904 ATT: [-1.6, 1.7, 23]
15:37:38.774383 ACC: [-15, -15, 516]
[1500, 1500, 988, 1500, 988, 988, 988, 988, 1001, 1001, 1001, 1001, 1500, 1500, 1500, 1500]
[1500, 1500, 988, 1499, 988, 988, 988, 988, 1001, 1001, 1001, 1001, 1500, 1500, 1500, 1500]
[1500, 1500, 988, 1500, 988, 988, 988, 988, 1001, 1001, 1001, 1001, 1500, 1500, 1500, 1500]
15:37:38.821262 ALT: 1.15
15:37:38.821418 ATT: [-1.6, 1.7, 23]
15:37:38.821755 ACC: [-15, -15, 515]
[1500, 1500, 988, 1499, 988, 988, 988, 988, 1001, 1001, 1001, 1001, 1500, 1500, 1500, 1500]
[1500, 1500, 988, 1500, 988, 988, 988, 988, 1001, 1001, 1001, 1001, 1500, 1500, 1500, 1500]
15:37:38.870307 ALT: 1.15
15:37:38.870601 ATT: [-1.6, 1.7, 23]
15:37:38.871324 ACC: [-15, -14, 516]
[1500, 1500, 988, 1500, 988, 988, 988, 988, 1001, 1001, 1001, 1001, 1500, 1500, 1500, 1500]
[1500, 1500, 988, 1499, 988, 988, 988, 988, 1001, 1001, 1001, 1001, 1500, 1500, 1500, 1500]
[1499, 1500, 988, 1500, 988, 988, 988, 988, 1001, 1001, 1001, 1001, 1500, 1500, 1500, 1500]
15:37:38.919988 ALT: 1.15
15:37:38.920106 ATT: [-1.6, 1.7, 23]
15:37:38.920428 ACC: [-15, -15, 516]
[1499, 1500, 988, 1500, 988, 988, 988, 988, 1001, 1001, 1001, 1001, 1500, 1500, 1500, 1500]
[1500, 1500, 988, 1500, 988, 988, 988, 988, 1001, 1001, 1001, 1001, 1500, 1500, 1500, 1500]
15:37:38.965376 ALT: 1.15
15:37:38.965481 ATT: [-1.6, 1.7, 23]
15:37:38.965807 ACC: [-14, -14, 516]
[1501, 1497, 988, 1500, 988, 988, 988, 988, 1001, 1001, 1001, 1001, 1500, 1500, 1500, 1500]
[1500, 1500, 988, 1500, 988, 988, 988, 988, 1001, 1001, 1001, 1001, 1500, 1500, 1500, 1500]
15:37:39.013378 ALT: 1.15
15:37:39.013481 ATT: [-1.6, 1.7, 23]
15:37:39.013742 ACC: [-15, -15, 516]
[1500, 1500, 988, 1500, 988, 989, 986, 988, 1001, 1001, 1001, 1001, 1500, 1500, 1500, 1500]
[1500, 1500, 988, 1500, 988, 988, 988, 988, 1001, 1001, 1001, 1001, 1500, 1500, 1500, 1500]
[1499, 1500, 988, 1500, 986, 988, 988, 988, 1001, 1001, 1001, 1001, 1500, 1500, 1500, 1500]
15:37:39.061933 ALT: 1.15
15:37:39.062062 ATT: [-1.6, 1.7, 23]
15:37:39.063010 ACC: [-15, -15, 516]
[1500, 1500, 988, 1500, 988, 988, 988, 988, 1001, 1001, 1001, 1001, 1500, 1500, 1500, 1500]
[1500, 1500, 989, 1497, 988, 988, 988, 988, 1001, 1001, 1001, 1001, 1500, 1500, 1500, 1500]
15:37:39.109559 ALT: 1.15
15:37:39.109682 ATT: [-1.6, 1.7, 23]
15:37:39.110051 ACC: [-15, -14, 516]
[1500, 1500, 988, 1500, 988, 988, 988, 988, 1001, 1001, 1001, 1001, 1500, 1500, 1500, 1500]
[1500, 1500, 988, 1499, 988, 988, 988, 988, 1001, 1001, 1001, 1001, 1500, 1500, 1500, 1500]
[1499, 1500, 988, 1500, 988, 988, 988, 988, 1001, 1001, 1001, 1001, 1500, 1500, 1500, 1500]
15:37:39.157519 ALT: 1.15
15:37:39.157677 ATT: [-1.6, 1.7, 23]
15:37:39.158275 ACC: [-15, -14, 516]
[1499, 1500, 988, 1499, 988, 988, 988, 988, 1001, 1001, 1001, 1001, 1500, 1500, 1500, 1500]
[1500, 1500, 988, 1500, 988, 988, 988, 988, 1001, 1001, 1001, 1001, 1500, 1500, 1500, 1500]
15:37:39.205541 ALT: 1.15
15:37:39.205641 ATT: [-1.6, 1.7, 23]
15:37:39.205922 ACC: [-15, -15, 516]
[1499, 1500, 988, 1500, 988, 988, 988, 986, 1001, 1001, 1001, 1001, 1500, 1500, 1500, 1500]
[1500, 1500, 988, 1500, 988, 988, 988, 988, 1001, 1001, 1001, 1001, 1500, 1500, 1500, 1500]
15:37:39.253577 ALT: 1.15
15:37:39.253692 ATT: [-1.6, 1.7, 23]
15:37:39.254007 ACC: [-15, -14, 516]
[1499, 1500, 988, 1500, 988, 988, 988, 988, 1001, 1001, 1001, 1001, 1500, 1500, 1500, 1500]
[1500, 1500, 988, 1500, 988, 988, 988, 988, 1001, 1001, 1001, 1001, 1500, 1500, 1500, 1500]
[1500, 1499, 988, 1499, 988, 989, 986, 988, 1001, 1001, 1001, 1001, 1500, 1500, 1500, 1500]
15:37:39.301846 ALT: 1.15
15:37:39.301936 ATT: [-1.6, 1.7, 23]
15:37:39.302222 ACC: [-14, -15, 516]
[1501, 1497, 988, 1500, 988, 988, 988, 988, 1001, 1001, 1001, 1001, 1500, 1500, 1500, 1500]
[1500, 1500, 988, 1500, 988, 988, 988, 988, 1001, 1001, 1001, 1001, 1500, 1500, 1500, 1500]
[1499, 1500, 988, 1500, 988, 988, 988, 988, 1001, 1001, 1001, 1001, 1500, 1500, 1500, 1500]
15:37:39.365691 ALT: 1.15
15:37:39.365785 ATT: [-1.6, 1.7, 23]
15:37:39.366124 ACC: [-14, -14, 516]
[1499, 1500, 988, 1500, 988, 988, 988, 988, 1001, 1001, 1001, 1001, 1500, 1500, 1500, 1500]
[1500, 1500, 988, 1500, 988, 988, 988, 988, 1001, 1001, 1001, 1001, 1500, 1500, 1500, 1500]
15:37:39.414028 ALT: 1.15
15:37:39.414126 ATT: [-1.6, 1.7, 23]
15:37:39.414375 ACC: [-15, -14, 516]
[1500, 1500, 988, 1500, 988, 988, 988, 988, 1001, 1001, 1001, 1001, 1500, 1500, 1500, 1500]
[1500, 1500, 988, 1499, 988, 988, 988, 988, 1001, 1001, 1001, 1001, 1500, 1500, 1500, 1500]
[1500, 1500, 988, 1499, 988, 988, 988, 988, 1001, 1001, 1001, 1001, 1500, 1500, 1500, 1500]
15:37:39.462173 ALT: 1.15
15:37:39.462260 ATT: [-1.6, 1.7, 23]
15:37:39.462547 ACC: [-15, -14, 515]
[1500, 1499, 988, 1500, 988, 988, 988, 988, 1001, 1001, 1001, 1001, 1500, 1500, 1500, 1500]
[1500, 1500, 988, 1500, 988, 988, 988, 988, 1001, 1001, 1001, 1001, 1500, 1500, 1500, 1500]
15:37:39.509982 ALT: 1.15
15:37:39.510277 ATT: [-1.6, 1.7, 23]
15:37:39.510991 ACC: [-15, -14, 515]
[1499, 1500, 988, 1500, 988, 988, 988, 988, 1001, 1001, 1001, 1001, 1500, 1500, 1500, 1500]
[1500, 1500, 988, 1500, 988, 988, 988, 989, 1001, 1001, 1001, 1001, 1500, 1500, 1500, 1500]
[1500, 1500, 988, 1500, 988, 988, 988, 988, 1001, 1001, 1001, 1001, 1500, 1500, 1500, 1500]
15:37:39.558478 ALT: 1.15
15:37:39.558624 ATT: [-1.6, 1.7, 23]
15:37:39.558890 ACC: [-15, -15, 516]
[1500, 1500, 988, 1500, 986, 988, 988, 988, 1001, 1001, 1001, 1001, 1500, 1500, 1500, 1500]
[1500, 1500, 988, 1500, 988, 988, 988, 988, 1001, 1001, 1001, 1001, 1500, 1500, 1500, 1500]
15:37:39.606179 ALT: 1.15
15:37:39.606443 ATT: [-1.6, 1.7, 23]
15:37:39.606960 ACC: [-15, -14, 516]
[1500, 1500, 988, 1500, 989, 986, 988, 988, 1001, 1001, 1001, 1001, 1500, 1500, 1500, 1500]
[1500, 1500, 988, 1500, 988, 988, 988, 989, 1001, 1001, 1001, 1001, 1500, 1500, 1500, 1500]
15:37:39.653969 ALT: 1.15
15:37:39.654082 ATT: [-1.6, 1.7, 23]
15:37:39.654402 ACC: [-15, -14, 515]
[1499, 1500, 988, 1500, 988, 988, 988, 988, 1001, 1001, 1001, 1001, 1500, 1500, 1500, 1500]
[1500, 1500, 988, 1500, 988, 988, 988, 988, 1001, 1001, 1001, 1001, 1500, 1500, 1500, 1500]
[1500, 1500, 988, 1500, 988, 988, 988, 988, 1001, 1001, 1001, 1001, 1500, 1500, 1500, 1500]
15:37:39.702115 ALT: 1.15
15:37:39.702393 ATT: [-1.6, 1.7, 23]
15:37:39.702936 ACC: [-15, -15, 515]
[1500, 1500, 988, 1500, 988, 988, 988, 988, 1001, 1001, 1001, 1001, 1500, 1500, 1500, 1500]
[1500, 1500, 988, 1500, 988, 988, 988, 988, 1001, 1001, 1001, 1001, 1500, 1500, 1500, 1500]
15:37:39.750051 ALT: 1.15
15:37:39.750172 ATT: [-1.6, 1.7, 23]
15:37:39.750479 ACC: [-14, -14, 516]
[1499, 1500, 988, 1500, 988, 988, 988, 988, 1001, 1001, 1001, 1001, 1500, 1500, 1500, 1500]
[1499, 1500, 988, 1499, 988, 988, 988, 988, 1001, 1001, 1001, 1001, 1500, 1500, 1500, 1500]
[1500, 1500, 988, 1500, 988, 988, 988, 988, 1001, 1001, 1001, 1001, 1500, 1500, 1500, 1500]
15:37:39.797958 ALT: 1.15
15:37:39.798048 ATT: [-1.6, 1.7, 23]
15:37:39.798283 ACC: [-14, -14, 516]
[1500, 1500, 988, 1500, 988, 988, 988, 988, 1001, 1001, 1001, 1001, 1500, 1500, 1500, 1500]
[1500, 1500, 988, 1500, 988, 988, 988, 988, 1001, 1001, 1001, 1001, 1500, 1500, 1500, 1500]
15:37:39.846102 ALT: 1.15
15:37:39.846201 ATT: [-1.6, 1.7, 23]
15:37:39.846480 ACC: [-14, -14, 516]
[1500, 1500, 988, 1499, 988, 988, 988, 988, 1001, 1001, 1001, 1001, 1500, 1500, 1500, 1500]
[1500, 1500, 988, 1500, 988, 988, 988, 988, 1001, 1001, 1001, 1001, 1500, 1500, 1500, 1500]
15:37:39.894304 ALT: 1.15
15:37:39.894405 ATT: [-1.6, 1.7, 23]
15:37:39.894844 ACC: [-14, -14, 516]
[1500, 1500, 988, 1500, 986, 988, 988, 988, 1001, 1001, 1001, 1001, 1500, 1500, 1500, 1500]
[1500, 1500, 988, 1500, 988, 988, 988, 988, 1001, 1001, 1001, 1001, 1500, 1500, 1500, 1500]
[1500, 1500, 988, 1500, 988, 988, 988, 988, 1001, 1001, 1001, 1001, 1500, 1500, 1500, 1500]
15:37:39.942203 ALT: 1.15
15:37:39.942344 ATT: [-1.6, 1.7, 23]
15:37:39.943031 ACC: [-15, -14, 516]
[1500, 1500, 988, 1500, 988, 988, 988, 988, 1001, 1001, 1001, 1001, 1500, 1500, 1500, 1500]
[1500, 1500, 988, 1500, 988, 988, 988, 988, 1001, 1001, 1001, 1001, 1500, 1500, 1500, 1500]
15:37:39.990292 ALT: 1.15
15:37:39.990402 ATT: [-1.6, 1.7, 23]
15:37:39.990879 ACC: [-15, -14, 516]
[1500, 1500, 988, 1499, 988, 988, 988, 988, 1001, 1001, 1001, 1001, 1500, 1500, 1500, 1500]
[1499, 1500, 988, 1500, 988, 988, 988, 988, 1001, 1001, 1001, 1001, 1500, 1500, 1500, 1500]
[1500, 1500, 988, 1500, 988, 988, 988, 988, 1001, 1001, 1001, 1001, 1500, 1500, 1500, 1500]
15:37:40.038354 ALT: 1.15
15:37:40.038477 ATT: [-1.6, 1.7, 23]
15:37:40.038898 ACC: [-14, -15, 516]
[1500, 1500, 988, 1500, 988, 986, 988, 988, 1001, 1001, 1001, 1001, 1500, 1500, 1500, 1500]
[1500, 1500, 988, 1500, 988, 988, 988, 988, 1001, 1001, 1001, 1001, 1500, 1500, 1500, 1500]
15:37:40.088172 ALT: 1.15
15:37:40.088259 ATT: [-1.6, 1.7, 23]
15:37:40.088511 ACC: [-15, -14, 516]
[1500, 1500, 988, 1500, 988, 988, 988, 988, 1001, 1001, 1001, 1001, 1500, 1500, 1500, 1500]
[1500, 1500, 988, 1500, 988, 988, 988, 988, 1001, 1001, 1001, 1001, 1500, 1500, 1500, 1500]
15:37:40.135292 ALT: 1.15
15:37:40.135391 ATT: [-1.6, 1.7, 23]
15:37:40.136035 ACC: [-14, -14, 516]
[1499, 1500, 988, 1500, 988, 988, 988, 988, 1001, 1001, 1001, 1001, 1500, 1500, 1500, 1500]
[1500, 1500, 988, 1500, 988, 988, 988, 988, 1001, 1001, 1001, 1001, 1500, 1500, 1500, 1500]
[1500, 1500, 988, 1500, 988, 988, 988, 989, 1001, 1001, 1001, 1001, 1500, 1500, 1500, 1500]
15:37:40.182404 ALT: 1.15
15:37:40.182495 ATT: [-1.6, 1.7, 23]
15:37:40.182858 ACC: [-15, -14, 515]
[1500, 1499, 988, 1500, 988, 988, 988, 988, 1001, 1001, 1001, 1001, 1500, 1500, 1500, 1500]
[1500, 1500, 988, 1500, 988, 988, 988, 988, 1001, 1001, 1001, 1001, 1500, 1500, 1500, 1500]
15:37:40.230423 ALT: 1.15
15:37:40.230510 ATT: [-1.6, 1.7, 23]
15:37:40.230834 ACC: [-15, -14, 516]
[1500, 1500, 988, 1500, 988, 988, 988, 988, 1001, 1001, 1001, 1001, 1500, 1500, 1500, 1500]
[1500, 1499, 988, 1500, 988, 988, 988, 988, 1001, 1001, 1001, 1001, 1500, 1500, 1500, 1500]
[1500, 1500, 988, 1500, 988, 989, 985, 988, 1001, 1001, 1001, 1001, 1500, 1500, 1500, 1500]
15:37:40.278743 ALT: 1.15
15:37:40.278844 ATT: [-1.6, 1.7, 23]
15:37:40.279126 ACC: [-14, -14, 516]
[1500, 1499, 988, 1500, 988, 988, 988, 988, 1001, 1001, 1001, 1001, 1500, 1500, 1500, 1500]
[1500, 1500, 988, 1500, 988, 988, 988, 988, 1001, 1001, 1001, 1001, 1500, 1500, 1500, 1500]
15:37:40.326741 ALT: 1.15
15:37:40.327081 ATT: [-1.6, 1.7, 23]
15:37:40.327730 ACC: [-14, -15, 516]
[1500, 1500, 988, 1500, 988, 988, 988, 988, 1001, 1001, 1001, 1001, 1500, 1500, 1500, 1500]
[1500, 1500, 988, 1500, 988, 988, 988, 988, 1001, 1001, 1001, 1001, 1500, 1500, 1500, 1500]
15:37:40.375193 ALT: 1.15
15:37:40.375450 ATT: [-1.6, 1.7, 23]
15:37:40.376063 ACC: [-14, -14, 515]
[1500, 1500, 988, 1500, 988, 988, 988, 989, 1001, 1001, 1001, 1001, 1500, 1500, 1500, 1500]
[1500, 1500, 988, 1500, 988, 988, 989, 986, 1001, 1001, 1001, 1001, 1500, 1500, 1500, 1500]
[1500, 1500, 988, 1500, 988, 988, 988, 988, 1001, 1001, 1001, 1001, 1500, 1500, 1500, 1500]
15:37:40.422838 ALT: 1.15
15:37:40.422947 ATT: [-1.6, 1.7, 23]
15:37:40.423245 ACC: [-15, -14, 516]
[1500, 1500, 988, 1500, 988, 988, 988, 988, 1001, 1001, 1001, 1001, 1500, 1500, 1500, 1500]
[1500, 1500, 988, 1500, 988, 988, 988, 988, 1001, 1001, 1001, 1001, 1500, 1500, 1500, 1500]
15:37:40.470984 ALT: 1.15
15:37:40.471174 ATT: [-1.6, 1.7, 23]
15:37:40.471533 ACC: [-14, -14, 516]
[1500, 1500, 988, 1500, 988, 988, 989, 986, 1001, 1001, 1001, 1001, 1500, 1500, 1500, 1500]
[1500, 1500, 988, 1500, 988, 988, 988, 988, 1001, 1001, 1001, 1001, 1500, 1500, 1500, 1500]
[1500, 1499, 988, 1500, 988, 989, 988, 988, 1001, 1001, 1001, 1001, 1500, 1500, 1500, 1500]
15:37:40.519587 ALT: 1.15
15:37:40.519676 ATT: [-1.6, 1.6, 23]
15:37:40.519945 ACC: [-14, -15, 515]
[1500, 1500, 988, 1500, 988, 988, 988, 988, 1001, 1001, 1001, 1001, 1500, 1500, 1500, 1500]
[1497, 1500, 988, 1500, 988, 988, 988, 988, 1001, 1001, 1001, 1001, 1500, 1500, 1500, 1500]
15:37:40.566818 ALT: 1.15
15:37:40.566915 ATT: [-1.6, 1.6, 23]
15:37:40.567223 ACC: [-14, -15, 516]
[1500, 1500, 988, 1500, 988, 988, 988, 988, 1001, 1001, 1001, 1001, 1500, 1500, 1500, 1500]
[1499, 1500, 988, 1500, 988, 988, 988, 988, 1001, 1001, 1001, 1001, 1500, 1500, 1500, 1500]
15:37:40.614792 ALT: 1.15
15:37:40.614883 ATT: [-1.6, 1.6, 23]
15:37:40.615868 ACC: [-15, -14, 515]
[1499, 1500, 988, 1500, 988, 988, 988, 988, 1001, 1001, 1001, 1001, 1500, 1500, 1500, 1500]
[1499, 1500, 988, 1499, 988, 988, 988, 988, 1001, 1001, 1001, 1001, 1500, 1500, 1500, 1500]
[1500, 1500, 988, 1500, 988, 988, 988, 988, 1001, 1001, 1001, 1001, 1500, 1500, 1500, 1500]
15:37:40.664479 ALT: 1.15
15:37:40.664680 ATT: [-1.6, 1.6, 23]
15:37:40.665414 ACC: [-14, -14, 516]
[1500, 1500, 988, 1500, 988, 988, 988, 988, 1001, 1001, 1001, 1001, 1500, 1500, 1500, 1500]
[1500, 1500, 988, 1500, 988, 988, 988, 988, 1001, 1001, 1001, 1001, 1500, 1500, 1500, 1500]
15:37:40.710979 ALT: 1.15
15:37:40.711079 ATT: [-1.6, 1.6, 23]
15:37:40.711352 ACC: [-14, -14, 516]
[1500, 1500, 988, 1500, 988, 988, 988, 988, 1001, 1001, 1001, 1001, 1500, 1500, 1500, 1500]
[1500, 1499, 988, 1500, 988, 988, 988, 988, 1001, 1001, 1001, 1001, 1500, 1500, 1500, 1500]
[1500, 1500, 988, 1499, 988, 988, 988, 988, 1001, 1001, 1001, 1001, 1500, 1500, 1500, 1500]
15:37:40.758933 ALT: 1.15
15:37:40.759071 ATT: [-1.6, 1.6, 23]
15:37:40.759367 ACC: [-15, -14, 516]
[1500, 1500, 988, 1500, 988, 988, 988, 988, 1001, 1001, 1001, 1001, 1500, 1500, 1500, 1500]
[1500, 1500, 988, 1500, 988, 988, 988, 988, 1001, 1001, 1001, 1001, 1500, 1500, 1500, 1500]
15:37:40.806947 ALT: 1.15
15:37:40.807053 ATT: [-1.6, 1.6, 23]
15:37:40.807361 ACC: [-14, -14, 516]
[1500, 1500, 988, 1500, 988, 988, 988, 988, 1001, 1001, 1001, 1001, 1500, 1500, 1500, 1500]
[1500, 1499, 988, 1500, 988, 988, 988, 988, 1001, 1001, 1001, 1001, 1500, 1500, 1500, 1500]
15:37:40.856900 ALT: 1.15
15:37:40.858049 ATT: [-1.6, 1.6, 23]
15:37:40.859174 ACC: [-15, -14, 516]
[1499, 1500, 988, 1501, 986, 988, 988, 988, 1001, 1001, 1001, 1001, 1500, 1500, 1500, 1500]
[1500, 1500, 988, 1500, 988, 988, 988, 988, 1001, 1001, 1001, 1001, 1500, 1500, 1500, 1500]
[1500, 1500, 988, 1500, 988, 986, 988, 988, 1001, 1001, 1001, 1001, 1500, 1500, 1500, 1500]
15:37:40.903084 ALT: 1.15
15:37:40.903196 ATT: [-1.6, 1.7, 23]
15:37:40.903588 ACC: [-15, -14, 516]
[1500, 1500, 988, 1499, 988, 988, 988, 988, 1001, 1001, 1001, 1001, 1500, 1500, 1500, 1500]
[1499, 1500, 988, 1500, 988, 988, 988, 988, 1001, 1001, 1001, 1001, 1500, 1500, 1500, 1500]
15:37:40.951066 ALT: 1.15
15:37:40.951170 ATT: [-1.6, 1.7, 23]
15:37:40.951451 ACC: [-14, -14, 516]
[1500, 1500, 988, 1499, 988, 988, 988, 988, 1001, 1001, 1001, 1001, 1500, 1500, 1500, 1500]
[1500, 1500, 988, 1500, 988, 988, 988, 988, 1001, 1001, 1001, 1001, 1500, 1500, 1500, 1500]
[1500, 1499, 988, 1500, 988, 988, 988, 988, 1001, 1001, 1001, 1001, 1500, 1500, 1500, 1500]
15:37:40.999072 ALT: 1.15
15:37:40.999165 ATT: [-1.6, 1.7, 23]
15:37:40.999464 ACC: [-15, -14, 516]
[1500, 1500, 988, 1500, 988, 988, 988, 988, 1001, 1001, 1001, 1001, 1500, 1500, 1500, 1500]
[1499, 1500, 988, 1500, 988, 988, 988, 988, 1001, 1001, 1001, 1001, 1500, 1500, 1500, 1500]
15:37:41.048443 ALT: 1.15
15:37:41.048625 ATT: [-1.6, 1.7, 23]
15:37:41.049342 ACC: [-15, -15, 515]
[1499, 1500, 988, 1500, 988, 988, 988, 988, 1001, 1001, 1001, 1001, 1500, 1500, 1500, 1500]
[1500, 1500, 988, 1500, 988, 988, 988, 988, 1001, 1001, 1001, 1001, 1500, 1500, 1500, 1500]
15:37:41.095281 ALT: 1.15
15:37:41.095387 ATT: [-1.6, 1.7, 23]
15:37:41.095680 ACC: [-15, -14, 516]
[1499, 1500, 988, 1500, 988, 988, 988, 988, 1001, 1001, 1001, 1001, 1500, 1500, 1500, 1500]
[1500, 1500, 988, 1500, 988, 988, 988, 988, 1001, 1001, 1001, 1001, 1500, 1500, 1500, 1500]
[1500, 1500, 988, 1500, 988, 988, 988, 988, 1001, 1001, 1001, 1001, 1500, 1500, 1500, 1500]
15:37:41.144355 ALT: 1.15
15:37:41.144440 ATT: [-1.6, 1.7, 23]
15:37:41.144691 ACC: [-15, -15, 516]
[1500, 1500, 988, 1500, 988, 988, 988, 988, 1001, 1001, 1001, 1001, 1500, 1500, 1500, 1500]
[1500, 1500, 988, 1500, 988, 988, 988, 988, 1001, 1001, 1001, 1001, 1500, 1500, 1500, 1500]
15:37:41.191254 ALT: 1.15
15:37:41.191367 ATT: [-1.6, 1.7, 23]
15:37:41.191836 ACC: [-15, -15, 516]
[1500, 1499, 988, 1500, 988, 988, 988, 988, 1001, 1001, 1001, 1001, 1500, 1500, 1500, 1500]
[1500, 1500, 988, 1500, 988, 988, 988, 988, 1001, 1001, 1001, 1001, 1500, 1500, 1500, 1500]
[1500, 1499, 988, 1499, 988, 988, 988, 988, 1001, 1001, 1001, 1001, 1500, 1500, 1500, 1500]
15:37:41.239652 ALT: 1.15
15:37:41.239902 ATT: [-1.6, 1.7, 23]
15:37:41.240342 ACC: [-14, -14, 516]
[1500, 1500, 988, 1500, 988, 988, 988, 988, 1001, 1001, 1001, 1001, 1500, 1500, 1500, 1500]
[1500, 1500, 988, 1500, 988, 988, 988, 988, 1001, 1001, 1001, 1001, 1500, 1500, 1500, 1500]
15:37:41.291065 ALT: 1.15
15:37:41.291175 ATT: [-1.6, 1.7, 23]
15:37:41.291463 ACC: [-15, -14, 515]
[1499, 1500, 988, 1500, 988, 988, 988, 988, 1001, 1001, 1001, 1001, 1500, 1500, 1500, 1500]
[1500, 1500, 988, 1500, 988, 988, 988, 988, 1001, 1001, 1001, 1001, 1500, 1500, 1500, 1500]
15:37:41.335336 ALT: 1.15
15:37:41.335458 ATT: [-1.6, 1.7, 23]
15:37:41.335785 ACC: [-15, -14, 516]
[1499, 1500, 988, 1500, 988, 988, 989, 986, 1001, 1001, 1001, 1001, 1500, 1500, 1500, 1500]
[1499, 1500, 988, 1499, 988, 988, 988, 988, 1001, 1001, 1001, 1001, 1500, 1500, 1500, 1500]
[1500, 1500, 988, 1500, 988, 988, 988, 988, 1001, 1001, 1001, 1001, 1500, 1500, 1500, 1500]
15:37:41.384203 ALT: 1.15
15:37:41.384293 ATT: [-1.6, 1.7, 23]
15:37:41.384556 ACC: [-15, -15, 515]
[1500, 1500, 988, 1500, 988, 988, 988, 988, 1001, 1001, 1001, 1001, 1500, 1500, 1500, 1500]
[1500, 1500, 988, 1500, 988, 988, 988, 988, 1001, 1001, 1001, 1001, 1500, 1500, 1500, 1500]
[1500, 1500, 988, 1500, 988, 988, 988, 988, 1001, 1001, 1001, 1001, 1500, 1500, 1500, 1500]
15:37:41.447499 ALT: 1.15
15:37:41.447602 ATT: [-1.6, 1.7, 23]
15:37:41.447911 ACC: [-14, -14, 516]
[1500, 1500, 988, 1500, 988, 988, 988, 988, 1001, 1001, 1001, 1001, 1500, 1500, 1500, 1500]
[1500, 1499, 988, 1500, 988, 988, 988, 988, 1001, 1001, 1001, 1001, 1500, 1500, 1500, 1500]
15:37:41.495703 ALT: 1.15
15:37:41.495876 ATT: [-1.6, 1.7, 23]
15:37:41.496398 ACC: [-15, -14, 516]
[1500, 1500, 988, 1500, 988, 988, 988, 988, 1001, 1001, 1001, 1001, 1500, 1500, 1500, 1500]
[1499, 1500, 988, 1500, 988, 988, 988, 988, 1001, 1001, 1001, 1001, 1500, 1500, 1500, 1500]
[1500, 1500, 988, 1499, 988, 988, 988, 988, 1001, 1001, 1001, 1001, 1500, 1500, 1500, 1500]
15:37:41.543584 ALT: 1.15
15:37:41.543693 ATT: [-1.6, 1.7, 23]
15:37:41.544723 ACC: [-14, -14, 516]
[1500, 1500, 988, 1499, 988, 988, 988, 988, 1001, 1001, 1001, 1001, 1500, 1500, 1500, 1500]
[1500, 1500, 988, 1500, 988, 988, 988, 988, 1001, 1001, 1001, 1001, 1500, 1500, 1500, 1500]
15:37:41.591654 ALT: 1.15
15:37:41.591780 ATT: [-1.6, 1.7, 23]
15:37:41.592103 ACC: [-15, -14, 515]
[1500, 1500, 988, 1500, 989, 986, 988, 988, 1001, 1001, 1001, 1001, 1500, 1500, 1500, 1500]
[1500, 1500, 988, 1500, 988, 988, 988, 986, 1001, 1001, 1001, 1001, 1500, 1500, 1500, 1500]
[1499, 1500, 988, 1500, 988, 988, 988, 988, 1001, 1001, 1001, 1001, 1500, 1500, 1500, 1500]
15:37:41.639726 ALT: 1.15
15:37:41.639872 ATT: [-1.6, 1.7, 23]
15:37:41.640243 ACC: [-15, -14, 516]
[1500, 1501, 986, 1500, 988, 988, 988, 988, 1001, 1001, 1001, 1001, 1500, 1500, 1500, 1500]
[1500, 1500, 988, 1500, 988, 988, 988, 988, 1001, 1001, 1001, 1001, 1500, 1500, 1500, 1500]
[1500, 1499, 988, 1500, 988, 988, 988, 988, 1001, 1001, 1001, 1001, 1500, 1500, 1500, 1500]
15:37:41.703064 ALT: 1.15
15:37:41.703193 ATT: [-1.6, 1.7, 23]
15:37:41.703760 ACC: [-15, -14, 516]
[1499, 1500, 988, 1500, 988, 988, 988, 988, 1001, 1001, 1001, 1001, 1500, 1500, 1500, 1500]
[1500, 1500, 988, 1499, 988, 988, 988, 988, 1001, 1001, 1001, 1001, 1500, 1500, 1500, 1500]
15:37:41.751708 ALT: 1.15
15:37:41.751805 ATT: [-1.6, 1.6, 23]
15:37:41.752104 ACC: [-14, -14, 516]
[1500, 1499, 988, 1500, 988, 988, 988, 988, 1001, 1001, 1001, 1001, 1500, 1500, 1500, 1500]
[1500, 1500, 988, 1500, 988, 988, 988, 988, 1001, 1001, 1001, 1001, 1500, 1500, 1500, 1500]
[1500, 1499, 988, 1500, 988, 988, 988, 988, 1001, 1001, 1001, 1001, 1500, 1500, 1500, 1500]
15:37:41.799681 ALT: 1.15
15:37:41.799774 ATT: [-1.6, 1.6, 23]
15:37:41.800039 ACC: [-14, -14, 516]
[1500, 1500, 988, 1500, 988, 988, 988, 988, 1001, 1001, 1001, 1001, 1500, 1500, 1500, 1500]
[1500, 1499, 988, 1499, 988, 988, 988, 988, 1001, 1001, 1001, 1001, 1500, 1500, 1500, 1500]
15:37:41.850244 ALT: 1.15
15:37:41.852283 ATT: [-1.6, 1.6, 23]
15:37:41.859735 ACC: [-15, -14, 515]
[1500, 1500, 986, 1500, 986, 988, 988, 988, 1001, 1001, 1001, 1001, 1500, 1500, 1500, 1500]
[1500, 1500, 988, 1500, 988, 988, 988, 988, 1001, 1001, 1001, 1001, 1500, 1500, 1500, 1500]
[1500, 1500, 988, 1500, 988, 988, 988, 988, 1001, 1001, 1001, 1001, 1500, 1500, 1500, 1500]
15:37:41.912644 ALT: 1.15
15:37:41.912762 ATT: [-1.6, 1.6, 23]
15:37:41.913308 ACC: [-14, -14, 516]
[1500, 1500, 988, 1499, 988, 988, 988, 988, 1001, 1001, 1001, 1001, 1500, 1500, 1500, 1500]
[1499, 1500, 988, 1500, 988, 988, 988, 988, 1001, 1001, 1001, 1001, 1500, 1500, 1500, 1500]
[1499, 1500, 988, 1500, 988, 988, 988, 988, 1001, 1001, 1001, 1001, 1500, 1500, 1500, 1500]
15:37:41.961479 ALT: 1.15
15:37:41.961584 ATT: [-1.6, 1.6, 23]
15:37:41.961870 ACC: [-14, -14, 516]
[1500, 1500, 988, 1499, 988, 988, 988, 988, 1001, 1001, 1001, 1001, 1500, 1500, 1500, 1500]
[1500, 1500, 988, 1500, 988, 988, 988, 988, 1001, 1001, 1001, 1001, 1500, 1500, 1500, 1500]
15:37:42.007946 ALT: 1.15
15:37:42.008051 ATT: [-1.6, 1.6, 23]
15:37:42.008364 ACC: [-15, -14, 515]
[1500, 1500, 988, 1500, 988, 988, 988, 988, 1001, 1001, 1001, 1001, 1500, 1500, 1500, 1500]
[1499, 1500, 988, 1500, 988, 988, 988, 988, 1001, 1001, 1001, 1001, 1500, 1500, 1500, 1500]
[1500, 1499, 988, 1500, 988, 988, 988, 988, 1001, 1001, 1001, 1001, 1500, 1500, 1500, 1500]
15:37:42.059538 ALT: 1.15
15:37:42.059651 ATT: [-1.6, 1.6, 23]
15:37:42.059989 ACC: [-15, -14, 516]
[1499, 1500, 988, 1500, 988, 988, 988, 988, 1001, 1001, 1001, 1001, 1500, 1500, 1500, 1500]
[1500, 1500, 988, 1500, 988, 988, 988, 988, 1001, 1001, 1001, 1001, 1500, 1500, 1500, 1500]
15:37:42.106635 ALT: 1.15
15:37:42.106740 ATT: [-1.6, 1.6, 23]
15:37:42.107029 ACC: [-15, -14, 516]
[1500, 1500, 988, 1500, 988, 988, 988, 988, 1001, 1001, 1001, 1001, 1500, 1500, 1500, 1500]
[1500, 1500, 988, 1500, 988, 988, 988, 988, 1001, 1001, 1001, 1001, 1500, 1500, 1500, 1500]
15:37:42.152093 ALT: 1.15
15:37:42.152202 ATT: [-1.6, 1.7, 23]
15:37:42.152523 ACC: [-15, -14, 516]
[1500, 1500, 988, 1500, 988, 988, 988, 988, 1001, 1001, 1001, 1001, 1500, 1500, 1500, 1500]
[1500, 1500, 988, 1500, 988, 988, 988, 988, 1001, 1001, 1001, 1001, 1500, 1500, 1500, 1500]
[1499, 1500, 988, 1500, 988, 988, 988, 988, 1001, 1001, 1001, 1001, 1500, 1500, 1500, 1500]
15:37:42.200040 ALT: 1.15
15:37:42.200126 ATT: [-1.6, 1.7, 23]
15:37:42.200421 ACC: [-14, -14, 516]
[1500, 1500, 988, 1500, 988, 988, 988, 988, 1001, 1001, 1001, 1001, 1500, 1500, 1500, 1500]
[1500, 1500, 988, 1500, 988, 988, 988, 988, 1001, 1001, 1001, 1001, 1500, 1500, 1500, 1500]
15:37:42.248540 ALT: 1.15
15:37:42.248668 ATT: [-1.6, 1.7, 23]
15:37:42.249261 ACC: [-15, -15, 516]
[1500, 1500, 988, 1500, 988, 988, 988, 988, 1001, 1001, 1001, 1001, 1500, 1500, 1500, 1500]
[1500, 1500, 988, 1500, 988, 988, 988, 988, 1001, 1001, 1001, 1001, 1500, 1500, 1500, 1500]
15:37:42.296510 ALT: 1.15
15:37:42.296806 ATT: [-1.6, 1.7, 23]
15:37:42.297672 ACC: [-15, -14, 516]
[1499, 1500, 988, 1500, 988, 988, 988, 988, 1001, 1001, 1001, 1001, 1500, 1500, 1500, 1500]
[1500, 1500, 988, 1500, 988, 988, 988, 988, 1001, 1001, 1001, 1001, 1500, 1500, 1500, 1500]
[1499, 1500, 988, 1499, 988, 988, 988, 988, 1001, 1001, 1001, 1001, 1500, 1500, 1500, 1500]
15:37:42.344447 ALT: 1.15
15:37:42.344821 ATT: [-1.6, 1.7, 23]
15:37:42.345446 ACC: [-14, -14, 516]
[1499, 1500, 988, 1500, 988, 988, 988, 988, 1001, 1001, 1001, 1001, 1500, 1500, 1500, 1500]
[1500, 1499, 988, 1500, 988, 988, 988, 988, 1001, 1001, 1001, 1001, 1500, 1500, 1500, 1500]
15:37:42.392286 ALT: 1.15
15:37:42.392390 ATT: [-1.6, 1.7, 23]
15:37:42.392784 ACC: [-15, -15, 516]
[1500, 1499, 988, 1500, 988, 988, 988, 988, 1001, 1001, 1001, 1001, 1500, 1500, 1500, 1500]
[1499, 1500, 988, 1500, 988, 988, 988, 988, 1001, 1001, 1001, 1001, 1500, 1500, 1500, 1500]
[1499, 1500, 988, 1500, 988, 988, 988, 988, 1001, 1001, 1001, 1001, 1500, 1500, 1500, 1500]
15:37:42.440830 ALT: 1.15
15:37:42.441193 ATT: [-1.6, 1.7, 23]
15:37:42.441873 ACC: [-15, -14, 516]
[1500, 1500, 988, 1499, 988, 988, 988, 988, 1001, 1001, 1001, 1001, 1500, 1500, 1500, 1500]
[1500, 1500, 988, 1500, 988, 988, 988, 988, 1001, 1001, 1001, 1001, 1500, 1500, 1500, 1500]
15:37:42.488303 ALT: 1.15
15:37:42.488416 ATT: [-1.6, 1.7, 23]
15:37:42.488779 ACC: [-14, -15, 516]
[1500, 1500, 988, 1500, 988, 988, 988, 988, 1001, 1001, 1001, 1001, 1500, 1500, 1500, 1500]
[1500, 1500, 988, 1500, 988, 988, 988, 988, 1001, 1001, 1001, 1001, 1500, 1500, 1500, 1500]
15:37:42.536317 ALT: 1.15
15:37:42.536417 ATT: [-1.6, 1.7, 23]
15:37:42.536700 ACC: [-14, -14, 516]
[1499, 1500, 988, 1500, 988, 988, 988, 988, 1001, 1001, 1001, 1001, 1500, 1500, 1500, 1500]
[1500, 1500, 988, 1500, 988, 988, 988, 988, 1001, 1001, 1001, 1001, 1500, 1500, 1500, 1500]
[1500, 1500, 988, 1499, 988, 988, 988, 988, 1001, 1001, 1001, 1001, 1500, 1500, 1500, 1500]
15:37:42.584310 ALT: 1.15
15:37:42.584404 ATT: [-1.6, 1.7, 23]
15:37:42.584666 ACC: [-15, -14, 516]
[1499, 1500, 988, 1500, 988, 988, 988, 988, 1001, 1001, 1001, 1001, 1500, 1500, 1500, 1500]
[1500, 1500, 988, 1500, 986, 988, 988, 988, 1001, 1001, 1001, 1001, 1500, 1500, 1500, 1500]
15:37:42.633033 ALT: 1.15
15:37:42.633383 ATT: [-1.6, 1.7, 23]
15:37:42.634097 ACC: [-14, -14, 516]
[1499, 1500, 988, 1500, 988, 988, 988, 988, 1001, 1001, 1001, 1001, 1500, 1500, 1500, 1500]
[1499, 1499, 988, 1500, 988, 988, 988, 988, 1001, 1001, 1001, 1001, 1500, 1500, 1500, 1500]
[1500, 1499, 988, 1500, 988, 988, 988, 988, 1001, 1001, 1001, 1001, 1500, 1500, 1500, 1500]
15:37:42.680432 ALT: 1.15
15:37:42.680512 ATT: [-1.6, 1.7, 23]
15:37:42.680760 ACC: [-15, -14, 516]
[1500, 1500, 988, 1499, 988, 988, 988, 988, 1001, 1001, 1001, 1001, 1500, 1500, 1500, 1500]
[1500, 1500, 988, 1500, 988, 988, 988, 988, 1001, 1001, 1001, 1001, 1500, 1500, 1500, 1500]
15:37:42.728487 ALT: 1.15
15:37:42.728576 ATT: [-1.6, 1.7, 23]
15:37:42.728819 ACC: [-15, -14, 516]
[1500, 1499, 988, 1500, 988, 988, 988, 988, 1001, 1001, 1001, 1001, 1500, 1500, 1500, 1500]
[1500, 1499, 988, 1499, 988, 988, 988, 988, 1001, 1001, 1001, 1001, 1500, 1500, 1500, 1500]
15:37:42.776720 ALT: 1.15
15:37:42.776847 ATT: [-1.6, 1.7, 23]
15:37:42.777235 ACC: [-14, -15, 516]
[1500, 1500, 988, 1499, 988, 988, 988, 988, 1001, 1001, 1001, 1001, 1500, 1500, 1500, 1500]
[1500, 1499, 988, 1500, 988, 988, 988, 988, 1001, 1001, 1001, 1001, 1500, 1500, 1500, 1500]
[1500, 1500, 988, 1500, 988, 988, 988, 988, 1001, 1001, 1001, 1001, 1500, 1500, 1500, 1500]
15:37:42.824521 ALT: 1.15
15:37:42.824610 ATT: [-1.6, 1.7, 23]
15:37:42.824869 ACC: [-15, -14, 515]
[1500, 1499, 988, 1500, 988, 988, 988, 988, 1001, 1001, 1001, 1001, 1500, 1500, 1500, 1500]
[1500, 1500, 988, 1500, 988, 988, 988, 988, 1001, 1001, 1001, 1001, 1500, 1500, 1500, 1500]
15:37:42.872958 ALT: 1.15
15:37:42.873079 ATT: [-1.6, 1.7, 23]
15:37:42.873500 ACC: [-14, -14, 516]
[1500, 1500, 988, 1500, 988, 988, 988, 988, 1001, 1001, 1001, 1001, 1500, 1500, 1500, 1500]
[1500, 1499, 988, 1500, 988, 988, 988, 988, 1001, 1001, 1001, 1001, 1500, 1500, 1500, 1500]
[1500, 1500, 988, 1500, 988, 988, 988, 988, 1001, 1001, 1001, 1001, 1500, 1500, 1500, 1500]
15:37:42.920639 ALT: 1.15
15:37:42.920737 ATT: [-1.6, 1.7, 23]
15:37:42.921032 ACC: [-14, -15, 516]
[1500, 1499, 988, 1500, 988, 988, 988, 988, 1001, 1001, 1001, 1001, 1500, 1500, 1500, 1500]
[1500, 1500, 988, 1500, 988, 988, 988, 988, 1001, 1001, 1001, 1001, 1500, 1500, 1500, 1500]
15:37:42.968708 ALT: 1.15
15:37:42.969582 ATT: [-1.6, 1.7, 23]
15:37:42.970074 ACC: [-15, -14, 516]
[1500, 1499, 988, 1500, 988, 988, 988, 988, 1001, 1001, 1001, 1001, 1500, 1500, 1500, 1500]
[1500, 1500, 988, 1500, 988, 988, 988, 988, 1001, 1001, 1001, 1001, 1500, 1500, 1500, 1500]
15:37:43.016702 ALT: 1.15
15:37:43.016800 ATT: [-1.6, 1.7, 23]
15:37:43.017064 ACC: [-14, -14, 516]
[1499, 1500, 988, 1500, 988, 988, 988, 988, 1001, 1001, 1001, 1001, 1500, 1500, 1500, 1500]
[1500, 1499, 988, 1499, 988, 988, 988, 988, 1001, 1001, 1001, 1001, 1500, 1500, 1500, 1500]
[1500, 1499, 988, 1500, 988, 988, 988, 988, 1001, 1001, 1001, 1001, 1500, 1500, 1500, 1500]
15:37:43.064676 ALT: 1.15
15:37:43.064770 ATT: [-1.6, 1.7, 23]
15:37:43.065030 ACC: [-15, -14, 516]
[1500, 1500, 988, 1500, 988, 988, 988, 988, 1001, 1001, 1001, 1001, 1500, 1500, 1500, 1500]
[1500, 1500, 988, 1500, 988, 988, 988, 988, 1001, 1001, 1001, 1001, 1500, 1500, 1500, 1500]
15:37:43.112796 ALT: 1.15
15:37:43.112908 ATT: [-1.6, 1.7, 23]
15:37:43.113968 ACC: [-15, -14, 516]
[1500, 1500, 988, 1500, 988, 988, 988, 988, 1001, 1001, 1001, 1001, 1500, 1500, 1500, 1500]
[1500, 1499, 988, 1500, 988, 988, 988, 988, 1001, 1001, 1001, 1001, 1500, 1500, 1500, 1500]
[1499, 1501, 986, 1499, 988, 988, 988, 988, 1001, 1001, 1001, 1001, 1500, 1500, 1500, 1500]
15:37:43.161778 ALT: 1.15
15:37:43.161910 ATT: [-1.6, 1.7, 23]
15:37:43.162321 ACC: [-14, -14, 516]
[1500, 1500, 988, 1500, 988, 988, 988, 988, 1001, 1001, 1001, 1001, 1500, 1500, 1500, 1500]
[1500, 1499, 988, 1500, 988, 988, 988, 988, 1001, 1001, 1001, 1001, 1500, 1500, 1500, 1500]
15:37:43.208930 ALT: 1.15
15:37:43.209030 ATT: [-1.6, 1.7, 23]
15:37:43.209345 ACC: [-14, -14, 515]
[1500, 1500, 988, 1500, 988, 988, 988, 988, 1001, 1001, 1001, 1001, 1500, 1500, 1500, 1500]
[1500, 1499, 988, 1500, 988, 988, 988, 988, 1001, 1001, 1001, 1001, 1500, 1500, 1500, 1500]
15:37:43.258007 ALT: 1.15
15:37:43.258148 ATT: [-1.6, 1.7, 23]
15:37:43.258629 ACC: [-15, -14, 516]
[1500, 1500, 988, 1499, 988, 988, 988, 988, 1001, 1001, 1001, 1001, 1500, 1500, 1500, 1500]
[1500, 1499, 988, 1500, 988, 988, 988, 988, 1001, 1001, 1001, 1001, 1500, 1500, 1500, 1500]
[1497, 1500, 988, 1500, 988, 988, 988, 988, 1001, 1001, 1001, 1001, 1500, 1500, 1500, 1500]
15:37:43.308995 ALT: 1.15
15:37:43.309080 ATT: [-1.6, 1.7, 23]
15:37:43.309456 ACC: [-15, -14, 515]
[1500, 1500, 988, 1500, 988, 988, 988, 988, 1001, 1001, 1001, 1001, 1500, 1500, 1500, 1500]
[1500, 1500, 988, 1500, 988, 988, 988, 988, 1001, 1001, 1001, 1001, 1500, 1500, 1500, 1500]
15:37:43.353672 ALT: 1.15
15:37:43.353838 ATT: [-1.6, 1.7, 23]
15:37:43.354479 ACC: [-15, -14, 516]
[1500, 1500, 988, 1500, 988, 988, 988, 988, 1001, 1001, 1001, 1001, 1500, 1500, 1500, 1500]
[1500, 1500, 988, 1499, 988, 988, 988, 988, 1001, 1001, 1001, 1001, 1500, 1500, 1500, 1500]
[1500, 1499, 988, 1500, 988, 988, 988, 988, 1001, 1001, 1001, 1001, 1500, 1500, 1500, 1500]
15:37:43.400910 ALT: 1.15
15:37:43.400998 ATT: [-1.6, 1.7, 23]
15:37:43.401291 ACC: [-14, -15, 516]
[1500, 1500, 988, 1499, 988, 988, 988, 988, 1001, 1001, 1001, 1001, 1500, 1500, 1500, 1500]
[1500, 1500, 988, 1500, 988, 988, 988, 988, 1001, 1001, 1001, 1001, 1500, 1500, 1500, 1500]
15:37:43.450682 ALT: 1.15
15:37:43.450806 ATT: [-1.6, 1.7, 23]
15:37:43.451109 ACC: [-15, -14, 516]
[1500, 1500, 988, 1500, 988, 988, 988, 988, 1001, 1001, 1001, 1001, 1500, 1500, 1500, 1500]
[1500, 1500, 988, 1500, 988, 988, 988, 988, 1001, 1001, 1001, 1001, 1500, 1500, 1500, 1500]
[1500, 1500, 986, 1500, 988, 988, 988, 988, 1001, 1001, 1001, 1001, 1500, 1500, 1500, 1500]
15:37:43.513178 ALT: 1.15
15:37:43.513273 ATT: [-1.6, 1.7, 23]
15:37:43.513590 ACC: [-15, -14, 516]
[1500, 1500, 988, 1500, 988, 989, 986, 988, 1001, 1001, 1001, 1001, 1500, 1500, 1500, 1500]
[1500, 1500, 988, 1499, 988, 988, 988, 988, 1001, 1001, 1001, 1001, 1500, 1500, 1500, 1500]
[1500, 1499, 988, 1500, 988, 988, 988, 988, 1001, 1001, 1001, 1001, 1500, 1500, 1500, 1500]
15:37:43.563769 ALT: 1.15
15:37:43.563862 ATT: [-1.6, 1.7, 23]
15:37:43.564126 ACC: [-15, -15, 516]
[1500, 1500, 988, 1500, 988, 988, 988, 988, 1001, 1001, 1001, 1001, 1500, 1500, 1500, 1500]
[1500, 1500, 988, 1500, 988, 988, 988, 988, 1001, 1001, 1001, 1001, 1500, 1500, 1500, 1500]
15:37:43.609857 ALT: 1.15
15:37:43.609970 ATT: [-1.6, 1.7, 23]
15:37:43.610427 ACC: [-15, -14, 516]
[1500, 1500, 988, 1500, 988, 988, 986, 988, 1001, 1001, 1001, 1001, 1500, 1500, 1500, 1500]
[1500, 1499, 988, 1500, 988, 988, 988, 988, 1001, 1001, 1001, 1001, 1500, 1500, 1500, 1500]
15:37:43.657382 ALT: 1.15
15:37:43.657499 ATT: [-1.6, 1.7, 23]
15:37:43.657921 ACC: [-14, -14, 516]
[1500, 1500, 988, 1500, 988, 988, 988, 988, 1001, 1001, 1001, 1001, 1500, 1500, 1500, 1500]
[1500, 1500, 988, 1500, 988, 988, 988, 988, 1001, 1001, 1001, 1001, 1500, 1500, 1500, 1500]
[1500, 1500, 988, 1500, 988, 988, 988, 988, 1001, 1001, 1001, 1001, 1500, 1500, 1500, 1500]
15:37:43.705206 ALT: 1.15
15:37:43.705303 ATT: [-1.6, 1.7, 23]
15:37:43.705576 ACC: [-15, -14, 516]
[1500, 1500, 988, 1500, 988, 988, 988, 988, 1001, 1001, 1001, 1001, 1500, 1500, 1500, 1500]
[1500, 1499, 988, 1500, 988, 988, 988, 988, 1001, 1001, 1001, 1001, 1500, 1500, 1500, 1500]
15:37:43.754375 ALT: 1.15
15:37:43.754493 ATT: [-1.6, 1.7, 23]
15:37:43.754987 ACC: [-15, -14, 517]
[1500, 1500, 986, 1500, 988, 988, 988, 988, 1001, 1001, 1001, 1001, 1500, 1500, 1500, 1500]
[1500, 1499, 988, 1499, 988, 988, 988, 988, 1001, 1001, 1001, 1001, 1500, 1500, 1500, 1500]
[1500, 1500, 988, 1500, 988, 988, 988, 988, 1001, 1001, 1001, 1001, 1500, 1500, 1500, 1500]
15:37:43.801325 ALT: 1.15
15:37:43.801418 ATT: [-1.6, 1.7, 23]
15:37:43.801678 ACC: [-14, -14, 516]
[1500, 1501, 986, 1500, 988, 989, 986, 988, 1001, 1001, 1001, 1001, 1500, 1500, 1500, 1500]
[1500, 1500, 988, 1500, 988, 988, 988, 988, 1001, 1001, 1001, 1001, 1500, 1500, 1500, 1500]
15:37:43.849373 ALT: 1.15
15:37:43.849501 ATT: [-1.6, 1.7, 23]
15:37:43.850040 ACC: [-15, -14, 516]
[1500, 1500, 988, 1499, 988, 988, 988, 988, 1001, 1001, 1001, 1001, 1500, 1500, 1500, 1500]
[1500, 1499, 988, 1500, 988, 989, 986, 988, 1001, 1001, 1001, 1001, 1500, 1500, 1500, 1500]
15:37:43.897391 ALT: 1.15
15:37:43.897497 ATT: [-1.6, 1.7, 23]
15:37:43.898422 ACC: [-15, -14, 516]
[1500, 1499, 988, 1500, 988, 988, 988, 988, 1001, 1001, 1001, 1001, 1500, 1500, 1500, 1500]
[1500, 1500, 988, 1500, 988, 988, 988, 988, 1001, 1001, 1001, 1001, 1500, 1500, 1500, 1500]
[1500, 1500, 988, 1500, 988, 988, 988, 988, 1001, 1001, 1001, 1001, 1500, 1500, 1500, 1500]
15:37:43.945434 ALT: 1.15
15:37:43.945584 ATT: [-1.6, 1.7, 23]
15:37:43.946040 ACC: [-15, -14, 516]
[1500, 1499, 988, 1499, 988, 988, 988, 988, 1001, 1001, 1001, 1001, 1500, 1500, 1500, 1500]
[1500, 1500, 988, 1499, 988, 988, 988, 988, 1001, 1001, 1001, 1001, 1500, 1500, 1500, 1500]
15:37:43.995167 ALT: 1.15
15:37:43.995279 ATT: [-1.6, 1.7, 23]
15:37:43.996239 ACC: [-14, -14, 516]
[1500, 1500, 988, 1499, 988, 988, 988, 988, 1001, 1001, 1001, 1001, 1500, 1500, 1500, 1500]
[1500, 1500, 988, 1500, 989, 986, 988, 988, 1001, 1001, 1001, 1001, 1500, 1500, 1500, 1500]
[1500, 1500, 988, 1500, 988, 988, 988, 988, 1001, 1001, 1001, 1001, 1500, 1500, 1500, 1500]
15:37:44.042774 ALT: 1.15
15:37:44.042926 ATT: [-1.6, 1.7, 23]
15:37:44.043424 ACC: [-15, -14, 515]
[1500, 1499, 988, 1500, 988, 988, 988, 988, 1001, 1001, 1001, 1001, 1500, 1500, 1500, 1500]
[1500, 1500, 988, 1500, 988, 988, 988, 988, 1001, 1001, 1001, 1001, 1500, 1500, 1500, 1500]
15:37:44.094958 ALT: 1.15
15:37:44.095235 ATT: [-1.6, 1.7, 23]
15:37:44.095767 ACC: [-15, -14, 516]
[1499, 1500, 988, 1500, 988, 988, 988, 988, 1001, 1001, 1001, 1001, 1500, 1500, 1500, 1500]
[1500, 1500, 988, 1500, 988, 988, 988, 988, 1001, 1001, 1001, 1001, 1500, 1500, 1500, 1500]
15:37:44.137669 ALT: 1.15
15:37:44.137777 ATT: [-1.6, 1.7, 23]
15:37:44.138141 ACC: [-14, -15, 516]
[1500, 1500, 988, 1500, 988, 988, 988, 988, 1001, 1001, 1001, 1001, 1500, 1500, 1500, 1500]
[1500, 1500, 988, 1500, 988, 988, 988, 988, 1001, 1001, 1001, 1001, 1500, 1500, 1500, 1500]
[1500, 1500, 988, 1500, 988, 988, 988, 988, 1001, 1001, 1001, 1001, 1500, 1500, 1500, 1500]
15:37:44.185516 ALT: 1.15
15:37:44.185619 ATT: [-1.6, 1.7, 23]
15:37:44.185946 ACC: [-15, -14, 515]
[1500, 1499, 988, 1500, 988, 988, 988, 988, 1001, 1001, 1001, 1001, 1500, 1500, 1500, 1500]
[1500, 1500, 988, 1500, 988, 988, 988, 988, 1001, 1001, 1001, 1001, 1500, 1500, 1500, 1500]
15:37:44.233981 ALT: 1.15
15:37:44.234152 ATT: [-1.6, 1.7, 23]
15:37:44.234716 ACC: [-14, -15, 516]
[1500, 1499, 988, 1500, 988, 988, 988, 988, 1001, 1001, 1001, 1001, 1500, 1500, 1500, 1500]
[1500, 1500, 986, 1500, 988, 988, 988, 988, 1001, 1001, 1001, 1001, 1500, 1500, 1500, 1500]
[1500, 1500, 988, 1500, 988, 988, 988, 988, 1001, 1001, 1001, 1001, 1500, 1500, 1500, 1500]
15:37:44.281637 ALT: 1.15
15:37:44.281741 ATT: [-1.6, 1.7, 23]
15:37:44.282036 ACC: [-14, -14, 516]
[1499, 1500, 988, 1500, 988, 988, 988, 988, 1001, 1001, 1001, 1001, 1500, 1500, 1500, 1500]
[1500, 1500, 988, 1500, 988, 988, 988, 988, 1001, 1001, 1001, 1001, 1500, 1500, 1500, 1500]
15:37:44.329738 ALT: 1.15
15:37:44.330113 ATT: [-1.6, 1.7, 23]
15:37:44.330750 ACC: [-15, -14, 516]
[1500, 1499, 988, 1500, 988, 988, 988, 988, 1001, 1001, 1001, 1001, 1500, 1500, 1500, 1500]
[1500, 1500, 988, 1500, 988, 988, 988, 988, 1001, 1001, 1001, 1001, 1500, 1500, 1500, 1500]
[1500, 1499, 988, 1500, 988, 988, 988, 988, 1001, 1001, 1001, 1001, 1500, 1500, 1500, 1500]
15:37:44.380659 ALT: 1.15
15:37:44.380744 ATT: [-1.6, 1.7, 23]
15:37:44.381003 ACC: [-14, -15, 516]
[1500, 1500, 988, 1499, 988, 988, 988, 988, 1001, 1001, 1001, 1001, 1500, 1500, 1500, 1500]
[1500, 1500, 988, 1500, 988, 988, 988, 988, 1001, 1001, 1001, 1001, 1500, 1500, 1500, 1500]
15:37:44.426005 ALT: 1.15
15:37:44.426200 ATT: [-1.6, 1.7, 23]
15:37:44.427008 ACC: [-15, -15, 516]
[1500, 1499, 988, 1500, 988, 988, 988, 988, 1001, 1001, 1001, 1001, 1500, 1500, 1500, 1500]
[1500, 1501, 985, 1500, 988, 988, 988, 988, 1001, 1001, 1001, 1001, 1500, 1500, 1500, 1500]
15:37:44.474061 ALT: 1.15
15:37:44.474217 ATT: [-1.6, 1.7, 23]
15:37:44.474856 ACC: [-14, -14, 516]
[1500, 1500, 988, 1500, 988, 989, 986, 988, 1001, 1001, 1001, 1001, 1500, 1500, 1500, 1500]
[1500, 1499, 988, 1500, 988, 989, 988, 988, 1001, 1001, 1001, 1001, 1500, 1500, 1500, 1500]
[1500, 1500, 988, 1499, 988, 988, 988, 988, 1001, 1001, 1001, 1001, 1500, 1500, 1500, 1500]
15:37:44.521900 ALT: 1.15
15:37:44.521994 ATT: [-1.6, 1.7, 23]
15:37:44.522283 ACC: [-14, -14, 516]
[1500, 1500, 988, 1500, 988, 988, 988, 988, 1001, 1001, 1001, 1001, 1500, 1500, 1500, 1500]
[1500, 1500, 988, 1500, 988, 988, 988, 988, 1001, 1001, 1001, 1001, 1500, 1500, 1500, 1500]
15:37:44.569790 ALT: 1.15
15:37:44.569941 ATT: [-1.6, 1.7, 23]
15:37:44.570305 ACC: [-15, -15, 516]
[1500, 1500, 988, 1500, 988, 988, 988, 988, 1001, 1001, 1001, 1001, 1500, 1500, 1500, 1500]
[1500, 1499, 988, 1499, 988, 988, 988, 988, 1001, 1001, 1001, 1001, 1500, 1500, 1500, 1500]
15:37:44.617759 ALT: 1.15
15:37:44.617848 ATT: [-1.6, 1.7, 23]
15:37:44.618106 ACC: [-15, -14, 515]
[1500, 1500, 988, 1499, 988, 988, 988, 988, 1001, 1001, 1001, 1001, 1500, 1500, 1500, 1500]
[1500, 1500, 988, 1500, 988, 988, 988, 988, 1001, 1001, 1001, 1001, 1500, 1500, 1500, 1500]
[1500, 1499, 988, 1499, 988, 988, 988, 988, 1001, 1001, 1001, 1001, 1500, 1500, 1500, 1500]
15:37:44.669898 ALT: 1.15
15:37:44.670001 ATT: [-1.6, 1.7, 23]
15:37:44.670313 ACC: [-15, -14, 516]
[1500, 1500, 988, 1500, 988, 988, 988, 988, 1001, 1001, 1001, 1001, 1500, 1500, 1500, 1500]
[1499, 1500, 988, 1500, 988, 988, 988, 988, 1001, 1001, 1001, 1001, 1500, 1500, 1500, 1500]
15:37:44.714164 ALT: 1.15
15:37:44.714460 ATT: [-1.6, 1.7, 23]
15:37:44.715246 ACC: [-14, -15, 516]
[1499, 1500, 988, 1500, 988, 988, 988, 988, 1001, 1001, 1001, 1001, 1500, 1500, 1500, 1500]
[1500, 1500, 988, 1499, 988, 988, 988, 988, 1001, 1001, 1001, 1001, 1500, 1500, 1500, 1500]
[1500, 1499, 988, 1499, 988, 988, 988, 988, 1001, 1001, 1001, 1001, 1500, 1500, 1500, 1500]
15:37:44.764232 ALT: 1.15
15:37:44.764347 ATT: [-1.6, 1.7, 23]
15:37:44.764798 ACC: [-14, -14, 516]
[1500, 1500, 988, 1500, 988, 988, 988, 988, 1001, 1001, 1001, 1001, 1500, 1500, 1500, 1500]
[1500, 1499, 988, 1500, 988, 988, 988, 988, 1001, 1001, 1001, 1001, 1500, 1500, 1500, 1500]
15:37:44.810252 ALT: 1.15
15:37:44.810411 ATT: [-1.6, 1.7, 23]
15:37:44.811082 ACC: [-15, -14, 515]
[1500, 1500, 988, 1500, 988, 988, 988, 988, 1001, 1001, 1001, 1001, 1500, 1500, 1500, 1500]
[1500, 1499, 988, 1500, 988, 988, 988, 988, 1001, 1001, 1001, 1001, 1500, 1500, 1500, 1500]
15:37:44.858607 ALT: 1.15
15:37:44.858706 ATT: [-1.6, 1.7, 23]
15:37:44.859050 ACC: [-14, -14, 515]
[1500, 1500, 988, 1500, 988, 988, 988, 988, 1001, 1001, 1001, 1001, 1500, 1500, 1500, 1500]
[1500, 1500, 988, 1500, 988, 988, 988, 988, 1001, 1001, 1001, 1001, 1500, 1500, 1500, 1500]
[1500, 1500, 988, 1500, 988, 988, 988, 988, 1001, 1001, 1001, 1001, 1500, 1500, 1500, 1500]
15:37:44.905995 ALT: 1.15
15:37:44.906120 ATT: [-1.6, 1.6, 23]
15:37:44.906422 ACC: [-14, -14, 516]
[1500, 1500, 988, 1500, 988, 988, 988, 988, 1001, 1001, 1001, 1001, 1500, 1500, 1500, 1500]
[1500, 1500, 988, 1500, 988, 988, 988, 988, 1001, 1001, 1001, 1001, 1500, 1500, 1500, 1500]
15:37:44.954375 ALT: 1.15
15:37:44.954596 ATT: [-1.6, 1.6, 23]
15:37:44.959951 ACC: [-14, -14, 516]
[1499, 1500, 988, 1499, 988, 988, 988, 988, 1001, 1001, 1001, 1001, 1500, 1500, 1500, 1500]
[1499, 1500, 988, 1500, 988, 988, 988, 988, 1001, 1001, 1001, 1001, 1500, 1500, 1500, 1500]
[1500, 1500, 988, 1499, 988, 988, 988, 989, 1001, 1001, 1001, 1001, 1500, 1500, 1500, 1500]
15:37:45.002067 ALT: 1.15
15:37:45.002155 ATT: [-1.6, 1.6, 23]
15:37:45.002449 ACC: [-14, -14, 515]
[1500, 1500, 988, 1500, 988, 988, 988, 988, 1001, 1001, 1001, 1001, 1500, 1500, 1500, 1500]
[1500, 1500, 988, 1500, 988, 988, 988, 988, 1001, 1001, 1001, 1001, 1500, 1500, 1500, 1500]
15:37:45.050416 ALT: 1.15
15:37:45.050731 ATT: [-1.6, 1.6, 23]
15:37:45.051174 ACC: [-15, -15, 516]
[1500, 1500, 988, 1499, 988, 988, 988, 988, 1001, 1001, 1001, 1001, 1500, 1500, 1500, 1500]
[1500, 1500, 988, 1500, 988, 988, 988, 988, 1001, 1001, 1001, 1001, 1500, 1500, 1500, 1500]
15:37:45.099004 ALT: 1.15
15:37:45.099103 ATT: [-1.6, 1.6, 23]
15:37:45.099436 ACC: [-15, -14, 515]
[1500, 1500, 986, 1500, 986, 988, 988, 988, 1001, 1001, 1001, 1001, 1500, 1500, 1500, 1500]
[1500, 1500, 988, 1499, 988, 988, 988, 988, 1001, 1001, 1001, 1001, 1500, 1500, 1500, 1500]
[1500, 1500, 986, 1500, 988, 988, 988, 988, 1001, 1001, 1001, 1001, 1500, 1500, 1500, 1500]
15:37:45.146236 ALT: 1.15
15:37:45.146371 ATT: [-1.6, 1.6, 23]
15:37:45.148799 ACC: [-14, -14, 515]
[1500, 1499, 988, 1500, 988, 988, 988, 988, 1001, 1001, 1001, 1001, 1500, 1500, 1500, 1500]
[1500, 1500, 988, 1500, 988, 988, 988, 988, 1001, 1001, 1001, 1001, 1500, 1500, 1500, 1500]
15:37:45.197258 ALT: 1.15
15:37:45.197350 ATT: [-1.6, 1.6, 23]
15:37:45.197693 ACC: [-15, -14, 516]
[1499, 1500, 988, 1499, 988, 988, 988, 988, 1001, 1001, 1001, 1001, 1500, 1500, 1500, 1500]
[1499, 1500, 988, 1500, 988, 988, 988, 988, 1001, 1001, 1001, 1001, 1500, 1500, 1500, 1500]
[1500, 1500, 988, 1499, 988, 988, 988, 988, 1001, 1001, 1001, 1001, 1500, 1500, 1500, 1500]
15:37:45.259041 ALT: 1.15
15:37:45.259219 ATT: [-1.6, 1.6, 23]
15:37:45.259738 ACC: [-14, -14, 516]
[1500, 1500, 988, 1500, 988, 988, 988, 988, 1001, 1001, 1001, 1001, 1500, 1500, 1500, 1500]
[1500, 1500, 988, 1500, 988, 988, 988, 988, 1001, 1001, 1001, 1001, 1500, 1500, 1500, 1500]
[1499, 1500, 988, 1500, 988, 988, 988, 988, 1001, 1001, 1001, 1001, 1500, 1500, 1500, 1500]
15:37:45.306289 ALT: 1.15
15:37:45.306379 ATT: [-1.6, 1.6, 23]
15:37:45.306672 ACC: [-14, -14, 515]
[1499, 1500, 988, 1500, 988, 988, 988, 988, 1001, 1001, 1001, 1001, 1500, 1500, 1500, 1500]
[1500, 1499, 988, 1500, 988, 988, 988, 988, 1001, 1001, 1001, 1001, 1500, 1500, 1500, 1500]
15:37:45.354328 ALT: 1.15
15:37:45.354418 ATT: [-1.6, 1.6, 23]
15:37:45.354757 ACC: [-14, -15, 515]
[1500, 1500, 988, 1500, 988, 988, 988, 989, 1001, 1001, 1001, 1001, 1500, 1500, 1500, 1500]
[1500, 1500, 988, 1500, 988, 988, 988, 988, 1001, 1001, 1001, 1001, 1500, 1500, 1500, 1500]
[1500, 1500, 988, 1500, 988, 988, 988, 988, 1001, 1001, 1001, 1001, 1500, 1500, 1500, 1500]
15:37:45.402351 ALT: 1.15
15:37:45.402448 ATT: [-1.6, 1.6, 23]
15:37:45.402784 ACC: [-15, -14, 516]
[1500, 1499, 988, 1500, 988, 988, 989, 986, 1001, 1001, 1001, 1001, 1500, 1500, 1500, 1500]
[1500, 1500, 988, 1500, 988, 988, 988, 988, 1001, 1001, 1001, 1001, 1500, 1500, 1500, 1500]
15:37:45.451066 ALT: 1.15
15:37:45.451164 ATT: [-1.6, 1.7, 23]
15:37:45.451545 ACC: [-15, -14, 516]
[1499, 1500, 988, 1500, 988, 989, 986, 988, 1001, 1001, 1001, 1001, 1500, 1500, 1500, 1500]
[1500, 1500, 988, 1499, 988, 988, 988, 988, 1001, 1001, 1001, 1001, 1500, 1500, 1500, 1500]
15:37:45.498424 ALT: 1.15
15:37:45.498515 ATT: [-1.6, 1.7, 23]
15:37:45.498845 ACC: [-15, -14, 516]
[1500, 1500, 988, 1500, 988, 988, 988, 988, 1001, 1001, 1001, 1001, 1500, 1500, 1500, 1500]
[1500, 1500, 988, 1500, 988, 988, 988, 988, 1001, 1001, 1001, 1001, 1500, 1500, 1500, 1500]
[1500, 1500, 988, 1500, 988, 988, 988, 988, 1001, 1001, 1001, 1001, 1500, 1500, 1500, 1500]
15:37:45.546838 ALT: 1.15
15:37:45.547106 ATT: [-1.6, 1.7, 23]
15:37:45.547729 ACC: [-14, -14, 516]
[1499, 1500, 988, 1499, 988, 988, 988, 988, 1001, 1001, 1001, 1001, 1500, 1500, 1500, 1500]
[1499, 1500, 988, 1500, 988, 988, 988, 988, 1001, 1001, 1001, 1001, 1500, 1500, 1500, 1500]
[1500, 1500, 988, 1499, 988, 988, 988, 988, 1001, 1001, 1001, 1001, 1500, 1500, 1500, 1500]
15:37:45.613865 ALT: 1.15
15:37:45.613964 ATT: [-1.6, 1.6, 23]
15:37:45.614577 ACC: [-14, -14, 515]
[1500, 1500, 986, 1500, 988, 988, 988, 989, 1001, 1001, 1001, 1001, 1500, 1500, 1500, 1500]
[1500, 1500, 988, 1500, 988, 988, 988, 988, 1001, 1001, 1001, 1001, 1500, 1500, 1500, 1500]
[1500, 1500, 986, 1500, 988, 988, 988, 988, 1001, 1001, 1001, 1001, 1500, 1500, 1500, 1500]
15:37:45.665846 ALT: 1.15
15:37:45.666345 ATT: [-1.6, 1.6, 23]
15:37:45.667295 ACC: [-15, -14, 516]
[1499, 1500, 988, 1500, 988, 989, 986, 988, 1001, 1001, 1001, 1001, 1500, 1500, 1500, 1500]
[1500, 1499, 988, 1500, 988, 988, 988, 988, 1001, 1001, 1001, 1001, 1500, 1500, 1500, 1500]
[1500, 1500, 988, 1500, 988, 988, 988, 988, 1001, 1001, 1001, 1001, 1500, 1500, 1500, 1500]
15:37:45.722619 ALT: 1.15
15:37:45.722715 ATT: [-1.6, 1.7, 23]
15:37:45.722992 ACC: [-15, -15, 516]
[1500, 1500, 988, 1500, 988, 988, 988, 988, 1001, 1001, 1001, 1001, 1500, 1500, 1500, 1500]
[1500, 1499, 988, 1500, 988, 988, 988, 988, 1001, 1001, 1001, 1001, 1500, 1500, 1500, 1500]
15:37:45.770720 ALT: 1.15
15:37:45.770829 ATT: [-1.6, 1.7, 23]
15:37:45.771165 ACC: [-15, -14, 516]
[1500, 1500, 988, 1500, 988, 988, 988, 988, 1001, 1001, 1001, 1001, 1500, 1500, 1500, 1500]
[1497, 1500, 988, 1500, 988, 988, 988, 988, 1001, 1001, 1001, 1001, 1500, 1500, 1500, 1500]
15:37:45.819924 ALT: 1.15
15:37:45.820070 ATT: [-1.6, 1.7, 23]
15:37:45.820671 ACC: [-15, -15, 516]
[1500, 1500, 988, 1499, 988, 988, 988, 988, 1001, 1001, 1001, 1001, 1500, 1500, 1500, 1500]
[1500, 1500, 989, 1497, 988, 988, 988, 988, 1001, 1001, 1001, 1001, 1500, 1500, 1500, 1500]
[1500, 1500, 988, 1500, 988, 988, 988, 988, 1001, 1001, 1001, 1001, 1500, 1500, 1500, 1500]
15:37:45.866751 ALT: 1.15
15:37:45.866838 ATT: [-1.6, 1.7, 23]
15:37:45.867106 ACC: [-14, -14, 516]
[1500, 1500, 988, 1500, 988, 988, 988, 988, 1001, 1001, 1001, 1001, 1500, 1500, 1500, 1500]
[1499, 1500, 988, 1500, 988, 988, 988, 988, 1001, 1001, 1001, 1001, 1500, 1500, 1500, 1500]
15:37:45.916711 ALT: 1.15
15:37:45.916799 ATT: [-1.6, 1.6, 23]
15:37:45.917046 ACC: [-14, -14, 516]
[1500, 1500, 988, 1500, 988, 988, 988, 988, 1001, 1001, 1001, 1001, 1500, 1500, 1500, 1500]
[1500, 1500, 988, 1499, 988, 988, 988, 988, 1001, 1001, 1001, 1001, 1500, 1500, 1500, 1500]
[1500, 1499, 988, 1499, 988, 988, 988, 988, 1001, 1001, 1001, 1001, 1500, 1500, 1500, 1500]
15:37:45.964706 ALT: 1.15
15:37:45.965076 ATT: [-1.6, 1.7, 23]
15:37:45.965856 ACC: [-15, -14, 516]
[1500, 1500, 988, 1500, 988, 989, 986, 988, 1001, 1001, 1001, 1001, 1500, 1500, 1500, 1500]
[1500, 1500, 988, 1500, 988, 988, 988, 989, 1001, 1001, 1001, 1001, 1500, 1500, 1500, 1500]
15:37:46.011025 ALT: 1.15
15:37:46.011208 ATT: [-1.6, 1.7, 23]
15:37:46.011822 ACC: [-14, -14, 516]
[1500, 1499, 988, 1500, 988, 988, 988, 988, 1001, 1001, 1001, 1001, 1500, 1500, 1500, 1500]
[1499, 1500, 988, 1499, 988, 988, 988, 988, 1001, 1001, 1001, 1001, 1500, 1500, 1500, 1500]
15:37:46.059011 ALT: 1.15
15:37:46.059189 ATT: [-1.6, 1.6, 23]
15:37:46.059657 ACC: [-14, -14, 516]
[1500, 1500, 988, 1499, 988, 988, 988, 988, 1001, 1001, 1001, 1001, 1500, 1500, 1500, 1500]
[1500, 1499, 988, 1500, 988, 988, 988, 988, 1001, 1001, 1001, 1001, 1500, 1500, 1500, 1500]
[1500, 1500, 988, 1500, 988, 988, 988, 988, 1001, 1001, 1001, 1001, 1500, 1500, 1500, 1500]
15:37:46.106908 ALT: 1.15
15:37:46.107013 ATT: [-1.6, 1.7, 23]
15:37:46.107323 ACC: [-15, -14, 515]
[1500, 1500, 988, 1500, 988, 988, 988, 988, 1001, 1001, 1001, 1001, 1500, 1500, 1500, 1500]
[1500, 1500, 988, 1500, 988, 988, 988, 988, 1001, 1001, 1001, 1001, 1500, 1500, 1500, 1500]
15:37:46.154892 ALT: 1.15
15:37:46.154981 ATT: [-1.6, 1.6, 23]
15:37:46.155238 ACC: [-14, -14, 515]
[1500, 1500, 988, 1499, 988, 988, 988, 988, 1001, 1001, 1001, 1001, 1500, 1500, 1500, 1500]
[1499, 1500, 988, 1500, 988, 988, 988, 988, 1001, 1001, 1001, 1001, 1500, 1500, 1500, 1500]
[1500, 1500, 988, 1500, 988, 988, 988, 988, 1001, 1001, 1001, 1001, 1500, 1500, 1500, 1500]
15:37:46.203201 ALT: 1.15
15:37:46.203366 ATT: [-1.6, 1.6, 23]
15:37:46.203839 ACC: [-14, -14, 516]
[1500, 1500, 988, 1500, 988, 988, 988, 988, 1001, 1001, 1001, 1001, 1500, 1500, 1500, 1500]
[1500, 1500, 988, 1500, 988, 988, 988, 988, 1001, 1001, 1001, 1001, 1500, 1500, 1500, 1500]
15:37:46.250905 ALT: 1.15
15:37:46.250997 ATT: [-1.6, 1.6, 23]
15:37:46.251268 ACC: [-15, -15, 517]
[1500, 1500, 988, 1500, 988, 988, 988, 988, 1001, 1001, 1001, 1001, 1500, 1500, 1500, 1500]
[1499, 1500, 988, 1500, 988, 988, 988, 988, 1001, 1001, 1001, 1001, 1500, 1500, 1500, 1500]
15:37:46.298950 ALT: 1.15
15:37:46.299055 ATT: [-1.6, 1.6, 23]
15:37:46.299355 ACC: [-15, -14, 516]
[1500, 1499, 988, 1499, 988, 988, 988, 988, 1001, 1001, 1001, 1001, 1500, 1500, 1500, 1500]
[1500, 1499, 988, 1499, 988, 988, 988, 988, 1001, 1001, 1001, 1001, 1500, 1500, 1500, 1500]
[1500, 1500, 988, 1500, 988, 988, 988, 988, 1001, 1001, 1001, 1001, 1500, 1500, 1500, 1500]
15:37:46.348005 ALT: 1.15
15:37:46.348129 ATT: [-1.6, 1.6, 23]
15:37:46.348549 ACC: [-14, -14, 516]
[1500, 1500, 988, 1500, 988, 988, 988, 988, 1001, 1001, 1001, 1001, 1500, 1500, 1500, 1500]
[1500, 1500, 988, 1500, 988, 988, 988, 988, 1001, 1001, 1001, 1001, 1500, 1500, 1500, 1500]
15:37:46.396679 ALT: 1.15
15:37:46.396799 ATT: [-1.6, 1.6, 23]
15:37:46.397222 ACC: [-14, -14, 515]
[1499, 1500, 988, 1500, 988, 988, 988, 988, 1001, 1001, 1001, 1001, 1500, 1500, 1500, 1500]
[1500, 1500, 988, 1500, 988, 988, 988, 988, 1001, 1001, 1001, 1001, 1500, 1500, 1500, 1500]
[1500, 1500, 988, 1499, 988, 988, 988, 988, 1001, 1001, 1001, 1001, 1500, 1500, 1500, 1500]
15:37:46.444424 ALT: 1.15
15:37:46.444682 ATT: [-1.6, 1.6, 23]
15:37:46.445588 ACC: [-14, -14, 515]
[1500, 1500, 988, 1500, 988, 988, 988, 988, 1001, 1001, 1001, 1001, 1500, 1500, 1500, 1500]
[1500, 1500, 988, 1500, 988, 988, 988, 988, 1001, 1001, 1001, 1001, 1500, 1500, 1500, 1500]
15:37:46.492043 ALT: 1.15
15:37:46.492313 ATT: [-1.6, 1.6, 23]
15:37:46.492819 ACC: [-15, -15, 515]
[1500, 1500, 988, 1500, 988, 988, 988, 988, 1001, 1001, 1001, 1001, 1500, 1500, 1500, 1500]
[1500, 1500, 986, 1500, 988, 988, 988, 988, 1001, 1001, 1001, 1001, 1500, 1500, 1500, 1500]
15:37:46.539098 ALT: 1.15
15:37:46.539196 ATT: [-1.6, 1.6, 23]
15:37:46.539480 ACC: [-14, -14, 516]
[1500, 1500, 988, 1499, 988, 988, 988, 988, 1001, 1001, 1001, 1001, 1500, 1500, 1500, 1500]
[1500, 1500, 988, 1499, 988, 988, 988, 988, 1001, 1001, 1001, 1001, 1500, 1500, 1500, 1500]
[1500, 1500, 988, 1500, 988, 988, 988, 988, 1001, 1001, 1001, 1001, 1500, 1500, 1500, 1500]
15:37:46.588406 ALT: 1.15
15:37:46.588514 ATT: [-1.6, 1.6, 23]
15:37:46.588865 ACC: [-14, -15, 515]
[1500, 1500, 988, 1500, 988, 988, 988, 988, 1001, 1001, 1001, 1001, 1500, 1500, 1500, 1500]
[1500, 1499, 988, 1500, 988, 988, 988, 988, 1001, 1001, 1001, 1001, 1500, 1500, 1500, 1500]
15:37:46.635085 ALT: 1.15
15:37:46.635167 ATT: [-1.6, 1.6, 23]
15:37:46.635415 ACC: [-15, -14, 516]
[1500, 1500, 988, 1500, 988, 988, 988, 988, 1001, 1001, 1001, 1001, 1500, 1500, 1500, 1500]
[1499, 1500, 988, 1499, 988, 991, 985, 988, 1001, 1001, 1001, 1001, 1500, 1500, 1500, 1500]
[1500, 1499, 988, 1500, 988, 988, 988, 988, 1001, 1001, 1001, 1001, 1500, 1500, 1500, 1500]
15:37:46.683916 ALT: 1.15
15:37:46.684006 ATT: [-1.6, 1.6, 23]
15:37:46.684265 ACC: [-14, -14, 516]
[1500, 1500, 988, 1500, 988, 988, 988, 988, 1001, 1001, 1001, 1001, 1500, 1500, 1500, 1500]
[1500, 1500, 988, 1500, 988, 988, 988, 988, 1001, 1001, 1001, 1001, 1500, 1500, 1500, 1500]
15:37:46.731312 ALT: 1.15
15:37:46.732826 ATT: [-1.6, 1.6, 23]
15:37:46.733242 ACC: [-15, -14, 516]
[1500, 1500, 988, 1500, 988, 988, 988, 988, 1001, 1001, 1001, 1001, 1500, 1500, 1500, 1500]
[1500, 1500, 988, 1500, 988, 988, 988, 988, 1001, 1001, 1001, 1001, 1500, 1500, 1500, 1500]
15:37:46.779237 ALT: 1.15
15:37:46.779338 ATT: [-1.6, 1.6, 23]
15:37:46.779720 ACC: [-14, -14, 515]
[1499, 1500, 988, 1500, 988, 988, 988, 988, 1001, 1001, 1001, 1001, 1500, 1500, 1500, 1500]
[1500, 1500, 988, 1499, 988, 988, 988, 988, 1001, 1001, 1001, 1001, 1500, 1500, 1500, 1500]
[1500, 1500, 986, 1500, 988, 988, 988, 988, 1001, 1001, 1001, 1001, 1500, 1500, 1500, 1500]
15:37:46.827607 ALT: 1.15
15:37:46.827726 ATT: [-1.6, 1.6, 23]
15:37:46.828298 ACC: [-14, -14, 515]
[1500, 1500, 988, 1500, 988, 988, 988, 988, 1001, 1001, 1001, 1001, 1500, 1500, 1500, 1500]
[1500, 1500, 988, 1499, 988, 988, 988, 988, 1001, 1001, 1001, 1001, 1500, 1500, 1500, 1500]
15:37:46.878781 ALT: 1.15
15:37:46.878975 ATT: [-1.6, 1.6, 23]
15:37:46.879571 ACC: [-14, -14, 516]
[1500, 1500, 988, 1500, 988, 988, 988, 988, 1001, 1001, 1001, 1001, 1500, 1500, 1500, 1500]
[1500, 1501, 985, 1499, 988, 988, 988, 988, 1001, 1001, 1001, 1001, 1500, 1500, 1500, 1500]
[1500, 1499, 988, 1500, 988, 988, 988, 988, 1001, 1001, 1001, 1001, 1500, 1500, 1500, 1500]
15:37:46.923882 ALT: 1.15
15:37:46.924057 ATT: [-1.6, 1.6, 23]
15:37:46.924562 ACC: [-14, -14, 516]
[1499, 1500, 988, 1500, 988, 988, 988, 988, 1001, 1001, 1001, 1001, 1500, 1500, 1500, 1500]
[1500, 1500, 988, 1500, 988, 988, 988, 988, 1001, 1001, 1001, 1001, 1500, 1500, 1500, 1500]
15:37:46.971503 ALT: 1.15
15:37:46.971612 ATT: [-1.6, 1.6, 23]
15:37:46.971907 ACC: [-14, -15, 515]
[1500, 1500, 988, 1500, 988, 988, 988, 988, 1001, 1001, 1001, 1001, 1500, 1500, 1500, 1500]
[1499, 1500, 988, 1500, 988, 988, 988, 988, 1001, 1001, 1001, 1001, 1500, 1500, 1500, 1500]
15:37:47.019470 ALT: 1.15
15:37:47.019568 ATT: [-1.6, 1.6, 23]
15:37:47.019825 ACC: [-14, -15, 516]
[1500, 1500, 988, 1500, 988, 988, 988, 988, 1001, 1001, 1001, 1001, 1500, 1500, 1500, 1500]
[1500, 1499, 988, 1499, 988, 988, 988, 988, 1001, 1001, 1001, 1001, 1500, 1500, 1500, 1500]
[1500, 1499, 988, 1499, 988, 988, 988, 988, 1001, 1001, 1001, 1001, 1500, 1500, 1500, 1500]
15:37:47.067449 ALT: 1.15
15:37:47.067545 ATT: [-1.6, 1.6, 23]
15:37:47.067806 ACC: [-15, -15, 515]
[1500, 1500, 988, 1500, 988, 988, 988, 988, 1001, 1001, 1001, 1001, 1500, 1500, 1500, 1500]
[1500, 1500, 988, 1500, 988, 988, 988, 988, 1001, 1001, 1001, 1001, 1500, 1500, 1500, 1500]
15:37:47.116199 ALT: 1.15
15:37:47.116312 ATT: [-1.6, 1.6, 23]
15:37:47.116890 ACC: [-15, -14, 516]
[1500, 1500, 988, 1500, 988, 988, 988, 988, 1001, 1001, 1001, 1001, 1500, 1500, 1500, 1500]
[1500, 1500, 988, 1500, 988, 988, 988, 988, 1001, 1001, 1001, 1001, 1500, 1500, 1500, 1500]
[1500, 1500, 988, 1499, 988, 988, 988, 988, 1001, 1001, 1001, 1001, 1500, 1500, 1500, 1500]
15:37:47.163717 ALT: 1.15
15:37:47.163827 ATT: [-1.6, 1.6, 23]
15:37:47.164130 ACC: [-15, -14, 515]
[1500, 1500, 988, 1500, 988, 988, 988, 988, 1001, 1001, 1001, 1001, 1500, 1500, 1500, 1500]
[1500, 1500, 988, 1500, 988, 988, 988, 988, 1001, 1001, 1001, 1001, 1500, 1500, 1500, 1500]
15:37:47.211958 ALT: 1.15
15:37:47.212273 ATT: [-1.6, 1.7, 23]
15:37:47.212628 ACC: [-15, -14, 516]
[1500, 1500, 988, 1500, 988, 988, 988, 988, 1001, 1001, 1001, 1001, 1500, 1500, 1500, 1500]
[1500, 1500, 989, 1499, 988, 988, 988, 988, 1001, 1001, 1001, 1001, 1500, 1500, 1500, 1500]
15:37:47.259702 ALT: 1.15
15:37:47.259794 ATT: [-1.6, 1.7, 23]
15:37:47.260073 ACC: [-15, -14, 515]
[1500, 1499, 988, 1500, 988, 988, 988, 988, 1001, 1001, 1001, 1001, 1500, 1500, 1500, 1500]
[1500, 1499, 988, 1500, 988, 988, 988, 988, 1001, 1001, 1001, 1001, 1500, 1500, 1500, 1500]
[1499, 1500, 988, 1500, 988, 986, 988, 988, 1001, 1001, 1001, 1001, 1500, 1500, 1500, 1500]
15:37:47.307552 ALT: 1.15
15:37:47.307657 ATT: [-1.6, 1.7, 23]
15:37:47.307964 ACC: [-14, -14, 516]
[1499, 1500, 988, 1500, 988, 988, 988, 988, 1001, 1001, 1001, 1001, 1500, 1500, 1500, 1500]
[1500, 1500, 988, 1500, 988, 988, 988, 988, 1001, 1001, 1001, 1001, 1500, 1500, 1500, 1500]
15:37:47.355594 ALT: 1.15
15:37:47.355755 ATT: [-1.6, 1.6, 23]
15:37:47.356059 ACC: [-14, -14, 515]
[1500, 1500, 988, 1500, 988, 988, 988, 988, 1001, 1001, 1001, 1001, 1500, 1500, 1500, 1500]
[1500, 1499, 988, 1500, 988, 988, 988, 988, 1001, 1001, 1001, 1001, 1500, 1500, 1500, 1500]
[1499, 1500, 988, 1499, 988, 988, 988, 988, 1001, 1001, 1001, 1001, 1500, 1500, 1500, 1500]
15:37:47.403592 ALT: 1.15
15:37:47.403690 ATT: [-1.6, 1.6, 23]
15:37:47.403952 ACC: [-15, -15, 515]
[1500, 1500, 988, 1499, 988, 988, 989, 985, 1001, 1001, 1001, 1001, 1500, 1500, 1500, 1500]
[1500, 1500, 988, 1500, 988, 988, 988, 988, 1001, 1001, 1001, 1001, 1500, 1500, 1500, 1500]
15:37:47.451950 ALT: 1.15
15:37:47.452561 ATT: [-1.6, 1.7, 23]
15:37:47.455529 ACC: [-15, -14, 516]
[1500, 1499, 988, 1499, 988, 988, 988, 988, 1001, 1001, 1001, 1001, 1500, 1500, 1500, 1500]
[1500, 1499, 988, 1500, 988, 988, 988, 988, 1001, 1001, 1001, 1001, 1500, 1500, 1500, 1500]
[1500, 1500, 988, 1500, 986, 988, 988, 988, 1001, 1001, 1001, 1001, 1500, 1500, 1500, 1500]
15:37:47.504882 ALT: 1.15
15:37:47.505053 ATT: [-1.6, 1.7, 23]
15:37:47.505859 ACC: [-14, -14, 516]
[1500, 1499, 988, 1499, 988, 988, 988, 988, 1001, 1001, 1001, 1001, 1500, 1500, 1500, 1500]
[1500, 1500, 988, 1499, 988, 988, 988, 988, 1001, 1001, 1001, 1001, 1500, 1500, 1500, 1500]
[1500, 1500, 988, 1500, 988, 988, 988, 988, 1001, 1001, 1001, 1001, 1500, 1500, 1500, 1500]
15:37:47.567532 ALT: 1.15
15:37:47.567636 ATT: [-1.6, 1.6, 23]
15:37:47.567918 ACC: [-14, -14, 515]
[1500, 1500, 988, 1500, 988, 988, 988, 988, 1001, 1001, 1001, 1001, 1500, 1500, 1500, 1500]
[1500, 1500, 988, 1500, 988, 988, 988, 988, 1001, 1001, 1001, 1001, 1500, 1500, 1500, 1500]
15:37:47.612222 ALT: 1.15
15:37:47.612311 ATT: [-1.6, 1.6, 23]
15:37:47.612603 ACC: [-15, -14, 516]
[1499, 1500, 988, 1499, 988, 988, 988, 988, 1001, 1001, 1001, 1001, 1500, 1500, 1500, 1500]
[1499, 1500, 988, 1499, 988, 988, 988, 988, 1001, 1001, 1001, 1001, 1500, 1500, 1500, 1500]
15:37:47.659918 ALT: 1.15
15:37:47.660073 ATT: [-1.6, 1.6, 23]
15:37:47.660614 ACC: [-14, -14, 515]
[1500, 1500, 988, 1499, 988, 988, 988, 988, 1001, 1001, 1001, 1001, 1500, 1500, 1500, 1500]
[1500, 1500, 988, 1500, 988, 988, 988, 988, 1001, 1001, 1001, 1001, 1500, 1500, 1500, 1500]
[1500, 1500, 988, 1500, 988, 988, 988, 988, 1001, 1001, 1001, 1001, 1500, 1500, 1500, 1500]
[1500, 1500, 988, 1500, 988, 988, 988, 988, 1001, 1001, 1001, 1001, 1500, 1500, 1500, 1500]
15:37:47.723847 ALT: 1.15
15:37:47.723944 ATT: [-1.6, 1.6, 23]
15:37:47.724233 ACC: [-14, -14, 516]
[1500, 1500, 988, 1499, 988, 988, 988, 988, 1001, 1001, 1001, 1001, 1500, 1500, 1500, 1500]
[1499, 1500, 988, 1500, 988, 988, 989, 986, 1001, 1001, 1001, 1001, 1500, 1500, 1500, 1500]
15:37:47.771958 ALT: 1.15
15:37:47.772069 ATT: [-1.6, 1.6, 23]
15:37:47.772506 ACC: [-14, -14, 515]
[1500, 1500, 988, 1499, 988, 988, 988, 988, 1001, 1001, 1001, 1001, 1500, 1500, 1500, 1500]
[1499, 1500, 988, 1500, 988, 988, 988, 988, 1001, 1001, 1001, 1001, 1500, 1500, 1500, 1500]
15:37:47.820387 ALT: 1.15
15:37:47.820485 ATT: [-1.6, 1.6, 23]
15:37:47.820809 ACC: [-15, -14, 516]
[1500, 1500, 988, 1500, 988, 988, 988, 988, 1001, 1001, 1001, 1001, 1500, 1500, 1500, 1500]
[1500, 1500, 988, 1499, 988, 988, 988, 988, 1001, 1001, 1001, 1001, 1500, 1500, 1500, 1500]
[1500, 1499, 988, 1499, 988, 988, 988, 988, 1001, 1001, 1001, 1001, 1500, 1500, 1500, 1500]
15:37:47.868320 ALT: 1.15
15:37:47.868416 ATT: [-1.6, 1.6, 23]
15:37:47.868654 ACC: [-14, -14, 516]
[1499, 1500, 988, 1499, 988, 988, 988, 988, 1001, 1001, 1001, 1001, 1500, 1500, 1500, 1500]
[1500, 1500, 988, 1501, 986, 988, 988, 988, 1001, 1001, 1001, 1001, 1500, 1500, 1500, 1500]
15:37:47.915926 ALT: 1.15
15:37:47.916024 ATT: [-1.6, 1.7, 23]
15:37:47.916329 ACC: [-15, -14, 515]
[1499, 1500, 988, 1500, 988, 988, 988, 988, 1001, 1001, 1001, 1001, 1500, 1500, 1500, 1500]
[1500, 1500, 988, 1499, 988, 988, 988, 988, 1001, 1001, 1001, 1001, 1500, 1500, 1500, 1500]
[1500, 1500, 988, 1500, 988, 988, 988, 988, 1001, 1001, 1001, 1001, 1500, 1500, 1500, 1500]
15:37:47.964031 ALT: 1.15
15:37:47.964134 ATT: [-1.6, 1.7, 23]
15:37:47.964438 ACC: [-15, -15, 515]
[1500, 1500, 988, 1500, 988, 988, 988, 988, 1001, 1001, 1001, 1001, 1500, 1500, 1500, 1500]
[1499, 1500, 988, 1499, 988, 988, 988, 988, 1001, 1001, 1001, 1001, 1500, 1500, 1500, 1500]
15:37:48.012170 ALT: 1.15
15:37:48.012463 ATT: [-1.6, 1.7, 23]
15:37:48.012841 ACC: [-15, -14, 516]
[1500, 1500, 988, 1499, 988, 988, 989, 986, 1001, 1001, 1001, 1001, 1500, 1500, 1500, 1500]
[1500, 1500, 988, 1500, 988, 988, 988, 988, 1001, 1001, 1001, 1001, 1500, 1500, 1500, 1500]
15:37:48.060816 ALT: 1.15
15:37:48.061133 ATT: [-1.6, 1.7, 23]
15:37:48.061606 ACC: [-15, -14, 516]
[1500, 1500, 988, 1500, 989, 986, 988, 988, 1001, 1001, 1001, 1001, 1500, 1500, 1500, 1500]
[1500, 1500, 988, 1500, 988, 988, 988, 988, 1001, 1001, 1001, 1001, 1500, 1500, 1500, 1500]
[1500, 1500, 988, 1499, 988, 988, 988, 988, 1001, 1001, 1001, 1001, 1500, 1500, 1500, 1500]
15:37:48.108004 ALT: 1.15
15:37:48.108102 ATT: [-1.6, 1.7, 23]
15:37:48.108389 ACC: [-15, -14, 516]
[1499, 1500, 988, 1500, 988, 988, 988, 988, 1001, 1001, 1001, 1001, 1500, 1500, 1500, 1500]
[1500, 1500, 988, 1500, 988, 988, 988, 988, 1001, 1001, 1001, 1001, 1500, 1500, 1500, 1500]
15:37:48.156039 ALT: 1.15
15:37:48.156139 ATT: [-1.6, 1.7, 23]
15:37:48.156424 ACC: [-15, -14, 516]
[1500, 1500, 988, 1500, 988, 988, 988, 988, 1001, 1001, 1001, 1001, 1500, 1500, 1500, 1500]
[1500, 1499, 988, 1500, 988, 988, 988, 988, 1001, 1001, 1001, 1001, 1500, 1500, 1500, 1500]
[1499, 1500, 988, 1500, 988, 988, 988, 988, 1001, 1001, 1001, 1001, 1500, 1500, 1500, 1500]
15:37:48.203980 ALT: 1.15
15:37:48.204064 ATT: [-1.6, 1.7, 23]
15:37:48.204288 ACC: [-15, -15, 516]
[1499, 1500, 988, 1500, 988, 988, 988, 988, 1001, 1001, 1001, 1001, 1500, 1500, 1500, 1500]
[1500, 1500, 988, 1499, 988, 988, 988, 988, 1001, 1001, 1001, 1001, 1500, 1500, 1500, 1500]
15:37:48.252094 ALT: 1.15
15:37:48.252186 ATT: [-1.6, 1.7, 23]
15:37:48.252439 ACC: [-15, -14, 516]
[1500, 1500, 988, 1499, 988, 988, 988, 988, 1001, 1001, 1001, 1001, 1500, 1500, 1500, 1500]
[1500, 1500, 988, 1500, 988, 988, 988, 988, 1001, 1001, 1001, 1001, 1500, 1500, 1500, 1500]
15:37:48.300138 ALT: 1.15
15:37:48.300231 ATT: [-1.6, 1.7, 23]
15:37:48.300480 ACC: [-14, -14, 515]
[1500, 1500, 988, 1500, 988, 988, 988, 988, 1001, 1001, 1001, 1001, 1500, 1500, 1500, 1500]
[1500, 1500, 988, 1500, 988, 988, 989, 986, 1001, 1001, 1001, 1001, 1500, 1500, 1500, 1500]
[1500, 1500, 988, 1499, 988, 988, 988, 988, 1001, 1001, 1001, 1001, 1500, 1500, 1500, 1500]
15:37:48.348343 ALT: 1.15
15:37:48.348555 ATT: [-1.6, 1.7, 23]
15:37:48.349395 ACC: [-14, -15, 516]
[1499, 1500, 988, 1500, 989, 986, 988, 988, 1001, 1001, 1001, 1001, 1500, 1500, 1500, 1500]
[1500, 1500, 988, 1499, 988, 988, 988, 988, 1001, 1001, 1001, 1001, 1500, 1500, 1500, 1500]
[1500, 1500, 988, 1500, 988, 988, 988, 988, 1001, 1001, 1001, 1001, 1500, 1500, 1500, 1500]
15:37:48.402694 ALT: 1.15
15:37:48.402809 ATT: [-1.6, 1.7, 23]
15:37:48.403126 ACC: [-14, -14, 516]
[1500, 1500, 988, 1500, 988, 988, 988, 988, 1001, 1001, 1001, 1001, 1500, 1500, 1500, 1500]
[1500, 1500, 988, 1501, 986, 988, 988, 988, 1001, 1001, 1001, 1001, 1500, 1500, 1500, 1500]
15:37:48.460633 ALT: 1.15
15:37:48.460734 ATT: [-1.6, 1.7, 23]
15:37:48.462953 ACC: [-14, -14, 515]
[1500, 1499, 988, 1500, 988, 988, 988, 988, 1001, 1001, 1001, 1001, 1500, 1500, 1500, 1500]
[1500, 1499, 988, 1500, 988, 988, 988, 988, 1001, 1001, 1001, 1001, 1500, 1500, 1500, 1500]
[1500, 1499, 988, 1500, 988, 988, 988, 988, 1001, 1001, 1001, 1001, 1500, 1500, 1500, 1500]
15:37:48.508349 ALT: 1.15
15:37:48.508474 ATT: [-1.6, 1.7, 23]
15:37:48.508809 ACC: [-15, -14, 515]
[1499, 1500, 988, 1500, 988, 988, 988, 988, 1001, 1001, 1001, 1001, 1500, 1500, 1500, 1500]
[1500, 1500, 988, 1500, 988, 988, 988, 988, 1001, 1001, 1001, 1001, 1500, 1500, 1500, 1500]
15:37:48.556356 ALT: 1.15
15:37:48.556470 ATT: [-1.6, 1.7, 23]
15:37:48.556755 ACC: [-14, -15, 516]
[1500, 1500, 988, 1500, 988, 988, 988, 988, 1001, 1001, 1001, 1001, 1500, 1500, 1500, 1500]
[1500, 1500, 988, 1500, 988, 988, 988, 988, 1001, 1001, 1001, 1001, 1500, 1500, 1500, 1500]
[1499, 1499, 988, 1500, 988, 988, 988, 988, 1001, 1001, 1001, 1001, 1500, 1500, 1500, 1500]
15:37:48.604324 ALT: 1.15
15:37:48.604453 ATT: [-1.6, 1.7, 23]
15:37:48.604783 ACC: [-15, -15, 516]
[1500, 1500, 988, 1499, 988, 988, 988, 988, 1001, 1001, 1001, 1001, 1500, 1500, 1500, 1500]
[1500, 1500, 988, 1500, 986, 988, 988, 988, 1001, 1001, 1001, 1001, 1500, 1500, 1500, 1500]
15:37:48.656204 ALT: 1.15
15:37:48.656322 ATT: [-1.6, 1.7, 23]
15:37:48.658680 ACC: [-14, -15, 516]
[1500, 1500, 988, 1500, 988, 988, 988, 988, 1001, 1001, 1001, 1001, 1500, 1500, 1500, 1500]
[1500, 1499, 988, 1500, 988, 988, 988, 988, 1001, 1001, 1001, 1001, 1500, 1500, 1500, 1500]
15:37:48.701317 ALT: 1.15
15:37:48.701414 ATT: [-1.6, 1.7, 23]
15:37:48.701700 ACC: [-14, -14, 516]
[1499, 1500, 988, 1500, 988, 988, 988, 988, 1001, 1001, 1001, 1001, 1500, 1500, 1500, 1500]
[1500, 1500, 988, 1500, 988, 988, 988, 988, 1001, 1001, 1001, 1001, 1500, 1500, 1500, 1500]
[1500, 1500, 988, 1500, 988, 988, 988, 988, 1001, 1001, 1001, 1001, 1500, 1500, 1500, 1500]
15:37:48.748776 ALT: 1.15
15:37:48.749067 ATT: [-1.6, 1.7, 23]
15:37:48.749829 ACC: [-14, -14, 515]
[1500, 1500, 988, 1500, 988, 988, 988, 989, 1001, 1001, 1001, 1001, 1500, 1500, 1500, 1500]
[1500, 1500, 988, 1500, 988, 988, 988, 988, 1001, 1001, 1001, 1001, 1500, 1500, 1500, 1500]
[1500, 1499, 988, 1500, 988, 988, 988, 988, 1001, 1001, 1001, 1001, 1500, 1500, 1500, 1500]
15:37:48.807552 ALT: 1.15
15:37:48.807679 ATT: [-1.6, 1.7, 23]
15:37:48.808137 ACC: [-14, -14, 516]
[1500, 1500, 988, 1500, 988, 988, 988, 988, 1001, 1001, 1001, 1001, 1500, 1500, 1500, 1500]
[1499, 1500, 988, 1500, 988, 988, 988, 988, 1001, 1001, 1001, 1001, 1500, 1500, 1500, 1500]
15:37:48.862113 ALT: 1.15
15:37:48.862221 ATT: [-1.6, 1.6, 23]
15:37:48.862580 ACC: [-14, -14, 517]
[1500, 1500, 988, 1500, 988, 988, 988, 988, 1001, 1001, 1001, 1001, 1500, 1500, 1500, 1500]
[1500, 1500, 988, 1500, 988, 988, 988, 988, 1001, 1001, 1001, 1001, 1500, 1500, 1500, 1500]
[1500, 1500, 988, 1500, 988, 988, 988, 988, 1001, 1001, 1001, 1001, 1500, 1500, 1500, 1500]
15:37:48.908519 ALT: 1.15
15:37:48.908632 ATT: [-1.6, 1.6, 23]
15:37:48.908908 ACC: [-15, -14, 516]
[1500, 1500, 988, 1500, 988, 988, 988, 988, 1001, 1001, 1001, 1001, 1500, 1500, 1500, 1500]
[1500, 1500, 988, 1500, 988, 988, 988, 988, 1001, 1001, 1001, 1001, 1500, 1500, 1500, 1500]
15:37:48.956627 ALT: 1.15
15:37:48.956732 ATT: [-1.6, 1.6, 23]
15:37:48.957046 ACC: [-14, -14, 516]
[1500, 1499, 988, 1500, 988, 988, 988, 988, 1001, 1001, 1001, 1001, 1500, 1500, 1500, 1500]
[1500, 1499, 988, 1500, 988, 988, 988, 988, 1001, 1001, 1001, 1001, 1500, 1500, 1500, 1500]
[1500, 1500, 988, 1500, 988, 988, 988, 988, 1001, 1001, 1001, 1001, 1500, 1500, 1500, 1500]
15:37:49.004600 ALT: 1.15
15:37:49.004702 ATT: [-1.6, 1.7, 23]
15:37:49.005020 ACC: [-15, -14, 516]
[1500, 1500, 988, 1500, 988, 988, 988, 988, 1001, 1001, 1001, 1001, 1500, 1500, 1500, 1500]
[1499, 1500, 988, 1500, 988, 988, 988, 988, 1001, 1001, 1001, 1001, 1500, 1500, 1500, 1500]
15:37:49.053463 ALT: 1.15
15:37:49.053680 ATT: [-1.6, 1.6, 23]
15:37:49.054298 ACC: [-14, -14, 516]
[1500, 1500, 988, 1500, 988, 988, 988, 988, 1001, 1001, 1001, 1001, 1500, 1500, 1500, 1500]
[1500, 1499, 988, 1500, 988, 988, 988, 988, 1001, 1001, 1001, 1001, 1500, 1500, 1500, 1500]
15:37:49.100524 ALT: 1.15
15:37:49.100623 ATT: [-1.6, 1.6, 23]
15:37:49.100878 ACC: [-15, -15, 516]
[1500, 1499, 988, 1500, 988, 988, 988, 988, 1001, 1001, 1001, 1001, 1500, 1500, 1500, 1500]
[1500, 1500, 988, 1500, 988, 988, 988, 988, 1001, 1001, 1001, 1001, 1500, 1500, 1500, 1500]
[1499, 1500, 988, 1500, 988, 988, 988, 988, 1001, 1001, 1001, 1001, 1500, 1500, 1500, 1500]
15:37:49.149220 ALT: 1.15
15:37:49.149324 ATT: [-1.6, 1.6, 23]
15:37:49.151484 ACC: [-15, -14, 516]
[1500, 1499, 988, 1500, 988, 988, 988, 988, 1001, 1001, 1001, 1001, 1500, 1500, 1500, 1500]
[1500, 1500, 988, 1499, 988, 988, 988, 988, 1001, 1001, 1001, 1001, 1500, 1500, 1500, 1500]
15:37:49.196879 ALT: 1.15
15:37:49.196989 ATT: [-1.6, 1.6, 23]
15:37:49.197257 ACC: [-14, -15, 515]
[1500, 1500, 988, 1500, 988, 988, 988, 988, 1001, 1001, 1001, 1001, 1500, 1500, 1500, 1500]
[1500, 1499, 988, 1499, 988, 988, 988, 988, 1001, 1001, 1001, 1001, 1500, 1500, 1500, 1500]
[1500, 1500, 988, 1499, 988, 988, 988, 988, 1001, 1001, 1001, 1001, 1500, 1500, 1500, 1500]
15:37:49.244733 ALT: 1.15
15:37:49.244855 ATT: [-1.6, 1.6, 23]
15:37:49.245158 ACC: [-14, -14, 515]
[1500, 1500, 988, 1500, 988, 988, 988, 988, 1001, 1001, 1001, 1001, 1500, 1500, 1500, 1500]
[1499, 1500, 988, 1500, 988, 988, 988, 988, 1001, 1001, 1001, 1001, 1500, 1500, 1500, 1500]
15:37:49.293196 ALT: 1.15
15:37:49.293286 ATT: [-1.6, 1.6, 23]
15:37:49.293579 ACC: [-14, -14, 516]
[1500, 1499, 988, 1500, 988, 988, 988, 988, 1001, 1001, 1001, 1001, 1500, 1500, 1500, 1500]
[1500, 1499, 988, 1500, 988, 988, 988, 988, 1001, 1001, 1001, 1001, 1500, 1500, 1500, 1500]
15:37:49.340670 ALT: 1.15
15:37:49.340772 ATT: [-1.6, 1.6, 23]
15:37:49.341059 ACC: [-14, -14, 516]
[1500, 1500, 988, 1500, 986, 988, 988, 988, 1001, 1001, 1001, 1001, 1500, 1500, 1500, 1500]
[1500, 1500, 988, 1500, 989, 986, 988, 988, 1001, 1001, 1001, 1001, 1500, 1500, 1500, 1500]
[1500, 1500, 988, 1500, 988, 988, 988, 988, 1001, 1001, 1001, 1001, 1500, 1500, 1500, 1500]
15:37:49.392255 ALT: 1.15
15:37:49.392655 ATT: [-1.6, 1.6, 23]
15:37:49.393066 ACC: [-15, -14, 516]
[1499, 1500, 988, 1500, 988, 988, 988, 988, 1001, 1001, 1001, 1001, 1500, 1500, 1500, 1500]
[1500, 1499, 988, 1500, 988, 988, 988, 988, 1001, 1001, 1001, 1001, 1500, 1500, 1500, 1500]
15:37:49.436843 ALT: 1.15
15:37:49.436945 ATT: [-1.6, 1.6, 23]
15:37:49.437226 ACC: [-15, -14, 516]
[1499, 1500, 988, 1501, 985, 988, 988, 988, 1001, 1001, 1001, 1001, 1500, 1500, 1500, 1500]
[1500, 1500, 988, 1500, 988, 988, 988, 988, 1001, 1001, 1001, 1001, 1500, 1500, 1500, 1500]
[1500, 1500, 988, 1500, 988, 988, 988, 988, 1001, 1001, 1001, 1001, 1500, 1500, 1500, 1500]
15:37:49.484859 ALT: 1.15
15:37:49.484952 ATT: [-1.6, 1.6, 23]
15:37:49.485255 ACC: [-14, -14, 516]
[1500, 1500, 988, 1500, 988, 988, 988, 988, 1001, 1001, 1001, 1001, 1500, 1500, 1500, 1500]
[1500, 1499, 988, 1500, 988, 988, 988, 988, 1001, 1001, 1001, 1001, 1500, 1500, 1500, 1500]
15:37:49.533245 ALT: 1.15
15:37:49.533349 ATT: [-1.6, 1.6, 23]
15:37:49.533587 ACC: [-14, -15, 516]
[1500, 1500, 988, 1500, 988, 988, 988, 988, 1001, 1001, 1001, 1001, 1500, 1500, 1500, 1500]
[1500, 1500, 988, 1500, 988, 989, 988, 988, 1001, 1001, 1001, 1001, 1500, 1500, 1500, 1500]
15:37:49.581766 ALT: 1.15
15:37:49.581869 ATT: [-1.6, 1.6, 23]
15:37:49.582187 ACC: [-14, -14, 516]
[1500, 1499, 988, 1500, 988, 988, 988, 988, 1001, 1001, 1001, 1001, 1500, 1500, 1500, 1500]
[1500, 1500, 988, 1500, 988, 988, 988, 988, 1001, 1001, 1001, 1001, 1500, 1500, 1500, 1500]
[1500, 1499, 988, 1500, 988, 988, 988, 988, 1001, 1001, 1001, 1001, 1500, 1500, 1500, 1500]
15:37:49.629973 ALT: 1.15
15:37:49.630112 ATT: [-1.6, 1.6, 23]
15:37:49.630590 ACC: [-14, -14, 515]
[1500, 1500, 988, 1500, 988, 988, 988, 988, 1001, 1001, 1001, 1001, 1500, 1500, 1500, 1500]
[1500, 1500, 988, 1500, 988, 988, 988, 988, 1001, 1001, 1001, 1001, 1500, 1500, 1500, 1500]
15:37:49.677408 ALT: 1.15
15:37:49.677746 ATT: [-1.6, 1.6, 23]
15:37:49.678310 ACC: [-15, -14, 516]
[1500, 1499, 988, 1500, 988, 988, 988, 988, 1001, 1001, 1001, 1001, 1500, 1500, 1500, 1500]
[1499, 1500, 988, 1500, 988, 988, 988, 988, 1001, 1001, 1001, 1001, 1500, 1500, 1500, 1500]
[1500, 1500, 988, 1500, 988, 988, 988, 988, 1001, 1001, 1001, 1001, 1500, 1500, 1500, 1500]
15:37:49.724947 ALT: 1.15
15:37:49.725088 ATT: [-1.6, 1.6, 23]
15:37:49.725390 ACC: [-15, -14, 516]
[1500, 1500, 988, 1500, 988, 988, 988, 988, 1001, 1001, 1001, 1001, 1500, 1500, 1500, 1500]
[1500, 1500, 988, 1499, 988, 988, 988, 988, 1001, 1001, 1001, 1001, 1500, 1500, 1500, 1500]
[1500, 1500, 988, 1500, 988, 988, 988, 988, 1001, 1001, 1001, 1001, 1500, 1500, 1500, 1500]
15:37:49.789180 ALT: 1.15
15:37:49.789293 ATT: [-1.6, 1.6, 23]
15:37:49.789626 ACC: [-15, -14, 516]
[1499, 1500, 988, 1500, 988, 988, 988, 988, 1001, 1001, 1001, 1001, 1500, 1500, 1500, 1500]
[1500, 1499, 988, 1500, 988, 988, 988, 988, 1001, 1001, 1001, 1001, 1500, 1500, 1500, 1500]
15:37:49.837015 ALT: 1.15
15:37:49.837112 ATT: [-1.6, 1.6, 23]
15:37:49.837405 ACC: [-15, -15, 516]
[1500, 1500, 988, 1500, 988, 988, 988, 988, 1001, 1001, 1001, 1001, 1500, 1500, 1500, 1500]
[1500, 1500, 988, 1500, 988, 988, 988, 988, 1001, 1001, 1001, 1001, 1500, 1500, 1500, 1500]
[1500, 1500, 988, 1500, 988, 988, 988, 988, 1001, 1001, 1001, 1001, 1500, 1500, 1500, 1500]
15:37:49.885171 ALT: 1.15
15:37:49.885264 ATT: [-1.6, 1.6, 23]
15:37:49.885523 ACC: [-14, -14, 516]
[1499, 1500, 988, 1499, 988, 988, 988, 988, 1001, 1001, 1001, 1001, 1500, 1500, 1500, 1500]
[1500, 1500, 988, 1500, 988, 988, 988, 988, 1001, 1001, 1001, 1001, 1500, 1500, 1500, 1500]
15:37:49.933143 ALT: 1.15
15:37:49.933230 ATT: [-1.6, 1.6, 23]
15:37:49.933509 ACC: [-14, -14, 515]
[1500, 1500, 986, 1500, 988, 988, 988, 988, 1001, 1001, 1001, 1001, 1500, 1500, 1500, 1500]
[1500, 1500, 988, 1500, 988, 988, 988, 988, 1001, 1001, 1001, 1001, 1500, 1500, 1500, 1500]
15:37:49.981291 ALT: 1.15
15:37:49.981396 ATT: [-1.6, 1.6, 23]
15:37:49.981726 ACC: [-15, -14, 516]
[1500, 1500, 988, 1500, 988, 988, 988, 988, 1001, 1001, 1001, 1001, 1500, 1500, 1500, 1500]
[1499, 1500, 988, 1500, 988, 988, 988, 988, 1001, 1001, 1001, 1001, 1500, 1500, 1500, 1500]
[1500, 1500, 988, 1500, 988, 988, 988, 988, 1001, 1001, 1001, 1001, 1500, 1500, 1500, 1500]
15:37:50.030250 ALT: 1.15
15:37:50.030389 ATT: [-1.6, 1.6, 23]
15:37:50.031042 ACC: [-15, -15, 516]
[1499, 1500, 988, 1500, 988, 988, 988, 988, 1001, 1001, 1001, 1001, 1500, 1500, 1500, 1500]
[1499, 1500, 988, 1500, 988, 988, 988, 988, 1001, 1001, 1001, 1001, 1500, 1500, 1500, 1500]
15:37:50.077489 ALT: 1.15
15:37:50.077626 ATT: [-1.6, 1.6, 23]
15:37:50.077869 ACC: [-14, -14, 516]
[1499, 1500, 988, 1499, 988, 988, 988, 988, 1001, 1001, 1001, 1001, 1500, 1500, 1500, 1500]
[1500, 1500, 988, 1500, 988, 988, 988, 988, 1001, 1001, 1001, 1001, 1500, 1500, 1500, 1500]
[1500, 1500, 988, 1500, 988, 988, 988, 988, 1001, 1001, 1001, 1001, 1500, 1500, 1500, 1500]
15:37:50.125157 ALT: 1.15
15:37:50.125261 ATT: [-1.6, 1.6, 23]
15:37:50.125584 ACC: [-14, -15, 516]
[1500, 1499, 988, 1500, 988, 988, 988, 988, 1001, 1001, 1001, 1001, 1500, 1500, 1500, 1500]
[1499, 1500, 988, 1500, 988, 988, 988, 988, 1001, 1001, 1001, 1001, 1500, 1500, 1500, 1500]
15:37:50.173131 ALT: 1.15
15:37:50.173228 ATT: [-1.6, 1.6, 23]
15:37:50.173515 ACC: [-15, -14, 516]
[1500, 1499, 988, 1499, 988, 988, 988, 988, 1001, 1001, 1001, 1001, 1500, 1500, 1500, 1500]
[1500, 1500, 988, 1499, 988, 988, 988, 988, 1001, 1001, 1001, 1001, 1500, 1500, 1500, 1500]
15:37:50.221166 ALT: 1.15
15:37:50.221263 ATT: [-1.6, 1.6, 23]
15:37:50.221565 ACC: [-15, -14, 515]
[1500, 1500, 988, 1500, 988, 988, 988, 988, 1001, 1001, 1001, 1001, 1500, 1500, 1500, 1500]
[1500, 1500, 988, 1500, 988, 988, 988, 988, 1001, 1001, 1001, 1001, 1500, 1500, 1500, 1500]
[1500, 1500, 988, 1500, 988, 988, 988, 988, 1001, 1001, 1001, 1001, 1500, 1500, 1500, 1500]
15:37:50.269201 ALT: 1.15
15:37:50.269310 ATT: [-1.6, 1.6, 23]
15:37:50.269601 ACC: [-14, -14, 515]
[1499, 1500, 988, 1500, 988, 988, 988, 988, 1001, 1001, 1001, 1001, 1500, 1500, 1500, 1500]
[1500, 1499, 988, 1499, 988, 988, 988, 988, 1001, 1001, 1001, 1001, 1500, 1500, 1500, 1500]
15:37:50.317238 ALT: 1.15
15:37:50.317348 ATT: [-1.6, 1.6, 23]
15:37:50.318020 ACC: [-14, -14, 516]
[1500, 1500, 988, 1500, 988, 991, 985, 988, 1001, 1001, 1001, 1001, 1500, 1500, 1500, 1500]
[1500, 1499, 988, 1500, 988, 988, 988, 988, 1001, 1001, 1001, 1001, 1500, 1500, 1500, 1500]
[1500, 1500, 988, 1500, 988, 988, 988, 988, 1001, 1001, 1001, 1001, 1500, 1500, 1500, 1500]
15:37:50.365663 ALT: 1.15
15:37:50.365977 ATT: [-1.6, 1.6, 23]
15:37:50.366380 ACC: [-14, -14, 516]
[1500, 1500, 988, 1500, 988, 988, 988, 988, 1001, 1001, 1001, 1001, 1500, 1500, 1500, 1500]
[1499, 1500, 988, 1499, 988, 988, 988, 988, 1001, 1001, 1001, 1001, 1500, 1500, 1500, 1500]
15:37:50.413911 ALT: 1.15
15:37:50.414050 ATT: [-1.6, 1.6, 23]
15:37:50.414393 ACC: [-15, -14, 515]
[1499, 1500, 988, 1500, 988, 988, 988, 988, 1001, 1001, 1001, 1001, 1500, 1500, 1500, 1500]
[1500, 1499, 988, 1500, 988, 988, 988, 988, 1001, 1001, 1001, 1001, 1500, 1500, 1500, 1500]
[1500, 1500, 988, 1500, 988, 988, 988, 988, 1001, 1001, 1001, 1001, 1500, 1500, 1500, 1500]
15:37:50.471083 ALT: 1.15
15:37:50.471202 ATT: [-1.6, 1.6, 23]
15:37:50.471554 ACC: [-15, -14, 516]
[1500, 1500, 988, 1500, 988, 988, 988, 988, 1001, 1001, 1001, 1001, 1500, 1500, 1500, 1500]
[1499, 1500, 988, 1500, 988, 988, 988, 988, 1001, 1001, 1001, 1001, 1500, 1500, 1500, 1500]
15:37:50.509642 ALT: 1.15
15:37:50.509742 ATT: [-1.6, 1.6, 23]
15:37:50.510003 ACC: [-14, -14, 516]
[1500, 1499, 988, 1500, 988, 988, 988, 988, 1001, 1001, 1001, 1001, 1500, 1500, 1500, 1500]
[1500, 1499, 988, 1500, 988, 988, 988, 988, 1001, 1001, 1001, 1001, 1500, 1500, 1500, 1500]
15:37:50.557446 ALT: 1.15
15:37:50.557556 ATT: [-1.6, 1.6, 23]
15:37:50.557848 ACC: [-15, -15, 516]
[1500, 1500, 988, 1500, 986, 988, 988, 989, 1001, 1001, 1001, 1001, 1500, 1500, 1500, 1500]
[1500, 1500, 988, 1500, 988, 988, 988, 988, 1001, 1001, 1001, 1001, 1500, 1500, 1500, 1500]
[1500, 1499, 988, 1500, 988, 988, 988, 988, 1001, 1001, 1001, 1001, 1500, 1500, 1500, 1500]
15:37:50.605438 ALT: 1.15
15:37:50.605540 ATT: [-1.6, 1.6, 23]
15:37:50.605806 ACC: [-15, -15, 516]
[1500, 1499, 988, 1500, 988, 988, 988, 988, 1001, 1001, 1001, 1001, 1500, 1500, 1500, 1500]
[1497, 1499, 988, 1500, 988, 988, 988, 988, 1001, 1001, 1001, 1001, 1500, 1500, 1500, 1500]
15:37:50.653410 ALT: 1.15
15:37:50.653503 ATT: [-1.6, 1.6, 23]
15:37:50.653785 ACC: [-14, -14, 515]
[1500, 1499, 988, 1500, 988, 988, 988, 988, 1001, 1001, 1001, 1001, 1500, 1500, 1500, 1500]
[1500, 1500, 988, 1499, 988, 988, 988, 988, 1001, 1001, 1001, 1001, 1500, 1500, 1500, 1500]
15:37:50.701943 ALT: 1.15
15:37:50.702107 ATT: [-1.6, 1.6, 23]
15:37:50.702619 ACC: [-14, -14, 516]
[1500, 1500, 988, 1500, 988, 988, 988, 988, 1001, 1001, 1001, 1001, 1500, 1500, 1500, 1500]
[1500, 1500, 988, 1500, 988, 988, 988, 988, 1001, 1001, 1001, 1001, 1500, 1500, 1500, 1500]
[1500, 1500, 988, 1500, 988, 988, 988, 988, 1001, 1001, 1001, 1001, 1500, 1500, 1500, 1500]
15:37:50.753764 ALT: 1.15
15:37:50.753859 ATT: [-1.6, 1.6, 23]
15:37:50.754139 ACC: [-15, -14, 516]
[1500, 1500, 988, 1499, 988, 988, 988, 988, 1001, 1001, 1001, 1001, 1500, 1500, 1500, 1500]
[1499, 1500, 988, 1500, 988, 988, 988, 988, 1001, 1001, 1001, 1001, 1500, 1500, 1500, 1500]
15:37:50.799416 ALT: 1.15
15:37:50.799517 ATT: [-1.6, 1.6, 23]
15:37:50.803360 ACC: [-15, -14, 516]
[1500, 1500, 988, 1500, 988, 988, 988, 988, 1001, 1001, 1001, 1001, 1500, 1500, 1500, 1500]
[1500, 1500, 988, 1500, 988, 988, 988, 988, 1001, 1001, 1001, 1001, 1500, 1500, 1500, 1500]
[1499, 1500, 988, 1500, 988, 988, 988, 988, 1001, 1001, 1001, 1001, 1500, 1500, 1500, 1500]
15:37:50.846495 ALT: 1.19
15:37:50.846631 ATT: [-1.6, 1.6, 23]
15:37:50.847962 ACC: [-14, -14, 516]
[1500, 1500, 988, 1500, 988, 988, 988, 988, 1001, 1001, 1001, 1001, 1500, 1500, 1500, 1500]
[1500, 1500, 988, 1500, 988, 988, 988, 988, 1001, 1001, 1001, 1001, 1500, 1500, 1500, 1500]
[1500, 1499, 988, 1500, 988, 988, 988, 988, 1001, 1001, 1001, 1001, 1500, 1500, 1500, 1500]
15:37:50.903340 ALT: 1.23
15:37:50.903435 ATT: [-1.6, 1.6, 23]
15:37:50.905069 ACC: [-15, -15, 516]
[1500, 1500, 988, 1500, 988, 988, 988, 988, 1001, 1001, 1001, 1001, 1500, 1500, 1500, 1500]
[1500, 1500, 988, 1500, 988, 988, 988, 988, 1001, 1001, 1001, 1001, 1500, 1500, 1500, 1500]
15:37:50.945707 ALT: 1.24
15:37:50.945813 ATT: [-1.6, 1.6, 23]
15:37:50.946152 ACC: [-14, -14, 516]
[1500, 1500, 988, 1500, 988, 988, 988, 988, 1001, 1001, 1001, 1001, 1500, 1500, 1500, 1500]
[1499, 1500, 988, 1499, 988, 988, 988, 988, 1001, 1001, 1001, 1001, 1500, 1500, 1500, 1500]
15:37:50.989616 ALT: 1.24
15:37:50.989729 ATT: [-1.6, 1.6, 23]
15:37:50.990027 ACC: [-14, -14, 516]
[1499, 1500, 988, 1500, 988, 988, 988, 988, 1001, 1001, 1001, 1001, 1500, 1500, 1500, 1500]
[1500, 1500, 988, 1499, 988, 988, 988, 988, 1001, 1001, 1001, 1001, 1500, 1500, 1500, 1500]
15:37:51.037631 ALT: 1.24
15:37:51.037728 ATT: [-1.6, 1.6, 23]
15:37:51.038009 ACC: [-15, -14, 516]
[1500, 1500, 988, 1499, 988, 988, 988, 988, 1001, 1001, 1001, 1001, 1500, 1500, 1500, 1500]
[1500, 1500, 988, 1500, 988, 988, 988, 988, 1001, 1001, 1001, 1001, 1500, 1500, 1500, 1500]
[1500, 1500, 988, 1500, 988, 988, 988, 988, 1001, 1001, 1001, 1001, 1500, 1500, 1500, 1500]
15:37:51.086908 ALT: 1.24
15:37:51.087005 ATT: [-1.6, 1.6, 23]
15:37:51.087282 ACC: [-15, -15, 516]
[1499, 1500, 988, 1500, 988, 988, 988, 988, 1001, 1001, 1001, 1001, 1500, 1500, 1500, 1500]
[1500, 1500, 988, 1500, 988, 988, 988, 988, 1001, 1001, 1001, 1001, 1500, 1500, 1500, 1500]
15:37:51.134180 ALT: 1.24
15:37:51.134779 ATT: [-1.6, 1.6, 23]
15:37:51.135284 ACC: [-15, -14, 516]
[1500, 1500, 988, 1499, 988, 988, 988, 988, 1001, 1001, 1001, 1001, 1500, 1500, 1500, 1500]
[1500, 1500, 988, 1500, 988, 988, 988, 988, 1001, 1001, 1001, 1001, 1500, 1500, 1500, 1500]
[1500, 1500, 988, 1500, 988, 988, 988, 988, 1001, 1001, 1001, 1001, 1500, 1500, 1500, 1500]
15:37:51.183165 ALT: 1.24
15:37:51.183254 ATT: [-1.6, 1.6, 22]
15:37:51.183517 ACC: [-15, -14, 515]
[1500, 1500, 988, 1499, 988, 988, 988, 988, 1001, 1001, 1001, 1001, 1500, 1500, 1500, 1500]
[1500, 1499, 988, 1500, 988, 988, 988, 988, 1001, 1001, 1001, 1001, 1500, 1500, 1500, 1500]
15:37:51.230240 ALT: 1.24
15:37:51.230662 ATT: [-1.6, 1.6, 22]
15:37:51.231162 ACC: [-15, -15, 515]
[1497, 1500, 988, 1500, 988, 988, 988, 988, 1001, 1001, 1001, 1001, 1500, 1500, 1500, 1500]
[1499, 1500, 988, 1500, 989, 988, 988, 988, 1001, 1001, 1001, 1001, 1500, 1500, 1500, 1500]
15:37:51.278168 ALT: 1.24
15:37:51.278258 ATT: [-1.6, 1.7, 22]
15:37:51.278617 ACC: [-15, -14, 516]
[1500, 1500, 988, 1499, 988, 988, 988, 988, 1001, 1001, 1001, 1001, 1500, 1500, 1500, 1500]
[1500, 1500, 988, 1499, 988, 988, 988, 988, 1001, 1001, 1001, 1001, 1500, 1500, 1500, 1500]
[1499, 1500, 988, 1499, 988, 988, 988, 988, 1001, 1001, 1001, 1001, 1500, 1500, 1500, 1500]
15:37:51.325875 ALT: 1.24
15:37:51.325982 ATT: [-1.6, 1.7, 22]
15:37:51.326314 ACC: [-14, -14, 516]
[1499, 1500, 988, 1500, 988, 988, 988, 988, 1001, 1001, 1001, 1001, 1500, 1500, 1500, 1500]
[1499, 1500, 988, 1500, 988, 988, 988, 988, 1001, 1001, 1001, 1001, 1500, 1500, 1500, 1500]
15:37:51.373858 ALT: 1.24
15:37:51.373961 ATT: [-1.6, 1.7, 22]
15:37:51.374276 ACC: [-15, -14, 515]
[1499, 1500, 988, 1500, 988, 988, 988, 988, 1001, 1001, 1001, 1001, 1500, 1500, 1500, 1500]
[1500, 1500, 988, 1499, 988, 988, 988, 988, 1001, 1001, 1001, 1001, 1500, 1500, 1500, 1500]
15:37:51.421795 ALT: 1.24
15:37:51.421891 ATT: [-1.6, 1.7, 22]
15:37:51.422197 ACC: [-15, -14, 515]
[1500, 1500, 988, 1500, 988, 988, 989, 985, 1001, 1001, 1001, 1001, 1500, 1500, 1500, 1500]
[1500, 1500, 988, 1500, 988, 988, 988, 988, 1001, 1001, 1001, 1001, 1500, 1500, 1500, 1500]
[1500, 1500, 988, 1500, 988, 989, 986, 988, 1001, 1001, 1001, 1001, 1500, 1500, 1500, 1500]
15:37:51.470017 ALT: 1.24
15:37:51.470243 ATT: [-1.6, 1.7, 22]
15:37:51.470614 ACC: [-15, -14, 515]
[1500, 1500, 988, 1500, 988, 988, 988, 988, 1001, 1001, 1001, 1001, 1500, 1500, 1500, 1500]
[1500, 1500, 988, 1499, 988, 988, 988, 988, 1001, 1001, 1001, 1001, 1500, 1500, 1500, 1500]
15:37:51.517940 ALT: 1.24
15:37:51.518052 ATT: [-1.6, 1.7, 22]
15:37:51.518354 ACC: [-14, -15, 516]
[1500, 1500, 988, 1500, 988, 988, 988, 988, 1001, 1001, 1001, 1001, 1500, 1500, 1500, 1500]
[1500, 1500, 988, 1500, 988, 988, 988, 988, 1001, 1001, 1001, 1001, 1500, 1500, 1500, 1500]
[1499, 1500, 988, 1500, 988, 988, 988, 988, 1001, 1001, 1001, 1001, 1500, 1500, 1500, 1500]
15:37:51.567445 ALT: 1.24
15:37:51.567564 ATT: [-1.6, 1.7, 22]
15:37:51.567914 ACC: [-15, -15, 516]
[1497, 1500, 988, 1500, 988, 988, 988, 988, 1001, 1001, 1001, 1001, 1500, 1500, 1500, 1500]
[1500, 1500, 988, 1499, 988, 988, 988, 988, 1001, 1001, 1001, 1001, 1500, 1500, 1500, 1500]
15:37:51.614409 ALT: 1.24
15:37:51.614509 ATT: [-1.6, 1.7, 22]
15:37:51.615010 ACC: [-14, -14, 516]
[1499, 1500, 988, 1499, 988, 988, 988, 988, 1001, 1001, 1001, 1001, 1500, 1500, 1500, 1500]
[1500, 1500, 988, 1499, 988, 988, 988, 988, 1001, 1001, 1001, 1001, 1500, 1500, 1500, 1500]
15:37:51.662299 ALT: 1.24
15:37:51.662404 ATT: [-1.6, 1.7, 22]
15:37:51.664164 ACC: [-15, -14, 515]
[1500, 1500, 988, 1500, 988, 988, 988, 988, 1001, 1001, 1001, 1001, 1500, 1500, 1500, 1500]
[1500, 1499, 988, 1500, 988, 988, 988, 988, 1001, 1001, 1001, 1001, 1500, 1500, 1500, 1500]
[1500, 1500, 988, 1500, 988, 988, 988, 988, 1001, 1001, 1001, 1001, 1500, 1500, 1500, 1500]
15:37:51.709971 ALT: 1.24
15:37:51.710063 ATT: [-1.6, 1.7, 22]
15:37:51.710389 ACC: [-15, -14, 515]
[1500, 1500, 988, 1500, 988, 988, 988, 988, 1001, 1001, 1001, 1001, 1500, 1500, 1500, 1500]
[1500, 1499, 988, 1499, 988, 988, 988, 988, 1001, 1001, 1001, 1001, 1500, 1500, 1500, 1500]
15:37:51.757983 ALT: 1.24
15:37:51.758084 ATT: [-1.6, 1.7, 22]
15:37:51.758408 ACC: [-14, -14, 516]
[1500, 1500, 988, 1500, 988, 988, 988, 988, 1001, 1001, 1001, 1001, 1500, 1500, 1500, 1500]
[1500, 1500, 988, 1500, 988, 988, 988, 988, 1001, 1001, 1001, 1001, 1500, 1500, 1500, 1500]
[1499, 1501, 986, 1499, 988, 988, 988, 988, 1001, 1001, 1001, 1001, 1500, 1500, 1500, 1500]
15:37:51.806066 ALT: 1.24
15:37:51.806164 ATT: [-1.6, 1.7, 22]
15:37:51.806485 ACC: [-14, -14, 515]
[1500, 1500, 988, 1500, 988, 988, 988, 988, 1001, 1001, 1001, 1001, 1500, 1500, 1500, 1500]
[1499, 1500, 988, 1500, 988, 988, 988, 988, 1001, 1001, 1001, 1001, 1500, 1500, 1500, 1500]
[1499, 1500, 988, 1500, 988, 988, 988, 988, 1001, 1001, 1001, 1001, 1500, 1500, 1500, 1500]
15:37:51.870742 ALT: 1.24
15:37:51.871453 ATT: [-1.6, 1.7, 22]
15:37:51.871823 ACC: [-14, -15, 516]
[1500, 1499, 988, 1499, 988, 988, 988, 988, 1001, 1001, 1001, 1001, 1500, 1500, 1500, 1500]
[1500, 1500, 988, 1500, 988, 988, 988, 988, 1001, 1001, 1001, 1001, 1500, 1500, 1500, 1500]
15:37:51.918565 ALT: 1.24
15:37:51.918681 ATT: [-1.6, 1.7, 22]
15:37:51.919219 ACC: [-14, -15, 516]
[1500, 1500, 988, 1500, 988, 988, 988, 988, 1001, 1001, 1001, 1001, 1500, 1500, 1500, 1500]
[1500, 1500, 988, 1500, 988, 988, 988, 988, 1001, 1001, 1001, 1001, 1500, 1500, 1500, 1500]
[1499, 1500, 988, 1499, 2011, 988, 988, 988, 1001, 1001, 1001, 1001, 1500, 1500, 1500, 1500]
15:37:51.967158 ALT: 1.24
15:37:51.967259 ATT: [-1.6, 1.7, 22]
15:37:51.967559 ACC: [-15, -14, 515]
[1500, 1499, 988, 1500, 2011, 988, 988, 988, 1001, 1001, 1001, 1001, 1500, 1500, 1500, 1500]
[1500, 1500, 988, 1500, 2011, 988, 988, 988, 1001, 1001, 1001, 1001, 1500, 1500, 1500, 1500]
15:37:52.014986 ALT: 1.24
15:37:52.015087 ATT: [-1.6, 1.7, 22]
15:37:52.015354 ACC: [-14, -15, 516]
[1500, 1500, 988, 1500, 2011, 988, 988, 988, 1001, 1001, 1001, 1001, 1500, 1500, 1500, 1500]
[1500, 1499, 988, 1500, 2011, 988, 988, 988, 1001, 1001, 1001, 1001, 1500, 1500, 1500, 1500]
15:37:52.062149 ALT: 0.0
15:37:52.062237 ATT: [-1.6, 1.7, 22]
15:37:52.062575 ACC: [-14, -14, 516]
[1500, 1500, 988, 1500, 2011, 988, 988, 988, 1001, 1001, 1001, 1001, 1500, 1500, 1500, 1500]
[1500, 1500, 988, 1500, 2011, 988, 988, 988, 1001, 1001, 1001, 1001, 1500, 1500, 1500, 1500]
[1499, 1500, 988, 1499, 2011, 988, 988, 988, 1001, 1001, 1001, 1001, 1500, 1500, 1500, 1500]
15:37:52.110547 ALT: 0.0
15:37:52.110674 ATT: [-1.6, 1.7, 22]
15:37:52.111082 ACC: [-14, -15, 516]
[1500, 1500, 988, 1499, 2011, 988, 988, 988, 1001, 1001, 1001, 1001, 1500, 1500, 1500, 1500]
[1500, 1500, 988, 1499, 2011, 986, 988, 988, 1001, 1001, 1001, 1001, 1500, 1500, 1500, 1500]
15:37:52.158243 ALT: 0.0
15:37:52.158342 ATT: [-1.6, 1.7, 22]
15:37:52.158695 ACC: [-15, -14, 516]
[1500, 1500, 988, 1500, 2011, 988, 988, 988, 1001, 1001, 1001, 1001, 1500, 1500, 1500, 1500]
[1499, 1500, 988, 1500, 2011, 988, 988, 988, 1001, 1001, 1001, 1001, 1500, 1500, 1500, 1500]
[1499, 1500, 988, 1500, 2011, 988, 988, 988, 1001, 1001, 1001, 1001, 1500, 1500, 1500, 1500]
15:37:52.206222 ALT: 0.0
15:37:52.206316 ATT: [-1.7, 1.7, 22]
15:37:52.206687 ACC: [-14, -14, 516]
[1500, 1500, 988, 1499, 2011, 988, 988, 988, 1001, 1001, 1001, 1001, 1500, 1500, 1500, 1500]
[1500, 1500, 988, 1499, 2012, 986, 988, 988, 1001, 1001, 1001, 1001, 1500, 1500, 1500, 1500]
15:37:52.254340 ALT: 0.0
15:37:52.254435 ATT: [-1.7, 1.7, 22]
15:37:52.254716 ACC: [-15, -15, 515]
[1500, 1500, 988, 1500, 2011, 988, 988, 988, 1001, 1001, 1001, 1001, 1500, 1500, 1500, 1500]
[1500, 1500, 988, 1500, 2011, 988, 988, 988, 1001, 1001, 1001, 1001, 1500, 1500, 1500, 1500]
15:37:52.302898 ALT: 0.0
15:37:52.303148 ATT: [-1.7, 1.7, 22]
15:37:52.304316 ACC: [-14, -16, 515]
[1500, 1500, 988, 1500, 2011, 988, 988, 988, 1001, 1001, 1001, 1001, 1500, 1500, 1500, 1500]
[1500, 1500, 988, 1499, 2011, 989, 986, 988, 1001, 1001, 1001, 1001, 1500, 1500, 1500, 1500]
[1500, 1499, 988, 1500, 2011, 988, 988, 988, 1001, 1001, 1001, 1001, 1500, 1500, 1500, 1500]
15:37:52.351363 ALT: 0.0
15:37:52.351445 ATT: [-1.7, 1.7, 22]
15:37:52.351709 ACC: [-15, -15, 516]
[1500, 1500, 988, 1500, 2011, 988, 988, 988, 1001, 1001, 1001, 1001, 1500, 1500, 1500, 1500]
[1500, 1500, 988, 1500, 2011, 988, 988, 988, 1001, 1001, 1001, 1001, 1500, 1500, 1500, 1500]
15:37:52.399038 ALT: 0.0
15:37:52.399398 ATT: [-1.7, 1.7, 22]
15:37:52.399816 ACC: [-15, -15, 516]
[1500, 1500, 988, 1500, 2011, 988, 988, 988, 1001, 1001, 1001, 1001, 1500, 1500, 1500, 1500]
[1499, 1500, 988, 1500, 2011, 988, 988, 988, 1001, 1001, 1001, 1001, 1500, 1500, 1500, 1500]
[1500, 1500, 988, 1499, 2011, 988, 988, 988, 1001, 1001, 1001, 1001, 1500, 1500, 1500, 1500]
15:37:52.447616 ALT: 0.0
15:37:52.447740 ATT: [-1.7, 1.7, 22]
15:37:52.448218 ACC: [-14, -15, 516]
[1499, 1500, 988, 1500, 2011, 988, 988, 988, 1001, 1001, 1001, 1001, 1500, 1500, 1500, 1500]
[1500, 1500, 988, 1500, 2011, 988, 988, 988, 1001, 1001, 1001, 1001, 1500, 1500, 1500, 1500]
15:37:52.494963 ALT: 0.0
15:37:52.495283 ATT: [-1.7, 1.7, 22]
15:37:52.495804 ACC: [-15, -15, 515]
[1500, 1500, 988, 1499, 2011, 988, 988, 988, 1001, 1001, 1001, 1001, 1500, 1500, 1500, 1500]
[1500, 1500, 988, 1500, 2011, 988, 988, 988, 1001, 1001, 1001, 1001, 1500, 1500, 1500, 1500]
15:37:52.542508 ALT: 0.0
15:37:52.542690 ATT: [-1.7, 1.7, 22]
15:37:52.543022 ACC: [-14, -15, 516]
[1499, 1500, 988, 1499, 2011, 988, 988, 988, 1001, 1001, 1001, 1001, 1500, 1500, 1500, 1500]
[1499, 1500, 988, 1500, 2011, 988, 988, 988, 1001, 1001, 1001, 1001, 1500, 1500, 1500, 1500]
[1500, 1499, 988, 1500, 2011, 988, 988, 988, 1001, 1001, 1001, 1001, 1500, 1500, 1500, 1500]
15:37:52.590440 ALT: 0.0
15:37:52.590570 ATT: [-1.7, 1.7, 22]
15:37:52.590913 ACC: [-14, -15, 516]
[1500, 1500, 988, 1499, 2011, 988, 988, 988, 1001, 1001, 1001, 1001, 1500, 1500, 1500, 1500]
[1500, 1500, 988, 1500, 2011, 989, 986, 988, 1001, 1001, 1001, 1001, 1500, 1500, 1500, 1500]
15:37:52.638629 ALT: 0.0
15:37:52.638720 ATT: [-1.7, 1.7, 22]
15:37:52.639005 ACC: [-14, -15, 515]
[1499, 1500, 988, 1500, 2011, 988, 988, 988, 1001, 1001, 1001, 1001, 1500, 1500, 1500, 1500]
[1500, 1500, 988, 1500, 2011, 988, 988, 988, 1001, 1001, 1001, 1001, 1500, 1500, 1500, 1500]
[1500, 1499, 988, 1500, 2011, 988, 988, 988, 1001, 1001, 1001, 1001, 1500, 1500, 1500, 1500]
15:37:52.688746 ALT: 0.0
15:37:52.689293 ATT: [-1.7, 1.7, 22]
15:37:52.689601 ACC: [-15, -15, 516]
[1500, 1500, 988, 1500, 2011, 988, 988, 988, 1001, 1001, 1001, 1001, 1500, 1500, 1500, 1500]
[1500, 1500, 988, 1499, 2012, 986, 988, 988, 1001, 1001, 1001, 1001, 1500, 1500, 1500, 1500]
15:37:52.734945 ALT: 0.0
15:37:52.735033 ATT: [-1.7, 1.7, 22]
15:37:52.735327 ACC: [-15, -15, 516]
[1500, 1500, 988, 1500, 2011, 988, 988, 988, 1001, 1001, 1001, 1001, 1500, 1500, 1500, 1500]
[1500, 1500, 988, 1500, 2012, 986, 988, 988, 1001, 1001, 1001, 1001, 1500, 1500, 1500, 1500]
[1500, 1500, 988, 1500, 2011, 988, 988, 988, 1001, 1001, 1001, 1001, 1500, 1500, 1500, 1500]
15:37:52.783583 ALT: 0.0
15:37:52.783668 ATT: [-1.7, 1.7, 22]
15:37:52.783926 ACC: [-14, -15, 516]
[1500, 1500, 988, 1501, 2007, 988, 988, 988, 1001, 1001, 1001, 1001, 1500, 1500, 1500, 1500]
[1500, 1500, 988, 1500, 2011, 988, 988, 988, 1001, 1001, 1001, 1001, 1500, 1500, 1500, 1500]
15:37:52.831273 ALT: 0.0
15:37:52.831367 ATT: [-1.7, 1.7, 22]
15:37:52.831802 ACC: [-14, -15, 516]
[1500, 1500, 988, 1500, 2011, 988, 988, 988, 1001, 1001, 1001, 1001, 1500, 1500, 1500, 1500]
[1500, 1500, 988, 1500, 2011, 988, 988, 988, 1001, 1001, 1001, 1001, 1500, 1500, 1500, 1500]
15:37:52.878850 ALT: 0.0
15:37:52.878940 ATT: [-1.7, 1.7, 22]
15:37:52.879398 ACC: [-14, -15, 515]
[1500, 1500, 988, 1500, 2011, 988, 988, 988, 1001, 1001, 1001, 1001, 1500, 1500, 1500, 1500]
[1500, 1500, 988, 1500, 2011, 988, 988, 989, 1001, 1001, 1001, 1001, 1500, 1500, 1500, 1500]
[1500, 1500, 988, 1500, 2011, 988, 988, 988, 1001, 1001, 1001, 1001, 1500, 1500, 1500, 1500]
15:37:52.927133 ALT: 0.0
15:37:52.927432 ATT: [-1.7, 1.7, 22]
15:37:52.927873 ACC: [-14, -15, 515]
[1500, 1499, 988, 1500, 2011, 988, 988, 988, 1001, 1001, 1001, 1001, 1500, 1500, 1500, 1500]
[1500, 1500, 988, 1500, 2011, 988, 988, 988, 1001, 1001, 1001, 1001, 1500, 1500, 1500, 1500]
15:37:52.974696 ALT: 0.0
15:37:52.974793 ATT: [-1.7, 1.7, 22]
15:37:52.975111 ACC: [-14, -15, 516]
[1499, 1500, 988, 1500, 2011, 988, 988, 988, 1001, 1001, 1001, 1001, 1500, 1500, 1500, 1500]
[1500, 1500, 988, 1500, 2011, 988, 988, 988, 1001, 1001, 1001, 1001, 1500, 1500, 1500, 1500]
15:37:53.022734 ALT: 0.0
15:37:53.022833 ATT: [-1.7, 1.7, 22]
15:37:53.023169 ACC: [-15, -15, 516]
[1500, 1500, 988, 1500, 2011, 988, 988, 988, 1001, 1001, 1001, 1001, 1500, 1500, 1500, 1500]
[1499, 1500, 988, 1500, 2011, 988, 988, 988, 1001, 1001, 1001, 1001, 1500, 1500, 1500, 1500]
[1500, 1499, 988, 1500, 2011, 988, 988, 988, 1001, 1001, 1001, 1001, 1500, 1500, 1500, 1500]
15:37:53.070734 ALT: 0.0
15:37:53.070994 ATT: [-1.7, 1.7, 22]
15:37:53.071341 ACC: [-14, -14, 516]
[1499, 1500, 988, 1500, 2011, 988, 988, 988, 1001, 1001, 1001, 1001, 1500, 1500, 1500, 1500]
[1500, 1500, 988, 1500, 2011, 988, 989, 986, 1001, 1001, 1001, 1001, 1500, 1500, 1500, 1500]
15:37:53.118657 ALT: 0.0
15:37:53.118743 ATT: [-1.7, 1.7, 22]
15:37:53.119032 ACC: [-15, -15, 516]
[1500, 1500, 988, 1500, 2011, 988, 988, 988, 1001, 1001, 1001, 1001, 1500, 1500, 1500, 1500]
[1500, 1500, 988, 1500, 2011, 988, 988, 988, 1001, 1001, 1001, 1001, 1500, 1500, 1500, 1500]
[1500, 1500, 988, 1500, 2011, 988, 988, 988, 1001, 1001, 1001, 1001, 1500, 1500, 1500, 1500]
15:37:53.167775 ALT: 0.0
15:37:53.167867 ATT: [-1.7, 1.7, 22]
15:37:53.168169 ACC: [-14, -15, 516]
[1500, 1499, 988, 1500, 2011, 988, 988, 988, 1001, 1001, 1001, 1001, 1500, 1500, 1500, 1500]
[1500, 1500, 986, 1500, 2011, 988, 988, 989, 1001, 1001, 1001, 1001, 1500, 1500, 1500, 1500]
15:37:53.215551 ALT: 0.0
15:37:53.215638 ATT: [-1.7, 1.7, 22]
15:37:53.215920 ACC: [-15, -15, 516]
[1500, 1500, 988, 1500, 2011, 988, 988, 988, 1001, 1001, 1001, 1001, 1500, 1500, 1500, 1500]
[1500, 1500, 988, 1500, 2011, 988, 988, 988, 1001, 1001, 1001, 1001, 1500, 1500, 1500, 1500]
15:37:53.262890 ALT: 0.0
15:37:53.262982 ATT: [-1.8, 1.7, 22]
15:37:53.263406 ACC: [-14, -15, 515]
[1500, 1500, 988, 1500, 2011, 988, 988, 988, 1001, 1001, 1001, 1001, 1500, 1500, 1500, 1500]
[1500, 1499, 988, 1500, 2011, 988, 988, 988, 1001, 1001, 1001, 1001, 1500, 1500, 1500, 1500]
[1500, 1500, 988, 1500, 2011, 988, 988, 988, 1001, 1001, 1001, 1001, 1500, 1500, 1500, 1500]
15:37:53.310791 ALT: 0.0
15:37:53.310876 ATT: [-1.8, 1.7, 22]
15:37:53.311157 ACC: [-14, -15, 516]
[1500, 1499, 988, 1500, 2011, 988, 988, 988, 1001, 1001, 1001, 1001, 1500, 1500, 1500, 1500]
[1500, 1500, 988, 1500, 2011, 988, 988, 988, 1001, 1001, 1001, 1001, 1500, 1500, 1500, 1500]
15:37:53.358897 ALT: 0.0
15:37:53.359009 ATT: [-1.8, 1.7, 22]
15:37:53.359340 ACC: [-14, -15, 516]
[1500, 1499, 988, 1500, 2011, 988, 988, 988, 1001, 1001, 1001, 1001, 1500, 1500, 1500, 1500]
[1500, 1500, 988, 1500, 2011, 988, 988, 988, 1001, 1001, 1001, 1001, 1500, 1500, 1500, 1500]
[1500, 1500, 988, 1499, 2011, 988, 988, 988, 1001, 1001, 1001, 1001, 1500, 1500, 1500, 1500]
15:37:53.406825 ALT: 0.0
15:37:53.406921 ATT: [-1.8, 1.7, 22]
15:37:53.407247 ACC: [-14, -15, 517]
[1499, 1500, 988, 1500, 2011, 988, 988, 988, 1001, 1001, 1001, 1001, 1500, 1500, 1500, 1500]
[1500, 1499, 988, 1499, 2011, 988, 988, 988, 1001, 1001, 1001, 1001, 1500, 1500, 1500, 1500]
15:37:53.455127 ALT: 0.0
15:37:53.455223 ATT: [-1.8, 1.7, 22]
15:37:53.455652 ACC: [-15, -15, 516]
[1500, 1500, 988, 1500, 2011, 988, 988, 988, 1001, 1001, 1001, 1001, 1500, 1500, 1500, 1500]
[1500, 1500, 988, 1500, 2011, 988, 988, 988, 1001, 1001, 1001, 1001, 1500, 1500, 1500, 1500]
15:37:53.502809 ALT: 0.0
15:37:53.502898 ATT: [-1.8, 1.7, 22]
15:37:53.503173 ACC: [-14, -15, 516]
[1500, 1500, 988, 1500, 2011, 988, 988, 989, 1001, 1001, 1001, 1001, 1500, 1500, 1500, 1500]
[1500, 1500, 988, 1500, 2011, 988, 988, 988, 1001, 1001, 1001, 1001, 1500, 1500, 1500, 1500]
[1500, 1499, 988, 1499, 2011, 988, 988, 988, 1001, 1001, 1001, 1001, 1500, 1500, 1500, 1500]
15:37:53.551433 ALT: 0.0
15:37:53.551531 ATT: [-1.8, 1.8, 22]
15:37:53.551815 ACC: [-15, -15, 516]
[1500, 1499, 988, 1500, 2011, 988, 988, 988, 1001, 1001, 1001, 1001, 1500, 1500, 1500, 1500]
[1500, 1500, 988, 1500, 2011, 988, 988, 988, 1001, 1001, 1001, 1001, 1500, 1500, 1500, 1500]
15:37:53.599296 ALT: 0.0
15:37:53.599386 ATT: [-1.8, 1.8, 22]
15:37:53.599672 ACC: [-14, -15, 516]
[1500, 1500, 988, 1500, 2009, 988, 988, 988, 1001, 1001, 1001, 1001, 1500, 1500, 1500, 1500]
[1500, 1500, 988, 1500, 2011, 988, 988, 988, 1001, 1001, 1001, 1001, 1500, 1500, 1500, 1500]
[1500, 1500, 988, 1500, 2011, 988, 988, 988, 1001, 1001, 1001, 1001, 1500, 1500, 1500, 1500]
15:37:53.647016 ALT: 0.0
15:37:53.647108 ATT: [-1.8, 1.8, 22]
15:37:53.647523 ACC: [-14, -15, 516]
[1500, 1499, 988, 1500, 2011, 988, 988, 988, 1001, 1001, 1001, 1001, 1500, 1500, 1500, 1500]
[1499, 1500, 986, 1500, 2011, 988, 988, 988, 1001, 1001, 1001, 1001, 1500, 1500, 1500, 1500]
15:37:53.695104 ALT: 0.0
15:37:53.695202 ATT: [-1.8, 1.8, 22]
15:37:53.695622 ACC: [-14, -15, 516]
[1500, 1500, 988, 1499, 2011, 988, 988, 988, 1001, 1001, 1001, 1001, 1500, 1500, 1500, 1500]
[1500, 1499, 988, 1500, 2011, 988, 988, 988, 1001, 1001, 1001, 1001, 1500, 1500, 1500, 1500]
15:37:53.742960 ALT: 0.0
15:37:53.743055 ATT: [-1.8, 1.8, 22]
15:37:53.743380 ACC: [-14, -15, 516]
[1500, 1500, 988, 1500, 2011, 988, 988, 988, 1001, 1001, 1001, 1001, 1500, 1500, 1500, 1500]
[1500, 1500, 988, 1500, 2011, 988, 988, 989, 1001, 1001, 1001, 1001, 1500, 1500, 1500, 1500]
[1500, 1500, 988, 1500, 2011, 988, 988, 988, 1001, 1001, 1001, 1001, 1500, 1500, 1500, 1500]
15:37:53.790930 ALT: 0.0
15:37:53.791039 ATT: [-1.8, 1.8, 22]
15:37:53.791379 ACC: [-14, -15, 516]
[1500, 1500, 988, 1499, 2012, 988, 988, 988, 1001, 1001, 1001, 1001, 1500, 1500, 1500, 1500]
[1500, 1500, 988, 1500, 2011, 988, 988, 988, 1001, 1001, 1001, 1001, 1500, 1500, 1500, 1500]
15:37:53.839323 ALT: 0.0
15:37:53.839474 ATT: [-1.8, 1.8, 22]
15:37:53.840528 ACC: [-14, -15, 516]
[1500, 1500, 988, 1500, 2011, 988, 988, 988, 1001, 1001, 1001, 1001, 1500, 1500, 1500, 1500]
[1500, 1500, 988, 1500, 2011, 988, 988, 988, 1001, 1001, 1001, 1001, 1500, 1500, 1500, 1500]
[1500, 1500, 988, 1500, 2011, 988, 988, 988, 1001, 1001, 1001, 1001, 1500, 1500, 1500, 1500]
15:37:53.886978 ALT: 0.0
15:37:53.890231 ATT: [-1.8, 1.8, 22]
15:37:53.890975 ACC: [-14, -15, 515]
[1500, 1500, 988, 1500, 2011, 991, 986, 988, 1001, 1001, 1001, 1001, 1500, 1500, 1500, 1500]
[1500, 1500, 988, 1500, 2011, 988, 988, 988, 1001, 1001, 1001, 1001, 1500, 1500, 1500, 1500]
[1500, 1500, 988, 1500, 2011, 988, 988, 989, 1001, 1001, 1001, 1001, 1500, 1500, 1500, 1500]
15:37:53.951603 ALT: 0.0
15:37:53.951845 ATT: [-1.8, 1.8, 22]
15:37:53.952873 ACC: [-14, -15, 515]
[1499, 1500, 988, 1500, 2011, 988, 988, 989, 1001, 1001, 1001, 1001, 1500, 1500, 1500, 1500]
[1499, 1500, 988, 1501, 2009, 988, 988, 988, 1001, 1001, 1001, 1001, 1500, 1500, 1500, 1500]
15:37:53.999523 ALT: 0.0
15:37:53.999784 ATT: [-1.8, 1.8, 22]
15:37:54.000814 ACC: [-14, -16, 515]
[1500, 1499, 988, 1499, 2012, 988, 989, 988, 1001, 1001, 1001, 1001, 1500, 1500, 1500, 1500]
[1499, 1500, 988, 1500, 2012, 986, 988, 988, 1001, 1001, 1001, 1001, 1500, 1500, 1500, 1500]
[1497, 1500, 988, 1500, 2011, 988, 988, 988, 1001, 1001, 1001, 1001, 1500, 1500, 1500, 1500]
15:37:54.047356 ALT: 0.0
15:37:54.047488 ATT: [-1.8, 1.8, 22]
15:37:54.047919 ACC: [-15, -15, 516]
[1500, 1499, 989, 1499, 2011, 988, 988, 988, 1001, 1001, 1001, 1001, 1500, 1500, 1500, 1500]
[1500, 1500, 988, 1500, 2011, 988, 988, 988, 1001, 1001, 1001, 1001, 1500, 1500, 1500, 1500]
15:37:54.095093 ALT: 0.0
15:37:54.095194 ATT: [-1.8, 1.8, 22]
15:37:54.095503 ACC: [-14, -15, 516]
[1499, 1500, 988, 1500, 2011, 988, 988, 988, 1001, 1001, 1001, 1001, 1500, 1500, 1500, 1500]
[1500, 1500, 988, 1499, 2011, 988, 988, 988, 1001, 1001, 1001, 1001, 1500, 1500, 1500, 1500]
15:37:54.143115 ALT: 0.0
15:37:54.143224 ATT: [-1.8, 1.8, 22]
15:37:54.143570 ACC: [-15, -15, 516]
[1497, 1500, 988, 1500, 2011, 988, 988, 988, 1001, 1001, 1001, 1001, 1500, 1500, 1500, 1500]
[1500, 1500, 988, 1500, 2011, 988, 988, 988, 1001, 1001, 1001, 1001, 1500, 1500, 1500, 1500]
[1500, 1500, 989, 1499, 2011, 988, 988, 989, 1001, 1001, 1001, 1001, 1500, 1500, 1500, 1500]
15:37:54.192319 ALT: 0.0
15:37:54.192511 ATT: [-1.8, 1.8, 22]
15:37:54.192858 ACC: [-14, -15, 516]
[1500, 1500, 988, 1500, 2011, 988, 988, 988, 1001, 1001, 1001, 1001, 1500, 1500, 1500, 1500]
[1500, 1499, 988, 1500, 2011, 988, 988, 988, 1001, 1001, 1001, 1001, 1500, 1500, 1500, 1500]
15:37:54.239898 ALT: 0.0
15:37:54.240650 ATT: [-1.8, 1.8, 22]
15:37:54.241116 ACC: [-14, -15, 515]
[1500, 1500, 988, 1501, 2009, 986, 986, 988, 1001, 1001, 1001, 1001, 1500, 1500, 1500, 1500]
[1500, 1500, 989, 1499, 2011, 988, 988, 988, 1001, 1001, 1001, 1001, 1500, 1500, 1500, 1500]
[1500, 1499, 988, 1500, 2011, 988, 988, 988, 1001, 1001, 1001, 1001, 1500, 1500, 1500, 1500]
15:37:54.287130 ALT: 0.0
15:37:54.287274 ATT: [-1.8, 1.8, 22]
15:37:54.287582 ACC: [-14, -15, 515]
[1500, 1500, 988, 1500, 2011, 988, 989, 986, 1001, 1001, 1001, 1001, 1500, 1500, 1500, 1500]
[1500, 1500, 988, 1499, 2011, 988, 988, 988, 1001, 1001, 1001, 1001, 1500, 1500, 1500, 1500]
15:37:54.335503 ALT: 0.0
15:37:54.335597 ATT: [-1.8, 1.8, 22]
15:37:54.335884 ACC: [-14, -15, 516]
[1500, 1500, 988, 1500, 2011, 988, 988, 988, 1001, 1001, 1001, 1001, 1500, 1500, 1500, 1500]
[1500, 1500, 988, 1499, 2011, 988, 988, 988, 1001, 1001, 1001, 1001, 1500, 1500, 1500, 1500]
15:37:54.383672 ALT: 0.0
15:37:54.383952 ATT: [-1.8, 1.8, 22]
15:37:54.384378 ACC: [-14, -16, 516]
[1500, 1499, 988, 1500, 2011, 988, 988, 988, 1001, 1001, 1001, 1001, 1500, 1500, 1500, 1500]
[1500, 1500, 988, 1499, 2011, 988, 988, 988, 1001, 1001, 1001, 1001, 1500, 1500, 1500, 1500]
[1500, 1500, 988, 1499, 2011, 988, 988, 988, 1001, 1001, 1001, 1001, 1500, 1500, 1500, 1500]
15:37:54.433099 ALT: 0.0
15:37:54.433202 ATT: [-1.8, 1.8, 22]
15:37:54.433500 ACC: [-14, -16, 515]
[1500, 1500, 988, 1500, 2011, 988, 988, 988, 1001, 1001, 1001, 1001, 1500, 1500, 1500, 1500]
[1500, 1500, 988, 1500, 2011, 988, 988, 988, 1001, 1001, 1001, 1001, 1500, 1500, 1500, 1500]
15:37:54.479630 ALT: 0.0
15:37:54.479829 ATT: [-1.8, 1.8, 22]
15:37:54.481683 ACC: [-14, -15, 515]
[1500, 1500, 988, 1500, 2011, 988, 988, 988, 1001, 1001, 1001, 1001, 1500, 1500, 1500, 1500]
[1500, 1499, 988, 1500, 2011, 988, 988, 988, 1001, 1001, 1001, 1001, 1500, 1500, 1500, 1500]
[1499, 1500, 988, 1500, 2011, 988, 988, 988, 1001, 1001, 1001, 1001, 1500, 1500, 1500, 1500]
15:37:54.527365 ALT: 0.0
15:37:54.527536 ATT: [-1.8, 1.8, 22]
15:37:54.527906 ACC: [-15, -15, 516]
[1500, 1500, 988, 1500, 2011, 988, 988, 988, 1001, 1001, 1001, 1001, 1500, 1500, 1500, 1500]
[1500, 1500, 988, 1500, 2011, 988, 988, 988, 1001, 1001, 1001, 1001, 1500, 1500, 1500, 1500]
15:37:54.575563 ALT: 0.0
15:37:54.575835 ATT: [-1.8, 1.8, 22]
15:37:54.576751 ACC: [-14, -15, 516]
[1499, 1500, 988, 1500, 2011, 988, 988, 988, 1001, 1001, 1001, 1001, 1500, 1500, 1500, 1500]
[1500, 1499, 988, 1500, 2011, 988, 989, 986, 1001, 1001, 1001, 1001, 1500, 1500, 1500, 1500]
15:37:54.623456 ALT: 0.0
15:37:54.623599 ATT: [-1.8, 1.8, 22]
15:37:54.624505 ACC: [-14, -15, 515]
[1499, 1500, 989, 1499, 2011, 988, 988, 988, 1001, 1001, 1001, 1001, 1500, 1500, 1500, 1500]
[1500, 1499, 988, 1500, 2011, 988, 988, 988, 1001, 1001, 1001, 1001, 1500, 1500, 1500, 1500]
[1500, 1500, 988, 1499, 2011, 988, 988, 988, 1001, 1001, 1001, 1001, 1500, 1500, 1500, 1500]
15:37:54.671321 ALT: 0.0
15:37:54.671419 ATT: [-1.8, 1.8, 22]
15:37:54.671707 ACC: [-14, -15, 516]
[1500, 1500, 986, 1500, 2011, 988, 988, 988, 1001, 1001, 1001, 1001, 1500, 1500, 1500, 1500]
[1500, 1500, 988, 1499, 2011, 988, 988, 988, 1001, 1001, 1001, 1001, 1500, 1500, 1500, 1500]
15:37:54.719766 ALT: 0.0
15:37:54.719868 ATT: [-1.8, 1.8, 22]
15:37:54.720209 ACC: [-15, -15, 515]
[1500, 1500, 988, 1500, 2011, 988, 988, 988, 1001, 1001, 1001, 1001, 1500, 1500, 1500, 1500]
[1500, 1500, 988, 1500, 2011, 989, 986, 988, 1001, 1001, 1001, 1001, 1500, 1500, 1500, 1500]
[1499, 1500, 988, 1500, 2011, 988, 988, 988, 1001, 1001, 1001, 1001, 1500, 1500, 1500, 1500]
15:37:54.768256 ALT: 0.0
15:37:54.768348 ATT: [-1.8, 1.8, 22]
15:37:54.768635 ACC: [-15, -15, 516]
[1499, 1500, 988, 1499, 2011, 988, 988, 988, 1001, 1001, 1001, 1001, 1500, 1500, 1500, 1500]
[1500, 1500, 988, 1500, 2011, 988, 988, 988, 1001, 1001, 1001, 1001, 1500, 1500, 1500, 1500]
15:37:54.816776 ALT: 0.0
15:37:54.816872 ATT: [-1.8, 1.8, 22]
15:37:54.817186 ACC: [-14, -15, 516]
[1500, 1500, 988, 1500, 2011, 988, 988, 988, 1001, 1001, 1001, 1001, 1500, 1500, 1500, 1500]
[1499, 1500, 988, 1500, 2011, 988, 988, 988, 1001, 1001, 1001, 1001, 1500, 1500, 1500, 1500]
[1500, 1499, 988, 1500, 2011, 988, 988, 988, 1001, 1001, 1001, 1001, 1500, 1500, 1500, 1500]
15:37:54.864877 ALT: 0.0
15:37:54.865015 ATT: [-1.9, 1.8, 22]
15:37:54.865495 ACC: [-15, -15, 515]
[1499, 1500, 988, 1499, 2011, 988, 988, 988, 1001, 1001, 1001, 1001, 1500, 1500, 1500, 1500]
[1500, 1500, 988, 1500, 2009, 988, 988, 988, 1001, 1001, 1001, 1001, 1500, 1500, 1500, 1500]
15:37:54.911392 ALT: 0.0
15:37:54.911481 ATT: [-1.9, 1.8, 22]
15:37:54.911772 ACC: [-14, -15, 516]
[1500, 1500, 988, 1500, 2011, 988, 988, 988, 1001, 1001, 1001, 1001, 1500, 1500, 1500, 1500]
[1500, 1500, 988, 1500, 2011, 988, 988, 988, 1001, 1001, 1001, 1001, 1500, 1500, 1500, 1500]
15:37:54.959442 ALT: 0.0
15:37:54.959552 ATT: [-1.9, 1.8, 22]
15:37:54.959893 ACC: [-14, -15, 516]
[1500, 1500, 988, 1500, 2011, 988, 988, 988, 1001, 1001, 1001, 1001, 1500, 1500, 1500, 1500]
[1500, 1500, 988, 1499, 2011, 988, 988, 988, 1001, 1001, 1001, 1001, 1500, 1500, 1500, 1500]
[1500, 1500, 988, 1499, 2011, 988, 988, 988, 1001, 1001, 1001, 1001, 1500, 1500, 1500, 1500]
15:37:55.007955 ALT: 0.0
15:37:55.008058 ATT: [-1.9, 1.8, 22]
15:37:55.008425 ACC: [-15, -15, 516]
[1500, 1500, 988, 1499, 2011, 988, 988, 988, 1001, 1001, 1001, 1001, 1500, 1500, 1500, 1500]
[1500, 1500, 988, 1500, 2011, 988, 988, 989, 1001, 1001, 1001, 1001, 1500, 1500, 1500, 1500]
15:37:55.057249 ALT: 0.0
15:37:55.057742 ATT: [-1.9, 1.8, 22]
15:37:55.058064 ACC: [-15, -15, 516]
[1500, 1500, 988, 1500, 2011, 989, 986, 988, 1001, 1001, 1001, 1001, 1500, 1500, 1500, 1500]
[1500, 1500, 988, 1500, 2011, 988, 988, 988, 1001, 1001, 1001, 1001, 1500, 1500, 1500, 1500]
[1500, 1499, 988, 1499, 2011, 988, 988, 988, 1001, 1001, 1001, 1001, 1500, 1500, 1500, 1500]
15:37:55.104091 ALT: 0.0
15:37:55.104174 ATT: [-1.9, 1.8, 22]
15:37:55.104756 ACC: [-14, -15, 515]
[1500, 1500, 988, 1500, 2011, 988, 988, 988, 1001, 1001, 1001, 1001, 1500, 1500, 1500, 1500]
[1500, 1499, 988, 1500, 2011, 988, 988, 988, 1001, 1001, 1001, 1001, 1500, 1500, 1500, 1500]
15:37:55.151811 ALT: 0.0
15:37:55.151912 ATT: [-1.9, 1.8, 22]
15:37:55.152255 ACC: [-15, -15, 516]
[1500, 1500, 988, 1500, 2011, 988, 988, 988, 1001, 1001, 1001, 1001, 1500, 1500, 1500, 1500]
[1500, 1500, 988, 1500, 2011, 988, 988, 988, 1001, 1001, 1001, 1001, 1500, 1500, 1500, 1500]
15:37:55.199797 ALT: 0.0
15:37:55.199890 ATT: [-1.9, 1.8, 22]
15:37:55.200260 ACC: [-14, -15, 516]
[1500, 1499, 988, 1500, 2011, 988, 988, 988, 1001, 1001, 1001, 1001, 1500, 1500, 1500, 1500]
[1500, 1500, 988, 1500, 2011, 988, 988, 988, 1001, 1001, 1001, 1001, 1500, 1500, 1500, 1500]
[1500, 1499, 988, 1499, 2011, 988, 988, 988, 1001, 1001, 1001, 1001, 1500, 1500, 1500, 1500]
15:37:55.247877 ALT: 0.0
15:37:55.247963 ATT: [-1.9, 1.8, 22]
15:37:55.248279 ACC: [-14, -15, 516]
[1500, 1499, 988, 1500, 2011, 988, 988, 988, 1001, 1001, 1001, 1001, 1500, 1500, 1500, 1500]
[1499, 1500, 988, 1500, 2011, 988, 988, 988, 1001, 1001, 1001, 1001, 1500, 1500, 1500, 1500]
15:37:55.300217 ALT: 0.0
15:37:55.300362 ATT: [-1.9, 1.8, 22]
15:37:55.301163 ACC: [-15, -15, 516]
[1500, 1500, 988, 1500, 2011, 988, 988, 988, 1001, 1001, 1001, 1001, 1500, 1500, 1500, 1500]
[1500, 1500, 988, 1500, 2011, 988, 988, 988, 1001, 1001, 1001, 1001, 1500, 1500, 1500, 1500]
15:37:55.343595 ALT: 0.0
15:37:55.343706 ATT: [-1.9, 1.8, 22]
15:37:55.344055 ACC: [-14, -15, 516]
[1500, 1500, 988, 1500, 2011, 988, 988, 988, 1001, 1001, 1001, 1001, 1500, 1500, 1500, 1500]
[1500, 1500, 988, 1500, 2011, 988, 988, 988, 1001, 1001, 1001, 1001, 1500, 1500, 1500, 1500]
[1500, 1500, 986, 1499, 2011, 988, 988, 988, 1001, 1001, 1001, 1001, 1500, 1500, 1500, 1500]
15:37:55.391897 ALT: 0.0
15:37:55.392045 ATT: [-1.9, 1.8, 22]
15:37:55.392505 ACC: [-15, -15, 516]
[1500, 1499, 988, 1500, 2011, 988, 988, 988, 1001, 1001, 1001, 1001, 1500, 1500, 1500, 1500]
[1500, 1500, 988, 1500, 2011, 988, 988, 988, 1001, 1001, 1001, 1001, 1500, 1500, 1500, 1500]
15:37:55.439764 ALT: 0.0
15:37:55.439873 ATT: [-1.9, 1.8, 22]
15:37:55.440153 ACC: [-15, -15, 516]
[1499, 1500, 988, 1500, 2011, 988, 988, 988, 1001, 1001, 1001, 1001, 1500, 1500, 1500, 1500]
[1500, 1500, 988, 1500, 2011, 988, 988, 991, 1001, 1001, 1001, 1001, 1500, 1500, 1500, 1500]
[1500, 1499, 988, 1499, 2011, 988, 988, 988, 1001, 1001, 1001, 1001, 1500, 1500, 1500, 1500]
15:37:55.488642 ALT: 0.0
15:37:55.488744 ATT: [-1.9, 1.8, 22]
15:37:55.495373 ACC: [-14, -15, 516]
[1500, 1500, 988, 1499, 2011, 988, 988, 988, 1001, 1001, 1001, 1001, 1500, 1500, 1500, 1500]
[1500, 1500, 988, 1500, 2011, 988, 988, 988, 1001, 1001, 1001, 1001, 1500, 1500, 1500, 1500]
15:37:55.535877 ALT: 0.0
15:37:55.536038 ATT: [-1.9, 1.9, 22]
15:37:55.536465 ACC: [-15, -15, 516]
[1500, 1500, 988, 1500, 2011, 988, 988, 988, 1001, 1001, 1001, 1001, 1500, 1500, 1500, 1500]
[1499, 1500, 988, 1500, 2011, 988, 988, 988, 1001, 1001, 1001, 1001, 1500, 1500, 1500, 1500]
[1499, 1500, 988, 1500, 2011, 988, 988, 988, 1001, 1001, 1001, 1001, 1500, 1500, 1500, 1500]
15:37:55.585419 ALT: 0.0
15:37:55.585558 ATT: [-1.9, 1.9, 22]
15:37:55.585849 ACC: [-15, -14, 516]
[1500, 1500, 988, 1499, 2011, 988, 988, 988, 1001, 1001, 1001, 1001, 1500, 1500, 1500, 1500]
[1500, 1499, 988, 1500, 2011, 988, 988, 988, 1001, 1001, 1001, 1001, 1500, 1500, 1500, 1500]
15:37:55.632100 ALT: 0.0
15:37:55.632323 ATT: [-1.9, 1.9, 22]
15:37:55.632784 ACC: [-14, -15, 516]
[1500, 1500, 988, 1500, 2011, 988, 988, 988, 1001, 1001, 1001, 1001, 1500, 1500, 1500, 1500]
[1500, 1500, 988, 1500, 2011, 989, 986, 988, 1001, 1001, 1001, 1001, 1500, 1500, 1500, 1500]
15:37:55.679819 ALT: 0.0
15:37:55.679924 ATT: [-1.9, 1.9, 22]
15:37:55.680405 ACC: [-14, -15, 516]
[1500, 1500, 988, 1500, 2011, 988, 988, 988, 1001, 1001, 1001, 1001, 1500, 1500, 1500, 1500]
[1500, 1499, 988, 1500, 2011, 988, 988, 988, 1001, 1001, 1001, 1001, 1500, 1500, 1500, 1500]
[1500, 1500, 988, 1500, 2011, 988, 988, 988, 1001, 1001, 1001, 1001, 1500, 1500, 1500, 1500]
15:37:55.727888 ALT: 0.0
15:37:55.728007 ATT: [-1.9, 1.9, 22]
15:37:55.728474 ACC: [-14, -16, 515]
[1500, 1500, 988, 1500, 2011, 988, 988, 988, 1001, 1001, 1001, 1001, 1500, 1500, 1500, 1500]
[1500, 1500, 988, 1499, 2011, 988, 988, 988, 1001, 1001, 1001, 1001, 1500, 1500, 1500, 1500]
15:37:55.777227 ALT: 0.0
15:37:55.777351 ATT: [-1.9, 1.9, 22]
15:37:55.777751 ACC: [-14, -15, 517]
[1499, 1500, 988, 1500, 2011, 988, 988, 988, 1001, 1001, 1001, 1001, 1500, 1500, 1500, 1500]
[1500, 1500, 988, 1499, 2011, 988, 988, 988, 1001, 1001, 1001, 1001, 1500, 1500, 1500, 1500]
[1500, 1500, 988, 1500, 2011, 988, 988, 988, 1001, 1001, 1001, 1001, 1500, 1500, 1500, 1500]
15:37:55.825847 ALT: 0.0
15:37:55.825945 ATT: [-1.9, 1.9, 22]
15:37:55.826219 ACC: [-14, -15, 515]
[1500, 1499, 988, 1501, 2009, 988, 988, 988, 1001, 1001, 1001, 1001, 1500, 1500, 1500, 1500]
[1500, 1499, 988, 1500, 2011, 988, 988, 988, 1001, 1001, 1001, 1001, 1500, 1500, 1500, 1500]
15:37:55.871747 ALT: 0.0
15:37:55.871866 ATT: [-1.9, 1.9, 22]
15:37:55.872182 ACC: [-14, -15, 515]
[1499, 1500, 988, 1500, 2011, 988, 988, 988, 1001, 1001, 1001, 1001, 1500, 1500, 1500, 1500]
[1499, 1500, 988, 1500, 2011, 988, 988, 988, 1001, 1001, 1001, 1001, 1500, 1500, 1500, 1500]
15:37:55.919829 ALT: 0.0
15:37:55.919922 ATT: [-1.9, 1.9, 22]
15:37:55.920225 ACC: [-15, -15, 516]
[1500, 1500, 988, 1500, 2011, 988, 988, 988, 1001, 1001, 1001, 1001, 1500, 1500, 1500, 1500]
[1499, 1500, 988, 1500, 2011, 988, 988, 989, 1001, 1001, 1001, 1001, 1500, 1500, 1500, 1500]
[1500, 1500, 988, 1500, 2011, 988, 988, 989, 1001, 1001, 1001, 1001, 1500, 1500, 1500, 1500]
15:37:55.983832 ALT: 0.0
15:37:55.983942 ATT: [-1.9, 1.9, 22]
15:37:55.984486 ACC: [-15, -14, 515]
[1500, 1499, 988, 1499, 2011, 988, 988, 988, 1001, 1001, 1001, 1001, 1500, 1500, 1500, 1500]
[1500, 1500, 988, 1499, 2011, 988, 988, 988, 1001, 1001, 1001, 1001, 1500, 1500, 1500, 1500]
[1500, 1500, 988, 1500, 2011, 988, 988, 988, 1001, 1001, 1001, 1001, 1500, 1500, 1500, 1500]
15:37:56.031850 ALT: 0.0
15:37:56.031940 ATT: [-1.9, 1.9, 22]
15:37:56.032213 ACC: [-15, -15, 516]
[1500, 1499, 988, 1500, 2011, 988, 988, 988, 1001, 1001, 1001, 1001, 1500, 1500, 1500, 1500]
[1500, 1500, 988, 1500, 2011, 988, 988, 988, 1001, 1001, 1001, 1001, 1500, 1500, 1500, 1500]
15:37:56.079852 ALT: 0.0
15:37:56.079951 ATT: [-1.9, 1.9, 22]
15:37:56.080262 ACC: [-14, -15, 515]
[1500, 1500, 988, 1500, 2011, 988, 988, 988, 1001, 1001, 1001, 1001, 1500, 1500, 1500, 1500]
[1500, 1500, 988, 1500, 2011, 988, 988, 988, 1001, 1001, 1001, 1001, 1500, 1500, 1500, 1500]
[1500, 1500, 988, 1500, 2011, 988, 988, 988, 1001, 1001, 1001, 1001, 1500, 1500, 1500, 1500]
15:37:56.127958 ALT: 0.0
15:37:56.128054 ATT: [-1.9, 1.9, 22]
15:37:56.128337 ACC: [-14, -15, 515]
[1500, 1500, 988, 1500, 2011, 988, 988, 988, 1001, 1001, 1001, 1001, 1500, 1500, 1500, 1500]
[1499, 1500, 988, 1500, 2011, 988, 988, 988, 1001, 1001, 1001, 1001, 1500, 1500, 1500, 1500]
15:37:56.176883 ALT: 0.0
15:37:56.176983 ATT: [-1.9, 1.9, 22]
15:37:56.177276 ACC: [-15, -15, 516]
[1500, 1500, 988, 1499, 2011, 988, 988, 988, 1001, 1001, 1001, 1001, 1500, 1500, 1500, 1500]
[1500, 1500, 988, 1500, 2009, 988, 988, 988, 1001, 1001, 1001, 1001, 1500, 1500, 1500, 1500]
15:37:56.224006 ALT: 0.0
15:37:56.224132 ATT: [-1.9, 1.9, 22]
15:37:56.224535 ACC: [-14, -15, 515]
[1500, 1499, 988, 1500, 2011, 988, 988, 988, 1001, 1001, 1001, 1001, 1500, 1500, 1500, 1500]
[1499, 1500, 988, 1500, 2011, 988, 988, 988, 1001, 1001, 1001, 1001, 1500, 1500, 1500, 1500]
[1500, 1499, 988, 1500, 2011, 988, 988, 988, 1001, 1001, 1001, 1001, 1500, 1500, 1500, 1500]
15:37:56.271982 ALT: 0.0
15:37:56.272081 ATT: [-1.9, 1.9, 22]
15:37:56.272364 ACC: [-14, -14, 516]
[1500, 1500, 988, 1500, 2011, 988, 988, 988, 1001, 1001, 1001, 1001, 1500, 1500, 1500, 1500]
[1500, 1500, 988, 1500, 2011, 988, 988, 988, 1001, 1001, 1001, 1001, 1500, 1500, 1500, 1500]
15:37:56.319929 ALT: 0.0
15:37:56.320029 ATT: [-1.9, 1.9, 22]
15:37:56.320297 ACC: [-14, -15, 516]
[1500, 1499, 988, 1500, 2011, 988, 988, 988, 1001, 1001, 1001, 1001, 1500, 1500, 1500, 1500]
[1500, 1500, 988, 1500, 2009, 988, 988, 988, 1001, 1001, 1001, 1001, 1500, 1500, 1500, 1500]
[1500, 1500, 988, 1499, 2011, 988, 988, 988, 1001, 1001, 1001, 1001, 1500, 1500, 1500, 1500]
15:37:56.368709 ALT: 0.0
15:37:56.368799 ATT: [-1.9, 1.9, 22]
15:37:56.369092 ACC: [-14, -15, 515]
[1500, 1500, 988, 1500, 2011, 988, 988, 988, 1001, 1001, 1001, 1001, 1500, 1500, 1500, 1500]
[1500, 1499, 988, 1500, 2009, 988, 988, 988, 1001, 1001, 1001, 1001, 1500, 1500, 1500, 1500]
15:37:56.416038 ALT: 0.0
15:37:56.416134 ATT: [-1.9, 1.9, 22]
15:37:56.416460 ACC: [-14, -16, 515]
[1500, 1500, 988, 1500, 2011, 988, 988, 988, 1001, 1001, 1001, 1001, 1500, 1500, 1500, 1500]
[1500, 1500, 988, 1499, 2011, 988, 988, 988, 1001, 1001, 1001, 1001, 1500, 1500, 1500, 1500]
15:37:56.464911 ALT: 0.0
15:37:56.465045 ATT: [-1.9, 1.9, 22]
[1500, 1500, 988, 1500, 2011, 988, 988, 988, 1001, 1001, 1001, 1001, 1500, 1500, 1500, 1500]
15:37:56.465958 ACC: [-14, -15, 516]
[1500, 1500, 988, 1500, 2011, 988, 988, 988, 1001, 1001, 1001, 1001, 1500, 1500, 1500, 1500]
[1500, 1500, 988, 1500, 2011, 988, 988, 988, 1001, 1001, 1001, 1001, 1500, 1500, 1500, 1500]
15:37:56.512152 ALT: 0.0
15:37:56.512264 ATT: [-1.9, 1.9, 22]
15:37:56.512722 ACC: [-15, -15, 516]
[1500, 1500, 988, 1500, 2011, 988, 988, 988, 1001, 1001, 1001, 1001, 1500, 1500, 1500, 1500]
[1499, 1500, 988, 1500, 2011, 988, 988, 988, 1001, 1001, 1001, 1001, 1500, 1500, 1500, 1500]
15:37:56.560075 ALT: 0.0
15:37:56.560172 ATT: [-1.9, 1.9, 22]
15:37:56.560536 ACC: [-15, -15, 516]
[1499, 1500, 986, 1500, 2011, 988, 988, 988, 1001, 1001, 1001, 1001, 1500, 1500, 1500, 1500]
[1499, 1500, 988, 1499, 2011, 988, 988, 988, 1001, 1001, 1001, 1001, 1500, 1500, 1500, 1500]
[1500, 1500, 988, 1500, 2011, 988, 988, 988, 1001, 1001, 1001, 1001, 1500, 1500, 1500, 1500]
15:37:56.610073 ALT: 0.0
15:37:56.610603 ATT: [-1.9, 1.9, 22]
15:37:56.611485 ACC: [-15, -15, 515]
[1500, 1500, 988, 1500, 2011, 988, 988, 988, 1001, 1001, 1001, 1001, 1500, 1500, 1500, 1500]
[1500, 1500, 988, 1500, 2011, 988, 988, 988, 1001, 1001, 1001, 1001, 1500, 1500, 1500, 1500]
15:37:56.656167 ALT: 0.0
15:37:56.656313 ATT: [-1.9, 1.9, 22]
15:37:56.656872 ACC: [-15, -15, 515]
[1500, 1500, 988, 1500, 2011, 988, 988, 988, 1001, 1001, 1001, 1001, 1500, 1500, 1500, 1500]
[1500, 1500, 988, 1500, 2011, 988, 988, 988, 1001, 1001, 1001, 1001, 1500, 1500, 1500, 1500]
[1500, 1499, 988, 1500, 2011, 988, 988, 988, 1001, 1001, 1001, 1001, 1500, 1500, 1500, 1500]
15:37:56.704514 ALT: 0.0
15:37:56.704600 ATT: [-1.9, 1.9, 22]
15:37:56.704895 ACC: [-15, -15, 515]
[1500, 1500, 988, 1499, 2011, 988, 988, 988, 1001, 1001, 1001, 1001, 1500, 1500, 1500, 1500]
[1499, 1500, 988, 1500, 2011, 988, 988, 988, 1001, 1001, 1001, 1001, 1500, 1500, 1500, 1500]
15:37:56.752809 ALT: 0.0
15:37:56.752910 ATT: [-1.9, 1.9, 22]
15:37:56.753222 ACC: [-14, -15, 516]
[1499, 1500, 988, 1500, 2011, 988, 988, 988, 1001, 1001, 1001, 1001, 1500, 1500, 1500, 1500]
[1500, 1500, 988, 1499, 2011, 988, 988, 988, 1001, 1001, 1001, 1001, 1500, 1500, 1500, 1500]
15:37:56.800261 ALT: 0.0
15:37:56.800364 ATT: [-1.9, 1.9, 22]
15:37:56.802070 ACC: [-14, -15, 516]
[1499, 1500, 988, 1500, 2011, 988, 988, 988, 1001, 1001, 1001, 1001, 1500, 1500, 1500, 1500]
[1499, 1500, 988, 1499, 2011, 988, 988, 988, 1001, 1001, 1001, 1001, 1500, 1500, 1500, 1500]
[1500, 1500, 988, 1500, 2011, 988, 988, 988, 1001, 1001, 1001, 1001, 1500, 1500, 1500, 1500]
15:37:56.848879 ALT: 0.0
15:37:56.849315 ATT: [-1.9, 1.9, 22]
15:37:56.849776 ACC: [-15, -15, 515]
[1500, 1500, 988, 1500, 2011, 988, 988, 988, 1001, 1001, 1001, 1001, 1500, 1500, 1500, 1500]
[1500, 1500, 988, 1500, 2011, 988, 988, 988, 1001, 1001, 1001, 1001, 1500, 1500, 1500, 1500]
15:37:56.896647 ALT: 0.0
15:37:56.896753 ATT: [-1.9, 1.9, 22]
15:37:56.897168 ACC: [-15, -15, 515]
[1500, 1500, 988, 1500, 2011, 988, 988, 988, 1001, 1001, 1001, 1001, 1500, 1500, 1500, 1500]
[1500, 1500, 988, 1500, 2011, 988, 988, 988, 1001, 1001, 1001, 1001, 1500, 1500, 1500, 1500]
15:37:56.944413 ALT: 0.0
15:37:56.944510 ATT: [-1.9, 1.9, 22]
15:37:56.945202 ACC: [-14, -15, 515]
[1499, 1499, 988, 1500, 2011, 988, 988, 988, 1001, 1001, 1001, 1001, 1500, 1500, 1500, 1500]
[1500, 1500, 988, 1499, 2011, 988, 988, 988, 1001, 1001, 1001, 1001, 1500, 1500, 1500, 1500]
[1500, 1500, 988, 1500, 2011, 988, 988, 988, 1001, 1001, 1001, 1001, 1500, 1500, 1500, 1500]
15:37:56.992358 ALT: 0.0
15:37:56.992496 ATT: [-1.9, 1.9, 22]
15:37:56.993783 ACC: [-14, -14, 516]
[1500, 1500, 988, 1500, 2009, 988, 988, 988, 1001, 1001, 1001, 1001, 1500, 1500, 1500, 1500]
[1500, 1499, 988, 1500, 2011, 988, 988, 988, 1001, 1001, 1001, 1001, 1500, 1500, 1500, 1500]
15:37:57.040222 ALT: 0.0
15:37:57.040307 ATT: [-1.9, 1.9, 22]
15:37:57.040640 ACC: [-15, -15, 515]
[1500, 1497, 988, 1500, 2011, 988, 988, 988, 1001, 1001, 1001, 1001, 1500, 1500, 1500, 1500]
[1499, 1500, 988, 1500, 2011, 988, 989, 986, 1001, 1001, 1001, 1001, 1500, 1500, 1500, 1500]
[1500, 1500, 988, 1500, 2009, 988, 988, 988, 1001, 1001, 1001, 1001, 1500, 1500, 1500, 1500]
15:37:57.088280 ALT: 0.0
15:37:57.088654 ATT: [-1.9, 1.9, 22]
15:37:57.089002 ACC: [-15, -15, 516]
[1500, 1500, 988, 1500, 2011, 988, 988, 988, 1001, 1001, 1001, 1001, 1500, 1500, 1500, 1500]
[1500, 1500, 988, 1500, 2011, 988, 988, 988, 1001, 1001, 1001, 1001, 1500, 1500, 1500, 1500]
15:37:57.136316 ALT: 0.0
15:37:57.136404 ATT: [-1.9, 1.9, 22]
15:37:57.136671 ACC: [-14, -15, 516]
[1499, 1500, 988, 1500, 2011, 988, 988, 988, 1001, 1001, 1001, 1001, 1500, 1500, 1500, 1500]
[1499, 1500, 988, 1500, 2011, 988, 988, 988, 1001, 1001, 1001, 1001, 1500, 1500, 1500, 1500]
[1499, 1500, 988, 1500, 2011, 988, 988, 988, 1001, 1001, 1001, 1001, 1500, 1500, 1500, 1500]
15:37:57.184980 ALT: 0.0
15:37:57.185105 ATT: [-1.9, 1.9, 22]
15:37:57.185450 ACC: [-15, -15, 515]
[1500, 1500, 988, 1500, 2011, 989, 986, 988, 1001, 1001, 1001, 1001, 1500, 1500, 1500, 1500]
[1500, 1500, 988, 1500, 2011, 988, 988, 989, 1001, 1001, 1001, 1001, 1500, 1500, 1500, 1500]
15:37:57.232441 ALT: 0.0
15:37:57.232569 ATT: [-1.9, 1.9, 22]
15:37:57.232973 ACC: [-14, -15, 515]
[1500, 1499, 988, 1500, 2011, 988, 988, 988, 1001, 1001, 1001, 1001, 1500, 1500, 1500, 1500]
[1500, 1500, 988, 1500, 2011, 988, 988, 989, 1001, 1001, 1001, 1001, 1500, 1500, 1500, 1500]
15:37:57.280836 ALT: 0.0
15:37:57.280929 ATT: [-1.9, 1.9, 22]
15:37:57.281274 ACC: [-14, -15, 515]
[1500, 1500, 988, 1500, 2011, 988, 988, 988, 1001, 1001, 1001, 1001, 1500, 1500, 1500, 1500]
[1500, 1500, 988, 1501, 2009, 988, 988, 988, 1001, 1001, 1001, 1001, 1500, 1500, 1500, 1500]
[1500, 1500, 988, 1499, 2011, 988, 988, 988, 1001, 1001, 1001, 1001, 1500, 1500, 1500, 1500]
15:37:57.328408 ALT: 0.0
15:37:57.328497 ATT: [-1.9, 1.9, 22]
15:37:57.328774 ACC: [-14, -15, 515]
[1499, 1500, 988, 1500, 2011, 988, 988, 988, 1001, 1001, 1001, 1001, 1500, 1500, 1500, 1500]
[1500, 1500, 988, 1500, 2011, 988, 988, 988, 1001, 1001, 1001, 1001, 1500, 1500, 1500, 1500]
15:37:57.376866 ALT: 0.0
15:37:57.376953 ATT: [-1.9, 1.9, 22]
15:37:57.377204 ACC: [-14, -15, 516]
[1499, 1500, 988, 1499, 2011, 988, 988, 988, 1001, 1001, 1001, 1001, 1500, 1500, 1500, 1500]
[1500, 1500, 988, 1500, 2011, 988, 988, 988, 1001, 1001, 1001, 1001, 1500, 1500, 1500, 1500]
[1499, 1500, 988, 1500, 2011, 988, 988, 988, 1001, 1001, 1001, 1001, 1500, 1500, 1500, 1500]
15:37:57.424983 ALT: 0.0
15:37:57.425086 ATT: [-1.9, 1.9, 22]
15:37:57.425679 ACC: [-14, -15, 516]
[1500, 1500, 988, 1500, 2011, 988, 988, 988, 1001, 1001, 1001, 1001, 1500, 1500, 1500, 1500]
[1500, 1500, 988, 1500, 2011, 988, 988, 988, 1001, 1001, 1001, 1001, 1500, 1500, 1500, 1500]
15:37:57.472400 ALT: 0.0
15:37:57.472494 ATT: [-2.0, 1.9, 22]
15:37:57.472747 ACC: [-15, -15, 515]
[1500, 1499, 988, 1500, 2011, 988, 988, 988, 1001, 1001, 1001, 1001, 1500, 1500, 1500, 1500]
[1500, 1499, 988, 1500, 2011, 988, 988, 988, 1001, 1001, 1001, 1001, 1500, 1500, 1500, 1500]
15:37:57.521017 ALT: 0.0
15:37:57.521110 ATT: [-2.0, 1.9, 22]
15:37:57.521492 ACC: [-15, -15, 515]
[1499, 1500, 988, 1500, 2011, 988, 988, 988, 1001, 1001, 1001, 1001, 1500, 1500, 1500, 1500]
[1500, 1499, 988, 1500, 2011, 988, 988, 988, 1001, 1001, 1001, 1001, 1500, 1500, 1500, 1500]
[1500, 1500, 988, 1499, 2011, 988, 988, 988, 1001, 1001, 1001, 1001, 1500, 1500, 1500, 1500]
15:37:57.568807 ALT: 0.0
15:37:57.568908 ATT: [-2.0, 1.9, 22]
15:37:57.569255 ACC: [-14, -15, 515]
[1500, 1500, 988, 1500, 2011, 988, 988, 988, 1001, 1001, 1001, 1001, 1500, 1500, 1500, 1500]
[1500, 1500, 988, 1500, 2011, 988, 988, 988, 1001, 1001, 1001, 1001, 1500, 1500, 1500, 1500]
15:37:57.617067 ALT: 0.0
15:37:57.617160 ATT: [-2.0, 1.9, 22]
15:37:57.617450 ACC: [-15, -15, 516]
[1500, 1500, 988, 1500, 2011, 988, 988, 988, 1001, 1001, 1001, 1001, 1500, 1500, 1500, 1500]
[1499, 1500, 988, 1500, 2011, 988, 988, 988, 1001, 1001, 1001, 1001, 1500, 1500, 1500, 1500]
[1499, 1500, 988, 1501, 2009, 988, 989, 986, 1001, 1001, 1001, 1001, 1500, 1500, 1500, 1500]
15:37:57.665330 ALT: 0.0
15:37:57.665427 ATT: [-2.0, 1.9, 22]
15:37:57.665908 ACC: [-15, -15, 516]
[1500, 1500, 988, 1500, 2011, 988, 988, 988, 1001, 1001, 1001, 1001, 1500, 1500, 1500, 1500]
[1500, 1500, 988, 1500, 2011, 988, 988, 988, 1001, 1001, 1001, 1001, 1500, 1500, 1500, 1500]
15:37:57.712631 ALT: 0.0
15:37:57.713018 ATT: [-2.0, 1.9, 22]
15:37:57.713537 ACC: [-14, -16, 514]
[1500, 1500, 988, 1500, 2011, 988, 988, 988, 1001, 1001, 1001, 1001, 1500, 1500, 1500, 1500]
[1500, 1499, 988, 1500, 2011, 988, 988, 989, 1001, 1001, 1001, 1001, 1500, 1500, 1500, 1500]
15:37:57.760914 ALT: 0.0
15:37:57.761021 ATT: [-2.0, 1.9, 22]
15:37:57.761327 ACC: [-15, -16, 516]
[1500, 1500, 988, 1500, 2011, 988, 988, 988, 1001, 1001, 1001, 1001, 1500, 1500, 1500, 1500]
[1500, 1500, 988, 1500, 2011, 988, 988, 988, 1001, 1001, 1001, 1001, 1500, 1500, 1500, 1500]
[1500, 1500, 988, 1500, 2011, 989, 988, 988, 1001, 1001, 1001, 1001, 1500, 1500, 1500, 1500]
15:37:57.808949 ALT: 0.0
15:37:57.809060 ATT: [-2.0, 1.9, 22]
15:37:57.809460 ACC: [-14, -15, 515]
[1500, 1500, 988, 1500, 2011, 988, 988, 988, 1001, 1001, 1001, 1001, 1500, 1500, 1500, 1500]
[1500, 1500, 988, 1500, 2011, 988, 988, 988, 1001, 1001, 1001, 1001, 1500, 1500, 1500, 1500]
15:37:57.856891 ALT: 0.0
15:37:57.856980 ATT: [-2.0, 1.9, 22]
15:37:57.857244 ACC: [-13, -15, 514]
[1500, 1500, 988, 1500, 2011, 988, 988, 988, 1001, 1001, 1001, 1001, 1500, 1500, 1500, 1500]
[1500, 1500, 988, 1499, 2011, 988, 988, 988, 1001, 1001, 1001, 1001, 1500, 1500, 1500, 1500]
[1499, 1499, 988, 1500, 2011, 988, 986, 988, 1001, 1001, 1001, 1001, 1500, 1500, 1500, 1500]
15:37:57.904973 ALT: 0.0
15:37:57.905052 ATT: [-2.0, 1.9, 22]
15:37:57.905270 ACC: [-15, -15, 516]
[1500, 1500, 988, 1499, 2011, 988, 988, 988, 1001, 1001, 1001, 1001, 1500, 1500, 1500, 1500]
[1500, 1499, 988, 1500, 2011, 986, 988, 988, 1001, 1001, 1001, 1001, 1500, 1500, 1500, 1500]
15:37:57.952654 ALT: 0.0
15:37:57.952752 ATT: [-2.0, 1.9, 22]
15:37:57.953055 ACC: [-15, -15, 516]
[1500, 1500, 988, 1500, 2011, 988, 989, 986, 1001, 1001, 1001, 1001, 1500, 1500, 1500, 1500]
[1499, 1500, 988, 1500, 2011, 988, 988, 988, 1001, 1001, 1001, 1001, 1500, 1500, 1500, 1500]
15:37:58.001060 ALT: 0.0
15:37:58.001160 ATT: [-2.0, 1.9, 22]
15:37:58.001475 ACC: [-15, -15, 516]
[1500, 1499, 988, 1500, 2011, 988, 988, 988, 1001, 1001, 1001, 1001, 1500, 1500, 1500, 1500]
[1500, 1500, 988, 1499, 2011, 988, 988, 988, 1001, 1001, 1001, 1001, 1500, 1500, 1500, 1500]
[1500, 1499, 988, 1500, 2011, 988, 988, 988, 1001, 1001, 1001, 1001, 1500, 1500, 1500, 1500]
[1500, 1500, 988, 1500, 2011, 988, 988, 988, 1001, 1001, 1001, 1001, 1500, 1500, 1500, 1500]
15:37:58.065542 ALT: 0.0
15:37:58.065902 ATT: [-2.0, 1.9, 22]
15:37:58.067051 ACC: [-14, -15, 516]
[1500, 1500, 988, 1499, 2011, 988, 988, 988, 1001, 1001, 1001, 1001, 1500, 1500, 1500, 1500]
[1500, 1500, 988, 1499, 2011, 988, 988, 988, 1001, 1001, 1001, 1001, 1500, 1500, 1500, 1500]
15:37:58.113930 ALT: 0.0
15:37:58.114146 ATT: [-2.0, 1.9, 22]
15:37:58.114505 ACC: [-14, -16, 515]
[1500, 1500, 988, 1500, 2011, 988, 988, 988, 1001, 1001, 1001, 1001, 1500, 1500, 1500, 1500]
[1499, 1499, 988, 1500, 2011, 988, 988, 988, 1001, 1001, 1001, 1001, 1500, 1500, 1500, 1500]
15:37:58.160746 ALT: 0.0
15:37:58.160846 ATT: [-2.0, 1.9, 22]
15:37:58.161156 ACC: [-15, -15, 517]
[1500, 1500, 988, 1500, 2011, 988, 988, 988, 1001, 1001, 1001, 1001, 1500, 1500, 1500, 1500]
[1500, 1500, 988, 1500, 2011, 988, 988, 988, 1001, 1001, 1001, 1001, 1500, 1500, 1500, 1500]
[1499, 1500, 988, 1500, 2009, 988, 988, 988, 1001, 1001, 1001, 1001, 1500, 1500, 1500, 1500]
15:37:58.209883 ALT: 0.0
15:37:58.210498 ATT: [-2.0, 1.9, 22]
15:37:58.211019 ACC: [-14, -16, 514]
[1500, 1500, 988, 1500, 2011, 988, 988, 988, 1001, 1001, 1001, 1001, 1500, 1500, 1500, 1500]
[1499, 1500, 988, 1499, 2011, 988, 988, 988, 1001, 1001, 1001, 1001, 1500, 1500, 1500, 1500]
15:37:58.257305 ALT: 0.0
15:37:58.257407 ATT: [-2.0, 1.9, 22]
15:37:58.257699 ACC: [-14, -15, 515]
[1500, 1500, 988, 1500, 2011, 988, 988, 988, 1001, 1001, 1001, 1001, 1500, 1500, 1500, 1500]
[1500, 1500, 988, 1500, 2011, 988, 988, 988, 1001, 1001, 1001, 1001, 1500, 1500, 1500, 1500]
[1500, 1500, 988, 1500, 2011, 988, 988, 988, 1001, 1001, 1001, 1001, 1500, 1500, 1500, 1500]
15:37:58.305075 ALT: 0.0
15:37:58.305186 ATT: [-2.0, 1.9, 22]
15:37:58.305870 ACC: [-15, -14, 516]
[1500, 1500, 988, 1499, 2011, 988, 988, 988, 1001, 1001, 1001, 1001, 1500, 1500, 1500, 1500]
[1499, 1500, 988, 1500, 2011, 988, 988, 988, 1001, 1001, 1001, 1001, 1500, 1500, 1500, 1500]
15:37:58.352776 ALT: 0.0
15:37:58.352862 ATT: [-2.0, 1.9, 22]
15:37:58.353196 ACC: [-14, -15, 515]
[1500, 1500, 988, 1500, 2011, 988, 988, 988, 1001, 1001, 1001, 1001, 1500, 1500, 1500, 1500]
[1500, 1499, 988, 1500, 2011, 988, 988, 988, 1001, 1001, 1001, 1001, 1500, 1500, 1500, 1500]
15:37:58.401575 ALT: 0.0
15:37:58.401663 ATT: [-2.0, 1.9, 22]
15:37:58.401937 ACC: [-15, -15, 517]
[1500, 1499, 988, 1500, 2011, 988, 988, 986, 1001, 1001, 1001, 1001, 1500, 1500, 1500, 1500]
[1500, 1500, 988, 1500, 2011, 988, 988, 988, 1001, 1001, 1001, 1001, 1500, 1500, 1500, 1500]
[1500, 1500, 988, 1500, 2011, 988, 988, 988, 1001, 1001, 1001, 1001, 1500, 1500, 1500, 1500]
15:37:58.449258 ALT: 0.0
15:37:58.449553 ATT: [-2.0, 1.9, 22]
15:37:58.450385 ACC: [-14, -14, 516]
[1500, 1500, 988, 1500, 2011, 988, 988, 988, 1001, 1001, 1001, 1001, 1500, 1500, 1500, 1500]
[1500, 1500, 988, 1500, 2011, 988, 988, 988, 1001, 1001, 1001, 1001, 1500, 1500, 1500, 1500]
15:37:58.497364 ALT: 0.0
15:37:58.497605 ATT: [-2.0, 1.9, 22]
15:37:58.498601 ACC: [-14, -15, 515]
[1500, 1499, 988, 1500, 2011, 988, 988, 988, 1001, 1001, 1001, 1001, 1500, 1500, 1500, 1500]
[1500, 1500, 988, 1500, 2011, 988, 988, 988, 1001, 1001, 1001, 1001, 1500, 1500, 1500, 1500]
[1500, 1500, 988, 1500, 2011, 986, 988, 988, 1001, 1001, 1001, 1001, 1500, 1500, 1500, 1500]
15:37:58.546363 ALT: 0.0
15:37:58.546497 ATT: [-2.0, 1.9, 22]
15:37:58.547091 ACC: [-13, -15, 515]
[1500, 1500, 988, 1500, 2011, 988, 988, 988, 1001, 1001, 1001, 1001, 1500, 1500, 1500, 1500]
[1499, 1500, 988, 1500, 2011, 988, 988, 988, 1001, 1001, 1001, 1001, 1500, 1500, 1500, 1500]
15:37:58.592796 ALT: 0.0
15:37:58.592885 ATT: [-2.0, 1.9, 22]
15:37:58.593368 ACC: [-14, -15, 515]
[1500, 1500, 988, 1500, 2012, 986, 988, 988, 1001, 1001, 1001, 1001, 1500, 1500, 1500, 1500]
[1499, 1500, 988, 1500, 2011, 988, 988, 988, 1001, 1001, 1001, 1001, 1500, 1500, 1500, 1500]
15:37:58.641213 ALT: 0.0
15:37:58.641308 ATT: [-2.0, 1.9, 22]
15:37:58.641717 ACC: [-14, -15, 515]
[1500, 1499, 988, 1500, 2011, 988, 988, 988, 1001, 1001, 1001, 1001, 1500, 1500, 1500, 1500]
[1500, 1500, 988, 1500, 2011, 988, 988, 988, 1001, 1001, 1001, 1001, 1500, 1500, 1500, 1500]
[1500, 1500, 988, 1500, 2011, 988, 988, 988, 1001, 1001, 1001, 1001, 1500, 1500, 1500, 1500]
15:37:58.688800 ALT: 0.0
15:37:58.688886 ATT: [-2.0, 1.9, 22]
15:37:58.689149 ACC: [-15, -15, 516]
[1500, 1500, 988, 1500, 2011, 988, 988, 988, 1001, 1001, 1001, 1001, 1500, 1500, 1500, 1500]
[1500, 1500, 988, 1500, 2011, 988, 988, 988, 1001, 1001, 1001, 1001, 1500, 1500, 1500, 1500]
15:37:58.736897 ALT: 0.0
15:37:58.736996 ATT: [-2.0, 1.9, 22]
15:37:58.737267 ACC: [-14, -15, 515]
[1500, 1500, 988, 1500, 2011, 988, 988, 988, 1001, 1001, 1001, 1001, 1500, 1500, 1500, 1500]
[1500, 1499, 988, 1500, 2011, 988, 988, 988, 1001, 1001, 1001, 1001, 1500, 1500, 1500, 1500]
[1500, 1500, 988, 1500, 2011, 988, 986, 988, 1001, 1001, 1001, 1001, 1500, 1500, 1500, 1500]
15:37:58.785563 ALT: 0.0
15:37:58.785689 ATT: [-2.0, 1.9, 22]
15:37:58.787332 ACC: [-15, -14, 516]
[1500, 1500, 988, 1500, 2011, 989, 986, 989, 1001, 1001, 1001, 1001, 1500, 1500, 1500, 1500]
[1500, 1500, 988, 1500, 2011, 988, 988, 988, 1001, 1001, 1001, 1001, 1500, 1500, 1500, 1500]
15:37:58.834362 ALT: 0.0
15:37:58.834457 ATT: [-2.0, 1.9, 22]
15:37:58.834903 ACC: [-15, -15, 517]
[1499, 1500, 988, 1500, 2011, 988, 988, 988, 1001, 1001, 1001, 1001, 1500, 1500, 1500, 1500]
[1500, 1499, 988, 1500, 2011, 988, 988, 988, 1001, 1001, 1001, 1001, 1500, 1500, 1500, 1500]
15:37:58.881529 ALT: 0.0
15:37:58.881620 ATT: [-2.0, 1.9, 22]
15:37:58.881944 ACC: [-15, -14, 516]
[1500, 1500, 988, 1499, 2011, 988, 988, 988, 1001, 1001, 1001, 1001, 1500, 1500, 1500, 1500]
[1500, 1500, 988, 1500, 2011, 988, 988, 988, 1001, 1001, 1001, 1001, 1500, 1500, 1500, 1500]
[1500, 1500, 988, 1500, 2011, 988, 988, 988, 1001, 1001, 1001, 1001, 1500, 1500, 1500, 1500]
[1499, 1500, 988, 1500, 2011, 988, 988, 988, 1001, 1001, 1001, 1001, 1500, 1500, 1500, 1500]
15:37:58.945591 ALT: 0.0
15:37:58.945803 ATT: [-2.0, 1.9, 22]
15:37:58.946300 ACC: [-15, -15, 516]
[1500, 1500, 988, 1499, 2011, 988, 988, 988, 1001, 1001, 1001, 1001, 1500, 1500, 1500, 1500]
[1499, 1500, 988, 1500, 2011, 988, 988, 988, 1001, 1001, 1001, 1001, 1500, 1500, 1500, 1500]
15:37:58.995981 ALT: 0.0
15:37:58.996380 ATT: [-2.0, 1.9, 22]
15:37:58.996807 ACC: [-14, -15, 516]
[1500, 1499, 988, 1500, 2011, 989, 986, 988, 1001, 1001, 1001, 1001, 1500, 1500, 1500, 1500]
[1500, 1500, 988, 1500, 2011, 988, 988, 988, 1001, 1001, 1001, 1001, 1500, 1500, 1500, 1500]
15:37:59.041537 ALT: 0.0
15:37:59.041647 ATT: [-2.0, 1.9, 22]
15:37:59.041948 ACC: [-14, -14, 515]
[1500, 1500, 988, 1500, 2011, 988, 988, 988, 1001, 1001, 1001, 1001, 1500, 1500, 1500, 1500]
[1499, 1500, 988, 1500, 2011, 988, 988, 988, 1001, 1001, 1001, 1001, 1500, 1500, 1500, 1500]
[1499, 1500, 988, 1499, 2011, 988, 988, 988, 1001, 1001, 1001, 1001, 1500, 1500, 1500, 1500]
15:37:59.089102 ALT: 0.0
15:37:59.089199 ATT: [-2.0, 1.9, 22]
15:37:59.089480 ACC: [-15, -16, 515]
[1500, 1500, 988, 1500, 2011, 988, 988, 988, 1001, 1001, 1001, 1001, 1500, 1500, 1500, 1500]
[1500, 1499, 988, 1500, 2011, 988, 988, 988, 1001, 1001, 1001, 1001, 1500, 1500, 1500, 1500]
15:37:59.137677 ALT: 0.0
15:37:59.137845 ATT: [-2.0, 1.9, 22]
15:37:59.138194 ACC: [-14, -15, 515]
[1500, 1500, 988, 1500, 2011, 988, 988, 988, 1001, 1001, 1001, 1001, 1500, 1500, 1500, 1500]
[1500, 1499, 988, 1500, 2011, 988, 988, 988, 1001, 1001, 1001, 1001, 1500, 1500, 1500, 1500]
[1500, 1499, 988, 1500, 2011, 988, 988, 988, 1001, 1001, 1001, 1001, 1500, 1500, 1500, 1500]
15:37:59.185498 ALT: 0.0
15:37:59.185625 ATT: [-2.0, 1.9, 22]
15:37:59.186052 ACC: [-14, -15, 516]
[1499, 1500, 988, 1500, 2011, 988, 988, 988, 1001, 1001, 1001, 1001, 1500, 1500, 1500, 1500]
[1500, 1499, 988, 1500, 2011, 988, 988, 988, 1001, 1001, 1001, 1001, 1500, 1500, 1500, 1500]
15:37:59.235106 ALT: 0.0
15:37:59.235357 ATT: [-2.0, 1.9, 22]
15:37:59.236272 ACC: [-14, -16, 515]
[1500, 1499, 988, 1500, 2011, 988, 988, 988, 1001, 1001, 1001, 1001, 1500, 1500, 1500, 1500]
[1500, 1500, 988, 1500, 2011, 988, 988, 988, 1001, 1001, 1001, 1001, 1500, 1500, 1500, 1500]
15:37:59.281696 ALT: 0.0
15:37:59.281826 ATT: [-2.0, 1.9, 22]
15:37:59.282974 ACC: [-14, -15, 516]
[1500, 1500, 988, 1500, 2011, 988, 988, 988, 1001, 1001, 1001, 1001, 1500, 1500, 1500, 1500]
[1500, 1500, 988, 1500, 2011, 988, 988, 988, 1001, 1001, 1001, 1001, 1500, 1500, 1500, 1500]
[1500, 1500, 988, 1500, 2011, 988, 988, 988, 1001, 1001, 1001, 1001, 1500, 1500, 1500, 1500]
15:37:59.329981 ALT: 0.0
15:37:59.330234 ATT: [-2.0, 2.0, 22]
15:37:59.330865 ACC: [-15, -15, 515]
[1500, 1499, 988, 1500, 2011, 988, 988, 988, 1001, 1001, 1001, 1001, 1500, 1500, 1500, 1500]
[1500, 1500, 988, 1499, 2011, 988, 988, 988, 1001, 1001, 1001, 1001, 1500, 1500, 1500, 1500]
15:37:59.377226 ALT: 0.0
15:37:59.381713 ATT: [-2.0, 2.0, 22]
15:37:59.382162 ACC: [-14, -15, 515]
[1500, 1500, 988, 1500, 2011, 988, 988, 988, 1001, 1001, 1001, 1001, 1500, 1500, 1500, 1500]
[1500, 1500, 988, 1500, 2009, 988, 988, 986, 1001, 1001, 1001, 1001, 1500, 1500, 1500, 1500]
[1499, 1500, 988, 1500, 2011, 988, 988, 988, 1001, 1001, 1001, 1001, 1500, 1500, 1500, 1500]
15:37:59.425539 ALT: 0.0
15:37:59.425636 ATT: [-2.0, 2.0, 22]
15:37:59.425956 ACC: [-14, -15, 516]
[1500, 1499, 988, 1500, 2011, 988, 988, 988, 1001, 1001, 1001, 1001, 1500, 1500, 1500, 1500]
[1500, 1499, 988, 1500, 2011, 988, 988, 988, 1001, 1001, 1001, 1001, 1500, 1500, 1500, 1500]
15:37:59.473147 ALT: 0.0
15:37:59.473238 ATT: [-2.0, 2.0, 22]
15:37:59.473527 ACC: [-15, -15, 516]
[1500, 1500, 988, 1499, 2011, 988, 988, 988, 1001, 1001, 1001, 1001, 1500, 1500, 1500, 1500]
[1500, 1500, 988, 1500, 2011, 988, 988, 988, 1001, 1001, 1001, 1001, 1500, 1500, 1500, 1500]
15:37:59.521198 ALT: 0.0
15:37:59.521287 ATT: [-2.0, 2.0, 22]
15:37:59.521573 ACC: [-15, -15, 516]
[1499, 1500, 988, 1500, 2011, 988, 988, 988, 1001, 1001, 1001, 1001, 1500, 1500, 1500, 1500]
[1500, 1499, 988, 1500, 2011, 988, 988, 988, 1001, 1001, 1001, 1001, 1500, 1500, 1500, 1500]
[1500, 1500, 988, 1500, 2011, 988, 988, 988, 1001, 1001, 1001, 1001, 1500, 1500, 1500, 1500]
15:37:59.569333 ALT: 0.0
15:37:59.569442 ATT: [-2.0, 2.0, 22]
15:37:59.570210 ACC: [-14, -15, 515]
[1500, 1500, 988, 1500, 2011, 988, 988, 988, 1001, 1001, 1001, 1001, 1500, 1500, 1500, 1500]
[1500, 1500, 988, 1499, 2011, 988, 988, 988, 1001, 1001, 1001, 1001, 1500, 1500, 1500, 1500]
15:37:59.617330 ALT: 0.0
15:37:59.617485 ATT: [-2.0, 2.0, 22]
15:37:59.618507 ACC: [-14, -15, 515]
[1499, 1500, 988, 1499, 2011, 988, 988, 988, 1001, 1001, 1001, 1001, 1500, 1500, 1500, 1500]
[1500, 1500, 988, 1500, 2011, 988, 988, 988, 1001, 1001, 1001, 1001, 1500, 1500, 1500, 1500]
[1500, 1500, 988, 1500, 2011, 988, 988, 988, 1001, 1001, 1001, 1001, 1500, 1500, 1500, 1500]
15:37:59.665935 ALT: 0.0
15:37:59.666107 ATT: [-2.0, 2.0, 22]
15:37:59.666755 ACC: [-14, -16, 516]
[1500, 1501, 986, 1500, 2011, 988, 988, 988, 1001, 1001, 1001, 1001, 1500, 1500, 1500, 1500]
[1500, 1500, 988, 1500, 2011, 988, 988, 988, 1001, 1001, 1001, 1001, 1500, 1500, 1500, 1500]
15:37:59.719556 ALT: 0.0
15:37:59.719650 ATT: [-2.0, 1.9, 22]
15:37:59.719962 ACC: [-15, -16, 515]
[1500, 1500, 988, 1500, 2011, 988, 988, 988, 1001, 1001, 1001, 1001, 1500, 1500, 1500, 1500]
[1500, 1500, 988, 1500, 2011, 988, 988, 988, 1001, 1001, 1001, 1001, 1500, 1500, 1500, 1500]
[1500, 1500, 988, 1500, 2011, 988, 988, 988, 1001, 1001, 1001, 1001, 1500, 1500, 1500, 1500]
15:37:59.767636 ALT: 0.0
15:37:59.767853 ATT: [-1.8, 1.8, 22]
15:37:59.768419 ACC: [-17, -14, 515]
[1500, 1500, 988, 1500, 2011, 988, 988, 988, 1001, 1001, 1001, 1001, 1500, 1500, 1500, 1500]
[1500, 1500, 988, 1500, 2012, 988, 988, 988, 1001, 1001, 1001, 1001, 1500, 1500, 1500, 1500]
15:37:59.825273 ALT: 0.0
15:37:59.825381 ATT: [-2.0, 2.0, 22]
[1499, 1500, 988, 1500, 2011, 988, 988, 988, 1001, 1001, 1001, 1001, 1500, 1500, 1500, 1500]
15:37:59.825895 ACC: [-5, -6, 516]
[1500, 1500, 988, 1500, 2011, 988, 988, 988, 1001, 1001, 1001, 1001, 1500, 1500, 1500, 1500]
[1500, 1500, 988, 1499, 2011, 988, 988, 988, 1001, 1001, 1001, 1001, 1500, 1500, 1500, 1500]
15:37:59.873330 ALT: 0.0
15:37:59.873427 ATT: [-1.9, 1.9, 22]
15:37:59.873721 ACC: [-24, -32, 512]
[1500, 1500, 988, 1500, 2011, 988, 988, 988, 1001, 1001, 1001, 1001, 1500, 1500, 1500, 1500]
[1500, 1500, 988, 1500, 2011, 988, 988, 988, 1001, 1001, 1001, 1001, 1500, 1500, 1500, 1500]
15:37:59.921348 ALT: 0.0
15:37:59.921438 ATT: [-2.0, 2.0, 22]
15:37:59.921711 ACC: [-4, 0, 514]
[1499, 1500, 988, 1500, 2011, 988, 988, 988, 1001, 1001, 1001, 1001, 1500, 1500, 1500, 1500]
[1500, 1500, 988, 1500, 2011, 988, 988, 988, 1001, 1001, 1001, 1001, 1500, 1500, 1500, 1500]
[1500, 1500, 986, 1500, 2011, 989, 986, 988, 1001, 1001, 1001, 1001, 1500, 1500, 1500, 1500]
15:37:59.969558 ALT: 0.0
15:37:59.969667 ATT: [-1.9, 1.9, 22]
15:37:59.970065 ACC: [-21, -31, 512]
[1500, 1500, 988, 1499, 2011, 988, 988, 988, 1001, 1001, 1001, 1001, 1500, 1500, 1500, 1500]
[1500, 1499, 988, 1500, 2011, 988, 988, 988, 1001, 1001, 1001, 1001, 1500, 1500, 1500, 1500]
15:38:00.018559 ALT: 0.0
15:38:00.018836 ATT: [-1.9, 1.9, 22]
15:38:00.021052 ACC: [-8, -4, 517]
[1500, 1500, 988, 1500, 2011, 988, 988, 988, 1001, 1001, 1001, 1001, 1500, 1500, 1500, 1500]
[1500, 1500, 988, 1499, 2011, 988, 988, 988, 1001, 1001, 1001, 1001, 1500, 1500, 1500, 1500]
[1500, 1500, 988, 1500, 2011, 988, 988, 988, 1001, 1001, 1001, 1001, 1500, 1500, 1500, 1500]
15:38:00.065444 ALT: 0.0
15:38:00.065534 ATT: [-2.1, 2.0, 22]
15:38:00.065804 ACC: [-14, -11, 518]
[1500, 1500, 988, 1500, 2011, 988, 988, 988, 1001, 1001, 1001, 1001, 1500, 1500, 1500, 1500]
[1500, 1500, 988, 1500, 2011, 988, 988, 988, 1001, 1001, 1001, 1001, 1500, 1500, 1500, 1500]
15:38:00.116645 ALT: 0.0
15:38:00.116743 ATT: [-2.0, 2.0, 22]
15:38:00.119223 ACC: [-16, -16, 513]
[1500, 1500, 988, 1500, 2011, 988, 988, 988, 1001, 1001, 1001, 1001, 1500, 1500, 1500, 1500]
[1500, 1499, 989, 1497, 2011, 988, 988, 988, 1001, 1001, 1001, 1001, 1500, 1500, 1500, 1500]
[1500, 1500, 988, 1500, 2011, 988, 988, 988, 1001, 1001, 1001, 1001, 1500, 1500, 1500, 1500]
15:38:00.177437 ALT: 0.0
15:38:00.177531 ATT: [-2.0, 2.0, 22]
15:38:00.177832 ACC: [-15, -18, 516]
[1500, 1500, 988, 1500, 2011, 988, 988, 988, 1001, 1001, 1001, 1001, 1500, 1500, 1500, 1500]
[1500, 1499, 988, 1500, 2011, 988, 988, 988, 1001, 1001, 1001, 1001, 1500, 1500, 1500, 1500]
[1500, 1500, 988, 1499, 2011, 988, 988, 988, 1001, 1001, 1001, 1001, 1500, 1500, 1500, 1500]
15:38:00.225367 ALT: 0.0
15:38:00.225456 ATT: [-2.0, 2.0, 22]
15:38:00.226091 ACC: [-13, -13, 518]
[1500, 1500, 988, 1500, 2011, 988, 988, 988, 1001, 1001, 1001, 1001, 1500, 1500, 1500, 1500]
[1500, 1500, 988, 1500, 2011, 988, 988, 988, 1001, 1001, 1001, 1001, 1500, 1500, 1500, 1500]
15:38:00.273508 ALT: 0.0
15:38:00.273596 ATT: [-2.0, 2.0, 22]
15:38:00.273844 ACC: [-16, -17, 514]
[1500, 1500, 988, 1499, 2011, 988, 988, 988, 1001, 1001, 1001, 1001, 1500, 1500, 1500, 1500]
[1500, 1499, 988, 1500, 2011, 988, 988, 988, 1001, 1001, 1001, 1001, 1500, 1500, 1500, 1500]
15:38:00.321472 ALT: 0.0
15:38:00.321557 ATT: [-2.0, 2.0, 22]
15:38:00.321820 ACC: [-15, -15, 515]
[1499, 1500, 988, 1499, 2011, 988, 988, 988, 1001, 1001, 1001, 1001, 1500, 1500, 1500, 1500]
[1500, 1500, 988, 1499, 2011, 988, 988, 988, 1001, 1001, 1001, 1001, 1500, 1500, 1500, 1500]
[1500, 1500, 988, 1500, 2011, 988, 988, 988, 1001, 1001, 1001, 1001, 1500, 1500, 1500, 1500]
15:38:00.369937 ALT: 0.0
15:38:00.370034 ATT: [-2.0, 2.0, 22]
15:38:00.370464 ACC: [-13, -14, 516]
[1500, 1500, 988, 1500, 2011, 988, 988, 988, 1001, 1001, 1001, 1001, 1500, 1500, 1500, 1500]
[1499, 1500, 988, 1500, 2011, 988, 988, 988, 1001, 1001, 1001, 1001, 1500, 1500, 1500, 1500]
15:38:00.417630 ALT: 0.0
15:38:00.417755 ATT: [-2.0, 2.0, 22]
15:38:00.418164 ACC: [-14, -16, 515]
[1500, 1500, 988, 1500, 2011, 988, 988, 988, 1001, 1001, 1001, 1001, 1500, 1500, 1500, 1500]
[1500, 1500, 989, 1497, 2011, 988, 988, 988, 1001, 1001, 1001, 1001, 1500, 1500, 1500, 1500]
[1500, 1500, 988, 1499, 2011, 988, 988, 988, 1001, 1001, 1001, 1001, 1500, 1500, 1500, 1500]
15:38:00.465717 ALT: 0.0
15:38:00.465795 ATT: [-2.0, 2.0, 22]
15:38:00.466012 ACC: [-14, -16, 516]
[1500, 1500, 988, 1500, 2011, 988, 988, 988, 1001, 1001, 1001, 1001, 1500, 1500, 1500, 1500]
[1500, 1500, 988, 1500, 2011, 988, 988, 988, 1001, 1001, 1001, 1001, 1500, 1500, 1500, 1500]
15:38:00.513852 ALT: 0.0
15:38:00.513968 ATT: [-2.0, 2.0, 22]
15:38:00.514319 ACC: [-14, -15, 516]
[1500, 1500, 988, 1500, 2011, 988, 988, 988, 1001, 1001, 1001, 1001, 1500, 1500, 1500, 1500]
[1499, 1500, 988, 1500, 2011, 988, 988, 988, 1001, 1001, 1001, 1001, 1500, 1500, 1500, 1500]
15:38:00.562275 ALT: 0.0
15:38:00.562385 ATT: [-2.0, 2.0, 22]
15:38:00.563257 ACC: [-15, -15, 515]
[1499, 1500, 988, 1500, 2011, 988, 988, 988, 1001, 1001, 1001, 1001, 1500, 1500, 1500, 1500]
[1500, 1500, 988, 1499, 2011, 988, 988, 988, 1001, 1001, 1001, 1001, 1500, 1500, 1500, 1500]
[1500, 1500, 988, 1500, 2011, 988, 988, 988, 1001, 1001, 1001, 1001, 1500, 1500, 1500, 1500]
15:38:00.610592 ALT: 0.0
15:38:00.610745 ATT: [-2.0, 2.0, 22]
15:38:00.611132 ACC: [-15, -15, 515]
[1500, 1500, 988, 1500, 2011, 988, 988, 988, 1001, 1001, 1001, 1001, 1500, 1500, 1500, 1500]
[1500, 1500, 986, 1500, 2011, 988, 988, 988, 1001, 1001, 1001, 1001, 1500, 1500, 1500, 1500]
15:38:00.657666 ALT: 0.0
15:38:00.657793 ATT: [-2.0, 2.0, 22]
15:38:00.658157 ACC: [-15, -15, 515]
[1500, 1500, 988, 1500, 2011, 988, 988, 988, 1001, 1001, 1001, 1001, 1500, 1500, 1500, 1500]
[1500, 1499, 988, 1499, 2011, 988, 988, 988, 1001, 1001, 1001, 1001, 1500, 1500, 1500, 1500]
[1500, 1500, 988, 1501, 2009, 988, 988, 988, 1001, 1001, 1001, 1001, 1500, 1500, 1500, 1500]
15:38:00.707411 ALT: 0.0
15:38:00.707547 ATT: [-2.0, 2.0, 22]
15:38:00.707832 ACC: [-15, -15, 516]
[1500, 1500, 988, 1500, 2011, 988, 988, 988, 1001, 1001, 1001, 1001, 1500, 1500, 1500, 1500]
[1500, 1499, 988, 1500, 2011, 988, 988, 988, 1001, 1001, 1001, 1001, 1500, 1500, 1500, 1500]
15:38:00.754218 ALT: 0.0
15:38:00.754450 ATT: [-2.0, 2.0, 22]
15:38:00.755461 ACC: [-15, -15, 515]
[1500, 1500, 988, 1500, 2011, 988, 988, 988, 1001, 1001, 1001, 1001, 1500, 1500, 1500, 1500]
[1499, 1500, 988, 1500, 2011, 988, 988, 988, 1001, 1001, 1001, 1001, 1500, 1500, 1500, 1500]
15:38:00.801739 ALT: 0.0
15:38:00.801956 ATT: [-2.0, 2.0, 22]
15:38:00.802920 ACC: [-14, -15, 516]
[1500, 1499, 988, 1500, 2011, 988, 988, 988, 1001, 1001, 1001, 1001, 1500, 1500, 1500, 1500]
[1500, 1499, 988, 1499, 2011, 988, 988, 988, 1001, 1001, 1001, 1001, 1500, 1500, 1500, 1500]
[1500, 1500, 988, 1500, 2011, 988, 988, 988, 1001, 1001, 1001, 1001, 1500, 1500, 1500, 1500]
15:38:00.850077 ALT: 0.0
15:38:00.850238 ATT: [-2.0, 2.0, 22]
15:38:00.850964 ACC: [-15, -14, 516]
[1500, 1500, 988, 1500, 2011, 989, 986, 988, 1001, 1001, 1001, 1001, 1500, 1500, 1500, 1500]
[1500, 1500, 988, 1500, 2011, 988, 988, 988, 1001, 1001, 1001, 1001, 1500, 1500, 1500, 1500]
15:38:00.897885 ALT: 0.0
15:38:00.898216 ATT: [-2.0, 2.0, 22]
15:38:00.898934 ACC: [-14, -14, 515]
[1500, 1500, 988, 1500, 2009, 988, 988, 988, 1001, 1001, 1001, 1001, 1500, 1500, 1500, 1500]
[1499, 1500, 988, 1500, 2011, 988, 988, 988, 1001, 1001, 1001, 1001, 1500, 1500, 1500, 1500]
[1500, 1500, 988, 1500, 2011, 988, 988, 988, 1001, 1001, 1001, 1001, 1500, 1500, 1500, 1500]
15:38:00.946260 ALT: 0.0
15:38:00.946388 ATT: [-2.0, 2.0, 22]
15:38:00.946785 ACC: [-14, -16, 515]
[1500, 1499, 988, 1500, 2011, 988, 988, 988, 1001, 1001, 1001, 1001, 1500, 1500, 1500, 1500]
[1500, 1500, 988, 1500, 2011, 988, 988, 988, 1001, 1001, 1001, 1001, 1500, 1500, 1500, 1500]
15:38:00.994386 ALT: 0.0
15:38:00.994485 ATT: [-2.0, 2.0, 22]
15:38:00.994990 ACC: [-14, -14, 516]
[1500, 1500, 988, 1500, 2009, 988, 988, 988, 1001, 1001, 1001, 1001, 1500, 1500, 1500, 1500]
[1499, 1500, 988, 1500, 2011, 988, 988, 988, 1001, 1001, 1001, 1001, 1500, 1500, 1500, 1500]
15:38:01.041741 ALT: 0.0
15:38:01.041831 ATT: [-2.0, 2.0, 22]
15:38:01.042106 ACC: [-14, -14, 515]
[1500, 1499, 988, 1499, 2011, 988, 989, 986, 1001, 1001, 1001, 1001, 1500, 1500, 1500, 1500]
[1500, 1500, 988, 1499, 2011, 988, 988, 988, 1001, 1001, 1001, 1001, 1500, 1500, 1500, 1500]
[1500, 1500, 988, 1500, 2011, 986, 988, 988, 1001, 1001, 1001, 1001, 1500, 1500, 1500, 1500]
15:38:01.089778 ALT: 0.0
15:38:01.089873 ATT: [-2.0, 2.0, 22]
15:38:01.090147 ACC: [-15, -15, 515]
[1500, 1500, 988, 1500, 2011, 988, 988, 988, 1001, 1001, 1001, 1001, 1500, 1500, 1500, 1500]
[1500, 1500, 988, 1500, 2011, 988, 988, 988, 1001, 1001, 1001, 1001, 1500, 1500, 1500, 1500]
15:38:01.138881 ALT: 0.0
15:38:01.138970 ATT: [-2.0, 2.0, 22]
15:38:01.139244 ACC: [-14, -15, 516]
[1500, 1500, 988, 1500, 2011, 988, 988, 988, 1001, 1001, 1001, 1001, 1500, 1500, 1500, 1500]
[1500, 1500, 988, 1500, 2011, 988, 988, 988, 1001, 1001, 1001, 1001, 1500, 1500, 1500, 1500]
[1500, 1500, 988, 1499, 2011, 988, 988, 988, 1001, 1001, 1001, 1001, 1500, 1500, 1500, 1500]
15:38:01.187796 ALT: 0.0
15:38:01.187896 ATT: [-2.0, 2.0, 22]
15:38:01.188195 ACC: [-14, -15, 515]
[1500, 1500, 988, 1500, 2011, 988, 988, 988, 1001, 1001, 1001, 1001, 1500, 1500, 1500, 1500]
[1500, 1499, 988, 1500, 2011, 988, 988, 988, 1001, 1001, 1001, 1001, 1500, 1500, 1500, 1500]
15:38:01.235322 ALT: 0.0
15:38:01.235422 ATT: [-2.0, 2.0, 22]
15:38:01.235732 ACC: [-14, -15, 515]
[1500, 1500, 988, 1500, 2011, 988, 988, 988, 1001, 1001, 1001, 1001, 1500, 1500, 1500, 1500]
[1500, 1500, 988, 1500, 2011, 988, 988, 988, 1001, 1001, 1001, 1001, 1500, 1500, 1500, 1500]
[1500, 1499, 988, 1500, 2011, 988, 988, 988, 1001, 1001, 1001, 1001, 1500, 1500, 1500, 1500]
15:38:01.285803 ALT: 0.0
15:38:01.286089 ATT: [-2.0, 2.0, 22]
15:38:01.286937 ACC: [-14, -15, 515]
[1500, 1500, 988, 1500, 2011, 988, 988, 988, 1001, 1001, 1001, 1001, 1500, 1500, 1500, 1500]
[1500, 1500, 988, 1500, 2011, 988, 988, 988, 1001, 1001, 1001, 1001, 1500, 1500, 1500, 1500]
15:38:01.330709 ALT: 0.0
15:38:01.330863 ATT: [-2.0, 2.0, 22]
15:38:01.334086 ACC: [-14, -15, 515]
[1500, 1500, 988, 1500, 2011, 988, 988, 988, 1001, 1001, 1001, 1001, 1500, 1500, 1500, 1500]
[1500, 1500, 988, 1499, 2011, 988, 988, 988, 1001, 1001, 1001, 1001, 1500, 1500, 1500, 1500]
15:38:01.377892 ALT: 0.0
15:38:01.377992 ATT: [-2.0, 2.0, 22]
15:38:01.378318 ACC: [-15, -16, 516]
[1499, 1500, 988, 1499, 2011, 988, 988, 988, 1001, 1001, 1001, 1001, 1500, 1500, 1500, 1500]
[1500, 1500, 988, 1500, 2011, 988, 988, 988, 1001, 1001, 1001, 1001, 1500, 1500, 1500, 1500]
[1500, 1500, 988, 1499, 2011, 988, 988, 988, 1001, 1001, 1001, 1001, 1500, 1500, 1500, 1500]
15:38:01.425946 ALT: 0.0
15:38:01.426047 ATT: [-2.1, 2.0, 22]
15:38:01.426379 ACC: [-14, -14, 516]
[1500, 1500, 988, 1500, 2011, 988, 988, 988, 1001, 1001, 1001, 1001, 1500, 1500, 1500, 1500]
[1500, 1500, 988, 1500, 2011, 988, 988, 988, 1001, 1001, 1001, 1001, 1500, 1500, 1500, 1500]
15:38:01.473875 ALT: 0.0
15:38:01.473966 ATT: [-2.0, 2.0, 22]
15:38:01.474261 ACC: [-15, -18, 515]
[1500, 1500, 988, 1500, 2011, 988, 988, 988, 1001, 1001, 1001, 1001, 1500, 1500, 1500, 1500]
[1500, 1500, 988, 1500, 2011, 988, 988, 988, 1001, 1001, 1001, 1001, 1500, 1500, 1500, 1500]
15:38:01.522057 ALT: 0.0
15:38:01.522168 ATT: [-2.0, 2.0, 22]
15:38:01.522621 ACC: [-13, -12, 517]
[1500, 1497, 988, 1500, 2011, 988, 988, 988, 1001, 1001, 1001, 1001, 1500, 1500, 1500, 1500]
[1500, 1500, 988, 1500, 2011, 988, 988, 988, 1001, 1001, 1001, 1001, 1500, 1500, 1500, 1500]
[1500, 1500, 988, 1500, 2011, 988, 989, 986, 1001, 1001, 1001, 1001, 1500, 1500, 1500, 1500]
15:38:01.570706 ALT: 0.0
15:38:01.570976 ATT: [-2.0, 2.0, 22]
15:38:01.571377 ACC: [-14, -17, 515]
[1499, 1500, 988, 1499, 2011, 988, 988, 988, 1001, 1001, 1001, 1001, 1500, 1500, 1500, 1500]
[1500, 1499, 988, 1500, 2011, 988, 988, 988, 1001, 1001, 1001, 1001, 1500, 1500, 1500, 1500]
15:38:01.618088 ALT: 0.0
15:38:01.618229 ATT: [-2.0, 2.0, 22]
15:38:01.619347 ACC: [-14, -15, 515]
[1500, 1499, 988, 1500, 2011, 988, 988, 988, 1001, 1001, 1001, 1001, 1500, 1500, 1500, 1500]
[1499, 1500, 988, 1499, 2011, 988, 988, 988, 1001, 1001, 1001, 1001, 1500, 1500, 1500, 1500]
[1500, 1500, 988, 1500, 2011, 988, 989, 986, 1001, 1001, 1001, 1001, 1500, 1500, 1500, 1500]
15:38:01.667981 ALT: 0.0
15:38:01.668129 ATT: [-2.0, 2.0, 22]
15:38:01.668474 ACC: [-14, -13, 517]
[1500, 1500, 988, 1500, 2011, 988, 988, 988, 1001, 1001, 1001, 1001, 1500, 1500, 1500, 1500]
[1500, 1500, 988, 1500, 2011, 988, 988, 988, 1001, 1001, 1001, 1001, 1500, 1500, 1500, 1500]
[1500, 1500, 988, 1499, 2011, 988, 988, 988, 1001, 1001, 1001, 1001, 1500, 1500, 1500, 1500]
15:38:01.730907 ALT: 0.0
15:38:01.731014 ATT: [-2.0, 2.0, 22]
15:38:01.733523 ACC: [-15, -17, 515]
[1500, 1500, 988, 1500, 2011, 988, 988, 988, 1001, 1001, 1001, 1001, 1500, 1500, 1500, 1500]
[1500, 1499, 988, 1500, 2011, 988, 988, 988, 1001, 1001, 1001, 1001, 1500, 1500, 1500, 1500]
15:38:01.778491 ALT: 0.0
15:38:01.778655 ATT: [-2.0, 2.0, 22]
15:38:01.779051 ACC: [-15, -15, 515]
[1500, 1500, 986, 1500, 2011, 988, 988, 988, 1001, 1001, 1001, 1001, 1500, 1500, 1500, 1500]
[1500, 1500, 988, 1500, 2011, 988, 988, 988, 1001, 1001, 1001, 1001, 1500, 1500, 1500, 1500]
15:38:01.825918 ALT: 0.0
15:38:01.826013 ATT: [-2.0, 2.0, 22]
15:38:01.826290 ACC: [-14, -16, 515]
[1500, 1500, 988, 1500, 2011, 988, 988, 988, 1001, 1001, 1001, 1001, 1500, 1500, 1500, 1500]
[1500, 1500, 988, 1500, 2011, 989, 986, 988, 1001, 1001, 1001, 1001, 1500, 1500, 1500, 1500]
[1500, 1500, 988, 1499, 2011, 988, 988, 988, 1001, 1001, 1001, 1001, 1500, 1500, 1500, 1500]
15:38:01.874033 ALT: 0.0
15:38:01.874134 ATT: [-2.0, 2.0, 22]
15:38:01.874409 ACC: [-14, -16, 515]
[1499, 1500, 988, 1500, 2011, 988, 988, 988, 1001, 1001, 1001, 1001, 1500, 1500, 1500, 1500]
[1500, 1500, 988, 1500, 2011, 988, 988, 988, 1001, 1001, 1001, 1001, 1500, 1500, 1500, 1500]
15:38:01.922010 ALT: 0.0
15:38:01.922114 ATT: [-2.0, 2.0, 22]
15:38:01.922398 ACC: [-15, -15, 516]
[1500, 1500, 988, 1500, 2011, 988, 988, 988, 1001, 1001, 1001, 1001, 1500, 1500, 1500, 1500]
[1500, 1500, 988, 1500, 2011, 988, 988, 988, 1001, 1001, 1001, 1001, 1500, 1500, 1500, 1500]
[1500, 1500, 988, 1500, 2011, 988, 988, 988, 1001, 1001, 1001, 1001, 1500, 1500, 1500, 1500]
15:38:01.970043 ALT: 0.0
15:38:01.970142 ATT: [-2.0, 2.0, 22]
15:38:01.970413 ACC: [-15, -14, 515]
[1500, 1500, 988, 1500, 2011, 988, 988, 988, 1001, 1001, 1001, 1001, 1500, 1500, 1500, 1500]
[1500, 1500, 991, 1497, 2011, 988, 988, 988, 1001, 1001, 1001, 1001, 1500, 1500, 1500, 1500]
15:38:02.018053 ALT: 0.0
15:38:02.018161 ATT: [-2.0, 2.0, 22]
15:38:02.018505 ACC: [-14, -15, 515]
[1500, 1500, 988, 1499, 2011, 988, 988, 988, 1001, 1001, 1001, 1001, 1500, 1500, 1500, 1500]
[1500, 1500, 988, 1500, 2011, 988, 988, 988, 1001, 1001, 1001, 1001, 1500, 1500, 1500, 1500]
15:38:02.066388 ALT: 0.0
15:38:02.066754 ATT: [-2.0, 2.0, 22]
15:38:02.068049 ACC: [-14, -15, 516]
[1500, 1500, 988, 1500, 2011, 988, 988, 988, 1001, 1001, 1001, 1001, 1500, 1500, 1500, 1500]
[1500, 1500, 988, 1500, 2011, 988, 988, 988, 1001, 1001, 1001, 1001, 1500, 1500, 1500, 1500]
[1500, 1500, 988, 1499, 2011, 988, 988, 988, 1001, 1001, 1001, 1001, 1500, 1500, 1500, 1500]
15:38:02.114197 ALT: 0.0
15:38:02.114334 ATT: [-2.0, 2.0, 22]
15:38:02.114736 ACC: [-15, -15, 516]
[1500, 1499, 988, 1500, 2011, 988, 988, 988, 1001, 1001, 1001, 1001, 1500, 1500, 1500, 1500]
[1500, 1500, 988, 1499, 2011, 988, 988, 988, 1001, 1001, 1001, 1001, 1500, 1500, 1500, 1500]
15:38:02.162000 ALT: 0.0
15:38:02.162201 ATT: [-2.0, 2.0, 22]
15:38:02.163014 ACC: [-14, -15, 515]
[1500, 1500, 988, 1500, 2011, 988, 988, 988, 1001, 1001, 1001, 1001, 1500, 1500, 1500, 1500]
[1500, 1500, 988, 1500, 2011, 988, 988, 988, 1001, 1001, 1001, 1001, 1500, 1500, 1500, 1500]
[1500, 1500, 988, 1500, 2011, 988, 988, 988, 1001, 1001, 1001, 1001, 1500, 1500, 1500, 1500]
[1500, 1499, 988, 1500, 2011, 988, 988, 988, 1001, 1001, 1001, 1001, 1500, 1500, 1500, 1500]
15:38:02.226168 ALT: 0.0
15:38:02.226271 ATT: [-2.0, 2.0, 22]
15:38:02.226655 ACC: [-15, -15, 515]
[1500, 1500, 988, 1500, 2011, 988, 988, 988, 1001, 1001, 1001, 1001, 1500, 1500, 1500, 1500]
[1500, 1499, 988, 1500, 2011, 988, 988, 988, 1001, 1001, 1001, 1001, 1500, 1500, 1500, 1500]
15:38:02.274074 ALT: 0.0
15:38:02.274168 ATT: [-2.0, 2.0, 22]
15:38:02.274449 ACC: [-14, -15, 516]
[1500, 1500, 988, 1500, 2011, 988, 988, 988, 1001, 1001, 1001, 1001, 1500, 1500, 1500, 1500]
[1500, 1500, 988, 1500, 2011, 988, 988, 988, 1001, 1001, 1001, 1001, 1500, 1500, 1500, 1500]
15:38:02.322104 ALT: 0.0
15:38:02.322200 ATT: [-2.0, 2.0, 22]
15:38:02.322482 ACC: [-14, -15, 515]
[1500, 1500, 988, 1499, 2011, 988, 988, 988, 1001, 1001, 1001, 1001, 1500, 1500, 1500, 1500]
[1500, 1500, 988, 1500, 2011, 988, 988, 988, 1001, 1001, 1001, 1001, 1500, 1500, 1500, 1500]
[1500, 1500, 988, 1500, 2011, 988, 988, 988, 1001, 1001, 1001, 1001, 1500, 1500, 1500, 1500]
15:38:02.370134 ALT: 0.0
15:38:02.370230 ATT: [-2.0, 2.0, 22]
15:38:02.370822 ACC: [-15, -15, 515]
[1500, 1499, 988, 1500, 2011, 988, 988, 988, 1001, 1001, 1001, 1001, 1500, 1500, 1500, 1500]
[1500, 1500, 988, 1500, 2011, 988, 988, 988, 1001, 1001, 1001, 1001, 1500, 1500, 1500, 1500]
15:38:02.418420 ALT: 0.0
15:38:02.418739 ATT: [-2.0, 2.0, 22]
15:38:02.419377 ACC: [-14, -15, 516]
[1500, 1500, 988, 1500, 2011, 988, 988, 988, 1001, 1001, 1001, 1001, 1500, 1500, 1500, 1500]
[1500, 1500, 988, 1500, 2009, 988, 988, 988, 1001, 1001, 1001, 1001, 1500, 1500, 1500, 1500]
[1500, 1500, 988, 1500, 2011, 989, 986, 988, 1001, 1001, 1001, 1001, 1500, 1500, 1500, 1500]
15:38:02.467165 ALT: 0.0
15:38:02.467295 ATT: [-2.0, 2.0, 22]
15:38:02.467724 ACC: [-15, -15, 515]
[1500, 1500, 988, 1499, 2011, 988, 988, 988, 1001, 1001, 1001, 1001, 1500, 1500, 1500, 1500]
[1500, 1499, 988, 1501, 2009, 988, 988, 988, 1001, 1001, 1001, 1001, 1500, 1500, 1500, 1500]
15:38:02.514771 ALT: 0.0
15:38:02.514911 ATT: [-2.0, 2.0, 22]
15:38:02.515156 ACC: [-15, -15, 516]
[1500, 1500, 988, 1500, 2011, 988, 988, 988, 1001, 1001, 1001, 1001, 1500, 1500, 1500, 1500]
[1500, 1500, 988, 1500, 2011, 988, 988, 988, 1001, 1001, 1001, 1001, 1500, 1500, 1500, 1500]
15:38:02.563163 ALT: 0.0
15:38:02.563271 ATT: [-2.0, 2.0, 22]
15:38:02.563659 ACC: [-14, -15, 516]
[1499, 1500, 988, 1500, 2011, 988, 988, 988, 1001, 1001, 1001, 1001, 1500, 1500, 1500, 1500]
[1500, 1500, 988, 1500, 2011, 988, 988, 988, 1001, 1001, 1001, 1001, 1500, 1500, 1500, 1500]
[1500, 1500, 988, 1499, 2011, 988, 988, 988, 1001, 1001, 1001, 1001, 1500, 1500, 1500, 1500]
15:38:02.610161 ALT: 0.0
15:38:02.610250 ATT: [-2.0, 2.0, 22]
15:38:02.610513 ACC: [-15, -14, 516]
[1500, 1500, 988, 1499, 2011, 988, 988, 988, 1001, 1001, 1001, 1001, 1500, 1500, 1500, 1500]
[1499, 1500, 988, 1500, 2011, 988, 988, 988, 1001, 1001, 1001, 1001, 1500, 1500, 1500, 1500]
15:38:02.658220 ALT: 0.0
15:38:02.658311 ATT: [-2.0, 2.0, 22]
15:38:02.658624 ACC: [-14, -15, 515]
[1500, 1500, 988, 1500, 2011, 988, 988, 988, 1001, 1001, 1001, 1001, 1500, 1500, 1500, 1500]
[1499, 1500, 988, 1500, 2011, 988, 988, 988, 1001, 1001, 1001, 1001, 1500, 1500, 1500, 1500]
[1500, 1500, 988, 1500, 2011, 988, 988, 988, 1001, 1001, 1001, 1001, 1500, 1500, 1500, 1500]
15:38:02.706088 ALT: 0.0
15:38:02.706165 ATT: [-2.1, 2.0, 22]
15:38:02.706388 ACC: [-14, -14, 515]
[1500, 1500, 988, 1499, 2011, 988, 988, 988, 1001, 1001, 1001, 1001, 1500, 1500, 1500, 1500]
[1499, 1500, 988, 1500, 2011, 988, 988, 988, 1001, 1001, 1001, 1001, 1500, 1500, 1500, 1500]
15:38:02.754262 ALT: 0.0
15:38:02.754346 ATT: [-2.1, 2.0, 22]
15:38:02.754709 ACC: [-15, -14, 515]
[1500, 1500, 988, 1500, 2011, 988, 988, 988, 1001, 1001, 1001, 1001, 1500, 1500, 1500, 1500]
[1500, 1500, 988, 1500, 2011, 988, 988, 988, 1001, 1001, 1001, 1001, 1500, 1500, 1500, 1500]
15:38:02.802461 ALT: 0.0
15:38:02.802829 ATT: [-2.1, 2.0, 22]
15:38:02.803341 ACC: [-15, -15, 516]
[1500, 1500, 988, 1500, 2011, 988, 988, 988, 1001, 1001, 1001, 1001, 1500, 1500, 1500, 1500]
[1500, 1500, 988, 1501, 2009, 988, 988, 988, 1001, 1001, 1001, 1001, 1500, 1500, 1500, 1500]
[1500, 1500, 988, 1500, 2011, 988, 988, 988, 1001, 1001, 1001, 1001, 1500, 1500, 1500, 1500]
15:38:02.850980 ALT: 0.0
15:38:02.851074 ATT: [-2.1, 2.0, 22]
15:38:02.851355 ACC: [-14, -14, 516]
[1499, 1499, 988, 1500, 2011, 988, 988, 988, 1001, 1001, 1001, 1001, 1500, 1500, 1500, 1500]
[1500, 1500, 988, 1500, 2011, 988, 988, 988, 1001, 1001, 1001, 1001, 1500, 1500, 1500, 1500]
15:38:02.899481 ALT: 0.0
15:38:02.899601 ATT: [-2.1, 2.0, 22]
15:38:02.900391 ACC: [-14, -15, 516]
[1500, 1500, 988, 1499, 2011, 988, 988, 988, 1001, 1001, 1001, 1001, 1500, 1500, 1500, 1500]
[1500, 1500, 988, 1500, 2011, 988, 988, 988, 1001, 1001, 1001, 1001, 1500, 1500, 1500, 1500]
[1500, 1499, 988, 1500, 2011, 988, 988, 988, 1001, 1001, 1001, 1001, 1500, 1500, 1500, 1500]
15:38:02.947379 ALT: 0.0
15:38:02.947476 ATT: [-2.0, 2.0, 22]
15:38:02.949752 ACC: [-14, -15, 515]
[1499, 1500, 988, 1500, 2011, 988, 988, 988, 1001, 1001, 1001, 1001, 1500, 1500, 1500, 1500]
[1500, 1500, 988, 1499, 2011, 989, 986, 989, 1001, 1001, 1001, 1001, 1500, 1500, 1500, 1500]
15:38:02.994295 ALT: 0.0
15:38:02.994389 ATT: [-2.0, 2.0, 22]
15:38:02.994728 ACC: [-15, -15, 515]
[1500, 1500, 988, 1500, 2011, 988, 988, 988, 1001, 1001, 1001, 1001, 1500, 1500, 1500, 1500]
[1500, 1500, 988, 1500, 2011, 988, 988, 988, 1001, 1001, 1001, 1001, 1500, 1500, 1500, 1500]
15:38:03.042342 ALT: 0.0
15:38:03.042437 ATT: [-2.0, 2.0, 22]
15:38:03.042810 ACC: [-14, -14, 516]
[1500, 1500, 988, 1500, 2011, 988, 988, 988, 1001, 1001, 1001, 1001, 1500, 1500, 1500, 1500]
[1500, 1500, 988, 1499, 2011, 988, 988, 988, 1001, 1001, 1001, 1001, 1500, 1500, 1500, 1500]
[1499, 1500, 988, 1499, 2011, 988, 988, 988, 1001, 1001, 1001, 1001, 1500, 1500, 1500, 1500]
15:38:03.090314 ALT: 0.0
15:38:03.090400 ATT: [-2.0, 2.0, 22]
15:38:03.090742 ACC: [-14, -15, 515]
[1500, 1500, 988, 1500, 2011, 988, 988, 988, 1001, 1001, 1001, 1001, 1500, 1500, 1500, 1500]
[1500, 1500, 988, 1500, 2011, 988, 988, 988, 1001, 1001, 1001, 1001, 1500, 1500, 1500, 1500]
15:38:03.138408 ALT: 0.0
15:38:03.138491 ATT: [-2.0, 2.0, 22]
15:38:03.138790 ACC: [-15, -15, 516]
[1500, 1500, 988, 1500, 2012, 986, 988, 988, 1001, 1001, 1001, 1001, 1500, 1500, 1500, 1500]
[1499, 1500, 988, 1500, 2011, 988, 988, 988, 1001, 1001, 1001, 1001, 1500, 1500, 1500, 1500]
[1499, 1499, 988, 1500, 2011, 988, 988, 988, 1001, 1001, 1001, 1001, 1500, 1500, 1500, 1500]
15:38:03.187645 ALT: 0.0
15:38:03.187729 ATT: [-2.0, 2.0, 22]
15:38:03.187966 ACC: [-14, -15, 515]
[1500, 1500, 988, 1500, 2011, 988, 988, 988, 1001, 1001, 1001, 1001, 1500, 1500, 1500, 1500]
[1500, 1499, 988, 1499, 2011, 988, 988, 988, 1001, 1001, 1001, 1001, 1500, 1500, 1500, 1500]
15:38:03.234950 ALT: 0.0
15:38:03.235176 ATT: [-2.0, 2.0, 22]
15:38:03.235560 ACC: [-14, -14, 515]
15:38:03.246302 Starting ALT HOLD mode
Desired ALT is 1
15:38:03.246550 Navigation got ALT: 0.0
[1499, 1500, 1029, 1500, 2009, 890, 988, 1600, 1001, 1001, 1001, 1001, 1500, 1500, 1500, 1500]
[1499, 1500, 1029, 1500, 2009, 890, 988, 1600, 1001, 1001, 1001, 1001, 1500, 1500, 1500, 1500]
15:38:03.283137 ALT: 0.0
15:38:03.283289 ATT: [-2.0, 2.0, 22]
15:38:03.283698 ACC: [-13, -15, 515]
15:38:03.285902 Navigation got ALT: 0.0
[1499, 1500, 1069, 1500, 2011, 890, 988, 1600, 1001, 1001, 1001, 1001, 1500, 1500, 1500, 1500]
[1499, 1500, 1069, 1500, 2011, 890, 988, 1600, 1001, 1001, 1001, 1001, 1500, 1500, 1500, 1500]
15:38:03.325735 Navigation got ALT: 0.0
[1500, 1500, 1109, 1500, 2011, 890, 988, 1600, 1001, 1001, 1001, 1001, 1500, 1500, 1500, 1500]
15:38:03.331040 ALT: 0.0
15:38:03.331142 ATT: [-2.0, 2.0, 22]
15:38:03.331869 ACC: [-14, -16, 515]
[1500, 1500, 1109, 1500, 2011, 890, 988, 1600, 1001, 1001, 1001, 1001, 1500, 1500, 1500, 1500]
15:38:03.366503 Navigation got ALT: 0.0
[1500, 1500, 1149, 1500, 2011, 890, 988, 1600, 1001, 1001, 1001, 1001, 1500, 1500, 1500, 1500]
15:38:03.378450 ALT: 0.0
15:38:03.378567 ATT: [-2.1, 2.0, 22]
15:38:03.378851 ACC: [-14, -14, 515]
[1500, 1500, 1149, 1500, 2011, 890, 988, 1600, 1001, 1001, 1001, 1001, 1500, 1500, 1500, 1500]
15:38:03.405681 Navigation got ALT: 0.0
[1499, 1500, 1189, 1500, 2011, 890, 988, 1600, 1001, 1001, 1001, 1001, 1500, 1500, 1500, 1500]
[1499, 1500, 1189, 1500, 2011, 890, 988, 1600, 1001, 1001, 1001, 1001, 1500, 1500, 1500, 1500]
15:38:03.426425 ALT: 0.0
15:38:03.426499 ATT: [-2.0, 2.0, 22]
15:38:03.426823 ACC: [-14, -16, 515]
15:38:03.446404 Navigation got ALT: 0.0
[1500, 1500, 1229, 1500, 2011, 890, 988, 1600, 1001, 1001, 1001, 1001, 1500, 1500, 1500, 1500]
[1500, 1500, 1229, 1500, 2011, 890, 988, 1600, 1001, 1001, 1001, 1001, 1500, 1500, 1500, 1500]
15:38:03.474399 ALT: 0.0
15:38:03.474478 ATT: [-2.0, 2.0, 22]
15:38:03.474741 ACC: [-14, -15, 516]
15:38:03.486065 Navigation got ALT: 0.0
[1500, 1499, 1269, 1500, 2011, 890, 988, 1600, 1001, 1001, 1001, 1001, 1500, 1500, 1500, 1500]
[1500, 1499, 1269, 1500, 2011, 890, 988, 1600, 1001, 1001, 1001, 1001, 1500, 1500, 1500, 1500]
15:38:03.523103 ALT: 0.0
15:38:03.523193 ATT: [-2.1, 2.0, 22]
15:38:03.523594 ACC: [-15, -14, 516]
15:38:03.525695 Navigation got ALT: 0.0
[1500, 1500, 1309, 1500, 2011, 890, 988, 1600, 1001, 1001, 1001, 1001, 1500, 1500, 1500, 1500]
[1500, 1500, 1309, 1500, 2011, 890, 988, 1600, 1001, 1001, 1001, 1001, 1500, 1500, 1500, 1500]
15:38:03.566834 Navigation got ALT: 0.0
[1500, 1500, 1349, 1500, 2011, 890, 988, 1600, 1001, 1001, 1001, 1001, 1500, 1500, 1500, 1500]
15:38:03.570465 ALT: 0.0
15:38:03.570581 ATT: [-2.0, 2.0, 22]
15:38:03.570826 ACC: [-14, -15, 515]
[1500, 1500, 1349, 1500, 2011, 890, 988, 1600, 1001, 1001, 1001, 1001, 1500, 1500, 1500, 1500]
15:38:03.605608 Navigation got ALT: 0.0
[1500, 1500, 1389, 1500, 2011, 890, 988, 1600, 1001, 1001, 1001, 1001, 1500, 1500, 1500, 1500]
15:38:03.618637 ALT: 0.0
15:38:03.618877 ATT: [-2.0, 2.0, 22]
15:38:03.619655 ACC: [-15, -14, 515]
[1500, 1500, 1389, 1500, 2011, 890, 988, 1600, 1001, 1001, 1001, 1001, 1500, 1500, 1500, 1500]
15:38:03.646029 Navigation got ALT: 0.0
[1500, 1500, 1429, 1499, 2011, 890, 988, 1600, 1001, 1001, 1001, 1001, 1500, 1500, 1500, 1500]
[1500, 1500, 1429, 1499, 2011, 890, 988, 1600, 1001, 1001, 1001, 1001, 1500, 1500, 1500, 1500]
15:38:03.668198 ALT: 0.0
15:38:03.668280 ATT: [-2.0, 2.0, 22]
15:38:03.668531 ACC: [-14, -14, 517]
15:38:03.686197 Navigation got ALT: 0.0
[1500, 1500, 1469, 1499, 2011, 890, 988, 1600, 1001, 1001, 1001, 1001, 1500, 1500, 1500, 1500]
[1500, 1500, 1469, 1499, 2011, 890, 988, 1600, 1001, 1001, 1001, 1001, 1500, 1500, 1500, 1500]
15:38:03.715249 ALT: 0.0
15:38:03.715554 ATT: [-2.0, 2.0, 22]
15:38:03.716095 ACC: [-15, -16, 515]
15:38:03.725772 Navigation got ALT: 0.0
[1500, 1500, 1509, 1499, 2011, 890, 988, 1600, 1001, 1001, 1001, 1001, 1500, 1500, 1500, 1500]
[1500, 1500, 1509, 1499, 2011, 890, 988, 1600, 1001, 1001, 1001, 1001, 1500, 1500, 1500, 1500]
15:38:03.763107 ALT: 0.0
15:38:03.763348 ATT: [-2.1, 2.0, 22]
15:38:03.763696 ACC: [-13, -14, 516]
15:38:03.766106 Navigation got ALT: 0.0
[1500, 1500, 1549, 1500, 2011, 890, 988, 1600, 1001, 1001, 1001, 1001, 1500, 1500, 1500, 1500]
[1500, 1500, 1549, 1500, 2011, 890, 988, 1600, 1001, 1001, 1001, 1001, 1500, 1500, 1500, 1500]
15:38:03.805696 Navigation got ALT: 0.0
[1499, 1500, 1589, 1500, 2011, 890, 988, 1600, 1001, 1001, 1001, 1001, 1500, 1500, 1500, 1500]
15:38:03.810574 ALT: 0.0
15:38:03.810660 ATT: [-2.0, 2.0, 22]
15:38:03.810945 ACC: [-16, -17, 516]
[1499, 1500, 1589, 1500, 2011, 890, 988, 1600, 1001, 1001, 1001, 1001, 1500, 1500, 1500, 1500]
15:38:03.845768 Navigation got ALT: 0.0
[1500, 1500, 1600, 1499, 2011, 890, 988, 1600, 1001, 1001, 1001, 1001, 1500, 1500, 1500, 1500]
15:38:03.858592 ALT: 0.0
15:38:03.858686 ATT: [-2.0, 2.0, 22]
15:38:03.858967 ACC: [-15, -16, 517]
[1500, 1500, 1600, 1499, 2011, 890, 988, 1600, 1001, 1001, 1001, 1001, 1500, 1500, 1500, 1500]
15:38:03.885896 Navigation got ALT: 0.0
[1500, 1500, 1600, 1500, 2011, 890, 988, 1598, 1001, 1001, 1001, 1001, 1500, 1500, 1500, 1500]
[1500, 1500, 1600, 1500, 2011, 890, 988, 1598, 1001, 1001, 1001, 1001, 1500, 1500, 1500, 1500]
15:38:03.906464 ALT: 0.0
15:38:03.906512 ATT: [-2.1, 2.0, 22]
15:38:03.906793 ACC: [-15, -15, 519]
15:38:03.925851 Navigation got ALT: 0.0
[1499, 1500, 1600, 1499, 2011, 890, 988, 1600, 1001, 1001, 1001, 1001, 1500, 1500, 1500, 1500]
[1499, 1500, 1600, 1499, 2011, 890, 988, 1600, 1001, 1001, 1001, 1001, 1500, 1500, 1500, 1500]
15:38:03.954638 ALT: 0.0
15:38:03.954722 ATT: [-1.9, 1.9, 22]
15:38:03.954975 ACC: [-16, -20, 518]
15:38:03.966979 Navigation got ALT: 0.0
[1500, 1500, 1600, 1499, 2011, 890, 988, 1600, 1001, 1001, 1001, 1001, 1500, 1500, 1500, 1500]
[1500, 1500, 1600, 1499, 2011, 890, 988, 1600, 1001, 1001, 1001, 1001, 1500, 1500, 1500, 1500]
15:38:04.003898 ALT: 0.0
15:38:04.003985 ATT: [-1.4, 1.6, 22]
15:38:04.004230 ACC: [-13, -23, 531]
15:38:04.005733 Navigation got ALT: 0.0
[1500, 1500, 1600, 1500, 2009, 890, 988, 1600, 1001, 1001, 1001, 1001, 1500, 1500, 1500, 1500]
[1500, 1500, 1600, 1500, 2009, 890, 988, 1600, 1001, 1001, 1001, 1001, 1500, 1500, 1500, 1500]
15:38:04.045828 Navigation got ALT: 0.0
[1500, 1499, 1600, 1500, 2011, 890, 988, 1600, 1001, 1001, 1001, 1001, 1500, 1500, 1500, 1500]
15:38:04.051233 ALT: 0.0
15:38:04.051552 ATT: [-1.0, 0.5, 22]
15:38:04.051993 ACC: [-48, 9, 601]
[1500, 1499, 1600, 1500, 2011, 890, 988, 1600, 1001, 1001, 1001, 1001, 1500, 1500, 1500, 1500]
15:38:04.086016 Navigation got ALT: 0.0
[1500, 1500, 1600, 1500, 2011, 890, 988, 1598, 1001, 1001, 1001, 1001, 1500, 1500, 1500, 1500]
15:38:04.099416 ALT: 0.0
15:38:04.099734 ATT: [-0.7, -0.3, 23]
15:38:04.100713 ACC: [29, -24, 720]
[1500, 1500, 1600, 1500, 2011, 890, 988, 1598, 1001, 1001, 1001, 1001, 1500, 1500, 1500, 1500]
15:38:04.125802 Navigation got ALT: 0.0
[1500, 1500, 1600, 1499, 2011, 890, 988, 1600, 1001, 1001, 1001, 1001, 1500, 1500, 1500, 1500]
[1500, 1500, 1600, 1499, 2011, 890, 988, 1600, 1001, 1001, 1001, 1001, 1500, 1500, 1500, 1500]
15:38:04.146885 ALT: 0.0
15:38:04.146975 ATT: [-0.1, 0.2, 24]
15:38:04.147411 ACC: [24, -46, 737]
15:38:04.166565 Navigation got ALT: 0.0
[1500, 1499, 1600, 1500, 2011, 890, 988, 1600, 1001, 1001, 1001, 1001, 1500, 1500, 1500, 1500]
[1500, 1499, 1600, 1500, 2011, 890, 988, 1600, 1001, 1001, 1001, 1001, 1500, 1500, 1500, 1500]
15:38:04.194700 ALT: 0.0
15:38:04.194792 ATT: [0.8, 1.5, 24]
15:38:04.195079 ACC: [-20, -20, 754]
15:38:04.205907 Navigation got ALT: 0.0
[1500, 1500, 1600, 1500, 2011, 890, 988, 1601, 1001, 1001, 1001, 1001, 1500, 1500, 1500, 1500]
[1500, 1500, 1600, 1500, 2011, 890, 988, 1601, 1001, 1001, 1001, 1001, 1500, 1500, 1500, 1500]
15:38:04.242778 ALT: 0.0
15:38:04.242866 ATT: [0.8, 2.3, 24]
15:38:04.243155 ACC: [-1, -16, 808]
15:38:04.245955 Navigation got ALT: 0.0
[1500, 1500, 1600, 1500, 2011, 890, 988, 1600, 1001, 1001, 1001, 1001, 1500, 1500, 1500, 1500]
[1500, 1500, 1600, 1500, 2011, 890, 988, 1600, 1001, 1001, 1001, 1001, 1500, 1500, 1500, 1500]
15:38:04.285959 Navigation got ALT: 0.0
[1500, 1499, 1600, 1500, 2011, 890, 988, 1600, 1001, 1001, 1001, 1001, 1500, 1500, 1500, 1500]
[1500, 1499, 1600, 1500, 2011, 890, 988, 1600, 1001, 1001, 1001, 1001, 1500, 1500, 1500, 1500]
15:38:04.306635 ALT: 0.0
15:38:04.306692 ATT: [-0.7, 3.2, 25]
15:38:04.306929 ACC: [-21, -11, 771]
15:38:04.325841 Navigation got ALT: 0.0
[1500, 1500, 1600, 1499, 2011, 890, 988, 1600, 1001, 1001, 1001, 1001, 1500, 1500, 1500, 1500]
[1500, 1500, 1600, 1499, 2011, 890, 988, 1600, 1001, 1001, 1001, 1001, 1500, 1500, 1500, 1500]
15:38:04.354814 ALT: 0.0
15:38:04.354897 ATT: [-1.4, 3.5, 25]
15:38:04.355190 ACC: [-47, 7, 715]
15:38:04.366856 Navigation got ALT: 0.0
[1500, 1500, 1600, 1500, 2011, 890, 988, 1600, 1001, 1001, 1001, 1001, 1500, 1500, 1500, 1500]
[1500, 1500, 1600, 1500, 2011, 890, 988, 1600, 1001, 1001, 1001, 1001, 1500, 1500, 1500, 1500]
15:38:04.403132 ALT: 0.06
15:38:04.403435 ATT: [-2.4, 3.9, 26]
15:38:04.403828 ACC: [-28, 10, 659]
15:38:04.405890 Navigation got ALT: 0.06
[1499, 1500, 1576, 1500, 2011, 890, 988, 1600, 1001, 1001, 1001, 1001, 1500, 1500, 1500, 1500]
[1499, 1500, 1576, 1500, 2011, 890, 988, 1600, 1001, 1001, 1001, 1001, 1500, 1500, 1500, 1500]
15:38:04.446105 Navigation got ALT: 0.06
[1500, 1500, 1600, 1500, 2011, 890, 988, 1600, 1001, 1001, 1001, 1001, 1500, 1500, 1500, 1500]
15:38:04.452044 ALT: 0.08
15:38:04.452134 ATT: [-3.3, 4.6, 28]
15:38:04.452383 ACC: [-50, 6, 561]
[1500, 1500, 1600, 1500, 2011, 890, 988, 1600, 1001, 1001, 1001, 1001, 1500, 1500, 1500, 1500]
15:38:04.485970 Navigation got ALT: 0.08
[1499, 1500, 1600, 1500, 2011, 890, 988, 1600, 1001, 1001, 1001, 1001, 1500, 1500, 1500, 1500]
15:38:04.499017 ALT: 0.08
15:38:04.499218 ATT: [-3.9, 4.3, 30]
15:38:04.499683 ACC: [-15, 26, 528]
[1499, 1500, 1600, 1500, 2011, 890, 988, 1600, 1001, 1001, 1001, 1001, 1500, 1500, 1500, 1500]
15:38:04.525866 Navigation got ALT: 0.08
[1500, 1500, 1600, 1499, 2011, 890, 988, 1600, 1001, 1001, 1001, 1001, 1500, 1500, 1500, 1500]
[1500, 1500, 1600, 1499, 2011, 890, 988, 1600, 1001, 1001, 1001, 1001, 1500, 1500, 1500, 1500]
15:38:04.548009 ALT: 0.08
15:38:04.548146 ATT: [-3.3, 3.8, 32]
15:38:04.549005 ACC: [-23, -25, 455]
15:38:04.567220 Navigation got ALT: 0.08
[1500, 1500, 1600, 1499, 2012, 890, 988, 1600, 1001, 1001, 1001, 1001, 1500, 1500, 1500, 1500]
[1500, 1500, 1600, 1499, 2012, 890, 988, 1600, 1001, 1001, 1001, 1001, 1500, 1500, 1500, 1500]
15:38:04.594889 ALT: 0.08
15:38:04.594985 ATT: [-2.9, 3.6, 33]
15:38:04.595254 ACC: [-31, 13, 465]
15:38:04.606019 Navigation got ALT: 0.08
[1500, 1500, 1600, 1500, 2011, 890, 988, 1600, 1001, 1001, 1001, 1001, 1500, 1500, 1500, 1500]
[1500, 1500, 1600, 1500, 2011, 890, 988, 1600, 1001, 1001, 1001, 1001, 1500, 1500, 1500, 1500]
15:38:04.642768 ALT: 0.08
15:38:04.642869 ATT: [-2.7, 3.2, 35]
15:38:04.643149 ACC: [-39, -9, 453]
15:38:04.646577 Navigation got ALT: 0.08
[1500, 1499, 1600, 1500, 2011, 891, 988, 1598, 1001, 1001, 1001, 1001, 1500, 1500, 1500, 1500]
[1500, 1499, 1600, 1500, 2011, 891, 988, 1598, 1001, 1001, 1001, 1001, 1500, 1500, 1500, 1500]
15:38:04.686002 Navigation got ALT: 0.08
[1500, 1500, 1600, 1500, 2011, 890, 988, 1598, 1001, 1001, 1001, 1001, 1500, 1500, 1500, 1500]
15:38:04.690779 ALT: 0.14
15:38:04.690868 ATT: [-2.7, 2.8, 36]
15:38:04.691137 ACC: [-28, -11, 482]
[1500, 1500, 1600, 1500, 2011, 890, 988, 1598, 1001, 1001, 1001, 1001, 1500, 1500, 1500, 1500]
15:38:04.725807 Navigation got ALT: 0.14
[1500, 1500, 1574, 1500, 2011, 890, 988, 1600, 1001, 1001, 1001, 1001, 1500, 1500, 1500, 1500]
15:38:04.738794 ALT: 0.16
15:38:04.738887 ATT: [-2.5, 2.2, 38]
15:38:04.739121 ACC: [-31, -27, 506]
[1500, 1500, 1574, 1500, 2011, 890, 988, 1600, 1001, 1001, 1001, 1001, 1500, 1500, 1500, 1500]
15:38:04.766181 Navigation got ALT: 0.16
[1500, 1500, 1588, 1499, 2011, 890, 988, 1598, 1001, 1001, 1001, 1001, 1500, 1500, 1500, 1500]
[1500, 1500, 1588, 1499, 2011, 890, 988, 1598, 1001, 1001, 1001, 1001, 1500, 1500, 1500, 1500]
15:38:04.787071 ALT: 0.17
15:38:04.787331 ATT: [-2.4, 1.7, 38]
15:38:04.788023 ACC: [-56, -19, 522]
15:38:04.805953 Navigation got ALT: 0.17
[1500, 1500, 1600, 1500, 2011, 890, 988, 1600, 1001, 1001, 1001, 1001, 1500, 1500, 1500, 1500]
[1500, 1500, 1600, 1500, 2011, 890, 988, 1600, 1001, 1001, 1001, 1001, 1500, 1500, 1500, 1500]
15:38:04.835985 ALT: 0.21
15:38:04.836078 ATT: [-2.7, 0.9, 38]
15:38:04.836326 ACC: [-88, -14, 562]
15:38:04.846373 Navigation got ALT: 0.21
[1500, 1500, 1592, 1499, 2011, 890, 988, 1600, 1001, 1001, 1001, 1001, 1500, 1500, 1500, 1500]
[1500, 1500, 1592, 1499, 2011, 890, 988, 1600, 1001, 1001, 1001, 1001, 1500, 1500, 1500, 1500]
15:38:04.883188 ALT: 0.24
15:38:04.883302 ATT: [-3.4, 1.0, 39]
15:38:04.883696 ACC: [-48, -30, 522]
15:38:04.886196 Navigation got ALT: 0.24
[1499, 1499, 1592, 1500, 2011, 890, 988, 1600, 1001, 1001, 1001, 1001, 1500, 1500, 1500, 1500]
[1499, 1499, 1592, 1500, 2011, 890, 988, 1600, 1001, 1001, 1001, 1001, 1500, 1500, 1500, 1500]
15:38:04.925895 Navigation got ALT: 0.24
[1500, 1500, 1600, 1499, 2011, 890, 988, 1598, 1001, 1001, 1001, 1001, 1500, 1500, 1500, 1500]
15:38:04.931712 ALT: 0.29
15:38:04.931814 ATT: [-4.4, 1.4, 39]
15:38:04.932290 ACC: [-61, -16, 464]
[1500, 1500, 1600, 1499, 2011, 890, 988, 1598, 1001, 1001, 1001, 1001, 1500, 1500, 1500, 1500]
15:38:04.966932 Navigation got ALT: 0.29
[1500, 1499, 1580, 1500, 2011, 890, 988, 1600, 1001, 1001, 1001, 1001, 1500, 1500, 1500, 1500]
15:38:04.978927 ALT: 0.33
15:38:04.979025 ATT: [-5.0, 1.9, 40]
15:38:04.979323 ACC: [-27, -25, 426]
[1500, 1499, 1580, 1500, 2011, 890, 988, 1600, 1001, 1001, 1001, 1001, 1500, 1500, 1500, 1500]
15:38:05.005893 Navigation got ALT: 0.33
[1500, 1500, 1566, 1500, 2011, 890, 988, 1600, 1001, 1001, 1001, 1001, 1500, 1500, 1500, 1500]
[1500, 1500, 1566, 1500, 2011, 890, 988, 1600, 1001, 1001, 1001, 1001, 1500, 1500, 1500, 1500]
15:38:05.026863 ALT: 0.38
15:38:05.026939 ATT: [-5.7, 3.0, 41]
15:38:05.027163 ACC: [-19, -32, 368]
15:38:05.046073 Navigation got ALT: 0.38
[1500, 1500, 1541, 1500, 2011, 890, 986, 1600, 1001, 1001, 1001, 1001, 1500, 1500, 1500, 1500]
[1500, 1500, 1541, 1500, 2011, 890, 986, 1600, 1001, 1001, 1001, 1001, 1500, 1500, 1500, 1500]
15:38:05.074901 ALT: 0.45
15:38:05.074994 ATT: [-6.1, 4.8, 42]
15:38:05.075255 ACC: [10, -32, 262]
15:38:05.086347 Navigation got ALT: 0.45
[1500, 1500, 1494, 1500, 2011, 890, 988, 1601, 1001, 1001, 1001, 1001, 1500, 1500, 1500, 1500]
[1500, 1500, 1494, 1500, 2011, 890, 988, 1601, 1001, 1001, 1001, 1001, 1500, 1500, 1500, 1500]
15:38:05.122964 ALT: 0.5
15:38:05.123056 ATT: [-5.8, 6.0, 42]
15:38:05.123296 ACC: [0, -37, 247]
15:38:05.125913 Navigation got ALT: 0.5
[1499, 1500, 1463, 1499, 2011, 890, 988, 1600, 1001, 1001, 1001, 1001, 1500, 1500, 1500, 1500]
[1499, 1500, 1463, 1499, 2011, 890, 988, 1600, 1001, 1001, 1001, 1001, 1500, 1500, 1500, 1500]
15:38:05.166464 Navigation got ALT: 0.5
[1500, 1500, 1483, 1499, 2011, 890, 988, 1600, 1001, 1001, 1001, 1001, 1500, 1500, 1500, 1500]
15:38:05.170969 ALT: 0.55
15:38:05.171058 ATT: [-5.1, 7.0, 42]
15:38:05.171304 ACC: [19, -31, 258]
[1500, 1500, 1483, 1499, 2011, 890, 988, 1600, 1001, 1001, 1001, 1001, 1500, 1500, 1500, 1500]
15:38:05.205891 Navigation got ALT: 0.55
[1500, 1500, 1450, 1500, 2009, 890, 988, 1600, 1001, 1001, 1001, 1001, 1500, 1500, 1500, 1500]
15:38:05.219187 ALT: 0.62
15:38:05.219431 ATT: [-3.9, 7.7, 41]
15:38:05.220043 ACC: [2, -9, 313]
[1500, 1500, 1450, 1500, 2009, 890, 988, 1600, 1001, 1001, 1001, 1001, 1500, 1500, 1500, 1500]
15:38:05.246309 Navigation got ALT: 0.62
[1500, 1500, 1396, 1500, 2011, 890, 988, 1600, 1001, 1001, 1001, 1001, 1500, 1500, 1500, 1500]
[1500, 1500, 1396, 1500, 2011, 890, 988, 1600, 1001, 1001, 1001, 1001, 1500, 1500, 1500, 1500]
15:38:05.267218 ALT: 0.7
15:38:05.267305 ATT: [-2.8, 7.3, 40]
15:38:05.267657 ACC: [-19, -2, 370]
15:38:05.286256 Navigation got ALT: 0.7
[1500, 1500, 1340, 1500, 2011, 890, 989, 1600, 1001, 1001, 1001, 1001, 1500, 1500, 1500, 1500]
[1500, 1500, 1340, 1500, 2011, 890, 989, 1600, 1001, 1001, 1001, 1001, 1500, 1500, 1500, 1500]
15:38:05.316013 ALT: 0.75
15:38:05.316149 ATT: [-2.6, 6.5, 40]
15:38:05.316735 ACC: [-7, -2, 427]
15:38:05.326079 Navigation got ALT: 0.75
[1499, 1500, 1340, 1500, 2011, 890, 988, 1600, 1001, 1001, 1001, 1001, 1500, 1500, 1500, 1500]
[1499, 1500, 1340, 1500, 2011, 890, 988, 1600, 1001, 1001, 1001, 1001, 1500, 1500, 1500, 1500]
15:38:05.363319 ALT: 0.76
15:38:05.363559 ATT: [-2.6, 5.8, 40]
15:38:05.364061 ACC: [-33, -5, 466]
15:38:05.366867 Navigation got ALT: 0.76
[1500, 1500, 1340, 1499, 2011, 890, 988, 1598, 1001, 1001, 1001, 1001, 1500, 1500, 1500, 1500]
[1500, 1500, 1340, 1499, 2011, 890, 988, 1598, 1001, 1001, 1001, 1001, 1500, 1500, 1500, 1500]
15:38:05.405957 Navigation got ALT: 0.76
[1500, 1500, 1350, 1500, 2011, 890, 988, 1600, 1001, 1001, 1001, 1001, 1500, 1500, 1500, 1500]
15:38:05.411053 ALT: 0.82
15:38:05.411146 ATT: [-3.0, 5.1, 40]
15:38:05.411452 ACC: [-7, -9, 486]
[1500, 1500, 1350, 1500, 2011, 890, 988, 1600, 1001, 1001, 1001, 1001, 1500, 1500, 1500, 1500]
15:38:05.446083 Navigation got ALT: 0.82
[1500, 1500, 1340, 1500, 2011, 890, 988, 1598, 1001, 1001, 1001, 1001, 1500, 1500, 1500, 1500]
15:38:05.459041 ALT: 0.9
15:38:05.459140 ATT: [-3.2, 4.0, 39]
15:38:05.459412 ACC: [-19, -7, 505]
[1500, 1500, 1340, 1500, 2011, 890, 988, 1598, 1001, 1001, 1001, 1001, 1500, 1500, 1500, 1500]
15:38:05.486146 Navigation got ALT: 0.9
[1499, 1499, 1340, 1500, 2011, 890, 988, 1600, 1001, 1001, 1001, 1001, 1500, 1500, 1500, 1500]
[1499, 1499, 1340, 1500, 2011, 890, 988, 1600, 1001, 1001, 1001, 1001, 1500, 1500, 1500, 1500]
15:38:05.507030 ALT: 0.93
15:38:05.507095 ATT: [-2.9, 3.1, 38]
15:38:05.507336 ACC: [1, -37, 525]
15:38:05.526041 Navigation got ALT: 0.93
[1500, 1500, 1340, 1499, 2011, 890, 988, 1600, 1001, 1001, 1001, 1001, 1500, 1500, 1500, 1500]
[1500, 1500, 1340, 1499, 2011, 890, 988, 1600, 1001, 1001, 1001, 1001, 1500, 1500, 1500, 1500]
15:38:05.555044 ALT: 0.99
15:38:05.555137 ATT: [-2.6, 2.4, 37]
15:38:05.555388 ACC: [-21, -25, 524]
15:38:05.567465 Navigation got ALT: 0.99
[1499, 1500, 1340, 1500, 2011, 890, 988, 1600, 1001, 1001, 1001, 1001, 1500, 1500, 1500, 1500]
[1499, 1500, 1340, 1500, 2011, 890, 988, 1600, 1001, 1001, 1001, 1001, 1500, 1500, 1500, 1500]
15:38:05.603406 ALT: 1.07
15:38:05.603654 ATT: [-2.5, 2.0, 37]
15:38:05.604360 ACC: [-7, -34, 531]
15:38:05.606095 Navigation got ALT: 1.07
[1500, 1500, 1340, 1500, 2011, 890, 988, 1600, 1001, 1001, 1001, 1001, 1500, 1500, 1500, 1500]
[1500, 1500, 1340, 1500, 2011, 890, 988, 1600, 1001, 1001, 1001, 1001, 1500, 1500, 1500, 1500]
15:38:05.646122 Navigation got ALT: 1.07
[1500, 1500, 1340, 1499, 2011, 890, 989, 1597, 1001, 1001, 1001, 1001, 1500, 1500, 1500, 1500]
15:38:05.651263 ALT: 1.1
15:38:05.651372 ATT: [-2.8, 1.7, 36]
15:38:05.652060 ACC: [-26, -26, 527]
[1500, 1500, 1340, 1499, 2011, 890, 989, 1597, 1001, 1001, 1001, 1001, 1500, 1500, 1500, 1500]
15:38:05.686268 Navigation got ALT: 1.1
[1500, 1499, 1340, 1500, 2011, 890, 988, 1600, 1001, 1001, 1001, 1001, 1500, 1500, 1500, 1500]
15:38:05.699389 ALT: 1.16
15:38:05.699775 ATT: [-3.0, 1.8, 36]
15:38:05.700396 ACC: [-10, -46, 509]
[1500, 1499, 1340, 1500, 2011, 890, 988, 1600, 1001, 1001, 1001, 1001, 1500, 1500, 1500, 1500]
15:38:05.726054 Navigation got ALT: 1.16
[1499, 1500, 1340, 1499, 2011, 890, 988, 1600, 1001, 1001, 1001, 1001, 1500, 1500, 1500, 1500]
[1499, 1500, 1340, 1499, 2011, 890, 988, 1600, 1001, 1001, 1001, 1001, 1500, 1500, 1500, 1500]
15:38:05.747820 ALT: 1.18
15:38:05.748056 ATT: [-3.2, 1.5, 36]
15:38:05.748630 ACC: [-10, -28, 517]
15:38:05.769588 Navigation got ALT: 1.18
[1500, 1500, 1340, 1499, 2011, 890, 988, 1600, 1001, 1001, 1001, 1001, 1500, 1500, 1500, 1500]
[1500, 1500, 1340, 1499, 2011, 890, 988, 1600, 1001, 1001, 1001, 1001, 1500, 1500, 1500, 1500]
15:38:05.795246 ALT: 1.24
15:38:05.795342 ATT: [-3.4, 1.0, 35]
15:38:05.795630 ACC: [0, -36, 508]
15:38:05.806174 Navigation got ALT: 1.24
[1500, 1500, 1340, 1500, 2011, 890, 988, 1600, 1001, 1001, 1001, 1001, 1500, 1500, 1500, 1500]
[1500, 1500, 1340, 1500, 2011, 890, 988, 1600, 1001, 1001, 1001, 1001, 1500, 1500, 1500, 1500]
15:38:05.843168 ALT: 1.27
15:38:05.843265 ATT: [-3.7, 0.5, 35]
15:38:05.844051 ACC: [-2, -29, 522]
15:38:05.846490 Navigation got ALT: 1.27
[1500, 1500, 1340, 1500, 2011, 890, 988, 1598, 1001, 1001, 1001, 1001, 1500, 1500, 1500, 1500]
[1500, 1500, 1340, 1500, 2011, 890, 988, 1598, 1001, 1001, 1001, 1001, 1500, 1500, 1500, 1500]
15:38:05.886208 Navigation got ALT: 1.27
[1500, 1499, 1340, 1500, 2012, 890, 986, 1600, 1001, 1001, 1001, 1001, 1500, 1500, 1500, 1500]
15:38:05.891089 ALT: 1.27
15:38:05.891175 ATT: [-3.8, 0.3, 34]
15:38:05.891424 ACC: [-3, -26, 508]
[1500, 1499, 1340, 1500, 2012, 890, 986, 1600, 1001, 1001, 1001, 1001, 1500, 1500, 1500, 1500]
15:38:05.926055 Navigation got ALT: 1.27
[1500, 1500, 1340, 1499, 2011, 890, 988, 1600, 1001, 1001, 1001, 1001, 1500, 1500, 1500, 1500]
15:38:05.939181 ALT: 1.31
15:38:05.939270 ATT: [-3.9, 0.0, 33]
15:38:05.939518 ACC: [-14, -26, 521]
[1500, 1500, 1340, 1499, 2011, 890, 988, 1600, 1001, 1001, 1001, 1001, 1500, 1500, 1500, 1500]
15:38:05.966902 Navigation got ALT: 1.31
[1499, 1499, 1340, 1500, 2011, 890, 988, 1600, 1001, 1001, 1001, 1001, 1500, 1500, 1500, 1500]
[1499, 1499, 1340, 1500, 2011, 890, 988, 1600, 1001, 1001, 1001, 1001, 1500, 1500, 1500, 1500]
15:38:05.987494 ALT: 1.35
15:38:05.987776 ATT: [-3.9, 0.0, 33]
15:38:05.988085 ACC: [-4, -30, 517]
15:38:06.006146 Navigation got ALT: 1.35
[1500, 1500, 1340, 1499, 2011, 890, 988, 1598, 1001, 1001, 1001, 1001, 1500, 1500, 1500, 1500]
[1500, 1500, 1340, 1499, 2011, 890, 988, 1598, 1001, 1001, 1001, 1001, 1500, 1500, 1500, 1500]
15:38:06.035760 ALT: 1.36
15:38:06.035868 ATT: [-3.8, 0.0, 33]
15:38:06.036150 ACC: [-8, -35, 513]
15:38:06.046883 Navigation got ALT: 1.36
[1500, 1500, 1340, 1500, 2011, 890, 988, 1600, 1001, 1001, 1001, 1001, 1500, 1500, 1500, 1500]
[1500, 1500, 1340, 1500, 2011, 890, 988, 1600, 1001, 1001, 1001, 1001, 1500, 1500, 1500, 1500]
15:38:06.083369 ALT: 1.36
15:38:06.083474 ATT: [-3.8, 0.0, 33]
15:38:06.083747 ACC: [-11, -23, 512]
15:38:06.086359 Navigation got ALT: 1.36
[1500, 1500, 1340, 1500, 2011, 890, 988, 1600, 1001, 1001, 1001, 1001, 1500, 1500, 1500, 1500]
[1500, 1500, 1340, 1500, 2011, 890, 988, 1600, 1001, 1001, 1001, 1001, 1500, 1500, 1500, 1500]
15:38:06.126113 Navigation got ALT: 1.36
[1499, 1500, 1340, 1500, 2011, 890, 988, 1600, 1001, 1001, 1001, 1001, 1500, 1500, 1500, 1500]
15:38:06.132085 ALT: 1.36
15:38:06.132180 ATT: [-3.5, 0.2, 33]
15:38:06.132910 ACC: [0, -39, 519]
[1499, 1500, 1340, 1500, 2011, 890, 988, 1600, 1001, 1001, 1001, 1001, 1500, 1500, 1500, 1500]
15:38:06.166644 Navigation got ALT: 1.36
[1500, 1500, 1340, 1500, 2011, 890, 988, 1600, 1001, 1001, 1001, 1001, 1500, 1500, 1500, 1500]
15:38:06.179258 ALT: 1.36
15:38:06.179353 ATT: [-3.4, 0.3, 33]
15:38:06.179630 ACC: [-5, -32, 512]
[1500, 1500, 1340, 1500, 2011, 890, 988, 1600, 1001, 1001, 1001, 1001, 1500, 1500, 1500, 1500]
15:38:06.206087 Navigation got ALT: 1.36
[1499, 1500, 1340, 1500, 2011, 890, 988, 1600, 1001, 1001, 1001, 1001, 1500, 1500, 1500, 1500]
[1499, 1500, 1340, 1500, 2011, 890, 988, 1600, 1001, 1001, 1001, 1001, 1500, 1500, 1500, 1500]
15:38:06.227207 ALT: 1.36
15:38:06.227290 ATT: [-3.3, 0.4, 33]
15:38:06.227544 ACC: [-4, -35, 517]
15:38:06.246302 Navigation got ALT: 1.36
[1500, 1500, 1340, 1499, 2012, 889, 988, 1598, 1001, 1001, 1001, 1001, 1500, 1500, 1500, 1500]
[1500, 1500, 1340, 1499, 2012, 889, 988, 1598, 1001, 1001, 1001, 1001, 1500, 1500, 1500, 1500]
15:38:06.275237 ALT: 1.36
15:38:06.275321 ATT: [-3.5, 0.5, 33]
15:38:06.275564 ACC: [1, -32, 516]
15:38:06.286606 Navigation got ALT: 1.36
[1500, 1500, 1340, 1500, 2011, 890, 988, 1598, 1001, 1001, 1001, 1001, 1500, 1500, 1500, 1500]
[1500, 1500, 1340, 1500, 2011, 890, 988, 1598, 1001, 1001, 1001, 1001, 1500, 1500, 1500, 1500]
15:38:06.323313 ALT: 1.36
15:38:06.323403 ATT: [-3.6, 0.3, 34]
15:38:06.323662 ACC: [7, -40, 520]
15:38:06.326194 Navigation got ALT: 1.36
[1500, 1500, 1340, 1500, 2011, 890, 988, 1600, 1001, 1001, 1001, 1001, 1500, 1500, 1500, 1500]
[1500, 1500, 1340, 1500, 2011, 890, 988, 1600, 1001, 1001, 1001, 1001, 1500, 1500, 1500, 1500]
15:38:06.366737 Navigation got ALT: 1.36
[1500, 1500, 1340, 1499, 2011, 890, 988, 1600, 1001, 1001, 1001, 1001, 1500, 1500, 1500, 1500]
[1500, 1500, 1340, 1499, 2011, 890, 988, 1600, 1001, 1001, 1001, 1001, 1500, 1500, 1500, 1500]
15:38:06.387203 ALT: 1.36
15:38:06.387264 ATT: [-3.9, 0.1, 34]
15:38:06.387488 ACC: [1, -35, 520]
15:38:06.406177 Navigation got ALT: 1.36
[1500, 1500, 1340, 1500, 2011, 890, 988, 1600, 1001, 1001, 1001, 1001, 1500, 1500, 1500, 1500]
[1500, 1500, 1340, 1500, 2011, 890, 988, 1600, 1001, 1001, 1001, 1001, 1500, 1500, 1500, 1500]
15:38:06.435596 ALT: 1.36
15:38:06.435870 ATT: [-4.1, 0.0, 34]
15:38:06.436499 ACC: [5, -42, 520]
15:38:06.446371 Navigation got ALT: 1.36
[1500, 1500, 1340, 1500, 2011, 890, 988, 1600, 1001, 1001, 1001, 1001, 1500, 1500, 1500, 1500]
[1500, 1500, 1340, 1500, 2011, 890, 988, 1600, 1001, 1001, 1001, 1001, 1500, 1500, 1500, 1500]
15:38:06.484407 ALT: 1.36
15:38:06.484502 ATT: [-4.3, 0.3, 34]
15:38:06.484759 ACC: [-1, -31, 520]
15:38:06.486113 Navigation got ALT: 1.36
[1500, 1499, 1340, 1499, 2011, 890, 988, 1600, 1001, 1001, 1001, 1001, 1500, 1500, 1500, 1500]
[1500, 1499, 1340, 1499, 2011, 890, 988, 1600, 1001, 1001, 1001, 1001, 1500, 1500, 1500, 1500]
15:38:06.526172 Navigation got ALT: 1.36
[1499, 1500, 1340, 1501, 2009, 890, 988, 1600, 1001, 1001, 1001, 1001, 1500, 1500, 1500, 1500]
15:38:06.531624 ALT: 1.36
15:38:06.531799 ATT: [-4.3, 0.5, 34]
15:38:06.532260 ACC: [4, -41, 520]
[1499, 1500, 1340, 1501, 2009, 890, 988, 1600, 1001, 1001, 1001, 1001, 1500, 1500, 1500, 1500]
15:38:06.566854 Navigation got ALT: 1.36
[1499, 1500, 1340, 1500, 2011, 890, 988, 1598, 1001, 1001, 1001, 1001, 1500, 1500, 1500, 1500]
15:38:06.580009 ALT: 1.36
15:38:06.580318 ATT: [-4.4, 0.7, 34]
15:38:06.580703 ACC: [-5, -35, 515]
[1499, 1500, 1340, 1500, 2011, 890, 988, 1598, 1001, 1001, 1001, 1001, 1500, 1500, 1500, 1500]
15:38:06.606181 Navigation got ALT: 1.36
[1500, 1500, 1340, 1500, 2011, 890, 988, 1600, 1001, 1001, 1001, 1001, 1500, 1500, 1500, 1500]
[1500, 1500, 1340, 1500, 2011, 890, 988, 1600, 1001, 1001, 1001, 1001, 1500, 1500, 1500, 1500]
15:38:06.627292 ALT: 1.36
15:38:06.627372 ATT: [-4.5, 0.9, 34]
15:38:06.627637 ACC: [-5, -36, 516]
15:38:06.646319 Navigation got ALT: 1.36
[1500, 1500, 1340, 1500, 2011, 890, 988, 1600, 1001, 1001, 1001, 1001, 1500, 1500, 1500, 1500]
[1500, 1500, 1340, 1500, 2011, 890, 988, 1600, 1001, 1001, 1001, 1001, 1500, 1500, 1500, 1500]
15:38:06.675366 ALT: 1.36
15:38:06.675462 ATT: [-4.6, 0.9, 34]
15:38:06.675739 ACC: [0, -38, 515]
15:38:06.686252 Navigation got ALT: 1.36
[1500, 1499, 1340, 1500, 2011, 890, 988, 1600, 1001, 1001, 1001, 1001, 1500, 1500, 1500, 1500]
[1500, 1499, 1340, 1500, 2011, 890, 988, 1600, 1001, 1001, 1001, 1001, 1500, 1500, 1500, 1500]
15:38:06.723408 ALT: 1.36
15:38:06.723498 ATT: [-4.7, 0.8, 34]
15:38:06.723793 ACC: [-2, -31, 513]
15:38:06.726148 Navigation got ALT: 1.36
[1500, 1500, 1340, 1499, 2011, 890, 988, 1600, 1001, 1001, 1001, 1001, 1500, 1500, 1500, 1500]
[1500, 1500, 1340, 1499, 2011, 890, 988, 1600, 1001, 1001, 1001, 1001, 1500, 1500, 1500, 1500]
15:38:06.767075 Navigation got ALT: 1.36
[1500, 1500, 1340, 1500, 2011, 890, 988, 1600, 1001, 1001, 1001, 1001, 1500, 1500, 1500, 1500]
15:38:06.771421 ALT: 1.36
15:38:06.771508 ATT: [-4.7, 0.6, 34]
15:38:06.771749 ACC: [1, -33, 516]
[1500, 1500, 1340, 1500, 2011, 890, 988, 1600, 1001, 1001, 1001, 1001, 1500, 1500, 1500, 1500]
15:38:06.806162 Navigation got ALT: 1.36
[1499, 1499, 1340, 1500, 2011, 890, 988, 1600, 1001, 1001, 1001, 1001, 1500, 1500, 1500, 1500]
15:38:06.819630 ALT: 1.36
15:38:06.819774 ATT: [-4.6, 0.5, 34]
15:38:06.820162 ACC: [-3, -36, 519]
[1499, 1499, 1340, 1500, 2011, 890, 988, 1600, 1001, 1001, 1001, 1001, 1500, 1500, 1500, 1500]
15:38:06.846382 Navigation got ALT: 1.36
[1500, 1500, 1340, 1499, 2011, 890, 988, 1598, 1001, 1001, 1001, 1001, 1500, 1500, 1500, 1500]
[1500, 1500, 1340, 1499, 2011, 890, 988, 1598, 1001, 1001, 1001, 1001, 1500, 1500, 1500, 1500]
15:38:06.868107 ALT: 1.36
15:38:06.868228 ATT: [-4.6, 0.4, 34]
15:38:06.868614 ACC: [-5, -34, 517]
15:38:06.886255 Navigation got ALT: 1.36
[1500, 1500, 1340, 1500, 2011, 890, 988, 1600, 1001, 1001, 1001, 1001, 1500, 1500, 1500, 1500]
[1500, 1500, 1340, 1500, 2011, 890, 988, 1600, 1001, 1001, 1001, 1001, 1500, 1500, 1500, 1500]
15:38:06.916178 ALT: 1.36
15:38:06.918366 ATT: [-4.5, 0.3, 34]
15:38:06.918884 ACC: [-8, -39, 516]
15:38:06.926348 Navigation got ALT: 1.36
[1499, 1500, 1340, 1500, 2011, 890, 988, 1600, 1001, 1001, 1001, 1001, 1500, 1500, 1500, 1500]
[1499, 1500, 1340, 1500, 2011, 890, 988, 1600, 1001, 1001, 1001, 1001, 1500, 1500, 1500, 1500]
15:38:06.964112 ALT: 1.36
15:38:06.964216 ATT: [-4.5, 0.3, 34]
15:38:06.964719 ACC: [-8, -34, 512]
15:38:06.967729 Navigation got ALT: 1.36
[1500, 1500, 1340, 1500, 2011, 890, 988, 1600, 1001, 1001, 1001, 1001, 1500, 1500, 1500, 1500]
[1500, 1500, 1340, 1500, 2011, 890, 988, 1600, 1001, 1001, 1001, 1001, 1500, 1500, 1500, 1500]
15:38:07.006192 Navigation got ALT: 1.36
[1499, 1500, 1340, 1500, 2011, 890, 988, 1600, 1001, 1001, 1001, 1001, 1500, 1500, 1500, 1500]
15:38:07.011453 ALT: 1.36
15:38:07.011538 ATT: [-4.5, 0.2, 34]
15:38:07.011814 ACC: [-6, -35, 509]
[1499, 1500, 1340, 1500, 2011, 890, 988, 1600, 1001, 1001, 1001, 1001, 1500, 1500, 1500, 1500]
15:38:07.046292 Navigation got ALT: 1.36
[1501, 1499, 1340, 1500, 2011, 890, 989, 1598, 1001, 1001, 1001, 1001, 1500, 1500, 1500, 1500]
15:38:07.059507 ALT: 1.36
15:38:07.059605 ATT: [-4.5, 0.2, 34]
15:38:07.059900 ACC: [0, -32, 515]
[1501, 1499, 1340, 1500, 2011, 890, 989, 1598, 1001, 1001, 1001, 1001, 1500, 1500, 1500, 1500]
15:38:07.086232 Navigation got ALT: 1.36
[1499, 1500, 1340, 1500, 2011, 890, 988, 1600, 1001, 1001, 1001, 1001, 1500, 1500, 1500, 1500]
[1499, 1500, 1340, 1500, 2011, 890, 988, 1600, 1001, 1001, 1001, 1001, 1500, 1500, 1500, 1500]
15:38:07.107422 ALT: 1.36
15:38:07.107483 ATT: [-4.4, 0.1, 34]
15:38:07.107708 ACC: [1, -37, 515]
15:38:07.126285 Navigation got ALT: 1.36
[1500, 1500, 1340, 1500, 2011, 890, 988, 1600, 1001, 1001, 1001, 1001, 1500, 1500, 1500, 1500]
[1500, 1500, 1340, 1500, 2011, 890, 988, 1600, 1001, 1001, 1001, 1001, 1500, 1500, 1500, 1500]
15:38:07.155528 ALT: 1.36
15:38:07.155619 ATT: [-4.3, 0.0, 34]
15:38:07.155888 ACC: [2, -33, 520]
15:38:07.167267 Navigation got ALT: 1.36
[1499, 1500, 1340, 1500, 2011, 890, 988, 1600, 1001, 1001, 1001, 1001, 1500, 1500, 1500, 1500]
[1499, 1500, 1340, 1500, 2011, 890, 988, 1600, 1001, 1001, 1001, 1001, 1500, 1500, 1500, 1500]
15:38:07.203955 ALT: 1.36
15:38:07.204066 ATT: [-4.2, -0.1, 34]
15:38:07.204392 ACC: [2, -38, 522]
15:38:07.206237 Navigation got ALT: 1.36
[1500, 1500, 1340, 1499, 2011, 890, 988, 1601, 1001, 1001, 1001, 1001, 1500, 1500, 1500, 1500]
[1500, 1500, 1340, 1499, 2011, 890, 988, 1601, 1001, 1001, 1001, 1001, 1500, 1500, 1500, 1500]
15:38:07.246385 Navigation got ALT: 1.36
[1500, 1500, 1340, 1500, 2011, 890, 988, 1598, 1001, 1001, 1001, 1001, 1500, 1500, 1500, 1500]
15:38:07.251898 ALT: 1.36
15:38:07.252163 ATT: [-4.2, -0.2, 34]
15:38:07.252774 ACC: [3, -31, 517]
[1500, 1500, 1340, 1500, 2011, 890, 988, 1598, 1001, 1001, 1001, 1001, 1500, 1500, 1500, 1500]
15:38:07.286286 Navigation got ALT: 1.36
[1500, 1499, 1340, 1500, 2011, 890, 988, 1600, 1001, 1001, 1001, 1001, 1500, 1500, 1500, 1500]
15:38:07.301169 ALT: 1.36
15:38:07.301349 ATT: [-4.3, -0.2, 34]
15:38:07.301777 ACC: [6, -32, 510]
[1500, 1499, 1340, 1500, 2011, 890, 988, 1600, 1001, 1001, 1001, 1001, 1500, 1500, 1500, 1500]
15:38:07.326279 Navigation got ALT: 1.36
[1500, 1500, 1340, 1499, 2012, 890, 988, 1600, 1001, 1001, 1001, 1001, 1500, 1500, 1500, 1500]
[1500, 1500, 1340, 1499, 2012, 890, 988, 1600, 1001, 1001, 1001, 1001, 1500, 1500, 1500, 1500]
15:38:07.348104 ALT: 1.36
15:38:07.348369 ATT: [-4.1, -0.2, 34]
15:38:07.348936 ACC: [3, -33, 509]
15:38:07.367174 Navigation got ALT: 1.36
[1500, 1500, 1340, 1500, 2011, 890, 988, 1600, 1001, 1001, 1001, 1001, 1500, 1500, 1500, 1500]
[1500, 1500, 1340, 1500, 2011, 890, 988, 1600, 1001, 1001, 1001, 1001, 1500, 1500, 1500, 1500]
15:38:07.395606 ALT: 1.36
15:38:07.395698 ATT: [-4.0, -0.2, 34]
15:38:07.395995 ACC: [-1, -31, 512]
15:38:07.406413 Navigation got ALT: 1.36
[1500, 1499, 1340, 1500, 2011, 890, 988, 1600, 1001, 1001, 1001, 1001, 1500, 1500, 1500, 1500]
[1500, 1499, 1340, 1500, 2011, 890, 988, 1600, 1001, 1001, 1001, 1001, 1500, 1500, 1500, 1500]
15:38:07.443577 ALT: 1.36
15:38:07.443679 ATT: [-3.8, -0.2, 34]
15:38:07.443949 ACC: [2, -35, 514]
15:38:07.446448 Navigation got ALT: 1.36
[1500, 1500, 1340, 1500, 2011, 890, 988, 1598, 1001, 1001, 1001, 1001, 1500, 1500, 1500, 1500]
[1500, 1500, 1340, 1500, 2011, 890, 988, 1598, 1001, 1001, 1001, 1001, 1500, 1500, 1500, 1500]
15:38:07.486287 Navigation got ALT: 1.36
[1500, 1499, 1340, 1500, 2011, 890, 988, 1600, 1001, 1001, 1001, 1001, 1500, 1500, 1500, 1500]
15:38:07.491474 ALT: 1.36
15:38:07.491535 ATT: [-3.7, -0.3, 34]
15:38:07.491765 ACC: [1, -31, 514]
[1500, 1499, 1340, 1500, 2011, 890, 988, 1600, 1001, 1001, 1001, 1001, 1500, 1500, 1500, 1500]
15:38:07.526256 Navigation got ALT: 1.36
[1500, 1500, 1340, 1500, 2011, 890, 988, 1600, 1001, 1001, 1001, 1001, 1500, 1500, 1500, 1500]
15:38:07.539623 ALT: 1.36
15:38:07.539713 ATT: [-3.7, -0.3, 34]
15:38:07.539965 ACC: [3, -32, 519]
[1500, 1500, 1340, 1500, 2011, 890, 988, 1600, 1001, 1001, 1001, 1001, 1500, 1500, 1500, 1500]
15:38:07.567580 Navigation got ALT: 1.36
[1500, 1500, 1340, 1499, 2011, 890, 988, 1600, 1001, 1001, 1001, 1001, 1500, 1500, 1500, 1500]
[1500, 1500, 1340, 1499, 2011, 890, 988, 1600, 1001, 1001, 1001, 1001, 1500, 1500, 1500, 1500]
15:38:07.587558 ALT: 1.36
15:38:07.587616 ATT: [-3.7, -0.2, 34]
15:38:07.587825 ACC: [4, -30, 518]
15:38:07.606352 Navigation got ALT: 1.36
[1500, 1500, 1340, 1500, 2011, 890, 988, 1600, 1001, 1001, 1001, 1001, 1500, 1500, 1500, 1500]
[1500, 1500, 1340, 1500, 2011, 890, 988, 1600, 1001, 1001, 1001, 1001, 1500, 1500, 1500, 1500]
15:38:07.635851 ALT: 1.36
15:38:07.636099 ATT: [-3.7, -0.2, 34]
15:38:07.636656 ACC: [-1, -29, 513]
15:38:07.646511 Navigation got ALT: 1.36
[1500, 1499, 1340, 1500, 2011, 891, 986, 1600, 1001, 1001, 1001, 1001, 1500, 1500, 1500, 1500]
[1500, 1499, 1340, 1500, 2011, 891, 986, 1600, 1001, 1001, 1001, 1001, 1500, 1500, 1500, 1500]
15:38:07.684054 ALT: 1.36
15:38:07.684346 ATT: [-3.8, -0.2, 34]
15:38:07.684797 ACC: [1, -26, 520]
15:38:07.686355 Navigation got ALT: 1.36
[1500, 1499, 1340, 1499, 2011, 890, 988, 1600, 1001, 1001, 1001, 1001, 1500, 1500, 1500, 1500]
[1500, 1499, 1340, 1499, 2011, 890, 988, 1600, 1001, 1001, 1001, 1001, 1500, 1500, 1500, 1500]
15:38:07.726339 Navigation got ALT: 1.36
[1500, 1499, 1340, 1500, 2011, 890, 988, 1600, 1001, 1001, 1001, 1001, 1500, 1500, 1500, 1500]
15:38:07.732337 ALT: 1.36
15:38:07.732522 ATT: [-3.7, -0.2, 34]
15:38:07.733093 ACC: [1, -31, 515]
[1500, 1499, 1340, 1500, 2011, 890, 988, 1600, 1001, 1001, 1001, 1001, 1500, 1500, 1500, 1500]
15:38:07.767267 Navigation got ALT: 1.36
[1499, 1500, 1340, 1499, 2011, 890, 988, 1600, 1001, 1001, 1001, 1001, 1500, 1500, 1500, 1500]
15:38:07.779996 ALT: 1.36
15:38:07.780081 ATT: [-3.7, -0.3, 34]
15:38:07.780329 ACC: [-2, -30, 518]
[1499, 1500, 1340, 1499, 2011, 890, 988, 1600, 1001, 1001, 1001, 1001, 1500, 1500, 1500, 1500]
15:38:07.806382 Navigation got ALT: 1.36
[1500, 1500, 1340, 1499, 2011, 890, 988, 1600, 1001, 1001, 1001, 1001, 1500, 1500, 1500, 1500]
[1500, 1500, 1340, 1499, 2011, 890, 988, 1600, 1001, 1001, 1001, 1001, 1500, 1500, 1500, 1500]
15:38:07.827692 ALT: 1.36
15:38:07.827776 ATT: [-3.7, -0.3, 34]
15:38:07.828033 ACC: [5, -29, 514]
15:38:07.846565 Navigation got ALT: 1.36
[1500, 1500, 1340, 1500, 2011, 890, 988, 1600, 1001, 1001, 1001, 1001, 1500, 1500, 1500, 1500]
[1500, 1500, 1340, 1500, 2011, 890, 988, 1600, 1001, 1001, 1001, 1001, 1500, 1500, 1500, 1500]
15:38:07.875747 ALT: 1.36
15:38:07.875846 ATT: [-3.7, -0.2, 34]
15:38:07.876143 ACC: [0, -27, 517]
15:38:07.886421 Navigation got ALT: 1.36
[1500, 1499, 1340, 1500, 2011, 890, 988, 1600, 1001, 1001, 1001, 1001, 1500, 1500, 1500, 1500]
[1500, 1499, 1340, 1500, 2011, 890, 988, 1600, 1001, 1001, 1001, 1001, 1500, 1500, 1500, 1500]
15:38:07.923734 ALT: 1.36
15:38:07.923823 ATT: [-3.7, -0.1, 34]
15:38:07.924075 ACC: [2, -29, 514]
15:38:07.926297 Navigation got ALT: 1.36
                                                                                                                                                                                                                                                                                                                                                                                                                                                                                                                                                                                                            