Waiting for MSP_API_VERSION reply...
Waiting for MSP_FC_VARIANT reply...
{'apiVersion': '1.44.0', 'flightControllerIdentifier': 'BTFL', 'flightControllerVersion': '4.3.2', 'version': 0, 'buildInfo': 'Apr  7 2023 03:15:27', 'multiType': 0, 'msp_version': 0, 'capability': 0, 'cycleTime': 314, 'i2cError': 0, 'activeSensors': 39, 'mode': 2, 'profile': 0, 'uid': [4653116, 1345409042, 540357454], 'accelerometerTrims': [0, 0], 'name': '', 'displayName': 'BOARD MODULE', 'numProfiles': 3, 'rateProfile': 0, 'boardType': 2, 'armingDisableCount': 26, 'armingDisableFlags': 4, 'armingDisabled': False, 'runawayTakeoffPreventionDisabled': False, 'boardIdentifier': 'SBF4', 'boardVersion': 0, 'commCapabilities': 3, 'targetName': 'SPEEDYBEEF405V3', 'boardName': 'SPEEDYBEEF405V3', 'manufacturerId': '', 'signature': [0, 0, 0, 0, 0, 0, 0, 0, 0, 0, 0, 0, 0, 0, 0, 0, 0, 0, 0, 0, 0, 0, 0, 0, 0, 0, 0, 0, 0, 0, 0, 0], 'cpuload': 39, 'mcuTypeId': 3, 'mspProtocolVersion': 0, 'flightModeFlags': []}
12:03:09.776472 ALT: 0.04
12:03:09.776610 ATT: [1.1, -1.0, 273]
12:03:09.777035 ACC: [9, 10, 518]
12:03:09.824478 ALT: 0.04
12:03:09.824591 ATT: [1.1, -1.0, 273]
12:03:09.824779 ACC: [9, 9, 517]
Easycap format used: ImageFormat(type=<BufType.VIDEO_CAPTURE: 1>, description='YUYV 4:2:2', flags=<ImageFormatFlag.0: 0>, pixel_format=<PixelFormat.YUYV: 1448695129>)
Easycap format used: ImageFormat(type=<BufType.VIDEO_CAPTURE: 1>, description='Motion-JPEG', flags=<ImageFormatFlag.COMPRESSED: 1>, pixel_format=<PixelFormat.MJPEG: 1196444237>)
12:03:09.872647 ALT: 0.04
12:03:09.872798 ATT: [1.1, -1.0, 273]
12:03:09.873052 ACC: [10, 10, 517]
12:03:09.924146 ALT: 0.04
12:03:09.924265 ATT: [1.1, -1.0, 273]
12:03:09.924455 ACC: [9, 10, 517]
12:03:09.968588 ALT: 0.04
12:03:09.968768 ATT: [1.1, -1.0, 273]
12:03:09.969032 ACC: [9, 10, 517]
12:03:10.016687 ALT: 0.04
12:03:10.016809 ATT: [1.1, -1.0, 273]
12:03:10.017064 ACC: [10, 10, 517]
12:03:10.064479 ALT: 0.04
12:03:10.064588 ATT: [1.1, -1.0, 273]
12:03:10.064778 ACC: [9, 10, 517]
12:03:10.112515 ALT: 0.04
12:03:10.112632 ATT: [1.1, -1.0, 273]
12:03:10.112851 ACC: [10, 11, 518]
12:03:10.160640 ALT: 0.04
12:03:10.160770 ATT: [1.1, -1.0, 273]
12:03:10.161289 ACC: [9, 9, 518]
12:03:10.208776 ALT: 0.04
12:03:10.208885 ATT: [1.1, -1.0, 273]
12:03:10.209070 ACC: [10, 10, 517]
Initialize navigation params:
Delay=0.03, Kp=40.0, Ki=0.0, Kd=40.0
Starting Main workflow
12:03:10.262523 Starting ALT HOLD mode
!ALT_HOLD ERROR! Set desired ALT to 0 !
Desired ALT is 0
[1500, 1500, 988, 1500, 988, 988, 988, 1598, 1001, 1001, 1001, 1001, 1500, 1500, 1500, 1500]
[1500, 1500, 988, 1500, 988, 988, 988, 1598, 1001, 1001, 1001, 1001, 1500, 1500, 1500, 1500]
12:03:10.272528 ALT: 0.04
12:03:10.272640 ATT: [1.1, -1.0, 273]
12:03:10.272969 ACC: [9, 9, 518]
[1500, 1500, 988, 1500, 988, 988, 988, 1598, 1001, 1001, 1001, 1001, 1500, 1500, 1500, 1500]
12:03:10.283735 Navigation got ALT: 0.04
[1500, 1500, 988, 1500, 988, 988, 988, 1600, 1001, 1001, 1001, 1001, 1500, 1500, 1500, 1500]
[1500, 1500, 988, 1500, 988, 988, 988, 1600, 1001, 1001, 1001, 1001, 1500, 1500, 1500, 1500]
[1500, 1500, 988, 1500, 988, 988, 988, 1600, 1001, 1001, 1001, 1001, 1500, 1500, 1500, 1500]
12:03:10.317452 Navigation got ALT: 0.04
[1500, 1500, 988, 1500, 988, 988, 988, 1598, 1001, 1001, 1001, 1001, 1500, 1500, 1500, 1500]
[1500, 1500, 988, 1500, 988, 988, 988, 1598, 1001, 1001, 1001, 1001, 1500, 1500, 1500, 1500]
[1500, 1500, 988, 1500, 988, 988, 988, 1598, 1001, 1001, 1001, 1001, 1500, 1500, 1500, 1500]
[1500, 1500, 988, 1500, 988, 988, 988, 1598, 1001, 1001, 1001, 1001, 1500, 1500, 1500, 1500]
[1500, 1500, 988, 1500, 988, 988, 988, 1598, 1001, 1001, 1001, 1001, 1500, 1500, 1500, 1500]
[1500, 1500, 988, 1500, 988, 988, 988, 1598, 1001, 1001, 1001, 1001, 1500, 1500, 1500, 1500]
12:03:10.337817 ALT: 0.04
12:03:10.337961 ATT: [1.1, -1.0, 273]
12:03:10.338463 ACC: [10, 10, 518]
[1500, 1500, 988, 1500, 988, 988, 988, 1598, 1001, 1001, 1001, 1001, 1500, 1500, 1500, 1500]
12:03:10.350058 Navigation got ALT: 0.04
[1500, 1500, 988, 1500, 988, 988, 988, 1600, 1001, 1001, 1001, 1001, 1500, 1500, 1500, 1500]
[1500, 1500, 988, 1500, 988, 988, 988, 1600, 1001, 1001, 1001, 1001, 1500, 1500, 1500, 1500]
[1500, 1500, 988, 1500, 988, 988, 988, 1600, 1001, 1001, 1001, 1001, 1500, 1500, 1500, 1500]
[1500, 1500, 988, 1500, 988, 988, 988, 1600, 1001, 1001, 1001, 1001, 1500, 1500, 1500, 1500]
[1500, 1500, 988, 1500, 988, 988, 988, 1600, 1001, 1001, 1001, 1001, 1500, 1500, 1500, 1500]
12:03:10.382235 Navigation got ALT: 0.04
[1500, 1500, 988, 1500, 988, 988, 988, 1600, 1001, 1001, 1001, 1001, 1500, 1500, 1500, 1500]
12:03:10.385476 ALT: 0.04
12:03:10.385594 ATT: [1.1, -1.0, 273]
12:03:10.385991 ACC: [9, 10, 517]
[1500, 1500, 988, 1500, 988, 988, 988, 1600, 1001, 1001, 1001, 1001, 1500, 1500, 1500, 1500]
[1500, 1500, 988, 1500, 988, 988, 988, 1600, 1001, 1001, 1001, 1001, 1500, 1500, 1500, 1500]
[1500, 1500, 988, 1500, 988, 988, 988, 1600, 1001, 1001, 1001, 1001, 1500, 1500, 1500, 1500]
[1500, 1500, 988, 1500, 988, 988, 988, 1600, 1001, 1001, 1001, 1001, 1500, 1500, 1500, 1500]
12:03:10.416047 Navigation got ALT: 0.04
[1500, 1499, 988, 1500, 988, 988, 988, 1600, 1001, 1001, 1001, 1001, 1500, 1500, 1500, 1500]
[1500, 1499, 988, 1500, 988, 988, 988, 1600, 1001, 1001, 1001, 1001, 1500, 1500, 1500, 1500]
[1500, 1499, 988, 1500, 988, 988, 988, 1600, 1001, 1001, 1001, 1001, 1500, 1500, 1500, 1500]
12:03:10.432667 ALT: 0.04
12:03:10.432780 ATT: [1.1, -1.0, 273]
12:03:10.433184 ACC: [10, 10, 517]
[1500, 1499, 988, 1500, 988, 988, 988, 1600, 1001, 1001, 1001, 1001, 1500, 1500, 1500, 1500]
[1500, 1499, 988, 1500, 988, 988, 988, 1600, 1001, 1001, 1001, 1001, 1500, 1500, 1500, 1500]
12:03:10.450504 Navigation got ALT: 0.04
[1499, 1500, 988, 1500, 988, 988, 988, 1600, 1001, 1001, 1001, 1001, 1500, 1500, 1500, 1500]
[1499, 1500, 988, 1500, 988, 988, 988, 1600, 1001, 1001, 1001, 1001, 1500, 1500, 1500, 1500]
[1499, 1500, 988, 1500, 988, 988, 988, 1600, 1001, 1001, 1001, 1001, 1500, 1500, 1500, 1500]
[1499, 1500, 988, 1500, 988, 988, 988, 1600, 1001, 1001, 1001, 1001, 1500, 1500, 1500, 1500]
[1499, 1500, 988, 1500, 988, 988, 988, 1600, 1001, 1001, 1001, 1001, 1500, 1500, 1500, 1500]
12:03:10.480690 ALT: 0.04
12:03:10.480807 ATT: [1.1, -1.0, 273]
12:03:10.481257 ACC: [9, 10, 517]
12:03:10.482793 Navigation got ALT: 0.04
[1500, 1500, 988, 1500, 988, 988, 988, 1600, 1001, 1001, 1001, 1001, 1500, 1500, 1500, 1500]
[1500, 1500, 988, 1500, 988, 988, 988, 1600, 1001, 1001, 1001, 1001, 1500, 1500, 1500, 1500]
[1500, 1500, 988, 1500, 988, 988, 988, 1600, 1001, 1001, 1001, 1001, 1500, 1500, 1500, 1500]
[1500, 1500, 988, 1500, 988, 988, 988, 1600, 1001, 1001, 1001, 1001, 1500, 1500, 1500, 1500]
[1500, 1500, 988, 1500, 988, 988, 988, 1600, 1001, 1001, 1001, 1001, 1500, 1500, 1500, 1500]
12:03:10.515569 Navigation got ALT: 0.04
[1499, 1500, 988, 1500, 988, 988, 988, 1600, 1001, 1001, 1001, 1001, 1500, 1500, 1500, 1500]
[1499, 1500, 988, 1500, 988, 988, 988, 1600, 1001, 1001, 1001, 1001, 1500, 1500, 1500, 1500]
[1499, 1500, 988, 1500, 988, 988, 988, 1600, 1001, 1001, 1001, 1001, 1500, 1500, 1500, 1500]
12:03:10.529773 ALT: 0.04
12:03:10.529920 ATT: [1.1, -1.0, 273]
12:03:10.530314 ACC: [10, 10, 517]
[1499, 1500, 988, 1500, 988, 988, 988, 1600, 1001, 1001, 1001, 1001, 1500, 1500, 1500, 1500]
[1499, 1500, 988, 1500, 988, 988, 988, 1600, 1001, 1001, 1001, 1001, 1500, 1500, 1500, 1500]
12:03:10.548807 Navigation got ALT: 0.04
[1500, 1499, 988, 1500, 988, 988, 988, 1600, 1001, 1001, 1001, 1001, 1500, 1500, 1500, 1500]
[1500, 1499, 988, 1500, 988, 988, 988, 1600, 1001, 1001, 1001, 1001, 1500, 1500, 1500, 1500]
[1500, 1499, 988, 1500, 988, 988, 988, 1600, 1001, 1001, 1001, 1001, 1500, 1500, 1500, 1500]
[1500, 1499, 988, 1500, 988, 988, 988, 1600, 1001, 1001, 1001, 1001, 1500, 1500, 1500, 1500]
[1500, 1499, 988, 1500, 988, 988, 988, 1600, 1001, 1001, 1001, 1001, 1500, 1500, 1500, 1500]
12:03:10.576462 ALT: 0.04
12:03:10.576529 ATT: [1.1, -1.0, 273]
12:03:10.576758 ACC: [10, 10, 517]
12:03:10.582179 Navigation got ALT: 0.04
[1500, 1499, 988, 1500, 988, 988, 988, 1600, 1001, 1001, 1001, 1001, 1500, 1500, 1500, 1500]
[1500, 1499, 988, 1500, 988, 988, 988, 1600, 1001, 1001, 1001, 1001, 1500, 1500, 1500, 1500]
[1500, 1499, 988, 1500, 988, 988, 988, 1600, 1001, 1001, 1001, 1001, 1500, 1500, 1500, 1500]
[1500, 1499, 988, 1500, 988, 988, 988, 1600, 1001, 1001, 1001, 1001, 1500, 1500, 1500, 1500]
[1500, 1499, 988, 1500, 988, 988, 988, 1600, 1001, 1001, 1001, 1001, 1500, 1500, 1500, 1500]
12:03:10.615387 Navigation got ALT: 0.04
[1499, 1500, 988, 1500, 988, 988, 988, 1600, 1001, 1001, 1001, 1001, 1500, 1500, 1500, 1500]
[1499, 1500, 988, 1500, 988, 988, 988, 1600, 1001, 1001, 1001, 1001, 1500, 1500, 1500, 1500]
12:03:10.624460 ALT: 0.04
12:03:10.624518 ATT: [1.1, -1.0, 273]
12:03:10.624745 ACC: [8, 10, 517]
[1499, 1500, 988, 1500, 988, 988, 988, 1600, 1001, 1001, 1001, 1001, 1500, 1500, 1500, 1500]
[1499, 1500, 988, 1500, 988, 988, 988, 1600, 1001, 1001, 1001, 1001, 1500, 1500, 1500, 1500]
[1499, 1500, 988, 1500, 988, 988, 988, 1600, 1001, 1001, 1001, 1001, 1500, 1500, 1500, 1500]
12:03:10.649383 Navigation got ALT: 0.04
[1500, 1500, 988, 1500, 988, 988, 988, 1600, 1001, 1001, 1001, 1001, 1500, 1500, 1500, 1500]
[1500, 1500, 988, 1500, 988, 988, 988, 1600, 1001, 1001, 1001, 1001, 1500, 1500, 1500, 1500]
[1500, 1500, 988, 1500, 988, 988, 988, 1600, 1001, 1001, 1001, 1001, 1500, 1500, 1500, 1500]
[1500, 1500, 988, 1500, 988, 988, 988, 1600, 1001, 1001, 1001, 1001, 1500, 1500, 1500, 1500]
12:03:10.673535 ALT: 0.04
12:03:10.674350 ATT: [1.1, -1.0, 273]
12:03:10.676283 ACC: [9, 10, 518]
12:03:10.679830 Navigation got ALT: 0.04
[1500, 1500, 988, 1499, 988, 988, 988, 1600, 1001, 1001, 1001, 1001, 1500, 1500, 1500, 1500]
[1500, 1500, 988, 1499, 988, 988, 988, 1600, 1001, 1001, 1001, 1001, 1500, 1500, 1500, 1500]
[1500, 1500, 988, 1499, 988, 988, 988, 1600, 1001, 1001, 1001, 1001, 1500, 1500, 1500, 1500]
[1500, 1500, 988, 1499, 988, 988, 988, 1600, 1001, 1001, 1001, 1001, 1500, 1500, 1500, 1500]
[1500, 1500, 988, 1499, 988, 988, 988, 1600, 1001, 1001, 1001, 1001, 1500, 1500, 1500, 1500]
[1500, 1500, 988, 1499, 988, 988, 988, 1600, 1001, 1001, 1001, 1001, 1500, 1500, 1500, 1500]
12:03:10.715328 Navigation got ALT: 0.04
[1500, 1500, 988, 1500, 988, 988, 988, 1600, 1001, 1001, 1001, 1001, 1500, 1500, 1500, 1500]
12:03:10.721680 ALT: 0.04
12:03:10.721868 ATT: [1.1, -1.0, 273]
12:03:10.722551 ACC: [9, 10, 517]
[1500, 1500, 988, 1500, 988, 988, 988, 1600, 1001, 1001, 1001, 1001, 1500, 1500, 1500, 1500]
[1500, 1500, 988, 1500, 988, 988, 988, 1600, 1001, 1001, 1001, 1001, 1500, 1500, 1500, 1500]
[1500, 1500, 988, 1500, 988, 988, 988, 1600, 1001, 1001, 1001, 1001, 1500, 1500, 1500, 1500]
[1500, 1500, 988, 1500, 988, 988, 988, 1600, 1001, 1001, 1001, 1001, 1500, 1500, 1500, 1500]
12:03:10.750173 Navigation got ALT: 0.04
[1500, 1500, 988, 1500, 988, 988, 988, 1598, 1001, 1001, 1001, 1001, 1500, 1500, 1500, 1500]
[1500, 1500, 988, 1500, 988, 988, 988, 1598, 1001, 1001, 1001, 1001, 1500, 1500, 1500, 1500]
[1500, 1500, 988, 1500, 988, 988, 988, 1598, 1001, 1001, 1001, 1001, 1500, 1500, 1500, 1500]
12:03:10.768575 ALT: 0.04
12:03:10.768709 ATT: [1.1, -1.0, 273]
12:03:10.769045 ACC: [9, 10, 517]
[1500, 1500, 988, 1500, 988, 988, 988, 1598, 1001, 1001, 1001, 1001, 1500, 1500, 1500, 1500]
[1500, 1500, 988, 1500, 988, 988, 988, 1598, 1001, 1001, 1001, 1001, 1500, 1500, 1500, 1500]
12:03:10.784724 Navigation got ALT: 0.04
[1500, 1500, 988, 1500, 988, 988, 988, 1600, 1001, 1001, 1001, 1001, 1500, 1500, 1500, 1500]
[1500, 1500, 988, 1500, 988, 988, 988, 1600, 1001, 1001, 1001, 1001, 1500, 1500, 1500, 1500]
[1500, 1500, 988, 1500, 988, 988, 988, 1600, 1001, 1001, 1001, 1001, 1500, 1500, 1500, 1500]
[1500, 1500, 988, 1500, 988, 988, 988, 1600, 1001, 1001, 1001, 1001, 1500, 1500, 1500, 1500]
[1500, 1500, 988, 1500, 988, 988, 988, 1600, 1001, 1001, 1001, 1001, 1500, 1500, 1500, 1500]
12:03:10.815417 Navigation got ALT: 0.04
[1500, 1500, 988, 1500, 988, 988, 988, 1600, 1001, 1001, 1001, 1001, 1500, 1500, 1500, 1500]
12:03:10.816648 ALT: 0.04
12:03:10.816788 ATT: [1.1, -1.0, 273]
12:03:10.817218 ACC: [9, 11, 518]
[1500, 1500, 988, 1500, 988, 988, 988, 1600, 1001, 1001, 1001, 1001, 1500, 1500, 1500, 1500]
[1500, 1500, 988, 1500, 988, 988, 988, 1600, 1001, 1001, 1001, 1001, 1500, 1500, 1500, 1500]
[1500, 1500, 988, 1500, 988, 988, 988, 1600, 1001, 1001, 1001, 1001, 1500, 1500, 1500, 1500]
[1500, 1500, 988, 1500, 988, 988, 988, 1600, 1001, 1001, 1001, 1001, 1500, 1500, 1500, 1500]
12:03:10.848918 Navigation got ALT: 0.04
[1500, 1500, 988, 1500, 988, 988, 988, 1600, 1001, 1001, 1001, 1001, 1500, 1500, 1500, 1500]
[1500, 1500, 988, 1500, 988, 988, 988, 1600, 1001, 1001, 1001, 1001, 1500, 1500, 1500, 1500]
[1500, 1500, 988, 1500, 988, 988, 988, 1600, 1001, 1001, 1001, 1001, 1500, 1500, 1500, 1500]
12:03:10.865510 ALT: 0.04
12:03:10.865631 ATT: [1.1, -1.0, 273]
12:03:10.866195 ACC: [9, 9, 517]
[1500, 1500, 988, 1500, 988, 988, 988, 1600, 1001, 1001, 1001, 1001, 1500, 1500, 1500, 1500]
[1500, 1500, 988, 1500, 988, 988, 988, 1600, 1001, 1001, 1001, 1001, 1500, 1500, 1500, 1500]
12:03:10.881999 Navigation got ALT: 0.04
[1500, 1500, 988, 1500, 988, 988, 988, 1600, 1001, 1001, 1001, 1001, 1500, 1500, 1500, 1500]
[1500, 1500, 988, 1500, 988, 988, 988, 1600, 1001, 1001, 1001, 1001, 1500, 1500, 1500, 1500]
[1500, 1500, 988, 1500, 988, 988, 988, 1600, 1001, 1001, 1001, 1001, 1500, 1500, 1500, 1500]
[1500, 1500, 988, 1500, 988, 988, 988, 1600, 1001, 1001, 1001, 1001, 1500, 1500, 1500, 1500]
[1500, 1500, 988, 1500, 988, 988, 988, 1600, 1001, 1001, 1001, 1001, 1500, 1500, 1500, 1500]
12:03:10.912605 ALT: 0.04
12:03:10.912699 ATT: [1.1, -1.0, 273]
12:03:10.912957 ACC: [9, 11, 517]
12:03:10.915367 Navigation got ALT: 0.04
[1500, 1499, 988, 1500, 988, 988, 988, 1600, 1001, 1001, 1001, 1001, 1500, 1500, 1500, 1500]
[1500, 1499, 988, 1500, 988, 988, 988, 1600, 1001, 1001, 1001, 1001, 1500, 1500, 1500, 1500]
[1500, 1499, 988, 1500, 988, 988, 988, 1600, 1001, 1001, 1001, 1001, 1500, 1500, 1500, 1500]
[1500, 1499, 988, 1500, 988, 988, 988, 1600, 1001, 1001, 1001, 1001, 1500, 1500, 1500, 1500]
[1500, 1499, 988, 1500, 988, 988, 988, 1600, 1001, 1001, 1001, 1001, 1500, 1500, 1500, 1500]
12:03:10.948744 Navigation got ALT: 0.04
[1499, 1500, 988, 1500, 989, 988, 988, 1600, 1001, 1001, 1001, 1001, 1500, 1500, 1500, 1500]
12:03:10.974369 ALT: 0.04
12:03:10.974491 ATT: [1.1, -1.0, 273]
12:03:10.974834 ACC: [9, 9, 518]
[1499, 1500, 988, 1500, 989, 988, 988, 1600, 1001, 1001, 1001, 1001, 1500, 1500, 1500, 1500]
[1499, 1500, 988, 1500, 989, 988, 988, 1600, 1001, 1001, 1001, 1001, 1500, 1500, 1500, 1500]
[1499, 1500, 988, 1500, 989, 988, 988, 1600, 1001, 1001, 1001, 1001, 1500, 1500, 1500, 1500]
12:03:10.979323 Navigation got ALT: 0.04
[1500, 1500, 988, 1500, 988, 988, 988, 1600, 1001, 1001, 1001, 1001, 1500, 1500, 1500, 1500]
[1500, 1500, 988, 1500, 988, 988, 988, 1600, 1001, 1001, 1001, 1001, 1500, 1500, 1500, 1500]
[1500, 1500, 988, 1500, 988, 988, 988, 1600, 1001, 1001, 1001, 1001, 1500, 1500, 1500, 1500]
[1500, 1500, 988, 1500, 988, 988, 988, 1600, 1001, 1001, 1001, 1001, 1500, 1500, 1500, 1500]
[1500, 1500, 988, 1500, 988, 988, 988, 1600, 1001, 1001, 1001, 1001, 1500, 1500, 1500, 1500]
12:03:11.010233 Navigation got ALT: 0.04
[1500, 1500, 988, 1500, 988, 988, 988, 1600, 1001, 1001, 1001, 1001, 1500, 1500, 1500, 1500]
[1500, 1500, 988, 1500, 988, 988, 988, 1600, 1001, 1001, 1001, 1001, 1500, 1500, 1500, 1500]
[1500, 1500, 988, 1500, 988, 988, 988, 1600, 1001, 1001, 1001, 1001, 1500, 1500, 1500, 1500]
12:03:11.025288 ALT: 0.04
12:03:11.025406 ATT: [1.1, -1.0, 273]
12:03:11.025712 ACC: [10, 10, 517]
[1500, 1500, 988, 1500, 988, 988, 988, 1600, 1001, 1001, 1001, 1001, 1500, 1500, 1500, 1500]
[1500, 1500, 988, 1500, 988, 988, 988, 1600, 1001, 1001, 1001, 1001, 1500, 1500, 1500, 1500]
12:03:11.042679 Navigation got ALT: 0.04
[1500, 1499, 988, 1500, 988, 988, 988, 1600, 1001, 1001, 1001, 1001, 1500, 1500, 1500, 1500]
[1500, 1499, 988, 1500, 988, 988, 988, 1600, 1001, 1001, 1001, 1001, 1500, 1500, 1500, 1500]
[1500, 1499, 988, 1500, 988, 988, 988, 1600, 1001, 1001, 1001, 1001, 1500, 1500, 1500, 1500]
[1500, 1499, 988, 1500, 988, 988, 988, 1600, 1001, 1001, 1001, 1001, 1500, 1500, 1500, 1500]
[1500, 1499, 988, 1500, 988, 988, 988, 1600, 1001, 1001, 1001, 1001, 1500, 1500, 1500, 1500]
12:03:11.072843 ALT: 0.04
12:03:11.073005 ATT: [1.1, -1.0, 273]
12:03:11.073341 ACC: [8, 10, 518]
12:03:11.075771 Navigation got ALT: 0.04
[1500, 1500, 988, 1500, 988, 988, 988, 1600, 1001, 1001, 1001, 1001, 1500, 1500, 1500, 1500]
[1500, 1500, 988, 1500, 988, 988, 988, 1600, 1001, 1001, 1001, 1001, 1500, 1500, 1500, 1500]
[1500, 1500, 988, 1500, 988, 988, 988, 1600, 1001, 1001, 1001, 1001, 1500, 1500, 1500, 1500]
[1500, 1500, 988, 1500, 988, 988, 988, 1600, 1001, 1001, 1001, 1001, 1500, 1500, 1500, 1500]
[1500, 1500, 988, 1500, 988, 988, 988, 1600, 1001, 1001, 1001, 1001, 1500, 1500, 1500, 1500]
12:03:11.108849 Navigation got ALT: 0.04
[1500, 1500, 988, 1500, 986, 988, 988, 1600, 1001, 1001, 1001, 1001, 1500, 1500, 1500, 1500]
[1500, 1500, 988, 1500, 986, 988, 988, 1600, 1001, 1001, 1001, 1001, 1500, 1500, 1500, 1500]
12:03:11.120700 ALT: 0.04
12:03:11.120824 ATT: [1.1, -1.0, 273]
12:03:11.121167 ACC: [9, 9, 517]
[1500, 1500, 988, 1500, 986, 988, 988, 1600, 1001, 1001, 1001, 1001, 1500, 1500, 1500, 1500]
[1500, 1500, 988, 1500, 986, 988, 988, 1600, 1001, 1001, 1001, 1001, 1500, 1500, 1500, 1500]
12:03:11.143564 Navigation got ALT: 0.04
[1501, 1497, 988, 1499, 988, 988, 988, 1600, 1001, 1001, 1001, 1001, 1500, 1500, 1500, 1500]
[1501, 1497, 988, 1499, 988, 988, 988, 1600, 1001, 1001, 1001, 1001, 1500, 1500, 1500, 1500]
[1501, 1497, 988, 1499, 988, 988, 988, 1600, 1001, 1001, 1001, 1001, 1500, 1500, 1500, 1500]
[1501, 1497, 988, 1499, 988, 988, 988, 1600, 1001, 1001, 1001, 1001, 1500, 1500, 1500, 1500]
[1501, 1497, 988, 1499, 988, 988, 988, 1600, 1001, 1001, 1001, 1001, 1500, 1500, 1500, 1500]
12:03:11.169075 ALT: 0.04
12:03:11.169206 ATT: [1.1, -1.0, 273]
12:03:11.169552 ACC: [10, 10, 518]
[1501, 1497, 988, 1499, 988, 988, 988, 1600, 1001, 1001, 1001, 1001, 1500, 1500, 1500, 1500]
12:03:11.178452 Navigation got ALT: 0.04
[1500, 1500, 988, 1500, 988, 988, 988, 1600, 1001, 1001, 1001, 1001, 1500, 1500, 1500, 1500]
[1500, 1500, 988, 1500, 988, 988, 988, 1600, 1001, 1001, 1001, 1001, 1500, 1500, 1500, 1500]
[1500, 1500, 988, 1500, 988, 988, 988, 1600, 1001, 1001, 1001, 1001, 1500, 1500, 1500, 1500]
[1500, 1500, 988, 1500, 988, 988, 988, 1600, 1001, 1001, 1001, 1001, 1500, 1500, 1500, 1500]
[1500, 1500, 988, 1500, 988, 988, 988, 1600, 1001, 1001, 1001, 1001, 1500, 1500, 1500, 1500]
12:03:11.208769 Navigation got ALT: 0.04
[1500, 1500, 988, 1500, 988, 988, 988, 1598, 1001, 1001, 1001, 1001, 1500, 1500, 1500, 1500]
[1500, 1500, 988, 1500, 988, 988, 988, 1598, 1001, 1001, 1001, 1001, 1500, 1500, 1500, 1500]
12:03:11.216642 ALT: 0.04
12:03:11.216773 ATT: [1.1, -1.0, 273]
12:03:11.217110 ACC: [9, 10, 517]
[1500, 1500, 988, 1500, 988, 988, 988, 1598, 1001, 1001, 1001, 1001, 1500, 1500, 1500, 1500]
[1500, 1500, 988, 1500, 988, 988, 988, 1598, 1001, 1001, 1001, 1001, 1500, 1500, 1500, 1500]
[1500, 1500, 988, 1500, 988, 988, 988, 1598, 1001, 1001, 1001, 1001, 1500, 1500, 1500, 1500]
12:03:11.247020 Navigation got ALT: 0.04
[1500, 1500, 988, 1497, 988, 988, 988, 1600, 1001, 1001, 1001, 1001, 1500, 1500, 1500, 1500]
[1500, 1500, 988, 1497, 988, 988, 988, 1600, 1001, 1001, 1001, 1001, 1500, 1500, 1500, 1500]
[1500, 1500, 988, 1497, 988, 988, 988, 1600, 1001, 1001, 1001, 1001, 1500, 1500, 1500, 1500]
[1500, 1500, 988, 1497, 988, 988, 988, 1600, 1001, 1001, 1001, 1001, 1500, 1500, 1500, 1500]
12:03:11.267888 ALT: 0.04
12:03:11.268013 ATT: [1.1, -1.0, 273]
12:03:11.268337 ACC: [10, 9, 517]
[1500, 1500, 988, 1497, 988, 988, 988, 1600, 1001, 1001, 1001, 1001, 1500, 1500, 1500, 1500]
12:03:11.284679 Navigation got ALT: 0.04
[1499, 1500, 988, 1500, 988, 988, 988, 1600, 1001, 1001, 1001, 1001, 1500, 1500, 1500, 1500]
[1499, 1500, 988, 1500, 988, 988, 988, 1600, 1001, 1001, 1001, 1001, 1500, 1500, 1500, 1500]
[1499, 1500, 988, 1500, 988, 988, 988, 1600, 1001, 1001, 1001, 1001, 1500, 1500, 1500, 1500]
[1499, 1500, 988, 1500, 988, 988, 988, 1600, 1001, 1001, 1001, 1001, 1500, 1500, 1500, 1500]
[1499, 1500, 988, 1500, 988, 988, 988, 1600, 1001, 1001, 1001, 1001, 1500, 1500, 1500, 1500]
[1499, 1500, 988, 1500, 988, 988, 988, 1600, 1001, 1001, 1001, 1001, 1500, 1500, 1500, 1500]
12:03:11.325761 Navigation got ALT: 0.04
[1500, 1500, 988, 1499, 988, 988, 988, 1600, 1001, 1001, 1001, 1001, 1500, 1500, 1500, 1500]
12:03:11.335020 ALT: 0.04
12:03:11.335167 ATT: [1.1, -1.0, 273]
12:03:11.335523 ACC: [9, 10, 518]
[1500, 1500, 988, 1499, 988, 988, 988, 1600, 1001, 1001, 1001, 1001, 1500, 1500, 1500, 1500]
[1500, 1500, 988, 1499, 988, 988, 988, 1600, 1001, 1001, 1001, 1001, 1500, 1500, 1500, 1500]
[1500, 1500, 988, 1499, 988, 988, 988, 1600, 1001, 1001, 1001, 1001, 1500, 1500, 1500, 1500]
[1500, 1500, 988, 1499, 988, 988, 988, 1600, 1001, 1001, 1001, 1001, 1500, 1500, 1500, 1500]
[1500, 1500, 988, 1499, 988, 988, 988, 1600, 1001, 1001, 1001, 1001, 1500, 1500, 1500, 1500]
12:03:11.356825 Navigation got ALT: 0.04
[1500, 1500, 988, 1500, 988, 988, 988, 1598, 1001, 1001, 1001, 1001, 1500, 1500, 1500, 1500]
[1500, 1500, 988, 1500, 988, 988, 988, 1598, 1001, 1001, 1001, 1001, 1500, 1500, 1500, 1500]
[1500, 1500, 988, 1500, 988, 988, 988, 1598, 1001, 1001, 1001, 1001, 1500, 1500, 1500, 1500]
[1500, 1500, 988, 1500, 988, 988, 988, 1598, 1001, 1001, 1001, 1001, 1500, 1500, 1500, 1500]
12:03:11.376913 ALT: 0.04
12:03:11.377029 ATT: [1.1, -1.0, 273]
12:03:11.377445 ACC: [9, 11, 517]
[1500, 1500, 988, 1500, 988, 988, 988, 1598, 1001, 1001, 1001, 1001, 1500, 1500, 1500, 1500]
12:03:11.391078 Navigation got ALT: 0.04
[1500, 1500, 988, 1500, 991, 988, 988, 1598, 1001, 1001, 1001, 1001, 1500, 1500, 1500, 1500]
[1500, 1500, 988, 1500, 991, 988, 988, 1598, 1001, 1001, 1001, 1001, 1500, 1500, 1500, 1500]
[1500, 1500, 988, 1500, 991, 988, 988, 1598, 1001, 1001, 1001, 1001, 1500, 1500, 1500, 1500]
[1500, 1500, 988, 1500, 991, 988, 988, 1598, 1001, 1001, 1001, 1001, 1500, 1500, 1500, 1500]
[1500, 1500, 988, 1500, 991, 988, 988, 1598, 1001, 1001, 1001, 1001, 1500, 1500, 1500, 1500]
12:03:11.422338 Navigation got ALT: 0.04
[1499, 1500, 988, 1500, 988, 989, 986, 1600, 1001, 1001, 1001, 1001, 1500, 1500, 1500, 1500]
12:03:11.424664 ALT: 0.04
12:03:11.424749 ATT: [1.1, -1.0, 273]
12:03:11.424990 ACC: [10, 10, 517]
[1499, 1500, 988, 1500, 988, 989, 986, 1600, 1001, 1001, 1001, 1001, 1500, 1500, 1500, 1500]
[1499, 1500, 988, 1500, 988, 989, 986, 1600, 1001, 1001, 1001, 1001, 1500, 1500, 1500, 1500]
12:03:11.453617 Navigation got ALT: 0.04
[1500, 1499, 988, 1499, 988, 988, 988, 1600, 1001, 1001, 1001, 1001, 1500, 1500, 1500, 1500]
[1500, 1499, 988, 1499, 988, 988, 988, 1600, 1001, 1001, 1001, 1001, 1500, 1500, 1500, 1500]
[1500, 1499, 988, 1499, 988, 988, 988, 1600, 1001, 1001, 1001, 1001, 1500, 1500, 1500, 1500]
[1500, 1499, 988, 1499, 988, 988, 988, 1600, 1001, 1001, 1001, 1001, 1500, 1500, 1500, 1500]
[1500, 1499, 988, 1499, 988, 988, 988, 1600, 1001, 1001, 1001, 1001, 1500, 1500, 1500, 1500]
[1500, 1499, 988, 1499, 988, 988, 988, 1600, 1001, 1001, 1001, 1001, 1500, 1500, 1500, 1500]
12:03:11.486743 Navigation got ALT: 0.04
[1500, 1499, 988, 1500, 988, 988, 988, 1600, 1001, 1001, 1001, 1001, 1500, 1500, 1500, 1500]
[1500, 1499, 988, 1500, 988, 988, 988, 1600, 1001, 1001, 1001, 1001, 1500, 1500, 1500, 1500]
12:03:11.491852 ALT: 0.04
12:03:11.491974 ATT: [1.1, -1.0, 273]
12:03:11.492340 ACC: [9, 10, 518]
[1500, 1499, 988, 1500, 988, 988, 988, 1600, 1001, 1001, 1001, 1001, 1500, 1500, 1500, 1500]
[1500, 1499, 988, 1500, 988, 988, 988, 1600, 1001, 1001, 1001, 1001, 1500, 1500, 1500, 1500]
[1500, 1499, 988, 1500, 988, 988, 988, 1600, 1001, 1001, 1001, 1001, 1500, 1500, 1500, 1500]
[1500, 1499, 988, 1500, 988, 988, 988, 1600, 1001, 1001, 1001, 1001, 1500, 1500, 1500, 1500]
12:03:11.522975 Navigation got ALT: 0.04
[1500, 1500, 988, 1500, 988, 988, 988, 1600, 1001, 1001, 1001, 1001, 1500, 1500, 1500, 1500]
[1500, 1500, 988, 1500, 988, 988, 988, 1600, 1001, 1001, 1001, 1001, 1500, 1500, 1500, 1500]
[1500, 1500, 988, 1500, 988, 988, 988, 1600, 1001, 1001, 1001, 1001, 1500, 1500, 1500, 1500]
12:03:11.537112 ALT: 0.04
12:03:11.537264 ATT: [1.1, -1.0, 273]
12:03:11.538848 ACC: [9, 10, 518]
[1500, 1500, 988, 1500, 988, 988, 988, 1600, 1001, 1001, 1001, 1001, 1500, 1500, 1500, 1500]
[1500, 1500, 988, 1500, 988, 988, 988, 1600, 1001, 1001, 1001, 1001, 1500, 1500, 1500, 1500]
12:03:11.558446 Navigation got ALT: 0.04
[1500, 1500, 988, 1500, 988, 988, 989, 1598, 1001, 1001, 1001, 1001, 1500, 1500, 1500, 1500]
[1500, 1500, 988, 1500, 988, 988, 989, 1598, 1001, 1001, 1001, 1001, 1500, 1500, 1500, 1500]
[1500, 1500, 988, 1500, 988, 988, 989, 1598, 1001, 1001, 1001, 1001, 1500, 1500, 1500, 1500]
[1500, 1500, 988, 1500, 988, 988, 989, 1598, 1001, 1001, 1001, 1001, 1500, 1500, 1500, 1500]
12:03:11.584970 ALT: 0.04
12:03:11.585075 ATT: [1.1, -1.0, 273]
12:03:11.585351 ACC: [9, 10, 518]
12:03:11.590425 Navigation got ALT: 0.04
[1500, 1500, 988, 1500, 988, 988, 988, 1600, 1001, 1001, 1001, 1001, 1500, 1500, 1500, 1500]
[1500, 1500, 988, 1500, 988, 988, 988, 1600, 1001, 1001, 1001, 1001, 1500, 1500, 1500, 1500]
[1500, 1500, 988, 1500, 988, 988, 988, 1600, 1001, 1001, 1001, 1001, 1500, 1500, 1500, 1500]
[1500, 1500, 988, 1500, 988, 988, 988, 1600, 1001, 1001, 1001, 1001, 1500, 1500, 1500, 1500]
[1500, 1500, 988, 1500, 988, 988, 988, 1600, 1001, 1001, 1001, 1001, 1500, 1500, 1500, 1500]
12:03:11.622143 Navigation got ALT: 0.04
[1500, 1500, 988, 1500, 988, 988, 988, 1600, 1001, 1001, 1001, 1001, 1500, 1500, 1500, 1500]
[1500, 1500, 988, 1500, 988, 988, 988, 1600, 1001, 1001, 1001, 1001, 1500, 1500, 1500, 1500]
[1500, 1500, 988, 1500, 988, 988, 988, 1600, 1001, 1001, 1001, 1001, 1500, 1500, 1500, 1500]
[1500, 1500, 988, 1500, 988, 988, 988, 1600, 1001, 1001, 1001, 1001, 1500, 1500, 1500, 1500]
[1500, 1500, 988, 1500, 988, 988, 988, 1600, 1001, 1001, 1001, 1001, 1500, 1500, 1500, 1500]
12:03:11.649478 ALT: 0.04
12:03:11.649635 ATT: [1.1, -1.0, 273]
12:03:11.650013 ACC: [9, 9, 517]
12:03:11.654018 Navigation got ALT: 0.04
[1500, 1500, 988, 1500, 988, 988, 988, 1600, 1001, 1001, 1001, 1001, 1500, 1500, 1500, 1500]
[1500, 1500, 988, 1500, 988, 988, 988, 1600, 1001, 1001, 1001, 1001, 1500, 1500, 1500, 1500]
[1500, 1500, 988, 1500, 988, 988, 988, 1600, 1001, 1001, 1001, 1001, 1500, 1500, 1500, 1500]
[1500, 1500, 988, 1500, 988, 988, 988, 1600, 1001, 1001, 1001, 1001, 1500, 1500, 1500, 1500]
[1500, 1500, 988, 1500, 988, 988, 988, 1600, 1001, 1001, 1001, 1001, 1500, 1500, 1500, 1500]
12:03:11.688674 Navigation got ALT: 0.04
[1500, 1500, 988, 1500, 988, 988, 988, 1598, 1001, 1001, 1001, 1001, 1500, 1500, 1500, 1500]
[1500, 1500, 988, 1500, 988, 988, 988, 1598, 1001, 1001, 1001, 1001, 1500, 1500, 1500, 1500]
[1500, 1500, 988, 1500, 988, 988, 988, 1598, 1001, 1001, 1001, 1001, 1500, 1500, 1500, 1500]
12:03:11.697892 ALT: 0.04
12:03:11.699380 ATT: [1.1, -1.0, 273]
12:03:11.701414 ACC: [9, 10, 517]
[1500, 1500, 988, 1500, 988, 988, 988, 1598, 1001, 1001, 1001, 1001, 1500, 1500, 1500, 1500]
[1500, 1500, 988, 1500, 988, 988, 988, 1598, 1001, 1001, 1001, 1001, 1500, 1500, 1500, 1500]
12:03:11.722663 Navigation got ALT: 0.04
[1500, 1500, 988, 1500, 988, 988, 988, 1598, 1001, 1001, 1001, 1001, 1500, 1500, 1500, 1500]
[1500, 1500, 988, 1500, 988, 988, 988, 1598, 1001, 1001, 1001, 1001, 1500, 1500, 1500, 1500]
[1500, 1500, 988, 1500, 988, 988, 988, 1598, 1001, 1001, 1001, 1001, 1500, 1500, 1500, 1500]
[1500, 1500, 988, 1500, 988, 988, 988, 1598, 1001, 1001, 1001, 1001, 1500, 1500, 1500, 1500]
[1500, 1500, 988, 1500, 988, 988, 988, 1598, 1001, 1001, 1001, 1001, 1500, 1500, 1500, 1500]
12:03:11.744696 ALT: 0.04
12:03:11.744811 ATT: [1.1, -1.0, 273]
12:03:11.745115 ACC: [9, 10, 517]
12:03:11.767644 Navigation got ALT: 0.04
[1500, 1500, 988, 1500, 988, 988, 988, 1600, 1001, 1001, 1001, 1001, 1500, 1500, 1500, 1500]
[1500, 1500, 988, 1500, 988, 988, 988, 1600, 1001, 1001, 1001, 1001, 1500, 1500, 1500, 1500]
[1500, 1500, 988, 1500, 988, 988, 988, 1600, 1001, 1001, 1001, 1001, 1500, 1500, 1500, 1500]
[1500, 1500, 988, 1500, 988, 988, 988, 1600, 1001, 1001, 1001, 1001, 1500, 1500, 1500, 1500]
[1500, 1500, 988, 1500, 988, 988, 988, 1600, 1001, 1001, 1001, 1001, 1500, 1500, 1500, 1500]
[1500, 1500, 988, 1500, 988, 988, 988, 1600, 1001, 1001, 1001, 1001, 1500, 1500, 1500, 1500]
12:03:11.798758 Navigation got ALT: 0.04
[1500, 1500, 988, 1500, 988, 988, 988, 1600, 1001, 1001, 1001, 1001, 1500, 1500, 1500, 1500]
[1500, 1500, 988, 1500, 988, 988, 988, 1600, 1001, 1001, 1001, 1001, 1500, 1500, 1500, 1500]
[1500, 1500, 988, 1500, 988, 988, 988, 1600, 1001, 1001, 1001, 1001, 1500, 1500, 1500, 1500]
12:03:11.809026 ALT: 0.04
12:03:11.809147 ATT: [1.1, -1.0, 273]
12:03:11.809495 ACC: [9, 9, 518]
[1500, 1500, 988, 1500, 988, 988, 988, 1600, 1001, 1001, 1001, 1001, 1500, 1500, 1500, 1500]
[1500, 1500, 988, 1500, 988, 988, 988, 1600, 1001, 1001, 1001, 1001, 1500, 1500, 1500, 1500]
[1500, 1500, 988, 1500, 988, 988, 988, 1600, 1001, 1001, 1001, 1001, 1500, 1500, 1500, 1500]
12:03:11.842656 Navigation got ALT: 0.04
[1500, 1500, 988, 1500, 988, 988, 988, 1598, 1001, 1001, 1001, 1001, 1500, 1500, 1500, 1500]
[1500, 1500, 988, 1500, 988, 988, 988, 1598, 1001, 1001, 1001, 1001, 1500, 1500, 1500, 1500]
[1500, 1500, 988, 1500, 988, 988, 988, 1598, 1001, 1001, 1001, 1001, 1500, 1500, 1500, 1500]
[1500, 1500, 988, 1500, 988, 988, 988, 1598, 1001, 1001, 1001, 1001, 1500, 1500, 1500, 1500]
12:03:11.858272 ALT: 0.04
12:03:11.858377 ATT: [1.1, -1.0, 273]
12:03:11.858673 ACC: [10, 10, 518]
12:03:11.904983 ALT: 0.04
12:03:11.905112 ATT: [1.1, -1.0, 273]
12:03:11.905302 ACC: [9, 10, 517]
12:03:11.914920 Navigation got ALT: 0.04
[1500, 1499, 988, 1501, 985, 988, 988, 1600, 1001, 1001, 1001, 1001, 1500, 1500, 1500, 1500]
[1500, 1499, 988, 1501, 985, 988, 988, 1600, 1001, 1001, 1001, 1001, 1500, 1500, 1500, 1500]
[1500, 1499, 988, 1501, 985, 988, 988, 1600, 1001, 1001, 1001, 1001, 1500, 1500, 1500, 1500]
[1500, 1499, 988, 1501, 985, 988, 988, 1600, 1001, 1001, 1001, 1001, 1500, 1500, 1500, 1500]
[1500, 1499, 988, 1501, 985, 988, 988, 1600, 1001, 1001, 1001, 1001, 1500, 1500, 1500, 1500]
12:03:11.974703 ALT: 0.04
12:03:11.974812 ATT: [1.1, -1.0, 273]
12:03:11.975187 ACC: [9, 10, 517]
12:03:11.987340 Navigation got ALT: 0.04
[1500, 1500, 988, 1500, 988, 988, 988, 1600, 1001, 1001, 1001, 1001, 1500, 1500, 1500, 1500]
[1500, 1500, 988, 1500, 988, 988, 988, 1600, 1001, 1001, 1001, 1001, 1500, 1500, 1500, 1500]
[1500, 1500, 988, 1500, 988, 988, 988, 1600, 1001, 1001, 1001, 1001, 1500, 1500, 1500, 1500]
[1500, 1500, 988, 1500, 988, 988, 988, 1600, 1001, 1001, 1001, 1001, 1500, 1500, 1500, 1500]
[1500, 1500, 988, 1500, 988, 988, 988, 1600, 1001, 1001, 1001, 1001, 1500, 1500, 1500, 1500]
[1500, 1500, 988, 1500, 988, 988, 988, 1600, 1001, 1001, 1001, 1001, 1500, 1500, 1500, 1500]
[1500, 1500, 988, 1500, 988, 988, 988, 1600, 1001, 1001, 1001, 1001, 1500, 1500, 1500, 1500]
[1500, 1500, 988, 1500, 988, 988, 988, 1600, 1001, 1001, 1001, 1001, 1500, 1500, 1500, 1500]
[1500, 1500, 988, 1500, 988, 988, 988, 1600, 1001, 1001, 1001, 1001, 1500, 1500, 1500, 1500]
[1500, 1500, 988, 1500, 988, 988, 988, 1600, 1001, 1001, 1001, 1001, 1500, 1500, 1500, 1500]
[1500, 1500, 988, 1500, 988, 988, 988, 1600, 1001, 1001, 1001, 1001, 1500, 1500, 1500, 1500]
[1500, 1500, 988, 1500, 988, 988, 988, 1600, 1001, 1001, 1001, 1001, 1500, 1500, 1500, 1500]
[1500, 1500, 988, 1500, 988, 988, 988, 1600, 1001, 1001, 1001, 1001, 1500, 1500, 1500, 1500]
[1500, 1500, 988, 1500, 988, 988, 988, 1600, 1001, 1001, 1001, 1001, 1500, 1500, 1500, 1500]
[1500, 1500, 988, 1500, 988, 988, 988, 1600, 1001, 1001, 1001, 1001, 1500, 1500, 1500, 1500]
[1500, 1500, 988, 1500, 988, 988, 988, 1600, 1001, 1001, 1001, 1001, 1500, 1500, 1500, 1500]
[1500, 1500, 988, 1500, 988, 988, 988, 1600, 1001, 1001, 1001, 1001, 1500, 1500, 1500, 1500]
[1500, 1500, 988, 1500, 988, 988, 988, 1600, 1001, 1001, 1001, 1001, 1500, 1500, 1500, 1500]
[1500, 1500, 988, 1500, 988, 988, 988, 1600, 1001, 1001, 1001, 1001, 1500, 1500, 1500, 1500]
12:03:12.017906 ALT: 0.04
12:03:12.018130 ATT: [1.1, -1.0, 273]
12:03:12.018737 ACC: [10, 10, 517]
12:03:12.026459 Navigation got ALT: 0.04
[1500, 1500, 988, 1500, 988, 988, 988, 1600, 1001, 1001, 1001, 1001, 1500, 1500, 1500, 1500]
[1500, 1500, 988, 1500, 988, 988, 988, 1600, 1001, 1001, 1001, 1001, 1500, 1500, 1500, 1500]
[1500, 1500, 988, 1500, 988, 988, 988, 1600, 1001, 1001, 1001, 1001, 1500, 1500, 1500, 1500]
[1500, 1500, 988, 1500, 988, 988, 988, 1600, 1001, 1001, 1001, 1001, 1500, 1500, 1500, 1500]
[1500, 1500, 988, 1500, 988, 988, 988, 1600, 1001, 1001, 1001, 1001, 1500, 1500, 1500, 1500]
12:03:12.057060 Navigation got ALT: 0.04
[1499, 1500, 988, 1500, 988, 988, 988, 1600, 1001, 1001, 1001, 1001, 1500, 1500, 1500, 1500]
[1499, 1500, 988, 1500, 988, 988, 988, 1600, 1001, 1001, 1001, 1001, 1500, 1500, 1500, 1500]
12:03:12.065918 ALT: 0.04
12:03:12.066037 ATT: [1.1, -1.0, 273]
12:03:12.066368 ACC: [9, 10, 517]
[1499, 1500, 988, 1500, 988, 988, 988, 1600, 1001, 1001, 1001, 1001, 1500, 1500, 1500, 1500]
[1499, 1500, 988, 1500, 988, 988, 988, 1600, 1001, 1001, 1001, 1001, 1500, 1500, 1500, 1500]
12:03:12.087788 Navigation got ALT: 0.04
[1500, 1500, 988, 1500, 988, 988, 988, 1600, 1001, 1001, 1001, 1001, 1500, 1500, 1500, 1500]
[1500, 1500, 988, 1500, 988, 988, 988, 1600, 1001, 1001, 1001, 1001, 1500, 1500, 1500, 1500]
[1500, 1500, 988, 1500, 988, 988, 988, 1600, 1001, 1001, 1001, 1001, 1500, 1500, 1500, 1500]
[1500, 1500, 988, 1500, 988, 988, 988, 1600, 1001, 1001, 1001, 1001, 1500, 1500, 1500, 1500]
[1500, 1500, 988, 1500, 988, 988, 988, 1600, 1001, 1001, 1001, 1001, 1500, 1500, 1500, 1500]
[1500, 1500, 988, 1500, 988, 988, 988, 1600, 1001, 1001, 1001, 1001, 1500, 1500, 1500, 1500]
12:03:12.112855 ALT: 0.07
12:03:12.112982 ATT: [1.1, -1.0, 273]
12:03:12.113627 ACC: [9, 10, 518]
12:03:12.126887 Navigation got ALT: 0.07
[1500, 1500, 988, 1500, 988, 988, 988, 1600, 1001, 1001, 1001, 1001, 1500, 1500, 1500, 1500]
[1500, 1500, 988, 1500, 988, 988, 988, 1600, 1001, 1001, 1001, 1001, 1500, 1500, 1500, 1500]
[1500, 1500, 988, 1500, 988, 988, 988, 1600, 1001, 1001, 1001, 1001, 1500, 1500, 1500, 1500]
[1500, 1500, 988, 1500, 988, 988, 988, 1600, 1001, 1001, 1001, 1001, 1500, 1500, 1500, 1500]
[1500, 1500, 988, 1500, 988, 988, 988, 1600, 1001, 1001, 1001, 1001, 1500, 1500, 1500, 1500]
12:03:12.166931 ALT: 0.1
12:03:12.167050 ATT: [1.1, -1.0, 273]
12:03:12.167387 ACC: [10, 9, 518]
12:03:12.175112 Navigation got ALT: 0.1
[1500, 1500, 988, 1500, 989, 988, 988, 1600, 1001, 1001, 1001, 1001, 1500, 1500, 1500, 1500]
[1500, 1500, 988, 1500, 989, 988, 988, 1600, 1001, 1001, 1001, 1001, 1500, 1500, 1500, 1500]
[1500, 1500, 988, 1500, 989, 988, 988, 1600, 1001, 1001, 1001, 1001, 1500, 1500, 1500, 1500]
[1500, 1500, 988, 1500, 989, 988, 988, 1600, 1001, 1001, 1001, 1001, 1500, 1500, 1500, 1500]
[1500, 1500, 988, 1500, 989, 988, 988, 1600, 1001, 1001, 1001, 1001, 1500, 1500, 1500, 1500]
[1500, 1500, 988, 1500, 989, 988, 988, 1600, 1001, 1001, 1001, 1001, 1500, 1500, 1500, 1500]
[1500, 1500, 988, 1500, 989, 988, 988, 1600, 1001, 1001, 1001, 1001, 1500, 1500, 1500, 1500]
[1500, 1500, 988, 1500, 989, 988, 988, 1600, 1001, 1001, 1001, 1001, 1500, 1500, 1500, 1500]
[1500, 1500, 988, 1500, 989, 988, 988, 1600, 1001, 1001, 1001, 1001, 1500, 1500, 1500, 1500]
12:03:12.212281 ALT: 0.1
12:03:12.212398 ATT: [1.1, -1.0, 273]
12:03:12.212735 ACC: [9, 10, 517]
12:03:12.214069 Navigation got ALT: 0.1
[1500, 1500, 988, 1500, 988, 988, 988, 1600, 1001, 1001, 1001, 1001, 1500, 1500, 1500, 1500]
[1500, 1500, 988, 1500, 988, 988, 988, 1600, 1001, 1001, 1001, 1001, 1500, 1500, 1500, 1500]
[1500, 1500, 988, 1500, 988, 988, 988, 1600, 1001, 1001, 1001, 1001, 1500, 1500, 1500, 1500]
[1500, 1500, 988, 1500, 988, 988, 988, 1600, 1001, 1001, 1001, 1001, 1500, 1500, 1500, 1500]
[1500, 1500, 988, 1500, 988, 988, 988, 1600, 1001, 1001, 1001, 1001, 1500, 1500, 1500, 1500]
[1500, 1500, 988, 1500, 988, 988, 988, 1600, 1001, 1001, 1001, 1001, 1500, 1500, 1500, 1500]
12:03:12.255636 Navigation got ALT: 0.1
[1500, 1500, 988, 1500, 988, 988, 988, 1600, 1001, 1001, 1001, 1001, 1500, 1500, 1500, 1500]
[1500, 1500, 988, 1500, 988, 988, 988, 1600, 1001, 1001, 1001, 1001, 1500, 1500, 1500, 1500]
12:03:12.257277 ALT: 0.1
12:03:12.257436 ATT: [1.1, -1.0, 273]
12:03:12.257925 ACC: [10, 11, 517]
[1500, 1500, 988, 1500, 988, 988, 988, 1600, 1001, 1001, 1001, 1001, 1500, 1500, 1500, 1500]
[1500, 1500, 988, 1500, 988, 988, 988, 1600, 1001, 1001, 1001, 1001, 1500, 1500, 1500, 1500]
[1500, 1500, 988, 1500, 988, 988, 988, 1600, 1001, 1001, 1001, 1001, 1500, 1500, 1500, 1500]
[1500, 1500, 988, 1500, 988, 988, 988, 1600, 1001, 1001, 1001, 1001, 1500, 1500, 1500, 1500]
12:03:12.290282 Navigation got ALT: 0.1
[1500, 1500, 988, 1499, 988, 988, 988, 1600, 1001, 1001, 1001, 1001, 1500, 1500, 1500, 1500]
[1500, 1500, 988, 1499, 988, 988, 988, 1600, 1001, 1001, 1001, 1001, 1500, 1500, 1500, 1500]
12:03:12.305041 ALT: 0.1
12:03:12.305230 ATT: [1.1, -1.0, 273]
[1500, 1500, 988, 1499, 988, 988, 988, 1600, 1001, 1001, 1001, 1001, 1500, 1500, 1500, 1500]
12:03:12.309139 ACC: [9, 9, 518]
12:03:12.328542 Navigation got ALT: 0.1
[1500, 1500, 988, 1499, 988, 988, 988, 1600, 1001, 1001, 1001, 1001, 1500, 1500, 1500, 1500]
[1500, 1500, 988, 1499, 988, 988, 988, 1600, 1001, 1001, 1001, 1001, 1500, 1500, 1500, 1500]
[1500, 1500, 988, 1499, 988, 988, 988, 1600, 1001, 1001, 1001, 1001, 1500, 1500, 1500, 1500]
12:03:12.361312 ALT: 0.1
12:03:12.361471 ATT: [1.1, -1.0, 273]
12:03:12.362227 ACC: [10, 11, 518]
12:03:12.369342 Navigation got ALT: 0.1
[1500, 1500, 988, 1499, 988, 988, 988, 1600, 1001, 1001, 1001, 1001, 1500, 1500, 1500, 1500]
[1500, 1500, 988, 1499, 988, 988, 988, 1600, 1001, 1001, 1001, 1001, 1500, 1500, 1500, 1500]
[1500, 1500, 988, 1499, 988, 988, 988, 1600, 1001, 1001, 1001, 1001, 1500, 1500, 1500, 1500]
[1500, 1500, 988, 1499, 988, 988, 988, 1600, 1001, 1001, 1001, 1001, 1500, 1500, 1500, 1500]
[1500, 1500, 988, 1499, 988, 988, 988, 1600, 1001, 1001, 1001, 1001, 1500, 1500, 1500, 1500]
[1500, 1500, 988, 1499, 988, 988, 988, 1600, 1001, 1001, 1001, 1001, 1500, 1500, 1500, 1500]
[1500, 1500, 988, 1499, 988, 988, 988, 1600, 1001, 1001, 1001, 1001, 1500, 1500, 1500, 1500]
[1500, 1500, 988, 1499, 988, 988, 988, 1600, 1001, 1001, 1001, 1001, 1500, 1500, 1500, 1500]
12:03:12.402809 Navigation got ALT: 0.1
[1499, 1500, 988, 1500, 988, 988, 988, 1600, 1001, 1001, 1001, 1001, 1500, 1500, 1500, 1500]
[1499, 1500, 988, 1500, 988, 988, 988, 1600, 1001, 1001, 1001, 1001, 1500, 1500, 1500, 1500]
[1499, 1500, 988, 1500, 988, 988, 988, 1600, 1001, 1001, 1001, 1001, 1500, 1500, 1500, 1500]
[1499, 1500, 988, 1500, 988, 988, 988, 1600, 1001, 1001, 1001, 1001, 1500, 1500, 1500, 1500]
12:03:12.433760 ALT: 0.1
12:03:12.434428 ATT: [1.1, -1.0, 273]
12:03:12.435519 ACC: [9, 9, 518]
12:03:12.439338 Navigation got ALT: 0.1
[1500, 1500, 988, 1500, 988, 988, 988, 1600, 1001, 1001, 1001, 1001, 1500, 1500, 1500, 1500]
[1500, 1500, 988, 1500, 988, 988, 988, 1600, 1001, 1001, 1001, 1001, 1500, 1500, 1500, 1500]
[1500, 1500, 988, 1500, 988, 988, 988, 1600, 1001, 1001, 1001, 1001, 1500, 1500, 1500, 1500]
[1500, 1500, 988, 1500, 988, 988, 988, 1600, 1001, 1001, 1001, 1001, 1500, 1500, 1500, 1500]
[1500, 1500, 988, 1500, 988, 988, 988, 1600, 1001, 1001, 1001, 1001, 1500, 1500, 1500, 1500]
[1500, 1500, 988, 1500, 988, 988, 988, 1600, 1001, 1001, 1001, 1001, 1500, 1500, 1500, 1500]
[1500, 1500, 988, 1500, 988, 988, 988, 1600, 1001, 1001, 1001, 1001, 1500, 1500, 1500, 1500]
12:03:12.470890 Navigation got ALT: 0.1
[1499, 1500, 988, 1500, 988, 989, 985, 1600, 1001, 1001, 1001, 1001, 1500, 1500, 1500, 1500]
[1499, 1500, 988, 1500, 988, 989, 985, 1600, 1001, 1001, 1001, 1001, 1500, 1500, 1500, 1500]
[1499, 1500, 988, 1500, 988, 989, 985, 1600, 1001, 1001, 1001, 1001, 1500, 1500, 1500, 1500]
[1499, 1500, 988, 1500, 988, 989, 985, 1600, 1001, 1001, 1001, 1001, 1500, 1500, 1500, 1500]
12:03:12.484279 ALT: 0.1
12:03:12.484470 ATT: [1.1, -1.0, 273]
12:03:12.484975 ACC: [10, 10, 518]
[1499, 1500, 988, 1500, 988, 989, 985, 1600, 1001, 1001, 1001, 1001, 1500, 1500, 1500, 1500]
[1499, 1500, 988, 1500, 988, 989, 985, 1600, 1001, 1001, 1001, 1001, 1500, 1500, 1500, 1500]
[1499, 1500, 988, 1500, 988, 989, 985, 1600, 1001, 1001, 1001, 1001, 1500, 1500, 1500, 1500]
12:03:12.503099 Navigation got ALT: 0.1
[1500, 1500, 988, 1500, 988, 988, 988, 1600, 1001, 1001, 1001, 1001, 1500, 1500, 1500, 1500]
[1500, 1500, 988, 1500, 988, 988, 988, 1600, 1001, 1001, 1001, 1001, 1500, 1500, 1500, 1500]
[1500, 1500, 988, 1500, 988, 988, 988, 1600, 1001, 1001, 1001, 1001, 1500, 1500, 1500, 1500]
[1500, 1500, 988, 1500, 988, 988, 988, 1600, 1001, 1001, 1001, 1001, 1500, 1500, 1500, 1500]
12:03:12.528866 ALT: 0.1
12:03:12.528989 ATT: [1.1, -1.0, 273]
12:03:12.529350 ACC: [9, 9, 518]
[1500, 1500, 988, 1500, 988, 988, 988, 1600, 1001, 1001, 1001, 1001, 1500, 1500, 1500, 1500]
12:03:12.535489 Navigation got ALT: 0.1
[1500, 1500, 988, 1499, 988, 988, 988, 1600, 1001, 1001, 1001, 1001, 1500, 1500, 1500, 1500]
[1500, 1500, 988, 1499, 988, 988, 988, 1600, 1001, 1001, 1001, 1001, 1500, 1500, 1500, 1500]
[1500, 1500, 988, 1499, 988, 988, 988, 1600, 1001, 1001, 1001, 1001, 1500, 1500, 1500, 1500]
[1500, 1500, 988, 1499, 988, 988, 988, 1600, 1001, 1001, 1001, 1001, 1500, 1500, 1500, 1500]
[1500, 1500, 988, 1499, 988, 988, 988, 1600, 1001, 1001, 1001, 1001, 1500, 1500, 1500, 1500]
12:03:12.570846 Navigation got ALT: 0.1
[1500, 1500, 988, 1500, 988, 988, 988, 1598, 1001, 1001, 1001, 1001, 1500, 1500, 1500, 1500]
[1500, 1500, 988, 1500, 988, 988, 988, 1598, 1001, 1001, 1001, 1001, 1500, 1500, 1500, 1500]
12:03:12.576952 ALT: 0.1
12:03:12.577064 ATT: [1.1, -1.0, 273]
12:03:12.577396 ACC: [10, 9, 517]
[1500, 1500, 988, 1500, 988, 988, 988, 1598, 1001, 1001, 1001, 1001, 1500, 1500, 1500, 1500]
[1500, 1500, 988, 1500, 988, 988, 988, 1598, 1001, 1001, 1001, 1001, 1500, 1500, 1500, 1500]
[1500, 1500, 988, 1500, 988, 988, 988, 1598, 1001, 1001, 1001, 1001, 1500, 1500, 1500, 1500]
12:03:12.602321 Navigation got ALT: 0.1
[1500, 1499, 988, 1500, 988, 988, 988, 1600, 1001, 1001, 1001, 1001, 1500, 1500, 1500, 1500]
[1500, 1499, 988, 1500, 988, 988, 988, 1600, 1001, 1001, 1001, 1001, 1500, 1500, 1500, 1500]
[1500, 1499, 988, 1500, 988, 988, 988, 1600, 1001, 1001, 1001, 1001, 1500, 1500, 1500, 1500]
[1500, 1499, 988, 1500, 988, 988, 988, 1600, 1001, 1001, 1001, 1001, 1500, 1500, 1500, 1500]
[1500, 1499, 988, 1500, 988, 988, 988, 1600, 1001, 1001, 1001, 1001, 1500, 1500, 1500, 1500]
12:03:12.635822 Navigation got ALT: 0.1
[1500, 1500, 988, 1500, 988, 988, 988, 1598, 1001, 1001, 1001, 1001, 1500, 1500, 1500, 1500]
12:03:12.637025 ALT: 0.1
12:03:12.637140 ATT: [1.1, -1.0, 273]
12:03:12.637485 ACC: [9, 10, 517]
[1500, 1500, 988, 1500, 988, 988, 988, 1598, 1001, 1001, 1001, 1001, 1500, 1500, 1500, 1500]
[1500, 1500, 988, 1500, 988, 988, 988, 1598, 1001, 1001, 1001, 1001, 1500, 1500, 1500, 1500]
[1500, 1500, 988, 1500, 988, 988, 988, 1598, 1001, 1001, 1001, 1001, 1500, 1500, 1500, 1500]
[1500, 1500, 988, 1500, 988, 988, 988, 1598, 1001, 1001, 1001, 1001, 1500, 1500, 1500, 1500]
12:03:12.670665 Navigation got ALT: 0.1
[1500, 1500, 988, 1500, 988, 988, 988, 1598, 1001, 1001, 1001, 1001, 1500, 1500, 1500, 1500]
[1500, 1500, 988, 1500, 988, 988, 988, 1598, 1001, 1001, 1001, 1001, 1500, 1500, 1500, 1500]
[1500, 1500, 988, 1500, 988, 988, 988, 1598, 1001, 1001, 1001, 1001, 1500, 1500, 1500, 1500]
[1500, 1500, 988, 1500, 988, 988, 988, 1598, 1001, 1001, 1001, 1001, 1500, 1500, 1500, 1500]
12:03:12.690995 ALT: 0.1
12:03:12.691126 ATT: [1.1, -1.0, 273]
12:03:12.691443 ACC: [9, 9, 517]
[1500, 1500, 988, 1500, 988, 988, 988, 1598, 1001, 1001, 1001, 1001, 1500, 1500, 1500, 1500]
12:03:12.713122 Navigation got ALT: 0.1
[1499, 1500, 988, 1499, 988, 988, 988, 1598, 1001, 1001, 1001, 1001, 1500, 1500, 1500, 1500]
[1499, 1500, 988, 1499, 988, 988, 988, 1598, 1001, 1001, 1001, 1001, 1500, 1500, 1500, 1500]
[1499, 1500, 988, 1499, 988, 988, 988, 1598, 1001, 1001, 1001, 1001, 1500, 1500, 1500, 1500]
[1499, 1500, 988, 1499, 988, 988, 988, 1598, 1001, 1001, 1001, 1001, 1500, 1500, 1500, 1500]
[1499, 1500, 988, 1499, 988, 988, 988, 1598, 1001, 1001, 1001, 1001, 1500, 1500, 1500, 1500]
12:03:12.738666 ALT: 0.1
12:03:12.738780 ATT: [1.1, -1.0, 273]
12:03:12.739211 ACC: [9, 10, 517]
12:03:12.748854 Navigation got ALT: 0.1
[1500, 1500, 988, 1499, 988, 988, 988, 1600, 1001, 1001, 1001, 1001, 1500, 1500, 1500, 1500]
[1500, 1500, 988, 1499, 988, 988, 988, 1600, 1001, 1001, 1001, 1001, 1500, 1500, 1500, 1500]
[1500, 1500, 988, 1499, 988, 988, 988, 1600, 1001, 1001, 1001, 1001, 1500, 1500, 1500, 1500]
[1500, 1500, 988, 1499, 988, 988, 988, 1600, 1001, 1001, 1001, 1001, 1500, 1500, 1500, 1500]
[1500, 1500, 988, 1499, 988, 988, 988, 1600, 1001, 1001, 1001, 1001, 1500, 1500, 1500, 1500]
[1500, 1500, 988, 1499, 988, 988, 988, 1600, 1001, 1001, 1001, 1001, 1500, 1500, 1500, 1500]
[1500, 1500, 988, 1499, 988, 988, 988, 1600, 1001, 1001, 1001, 1001, 1500, 1500, 1500, 1500]
12:03:12.782649 Navigation got ALT: 0.1
[1500, 1500, 988, 1499, 988, 988, 988, 1598, 1001, 1001, 1001, 1001, 1500, 1500, 1500, 1500]
12:03:12.786942 ALT: 0.1
12:03:12.787117 ATT: [1.1, -1.0, 273]
12:03:12.787546 ACC: [9, 10, 517]
[1500, 1500, 988, 1499, 988, 988, 988, 1598, 1001, 1001, 1001, 1001, 1500, 1500, 1500, 1500]
[1500, 1500, 988, 1499, 988, 988, 988, 1598, 1001, 1001, 1001, 1001, 1500, 1500, 1500, 1500]
[1500, 1500, 988, 1499, 988, 988, 988, 1598, 1001, 1001, 1001, 1001, 1500, 1500, 1500, 1500]
[1500, 1500, 988, 1499, 988, 988, 988, 1598, 1001, 1001, 1001, 1001, 1500, 1500, 1500, 1500]
12:03:12.816024 Navigation got ALT: 0.1
[1500, 1499, 988, 1499, 988, 988, 988, 1598, 1001, 1001, 1001, 1001, 1500, 1500, 1500, 1500]
[1500, 1499, 988, 1499, 988, 988, 988, 1598, 1001, 1001, 1001, 1001, 1500, 1500, 1500, 1500]
[1500, 1499, 988, 1499, 988, 988, 988, 1598, 1001, 1001, 1001, 1001, 1500, 1500, 1500, 1500]
12:03:12.833531 ALT: 0.1
12:03:12.833697 ATT: [1.1, -1.0, 273]
12:03:12.834114 ACC: [10, 10, 517]
[1500, 1499, 988, 1499, 988, 988, 988, 1598, 1001, 1001, 1001, 1001, 1500, 1500, 1500, 1500]
[1500, 1499, 988, 1499, 988, 988, 988, 1598, 1001, 1001, 1001, 1001, 1500, 1500, 1500, 1500]
12:03:12.849881 Navigation got ALT: 0.1
[1500, 1500, 988, 1499, 988, 988, 988, 1600, 1001, 1001, 1001, 1001, 1500, 1500, 1500, 1500]
[1500, 1500, 988, 1499, 988, 988, 988, 1600, 1001, 1001, 1001, 1001, 1500, 1500, 1500, 1500]
12:03:12.880129 Navigation got ALT: 0.1
[1500, 1500, 988, 1499, 988, 988, 988, 1598, 1001, 1001, 1001, 1001, 1500, 1500, 1500, 1500]
12:03:12.884288 ALT: 0.1
12:03:12.884465 ATT: [1.1, -1.0, 273]
12:03:12.884995 ACC: [10, 9, 517]
[1500, 1500, 988, 1499, 988, 988, 988, 1598, 1001, 1001, 1001, 1001, 1500, 1500, 1500, 1500]
[1500, 1500, 988, 1499, 988, 988, 988, 1598, 1001, 1001, 1001, 1001, 1500, 1500, 1500, 1500]
[1500, 1500, 988, 1499, 988, 988, 988, 1598, 1001, 1001, 1001, 1001, 1500, 1500, 1500, 1500]
[1500, 1500, 988, 1499, 988, 988, 988, 1598, 1001, 1001, 1001, 1001, 1500, 1500, 1500, 1500]
[1500, 1500, 988, 1499, 988, 988, 988, 1598, 1001, 1001, 1001, 1001, 1500, 1500, 1500, 1500]
[1500, 1500, 988, 1499, 988, 988, 988, 1598, 1001, 1001, 1001, 1001, 1500, 1500, 1500, 1500]
[1500, 1500, 988, 1499, 988, 988, 988, 1598, 1001, 1001, 1001, 1001, 1500, 1500, 1500, 1500]
12:03:12.915431 Navigation got ALT: 0.1
[1499, 1500, 988, 1500, 988, 988, 988, 1600, 1001, 1001, 1001, 1001, 1500, 1500, 1500, 1500]
[1499, 1500, 988, 1500, 988, 988, 988, 1600, 1001, 1001, 1001, 1001, 1500, 1500, 1500, 1500]
[1499, 1500, 988, 1500, 988, 988, 988, 1600, 1001, 1001, 1001, 1001, 1500, 1500, 1500, 1500]
12:03:12.935928 ALT: 0.1
12:03:12.936031 ATT: [1.1, -1.0, 273]
12:03:12.936334 ACC: [9, 11, 518]
[1499, 1500, 988, 1500, 988, 988, 988, 1600, 1001, 1001, 1001, 1001, 1500, 1500, 1500, 1500]
[1499, 1500, 988, 1500, 988, 988, 988, 1600, 1001, 1001, 1001, 1001, 1500, 1500, 1500, 1500]
12:03:12.963874 Navigation got ALT: 0.1
[1500, 1500, 988, 1499, 988, 988, 988, 1600, 1001, 1001, 1001, 1001, 1500, 1500, 1500, 1500]
[1500, 1500, 988, 1499, 988, 988, 988, 1600, 1001, 1001, 1001, 1001, 1500, 1500, 1500, 1500]
[1500, 1500, 988, 1499, 988, 988, 988, 1600, 1001, 1001, 1001, 1001, 1500, 1500, 1500, 1500]
[1500, 1500, 988, 1499, 988, 988, 988, 1600, 1001, 1001, 1001, 1001, 1500, 1500, 1500, 1500]
12:03:12.995754 Navigation got ALT: 0.1
[1499, 1500, 988, 1500, 988, 988, 988, 1600, 1001, 1001, 1001, 1001, 1500, 1500, 1500, 1500]
[1499, 1500, 988, 1500, 988, 988, 988, 1600, 1001, 1001, 1001, 1001, 1500, 1500, 1500, 1500]
12:03:13.005013 ALT: 0.1
12:03:13.005144 ATT: [1.1, -1.0, 273]
12:03:13.005525 ACC: [9, 10, 518]
[1499, 1500, 988, 1500, 988, 988, 988, 1600, 1001, 1001, 1001, 1001, 1500, 1500, 1500, 1500]
[1499, 1500, 988, 1500, 988, 988, 988, 1600, 1001, 1001, 1001, 1001, 1500, 1500, 1500, 1500]
[1499, 1500, 988, 1500, 988, 988, 988, 1600, 1001, 1001, 1001, 1001, 1500, 1500, 1500, 1500]
[1499, 1500, 988, 1500, 988, 988, 988, 1600, 1001, 1001, 1001, 1001, 1500, 1500, 1500, 1500]
[1499, 1500, 988, 1500, 988, 988, 988, 1600, 1001, 1001, 1001, 1001, 1500, 1500, 1500, 1500]
[1499, 1500, 988, 1500, 988, 988, 988, 1600, 1001, 1001, 1001, 1001, 1500, 1500, 1500, 1500]
12:03:13.029437 Navigation got ALT: 0.1
[1499, 1500, 988, 1500, 988, 988, 988, 1600, 1001, 1001, 1001, 1001, 1500, 1500, 1500, 1500]
[1499, 1500, 988, 1500, 988, 988, 988, 1600, 1001, 1001, 1001, 1001, 1500, 1500, 1500, 1500]
12:03:13.041013 ALT: 0.1
12:03:13.041191 ATT: [1.1, -1.0, 273]
12:03:13.041603 ACC: [10, 10, 518]
12:03:13.072025 Navigation got ALT: 0.1
[1499, 1500, 988, 1500, 988, 988, 988, 1600, 1001, 1001, 1001, 1001, 1500, 1500, 1500, 1500]
[1499, 1500, 988, 1500, 988, 988, 988, 1600, 1001, 1001, 1001, 1001, 1500, 1500, 1500, 1500]
[1499, 1500, 988, 1500, 988, 988, 988, 1600, 1001, 1001, 1001, 1001, 1500, 1500, 1500, 1500]
[1499, 1500, 988, 1500, 988, 988, 988, 1600, 1001, 1001, 1001, 1001, 1500, 1500, 1500, 1500]
[1499, 1500, 988, 1500, 988, 988, 988, 1600, 1001, 1001, 1001, 1001, 1500, 1500, 1500, 1500]
[1499, 1500, 988, 1500, 988, 988, 988, 1600, 1001, 1001, 1001, 1001, 1500, 1500, 1500, 1500]
[1499, 1500, 988, 1500, 988, 988, 988, 1600, 1001, 1001, 1001, 1001, 1500, 1500, 1500, 1500]
[1499, 1500, 988, 1500, 988, 988, 988, 1600, 1001, 1001, 1001, 1001, 1500, 1500, 1500, 1500]
12:03:13.109057 ALT: 0.05
12:03:13.109162 ATT: [1.1, -1.0, 273]
12:03:13.109456 ACC: [9, 10, 518]
12:03:13.114841 Navigation got ALT: 0.05
[1500, 1500, 1033, 1500, 988, 988, 988, 1600, 1001, 1001, 1001, 1001, 1500, 1500, 1500, 1500]
[1500, 1500, 1033, 1500, 988, 988, 988, 1600, 1001, 1001, 1001, 1001, 1500, 1500, 1500, 1500]
[1500, 1500, 1033, 1500, 988, 988, 988, 1600, 1001, 1001, 1001, 1001, 1500, 1500, 1500, 1500]
[1500, 1500, 1033, 1500, 988, 988, 988, 1600, 1001, 1001, 1001, 1001, 1500, 1500, 1500, 1500]
12:03:13.157502 Navigation got ALT: 0.05
[1500, 1500, 1031, 1499, 988, 988, 988, 1600, 1001, 1001, 1001, 1001, 1500, 1500, 1500, 1500]
12:03:13.169559 ALT: 0.04
12:03:13.169692 ATT: [1.1, -1.0, 274]
12:03:13.170431 ACC: [10, 9, 517]
[1500, 1500, 1031, 1499, 988, 988, 988, 1600, 1001, 1001, 1001, 1001, 1500, 1500, 1500, 1500]
12:03:13.188583 Navigation got ALT: 0.04
[1499, 1500, 1042, 1500, 988, 988, 988, 1598, 1001, 1001, 1001, 1001, 1500, 1500, 1500, 1500]
[1499, 1500, 1042, 1500, 988, 988, 988, 1598, 1001, 1001, 1001, 1001, 1500, 1500, 1500, 1500]
[1499, 1500, 1042, 1500, 988, 988, 988, 1598, 1001, 1001, 1001, 1001, 1500, 1500, 1500, 1500]
[1499, 1500, 1042, 1500, 988, 988, 988, 1598, 1001, 1001, 1001, 1001, 1500, 1500, 1500, 1500]
[1499, 1500, 1042, 1500, 988, 988, 988, 1598, 1001, 1001, 1001, 1001, 1500, 1500, 1500, 1500]
[1499, 1500, 1042, 1500, 988, 988, 988, 1598, 1001, 1001, 1001, 1001, 1500, 1500, 1500, 1500]
[1499, 1500, 1042, 1500, 988, 988, 988, 1598, 1001, 1001, 1001, 1001, 1500, 1500, 1500, 1500]
[1499, 1500, 1042, 1500, 988, 988, 988, 1598, 1001, 1001, 1001, 1001, 1500, 1500, 1500, 1500]
[1499, 1500, 1042, 1500, 988, 988, 988, 1598, 1001, 1001, 1001, 1001, 1500, 1500, 1500, 1500]
[1499, 1500, 1042, 1500, 988, 988, 988, 1598, 1001, 1001, 1001, 1001, 1500, 1500, 1500, 1500]
[1499, 1500, 1042, 1500, 988, 988, 988, 1598, 1001, 1001, 1001, 1001, 1500, 1500, 1500, 1500]
[1499, 1500, 1042, 1500, 988, 988, 988, 1598, 1001, 1001, 1001, 1001, 1500, 1500, 1500, 1500]
[1499, 1500, 1042, 1500, 988, 988, 988, 1598, 1001, 1001, 1001, 1001, 1500, 1500, 1500, 1500]
12:03:13.219673 ALT: 0.04
12:03:13.220008 ATT: [1.1, -1.0, 274]
12:03:13.225446 ACC: [9, 10, 518]
12:03:13.226956 Navigation got ALT: 0.04
[1500, 1500, 1040, 1500, 988, 988, 988, 1598, 1001, 1001, 1001, 1001, 1500, 1500, 1500, 1500]
[1500, 1500, 1040, 1500, 988, 988, 988, 1598, 1001, 1001, 1001, 1001, 1500, 1500, 1500, 1500]
[1500, 1500, 1040, 1500, 988, 988, 988, 1598, 1001, 1001, 1001, 1001, 1500, 1500, 1500, 1500]
[1500, 1500, 1040, 1500, 988, 988, 988, 1598, 1001, 1001, 1001, 1001, 1500, 1500, 1500, 1500]
[1500, 1500, 1040, 1500, 988, 988, 988, 1598, 1001, 1001, 1001, 1001, 1500, 1500, 1500, 1500]
12:03:13.257058 Navigation got ALT: 0.04
[1500, 1500, 1038, 1500, 988, 988, 988, 1598, 1001, 1001, 1001, 1001, 1500, 1500, 1500, 1500]
[1500, 1500, 1038, 1500, 988, 988, 988, 1598, 1001, 1001, 1001, 1001, 1500, 1500, 1500, 1500]
[1500, 1500, 1038, 1500, 988, 988, 988, 1598, 1001, 1001, 1001, 1001, 1500, 1500, 1500, 1500]
[1500, 1500, 1038, 1500, 988, 988, 988, 1598, 1001, 1001, 1001, 1001, 1500, 1500, 1500, 1500]
[1500, 1500, 1038, 1500, 988, 988, 988, 1598, 1001, 1001, 1001, 1001, 1500, 1500, 1500, 1500]
12:03:13.284856 ALT: 0.04
12:03:13.285005 ATT: [1.1, -1.0, 274]
12:03:13.285428 ACC: [10, 9, 518]
12:03:13.294148 Navigation got ALT: 0.04
[1500, 1500, 1036, 1499, 988, 988, 988, 1600, 1001, 1001, 1001, 1001, 1500, 1500, 1500, 1500]
[1500, 1500, 1036, 1499, 988, 988, 988, 1600, 1001, 1001, 1001, 1001, 1500, 1500, 1500, 1500]
[1500, 1500, 1036, 1499, 988, 988, 988, 1600, 1001, 1001, 1001, 1001, 1500, 1500, 1500, 1500]
[1500, 1500, 1036, 1499, 988, 988, 988, 1600, 1001, 1001, 1001, 1001, 1500, 1500, 1500, 1500]
[1500, 1500, 1036, 1499, 988, 988, 988, 1600, 1001, 1001, 1001, 1001, 1500, 1500, 1500, 1500]
[1500, 1500, 1036, 1499, 988, 988, 988, 1600, 1001, 1001, 1001, 1001, 1500, 1500, 1500, 1500]
12:03:13.329556 Navigation got ALT: 0.04
[1500, 1499, 1034, 1500, 988, 988, 988, 1600, 1001, 1001, 1001, 1001, 1500, 1500, 1500, 1500]
12:03:13.330420 ALT: 0.04
12:03:13.330519 ATT: [1.1, -1.0, 274]
12:03:13.330919 ACC: [9, 10, 518]
[1500, 1499, 1034, 1500, 988, 988, 988, 1600, 1001, 1001, 1001, 1001, 1500, 1500, 1500, 1500]
[1500, 1499, 1034, 1500, 988, 988, 988, 1600, 1001, 1001, 1001, 1001, 1500, 1500, 1500, 1500]
[1500, 1499, 1034, 1500, 988, 988, 988, 1600, 1001, 1001, 1001, 1001, 1500, 1500, 1500, 1500]
[1500, 1499, 1034, 1500, 988, 988, 988, 1600, 1001, 1001, 1001, 1001, 1500, 1500, 1500, 1500]
12:03:13.362924 Navigation got ALT: 0.04
[1499, 1500, 1032, 1500, 988, 988, 988, 1598, 1001, 1001, 1001, 1001, 1500, 1500, 1500, 1500]
[1499, 1500, 1032, 1500, 988, 988, 988, 1598, 1001, 1001, 1001, 1001, 1500, 1500, 1500, 1500]
[1499, 1500, 1032, 1500, 988, 988, 988, 1598, 1001, 1001, 1001, 1001, 1500, 1500, 1500, 1500]
12:03:13.378125 ALT: 0.04
12:03:13.378291 ATT: [1.1, -1.0, 274]
12:03:13.378668 ACC: [10, 10, 517]
[1499, 1500, 1032, 1500, 988, 988, 988, 1598, 1001, 1001, 1001, 1001, 1500, 1500, 1500, 1500]
[1499, 1500, 1032, 1500, 988, 988, 988, 1598, 1001, 1001, 1001, 1001, 1500, 1500, 1500, 1500]
12:03:13.395529 Navigation got ALT: 0.04
[1500, 1500, 1030, 1499, 988, 988, 988, 1600, 1001, 1001, 1001, 1001, 1500, 1500, 1500, 1500]
[1500, 1500, 1030, 1499, 988, 988, 988, 1600, 1001, 1001, 1001, 1001, 1500, 1500, 1500, 1500]
[1500, 1500, 1030, 1499, 988, 988, 988, 1600, 1001, 1001, 1001, 1001, 1500, 1500, 1500, 1500]
[1500, 1500, 1030, 1499, 988, 988, 988, 1600, 1001, 1001, 1001, 1001, 1500, 1500, 1500, 1500]
[1500, 1500, 1030, 1499, 988, 988, 988, 1600, 1001, 1001, 1001, 1001, 1500, 1500, 1500, 1500]
12:03:13.426235 ALT: 0.04
12:03:13.426349 ATT: [1.1, -1.0, 274]
12:03:13.426733 ACC: [10, 9, 517]
12:03:13.428975 Navigation got ALT: 0.04
[1500, 1499, 1028, 1499, 988, 988, 988, 1600, 1001, 1001, 1001, 1001, 1500, 1500, 1500, 1500]
[1500, 1499, 1028, 1499, 988, 988, 988, 1600, 1001, 1001, 1001, 1001, 1500, 1500, 1500, 1500]
[1500, 1499, 1028, 1499, 988, 988, 988, 1600, 1001, 1001, 1001, 1001, 1500, 1500, 1500, 1500]
[1500, 1499, 1028, 1499, 988, 988, 988, 1600, 1001, 1001, 1001, 1001, 1500, 1500, 1500, 1500]
[1500, 1499, 1028, 1499, 988, 988, 988, 1600, 1001, 1001, 1001, 1001, 1500, 1500, 1500, 1500]
12:03:13.462710 Navigation got ALT: 0.04
[1500, 1500, 1026, 1500, 988, 988, 988, 1600, 1001, 1001, 1001, 1001, 1500, 1500, 1500, 1500]
[1500, 1500, 1026, 1500, 988, 988, 988, 1600, 1001, 1001, 1001, 1001, 1500, 1500, 1500, 1500]
[1500, 1500, 1026, 1500, 988, 988, 988, 1600, 1001, 1001, 1001, 1001, 1500, 1500, 1500, 1500]
12:03:13.476672 ALT: 0.04
12:03:13.476776 ATT: [1.1, -1.0, 274]
12:03:13.477571 ACC: [9, 10, 518]
[1500, 1500, 1026, 1500, 988, 988, 988, 1600, 1001, 1001, 1001, 1001, 1500, 1500, 1500, 1500]
[1500, 1500, 1026, 1500, 988, 988, 988, 1600, 1001, 1001, 1001, 1001, 1500, 1500, 1500, 1500]
12:03:13.495375 Navigation got ALT: 0.04
[1500, 1500, 1024, 1500, 988, 988, 988, 1600, 1001, 1001, 1001, 1001, 1500, 1500, 1500, 1500]
[1500, 1500, 1024, 1500, 988, 988, 988, 1600, 1001, 1001, 1001, 1001, 1500, 1500, 1500, 1500]
[1500, 1500, 1024, 1500, 988, 988, 988, 1600, 1001, 1001, 1001, 1001, 1500, 1500, 1500, 1500]
[1500, 1500, 1024, 1500, 988, 988, 988, 1600, 1001, 1001, 1001, 1001, 1500, 1500, 1500, 1500]
[1500, 1500, 1024, 1500, 988, 988, 988, 1600, 1001, 1001, 1001, 1001, 1500, 1500, 1500, 1500]
12:03:13.528937 Navigation got ALT: 0.04
[1500, 1499, 1022, 1500, 988, 988, 988, 1600, 1001, 1001, 1001, 1001, 1500, 1500, 1500, 1500]
12:03:13.530070 ALT: 0.04
12:03:13.530158 ATT: [1.1, -1.0, 274]
12:03:13.530520 ACC: [9, 11, 518]
[1500, 1499, 1022, 1500, 988, 988, 988, 1600, 1001, 1001, 1001, 1001, 1500, 1500, 1500, 1500]
[1500, 1499, 1022, 1500, 988, 988, 988, 1600, 1001, 1001, 1001, 1001, 1500, 1500, 1500, 1500]
[1500, 1499, 1022, 1500, 988, 988, 988, 1600, 1001, 1001, 1001, 1001, 1500, 1500, 1500, 1500]
[1500, 1499, 1022, 1500, 988, 988, 988, 1600, 1001, 1001, 1001, 1001, 1500, 1500, 1500, 1500]
12:03:13.562447 Navigation got ALT: 0.04
[1499, 1500, 1020, 1500, 988, 988, 988, 1600, 1001, 1001, 1001, 1001, 1500, 1500, 1500, 1500]
[1499, 1500, 1020, 1500, 988, 988, 988, 1600, 1001, 1001, 1001, 1001, 1500, 1500, 1500, 1500]
12:03:13.573027 ALT: 0.04
12:03:13.573138 ATT: [1.1, -1.0, 274]
12:03:13.573531 ACC: [9, 9, 518]
[1499, 1500, 1020, 1500, 988, 988, 988, 1600, 1001, 1001, 1001, 1001, 1500, 1500, 1500, 1500]
[1499, 1500, 1020, 1500, 988, 988, 988, 1600, 1001, 1001, 1001, 1001, 1500, 1500, 1500, 1500]
[1499, 1500, 1020, 1500, 988, 988, 988, 1600, 1001, 1001, 1001, 1001, 1500, 1500, 1500, 1500]
12:03:13.595801 Navigation got ALT: 0.04
[1500, 1500, 1018, 1500, 988, 988, 988, 1600, 1001, 1001, 1001, 1001, 1500, 1500, 1500, 1500]
[1500, 1500, 1018, 1500, 988, 988, 988, 1600, 1001, 1001, 1001, 1001, 1500, 1500, 1500, 1500]
[1500, 1500, 1018, 1500, 988, 988, 988, 1600, 1001, 1001, 1001, 1001, 1500, 1500, 1500, 1500]
[1500, 1500, 1018, 1500, 988, 988, 988, 1600, 1001, 1001, 1001, 1001, 1500, 1500, 1500, 1500]
12:03:13.620203 ALT: 0.04
12:03:13.620297 ATT: [1.1, -1.0, 274]
12:03:13.621134 ACC: [10, 11, 517]
[1500, 1500, 1018, 1500, 988, 988, 988, 1600, 1001, 1001, 1001, 1001, 1500, 1500, 1500, 1500]
12:03:13.628803 Navigation got ALT: 0.04
[1500, 1500, 1016, 1500, 988, 988, 988, 1598, 1001, 1001, 1001, 1001, 1500, 1500, 1500, 1500]
[1500, 1500, 1016, 1500, 988, 988, 988, 1598, 1001, 1001, 1001, 1001, 1500, 1500, 1500, 1500]
[1500, 1500, 1016, 1500, 988, 988, 988, 1598, 1001, 1001, 1001, 1001, 1500, 1500, 1500, 1500]
[1500, 1500, 1016, 1500, 988, 988, 988, 1598, 1001, 1001, 1001, 1001, 1500, 1500, 1500, 1500]
12:03:13.659425 Navigation got ALT: 0.04
[1500, 1500, 1014, 1500, 988, 988, 988, 1598, 1001, 1001, 1001, 1001, 1500, 1500, 1500, 1500]
[1500, 1500, 1014, 1500, 988, 988, 988, 1598, 1001, 1001, 1001, 1001, 1500, 1500, 1500, 1500]
[1500, 1500, 1014, 1500, 988, 988, 988, 1598, 1001, 1001, 1001, 1001, 1500, 1500, 1500, 1500]
12:03:13.670423 ALT: 0.04
12:03:13.670528 ATT: [1.1, -1.0, 274]
12:03:13.672128 ACC: [9, 9, 517]
[1500, 1500, 1014, 1500, 988, 988, 988, 1598, 1001, 1001, 1001, 1001, 1500, 1500, 1500, 1500]
[1500, 1500, 1014, 1500, 988, 988, 988, 1598, 1001, 1001, 1001, 1001, 1500, 1500, 1500, 1500]
12:03:13.690014 Navigation got ALT: 0.04
[1500, 1499, 1012, 1499, 988, 988, 988, 1600, 1001, 1001, 1001, 1001, 1500, 1500, 1500, 1500]
[1500, 1499, 1012, 1499, 988, 988, 988, 1600, 1001, 1001, 1001, 1001, 1500, 1500, 1500, 1500]
[1500, 1499, 1012, 1499, 988, 988, 988, 1600, 1001, 1001, 1001, 1001, 1500, 1500, 1500, 1500]
[1500, 1499, 1012, 1499, 988, 988, 988, 1600, 1001, 1001, 1001, 1001, 1500, 1500, 1500, 1500]
[1500, 1499, 1012, 1499, 988, 988, 988, 1600, 1001, 1001, 1001, 1001, 1500, 1500, 1500, 1500]
12:03:13.723325 Navigation got ALT: 0.04
[1500, 1500, 1010, 1500, 988, 988, 988, 1598, 1001, 1001, 1001, 1001, 1500, 1500, 1500, 1500]
[1500, 1500, 1010, 1500, 988, 988, 988, 1598, 1001, 1001, 1001, 1001, 1500, 1500, 1500, 1500]
12:03:13.730356 ALT: 0.04
12:03:13.730486 ATT: [1.1, -1.0, 274]
12:03:13.730840 ACC: [9, 10, 518]
[1500, 1500, 1010, 1500, 988, 988, 988, 1598, 1001, 1001, 1001, 1001, 1500, 1500, 1500, 1500]
[1500, 1500, 1010, 1500, 988, 988, 988, 1598, 1001, 1001, 1001, 1001, 1500, 1500, 1500, 1500]
[1500, 1500, 1010, 1500, 988, 988, 988, 1598, 1001, 1001, 1001, 1001, 1500, 1500, 1500, 1500]
12:03:13.755942 Navigation got ALT: 0.04
[1500, 1500, 1008, 1500, 988, 988, 986, 1600, 1001, 1001, 1001, 1001, 1500, 1500, 1500, 1500]
[1500, 1500, 1008, 1500, 988, 988, 986, 1600, 1001, 1001, 1001, 1001, 1500, 1500, 1500, 1500]
[1500, 1500, 1008, 1500, 988, 988, 986, 1600, 1001, 1001, 1001, 1001, 1500, 1500, 1500, 1500]
[1500, 1500, 1008, 1500, 988, 988, 986, 1600, 1001, 1001, 1001, 1001, 1500, 1500, 1500, 1500]
12:03:13.777306 ALT: 0.04
12:03:13.777651 ATT: [1.1, -1.0, 274]
12:03:13.778273 ACC: [10, 9, 517]
12:03:13.787768 Navigation got ALT: 0.04
[1500, 1500, 1006, 1499, 988, 988, 988, 1600, 1001, 1001, 1001, 1001, 1500, 1500, 1500, 1500]
[1500, 1500, 1006, 1499, 988, 988, 988, 1600, 1001, 1001, 1001, 1001, 1500, 1500, 1500, 1500]
[1500, 1500, 1006, 1499, 988, 988, 988, 1600, 1001, 1001, 1001, 1001, 1500, 1500, 1500, 1500]
[1500, 1500, 1006, 1499, 988, 988, 988, 1600, 1001, 1001, 1001, 1001, 1500, 1500, 1500, 1500]
[1500, 1500, 1006, 1499, 988, 988, 988, 1600, 1001, 1001, 1001, 1001, 1500, 1500, 1500, 1500]
[1500, 1500, 1006, 1499, 988, 988, 988, 1600, 1001, 1001, 1001, 1001, 1500, 1500, 1500, 1500]
12:03:13.825597 ALT: 0.07
12:03:13.825712 ATT: [1.1, -1.0, 274]
12:03:13.826249 ACC: [9, 9, 518]
12:03:13.839398 Navigation got ALT: 0.07
[1500, 1499, 988, 1500, 988, 988, 988, 1600, 1001, 1001, 1001, 1001, 1500, 1500, 1500, 1500]
[1500, 1499, 988, 1500, 988, 988, 988, 1600, 1001, 1001, 1001, 1001, 1500, 1500, 1500, 1500]
[1500, 1499, 988, 1500, 988, 988, 988, 1600, 1001, 1001, 1001, 1001, 1500, 1500, 1500, 1500]
[1500, 1499, 988, 1500, 988, 988, 988, 1600, 1001, 1001, 1001, 1001, 1500, 1500, 1500, 1500]
[1500, 1499, 988, 1500, 988, 988, 988, 1600, 1001, 1001, 1001, 1001, 1500, 1500, 1500, 1500]
[1500, 1499, 988, 1500, 988, 988, 988, 1600, 1001, 1001, 1001, 1001, 1500, 1500, 1500, 1500]
[1500, 1499, 988, 1500, 988, 988, 988, 1600, 1001, 1001, 1001, 1001, 1500, 1500, 1500, 1500]
12:03:13.869647 Navigation got ALT: 0.07
[1499, 1500, 988, 1500, 988, 988, 988, 1600, 1001, 1001, 1001, 1001, 1500, 1500, 1500, 1500]
12:03:13.893203 ALT: 0.1
12:03:13.893338 ATT: [1.1, -1.1, 274]
12:03:13.894256 ACC: [10, 10, 517]
[1499, 1500, 988, 1500, 988, 988, 988, 1600, 1001, 1001, 1001, 1001, 1500, 1500, 1500, 1500]
12:03:13.900582 Navigation got ALT: 0.1
[1499, 1500, 988, 1500, 988, 988, 988, 1600, 1001, 1001, 1001, 1001, 1500, 1500, 1500, 1500]
[1499, 1500, 988, 1500, 988, 988, 988, 1600, 1001, 1001, 1001, 1001, 1500, 1500, 1500, 1500]
[1499, 1500, 988, 1500, 988, 988, 988, 1600, 1001, 1001, 1001, 1001, 1500, 1500, 1500, 1500]
[1499, 1500, 988, 1500, 988, 988, 988, 1600, 1001, 1001, 1001, 1001, 1500, 1500, 1500, 1500]
[1499, 1500, 988, 1500, 988, 988, 988, 1600, 1001, 1001, 1001, 1001, 1500, 1500, 1500, 1500]
[1499, 1500, 988, 1500, 988, 988, 988, 1600, 1001, 1001, 1001, 1001, 1500, 1500, 1500, 1500]
[1499, 1500, 988, 1500, 988, 988, 988, 1600, 1001, 1001, 1001, 1001, 1500, 1500, 1500, 1500]
12:03:13.938437 ALT: 0.1
12:03:13.938595 ATT: [1.1, -1.1, 274]
12:03:13.938891 ACC: [9, 9, 518]
12:03:13.945531 Navigation got ALT: 0.1
[1500, 1499, 988, 1501, 986, 988, 988, 1600, 1001, 1001, 1001, 1001, 1500, 1500, 1500, 1500]
[1500, 1499, 988, 1501, 986, 988, 988, 1600, 1001, 1001, 1001, 1001, 1500, 1500, 1500, 1500]
[1500, 1499, 988, 1501, 986, 988, 988, 1600, 1001, 1001, 1001, 1001, 1500, 1500, 1500, 1500]
[1500, 1499, 988, 1501, 986, 988, 988, 1600, 1001, 1001, 1001, 1001, 1500, 1500, 1500, 1500]
[1500, 1499, 988, 1501, 986, 988, 988, 1600, 1001, 1001, 1001, 1001, 1500, 1500, 1500, 1500]
[1500, 1499, 988, 1501, 986, 988, 988, 1600, 1001, 1001, 1001, 1001, 1500, 1500, 1500, 1500]
[1500, 1499, 988, 1501, 986, 988, 988, 1600, 1001, 1001, 1001, 1001, 1500, 1500, 1500, 1500]
12:03:13.976639 Navigation got ALT: 0.1
[1499, 1500, 988, 1500, 988, 988, 988, 1600, 1001, 1001, 1001, 1001, 1500, 1500, 1500, 1500]
[1499, 1500, 988, 1500, 988, 988, 988, 1600, 1001, 1001, 1001, 1001, 1500, 1500, 1500, 1500]
12:03:13.987270 ALT: 0.1
12:03:13.989013 ATT: [1.1, -1.0, 274]
[1499, 1500, 988, 1500, 988, 988, 988, 1600, 1001, 1001, 1001, 1001, 1500, 1500, 1500, 1500]
12:03:13.998050 ACC: [9, 11, 517]
[1499, 1500, 988, 1500, 988, 988, 988, 1600, 1001, 1001, 1001, 1001, 1500, 1500, 1500, 1500]
[1499, 1500, 988, 1500, 988, 988, 988, 1600, 1001, 1001, 1001, 1001, 1500, 1500, 1500, 1500]
12:03:14.013303 Navigation got ALT: 0.1
[1500, 1500, 988, 1500, 988, 988, 988, 1600, 1001, 1001, 1001, 1001, 1500, 1500, 1500, 1500]
[1500, 1500, 988, 1500, 988, 988, 988, 1600, 1001, 1001, 1001, 1001, 1500, 1500, 1500, 1500]
[1500, 1500, 988, 1500, 988, 988, 988, 1600, 1001, 1001, 1001, 1001, 1500, 1500, 1500, 1500]
[1500, 1500, 988, 1500, 988, 988, 988, 1600, 1001, 1001, 1001, 1001, 1500, 1500, 1500, 1500]
[1500, 1500, 988, 1500, 988, 988, 988, 1600, 1001, 1001, 1001, 1001, 1500, 1500, 1500, 1500]
[1500, 1500, 988, 1500, 988, 988, 988, 1600, 1001, 1001, 1001, 1001, 1500, 1500, 1500, 1500]
12:03:14.048948 Navigation got ALT: 0.1
[1500, 1499, 988, 1500, 988, 988, 988, 1600, 1001, 1001, 1001, 1001, 1500, 1500, 1500, 1500]
12:03:14.049433 ALT: 0.1
12:03:14.049547 ATT: [1.1, -1.0, 274]
12:03:14.050013 ACC: [10, 9, 517]
[1500, 1499, 988, 1500, 988, 988, 988, 1600, 1001, 1001, 1001, 1001, 1500, 1500, 1500, 1500]
[1500, 1499, 988, 1500, 988, 988, 988, 1600, 1001, 1001, 1001, 1001, 1500, 1500, 1500, 1500]
[1500, 1499, 988, 1500, 988, 988, 988, 1600, 1001, 1001, 1001, 1001, 1500, 1500, 1500, 1500]
[1500, 1499, 988, 1500, 988, 988, 988, 1600, 1001, 1001, 1001, 1001, 1500, 1500, 1500, 1500]
12:03:14.082191 Navigation got ALT: 0.1
[1500, 1500, 988, 1500, 988, 988, 988, 1600, 1001, 1001, 1001, 1001, 1500, 1500, 1500, 1500]
[1500, 1500, 988, 1500, 988, 988, 988, 1600, 1001, 1001, 1001, 1001, 1500, 1500, 1500, 1500]
[1500, 1500, 988, 1500, 988, 988, 988, 1600, 1001, 1001, 1001, 1001, 1500, 1500, 1500, 1500]
12:03:14.097045 ALT: 0.1
12:03:14.097165 ATT: [1.1, -1.1, 274]
12:03:14.097465 ACC: [10, 9, 517]
12:03:14.146397 ALT: 0.1
12:03:14.146814 ATT: [1.1, -1.0, 274]
12:03:14.148101 ACC: [8, 10, 517]
12:03:14.156349 Navigation got ALT: 0.1
[1500, 1500, 988, 1500, 988, 988, 988, 1600, 1001, 1001, 1001, 1001, 1500, 1500, 1500, 1500]
[1500, 1500, 988, 1500, 988, 988, 988, 1600, 1001, 1001, 1001, 1001, 1500, 1500, 1500, 1500]
[1500, 1500, 988, 1500, 988, 988, 988, 1600, 1001, 1001, 1001, 1001, 1500, 1500, 1500, 1500]
[1500, 1500, 988, 1500, 988, 988, 988, 1600, 1001, 1001, 1001, 1001, 1500, 1500, 1500, 1500]
[1500, 1500, 988, 1500, 988, 988, 988, 1600, 1001, 1001, 1001, 1001, 1500, 1500, 1500, 1500]
[1500, 1500, 988, 1500, 988, 988, 988, 1600, 1001, 1001, 1001, 1001, 1500, 1500, 1500, 1500]
[1500, 1500, 988, 1500, 988, 988, 988, 1600, 1001, 1001, 1001, 1001, 1500, 1500, 1500, 1500]
[1500, 1500, 988, 1500, 988, 988, 988, 1600, 1001, 1001, 1001, 1001, 1500, 1500, 1500, 1500]
[1500, 1500, 988, 1500, 988, 988, 988, 1600, 1001, 1001, 1001, 1001, 1500, 1500, 1500, 1500]
[1500, 1500, 988, 1500, 988, 988, 988, 1600, 1001, 1001, 1001, 1001, 1500, 1500, 1500, 1500]
[1500, 1500, 988, 1500, 988, 988, 988, 1600, 1001, 1001, 1001, 1001, 1500, 1500, 1500, 1500]
[1500, 1500, 988, 1500, 988, 988, 988, 1600, 1001, 1001, 1001, 1001, 1500, 1500, 1500, 1500]
[1500, 1500, 988, 1500, 988, 988, 988, 1600, 1001, 1001, 1001, 1001, 1500, 1500, 1500, 1500]
12:03:14.191220 Navigation got ALT: 0.1
[1500, 1501, 988, 1500, 988, 988, 988, 1600, 1001, 1001, 1001, 1001, 1500, 1500, 1500, 1500]
[1500, 1501, 988, 1500, 988, 988, 988, 1600, 1001, 1001, 1001, 1001, 1500, 1500, 1500, 1500]
12:03:14.209952 ALT: 0.1
12:03:14.210340 ATT: [1.1, -1.0, 274]
12:03:14.212325 ACC: [10, 10, 517]
[1500, 1501, 988, 1500, 988, 988, 988, 1600, 1001, 1001, 1001, 1001, 1500, 1500, 1500, 1500]
12:03:14.222169 Navigation got ALT: 0.1
[1500, 1500, 988, 1499, 988, 988, 988, 1601, 1001, 1001, 1001, 1001, 1500, 1500, 1500, 1500]
[1500, 1500, 988, 1499, 988, 988, 988, 1601, 1001, 1001, 1001, 1001, 1500, 1500, 1500, 1500]
[1500, 1500, 988, 1499, 988, 988, 988, 1601, 1001, 1001, 1001, 1001, 1500, 1500, 1500, 1500]
[1500, 1500, 988, 1499, 988, 988, 988, 1601, 1001, 1001, 1001, 1001, 1500, 1500, 1500, 1500]
12:03:14.257309 Navigation got ALT: 0.1
[1500, 1499, 988, 1499, 988, 988, 988, 1600, 1001, 1001, 1001, 1001, 1500, 1500, 1500, 1500]
12:03:14.261172 ALT: 0.1
12:03:14.261679 ATT: [1.1, -1.0, 274]
12:03:14.262883 ACC: [8, 10, 517]
[1500, 1499, 988, 1499, 988, 988, 988, 1600, 1001, 1001, 1001, 1001, 1500, 1500, 1500, 1500]
[1500, 1499, 988, 1499, 988, 988, 988, 1600, 1001, 1001, 1001, 1001, 1500, 1500, 1500, 1500]
[1500, 1499, 988, 1499, 988, 988, 988, 1600, 1001, 1001, 1001, 1001, 1500, 1500, 1500, 1500]
12:03:14.295028 Navigation got ALT: 0.1
[1500, 1500, 988, 1500, 988, 988, 988, 1600, 1001, 1001, 1001, 1001, 1500, 1500, 1500, 1500]
[1500, 1500, 988, 1500, 988, 988, 988, 1600, 1001, 1001, 1001, 1001, 1500, 1500, 1500, 1500]
[1500, 1500, 988, 1500, 988, 988, 988, 1600, 1001, 1001, 1001, 1001, 1500, 1500, 1500, 1500]
[1500, 1500, 988, 1500, 988, 988, 988, 1600, 1001, 1001, 1001, 1001, 1500, 1500, 1500, 1500]
[1500, 1500, 988, 1500, 988, 988, 988, 1600, 1001, 1001, 1001, 1001, 1500, 1500, 1500, 1500]
[1500, 1500, 988, 1500, 988, 988, 988, 1600, 1001, 1001, 1001, 1001, 1500, 1500, 1500, 1500]
[1500, 1500, 988, 1500, 988, 988, 988, 1600, 1001, 1001, 1001, 1001, 1500, 1500, 1500, 1500]
12:03:14.305375 ALT: 0.1
12:03:14.305609 ATT: [1.1, -1.0, 274]
12:03:14.307127 ACC: [10, 10, 517]
[1500, 1500, 988, 1500, 988, 988, 988, 1600, 1001, 1001, 1001, 1001, 1500, 1500, 1500, 1500]
[1500, 1500, 988, 1500, 988, 988, 988, 1600, 1001, 1001, 1001, 1001, 1500, 1500, 1500, 1500]
12:03:14.330438 Navigation got ALT: 0.1
[1500, 1500, 988, 1500, 988, 988, 988, 1600, 1001, 1001, 1001, 1001, 1500, 1500, 1500, 1500]
[1500, 1500, 988, 1500, 988, 988, 988, 1600, 1001, 1001, 1001, 1001, 1500, 1500, 1500, 1500]
[1500, 1500, 988, 1500, 988, 988, 988, 1600, 1001, 1001, 1001, 1001, 1500, 1500, 1500, 1500]
[1500, 1500, 988, 1500, 988, 988, 988, 1600, 1001, 1001, 1001, 1001, 1500, 1500, 1500, 1500]
[1500, 1500, 988, 1500, 988, 988, 988, 1600, 1001, 1001, 1001, 1001, 1500, 1500, 1500, 1500]
12:03:14.364590 Navigation got ALT: 0.1
[1499, 1500, 988, 1500, 988, 988, 988, 1600, 1001, 1001, 1001, 1001, 1500, 1500, 1500, 1500]
[1499, 1500, 988, 1500, 988, 988, 988, 1600, 1001, 1001, 1001, 1001, 1500, 1500, 1500, 1500]
[1499, 1500, 988, 1500, 988, 988, 988, 1600, 1001, 1001, 1001, 1001, 1500, 1500, 1500, 1500]
[1499, 1500, 988, 1500, 988, 988, 988, 1600, 1001, 1001, 1001, 1001, 1500, 1500, 1500, 1500]
[1499, 1500, 988, 1500, 988, 988, 988, 1600, 1001, 1001, 1001, 1001, 1500, 1500, 1500, 1500]
12:03:14.385871 ALT: 0.1
12:03:14.386017 ATT: [1.1, -1.0, 274]
12:03:14.388159 ACC: [9, 9, 518]
[1499, 1500, 988, 1500, 988, 988, 988, 1600, 1001, 1001, 1001, 1001, 1500, 1500, 1500, 1500]
12:03:14.395317 Navigation got ALT: 0.1
[1500, 1500, 988, 1499, 988, 988, 988, 1600, 1001, 1001, 1001, 1001, 1500, 1500, 1500, 1500]
[1500, 1500, 988, 1499, 988, 988, 988, 1600, 1001, 1001, 1001, 1001, 1500, 1500, 1500, 1500]
[1500, 1500, 988, 1499, 988, 988, 988, 1600, 1001, 1001, 1001, 1001, 1500, 1500, 1500, 1500]
[1500, 1500, 988, 1499, 988, 988, 988, 1600, 1001, 1001, 1001, 1001, 1500, 1500, 1500, 1500]
[1500, 1500, 988, 1499, 988, 988, 988, 1600, 1001, 1001, 1001, 1001, 1500, 1500, 1500, 1500]
12:03:14.428816 Navigation got ALT: 0.1
[1500, 1500, 988, 1499, 988, 988, 988, 1600, 1001, 1001, 1001, 1001, 1500, 1500, 1500, 1500]
12:03:14.436349 ALT: 0.1
12:03:14.436509 ATT: [1.1, -1.0, 274]
12:03:14.436988 ACC: [10, 10, 517]
[1500, 1500, 988, 1499, 988, 988, 988, 1600, 1001, 1001, 1001, 1001, 1500, 1500, 1500, 1500]
[1500, 1500, 988, 1499, 988, 988, 988, 1600, 1001, 1001, 1001, 1001, 1500, 1500, 1500, 1500]
[1500, 1500, 988, 1499, 988, 988, 988, 1600, 1001, 1001, 1001, 1001, 1500, 1500, 1500, 1500]
[1500, 1500, 988, 1499, 988, 988, 988, 1600, 1001, 1001, 1001, 1001, 1500, 1500, 1500, 1500]
12:03:14.465885 Navigation got ALT: 0.1
[1500, 1500, 988, 1500, 988, 988, 988, 1600, 1001, 1001, 1001, 1001, 1500, 1500, 1500, 1500]
[1500, 1500, 988, 1500, 988, 988, 988, 1600, 1001, 1001, 1001, 1001, 1500, 1500, 1500, 1500]
[1500, 1500, 988, 1500, 988, 988, 988, 1600, 1001, 1001, 1001, 1001, 1500, 1500, 1500, 1500]
[1500, 1500, 988, 1500, 988, 988, 988, 1600, 1001, 1001, 1001, 1001, 1500, 1500, 1500, 1500]
12:03:14.484546 ALT: 0.1
12:03:14.484921 ATT: [1.1, -1.0, 274]
12:03:14.485292 ACC: [9, 10, 517]
[1500, 1500, 988, 1500, 988, 988, 988, 1600, 1001, 1001, 1001, 1001, 1500, 1500, 1500, 1500]
[1500, 1500, 988, 1500, 988, 988, 988, 1600, 1001, 1001, 1001, 1001, 1500, 1500, 1500, 1500]
12:03:14.502971 Navigation got ALT: 0.1
[1500, 1499, 988, 1500, 988, 988, 988, 1600, 1001, 1001, 1001, 1001, 1500, 1500, 1500, 1500]
[1500, 1499, 988, 1500, 988, 988, 988, 1600, 1001, 1001, 1001, 1001, 1500, 1500, 1500, 1500]
[1500, 1499, 988, 1500, 988, 988, 988, 1600, 1001, 1001, 1001, 1001, 1500, 1500, 1500, 1500]
[1500, 1499, 988, 1500, 988, 988, 988, 1600, 1001, 1001, 1001, 1001, 1500, 1500, 1500, 1500]
12:03:14.529177 ALT: 0.1
12:03:14.529327 ATT: [1.1, -1.0, 274]
12:03:14.529651 ACC: [10, 10, 517]
[1500, 1499, 988, 1500, 988, 988, 988, 1600, 1001, 1001, 1001, 1001, 1500, 1500, 1500, 1500]
12:03:14.535436 Navigation got ALT: 0.1
[1500, 1500, 988, 1500, 988, 988, 988, 1600, 1001, 1001, 1001, 1001, 1500, 1500, 1500, 1500]
[1500, 1500, 988, 1500, 988, 988, 988, 1600, 1001, 1001, 1001, 1001, 1500, 1500, 1500, 1500]
[1500, 1500, 988, 1500, 988, 988, 988, 1600, 1001, 1001, 1001, 1001, 1500, 1500, 1500, 1500]
[1500, 1500, 988, 1500, 988, 988, 988, 1600, 1001, 1001, 1001, 1001, 1500, 1500, 1500, 1500]
12:03:14.570475 Navigation got ALT: 0.1
[1500, 1500, 988, 1500, 988, 988, 988, 1600, 1001, 1001, 1001, 1001, 1500, 1500, 1500, 1500]
[1500, 1500, 988, 1500, 988, 988, 988, 1600, 1001, 1001, 1001, 1001, 1500, 1500, 1500, 1500]
[1500, 1500, 988, 1500, 988, 988, 988, 1600, 1001, 1001, 1001, 1001, 1500, 1500, 1500, 1500]
12:03:14.577118 ALT: 0.07
12:03:14.577384 ATT: [1.1, -1.1, 274]
12:03:14.577765 ACC: [10, 9, 517]
[1500, 1500, 988, 1500, 988, 988, 988, 1600, 1001, 1001, 1001, 1001, 1500, 1500, 1500, 1500]
[1500, 1500, 988, 1500, 988, 988, 988, 1600, 1001, 1001, 1001, 1001, 1500, 1500, 1500, 1500]
[1500, 1500, 988, 1500, 988, 988, 988, 1600, 1001, 1001, 1001, 1001, 1500, 1500, 1500, 1500]
12:03:14.602624 Navigation got ALT: 0.07
[1500, 1500, 1022, 1499, 988, 988, 988, 1598, 1001, 1001, 1001, 1001, 1500, 1500, 1500, 1500]
[1500, 1500, 1022, 1499, 988, 988, 988, 1598, 1001, 1001, 1001, 1001, 1500, 1500, 1500, 1500]
[1500, 1500, 1022, 1499, 988, 988, 988, 1598, 1001, 1001, 1001, 1001, 1500, 1500, 1500, 1500]
[1500, 1500, 1022, 1499, 988, 988, 988, 1598, 1001, 1001, 1001, 1001, 1500, 1500, 1500, 1500]
[1500, 1500, 1022, 1499, 988, 988, 988, 1598, 1001, 1001, 1001, 1001, 1500, 1500, 1500, 1500]
12:03:14.638397 Navigation got ALT: 0.07
[1500, 1500, 1019, 1500, 988, 988, 988, 1600, 1001, 1001, 1001, 1001, 1500, 1500, 1500, 1500]
12:03:14.644816 ALT: 0.04
12:03:14.645362 ATT: [1.1, -1.0, 274]
12:03:14.648191 ACC: [9, 10, 517]
[1500, 1500, 1019, 1500, 988, 988, 988, 1600, 1001, 1001, 1001, 1001, 1500, 1500, 1500, 1500]
[1500, 1500, 1019, 1500, 988, 988, 988, 1600, 1001, 1001, 1001, 1001, 1500, 1500, 1500, 1500]
[1500, 1500, 1019, 1500, 988, 988, 988, 1600, 1001, 1001, 1001, 1001, 1500, 1500, 1500, 1500]
[1500, 1500, 1019, 1500, 988, 988, 988, 1600, 1001, 1001, 1001, 1001, 1500, 1500, 1500, 1500]
12:03:14.671492 Navigation got ALT: 0.04
[1500, 1500, 1054, 1499, 988, 988, 988, 1600, 1001, 1001, 1001, 1001, 1500, 1500, 1500, 1500]
[1500, 1500, 1054, 1499, 988, 988, 988, 1600, 1001, 1001, 1001, 1001, 1500, 1500, 1500, 1500]
12:03:14.693937 ALT: 0.04
12:03:14.694047 ATT: [1.1, -1.0, 274]
12:03:14.694332 ACC: [9, 9, 517]
[1500, 1500, 1054, 1499, 988, 988, 988, 1600, 1001, 1001, 1001, 1001, 1500, 1500, 1500, 1500]
[1500, 1500, 1054, 1499, 988, 988, 988, 1600, 1001, 1001, 1001, 1001, 1500, 1500, 1500, 1500]
[1500, 1500, 1054, 1499, 988, 988, 988, 1600, 1001, 1001, 1001, 1001, 1500, 1500, 1500, 1500]
12:03:14.702640 Navigation got ALT: 0.04
[1500, 1500, 1052, 1499, 988, 988, 988, 1598, 1001, 1001, 1001, 1001, 1500, 1500, 1500, 1500]
[1500, 1500, 1052, 1499, 988, 988, 988, 1598, 1001, 1001, 1001, 1001, 1500, 1500, 1500, 1500]
[1500, 1500, 1052, 1499, 988, 988, 988, 1598, 1001, 1001, 1001, 1001, 1500, 1500, 1500, 1500]
[1500, 1500, 1052, 1499, 988, 988, 988, 1598, 1001, 1001, 1001, 1001, 1500, 1500, 1500, 1500]
[1500, 1500, 1052, 1499, 988, 988, 988, 1598, 1001, 1001, 1001, 1001, 1500, 1500, 1500, 1500]
12:03:14.735684 Navigation got ALT: 0.04
[1500, 1500, 1050, 1499, 988, 988, 988, 1598, 1001, 1001, 1001, 1001, 1500, 1500, 1500, 1500]
12:03:14.738711 ALT: 0.04
12:03:14.738986 ATT: [1.1, -1.0, 274]
12:03:14.739923 ACC: [9, 9, 517]
[1500, 1500, 1050, 1499, 988, 988, 988, 1598, 1001, 1001, 1001, 1001, 1500, 1500, 1500, 1500]
[1500, 1500, 1050, 1499, 988, 988, 988, 1598, 1001, 1001, 1001, 1001, 1500, 1500, 1500, 1500]
[1500, 1500, 1050, 1499, 988, 988, 988, 1598, 1001, 1001, 1001, 1001, 1500, 1500, 1500, 1500]
12:03:14.767823 Navigation got ALT: 0.04
[1500, 1499, 1048, 1499, 988, 988, 988, 1600, 1001, 1001, 1001, 1001, 1500, 1500, 1500, 1500]
[1500, 1499, 1048, 1499, 988, 988, 988, 1600, 1001, 1001, 1001, 1001, 1500, 1500, 1500, 1500]
[1500, 1499, 1048, 1499, 988, 988, 988, 1600, 1001, 1001, 1001, 1001, 1500, 1500, 1500, 1500]
[1500, 1499, 1048, 1499, 988, 988, 988, 1600, 1001, 1001, 1001, 1001, 1500, 1500, 1500, 1500]
12:03:14.785872 ALT: 0.04
12:03:14.786230 ATT: [1.1, -1.0, 274]
12:03:14.787111 ACC: [10, 10, 518]
[1500, 1499, 1048, 1499, 988, 988, 988, 1600, 1001, 1001, 1001, 1001, 1500, 1500, 1500, 1500]
[1500, 1499, 1048, 1499, 988, 988, 988, 1600, 1001, 1001, 1001, 1001, 1500, 1500, 1500, 1500]
12:03:14.803018 Navigation got ALT: 0.04
[1500, 1500, 1046, 1499, 988, 988, 988, 1600, 1001, 1001, 1001, 1001, 1500, 1500, 1500, 1500]
[1500, 1500, 1046, 1499, 988, 988, 988, 1600, 1001, 1001, 1001, 1001, 1500, 1500, 1500, 1500]
[1500, 1500, 1046, 1499, 988, 988, 988, 1600, 1001, 1001, 1001, 1001, 1500, 1500, 1500, 1500]
[1500, 1500, 1046, 1499, 988, 988, 988, 1600, 1001, 1001, 1001, 1001, 1500, 1500, 1500, 1500]
[1500, 1500, 1046, 1499, 988, 988, 988, 1600, 1001, 1001, 1001, 1001, 1500, 1500, 1500, 1500]
12:03:14.833314 ALT: 0.04
12:03:14.833428 ATT: [1.1, -1.0, 274]
12:03:14.833766 ACC: [9, 9, 517]
12:03:14.836068 Navigation got ALT: 0.04
[1500, 1499, 1046, 1499, 988, 988, 988, 1600, 1001, 1001, 1001, 1001, 1500, 1500, 1500, 1500]
[1500, 1499, 1046, 1499, 988, 988, 988, 1600, 1001, 1001, 1001, 1001, 1500, 1500, 1500, 1500]
[1500, 1499, 1046, 1499, 988, 988, 988, 1600, 1001, 1001, 1001, 1001, 1500, 1500, 1500, 1500]
[1500, 1499, 1046, 1499, 988, 988, 988, 1600, 1001, 1001, 1001, 1001, 1500, 1500, 1500, 1500]
[1500, 1499, 1046, 1499, 988, 988, 988, 1600, 1001, 1001, 1001, 1001, 1500, 1500, 1500, 1500]
12:03:14.869227 Navigation got ALT: 0.04
[1499, 1500, 1044, 1500, 988, 988, 988, 1600, 1001, 1001, 1001, 1001, 1500, 1500, 1500, 1500]
[1499, 1500, 1044, 1500, 988, 988, 988, 1600, 1001, 1001, 1001, 1001, 1500, 1500, 1500, 1500]
12:03:14.881348 ALT: 0.04
12:03:14.881534 ATT: [1.1, -1.0, 274]
12:03:14.882209 ACC: [9, 10, 517]
[1499, 1500, 1044, 1500, 988, 988, 988, 1600, 1001, 1001, 1001, 1001, 1500, 1500, 1500, 1500]
[1499, 1500, 1044, 1500, 988, 988, 988, 1600, 1001, 1001, 1001, 1001, 1500, 1500, 1500, 1500]
12:03:14.900692 Navigation got ALT: 0.04
[1500, 1500, 1042, 1499, 988, 988, 988, 1600, 1001, 1001, 1001, 1001, 1500, 1500, 1500, 1500]
[1500, 1500, 1042, 1499, 988, 988, 988, 1600, 1001, 1001, 1001, 1001, 1500, 1500, 1500, 1500]
[1500, 1500, 1042, 1499, 988, 988, 988, 1600, 1001, 1001, 1001, 1001, 1500, 1500, 1500, 1500]
[1500, 1500, 1042, 1499, 988, 988, 988, 1600, 1001, 1001, 1001, 1001, 1500, 1500, 1500, 1500]
[1500, 1500, 1042, 1499, 988, 988, 988, 1600, 1001, 1001, 1001, 1001, 1500, 1500, 1500, 1500]
12:03:14.931421 Navigation got ALT: 0.04
[1500, 1499, 1040, 1500, 988, 988, 988, 1598, 1001, 1001, 1001, 1001, 1500, 1500, 1500, 1500]
[1500, 1499, 1040, 1500, 988, 988, 988, 1598, 1001, 1001, 1001, 1001, 1500, 1500, 1500, 1500]
[1500, 1499, 1040, 1500, 988, 988, 988, 1598, 1001, 1001, 1001, 1001, 1500, 1500, 1500, 1500]
12:03:14.947783 ALT: 0.04
12:03:14.948184 ATT: [1.1, -1.0, 274]
12:03:14.949070 ACC: [9, 10, 517]
[1500, 1499, 1040, 1500, 988, 988, 988, 1598, 1001, 1001, 1001, 1001, 1500, 1500, 1500, 1500]
[1500, 1499, 1040, 1500, 988, 988, 988, 1598, 1001, 1001, 1001, 1001, 1500, 1500, 1500, 1500]
12:03:14.963351 Navigation got ALT: 0.04
[1500, 1500, 1038, 1500, 988, 988, 988, 1600, 1001, 1001, 1001, 1001, 1500, 1500, 1500, 1500]
[1500, 1500, 1038, 1500, 988, 988, 988, 1600, 1001, 1001, 1001, 1001, 1500, 1500, 1500, 1500]
[1500, 1500, 1038, 1500, 988, 988, 988, 1600, 1001, 1001, 1001, 1001, 1500, 1500, 1500, 1500]
[1500, 1500, 1038, 1500, 988, 988, 988, 1600, 1001, 1001, 1001, 1001, 1500, 1500, 1500, 1500]
[1500, 1500, 1038, 1500, 988, 988, 988, 1600, 1001, 1001, 1001, 1001, 1500, 1500, 1500, 1500]
12:03:14.993177 ALT: 0.04
12:03:14.993266 ATT: [1.1, -1.0, 274]
12:03:14.993634 ACC: [9, 10, 518]
12:03:14.995609 Navigation got ALT: 0.04
[1500, 1500, 1036, 1500, 989, 986, 988, 1600, 1001, 1001, 1001, 1001, 1500, 1500, 1500, 1500]
[1500, 1500, 1036, 1500, 989, 986, 988, 1600, 1001, 1001, 1001, 1001, 1500, 1500, 1500, 1500]
[1500, 1500, 1036, 1500, 989, 986, 988, 1600, 1001, 1001, 1001, 1001, 1500, 1500, 1500, 1500]
[1500, 1500, 1036, 1500, 989, 986, 988, 1600, 1001, 1001, 1001, 1001, 1500, 1500, 1500, 1500]
[1500, 1500, 1036, 1500, 989, 986, 988, 1600, 1001, 1001, 1001, 1001, 1500, 1500, 1500, 1500]
12:03:15.029517 Navigation got ALT: 0.04
[1500, 1500, 1034, 1499, 988, 988, 988, 1600, 1001, 1001, 1001, 1001, 1500, 1500, 1500, 1500]
[1500, 1500, 1034, 1499, 988, 988, 988, 1600, 1001, 1001, 1001, 1001, 1500, 1500, 1500, 1500]
[1500, 1500, 1034, 1499, 988, 988, 988, 1600, 1001, 1001, 1001, 1001, 1500, 1500, 1500, 1500]
12:03:15.044703 ALT: 0.04
12:03:15.044838 ATT: [1.1, -1.0, 274]
12:03:15.045177 ACC: [10, 10, 517]
[1500, 1500, 1034, 1499, 988, 988, 988, 1600, 1001, 1001, 1001, 1001, 1500, 1500, 1500, 1500]
[1500, 1500, 1034, 1499, 988, 988, 988, 1600, 1001, 1001, 1001, 1001, 1500, 1500, 1500, 1500]
12:03:15.064040 Navigation got ALT: 0.04
[1500, 1500, 1032, 1500, 988, 988, 988, 1598, 1001, 1001, 1001, 1001, 1500, 1500, 1500, 1500]
[1500, 1500, 1032, 1500, 988, 988, 988, 1598, 1001, 1001, 1001, 1001, 1500, 1500, 1500, 1500]
[1500, 1500, 1032, 1500, 988, 988, 988, 1598, 1001, 1001, 1001, 1001, 1500, 1500, 1500, 1500]
[1500, 1500, 1032, 1500, 988, 988, 988, 1598, 1001, 1001, 1001, 1001, 1500, 1500, 1500, 1500]
12:03:15.092633 ALT: 0.04
12:03:15.092759 ATT: [1.1, -1.0, 274]
12:03:15.093075 ACC: [9, 10, 517]
12:03:15.095030 Navigation got ALT: 0.04
[1500, 1500, 1030, 1500, 988, 988, 988, 1600, 1001, 1001, 1001, 1001, 1500, 1500, 1500, 1500]
[1500, 1500, 1030, 1500, 988, 988, 988, 1600, 1001, 1001, 1001, 1001, 1500, 1500, 1500, 1500]
[1500, 1500, 1030, 1500, 988, 988, 988, 1600, 1001, 1001, 1001, 1001, 1500, 1500, 1500, 1500]
[1500, 1500, 1030, 1500, 988, 988, 988, 1600, 1001, 1001, 1001, 1001, 1500, 1500, 1500, 1500]
[1500, 1500, 1030, 1500, 988, 988, 988, 1600, 1001, 1001, 1001, 1001, 1500, 1500, 1500, 1500]
[1500, 1500, 1030, 1500, 988, 988, 988, 1600, 1001, 1001, 1001, 1001, 1500, 1500, 1500, 1500]
12:03:15.130289 Navigation got ALT: 0.04
[1500, 1500, 1028, 1500, 988, 988, 988, 1598, 1001, 1001, 1001, 1001, 1500, 1500, 1500, 1500]
[1500, 1500, 1028, 1500, 988, 988, 988, 1598, 1001, 1001, 1001, 1001, 1500, 1500, 1500, 1500]
12:03:15.139697 ALT: 0.04
12:03:15.140217 ATT: [1.1, -1.0, 274]
[1500, 1500, 1028, 1500, 988, 988, 988, 1598, 1001, 1001, 1001, 1001, 1500, 1500, 1500, 1500]
12:03:15.145620 ACC: [9, 10, 518]
[1500, 1500, 1028, 1500, 988, 988, 988, 1598, 1001, 1001, 1001, 1001, 1500, 1500, 1500, 1500]
[1500, 1500, 1028, 1500, 988, 988, 988, 1598, 1001, 1001, 1001, 1001, 1500, 1500, 1500, 1500]
12:03:15.162227 Navigation got ALT: 0.04
[1500, 1500, 1026, 1500, 988, 988, 988, 1598, 1001, 1001, 1001, 1001, 1500, 1500, 1500, 1500]
[1500, 1500, 1026, 1500, 988, 988, 988, 1598, 1001, 1001, 1001, 1001, 1500, 1500, 1500, 1500]
[1500, 1500, 1026, 1500, 988, 988, 988, 1598, 1001, 1001, 1001, 1001, 1500, 1500, 1500, 1500]
[1500, 1500, 1026, 1500, 988, 988, 988, 1598, 1001, 1001, 1001, 1001, 1500, 1500, 1500, 1500]
[1500, 1500, 1026, 1500, 988, 988, 988, 1598, 1001, 1001, 1001, 1001, 1500, 1500, 1500, 1500]
12:03:15.195439 Navigation got ALT: 0.04
[1500, 1500, 1024, 1500, 988, 988, 988, 1600, 1001, 1001, 1001, 1001, 1500, 1500, 1500, 1500]
[1500, 1500, 1024, 1500, 988, 988, 988, 1600, 1001, 1001, 1001, 1001, 1500, 1500, 1500, 1500]
12:03:15.205878 ALT: 0.04
12:03:15.206273 ATT: [1.1, -1.0, 274]
12:03:15.206967 ACC: [10, 9, 518]
[1500, 1500, 1024, 1500, 988, 988, 988, 1600, 1001, 1001, 1001, 1001, 1500, 1500, 1500, 1500]
[1500, 1500, 1024, 1500, 988, 988, 988, 1600, 1001, 1001, 1001, 1001, 1500, 1500, 1500, 1500]
[1500, 1500, 1024, 1500, 988, 988, 988, 1600, 1001, 1001, 1001, 1001, 1500, 1500, 1500, 1500]
12:03:15.233675 Navigation got ALT: 0.04
[1500, 1500, 1022, 1499, 988, 988, 989, 1598, 1001, 1001, 1001, 1001, 1500, 1500, 1500, 1500]
[1500, 1500, 1022, 1499, 988, 988, 989, 1598, 1001, 1001, 1001, 1001, 1500, 1500, 1500, 1500]
[1500, 1500, 1022, 1499, 988, 988, 989, 1598, 1001, 1001, 1001, 1001, 1500, 1500, 1500, 1500]
[1500, 1500, 1022, 1499, 988, 988, 989, 1598, 1001, 1001, 1001, 1001, 1500, 1500, 1500, 1500]
12:03:15.249503 ALT: 0.04
12:03:15.249590 ATT: [1.1, -1.0, 274]
12:03:15.249922 ACC: [9, 10, 517]
[1500, 1500, 1022, 1499, 988, 988, 989, 1598, 1001, 1001, 1001, 1001, 1500, 1500, 1500, 1500]
[1500, 1500, 1022, 1499, 988, 988, 989, 1598, 1001, 1001, 1001, 1001, 1500, 1500, 1500, 1500]
12:03:15.276197 Navigation got ALT: 0.04
[1499, 1499, 1020, 1500, 988, 988, 988, 1600, 1001, 1001, 1001, 1001, 1500, 1500, 1500, 1500]
[1499, 1499, 1020, 1500, 988, 988, 988, 1600, 1001, 1001, 1001, 1001, 1500, 1500, 1500, 1500]
[1499, 1499, 1020, 1500, 988, 988, 988, 1600, 1001, 1001, 1001, 1001, 1500, 1500, 1500, 1500]
[1499, 1499, 1020, 1500, 988, 988, 988, 1600, 1001, 1001, 1001, 1001, 1500, 1500, 1500, 1500]
[1499, 1499, 1020, 1500, 988, 988, 988, 1600, 1001, 1001, 1001, 1001, 1500, 1500, 1500, 1500]
12:03:15.302294 ALT: 0.04
12:03:15.302448 ATT: [1.1, -1.0, 274]
12:03:15.303399 ACC: [9, 10, 517]
[1499, 1499, 1020, 1500, 988, 988, 988, 1600, 1001, 1001, 1001, 1001, 1500, 1500, 1500, 1500]
12:03:15.311129 Navigation got ALT: 0.04
[1500, 1500, 1018, 1499, 988, 988, 988, 1600, 1001, 1001, 1001, 1001, 1500, 1500, 1500, 1500]
[1500, 1500, 1018, 1499, 988, 988, 988, 1600, 1001, 1001, 1001, 1001, 1500, 1500, 1500, 1500]
[1500, 1500, 1018, 1499, 988, 988, 988, 1600, 1001, 1001, 1001, 1001, 1500, 1500, 1500, 1500]
[1500, 1500, 1018, 1499, 988, 988, 988, 1600, 1001, 1001, 1001, 1001, 1500, 1500, 1500, 1500]
[1500, 1500, 1018, 1499, 988, 988, 988, 1600, 1001, 1001, 1001, 1001, 1500, 1500, 1500, 1500]
12:03:15.342548 Navigation got ALT: 0.04
[1500, 1500, 1016, 1499, 988, 988, 988, 1600, 1001, 1001, 1001, 1001, 1500, 1500, 1500, 1500]
12:03:15.345515 ALT: 0.04
12:03:15.345644 ATT: [1.1, -1.0, 274]
12:03:15.346093 ACC: [10, 10, 517]
[1500, 1500, 1016, 1499, 988, 988, 988, 1600, 1001, 1001, 1001, 1001, 1500, 1500, 1500, 1500]
[1500, 1500, 1016, 1499, 988, 988, 988, 1600, 1001, 1001, 1001, 1001, 1500, 1500, 1500, 1500]
[1500, 1500, 1016, 1499, 988, 988, 988, 1600, 1001, 1001, 1001, 1001, 1500, 1500, 1500, 1500]
[1500, 1500, 1016, 1499, 988, 988, 988, 1600, 1001, 1001, 1001, 1001, 1500, 1500, 1500, 1500]
12:03:15.376473 Navigation got ALT: 0.04
[1499, 1500, 1014, 1500, 989, 986, 988, 1600, 1001, 1001, 1001, 1001, 1500, 1500, 1500, 1500]
[1499, 1500, 1014, 1500, 989, 986, 988, 1600, 1001, 1001, 1001, 1001, 1500, 1500, 1500, 1500]
[1499, 1500, 1014, 1500, 989, 986, 988, 1600, 1001, 1001, 1001, 1001, 1500, 1500, 1500, 1500]
12:03:15.398397 ALT: 0.04
12:03:15.398518 ATT: [1.1, -1.0, 274]
12:03:15.398825 ACC: [9, 9, 517]
[1499, 1500, 1014, 1500, 989, 986, 988, 1600, 1001, 1001, 1001, 1001, 1500, 1500, 1500, 1500]
[1499, 1500, 1014, 1500, 989, 986, 988, 1600, 1001, 1001, 1001, 1001, 1500, 1500, 1500, 1500]
12:03:15.412179 Navigation got ALT: 0.04
[1500, 1500, 1012, 1500, 988, 988, 988, 1600, 1001, 1001, 1001, 1001, 1500, 1500, 1500, 1500]
[1500, 1500, 1012, 1500, 988, 988, 988, 1600, 1001, 1001, 1001, 1001, 1500, 1500, 1500, 1500]
[1500, 1500, 1012, 1500, 988, 988, 988, 1600, 1001, 1001, 1001, 1001, 1500, 1500, 1500, 1500]
[1500, 1500, 1012, 1500, 988, 988, 988, 1600, 1001, 1001, 1001, 1001, 1500, 1500, 1500, 1500]
12:03:15.442061 ALT: 0.09
12:03:15.442172 ATT: [1.1, -1.1, 274]
12:03:15.442527 ACC: [10, 10, 518]
12:03:15.444790 Navigation got ALT: 0.09
[1500, 1499, 988, 1499, 988, 988, 988, 1600, 1001, 1001, 1001, 1001, 1500, 1500, 1500, 1500]
[1500, 1499, 988, 1499, 988, 988, 988, 1600, 1001, 1001, 1001, 1001, 1500, 1500, 1500, 1500]
[1500, 1499, 988, 1499, 988, 988, 988, 1600, 1001, 1001, 1001, 1001, 1500, 1500, 1500, 1500]
[1500, 1499, 988, 1499, 988, 988, 988, 1600, 1001, 1001, 1001, 1001, 1500, 1500, 1500, 1500]
[1500, 1499, 988, 1499, 988, 988, 988, 1600, 1001, 1001, 1001, 1001, 1500, 1500, 1500, 1500]
[1500, 1499, 988, 1499, 988, 988, 988, 1600, 1001, 1001, 1001, 1001, 1500, 1500, 1500, 1500]
12:03:15.476115 Navigation got ALT: 0.09
[1499, 1500, 988, 1500, 988, 988, 988, 1600, 1001, 1001, 1001, 1001, 1500, 1500, 1500, 1500]
12:03:15.490877 ALT: 0.1
12:03:15.490984 ATT: [1.1, -1.1, 274]
12:03:15.491326 ACC: [10, 10, 517]
[1499, 1500, 988, 1500, 988, 988, 988, 1600, 1001, 1001, 1001, 1001, 1500, 1500, 1500, 1500]
[1499, 1500, 988, 1500, 988, 988, 988, 1600, 1001, 1001, 1001, 1001, 1500, 1500, 1500, 1500]
[1499, 1500, 988, 1500, 988, 988, 988, 1600, 1001, 1001, 1001, 1001, 1500, 1500, 1500, 1500]
[1499, 1500, 988, 1500, 988, 988, 988, 1600, 1001, 1001, 1001, 1001, 1500, 1500, 1500, 1500]
12:03:15.510394 Navigation got ALT: 0.1
[1500, 1500, 988, 1500, 988, 988, 988, 1600, 1001, 1001, 1001, 1001, 1500, 1500, 1500, 1500]
[1500, 1500, 988, 1500, 988, 988, 988, 1600, 1001, 1001, 1001, 1001, 1500, 1500, 1500, 1500]
[1500, 1500, 988, 1500, 988, 988, 988, 1600, 1001, 1001, 1001, 1001, 1500, 1500, 1500, 1500]
12:03:15.538240 ALT: 0.1
12:03:15.538371 ATT: [1.1, -1.0, 274]
12:03:15.538910 ACC: [9, 10, 517]
12:03:15.542524 Navigation got ALT: 0.1
[1500, 1499, 988, 1500, 988, 988, 988, 1598, 1001, 1001, 1001, 1001, 1500, 1500, 1500, 1500]
[1500, 1499, 988, 1500, 988, 988, 988, 1598, 1001, 1001, 1001, 1001, 1500, 1500, 1500, 1500]
[1500, 1499, 988, 1500, 988, 988, 988, 1598, 1001, 1001, 1001, 1001, 1500, 1500, 1500, 1500]
[1500, 1499, 988, 1500, 988, 988, 988, 1598, 1001, 1001, 1001, 1001, 1500, 1500, 1500, 1500]
[1500, 1499, 988, 1500, 988, 988, 988, 1598, 1001, 1001, 1001, 1001, 1500, 1500, 1500, 1500]
[1500, 1499, 988, 1500, 988, 988, 988, 1598, 1001, 1001, 1001, 1001, 1500, 1500, 1500, 1500]
[1500, 1499, 988, 1500, 988, 988, 988, 1598, 1001, 1001, 1001, 1001, 1500, 1500, 1500, 1500]
12:03:15.575426 Navigation got ALT: 0.1
[1500, 1500, 988, 1500, 988, 988, 988, 1600, 1001, 1001, 1001, 1001, 1500, 1500, 1500, 1500]
[1500, 1500, 988, 1500, 988, 988, 988, 1600, 1001, 1001, 1001, 1001, 1500, 1500, 1500, 1500]
12:03:15.585435 ALT: 0.1
12:03:15.585548 ATT: [1.1, -1.0, 274]
12:03:15.586058 ACC: [10, 10, 517]
[1500, 1500, 988, 1500, 988, 988, 988, 1600, 1001, 1001, 1001, 1001, 1500, 1500, 1500, 1500]
[1500, 1500, 988, 1500, 988, 988, 988, 1600, 1001, 1001, 1001, 1001, 1500, 1500, 1500, 1500]
[1500, 1500, 988, 1500, 988, 988, 988, 1600, 1001, 1001, 1001, 1001, 1500, 1500, 1500, 1500]
12:03:15.608741 Navigation got ALT: 0.1
[1500, 1500, 988, 1500, 988, 988, 988, 1600, 1001, 1001, 1001, 1001, 1500, 1500, 1500, 1500]
[1500, 1500, 988, 1500, 988, 988, 988, 1600, 1001, 1001, 1001, 1001, 1500, 1500, 1500, 1500]
[1500, 1500, 988, 1500, 988, 988, 988, 1600, 1001, 1001, 1001, 1001, 1500, 1500, 1500, 1500]
[1500, 1500, 988, 1500, 988, 988, 988, 1600, 1001, 1001, 1001, 1001, 1500, 1500, 1500, 1500]
12:03:15.633364 ALT: 0.1
12:03:15.633476 ATT: [1.1, -1.0, 274]
12:03:15.636020 ACC: [10, 9, 517]
[1500, 1500, 988, 1500, 988, 988, 988, 1600, 1001, 1001, 1001, 1001, 1500, 1500, 1500, 1500]
12:03:15.642143 Navigation got ALT: 0.1
[1500, 1500, 988, 1500, 988, 988, 988, 1598, 1001, 1001, 1001, 1001, 1500, 1500, 1500, 1500]
[1500, 1500, 988, 1500, 988, 988, 988, 1598, 1001, 1001, 1001, 1001, 1500, 1500, 1500, 1500]
[1500, 1500, 988, 1500, 988, 988, 988, 1598, 1001, 1001, 1001, 1001, 1500, 1500, 1500, 1500]
[1500, 1500, 988, 1500, 988, 988, 988, 1598, 1001, 1001, 1001, 1001, 1500, 1500, 1500, 1500]
[1500, 1500, 988, 1500, 988, 988, 988, 1598, 1001, 1001, 1001, 1001, 1500, 1500, 1500, 1500]
12:03:15.676098 Navigation got ALT: 0.1
[1500, 1499, 988, 1500, 988, 988, 988, 1600, 1001, 1001, 1001, 1001, 1500, 1500, 1500, 1500]
[1500, 1499, 988, 1500, 988, 988, 988, 1600, 1001, 1001, 1001, 1001, 1500, 1500, 1500, 1500]
12:03:15.686137 ALT: 0.1
12:03:15.686248 ATT: [1.1, -1.0, 274]
12:03:15.686603 ACC: [9, 10, 517]
[1500, 1499, 988, 1500, 988, 988, 988, 1600, 1001, 1001, 1001, 1001, 1500, 1500, 1500, 1500]
[1500, 1499, 988, 1500, 988, 988, 988, 1600, 1001, 1001, 1001, 1001, 1500, 1500, 1500, 1500]
[1500, 1499, 988, 1500, 988, 988, 988, 1600, 1001, 1001, 1001, 1001, 1500, 1500, 1500, 1500]
12:03:15.708862 Navigation got ALT: 0.1
[1500, 1499, 988, 1499, 988, 988, 988, 1600, 1001, 1001, 1001, 1001, 1500, 1500, 1500, 1500]
[1500, 1499, 988, 1499, 988, 988, 988, 1600, 1001, 1001, 1001, 1001, 1500, 1500, 1500, 1500]
[1500, 1499, 988, 1499, 988, 988, 988, 1600, 1001, 1001, 1001, 1001, 1500, 1500, 1500, 1500]
[1500, 1499, 988, 1499, 988, 988, 988, 1600, 1001, 1001, 1001, 1001, 1500, 1500, 1500, 1500]
12:03:15.731898 ALT: 0.1
12:03:15.732002 ATT: [1.1, -1.0, 274]
12:03:15.732364 ACC: [9, 10, 518]
12:03:15.740432 Navigation got ALT: 0.1
[1500, 1499, 988, 1500, 986, 988, 988, 1600, 1001, 1001, 1001, 1001, 1500, 1500, 1500, 1500]
[1500, 1499, 988, 1500, 986, 988, 988, 1600, 1001, 1001, 1001, 1001, 1500, 1500, 1500, 1500]
[1500, 1499, 988, 1500, 986, 988, 988, 1600, 1001, 1001, 1001, 1001, 1500, 1500, 1500, 1500]
[1500, 1499, 988, 1500, 986, 988, 988, 1600, 1001, 1001, 1001, 1001, 1500, 1500, 1500, 1500]
[1500, 1499, 988, 1500, 986, 988, 988, 1600, 1001, 1001, 1001, 1001, 1500, 1500, 1500, 1500]
12:03:15.782940 Navigation got ALT: 0.1
[1499, 1500, 988, 1500, 988, 988, 988, 1600, 1001, 1001, 1001, 1001, 1500, 1500, 1500, 1500]
[1499, 1500, 988, 1500, 988, 988, 988, 1600, 1001, 1001, 1001, 1001, 1500, 1500, 1500, 1500]
12:03:15.793485 ALT: 0.1
12:03:15.793584 ATT: [1.1, -1.0, 274]
12:03:15.793948 ACC: [10, 10, 518]
[1499, 1500, 988, 1500, 988, 988, 988, 1600, 1001, 1001, 1001, 1001, 1500, 1500, 1500, 1500]
[1499, 1500, 988, 1500, 988, 988, 988, 1600, 1001, 1001, 1001, 1001, 1500, 1500, 1500, 1500]
[1499, 1500, 988, 1500, 988, 988, 988, 1600, 1001, 1001, 1001, 1001, 1500, 1500, 1500, 1500]
[1499, 1500, 988, 1500, 988, 988, 988, 1600, 1001, 1001, 1001, 1001, 1500, 1500, 1500, 1500]
[1499, 1500, 988, 1500, 988, 988, 988, 1600, 1001, 1001, 1001, 1001, 1500, 1500, 1500, 1500]
12:03:15.815589 Navigation got ALT: 0.1
[1500, 1500, 988, 1500, 988, 988, 988, 1600, 1001, 1001, 1001, 1001, 1500, 1500, 1500, 1500]
[1500, 1500, 988, 1500, 988, 988, 988, 1600, 1001, 1001, 1001, 1001, 1500, 1500, 1500, 1500]
[1500, 1500, 988, 1500, 988, 988, 988, 1600, 1001, 1001, 1001, 1001, 1500, 1500, 1500, 1500]
12:03:15.841370 ALT: 0.1
12:03:15.841460 ATT: [1.1, -1.0, 274]
12:03:15.841725 ACC: [9, 10, 517]
[1500, 1500, 988, 1500, 988, 988, 988, 1600, 1001, 1001, 1001, 1001, 1500, 1500, 1500, 1500]
[1500, 1500, 988, 1500, 988, 988, 988, 1600, 1001, 1001, 1001, 1001, 1500, 1500, 1500, 1500]
12:03:15.860361 Navigation got ALT: 0.1
[1500, 1500, 988, 1500, 988, 988, 988, 1600, 1001, 1001, 1001, 1001, 1500, 1500, 1500, 1500]
[1500, 1500, 988, 1500, 988, 988, 988, 1600, 1001, 1001, 1001, 1001, 1500, 1500, 1500, 1500]
[1500, 1500, 988, 1500, 988, 988, 988, 1600, 1001, 1001, 1001, 1001, 1500, 1500, 1500, 1500]
[1500, 1500, 988, 1500, 988, 988, 988, 1600, 1001, 1001, 1001, 1001, 1500, 1500, 1500, 1500]
[1500, 1500, 988, 1500, 988, 988, 988, 1600, 1001, 1001, 1001, 1001, 1500, 1500, 1500, 1500]
[1500, 1500, 988, 1500, 988, 988, 988, 1600, 1001, 1001, 1001, 1001, 1500, 1500, 1500, 1500]
12:03:15.889332 ALT: 0.1
12:03:15.889562 ATT: [1.1, -1.0, 274]
12:03:15.890570 ACC: [9, 10, 518]
12:03:15.891602 Navigation got ALT: 0.1
[1499, 1500, 988, 1500, 988, 988, 988, 1600, 1001, 1001, 1001, 1001, 1500, 1500, 1500, 1500]
[1499, 1500, 988, 1500, 988, 988, 988, 1600, 1001, 1001, 1001, 1001, 1500, 1500, 1500, 1500]
[1499, 1500, 988, 1500, 988, 988, 988, 1600, 1001, 1001, 1001, 1001, 1500, 1500, 1500, 1500]
[1499, 1500, 988, 1500, 988, 988, 988, 1600, 1001, 1001, 1001, 1001, 1500, 1500, 1500, 1500]
[1499, 1500, 988, 1500, 988, 988, 988, 1600, 1001, 1001, 1001, 1001, 1500, 1500, 1500, 1500]
12:03:15.926931 Navigation got ALT: 0.1
[1500, 1499, 988, 1500, 988, 988, 988, 1600, 1001, 1001, 1001, 1001, 1500, 1500, 1500, 1500]
[1500, 1499, 988, 1500, 988, 988, 988, 1600, 1001, 1001, 1001, 1001, 1500, 1500, 1500, 1500]
12:03:15.937810 ALT: 0.1
12:03:15.937987 ATT: [1.1, -1.0, 274]
12:03:15.938272 ACC: [9, 10, 517]
[1500, 1499, 988, 1500, 988, 988, 988, 1600, 1001, 1001, 1001, 1001, 1500, 1500, 1500, 1500]
[1500, 1499, 988, 1500, 988, 988, 988, 1600, 1001, 1001, 1001, 1001, 1500, 1500, 1500, 1500]
[1500, 1499, 988, 1500, 988, 988, 988, 1600, 1001, 1001, 1001, 1001, 1500, 1500, 1500, 1500]
12:03:15.966405 Navigation got ALT: 0.1
[1500, 1500, 988, 1500, 988, 988, 988, 1600, 1001, 1001, 1001, 1001, 1500, 1500, 1500, 1500]
[1500, 1500, 988, 1500, 988, 988, 988, 1600, 1001, 1001, 1001, 1001, 1500, 1500, 1500, 1500]
[1500, 1500, 988, 1500, 988, 988, 988, 1600, 1001, 1001, 1001, 1001, 1500, 1500, 1500, 1500]
[1500, 1500, 988, 1500, 988, 988, 988, 1600, 1001, 1001, 1001, 1001, 1500, 1500, 1500, 1500]
[1500, 1500, 988, 1500, 988, 988, 988, 1600, 1001, 1001, 1001, 1001, 1500, 1500, 1500, 1500]
12:03:15.989521 ALT: 0.1
12:03:15.989631 ATT: [1.1, -1.0, 274]
12:03:15.989961 ACC: [9, 10, 517]
[1500, 1500, 988, 1500, 988, 988, 988, 1600, 1001, 1001, 1001, 1001, 1500, 1500, 1500, 1500]
[1500, 1500, 988, 1500, 988, 988, 988, 1600, 1001, 1001, 1001, 1001, 1500, 1500, 1500, 1500]
12:03:16.005124 Navigation got ALT: 0.1
[1500, 1499, 988, 1500, 988, 988, 988, 1600, 1001, 1001, 1001, 1001, 1500, 1500, 1500, 1500]
[1500, 1499, 988, 1500, 988, 988, 988, 1600, 1001, 1001, 1001, 1001, 1500, 1500, 1500, 1500]
[1500, 1499, 988, 1500, 988, 988, 988, 1600, 1001, 1001, 1001, 1001, 1500, 1500, 1500, 1500]
12:03:16.043712 Navigation got ALT: 0.1
[1500, 1500, 988, 1500, 988, 988, 988, 1600, 1001, 1001, 1001, 1001, 1500, 1500, 1500, 1500]
[1500, 1500, 988, 1500, 988, 988, 988, 1600, 1001, 1001, 1001, 1001, 1500, 1500, 1500, 1500]
[1500, 1500, 988, 1500, 988, 988, 988, 1600, 1001, 1001, 1001, 1001, 1500, 1500, 1500, 1500]
[1500, 1500, 988, 1500, 988, 988, 988, 1600, 1001, 1001, 1001, 1001, 1500, 1500, 1500, 1500]
[1500, 1500, 988, 1500, 988, 988, 988, 1600, 1001, 1001, 1001, 1001, 1500, 1500, 1500, 1500]
12:03:16.049378 ALT: 0.1
12:03:16.049453 ATT: [1.1, -1.0, 274]
12:03:16.049689 ACC: [9, 10, 517]
[1500, 1500, 988, 1500, 988, 988, 988, 1600, 1001, 1001, 1001, 1001, 1500, 1500, 1500, 1500]
[1500, 1500, 988, 1500, 988, 988, 988, 1600, 1001, 1001, 1001, 1001, 1500, 1500, 1500, 1500]
12:03:16.096685 Navigation got ALT: 0.1
[1500, 1500, 988, 1500, 988, 988, 988, 1598, 1001, 1001, 1001, 1001, 1500, 1500, 1500, 1500]
[1500, 1500, 988, 1500, 988, 988, 988, 1598, 1001, 1001, 1001, 1001, 1500, 1500, 1500, 1500]
[1500, 1500, 988, 1500, 988, 988, 988, 1598, 1001, 1001, 1001, 1001, 1500, 1500, 1500, 1500]
[1500, 1500, 988, 1500, 988, 988, 988, 1598, 1001, 1001, 1001, 1001, 1500, 1500, 1500, 1500]
[1500, 1500, 988, 1500, 988, 988, 988, 1598, 1001, 1001, 1001, 1001, 1500, 1500, 1500, 1500]
[1500, 1500, 988, 1500, 988, 988, 988, 1598, 1001, 1001, 1001, 1001, 1500, 1500, 1500, 1500]
[1500, 1500, 988, 1500, 988, 988, 988, 1598, 1001, 1001, 1001, 1001, 1500, 1500, 1500, 1500]
[1500, 1500, 988, 1500, 988, 988, 988, 1598, 1001, 1001, 1001, 1001, 1500, 1500, 1500, 1500]
12:03:16.124664 ALT: 0.1
12:03:16.124765 ATT: [1.1, -1.0, 274]
12:03:16.125050 ACC: [9, 10, 517]
12:03:16.130951 Navigation got ALT: 0.1
[1500, 1500, 988, 1500, 988, 988, 988, 1600, 1001, 1001, 1001, 1001, 1500, 1500, 1500, 1500]
[1500, 1500, 988, 1500, 988, 988, 988, 1600, 1001, 1001, 1001, 1001, 1500, 1500, 1500, 1500]
[1500, 1500, 988, 1500, 988, 988, 988, 1600, 1001, 1001, 1001, 1001, 1500, 1500, 1500, 1500]
[1500, 1500, 988, 1500, 988, 988, 988, 1600, 1001, 1001, 1001, 1001, 1500, 1500, 1500, 1500]
12:03:16.174629 Navigation got ALT: 0.1
[1500, 1500, 988, 1500, 988, 988, 988, 1600, 1001, 1001, 1001, 1001, 1500, 1500, 1500, 1500]
[1500, 1500, 988, 1500, 988, 988, 988, 1600, 1001, 1001, 1001, 1001, 1500, 1500, 1500, 1500]
[1500, 1500, 988, 1500, 988, 988, 988, 1600, 1001, 1001, 1001, 1001, 1500, 1500, 1500, 1500]
12:03:16.195085 ALT: 0.07
12:03:16.195202 ATT: [1.1, -1.0, 274]
12:03:16.195891 ACC: [10, 9, 517]
[1500, 1500, 988, 1500, 988, 988, 988, 1600, 1001, 1001, 1001, 1001, 1500, 1500, 1500, 1500]
[1500, 1500, 988, 1500, 988, 988, 988, 1600, 1001, 1001, 1001, 1001, 1500, 1500, 1500, 1500]
[1500, 1500, 988, 1500, 988, 988, 988, 1600, 1001, 1001, 1001, 1001, 1500, 1500, 1500, 1500]
[1500, 1500, 988, 1500, 988, 988, 988, 1600, 1001, 1001, 1001, 1001, 1500, 1500, 1500, 1500]
12:03:16.204982 Navigation got ALT: 0.07
[1500, 1500, 1025, 1500, 988, 988, 988, 1600, 1001, 1001, 1001, 1001, 1500, 1500, 1500, 1500]
[1500, 1500, 1025, 1500, 988, 988, 988, 1600, 1001, 1001, 1001, 1001, 1500, 1500, 1500, 1500]
[1500, 1500, 1025, 1500, 988, 988, 988, 1600, 1001, 1001, 1001, 1001, 1500, 1500, 1500, 1500]
[1500, 1500, 1025, 1500, 988, 988, 988, 1600, 1001, 1001, 1001, 1001, 1500, 1500, 1500, 1500]
[1500, 1500, 1025, 1500, 988, 988, 988, 1600, 1001, 1001, 1001, 1001, 1500, 1500, 1500, 1500]
[1500, 1500, 1025, 1500, 988, 988, 988, 1600, 1001, 1001, 1001, 1001, 1500, 1500, 1500, 1500]
12:03:16.235529 Navigation got ALT: 0.07
[1500, 1499, 1022, 1500, 989, 986, 988, 1600, 1001, 1001, 1001, 1001, 1500, 1500, 1500, 1500]
[1500, 1499, 1022, 1500, 989, 986, 988, 1600, 1001, 1001, 1001, 1001, 1500, 1500, 1500, 1500]
[1500, 1499, 1022, 1500, 989, 986, 988, 1600, 1001, 1001, 1001, 1001, 1500, 1500, 1500, 1500]
12:03:16.258075 ALT: 0.04
12:03:16.258218 ATT: [1.1, -1.0, 274]
12:03:16.258521 ACC: [8, 11, 517]
[1500, 1499, 1022, 1500, 989, 986, 988, 1600, 1001, 1001, 1001, 1001, 1500, 1500, 1500, 1500]
[1500, 1499, 1022, 1500, 989, 986, 988, 1600, 1001, 1001, 1001, 1001, 1500, 1500, 1500, 1500]
12:03:16.271413 Navigation got ALT: 0.04
[1499, 1500, 1054, 1499, 988, 988, 988, 1600, 1001, 1001, 1001, 1001, 1500, 1500, 1500, 1500]
[1499, 1500, 1054, 1499, 988, 988, 988, 1600, 1001, 1001, 1001, 1001, 1500, 1500, 1500, 1500]
[1499, 1500, 1054, 1499, 988, 988, 988, 1600, 1001, 1001, 1001, 1001, 1500, 1500, 1500, 1500]
[1499, 1500, 1054, 1499, 988, 988, 988, 1600, 1001, 1001, 1001, 1001, 1500, 1500, 1500, 1500]
[1499, 1500, 1054, 1499, 988, 988, 988, 1600, 1001, 1001, 1001, 1001, 1500, 1500, 1500, 1500]
12:03:16.304805 Navigation got ALT: 0.04
[1500, 1500, 1052, 1500, 988, 988, 988, 1600, 1001, 1001, 1001, 1001, 1500, 1500, 1500, 1500]
12:03:16.306157 ALT: 0.04
12:03:16.306282 ATT: [1.1, -1.0, 274]
12:03:16.307867 ACC: [10, 9, 517]
[1500, 1500, 1052, 1500, 988, 988, 988, 1600, 1001, 1001, 1001, 1001, 1500, 1500, 1500, 1500]
[1500, 1500, 1052, 1500, 988, 988, 988, 1600, 1001, 1001, 1001, 1001, 1500, 1500, 1500, 1500]
[1500, 1500, 1052, 1500, 988, 988, 988, 1600, 1001, 1001, 1001, 1001, 1500, 1500, 1500, 1500]
[1500, 1500, 1052, 1500, 988, 988, 988, 1600, 1001, 1001, 1001, 1001, 1500, 1500, 1500, 1500]
12:03:16.341891 Navigation got ALT: 0.04
[1500, 1499, 1050, 1500, 988, 988, 988, 1600, 1001, 1001, 1001, 1001, 1500, 1500, 1500, 1500]
[1500, 1499, 1050, 1500, 988, 988, 988, 1600, 1001, 1001, 1001, 1001, 1500, 1500, 1500, 1500]
[1500, 1499, 1050, 1500, 988, 988, 988, 1600, 1001, 1001, 1001, 1001, 1500, 1500, 1500, 1500]
[1500, 1499, 1050, 1500, 988, 988, 988, 1600, 1001, 1001, 1001, 1001, 1500, 1500, 1500, 1500]
[1500, 1499, 1050, 1500, 988, 988, 988, 1600, 1001, 1001, 1001, 1001, 1500, 1500, 1500, 1500]
12:03:16.366286 ALT: 0.04
12:03:16.366387 ATT: [1.1, -1.0, 274]
12:03:16.366678 ACC: [9, 9, 517]
[1500, 1499, 1050, 1500, 988, 988, 988, 1600, 1001, 1001, 1001, 1001, 1500, 1500, 1500, 1500]
12:03:16.375523 Navigation got ALT: 0.04
[1500, 1499, 1048, 1500, 988, 988, 988, 1600, 1001, 1001, 1001, 1001, 1500, 1500, 1500, 1500]
[1500, 1499, 1048, 1500, 988, 988, 988, 1600, 1001, 1001, 1001, 1001, 1500, 1500, 1500, 1500]
[1500, 1499, 1048, 1500, 988, 988, 988, 1600, 1001, 1001, 1001, 1001, 1500, 1500, 1500, 1500]
[1500, 1499, 1048, 1500, 988, 988, 988, 1600, 1001, 1001, 1001, 1001, 1500, 1500, 1500, 1500]
12:03:16.407426 Navigation got ALT: 0.04
[1500, 1500, 1046, 1500, 988, 988, 988, 1600, 1001, 1001, 1001, 1001, 1500, 1500, 1500, 1500]
[1500, 1500, 1046, 1500, 988, 988, 988, 1600, 1001, 1001, 1001, 1001, 1500, 1500, 1500, 1500]
[1500, 1500, 1046, 1500, 988, 988, 988, 1600, 1001, 1001, 1001, 1001, 1500, 1500, 1500, 1500]
[1500, 1500, 1046, 1500, 988, 988, 988, 1600, 1001, 1001, 1001, 1001, 1500, 1500, 1500, 1500]
[1500, 1500, 1046, 1500, 988, 988, 988, 1600, 1001, 1001, 1001, 1001, 1500, 1500, 1500, 1500]
[1500, 1500, 1046, 1500, 988, 988, 988, 1600, 1001, 1001, 1001, 1001, 1500, 1500, 1500, 1500]
12:03:16.436214 ALT: 0.04
12:03:16.436327 ATT: [1.1, -1.0, 274]
12:03:16.436683 ACC: [10, 10, 517]
12:03:16.443996 Navigation got ALT: 0.04
[1500, 1500, 1044, 1500, 988, 988, 988, 1600, 1001, 1001, 1001, 1001, 1500, 1500, 1500, 1500]
[1500, 1500, 1044, 1500, 988, 988, 988, 1600, 1001, 1001, 1001, 1001, 1500, 1500, 1500, 1500]
[1500, 1500, 1044, 1500, 988, 988, 988, 1600, 1001, 1001, 1001, 1001, 1500, 1500, 1500, 1500]
[1500, 1500, 1044, 1500, 988, 988, 988, 1600, 1001, 1001, 1001, 1001, 1500, 1500, 1500, 1500]
[1500, 1500, 1044, 1500, 988, 988, 988, 1600, 1001, 1001, 1001, 1001, 1500, 1500, 1500, 1500]
12:03:16.477102 Navigation got ALT: 0.04
[1499, 1500, 1042, 1500, 988, 988, 988, 1598, 1001, 1001, 1001, 1001, 1500, 1500, 1500, 1500]
[1499, 1500, 1042, 1500, 988, 988, 988, 1598, 1001, 1001, 1001, 1001, 1500, 1500, 1500, 1500]
[1499, 1500, 1042, 1500, 988, 988, 988, 1598, 1001, 1001, 1001, 1001, 1500, 1500, 1500, 1500]
[1499, 1500, 1042, 1500, 988, 988, 988, 1598, 1001, 1001, 1001, 1001, 1500, 1500, 1500, 1500]
12:03:16.498052 ALT: 0.04
12:03:16.498154 ATT: [1.1, -1.0, 274]
12:03:16.499340 ACC: [9, 10, 517]
12:03:16.508877 Navigation got ALT: 0.04
[1500, 1500, 1040, 1500, 988, 988, 988, 1600, 1001, 1001, 1001, 1001, 1500, 1500, 1500, 1500]
[1500, 1500, 1040, 1500, 988, 988, 988, 1600, 1001, 1001, 1001, 1001, 1500, 1500, 1500, 1500]
[1500, 1500, 1040, 1500, 988, 988, 988, 1600, 1001, 1001, 1001, 1001, 1500, 1500, 1500, 1500]
[1500, 1500, 1040, 1500, 988, 988, 988, 1600, 1001, 1001, 1001, 1001, 1500, 1500, 1500, 1500]
[1500, 1500, 1040, 1500, 988, 988, 988, 1600, 1001, 1001, 1001, 1001, 1500, 1500, 1500, 1500]
12:03:16.541043 Navigation got ALT: 0.04
[1500, 1500, 1038, 1500, 988, 988, 988, 1600, 1001, 1001, 1001, 1001, 1500, 1500, 1500, 1500]
[1500, 1500, 1038, 1500, 988, 988, 988, 1600, 1001, 1001, 1001, 1001, 1500, 1500, 1500, 1500]
12:03:16.545350 ALT: 0.04
12:03:16.545458 ATT: [1.1, -1.0, 274]
12:03:16.545811 ACC: [10, 10, 517]
[1500, 1500, 1038, 1500, 988, 988, 988, 1600, 1001, 1001, 1001, 1001, 1500, 1500, 1500, 1500]
[1500, 1500, 1038, 1500, 988, 988, 988, 1600, 1001, 1001, 1001, 1001, 1500, 1500, 1500, 1500]
[1500, 1500, 1038, 1500, 988, 988, 988, 1600, 1001, 1001, 1001, 1001, 1500, 1500, 1500, 1500]
12:03:16.577289 Navigation got ALT: 0.04
[1500, 1500, 1036, 1499, 988, 988, 988, 1600, 1001, 1001, 1001, 1001, 1500, 1500, 1500, 1500]
[1500, 1500, 1036, 1499, 988, 988, 988, 1600, 1001, 1001, 1001, 1001, 1500, 1500, 1500, 1500]
[1500, 1500, 1036, 1499, 988, 988, 988, 1600, 1001, 1001, 1001, 1001, 1500, 1500, 1500, 1500]
12:03:16.597027 ALT: 0.04
12:03:16.597142 ATT: [1.1, -1.0, 274]
12:03:16.597430 ACC: [10, 9, 517]
[1500, 1500, 1036, 1499, 988, 988, 988, 1600, 1001, 1001, 1001, 1001, 1500, 1500, 1500, 1500]
[1500, 1500, 1036, 1499, 988, 988, 988, 1600, 1001, 1001, 1001, 1001, 1500, 1500, 1500, 1500]
[1500, 1500, 1036, 1499, 988, 988, 988, 1600, 1001, 1001, 1001, 1001, 1500, 1500, 1500, 1500]
12:03:16.610757 Navigation got ALT: 0.04
[1500, 1500, 1034, 1500, 988, 988, 988, 1600, 1001, 1001, 1001, 1001, 1500, 1500, 1500, 1500]
[1500, 1500, 1034, 1500, 988, 988, 988, 1600, 1001, 1001, 1001, 1001, 1500, 1500, 1500, 1500]
[1500, 1500, 1034, 1500, 988, 988, 988, 1600, 1001, 1001, 1001, 1001, 1500, 1500, 1500, 1500]
[1500, 1500, 1034, 1500, 988, 988, 988, 1600, 1001, 1001, 1001, 1001, 1500, 1500, 1500, 1500]
[1500, 1500, 1034, 1500, 988, 988, 988, 1600, 1001, 1001, 1001, 1001, 1500, 1500, 1500, 1500]
12:03:16.641996 ALT: 0.04
12:03:16.642103 ATT: [1.1, -1.0, 274]
12:03:16.642419 ACC: [10, 10, 517]
12:03:16.643865 Navigation got ALT: 0.04
[1500, 1500, 1032, 1500, 988, 988, 988, 1598, 1001, 1001, 1001, 1001, 1500, 1500, 1500, 1500]
[1500, 1500, 1032, 1500, 988, 988, 988, 1598, 1001, 1001, 1001, 1001, 1500, 1500, 1500, 1500]
[1500, 1500, 1032, 1500, 988, 988, 988, 1598, 1001, 1001, 1001, 1001, 1500, 1500, 1500, 1500]
[1500, 1500, 1032, 1500, 988, 988, 988, 1598, 1001, 1001, 1001, 1001, 1500, 1500, 1500, 1500]
[1500, 1500, 1032, 1500, 988, 988, 988, 1598, 1001, 1001, 1001, 1001, 1500, 1500, 1500, 1500]
12:03:16.675550 Navigation got ALT: 0.04
[1500, 1499, 1030, 1500, 988, 988, 988, 1598, 1001, 1001, 1001, 1001, 1500, 1500, 1500, 1500]
[1500, 1499, 1030, 1500, 988, 988, 988, 1598, 1001, 1001, 1001, 1001, 1500, 1500, 1500, 1500]
12:03:16.693016 ALT: 0.04
12:03:16.693140 ATT: [1.1, -1.0, 274]
12:03:16.693447 ACC: [9, 10, 517]
[1500, 1499, 1030, 1500, 988, 988, 988, 1598, 1001, 1001, 1001, 1001, 1500, 1500, 1500, 1500]
[1500, 1499, 1030, 1500, 988, 988, 988, 1598, 1001, 1001, 1001, 1001, 1500, 1500, 1500, 1500]
12:03:16.707876 Navigation got ALT: 0.04
[1499, 1500, 1028, 1500, 988, 988, 988, 1600, 1001, 1001, 1001, 1001, 1500, 1500, 1500, 1500]
[1499, 1500, 1028, 1500, 988, 988, 988, 1600, 1001, 1001, 1001, 1001, 1500, 1500, 1500, 1500]
[1499, 1500, 1028, 1500, 988, 988, 988, 1600, 1001, 1001, 1001, 1001, 1500, 1500, 1500, 1500]
[1499, 1500, 1028, 1500, 988, 988, 988, 1600, 1001, 1001, 1001, 1001, 1500, 1500, 1500, 1500]
[1499, 1500, 1028, 1500, 988, 988, 988, 1600, 1001, 1001, 1001, 1001, 1500, 1500, 1500, 1500]
12:03:16.740832 ALT: 0.04
12:03:16.741001 ATT: [1.1, -1.0, 274]
12:03:16.741587 ACC: [10, 10, 517]
12:03:16.744145 Navigation got ALT: 0.04
[1500, 1499, 1026, 1500, 988, 988, 988, 1598, 1001, 1001, 1001, 1001, 1500, 1500, 1500, 1500]
[1500, 1499, 1026, 1500, 988, 988, 988, 1598, 1001, 1001, 1001, 1001, 1500, 1500, 1500, 1500]
[1500, 1499, 1026, 1500, 988, 988, 988, 1598, 1001, 1001, 1001, 1001, 1500, 1500, 1500, 1500]
[1500, 1499, 1026, 1500, 988, 988, 988, 1598, 1001, 1001, 1001, 1001, 1500, 1500, 1500, 1500]
[1500, 1499, 1026, 1500, 988, 988, 988, 1598, 1001, 1001, 1001, 1001, 1500, 1500, 1500, 1500]
[1500, 1499, 1026, 1500, 988, 988, 988, 1598, 1001, 1001, 1001, 1001, 1500, 1500, 1500, 1500]
12:03:16.775535 Navigation got ALT: 0.04
[1499, 1500, 1024, 1500, 988, 988, 988, 1600, 1001, 1001, 1001, 1001, 1500, 1500, 1500, 1500]
[1499, 1500, 1024, 1500, 988, 988, 988, 1600, 1001, 1001, 1001, 1001, 1500, 1500, 1500, 1500]
12:03:16.785448 ALT: 0.04
12:03:16.785583 ATT: [1.1, -1.0, 274]
12:03:16.786044 ACC: [10, 10, 517]
[1499, 1500, 1024, 1500, 988, 988, 988, 1600, 1001, 1001, 1001, 1001, 1500, 1500, 1500, 1500]
[1499, 1500, 1024, 1500, 988, 988, 988, 1600, 1001, 1001, 1001, 1001, 1500, 1500, 1500, 1500]
[1499, 1500, 1024, 1500, 988, 988, 988, 1600, 1001, 1001, 1001, 1001, 1500, 1500, 1500, 1500]
12:03:16.809637 Navigation got ALT: 0.04
[1500, 1500, 1022, 1500, 988, 988, 988, 1600, 1001, 1001, 1001, 1001, 1500, 1500, 1500, 1500]
[1500, 1500, 1022, 1500, 988, 988, 988, 1600, 1001, 1001, 1001, 1001, 1500, 1500, 1500, 1500]
[1500, 1500, 1022, 1500, 988, 988, 988, 1600, 1001, 1001, 1001, 1001, 1500, 1500, 1500, 1500]
12:03:16.833747 ALT: 0.04
12:03:16.833924 ATT: [1.1, -1.0, 274]
12:03:16.834396 ACC: [9, 10, 517]
[1500, 1500, 1022, 1500, 988, 988, 988, 1600, 1001, 1001, 1001, 1001, 1500, 1500, 1500, 1500]
[1500, 1500, 1022, 1500, 988, 988, 988, 1600, 1001, 1001, 1001, 1001, 1500, 1500, 1500, 1500]
12:03:16.842198 Navigation got ALT: 0.04
[1499, 1500, 1020, 1500, 988, 988, 988, 1600, 1001, 1001, 1001, 1001, 1500, 1500, 1500, 1500]
[1499, 1500, 1020, 1500, 988, 988, 988, 1600, 1001, 1001, 1001, 1001, 1500, 1500, 1500, 1500]
[1499, 1500, 1020, 1500, 988, 988, 988, 1600, 1001, 1001, 1001, 1001, 1500, 1500, 1500, 1500]
[1499, 1500, 1020, 1500, 988, 988, 988, 1600, 1001, 1001, 1001, 1001, 1500, 1500, 1500, 1500]
[1499, 1500, 1020, 1500, 988, 988, 988, 1600, 1001, 1001, 1001, 1001, 1500, 1500, 1500, 1500]
12:03:16.875596 Navigation got ALT: 0.04
[1499, 1500, 1018, 1500, 988, 988, 988, 1600, 1001, 1001, 1001, 1001, 1500, 1500, 1500, 1500]
[1499, 1500, 1018, 1500, 988, 988, 988, 1600, 1001, 1001, 1001, 1001, 1500, 1500, 1500, 1500]
12:03:16.888743 ALT: 0.04
12:03:16.888855 ATT: [1.1, -1.0, 274]
12:03:16.889160 ACC: [10, 10, 517]
[1499, 1500, 1018, 1500, 988, 988, 988, 1600, 1001, 1001, 1001, 1001, 1500, 1500, 1500, 1500]
[1499, 1500, 1018, 1500, 988, 988, 988, 1600, 1001, 1001, 1001, 1001, 1500, 1500, 1500, 1500]
12:03:16.913751 Navigation got ALT: 0.04
[1500, 1500, 1016, 1500, 988, 988, 988, 1600, 1001, 1001, 1001, 1001, 1500, 1500, 1500, 1500]
[1500, 1500, 1016, 1500, 988, 988, 988, 1600, 1001, 1001, 1001, 1001, 1500, 1500, 1500, 1500]
[1500, 1500, 1016, 1500, 988, 988, 988, 1600, 1001, 1001, 1001, 1001, 1500, 1500, 1500, 1500]
12:03:16.930032 ALT: 0.04
12:03:16.930352 ATT: [1.1, -1.0, 274]
12:03:16.931241 ACC: [9, 10, 518]
[1500, 1500, 1016, 1500, 988, 988, 988, 1600, 1001, 1001, 1001, 1001, 1500, 1500, 1500, 1500]
[1500, 1500, 1016, 1500, 988, 988, 988, 1600, 1001, 1001, 1001, 1001, 1500, 1500, 1500, 1500]
12:03:16.944121 Navigation got ALT: 0.04
[1499, 1500, 1014, 1500, 988, 988, 988, 1600, 1001, 1001, 1001, 1001, 1500, 1500, 1500, 1500]
[1499, 1500, 1014, 1500, 988, 988, 988, 1600, 1001, 1001, 1001, 1001, 1500, 1500, 1500, 1500]
[1499, 1500, 1014, 1500, 988, 988, 988, 1600, 1001, 1001, 1001, 1001, 1500, 1500, 1500, 1500]
[1499, 1500, 1014, 1500, 988, 988, 988, 1600, 1001, 1001, 1001, 1001, 1500, 1500, 1500, 1500]
[1499, 1500, 1014, 1500, 988, 988, 988, 1600, 1001, 1001, 1001, 1001, 1500, 1500, 1500, 1500]
[1499, 1500, 1014, 1500, 988, 988, 988, 1600, 1001, 1001, 1001, 1001, 1500, 1500, 1500, 1500]
12:03:16.975544 Navigation got ALT: 0.04
[1500, 1500, 1012, 1500, 988, 988, 988, 1600, 1001, 1001, 1001, 1001, 1500, 1500, 1500, 1500]
12:03:16.977542 ALT: 0.04
12:03:16.977649 ATT: [1.1, -1.0, 274]
12:03:16.978370 ACC: [10, 10, 517]
[1500, 1500, 1012, 1500, 988, 988, 988, 1600, 1001, 1001, 1001, 1001, 1500, 1500, 1500, 1500]
[1500, 1500, 1012, 1500, 988, 988, 988, 1600, 1001, 1001, 1001, 1001, 1500, 1500, 1500, 1500]
[1500, 1500, 1012, 1500, 988, 988, 988, 1600, 1001, 1001, 1001, 1001, 1500, 1500, 1500, 1500]
[1500, 1500, 1012, 1500, 988, 988, 988, 1600, 1001, 1001, 1001, 1001, 1500, 1500, 1500, 1500]
12:03:17.009024 Navigation got ALT: 0.04
[1500, 1500, 1010, 1500, 988, 988, 988, 1600, 1001, 1001, 1001, 1001, 1500, 1500, 1500, 1500]
[1500, 1500, 1010, 1500, 988, 988, 988, 1600, 1001, 1001, 1001, 1001, 1500, 1500, 1500, 1500]
[1500, 1500, 1010, 1500, 988, 988, 988, 1600, 1001, 1001, 1001, 1001, 1500, 1500, 1500, 1500]
12:03:17.027104 ALT: 0.04
12:03:17.027239 ATT: [1.1, -1.0, 274]
12:03:17.027796 ACC: [10, 10, 517]
[1500, 1500, 1010, 1500, 988, 988, 988, 1600, 1001, 1001, 1001, 1001, 1500, 1500, 1500, 1500]
[1500, 1500, 1010, 1500, 988, 988, 988, 1600, 1001, 1001, 1001, 1001, 1500, 1500, 1500, 1500]
12:03:17.042410 Navigation got ALT: 0.04
[1497, 1500, 1008, 1500, 988, 989, 986, 1600, 1001, 1001, 1001, 1001, 1500, 1500, 1500, 1500]
[1497, 1500, 1008, 1500, 988, 989, 986, 1600, 1001, 1001, 1001, 1001, 1500, 1500, 1500, 1500]
[1497, 1500, 1008, 1500, 988, 989, 986, 1600, 1001, 1001, 1001, 1001, 1500, 1500, 1500, 1500]
[1497, 1500, 1008, 1500, 988, 989, 986, 1600, 1001, 1001, 1001, 1001, 1500, 1500, 1500, 1500]
[1497, 1500, 1008, 1500, 988, 989, 986, 1600, 1001, 1001, 1001, 1001, 1500, 1500, 1500, 1500]
12:03:17.075544 Navigation got ALT: 0.04
[1500, 1500, 1006, 1500, 988, 988, 988, 1600, 1001, 1001, 1001, 1001, 1500, 1500, 1500, 1500]
12:03:17.075887 ALT: 0.04
12:03:17.075951 ATT: [1.1, -1.0, 274]
12:03:17.076236 ACC: [9, 10, 517]
[1500, 1500, 1006, 1500, 988, 988, 988, 1600, 1001, 1001, 1001, 1001, 1500, 1500, 1500, 1500]
[1500, 1500, 1006, 1500, 988, 988, 988, 1600, 1001, 1001, 1001, 1001, 1500, 1500, 1500, 1500]
[1500, 1500, 1006, 1500, 988, 988, 988, 1600, 1001, 1001, 1001, 1001, 1500, 1500, 1500, 1500]
[1500, 1500, 1006, 1500, 988, 988, 988, 1600, 1001, 1001, 1001, 1001, 1500, 1500, 1500, 1500]
12:03:17.108811 Navigation got ALT: 0.04
[1500, 1500, 1004, 1500, 988, 988, 988, 1600, 1001, 1001, 1001, 1001, 1500, 1500, 1500, 1500]
[1500, 1500, 1004, 1500, 988, 988, 988, 1600, 1001, 1001, 1001, 1001, 1500, 1500, 1500, 1500]
12:03:17.121659 ALT: 0.04
12:03:17.121763 ATT: [1.1, -1.0, 274]
12:03:17.122263 ACC: [9, 10, 518]
[1500, 1500, 1004, 1500, 988, 988, 988, 1600, 1001, 1001, 1001, 1001, 1500, 1500, 1500, 1500]
[1500, 1500, 1004, 1500, 988, 988, 988, 1600, 1001, 1001, 1001, 1001, 1500, 1500, 1500, 1500]
[1500, 1500, 1004, 1500, 988, 988, 988, 1600, 1001, 1001, 1001, 1001, 1500, 1500, 1500, 1500]
12:03:17.142145 Navigation got ALT: 0.04
[1499, 1499, 1002, 1500, 988, 988, 988, 1598, 1001, 1001, 1001, 1001, 1500, 1500, 1500, 1500]
[1499, 1499, 1002, 1500, 988, 988, 988, 1598, 1001, 1001, 1001, 1001, 1500, 1500, 1500, 1500]
[1499, 1499, 1002, 1500, 988, 988, 988, 1598, 1001, 1001, 1001, 1001, 1500, 1500, 1500, 1500]
[1499, 1499, 1002, 1500, 988, 988, 988, 1598, 1001, 1001, 1001, 1001, 1500, 1500, 1500, 1500]
[1499, 1499, 1002, 1500, 988, 988, 988, 1598, 1001, 1001, 1001, 1001, 1500, 1500, 1500, 1500]
12:03:17.169714 ALT: 0.04
12:03:17.169927 ATT: [1.1, -1.0, 274]
12:03:17.170390 ACC: [9, 10, 518]
12:03:17.175664 Navigation got ALT: 0.04
[1499, 1500, 1000, 1500, 988, 988, 988, 1600, 1001, 1001, 1001, 1001, 1500, 1500, 1500, 1500]
[1499, 1500, 1000, 1500, 988, 988, 988, 1600, 1001, 1001, 1001, 1001, 1500, 1500, 1500, 1500]
[1499, 1500, 1000, 1500, 988, 988, 988, 1600, 1001, 1001, 1001, 1001, 1500, 1500, 1500, 1500]
[1499, 1500, 1000, 1500, 988, 988, 988, 1600, 1001, 1001, 1001, 1001, 1500, 1500, 1500, 1500]
[1499, 1500, 1000, 1500, 988, 988, 988, 1600, 1001, 1001, 1001, 1001, 1500, 1500, 1500, 1500]
12:03:17.208876 Navigation got ALT: 0.04
[1500, 1499, 998, 1500, 988, 988, 989, 1598, 1001, 1001, 1001, 1001, 1500, 1500, 1500, 1500]
[1500, 1499, 998, 1500, 988, 988, 989, 1598, 1001, 1001, 1001, 1001, 1500, 1500, 1500, 1500]
12:03:17.218311 ALT: 0.09
12:03:17.218428 ATT: [1.1, -1.0, 274]
12:03:17.219083 ACC: [10, 10, 518]
[1500, 1499, 998, 1500, 988, 988, 989, 1598, 1001, 1001, 1001, 1001, 1500, 1500, 1500, 1500]
[1500, 1499, 998, 1500, 988, 988, 989, 1598, 1001, 1001, 1001, 1001, 1500, 1500, 1500, 1500]
[1500, 1499, 998, 1500, 988, 988, 989, 1598, 1001, 1001, 1001, 1001, 1500, 1500, 1500, 1500]
12:03:17.242520 Navigation got ALT: 0.09
[1500, 1499, 988, 1500, 988, 988, 988, 1600, 1001, 1001, 1001, 1001, 1500, 1500, 1500, 1500]
[1500, 1499, 988, 1500, 988, 988, 988, 1600, 1001, 1001, 1001, 1001, 1500, 1500, 1500, 1500]
[1500, 1499, 988, 1500, 988, 988, 988, 1600, 1001, 1001, 1001, 1001, 1500, 1500, 1500, 1500]
12:03:17.266369 ALT: 0.1
12:03:17.266491 ATT: [1.1, -1.0, 274]
12:03:17.266761 ACC: [9, 9, 518]
[1500, 1499, 988, 1500, 988, 988, 988, 1600, 1001, 1001, 1001, 1001, 1500, 1500, 1500, 1500]
[1500, 1499, 988, 1500, 988, 988, 988, 1600, 1001, 1001, 1001, 1001, 1500, 1500, 1500, 1500]
12:03:17.275465 Navigation got ALT: 0.1
[1500, 1500, 988, 1500, 988, 988, 988, 1600, 1001, 1001, 1001, 1001, 1500, 1500, 1500, 1500]
[1500, 1500, 988, 1500, 988, 988, 988, 1600, 1001, 1001, 1001, 1001, 1500, 1500, 1500, 1500]
[1500, 1500, 988, 1500, 988, 988, 988, 1600, 1001, 1001, 1001, 1001, 1500, 1500, 1500, 1500]
[1500, 1500, 988, 1500, 988, 988, 988, 1600, 1001, 1001, 1001, 1001, 1500, 1500, 1500, 1500]
[1500, 1500, 988, 1500, 988, 988, 988, 1600, 1001, 1001, 1001, 1001, 1500, 1500, 1500, 1500]
12:03:17.308895 Navigation got ALT: 0.1
[1500, 1500, 988, 1500, 988, 988, 988, 1600, 1001, 1001, 1001, 1001, 1500, 1500, 1500, 1500]
12:03:17.313668 ALT: 0.1
12:03:17.313774 ATT: [1.1, -1.0, 274]
12:03:17.314115 ACC: [9, 10, 517]
[1500, 1500, 988, 1500, 988, 988, 988, 1600, 1001, 1001, 1001, 1001, 1500, 1500, 1500, 1500]
[1500, 1500, 988, 1500, 988, 988, 988, 1600, 1001, 1001, 1001, 1001, 1500, 1500, 1500, 1500]
[1500, 1500, 988, 1500, 988, 988, 988, 1600, 1001, 1001, 1001, 1001, 1500, 1500, 1500, 1500]
[1500, 1500, 988, 1500, 988, 988, 988, 1600, 1001, 1001, 1001, 1001, 1500, 1500, 1500, 1500]
12:03:17.342229 Navigation got ALT: 0.1
[1499, 1500, 988, 1500, 988, 988, 988, 1600, 1001, 1001, 1001, 1001, 1500, 1500, 1500, 1500]
[1499, 1500, 988, 1500, 988, 988, 988, 1600, 1001, 1001, 1001, 1001, 1500, 1500, 1500, 1500]
[1499, 1500, 988, 1500, 988, 988, 988, 1600, 1001, 1001, 1001, 1001, 1500, 1500, 1500, 1500]
[1499, 1500, 988, 1500, 988, 988, 988, 1600, 1001, 1001, 1001, 1001, 1500, 1500, 1500, 1500]
12:03:17.365082 ALT: 0.1
12:03:17.365191 ATT: [1.1, -1.0, 274]
12:03:17.365546 ACC: [10, 10, 517]
[1499, 1500, 988, 1500, 988, 988, 988, 1600, 1001, 1001, 1001, 1001, 1500, 1500, 1500, 1500]
12:03:17.375669 Navigation got ALT: 0.1
[1500, 1500, 988, 1500, 988, 988, 988, 1600, 1001, 1001, 1001, 1001, 1500, 1500, 1500, 1500]
[1500, 1500, 988, 1500, 988, 988, 988, 1600, 1001, 1001, 1001, 1001, 1500, 1500, 1500, 1500]
[1500, 1500, 988, 1500, 988, 988, 988, 1600, 1001, 1001, 1001, 1001, 1500, 1500, 1500, 1500]
[1500, 1500, 988, 1500, 988, 988, 988, 1600, 1001, 1001, 1001, 1001, 1500, 1500, 1500, 1500]
[1500, 1500, 988, 1500, 988, 988, 988, 1600, 1001, 1001, 1001, 1001, 1500, 1500, 1500, 1500]
12:03:17.409741 Navigation got ALT: 0.1
[1500, 1500, 988, 1500, 988, 988, 989, 1598, 1001, 1001, 1001, 1001, 1500, 1500, 1500, 1500]
12:03:17.414511 ALT: 0.1
12:03:17.414601 ATT: [1.1, -1.0, 274]
12:03:17.414860 ACC: [9, 10, 517]
[1500, 1500, 988, 1500, 988, 988, 989, 1598, 1001, 1001, 1001, 1001, 1500, 1500, 1500, 1500]
[1500, 1500, 988, 1500, 988, 988, 989, 1598, 1001, 1001, 1001, 1001, 1500, 1500, 1500, 1500]
[1500, 1500, 988, 1500, 988, 988, 989, 1598, 1001, 1001, 1001, 1001, 1500, 1500, 1500, 1500]
[1500, 1500, 988, 1500, 988, 988, 989, 1598, 1001, 1001, 1001, 1001, 1500, 1500, 1500, 1500]
12:03:17.442734 Navigation got ALT: 0.1
[1500, 1499, 988, 1500, 988, 988, 988, 1598, 1001, 1001, 1001, 1001, 1500, 1500, 1500, 1500]
[1500, 1499, 988, 1500, 988, 988, 988, 1598, 1001, 1001, 1001, 1001, 1500, 1500, 1500, 1500]
[1500, 1499, 988, 1500, 988, 988, 988, 1598, 1001, 1001, 1001, 1001, 1500, 1500, 1500, 1500]
12:03:17.457480 ALT: 0.1
12:03:17.457580 ATT: [1.1, -1.0, 274]
12:03:17.457851 ACC: [9, 10, 518]
[1500, 1499, 988, 1500, 988, 988, 988, 1598, 1001, 1001, 1001, 1001, 1500, 1500, 1500, 1500]
[1500, 1499, 988, 1500, 988, 988, 988, 1598, 1001, 1001, 1001, 1001, 1500, 1500, 1500, 1500]
12:03:17.475735 Navigation got ALT: 0.1
[1499, 1500, 988, 1500, 988, 988, 988, 1600, 1001, 1001, 1001, 1001, 1500, 1500, 1500, 1500]
[1499, 1500, 988, 1500, 988, 988, 988, 1600, 1001, 1001, 1001, 1001, 1500, 1500, 1500, 1500]
[1499, 1500, 988, 1500, 988, 988, 988, 1600, 1001, 1001, 1001, 1001, 1500, 1500, 1500, 1500]
[1499, 1500, 988, 1500, 988, 988, 988, 1600, 1001, 1001, 1001, 1001, 1500, 1500, 1500, 1500]
[1499, 1500, 988, 1500, 988, 988, 988, 1600, 1001, 1001, 1001, 1001, 1500, 1500, 1500, 1500]
12:03:17.508304 ALT: 0.1
12:03:17.508447 ATT: [1.1, -1.0, 274]
12:03:17.508850 ACC: [9, 9, 517]
12:03:17.509599 Navigation got ALT: 0.1
[1500, 1500, 988, 1499, 988, 988, 988, 1598, 1001, 1001, 1001, 1001, 1500, 1500, 1500, 1500]
[1500, 1500, 988, 1499, 988, 988, 988, 1598, 1001, 1001, 1001, 1001, 1500, 1500, 1500, 1500]
[1500, 1500, 988, 1499, 988, 988, 988, 1598, 1001, 1001, 1001, 1001, 1500, 1500, 1500, 1500]
[1500, 1500, 988, 1499, 988, 988, 988, 1598, 1001, 1001, 1001, 1001, 1500, 1500, 1500, 1500]
[1500, 1500, 988, 1499, 988, 988, 988, 1598, 1001, 1001, 1001, 1001, 1500, 1500, 1500, 1500]
12:03:17.542542 Navigation got ALT: 0.1
[1501, 1497, 988, 1500, 988, 988, 988, 1600, 1001, 1001, 1001, 1001, 1500, 1500, 1500, 1500]
[1501, 1497, 988, 1500, 988, 988, 988, 1600, 1001, 1001, 1001, 1001, 1500, 1500, 1500, 1500]
12:03:17.553958 ALT: 0.1
12:03:17.554327 ATT: [1.1, -1.0, 274]
12:03:17.554882 ACC: [9, 9, 517]
[1501, 1497, 988, 1500, 988, 988, 988, 1600, 1001, 1001, 1001, 1001, 1500, 1500, 1500, 1500]
[1501, 1497, 988, 1500, 988, 988, 988, 1600, 1001, 1001, 1001, 1001, 1500, 1500, 1500, 1500]
[1501, 1497, 988, 1500, 988, 988, 988, 1600, 1001, 1001, 1001, 1001, 1500, 1500, 1500, 1500]
12:03:17.575421 Navigation got ALT: 0.1
[1500, 1499, 988, 1499, 988, 988, 988, 1600, 1001, 1001, 1001, 1001, 1500, 1500, 1500, 1500]
[1500, 1499, 988, 1499, 988, 988, 988, 1600, 1001, 1001, 1001, 1001, 1500, 1500, 1500, 1500]
[1500, 1499, 988, 1499, 988, 988, 988, 1600, 1001, 1001, 1001, 1001, 1500, 1500, 1500, 1500]
[1500, 1499, 988, 1499, 988, 988, 988, 1600, 1001, 1001, 1001, 1001, 1500, 1500, 1500, 1500]
12:03:17.601928 ALT: 0.1
12:03:17.602083 ATT: [1.1, -1.0, 274]
12:03:17.602717 ACC: [9, 11, 518]
[1500, 1499, 988, 1499, 988, 988, 988, 1600, 1001, 1001, 1001, 1001, 1500, 1500, 1500, 1500]
12:03:17.608765 Navigation got ALT: 0.1
[1499, 1500, 988, 1500, 988, 988, 988, 1600, 1001, 1001, 1001, 1001, 1500, 1500, 1500, 1500]
[1499, 1500, 988, 1500, 988, 988, 988, 1600, 1001, 1001, 1001, 1001, 1500, 1500, 1500, 1500]
[1499, 1500, 988, 1500, 988, 988, 988, 1600, 1001, 1001, 1001, 1001, 1500, 1500, 1500, 1500]
[1499, 1500, 988, 1500, 988, 988, 988, 1600, 1001, 1001, 1001, 1001, 1500, 1500, 1500, 1500]
[1499, 1500, 988, 1500, 988, 988, 988, 1600, 1001, 1001, 1001, 1001, 1500, 1500, 1500, 1500]
12:03:17.642131 Navigation got ALT: 0.1
[1500, 1499, 988, 1501, 985, 988, 988, 1598, 1001, 1001, 1001, 1001, 1500, 1500, 1500, 1500]
[1500, 1499, 988, 1501, 985, 988, 988, 1598, 1001, 1001, 1001, 1001, 1500, 1500, 1500, 1500]
12:03:17.650026 ALT: 0.1
12:03:17.650121 ATT: [1.1, -1.0, 274]
12:03:17.651048 ACC: [10, 9, 518]
[1500, 1499, 988, 1501, 985, 988, 988, 1598, 1001, 1001, 1001, 1001, 1500, 1500, 1500, 1500]
[1500, 1499, 988, 1501, 985, 988, 988, 1598, 1001, 1001, 1001, 1001, 1500, 1500, 1500, 1500]
[1500, 1499, 988, 1501, 985, 988, 988, 1598, 1001, 1001, 1001, 1001, 1500, 1500, 1500, 1500]
12:03:17.675398 Navigation got ALT: 0.1
[1500, 1500, 988, 1499, 988, 988, 988, 1600, 1001, 1001, 1001, 1001, 1500, 1500, 1500, 1500]
[1500, 1500, 988, 1499, 988, 988, 988, 1600, 1001, 1001, 1001, 1001, 1500, 1500, 1500, 1500]
[1500, 1500, 988, 1499, 988, 988, 988, 1600, 1001, 1001, 1001, 1001, 1500, 1500, 1500, 1500]
[1500, 1500, 988, 1499, 988, 988, 988, 1600, 1001, 1001, 1001, 1001, 1500, 1500, 1500, 1500]
12:03:17.698026 ALT: 0.1
12:03:17.698135 ATT: [1.1, -1.0, 274]
12:03:17.698531 ACC: [10, 10, 518]
[1500, 1500, 988, 1499, 988, 988, 988, 1600, 1001, 1001, 1001, 1001, 1500, 1500, 1500, 1500]
12:03:17.708769 Navigation got ALT: 0.1
[1500, 1500, 988, 1500, 988, 988, 988, 1600, 1001, 1001, 1001, 1001, 1500, 1500, 1500, 1500]
[1500, 1500, 988, 1500, 988, 988, 988, 1600, 1001, 1001, 1001, 1001, 1500, 1500, 1500, 1500]
[1500, 1500, 988, 1500, 988, 988, 988, 1600, 1001, 1001, 1001, 1001, 1500, 1500, 1500, 1500]
[1500, 1500, 988, 1500, 988, 988, 988, 1600, 1001, 1001, 1001, 1001, 1500, 1500, 1500, 1500]
[1500, 1500, 988, 1500, 988, 988, 988, 1600, 1001, 1001, 1001, 1001, 1500, 1500, 1500, 1500]
12:03:17.742214 Navigation got ALT: 0.1
[1500, 1499, 988, 1500, 988, 988, 988, 1600, 1001, 1001, 1001, 1001, 1500, 1500, 1500, 1500]
12:03:17.745520 ALT: 0.1
12:03:17.745587 ATT: [1.1, -1.0, 274]
12:03:17.745866 ACC: [9, 11, 517]
[1500, 1499, 988, 1500, 988, 988, 988, 1600, 1001, 1001, 1001, 1001, 1500, 1500, 1500, 1500]
[1500, 1499, 988, 1500, 988, 988, 988, 1600, 1001, 1001, 1001, 1001, 1500, 1500, 1500, 1500]
[1500, 1499, 988, 1500, 988, 988, 988, 1600, 1001, 1001, 1001, 1001, 1500, 1500, 1500, 1500]
[1500, 1499, 988, 1500, 988, 988, 988, 1600, 1001, 1001, 1001, 1001, 1500, 1500, 1500, 1500]
12:03:17.775377 Navigation got ALT: 0.1
[1500, 1500, 988, 1500, 988, 988, 988, 1600, 1001, 1001, 1001, 1001, 1500, 1500, 1500, 1500]
[1500, 1500, 988, 1500, 988, 988, 988, 1600, 1001, 1001, 1001, 1001, 1500, 1500, 1500, 1500]
[1500, 1500, 988, 1500, 988, 988, 988, 1600, 1001, 1001, 1001, 1001, 1500, 1500, 1500, 1500]
12:03:17.793559 ALT: 0.1
12:03:17.793643 ATT: [1.1, -1.0, 274]
12:03:17.793951 ACC: [10, 9, 518]
[1500, 1500, 988, 1500, 988, 988, 988, 1600, 1001, 1001, 1001, 1001, 1500, 1500, 1500, 1500]
[1500, 1500, 988, 1500, 988, 988, 988, 1600, 1001, 1001, 1001, 1001, 1500, 1500, 1500, 1500]
12:03:17.808795 Navigation got ALT: 0.1
[1500, 1500, 988, 1500, 988, 988, 988, 1598, 1001, 1001, 1001, 1001, 1500, 1500, 1500, 1500]
[1500, 1500, 988, 1500, 988, 988, 988, 1598, 1001, 1001, 1001, 1001, 1500, 1500, 1500, 1500]
[1500, 1500, 988, 1500, 988, 988, 988, 1598, 1001, 1001, 1001, 1001, 1500, 1500, 1500, 1500]
[1500, 1500, 988, 1500, 988, 988, 988, 1598, 1001, 1001, 1001, 1001, 1500, 1500, 1500, 1500]
[1500, 1500, 988, 1500, 988, 988, 988, 1598, 1001, 1001, 1001, 1001, 1500, 1500, 1500, 1500]
12:03:17.841848 ALT: 0.1
12:03:17.841944 ATT: [1.1, -1.0, 274]
12:03:17.842214 ACC: [9, 9, 518]
12:03:17.842811 Navigation got ALT: 0.1
[1501, 1497, 988, 1500, 988, 988, 988, 1600, 1001, 1001, 1001, 1001, 1500, 1500, 1500, 1500]
[1501, 1497, 988, 1500, 988, 988, 988, 1600, 1001, 1001, 1001, 1001, 1500, 1500, 1500, 1500]
[1501, 1497, 988, 1500, 988, 988, 988, 1600, 1001, 1001, 1001, 1001, 1500, 1500, 1500, 1500]
[1501, 1497, 988, 1500, 988, 988, 988, 1600, 1001, 1001, 1001, 1001, 1500, 1500, 1500, 1500]
[1501, 1497, 988, 1500, 988, 988, 988, 1600, 1001, 1001, 1001, 1001, 1500, 1500, 1500, 1500]
12:03:17.875371 Navigation got ALT: 0.1
[1500, 1500, 988, 1500, 988, 988, 988, 1600, 1001, 1001, 1001, 1001, 1500, 1500, 1500, 1500]
[1500, 1500, 988, 1500, 988, 988, 988, 1600, 1001, 1001, 1001, 1001, 1500, 1500, 1500, 1500]
[1500, 1500, 988, 1500, 988, 988, 988, 1600, 1001, 1001, 1001, 1001, 1500, 1500, 1500, 1500]
12:03:17.890324 ALT: 0.1
12:03:17.890456 ATT: [1.1, -1.0, 274]
12:03:17.890708 ACC: [9, 11, 517]
[1500, 1500, 988, 1500, 988, 988, 988, 1600, 1001, 1001, 1001, 1001, 1500, 1500, 1500, 1500]
12:03:17.906402 Navigation got ALT: 0.1
[1500, 1500, 988, 1500, 988, 988, 988, 1600, 1001, 1001, 1001, 1001, 1500, 1500, 1500, 1500]
[1500, 1500, 988, 1500, 988, 988, 988, 1600, 1001, 1001, 1001, 1001, 1500, 1500, 1500, 1500]
[1500, 1500, 988, 1500, 988, 988, 988, 1600, 1001, 1001, 1001, 1001, 1500, 1500, 1500, 1500]
[1500, 1500, 988, 1500, 988, 988, 988, 1600, 1001, 1001, 1001, 1001, 1500, 1500, 1500, 1500]
[1500, 1500, 988, 1500, 988, 988, 988, 1600, 1001, 1001, 1001, 1001, 1500, 1500, 1500, 1500]
[1500, 1500, 988, 1500, 988, 988, 988, 1600, 1001, 1001, 1001, 1001, 1500, 1500, 1500, 1500]
12:03:17.937844 ALT: 0.1
12:03:17.937959 ATT: [1.1, -1.0, 274]
12:03:17.938590 ACC: [9, 10, 517]
12:03:17.942898 Navigation got ALT: 0.1
[1500, 1499, 988, 1500, 988, 988, 988, 1600, 1001, 1001, 1001, 1001, 1500, 1500, 1500, 1500]
[1500, 1499, 988, 1500, 988, 988, 988, 1600, 1001, 1001, 1001, 1001, 1500, 1500, 1500, 1500]
[1500, 1499, 988, 1500, 988, 988, 988, 1600, 1001, 1001, 1001, 1001, 1500, 1500, 1500, 1500]
[1500, 1499, 988, 1500, 988, 988, 988, 1600, 1001, 1001, 1001, 1001, 1500, 1500, 1500, 1500]
[1500, 1499, 988, 1500, 988, 988, 988, 1600, 1001, 1001, 1001, 1001, 1500, 1500, 1500, 1500]
12:03:17.975504 Navigation got ALT: 0.1
[1500, 1500, 988, 1499, 988, 988, 988, 1600, 1001, 1001, 1001, 1001, 1500, 1500, 1500, 1500]
[1500, 1500, 988, 1499, 988, 988, 988, 1600, 1001, 1001, 1001, 1001, 1500, 1500, 1500, 1500]
12:03:17.986136 ALT: 0.1
12:03:17.986460 ATT: [1.1, -1.0, 274]
12:03:17.987130 ACC: [10, 9, 518]
[1500, 1500, 988, 1499, 988, 988, 988, 1600, 1001, 1001, 1001, 1001, 1500, 1500, 1500, 1500]
[1500, 1500, 988, 1499, 988, 988, 988, 1600, 1001, 1001, 1001, 1001, 1500, 1500, 1500, 1500]
[1500, 1500, 988, 1499, 988, 988, 988, 1600, 1001, 1001, 1001, 1001, 1500, 1500, 1500, 1500]
12:03:18.008730 Navigation got ALT: 0.1
[1499, 1500, 988, 1499, 988, 988, 988, 1598, 1001, 1001, 1001, 1001, 1500, 1500, 1500, 1500]
[1499, 1500, 988, 1499, 988, 988, 988, 1598, 1001, 1001, 1001, 1001, 1500, 1500, 1500, 1500]
[1499, 1500, 988, 1499, 988, 988, 988, 1598, 1001, 1001, 1001, 1001, 1500, 1500, 1500, 1500]
[1499, 1500, 988, 1499, 988, 988, 988, 1598, 1001, 1001, 1001, 1001, 1500, 1500, 1500, 1500]
12:03:18.034340 ALT: 0.1
12:03:18.034445 ATT: [1.1, -1.0, 274]
12:03:18.034716 ACC: [9, 11, 518]
[1499, 1500, 988, 1499, 988, 988, 988, 1598, 1001, 1001, 1001, 1001, 1500, 1500, 1500, 1500]
12:03:18.042564 Navigation got ALT: 0.1
[1500, 1499, 988, 1500, 988, 989, 986, 1600, 1001, 1001, 1001, 1001, 1500, 1500, 1500, 1500]
[1500, 1499, 988, 1500, 988, 989, 986, 1600, 1001, 1001, 1001, 1001, 1500, 1500, 1500, 1500]
[1500, 1499, 988, 1500, 988, 989, 986, 1600, 1001, 1001, 1001, 1001, 1500, 1500, 1500, 1500]
[1500, 1499, 988, 1500, 988, 989, 986, 1600, 1001, 1001, 1001, 1001, 1500, 1500, 1500, 1500]
[1500, 1499, 988, 1500, 988, 989, 986, 1600, 1001, 1001, 1001, 1001, 1500, 1500, 1500, 1500]
12:03:18.075652 Navigation got ALT: 0.1
[1500, 1499, 988, 1500, 988, 988, 988, 1600, 1001, 1001, 1001, 1001, 1500, 1500, 1500, 1500]
12:03:18.081686 ALT: 0.1
12:03:18.081859 ATT: [1.1, -1.0, 274]
12:03:18.082202 ACC: [9, 9, 517]
[1500, 1499, 988, 1500, 988, 988, 988, 1600, 1001, 1001, 1001, 1001, 1500, 1500, 1500, 1500]
[1500, 1499, 988, 1500, 988, 988, 988, 1600, 1001, 1001, 1001, 1001, 1500, 1500, 1500, 1500]
[1500, 1499, 988, 1500, 988, 988, 988, 1600, 1001, 1001, 1001, 1001, 1500, 1500, 1500, 1500]
[1500, 1499, 988, 1500, 988, 988, 988, 1600, 1001, 1001, 1001, 1001, 1500, 1500, 1500, 1500]
12:03:18.108790 Navigation got ALT: 0.1
[1500, 1500, 988, 1499, 988, 988, 988, 1600, 1001, 1001, 1001, 1001, 1500, 1500, 1500, 1500]
[1500, 1500, 988, 1499, 988, 988, 988, 1600, 1001, 1001, 1001, 1001, 1500, 1500, 1500, 1500]
[1500, 1500, 988, 1499, 988, 988, 988, 1600, 1001, 1001, 1001, 1001, 1500, 1500, 1500, 1500]
[1500, 1500, 988, 1499, 988, 988, 988, 1600, 1001, 1001, 1001, 1001, 1500, 1500, 1500, 1500]
12:03:18.129488 ALT: 0.1
12:03:18.129546 ATT: [1.1, -1.0, 274]
12:03:18.129763 ACC: [10, 9, 517]
[1500, 1500, 988, 1499, 988, 988, 988, 1600, 1001, 1001, 1001, 1001, 1500, 1500, 1500, 1500]
12:03:18.142441 Navigation got ALT: 0.1
[1500, 1500, 988, 1500, 988, 988, 988, 1600, 1001, 1001, 1001, 1001, 1500, 1500, 1500, 1500]
[1500, 1500, 988, 1500, 988, 988, 988, 1600, 1001, 1001, 1001, 1001, 1500, 1500, 1500, 1500]
[1500, 1500, 988, 1500, 988, 988, 988, 1600, 1001, 1001, 1001, 1001, 1500, 1500, 1500, 1500]
[1500, 1500, 988, 1500, 988, 988, 988, 1600, 1001, 1001, 1001, 1001, 1500, 1500, 1500, 1500]
[1500, 1500, 988, 1500, 988, 988, 988, 1600, 1001, 1001, 1001, 1001, 1500, 1500, 1500, 1500]
12:03:18.175374 Navigation got ALT: 0.1
[1500, 1500, 988, 1500, 988, 988, 988, 1600, 1001, 1001, 1001, 1001, 1500, 1500, 1500, 1500]
12:03:18.177499 ALT: 0.1
12:03:18.177562 ATT: [1.1, -1.0, 274]
12:03:18.177885 ACC: [9, 11, 517]
[1500, 1500, 988, 1500, 988, 988, 988, 1600, 1001, 1001, 1001, 1001, 1500, 1500, 1500, 1500]
[1500, 1500, 988, 1500, 988, 988, 988, 1600, 1001, 1001, 1001, 1001, 1500, 1500, 1500, 1500]
[1500, 1500, 988, 1500, 988, 988, 988, 1600, 1001, 1001, 1001, 1001, 1500, 1500, 1500, 1500]
[1500, 1500, 988, 1500, 988, 988, 988, 1600, 1001, 1001, 1001, 1001, 1500, 1500, 1500, 1500]
12:03:18.208784 Navigation got ALT: 0.1
[1500, 1500, 988, 1500, 988, 988, 988, 1600, 1001, 1001, 1001, 1001, 1500, 1500, 1500, 1500]
[1500, 1500, 988, 1500, 988, 988, 988, 1600, 1001, 1001, 1001, 1001, 1500, 1500, 1500, 1500]
[1500, 1500, 988, 1500, 988, 988, 988, 1600, 1001, 1001, 1001, 1001, 1500, 1500, 1500, 1500]
[1500, 1500, 988, 1500, 988, 988, 988, 1600, 1001, 1001, 1001, 1001, 1500, 1500, 1500, 1500]
[1500, 1500, 988, 1500, 988, 988, 988, 1600, 1001, 1001, 1001, 1001, 1500, 1500, 1500, 1500]
12:03:18.241649 ALT: 0.1
12:03:18.241805 ATT: [1.1, -1.0, 274]
12:03:18.242226 ACC: [9, 10, 517]
12:03:18.243786 Navigation got ALT: 0.1
[1500, 1499, 988, 1500, 988, 988, 988, 1600, 1001, 1001, 1001, 1001, 1500, 1500, 1500, 1500]
[1500, 1499, 988, 1500, 988, 988, 988, 1600, 1001, 1001, 1001, 1001, 1500, 1500, 1500, 1500]
[1500, 1499, 988, 1500, 988, 988, 988, 1600, 1001, 1001, 1001, 1001, 1500, 1500, 1500, 1500]
[1500, 1499, 988, 1500, 988, 988, 988, 1600, 1001, 1001, 1001, 1001, 1500, 1500, 1500, 1500]
[1500, 1499, 988, 1500, 988, 988, 988, 1600, 1001, 1001, 1001, 1001, 1500, 1500, 1500, 1500]
12:03:18.275586 Navigation got ALT: 0.1
[1499, 1500, 988, 1500, 988, 988, 988, 1600, 1001, 1001, 1001, 1001, 1500, 1500, 1500, 1500]
[1499, 1500, 988, 1500, 988, 988, 988, 1600, 1001, 1001, 1001, 1001, 1500, 1500, 1500, 1500]
[1499, 1500, 988, 1500, 988, 988, 988, 1600, 1001, 1001, 1001, 1001, 1500, 1500, 1500, 1500]
12:03:18.290655 ALT: 0.1
12:03:18.290747 ATT: [1.1, -1.0, 274]
12:03:18.291014 ACC: [9, 10, 518]
[1499, 1500, 988, 1500, 988, 988, 988, 1600, 1001, 1001, 1001, 1001, 1500, 1500, 1500, 1500]
[1499, 1500, 988, 1500, 988, 988, 988, 1600, 1001, 1001, 1001, 1001, 1500, 1500, 1500, 1500]
12:03:18.308817 Navigation got ALT: 0.1
[1500, 1500, 988, 1499, 988, 988, 988, 1600, 1001, 1001, 1001, 1001, 1500, 1500, 1500, 1500]
[1500, 1500, 988, 1499, 988, 988, 988, 1600, 1001, 1001, 1001, 1001, 1500, 1500, 1500, 1500]
[1500, 1500, 988, 1499, 988, 988, 988, 1600, 1001, 1001, 1001, 1001, 1500, 1500, 1500, 1500]
[1500, 1500, 988, 1499, 988, 988, 988, 1600, 1001, 1001, 1001, 1001, 1500, 1500, 1500, 1500]
[1500, 1500, 988, 1499, 988, 988, 988, 1600, 1001, 1001, 1001, 1001, 1500, 1500, 1500, 1500]
12:03:18.338447 ALT: 0.1
12:03:18.338553 ATT: [1.1, -1.0, 274]
12:03:18.339170 ACC: [9, 11, 517]
12:03:18.342494 Navigation got ALT: 0.1
[1500, 1500, 988, 1500, 988, 988, 988, 1600, 1001, 1001, 1001, 1001, 1500, 1500, 1500, 1500]
[1500, 1500, 988, 1500, 988, 988, 988, 1600, 1001, 1001, 1001, 1001, 1500, 1500, 1500, 1500]
[1500, 1500, 988, 1500, 988, 988, 988, 1600, 1001, 1001, 1001, 1001, 1500, 1500, 1500, 1500]
[1500, 1500, 988, 1500, 988, 988, 988, 1600, 1001, 1001, 1001, 1001, 1500, 1500, 1500, 1500]
[1500, 1500, 988, 1500, 988, 988, 988, 1600, 1001, 1001, 1001, 1001, 1500, 1500, 1500, 1500]
12:03:18.375474 Navigation got ALT: 0.1
[1500, 1500, 988, 1500, 988, 988, 988, 1600, 1001, 1001, 1001, 1001, 1500, 1500, 1500, 1500]
[1500, 1500, 988, 1500, 988, 988, 988, 1600, 1001, 1001, 1001, 1001, 1500, 1500, 1500, 1500]
12:03:18.386375 ALT: 0.1
12:03:18.386751 ATT: [1.1, -1.0, 274]
12:03:18.387467 ACC: [10, 9, 517]
[1500, 1500, 988, 1500, 988, 988, 988, 1600, 1001, 1001, 1001, 1001, 1500, 1500, 1500, 1500]
[1500, 1500, 988, 1500, 988, 988, 988, 1600, 1001, 1001, 1001, 1001, 1500, 1500, 1500, 1500]
[1500, 1500, 988, 1500, 988, 988, 988, 1600, 1001, 1001, 1001, 1001, 1500, 1500, 1500, 1500]
12:03:18.408883 Navigation got ALT: 0.1
[1500, 1500, 988, 1500, 988, 986, 988, 1600, 1001, 1001, 1001, 1001, 1500, 1500, 1500, 1500]
[1500, 1500, 988, 1500, 988, 986, 988, 1600, 1001, 1001, 1001, 1001, 1500, 1500, 1500, 1500]
[1500, 1500, 988, 1500, 988, 986, 988, 1600, 1001, 1001, 1001, 1001, 1500, 1500, 1500, 1500]
[1500, 1500, 988, 1500, 988, 986, 988, 1600, 1001, 1001, 1001, 1001, 1500, 1500, 1500, 1500]
12:03:18.434209 ALT: 0.1
12:03:18.434316 ATT: [1.1, -1.0, 274]
12:03:18.434850 ACC: [9, 10, 517]
[1500, 1500, 988, 1500, 988, 986, 988, 1600, 1001, 1001, 1001, 1001, 1500, 1500, 1500, 1500]
12:03:18.442285 Navigation got ALT: 0.1
[1499, 1500, 988, 1500, 988, 988, 988, 1598, 1001, 1001, 1001, 1001, 1500, 1500, 1500, 1500]
[1499, 1500, 988, 1500, 988, 988, 988, 1598, 1001, 1001, 1001, 1001, 1500, 1500, 1500, 1500]
[1499, 1500, 988, 1500, 988, 988, 988, 1598, 1001, 1001, 1001, 1001, 1500, 1500, 1500, 1500]
[1499, 1500, 988, 1500, 988, 988, 988, 1598, 1001, 1001, 1001, 1001, 1500, 1500, 1500, 1500]
[1499, 1500, 988, 1500, 988, 988, 988, 1598, 1001, 1001, 1001, 1001, 1500, 1500, 1500, 1500]
12:03:18.475439 Navigation got ALT: 0.1
[1500, 1500, 988, 1500, 988, 988, 988, 1600, 1001, 1001, 1001, 1001, 1500, 1500, 1500, 1500]
12:03:18.481685 ALT: 0.1
12:03:18.481816 ATT: [1.1, -1.0, 274]
12:03:18.482133 ACC: [10, 10, 517]
[1500, 1500, 988, 1500, 988, 988, 988, 1600, 1001, 1001, 1001, 1001, 1500, 1500, 1500, 1500]
[1500, 1500, 988, 1500, 988, 988, 988, 1600, 1001, 1001, 1001, 1001, 1500, 1500, 1500, 1500]
[1500, 1500, 988, 1500, 988, 988, 988, 1600, 1001, 1001, 1001, 1001, 1500, 1500, 1500, 1500]
[1500, 1500, 988, 1500, 988, 988, 988, 1600, 1001, 1001, 1001, 1001, 1500, 1500, 1500, 1500]
12:03:18.508810 Navigation got ALT: 0.1
[1500, 1500, 988, 1499, 988, 988, 988, 1600, 1001, 1001, 1001, 1001, 1500, 1500, 1500, 1500]
[1500, 1500, 988, 1499, 988, 988, 988, 1600, 1001, 1001, 1001, 1001, 1500, 1500, 1500, 1500]
[1500, 1500, 988, 1499, 988, 988, 988, 1600, 1001, 1001, 1001, 1001, 1500, 1500, 1500, 1500]
[1500, 1500, 988, 1499, 988, 988, 988, 1600, 1001, 1001, 1001, 1001, 1500, 1500, 1500, 1500]
12:03:18.529683 ALT: 0.1
12:03:18.529762 ATT: [1.1, -1.0, 274]
12:03:18.530059 ACC: [9, 9, 517]
[1500, 1500, 988, 1499, 988, 988, 988, 1600, 1001, 1001, 1001, 1001, 1500, 1500, 1500, 1500]
12:03:18.542702 Navigation got ALT: 0.1
[1500, 1499, 988, 1500, 988, 988, 988, 1600, 1001, 1001, 1001, 1001, 1500, 1500, 1500, 1500]
[1500, 1499, 988, 1500, 988, 988, 988, 1600, 1001, 1001, 1001, 1001, 1500, 1500, 1500, 1500]
[1500, 1499, 988, 1500, 988, 988, 988, 1600, 1001, 1001, 1001, 1001, 1500, 1500, 1500, 1500]
[1500, 1499, 988, 1500, 988, 988, 988, 1600, 1001, 1001, 1001, 1001, 1500, 1500, 1500, 1500]
[1500, 1499, 988, 1500, 988, 988, 988, 1600, 1001, 1001, 1001, 1001, 1500, 1500, 1500, 1500]
12:03:18.575438 Navigation got ALT: 0.1
[1500, 1500, 988, 1499, 988, 988, 988, 1600, 1001, 1001, 1001, 1001, 1500, 1500, 1500, 1500]
12:03:18.577747 ALT: 0.1
12:03:18.577906 ATT: [1.1, -1.0, 274]
12:03:18.578234 ACC: [9, 10, 517]
[1500, 1500, 988, 1499, 988, 988, 988, 1600, 1001, 1001, 1001, 1001, 1500, 1500, 1500, 1500]
[1500, 1500, 988, 1499, 988, 988, 988, 1600, 1001, 1001, 1001, 1001, 1500, 1500, 1500, 1500]
[1500, 1500, 988, 1499, 988, 988, 988, 1600, 1001, 1001, 1001, 1001, 1500, 1500, 1500, 1500]
[1500, 1500, 988, 1499, 988, 988, 988, 1600, 1001, 1001, 1001, 1001, 1500, 1500, 1500, 1500]
12:03:18.610906 Navigation got ALT: 0.1
[1499, 1500, 988, 1499, 988, 988, 988, 1600, 1001, 1001, 1001, 1001, 1500, 1500, 1500, 1500]
[1499, 1500, 988, 1499, 988, 988, 988, 1600, 1001, 1001, 1001, 1001, 1500, 1500, 1500, 1500]
[1499, 1500, 988, 1499, 988, 988, 988, 1600, 1001, 1001, 1001, 1001, 1500, 1500, 1500, 1500]
12:03:18.627276 ALT: 0.1
12:03:18.627372 ATT: [1.1, -1.0, 274]
12:03:18.627698 ACC: [9, 10, 518]
[1499, 1500, 988, 1499, 988, 988, 988, 1600, 1001, 1001, 1001, 1001, 1500, 1500, 1500, 1500]
[1499, 1500, 988, 1499, 988, 988, 988, 1600, 1001, 1001, 1001, 1001, 1500, 1500, 1500, 1500]
12:03:18.643255 Navigation got ALT: 0.1
[1500, 1499, 988, 1500, 988, 988, 988, 1600, 1001, 1001, 1001, 1001, 1500, 1500, 1500, 1500]
[1500, 1499, 988, 1500, 988, 988, 988, 1600, 1001, 1001, 1001, 1001, 1500, 1500, 1500, 1500]
[1500, 1499, 988, 1500, 988, 988, 988, 1600, 1001, 1001, 1001, 1001, 1500, 1500, 1500, 1500]
[1500, 1499, 988, 1500, 988, 988, 988, 1600, 1001, 1001, 1001, 1001, 1500, 1500, 1500, 1500]
[1500, 1499, 988, 1500, 988, 988, 988, 1600, 1001, 1001, 1001, 1001, 1500, 1500, 1500, 1500]
12:03:18.676191 Navigation got ALT: 0.1
[1499, 1500, 988, 1500, 988, 988, 988, 1600, 1001, 1001, 1001, 1001, 1500, 1500, 1500, 1500]
12:03:18.677770 ALT: 0.1
12:03:18.677974 ATT: [1.1, -1.0, 274]
12:03:18.678592 ACC: [10, 9, 517]
[1499, 1500, 988, 1500, 988, 988, 988, 1600, 1001, 1001, 1001, 1001, 1500, 1500, 1500, 1500]
[1499, 1500, 988, 1500, 988, 988, 988, 1600, 1001, 1001, 1001, 1001, 1500, 1500, 1500, 1500]
[1499, 1500, 988, 1500, 988, 988, 988, 1600, 1001, 1001, 1001, 1001, 1500, 1500, 1500, 1500]
[1499, 1500, 988, 1500, 988, 988, 988, 1600, 1001, 1001, 1001, 1001, 1500, 1500, 1500, 1500]
12:03:18.708918 Navigation got ALT: 0.1
[1500, 1501, 988, 1499, 988, 988, 988, 1598, 1001, 1001, 1001, 1001, 1500, 1500, 1500, 1500]
[1500, 1501, 988, 1499, 988, 988, 988, 1598, 1001, 1001, 1001, 1001, 1500, 1500, 1500, 1500]
12:03:18.721733 ALT: 0.1
12:03:18.721932 ATT: [1.1, -1.0, 274]
12:03:18.722667 ACC: [9, 10, 517]
[1500, 1501, 988, 1499, 988, 988, 988, 1598, 1001, 1001, 1001, 1001, 1500, 1500, 1500, 1500]
[1500, 1501, 988, 1499, 988, 988, 988, 1598, 1001, 1001, 1001, 1001, 1500, 1500, 1500, 1500]
[1500, 1501, 988, 1499, 988, 988, 988, 1598, 1001, 1001, 1001, 1001, 1500, 1500, 1500, 1500]
12:03:18.742237 Navigation got ALT: 0.1
[1500, 1500, 988, 1499, 988, 988, 988, 1600, 1001, 1001, 1001, 1001, 1500, 1500, 1500, 1500]
[1500, 1500, 988, 1499, 988, 988, 988, 1600, 1001, 1001, 1001, 1001, 1500, 1500, 1500, 1500]
[1500, 1500, 988, 1500, 2011, 988, 988, 988, 1001, 1001, 1001, 1001, 1500, 1500, 1500, 1500]
[1500, 1500, 988, 1500, 2011, 988, 988, 988, 1001, 1001, 1001, 1001, 1500, 1500, 1500, 1500]
[1499, 1500, 988, 1500, 2011, 988, 988, 988, 1001, 1001, 1001, 1001, 1500, 1500, 1500, 1500]
12:03:18.770788 ALT: 0.1
12:03:18.770904 ATT: [1.1, -1.0, 274]
12:03:18.771313 ACC: [9, 10, 517]
[1499, 1500, 988, 1500, 2011, 988, 988, 988, 1001, 1001, 1001, 1001, 1500, 1500, 1500, 1500]
[1499, 1500, 988, 1500, 2011, 988, 988, 988, 1001, 1001, 1001, 1001, 1500, 1500, 1500, 1500]
[1500, 1499, 988, 1500, 2011, 988, 988, 988, 1001, 1001, 1001, 1001, 1500, 1500, 1500, 1500]
[1500, 1499, 988, 1500, 2011, 988, 988, 988, 1001, 1001, 1001, 1001, 1500, 1500, 1500, 1500]
[1500, 1499, 988, 1500, 2011, 988, 988, 988, 1001, 1001, 1001, 1001, 1500, 1500, 1500, 1500]
[1500, 1499, 988, 1500, 2011, 988, 988, 988, 1001, 1001, 1001, 1001, 1500, 1500, 1500, 1500]
12:03:18.818028 ALT: 0.1
12:03:18.818222 ATT: [1.1, -1.0, 274]
12:03:18.818897 ACC: [10, 9, 518]
[1500, 1499, 988, 1500, 2011, 988, 988, 988, 1001, 1001, 1001, 1001, 1500, 1500, 1500, 1500]
[1500, 1499, 988, 1500, 2011, 988, 988, 988, 1001, 1001, 1001, 1001, 1500, 1500, 1500, 1500]
[1500, 1499, 988, 1500, 2011, 988, 988, 988, 1001, 1001, 1001, 1001, 1500, 1500, 1500, 1500]
[1500, 1499, 988, 1500, 2011, 988, 988, 988, 1001, 1001, 1001, 1001, 1500, 1500, 1500, 1500]
[1500, 1499, 988, 1500, 2011, 988, 988, 988, 1001, 1001, 1001, 1001, 1500, 1500, 1500, 1500]
[1499, 1500, 988, 1500, 2011, 988, 988, 988, 1001, 1001, 1001, 1001, 1500, 1500, 1500, 1500]
[1499, 1500, 988, 1500, 2011, 988, 988, 988, 1001, 1001, 1001, 1001, 1500, 1500, 1500, 1500]
[1499, 1500, 988, 1500, 2011, 988, 988, 988, 1001, 1001, 1001, 1001, 1500, 1500, 1500, 1500]
12:03:18.865956 ALT: 0.0
12:03:18.866044 ATT: [1.1, -1.0, 274]
12:03:18.866499 ACC: [9, 10, 517]
[1500, 1500, 988, 1500, 2011, 988, 988, 988, 1001, 1001, 1001, 1001, 1500, 1500, 1500, 1500]
[1500, 1500, 988, 1500, 2011, 988, 988, 988, 1001, 1001, 1001, 1001, 1500, 1500, 1500, 1500]
[1500, 1500, 988, 1500, 2011, 988, 988, 988, 1001, 1001, 1001, 1001, 1500, 1500, 1500, 1500]
[1500, 1500, 988, 1500, 2011, 988, 988, 988, 1001, 1001, 1001, 1001, 1500, 1500, 1500, 1500]
[1500, 1500, 988, 1500, 2011, 988, 988, 988, 1001, 1001, 1001, 1001, 1500, 1500, 1500, 1500]
[1500, 1500, 988, 1500, 2011, 988, 988, 988, 1001, 1001, 1001, 1001, 1500, 1500, 1500, 1500]
[1500, 1500, 988, 1500, 2011, 988, 988, 988, 1001, 1001, 1001, 1001, 1500, 1500, 1500, 1500]
12:03:18.913768 ALT: 0.0
12:03:18.913905 ATT: [1.1, -1.0, 274]
12:03:18.914219 ACC: [8, 10, 517]
[1500, 1500, 988, 1500, 2011, 988, 988, 988, 1001, 1001, 1001, 1001, 1500, 1500, 1500, 1500]
[1500, 1500, 988, 1500, 2011, 988, 988, 988, 1001, 1001, 1001, 1001, 1500, 1500, 1500, 1500]
[1500, 1500, 988, 1500, 2011, 988, 988, 988, 1001, 1001, 1001, 1001, 1500, 1500, 1500, 1500]
[1500, 1500, 988, 1500, 2011, 988, 988, 988, 1001, 1001, 1001, 1001, 1500, 1500, 1500, 1500]
[1500, 1500, 988, 1500, 2011, 988, 988, 988, 1001, 1001, 1001, 1001, 1500, 1500, 1500, 1500]
[1500, 1500, 988, 1499, 2011, 988, 988, 988, 1001, 1001, 1001, 1001, 1500, 1500, 1500, 1500]
[1500, 1500, 988, 1499, 2011, 988, 988, 988, 1001, 1001, 1001, 1001, 1500, 1500, 1500, 1500]
12:03:18.961674 ALT: -0.03
12:03:18.961763 ATT: [1.1, -1.0, 274]
12:03:18.962110 ACC: [11, 9, 517]
[1500, 1500, 988, 1499, 2011, 988, 988, 988, 1001, 1001, 1001, 1001, 1500, 1500, 1500, 1500]
[1500, 1500, 988, 1499, 2011, 988, 988, 988, 1001, 1001, 1001, 1001, 1500, 1500, 1500, 1500]
[1500, 1500, 988, 1499, 2011, 988, 988, 988, 1001, 1001, 1001, 1001, 1500, 1500, 1500, 1500]
[1500, 1500, 988, 1499, 2011, 988, 988, 988, 1001, 1001, 1001, 1001, 1500, 1500, 1500, 1500]
[1500, 1500, 988, 1500, 2011, 988, 988, 988, 1001, 1001, 1001, 1001, 1500, 1500, 1500, 1500]
[1500, 1500, 988, 1500, 2011, 988, 988, 988, 1001, 1001, 1001, 1001, 1500, 1500, 1500, 1500]
[1500, 1500, 988, 1500, 2011, 988, 988, 988, 1001, 1001, 1001, 1001, 1500, 1500, 1500, 1500]
[1500, 1500, 988, 1500, 2011, 988, 988, 988, 1001, 1001, 1001, 1001, 1500, 1500, 1500, 1500]
12:03:19.009849 ALT: -0.06
12:03:19.009945 ATT: [1.1, -1.0, 274]
12:03:19.010299 ACC: [11, 10, 519]
[1500, 1500, 988, 1500, 2011, 988, 988, 988, 1001, 1001, 1001, 1001, 1500, 1500, 1500, 1500]
[1500, 1500, 988, 1500, 2011, 988, 988, 988, 1001, 1001, 1001, 1001, 1500, 1500, 1500, 1500]
[1500, 1499, 988, 1500, 2011, 988, 988, 988, 1001, 1001, 1001, 1001, 1500, 1500, 1500, 1500]
[1500, 1499, 988, 1500, 2009, 988, 988, 988, 1001, 1001, 1001, 1001, 1500, 1500, 1500, 1500]
[1500, 1499, 988, 1500, 2009, 988, 988, 988, 1001, 1001, 1001, 1001, 1500, 1500, 1500, 1500]
[1500, 1499, 988, 1500, 2009, 988, 988, 988, 1001, 1001, 1001, 1001, 1500, 1500, 1500, 1500]
[1500, 1499, 988, 1500, 2011, 988, 988, 988, 1001, 1001, 1001, 1001, 1500, 1500, 1500, 1500]
12:03:19.058360 ALT: -0.06
12:03:19.058516 ATT: [1.1, -1.0, 274]
12:03:19.059052 ACC: [10, 10, 515]
[1500, 1499, 988, 1500, 2011, 988, 988, 988, 1001, 1001, 1001, 1001, 1500, 1500, 1500, 1500]
[1500, 1499, 988, 1500, 2011, 988, 988, 988, 1001, 1001, 1001, 1001, 1500, 1500, 1500, 1500]
[1500, 1499, 988, 1500, 2011, 988, 988, 988, 1001, 1001, 1001, 1001, 1500, 1500, 1500, 1500]
[1500, 1499, 988, 1500, 2011, 988, 988, 988, 1001, 1001, 1001, 1001, 1500, 1500, 1500, 1500]
[1501, 1497, 988, 1500, 2011, 988, 988, 988, 1001, 1001, 1001, 1001, 1500, 1500, 1500, 1500]
[1501, 1497, 988, 1500, 2011, 988, 988, 988, 1001, 1001, 1001, 1001, 1500, 1500, 1500, 1500]
[1501, 1497, 988, 1500, 2011, 988, 988, 988, 1001, 1001, 1001, 1001, 1500, 1500, 1500, 1500]
12:03:19.106787 ALT: -0.06
12:03:19.106880 ATT: [1.1, -1.0, 274]
12:03:19.107218 ACC: [10, 7, 517]
[1500, 1499, 988, 1499, 2011, 988, 988, 988, 1001, 1001, 1001, 1001, 1500, 1500, 1500, 1500]
[1500, 1499, 988, 1499, 2011, 988, 988, 988, 1001, 1001, 1001, 1001, 1500, 1500, 1500, 1500]
[1500, 1499, 988, 1499, 2011, 988, 988, 988, 1001, 1001, 1001, 1001, 1500, 1500, 1500, 1500]
[1500, 1499, 988, 1500, 2011, 988, 988, 988, 1001, 1001, 1001, 1001, 1500, 1500, 1500, 1500]
[1500, 1499, 988, 1500, 2011, 988, 988, 988, 1001, 1001, 1001, 1001, 1500, 1500, 1500, 1500]
[1500, 1499, 988, 1500, 2011, 988, 988, 988, 1001, 1001, 1001, 1001, 1500, 1500, 1500, 1500]
[1499, 1500, 988, 1500, 2011, 988, 988, 988, 1001, 1001, 1001, 1001, 1500, 1500, 1500, 1500]
[1499, 1500, 988, 1500, 2011, 988, 988, 988, 1001, 1001, 1001, 1001, 1500, 1500, 1500, 1500]
12:03:19.158846 ALT: -0.06
12:03:19.158940 ATT: [1.1, -1.0, 274]
12:03:19.159214 ACC: [10, 9, 519]
[1499, 1500, 988, 1500, 2011, 988, 988, 988, 1001, 1001, 1001, 1001, 1500, 1500, 1500, 1500]
[1500, 1500, 988, 1500, 2011, 988, 988, 988, 1001, 1001, 1001, 1001, 1500, 1500, 1500, 1500]
[1500, 1500, 988, 1500, 2011, 988, 988, 988, 1001, 1001, 1001, 1001, 1500, 1500, 1500, 1500]
[1500, 1500, 988, 1500, 2011, 988, 988, 988, 1001, 1001, 1001, 1001, 1500, 1500, 1500, 1500]
[1500, 1500, 988, 1500, 2011, 988, 988, 988, 1001, 1001, 1001, 1001, 1500, 1500, 1500, 1500]
[1500, 1500, 988, 1500, 2011, 988, 991, 985, 1001, 1001, 1001, 1001, 1500, 1500, 1500, 1500]
[1500, 1500, 988, 1500, 2011, 988, 991, 985, 1001, 1001, 1001, 1001, 1500, 1500, 1500, 1500]
[1500, 1500, 988, 1500, 2011, 988, 991, 985, 1001, 1001, 1001, 1001, 1500, 1500, 1500, 1500]
[1500, 1500, 988, 1500, 2011, 988, 988, 988, 1001, 1001, 1001, 1001, 1500, 1500, 1500, 1500]
12:03:19.217985 ALT: -0.06
12:03:19.218096 ATT: [1.1, -1.0, 274]
12:03:19.218466 ACC: [10, 8, 518]
[1500, 1500, 988, 1500, 2011, 988, 988, 988, 1001, 1001, 1001, 1001, 1500, 1500, 1500, 1500]
[1499, 1500, 988, 1500, 2011, 988, 988, 988, 1001, 1001, 1001, 1001, 1500, 1500, 1500, 1500]
[1499, 1500, 988, 1500, 2011, 988, 988, 988, 1001, 1001, 1001, 1001, 1500, 1500, 1500, 1500]
[1499, 1500, 988, 1500, 2011, 988, 988, 988, 1001, 1001, 1001, 1001, 1500, 1500, 1500, 1500]
[1500, 1500, 988, 1500, 2011, 988, 988, 988, 1001, 1001, 1001, 1001, 1500, 1500, 1500, 1500]
[1500, 1500, 988, 1500, 2011, 988, 988, 988, 1001, 1001, 1001, 1001, 1500, 1500, 1500, 1500]
[1500, 1500, 988, 1500, 2011, 988, 988, 988, 1001, 1001, 1001, 1001, 1500, 1500, 1500, 1500]
12:03:19.266041 ALT: -0.03
12:03:19.266156 ATT: [1.1, -1.0, 274]
12:03:19.266451 ACC: [12, 9, 517]
[1500, 1500, 988, 1500, 2011, 988, 988, 988, 1001, 1001, 1001, 1001, 1500, 1500, 1500, 1500]
[1500, 1500, 988, 1500, 2011, 988, 988, 988, 1001, 1001, 1001, 1001, 1500, 1500, 1500, 1500]
[1500, 1500, 988, 1500, 2011, 988, 988, 988, 1001, 1001, 1001, 1001, 1500, 1500, 1500, 1500]
[1500, 1500, 988, 1500, 2011, 988, 988, 988, 1001, 1001, 1001, 1001, 1500, 1500, 1500, 1500]
[1500, 1500, 988, 1500, 2011, 988, 988, 988, 1001, 1001, 1001, 1001, 1500, 1500, 1500, 1500]
[1500, 1500, 988, 1500, 2011, 988, 988, 988, 1001, 1001, 1001, 1001, 1500, 1500, 1500, 1500]
[1500, 1500, 988, 1500, 2011, 988, 988, 988, 1001, 1001, 1001, 1001, 1500, 1500, 1500, 1500]
12:03:19.314761 ALT: 0.0
12:03:19.315030 ATT: [1.1, -1.0, 274]
[1500, 1500, 988, 1500, 2011, 988, 988, 988, 1001, 1001, 1001, 1001, 1500, 1500, 1500, 1500]
12:03:19.316773 ACC: [10, 9, 515]
[1500, 1500, 988, 1500, 2011, 988, 988, 988, 1001, 1001, 1001, 1001, 1500, 1500, 1500, 1500]
[1500, 1500, 988, 1500, 2011, 988, 988, 988, 1001, 1001, 1001, 1001, 1500, 1500, 1500, 1500]
[1500, 1500, 988, 1500, 2011, 988, 988, 988, 1001, 1001, 1001, 1001, 1500, 1500, 1500, 1500]
[1500, 1500, 988, 1500, 2011, 988, 988, 988, 1001, 1001, 1001, 1001, 1500, 1500, 1500, 1500]
[1500, 1500, 988, 1500, 2011, 988, 988, 988, 1001, 1001, 1001, 1001, 1500, 1500, 1500, 1500]
[1500, 1500, 988, 1500, 2011, 988, 988, 988, 1001, 1001, 1001, 1001, 1500, 1500, 1500, 1500]
12:03:19.361990 ALT: 0.0
12:03:19.362077 ATT: [1.1, -1.0, 274]
12:03:19.362441 ACC: [10, 7, 518]
[1500, 1500, 988, 1500, 2011, 988, 988, 988, 1001, 1001, 1001, 1001, 1500, 1500, 1500, 1500]
[1500, 1500, 988, 1499, 2011, 988, 988, 988, 1001, 1001, 1001, 1001, 1500, 1500, 1500, 1500]
[1500, 1500, 988, 1499, 2011, 988, 988, 988, 1001, 1001, 1001, 1001, 1500, 1500, 1500, 1500]
[1500, 1500, 988, 1499, 2011, 988, 988, 988, 1001, 1001, 1001, 1001, 1500, 1500, 1500, 1500]
[1500, 1500, 988, 1500, 2011, 988, 988, 988, 1001, 1001, 1001, 1001, 1500, 1500, 1500, 1500]
[1500, 1500, 988, 1500, 2011, 988, 988, 988, 1001, 1001, 1001, 1001, 1500, 1500, 1500, 1500]
[1500, 1500, 988, 1500, 2011, 988, 988, 988, 1001, 1001, 1001, 1001, 1500, 1500, 1500, 1500]
[1500, 1500, 988, 1499, 2011, 988, 988, 988, 1001, 1001, 1001, 1001, 1500, 1500, 1500, 1500]
12:03:19.410204 ALT: 0.0
12:03:19.410309 ATT: [1.1, -1.0, 274]
12:03:19.410623 ACC: [12, 9, 518]
[1500, 1500, 988, 1499, 2011, 988, 988, 988, 1001, 1001, 1001, 1001, 1500, 1500, 1500, 1500]
[1500, 1500, 988, 1499, 2011, 988, 988, 988, 1001, 1001, 1001, 1001, 1500, 1500, 1500, 1500]
[1500, 1500, 988, 1500, 2011, 988, 988, 988, 1001, 1001, 1001, 1001, 1500, 1500, 1500, 1500]
[1500, 1500, 988, 1500, 2011, 989, 986, 988, 1001, 1001, 1001, 1001, 1500, 1500, 1500, 1500]
[1500, 1500, 988, 1500, 2011, 989, 986, 988, 1001, 1001, 1001, 1001, 1500, 1500, 1500, 1500]
[1500, 1499, 988, 1500, 2011, 989, 986, 988, 1001, 1001, 1001, 1001, 1500, 1500, 1500, 1500]
[1500, 1499, 988, 1500, 2011, 988, 988, 988, 1001, 1001, 1001, 1001, 1500, 1500, 1500, 1500]
12:03:19.458140 ALT: 0.0
12:03:19.458422 ATT: [1.1, -1.0, 274]
12:03:19.458958 ACC: [11, 8, 518]
[1500, 1499, 988, 1500, 2011, 988, 988, 988, 1001, 1001, 1001, 1001, 1500, 1500, 1500, 1500]
[1500, 1500, 986, 1500, 2011, 988, 988, 988, 1001, 1001, 1001, 1001, 1500, 1500, 1500, 1500]
[1500, 1500, 986, 1500, 2011, 988, 988, 988, 1001, 1001, 1001, 1001, 1500, 1500, 1500, 1500]
[1500, 1500, 986, 1500, 2011, 988, 988, 988, 1001, 1001, 1001, 1001, 1500, 1500, 1500, 1500]
[1500, 1499, 988, 1500, 2011, 988, 988, 988, 1001, 1001, 1001, 1001, 1500, 1500, 1500, 1500]
[1500, 1499, 988, 1500, 2011, 988, 988, 988, 1001, 1001, 1001, 1001, 1500, 1500, 1500, 1500]
[1500, 1499, 988, 1500, 2011, 988, 988, 988, 1001, 1001, 1001, 1001, 1500, 1500, 1500, 1500]
12:03:19.506649 ALT: 0.0
12:03:19.506803 ATT: [1.1, -1.0, 274]
12:03:19.507190 ACC: [12, 8, 515]
[1499, 1500, 991, 1497, 2011, 988, 988, 988, 1001, 1001, 1001, 1001, 1500, 1500, 1500, 1500]
[1499, 1500, 991, 1497, 2011, 988, 988, 988, 1001, 1001, 1001, 1001, 1500, 1500, 1500, 1500]
[1499, 1500, 991, 1497, 2011, 988, 988, 988, 1001, 1001, 1001, 1001, 1500, 1500, 1500, 1500]
[1500, 1499, 988, 1500, 2011, 988, 988, 988, 1001, 1001, 1001, 1001, 1500, 1500, 1500, 1500]
[1500, 1499, 988, 1500, 2011, 988, 988, 988, 1001, 1001, 1001, 1001, 1500, 1500, 1500, 1500]
[1500, 1499, 988, 1500, 2011, 988, 988, 988, 1001, 1001, 1001, 1001, 1500, 1500, 1500, 1500]
[1499, 1500, 988, 1500, 2011, 988, 988, 988, 1001, 1001, 1001, 1001, 1500, 1500, 1500, 1500]
12:03:19.553924 ALT: 0.0
12:03:19.554011 ATT: [1.1, -1.0, 274]
12:03:19.554420 ACC: [10, 8, 517]
[1499, 1500, 988, 1500, 2011, 988, 988, 988, 1001, 1001, 1001, 1001, 1500, 1500, 1500, 1500]
[1499, 1500, 988, 1500, 2011, 988, 988, 988, 1001, 1001, 1001, 1001, 1500, 1500, 1500, 1500]
[1500, 1499, 988, 1500, 2011, 988, 988, 988, 1001, 1001, 1001, 1001, 1500, 1500, 1500, 1500]
[1500, 1499, 988, 1500, 2011, 988, 988, 988, 1001, 1001, 1001, 1001, 1500, 1500, 1500, 1500]
[1500, 1499, 988, 1500, 2011, 988, 988, 988, 1001, 1001, 1001, 1001, 1500, 1500, 1500, 1500]
[1500, 1500, 988, 1500, 2011, 988, 988, 988, 1001, 1001, 1001, 1001, 1500, 1500, 1500, 1500]
[1500, 1500, 988, 1500, 2011, 988, 988, 988, 1001, 1001, 1001, 1001, 1500, 1500, 1500, 1500]
12:03:19.602628 ALT: 0.0
12:03:19.602737 ATT: [1.1, -1.0, 274]
12:03:19.603112 ACC: [10, 8, 519]
[1500, 1500, 988, 1500, 2011, 988, 988, 988, 1001, 1001, 1001, 1001, 1500, 1500, 1500, 1500]
[1500, 1500, 988, 1500, 2011, 988, 988, 988, 1001, 1001, 1001, 1001, 1500, 1500, 1500, 1500]
[1500, 1500, 988, 1500, 2011, 988, 988, 988, 1001, 1001, 1001, 1001, 1500, 1500, 1500, 1500]
[1500, 1500, 988, 1500, 2011, 988, 988, 988, 1001, 1001, 1001, 1001, 1500, 1500, 1500, 1500]
[1500, 1499, 988, 1500, 2011, 988, 988, 988, 1001, 1001, 1001, 1001, 1500, 1500, 1500, 1500]
[1500, 1499, 988, 1500, 2011, 988, 988, 988, 1001, 1001, 1001, 1001, 1500, 1500, 1500, 1500]
[1500, 1499, 988, 1500, 2011, 988, 988, 988, 1001, 1001, 1001, 1001, 1500, 1500, 1500, 1500]
[1500, 1500, 988, 1500, 2011, 988, 988, 988, 1001, 1001, 1001, 1001, 1500, 1500, 1500, 1500]
12:03:19.650001 ALT: 0.0
12:03:19.650095 ATT: [1.1, -1.0, 274]
12:03:19.650532 ACC: [12, 8, 518]
[1500, 1500, 988, 1500, 2011, 988, 988, 988, 1001, 1001, 1001, 1001, 1500, 1500, 1500, 1500]
[1500, 1500, 988, 1500, 2011, 988, 988, 988, 1001, 1001, 1001, 1001, 1500, 1500, 1500, 1500]
[1500, 1500, 988, 1499, 2011, 988, 988, 988, 1001, 1001, 1001, 1001, 1500, 1500, 1500, 1500]
[1500, 1500, 988, 1499, 2011, 988, 988, 988, 1001, 1001, 1001, 1001, 1500, 1500, 1500, 1500]
[1500, 1500, 988, 1499, 2011, 988, 988, 988, 1001, 1001, 1001, 1001, 1500, 1500, 1500, 1500]
[1500, 1500, 988, 1500, 2011, 988, 988, 988, 1001, 1001, 1001, 1001, 1500, 1500, 1500, 1500]
[1500, 1500, 988, 1500, 2011, 988, 988, 988, 1001, 1001, 1001, 1001, 1500, 1500, 1500, 1500]
12:03:19.698010 ALT: 0.0
12:03:19.698122 ATT: [1.1, -1.0, 274]
12:03:19.698738 ACC: [11, 8, 517]
[1500, 1500, 988, 1500, 2011, 988, 988, 988, 1001, 1001, 1001, 1001, 1500, 1500, 1500, 1500]
[1500, 1500, 988, 1499, 2011, 988, 988, 988, 1001, 1001, 1001, 1001, 1500, 1500, 1500, 1500]
[1500, 1500, 988, 1499, 2011, 988, 988, 988, 1001, 1001, 1001, 1001, 1500, 1500, 1500, 1500]
[1500, 1500, 988, 1499, 2011, 988, 988, 988, 1001, 1001, 1001, 1001, 1500, 1500, 1500, 1500]
[1499, 1500, 988, 1500, 2011, 988, 988, 988, 1001, 1001, 1001, 1001, 1500, 1500, 1500, 1500]
[1499, 1500, 988, 1500, 2011, 988, 988, 988, 1001, 1001, 1001, 1001, 1500, 1500, 1500, 1500]
[1499, 1500, 988, 1500, 2011, 988, 988, 988, 1001, 1001, 1001, 1001, 1500, 1500, 1500, 1500]
12:03:19.747980 ALT: 0.0
12:03:19.748105 ATT: [1.1, -1.0, 274]
12:03:19.748537 ACC: [10, 8, 518]
[1500, 1500, 988, 1500, 2011, 988, 988, 988, 1001, 1001, 1001, 1001, 1500, 1500, 1500, 1500]
[1500, 1500, 988, 1500, 2011, 988, 989, 986, 1001, 1001, 1001, 1001, 1500, 1500, 1500, 1500]
[1500, 1500, 988, 1500, 2011, 988, 989, 986, 1001, 1001, 1001, 1001, 1500, 1500, 1500, 1500]
[1500, 1500, 988, 1500, 2011, 988, 989, 986, 1001, 1001, 1001, 1001, 1500, 1500, 1500, 1500]
[1500, 1500, 988, 1500, 2011, 988, 988, 988, 1001, 1001, 1001, 1001, 1500, 1500, 1500, 1500]
[1500, 1500, 988, 1500, 2011, 988, 988, 988, 1001, 1001, 1001, 1001, 1500, 1500, 1500, 1500]
[1500, 1500, 988, 1500, 2011, 988, 988, 988, 1001, 1001, 1001, 1001, 1500, 1500, 1500, 1500]
[1500, 1500, 988, 1500, 2011, 988, 986, 988, 1001, 1001, 1001, 1001, 1500, 1500, 1500, 1500]
12:03:19.798371 ALT: 0.0
12:03:19.798479 ATT: [1.1, -1.0, 274]
12:03:19.798871 ACC: [9, 8, 517]
[1500, 1500, 988, 1500, 2011, 988, 986, 988, 1001, 1001, 1001, 1001, 1500, 1500, 1500, 1500]
[1500, 1499, 988, 1500, 2011, 988, 986, 988, 1001, 1001, 1001, 1001, 1500, 1500, 1500, 1500]
[1500, 1499, 988, 1500, 2011, 988, 988, 988, 1001, 1001, 1001, 1001, 1500, 1500, 1500, 1500]
[1500, 1499, 988, 1500, 2011, 988, 988, 988, 1001, 1001, 1001, 1001, 1500, 1500, 1500, 1500]
[1500, 1500, 988, 1500, 2011, 988, 988, 988, 1001, 1001, 1001, 1001, 1500, 1500, 1500, 1500]
[1500, 1500, 988, 1500, 2011, 988, 988, 988, 1001, 1001, 1001, 1001, 1500, 1500, 1500, 1500]
12:03:19.841938 ALT: 0.0
12:03:19.842148 ATT: [1.1, -1.0, 274]
12:03:19.842819 ACC: [11, 9, 517]
[1500, 1500, 988, 1500, 2011, 988, 988, 988, 1001, 1001, 1001, 1001, 1500, 1500, 1500, 1500]
[1500, 1500, 988, 1500, 2011, 988, 988, 988, 1001, 1001, 1001, 1001, 1500, 1500, 1500, 1500]
[1500, 1500, 988, 1500, 2011, 988, 988, 988, 1001, 1001, 1001, 1001, 1500, 1500, 1500, 1500]
[1500, 1500, 988, 1500, 2011, 988, 988, 988, 1001, 1001, 1001, 1001, 1500, 1500, 1500, 1500]
[1500, 1500, 986, 1500, 2011, 988, 988, 988, 1001, 1001, 1001, 1001, 1500, 1500, 1500, 1500]
[1500, 1500, 986, 1500, 2011, 988, 988, 988, 1001, 1001, 1001, 1001, 1500, 1500, 1500, 1500]
[1500, 1500, 986, 1500, 2011, 988, 988, 988, 1001, 1001, 1001, 1001, 1500, 1500, 1500, 1500]
[1500, 1500, 988, 1500, 2011, 988, 988, 988, 1001, 1001, 1001, 1001, 1500, 1500, 1500, 1500]
12:03:19.890311 ALT: 0.0
12:03:19.890467 ATT: [1.1, -1.0, 274]
12:03:19.891409 ACC: [10, 9, 519]
[1500, 1500, 988, 1500, 2011, 988, 988, 988, 1001, 1001, 1001, 1001, 1500, 1500, 1500, 1500]
[1500, 1500, 988, 1500, 2011, 988, 988, 988, 1001, 1001, 1001, 1001, 1500, 1500, 1500, 1500]
[1500, 1500, 988, 1499, 2011, 988, 988, 988, 1001, 1001, 1001, 1001, 1500, 1500, 1500, 1500]
[1500, 1500, 988, 1499, 2011, 988, 988, 988, 1001, 1001, 1001, 1001, 1500, 1500, 1500, 1500]
[1500, 1500, 988, 1499, 2011, 988, 988, 988, 1001, 1001, 1001, 1001, 1500, 1500, 1500, 1500]
[1500, 1500, 988, 1500, 2011, 988, 988, 988, 1001, 1001, 1001, 1001, 1500, 1500, 1500, 1500]
[1500, 1500, 988, 1500, 2011, 988, 988, 988, 1001, 1001, 1001, 1001, 1500, 1500, 1500, 1500]
12:03:19.938101 ALT: 0.0
12:03:19.938205 ATT: [1.0, -1.0, 274]
12:03:19.938750 ACC: [12, 7, 516]
[1500, 1500, 988, 1500, 2011, 988, 988, 988, 1001, 1001, 1001, 1001, 1500, 1500, 1500, 1500]
[1499, 1500, 988, 1499, 2011, 988, 988, 988, 1001, 1001, 1001, 1001, 1500, 1500, 1500, 1500]
[1499, 1500, 988, 1499, 2011, 988, 988, 988, 1001, 1001, 1001, 1001, 1500, 1500, 1500, 1500]
[1499, 1500, 988, 1499, 2011, 988, 988, 988, 1001, 1001, 1001, 1001, 1500, 1500, 1500, 1500]
[1500, 1499, 988, 1500, 2011, 988, 988, 988, 1001, 1001, 1001, 1001, 1500, 1500, 1500, 1500]
[1500, 1499, 988, 1500, 2011, 988, 988, 988, 1001, 1001, 1001, 1001, 1500, 1500, 1500, 1500]
[1500, 1499, 988, 1500, 2011, 988, 988, 988, 1001, 1001, 1001, 1001, 1500, 1500, 1500, 1500]
12:03:19.987463 ALT: 0.0
12:03:19.987552 ATT: [1.0, -1.0, 274]
12:03:19.988969 ACC: [10, 8, 518]
[1499, 1500, 988, 1500, 2011, 988, 988, 988, 1001, 1001, 1001, 1001, 1500, 1500, 1500, 1500]
[1499, 1500, 988, 1500, 2011, 988, 988, 988, 1001, 1001, 1001, 1001, 1500, 1500, 1500, 1500]
[1499, 1500, 988, 1500, 2011, 988, 988, 988, 1001, 1001, 1001, 1001, 1500, 1500, 1500, 1500]
[1500, 1499, 988, 1500, 2011, 988, 988, 988, 1001, 1001, 1001, 1001, 1500, 1500, 1500, 1500]
[1500, 1499, 988, 1500, 2011, 988, 988, 988, 1001, 1001, 1001, 1001, 1500, 1500, 1500, 1500]
[1500, 1499, 988, 1500, 2011, 988, 988, 988, 1001, 1001, 1001, 1001, 1500, 1500, 1500, 1500]
[1500, 1500, 988, 1500, 2011, 988, 988, 988, 1001, 1001, 1001, 1001, 1500, 1500, 1500, 1500]
12:03:20.034151 ALT: 0.0
12:03:20.034241 ATT: [1.0, -1.0, 274]
12:03:20.034661 ACC: [11, 10, 518]
[1500, 1500, 988, 1500, 2011, 988, 988, 988, 1001, 1001, 1001, 1001, 1500, 1500, 1500, 1500]
[1500, 1500, 988, 1500, 2011, 988, 988, 988, 1001, 1001, 1001, 1001, 1500, 1500, 1500, 1500]
[1499, 1500, 988, 1500, 2011, 988, 988, 988, 1001, 1001, 1001, 1001, 1500, 1500, 1500, 1500]
[1499, 1500, 988, 1500, 2011, 988, 988, 988, 1001, 1001, 1001, 1001, 1500, 1500, 1500, 1500]
[1499, 1500, 988, 1500, 2011, 988, 988, 988, 1001, 1001, 1001, 1001, 1500, 1500, 1500, 1500]
[1500, 1500, 988, 1500, 2011, 988, 988, 988, 1001, 1001, 1001, 1001, 1500, 1500, 1500, 1500]
[1500, 1500, 988, 1500, 2011, 988, 988, 988, 1001, 1001, 1001, 1001, 1500, 1500, 1500, 1500]
12:03:20.082351 ALT: 0.0
12:03:20.082650 ATT: [1.0, -1.0, 274]
12:03:20.083077 ACC: [10, 8, 518]
[1500, 1500, 988, 1500, 2011, 988, 988, 988, 1001, 1001, 1001, 1001, 1500, 1500, 1500, 1500]
[1500, 1500, 988, 1500, 2011, 988, 988, 988, 1001, 1001, 1001, 1001, 1500, 1500, 1500, 1500]
[1500, 1500, 988, 1500, 2011, 988, 988, 988, 1001, 1001, 1001, 1001, 1500, 1500, 1500, 1500]
[1500, 1500, 988, 1500, 2011, 988, 988, 988, 1001, 1001, 1001, 1001, 1500, 1500, 1500, 1500]
[1500, 1500, 988, 1499, 2011, 988, 988, 988, 1001, 1001, 1001, 1001, 1500, 1500, 1500, 1500]
[1500, 1500, 988, 1499, 2011, 988, 988, 988, 1001, 1001, 1001, 1001, 1500, 1500, 1500, 1500]
[1500, 1500, 988, 1499, 2011, 988, 988, 988, 1001, 1001, 1001, 1001, 1500, 1500, 1500, 1500]
[1500, 1500, 988, 1500, 2011, 988, 988, 988, 1001, 1001, 1001, 1001, 1500, 1500, 1500, 1500]
12:03:20.129918 ALT: 0.0
12:03:20.130002 ATT: [1.0, -1.0, 274]
12:03:20.130268 ACC: [10, 8, 515]
[1500, 1500, 988, 1500, 2011, 988, 988, 988, 1001, 1001, 1001, 1001, 1500, 1500, 1500, 1500]
[1500, 1500, 988, 1500, 2011, 988, 988, 988, 1001, 1001, 1001, 1001, 1500, 1500, 1500, 1500]
[1499, 1500, 988, 1500, 2011, 988, 988, 988, 1001, 1001, 1001, 1001, 1500, 1500, 1500, 1500]
[1499, 1500, 988, 1500, 2011, 988, 988, 988, 1001, 1001, 1001, 1001, 1500, 1500, 1500, 1500]
[1499, 1500, 988, 1500, 2011, 988, 988, 988, 1001, 1001, 1001, 1001, 1500, 1500, 1500, 1500]
[1499, 1500, 988, 1500, 2011, 988, 988, 988, 1001, 1001, 1001, 1001, 1500, 1500, 1500, 1500]
[1499, 1500, 988, 1500, 2011, 988, 988, 988, 1001, 1001, 1001, 1001, 1500, 1500, 1500, 1500]
12:03:20.178069 ALT: 0.0
12:03:20.178153 ATT: [1.0, -1.0, 274]
12:03:20.178676 ACC: [10, 8, 517]
[1499, 1500, 988, 1500, 2011, 988, 988, 988, 1001, 1001, 1001, 1001, 1500, 1500, 1500, 1500]
[1500, 1500, 988, 1500, 2011, 988, 988, 988, 1001, 1001, 1001, 1001, 1500, 1500, 1500, 1500]
[1500, 1500, 988, 1500, 2011, 988, 988, 988, 1001, 1001, 1001, 1001, 1500, 1500, 1500, 1500]
[1500, 1500, 988, 1500, 2011, 988, 988, 988, 1001, 1001, 1001, 1001, 1500, 1500, 1500, 1500]
[1500, 1500, 988, 1500, 2011, 988, 988, 988, 1001, 1001, 1001, 1001, 1500, 1500, 1500, 1500]
[1500, 1500, 988, 1500, 2011, 988, 988, 988, 1001, 1001, 1001, 1001, 1500, 1500, 1500, 1500]
[1500, 1500, 988, 1500, 2011, 988, 988, 988, 1001, 1001, 1001, 1001, 1500, 1500, 1500, 1500]
12:03:20.225995 ALT: 0.0
12:03:20.226079 ATT: [1.0, -1.0, 274]
12:03:20.226362 ACC: [11, 8, 516]
[1500, 1499, 988, 1499, 2011, 988, 988, 988, 1001, 1001, 1001, 1001, 1500, 1500, 1500, 1500]
[1500, 1499, 988, 1499, 2011, 988, 988, 988, 1001, 1001, 1001, 1001, 1500, 1500, 1500, 1500]
[1500, 1499, 988, 1499, 2011, 988, 988, 988, 1001, 1001, 1001, 1001, 1500, 1500, 1500, 1500]
[1499, 1500, 988, 1500, 2011, 988, 988, 988, 1001, 1001, 1001, 1001, 1500, 1500, 1500, 1500]
[1499, 1500, 988, 1500, 2011, 988, 988, 988, 1001, 1001, 1001, 1001, 1500, 1500, 1500, 1500]
[1499, 1500, 988, 1500, 2011, 988, 988, 988, 1001, 1001, 1001, 1001, 1500, 1500, 1500, 1500]
[1500, 1500, 988, 1500, 2011, 988, 988, 988, 1001, 1001, 1001, 1001, 1500, 1500, 1500, 1500]
12:03:20.274255 ALT: 0.0
12:03:20.274402 ATT: [1.0, -1.0, 274]
12:03:20.274894 ACC: [9, 7, 519]
[1500, 1500, 988, 1500, 2011, 988, 988, 988, 1001, 1001, 1001, 1001, 1500, 1500, 1500, 1500]
[1500, 1500, 988, 1500, 2011, 988, 988, 988, 1001, 1001, 1001, 1001, 1500, 1500, 1500, 1500]
[1499, 1500, 988, 1500, 2011, 988, 988, 988, 1001, 1001, 1001, 1001, 1500, 1500, 1500, 1500]
[1499, 1500, 988, 1500, 2011, 988, 988, 988, 1001, 1001, 1001, 1001, 1500, 1500, 1500, 1500]
[1499, 1500, 988, 1500, 2011, 988, 988, 988, 1001, 1001, 1001, 1001, 1500, 1500, 1500, 1500]
[1500, 1500, 988, 1500, 2011, 988, 988, 988, 1001, 1001, 1001, 1001, 1500, 1500, 1500, 1500]
[1500, 1500, 988, 1500, 2011, 988, 988, 988, 1001, 1001, 1001, 1001, 1500, 1500, 1500, 1500]
[1500, 1500, 988, 1500, 2011, 988, 988, 988, 1001, 1001, 1001, 1001, 1500, 1500, 1500, 1500]
[1501, 1497, 988, 1499, 2011, 988, 988, 988, 1001, 1001, 1001, 1001, 1500, 1500, 1500, 1500]
[1501, 1497, 988, 1499, 2011, 988, 988, 988, 1001, 1001, 1001, 1001, 1500, 1500, 1500, 1500]
12:03:20.338248 ALT: 0.06
12:03:20.338431 ATT: [1.0, -1.0, 274]
12:03:20.339273 ACC: [10, 7, 519]
[1501, 1497, 988, 1499, 2011, 988, 988, 988, 1001, 1001, 1001, 1001, 1500, 1500, 1500, 1500]
[1500, 1500, 988, 1499, 2011, 988, 988, 988, 1001, 1001, 1001, 1001, 1500, 1500, 1500, 1500]
[1500, 1500, 988, 1499, 2011, 988, 989, 986, 1001, 1001, 1001, 1001, 1500, 1500, 1500, 1500]
[1500, 1500, 988, 1499, 2011, 988, 989, 986, 1001, 1001, 1001, 1001, 1500, 1500, 1500, 1500]
[1500, 1500, 988, 1500, 2011, 988, 989, 986, 1001, 1001, 1001, 1001, 1500, 1500, 1500, 1500]
[1500, 1500, 988, 1500, 2011, 988, 988, 988, 1001, 1001, 1001, 1001, 1500, 1500, 1500, 1500]
[1500, 1500, 988, 1500, 2011, 988, 988, 988, 1001, 1001, 1001, 1001, 1500, 1500, 1500, 1500]
12:03:20.386211 ALT: 0.08
12:03:20.386321 ATT: [1.0, -1.0, 274]
12:03:20.386956 ACC: [11, 7, 518]
[1500, 1499, 988, 1501, 2011, 988, 988, 988, 1001, 1001, 1001, 1001, 1500, 1500, 1500, 1500]
[1500, 1499, 988, 1501, 2009, 988, 988, 988, 1001, 1001, 1001, 1001, 1500, 1500, 1500, 1500]
[1500, 1499, 988, 1501, 2009, 988, 988, 988, 1001, 1001, 1001, 1001, 1500, 1500, 1500, 1500]
[1500, 1500, 988, 1500, 2009, 988, 988, 988, 1001, 1001, 1001, 1001, 1500, 1500, 1500, 1500]
[1500, 1500, 988, 1500, 2011, 988, 988, 988, 1001, 1001, 1001, 1001, 1500, 1500, 1500, 1500]
[1500, 1500, 988, 1500, 2011, 988, 988, 988, 1001, 1001, 1001, 1001, 1500, 1500, 1500, 1500]
[1500, 1500, 988, 1499, 2011, 988, 988, 988, 1001, 1001, 1001, 1001, 1500, 1500, 1500, 1500]
[1500, 1500, 988, 1499, 2011, 988, 988, 988, 1001, 1001, 1001, 1001, 1500, 1500, 1500, 1500]
12:03:20.438389 ALT: 0.09
12:03:20.438520 ATT: [1.0, -1.0, 274]
12:03:20.439876 ACC: [10, 7, 517]
[1500, 1500, 988, 1499, 2011, 988, 988, 988, 1001, 1001, 1001, 1001, 1500, 1500, 1500, 1500]
[1499, 1500, 988, 1500, 2011, 988, 988, 988, 1001, 1001, 1001, 1001, 1500, 1500, 1500, 1500]
[1499, 1500, 988, 1500, 2011, 988, 988, 988, 1001, 1001, 1001, 1001, 1500, 1500, 1500, 1500]
[1499, 1500, 988, 1500, 2011, 988, 988, 988, 1001, 1001, 1001, 1001, 1500, 1500, 1500, 1500]
[1499, 1500, 988, 1500, 2011, 988, 988, 988, 1001, 1001, 1001, 1001, 1500, 1500, 1500, 1500]
[1499, 1500, 988, 1500, 2011, 988, 988, 988, 1001, 1001, 1001, 1001, 1500, 1500, 1500, 1500]
[1499, 1500, 988, 1500, 2011, 988, 988, 988, 1001, 1001, 1001, 1001, 1500, 1500, 1500, 1500]
12:03:20.482889 ALT: 0.09
12:03:20.483178 ATT: [1.0, -1.0, 274]
12:03:20.483621 ACC: [11, 8, 518]
[1499, 1500, 988, 1500, 2011, 988, 988, 988, 1001, 1001, 1001, 1001, 1500, 1500, 1500, 1500]
[1499, 1500, 988, 1500, 2011, 988, 988, 988, 1001, 1001, 1001, 1001, 1500, 1500, 1500, 1500]
[1499, 1500, 988, 1500, 2011, 988, 988, 988, 1001, 1001, 1001, 1001, 1500, 1500, 1500, 1500]
[1500, 1500, 988, 1499, 2011, 988, 988, 988, 1001, 1001, 1001, 1001, 1500, 1500, 1500, 1500]
[1500, 1500, 988, 1499, 2011, 988, 988, 988, 1001, 1001, 1001, 1001, 1500, 1500, 1500, 1500]
[1500, 1500, 988, 1499, 2011, 988, 988, 988, 1001, 1001, 1001, 1001, 1500, 1500, 1500, 1500]
[1500, 1499, 988, 1499, 2011, 988, 988, 988, 1001, 1001, 1001, 1001, 1500, 1500, 1500, 1500]
12:03:20.530079 ALT: 0.09
12:03:20.530176 ATT: [1.0, -1.0, 274]
12:03:20.530667 ACC: [10, 8, 517]
[1500, 1499, 988, 1499, 2011, 988, 988, 988, 1001, 1001, 1001, 1001, 1500, 1500, 1500, 1500]
[1500, 1499, 988, 1499, 2011, 988, 988, 988, 1001, 1001, 1001, 1001, 1500, 1500, 1500, 1500]
[1499, 1500, 988, 1499, 2011, 988, 988, 988, 1001, 1001, 1001, 1001, 1500, 1500, 1500, 1500]
[1499, 1500, 988, 1499, 2011, 988, 988, 988, 1001, 1001, 1001, 1001, 1500, 1500, 1500, 1500]
[1499, 1500, 988, 1499, 2011, 988, 988, 988, 1001, 1001, 1001, 1001, 1500, 1500, 1500, 1500]
[1500, 1500, 988, 1500, 2011, 988, 988, 988, 1001, 1001, 1001, 1001, 1500, 1500, 1500, 1500]
[1500, 1500, 988, 1500, 2011, 988, 988, 988, 1001, 1001, 1001, 1001, 1500, 1500, 1500, 1500]
12:03:20.578071 ALT: 0.09
12:03:20.578164 ATT: [1.0, -1.0, 274]
12:03:20.578567 ACC: [12, 9, 517]
[1500, 1500, 988, 1500, 2011, 988, 988, 988, 1001, 1001, 1001, 1001, 1500, 1500, 1500, 1500]
[1500, 1500, 988, 1500, 2011, 988, 988, 988, 1001, 1001, 1001, 1001, 1500, 1500, 1500, 1500]
[1500, 1500, 988, 1500, 2011, 988, 988, 988, 1001, 1001, 1001, 1001, 1500, 1500, 1500, 1500]
[1500, 1500, 988, 1500, 2011, 988, 988, 988, 1001, 1001, 1001, 1001, 1500, 1500, 1500, 1500]
[1500, 1500, 988, 1499, 2011, 988, 988, 988, 1001, 1001, 1001, 1001, 1500, 1500, 1500, 1500]
[1500, 1500, 988, 1499, 2011, 988, 988, 988, 1001, 1001, 1001, 1001, 1500, 1500, 1500, 1500]
[1500, 1500, 988, 1499, 2011, 988, 988, 988, 1001, 1001, 1001, 1001, 1500, 1500, 1500, 1500]
12:03:20.626189 ALT: 0.09
12:03:20.626280 ATT: [1.0, -1.0, 274]
12:03:20.626645 ACC: [11, 7, 517]
[1500, 1499, 988, 1500, 2011, 988, 988, 988, 1001, 1001, 1001, 1001, 1500, 1500, 1500, 1500]
[1500, 1499, 988, 1500, 2011, 988, 988, 988, 1001, 1001, 1001, 1001, 1500, 1500, 1500, 1500]
[1500, 1499, 988, 1500, 2011, 988, 988, 988, 1001, 1001, 1001, 1001, 1500, 1500, 1500, 1500]
[1500, 1499, 988, 1500, 2011, 988, 988, 988, 1001, 1001, 1001, 1001, 1500, 1500, 1500, 1500]
[1500, 1499, 988, 1500, 2011, 988, 988, 988, 1001, 1001, 1001, 1001, 1500, 1500, 1500, 1500]
[1500, 1499, 988, 1500, 2011, 988, 988, 988, 1001, 1001, 1001, 1001, 1500, 1500, 1500, 1500]
[1499, 1500, 988, 1500, 2011, 988, 988, 988, 1001, 1001, 1001, 1001, 1500, 1500, 1500, 1500]
12:03:20.674319 ALT: 0.09
12:03:20.674771 ATT: [1.0, -1.0, 274]
12:03:20.675442 ACC: [12, 9, 519]
[1499, 1500, 988, 1500, 2011, 988, 988, 988, 1001, 1001, 1001, 1001, 1500, 1500, 1500, 1500]
[1499, 1500, 988, 1500, 2011, 988, 988, 988, 1001, 1001, 1001, 1001, 1500, 1500, 1500, 1500]
[1499, 1500, 988, 1501, 2011, 988, 988, 988, 1001, 1001, 1001, 1001, 1500, 1500, 1500, 1500]
[1499, 1500, 988, 1501, 2007, 988, 988, 988, 1001, 1001, 1001, 1001, 1500, 1500, 1500, 1500]
[1499, 1500, 988, 1501, 2007, 988, 988, 988, 1001, 1001, 1001, 1001, 1500, 1500, 1500, 1500]
[1500, 1500, 988, 1499, 2007, 988, 988, 988, 1001, 1001, 1001, 1001, 1500, 1500, 1500, 1500]
[1500, 1500, 988, 1499, 2011, 988, 988, 988, 1001, 1001, 1001, 1001, 1500, 1500, 1500, 1500]
[1500, 1500, 988, 1499, 2011, 988, 988, 988, 1001, 1001, 1001, 1001, 1500, 1500, 1500, 1500]
12:03:20.722386 ALT: 0.09
12:03:20.722570 ATT: [1.0, -1.0, 274]
12:03:20.722938 ACC: [10, 9, 520]
[1500, 1499, 988, 1500, 2011, 988, 988, 988, 1001, 1001, 1001, 1001, 1500, 1500, 1500, 1500]
[1500, 1499, 988, 1500, 2011, 988, 988, 986, 1001, 1001, 1001, 1001, 1500, 1500, 1500, 1500]
[1500, 1499, 988, 1500, 2011, 988, 988, 986, 1001, 1001, 1001, 1001, 1500, 1500, 1500, 1500]
[1500, 1500, 988, 1500, 2011, 988, 988, 986, 1001, 1001, 1001, 1001, 1500, 1500, 1500, 1500]
[1500, 1500, 988, 1500, 2011, 988, 988, 988, 1001, 1001, 1001, 1001, 1500, 1500, 1500, 1500]
[1500, 1500, 988, 1500, 2011, 988, 988, 988, 1001, 1001, 1001, 1001, 1500, 1500, 1500, 1500]
[1500, 1500, 988, 1500, 2011, 988, 988, 988, 1001, 1001, 1001, 1001, 1500, 1500, 1500, 1500]
12:03:20.770153 ALT: 0.09
12:03:20.770246 ATT: [1.0, -1.0, 274]
12:03:20.770647 ACC: [12, 9, 517]
[1500, 1500, 988, 1500, 2011, 988, 988, 988, 1001, 1001, 1001, 1001, 1500, 1500, 1500, 1500]
[1500, 1500, 988, 1500, 2011, 988, 988, 988, 1001, 1001, 1001, 1001, 1500, 1500, 1500, 1500]
[1500, 1500, 988, 1500, 2011, 988, 988, 988, 1001, 1001, 1001, 1001, 1500, 1500, 1500, 1500]
[1500, 1500, 988, 1500, 2011, 988, 988, 988, 1001, 1001, 1001, 1001, 1500, 1500, 1500, 1500]
[1500, 1500, 988, 1500, 2011, 988, 988, 988, 1001, 1001, 1001, 1001, 1500, 1500, 1500, 1500]
[1500, 1500, 988, 1500, 2011, 988, 988, 988, 1001, 1001, 1001, 1001, 1500, 1500, 1500, 1500]
[1500, 1500, 988, 1500, 2011, 988, 988, 988, 1001, 1001, 1001, 1001, 1500, 1500, 1500, 1500]
12:03:20.818141 ALT: 0.09
12:03:20.818281 ATT: [1.0, -1.0, 274]
12:03:20.818680 ACC: [9, 8, 517]
[1500, 1500, 988, 1500, 2011, 988, 988, 988, 1001, 1001, 1001, 1001, 1500, 1500, 1500, 1500]
[1500, 1500, 988, 1500, 2011, 988, 988, 988, 1001, 1001, 1001, 1001, 1500, 1500, 1500, 1500]
[1500, 1500, 988, 1500, 2011, 988, 988, 988, 1001, 1001, 1001, 1001, 1500, 1500, 1500, 1500]
[1500, 1500, 988, 1500, 2011, 988, 988, 988, 1001, 1001, 1001, 1001, 1500, 1500, 1500, 1500]
[1500, 1500, 988, 1499, 2011, 988, 988, 988, 1001, 1001, 1001, 1001, 1500, 1500, 1500, 1500]
[1500, 1500, 988, 1499, 2011, 988, 988, 988, 1001, 1001, 1001, 1001, 1500, 1500, 1500, 1500]
[1500, 1500, 988, 1499, 2011, 988, 988, 988, 1001, 1001, 1001, 1001, 1500, 1500, 1500, 1500]
12:03:20.866848 ALT: 0.09
12:03:20.866974 ATT: [1.0, -1.0, 274]
12:03:20.867407 ACC: [12, 9, 518]
[1500, 1500, 988, 1500, 2011, 988, 988, 988, 1001, 1001, 1001, 1001, 1500, 1500, 1500, 1500]
[1500, 1500, 988, 1500, 2011, 988, 988, 988, 1001, 1001, 1001, 1001, 1500, 1500, 1500, 1500]
[1500, 1500, 988, 1500, 2011, 988, 988, 988, 1001, 1001, 1001, 1001, 1500, 1500, 1500, 1500]
[1501, 1497, 988, 1500, 2011, 988, 988, 988, 1001, 1001, 1001, 1001, 1500, 1500, 1500, 1500]
[1501, 1497, 988, 1500, 2011, 988, 988, 988, 1001, 1001, 1001, 1001, 1500, 1500, 1500, 1500]
[1501, 1497, 988, 1500, 2011, 988, 988, 988, 1001, 1001, 1001, 1001, 1500, 1500, 1500, 1500]
[1500, 1499, 988, 1500, 2011, 988, 988, 988, 1001, 1001, 1001, 1001, 1500, 1500, 1500, 1500]
12:03:20.914430 ALT: 0.13
12:03:20.914995 ATT: [1.0, -1.0, 274]
12:03:20.915477 ACC: [10, 9, 520]
[1500, 1499, 988, 1500, 2009, 988, 988, 988, 1001, 1001, 1001, 1001, 1500, 1500, 1500, 1500]
[1500, 1499, 988, 1500, 2009, 988, 988, 988, 1001, 1001, 1001, 1001, 1500, 1500, 1500, 1500]
[1500, 1500, 988, 1500, 2009, 988, 988, 988, 1001, 1001, 1001, 1001, 1500, 1500, 1500, 1500]
[1500, 1500, 988, 1500, 2009, 988, 988, 988, 1001, 1001, 1001, 1001, 1500, 1500, 1500, 1500]
[1500, 1500, 988, 1500, 2009, 988, 988, 988, 1001, 1001, 1001, 1001, 1500, 1500, 1500, 1500]
[1500, 1499, 988, 1499, 2009, 988, 988, 988, 1001, 1001, 1001, 1001, 1500, 1500, 1500, 1500]
[1500, 1499, 988, 1499, 2011, 988, 988, 988, 1001, 1001, 1001, 1001, 1500, 1500, 1500, 1500]
[1500, 1499, 988, 1499, 2011, 988, 988, 988, 1001, 1001, 1001, 1001, 1500, 1500, 1500, 1500]
12:03:20.962517 ALT: 0.16
12:03:20.962630 ATT: [1.0, -1.0, 274]
12:03:20.962920 ACC: [11, 9, 516]
[1500, 1500, 988, 1500, 2011, 988, 988, 988, 1001, 1001, 1001, 1001, 1500, 1500, 1500, 1500]
[1500, 1500, 988, 1500, 2011, 988, 988, 988, 1001, 1001, 1001, 1001, 1500, 1500, 1500, 1500]
[1500, 1500, 988, 1500, 2011, 988, 988, 988, 1001, 1001, 1001, 1001, 1500, 1500, 1500, 1500]
[1500, 1499, 988, 1500, 2011, 988, 988, 988, 1001, 1001, 1001, 1001, 1500, 1500, 1500, 1500]
[1500, 1499, 988, 1500, 2012, 986, 988, 988, 1001, 1001, 1001, 1001, 1500, 1500, 1500, 1500]
[1500, 1499, 988, 1500, 2012, 986, 988, 988, 1001, 1001, 1001, 1001, 1500, 1500, 1500, 1500]
[1499, 1500, 988, 1499, 2012, 986, 988, 988, 1001, 1001, 1001, 1001, 1500, 1500, 1500, 1500]
12:03:21.010067 ALT: 0.17
12:03:21.010159 ATT: [1.0, -1.0, 274]
12:03:21.010516 ACC: [9, 8, 516]
[1499, 1500, 988, 1499, 2011, 988, 988, 988, 1001, 1001, 1001, 1001, 1500, 1500, 1500, 1500]
[1499, 1500, 988, 1499, 2011, 988, 988, 988, 1001, 1001, 1001, 1001, 1500, 1500, 1500, 1500]
[1500, 1500, 988, 1500, 2011, 988, 988, 988, 1001, 1001, 1001, 1001, 1500, 1500, 1500, 1500]
[1500, 1500, 988, 1500, 2011, 988, 988, 988, 1001, 1001, 1001, 1001, 1500, 1500, 1500, 1500]
[1500, 1500, 988, 1500, 2011, 988, 988, 988, 1001, 1001, 1001, 1001, 1500, 1500, 1500, 1500]
[1500, 1499, 988, 1499, 2011, 988, 988, 988, 1001, 1001, 1001, 1001, 1500, 1500, 1500, 1500]
[1500, 1499, 988, 1499, 2011, 988, 988, 988, 1001, 1001, 1001, 1001, 1500, 1500, 1500, 1500]
12:03:21.059184 ALT: 0.17
12:03:21.059287 ATT: [1.0, -1.0, 274]
12:03:21.059584 ACC: [12, 10, 519]
[1500, 1499, 988, 1499, 2011, 988, 988, 988, 1001, 1001, 1001, 1001, 1500, 1500, 1500, 1500]
[1499, 1500, 988, 1500, 2011, 988, 988, 988, 1001, 1001, 1001, 1001, 1500, 1500, 1500, 1500]
[1499, 1500, 988, 1500, 2011, 988, 988, 988, 1001, 1001, 1001, 1001, 1500, 1500, 1500, 1500]
[1499, 1500, 988, 1500, 2011, 988, 988, 988, 1001, 1001, 1001, 1001, 1500, 1500, 1500, 1500]
[1500, 1500, 988, 1500, 2011, 988, 988, 988, 1001, 1001, 1001, 1001, 1500, 1500, 1500, 1500]
[1500, 1500, 988, 1500, 2011, 988, 988, 988, 1001, 1001, 1001, 1001, 1500, 1500, 1500, 1500]
[1500, 1500, 988, 1500, 2011, 988, 988, 988, 1001, 1001, 1001, 1001, 1500, 1500, 1500, 1500]
12:03:21.108876 ALT: 0.17
12:03:21.109079 ATT: [1.0, -1.0, 274]
12:03:21.109368 ACC: [10, 9, 517]
[1500, 1500, 988, 1500, 2011, 988, 988, 988, 1001, 1001, 1001, 1001, 1500, 1500, 1500, 1500]
[1500, 1500, 988, 1500, 2011, 988, 988, 988, 1001, 1001, 1001, 1001, 1500, 1500, 1500, 1500]
[1500, 1500, 988, 1500, 2011, 988, 988, 988, 1001, 1001, 1001, 1001, 1500, 1500, 1500, 1500]
[1500, 1500, 988, 1500, 2011, 988, 988, 988, 1001, 1001, 1001, 1001, 1500, 1500, 1500, 1500]
[1500, 1500, 988, 1500, 2011, 988, 988, 988, 1001, 1001, 1001, 1001, 1500, 1500, 1500, 1500]
[1500, 1500, 988, 1500, 2011, 988, 988, 988, 1001, 1001, 1001, 1001, 1500, 1500, 1500, 1500]
[1500, 1500, 988, 1500, 2011, 988, 988, 988, 1001, 1001, 1001, 1001, 1500, 1500, 1500, 1500]
12:03:21.154383 ALT: 0.17
12:03:21.154575 ATT: [1.0, -1.0, 274]
12:03:21.155313 ACC: [9, 7, 518]
[1500, 1500, 988, 1500, 2011, 988, 988, 988, 1001, 1001, 1001, 1001, 1500, 1500, 1500, 1500]
[1500, 1500, 988, 1500, 2011, 988, 988, 988, 1001, 1001, 1001, 1001, 1500, 1500, 1500, 1500]
[1500, 1500, 988, 1500, 2011, 988, 988, 988, 1001, 1001, 1001, 1001, 1500, 1500, 1500, 1500]
[1500, 1500, 988, 1500, 2011, 988, 988, 988, 1001, 1001, 1001, 1001, 1500, 1500, 1500, 1500]
[1500, 1500, 988, 1500, 2011, 988, 988, 988, 1001, 1001, 1001, 1001, 1500, 1500, 1500, 1500]
[1499, 1500, 988, 1500, 2011, 988, 988, 988, 1001, 1001, 1001, 1001, 1500, 1500, 1500, 1500]
[1499, 1500, 988, 1500, 2011, 988, 988, 988, 1001, 1001, 1001, 1001, 1500, 1500, 1500, 1500]
[1499, 1500, 988, 1500, 2011, 988, 988, 988, 1001, 1001, 1001, 1001, 1500, 1500, 1500, 1500]
12:03:21.203373 ALT: 0.17
12:03:21.203583 ATT: [1.0, -1.0, 274]
12:03:21.204014 ACC: [12, 8, 518]
[1500, 1500, 988, 1500, 2011, 988, 988, 988, 1001, 1001, 1001, 1001, 1500, 1500, 1500, 1500]
[1500, 1500, 988, 1500, 2011, 988, 986, 988, 1001, 1001, 1001, 1001, 1500, 1500, 1500, 1500]
[1500, 1500, 988, 1500, 2011, 988, 986, 988, 1001, 1001, 1001, 1001, 1500, 1500, 1500, 1500]
[1500, 1499, 989, 1499, 2011, 988, 986, 988, 1001, 1001, 1001, 1001, 1500, 1500, 1500, 1500]
[1500, 1499, 989, 1499, 2011, 988, 988, 988, 1001, 1001, 1001, 1001, 1500, 1500, 1500, 1500]
[1500, 1499, 989, 1499, 2011, 988, 988, 988, 1001, 1001, 1001, 1001, 1500, 1500, 1500, 1500]
[1499, 1500, 988, 1500, 2011, 988, 988, 988, 1001, 1001, 1001, 1001, 1500, 1500, 1500, 1500]
12:03:21.250825 ALT: 0.17
12:03:21.250924 ATT: [1.0, -1.0, 274]
12:03:21.252100 ACC: [11, 9, 519]
[1499, 1500, 988, 1500, 2011, 988, 989, 986, 1001, 1001, 1001, 1001, 1500, 1500, 1500, 1500]
[1499, 1500, 988, 1500, 2011, 988, 989, 986, 1001, 1001, 1001, 1001, 1500, 1500, 1500, 1500]
[1499, 1500, 988, 1500, 2011, 988, 989, 986, 1001, 1001, 1001, 1001, 1500, 1500, 1500, 1500]
[1499, 1500, 988, 1500, 2011, 988, 988, 988, 1001, 1001, 1001, 1001, 1500, 1500, 1500, 1500]
[1499, 1500, 988, 1500, 2011, 988, 988, 988, 1001, 1001, 1001, 1001, 1500, 1500, 1500, 1500]
[1499, 1500, 988, 1500, 2011, 988, 988, 988, 1001, 1001, 1001, 1001, 1500, 1500, 1500, 1500]
[1499, 1500, 988, 1500, 2011, 988, 988, 988, 1001, 1001, 1001, 1001, 1500, 1500, 1500, 1500]
12:03:21.298189 ALT: 0.17
12:03:21.298308 ATT: [1.0, -1.1, 274]
12:03:21.298638 ACC: [12, 9, 519]
[1499, 1500, 988, 1500, 2011, 988, 988, 988, 1001, 1001, 1001, 1001, 1500, 1500, 1500, 1500]
[1500, 1500, 988, 1500, 2011, 988, 988, 988, 1001, 1001, 1001, 1001, 1500, 1500, 1500, 1500]
[1500, 1500, 988, 1500, 2011, 988, 988, 988, 1001, 1001, 1001, 1001, 1500, 1500, 1500, 1500]
[1500, 1500, 988, 1500, 2011, 988, 988, 988, 1001, 1001, 1001, 1001, 1500, 1500, 1500, 1500]
[1500, 1500, 988, 1500, 2011, 988, 988, 988, 1001, 1001, 1001, 1001, 1500, 1500, 1500, 1500]
[1500, 1500, 988, 1500, 2011, 986, 988, 988, 1001, 1001, 1001, 1001, 1500, 1500, 1500, 1500]
[1500, 1500, 988, 1500, 2011, 986, 988, 988, 1001, 1001, 1001, 1001, 1500, 1500, 1500, 1500]
12:03:21.346172 ALT: 0.17
12:03:21.346268 ATT: [1.0, -1.1, 274]
12:03:21.346654 ACC: [11, 7, 517]
[1500, 1500, 988, 1499, 2011, 986, 988, 988, 1001, 1001, 1001, 1001, 1500, 1500, 1500, 1500]
[1500, 1500, 988, 1499, 2011, 988, 988, 988, 1001, 1001, 1001, 1001, 1500, 1500, 1500, 1500]
[1500, 1500, 988, 1499, 2011, 988, 988, 988, 1001, 1001, 1001, 1001, 1500, 1500, 1500, 1500]
[1499, 1500, 988, 1500, 2011, 988, 988, 988, 1001, 1001, 1001, 1001, 1500, 1500, 1500, 1500]
[1499, 1500, 988, 1500, 2011, 988, 988, 988, 1001, 1001, 1001, 1001, 1500, 1500, 1500, 1500]
[1499, 1500, 988, 1500, 2011, 988, 988, 988, 1001, 1001, 1001, 1001, 1500, 1500, 1500, 1500]
[1500, 1499, 988, 1500, 2011, 988, 988, 988, 1001, 1001, 1001, 1001, 1500, 1500, 1500, 1500]
12:03:21.394153 ALT: 0.17
12:03:21.394248 ATT: [1.0, -1.0, 274]
12:03:21.394624 ACC: [11, 8, 518]
[1500, 1499, 988, 1500, 2011, 988, 988, 988, 1001, 1001, 1001, 1001, 1500, 1500, 1500, 1500]
[1500, 1499, 988, 1500, 2011, 988, 988, 988, 1001, 1001, 1001, 1001, 1500, 1500, 1500, 1500]
[1499, 1500, 988, 1500, 2011, 988, 988, 988, 1001, 1001, 1001, 1001, 1500, 1500, 1500, 1500]
[1499, 1500, 988, 1500, 2011, 988, 986, 988, 1001, 1001, 1001, 1001, 1500, 1500, 1500, 1500]
[1499, 1500, 988, 1500, 2011, 988, 986, 988, 1001, 1001, 1001, 1001, 1500, 1500, 1500, 1500]
[1499, 1500, 988, 1500, 2011, 988, 986, 988, 1001, 1001, 1001, 1001, 1500, 1500, 1500, 1500]
[1499, 1500, 988, 1500, 2011, 988, 988, 988, 1001, 1001, 1001, 1001, 1500, 1500, 1500, 1500]
12:03:21.443110 ALT: 0.17
12:03:21.443313 ATT: [1.0, -1.0, 274]
12:03:21.444168 ACC: [11, 7, 517]
[1499, 1500, 988, 1500, 2011, 988, 988, 988, 1001, 1001, 1001, 1001, 1500, 1500, 1500, 1500]
[1500, 1499, 988, 1500, 2011, 988, 988, 988, 1001, 1001, 1001, 1001, 1500, 1500, 1500, 1500]
[1500, 1499, 988, 1500, 2011, 988, 988, 988, 1001, 1001, 1001, 1001, 1500, 1500, 1500, 1500]
[1500, 1499, 988, 1500, 2011, 988, 988, 988, 1001, 1001, 1001, 1001, 1500, 1500, 1500, 1500]
[1499, 1500, 988, 1500, 2011, 988, 988, 988, 1001, 1001, 1001, 1001, 1500, 1500, 1500, 1500]
[1499, 1500, 988, 1500, 2011, 988, 988, 988, 1001, 1001, 1001, 1001, 1500, 1500, 1500, 1500]
[1499, 1500, 988, 1500, 2011, 988, 988, 988, 1001, 1001, 1001, 1001, 1500, 1500, 1500, 1500]
[1500, 1499, 988, 1500, 2011, 988, 988, 988, 1001, 1001, 1001, 1001, 1500, 1500, 1500, 1500]
12:03:21.490761 ALT: 0.17
12:03:21.490931 ATT: [1.0, -1.1, 274]
12:03:21.491444 ACC: [11, 10, 518]
[1500, 1499, 988, 1500, 2011, 988, 988, 988, 1001, 1001, 1001, 1001, 1500, 1500, 1500, 1500]
[1500, 1499, 988, 1500, 2011, 988, 988, 988, 1001, 1001, 1001, 1001, 1500, 1500, 1500, 1500]
[1500, 1500, 988, 1500, 2011, 988, 988, 988, 1001, 1001, 1001, 1001, 1500, 1500, 1500, 1500]
[1500, 1500, 988, 1500, 2011, 988, 988, 988, 1001, 1001, 1001, 1001, 1500, 1500, 1500, 1500]
[1500, 1500, 988, 1500, 2011, 988, 988, 988, 1001, 1001, 1001, 1001, 1500, 1500, 1500, 1500]
[1500, 1499, 988, 1500, 2011, 988, 988, 988, 1001, 1001, 1001, 1001, 1500, 1500, 1500, 1500]
[1500, 1499, 988, 1500, 2011, 988, 988, 988, 1001, 1001, 1001, 1001, 1500, 1500, 1500, 1500]
12:03:21.538223 ALT: 0.17
12:03:21.538357 ATT: [1.0, -1.1, 274]
12:03:21.539631 ACC: [10, 10, 517]
[1500, 1499, 988, 1500, 2011, 988, 988, 988, 1001, 1001, 1001, 1001, 1500, 1500, 1500, 1500]
[1500, 1499, 988, 1500, 2011, 988, 988, 988, 1001, 1001, 1001, 1001, 1500, 1500, 1500, 1500]
[1500, 1499, 988, 1500, 2011, 988, 988, 988, 1001, 1001, 1001, 1001, 1500, 1500, 1500, 1500]
[1500, 1499, 988, 1500, 2011, 988, 988, 988, 1001, 1001, 1001, 1001, 1500, 1500, 1500, 1500]
[1499, 1500, 988, 1500, 2011, 988, 988, 988, 1001, 1001, 1001, 1001, 1500, 1500, 1500, 1500]
[1499, 1500, 988, 1500, 2009, 988, 988, 988, 1001, 1001, 1001, 1001, 1500, 1500, 1500, 1500]
[1499, 1500, 988, 1500, 2009, 988, 988, 988, 1001, 1001, 1001, 1001, 1500, 1500, 1500, 1500]
12:03:21.586386 ALT: 0.17
12:03:21.586500 ATT: [1.0, -1.1, 274]
12:03:21.587670 ACC: [10, 6, 518]
[1500, 1499, 988, 1500, 2009, 988, 988, 988, 1001, 1001, 1001, 1001, 1500, 1500, 1500, 1500]
[1500, 1499, 988, 1500, 2011, 988, 988, 988, 1001, 1001, 1001, 1001, 1500, 1500, 1500, 1500]
[1500, 1499, 988, 1500, 2011, 988, 988, 988, 1001, 1001, 1001, 1001, 1500, 1500, 1500, 1500]
[1499, 1500, 988, 1500, 2011, 988, 988, 988, 1001, 1001, 1001, 1001, 1500, 1500, 1500, 1500]
[1499, 1500, 988, 1500, 2011, 988, 988, 988, 1001, 1001, 1001, 1001, 1500, 1500, 1500, 1500]
[1499, 1500, 988, 1500, 2011, 988, 988, 988, 1001, 1001, 1001, 1001, 1500, 1500, 1500, 1500]
[1500, 1500, 988, 1499, 2011, 988, 988, 988, 1001, 1001, 1001, 1001, 1500, 1500, 1500, 1500]
12:03:21.634254 ALT: 0.17
12:03:21.634356 ATT: [1.0, -1.0, 274]
12:03:21.634753 ACC: [12, 10, 517]
[1500, 1500, 988, 1499, 2011, 988, 988, 988, 1001, 1001, 1001, 1001, 1500, 1500, 1500, 1500]
[1500, 1500, 988, 1499, 2011, 988, 988, 988, 1001, 1001, 1001, 1001, 1500, 1500, 1500, 1500]
[1500, 1500, 988, 1500, 2011, 988, 988, 988, 1001, 1001, 1001, 1001, 1500, 1500, 1500, 1500]
[1500, 1500, 988, 1500, 2011, 988, 988, 988, 1001, 1001, 1001, 1001, 1500, 1500, 1500, 1500]
[1500, 1500, 988, 1500, 2011, 988, 988, 988, 1001, 1001, 1001, 1001, 1500, 1500, 1500, 1500]
[1500, 1499, 988, 1499, 2011, 988, 988, 988, 1001, 1001, 1001, 1001, 1500, 1500, 1500, 1500]
[1500, 1499, 988, 1499, 2011, 988, 988, 988, 1001, 1001, 1001, 1001, 1500, 1500, 1500, 1500]
[1500, 1499, 988, 1499, 2011, 988, 988, 988, 1001, 1001, 1001, 1001, 1500, 1500, 1500, 1500]
12:03:21.683148 ALT: 0.17
12:03:21.683411 ATT: [1.0, -1.1, 274]
12:03:21.685620 ACC: [10, 8, 518]
[1500, 1500, 988, 1500, 2011, 988, 988, 988, 1001, 1001, 1001, 1001, 1500, 1500, 1500, 1500]
12:03:21.695450 Starting ALT HOLD mode
Desired ALT is 50
12:03:21.695618 Navigation got ALT: 0.17
[1500, 1500, 1600, 1500, 2011, 950, 988, 1600, 1001, 1001, 1001, 1001, 1500, 1500, 1500, 1500]
[1500, 1500, 1600, 1500, 2011, 950, 988, 1600, 1001, 1001, 1001, 1001, 1500, 1500, 1500, 1500]
[1500, 1500, 1600, 1500, 2011, 950, 988, 1600, 1001, 1001, 1001, 1001, 1500, 1500, 1500, 1500]
[1500, 1500, 1600, 1500, 2011, 950, 988, 1600, 1001, 1001, 1001, 1001, 1500, 1500, 1500, 1500]
[1500, 1500, 1600, 1500, 2011, 950, 988, 1600, 1001, 1001, 1001, 1001, 1500, 1500, 1500, 1500]
12:03:21.728952 Navigation got ALT: 0.17
[1500, 1500, 1600, 1500, 2011, 950, 988, 1598, 1001, 1001, 1001, 1001, 1500, 1500, 1500, 1500]
12:03:21.730186 ALT: 0.17
12:03:21.730305 ATT: [1.0, -1.1, 274]
12:03:21.730586 ACC: [12, 6, 517]
[1500, 1500, 1600, 1500, 2011, 950, 988, 1598, 1001, 1001, 1001, 1001, 1500, 1500, 1500, 1500]
[1500, 1500, 1600, 1500, 2011, 950, 988, 1598, 1001, 1001, 1001, 1001, 1500, 1500, 1500, 1500]
[1500, 1500, 1600, 1500, 2011, 950, 988, 1598, 1001, 1001, 1001, 1001, 1500, 1500, 1500, 1500]
[1500, 1500, 1600, 1500, 2011, 950, 988, 1598, 1001, 1001, 1001, 1001, 1500, 1500, 1500, 1500]
12:03:21.762192 Navigation got ALT: 0.17
[1500, 1500, 1600, 1500, 2011, 950, 988, 1598, 1001, 1001, 1001, 1001, 1500, 1500, 1500, 1500]
[1500, 1500, 1600, 1500, 2011, 950, 988, 1598, 1001, 1001, 1001, 1001, 1500, 1500, 1500, 1500]
[1500, 1500, 1600, 1500, 2011, 950, 988, 1598, 1001, 1001, 1001, 1001, 1500, 1500, 1500, 1500]
12:03:21.778148 ALT: 0.17
12:03:21.778240 ATT: [0.7, -0.5, 274]
12:03:21.778575 ACC: [29, 8, 553]
[1500, 1500, 1600, 1500, 2011, 950, 988, 1598, 1001, 1001, 1001, 1001, 1500, 1500, 1500, 1500]
[1500, 1500, 1600, 1500, 2011, 950, 988, 1598, 1001, 1001, 1001, 1001, 1500, 1500, 1500, 1500]
12:03:21.795682 Navigation got ALT: 0.17
[1500, 1500, 1600, 1500, 2011, 950, 988, 1598, 1001, 1001, 1001, 1001, 1500, 1500, 1500, 1500]
[1500, 1500, 1600, 1500, 2011, 950, 988, 1598, 1001, 1001, 1001, 1001, 1500, 1500, 1500, 1500]
[1500, 1500, 1600, 1500, 2011, 950, 988, 1598, 1001, 1001, 1001, 1001, 1500, 1500, 1500, 1500]
[1500, 1500, 1600, 1500, 2011, 950, 988, 1598, 1001, 1001, 1001, 1001, 1500, 1500, 1500, 1500]
[1500, 1500, 1600, 1500, 2011, 950, 988, 1598, 1001, 1001, 1001, 1001, 1500, 1500, 1500, 1500]
12:03:21.827465 ALT: 0.17
12:03:21.827558 ATT: [0.1, 0.7, 274]
12:03:21.827808 ACC: [22, -24, 837]
12:03:21.828945 Navigation got ALT: 0.17
[1500, 1500, 1600, 1500, 2011, 950, 988, 1600, 1001, 1001, 1001, 1001, 1500, 1500, 1500, 1500]
[1500, 1500, 1600, 1500, 2011, 950, 988, 1600, 1001, 1001, 1001, 1001, 1500, 1500, 1500, 1500]
[1500, 1500, 1600, 1500, 2011, 950, 988, 1600, 1001, 1001, 1001, 1001, 1500, 1500, 1500, 1500]
[1500, 1500, 1600, 1500, 2011, 950, 988, 1600, 1001, 1001, 1001, 1001, 1500, 1500, 1500, 1500]
[1500, 1500, 1600, 1500, 2011, 950, 988, 1600, 1001, 1001, 1001, 1001, 1500, 1500, 1500, 1500]
12:03:21.862223 Navigation got ALT: 0.17
[1500, 1499, 1600, 1500, 2011, 950, 988, 1600, 1001, 1001, 1001, 1001, 1500, 1500, 1500, 1500]
[1500, 1499, 1600, 1500, 2011, 950, 988, 1600, 1001, 1001, 1001, 1001, 1500, 1500, 1500, 1500]
12:03:21.875403 ALT: 0.14
12:03:21.875553 ATT: [0.1, 1.0, 274]
12:03:21.876184 ACC: [1, -38, 1050]
[1500, 1499, 1600, 1500, 2011, 950, 988, 1600, 1001, 1001, 1001, 1001, 1500, 1500, 1500, 1500]
[1500, 1499, 1600, 1500, 2011, 950, 988, 1600, 1001, 1001, 1001, 1001, 1500, 1500, 1500, 1500]
[1500, 1499, 1600, 1500, 2011, 950, 988, 1600, 1001, 1001, 1001, 1001, 1500, 1500, 1500, 1500]
12:03:21.895620 Navigation got ALT: 0.14
[1500, 1499, 1600, 1500, 2011, 950, 988, 1598, 1001, 1001, 1001, 1001, 1500, 1500, 1500, 1500]
[1500, 1499, 1600, 1500, 2011, 950, 988, 1598, 1001, 1001, 1001, 1001, 1500, 1500, 1500, 1500]
[1500, 1499, 1600, 1500, 2011, 950, 988, 1598, 1001, 1001, 1001, 1001, 1500, 1500, 1500, 1500]
[1500, 1499, 1600, 1500, 2011, 950, 988, 1598, 1001, 1001, 1001, 1001, 1500, 1500, 1500, 1500]
12:03:21.922433 ALT: 0.11
12:03:21.922714 ATT: [0.1, 0.6, 275]
[1500, 1499, 1600, 1500, 2011, 950, 988, 1598, 1001, 1001, 1001, 1001, 1500, 1500, 1500, 1500]
12:03:21.923456 ACC: [-1, -32, 1030]
12:03:21.928882 Navigation got ALT: 0.11
[1500, 1499, 1600, 1500, 2011, 950, 988, 1600, 1001, 1001, 1001, 1001, 1500, 1500, 1500, 1500]
[1500, 1499, 1600, 1500, 2011, 950, 988, 1600, 1001, 1001, 1001, 1001, 1500, 1500, 1500, 1500]
[1500, 1499, 1600, 1500, 2011, 950, 988, 1600, 1001, 1001, 1001, 1001, 1500, 1500, 1500, 1500]
[1500, 1499, 1600, 1500, 2011, 950, 988, 1600, 1001, 1001, 1001, 1001, 1500, 1500, 1500, 1500]
[1500, 1499, 1600, 1500, 2011, 950, 988, 1600, 1001, 1001, 1001, 1001, 1500, 1500, 1500, 1500]
12:03:21.962295 Navigation got ALT: 0.11
[1499, 1500, 1600, 1499, 2011, 950, 988, 1600, 1001, 1001, 1001, 1001, 1500, 1500, 1500, 1500]
[1499, 1500, 1600, 1499, 2011, 950, 988, 1600, 1001, 1001, 1001, 1001, 1500, 1500, 1500, 1500]
12:03:21.972474 ALT: 0.14
12:03:21.972575 ATT: [0.7, 0.4, 275]
12:03:21.972876 ACC: [0, -45, 967]
[1499, 1500, 1600, 1499, 2011, 950, 988, 1600, 1001, 1001, 1001, 1001, 1500, 1500, 1500, 1500]
[1499, 1500, 1600, 1499, 2011, 950, 988, 1600, 1001, 1001, 1001, 1001, 1500, 1500, 1500, 1500]
[1499, 1500, 1600, 1499, 2011, 950, 988, 1600, 1001, 1001, 1001, 1001, 1500, 1500, 1500, 1500]
12:03:21.995543 Navigation got ALT: 0.14
[1500, 1500, 1600, 1500, 2011, 950, 988, 1600, 1001, 1001, 1001, 1001, 1500, 1500, 1500, 1500]
[1500, 1500, 1600, 1500, 2011, 950, 988, 1600, 1001, 1001, 1001, 1001, 1500, 1500, 1500, 1500]
[1500, 1500, 1600, 1500, 2011, 950, 988, 1600, 1001, 1001, 1001, 1001, 1500, 1500, 1500, 1500]
[1500, 1500, 1600, 1500, 2011, 950, 988, 1600, 1001, 1001, 1001, 1001, 1500, 1500, 1500, 1500]
12:03:22.018809 ALT: 0.16
12:03:22.019176 ATT: [0.9, 0.1, 275]
12:03:22.020363 ACC: [6, -54, 944]
[1500, 1500, 1600, 1500, 2011, 950, 988, 1600, 1001, 1001, 1001, 1001, 1500, 1500, 1500, 1500]
12:03:22.028922 Navigation got ALT: 0.16
[1500, 1500, 1600, 1500, 2009, 950, 988, 1600, 1001, 1001, 1001, 1001, 1500, 1500, 1500, 1500]
[1500, 1500, 1600, 1500, 2009, 950, 988, 1600, 1001, 1001, 1001, 1001, 1500, 1500, 1500, 1500]
[1500, 1500, 1600, 1500, 2009, 950, 988, 1600, 1001, 1001, 1001, 1001, 1500, 1500, 1500, 1500]
[1500, 1500, 1600, 1500, 2009, 950, 988, 1600, 1001, 1001, 1001, 1001, 1500, 1500, 1500, 1500]
[1500, 1500, 1600, 1500, 2009, 950, 988, 1600, 1001, 1001, 1001, 1001, 1500, 1500, 1500, 1500]
12:03:22.062306 Navigation got ALT: 0.16
[1500, 1500, 1600, 1500, 2011, 950, 988, 1600, 1001, 1001, 1001, 1001, 1500, 1500, 1500, 1500]
12:03:22.066381 ALT: 0.17
12:03:22.066505 ATT: [1.0, -0.1, 275]
12:03:22.066961 ACC: [8, -59, 916]
[1500, 1500, 1600, 1500, 2011, 950, 988, 1600, 1001, 1001, 1001, 1001, 1500, 1500, 1500, 1500]
[1500, 1500, 1600, 1500, 2011, 950, 988, 1600, 1001, 1001, 1001, 1001, 1500, 1500, 1500, 1500]
[1500, 1500, 1600, 1500, 2011, 950, 988, 1600, 1001, 1001, 1001, 1001, 1500, 1500, 1500, 1500]
[1500, 1500, 1600, 1500, 2011, 950, 988, 1600, 1001, 1001, 1001, 1001, 1500, 1500, 1500, 1500]
12:03:22.095599 Navigation got ALT: 0.17
[1500, 1500, 1600, 1500, 2011, 950, 988, 1600, 1001, 1001, 1001, 1001, 1500, 1500, 1500, 1500]
[1500, 1500, 1600, 1500, 2011, 950, 988, 1600, 1001, 1001, 1001, 1001, 1500, 1500, 1500, 1500]
[1500, 1500, 1600, 1500, 2011, 950, 988, 1600, 1001, 1001, 1001, 1001, 1500, 1500, 1500, 1500]
12:03:22.114299 ALT: 0.17
12:03:22.114393 ATT: [0.8, -0.1, 275]
12:03:22.114851 ACC: [-2, -67, 908]
[1500, 1500, 1600, 1500, 2011, 950, 988, 1600, 1001, 1001, 1001, 1001, 1500, 1500, 1500, 1500]
[1500, 1500, 1600, 1500, 2011, 950, 988, 1600, 1001, 1001, 1001, 1001, 1500, 1500, 1500, 1500]
12:03:22.128932 Navigation got ALT: 0.17
[1500, 1499, 1600, 1500, 2011, 950, 988, 1600, 1001, 1001, 1001, 1001, 1500, 1500, 1500, 1500]
[1500, 1499, 1600, 1500, 2011, 950, 988, 1600, 1001, 1001, 1001, 1001, 1500, 1500, 1500, 1500]
[1500, 1499, 1600, 1500, 2011, 950, 988, 1600, 1001, 1001, 1001, 1001, 1500, 1500, 1500, 1500]
[1500, 1499, 1600, 1500, 2011, 950, 988, 1600, 1001, 1001, 1001, 1001, 1500, 1500, 1500, 1500]
[1500, 1499, 1600, 1500, 2011, 950, 988, 1600, 1001, 1001, 1001, 1001, 1500, 1500, 1500, 1500]
12:03:22.162397 Navigation got ALT: 0.17
[1499, 1500, 1600, 1500, 2011, 950, 988, 1598, 1001, 1001, 1001, 1001, 1500, 1500, 1500, 1500]
12:03:22.162740 ALT: 0.23
12:03:22.162801 ATT: [0.6, -0.3, 274]
12:03:22.163065 ACC: [-8, -70, 894]
[1499, 1500, 1600, 1500, 2011, 950, 988, 1598, 1001, 1001, 1001, 1001, 1500, 1500, 1500, 1500]
[1499, 1500, 1600, 1500, 2011, 950, 988, 1598, 1001, 1001, 1001, 1001, 1500, 1500, 1500, 1500]
[1499, 1500, 1600, 1500, 2011, 950, 988, 1598, 1001, 1001, 1001, 1001, 1500, 1500, 1500, 1500]
[1499, 1500, 1600, 1500, 2011, 950, 988, 1598, 1001, 1001, 1001, 1001, 1500, 1500, 1500, 1500]
12:03:22.198761 Navigation got ALT: 0.23
[1499, 1500, 1600, 1500, 2011, 950, 988, 1600, 1001, 1001, 1001, 1001, 1500, 1500, 1500, 1500]
[1499, 1500, 1600, 1500, 2011, 950, 988, 1600, 1001, 1001, 1001, 1001, 1500, 1500, 1500, 1500]
[1499, 1500, 1600, 1500, 2011, 950, 988, 1600, 1001, 1001, 1001, 1001, 1500, 1500, 1500, 1500]
12:03:22.210630 ALT: 0.25
12:03:22.210765 ATT: [0.5, -0.3, 274]
12:03:22.211078 ACC: [-15, -65, 890]
[1499, 1500, 1600, 1500, 2011, 950, 988, 1600, 1001, 1001, 1001, 1001, 1500, 1500, 1500, 1500]
[1499, 1500, 1600, 1500, 2011, 950, 988, 1600, 1001, 1001, 1001, 1001, 1500, 1500, 1500, 1500]
12:03:22.228893 Navigation got ALT: 0.25
[1500, 1500, 1600, 1500, 2009, 950, 988, 1600, 1001, 1001, 1001, 1001, 1500, 1500, 1500, 1500]
[1500, 1500, 1600, 1500, 2009, 950, 988, 1600, 1001, 1001, 1001, 1001, 1500, 1500, 1500, 1500]
[1500, 1500, 1600, 1500, 2009, 950, 988, 1600, 1001, 1001, 1001, 1001, 1500, 1500, 1500, 1500]
[1500, 1500, 1600, 1500, 2009, 950, 988, 1600, 1001, 1001, 1001, 1001, 1500, 1500, 1500, 1500]
[1500, 1500, 1600, 1500, 2009, 950, 988, 1600, 1001, 1001, 1001, 1001, 1500, 1500, 1500, 1500]
12:03:22.258460 ALT: 0.25
12:03:22.258574 ATT: [0.1, -0.3, 274]
12:03:22.258901 ACC: [-18, -67, 869]
12:03:22.262378 Navigation got ALT: 0.25
[1500, 1500, 1600, 1499, 2011, 950, 988, 1600, 1001, 1001, 1001, 1001, 1500, 1500, 1500, 1500]
[1500, 1500, 1600, 1499, 2011, 950, 988, 1600, 1001, 1001, 1001, 1001, 1500, 1500, 1500, 1500]
[1500, 1500, 1600, 1499, 2011, 950, 988, 1600, 1001, 1001, 1001, 1001, 1500, 1500, 1500, 1500]
[1500, 1500, 1600, 1499, 2011, 950, 988, 1600, 1001, 1001, 1001, 1001, 1500, 1500, 1500, 1500]
[1500, 1500, 1600, 1499, 2011, 950, 988, 1600, 1001, 1001, 1001, 1001, 1500, 1500, 1500, 1500]
12:03:22.295584 Navigation got ALT: 0.25
[1500, 1500, 1600, 1500, 2011, 950, 989, 1598, 1001, 1001, 1001, 1001, 1500, 1500, 1500, 1500]
[1500, 1500, 1600, 1500, 2011, 950, 989, 1598, 1001, 1001, 1001, 1001, 1500, 1500, 1500, 1500]
12:03:22.306342 ALT: 0.31
12:03:22.306445 ATT: [0.0, -0.1, 274]
12:03:22.306881 ACC: [-11, -71, 853]
[1500, 1500, 1600, 1500, 2011, 950, 989, 1598, 1001, 1001, 1001, 1001, 1500, 1500, 1500, 1500]
[1500, 1500, 1600, 1500, 2011, 950, 989, 1598, 1001, 1001, 1001, 1001, 1500, 1500, 1500, 1500]
[1500, 1500, 1600, 1500, 2011, 950, 989, 1598, 1001, 1001, 1001, 1001, 1500, 1500, 1500, 1500]
12:03:22.329062 Navigation got ALT: 0.31
[1500, 1500, 1600, 1500, 2011, 950, 988, 1600, 1001, 1001, 1001, 1001, 1500, 1500, 1500, 1500]
[1500, 1500, 1600, 1500, 2011, 950, 988, 1600, 1001, 1001, 1001, 1001, 1500, 1500, 1500, 1500]
[1500, 1500, 1600, 1500, 2011, 950, 988, 1600, 1001, 1001, 1001, 1001, 1500, 1500, 1500, 1500]
[1500, 1500, 1600, 1500, 2011, 950, 988, 1600, 1001, 1001, 1001, 1001, 1500, 1500, 1500, 1500]
[1500, 1500, 1600, 1500, 2011, 950, 988, 1600, 1001, 1001, 1001, 1001, 1500, 1500, 1500, 1500]
12:03:22.362250 Navigation got ALT: 0.31
[1499, 1500, 1600, 1500, 2011, 950, 988, 1598, 1001, 1001, 1001, 1001, 1500, 1500, 1500, 1500]
[1499, 1500, 1600, 1500, 2011, 950, 988, 1598, 1001, 1001, 1001, 1001, 1500, 1500, 1500, 1500]
12:03:22.370944 ALT: 0.34
12:03:22.371231 ATT: [0.0, -0.1, 274]
12:03:22.371550 ACC: [-12, -66, 846]
[1499, 1500, 1600, 1500, 2011, 950, 988, 1598, 1001, 1001, 1001, 1001, 1500, 1500, 1500, 1500]
[1499, 1500, 1600, 1500, 2011, 950, 988, 1598, 1001, 1001, 1001, 1001, 1500, 1500, 1500, 1500]
[1499, 1500, 1600, 1500, 2011, 950, 988, 1598, 1001, 1001, 1001, 1001, 1500, 1500, 1500, 1500]
12:03:22.395547 Navigation got ALT: 0.34
[1499, 1500, 1600, 1500, 2011, 950, 988, 1600, 1001, 1001, 1001, 1001, 1500, 1500, 1500, 1500]
[1499, 1500, 1600, 1500, 2011, 950, 988, 1600, 1001, 1001, 1001, 1001, 1500, 1500, 1500, 1500]
[1499, 1500, 1600, 1500, 2011, 950, 988, 1600, 1001, 1001, 1001, 1001, 1500, 1500, 1500, 1500]
[1499, 1500, 1600, 1500, 2011, 950, 988, 1600, 1001, 1001, 1001, 1001, 1500, 1500, 1500, 1500]
12:03:22.418824 ALT: 0.4
12:03:22.419164 ATT: [0.0, 0.0, 274]
12:03:22.419877 ACC: [-9, -68, 830]
[1499, 1500, 1600, 1500, 2011, 950, 988, 1600, 1001, 1001, 1001, 1001, 1500, 1500, 1500, 1500]
12:03:22.428936 Navigation got ALT: 0.4
[1500, 1500, 1600, 1499, 2011, 950, 988, 1600, 1001, 1001, 1001, 1001, 1500, 1500, 1500, 1500]
[1500, 1500, 1600, 1499, 2011, 950, 988, 1600, 1001, 1001, 1001, 1001, 1500, 1500, 1500, 1500]
[1500, 1500, 1600, 1499, 2011, 950, 988, 1600, 1001, 1001, 1001, 1001, 1500, 1500, 1500, 1500]
[1500, 1500, 1600, 1499, 2011, 950, 988, 1600, 1001, 1001, 1001, 1001, 1500, 1500, 1500, 1500]
[1500, 1500, 1600, 1499, 2011, 950, 988, 1600, 1001, 1001, 1001, 1001, 1500, 1500, 1500, 1500]
12:03:22.462217 Navigation got ALT: 0.4
[1499, 1500, 1600, 1500, 2011, 950, 988, 1600, 1001, 1001, 1001, 1001, 1500, 1500, 1500, 1500]
12:03:22.466598 ALT: 0.47
12:03:22.466838 ATT: [0.0, -0.1, 274]
12:03:22.467369 ACC: [-14, -63, 817]
[1499, 1500, 1600, 1500, 2011, 950, 988, 1600, 1001, 1001, 1001, 1001, 1500, 1500, 1500, 1500]
[1499, 1500, 1600, 1500, 2011, 950, 988, 1600, 1001, 1001, 1001, 1001, 1500, 1500, 1500, 1500]
[1499, 1500, 1600, 1500, 2011, 950, 988, 1600, 1001, 1001, 1001, 1001, 1500, 1500, 1500, 1500]
[1499, 1500, 1600, 1500, 2011, 950, 988, 1600, 1001, 1001, 1001, 1001, 1500, 1500, 1500, 1500]
12:03:22.495732 Navigation got ALT: 0.47
[1500, 1500, 1600, 1500, 2011, 950, 988, 1600, 1001, 1001, 1001, 1001, 1500, 1500, 1500, 1500]
[1500, 1500, 1600, 1500, 2011, 950, 988, 1600, 1001, 1001, 1001, 1001, 1500, 1500, 1500, 1500]
[1500, 1500, 1600, 1500, 2011, 950, 988, 1600, 1001, 1001, 1001, 1001, 1500, 1500, 1500, 1500]
12:03:22.514293 ALT: 0.55
12:03:22.514390 ATT: [-0.2, -0.1, 274]
12:03:22.514896 ACC: [-14, -67, 805]
[1500, 1500, 1600, 1500, 2011, 950, 988, 1600, 1001, 1001, 1001, 1001, 1500, 1500, 1500, 1500]
[1500, 1500, 1600, 1500, 2011, 950, 988, 1600, 1001, 1001, 1001, 1001, 1500, 1500, 1500, 1500]
12:03:22.528947 Navigation got ALT: 0.55
[1500, 1499, 1600, 1500, 2011, 950, 988, 1600, 1001, 1001, 1001, 1001, 1500, 1500, 1500, 1500]
[1500, 1499, 1600, 1500, 2011, 950, 988, 1600, 1001, 1001, 1001, 1001, 1500, 1500, 1500, 1500]
[1500, 1499, 1600, 1500, 2011, 950, 988, 1600, 1001, 1001, 1001, 1001, 1500, 1500, 1500, 1500]
[1500, 1499, 1600, 1500, 2011, 950, 988, 1600, 1001, 1001, 1001, 1001, 1500, 1500, 1500, 1500]
[1500, 1499, 1600, 1500, 2011, 950, 988, 1600, 1001, 1001, 1001, 1001, 1500, 1500, 1500, 1500]
12:03:22.562340 Navigation got ALT: 0.55
[1499, 1500, 1600, 1500, 2011, 950, 988, 1600, 1001, 1001, 1001, 1001, 1500, 1500, 1500, 1500]
12:03:22.562669 ALT: 0.63
12:03:22.562737 ATT: [-0.1, 0.0, 274]
12:03:22.563144 ACC: [-5, -75, 782]
[1499, 1500, 1600, 1500, 2011, 950, 988, 1600, 1001, 1001, 1001, 1001, 1500, 1500, 1500, 1500]
[1499, 1500, 1600, 1500, 2011, 950, 988, 1600, 1001, 1001, 1001, 1001, 1500, 1500, 1500, 1500]
[1499, 1500, 1600, 1500, 2011, 950, 988, 1600, 1001, 1001, 1001, 1001, 1500, 1500, 1500, 1500]
[1499, 1500, 1600, 1500, 2011, 950, 988, 1600, 1001, 1001, 1001, 1001, 1500, 1500, 1500, 1500]
12:03:22.595588 Navigation got ALT: 0.63
[1500, 1500, 1600, 1500, 2011, 950, 988, 1600, 1001, 1001, 1001, 1001, 1500, 1500, 1500, 1500]
[1500, 1500, 1600, 1500, 2011, 950, 988, 1600, 1001, 1001, 1001, 1001, 1500, 1500, 1500, 1500]
[1500, 1500, 1600, 1500, 2011, 950, 988, 1600, 1001, 1001, 1001, 1001, 1500, 1500, 1500, 1500]
12:03:22.610567 ALT: 0.71
12:03:22.610661 ATT: [-0.2, 0.0, 274]
12:03:22.610993 ACC: [-6, -74, 763]
[1500, 1500, 1600, 1500, 2011, 950, 988, 1600, 1001, 1001, 1001, 1001, 1500, 1500, 1500, 1500]
[1500, 1500, 1600, 1500, 2011, 950, 988, 1600, 1001, 1001, 1001, 1001, 1500, 1500, 1500, 1500]
12:03:22.628947 Navigation got ALT: 0.71
[1500, 1500, 1600, 1500, 2011, 950, 988, 1600, 1001, 1001, 1001, 1001, 1500, 1500, 1500, 1500]
[1500, 1500, 1600, 1500, 2011, 950, 988, 1600, 1001, 1001, 1001, 1001, 1500, 1500, 1500, 1500]
[1500, 1500, 1600, 1500, 2011, 950, 988, 1600, 1001, 1001, 1001, 1001, 1500, 1500, 1500, 1500]
[1500, 1500, 1600, 1500, 2011, 950, 988, 1600, 1001, 1001, 1001, 1001, 1500, 1500, 1500, 1500]
[1500, 1500, 1600, 1500, 2011, 950, 988, 1600, 1001, 1001, 1001, 1001, 1500, 1500, 1500, 1500]
12:03:22.662304 Navigation got ALT: 0.71
[1500, 1500, 1600, 1500, 2011, 950, 988, 1598, 1001, 1001, 1001, 1001, 1500, 1500, 1500, 1500]
[1500, 1500, 1600, 1500, 2011, 950, 988, 1598, 1001, 1001, 1001, 1001, 1500, 1500, 1500, 1500]
12:03:22.674516 ALT: 0.8
12:03:22.674698 ATT: [-0.1, -0.1, 274]
12:03:22.675138 ACC: [-5, -69, 736]
[1500, 1500, 1600, 1500, 2011, 950, 988, 1598, 1001, 1001, 1001, 1001, 1500, 1500, 1500, 1500]
[1500, 1500, 1600, 1500, 2011, 950, 988, 1598, 1001, 1001, 1001, 1001, 1500, 1500, 1500, 1500]
[1500, 1500, 1600, 1500, 2011, 950, 988, 1598, 1001, 1001, 1001, 1001, 1500, 1500, 1500, 1500]
12:03:22.695632 Navigation got ALT: 0.8
[1500, 1500, 1600, 1500, 2011, 950, 988, 1600, 1001, 1001, 1001, 1001, 1500, 1500, 1500, 1500]
[1500, 1500, 1600, 1500, 2011, 950, 988, 1600, 1001, 1001, 1001, 1001, 1500, 1500, 1500, 1500]
[1500, 1500, 1600, 1500, 2011, 950, 988, 1600, 1001, 1001, 1001, 1001, 1500, 1500, 1500, 1500]
[1500, 1500, 1600, 1500, 2011, 950, 988, 1600, 1001, 1001, 1001, 1001, 1500, 1500, 1500, 1500]
[1500, 1500, 1600, 1500, 2011, 950, 988, 1600, 1001, 1001, 1001, 1001, 1500, 1500, 1500, 1500]
12:03:22.722553 ALT: 0.93
12:03:22.722752 ATT: [-0.1, 0.0, 274]
12:03:22.723025 ACC: [3, -69, 726]
12:03:22.728960 Navigation got ALT: 0.93
[1500, 1501, 1600, 1500, 2009, 950, 988, 1600, 1001, 1001, 1001, 1001, 1500, 1500, 1500, 1500]
[1500, 1501, 1600, 1500, 2009, 950, 988, 1600, 1001, 1001, 1001, 1001, 1500, 1500, 1500, 1500]
[1500, 1501, 1600, 1500, 2009, 950, 988, 1600, 1001, 1001, 1001, 1001, 1500, 1500, 1500, 1500]
[1500, 1501, 1600, 1500, 2009, 950, 988, 1600, 1001, 1001, 1001, 1001, 1500, 1500, 1500, 1500]
[1500, 1501, 1600, 1500, 2009, 950, 988, 1600, 1001, 1001, 1001, 1001, 1500, 1500, 1500, 1500]
12:03:22.762223 Navigation got ALT: 0.93
[1500, 1500, 1600, 1499, 2011, 950, 988, 1598, 1001, 1001, 1001, 1001, 1500, 1500, 1500, 1500]
[1500, 1500, 1600, 1499, 2011, 950, 988, 1598, 1001, 1001, 1001, 1001, 1500, 1500, 1500, 1500]
12:03:22.770468 ALT: 1.04
12:03:22.771000 ATT: [-0.1, -0.1, 274]
12:03:22.771896 ACC: [102, -18688, -11777]
[1500, 1500, 1600, 1499, 2011, 950, 988, 1598, 1001, 1001, 1001, 1001, 1500, 1500, 1500, 1500]
[1500, 1500, 1600, 1499, 2011, 950, 988, 1598, 1001, 1001, 1001, 1001, 1500, 1500, 1500, 1500]
[1500, 1500, 1600, 1499, 2011, 950, 988, 1598, 1001, 1001, 1001, 1001, 1500, 1500, 1500, 1500]
12:03:22.795587 Navigation got ALT: 1.04
[1500, 1499, 1600, 1501, 2009, 950, 988, 1600, 1001, 1001, 1001, 1001, 1500, 1500, 1500, 1500]
[1500, 1499, 1600, 1501, 2009, 950, 988, 1600, 1001, 1001, 1001, 1001, 1500, 1500, 1500, 1500]
[1500, 1499, 1600, 1501, 2009, 950, 988, 1600, 1001, 1001, 1001, 1001, 1500, 1500, 1500, 1500]
[1500, 1499, 1600, 1501, 2009, 950, 988, 1600, 1001, 1001, 1001, 1001, 1500, 1500, 1500, 1500]
12:03:22.818583 ALT: 1.19
12:03:22.819120 ATT: [-0.1, -0.1, 274]
12:03:22.819861 ACC: [-2, -74, 698]
[1500, 1499, 1600, 1501, 2009, 950, 988, 1600, 1001, 1001, 1001, 1001, 1500, 1500, 1500, 1500]
12:03:22.829138 Navigation got ALT: 1.19
[1499, 1500, 1600, 1501, 2007, 950, 988, 1600, 1001, 1001, 1001, 1001, 1500, 1500, 1500, 1500]
[1499, 1500, 1600, 1501, 2007, 950, 988, 1600, 1001, 1001, 1001, 1001, 1500, 1500, 1500, 1500]
[1499, 1500, 1600, 1501, 2007, 950, 988, 1600, 1001, 1001, 1001, 1001, 1500, 1500, 1500, 1500]
[1499, 1500, 1600, 1501, 2007, 950, 988, 1600, 1001, 1001, 1001, 1001, 1500, 1500, 1500, 1500]
[1499, 1500, 1600, 1501, 2007, 950, 988, 1600, 1001, 1001, 1001, 1001, 1500, 1500, 1500, 1500]
12:03:22.862327 Navigation got ALT: 1.19
[1500, 1500, 1600, 1499, 2011, 950, 988, 1600, 1001, 1001, 1001, 1001, 1500, 1500, 1500, 1500]
12:03:22.866453 ALT: 1.29
12:03:22.866564 ATT: [-0.1, -0.1, 274]
12:03:22.868314 ACC: [-4, -67, 692]
[1500, 1500, 1600, 1499, 2011, 950, 988, 1600, 1001, 1001, 1001, 1001, 1500, 1500, 1500, 1500]
[1500, 1500, 1600, 1499, 2011, 950, 988, 1600, 1001, 1001, 1001, 1001, 1500, 1500, 1500, 1500]
[1500, 1500, 1600, 1499, 2011, 950, 988, 1600, 1001, 1001, 1001, 1001, 1500, 1500, 1500, 1500]
[1500, 1500, 1600, 1499, 2011, 950, 988, 1600, 1001, 1001, 1001, 1001, 1500, 1500, 1500, 1500]
12:03:22.895716 Navigation got ALT: 1.29
[1500, 1500, 1600, 1499, 2011, 950, 988, 1598, 1001, 1001, 1001, 1001, 1500, 1500, 1500, 1500]
[1500, 1500, 1600, 1499, 2011, 950, 988, 1598, 1001, 1001, 1001, 1001, 1500, 1500, 1500, 1500]
[1500, 1500, 1600, 1499, 2011, 950, 988, 1598, 1001, 1001, 1001, 1001, 1500, 1500, 1500, 1500]
12:03:22.914396 ALT: 1.49
12:03:22.914495 ATT: [-0.2, 0.0, 274]
12:03:22.914834 ACC: [-2, -65, 702]
[1500, 1500, 1600, 1499, 2011, 950, 988, 1598, 1001, 1001, 1001, 1001, 1500, 1500, 1500, 1500]
[1500, 1500, 1600, 1499, 2011, 950, 988, 1598, 1001, 1001, 1001, 1001, 1500, 1500, 1500, 1500]
12:03:22.928912 Navigation got ALT: 1.49
[1500, 1500, 1600, 1499, 2011, 950, 988, 1600, 1001, 1001, 1001, 1001, 1500, 1500, 1500, 1500]
[1500, 1500, 1600, 1499, 2011, 950, 988, 1600, 1001, 1001, 1001, 1001, 1500, 1500, 1500, 1500]
[1500, 1500, 1600, 1499, 2011, 950, 988, 1600, 1001, 1001, 1001, 1001, 1500, 1500, 1500, 1500]
[1500, 1500, 1600, 1499, 2011, 950, 988, 1600, 1001, 1001, 1001, 1001, 1500, 1500, 1500, 1500]
[1500, 1500, 1600, 1499, 2011, 950, 988, 1600, 1001, 1001, 1001, 1001, 1500, 1500, 1500, 1500]
12:03:22.962263 Navigation got ALT: 1.49
[1499, 1500, 1600, 1500, 2011, 950, 988, 1600, 1001, 1001, 1001, 1001, 1500, 1500, 1500, 1500]
12:03:22.962597 ALT: 1.67
12:03:22.962635 ATT: [-0.2, 0.0, 274]
12:03:22.962915 ACC: [1, -62, 704]
[1499, 1500, 1600, 1500, 2011, 950, 988, 1600, 1001, 1001, 1001, 1001, 1500, 1500, 1500, 1500]
[1499, 1500, 1600, 1500, 2011, 950, 988, 1600, 1001, 1001, 1001, 1001, 1500, 1500, 1500, 1500]
[1499, 1500, 1600, 1500, 2011, 950, 988, 1600, 1001, 1001, 1001, 1001, 1500, 1500, 1500, 1500]
[1499, 1500, 1600, 1500, 2011, 950, 988, 1600, 1001, 1001, 1001, 1001, 1500, 1500, 1500, 1500]
12:03:22.995528 Navigation got ALT: 1.67
[1500, 1500, 1600, 1500, 2011, 950, 988, 1600, 1001, 1001, 1001, 1001, 1500, 1500, 1500, 1500]
[1500, 1500, 1600, 1500, 2011, 950, 988, 1600, 1001, 1001, 1001, 1001, 1500, 1500, 1500, 1500]
[1500, 1500, 1600, 1500, 2011, 950, 988, 1600, 1001, 1001, 1001, 1001, 1500, 1500, 1500, 1500]
12:03:23.011223 ALT: 1.84
12:03:23.011327 ATT: [-0.1, 0.0, 274]
12:03:23.011655 ACC: [4, -63, 713]
[1500, 1500, 1600, 1500, 2011, 950, 988, 1600, 1001, 1001, 1001, 1001, 1500, 1500, 1500, 1500]
[1500, 1500, 1600, 1500, 2011, 950, 988, 1600, 1001, 1001, 1001, 1001, 1500, 1500, 1500, 1500]
12:03:23.029038 Navigation got ALT: 1.84
[1500, 1500, 1600, 1499, 2011, 950, 988, 1600, 1001, 1001, 1001, 1001, 1500, 1500, 1500, 1500]
[1500, 1500, 1600, 1499, 2011, 950, 988, 1600, 1001, 1001, 1001, 1001, 1500, 1500, 1500, 1500]
[1500, 1500, 1600, 1499, 2011, 950, 988, 1600, 1001, 1001, 1001, 1001, 1500, 1500, 1500, 1500]
[1500, 1500, 1600, 1499, 2011, 950, 988, 1600, 1001, 1001, 1001, 1001, 1500, 1500, 1500, 1500]
[1500, 1500, 1600, 1499, 2011, 950, 988, 1600, 1001, 1001, 1001, 1001, 1500, 1500, 1500, 1500]
12:03:23.058522 ALT: 1.94
12:03:23.058637 ATT: [-0.1, -0.1, 274]
12:03:23.059108 ACC: [-1, -59, 692]
12:03:23.062286 Navigation got ALT: 1.94
[1499, 1500, 1600, 1500, 2011, 950, 988, 1600, 1001, 1001, 1001, 1001, 1500, 1500, 1500, 1500]
[1499, 1500, 1600, 1500, 2011, 950, 988, 1600, 1001, 1001, 1001, 1001, 1500, 1500, 1500, 1500]
[1499, 1500, 1600, 1500, 2011, 950, 988, 1600, 1001, 1001, 1001, 1001, 1500, 1500, 1500, 1500]
[1499, 1500, 1600, 1500, 2011, 950, 988, 1600, 1001, 1001, 1001, 1001, 1500, 1500, 1500, 1500]
[1499, 1500, 1600, 1500, 2011, 950, 988, 1600, 1001, 1001, 1001, 1001, 1500, 1500, 1500, 1500]
12:03:23.095597 Navigation got ALT: 1.94
[1500, 1499, 1600, 1500, 2011, 950, 988, 1600, 1001, 1001, 1001, 1001, 1500, 1500, 1500, 1500]
[1500, 1499, 1600, 1500, 2011, 950, 988, 1600, 1001, 1001, 1001, 1001, 1500, 1500, 1500, 1500]
12:03:23.106344 ALT: 2.14
12:03:23.106441 ATT: [-0.1, -0.1, 274]
12:03:23.106766 ACC: [-7, -58, 687]
[1500, 1499, 1600, 1500, 2011, 950, 988, 1600, 1001, 1001, 1001, 1001, 1500, 1500, 1500, 1500]
[1500, 1499, 1600, 1500, 2011, 950, 988, 1600, 1001, 1001, 1001, 1001, 1500, 1500, 1500, 1500]
[1500, 1499, 1600, 1500, 2011, 950, 988, 1600, 1001, 1001, 1001, 1001, 1500, 1500, 1500, 1500]
12:03:23.128926 Navigation got ALT: 2.14
[1499, 1550, 1600, 1500, 2011, 950, 988, 1600, 1001, 1001, 1001, 1001, 1500, 1500, 1500, 1500]
[1499, 1550, 1600, 1500, 2011, 950, 988, 1600, 1001, 1001, 1001, 1001, 1500, 1500, 1500, 1500]
[1499, 1550, 1600, 1500, 2011, 950, 988, 1600, 1001, 1001, 1001, 1001, 1500, 1500, 1500, 1500]
[1499, 1550, 1600, 1500, 2011, 950, 988, 1600, 1001, 1001, 1001, 1001, 1500, 1500, 1500, 1500]
12:03:23.155014 ALT: 2.34
12:03:23.155129 ATT: [-0.1, -0.1, 274]
12:03:23.155559 ACC: [1, -66, 670]
[1499, 1550, 1600, 1500, 2011, 950, 988, 1600, 1001, 1001, 1001, 1001, 1500, 1500, 1500, 1500]
12:03:23.162303 Navigation got ALT: 2.34
[1499, 1550, 1600, 1500, 2011, 950, 988, 1598, 1001, 1001, 1001, 1001, 1500, 1500, 1500, 1500]
[1499, 1550, 1600, 1500, 2011, 950, 988, 1598, 1001, 1001, 1001, 1001, 1500, 1500, 1500, 1500]
[1499, 1550, 1600, 1500, 2011, 950, 988, 1598, 1001, 1001, 1001, 1001, 1500, 1500, 1500, 1500]
[1499, 1550, 1600, 1500, 2011, 950, 988, 1598, 1001, 1001, 1001, 1001, 1500, 1500, 1500, 1500]
[1499, 1550, 1600, 1500, 2011, 950, 988, 1598, 1001, 1001, 1001, 1001, 1500, 1500, 1500, 1500]
12:03:23.195563 Navigation got ALT: 2.34
[1500, 1550, 1600, 1500, 2011, 950, 988, 1601, 1001, 1001, 1001, 1001, 1500, 1500, 1500, 1500]
[1500, 1550, 1600, 1500, 2011, 950, 988, 1601, 1001, 1001, 1001, 1001, 1500, 1500, 1500, 1500]
12:03:23.203508 ALT: 2.55
12:03:23.204455 ATT: [-0.1, 0.3, 274]
12:03:23.205222 ACC: [-4, -67, 658]
[1500, 1550, 1600, 1500, 2011, 950, 988, 1601, 1001, 1001, 1001, 1001, 1500, 1500, 1500, 1500]
[1500, 1550, 1600, 1500, 2011, 950, 988, 1601, 1001, 1001, 1001, 1001, 1500, 1500, 1500, 1500]
[1500, 1550, 1600, 1500, 2011, 950, 988, 1601, 1001, 1001, 1001, 1001, 1500, 1500, 1500, 1500]
12:03:23.228945 Navigation got ALT: 2.55
[1500, 1550, 1600, 1500, 2011, 950, 988, 1600, 1001, 1001, 1001, 1001, 1500, 1500, 1500, 1500]
[1500, 1550, 1600, 1500, 2011, 950, 988, 1600, 1001, 1001, 1001, 1001, 1500, 1500, 1500, 1500]
[1500, 1550, 1600, 1500, 2011, 950, 988, 1600, 1001, 1001, 1001, 1001, 1500, 1500, 1500, 1500]
[1500, 1550, 1600, 1500, 2011, 950, 988, 1600, 1001, 1001, 1001, 1001, 1500, 1500, 1500, 1500]
12:03:23.250647 ALT: 2.83
12:03:23.250848 ATT: [-0.1, 2.0, 274]
12:03:23.251302 ACC: [-3, -69, 655]
[1500, 1550, 1600, 1500, 2011, 950, 988, 1600, 1001, 1001, 1001, 1001, 1500, 1500, 1500, 1500]
12:03:23.262199 Navigation got ALT: 2.83
[1500, 1550, 1600, 1500, 2011, 950, 988, 1600, 1001, 1001, 1001, 1001, 1500, 1500, 1500, 1500]
[1500, 1550, 1600, 1500, 2011, 950, 988, 1600, 1001, 1001, 1001, 1001, 1500, 1500, 1500, 1500]
[1500, 1550, 1600, 1500, 2011, 950, 988, 1600, 1001, 1001, 1001, 1001, 1500, 1500, 1500, 1500]
[1500, 1550, 1600, 1500, 2011, 950, 988, 1600, 1001, 1001, 1001, 1001, 1500, 1500, 1500, 1500]
[1500, 1550, 1600, 1500, 2011, 950, 988, 1600, 1001, 1001, 1001, 1001, 1500, 1500, 1500, 1500]
12:03:23.295687 Navigation got ALT: 2.83
[1500, 1548, 1600, 1500, 2011, 950, 988, 1600, 1001, 1001, 1001, 1001, 1500, 1500, 1500, 1500]
12:03:23.298398 ALT: 3.11
12:03:23.298502 ATT: [-0.1, 2.7, 274]
12:03:23.298874 ACC: [-4, -64, 661]
[1500, 1548, 1600, 1500, 2011, 950, 988, 1600, 1001, 1001, 1001, 1001, 1500, 1500, 1500, 1500]
[1500, 1548, 1600, 1500, 2011, 950, 988, 1600, 1001, 1001, 1001, 1001, 1500, 1500, 1500, 1500]
[1500, 1548, 1600, 1500, 2011, 950, 988, 1600, 1001, 1001, 1001, 1001, 1500, 1500, 1500, 1500]
[1500, 1548, 1600, 1500, 2011, 950, 988, 1600, 1001, 1001, 1001, 1001, 1500, 1500, 1500, 1500]
12:03:23.328905 Navigation got ALT: 3.11
[1500, 1548, 1600, 1500, 2011, 950, 988, 1600, 1001, 1001, 1001, 1001, 1500, 1500, 1500, 1500]
[1500, 1548, 1600, 1500, 2011, 950, 988, 1600, 1001, 1001, 1001, 1001, 1500, 1500, 1500, 1500]
[1500, 1548, 1600, 1500, 2011, 950, 988, 1600, 1001, 1001, 1001, 1001, 1500, 1500, 1500, 1500]
12:03:23.346528 ALT: 3.37
12:03:23.346620 ATT: [-0.1, 3.2, 274]
12:03:23.346959 ACC: [-5, -62, 640]
[1500, 1548, 1600, 1500, 2011, 950, 988, 1600, 1001, 1001, 1001, 1001, 1500, 1500, 1500, 1500]
[1500, 1548, 1600, 1500, 2011, 950, 988, 1600, 1001, 1001, 1001, 1001, 1500, 1500, 1500, 1500]
12:03:23.362397 Navigation got ALT: 3.37
[1499, 1550, 1600, 1500, 2011, 950, 988, 1600, 1001, 1001, 1001, 1001, 1500, 1500, 1500, 1500]
[1499, 1550, 1600, 1500, 2011, 950, 988, 1600, 1001, 1001, 1001, 1001, 1500, 1500, 1500, 1500]
[1499, 1550, 1600, 1500, 2011, 950, 988, 1600, 1001, 1001, 1001, 1001, 1500, 1500, 1500, 1500]
[1499, 1550, 1600, 1500, 2011, 950, 988, 1600, 1001, 1001, 1001, 1001, 1500, 1500, 1500, 1500]
[1499, 1550, 1600, 1500, 2011, 950, 988, 1600, 1001, 1001, 1001, 1001, 1500, 1500, 1500, 1500]
12:03:23.394644 ALT: 3.63
12:03:23.394824 ATT: [-0.1, 3.7, 274]
12:03:23.395160 ACC: [-1, -57, 634]
12:03:23.399222 Navigation got ALT: 3.63
[1500, 1548, 1600, 1499, 2011, 950, 988, 1600, 1001, 1001, 1001, 1001, 1500, 1500, 1500, 1500]
[1500, 1548, 1600, 1499, 2011, 950, 988, 1600, 1001, 1001, 1001, 1001, 1500, 1500, 1500, 1500]
[1500, 1548, 1600, 1499, 2011, 950, 988, 1600, 1001, 1001, 1001, 1001, 1500, 1500, 1500, 1500]
[1500, 1548, 1600, 1499, 2011, 950, 988, 1600, 1001, 1001, 1001, 1001, 1500, 1500, 1500, 1500]
[1500, 1548, 1600, 1499, 2011, 950, 988, 1600, 1001, 1001, 1001, 1001, 1500, 1500, 1500, 1500]
[1500, 1548, 1600, 1499, 2011, 950, 988, 1600, 1001, 1001, 1001, 1001, 1500, 1500, 1500, 1500]
12:03:23.436370 Navigation got ALT: 3.63
[1500, 1550, 1600, 1500, 2011, 950, 988, 1600, 1001, 1001, 1001, 1001, 1500, 1500, 1500, 1500]
[1500, 1550, 1600, 1500, 2011, 950, 988, 1600, 1001, 1001, 1001, 1001, 1500, 1500, 1500, 1500]
12:03:23.442730 ALT: 3.91
12:03:23.442892 ATT: [-0.1, 4.1, 274]
12:03:23.443500 ACC: [2, -58, 636]
[1500, 1550, 1600, 1500, 2011, 950, 988, 1600, 1001, 1001, 1001, 1001, 1500, 1500, 1500, 1500]
[1500, 1550, 1600, 1500, 2011, 950, 988, 1600, 1001, 1001, 1001, 1001, 1500, 1500, 1500, 1500]
[1500, 1550, 1600, 1500, 2011, 950, 988, 1600, 1001, 1001, 1001, 1001, 1500, 1500, 1500, 1500]
12:03:23.469520 Navigation got ALT: 3.91
[1500, 1550, 1600, 1500, 2011, 950, 988, 1600, 1001, 1001, 1001, 1001, 1500, 1500, 1500, 1500]
[1500, 1550, 1600, 1500, 2011, 950, 988, 1600, 1001, 1001, 1001, 1001, 1500, 1500, 1500, 1500]
[1500, 1550, 1600, 1500, 2011, 950, 988, 1600, 1001, 1001, 1001, 1001, 1500, 1500, 1500, 1500]
[1500, 1550, 1600, 1500, 2011, 950, 988, 1600, 1001, 1001, 1001, 1001, 1500, 1500, 1500, 1500]
12:03:23.490408 ALT: 4.16
12:03:23.490495 ATT: [-0.2, 4.2, 274]
12:03:23.490841 ACC: [1, -51, 631]
[1500, 1550, 1600, 1500, 2011, 950, 988, 1600, 1001, 1001, 1001, 1001, 1500, 1500, 1500, 1500]
12:03:23.502744 Navigation got ALT: 4.16
[1500, 1550, 1600, 1500, 2011, 950, 988, 1600, 1001, 1001, 1001, 1001, 1500, 1500, 1500, 1500]
[1500, 1550, 1600, 1500, 2011, 950, 988, 1600, 1001, 1001, 1001, 1001, 1500, 1500, 1500, 1500]
[1500, 1550, 1600, 1500, 2011, 950, 988, 1600, 1001, 1001, 1001, 1001, 1500, 1500, 1500, 1500]
[1500, 1550, 1600, 1500, 2011, 950, 988, 1600, 1001, 1001, 1001, 1001, 1500, 1500, 1500, 1500]
[1500, 1550, 1600, 1500, 2011, 950, 988, 1600, 1001, 1001, 1001, 1001, 1500, 1500, 1500, 1500]
12:03:23.536378 Navigation got ALT: 4.16
[1500, 1550, 1600, 1500, 2009, 950, 988, 1601, 1001, 1001, 1001, 1001, 1500, 1500, 1500, 1500]
12:03:23.538416 ALT: 4.31
12:03:23.538499 ATT: [-0.2, 4.5, 274]
12:03:23.538881 ACC: [3, -51, 627]
[1500, 1550, 1600, 1500, 2009, 950, 988, 1601, 1001, 1001, 1001, 1001, 1500, 1500, 1500, 1500]
[1500, 1550, 1600, 1500, 2009, 950, 988, 1601, 1001, 1001, 1001, 1001, 1500, 1500, 1500, 1500]
[1500, 1550, 1600, 1500, 2009, 950, 988, 1601, 1001, 1001, 1001, 1001, 1500, 1500, 1500, 1500]
[1500, 1550, 1600, 1500, 2009, 950, 988, 1601, 1001, 1001, 1001, 1001, 1500, 1500, 1500, 1500]
12:03:23.569362 Navigation got ALT: 4.31
[1500, 1551, 1600, 1500, 2011, 950, 988, 1600, 1001, 1001, 1001, 1001, 1500, 1500, 1500, 1500]
[1500, 1551, 1600, 1500, 2011, 950, 988, 1600, 1001, 1001, 1001, 1001, 1500, 1500, 1500, 1500]
[1500, 1551, 1600, 1500, 2011, 950, 988, 1600, 1001, 1001, 1001, 1001, 1500, 1500, 1500, 1500]
12:03:23.586499 ALT: 4.8
12:03:23.586601 ATT: [-0.1, 4.7, 274]
12:03:23.587170 ACC: [0, -48, 620]
[1500, 1551, 1600, 1500, 2011, 950, 988, 1600, 1001, 1001, 1001, 1001, 1500, 1500, 1500, 1500]
[1500, 1551, 1600, 1500, 2011, 950, 988, 1600, 1001, 1001, 1001, 1001, 1500, 1500, 1500, 1500]
12:03:23.602653 Navigation got ALT: 4.8
[1499, 1550, 1600, 1500, 2011, 950, 988, 1598, 1001, 1001, 1001, 1001, 1500, 1500, 1500, 1500]
[1499, 1550, 1600, 1500, 2011, 950, 988, 1598, 1001, 1001, 1001, 1001, 1500, 1500, 1500, 1500]
[1499, 1550, 1600, 1500, 2011, 950, 988, 1598, 1001, 1001, 1001, 1001, 1500, 1500, 1500, 1500]
[1499, 1550, 1600, 1500, 2011, 950, 988, 1598, 1001, 1001, 1001, 1001, 1500, 1500, 1500, 1500]
[1499, 1550, 1600, 1500, 2011, 950, 988, 1598, 1001, 1001, 1001, 1001, 1500, 1500, 1500, 1500]
12:03:23.634508 ALT: 5.19
12:03:23.634739 ATT: [-0.1, 4.9, 274]
12:03:23.635586 ACC: [-2, -44, 616]
12:03:23.636469 Navigation got ALT: 5.19
[1500, 1550, 1600, 1499, 2011, 950, 988, 1600, 1001, 1001, 1001, 1001, 1500, 1500, 1500, 1500]
[1500, 1550, 1600, 1499, 2011, 950, 988, 1600, 1001, 1001, 1001, 1001, 1500, 1500, 1500, 1500]
[1500, 1550, 1600, 1499, 2011, 950, 988, 1600, 1001, 1001, 1001, 1001, 1500, 1500, 1500, 1500]
[1500, 1550, 1600, 1499, 2011, 950, 988, 1600, 1001, 1001, 1001, 1001, 1500, 1500, 1500, 1500]
[1500, 1550, 1600, 1499, 2011, 950, 988, 1600, 1001, 1001, 1001, 1001, 1500, 1500, 1500, 1500]
12:03:23.669120 Navigation got ALT: 5.19
[1499, 1550, 1600, 1500, 2011, 950, 988, 1600, 1001, 1001, 1001, 1001, 1500, 1500, 1500, 1500]
[1499, 1550, 1600, 1500, 2011, 950, 988, 1600, 1001, 1001, 1001, 1001, 1500, 1500, 1500, 1500]
[1499, 1550, 1600, 1500, 2011, 950, 988, 1600, 1001, 1001, 1001, 1001, 1500, 1500, 1500, 1500]
12:03:23.682672 ALT: 5.33
12:03:23.682726 ATT: [-0.1, 5.0, 274]
12:03:23.683029 ACC: [-1, -51, 608]
[1499, 1550, 1600, 1500, 2011, 950, 988, 1600, 1001, 1001, 1001, 1001, 1500, 1500, 1500, 1500]
[1499, 1550, 1600, 1500, 2011, 950, 988, 1600, 1001, 1001, 1001, 1001, 1500, 1500, 1500, 1500]
12:03:23.702503 Navigation got ALT: 5.33
[1500, 1550, 1600, 1500, 2011, 950, 989, 1598, 1001, 1001, 1001, 1001, 1500, 1500, 1500, 1500]
[1500, 1550, 1600, 1500, 2011, 950, 989, 1598, 1001, 1001, 1001, 1001, 1500, 1500, 1500, 1500]
[1500, 1550, 1600, 1500, 2011, 950, 989, 1598, 1001, 1001, 1001, 1001, 1500, 1500, 1500, 1500]
[1500, 1550, 1600, 1500, 2011, 950, 989, 1598, 1001, 1001, 1001, 1001, 1500, 1500, 1500, 1500]
[1500, 1550, 1600, 1500, 2011, 950, 989, 1598, 1001, 1001, 1001, 1001, 1500, 1500, 1500, 1500]
12:03:23.730459 ALT: 5.68
12:03:23.730557 ATT: [-0.1, 5.1, 274]
12:03:23.731654 ACC: [-1, -54, 605]
12:03:23.736033 Navigation got ALT: 5.68
[1500, 1550, 1600, 1500, 2011, 950, 988, 1600, 1001, 1001, 1001, 1001, 1500, 1500, 1500, 1500]
[1500, 1550, 1600, 1500, 2011, 950, 988, 1600, 1001, 1001, 1001, 1001, 1500, 1500, 1500, 1500]
[1500, 1550, 1600, 1500, 2011, 950, 988, 1600, 1001, 1001, 1001, 1001, 1500, 1500, 1500, 1500]
[1500, 1550, 1600, 1500, 2011, 950, 988, 1600, 1001, 1001, 1001, 1001, 1500, 1500, 1500, 1500]
[1500, 1550, 1600, 1500, 2011, 950, 988, 1600, 1001, 1001, 1001, 1001, 1500, 1500, 1500, 1500]
12:03:23.769292 Navigation got ALT: 5.68
[1500, 1550, 1600, 1500, 2011, 950, 989, 1598, 1001, 1001, 1001, 1001, 1500, 1500, 1500, 1500]
[1500, 1550, 1600, 1500, 2011, 950, 989, 1598, 1001, 1001, 1001, 1001, 1500, 1500, 1500, 1500]
12:03:23.778656 ALT: 6.01
12:03:23.778771 ATT: [-0.1, 5.1, 274]
12:03:23.779144 ACC: [-7, -47, 596]
[1500, 1550, 1600, 1500, 2011, 950, 989, 1598, 1001, 1001, 1001, 1001, 1500, 1500, 1500, 1500]
[1500, 1550, 1600, 1500, 2011, 950, 989, 1598, 1001, 1001, 1001, 1001, 1500, 1500, 1500, 1500]
[1500, 1550, 1600, 1500, 2011, 950, 989, 1598, 1001, 1001, 1001, 1001, 1500, 1500, 1500, 1500]
12:03:23.802394 Navigation got ALT: 6.01
[1500, 1550, 1600, 1500, 2011, 950, 988, 1598, 1001, 1001, 1001, 1001, 1500, 1500, 1500, 1500]
[1500, 1550, 1600, 1500, 2011, 950, 988, 1598, 1001, 1001, 1001, 1001, 1500, 1500, 1500, 1500]
[1500, 1550, 1600, 1500, 2011, 950, 988, 1598, 1001, 1001, 1001, 1001, 1500, 1500, 1500, 1500]
[1500, 1550, 1600, 1500, 2011, 950, 988, 1598, 1001, 1001, 1001, 1001, 1500, 1500, 1500, 1500]
12:03:23.826651 ALT: 6.4
12:03:23.827512 ATT: [-0.1, 5.3, 274]
12:03:23.828222 ACC: [-5, -42, 578]
[1500, 1550, 1600, 1500, 2011, 950, 988, 1598, 1001, 1001, 1001, 1001, 1500, 1500, 1500, 1500]
12:03:23.835725 Navigation got ALT: 6.4
[1500, 1550, 1600, 1500, 2011, 950, 988, 1598, 1001, 1001, 1001, 1001, 1500, 1500, 1500, 1500]
[1500, 1550, 1600, 1500, 2011, 950, 988, 1598, 1001, 1001, 1001, 1001, 1500, 1500, 1500, 1500]
[1500, 1550, 1600, 1500, 2011, 950, 988, 1598, 1001, 1001, 1001, 1001, 1500, 1500, 1500, 1500]
[1500, 1550, 1600, 1500, 2011, 950, 988, 1598, 1001, 1001, 1001, 1001, 1500, 1500, 1500, 1500]
[1500, 1550, 1600, 1500, 2011, 950, 988, 1598, 1001, 1001, 1001, 1001, 1500, 1500, 1500, 1500]
12:03:23.869132 Navigation got ALT: 6.4
[1500, 1550, 1600, 1500, 2011, 950, 988, 1600, 1001, 1001, 1001, 1001, 1500, 1500, 1500, 1500]
12:03:23.874465 ALT: 6.81
12:03:23.874552 ATT: [-0.2, 5.2, 274]
12:03:23.874814 ACC: [-5, -34, 574]
[1500, 1550, 1600, 1500, 2011, 950, 988, 1600, 1001, 1001, 1001, 1001, 1500, 1500, 1500, 1500]
[1500, 1550, 1600, 1500, 2011, 950, 988, 1600, 1001, 1001, 1001, 1001, 1500, 1500, 1500, 1500]
[1500, 1550, 1600, 1500, 2011, 950, 988, 1600, 1001, 1001, 1001, 1001, 1500, 1500, 1500, 1500]
[1500, 1550, 1600, 1500, 2011, 950, 988, 1600, 1001, 1001, 1001, 1001, 1500, 1500, 1500, 1500]
12:03:23.902841 Navigation got ALT: 6.81
[1500, 1550, 1600, 1500, 2011, 950, 988, 1600, 1001, 1001, 1001, 1001, 1500, 1500, 1500, 1500]
[1500, 1550, 1600, 1500, 2011, 950, 988, 1600, 1001, 1001, 1001, 1001, 1500, 1500, 1500, 1500]
[1500, 1550, 1600, 1500, 2011, 950, 988, 1600, 1001, 1001, 1001, 1001, 1500, 1500, 1500, 1500]
[1500, 1550, 1600, 1500, 2011, 950, 988, 1600, 1001, 1001, 1001, 1001, 1500, 1500, 1500, 1500]
12:03:23.923791 ALT: 7.23
12:03:23.923873 ATT: [-0.2, 5.3, 274]
12:03:23.924163 ACC: [-5, -33, 580]
[1500, 1550, 1600, 1500, 2011, 950, 988, 1600, 1001, 1001, 1001, 1001, 1500, 1500, 1500, 1500]
12:03:23.936105 Navigation got ALT: 7.23
[1500, 1550, 1600, 1500, 2011, 950, 988, 1600, 1001, 1001, 1001, 1001, 1500, 1500, 1500, 1500]
[1500, 1550, 1600, 1500, 2011, 950, 988, 1600, 1001, 1001, 1001, 1001, 1500, 1500, 1500, 1500]
[1500, 1550, 1600, 1500, 2011, 950, 988, 1600, 1001, 1001, 1001, 1001, 1500, 1500, 1500, 1500]
[1500, 1550, 1600, 1500, 2011, 950, 988, 1600, 1001, 1001, 1001, 1001, 1500, 1500, 1500, 1500]
[1500, 1550, 1600, 1500, 2011, 950, 988, 1600, 1001, 1001, 1001, 1001, 1500, 1500, 1500, 1500]
12:03:23.969138 Navigation got ALT: 7.23
[1500, 1548, 1600, 1500, 2011, 950, 988, 1600, 1001, 1001, 1001, 1001, 1500, 1500, 1500, 1500]
12:03:23.971960 ALT: 7.65
12:03:23.972052 ATT: [-0.1, 5.3, 274]
12:03:23.972321 ACC: [-9, -31, 575]
[1500, 1548, 1600, 1500, 2011, 950, 988, 1600, 1001, 1001, 1001, 1001, 1500, 1500, 1500, 1500]
[1500, 1548, 1600, 1500, 2011, 950, 988, 1600, 1001, 1001, 1001, 1001, 1500, 1500, 1500, 1500]
[1500, 1548, 1600, 1500, 2011, 950, 988, 1600, 1001, 1001, 1001, 1001, 1500, 1500, 1500, 1500]
[1500, 1548, 1600, 1500, 2011, 950, 988, 1600, 1001, 1001, 1001, 1001, 1500, 1500, 1500, 1500]
12:03:24.002676 Navigation got ALT: 7.65
[1500, 1550, 1600, 1500, 2011, 950, 988, 1600, 1001, 1001, 1001, 1001, 1500, 1500, 1500, 1500]
[1500, 1550, 1600, 1500, 2011, 950, 988, 1600, 1001, 1001, 1001, 1001, 1500, 1500, 1500, 1500]
[1500, 1550, 1600, 1500, 2011, 950, 988, 1600, 1001, 1001, 1001, 1001, 1500, 1500, 1500, 1500]
12:03:24.019650 ALT: 8.07
12:03:24.019895 ATT: [-0.1, 5.3, 274]
12:03:24.020679 ACC: [-10, -31, 579]
[1500, 1550, 1600, 1500, 2011, 950, 988, 1600, 1001, 1001, 1001, 1001, 1500, 1500, 1500, 1500]
[1500, 1550, 1600, 1500, 2011, 950, 988, 1600, 1001, 1001, 1001, 1001, 1500, 1500, 1500, 1500]
12:03:24.035814 Navigation got ALT: 8.07
[1500, 1550, 1600, 1500, 2011, 950, 988, 1600, 1001, 1001, 1001, 1001, 1500, 1500, 1500, 1500]
[1500, 1550, 1600, 1500, 2011, 950, 988, 1600, 1001, 1001, 1001, 1001, 1500, 1500, 1500, 1500]
[1500, 1550, 1600, 1500, 2011, 950, 988, 1600, 1001, 1001, 1001, 1001, 1500, 1500, 1500, 1500]
[1500, 1550, 1600, 1500, 2011, 950, 988, 1600, 1001, 1001, 1001, 1001, 1500, 1500, 1500, 1500]
[1500, 1550, 1600, 1500, 2011, 950, 988, 1600, 1001, 1001, 1001, 1001, 1500, 1500, 1500, 1500]
12:03:24.067789 ALT: 8.54
12:03:24.068121 ATT: [-0.1, 5.3, 274]
12:03:24.068629 ACC: [-11, -27, 578]
12:03:24.070271 Navigation got ALT: 8.54
[1500, 1548, 1600, 1500, 2011, 950, 988, 1598, 1001, 1001, 1001, 1001, 1500, 1500, 1500, 1500]
[1500, 1548, 1600, 1500, 2011, 950, 988, 1598, 1001, 1001, 1001, 1001, 1500, 1500, 1500, 1500]
[1500, 1548, 1600, 1500, 2011, 950, 988, 1598, 1001, 1001, 1001, 1001, 1500, 1500, 1500, 1500]
[1500, 1548, 1600, 1500, 2011, 950, 988, 1598, 1001, 1001, 1001, 1001, 1500, 1500, 1500, 1500]
[1500, 1548, 1600, 1500, 2011, 950, 988, 1598, 1001, 1001, 1001, 1001, 1500, 1500, 1500, 1500]
12:03:24.102374 Navigation got ALT: 8.54
[1500, 1550, 1600, 1500, 2011, 950, 988, 1600, 1001, 1001, 1001, 1001, 1500, 1500, 1500, 1500]
[1500, 1550, 1600, 1500, 2011, 950, 988, 1600, 1001, 1001, 1001, 1001, 1500, 1500, 1500, 1500]
12:03:24.115090 ALT: 9.02
12:03:24.115424 ATT: [-0.1, 5.3, 274]
12:03:24.115945 ACC: [-13, -26, 582]
[1500, 1550, 1600, 1500, 2011, 950, 988, 1600, 1001, 1001, 1001, 1001, 1500, 1500, 1500, 1500]
[1500, 1550, 1600, 1500, 2011, 950, 988, 1600, 1001, 1001, 1001, 1001, 1500, 1500, 1500, 1500]
[1500, 1550, 1600, 1500, 2011, 950, 988, 1600, 1001, 1001, 1001, 1001, 1500, 1500, 1500, 1500]
12:03:24.136195 Navigation got ALT: 9.02
[1500, 1550, 1600, 1500, 2011, 950, 988, 1598, 1001, 1001, 1001, 1001, 1500, 1500, 1500, 1500]
[1500, 1550, 1600, 1500, 2011, 950, 988, 1598, 1001, 1001, 1001, 1001, 1500, 1500, 1500, 1500]
[1500, 1550, 1600, 1500, 2011, 950, 988, 1598, 1001, 1001, 1001, 1001, 1500, 1500, 1500, 1500]
[1500, 1550, 1600, 1500, 2011, 950, 988, 1598, 1001, 1001, 1001, 1001, 1500, 1500, 1500, 1500]
[1500, 1550, 1600, 1500, 2011, 950, 988, 1598, 1001, 1001, 1001, 1001, 1500, 1500, 1500, 1500]
12:03:24.162724 ALT: 9.53
12:03:24.162782 ATT: [-0.1, 5.3, 274]
12:03:24.163272 ACC: [-15, -29, 571]
12:03:24.169681 Navigation got ALT: 9.53
[1500, 1548, 1600, 1500, 2011, 950, 988, 1600, 1001, 1001, 1001, 1001, 1500, 1500, 1500, 1500]
[1500, 1548, 1600, 1500, 2011, 950, 988, 1600, 1001, 1001, 1001, 1001, 1500, 1500, 1500, 1500]
[1500, 1548, 1600, 1500, 2011, 950, 988, 1600, 1001, 1001, 1001, 1001, 1500, 1500, 1500, 1500]
[1500, 1548, 1600, 1500, 2011, 950, 988, 1600, 1001, 1001, 1001, 1001, 1500, 1500, 1500, 1500]
[1500, 1548, 1600, 1500, 2011, 950, 988, 1600, 1001, 1001, 1001, 1001, 1500, 1500, 1500, 1500]
12:03:24.202487 Navigation got ALT: 9.53
*** Set bbox BEGIN position ***
[1500, 1550, 1600, 1500, 2011, 1329, 1197, 1300, 1001, 1001, 1001, 1001, 1500, 1500, 1500, 1500]
[1500, 1550, 1600, 1500, 2011, 1329, 1197, 1300, 1001, 1001, 1001, 1001, 1500, 1500, 1500, 1500]
12:03:24.211861 ALT: 10.03
12:03:24.212074 ATT: [0.0, 5.3, 274]
12:03:24.212431 ACC: [-20, -30, 570]
[1500, 1550, 1600, 1500, 2011, 1329, 1197, 1300, 1001, 1001, 1001, 1001, 1500, 1500, 1500, 1500]
[1500, 1550, 1600, 1500, 2011, 1329, 1197, 1300, 1001, 1001, 1001, 1001, 1500, 1500, 1500, 1500]
[1500, 1550, 1600, 1500, 2011, 1329, 1197, 1300, 1001, 1001, 1001, 1001, 1500, 1500, 1500, 1500]
12:03:24.236789 Navigation got ALT: 10.03
*** Set bbox BEGIN position ***
[1500, 1550, 1600, 1500, 2011, 1329, 1197, 1301, 1001, 1001, 1001, 1001, 1500, 1500, 1500, 1500]
[1500, 1550, 1600, 1500, 2011, 1329, 1197, 1301, 1001, 1001, 1001, 1001, 1500, 1500, 1500, 1500]
[1500, 1550, 1600, 1500, 2011, 1329, 1197, 1301, 1001, 1001, 1001, 1001, 1500, 1500, 1500, 1500]
[1500, 1550, 1600, 1500, 2011, 1329, 1197, 1301, 1001, 1001, 1001, 1001, 1500, 1500, 1500, 1500]
12:03:24.258515 ALT: 10.53
12:03:24.258609 ATT: [-0.1, 5.3, 274]
12:03:24.258875 ACC: [-18, -28, 570]
[1500, 1550, 1600, 1500, 2011, 1329, 1197, 1301, 1001, 1001, 1001, 1001, 1500, 1500, 1500, 1500]
12:03:24.269289 Navigation got ALT: 10.53
*** Set bbox BEGIN position ***
* Start point: 448, 316
[1500, 1550, 1600, 1500, 2011, 1329, 1197, 1300, 1001, 1001, 1001, 1001, 1500, 1500, 1500, 1500]
[1500, 1550, 1600, 1500, 2011, 1329, 1197, 1300, 1001, 1001, 1001, 1001, 1500, 1500, 1500, 1500]
[1500, 1550, 1600, 1500, 2011, 1329, 1197, 1300, 1001, 1001, 1001, 1001, 1500, 1500, 1500, 1500]
**Resetting tracker.
[1500, 1550, 1600, 1500, 2011, 1329, 1197, 1300, 1001, 1001, 1001, 1001, 1500, 1500, 1500, 1500]
[1500, 1550, 1600, 1500, 2011, 1329, 1197, 1300, 1001, 1001, 1001, 1001, 1500, 1500, 1500, 1500]
12:03:24.302727 Navigation got ALT: 10.53
*** Set bbox BEGIN position ***
[1500, 1548, 1600, 1500, 2011, 1329, 1197, 1300, 1001, 1001, 1001, 1001, 1500, 1500, 1500, 1500]
12:03:24.306768 ALT: 10.84
12:03:24.306863 ATT: [0.0, 5.4, 274]
12:03:24.307164 ACC: [-20, -29, 575]
[1500, 1548, 1600, 1500, 2011, 1329, 1197, 1300, 1001, 1001, 1001, 1001, 1500, 1500, 1500, 1500]
[1500, 1548, 1600, 1500, 2011, 1329, 1197, 1300, 1001, 1001, 1001, 1001, 1500, 1500, 1500, 1500]
[1500, 1548, 1600, 1500, 2011, 1329, 1197, 1300, 1001, 1001, 1001, 1001, 1500, 1500, 1500, 1500]
[1500, 1548, 1600, 1500, 2011, 1329, 1197, 1300, 1001, 1001, 1001, 1001, 1500, 1500, 1500, 1500]
12:03:24.336326 Navigation got ALT: 10.84
*** Set bbox BEGIN position ***
[1500, 1548, 1600, 1499, 2011, 1329, 1197, 1300, 1001, 1001, 1001, 1001, 1500, 1500, 1500, 1500]
[1500, 1548, 1600, 1499, 2011, 1329, 1197, 1300, 1001, 1001, 1001, 1001, 1500, 1500, 1500, 1500]
[1500, 1548, 1600, 1499, 2011, 1329, 1197, 1300, 1001, 1001, 1001, 1001, 1500, 1500, 1500, 1500]
12:03:24.355299 ALT: 11.38
12:03:24.355394 ATT: [0.0, 5.4, 274]
12:03:24.355867 ACC: [-18, -30, 569]
[1500, 1548, 1600, 1499, 2011, 1329, 1197, 1300, 1001, 1001, 1001, 1001, 1500, 1500, 1500, 1500]
[1500, 1548, 1600, 1499, 2011, 1329, 1197, 1300, 1001, 1001, 1001, 1001, 1500, 1500, 1500, 1500]
12:03:24.371846 Navigation got ALT: 11.38
*** Set bbox BEGIN position ***
[1500, 1550, 1600, 1500, 2011, 1327, 1197, 1300, 1001, 1001, 1001, 1001, 1500, 1500, 1500, 1500]
[1500, 1550, 1600, 1500, 2011, 1327, 1197, 1300, 1001, 1001, 1001, 1001, 1500, 1500, 1500, 1500]
[1500, 1550, 1600, 1500, 2011, 1327, 1197, 1300, 1001, 1001, 1001, 1001, 1500, 1500, 1500, 1500]
[1500, 1550, 1600, 1500, 2011, 1327, 1197, 1300, 1001, 1001, 1001, 1001, 1500, 1500, 1500, 1500]
[1500, 1550, 1600, 1500, 2011, 1327, 1197, 1300, 1001, 1001, 1001, 1001, 1500, 1500, 1500, 1500]
12:03:24.402545 Navigation got ALT: 11.38
*** Set bbox BEGIN position ***
[1500, 1550, 1600, 1500, 2011, 1329, 1197, 1300, 1001, 1001, 1001, 1001, 1500, 1500, 1500, 1500]
12:03:24.403067 ALT: 11.91
12:03:24.403168 ATT: [-0.1, 5.4, 274]
12:03:24.404032 ACC: [-18, -32, 557]
[1500, 1550, 1600, 1500, 2011, 1329, 1197, 1300, 1001, 1001, 1001, 1001, 1500, 1500, 1500, 1500]
[1500, 1550, 1600, 1500, 2011, 1329, 1197, 1300, 1001, 1001, 1001, 1001, 1500, 1500, 1500, 1500]
[1500, 1550, 1600, 1500, 2011, 1329, 1197, 1300, 1001, 1001, 1001, 1001, 1500, 1500, 1500, 1500]
[1500, 1550, 1600, 1500, 2011, 1329, 1197, 1300, 1001, 1001, 1001, 1001, 1500, 1500, 1500, 1500]
12:03:24.436198 Navigation got ALT: 11.91
*** Set bbox BEGIN position ***
[1500, 1550, 1600, 1500, 2011, 1329, 1197, 1300, 1001, 1001, 1001, 1001, 1500, 1500, 1500, 1500]
[1500, 1550, 1600, 1500, 2011, 1329, 1197, 1300, 1001, 1001, 1001, 1001, 1500, 1500, 1500, 1500]
[1500, 1550, 1600, 1500, 2011, 1329, 1197, 1300, 1001, 1001, 1001, 1001, 1500, 1500, 1500, 1500]
[1500, 1550, 1600, 1500, 2011, 1329, 1197, 1300, 1001, 1001, 1001, 1001, 1500, 1500, 1500, 1500]
[1500, 1550, 1600, 1500, 2011, 1329, 1197, 1300, 1001, 1001, 1001, 1001, 1500, 1500, 1500, 1500]
12:03:24.467379 ALT: 12.46
12:03:24.467486 ATT: [-0.1, 5.3, 274]
12:03:24.467935 ACC: [-17, -32, 550]
12:03:24.469713 Navigation got ALT: 12.46
*** Set bbox BEGIN position ***
[1500, 1548, 1600, 1500, 2011, 1329, 1197, 1300, 1001, 1001, 1001, 1001, 1500, 1500, 1500, 1500]
[1500, 1548, 1600, 1500, 2011, 1329, 1197, 1300, 1001, 1001, 1001, 1001, 1500, 1500, 1500, 1500]
[1500, 1548, 1600, 1500, 2011, 1329, 1197, 1300, 1001, 1001, 1001, 1001, 1500, 1500, 1500, 1500]
[1500, 1548, 1600, 1500, 2011, 1329, 1197, 1300, 1001, 1001, 1001, 1001, 1500, 1500, 1500, 1500]
[1500, 1548, 1600, 1500, 2011, 1329, 1197, 1300, 1001, 1001, 1001, 1001, 1500, 1500, 1500, 1500]
12:03:24.502555 Navigation got ALT: 12.46
*** Set bbox END position ***
[1500, 1550, 1600, 1500, 2009, 1350, 1224, 1400, 1001, 1001, 1001, 1001, 1500, 1500, 1500, 1500]
[1500, 1550, 1600, 1500, 2009, 1350, 1224, 1400, 1001, 1001, 1001, 1001, 1500, 1500, 1500, 1500]
12:03:24.514783 ALT: 13.2
12:03:24.514985 ATT: [-0.1, 5.4, 274]
12:03:24.515455 ACC: [-17, -38, 557]
[1500, 1550, 1600, 1500, 2009, 1350, 1224, 1400, 1001, 1001, 1001, 1001, 1500, 1500, 1500, 1500]
[1500, 1550, 1600, 1500, 2009, 1350, 1224, 1400, 1001, 1001, 1001, 1001, 1500, 1500, 1500, 1500]
[1500, 1550, 1600, 1500, 2009, 1350, 1224, 1400, 1001, 1001, 1001, 1001, 1500, 1500, 1500, 1500]
12:03:24.535733 Navigation got ALT: 13.2
*** Set bbox END position ***
[1500, 1550, 1600, 1500, 2011, 1349, 1224, 1400, 1001, 1001, 1001, 1001, 1500, 1500, 1500, 1500]
[1500, 1550, 1600, 1500, 2011, 1349, 1224, 1400, 1001, 1001, 1001, 1001, 1500, 1500, 1500, 1500]
[1500, 1550, 1600, 1500, 2011, 1349, 1224, 1400, 1001, 1001, 1001, 1001, 1500, 1500, 1500, 1500]
[1500, 1550, 1600, 1500, 2011, 1349, 1224, 1400, 1001, 1001, 1001, 1001, 1500, 1500, 1500, 1500]
[1500, 1550, 1600, 1500, 2011, 1349, 1224, 1400, 1001, 1001, 1001, 1001, 1500, 1500, 1500, 1500]
12:03:24.562913 ALT: 13.71
12:03:24.562986 ATT: [-0.1, 5.3, 274]
12:03:24.563253 ACC: [-17, -38, 552]
12:03:24.569403 Navigation got ALT: 13.71
*** Set bbox END position ***
* End point: 469, 343
* Set bbox at 448,316 x 469,343
[1499, 1548, 1600, 1500, 2011, 1350, 1224, 1400, 1001, 1001, 1001, 1001, 1500, 1500, 1500, 1500]
[1499, 1548, 1600, 1500, 2011, 1350, 1224, 1400, 1001, 1001, 1001, 1001, 1500, 1500, 1500, 1500]
[1499, 1548, 1600, 1500, 2011, 1350, 1224, 1400, 1001, 1001, 1001, 1001, 1500, 1500, 1500, 1500]
**Init tracker as (448, 316, 21, 27)
[1499, 1548, 1600, 1500, 2011, 1350, 1224, 1400, 1001, 1001, 1001, 1001, 1500, 1500, 1500, 1500]
[1499, 1548, 1600, 1500, 2011, 1350, 1224, 1400, 1001, 1001, 1001, 1001, 1500, 1500, 1500, 1500]
12:03:24.602470 Navigation got ALT: 13.71
*** Set bbox END position ***
[1500, 1550, 1600, 1500, 2011, 1349, 1224, 1400, 1001, 1001, 1001, 1001, 1500, 1500, 1500, 1500]
[1500, 1550, 1600, 1500, 2011, 1349, 1224, 1400, 1001, 1001, 1001, 1001, 1500, 1500, 1500, 1500]
12:03:24.610516 ALT: 14.03
12:03:24.610601 ATT: [-0.1, 5.3, 274]
12:03:24.610854 ACC: [-17, -34, 550]
[1500, 1550, 1600, 1500, 2011, 1349, 1224, 1400, 1001, 1001, 1001, 1001, 1500, 1500, 1500, 1500]
[1500, 1550, 1600, 1500, 2011, 1349, 1224, 1400, 1001, 1001, 1001, 1001, 1500, 1500, 1500, 1500]
[1500, 1550, 1600, 1500, 2011, 1349, 1224, 1400, 1001, 1001, 1001, 1001, 1500, 1500, 1500, 1500]
12:03:24.636619 Navigation got ALT: 14.03
*** Set bbox END position ***
[1500, 1550, 1600, 1500, 2011, 1350, 1224, 1400, 1001, 1001, 1001, 1001, 1500, 1500, 1500, 1500]
[1500, 1550, 1600, 1500, 2011, 1350, 1224, 1400, 1001, 1001, 1001, 1001, 1500, 1500, 1500, 1500]
[1500, 1550, 1600, 1500, 2011, 1350, 1224, 1400, 1001, 1001, 1001, 1001, 1500, 1500, 1500, 1500]
[1500, 1550, 1600, 1500, 2011, 1350, 1224, 1400, 1001, 1001, 1001, 1001, 1500, 1500, 1500, 1500]
[1500, 1550, 1600, 1500, 2011, 1350, 1224, 1400, 1001, 1001, 1001, 1001, 1500, 1500, 1500, 1500]
12:03:24.663753 ALT: 14.53
12:03:24.663857 ATT: [-0.1, 5.3, 274]
12:03:24.664189 ACC: [-19, -37, 554]
12:03:24.669112 Navigation got ALT: 14.53
*** Set bbox END position ***
[1499, 1550, 1600, 1499, 2011, 1350, 1224, 1400, 1001, 1001, 1001, 1001, 1500, 1500, 1500, 1500]
[1499, 1550, 1600, 1499, 2011, 1350, 1224, 1400, 1001, 1001, 1001, 1001, 1500, 1500, 1500, 1500]
[1499, 1550, 1600, 1499, 2011, 1350, 1224, 1400, 1001, 1001, 1001, 1001, 1500, 1500, 1500, 1500]
[1499, 1550, 1600, 1499, 2011, 1350, 1224, 1400, 1001, 1001, 1001, 1001, 1500, 1500, 1500, 1500]
[1499, 1550, 1600, 1499, 2011, 1350, 1224, 1400, 1001, 1001, 1001, 1001, 1500, 1500, 1500, 1500]
12:03:24.702234 Navigation got ALT: 14.53
[1500, 1548, 1600, 1500, 2011, 950, 988, 1600, 1001, 1001, 1001, 1001, 1500, 1500, 1500, 1500]
12:03:24.706811 ALT: 15.06
12:03:24.706952 ATT: [-0.2, 5.2, 274]
12:03:24.707247 ACC: [-18, -35, 547]
[1500, 1548, 1600, 1500, 2011, 950, 988, 1600, 1001, 1001, 1001, 1001, 1500, 1500, 1500, 1500]
[1500, 1548, 1600, 1500, 2011, 950, 988, 1600, 1001, 1001, 1001, 1001, 1500, 1500, 1500, 1500]
[1500, 1548, 1600, 1500, 2011, 950, 988, 1600, 1001, 1001, 1001, 1001, 1500, 1500, 1500, 1500]
[1500, 1548, 1600, 1500, 2011, 950, 988, 1600, 1001, 1001, 1001, 1001, 1500, 1500, 1500, 1500]
12:03:24.735560 Navigation got ALT: 15.06
[1500, 1550, 1600, 1499, 2011, 950, 988, 1600, 1001, 1001, 1001, 1001, 1500, 1500, 1500, 1500]
[1500, 1550, 1600, 1499, 2011, 950, 988, 1600, 1001, 1001, 1001, 1001, 1500, 1500, 1500, 1500]
[1500, 1550, 1600, 1499, 2011, 950, 988, 1600, 1001, 1001, 1001, 1001, 1500, 1500, 1500, 1500]
12:03:24.754593 ALT: 15.56
12:03:24.754681 ATT: [-0.2, 5.2, 274]
12:03:24.754939 ACC: [-19, -30, 531]
[1500, 1550, 1600, 1499, 2011, 950, 988, 1600, 1001, 1001, 1001, 1001, 1500, 1500, 1500, 1500]
[1500, 1550, 1600, 1499, 2011, 950, 988, 1600, 1001, 1001, 1001, 1001, 1500, 1500, 1500, 1500]
12:03:24.768990 Navigation got ALT: 15.56
[1499, 1550, 1600, 1499, 2011, 950, 988, 1600, 1001, 1001, 1001, 1001, 1500, 1500, 1500, 1500]
[1499, 1550, 1600, 1499, 2011, 950, 988, 1600, 1001, 1001, 1001, 1001, 1500, 1500, 1500, 1500]
[1499, 1550, 1600, 1499, 2011, 950, 988, 1600, 1001, 1001, 1001, 1001, 1500, 1500, 1500, 1500]
[1499, 1550, 1600, 1499, 2011, 950, 988, 1600, 1001, 1001, 1001, 1001, 1500, 1500, 1500, 1500]
[1499, 1550, 1600, 1499, 2011, 950, 988, 1600, 1001, 1001, 1001, 1001, 1500, 1500, 1500, 1500]
12:03:24.802239 Navigation got ALT: 15.56
[1500, 1550, 1600, 1500, 2011, 950, 988, 1600, 1001, 1001, 1001, 1001, 1500, 1500, 1500, 1500]
12:03:24.802510 ALT: 16.08
12:03:24.802550 ATT: [-0.1, 5.3, 274]
12:03:24.802761 ACC: [-17, -42, 537]
[1500, 1550, 1600, 1500, 2011, 950, 988, 1600, 1001, 1001, 1001, 1001, 1500, 1500, 1500, 1500]
[1500, 1550, 1600, 1500, 2011, 950, 988, 1600, 1001, 1001, 1001, 1001, 1500, 1500, 1500, 1500]
[1500, 1550, 1600, 1500, 2011, 950, 988, 1600, 1001, 1001, 1001, 1001, 1500, 1500, 1500, 1500]
[1500, 1550, 1600, 1500, 2011, 950, 988, 1600, 1001, 1001, 1001, 1001, 1500, 1500, 1500, 1500]
12:03:24.836547 Navigation got ALT: 16.08
[1500, 1550, 1600, 1500, 2011, 950, 988, 1600, 1001, 1001, 1001, 1001, 1500, 1500, 1500, 1500]
[1500, 1550, 1600, 1500, 2011, 950, 988, 1600, 1001, 1001, 1001, 1001, 1500, 1500, 1500, 1500]
[1500, 1550, 1600, 1500, 2011, 950, 988, 1600, 1001, 1001, 1001, 1001, 1500, 1500, 1500, 1500]
[1500, 1550, 1600, 1500, 2011, 950, 988, 1600, 1001, 1001, 1001, 1001, 1500, 1500, 1500, 1500]
[1500, 1550, 1600, 1500, 2011, 950, 988, 1600, 1001, 1001, 1001, 1001, 1500, 1500, 1500, 1500]
12:03:24.865339 ALT: 16.6
12:03:24.865489 ATT: [-0.2, 5.3, 274]
12:03:24.865882 ACC: [-17, -46, 538]
12:03:24.869379 Navigation got ALT: 16.6
[1500, 1548, 1600, 1500, 2011, 950, 988, 1600, 1001, 1001, 1001, 1001, 1500, 1500, 1500, 1500]
[1500, 1548, 1600, 1500, 2011, 950, 988, 1600, 1001, 1001, 1001, 1001, 1500, 1500, 1500, 1500]
[1500, 1548, 1600, 1500, 2011, 950, 988, 1600, 1001, 1001, 1001, 1001, 1500, 1500, 1500, 1500]
[1500, 1548, 1600, 1500, 2011, 950, 988, 1600, 1001, 1001, 1001, 1001, 1500, 1500, 1500, 1500]
[1500, 1548, 1600, 1500, 2011, 950, 988, 1600, 1001, 1001, 1001, 1001, 1500, 1500, 1500, 1500]
12:03:24.902390 Navigation got ALT: 16.6
[1500, 1550, 1600, 1501, 2007, 950, 988, 1600, 1001, 1001, 1001, 1001, 1500, 1500, 1500, 1500]
[1500, 1550, 1600, 1501, 2007, 950, 988, 1600, 1001, 1001, 1001, 1001, 1500, 1500, 1500, 1500]
12:03:24.915113 ALT: 17.12
12:03:24.915243 ATT: [-0.3, 5.2, 274]
12:03:24.915685 ACC: [-17, -43, 513]
[1500, 1550, 1600, 1501, 2007, 950, 988, 1600, 1001, 1001, 1001, 1001, 1500, 1500, 1500, 1500]
[1500, 1550, 1600, 1501, 2007, 950, 988, 1600, 1001, 1001, 1001, 1001, 1500, 1500, 1500, 1500]
[1500, 1550, 1600, 1501, 2007, 950, 988, 1600, 1001, 1001, 1001, 1001, 1500, 1500, 1500, 1500]
12:03:24.937023 Navigation got ALT: 17.12
[1500, 1550, 1600, 1500, 2011, 950, 988, 1600, 1001, 1001, 1001, 1001, 1500, 1500, 1500, 1500]
[1500, 1550, 1600, 1500, 2011, 950, 988, 1600, 1001, 1001, 1001, 1001, 1500, 1500, 1500, 1500]
[1500, 1550, 1600, 1500, 2011, 950, 988, 1600, 1001, 1001, 1001, 1001, 1500, 1500, 1500, 1500]
[1500, 1550, 1600, 1500, 2011, 950, 988, 1600, 1001, 1001, 1001, 1001, 1500, 1500, 1500, 1500]
[1500, 1550, 1600, 1500, 2011, 950, 988, 1600, 1001, 1001, 1001, 1001, 1500, 1500, 1500, 1500]
12:03:24.962750 ALT: 17.63
12:03:24.962843 ATT: [-0.2, 5.3, 274]
12:03:24.963224 ACC: [-19, -37, 523]
12:03:25.000783 Navigation got ALT: 17.63
[1499, 1550, 1600, 1500, 2011, 950, 988, 1600, 1001, 1001, 1001, 1001, 1500, 1500, 1500, 1500]
[1499, 1550, 1600, 1500, 2011, 950, 988, 1600, 1001, 1001, 1001, 1001, 1500, 1500, 1500, 1500]
[1499, 1550, 1600, 1500, 2011, 950, 988, 1600, 1001, 1001, 1001, 1001, 1500, 1500, 1500, 1500]
[1499, 1550, 1600, 1500, 2011, 950, 988, 1600, 1001, 1001, 1001, 1001, 1500, 1500, 1500, 1500]
[1499, 1550, 1600, 1500, 2011, 950, 988, 1600, 1001, 1001, 1001, 1001, 1500, 1500, 1500, 1500]
[1499, 1550, 1600, 1500, 2011, 950, 988, 1600, 1001, 1001, 1001, 1001, 1500, 1500, 1500, 1500]
[1499, 1550, 1600, 1500, 2011, 950, 988, 1600, 1001, 1001, 1001, 1001, 1500, 1500, 1500, 1500]
12:03:25.015731 ALT: 18.1
12:03:25.015911 ATT: [-0.2, 5.3, 274]
12:03:25.016321 ACC: [-23, -42, 528]
[1499, 1550, 1600, 1500, 2011, 950, 988, 1600, 1001, 1001, 1001, 1001, 1500, 1500, 1500, 1500]
[1499, 1550, 1600, 1500, 2011, 950, 988, 1600, 1001, 1001, 1001, 1001, 1500, 1500, 1500, 1500]
[1499, 1550, 1600, 1500, 2011, 950, 988, 1600, 1001, 1001, 1001, 1001, 1500, 1500, 1500, 1500]
12:03:25.035640 Navigation got ALT: 18.1
[1500, 1550, 1600, 1500, 2011, 950, 988, 1600, 1001, 1001, 1001, 1001, 1500, 1500, 1500, 1500]
[1500, 1550, 1600, 1500, 2011, 950, 988, 1600, 1001, 1001, 1001, 1001, 1500, 1500, 1500, 1500]
[1500, 1550, 1600, 1500, 2011, 950, 988, 1600, 1001, 1001, 1001, 1001, 1500, 1500, 1500, 1500]
[1500, 1550, 1600, 1500, 2011, 950, 988, 1600, 1001, 1001, 1001, 1001, 1500, 1500, 1500, 1500]
12:03:25.058663 ALT: 18.57
12:03:25.058771 ATT: [-0.2, 5.2, 274]
12:03:25.059217 ACC: [-21, -40, 520]
[1500, 1550, 1600, 1500, 2011, 950, 988, 1600, 1001, 1001, 1001, 1001, 1500, 1500, 1500, 1500]
12:03:25.070316 Navigation got ALT: 18.57
[1500, 1550, 1600, 1500, 2011, 950, 988, 1600, 1001, 1001, 1001, 1001, 1500, 1500, 1500, 1500]
[1500, 1550, 1600, 1500, 2011, 950, 988, 1600, 1001, 1001, 1001, 1001, 1500, 1500, 1500, 1500]
[1500, 1550, 1600, 1500, 2011, 950, 988, 1600, 1001, 1001, 1001, 1001, 1500, 1500, 1500, 1500]
[1500, 1550, 1600, 1500, 2011, 950, 988, 1600, 1001, 1001, 1001, 1001, 1500, 1500, 1500, 1500]
[1500, 1550, 1600, 1500, 2011, 950, 988, 1600, 1001, 1001, 1001, 1001, 1500, 1500, 1500, 1500]
12:03:25.102698 Navigation got ALT: 18.57
[1500, 1550, 1600, 1500, 2011, 950, 988, 1600, 1001, 1001, 1001, 1001, 1500, 1500, 1500, 1500]
12:03:25.106792 ALT: 19.06
12:03:25.106926 ATT: [-0.3, 5.3, 274]
12:03:25.107444 ACC: [-23, -41, 525]
[1500, 1550, 1600, 1500, 2011, 950, 988, 1600, 1001, 1001, 1001, 1001, 1500, 1500, 1500, 1500]
[1500, 1550, 1600, 1500, 2011, 950, 988, 1600, 1001, 1001, 1001, 1001, 1500, 1500, 1500, 1500]
[1500, 1550, 1600, 1500, 2011, 950, 988, 1600, 1001, 1001, 1001, 1001, 1500, 1500, 1500, 1500]
[1500, 1550, 1600, 1500, 2011, 950, 988, 1600, 1001, 1001, 1001, 1001, 1500, 1500, 1500, 1500]
12:03:25.145149 Navigation got ALT: 19.06
[1500, 1550, 1600, 1500, 2011, 950, 988, 1600, 1001, 1001, 1001, 1001, 1500, 1500, 1500, 1500]
[1500, 1550, 1600, 1500, 2011, 950, 988, 1600, 1001, 1001, 1001, 1001, 1500, 1500, 1500, 1500]
[1500, 1550, 1600, 1500, 2011, 950, 988, 1600, 1001, 1001, 1001, 1001, 1500, 1500, 1500, 1500]
[1500, 1550, 1600, 1500, 2011, 950, 988, 1600, 1001, 1001, 1001, 1001, 1500, 1500, 1500, 1500]
12:03:25.157095 ALT: 19.52
12:03:25.157270 ATT: [-0.3, 5.3, 274]
12:03:25.157871 ACC: [-23, -41, 521]
[1500, 1550, 1600, 1500, 2011, 950, 988, 1600, 1001, 1001, 1001, 1001, 1500, 1500, 1500, 1500]
[1500, 1550, 1600, 1500, 2011, 950, 988, 1600, 1001, 1001, 1001, 1001, 1500, 1500, 1500, 1500]
12:03:25.178448 Navigation got ALT: 19.52
[1500, 1550, 1600, 1500, 2011, 950, 988, 1598, 1001, 1001, 1001, 1001, 1500, 1500, 1500, 1500]
[1500, 1550, 1600, 1500, 2011, 950, 988, 1598, 1001, 1001, 1001, 1001, 1500, 1500, 1500, 1500]
[1500, 1550, 1600, 1500, 2011, 950, 988, 1598, 1001, 1001, 1001, 1001, 1500, 1500, 1500, 1500]
[1500, 1550, 1600, 1500, 2011, 950, 988, 1598, 1001, 1001, 1001, 1001, 1500, 1500, 1500, 1500]
[1500, 1550, 1600, 1500, 2011, 950, 988, 1598, 1001, 1001, 1001, 1001, 1500, 1500, 1500, 1500]
12:03:25.202799 ALT: 19.99
12:03:25.202894 ATT: [-0.2, 5.3, 274]
12:03:25.203213 ACC: [-19, -42, 524]
12:03:25.209401 Navigation got ALT: 19.99
[1500, 1548, 1600, 1500, 2011, 950, 988, 1600, 1001, 1001, 1001, 1001, 1500, 1500, 1500, 1500]
[1500, 1548, 1600, 1500, 2011, 950, 988, 1600, 1001, 1001, 1001, 1001, 1500, 1500, 1500, 1500]
[1500, 1548, 1600, 1500, 2011, 950, 988, 1600, 1001, 1001, 1001, 1001, 1500, 1500, 1500, 1500]
[1500, 1548, 1600, 1500, 2011, 950, 988, 1600, 1001, 1001, 1001, 1001, 1500, 1500, 1500, 1500]
[1500, 1548, 1600, 1500, 2011, 950, 988, 1600, 1001, 1001, 1001, 1001, 1500, 1500, 1500, 1500]
12:03:25.242432 Navigation got ALT: 19.99
[1500, 1550, 1600, 1500, 2011, 950, 988, 1600, 1001, 1001, 1001, 1001, 1500, 1500, 1500, 1500]
[1500, 1550, 1600, 1500, 2011, 950, 988, 1600, 1001, 1001, 1001, 1001, 1500, 1500, 1500, 1500]
12:03:25.250842 ALT: 20.45
12:03:25.250960 ATT: [-0.2, 5.4, 274]
12:03:25.251348 ACC: [-21, -42, 527]
[1500, 1550, 1600, 1500, 2011, 950, 988, 1600, 1001, 1001, 1001, 1001, 1500, 1500, 1500, 1500]
[1500, 1550, 1600, 1500, 2011, 950, 988, 1600, 1001, 1001, 1001, 1001, 1500, 1500, 1500, 1500]
[1500, 1550, 1600, 1500, 2011, 950, 988, 1600, 1001, 1001, 1001, 1001, 1500, 1500, 1500, 1500]
12:03:25.276036 Navigation got ALT: 20.45
[1500, 1548, 1600, 1500, 2011, 950, 988, 1600, 1001, 1001, 1001, 1001, 1500, 1500, 1500, 1500]
[1500, 1548, 1600, 1500, 2011, 950, 988, 1600, 1001, 1001, 1001, 1001, 1500, 1500, 1500, 1500]
[1500, 1548, 1600, 1500, 2011, 950, 988, 1600, 1001, 1001, 1001, 1001, 1500, 1500, 1500, 1500]
[1500, 1548, 1600, 1500, 2011, 950, 988, 1600, 1001, 1001, 1001, 1001, 1500, 1500, 1500, 1500]
12:03:25.298724 ALT: 20.88
12:03:25.298836 ATT: [-0.2, 5.3, 274]
12:03:25.299179 ACC: [-23, -42, 530]
[1500, 1548, 1600, 1500, 2011, 950, 988, 1600, 1001, 1001, 1001, 1001, 1500, 1500, 1500, 1500]
12:03:25.309046 Navigation got ALT: 20.88
[1500, 1550, 1600, 1500, 2011, 950, 988, 1600, 1001, 1001, 1001, 1001, 1500, 1500, 1500, 1500]
[1500, 1550, 1600, 1500, 2011, 950, 988, 1600, 1001, 1001, 1001, 1001, 1500, 1500, 1500, 1500]
[1500, 1550, 1600, 1500, 2011, 950, 988, 1600, 1001, 1001, 1001, 1001, 1500, 1500, 1500, 1500]
[1500, 1550, 1600, 1500, 2011, 950, 988, 1600, 1001, 1001, 1001, 1001, 1500, 1500, 1500, 1500]
[1500, 1550, 1600, 1500, 2011, 950, 988, 1600, 1001, 1001, 1001, 1001, 1500, 1500, 1500, 1500]
12:03:25.344417 Navigation got ALT: 20.88
[1500, 1550, 1600, 1500, 2011, 950, 988, 1601, 1001, 1001, 1001, 1001, 1500, 1500, 1500, 1500]
12:03:25.351773 ALT: 21.3
12:03:25.351910 ATT: [-0.2, 5.3, 274]
12:03:25.352287 ACC: [-21, -42, 521]
[1500, 1550, 1600, 1500, 2011, 950, 988, 1601, 1001, 1001, 1001, 1001, 1500, 1500, 1500, 1500]
[1500, 1550, 1600, 1500, 2011, 950, 988, 1601, 1001, 1001, 1001, 1001, 1500, 1500, 1500, 1500]
[1500, 1550, 1600, 1500, 2011, 950, 988, 1601, 1001, 1001, 1001, 1001, 1500, 1500, 1500, 1500]
[1500, 1550, 1600, 1500, 2011, 950, 988, 1601, 1001, 1001, 1001, 1001, 1500, 1500, 1500, 1500]
12:03:25.375888 Navigation got ALT: 21.3
[1500, 1548, 1600, 1500, 2011, 950, 988, 1600, 1001, 1001, 1001, 1001, 1500, 1500, 1500, 1500]
[1500, 1548, 1600, 1500, 2011, 950, 988, 1600, 1001, 1001, 1001, 1001, 1500, 1500, 1500, 1500]
[1500, 1548, 1600, 1500, 2011, 950, 988, 1600, 1001, 1001, 1001, 1001, 1500, 1500, 1500, 1500]
12:03:25.394835 ALT: 21.76
12:03:25.395050 ATT: [-0.3, 5.3, 274]
12:03:25.395487 ACC: [-21, -45, 520]
[1500, 1548, 1600, 1500, 2011, 950, 988, 1600, 1001, 1001, 1001, 1001, 1500, 1500, 1500, 1500]
[1500, 1548, 1600, 1500, 2011, 950, 988, 1600, 1001, 1001, 1001, 1001, 1500, 1500, 1500, 1500]
12:03:25.409130 Navigation got ALT: 21.76
[1499, 1550, 1600, 1500, 2011, 950, 988, 1600, 1001, 1001, 1001, 1001, 1500, 1500, 1500, 1500]
[1499, 1550, 1600, 1500, 2011, 950, 988, 1600, 1001, 1001, 1001, 1001, 1500, 1500, 1500, 1500]
[1499, 1550, 1600, 1500, 2011, 950, 988, 1600, 1001, 1001, 1001, 1001, 1500, 1500, 1500, 1500]
[1499, 1550, 1600, 1500, 2011, 950, 988, 1600, 1001, 1001, 1001, 1001, 1500, 1500, 1500, 1500]
[1499, 1550, 1600, 1500, 2011, 950, 988, 1600, 1001, 1001, 1001, 1001, 1500, 1500, 1500, 1500]
12:03:25.442634 Navigation got ALT: 21.76
[1500, 1550, 1600, 1500, 2009, 950, 988, 1598, 1001, 1001, 1001, 1001, 1500, 1500, 1500, 1500]
12:03:25.443208 ALT: 22.22
12:03:25.443311 ATT: [-0.2, 5.3, 274]
12:03:25.443612 ACC: [-19, -41, 511]
[1500, 1550, 1600, 1500, 2009, 950, 988, 1598, 1001, 1001, 1001, 1001, 1500, 1500, 1500, 1500]
[1500, 1550, 1600, 1500, 2009, 950, 988, 1598, 1001, 1001, 1001, 1001, 1500, 1500, 1500, 1500]
[1500, 1550, 1600, 1500, 2009, 950, 988, 1598, 1001, 1001, 1001, 1001, 1500, 1500, 1500, 1500]
[1500, 1550, 1600, 1500, 2009, 950, 988, 1598, 1001, 1001, 1001, 1001, 1500, 1500, 1500, 1500]
12:03:25.477022 Navigation got ALT: 22.22
[1500, 1550, 1600, 1500, 2011, 951, 986, 1598, 1001, 1001, 1001, 1001, 1500, 1500, 1500, 1500]
[1500, 1550, 1600, 1500, 2011, 951, 986, 1598, 1001, 1001, 1001, 1001, 1500, 1500, 1500, 1500]
[1500, 1550, 1600, 1500, 2011, 951, 986, 1598, 1001, 1001, 1001, 1001, 1500, 1500, 1500, 1500]
12:03:25.491163 ALT: 22.65
12:03:25.491452 ATT: [-0.2, 5.3, 274]
12:03:25.492381 ACC: [-18, -43, 517]
[1500, 1550, 1600, 1500, 2011, 951, 986, 1598, 1001, 1001, 1001, 1001, 1500, 1500, 1500, 1500]
[1500, 1550, 1600, 1500, 2011, 951, 986, 1598, 1001, 1001, 1001, 1001, 1500, 1500, 1500, 1500]
12:03:25.509496 Navigation got ALT: 22.65
[1500, 1548, 1600, 1499, 2011, 950, 988, 1600, 1001, 1001, 1001, 1001, 1500, 1500, 1500, 1500]
[1500, 1548, 1600, 1499, 2011, 950, 988, 1600, 1001, 1001, 1001, 1001, 1500, 1500, 1500, 1500]
[1500, 1548, 1600, 1499, 2011, 950, 988, 1600, 1001, 1001, 1001, 1001, 1500, 1500, 1500, 1500]
[1500, 1548, 1600, 1499, 2011, 950, 988, 1600, 1001, 1001, 1001, 1001, 1500, 1500, 1500, 1500]
[1500, 1548, 1600, 1499, 2011, 950, 988, 1600, 1001, 1001, 1001, 1001, 1500, 1500, 1500, 1500]
12:03:25.539498 ALT: 22.81
12:03:25.539780 ATT: [-0.3, 5.3, 274]
12:03:25.541102 ACC: [-21, -42, 526]
12:03:25.544318 Navigation got ALT: 22.81
[1500, 1550, 1600, 1499, 2011, 950, 988, 1600, 1001, 1001, 1001, 1001, 1500, 1500, 1500, 1500]
[1500, 1550, 1600, 1499, 2011, 950, 988, 1600, 1001, 1001, 1001, 1001, 1500, 1500, 1500, 1500]
[1500, 1550, 1600, 1499, 2011, 950, 988, 1600, 1001, 1001, 1001, 1001, 1500, 1500, 1500, 1500]
[1500, 1550, 1600, 1499, 2011, 950, 988, 1600, 1001, 1001, 1001, 1001, 1500, 1500, 1500, 1500]
[1500, 1550, 1600, 1499, 2011, 950, 988, 1600, 1001, 1001, 1001, 1001, 1500, 1500, 1500, 1500]
12:03:25.575994 Navigation got ALT: 22.81
[1500, 1550, 1600, 1499, 2011, 950, 988, 1600, 1001, 1001, 1001, 1001, 1500, 1500, 1500, 1500]
[1500, 1550, 1600, 1499, 2011, 950, 988, 1600, 1001, 1001, 1001, 1001, 1500, 1500, 1500, 1500]
12:03:25.588369 ALT: 23.29
12:03:25.588936 ATT: [-0.3, 5.4, 274]
12:03:25.590882 ACC: [-21, -41, 529]
[1500, 1550, 1600, 1499, 2011, 950, 988, 1600, 1001, 1001, 1001, 1001, 1500, 1500, 1500, 1500]
[1500, 1550, 1600, 1499, 2011, 950, 988, 1600, 1001, 1001, 1001, 1001, 1500, 1500, 1500, 1500]
[1500, 1550, 1600, 1499, 2011, 950, 988, 1600, 1001, 1001, 1001, 1001, 1500, 1500, 1500, 1500]
12:03:25.609322 Navigation got ALT: 23.29
[1500, 1550, 1600, 1500, 2011, 950, 988, 1598, 1001, 1001, 1001, 1001, 1500, 1500, 1500, 1500]
[1500, 1550, 1600, 1500, 2011, 950, 988, 1598, 1001, 1001, 1001, 1001, 1500, 1500, 1500, 1500]
[1500, 1550, 1600, 1500, 2011, 950, 988, 1598, 1001, 1001, 1001, 1001, 1500, 1500, 1500, 1500]
[1500, 1550, 1600, 1500, 2011, 950, 988, 1598, 1001, 1001, 1001, 1001, 1500, 1500, 1500, 1500]
[1500, 1550, 1600, 1500, 2011, 950, 988, 1598, 1001, 1001, 1001, 1001, 1500, 1500, 1500, 1500]
12:03:25.637109 ALT: 23.77
12:03:25.637217 ATT: [-0.2, 5.3, 274]
12:03:25.637574 ACC: [-19, -38, 526]
12:03:25.644217 Navigation got ALT: 23.77
[1500, 1548, 1600, 1500, 2011, 950, 988, 1601, 1001, 1001, 1001, 1001, 1500, 1500, 1500, 1500]
[1500, 1548, 1600, 1500, 2011, 950, 988, 1601, 1001, 1001, 1001, 1001, 1500, 1500, 1500, 1500]
[1500, 1548, 1600, 1500, 2011, 950, 988, 1601, 1001, 1001, 1001, 1001, 1500, 1500, 1500, 1500]
[1500, 1548, 1600, 1500, 2011, 950, 988, 1601, 1001, 1001, 1001, 1001, 1500, 1500, 1500, 1500]
[1500, 1548, 1600, 1500, 2011, 950, 988, 1601, 1001, 1001, 1001, 1001, 1500, 1500, 1500, 1500]
12:03:25.675913 Navigation got ALT: 23.77
[1500, 1550, 1600, 1500, 2011, 950, 988, 1600, 1001, 1001, 1001, 1001, 1500, 1500, 1500, 1500]
[1500, 1550, 1600, 1500, 2011, 950, 988, 1600, 1001, 1001, 1001, 1001, 1500, 1500, 1500, 1500]
12:03:25.683703 ALT: 24.27
12:03:25.683821 ATT: [-0.3, 5.3, 274]
12:03:25.684240 ACC: [-20, -36, 521]
[1500, 1550, 1600, 1500, 2011, 950, 988, 1600, 1001, 1001, 1001, 1001, 1500, 1500, 1500, 1500]
[1500, 1550, 1600, 1500, 2011, 950, 988, 1600, 1001, 1001, 1001, 1001, 1500, 1500, 1500, 1500]
[1500, 1550, 1600, 1500, 2011, 950, 988, 1600, 1001, 1001, 1001, 1001, 1500, 1500, 1500, 1500]
12:03:25.709415 Navigation got ALT: 24.27
[1500, 1548, 1600, 1500, 2011, 950, 988, 1600, 1001, 1001, 1001, 1001, 1500, 1500, 1500, 1500]
[1500, 1548, 1600, 1500, 2011, 950, 988, 1600, 1001, 1001, 1001, 1001, 1500, 1500, 1500, 1500]
[1500, 1548, 1600, 1500, 2011, 950, 988, 1600, 1001, 1001, 1001, 1001, 1500, 1500, 1500, 1500]
[1500, 1548, 1600, 1500, 2011, 950, 988, 1600, 1001, 1001, 1001, 1001, 1500, 1500, 1500, 1500]
12:03:25.730893 ALT: 24.59
12:03:25.731012 ATT: [-0.2, 5.2, 274]
12:03:25.731563 ACC: [-21, -37, 520]
[1500, 1548, 1600, 1500, 2011, 950, 988, 1600, 1001, 1001, 1001, 1001, 1500, 1500, 1500, 1500]
12:03:25.742640 Navigation got ALT: 24.59
[1500, 1550, 1600, 1500, 2011, 950, 988, 1600, 1001, 1001, 1001, 1001, 1500, 1500, 1500, 1500]
[1500, 1550, 1600, 1500, 2011, 950, 988, 1600, 1001, 1001, 1001, 1001, 1500, 1500, 1500, 1500]
[1500, 1550, 1600, 1500, 2011, 950, 988, 1600, 1001, 1001, 1001, 1001, 1500, 1500, 1500, 1500]
[1500, 1550, 1600, 1500, 2011, 950, 988, 1600, 1001, 1001, 1001, 1001, 1500, 1500, 1500, 1500]
[1500, 1550, 1600, 1500, 2011, 950, 988, 1600, 1001, 1001, 1001, 1001, 1500, 1500, 1500, 1500]
12:03:25.775788 Navigation got ALT: 24.59
[1500, 1548, 1600, 1500, 2011, 950, 988, 1600, 1001, 1001, 1001, 1001, 1500, 1500, 1500, 1500]
12:03:25.778857 ALT: 25.21
12:03:25.778957 ATT: [-0.2, 5.3, 274]
12:03:25.779355 ACC: [-20, -37, 516]
[1500, 1548, 1600, 1500, 2011, 950, 988, 1600, 1001, 1001, 1001, 1001, 1500, 1500, 1500, 1500]
[1500, 1548, 1600, 1500, 2011, 950, 988, 1600, 1001, 1001, 1001, 1001, 1500, 1500, 1500, 1500]
[1500, 1548, 1600, 1500, 2011, 950, 988, 1600, 1001, 1001, 1001, 1001, 1500, 1500, 1500, 1500]
[1500, 1548, 1600, 1500, 2011, 950, 988, 1600, 1001, 1001, 1001, 1001, 1500, 1500, 1500, 1500]
12:03:25.809159 Navigation got ALT: 25.21
[1500, 1548, 1600, 1500, 2011, 950, 988, 1600, 1001, 1001, 1001, 1001, 1500, 1500, 1500, 1500]
[1500, 1548, 1600, 1500, 2011, 950, 988, 1600, 1001, 1001, 1001, 1001, 1500, 1500, 1500, 1500]
[1500, 1548, 1600, 1500, 2011, 950, 988, 1600, 1001, 1001, 1001, 1001, 1500, 1500, 1500, 1500]
12:03:25.827372 ALT: 25.75
12:03:25.827618 ATT: [-0.2, 5.3, 274]
12:03:25.828297 ACC: [-24, -39, 516]
[1500, 1548, 1600, 1500, 2011, 950, 988, 1600, 1001, 1001, 1001, 1001, 1500, 1500, 1500, 1500]
[1500, 1548, 1600, 1500, 2011, 950, 988, 1600, 1001, 1001, 1001, 1001, 1500, 1500, 1500, 1500]
12:03:25.843808 Navigation got ALT: 25.75
[1501, 1547, 1600, 1500, 2011, 950, 988, 1600, 1001, 1001, 1001, 1001, 1500, 1500, 1500, 1500]
[1501, 1547, 1600, 1500, 2011, 950, 988, 1600, 1001, 1001, 1001, 1001, 1500, 1500, 1500, 1500]
[1501, 1547, 1600, 1500, 2011, 950, 988, 1600, 1001, 1001, 1001, 1001, 1500, 1500, 1500, 1500]
[1501, 1547, 1600, 1500, 2011, 950, 988, 1600, 1001, 1001, 1001, 1001, 1500, 1500, 1500, 1500]
[1501, 1547, 1600, 1500, 2011, 950, 988, 1600, 1001, 1001, 1001, 1001, 1500, 1500, 1500, 1500]
12:03:25.875014 ALT: 26.33
12:03:25.875275 ATT: [-0.2, 5.2, 274]
12:03:25.875686 ACC: [-21, -39, 512]
12:03:25.877172 Navigation got ALT: 26.33
[1500, 1548, 1600, 1500, 2011, 950, 989, 1598, 1001, 1001, 1001, 1001, 1500, 1500, 1500, 1500]
[1500, 1548, 1600, 1500, 2011, 950, 989, 1598, 1001, 1001, 1001, 1001, 1500, 1500, 1500, 1500]
[1500, 1548, 1600, 1500, 2011, 950, 989, 1598, 1001, 1001, 1001, 1001, 1500, 1500, 1500, 1500]
[1500, 1548, 1600, 1500, 2011, 950, 989, 1598, 1001, 1001, 1001, 1001, 1500, 1500, 1500, 1500]
[1500, 1548, 1600, 1500, 2011, 950, 989, 1598, 1001, 1001, 1001, 1001, 1500, 1500, 1500, 1500]
12:03:25.909028 Navigation got ALT: 26.33
[1500, 1550, 1600, 1500, 2011, 950, 988, 1600, 1001, 1001, 1001, 1001, 1500, 1500, 1500, 1500]
[1500, 1550, 1600, 1500, 2011, 950, 988, 1600, 1001, 1001, 1001, 1001, 1500, 1500, 1500, 1500]
[1500, 1550, 1600, 1500, 2011, 950, 988, 1600, 1001, 1001, 1001, 1001, 1500, 1500, 1500, 1500]
12:03:25.924100 ALT: 26.66
12:03:25.924226 ATT: [-0.2, 5.2, 274]
12:03:25.924666 ACC: [-22, -41, 516]
[1500, 1550, 1600, 1500, 2011, 950, 988, 1600, 1001, 1001, 1001, 1001, 1500, 1500, 1500, 1500]
[1500, 1550, 1600, 1500, 2011, 950, 988, 1600, 1001, 1001, 1001, 1001, 1500, 1500, 1500, 1500]
12:03:25.943798 Navigation got ALT: 26.66
[1500, 1550, 1600, 1500, 2011, 950, 988, 1598, 1001, 1001, 1001, 1001, 1500, 1500, 1500, 1500]
[1500, 1550, 1600, 1500, 2011, 950, 988, 1598, 1001, 1001, 1001, 1001, 1500, 1500, 1500, 1500]
[1500, 1550, 1600, 1500, 2011, 950, 988, 1598, 1001, 1001, 1001, 1001, 1500, 1500, 1500, 1500]
[1500, 1550, 1600, 1500, 2011, 950, 988, 1598, 1001, 1001, 1001, 1001, 1500, 1500, 1500, 1500]
12:03:25.970964 ALT: 27.18
12:03:25.971073 ATT: [-0.1, 5.2, 274]
12:03:25.971674 ACC: [-19, -35, 522]
12:03:25.976513 Navigation got ALT: 27.18
[1499, 1550, 1600, 1500, 2011, 950, 988, 1600, 1001, 1001, 1001, 1001, 1500, 1500, 1500, 1500]
[1499, 1550, 1600, 1500, 2011, 950, 988, 1600, 1001, 1001, 1001, 1001, 1500, 1500, 1500, 1500]
[1499, 1550, 1600, 1500, 2011, 950, 988, 1600, 1001, 1001, 1001, 1001, 1500, 1500, 1500, 1500]
[1499, 1550, 1600, 1500, 2011, 950, 988, 1600, 1001, 1001, 1001, 1001, 1500, 1500, 1500, 1500]
[1499, 1550, 1600, 1500, 2011, 950, 988, 1600, 1001, 1001, 1001, 1001, 1500, 1500, 1500, 1500]
[1499, 1550, 1600, 1500, 2011, 950, 988, 1600, 1001, 1001, 1001, 1001, 1500, 1500, 1500, 1500]
12:03:26.014401 Navigation got ALT: 27.18
[1500, 1550, 1600, 1500, 2011, 950, 988, 1600, 1001, 1001, 1001, 1001, 1500, 1500, 1500, 1500]
[1500, 1550, 1600, 1500, 2011, 950, 988, 1600, 1001, 1001, 1001, 1001, 1500, 1500, 1500, 1500]
12:03:26.021048 ALT: 27.69
12:03:26.021145 ATT: [-0.2, 5.2, 274]
12:03:26.021450 ACC: [-23, -35, 517]
[1500, 1550, 1600, 1500, 2011, 950, 988, 1600, 1001, 1001, 1001, 1001, 1500, 1500, 1500, 1500]
[1500, 1550, 1600, 1500, 2011, 950, 988, 1600, 1001, 1001, 1001, 1001, 1500, 1500, 1500, 1500]
[1500, 1550, 1600, 1500, 2011, 950, 988, 1600, 1001, 1001, 1001, 1001, 1500, 1500, 1500, 1500]
12:03:26.046084 Navigation got ALT: 27.69
[1500, 1550, 1600, 1499, 2011, 950, 988, 1600, 1001, 1001, 1001, 1001, 1500, 1500, 1500, 1500]
[1500, 1550, 1600, 1499, 2011, 950, 988, 1600, 1001, 1001, 1001, 1001, 1500, 1500, 1500, 1500]
[1500, 1550, 1600, 1499, 2011, 950, 988, 1600, 1001, 1001, 1001, 1001, 1500, 1500, 1500, 1500]
[1500, 1550, 1600, 1499, 2011, 950, 988, 1600, 1001, 1001, 1001, 1001, 1500, 1500, 1500, 1500]
12:03:26.066920 ALT: 28.23
12:03:26.067059 ATT: [-0.2, 5.2, 274]
12:03:26.067427 ACC: [-27, -37, 511]
[1500, 1550, 1600, 1499, 2011, 950, 988, 1600, 1001, 1001, 1001, 1001, 1500, 1500, 1500, 1500]
[1500, 1550, 1600, 1499, 2011, 950, 988, 1600, 1001, 1001, 1001, 1001, 1500, 1500, 1500, 1500]
12:03:26.083247 Navigation got ALT: 28.23
[1499, 1550, 1600, 1499, 2011, 950, 988, 1598, 1001, 1001, 1001, 1001, 1500, 1500, 1500, 1500]
[1499, 1550, 1600, 1499, 2011, 950, 988, 1598, 1001, 1001, 1001, 1001, 1500, 1500, 1500, 1500]
[1499, 1550, 1600, 1499, 2011, 950, 988, 1598, 1001, 1001, 1001, 1001, 1500, 1500, 1500, 1500]
[1499, 1550, 1600, 1499, 2011, 950, 988, 1598, 1001, 1001, 1001, 1001, 1500, 1500, 1500, 1500]
[1499, 1550, 1600, 1499, 2011, 950, 988, 1598, 1001, 1001, 1001, 1001, 1500, 1500, 1500, 1500]
12:03:26.114828 ALT: 28.76
12:03:26.115018 ATT: [-0.2, 5.4, 274]
12:03:26.115539 ACC: [-26, -39, 524]
12:03:26.116826 Navigation got ALT: 28.76
*** TARGETING mode ***
* Target Target(0, 0) received.
Anchor YAW: 274, current YAW: 274
[1500, 1550, 1600, 1499, 2011, 988, 988, 1499, 1001, 1001, 1001, 1001, 1500, 1500, 1500, 1500]
[1500, 1550, 1600, 1499, 2011, 988, 988, 1499, 1001, 1001, 1001, 1001, 1500, 1500, 1500, 1500]
[1500, 1550, 1600, 1499, 2011, 988, 988, 1499, 1001, 1001, 1001, 1001, 1500, 1500, 1500, 1500]
[1500, 1550, 1600, 1499, 2011, 988, 988, 1499, 1001, 1001, 1001, 1001, 1500, 1500, 1500, 1500]
[1500, 1550, 1600, 1499, 2011, 988, 988, 1499, 1001, 1001, 1001, 1001, 1500, 1500, 1500, 1500]
12:03:26.149185 Navigation got ALT: 28.76
*** TARGETING mode ***
* Target Target(136, 184) received.
Anchor YAW: 274, current YAW: 274
[1500, 1554, 1600, 1582, 2011, 988, 991, 1497, 1001, 1001, 1001, 1001, 1500, 1500, 1500, 1500]
[1500, 1554, 1600, 1582, 2011, 988, 991, 1497, 1001, 1001, 1001, 1001, 1500, 1500, 1500, 1500]
12:03:26.163285 ALT: 29.28
12:03:26.163409 ATT: [-0.2, 5.3, 274]
12:03:26.163784 ACC: [-28, -41, 516]
[1500, 1554, 1600, 1582, 2011, 988, 991, 1497, 1001, 1001, 1001, 1001, 1500, 1500, 1500, 1500]
[1500, 1554, 1600, 1582, 2011, 988, 991, 1497, 1001, 1001, 1001, 1001, 1500, 1500, 1500, 1500]
[1500, 1554, 1600, 1582, 2011, 988, 991, 1497, 1001, 1001, 1001, 1001, 1500, 1500, 1500, 1500]
12:03:26.183354 Navigation got ALT: 29.28
*** TARGETING mode ***
* Target Target(136, 186) received.
Anchor YAW: 274, current YAW: 274
[1500, 1558, 1600, 1582, 2011, 988, 988, 1500, 1001, 1001, 1001, 1001, 1500, 1500, 1500, 1500]
[1500, 1558, 1600, 1582, 2011, 988, 988, 1500, 1001, 1001, 1001, 1001, 1500, 1500, 1500, 1500]
[1500, 1558, 1600, 1582, 2011, 988, 988, 1500, 1001, 1001, 1001, 1001, 1500, 1500, 1500, 1500]
[1500, 1558, 1600, 1582, 2011, 988, 988, 1500, 1001, 1001, 1001, 1001, 1500, 1500, 1500, 1500]
[1500, 1558, 1600, 1582, 2011, 988, 988, 1500, 1001, 1001, 1001, 1001, 1500, 1500, 1500, 1500]
12:03:26.210973 ALT: 29.79
12:03:26.211081 ATT: [-0.2, 5.3, 274]
12:03:26.211554 ACC: [-25, -41, 520]
12:03:26.216213 Navigation got ALT: 29.79
*** TARGETING mode ***
* Target Target(135, 189) received.
Anchor YAW: 274, current YAW: 274
[1500, 1562, 1600, 1581, 2011, 988, 988, 1500, 1001, 1001, 1001, 1001, 1500, 1500, 1500, 1500]
[1500, 1562, 1600, 1581, 2011, 988, 988, 1500, 1001, 1001, 1001, 1001, 1500, 1500, 1500, 1500]
[1500, 1562, 1600, 1581, 2011, 988, 988, 1500, 1001, 1001, 1001, 1001, 1500, 1500, 1500, 1500]
[1500, 1562, 1600, 1581, 2011, 988, 988, 1500, 1001, 1001, 1001, 1001, 1500, 1500, 1500, 1500]
[1500, 1562, 1600, 1581, 2011, 988, 988, 1500, 1001, 1001, 1001, 1001, 1500, 1500, 1500, 1500]
12:03:26.258865 ALT: 30.33
12:03:26.258989 ATT: [-0.5, 5.6, 275]
12:03:26.259486 ACC: [-28, -43, 527]
12:03:26.260775 Navigation got ALT: 30.33
*** TARGETING mode ***
* Target Target(136, 189) received.
Anchor YAW: 274, current YAW: 275
[1510, 1566, 1600, 1582, 2011, 988, 988, 1500, 1001, 1001, 1001, 1001, 1500, 1500, 1500, 1500]
[1510, 1566, 1600, 1582, 2011, 988, 988, 1500, 1001, 1001, 1001, 1001, 1500, 1500, 1500, 1500]
[1510, 1566, 1600, 1582, 2011, 988, 988, 1500, 1001, 1001, 1001, 1001, 1500, 1500, 1500, 1500]
[1510, 1566, 1600, 1582, 2011, 988, 988, 1500, 1001, 1001, 1001, 1001, 1500, 1500, 1500, 1500]
[1510, 1566, 1600, 1582, 2011, 988, 988, 1500, 1001, 1001, 1001, 1001, 1500, 1500, 1500, 1500]
[1510, 1566, 1600, 1582, 2011, 988, 988, 1500, 1001, 1001, 1001, 1001, 1500, 1500, 1500, 1500]
[1510, 1566, 1600, 1582, 2011, 988, 988, 1500, 1001, 1001, 1001, 1001, 1500, 1500, 1500, 1500]
12:03:26.297248 Navigation got ALT: 30.33
*** TARGETING mode ***
* Target Target(134, 191) received.
Anchor YAW: 274, current YAW: 275
[1510, 1570, 1600, 1580, 2011, 988, 988, 1500, 1001, 1001, 1001, 1001, 1500, 1500, 1500, 1500]
[1510, 1570, 1600, 1580, 2011, 988, 988, 1500, 1001, 1001, 1001, 1001, 1500, 1500, 1500, 1500]
12:03:26.306794 ALT: 30.86
12:03:26.306897 ATT: [-0.5, 5.9, 277]
12:03:26.307334 ACC: [-24, -42, 524]
[1510, 1570, 1600, 1580, 2011, 988, 988, 1500, 1001, 1001, 1001, 1001, 1500, 1500, 1500, 1500]
[1510, 1570, 1600, 1580, 2011, 988, 988, 1500, 1001, 1001, 1001, 1001, 1500, 1500, 1500, 1500]
[1510, 1570, 1600, 1580, 2011, 988, 988, 1500, 1001, 1001, 1001, 1001, 1500, 1500, 1500, 1500]
12:03:26.329104 Navigation got ALT: 30.86
*** TARGETING mode ***
* Target Target(133, 193) received.
Anchor YAW: 274, current YAW: 277
[1530, 1574, 1600, 1580, 2011, 988, 988, 1500, 1001, 1001, 1001, 1001, 1500, 1500, 1500, 1500]
[1530, 1574, 1600, 1580, 2011, 988, 988, 1500, 1001, 1001, 1001, 1001, 1500, 1500, 1500, 1500]
[1530, 1574, 1600, 1580, 2011, 988, 988, 1500, 1001, 1001, 1001, 1001, 1500, 1500, 1500, 1500]
[1530, 1574, 1600, 1580, 2011, 988, 988, 1500, 1001, 1001, 1001, 1001, 1500, 1500, 1500, 1500]
12:03:26.357127 ALT: 31.41
12:03:26.357614 ATT: [-0.3, 6.1, 278]
12:03:26.362258 ACC: [-21, -38, 523]
12:03:26.374828 Navigation got ALT: 31.41
*** TARGETING mode ***
* Target Target(133, 195) received.
Anchor YAW: 274, current YAW: 278
[1540, 1578, 1600, 1580, 2011, 988, 988, 1500, 1001, 1001, 1001, 1001, 1500, 1500, 1500, 1500]
[1540, 1578, 1600, 1580, 2011, 988, 988, 1500, 1001, 1001, 1001, 1001, 1500, 1500, 1500, 1500]
[1540, 1578, 1600, 1580, 2011, 988, 988, 1500, 1001, 1001, 1001, 1001, 1500, 1500, 1500, 1500]
[1540, 1578, 1600, 1580, 2011, 988, 988, 1500, 1001, 1001, 1001, 1001, 1500, 1500, 1500, 1500]
[1540, 1578, 1600, 1580, 2011, 988, 988, 1500, 1001, 1001, 1001, 1001, 1500, 1500, 1500, 1500]
[1540, 1578, 1600, 1580, 2011, 988, 988, 1500, 1001, 1001, 1001, 1001, 1500, 1500, 1500, 1500]
12:03:26.410838 Navigation got ALT: 31.41
*** TARGETING mode ***
* Target Target(131, 197) received.
Anchor YAW: 274, current YAW: 278
[1540, 1582, 1600, 1579, 2009, 988, 988, 1500, 1001, 1001, 1001, 1001, 1500, 1500, 1500, 1500]
[1540, 1582, 1600, 1579, 2009, 988, 988, 1500, 1001, 1001, 1001, 1001, 1500, 1500, 1500, 1500]
[1540, 1582, 1600, 1579, 2009, 988, 988, 1500, 1001, 1001, 1001, 1001, 1500, 1500, 1500, 1500]
[1540, 1582, 1600, 1579, 2009, 988, 988, 1500, 1001, 1001, 1001, 1001, 1500, 1500, 1500, 1500]
12:03:26.419093 ALT: 31.95
12:03:26.419216 ATT: [0.4, 6.6, 280]
12:03:26.419627 ACC: [-21, -37, 518]
[1540, 1582, 1600, 1579, 2009, 988, 988, 1500, 1001, 1001, 1001, 1001, 1500, 1500, 1500, 1500]
[1540, 1582, 1600, 1579, 2009, 988, 988, 1500, 1001, 1001, 1001, 1001, 1500, 1500, 1500, 1500]
[1540, 1582, 1600, 1579, 2009, 988, 988, 1500, 1001, 1001, 1001, 1001, 1500, 1500, 1500, 1500]
12:03:26.444753 Navigation got ALT: 31.95
*** TARGETING mode ***
* Target Target(131, 199) received.
Anchor YAW: 274, current YAW: 280
[1560, 1586, 1600, 1579, 2012, 986, 989, 1499, 1001, 1001, 1001, 1001, 1500, 1500, 1500, 1500]
[1560, 1586, 1600, 1579, 2012, 986, 989, 1499, 1001, 1001, 1001, 1001, 1500, 1500, 1500, 1500]
[1560, 1586, 1600, 1579, 2012, 986, 989, 1499, 1001, 1001, 1001, 1001, 1500, 1500, 1500, 1500]
[1560, 1586, 1600, 1579, 2012, 986, 989, 1499, 1001, 1001, 1001, 1001, 1500, 1500, 1500, 1500]
12:03:26.468607 ALT: 32.47
12:03:26.469215 ATT: [1.3, 7.1, 282]
12:03:26.471257 ACC: [-19, -44, 521]
[1560, 1586, 1600, 1579, 2012, 986, 989, 1499, 1001, 1001, 1001, 1001, 1500, 1500, 1500, 1500]
12:03:26.476332 Navigation got ALT: 32.47
*** TARGETING mode ***
* Target Target(131, 199) received.
Anchor YAW: 274, current YAW: 282
[1580, 1590, 1600, 1579, 2011, 988, 988, 1500, 1001, 1001, 1001, 1001, 1500, 1500, 1500, 1500]
[1580, 1590, 1600, 1579, 2011, 988, 988, 1500, 1001, 1001, 1001, 1001, 1500, 1500, 1500, 1500]
[1580, 1590, 1600, 1579, 2011, 988, 988, 1500, 1001, 1001, 1001, 1001, 1500, 1500, 1500, 1500]
[1580, 1590, 1600, 1579, 2011, 988, 988, 1500, 1001, 1001, 1001, 1001, 1500, 1500, 1500, 1500]
[1580, 1590, 1600, 1579, 2011, 988, 988, 1500, 1001, 1001, 1001, 1001, 1500, 1500, 1500, 1500]
12:03:26.509457 Navigation got ALT: 32.47
*** TARGETING mode ***
* Target Target(130, 202) received.
Anchor YAW: 274, current YAW: 282
[1580, 1594, 1600, 1578, 2011, 988, 988, 1500, 1001, 1001, 1001, 1001, 1500, 1500, 1500, 1500]
12:03:26.515804 ALT: 33.22
12:03:26.516011 ATT: [1.9, 7.5, 283]
12:03:26.516365 ACC: [-20, -46, 517]
[1580, 1594, 1600, 1578, 2011, 988, 988, 1500, 1001, 1001, 1001, 1001, 1500, 1500, 1500, 1500]
[1580, 1594, 1600, 1578, 2011, 988, 988, 1500, 1001, 1001, 1001, 1001, 1500, 1500, 1500, 1500]
[1580, 1594, 1600, 1578, 2011, 988, 988, 1500, 1001, 1001, 1001, 1001, 1500, 1500, 1500, 1500]
12:03:26.540344 Navigation got ALT: 33.22
*** TARGETING mode ***
Anchor YAW: 274, current YAW: 283
[1590, 1598, 1350, 1578, 2011, 988, 988, 1500, 1001, 1001, 1001, 1001, 1500, 1500, 1500, 1500]
[1590, 1598, 1350, 1578, 2011, 988, 988, 1500, 1001, 1001, 1001, 1001, 1500, 1500, 1500, 1500]
[1590, 1598, 1350, 1578, 2011, 988, 988, 1500, 1001, 1001, 1001, 1001, 1500, 1500, 1500, 1500]
[1590, 1598, 1350, 1578, 2011, 988, 988, 1500, 1001, 1001, 1001, 1001, 1500, 1500, 1500, 1500]
[1590, 1598, 1350, 1578, 2011, 988, 988, 1500, 1001, 1001, 1001, 1001, 1500, 1500, 1500, 1500]
[1590, 1598, 1350, 1578, 2011, 988, 988, 1500, 1001, 1001, 1001, 1001, 1500, 1500, 1500, 1500]
12:03:26.576075 Navigation got ALT: 33.22
*** TARGETING mode ***
Anchor YAW: 274, current YAW: 283
[1590, 1602, 1600, 1578, 2011, 988, 988, 1500, 1001, 1001, 1001, 1001, 1500, 1500, 1500, 1500]
12:03:26.579823 ALT: 33.22
12:03:26.580018 ATT: [3.9, 8.3, 285]
12:03:26.580892 ACC: [-16, -57, 528]
[1590, 1602, 1600, 1578, 2011, 988, 988, 1500, 1001, 1001, 1001, 1001, 1500, 1500, 1500, 1500]
[1590, 1602, 1600, 1578, 2011, 988, 988, 1500, 1001, 1001, 1001, 1001, 1500, 1500, 1500, 1500]
[1590, 1602, 1600, 1578, 2011, 988, 988, 1500, 1001, 1001, 1001, 1001, 1500, 1500, 1500, 1500]
[1590, 1602, 1600, 1578, 2011, 988, 988, 1500, 1001, 1001, 1001, 1001, 1500, 1500, 1500, 1500]
12:03:26.609710 Navigation got ALT: 33.22
*** TARGETING mode ***
* Target Target(102, 200) received.
Anchor YAW: 274, current YAW: 285
[1610, 1606, 1600, 1561, 2011, 988, 988, 1500, 1001, 1001, 1001, 1001, 1500, 1500, 1500, 1500]
[1610, 1606, 1600, 1561, 2011, 988, 988, 1500, 1001, 1001, 1001, 1001, 1500, 1500, 1500, 1500]
[1610, 1606, 1600, 1561, 2011, 988, 988, 1500, 1001, 1001, 1001, 1001, 1500, 1500, 1500, 1500]
12:03:26.626874 ALT: 34.19
12:03:26.626970 ATT: [4.8, 8.7, 286]
12:03:26.627229 ACC: [-18, -53, 339]
[1610, 1606, 1600, 1561, 2011, 988, 988, 1500, 1001, 1001, 1001, 1001, 1500, 1500, 1500, 1500]
[1610, 1606, 1600, 1561, 2011, 988, 988, 1500, 1001, 1001, 1001, 1001, 1500, 1500, 1500, 1500]
12:03:26.642450 Navigation got ALT: 34.19
*** TARGETING mode ***
Anchor YAW: 274, current YAW: 286
[1620, 1610, 1350, 1561, 2011, 988, 988, 1499, 1001, 1001, 1001, 1001, 1500, 1500, 1500, 1500]
[1620, 1610, 1350, 1561, 2011, 988, 988, 1499, 1001, 1001, 1001, 1001, 1500, 1500, 1500, 1500]
[1620, 1610, 1350, 1561, 2011, 988, 988, 1499, 1001, 1001, 1001, 1001, 1500, 1500, 1500, 1500]
[1620, 1610, 1350, 1561, 2011, 988, 988, 1499, 1001, 1001, 1001, 1001, 1500, 1500, 1500, 1500]
[1620, 1610, 1350, 1561, 2011, 988, 988, 1499, 1001, 1001, 1001, 1001, 1500, 1500, 1500, 1500]
12:03:26.676686 Navigation got ALT: 34.19
*** TARGETING mode ***
Anchor YAW: 274, current YAW: 286
[1620, 1614, 1600, 1561, 2011, 988, 988, 1500, 1001, 1001, 1001, 1001, 1500, 1500, 1500, 1500]
12:03:26.682380 ALT: 34.79
12:03:26.682553 ATT: [5.8, 9.8, 287]
12:03:26.683005 ACC: [-17, -58, 440]
[1620, 1614, 1600, 1561, 2011, 988, 988, 1500, 1001, 1001, 1001, 1001, 1500, 1500, 1500, 1500]
[1620, 1614, 1600, 1561, 2011, 988, 988, 1500, 1001, 1001, 1001, 1001, 1500, 1500, 1500, 1500]
[1620, 1614, 1600, 1561, 2011, 988, 988, 1500, 1001, 1001, 1001, 1001, 1500, 1500, 1500, 1500]
[1620, 1614, 1600, 1561, 2011, 988, 988, 1500, 1001, 1001, 1001, 1001, 1500, 1500, 1500, 1500]
12:03:26.714713 Navigation got ALT: 34.79
*** TARGETING mode ***
Anchor YAW: 274, current YAW: 287
[1630, 1618, 1577, 1561, 2011, 988, 988, 1501, 1001, 1001, 1001, 1001, 1500, 1500, 1500, 1500]
[1630, 1618, 1577, 1561, 2011, 988, 988, 1501, 1001, 1001, 1001, 1001, 1500, 1500, 1500, 1500]
[1630, 1618, 1577, 1561, 2011, 988, 988, 1501, 1001, 1001, 1001, 1001, 1500, 1500, 1500, 1500]
[1630, 1618, 1577, 1561, 2011, 988, 988, 1501, 1001, 1001, 1001, 1001, 1500, 1500, 1500, 1500]
[1630, 1618, 1577, 1561, 2011, 988, 988, 1501, 1001, 1001, 1001, 1001, 1500, 1500, 1500, 1500]
12:03:26.750958 Navigation got ALT: 34.79
*** TARGETING mode ***
Anchor YAW: 274, current YAW: 287
[1630, 1622, 1600, 1561, 2011, 988, 988, 1500, 1001, 1001, 1001, 1001, 1500, 1500, 1500, 1500]
[1630, 1622, 1600, 1561, 2011, 988, 988, 1500, 1001, 1001, 1001, 1001, 1500, 1500, 1500, 1500]
12:03:26.755010 ALT: 35.27
12:03:26.755156 ATT: [8.1, 10.4, 288]
12:03:26.755482 ACC: [-16, -56, 320]
[1630, 1622, 1600, 1561, 2011, 988, 988, 1500, 1001, 1001, 1001, 1001, 1500, 1500, 1500, 1500]
[1630, 1622, 1600, 1561, 2011, 988, 988, 1500, 1001, 1001, 1001, 1001, 1500, 1500, 1500, 1500]
[1630, 1622, 1600, 1561, 2011, 988, 988, 1500, 1001, 1001, 1001, 1001, 1500, 1500, 1500, 1500]
[1630, 1622, 1600, 1561, 2011, 988, 988, 1500, 1001, 1001, 1001, 1001, 1500, 1500, 1500, 1500]
12:03:26.783110 Navigation got ALT: 35.27
*** TARGETING mode ***
* Target Target(72, 191) received.
Anchor YAW: 274, current YAW: 288
[1640, 1626, 1593, 1558, 2011, 988, 988, 1499, 1001, 1001, 1001, 1001, 1500, 1500, 1500, 1500]
[1640, 1626, 1593, 1558, 2011, 988, 988, 1499, 1001, 1001, 1001, 1001, 1500, 1500, 1500, 1500]
[1640, 1626, 1593, 1558, 2011, 988, 988, 1499, 1001, 1001, 1001, 1001, 1500, 1500, 1500, 1500]
[1640, 1626, 1593, 1558, 2011, 988, 988, 1499, 1001, 1001, 1001, 1001, 1500, 1500, 1500, 1500]
12:03:26.803276 ALT: 36.08
12:03:26.803486 ATT: [9.2, 11.8, 289]
12:03:26.803987 ACC: [-13, -64, 471]
[1640, 1626, 1593, 1558, 2011, 988, 988, 1499, 1001, 1001, 1001, 1001, 1500, 1500, 1500, 1500]
12:03:26.816269 Navigation got ALT: 36.08
*** TARGETING mode ***
Anchor YAW: 274, current YAW: 289
[1650, 1630, 1350, 1558, 2011, 988, 988, 1500, 1001, 1001, 1001, 1001, 1500, 1500, 1500, 1500]
[1650, 1630, 1350, 1558, 2011, 988, 988, 1500, 1001, 1001, 1001, 1001, 1500, 1500, 1500, 1500]
[1650, 1630, 1350, 1558, 2011, 988, 988, 1500, 1001, 1001, 1001, 1001, 1500, 1500, 1500, 1500]
[1650, 1630, 1350, 1558, 2011, 988, 988, 1500, 1001, 1001, 1001, 1001, 1500, 1500, 1500, 1500]
12:03:26.851045 ALT: 36.59
12:03:26.851200 ATT: [10.2, 12.4, 290]
12:03:26.851562 ACC: [-14, -69, 560]
12:03:26.862987 Navigation got ALT: 36.59
*** TARGETING mode ***
Anchor YAW: 274, current YAW: 290
[1660, 1634, 1450, 1558, 2011, 988, 988, 1499, 1001, 1001, 1001, 1001, 1500, 1500, 1500, 1500]
[1660, 1634, 1450, 1558, 2011, 988, 988, 1499, 1001, 1001, 1001, 1001, 1500, 1500, 1500, 1500]
[1660, 1634, 1450, 1558, 2011, 988, 988, 1499, 1001, 1001, 1001, 1001, 1500, 1500, 1500, 1500]
[1660, 1634, 1450, 1558, 2011, 988, 988, 1499, 1001, 1001, 1001, 1001, 1500, 1500, 1500, 1500]
[1660, 1634, 1450, 1558, 2011, 988, 988, 1499, 1001, 1001, 1001, 1001, 1500, 1500, 1500, 1500]
[1660, 1634, 1450, 1558, 2011, 988, 988, 1499, 1001, 1001, 1001, 1001, 1500, 1500, 1500, 1500]
[1660, 1634, 1450, 1558, 2011, 988, 988, 1499, 1001, 1001, 1001, 1001, 1500, 1500, 1500, 1500]
12:03:26.894336 Navigation got ALT: 36.59
*** TARGETING mode ***
Anchor YAW: 274, current YAW: 290
[1660, 1638, 1600, 1558, 2011, 988, 988, 1500, 1001, 1001, 1001, 1001, 1500, 1500, 1500, 1500]
[1660, 1638, 1600, 1558, 2011, 988, 988, 1500, 1001, 1001, 1001, 1001, 1500, 1500, 1500, 1500]
12:03:26.898965 ALT: 36.78
12:03:26.899193 ATT: [11.2, 12.7, 290]
12:03:26.899587 ACC: [-12, -64, 387]
[1660, 1638, 1600, 1558, 2011, 988, 988, 1500, 1001, 1001, 1001, 1001, 1500, 1500, 1500, 1500]
[1660, 1638, 1600, 1558, 2011, 988, 988, 1500, 1001, 1001, 1001, 1001, 1500, 1500, 1500, 1500]
[1660, 1638, 1600, 1558, 2011, 988, 988, 1500, 1001, 1001, 1001, 1001, 1500, 1500, 1500, 1500]
[1660, 1638, 1600, 1558, 2011, 988, 988, 1500, 1001, 1001, 1001, 1001, 1500, 1500, 1500, 1500]
12:03:26.929900 Navigation got ALT: 36.78
*** TARGETING mode ***
Anchor YAW: 274, current YAW: 290
[1660, 1642, 1600, 1558, 2011, 988, 988, 1499, 1001, 1001, 1001, 1001, 1500, 1500, 1500, 1500]
[1660, 1642, 1600, 1558, 2011, 988, 988, 1499, 1001, 1001, 1001, 1001, 1500, 1500, 1500, 1500]
[1660, 1642, 1600, 1558, 2011, 988, 988, 1499, 1001, 1001, 1001, 1001, 1500, 1500, 1500, 1500]
12:03:26.947172 ALT: 37.23
12:03:26.947260 ATT: [12.6, 13.3, 291]
12:03:26.947516 ACC: [-10, -59, 276]
[1660, 1642, 1600, 1558, 2011, 988, 988, 1499, 1001, 1001, 1001, 1001, 1500, 1500, 1500, 1500]
[1660, 1642, 1600, 1558, 2011, 988, 988, 1499, 1001, 1001, 1001, 1001, 1500, 1500, 1500, 1500]
12:03:26.962736 Navigation got ALT: 37.23
*** TARGETING mode ***
* Target Target(85, 183) received.
Anchor YAW: 274, current YAW: 291
[1670, 1646, 1564, 1551, 2011, 988, 988, 1500, 1001, 1001, 1001, 1001, 1500, 1500, 1500, 1500]
[1670, 1646, 1564, 1551, 2011, 988, 988, 1500, 1001, 1001, 1001, 1001, 1500, 1500, 1500, 1500]
[1670, 1646, 1564, 1551, 2011, 988, 988, 1500, 1001, 1001, 1001, 1001, 1500, 1500, 1500, 1500]
[1670, 1646, 1564, 1551, 2011, 988, 988, 1500, 1001, 1001, 1001, 1001, 1500, 1500, 1500, 1500]
[1670, 1646, 1564, 1551, 2011, 988, 988, 1500, 1001, 1001, 1001, 1001, 1500, 1500, 1500, 1500]
12:03:26.995326 ALT: 37.71
12:03:26.995490 ATT: [13.6, 14.2, 291]
12:03:26.995910 ACC: [-11, -64, 445]
12:03:26.999600 Navigation got ALT: 37.71
*** TARGETING mode ***
Anchor YAW: 274, current YAW: 291
[1670, 1650, 1534, 1551, 2011, 988, 988, 1500, 1001, 1001, 1001, 1001, 1500, 1500, 1500, 1500]
[1670, 1650, 1534, 1551, 2011, 988, 988, 1500, 1001, 1001, 1001, 1001, 1500, 1500, 1500, 1500]
[1670, 1650, 1534, 1551, 2011, 988, 988, 1500, 1001, 1001, 1001, 1001, 1500, 1500, 1500, 1500]
[1670, 1650, 1534, 1551, 2011, 988, 988, 1500, 1001, 1001, 1001, 1001, 1500, 1500, 1500, 1500]
[1670, 1650, 1534, 1551, 2011, 988, 988, 1500, 1001, 1001, 1001, 1001, 1500, 1500, 1500, 1500]
12:03:27.031521 Navigation got ALT: 37.71
*** TARGETING mode ***
Anchor YAW: 274, current YAW: 291
[1670, 1654, 1600, 1551, 2011, 988, 988, 1500, 1001, 1001, 1001, 1001, 1500, 1500, 1500, 1500]
12:03:27.060820 ALT: 38.2
12:03:27.061070 ATT: [14.4, 14.8, 292]
12:03:27.061439 ACC: [-13, -72, 570]
12:03:27.067975 Navigation got ALT: 38.2
*** TARGETING mode ***
Anchor YAW: 274, current YAW: 292
[1680, 1658, 1534, 1551, 2011, 988, 988, 1499, 1001, 1001, 1001, 1001, 1500, 1500, 1500, 1500]
[1680, 1658, 1534, 1551, 2011, 988, 988, 1499, 1001, 1001, 1001, 1001, 1500, 1500, 1500, 1500]
[1680, 1658, 1534, 1551, 2011, 988, 988, 1499, 1001, 1001, 1001, 1001, 1500, 1500, 1500, 1500]
[1680, 1658, 1534, 1551, 2011, 988, 988, 1499, 1001, 1001, 1001, 1001, 1500, 1500, 1500, 1500]
[1680, 1658, 1534, 1551, 2011, 988, 988, 1499, 1001, 1001, 1001, 1001, 1500, 1500, 1500, 1500]
[1680, 1658, 1534, 1551, 2011, 988, 988, 1499, 1001, 1001, 1001, 1001, 1500, 1500, 1500, 1500]
[1680, 1658, 1534, 1551, 2011, 988, 988, 1499, 1001, 1001, 1001, 1001, 1500, 1500, 1500, 1500]
[1680, 1658, 1534, 1551, 2011, 988, 988, 1499, 1001, 1001, 1001, 1001, 1500, 1500, 1500, 1500]
[1680, 1658, 1534, 1551, 2011, 988, 988, 1499, 1001, 1001, 1001, 1001, 1500, 1500, 1500, 1500]
12:03:27.102918 Navigation got ALT: 38.2
*** TARGETING mode ***
Anchor YAW: 274, current YAW: 292
[1680, 1662, 1600, 1551, 2011, 988, 988, 1500, 1001, 1001, 1001, 1001, 1500, 1500, 1500, 1500]
[1680, 1662, 1600, 1551, 2011, 988, 988, 1500, 1001, 1001, 1001, 1001, 1500, 1500, 1500, 1500]
12:03:27.106972 ALT: 39.02
12:03:27.107076 ATT: [15.3, 15.3, 293]
12:03:27.107365 ACC: [-10, -72, 547]
[1680, 1662, 1600, 1551, 2011, 988, 988, 1500, 1001, 1001, 1001, 1001, 1500, 1500, 1500, 1500]
[1680, 1662, 1600, 1551, 2011, 988, 988, 1500, 1001, 1001, 1001, 1001, 1500, 1500, 1500, 1500]
[1680, 1662, 1600, 1551, 2011, 988, 988, 1500, 1001, 1001, 1001, 1001, 1500, 1500, 1500, 1500]
[1680, 1662, 1600, 1551, 2011, 988, 988, 1500, 1001, 1001, 1001, 1001, 1500, 1500, 1500, 1500]
12:03:27.141355 Navigation got ALT: 39.02
*** TARGETING mode ***
* Target Target(89, 182) received.
Anchor YAW: 274, current YAW: 293
[1690, 1666, 1350, 1553, 2011, 988, 988, 1500, 1001, 1001, 1001, 1001, 1500, 1500, 1500, 1500]
[1690, 1666, 1350, 1553, 2011, 988, 988, 1500, 1001, 1001, 1001, 1001, 1500, 1500, 1500, 1500]
12:03:27.154962 ALT: 39.53
12:03:27.155070 ATT: [16.0, 16.0, 293]
12:03:27.155337 ACC: [-10, -67, 559]
[1690, 1666, 1350, 1553, 2011, 988, 988, 1500, 1001, 1001, 1001, 1001, 1500, 1500, 1500, 1500]
[1690, 1666, 1350, 1553, 2011, 988, 988, 1500, 1001, 1001, 1001, 1001, 1500, 1500, 1500, 1500]
[1690, 1666, 1350, 1553, 2011, 988, 988, 1500, 1001, 1001, 1001, 1001, 1500, 1500, 1500, 1500]
12:03:27.175619 Navigation got ALT: 39.53
*** TARGETING mode ***
Anchor YAW: 274, current YAW: 293
[1690, 1670, 1350, 1553, 2011, 988, 988, 1500, 1001, 1001, 1001, 1001, 1500, 1500, 1500, 1500]
[1690, 1670, 1350, 1553, 2011, 988, 988, 1500, 1001, 1001, 1001, 1001, 1500, 1500, 1500, 1500]
[1690, 1670, 1350, 1553, 2011, 988, 988, 1500, 1001, 1001, 1001, 1001, 1500, 1500, 1500, 1500]
[1690, 1670, 1350, 1553, 2011, 988, 988, 1500, 1001, 1001, 1001, 1001, 1500, 1500, 1500, 1500]
[1690, 1670, 1350, 1553, 2011, 988, 988, 1500, 1001, 1001, 1001, 1001, 1500, 1500, 1500, 1500]
[1690, 1670, 1350, 1553, 2011, 988, 988, 1500, 1001, 1001, 1001, 1001, 1500, 1500, 1500, 1500]
12:03:27.203060 ALT: 39.72
12:03:27.203152 ATT: [16.6, 16.3, 294]
12:03:27.203469 ACC: [-12, -70, 551]
12:03:27.209472 Navigation got ALT: 39.72
*** TARGETING mode ***
Anchor YAW: 274, current YAW: 294
[1700, 1674, 1537, 1553, 2011, 988, 988, 1500, 1001, 1001, 1001, 1001, 1500, 1500, 1500, 1500]
[1700, 1674, 1537, 1553, 2011, 988, 988, 1500, 1001, 1001, 1001, 1001, 1500, 1500, 1500, 1500]
[1700, 1674, 1537, 1553, 2011, 988, 988, 1500, 1001, 1001, 1001, 1001, 1500, 1500, 1500, 1500]
[1700, 1674, 1537, 1553, 2011, 988, 988, 1500, 1001, 1001, 1001, 1001, 1500, 1500, 1500, 1500]
[1700, 1674, 1537, 1553, 2011, 988, 988, 1500, 1001, 1001, 1001, 1001, 1500, 1500, 1500, 1500]
12:03:27.242510 Navigation got ALT: 39.72
*** TARGETING mode ***
Anchor YAW: 274, current YAW: 294
[1700, 1678, 1600, 1553, 2011, 988, 988, 1500, 1001, 1001, 1001, 1001, 1500, 1500, 1500, 1500]
12:03:27.251326 ALT: 40.22
12:03:27.251478 ATT: [17.4, 16.8, 294]
12:03:27.251799 ACC: [-12, -54, 271]
[1700, 1678, 1600, 1553, 2011, 988, 988, 1500, 1001, 1001, 1001, 1001, 1500, 1500, 1500, 1500]
[1700, 1678, 1600, 1553, 2011, 988, 988, 1500, 1001, 1001, 1001, 1001, 1500, 1500, 1500, 1500]
[1700, 1678, 1600, 1553, 2011, 988, 988, 1500, 1001, 1001, 1001, 1001, 1500, 1500, 1500, 1500]
[1700, 1678, 1600, 1553, 2011, 988, 988, 1500, 1001, 1001, 1001, 1001, 1500, 1500, 1500, 1500]
12:03:27.275760 Navigation got ALT: 40.22
*** TARGETING mode ***
Anchor YAW: 274, current YAW: 294
[1700, 1682, 1389, 1553, 2011, 988, 988, 1500, 1001, 1001, 1001, 1001, 1500, 1500, 1500, 1500]
[1700, 1682, 1389, 1553, 2011, 988, 988, 1500, 1001, 1001, 1001, 1001, 1500, 1500, 1500, 1500]
[1700, 1682, 1389, 1553, 2011, 988, 988, 1500, 1001, 1001, 1001, 1001, 1500, 1500, 1500, 1500]
12:03:27.299493 ALT: 40.73
12:03:27.299596 ATT: [18.3, 17.7, 295]
12:03:27.299847 ACC: [-10, -55, 337]
[1700, 1682, 1389, 1553, 2011, 988, 988, 1500, 1001, 1001, 1001, 1001, 1500, 1500, 1500, 1500]
[1700, 1682, 1389, 1553, 2011, 988, 988, 1500, 1001, 1001, 1001, 1001, 1500, 1500, 1500, 1500]
12:03:27.309049 Navigation got ALT: 40.73
*** TARGETING mode ***
Anchor YAW: 274, current YAW: 295
[1710, 1686, 1350, 1553, 2009, 988, 988, 1500, 1001, 1001, 1001, 1001, 1500, 1500, 1500, 1500]
[1710, 1686, 1350, 1553, 2009, 988, 988, 1500, 1001, 1001, 1001, 1001, 1500, 1500, 1500, 1500]
[1710, 1686, 1350, 1553, 2009, 988, 988, 1500, 1001, 1001, 1001, 1001, 1500, 1500, 1500, 1500]
[1710, 1686, 1350, 1553, 2009, 988, 988, 1500, 1001, 1001, 1001, 1001, 1500, 1500, 1500, 1500]
[1710, 1686, 1350, 1553, 2009, 988, 988, 1500, 1001, 1001, 1001, 1001, 1500, 1500, 1500, 1500]
12:03:27.342335 Navigation got ALT: 40.73
*** TARGETING mode ***
* Target Target(110, 180) received.
Anchor YAW: 274, current YAW: 295
[1710, 1690, 1600, 1566, 2011, 988, 988, 1500, 1001, 1001, 1001, 1001, 1500, 1500, 1500, 1500]
12:03:27.347040 ALT: 41.23
12:03:27.347125 ATT: [18.9, 18.5, 295]
12:03:27.347402 ACC: [-12, -58, 527]
[1710, 1690, 1600, 1566, 2011, 988, 988, 1500, 1001, 1001, 1001, 1001, 1500, 1500, 1500, 1500]
[1710, 1690, 1600, 1566, 2011, 988, 988, 1500, 1001, 1001, 1001, 1001, 1500, 1500, 1500, 1500]
[1710, 1690, 1600, 1566, 2011, 988, 988, 1500, 1001, 1001, 1001, 1001, 1500, 1500, 1500, 1500]
[1710, 1690, 1600, 1566, 2011, 988, 988, 1500, 1001, 1001, 1001, 1001, 1500, 1500, 1500, 1500]
12:03:27.375775 Navigation got ALT: 41.23
*** TARGETING mode ***
Anchor YAW: 274, current YAW: 295
[1710, 1694, 1353, 1566, 2011, 988, 988, 1499, 1001, 1001, 1001, 1001, 1500, 1500, 1500, 1500]
[1710, 1694, 1353, 1566, 2011, 988, 988, 1499, 1001, 1001, 1001, 1001, 1500, 1500, 1500, 1500]
[1710, 1694, 1353, 1566, 2011, 988, 988, 1499, 1001, 1001, 1001, 1001, 1500, 1500, 1500, 1500]
12:03:27.400055 ALT: 41.68
12:03:27.400169 ATT: [19.5, 18.8, 296]
12:03:27.404566 ACC: [-12, -54, 326]
12:03:27.411517 Navigation got ALT: 41.68
*** TARGETING mode ***
Anchor YAW: 274, current YAW: 296
[1720, 1698, 1350, 1566, 2011, 988, 988, 1500, 1001, 1001, 1001, 1001, 1500, 1500, 1500, 1500]
[1720, 1698, 1350, 1566, 2011, 988, 988, 1500, 1001, 1001, 1001, 1001, 1500, 1500, 1500, 1500]
[1720, 1698, 1350, 1566, 2011, 988, 988, 1500, 1001, 1001, 1001, 1001, 1500, 1500, 1500, 1500]
[1720, 1698, 1350, 1566, 2011, 988, 988, 1500, 1001, 1001, 1001, 1001, 1500, 1500, 1500, 1500]
[1720, 1698, 1350, 1566, 2011, 988, 988, 1500, 1001, 1001, 1001, 1001, 1500, 1500, 1500, 1500]
12:03:27.443986 ALT: 42.16
12:03:27.444190 ATT: [20.2, 20.0, 297]
12:03:27.444698 ACC: [-10, -56, 449]
12:03:27.446386 Navigation got ALT: 42.16
*** TARGETING mode ***
Anchor YAW: 274, current YAW: 297
[1730, 1702, 1350, 1566, 2011, 988, 988, 1499, 1001, 1001, 1001, 1001, 1500, 1500, 1500, 1500]
[1730, 1702, 1350, 1566, 2011, 988, 988, 1499, 1001, 1001, 1001, 1001, 1500, 1500, 1500, 1500]
[1730, 1702, 1350, 1566, 2011, 988, 988, 1499, 1001, 1001, 1001, 1001, 1500, 1500, 1500, 1500]
[1730, 1702, 1350, 1566, 2011, 988, 988, 1499, 1001, 1001, 1001, 1001, 1500, 1500, 1500, 1500]
[1730, 1702, 1350, 1566, 2011, 988, 988, 1499, 1001, 1001, 1001, 1001, 1500, 1500, 1500, 1500]
[1730, 1702, 1350, 1566, 2011, 988, 988, 1499, 1001, 1001, 1001, 1001, 1500, 1500, 1500, 1500]
[1730, 1702, 1350, 1566, 2011, 988, 988, 1499, 1001, 1001, 1001, 1001, 1500, 1500, 1500, 1500]
12:03:27.476515 Navigation got ALT: 42.16
*** TARGETING mode ***
Anchor YAW: 274, current YAW: 297
[1730, 1706, 1600, 1566, 2011, 988, 988, 1500, 1001, 1001, 1001, 1001, 1500, 1500, 1500, 1500]
[1730, 1706, 1600, 1566, 2011, 988, 988, 1500, 1001, 1001, 1001, 1001, 1500, 1500, 1500, 1500]
[1730, 1706, 1600, 1566, 2011, 988, 988, 1500, 1001, 1001, 1001, 1001, 1500, 1500, 1500, 1500]
12:03:27.492431 ALT: 42.6
12:03:27.492567 ATT: [20.5, 20.3, 298]
12:03:27.492977 ACC: [-16, -49, 348]
[1730, 1706, 1600, 1566, 2011, 988, 988, 1500, 1001, 1001, 1001, 1001, 1500, 1500, 1500, 1500]
[1730, 1706, 1600, 1566, 2011, 988, 988, 1500, 1001, 1001, 1001, 1001, 1500, 1500, 1500, 1500]
12:03:27.509500 Navigation got ALT: 42.6
*** TARGETING mode ***
Anchor YAW: 274, current YAW: 298
[1740, 1710, 1364, 1566, 2011, 988, 988, 1500, 1001, 1001, 1001, 1001, 1500, 1500, 1500, 1500]
[1740, 1710, 1364, 1566, 2011, 988, 988, 1500, 1001, 1001, 1001, 1001, 1500, 1500, 1500, 1500]
[1740, 1710, 1364, 1566, 2011, 988, 988, 1500, 1001, 1001, 1001, 1001, 1500, 1500, 1500, 1500]
[1740, 1710, 1364, 1566, 2011, 988, 988, 1500, 1001, 1001, 1001, 1001, 1500, 1500, 1500, 1500]
[1740, 1710, 1364, 1566, 2011, 988, 988, 1500, 1001, 1001, 1001, 1001, 1500, 1500, 1500, 1500]
12:03:27.539296 ALT: 43.08
12:03:27.539428 ATT: [21.6, 20.5, 299]
12:03:27.539926 ACC: [-13, -44, 237]
12:03:27.543083 Navigation got ALT: 43.08
*** TARGETING mode ***
* Target Target(127, 185) received.
Anchor YAW: 274, current YAW: 299
[1750, 1714, 1350, 1576, 2011, 991, 985, 1500, 1001, 1001, 1001, 1001, 1500, 1500, 1500, 1500]
[1750, 1714, 1350, 1576, 2011, 991, 985, 1500, 1001, 1001, 1001, 1001, 1500, 1500, 1500, 1500]
[1750, 1714, 1350, 1576, 2011, 991, 985, 1500, 1001, 1001, 1001, 1001, 1500, 1500, 1500, 1500]
[1750, 1714, 1350, 1576, 2011, 991, 985, 1500, 1001, 1001, 1001, 1001, 1500, 1500, 1500, 1500]
[1750, 1714, 1350, 1576, 2011, 991, 985, 1500, 1001, 1001, 1001, 1001, 1500, 1500, 1500, 1500]
12:03:27.575815 Navigation got ALT: 43.08
*** TARGETING mode ***
Anchor YAW: 274, current YAW: 299
[1750, 1718, 1600, 1576, 2012, 986, 988, 1499, 1001, 1001, 1001, 1001, 1500, 1500, 1500, 1500]
[1750, 1718, 1600, 1576, 2012, 986, 988, 1499, 1001, 1001, 1001, 1001, 1500, 1500, 1500, 1500]
12:03:27.586976 ALT: 43.53
12:03:27.587082 ATT: [22.3, 21.9, 299]
12:03:27.587477 ACC: [-13, -41, 353]
[1750, 1718, 1600, 1576, 2012, 986, 988, 1499, 1001, 1001, 1001, 1001, 1500, 1500, 1500, 1500]
[1750, 1718, 1600, 1576, 2012, 986, 988, 1499, 1001, 1001, 1001, 1001, 1500, 1500, 1500, 1500]
[1750, 1718, 1600, 1576, 2012, 986, 988, 1499, 1001, 1001, 1001, 1001, 1500, 1500, 1500, 1500]
12:03:27.609141 Navigation got ALT: 43.53
*** TARGETING mode ***
Anchor YAW: 274, current YAW: 299
[1750, 1722, 1350, 1576, 2011, 988, 988, 1500, 1001, 1001, 1001, 1001, 1500, 1500, 1500, 1500]
[1750, 1722, 1350, 1576, 2011, 988, 988, 1500, 1001, 1001, 1001, 1001, 1500, 1500, 1500, 1500]
[1750, 1722, 1350, 1576, 2011, 988, 988, 1500, 1001, 1001, 1001, 1001, 1500, 1500, 1500, 1500]
[1750, 1722, 1350, 1576, 2011, 988, 988, 1500, 1001, 1001, 1001, 1001, 1500, 1500, 1500, 1500]
[1750, 1722, 1350, 1576, 2011, 988, 988, 1500, 1001, 1001, 1001, 1001, 1500, 1500, 1500, 1500]
12:03:27.642504 Navigation got ALT: 43.53
*** TARGETING mode ***
Anchor YAW: 274, current YAW: 299
[1750, 1726, 1600, 1576, 2011, 988, 989, 1497, 1001, 1001, 1001, 1001, 1500, 1500, 1500, 1500]
[1750, 1726, 1600, 1576, 2011, 988, 989, 1497, 1001, 1001, 1001, 1001, 1500, 1500, 1500, 1500]
12:03:27.651062 ALT: 43.83
12:03:27.651150 ATT: [23.4, 22.9, 301]
12:03:27.651501 ACC: [-17, -41, 299]
[1750, 1726, 1600, 1576, 2011, 988, 989, 1497, 1001, 1001, 1001, 1001, 1500, 1500, 1500, 1500]
[1750, 1726, 1600, 1576, 2011, 988, 989, 1497, 1001, 1001, 1001, 1001, 1500, 1500, 1500, 1500]
[1750, 1726, 1600, 1576, 2011, 988, 989, 1497, 1001, 1001, 1001, 1001, 1500, 1500, 1500, 1500]
12:03:27.676144 Navigation got ALT: 43.83
*** TARGETING mode ***
* Target Target(105, 172) received.
Anchor YAW: 274, current YAW: 301
[1770, 1729, 1491, 1563, 2011, 988, 988, 1500, 1001, 1001, 1001, 1001, 1500, 1500, 1500, 1500]
[1770, 1729, 1491, 1563, 2011, 988, 988, 1500, 1001, 1001, 1001, 1001, 1500, 1500, 1500, 1500]
[1770, 1729, 1491, 1563, 2011, 988, 988, 1500, 1001, 1001, 1001, 1001, 1500, 1500, 1500, 1500]
[1770, 1729, 1491, 1563, 2011, 988, 988, 1500, 1001, 1001, 1001, 1001, 1500, 1500, 1500, 1500]
12:03:27.699019 ALT: 44.39
12:03:27.699117 ATT: [23.5, 23.7, 302]
12:03:27.699449 ACC: [-15, -42, 470]
[1770, 1729, 1491, 1563, 2011, 988, 988, 1500, 1001, 1001, 1001, 1001, 1500, 1500, 1500, 1500]
12:03:27.709412 Navigation got ALT: 44.39
*** TARGETING mode ***
Anchor YAW: 274, current YAW: 302
[1780, 1732, 1350, 1563, 2011, 988, 988, 1500, 1001, 1001, 1001, 1001, 1500, 1500, 1500, 1500]
[1780, 1732, 1350, 1563, 2011, 988, 988, 1500, 1001, 1001, 1001, 1001, 1500, 1500, 1500, 1500]
[1780, 1732, 1350, 1563, 2011, 988, 988, 1500, 1001, 1001, 1001, 1001, 1500, 1500, 1500, 1500]
[1780, 1732, 1350, 1563, 2011, 988, 988, 1500, 1001, 1001, 1001, 1001, 1500, 1500, 1500, 1500]
[1780, 1732, 1350, 1563, 2011, 988, 988, 1500, 1001, 1001, 1001, 1001, 1500, 1500, 1500, 1500]
12:03:27.742597 Navigation got ALT: 44.39
*** TARGETING mode ***
Anchor YAW: 274, current YAW: 302
[1780, 1735, 1574, 1563, 2011, 988, 988, 1500, 1001, 1001, 1001, 1001, 1500, 1500, 1500, 1500]
12:03:27.747235 ALT: 44.92
12:03:27.749013 ATT: [23.8, 24.0, 303]
12:03:27.749487 ACC: [-14, -43, 550]
[1780, 1735, 1574, 1563, 2011, 988, 988, 1500, 1001, 1001, 1001, 1001, 1500, 1500, 1500, 1500]
[1780, 1735, 1574, 1563, 2011, 988, 988, 1500, 1001, 1001, 1001, 1001, 1500, 1500, 1500, 1500]
[1780, 1735, 1574, 1563, 2011, 988, 988, 1500, 1001, 1001, 1001, 1001, 1500, 1500, 1500, 1500]
[1780, 1735, 1574, 1563, 2011, 988, 988, 1500, 1001, 1001, 1001, 1001, 1500, 1500, 1500, 1500]
12:03:27.775801 Navigation got ALT: 44.92
*** TARGETING mode ***
Anchor YAW: 274, current YAW: 303
[1790, 1738, 1350, 1563, 2011, 988, 988, 1499, 1001, 1001, 1001, 1001, 1500, 1500, 1500, 1500]
[1790, 1738, 1350, 1563, 2011, 988, 988, 1499, 1001, 1001, 1001, 1001, 1500, 1500, 1500, 1500]
[1790, 1738, 1350, 1563, 2011, 988, 988, 1499, 1001, 1001, 1001, 1001, 1500, 1500, 1500, 1500]
12:03:27.795042 ALT: 45.37
12:03:27.795193 ATT: [25.1, 24.5, 304]
12:03:27.795760 ACC: [-13, -41, 439]
[1790, 1738, 1350, 1563, 2011, 988, 988, 1499, 1001, 1001, 1001, 1001, 1500, 1500, 1500, 1500]
[1790, 1738, 1350, 1563, 2011, 988, 988, 1499, 1001, 1001, 1001, 1001, 1500, 1500, 1500, 1500]
12:03:27.809058 Navigation got ALT: 45.37
*** TARGETING mode ***
Anchor YAW: 274, current YAW: 304
[1800, 1741, 1350, 1563, 2011, 988, 988, 1499, 1001, 1001, 1001, 1001, 1500, 1500, 1500, 1500]
[1800, 1741, 1350, 1563, 2011, 988, 988, 1499, 1001, 1001, 1001, 1001, 1500, 1500, 1500, 1500]
[1800, 1741, 1350, 1563, 2011, 988, 988, 1499, 1001, 1001, 1001, 1001, 1500, 1500, 1500, 1500]
[1800, 1741, 1350, 1563, 2011, 988, 988, 1499, 1001, 1001, 1001, 1001, 1500, 1500, 1500, 1500]
[1800, 1741, 1350, 1563, 2011, 988, 988, 1499, 1001, 1001, 1001, 1001, 1500, 1500, 1500, 1500]
12:03:27.842701 Navigation got ALT: 45.37
*** TARGETING mode ***
12:03:27.843304 ALT: 45.85
12:03:27.843406 ATT: [25.8, 25.1, 305]
12:03:27.843735 ACC: [-15, -37, 506]
* Target Target(82, 165) received.
Anchor YAW: 274, current YAW: 304
[1800, 1744, 1535, 1549, 2011, 988, 988, 1499, 1001, 1001, 1001, 1001, 1500, 1500, 1500, 1500]
[1800, 1744, 1535, 1549, 2011, 988, 988, 1499, 1001, 1001, 1001, 1001, 1500, 1500, 1500, 1500]
[1800, 1744, 1535, 1549, 2011, 988, 988, 1499, 1001, 1001, 1001, 1001, 1500, 1500, 1500, 1500]
[1800, 1744, 1535, 1549, 2011, 988, 988, 1499, 1001, 1001, 1001, 1001, 1500, 1500, 1500, 1500]
[1800, 1744, 1535, 1549, 2011, 988, 988, 1499, 1001, 1001, 1001, 1001, 1500, 1500, 1500, 1500]
12:03:27.875927 Navigation got ALT: 45.85
*** TARGETING mode ***
Anchor YAW: 274, current YAW: 305
[1810, 1747, 1350, 1549, 2011, 988, 988, 1500, 1001, 1001, 1001, 1001, 1500, 1500, 1500, 1500]
12:03:27.892974 ALT: 46.35
12:03:27.893079 ATT: [27.3, 25.6, 306]
12:03:27.893371 ACC: [-19, -36, 350]
[1810, 1747, 1350, 1549, 2011, 988, 988, 1500, 1001, 1001, 1001, 1001, 1500, 1500, 1500, 1500]
[1810, 1747, 1350, 1549, 2011, 988, 988, 1500, 1001, 1001, 1001, 1001, 1500, 1500, 1500, 1500]
[1810, 1747, 1350, 1549, 2011, 988, 988, 1500, 1001, 1001, 1001, 1001, 1500, 1500, 1500, 1500]
12:03:27.917385 Navigation got ALT: 46.35
*** TARGETING mode ***
Anchor YAW: 274, current YAW: 306
[1820, 1750, 1350, 1549, 2011, 988, 988, 1500, 1001, 1001, 1001, 1001, 1500, 1500, 1500, 1500]
[1820, 1750, 1350, 1549, 2011, 988, 988, 1500, 1001, 1001, 1001, 1001, 1500, 1500, 1500, 1500]
[1820, 1750, 1350, 1549, 2011, 988, 988, 1500, 1001, 1001, 1001, 1001, 1500, 1500, 1500, 1500]
[1820, 1750, 1350, 1549, 2011, 988, 988, 1500, 1001, 1001, 1001, 1001, 1500, 1500, 1500, 1500]
[1820, 1750, 1350, 1549, 2011, 988, 988, 1500, 1001, 1001, 1001, 1001, 1500, 1500, 1500, 1500]
[1820, 1750, 1350, 1549, 2011, 988, 988, 1500, 1001, 1001, 1001, 1001, 1500, 1500, 1500, 1500]
[1820, 1750, 1350, 1549, 2011, 988, 988, 1500, 1001, 1001, 1001, 1001, 1500, 1500, 1500, 1500]
12:03:27.949007 Navigation got ALT: 46.35
*** TARGETING mode ***
Anchor YAW: 274, current YAW: 306
[1820, 1753, 1496, 1549, 2011, 988, 989, 1499, 1001, 1001, 1001, 1001, 1500, 1500, 1500, 1500]
12:03:27.955075 ALT: 46.67
12:03:27.955169 ATT: [28.5, 26.4, 306]
12:03:27.955421 ACC: [-12, -30, 467]
[1820, 1753, 1496, 1549, 2011, 988, 989, 1499, 1001, 1001, 1001, 1001, 1500, 1500, 1500, 1500]
[1820, 1753, 1496, 1549, 2011, 988, 989, 1499, 1001, 1001, 1001, 1001, 1500, 1500, 1500, 1500]
[1820, 1753, 1496, 1549, 2011, 988, 989, 1499, 1001, 1001, 1001, 1001, 1500, 1500, 1500, 1500]
[1820, 1753, 1496, 1549, 2011, 988, 989, 1499, 1001, 1001, 1001, 1001, 1500, 1500, 1500, 1500]
12:03:27.982651 Navigation got ALT: 46.67
*** TARGETING mode ***
* Target Target(60, 160) received.
Anchor YAW: 274, current YAW: 306
[1820, 1756, 1350, 1548, 2011, 988, 988, 1499, 1001, 1001, 1001, 1001, 1500, 1500, 1500, 1500]
[1820, 1756, 1350, 1548, 2011, 988, 988, 1499, 1001, 1001, 1001, 1001, 1500, 1500, 1500, 1500]
[1820, 1756, 1350, 1548, 2011, 988, 988, 1499, 1001, 1001, 1001, 1001, 1500, 1500, 1500, 1500]
[1820, 1756, 1350, 1548, 2011, 988, 988, 1499, 1001, 1001, 1001, 1001, 1500, 1500, 1500, 1500]
12:03:28.002932 ALT: 47.24
12:03:28.002995 ATT: [30.0, 26.6, 307]
12:03:28.003220 ACC: [-20, -35, 325]
[1820, 1756, 1350, 1548, 2011, 988, 988, 1499, 1001, 1001, 1001, 1001, 1500, 1500, 1500, 1500]
12:03:28.015676 Navigation got ALT: 47.24
*** TARGETING mode ***
Anchor YAW: 274, current YAW: 307
[1830, 1759, 1350, 1548, 2011, 988, 988, 1499, 1001, 1001, 1001, 1001, 1500, 1500, 1500, 1500]
[1830, 1759, 1350, 1548, 2011, 988, 988, 1499, 1001, 1001, 1001, 1001, 1500, 1500, 1500, 1500]
[1830, 1759, 1350, 1548, 2011, 988, 988, 1499, 1001, 1001, 1001, 1001, 1500, 1500, 1500, 1500]
[1830, 1759, 1350, 1548, 2011, 988, 988, 1499, 1001, 1001, 1001, 1001, 1500, 1500, 1500, 1500]
[1830, 1759, 1350, 1548, 2011, 988, 988, 1499, 1001, 1001, 1001, 1001, 1500, 1500, 1500, 1500]
12:03:28.049238 Navigation got ALT: 47.24
*** TARGETING mode ***
Anchor YAW: 274, current YAW: 307
[1830, 1762, 1460, 1548, 2011, 988, 988, 1500, 1001, 1001, 1001, 1001, 1500, 1500, 1500, 1500]
12:03:28.051044 ALT: 47.72
12:03:28.051144 ATT: [31.1, 27.3, 307]
12:03:28.051592 ACC: [-20, -31, 381]
[1830, 1762, 1460, 1548, 2011, 988, 988, 1500, 1001, 1001, 1001, 1001, 1500, 1500, 1500, 1500]
[1830, 1762, 1460, 1548, 2011, 988, 988, 1500, 1001, 1001, 1001, 1001, 1500, 1500, 1500, 1500]
[1830, 1762, 1460, 1548, 2011, 988, 988, 1500, 1001, 1001, 1001, 1001, 1500, 1500, 1500, 1500]
[1830, 1762, 1460, 1548, 2011, 988, 988, 1500, 1001, 1001, 1001, 1001, 1500, 1500, 1500, 1500]
12:03:28.082614 Navigation got ALT: 47.72
*** TARGETING mode ***
Anchor YAW: 274, current YAW: 307
[1830, 1765, 1350, 1548, 2011, 988, 988, 1500, 1001, 1001, 1001, 1001, 1500, 1500, 1500, 1500]
[1830, 1765, 1350, 1548, 2011, 988, 988, 1500, 1001, 1001, 1001, 1001, 1500, 1500, 1500, 1500]
[1830, 1765, 1350, 1548, 2011, 988, 988, 1500, 1001, 1001, 1001, 1001, 1500, 1500, 1500, 1500]
12:03:28.099344 ALT: 48.15
12:03:28.099467 ATT: [31.6, 27.8, 307]
12:03:28.100117 ACC: [-23, -33, 304]
[1830, 1765, 1350, 1548, 2011, 988, 988, 1500, 1001, 1001, 1001, 1001, 1500, 1500, 1500, 1500]
[1830, 1765, 1350, 1548, 2011, 988, 988, 1500, 1001, 1001, 1001, 1001, 1500, 1500, 1500, 1500]
12:03:28.115980 Navigation got ALT: 48.15
*** TARGETING mode ***
* Target Target(34, 158) received.
Anchor YAW: 274, current YAW: 307
[1830, 1768, 1350, 1534, 2011, 988, 988, 1500, 1001, 1001, 1001, 1001, 1500, 1500, 1500, 1500]
[1830, 1768, 1350, 1534, 2011, 988, 988, 1500, 1001, 1001, 1001, 1001, 1500, 1500, 1500, 1500]
[1830, 1768, 1350, 1534, 2011, 988, 988, 1500, 1001, 1001, 1001, 1001, 1500, 1500, 1500, 1500]
[1830, 1768, 1350, 1534, 2011, 988, 988, 1500, 1001, 1001, 1001, 1001, 1500, 1500, 1500, 1500]
[1830, 1768, 1350, 1534, 2011, 988, 988, 1500, 1001, 1001, 1001, 1001, 1500, 1500, 1500, 1500]
12:03:28.147316 ALT: 48.63
12:03:28.147447 ATT: [32.7, 28.2, 308]
12:03:28.147837 ACC: [-23, -31, 348]
12:03:28.149379 Navigation got ALT: 48.63
*** TARGETING mode ***
Anchor YAW: 274, current YAW: 308
[1840, 1771, 1350, 1534, 2011, 988, 988, 1499, 1001, 1001, 1001, 1001, 1500, 1500, 1500, 1500]
[1840, 1771, 1350, 1534, 2011, 988, 988, 1499, 1001, 1001, 1001, 1001, 1500, 1500, 1500, 1500]
[1840, 1771, 1350, 1534, 2011, 988, 988, 1499, 1001, 1001, 1001, 1001, 1500, 1500, 1500, 1500]
[1840, 1771, 1350, 1534, 2011, 988, 988, 1499, 1001, 1001, 1001, 1001, 1500, 1500, 1500, 1500]
[1840, 1771, 1350, 1534, 2011, 988, 988, 1499, 1001, 1001, 1001, 1001, 1500, 1500, 1500, 1500]
12:03:28.182461 Navigation got ALT: 48.63
*** TARGETING mode ***
Anchor YAW: 274, current YAW: 308
[1840, 1774, 1405, 1534, 2011, 988, 988, 1500, 1001, 1001, 1001, 1001, 1500, 1500, 1500, 1500]
[1840, 1774, 1405, 1534, 2011, 988, 988, 1500, 1001, 1001, 1001, 1001, 1500, 1500, 1500, 1500]
12:03:28.195234 ALT: 49.02
12:03:28.195388 ATT: [33.3, 28.8, 308]
12:03:28.195750 ACC: [-26, -27, 310]
[1840, 1774, 1405, 1534, 2011, 988, 988, 1500, 1001, 1001, 1001, 1001, 1500, 1500, 1500, 1500]
12:03:28.223660 Navigation got ALT: 49.02
*** TARGETING mode ***
Anchor YAW: 274, current YAW: 308
[1840, 1777, 1350, 1534, 2011, 988, 989, 1499, 1001, 1001, 1001, 1001, 1500, 1500, 1500, 1500]
[1840, 1777, 1350, 1534, 2011, 988, 989, 1499, 1001, 1001, 1001, 1001, 1500, 1500, 1500, 1500]
[1840, 1777, 1350, 1534, 2011, 988, 989, 1499, 1001, 1001, 1001, 1001, 1500, 1500, 1500, 1500]
[1840, 1777, 1350, 1534, 2011, 988, 989, 1499, 1001, 1001, 1001, 1001, 1500, 1500, 1500, 1500]
[1840, 1777, 1350, 1534, 2011, 988, 989, 1499, 1001, 1001, 1001, 1001, 1500, 1500, 1500, 1500]
[1840, 1777, 1350, 1534, 2011, 988, 989, 1499, 1001, 1001, 1001, 1001, 1500, 1500, 1500, 1500]
12:03:28.243328 ALT: 49.43
12:03:28.243438 ATT: [34.1, 29.2, 308]
12:03:28.244232 ACC: [-27, -26, 248]
[1840, 1777, 1350, 1534, 2011, 988, 989, 1499, 1001, 1001, 1001, 1001, 1500, 1500, 1500, 1500]
[1840, 1777, 1350, 1534, 2011, 988, 989, 1499, 1001, 1001, 1001, 1001, 1500, 1500, 1500, 1500]
12:03:28.255914 Navigation got ALT: 49.43
*** TARGETING mode ***
* Target Target(19, 159) received.
Anchor YAW: 274, current YAW: 308
[1840, 1780, 1350, 1519, 2011, 988, 988, 1499, 1001, 1001, 1001, 1001, 1500, 1500, 1500, 1500]
[1840, 1780, 1350, 1519, 2011, 988, 988, 1499, 1001, 1001, 1001, 1001, 1500, 1500, 1500, 1500]
[1840, 1780, 1350, 1519, 2011, 988, 988, 1499, 1001, 1001, 1001, 1001, 1500, 1500, 1500, 1500]
[1840, 1780, 1350, 1519, 2011, 988, 988, 1499, 1001, 1001, 1001, 1001, 1500, 1500, 1500, 1500]
[1840, 1780, 1350, 1519, 2011, 988, 988, 1499, 1001, 1001, 1001, 1001, 1500, 1500, 1500, 1500]
12:03:28.289063 Navigation got ALT: 49.43
*** TARGETING mode ***
Anchor YAW: 274, current YAW: 308
[1840, 1783, 1373, 1519, 2011, 988, 988, 1499, 1001, 1001, 1001, 1001, 1500, 1500, 1500, 1500]
12:03:28.291156 ALT: 49.8
12:03:28.291278 ATT: [34.8, 29.6, 308]
12:03:28.291654 ACC: [-29, -23, 280]
[1840, 1783, 1373, 1519, 2011, 988, 988, 1499, 1001, 1001, 1001, 1001, 1500, 1500, 1500, 1500]
[1840, 1783, 1373, 1519, 2011, 988, 988, 1499, 1001, 1001, 1001, 1001, 1500, 1500, 1500, 1500]
[1840, 1783, 1373, 1519, 2011, 988, 988, 1499, 1001, 1001, 1001, 1001, 1500, 1500, 1500, 1500]
[1840, 1783, 1373, 1519, 2011, 988, 988, 1499, 1001, 1001, 1001, 1001, 1500, 1500, 1500, 1500]
12:03:28.322603 Navigation got ALT: 49.8
*** TARGETING mode ***
Anchor YAW: 274, current YAW: 308
[1840, 1786, 1350, 1519, 2011, 988, 988, 1499, 1001, 1001, 1001, 1001, 1500, 1500, 1500, 1500]
[1840, 1786, 1350, 1519, 2011, 988, 988, 1499, 1001, 1001, 1001, 1001, 1500, 1500, 1500, 1500]
12:03:28.339254 ALT: 50.2
12:03:28.339357 ATT: [35.2, 29.9, 308]
12:03:28.339922 ACC: [-29, -18, 265]
[1840, 1786, 1350, 1519, 2011, 988, 988, 1499, 1001, 1001, 1001, 1001, 1500, 1500, 1500, 1500]
[1840, 1786, 1350, 1519, 2011, 988, 988, 1499, 1001, 1001, 1001, 1001, 1500, 1500, 1500, 1500]
[1840, 1786, 1350, 1519, 2011, 988, 988, 1499, 1001, 1001, 1001, 1001, 1500, 1500, 1500, 1500]
12:03:28.355866 Navigation got ALT: 50.2
*** TARGETING mode ***
Anchor YAW: 274, current YAW: 308
[1840, 1789, 1350, 1519, 2011, 988, 988, 1500, 1001, 1001, 1001, 1001, 1500, 1500, 1500, 1500]
[1840, 1789, 1350, 1519, 2011, 988, 988, 1500, 1001, 1001, 1001, 1001, 1500, 1500, 1500, 1500]
[1840, 1789, 1350, 1519, 2011, 988, 988, 1500, 1001, 1001, 1001, 1001, 1500, 1500, 1500, 1500]
[1840, 1789, 1350, 1519, 2011, 988, 988, 1500, 1001, 1001, 1001, 1001, 1500, 1500, 1500, 1500]
[1840, 1789, 1350, 1519, 2011, 988, 988, 1500, 1001, 1001, 1001, 1001, 1500, 1500, 1500, 1500]
12:03:28.387096 ALT: 50.55
12:03:28.387210 ATT: [35.7, 30.1, 308]
12:03:28.387517 ACC: [-30, -19, 272]
12:03:28.389211 Navigation got ALT: 50.55
*** TARGETING mode ***
* Target Target(5, 158) received.
Anchor YAW: 274, current YAW: 308
[1840, 1792, 1350, 1505, 2011, 988, 988, 1500, 1001, 1001, 1001, 1001, 1500, 1500, 1500, 1500]
[1840, 1792, 1350, 1505, 2011, 988, 988, 1500, 1001, 1001, 1001, 1001, 1500, 1500, 1500, 1500]
[1840, 1792, 1350, 1505, 2011, 988, 988, 1500, 1001, 1001, 1001, 1001, 1500, 1500, 1500, 1500]
[1840, 1792, 1350, 1505, 2011, 988, 988, 1500, 1001, 1001, 1001, 1001, 1500, 1500, 1500, 1500]
[1840, 1792, 1350, 1505, 2011, 988, 988, 1500, 1001, 1001, 1001, 1001, 1500, 1500, 1500, 1500]
12:03:28.423355 Navigation got ALT: 50.55
*** TARGETING mode ***
Anchor YAW: 274, current YAW: 308
[1840, 1795, 1350, 1505, 2011, 988, 988, 1499, 1001, 1001, 1001, 1001, 1500, 1500, 1500, 1500]
[1840, 1795, 1350, 1505, 2011, 988, 988, 1499, 1001, 1001, 1001, 1001, 1500, 1500, 1500, 1500]
12:03:28.435228 ALT: 50.9
12:03:28.435334 ATT: [36.2, 30.6, 308]
12:03:28.436000 ACC: [-34, -18, 273]
[1840, 1795, 1350, 1505, 2011, 988, 988, 1499, 1001, 1001, 1001, 1001, 1500, 1500, 1500, 1500]
[1840, 1795, 1350, 1505, 2011, 988, 988, 1499, 1001, 1001, 1001, 1001, 1500, 1500, 1500, 1500]
[1840, 1795, 1350, 1505, 2011, 988, 988, 1499, 1001, 1001, 1001, 1001, 1500, 1500, 1500, 1500]
12:03:28.455834 Navigation got ALT: 50.9
*** TARGETING mode ***
Anchor YAW: 274, current YAW: 308
[1840, 1798, 1350, 1505, 2011, 988, 988, 1500, 1001, 1001, 1001, 1001, 1500, 1500, 1500, 1500]
[1840, 1798, 1350, 1505, 2011, 988, 988, 1500, 1001, 1001, 1001, 1001, 1500, 1500, 1500, 1500]
[1840, 1798, 1350, 1505, 2011, 988, 988, 1500, 1001, 1001, 1001, 1001, 1500, 1500, 1500, 1500]
[1840, 1798, 1350, 1505, 2011, 988, 988, 1500, 1001, 1001, 1001, 1001, 1500, 1500, 1500, 1500]
[1840, 1798, 1350, 1505, 2011, 988, 988, 1500, 1001, 1001, 1001, 1001, 1500, 1500, 1500, 1500]
12:03:28.483206 ALT: 51.11
12:03:28.483282 ATT: [36.5, 30.9, 308]
12:03:28.483631 ACC: [-38, -17, 272]
12:03:28.489233 Navigation got ALT: 51.11
*** TARGETING mode ***
* Target Target(-4, 159) received.
Anchor YAW: 274, current YAW: 308
[1840, 1801, 1350, 1496, 2011, 988, 988, 1500, 1001, 1001, 1001, 1001, 1500, 1500, 1500, 1500]
[1840, 1801, 1350, 1496, 2011, 988, 988, 1500, 1001, 1001, 1001, 1001, 1500, 1500, 1500, 1500]
[1840, 1801, 1350, 1496, 2011, 988, 988, 1500, 1001, 1001, 1001, 1001, 1500, 1500, 1500, 1500]
[1840, 1801, 1350, 1496, 2011, 988, 988, 1500, 1001, 1001, 1001, 1001, 1500, 1500, 1500, 1500]
[1840, 1801, 1350, 1496, 2011, 988, 988, 1500, 1001, 1001, 1001, 1001, 1500, 1500, 1500, 1500]
12:03:28.522664 Navigation got ALT: 51.11
*** TARGETING mode ***
Anchor YAW: 274, current YAW: 308
[1840, 1804, 1350, 1496, 2011, 986, 988, 1500, 1001, 1001, 1001, 1001, 1500, 1500, 1500, 1500]
[1840, 1804, 1350, 1496, 2011, 986, 988, 1500, 1001, 1001, 1001, 1001, 1500, 1500, 1500, 1500]
[1840, 1804, 1350, 1496, 2011, 986, 988, 1500, 1001, 1001, 1001, 1001, 1500, 1500, 1500, 1500]
[1840, 1804, 1350, 1496, 2011, 986, 988, 1500, 1001, 1001, 1001, 1001, 1500, 1500, 1500, 1500]
12:03:28.548226 ALT: 51.45
12:03:28.548420 ATT: [36.9, 31.4, 308]
12:03:28.548803 ACC: [-42, -15, 276]
[1840, 1804, 1350, 1496, 2011, 986, 988, 1500, 1001, 1001, 1001, 1001, 1500, 1500, 1500, 1500]
12:03:28.555936 Navigation got ALT: 51.45
*** TARGETING mode ***
Anchor YAW: 274, current YAW: 308
[1840, 1807, 1350, 1496, 2011, 988, 988, 1499, 1001, 1001, 1001, 1001, 1500, 1500, 1500, 1500]
[1840, 1807, 1350, 1496, 2011, 988, 988, 1499, 1001, 1001, 1001, 1001, 1500, 1500, 1500, 1500]
[1840, 1807, 1350, 1496, 2011, 988, 988, 1499, 1001, 1001, 1001, 1001, 1500, 1500, 1500, 1500]
[1840, 1807, 1350, 1496, 2011, 988, 988, 1499, 1001, 1001, 1001, 1001, 1500, 1500, 1500, 1500]
[1840, 1807, 1350, 1496, 2011, 988, 988, 1499, 1001, 1001, 1001, 1001, 1500, 1500, 1500, 1500]
12:03:28.589081 Navigation got ALT: 51.45
*** TARGETING mode ***
Anchor YAW: 274, current YAW: 308
[1840, 1810, 1350, 1496, 2011, 988, 988, 1500, 1001, 1001, 1001, 1001, 1500, 1500, 1500, 1500]
[1840, 1810, 1350, 1496, 2011, 988, 988, 1500, 1001, 1001, 1001, 1001, 1500, 1500, 1500, 1500]
[1840, 1810, 1350, 1496, 2011, 988, 988, 1500, 1001, 1001, 1001, 1001, 1500, 1500, 1500, 1500]
12:03:28.605726 ALT: 51.96
12:03:28.605840 ATT: [37.2, 31.7, 307]
12:03:28.608401 ACC: [-43, -11, 267]
[1840, 1810, 1350, 1496, 2011, 988, 988, 1500, 1001, 1001, 1001, 1001, 1500, 1500, 1500, 1500]
[1840, 1810, 1350, 1496, 2011, 988, 988, 1500, 1001, 1001, 1001, 1001, 1500, 1500, 1500, 1500]
12:03:28.622479 Navigation got ALT: 51.96
*** TARGETING mode ***
* Target Target(-8, 161) received.
Anchor YAW: 274, current YAW: 307
[1830, 1813, 1350, 1492, 2011, 988, 988, 1500, 1001, 1001, 1001, 1001, 1500, 1500, 1500, 1500]
[1830, 1813, 1350, 1492, 2011, 988, 988, 1500, 1001, 1001, 1001, 1001, 1500, 1500, 1500, 1500]
[1830, 1813, 1350, 1492, 2011, 988, 988, 1500, 1001, 1001, 1001, 1001, 1500, 1500, 1500, 1500]
[1830, 1813, 1350, 1492, 2011, 988, 988, 1500, 1001, 1001, 1001, 1001, 1500, 1500, 1500, 1500]
12:03:28.643567 ALT: 52.32
12:03:28.643677 ATT: [37.5, 32.1, 307]
12:03:28.647425 ACC: [-44, -10, 271]
[1830, 1813, 1350, 1492, 2011, 988, 988, 1500, 1001, 1001, 1001, 1001, 1500, 1500, 1500, 1500]
12:03:28.656096 Navigation got ALT: 52.32
*** TARGETING mode ***
Anchor YAW: 274, current YAW: 307
[1830, 1816, 1350, 1492, 2011, 988, 988, 1500, 1001, 1001, 1001, 1001, 1500, 1500, 1500, 1500]
[1830, 1816, 1350, 1492, 2011, 988, 988, 1500, 1001, 1001, 1001, 1001, 1500, 1500, 1500, 1500]
[1830, 1816, 1350, 1492, 2011, 988, 988, 1500, 1001, 1001, 1001, 1001, 1500, 1500, 1500, 1500]
[1830, 1816, 1350, 1492, 2011, 988, 988, 1500, 1001, 1001, 1001, 1001, 1500, 1500, 1500, 1500]
[1830, 1816, 1350, 1492, 2011, 988, 988, 1500, 1001, 1001, 1001, 1001, 1500, 1500, 1500, 1500]
12:03:28.694655 Navigation got ALT: 52.32
*** TARGETING mode ***
Anchor YAW: 274, current YAW: 307
[1830, 1819, 1350, 1492, 2011, 988, 988, 1499, 1001, 1001, 1001, 1001, 1500, 1500, 1500, 1500]
[1830, 1819, 1350, 1492, 2011, 988, 988, 1499, 1001, 1001, 1001, 1001, 1500, 1500, 1500, 1500]
[1830, 1819, 1350, 1492, 2011, 988, 988, 1499, 1001, 1001, 1001, 1001, 1500, 1500, 1500, 1500]
12:03:28.707166 ALT: 52.61
12:03:28.707259 ATT: [37.6, 32.6, 306]
12:03:28.707550 ACC: [-49, -6, 283]
[1830, 1819, 1350, 1492, 2011, 988, 988, 1499, 1001, 1001, 1001, 1001, 1500, 1500, 1500, 1500]
[1830, 1819, 1350, 1492, 2011, 988, 988, 1499, 1001, 1001, 1001, 1001, 1500, 1500, 1500, 1500]
[1830, 1819, 1350, 1492, 2011, 988, 988, 1499, 1001, 1001, 1001, 1001, 1500, 1500, 1500, 1500]
12:03:28.732368 Navigation got ALT: 52.61
*** TARGETING mode ***
* Target Target(-11, 159) received.
Anchor YAW: 274, current YAW: 306
[1820, 1822, 1350, 1489, 2011, 988, 988, 1500, 1001, 1001, 1001, 1001, 1500, 1500, 1500, 1500]
[1820, 1822, 1350, 1489, 2011, 988, 988, 1500, 1001, 1001, 1001, 1001, 1500, 1500, 1500, 1500]
[1820, 1822, 1350, 1489, 2011, 988, 988, 1500, 1001, 1001, 1001, 1001, 1500, 1500, 1500, 1500]
[1820, 1822, 1350, 1489, 2011, 988, 988, 1500, 1001, 1001, 1001, 1001, 1500, 1500, 1500, 1500]
[1820, 1822, 1350, 1489, 2011, 988, 988, 1500, 1001, 1001, 1001, 1001, 1500, 1500, 1500, 1500]
12:03:28.756560 ALT: 52.93
12:03:28.756643 ATT: [37.4, 33.1, 306]
12:03:28.756924 ACC: [-49, -2, 275]
12:03:28.764510 Navigation got ALT: 52.93
*** TARGETING mode ***
Anchor YAW: 274, current YAW: 306
[1820, 1825, 1350, 1489, 2011, 988, 988, 1500, 1001, 1001, 1001, 1001, 1500, 1500, 1500, 1500]
[1820, 1825, 1350, 1489, 2011, 988, 988, 1500, 1001, 1001, 1001, 1001, 1500, 1500, 1500, 1500]
[1820, 1825, 1350, 1489, 2011, 988, 988, 1500, 1001, 1001, 1001, 1001, 1500, 1500, 1500, 1500]
[1820, 1825, 1350, 1489, 2011, 988, 988, 1500, 1001, 1001, 1001, 1001, 1500, 1500, 1500, 1500]
[1820, 1825, 1350, 1489, 2011, 988, 988, 1500, 1001, 1001, 1001, 1001, 1500, 1500, 1500, 1500]
12:03:28.796184 Navigation got ALT: 52.93
*** TARGETING mode ***
Anchor YAW: 274, current YAW: 306
[1820, 1828, 1350, 1489, 2011, 988, 988, 1500, 1001, 1001, 1001, 1001, 1500, 1500, 1500, 1500]
[1820, 1828, 1350, 1489, 2011, 988, 988, 1500, 1001, 1001, 1001, 1001, 1500, 1500, 1500, 1500]
12:03:28.803176 ALT: 53.26
12:03:28.803314 ATT: [37.3, 33.3, 305]
12:03:28.803844 ACC: [-50, 0, 273]
[1820, 1828, 1350, 1489, 2011, 988, 988, 1500, 1001, 1001, 1001, 1001, 1500, 1500, 1500, 1500]
[1820, 1828, 1350, 1489, 2011, 988, 988, 1500, 1001, 1001, 1001, 1001, 1500, 1500, 1500, 1500]
[1820, 1828, 1350, 1489, 2011, 988, 988, 1500, 1001, 1001, 1001, 1001, 1500, 1500, 1500, 1500]
12:03:28.830573 Navigation got ALT: 53.26
*** TARGETING mode ***
Anchor YAW: 274, current YAW: 305
[1810, 1831, 1350, 1489, 2011, 988, 988, 1500, 1001, 1001, 1001, 1001, 1500, 1500, 1500, 1500]
[1810, 1831, 1350, 1489, 2011, 988, 988, 1500, 1001, 1001, 1001, 1001, 1500, 1500, 1500, 1500]
[1810, 1831, 1350, 1489, 2011, 988, 988, 1500, 1001, 1001, 1001, 1001, 1500, 1500, 1500, 1500]
[1810, 1831, 1350, 1489, 2011, 988, 988, 1500, 1001, 1001, 1001, 1001, 1500, 1500, 1500, 1500]
12:03:28.851143 ALT: 53.54
12:03:28.851237 ATT: [37.0, 33.7, 305]
12:03:28.851592 ACC: [-53, 4, 280]
[1810, 1831, 1350, 1489, 2011, 988, 988, 1500, 1001, 1001, 1001, 1001, 1500, 1500, 1500, 1500]
12:03:28.863301 Navigation got ALT: 53.54
*** TARGETING mode ***
Anchor YAW: 274, current YAW: 305
[1810, 1834, 1350, 1489, 2011, 988, 988, 1500, 1001, 1001, 1001, 1001, 1500, 1500, 1500, 1500]
[1810, 1834, 1350, 1489, 2011, 988, 988, 1500, 1001, 1001, 1001, 1001, 1500, 1500, 1500, 1500]
[1810, 1834, 1350, 1489, 2011, 988, 988, 1500, 1001, 1001, 1001, 1001, 1500, 1500, 1500, 1500]
[1810, 1834, 1350, 1489, 2011, 988, 988, 1500, 1001, 1001, 1001, 1001, 1500, 1500, 1500, 1500]
[1810, 1834, 1350, 1489, 2011, 988, 988, 1500, 1001, 1001, 1001, 1001, 1500, 1500, 1500, 1500]
12:03:28.895883 Navigation got ALT: 53.54
*** TARGETING mode ***
* Target Target(-13, 157) received.
Anchor YAW: 274, current YAW: 305
[1810, 1837, 1350, 1487, 2011, 988, 988, 1500, 1001, 1001, 1001, 1001, 1500, 1500, 1500, 1500]
12:03:28.899779 ALT: 53.86
12:03:28.899956 ATT: [36.7, 34.1, 304]
12:03:28.900626 ACC: [-57, 5, 288]
[1810, 1837, 1350, 1487, 2011, 988, 988, 1500, 1001, 1001, 1001, 1001, 1500, 1500, 1500, 1500]
[1810, 1837, 1350, 1487, 2011, 988, 988, 1500, 1001, 1001, 1001, 1001, 1500, 1500, 1500, 1500]
[1810, 1837, 1350, 1487, 2011, 988, 988, 1500, 1001, 1001, 1001, 1001, 1500, 1500, 1500, 1500]
[1810, 1837, 1350, 1487, 2011, 988, 988, 1500, 1001, 1001, 1001, 1001, 1500, 1500, 1500, 1500]
12:03:28.947467 ALT: 54.13
12:03:28.947606 ATT: [36.5, 34.5, 304]
12:03:28.948254 ACC: [-59, 11, 277]
12:03:28.958337 Navigation got ALT: 54.13
*** TARGETING mode ***
Anchor YAW: 274, current YAW: 304
[1800, 1840, 1350, 1487, 2011, 988, 988, 1500, 1001, 1001, 1001, 1001, 1500, 1500, 1500, 1500]
[1800, 1840, 1350, 1487, 2011, 988, 988, 1500, 1001, 1001, 1001, 1001, 1500, 1500, 1500, 1500]
[1800, 1840, 1350, 1487, 2011, 988, 988, 1500, 1001, 1001, 1001, 1001, 1500, 1500, 1500, 1500]
[1800, 1840, 1350, 1487, 2011, 988, 988, 1500, 1001, 1001, 1001, 1001, 1500, 1500, 1500, 1500]
[1800, 1840, 1350, 1487, 2011, 988, 988, 1500, 1001, 1001, 1001, 1001, 1500, 1500, 1500, 1500]
[1800, 1840, 1350, 1487, 2011, 988, 988, 1500, 1001, 1001, 1001, 1001, 1500, 1500, 1500, 1500]
[1800, 1840, 1350, 1487, 2011, 988, 988, 1500, 1001, 1001, 1001, 1001, 1500, 1500, 1500, 1500]
[1800, 1840, 1350, 1487, 2011, 988, 988, 1500, 1001, 1001, 1001, 1001, 1500, 1500, 1500, 1500]
[1800, 1840, 1350, 1487, 2011, 988, 988, 1500, 1001, 1001, 1001, 1001, 1500, 1500, 1500, 1500]
12:03:28.989201 Navigation got ALT: 54.13
*** TARGETING mode ***
Anchor YAW: 274, current YAW: 304
[1800, 1843, 1350, 1487, 2011, 988, 988, 1500, 1001, 1001, 1001, 1001, 1500, 1500, 1500, 1500]
[1800, 1843, 1350, 1487, 2011, 988, 988, 1500, 1001, 1001, 1001, 1001, 1500, 1500, 1500, 1500]
12:03:28.997422 ALT: 54.39
12:03:28.997533 ATT: [36.2, 35.0, 303]
12:03:28.997926 ACC: [-60, 15, 274]
[1800, 1843, 1350, 1487, 2011, 988, 988, 1500, 1001, 1001, 1001, 1001, 1500, 1500, 1500, 1500]
[1800, 1843, 1350, 1487, 2011, 988, 988, 1500, 1001, 1001, 1001, 1001, 1500, 1500, 1500, 1500]
[1800, 1843, 1350, 1487, 2011, 988, 988, 1500, 1001, 1001, 1001, 1001, 1500, 1500, 1500, 1500]
12:03:29.022667 Navigation got ALT: 54.39
*** TARGETING mode ***
* Target Target(-14, 151) received.
Anchor YAW: 274, current YAW: 303
[1790, 1846, 1350, 1486, 2011, 988, 988, 1500, 1001, 1001, 1001, 1001, 1500, 1500, 1500, 1500]
[1790, 1846, 1350, 1486, 2011, 988, 988, 1500, 1001, 1001, 1001, 1001, 1500, 1500, 1500, 1500]
[1790, 1846, 1350, 1486, 2011, 988, 988, 1500, 1001, 1001, 1001, 1001, 1500, 1500, 1500, 1500]
[1790, 1846, 1350, 1486, 2011, 988, 988, 1500, 1001, 1001, 1001, 1001, 1500, 1500, 1500, 1500]
12:03:29.043518 ALT: 54.65
12:03:29.043911 ATT: [35.9, 35.3, 303]
12:03:29.045156 ACC: [-63, 17, 274]
[1790, 1846, 1350, 1486, 2011, 988, 988, 1500, 1001, 1001, 1001, 1001, 1500, 1500, 1500, 1500]
12:03:29.056023 Navigation got ALT: 54.65
*** TARGETING mode ***
Anchor YAW: 274, current YAW: 303
[1790, 1849, 1350, 1486, 2011, 988, 988, 1500, 1001, 1001, 1001, 1001, 1500, 1500, 1500, 1500]
[1790, 1849, 1350, 1486, 2011, 988, 988, 1500, 1001, 1001, 1001, 1001, 1500, 1500, 1500, 1500]
[1790, 1849, 1350, 1486, 2011, 988, 988, 1500, 1001, 1001, 1001, 1001, 1500, 1500, 1500, 1500]
[1790, 1849, 1350, 1486, 2011, 988, 988, 1500, 1001, 1001, 1001, 1001, 1500, 1500, 1500, 1500]
12:03:29.090829 Navigation got ALT: 54.65
*** TARGETING mode ***
12:03:29.091256 ALT: 54.77
12:03:29.091430 ATT: [35.3, 35.6, 302]
12:03:29.091852 ACC: [-65, 24, 272]
Anchor YAW: 274, current YAW: 303
[1790, 1852, 1350, 1486, 2011, 988, 988, 1500, 1001, 1001, 1001, 1001, 1500, 1500, 1500, 1500]
[1790, 1852, 1350, 1486, 2011, 988, 988, 1500, 1001, 1001, 1001, 1001, 1500, 1500, 1500, 1500]
[1790, 1852, 1350, 1486, 2011, 988, 988, 1500, 1001, 1001, 1001, 1001, 1500, 1500, 1500, 1500]
[1790, 1852, 1350, 1486, 2011, 988, 988, 1500, 1001, 1001, 1001, 1001, 1500, 1500, 1500, 1500]
[1790, 1852, 1350, 1486, 2011, 988, 988, 1500, 1001, 1001, 1001, 1001, 1500, 1500, 1500, 1500]
[1790, 1852, 1350, 1486, 2011, 988, 988, 1500, 1001, 1001, 1001, 1001, 1500, 1500, 1500, 1500]
12:03:29.122470 Navigation got ALT: 54.77
*** TARGETING mode ***
Anchor YAW: 274, current YAW: 302
[1780, 1852, 1350, 1500, 2011, 988, 988, 1500, 1001, 1001, 1001, 1001, 1500, 1500, 1500, 1500]
[1780, 1852, 1350, 1500, 2011, 988, 988, 1500, 1001, 1001, 1001, 1001, 1500, 1500, 1500, 1500]
[1780, 1852, 1350, 1500, 2011, 988, 988, 1500, 1001, 1001, 1001, 1001, 1500, 1500, 1500, 1500]
12:03:29.139457 ALT: 54.95
12:03:29.139646 ATT: [34.9, 36.0, 302]
12:03:29.140026 ACC: [-64, 28, 267]
[1780, 1852, 1350, 1500, 2011, 988, 988, 1500, 1001, 1001, 1001, 1001, 1500, 1500, 1500, 1500]
[1780, 1852, 1350, 1500, 2011, 988, 988, 1500, 1001, 1001, 1001, 1001, 1500, 1500, 1500, 1500]
12:03:29.156001 Navigation got ALT: 54.95
*** TARGETING mode ***
* Target Target(-13, 146) received.
Anchor YAW: 274, current YAW: 302
[1780, 1855, 1350, 1487, 2011, 988, 988, 1499, 1001, 1001, 1001, 1001, 1500, 1500, 1500, 1500]
[1780, 1855, 1350, 1487, 2011, 988, 988, 1499, 1001, 1001, 1001, 1001, 1500, 1500, 1500, 1500]
[1780, 1855, 1350, 1487, 2011, 988, 988, 1499, 1001, 1001, 1001, 1001, 1500, 1500, 1500, 1500]
[1780, 1855, 1350, 1487, 2011, 988, 988, 1499, 1001, 1001, 1001, 1001, 1500, 1500, 1500, 1500]
[1780, 1855, 1350, 1487, 2011, 988, 988, 1499, 1001, 1001, 1001, 1001, 1500, 1500, 1500, 1500]
12:03:29.191661 Navigation got ALT: 54.95
*** TARGETING mode ***
Anchor YAW: 274, current YAW: 302
[1780, 1858, 1350, 1487, 2011, 988, 988, 1500, 1001, 1001, 1001, 1001, 1500, 1500, 1500, 1500]
12:03:29.192552 ALT: 55.21
12:03:29.192653 ATT: [34.5, 36.5, 301]
12:03:29.192926 ACC: [-68, 32, 273]
[1780, 1858, 1350, 1487, 2011, 988, 988, 1500, 1001, 1001, 1001, 1001, 1500, 1500, 1500, 1500]
[1780, 1858, 1350, 1487, 2011, 988, 988, 1500, 1001, 1001, 1001, 1001, 1500, 1500, 1500, 1500]
[1780, 1858, 1350, 1487, 2011, 988, 988, 1500, 1001, 1001, 1001, 1001, 1500, 1500, 1500, 1500]
[1780, 1858, 1350, 1487, 2011, 988, 988, 1500, 1001, 1001, 1001, 1001, 1500, 1500, 1500, 1500]
12:03:29.222489 Navigation got ALT: 55.21
*** TARGETING mode ***
Anchor YAW: 274, current YAW: 301
[1770, 1861, 1350, 1487, 2011, 988, 988, 1500, 1001, 1001, 1001, 1001, 1500, 1500, 1500, 1500]
[1770, 1861, 1350, 1487, 2011, 988, 988, 1500, 1001, 1001, 1001, 1001, 1500, 1500, 1500, 1500]
12:03:29.235530 ALT: 55.44
12:03:29.235799 ATT: [33.9, 37.1, 300]
12:03:29.236236 ACC: [-69, 38, 260]
[1770, 1861, 1350, 1487, 2011, 988, 988, 1500, 1001, 1001, 1001, 1001, 1500, 1500, 1500, 1500]
[1770, 1861, 1350, 1487, 2011, 988, 988, 1500, 1001, 1001, 1001, 1001, 1500, 1500, 1500, 1500]
12:03:29.253263 Navigation got ALT: 55.44
*** TARGETING mode ***
Anchor YAW: 274, current YAW: 300
[1760, 1864, 1350, 1487, 2009, 988, 988, 1500, 1001, 1001, 1001, 1001, 1500, 1500, 1500, 1500]
[1760, 1864, 1350, 1487, 2009, 988, 988, 1500, 1001, 1001, 1001, 1001, 1500, 1500, 1500, 1500]
[1760, 1864, 1350, 1487, 2009, 988, 988, 1500, 1001, 1001, 1001, 1001, 1500, 1500, 1500, 1500]
[1760, 1864, 1350, 1487, 2009, 988, 988, 1500, 1001, 1001, 1001, 1001, 1500, 1500, 1500, 1500]
12:03:29.283987 Navigation got ALT: 55.44
*** TARGETING mode ***
Anchor YAW: 274, current YAW: 300
[1760, 1867, 1350, 1487, 2011, 988, 988, 1500, 1001, 1001, 1001, 1001, 1500, 1500, 1500, 1500]
12:03:29.286575 ALT: 55.63
12:03:29.286687 ATT: [33.3, 37.4, 300]
12:03:29.287330 ACC: [-72, 43, 261]
[1760, 1867, 1350, 1487, 2011, 988, 988, 1500, 1001, 1001, 1001, 1001, 1500, 1500, 1500, 1500]
[1760, 1867, 1350, 1487, 2011, 988, 988, 1500, 1001, 1001, 1001, 1001, 1500, 1500, 1500, 1500]
[1760, 1867, 1350, 1487, 2011, 988, 988, 1500, 1001, 1001, 1001, 1001, 1500, 1500, 1500, 1500]
[1760, 1867, 1350, 1487, 2011, 988, 988, 1500, 1001, 1001, 1001, 1001, 1500, 1500, 1500, 1500]
[1760, 1867, 1350, 1487, 2011, 988, 988, 1500, 1001, 1001, 1001, 1001, 1500, 1500, 1500, 1500]
12:03:29.323478 Navigation got ALT: 55.63
*** TARGETING mode ***
* Target Target(-12, 139) received.
Anchor YAW: 274, current YAW: 300
[1760, 1870, 1350, 1488, 2011, 988, 988, 1500, 1001, 1001, 1001, 1001, 1500, 1500, 1500, 1500]
[1760, 1870, 1350, 1488, 2011, 988, 988, 1500, 1001, 1001, 1001, 1001, 1500, 1500, 1500, 1500]
12:03:29.331989 ALT: 55.81
12:03:29.332130 ATT: [32.6, 37.9, 299]
12:03:29.332494 ACC: [-75, 48, 270]
[1760, 1870, 1350, 1488, 2011, 988, 988, 1500, 1001, 1001, 1001, 1001, 1500, 1500, 1500, 1500]
[1760, 1870, 1350, 1488, 2011, 988, 988, 1500, 1001, 1001, 1001, 1001, 1500, 1500, 1500, 1500]
[1760, 1870, 1350, 1488, 2011, 988, 988, 1500, 1001, 1001, 1001, 1001, 1500, 1500, 1500, 1500]
[1760, 1870, 1350, 1488, 2011, 988, 988, 1500, 1001, 1001, 1001, 1001, 1500, 1500, 1500, 1500]
12:03:29.362596 Navigation got ALT: 55.81
*** TARGETING mode ***
Anchor YAW: 274, current YAW: 299
[1750, 1873, 1350, 1488, 2011, 988, 988, 1500, 1001, 1001, 1001, 1001, 1500, 1500, 1500, 1500]
[1750, 1873, 1350, 1488, 2011, 988, 988, 1500, 1001, 1001, 1001, 1001, 1500, 1500, 1500, 1500]
[1750, 1873, 1350, 1488, 2011, 988, 988, 1500, 1001, 1001, 1001, 1001, 1500, 1500, 1500, 1500]
[1750, 1873, 1350, 1488, 2011, 988, 988, 1500, 1001, 1001, 1001, 1001, 1500, 1500, 1500, 1500]
12:03:29.379445 ALT: 55.87
12:03:29.379554 ATT: [31.7, 38.5, 299]
12:03:29.379912 ACC: [-78, 52, 260]
[1750, 1873, 1350, 1488, 2011, 988, 988, 1500, 1001, 1001, 1001, 1001, 1500, 1500, 1500, 1500]
12:03:29.396335 Navigation got ALT: 55.87
*** TARGETING mode ***
Anchor YAW: 274, current YAW: 299
[1750, 1876, 1350, 1488, 2011, 986, 988, 1500, 1001, 1001, 1001, 1001, 1500, 1500, 1500, 1500]
[1750, 1876, 1350, 1488, 2011, 986, 988, 1500, 1001, 1001, 1001, 1001, 1500, 1500, 1500, 1500]
[1750, 1876, 1350, 1488, 2011, 986, 988, 1500, 1001, 1001, 1001, 1001, 1500, 1500, 1500, 1500]
[1750, 1876, 1350, 1488, 2011, 986, 988, 1500, 1001, 1001, 1001, 1001, 1500, 1500, 1500, 1500]
[1750, 1876, 1350, 1488, 2011, 986, 988, 1500, 1001, 1001, 1001, 1001, 1500, 1500, 1500, 1500]
12:03:29.426610 Navigation got ALT: 55.87
*** TARGETING mode ***
Anchor YAW: 274, current YAW: 299
[1750, 1879, 1350, 1488, 2011, 988, 988, 1501, 1001, 1001, 1001, 1001, 1500, 1500, 1500, 1500]
12:03:29.427271 ALT: 56.16
12:03:29.427367 ATT: [31.3, 38.9, 298]
12:03:29.427652 ACC: [-79, 54, 266]
[1750, 1879, 1350, 1488, 2011, 988, 988, 1501, 1001, 1001, 1001, 1001, 1500, 1500, 1500, 1500]
[1750, 1879, 1350, 1488, 2011, 988, 988, 1501, 1001, 1001, 1001, 1001, 1500, 1500, 1500, 1500]
[1750, 1879, 1350, 1488, 2011, 988, 988, 1501, 1001, 1001, 1001, 1001, 1500, 1500, 1500, 1500]
[1750, 1879, 1350, 1488, 2011, 988, 988, 1501, 1001, 1001, 1001, 1001, 1500, 1500, 1500, 1500]
12:03:29.460067 Navigation got ALT: 56.16
*** TARGETING mode ***
* Target Target(-10, 132) received.
Anchor YAW: 274, current YAW: 298
[1740, 1882, 1350, 1490, 2011, 988, 988, 1500, 1001, 1001, 1001, 1001, 1500, 1500, 1500, 1500]
[1740, 1882, 1350, 1490, 2011, 988, 988, 1500, 1001, 1001, 1001, 1001, 1500, 1500, 1500, 1500]
[1740, 1882, 1350, 1490, 2011, 988, 988, 1500, 1001, 1001, 1001, 1001, 1500, 1500, 1500, 1500]
12:03:29.475517 ALT: 56.34
12:03:29.475664 ATT: [30.7, 39.3, 298]
12:03:29.476090 ACC: [-83, 61, 261]
[1740, 1882, 1350, 1490, 2011, 988, 988, 1500, 1001, 1001, 1001, 1001, 1500, 1500, 1500, 1500]
[1740, 1882, 1350, 1490, 2011, 988, 988, 1500, 1001, 1001, 1001, 1001, 1500, 1500, 1500, 1500]
[1740, 1882, 1350, 1490, 2011, 988, 988, 1500, 1001, 1001, 1001, 1001, 1500, 1500, 1500, 1500]
12:03:29.500293 Navigation got ALT: 56.34
*** TARGETING mode ***
Anchor YAW: 274, current YAW: 298
[1740, 1885, 1350, 1490, 2011, 988, 988, 1500, 1001, 1001, 1001, 1001, 1500, 1500, 1500, 1500]
[1740, 1885, 1350, 1490, 2011, 988, 988, 1500, 1001, 1001, 1001, 1001, 1500, 1500, 1500, 1500]
12:03:29.531622 Navigation got ALT: 56.34
*** TARGETING mode ***
Anchor YAW: 274, current YAW: 298
[1740, 1888, 1350, 1490, 2011, 988, 988, 1500, 1001, 1001, 1001, 1001, 1500, 1500, 1500, 1500]
[1740, 1888, 1350, 1490, 2011, 988, 988, 1500, 1001, 1001, 1001, 1001, 1500, 1500, 1500, 1500]
[1740, 1888, 1350, 1490, 2011, 988, 988, 1500, 1001, 1001, 1001, 1001, 1500, 1500, 1500, 1500]
12:03:29.542232 ALT: 56.49
12:03:29.542360 ATT: [30.0, 40.0, 297]
12:03:29.542805 ACC: [-88, 66, 269]
[1740, 1888, 1350, 1490, 2011, 988, 988, 1500, 1001, 1001, 1001, 1001, 1500, 1500, 1500, 1500]
[1740, 1888, 1350, 1490, 2011, 988, 988, 1500, 1001, 1001, 1001, 1001, 1500, 1500, 1500, 1500]
[1740, 1888, 1350, 1490, 2011, 988, 988, 1500, 1001, 1001, 1001, 1001, 1500, 1500, 1500, 1500]
[1740, 1888, 1350, 1490, 2011, 988, 988, 1500, 1001, 1001, 1001, 1001, 1500, 1500, 1500, 1500]
[1740, 1888, 1350, 1490, 2011, 988, 988, 1500, 1001, 1001, 1001, 1001, 1500, 1500, 1500, 1500]
12:03:29.563392 Navigation got ALT: 56.49
*** TARGETING mode ***
Anchor YAW: 274, current YAW: 297
[1730, 1891, 1350, 1490, 2011, 988, 988, 1500, 1001, 1001, 1001, 1001, 1500, 1500, 1500, 1500]
[1730, 1891, 1350, 1490, 2011, 988, 988, 1500, 1001, 1001, 1001, 1001, 1500, 1500, 1500, 1500]
[1730, 1891, 1350, 1490, 2011, 988, 988, 1500, 1001, 1001, 1001, 1001, 1500, 1500, 1500, 1500]
[1730, 1891, 1350, 1490, 2011, 988, 988, 1500, 1001, 1001, 1001, 1001, 1500, 1500, 1500, 1500]
12:03:29.589492 ALT: 56.62
12:03:29.589625 ATT: [29.4, 40.4, 297]
12:03:29.590313 ACC: [-91, 73, 266]
[1730, 1891, 1350, 1490, 2011, 988, 988, 1500, 1001, 1001, 1001, 1001, 1500, 1500, 1500, 1500]
12:03:29.599731 Navigation got ALT: 56.62
*** TARGETING mode ***
* Target Target(-11, 123) received.
Anchor YAW: 274, current YAW: 297
[1730, 1893, 1350, 1489, 2011, 988, 988, 1499, 1001, 1001, 1001, 1001, 1500, 1500, 1500, 1500]
[1730, 1893, 1350, 1489, 2011, 988, 988, 1499, 1001, 1001, 1001, 1001, 1500, 1500, 1500, 1500]
[1730, 1893, 1350, 1489, 2011, 988, 988, 1499, 1001, 1001, 1001, 1001, 1500, 1500, 1500, 1500]
[1730, 1893, 1350, 1489, 2011, 988, 988, 1499, 1001, 1001, 1001, 1001, 1500, 1500, 1500, 1500]
[1730, 1893, 1350, 1489, 2011, 988, 988, 1499, 1001, 1001, 1001, 1001, 1500, 1500, 1500, 1500]
12:03:29.633390 Navigation got ALT: 56.62
*** TARGETING mode ***
Anchor YAW: 274, current YAW: 297
[1730, 1895, 1350, 1489, 2011, 988, 988, 1500, 1001, 1001, 1001, 1001, 1500, 1500, 1500, 1500]
12:03:29.635443 ALT: 56.75
12:03:29.635555 ATT: [28.9, 40.9, 296]
12:03:29.635862 ACC: [-95, 77, 263]
[1730, 1895, 1350, 1489, 2011, 988, 988, 1500, 1001, 1001, 1001, 1001, 1500, 1500, 1500, 1500]
[1730, 1895, 1350, 1489, 2011, 988, 988, 1500, 1001, 1001, 1001, 1001, 1500, 1500, 1500, 1500]
12:03:29.664163 Navigation got ALT: 56.75
*** TARGETING mode ***
Anchor YAW: 274, current YAW: 296
[1720, 1897, 1350, 1489, 2011, 988, 988, 1500, 1001, 1001, 1001, 1001, 1500, 1500, 1500, 1500]
[1720, 1897, 1350, 1489, 2011, 988, 988, 1500, 1001, 1001, 1001, 1001, 1500, 1500, 1500, 1500]
[1720, 1897, 1350, 1489, 2011, 988, 988, 1500, 1001, 1001, 1001, 1001, 1500, 1500, 1500, 1500]
[1720, 1897, 1350, 1489, 2011, 988, 988, 1500, 1001, 1001, 1001, 1001, 1500, 1500, 1500, 1500]
[1720, 1897, 1350, 1489, 2011, 988, 988, 1500, 1001, 1001, 1001, 1001, 1500, 1500, 1500, 1500]
12:03:29.699415 ALT: 56.88
12:03:29.699573 ATT: [28.2, 41.4, 296]
12:03:29.699910 ACC: [-96, 82, 273]
12:03:29.705457 Navigation got ALT: 56.88
*** TARGETING mode ***
Anchor YAW: 274, current YAW: 296
[1720, 1899, 1350, 1489, 2011, 988, 988, 1500, 1001, 1001, 1001, 1001, 1500, 1500, 1500, 1500]
[1720, 1899, 1350, 1489, 2011, 988, 988, 1500, 1001, 1001, 1001, 1001, 1500, 1500, 1500, 1500]
[1720, 1899, 1350, 1489, 2011, 988, 988, 1500, 1001, 1001, 1001, 1001, 1500, 1500, 1500, 1500]
[1720, 1899, 1350, 1489, 2011, 988, 988, 1500, 1001, 1001, 1001, 1001, 1500, 1500, 1500, 1500]
[1720, 1899, 1350, 1489, 2011, 988, 988, 1500, 1001, 1001, 1001, 1001, 1500, 1500, 1500, 1500]
[1720, 1899, 1350, 1489, 2011, 988, 988, 1500, 1001, 1001, 1001, 1001, 1500, 1500, 1500, 1500]
[1720, 1899, 1350, 1489, 2011, 988, 988, 1500, 1001, 1001, 1001, 1001, 1500, 1500, 1500, 1500]
[1720, 1899, 1350, 1489, 2011, 988, 988, 1500, 1001, 1001, 1001, 1001, 1500, 1500, 1500, 1500]
12:03:29.744655 Navigation got ALT: 56.88
*** TARGETING mode ***
* Target Target(-13, 116) received.
Anchor YAW: 274, current YAW: 296
[1720, 1901, 1350, 1487, 2011, 988, 988, 1499, 1001, 1001, 1001, 1001, 1500, 1500, 1500, 1500]
[1720, 1901, 1350, 1487, 2011, 988, 988, 1499, 1001, 1001, 1001, 1001, 1500, 1500, 1500, 1500]
[1720, 1901, 1350, 1487, 2011, 988, 988, 1499, 1001, 1001, 1001, 1001, 1500, 1500, 1500, 1500]
12:03:29.755102 ALT: 57.01
12:03:29.755253 ATT: [27.8, 41.9, 295]
12:03:29.755597 ACC: [-100, 84, 276]
[1720, 1901, 1350, 1487, 2011, 988, 988, 1499, 1001, 1001, 1001, 1001, 1500, 1500, 1500, 1500]
[1720, 1901, 1350, 1487, 2011, 988, 988, 1499, 1001, 1001, 1001, 1001, 1500, 1500, 1500, 1500]
[1720, 1901, 1350, 1487, 2011, 988, 988, 1499, 1001, 1001, 1001, 1001, 1500, 1500, 1500, 1500]
12:03:29.778003 Navigation got ALT: 57.01
*** TARGETING mode ***
Anchor YAW: 274, current YAW: 295
[1710, 1903, 1350, 1487, 2011, 988, 988, 1500, 1001, 1001, 1001, 1001, 1500, 1500, 1500, 1500]
[1710, 1903, 1350, 1487, 2011, 988, 988, 1500, 1001, 1001, 1001, 1001, 1500, 1500, 1500, 1500]
[1710, 1903, 1350, 1487, 2011, 988, 988, 1500, 1001, 1001, 1001, 1001, 1500, 1500, 1500, 1500]
[1710, 1903, 1350, 1487, 2011, 988, 988, 1500, 1001, 1001, 1001, 1001, 1500, 1500, 1500, 1500]
12:03:29.798104 ALT: 57.04
12:03:29.798262 ATT: [27.4, 42.2, 295]
12:03:29.798631 ACC: [-104, 89, 273]
[1710, 1903, 1350, 1487, 2011, 988, 988, 1500, 1001, 1001, 1001, 1001, 1500, 1500, 1500, 1500]
12:03:29.809188 Navigation got ALT: 57.04
*** TARGETING mode ***
Anchor YAW: 274, current YAW: 295
[1710, 1905, 1350, 1487, 2011, 988, 989, 1497, 1001, 1001, 1001, 1001, 1500, 1500, 1500, 1500]
[1710, 1905, 1350, 1487, 2011, 988, 989, 1497, 1001, 1001, 1001, 1001, 1500, 1500, 1500, 1500]
[1710, 1905, 1350, 1487, 2011, 988, 989, 1497, 1001, 1001, 1001, 1001, 1500, 1500, 1500, 1500]
[1710, 1905, 1350, 1487, 2011, 988, 989, 1497, 1001, 1001, 1001, 1001, 1500, 1500, 1500, 1500]
12:03:29.855509 ALT: 57.1
12:03:29.855617 ATT: [26.7, 42.6, 294]
12:03:29.856060 ACC: [-108, 94, 273]
12:03:29.856877 Navigation got ALT: 57.1
*** TARGETING mode ***
Anchor YAW: 274, current YAW: 294
[1700, 1907, 1350, 1487, 2011, 988, 988, 1499, 1001, 1001, 1001, 1001, 1500, 1500, 1500, 1500]
[1700, 1907, 1350, 1487, 2011, 988, 988, 1499, 1001, 1001, 1001, 1001, 1500, 1500, 1500, 1500]
[1700, 1907, 1350, 1487, 2011, 988, 988, 1499, 1001, 1001, 1001, 1001, 1500, 1500, 1500, 1500]
[1700, 1907, 1350, 1487, 2011, 988, 988, 1499, 1001, 1001, 1001, 1001, 1500, 1500, 1500, 1500]
[1700, 1907, 1350, 1487, 2011, 988, 988, 1499, 1001, 1001, 1001, 1001, 1500, 1500, 1500, 1500]
[1700, 1907, 1350, 1487, 2011, 988, 988, 1499, 1001, 1001, 1001, 1001, 1500, 1500, 1500, 1500]
[1700, 1907, 1350, 1487, 2011, 988, 988, 1499, 1001, 1001, 1001, 1001, 1500, 1500, 1500, 1500]
[1700, 1907, 1350, 1487, 2011, 988, 988, 1499, 1001, 1001, 1001, 1001, 1500, 1500, 1500, 1500]
12:03:29.889733 Navigation got ALT: 57.1
*** TARGETING mode ***
Anchor YAW: 274, current YAW: 294
[1700, 1909, 1350, 1487, 2011, 988, 988, 1500, 1001, 1001, 1001, 1001, 1500, 1500, 1500, 1500]
[1700, 1909, 1350, 1487, 2011, 988, 988, 1500, 1001, 1001, 1001, 1001, 1500, 1500, 1500, 1500]
[1700, 1909, 1350, 1487, 2011, 988, 988, 1500, 1001, 1001, 1001, 1001, 1500, 1500, 1500, 1500]
12:03:29.907726 ALT: 57.13
12:03:29.907917 ATT: [25.9, 43.1, 294]
12:03:29.908576 ACC: [-114, 101, 280]
[1700, 1909, 1350, 1487, 2011, 988, 988, 1500, 1001, 1001, 1001, 1001, 1500, 1500, 1500, 1500]
[1700, 1909, 1350, 1487, 2011, 988, 988, 1500, 1001, 1001, 1001, 1001, 1500, 1500, 1500, 1500]
12:03:29.924007 Navigation got ALT: 57.13
*** TARGETING mode ***
Anchor YAW: 274, current YAW: 294
[1700, 1911, 1350, 1487, 2011, 988, 988, 1500, 1001, 1001, 1001, 1001, 1500, 1500, 1500, 1500]
[1700, 1911, 1350, 1487, 2011, 988, 988, 1500, 1001, 1001, 1001, 1001, 1500, 1500, 1500, 1500]
[1700, 1911, 1350, 1487, 2011, 988, 988, 1500, 1001, 1001, 1001, 1001, 1500, 1500, 1500, 1500]
[1700, 1911, 1350, 1487, 2011, 988, 988, 1500, 1001, 1001, 1001, 1001, 1500, 1500, 1500, 1500]
[1700, 1911, 1350, 1487, 2011, 988, 988, 1500, 1001, 1001, 1001, 1001, 1500, 1500, 1500, 1500]
12:03:29.959202 Navigation got ALT: 57.13
*** TARGETING mode ***
* Target Target(-14, 107) received.
Anchor YAW: 274, current YAW: 294
[1700, 1913, 1350, 1486, 2011, 988, 988, 1500, 1001, 1001, 1001, 1001, 1500, 1500, 1500, 1500]
[1700, 1913, 1350, 1486, 2011, 988, 988, 1500, 1001, 1001, 1001, 1001, 1500, 1500, 1500, 1500]
[1700, 1913, 1350, 1486, 2011, 988, 988, 1500, 1001, 1001, 1001, 1001, 1500, 1500, 1500, 1500]
12:03:29.971711 ALT: 57.13
12:03:29.971838 ATT: [25.1, 43.5, 293]
12:03:29.972244 ACC: [-118, 103, 277]
[1700, 1913, 1350, 1486, 2011, 988, 988, 1500, 1001, 1001, 1001, 1001, 1500, 1500, 1500, 1500]
[1700, 1913, 1350, 1486, 2011, 988, 988, 1500, 1001, 1001, 1001, 1001, 1500, 1500, 1500, 1500]
12:03:29.989569 Navigation got ALT: 57.13
*** TARGETING mode ***
Anchor YAW: 274, current YAW: 293
[1690, 1915, 1350, 1486, 2011, 988, 988, 1500, 1001, 1001, 1001, 1001, 1500, 1500, 1500, 1500]
[1690, 1915, 1350, 1486, 2011, 988, 988, 1500, 1001, 1001, 1001, 1001, 1500, 1500, 1500, 1500]
[1690, 1915, 1350, 1486, 2011, 988, 988, 1500, 1001, 1001, 1001, 1001, 1500, 1500, 1500, 1500]
[1690, 1915, 1350, 1486, 2011, 988, 988, 1500, 1001, 1001, 1001, 1001, 1500, 1500, 1500, 1500]
[1690, 1915, 1350, 1486, 2011, 988, 988, 1500, 1001, 1001, 1001, 1001, 1500, 1500, 1500, 1500]
12:03:30.019488 ALT: 57.13
12:03:30.019633 ATT: [24.6, 43.8, 293]
12:03:30.020008 ACC: [-119, 108, 281]
12:03:30.022643 Navigation got ALT: 57.13
*** TARGETING mode ***
Anchor YAW: 274, current YAW: 293
[1690, 1917, 1350, 1486, 2011, 988, 988, 1500, 1001, 1001, 1001, 1001, 1500, 1500, 1500, 1500]
[1690, 1917, 1350, 1486, 2011, 988, 988, 1500, 1001, 1001, 1001, 1001, 1500, 1500, 1500, 1500]
[1690, 1917, 1350, 1486, 2011, 988, 988, 1500, 1001, 1001, 1001, 1001, 1500, 1500, 1500, 1500]
[1690, 1917, 1350, 1486, 2011, 988, 988, 1500, 1001, 1001, 1001, 1001, 1500, 1500, 1500, 1500]
[1690, 1917, 1350, 1486, 2011, 988, 988, 1500, 1001, 1001, 1001, 1001, 1500, 1500, 1500, 1500]
12:03:30.058904 Navigation got ALT: 57.13
*** TARGETING mode ***
Anchor YAW: 274, current YAW: 293
[1690, 1919, 1350, 1486, 2011, 989, 986, 1500, 1001, 1001, 1001, 1001, 1500, 1500, 1500, 1500]
[1690, 1919, 1350, 1486, 2011, 989, 986, 1500, 1001, 1001, 1001, 1001, 1500, 1500, 1500, 1500]
[1690, 1919, 1350, 1486, 2011, 989, 986, 1500, 1001, 1001, 1001, 1001, 1500, 1500, 1500, 1500]
[1690, 1919, 1350, 1486, 2011, 989, 986, 1500, 1001, 1001, 1001, 1001, 1500, 1500, 1500, 1500]
[1690, 1919, 1350, 1486, 2011, 989, 986, 1500, 1001, 1001, 1001, 1001, 1500, 1500, 1500, 1500]
12:03:30.083385 ALT: 57.13
12:03:30.083628 ATT: [24.2, 44.3, 292]
12:03:30.084428 ACC: [-125, 114, 279]
12:03:30.089651 Navigation got ALT: 57.13
*** TARGETING mode ***
Anchor YAW: 274, current YAW: 292
[1680, 1921, 1350, 1486, 2011, 986, 988, 1500, 1001, 1001, 1001, 1001, 1500, 1500, 1500, 1500]
[1680, 1921, 1350, 1486, 2011, 986, 988, 1500, 1001, 1001, 1001, 1001, 1500, 1500, 1500, 1500]
[1680, 1921, 1350, 1486, 2011, 986, 988, 1500, 1001, 1001, 1001, 1001, 1500, 1500, 1500, 1500]
[1680, 1921, 1350, 1486, 2011, 986, 988, 1500, 1001, 1001, 1001, 1001, 1500, 1500, 1500, 1500]
[1680, 1921, 1350, 1486, 2011, 986, 988, 1500, 1001, 1001, 1001, 1001, 1500, 1500, 1500, 1500]
12:03:30.123707 Navigation got ALT: 57.13
*** TARGETING mode ***
* Target Target(-16, 100) received.
Anchor YAW: 274, current YAW: 292
[1680, 1923, 1350, 1484, 2011, 988, 988, 1499, 1001, 1001, 1001, 1001, 1500, 1500, 1500, 1500]
[1680, 1923, 1350, 1484, 2011, 988, 988, 1499, 1001, 1001, 1001, 1001, 1500, 1500, 1500, 1500]
12:03:30.131577 ALT: 57.13
12:03:30.131862 ATT: [23.5, 44.6, 292]
12:03:30.132534 ACC: [-131, 121, 293]
[1680, 1923, 1350, 1484, 2011, 988, 988, 1499, 1001, 1001, 1001, 1001, 1500, 1500, 1500, 1500]
[1680, 1923, 1350, 1484, 2011, 988, 988, 1499, 1001, 1001, 1001, 1001, 1500, 1500, 1500, 1500]
[1680, 1923, 1350, 1484, 2011, 988, 988, 1499, 1001, 1001, 1001, 1001, 1500, 1500, 1500, 1500]
12:03:30.155913 Navigation got ALT: 57.13
*** TARGETING mode ***
Anchor YAW: 274, current YAW: 292
[1680, 1925, 1350, 1484, 2011, 988, 988, 1500, 1001, 1001, 1001, 1001, 1500, 1500, 1500, 1500]
[1680, 1925, 1350, 1484, 2011, 988, 988, 1500, 1001, 1001, 1001, 1001, 1500, 1500, 1500, 1500]
[1680, 1925, 1350, 1484, 2011, 988, 988, 1500, 1001, 1001, 1001, 1001, 1500, 1500, 1500, 1500]
[1680, 1925, 1350, 1484, 2011, 988, 988, 1500, 1001, 1001, 1001, 1001, 1500, 1500, 1500, 1500]
12:03:30.180920 ALT: 57.1
12:03:30.181029 ATT: [23.2, 45.0, 292]
12:03:30.181399 ACC: [-134, 119, 292]
[1680, 1925, 1350, 1484, 2011, 988, 988, 1500, 1001, 1001, 1001, 1001, 1500, 1500, 1500, 1500]
12:03:30.190109 Navigation got ALT: 57.1
*** TARGETING mode ***
Anchor YAW: 274, current YAW: 292
[1680, 1927, 1350, 1484, 2011, 988, 988, 1500, 1001, 1001, 1001, 1001, 1500, 1500, 1500, 1500]
[1680, 1927, 1350, 1484, 2011, 988, 988, 1500, 1001, 1001, 1001, 1001, 1500, 1500, 1500, 1500]
[1680, 1927, 1350, 1484, 2011, 988, 988, 1500, 1001, 1001, 1001, 1001, 1500, 1500, 1500, 1500]
[1680, 1927, 1350, 1484, 2011, 988, 988, 1500, 1001, 1001, 1001, 1001, 1500, 1500, 1500, 1500]
[1680, 1927, 1350, 1484, 2011, 988, 988, 1500, 1001, 1001, 1001, 1001, 1500, 1500, 1500, 1500]
12:03:30.223101 Navigation got ALT: 57.1
*** TARGETING mode ***
* Target Target(-17, 93) received.
Anchor YAW: 274, current YAW: 292
[1680, 1929, 1350, 1483, 2011, 988, 988, 1500, 1001, 1001, 1001, 1001, 1500, 1500, 1500, 1500]
12:03:30.227334 ALT: 57.07
12:03:30.227446 ATT: [22.7, 45.3, 291]
12:03:30.227724 ACC: [-138, 122, 288]
[1680, 1929, 1350, 1483, 2011, 988, 988, 1500, 1001, 1001, 1001, 1001, 1500, 1500, 1500, 1500]
[1680, 1929, 1350, 1483, 2011, 988, 988, 1500, 1001, 1001, 1001, 1001, 1500, 1500, 1500, 1500]
[1680, 1929, 1350, 1483, 2011, 988, 988, 1500, 1001, 1001, 1001, 1001, 1500, 1500, 1500, 1500]
[1680, 1929, 1350, 1483, 2011, 988, 988, 1500, 1001, 1001, 1001, 1001, 1500, 1500, 1500, 1500]
12:03:30.256217 Navigation got ALT: 57.07
*** TARGETING mode ***
Anchor YAW: 274, current YAW: 291
[1670, 1931, 1350, 1483, 2011, 988, 988, 1500, 1001, 1001, 1001, 1001, 1500, 1500, 1500, 1500]
[1670, 1931, 1350, 1483, 2011, 988, 988, 1500, 1001, 1001, 1001, 1001, 1500, 1500, 1500, 1500]
[1670, 1931, 1350, 1483, 2011, 988, 988, 1500, 1001, 1001, 1001, 1001, 1500, 1500, 1500, 1500]
12:03:30.275593 ALT: 57.03
12:03:30.275777 ATT: [22.3, 45.6, 291]
12:03:30.276455 ACC: [-142, 124, 283]
[1670, 1931, 1350, 1483, 2011, 988, 988, 1500, 1001, 1001, 1001, 1001, 1500, 1500, 1500, 1500]
12:03:30.288924 Navigation got ALT: 57.03
*** TARGETING mode ***
Anchor YAW: 274, current YAW: 291
[1670, 1933, 1350, 1483, 2011, 988, 988, 1500, 1001, 1001, 1001, 1001, 1500, 1500, 1500, 1500]
[1670, 1933, 1350, 1483, 2011, 988, 988, 1500, 1001, 1001, 1001, 1001, 1500, 1500, 1500, 1500]
[1670, 1933, 1350, 1483, 2011, 988, 988, 1500, 1001, 1001, 1001, 1001, 1500, 1500, 1500, 1500]
[1670, 1933, 1350, 1483, 2011, 988, 988, 1500, 1001, 1001, 1001, 1001, 1500, 1500, 1500, 1500]
[1670, 1933, 1350, 1483, 2011, 988, 988, 1500, 1001, 1001, 1001, 1001, 1500, 1500, 1500, 1500]
[1670, 1933, 1350, 1483, 2011, 988, 988, 1500, 1001, 1001, 1001, 1001, 1500, 1500, 1500, 1500]
12:03:30.322453 Navigation got ALT: 57.03
*** TARGETING mode ***
Anchor YAW: 274, current YAW: 291
[1670, 1935, 1350, 1483, 2011, 988, 988, 1500, 1001, 1001, 1001, 1001, 1500, 1500, 1500, 1500]
12:03:30.323463 ALT: 56.96
12:03:30.323555 ATT: [22.0, 46.0, 290]
12:03:30.323922 ACC: [-142, 128, 278]
[1670, 1935, 1350, 1483, 2011, 988, 988, 1500, 1001, 1001, 1001, 1001, 1500, 1500, 1500, 1500]
[1670, 1935, 1350, 1483, 2011, 988, 988, 1500, 1001, 1001, 1001, 1001, 1500, 1500, 1500, 1500]
[1670, 1935, 1350, 1483, 2011, 988, 988, 1500, 1001, 1001, 1001, 1001, 1500, 1500, 1500, 1500]
[1670, 1935, 1350, 1483, 2011, 988, 988, 1500, 1001, 1001, 1001, 1001, 1500, 1500, 1500, 1500]
12:03:30.356092 Navigation got ALT: 56.96
*** TARGETING mode ***
* Target Target(-19, 89) received.
Anchor YAW: 274, current YAW: 290
[1660, 1937, 1350, 1481, 2011, 988, 988, 1500, 1001, 1001, 1001, 1001, 1500, 1500, 1500, 1500]
[1660, 1937, 1350, 1481, 2011, 988, 988, 1500, 1001, 1001, 1001, 1001, 1500, 1500, 1500, 1500]
[1660, 1937, 1350, 1481, 2011, 988, 988, 1500, 1001, 1001, 1001, 1001, 1500, 1500, 1500, 1500]
12:03:30.372438 ALT: 56.88
12:03:30.372541 ATT: [21.4, 46.4, 290]
12:03:30.372898 ACC: [-146, 131, 284]
[1660, 1937, 1350, 1481, 2011, 988, 988, 1500, 1001, 1001, 1001, 1001, 1500, 1500, 1500, 1500]
[1660, 1937, 1350, 1481, 2011, 988, 988, 1500, 1001, 1001, 1001, 1001, 1500, 1500, 1500, 1500]
12:03:30.389096 Navigation got ALT: 56.88
*** TARGETING mode ***
Anchor YAW: 274, current YAW: 290
[1660, 1939, 1350, 1481, 2011, 988, 988, 1500, 1001, 1001, 1001, 1001, 1500, 1500, 1500, 1500]
[1660, 1939, 1350, 1481, 2011, 988, 988, 1500, 1001, 1001, 1001, 1001, 1500, 1500, 1500, 1500]
[1660, 1939, 1350, 1481, 2011, 988, 988, 1500, 1001, 1001, 1001, 1001, 1500, 1500, 1500, 1500]
[1660, 1939, 1350, 1481, 2011, 988, 988, 1500, 1001, 1001, 1001, 1001, 1500, 1500, 1500, 1500]
[1660, 1939, 1350, 1481, 2011, 988, 988, 1500, 1001, 1001, 1001, 1001, 1500, 1500, 1500, 1500]
12:03:30.419465 ALT: 56.85
12:03:30.419605 ATT: [21.0, 46.6, 290]
12:03:30.420102 ACC: [-148, 135, 295]
12:03:30.429340 Navigation got ALT: 56.85
*** TARGETING mode ***
Anchor YAW: 274, current YAW: 290
[1660, 1941, 1350, 1481, 2011, 988, 988, 1500, 1001, 1001, 1001, 1001, 1500, 1500, 1500, 1500]
[1660, 1941, 1350, 1481, 2011, 988, 988, 1500, 1001, 1001, 1001, 1001, 1500, 1500, 1500, 1500]
[1660, 1941, 1350, 1481, 2011, 988, 988, 1500, 1001, 1001, 1001, 1001, 1500, 1500, 1500, 1500]
[1660, 1941, 1350, 1481, 2011, 988, 988, 1500, 1001, 1001, 1001, 1001, 1500, 1500, 1500, 1500]
[1660, 1941, 1350, 1481, 2011, 988, 988, 1500, 1001, 1001, 1001, 1001, 1500, 1500, 1500, 1500]
[1660, 1941, 1350, 1481, 2011, 988, 988, 1500, 1001, 1001, 1001, 1001, 1500, 1500, 1500, 1500]
12:03:30.463366 Navigation got ALT: 56.85
*** TARGETING mode ***
* Target Target(-22, 82) received.
Anchor YAW: 274, current YAW: 290
[1660, 1943, 1350, 1478, 2011, 988, 988, 1500, 1001, 1001, 1001, 1001, 1500, 1500, 1500, 1500]
12:03:30.469161 ALT: 56.77
12:03:30.469325 ATT: [20.5, 46.9, 289]
12:03:30.469852 ACC: [-154, 139, 294]
[1660, 1943, 1350, 1478, 2011, 988, 988, 1500, 1001, 1001, 1001, 1001, 1500, 1500, 1500, 1500]
[1660, 1943, 1350, 1478, 2011, 988, 988, 1500, 1001, 1001, 1001, 1001, 1500, 1500, 1500, 1500]
[1660, 1943, 1350, 1478, 2011, 988, 988, 1500, 1001, 1001, 1001, 1001, 1500, 1500, 1500, 1500]
[1660, 1943, 1350, 1478, 2011, 988, 988, 1500, 1001, 1001, 1001, 1001, 1500, 1500, 1500, 1500]
12:03:30.495780 Navigation got ALT: 56.77
*** TARGETING mode ***
Anchor YAW: 274, current YAW: 289
[1650, 1945, 1350, 1478, 2011, 989, 986, 1500, 1001, 1001, 1001, 1001, 1500, 1500, 1500, 1500]
[1650, 1945, 1350, 1478, 2011, 989, 986, 1500, 1001, 1001, 1001, 1001, 1500, 1500, 1500, 1500]
[1650, 1945, 1350, 1478, 2011, 989, 986, 1500, 1001, 1001, 1001, 1001, 1500, 1500, 1500, 1500]
12:03:30.515686 ALT: 56.69
12:03:30.515813 ATT: [20.0, 47.2, 289]
12:03:30.516097 ACC: [-155, 141, 306]
[1650, 1945, 1350, 1478, 2011, 989, 986, 1500, 1001, 1001, 1001, 1001, 1500, 1500, 1500, 1500]
[1650, 1945, 1350, 1478, 2011, 989, 986, 1500, 1001, 1001, 1001, 1001, 1500, 1500, 1500, 1500]
12:03:30.529245 Navigation got ALT: 56.69
*** TARGETING mode ***
Anchor YAW: 274, current YAW: 289
[1650, 1947, 1350, 1478, 2011, 988, 988, 1499, 1001, 1001, 1001, 1001, 1500, 1500, 1500, 1500]
[1650, 1947, 1350, 1478, 2011, 988, 988, 1499, 1001, 1001, 1001, 1001, 1500, 1500, 1500, 1500]
[1650, 1947, 1350, 1478, 2011, 988, 988, 1499, 1001, 1001, 1001, 1001, 1500, 1500, 1500, 1500]
[1650, 1947, 1350, 1478, 2011, 988, 988, 1499, 1001, 1001, 1001, 1001, 1500, 1500, 1500, 1500]
[1650, 1947, 1350, 1478, 2011, 988, 988, 1499, 1001, 1001, 1001, 1001, 1500, 1500, 1500, 1500]
12:03:30.562395 Navigation got ALT: 56.69
*** TARGETING mode ***
Anchor YAW: 274, current YAW: 289
[1650, 1949, 1350, 1478, 2011, 988, 988, 1500, 1001, 1001, 1001, 1001, 1500, 1500, 1500, 1500]
12:03:30.563470 ALT: 56.5
12:03:30.563575 ATT: [19.9, 47.5, 289]
12:03:30.563828 ACC: [-159, 143, 286]
[1650, 1949, 1350, 1478, 2011, 988, 988, 1500, 1001, 1001, 1001, 1001, 1500, 1500, 1500, 1500]
[1650, 1949, 1350, 1478, 2011, 988, 988, 1500, 1001, 1001, 1001, 1001, 1500, 1500, 1500, 1500]
[1650, 1949, 1350, 1478, 2011, 988, 988, 1500, 1001, 1001, 1001, 1001, 1500, 1500, 1500, 1500]
[1650, 1949, 1350, 1478, 2011, 988, 988, 1500, 1001, 1001, 1001, 1001, 1500, 1500, 1500, 1500]
12:03:30.595921 Navigation got ALT: 56.5
*** TARGETING mode ***
* Target Target(-26, 77) received.
Anchor YAW: 274, current YAW: 289
[1650, 1951, 1350, 1474, 2011, 988, 988, 1500, 1001, 1001, 1001, 1001, 1500, 1500, 1500, 1500]
[1650, 1951, 1350, 1474, 2011, 988, 988, 1500, 1001, 1001, 1001, 1001, 1500, 1500, 1500, 1500]
[1650, 1951, 1350, 1474, 2011, 988, 988, 1500, 1001, 1001, 1001, 1001, 1500, 1500, 1500, 1500]
12:03:30.611424 ALT: 56.37
12:03:30.611519 ATT: [19.4, 47.9, 288]
12:03:30.611780 ACC: [-160, 143, 278]
[1650, 1951, 1350, 1474, 2011, 988, 988, 1500, 1001, 1001, 1001, 1001, 1500, 1500, 1500, 1500]
[1650, 1951, 1350, 1474, 2011, 988, 988, 1500, 1001, 1001, 1001, 1001, 1500, 1500, 1500, 1500]
12:03:30.629168 Navigation got ALT: 56.37
*** TARGETING mode ***
Anchor YAW: 274, current YAW: 288
[1640, 1953, 1350, 1474, 2011, 988, 988, 1500, 1001, 1001, 1001, 1001, 1500, 1500, 1500, 1500]
[1640, 1953, 1350, 1474, 2011, 988, 988, 1500, 1001, 1001, 1001, 1001, 1500, 1500, 1500, 1500]
[1640, 1953, 1350, 1474, 2011, 988, 988, 1500, 1001, 1001, 1001, 1001, 1500, 1500, 1500, 1500]
[1640, 1953, 1350, 1474, 2011, 988, 988, 1500, 1001, 1001, 1001, 1001, 1500, 1500, 1500, 1500]
[1640, 1953, 1350, 1474, 2011, 988, 988, 1500, 1001, 1001, 1001, 1001, 1500, 1500, 1500, 1500]
12:03:30.659534 ALT: 56.22
12:03:30.659643 ATT: [18.9, 48.1, 288]
12:03:30.660281 ACC: [-160, 144, 290]
12:03:30.666902 Navigation got ALT: 56.22
*** TARGETING mode ***
Anchor YAW: 274, current YAW: 288
[1640, 1955, 1350, 1474, 2009, 988, 988, 1500, 1001, 1001, 1001, 1001, 1500, 1500, 1500, 1500]
[1640, 1955, 1350, 1474, 2009, 988, 988, 1500, 1001, 1001, 1001, 1001, 1500, 1500, 1500, 1500]
[1640, 1955, 1350, 1474, 2009, 988, 988, 1500, 1001, 1001, 1001, 1001, 1500, 1500, 1500, 1500]
[1640, 1955, 1350, 1474, 2009, 988, 988, 1500, 1001, 1001, 1001, 1001, 1500, 1500, 1500, 1500]
[1640, 1955, 1350, 1474, 2009, 988, 988, 1500, 1001, 1001, 1001, 1001, 1500, 1500, 1500, 1500]
12:03:30.701458 Navigation got ALT: 56.22
*** TARGETING mode ***
Anchor YAW: 274, current YAW: 288
[1640, 1957, 1350, 1474, 2011, 988, 988, 1500, 1001, 1001, 1001, 1001, 1500, 1500, 1500, 1500]
[1640, 1957, 1350, 1474, 2011, 988, 988, 1500, 1001, 1001, 1001, 1001, 1500, 1500, 1500, 1500]
12:03:30.708308 ALT: 56.0
12:03:30.708481 ATT: [18.8, 48.4, 287]
12:03:30.709049 ACC: [-165, 150, 293]
[1640, 1957, 1350, 1474, 2011, 988, 988, 1500, 1001, 1001, 1001, 1001, 1500, 1500, 1500, 1500]
[1640, 1957, 1350, 1474, 2011, 988, 988, 1500, 1001, 1001, 1001, 1001, 1500, 1500, 1500, 1500]
[1640, 1957, 1350, 1474, 2011, 988, 988, 1500, 1001, 1001, 1001, 1001, 1500, 1500, 1500, 1500]
[1640, 1957, 1350, 1474, 2011, 988, 988, 1500, 1001, 1001, 1001, 1001, 1500, 1500, 1500, 1500]
12:03:30.735952 Navigation got ALT: 56.0
*** TARGETING mode ***
* Target Target(-28, 73) received.
Anchor YAW: 274, current YAW: 287
[1630, 1958, 1365, 1472, 2011, 988, 988, 1500, 1001, 1001, 1001, 1001, 1500, 1500, 1500, 1500]
[1630, 1958, 1365, 1472, 2011, 988, 988, 1500, 1001, 1001, 1001, 1001, 1500, 1500, 1500, 1500]
[1630, 1958, 1365, 1472, 2011, 988, 988, 1500, 1001, 1001, 1001, 1001, 1500, 1500, 1500, 1500]
12:03:30.755528 ALT: 55.82
12:03:30.755649 ATT: [18.3, 48.8, 287]
12:03:30.756112 ACC: [-167, 148, 298]
[1630, 1958, 1365, 1472, 2011, 988, 988, 1500, 1001, 1001, 1001, 1001, 1500, 1500, 1500, 1500]
[1630, 1958, 1365, 1472, 2011, 988, 988, 1500, 1001, 1001, 1001, 1001, 1500, 1500, 1500, 1500]
12:03:30.770165 Navigation got ALT: 55.82
*** TARGETING mode ***
Anchor YAW: 274, current YAW: 287
[1630, 1959, 1350, 1472, 2011, 988, 988, 1500, 1001, 1001, 1001, 1001, 1500, 1500, 1500, 1500]
[1630, 1959, 1350, 1472, 2011, 988, 988, 1500, 1001, 1001, 1001, 1001, 1500, 1500, 1500, 1500]
[1630, 1959, 1350, 1472, 2011, 988, 988, 1500, 1001, 1001, 1001, 1001, 1500, 1500, 1500, 1500]
[1630, 1959, 1350, 1472, 2011, 988, 988, 1500, 1001, 1001, 1001, 1001, 1500, 1500, 1500, 1500]
12:03:30.800327 Navigation got ALT: 55.82
*** TARGETING mode ***
Anchor YAW: 274, current YAW: 287
[1630, 1960, 1350, 1472, 2011, 988, 988, 1500, 1001, 1001, 1001, 1001, 1500, 1500, 1500, 1500]
12:03:30.803689 ALT: 55.59
12:03:30.804030 ATT: [18.0, 49.1, 286]
12:03:30.804377 ACC: [-173, 157, 301]
[1630, 1960, 1350, 1472, 2011, 988, 988, 1500, 1001, 1001, 1001, 1001, 1500, 1500, 1500, 1500]
[1630, 1960, 1350, 1472, 2011, 988, 988, 1500, 1001, 1001, 1001, 1001, 1500, 1500, 1500, 1500]
[1630, 1960, 1350, 1472, 2011, 988, 988, 1500, 1001, 1001, 1001, 1001, 1500, 1500, 1500, 1500]
[1630, 1960, 1350, 1472, 2011, 988, 988, 1500, 1001, 1001, 1001, 1001, 1500, 1500, 1500, 1500]
[1630, 1960, 1350, 1472, 2011, 988, 988, 1500, 1001, 1001, 1001, 1001, 1500, 1500, 1500, 1500]
12:03:30.836928 Navigation got ALT: 55.59
*** TARGETING mode ***
* Target Target(-32, 68) received.
Anchor YAW: 274, current YAW: 286
[1620, 1961, 1378, 1468, 2011, 988, 988, 1500, 1001, 1001, 1001, 1001, 1500, 1500, 1500, 1500]
[1620, 1961, 1378, 1468, 2011, 988, 988, 1500, 1001, 1001, 1001, 1001, 1500, 1500, 1500, 1500]
[1620, 1961, 1378, 1468, 2011, 988, 988, 1500, 1001, 1001, 1001, 1001, 1500, 1500, 1500, 1500]
[1620, 1961, 1378, 1468, 2011, 988, 988, 1500, 1001, 1001, 1001, 1001, 1500, 1500, 1500, 1500]
[1620, 1961, 1378, 1468, 2011, 988, 988, 1500, 1001, 1001, 1001, 1001, 1500, 1500, 1500, 1500]
12:03:30.867970 ALT: 55.35
12:03:30.868116 ATT: [17.4, 49.3, 286]
12:03:30.868483 ACC: [-178, 158, 319]
12:03:30.869419 Navigation got ALT: 55.35
*** TARGETING mode ***
Anchor YAW: 274, current YAW: 286
[1620, 1962, 1460, 1468, 2011, 988, 988, 1500, 1001, 1001, 1001, 1001, 1500, 1500, 1500, 1500]
[1620, 1962, 1460, 1468, 2011, 988, 988, 1500, 1001, 1001, 1001, 1001, 1500, 1500, 1500, 1500]
[1620, 1962, 1460, 1468, 2011, 988, 988, 1500, 1001, 1001, 1001, 1001, 1500, 1500, 1500, 1500]
[1620, 1962, 1460, 1468, 2011, 988, 988, 1500, 1001, 1001, 1001, 1001, 1500, 1500, 1500, 1500]
[1620, 1962, 1460, 1468, 2011, 988, 988, 1500, 1001, 1001, 1001, 1001, 1500, 1500, 1500, 1500]
12:03:30.902691 Navigation got ALT: 55.35
*** TARGETING mode ***
Anchor YAW: 274, current YAW: 286
[1620, 1963, 1350, 1468, 2011, 988, 988, 1500, 1001, 1001, 1001, 1001, 1500, 1500, 1500, 1500]
[1620, 1963, 1350, 1468, 2011, 988, 988, 1500, 1001, 1001, 1001, 1001, 1500, 1500, 1500, 1500]
12:03:30.915590 ALT: 55.15
12:03:30.915771 ATT: [17.0, 49.6, 285]
12:03:30.916080 ACC: [-176, 165, 328]
[1620, 1963, 1350, 1468, 2011, 988, 988, 1500, 1001, 1001, 1001, 1001, 1500, 1500, 1500, 1500]
[1620, 1963, 1350, 1468, 2011, 988, 988, 1500, 1001, 1001, 1001, 1001, 1500, 1500, 1500, 1500]
12:03:30.934436 Navigation got ALT: 55.15
*** TARGETING mode ***
Anchor YAW: 274, current YAW: 285
[1610, 1964, 1396, 1468, 2011, 988, 988, 1500, 1001, 1001, 1001, 1001, 1500, 1500, 1500, 1500]
[1610, 1964, 1396, 1468, 2011, 988, 988, 1500, 1001, 1001, 1001, 1001, 1500, 1500, 1500, 1500]
[1610, 1964, 1396, 1468, 2011, 988, 988, 1500, 1001, 1001, 1001, 1001, 1500, 1500, 1500, 1500]
[1610, 1964, 1396, 1468, 2011, 988, 988, 1500, 1001, 1001, 1001, 1001, 1500, 1500, 1500, 1500]
[1610, 1964, 1396, 1468, 2011, 988, 988, 1500, 1001, 1001, 1001, 1001, 1500, 1500, 1500, 1500]
[1610, 1964, 1396, 1468, 2011, 988, 988, 1500, 1001, 1001, 1001, 1001, 1500, 1500, 1500, 1500]
12:03:30.963623 ALT: 54.92
12:03:30.963724 ATT: [16.6, 49.6, 284]
12:03:30.964021 ACC: [-186, 172, 439]
12:03:30.969334 Navigation got ALT: 54.92
*** TARGETING mode ***
* Target Target(-34, 64) received.
Anchor YAW: 274, current YAW: 284
[1600, 1965, 1463, 1466, 2011, 988, 988, 1500, 1001, 1001, 1001, 1001, 1500, 1500, 1500, 1500]
[1600, 1965, 1463, 1466, 2011, 988, 988, 1500, 1001, 1001, 1001, 1001, 1500, 1500, 1500, 1500]
[1600, 1965, 1463, 1466, 2011, 988, 988, 1500, 1001, 1001, 1001, 1001, 1500, 1500, 1500, 1500]
[1600, 1965, 1463, 1466, 2011, 988, 988, 1500, 1001, 1001, 1001, 1001, 1500, 1500, 1500, 1500]
[1600, 1965, 1463, 1466, 2011, 988, 988, 1500, 1001, 1001, 1001, 1001, 1500, 1500, 1500, 1500]
12:03:31.002718 Navigation got ALT: 54.92
*** TARGETING mode ***
Anchor YAW: 274, current YAW: 284
[1600, 1966, 1350, 1466, 2011, 988, 988, 1500, 1001, 1001, 1001, 1001, 1500, 1500, 1500, 1500]
[1600, 1966, 1350, 1466, 2011, 988, 988, 1500, 1001, 1001, 1001, 1001, 1500, 1500, 1500, 1500]
12:03:31.011637 ALT: 54.62
12:03:31.011755 ATT: [16.3, 49.5, 284]
12:03:31.012285 ACC: [-188, 169, 425]
[1600, 1966, 1350, 1466, 2011, 988, 988, 1500, 1001, 1001, 1001, 1001, 1500, 1500, 1500, 1500]
[1600, 1966, 1350, 1466, 2011, 988, 988, 1500, 1001, 1001, 1001, 1001, 1500, 1500, 1500, 1500]
12:03:31.032921 Navigation got ALT: 54.62
*** TARGETING mode ***
Anchor YAW: 274, current YAW: 284
[1600, 1967, 1563, 1466, 2011, 988, 988, 1499, 1001, 1001, 1001, 1001, 1500, 1500, 1500, 1500]
[1600, 1967, 1563, 1466, 2011, 988, 988, 1499, 1001, 1001, 1001, 1001, 1500, 1500, 1500, 1500]
[1600, 1967, 1563, 1466, 2011, 988, 988, 1499, 1001, 1001, 1001, 1001, 1500, 1500, 1500, 1500]
[1600, 1967, 1563, 1466, 2011, 988, 988, 1499, 1001, 1001, 1001, 1001, 1500, 1500, 1500, 1500]
[1600, 1967, 1563, 1466, 2011, 988, 988, 1499, 1001, 1001, 1001, 1001, 1500, 1500, 1500, 1500]
12:03:31.059678 ALT: 54.45
12:03:31.059792 ATT: [15.8, 49.5, 283]
12:03:31.060260 ACC: [-190, 175, 427]
[1600, 1967, 1563, 1466, 2011, 988, 988, 1499, 1001, 1001, 1001, 1001, 1500, 1500, 1500, 1500]
12:03:31.069163 Navigation got ALT: 54.45
*** TARGETING mode ***
Anchor YAW: 274, current YAW: 283
[1590, 1968, 1573, 1466, 2011, 988, 988, 1500, 1001, 1001, 1001, 1001, 1500, 1500, 1500, 1500]
[1590, 1968, 1573, 1466, 2011, 988, 988, 1500, 1001, 1001, 1001, 1001, 1500, 1500, 1500, 1500]
[1590, 1968, 1573, 1466, 2011, 988, 988, 1500, 1001, 1001, 1001, 1001, 1500, 1500, 1500, 1500]
[1590, 1968, 1573, 1466, 2011, 988, 988, 1500, 1001, 1001, 1001, 1001, 1500, 1500, 1500, 1500]
[1590, 1968, 1573, 1466, 2011, 988, 988, 1500, 1001, 1001, 1001, 1001, 1500, 1500, 1500, 1500]
12:03:31.104688 Navigation got ALT: 54.45
*** TARGETING mode ***
* Target Target(-35, 56) received.
Anchor YAW: 274, current YAW: 283
[1590, 1969, 1395, 1465, 2011, 988, 988, 1500, 1001, 1001, 1001, 1001, 1500, 1500, 1500, 1500]
12:03:31.108253 ALT: 54.13
12:03:31.108598 ATT: [15.3, 49.5, 282]
12:03:31.109399 ACC: [-187, 172, 390]
[1590, 1969, 1395, 1465, 2011, 988, 988, 1500, 1001, 1001, 1001, 1001, 1500, 1500, 1500, 1500]
[1590, 1969, 1395, 1465, 2011, 988, 988, 1500, 1001, 1001, 1001, 1001, 1500, 1500, 1500, 1500]
[1590, 1969, 1395, 1465, 2011, 988, 988, 1500, 1001, 1001, 1001, 1001, 1500, 1500, 1500, 1500]
[1590, 1969, 1395, 1465, 2011, 988, 988, 1500, 1001, 1001, 1001, 1001, 1500, 1500, 1500, 1500]
12:03:31.135766 Navigation got ALT: 54.13
*** TARGETING mode ***
Anchor YAW: 274, current YAW: 282
[1580, 1970, 1600, 1465, 2011, 988, 988, 1500, 1001, 1001, 1001, 1001, 1500, 1500, 1500, 1500]
[1580, 1970, 1600, 1465, 2011, 988, 988, 1500, 1001, 1001, 1001, 1001, 1500, 1500, 1500, 1500]
[1580, 1970, 1600, 1465, 2011, 988, 988, 1500, 1001, 1001, 1001, 1001, 1500, 1500, 1500, 1500]
12:03:31.155472 ALT: 53.8
12:03:31.155599 ATT: [14.6, 49.8, 281]
12:03:31.156069 ACC: [-198, 174, 610]
[1580, 1970, 1600, 1465, 2011, 988, 988, 1500, 1001, 1001, 1001, 1001, 1500, 1500, 1500, 1500]
[1580, 1970, 1600, 1465, 2011, 988, 988, 1500, 1001, 1001, 1001, 1001, 1500, 1500, 1500, 1500]
12:03:31.169236 Navigation got ALT: 53.8
*** TARGETING mode ***
Anchor YAW: 274, current YAW: 281
[1570, 1971, 1600, 1465, 2011, 988, 988, 1500, 1001, 1001, 1001, 1001, 1500, 1500, 1500, 1500]
[1570, 1971, 1600, 1465, 2011, 988, 988, 1500, 1001, 1001, 1001, 1001, 1500, 1500, 1500, 1500]
[1570, 1971, 1600, 1465, 2011, 988, 988, 1500, 1001, 1001, 1001, 1001, 1500, 1500, 1500, 1500]
[1570, 1971, 1600, 1465, 2011, 988, 988, 1500, 1001, 1001, 1001, 1001, 1500, 1500, 1500, 1500]
[1570, 1971, 1600, 1465, 2011, 988, 988, 1500, 1001, 1001, 1001, 1001, 1500, 1500, 1500, 1500]
12:03:31.202547 Navigation got ALT: 53.8
*** TARGETING mode ***
Anchor YAW: 274, current YAW: 281
[1570, 1972, 1448, 1465, 2011, 988, 988, 1500, 1001, 1001, 1001, 1001, 1500, 1500, 1500, 1500]
12:03:31.203475 ALT: 53.47
12:03:31.203574 ATT: [14.1, 50.3, 280]
12:03:31.203934 ACC: [-216, 213, 574]
[1570, 1972, 1448, 1465, 2011, 988, 988, 1500, 1001, 1001, 1001, 1001, 1500, 1500, 1500, 1500]
[1570, 1972, 1448, 1465, 2011, 988, 988, 1500, 1001, 1001, 1001, 1001, 1500, 1500, 1500, 1500]
[1570, 1972, 1448, 1465, 2011, 988, 988, 1500, 1001, 1001, 1001, 1001, 1500, 1500, 1500, 1500]
[1570, 1972, 1448, 1465, 2011, 988, 988, 1500, 1001, 1001, 1001, 1001, 1500, 1500, 1500, 1500]
12:03:31.240398 Navigation got ALT: 53.47
*** TARGETING mode ***
* Target Target(-33, 49) received.
Anchor YAW: 274, current YAW: 280
[1560, 1973, 1600, 1467, 2011, 988, 988, 1500, 1001, 1001, 1001, 1001, 1500, 1500, 1500, 1500]
[1560, 1973, 1600, 1467, 2011, 988, 988, 1500, 1001, 1001, 1001, 1001, 1500, 1500, 1500, 1500]
[1560, 1973, 1600, 1467, 2011, 988, 988, 1500, 1001, 1001, 1001, 1001, 1500, 1500, 1500, 1500]
12:03:31.252212 ALT: 53.18
12:03:31.252326 ATT: [13.1, 50.4, 280]
12:03:31.252611 ACC: [-236, 201, 716]
[1560, 1973, 1600, 1467, 2011, 988, 988, 1500, 1001, 1001, 1001, 1001, 1500, 1500, 1500, 1500]
[1560, 1973, 1600, 1467, 2011, 988, 988, 1500, 1001, 1001, 1001, 1001, 1500, 1500, 1500, 1500]
[1560, 1973, 1600, 1467, 2011, 988, 988, 1500, 1001, 1001, 1001, 1001, 1500, 1500, 1500, 1500]
12:03:31.275753 Navigation got ALT: 53.18
*** TARGETING mode ***
Anchor YAW: 274, current YAW: 280
[1560, 1974, 1600, 1467, 2011, 988, 988, 1500, 1001, 1001, 1001, 1001, 1500, 1500, 1500, 1500]
[1560, 1974, 1600, 1467, 2011, 988, 988, 1500, 1001, 1001, 1001, 1001, 1500, 1500, 1500, 1500]
[1560, 1974, 1600, 1467, 2011, 988, 988, 1500, 1001, 1001, 1001, 1001, 1500, 1500, 1500, 1500]
[1560, 1974, 1600, 1467, 2011, 988, 988, 1500, 1001, 1001, 1001, 1001, 1500, 1500, 1500, 1500]
12:03:31.314382 ALT: 52.86
12:03:31.314510 ATT: [12.3, 50.7, 279]
12:03:31.314890 ACC: [-237, 198, 602]
12:03:31.316209 Navigation got ALT: 52.86
*** TARGETING mode ***
Anchor YAW: 274, current YAW: 279
[1550, 1975, 1600, 1467, 2011, 988, 988, 1500, 1001, 1001, 1001, 1001, 1500, 1500, 1500, 1500]
[1550, 1975, 1600, 1467, 2011, 988, 988, 1500, 1001, 1001, 1001, 1001, 1500, 1500, 1500, 1500]
[1550, 1975, 1600, 1467, 2011, 988, 988, 1500, 1001, 1001, 1001, 1001, 1500, 1500, 1500, 1500]
[1550, 1975, 1600, 1467, 2011, 988, 988, 1500, 1001, 1001, 1001, 1001, 1500, 1500, 1500, 1500]
[1550, 1975, 1600, 1467, 2011, 988, 988, 1500, 1001, 1001, 1001, 1001, 1500, 1500, 1500, 1500]
[1550, 1975, 1600, 1467, 2011, 988, 988, 1500, 1001, 1001, 1001, 1001, 1500, 1500, 1500, 1500]
[1550, 1975, 1600, 1467, 2011, 988, 988, 1500, 1001, 1001, 1001, 1001, 1500, 1500, 1500, 1500]
12:03:31.350875 Navigation got ALT: 52.86
*** TARGETING mode ***
Anchor YAW: 274, current YAW: 279
[1550, 1976, 1486, 1467, 2011, 988, 988, 1500, 1001, 1001, 1001, 1001, 1500, 1500, 1500, 1500]
[1550, 1976, 1486, 1467, 2011, 988, 988, 1500, 1001, 1001, 1001, 1001, 1500, 1500, 1500, 1500]
[1550, 1976, 1486, 1467, 2011, 988, 988, 1500, 1001, 1001, 1001, 1001, 1500, 1500, 1500, 1500]
12:03:31.365634 ALT: 52.54
12:03:31.365738 ATT: [11.2, 51.3, 278]
12:03:31.366111 ACC: [-242, 231, 727]
[1550, 1976, 1486, 1467, 2011, 988, 988, 1500, 1001, 1001, 1001, 1001, 1500, 1500, 1500, 1500]
[1550, 1976, 1486, 1467, 2011, 988, 988, 1500, 1001, 1001, 1001, 1001, 1500, 1500, 1500, 1500]
12:03:31.384761 Navigation got ALT: 52.54
*** TARGETING mode ***
* Target Target(-31, 41) received.
Anchor YAW: 274, current YAW: 278
[1540, 1977, 1600, 1469, 2011, 988, 988, 1499, 1001, 1001, 1001, 1001, 1500, 1500, 1500, 1500]
[1540, 1977, 1600, 1469, 2011, 988, 988, 1499, 1001, 1001, 1001, 1001, 1500, 1500, 1500, 1500]
[1540, 1977, 1600, 1469, 2011, 988, 988, 1499, 1001, 1001, 1001, 1001, 1500, 1500, 1500, 1500]
[1540, 1977, 1600, 1469, 2011, 988, 988, 1499, 1001, 1001, 1001, 1001, 1500, 1500, 1500, 1500]
[1540, 1977, 1600, 1469, 2011, 988, 988, 1499, 1001, 1001, 1001, 1001, 1500, 1500, 1500, 1500]
12:03:31.412072 ALT: 52.21
12:03:31.412238 ATT: [10.3, 51.5, 278]
12:03:31.412601 ACC: [-238, 234, 706]
12:03:31.416055 Navigation got ALT: 52.21
*** TARGETING mode ***
Anchor YAW: 274, current YAW: 278
[1540, 1978, 1600, 1469, 2011, 988, 988, 1499, 1001, 1001, 1001, 1001, 1500, 1500, 1500, 1500]
[1540, 1978, 1600, 1469, 2011, 988, 988, 1499, 1001, 1001, 1001, 1001, 1500, 1500, 1500, 1500]
[1540, 1978, 1600, 1469, 2011, 988, 988, 1499, 1001, 1001, 1001, 1001, 1500, 1500, 1500, 1500]
[1540, 1978, 1600, 1469, 2011, 988, 988, 1499, 1001, 1001, 1001, 1001, 1500, 1500, 1500, 1500]
12:03:31.453011 Navigation got ALT: 52.21
*** TARGETING mode ***
Anchor YAW: 274, current YAW: 278
[1540, 1979, 1512, 1469, 2011, 988, 988, 1500, 1001, 1001, 1001, 1001, 1500, 1500, 1500, 1500]
[1540, 1979, 1512, 1469, 2011, 988, 988, 1500, 1001, 1001, 1001, 1001, 1500, 1500, 1500, 1500]
[1540, 1979, 1512, 1469, 2011, 988, 988, 1500, 1001, 1001, 1001, 1001, 1500, 1500, 1500, 1500]
12:03:31.462036 ALT: 51.92
12:03:31.462267 ATT: [9.6, 51.6, 278]
12:03:31.462651 ACC: [-231, 227, 583]
[1540, 1979, 1512, 1469, 2011, 988, 988, 1500, 1001, 1001, 1001, 1001, 1500, 1500, 1500, 1500]
[1540, 1979, 1512, 1469, 2011, 988, 988, 1500, 1001, 1001, 1001, 1001, 1500, 1500, 1500, 1500]
[1540, 1979, 1512, 1469, 2011, 988, 988, 1500, 1001, 1001, 1001, 1001, 1500, 1500, 1500, 1500]
[1540, 1979, 1512, 1469, 2011, 988, 988, 1500, 1001, 1001, 1001, 1001, 1500, 1500, 1500, 1500]
12:03:31.489230 Navigation got ALT: 51.92
*** TARGETING mode ***
Anchor YAW: 274, current YAW: 278
[1540, 1980, 1600, 1469, 2011, 988, 988, 1500, 1001, 1001, 1001, 1001, 1500, 1500, 1500, 1500]
[1540, 1980, 1600, 1469, 2011, 988, 988, 1500, 1001, 1001, 1001, 1001, 1500, 1500, 1500, 1500]
[1540, 1980, 1600, 1469, 2011, 988, 988, 1500, 1001, 1001, 1001, 1001, 1500, 1500, 1500, 1500]
12:03:31.508263 ALT: 51.66
12:03:31.508721 ATT: [8.9, 51.9, 278]
12:03:31.510912 ACC: [-251, 240, 700]
12:03:31.522905 Navigation got ALT: 51.66
*** TARGETING mode ***
* Target Target(-26, 33) received.
Anchor YAW: 274, current YAW: 278
[1540, 1981, 1600, 1474, 2011, 988, 988, 1500, 1001, 1001, 1001, 1001, 1500, 1500, 1500, 1500]
[1540, 1981, 1600, 1474, 2011, 988, 988, 1500, 1001, 1001, 1001, 1001, 1500, 1500, 1500, 1500]
[1540, 1981, 1600, 1474, 2011, 988, 988, 1500, 1001, 1001, 1001, 1001, 1500, 1500, 1500, 1500]
[1540, 1981, 1600, 1474, 2011, 988, 988, 1500, 1001, 1001, 1001, 1001, 1500, 1500, 1500, 1500]
[1540, 1981, 1600, 1474, 2011, 988, 988, 1500, 1001, 1001, 1001, 1001, 1500, 1500, 1500, 1500]
[1540, 1981, 1600, 1474, 2011, 988, 988, 1500, 1001, 1001, 1001, 1001, 1500, 1500, 1500, 1500]
[1540, 1981, 1600, 1474, 2011, 988, 988, 1500, 1001, 1001, 1001, 1001, 1500, 1500, 1500, 1500]
12:03:31.556034 ALT: 51.4
12:03:31.556350 ATT: [8.2, 52.1, 277]
12:03:31.557092 ACC: [-262, 263, 665]
12:03:31.560194 Navigation got ALT: 51.4
*** TARGETING mode ***
Anchor YAW: 274, current YAW: 277
[1530, 1982, 1600, 1474, 2011, 988, 988, 1500, 1001, 1001, 1001, 1001, 1500, 1500, 1500, 1500]
[1530, 1982, 1600, 1474, 2011, 988, 988, 1500, 1001, 1001, 1001, 1001, 1500, 1500, 1500, 1500]
[1530, 1982, 1600, 1474, 2011, 988, 988, 1500, 1001, 1001, 1001, 1001, 1500, 1500, 1500, 1500]
[1530, 1982, 1600, 1474, 2011, 988, 988, 1500, 1001, 1001, 1001, 1001, 1500, 1500, 1500, 1500]
[1530, 1982, 1600, 1474, 2011, 988, 988, 1500, 1001, 1001, 1001, 1001, 1500, 1500, 1500, 1500]
[1530, 1982, 1600, 1474, 2011, 988, 988, 1500, 1001, 1001, 1001, 1001, 1500, 1500, 1500, 1500]
12:03:31.601068 Navigation got ALT: 51.4
*** TARGETING mode ***
Anchor YAW: 274, current YAW: 277
[1530, 1983, 1544, 1474, 2011, 988, 988, 1499, 1001, 1001, 1001, 1001, 1500, 1500, 1500, 1500]
[1530, 1983, 1544, 1474, 2011, 988, 988, 1499, 1001, 1001, 1001, 1001, 1500, 1500, 1500, 1500]
12:03:31.603818 ALT: 51.09
12:03:31.604262 ATT: [7.7, 52.1, 276]
12:03:31.604641 ACC: [-253, 257, 722]
[1530, 1983, 1544, 1474, 2011, 988, 988, 1499, 1001, 1001, 1001, 1001, 1500, 1500, 1500, 1500]
[1530, 1983, 1544, 1474, 2011, 988, 988, 1499, 1001, 1001, 1001, 1001, 1500, 1500, 1500, 1500]
[1530, 1983, 1544, 1474, 2011, 988, 988, 1499, 1001, 1001, 1001, 1001, 1500, 1500, 1500, 1500]
12:03:31.633421 Navigation got ALT: 51.09
*** TARGETING mode ***
Anchor YAW: 274, current YAW: 276
[1520, 1984, 1600, 1474, 2011, 988, 988, 1500, 1001, 1001, 1001, 1001, 1500, 1500, 1500, 1500]
[1520, 1984, 1600, 1474, 2011, 988, 988, 1500, 1001, 1001, 1001, 1001, 1500, 1500, 1500, 1500]
[1520, 1984, 1600, 1474, 2011, 988, 988, 1500, 1001, 1001, 1001, 1001, 1500, 1500, 1500, 1500]
[1520, 1984, 1600, 1474, 2011, 988, 988, 1500, 1001, 1001, 1001, 1001, 1500, 1500, 1500, 1500]
[1520, 1984, 1600, 1474, 2011, 988, 988, 1500, 1001, 1001, 1001, 1001, 1500, 1500, 1500, 1500]
12:03:31.660795 ALT: 50.82
12:03:31.660894 ATT: [7.0, 52.3, 276]
12:03:31.661172 ACC: [-258, 243, 732]
[1520, 1984, 1600, 1474, 2011, 988, 988, 1500, 1001, 1001, 1001, 1001, 1500, 1500, 1500, 1500]
12:03:31.670462 Navigation got ALT: 50.82
*** TARGETING mode ***
Anchor YAW: 274, current YAW: 276
[1520, 1985, 1600, 1474, 2011, 988, 988, 1500, 1001, 1001, 1001, 1001, 1500, 1500, 1500, 1500]
[1520, 1985, 1600, 1474, 2011, 988, 988, 1500, 1001, 1001, 1001, 1001, 1500, 1500, 1500, 1500]
[1520, 1985, 1600, 1474, 2011, 988, 988, 1500, 1001, 1001, 1001, 1001, 1500, 1500, 1500, 1500]
[1520, 1985, 1600, 1474, 2011, 988, 988, 1500, 1001, 1001, 1001, 1001, 1500, 1500, 1500, 1500]
[1520, 1985, 1600, 1474, 2011, 988, 988, 1500, 1001, 1001, 1001, 1001, 1500, 1500, 1500, 1500]
12:03:31.701531 ALT: 50.56
12:03:31.701680 ATT: [6.4, 52.6, 276]
12:03:31.702092 ACC: [-257, 245, 680]
12:03:31.704963 Navigation got ALT: 50.56
*** TARGETING mode ***
* Target Target(-23, 24) received.
Anchor YAW: 274, current YAW: 276
[1520, 1985, 1600, 1477, 2011, 988, 988, 1500, 1001, 1001, 1001, 1001, 1500, 1500, 1500, 1500]
[1520, 1985, 1600, 1477, 2011, 988, 988, 1500, 1001, 1001, 1001, 1001, 1500, 1500, 1500, 1500]
[1520, 1985, 1600, 1477, 2011, 988, 988, 1500, 1001, 1001, 1001, 1001, 1500, 1500, 1500, 1500]
[1520, 1985, 1600, 1477, 2011, 988, 988, 1500, 1001, 1001, 1001, 1001, 1500, 1500, 1500, 1500]
[1520, 1985, 1600, 1477, 2011, 988, 988, 1500, 1001, 1001, 1001, 1001, 1500, 1500, 1500, 1500]
12:03:31.748815 ALT: 50.4
12:03:31.748987 ATT: [5.8, 52.7, 275]
12:03:31.749327 ACC: [-256, 245, 697]
12:03:31.755924 Navigation got ALT: 50.4
*** TARGETING mode ***
Anchor YAW: 274, current YAW: 275
[1510, 1985, 1600, 1477, 2011, 988, 988, 1500, 1001, 1001, 1001, 1001, 1500, 1500, 1500, 1500]
[1510, 1985, 1600, 1477, 2011, 988, 988, 1500, 1001, 1001, 1001, 1001, 1500, 1500, 1500, 1500]
[1510, 1985, 1600, 1477, 2011, 988, 988, 1500, 1001, 1001, 1001, 1001, 1500, 1500, 1500, 1500]
[1510, 1985, 1600, 1477, 2011, 988, 988, 1500, 1001, 1001, 1001, 1001, 1500, 1500, 1500, 1500]
[1510, 1985, 1600, 1477, 2011, 988, 988, 1500, 1001, 1001, 1001, 1001, 1500, 1500, 1500, 1500]
[1510, 1985, 1600, 1477, 2011, 988, 988, 1500, 1001, 1001, 1001, 1001, 1500, 1500, 1500, 1500]
[1510, 1985, 1600, 1477, 2011, 988, 988, 1500, 1001, 1001, 1001, 1001, 1500, 1500, 1500, 1500]
[1510, 1985, 1600, 1477, 2011, 988, 988, 1500, 1001, 1001, 1001, 1001, 1500, 1500, 1500, 1500]
12:03:31.789145 Navigation got ALT: 50.4
*** TARGETING mode ***
Anchor YAW: 274, current YAW: 275
[1510, 1985, 1584, 1477, 2011, 988, 988, 1500, 1001, 1001, 1001, 1001, 1500, 1500, 1500, 1500]
12:03:31.800897 ALT: 50.14
12:03:31.801010 ATT: [5.3, 52.8, 275]
[1510, 1985, 1584, 1477, 2011, 988, 988, 1500, 1001, 1001, 1001, 1001, 1500, 1500, 1500, 1500]
12:03:31.801516 ACC: [-254, 253, 684]
[1510, 1985, 1584, 1477, 2011, 988, 988, 1500, 1001, 1001, 1001, 1001, 1500, 1500, 1500, 1500]
[1510, 1985, 1584, 1477, 2011, 988, 988, 1500, 1001, 1001, 1001, 1001, 1500, 1500, 1500, 1500]
[1510, 1985, 1584, 1477, 2011, 988, 988, 1500, 1001, 1001, 1001, 1001, 1500, 1500, 1500, 1500]
12:03:31.822559 Navigation got ALT: 50.14
*** TARGETING mode ***
* Target Target(-21, 17) received.
Anchor YAW: 274, current YAW: 275
[1510, 1985, 1600, 1479, 2011, 988, 988, 1500, 1001, 1001, 1001, 1001, 1500, 1500, 1500, 1500]
[1510, 1985, 1600, 1479, 2011, 988, 988, 1500, 1001, 1001, 1001, 1001, 1500, 1500, 1500, 1500]
[1510, 1985, 1600, 1479, 2011, 988, 988, 1500, 1001, 1001, 1001, 1001, 1500, 1500, 1500, 1500]
[1510, 1985, 1600, 1479, 2011, 988, 988, 1500, 1001, 1001, 1001, 1001, 1500, 1500, 1500, 1500]
12:03:31.843612 ALT: 49.86
12:03:31.843691 ATT: [4.6, 53.1, 275]
12:03:31.843939 ACC: [-258, 258, 680]
[1510, 1985, 1600, 1479, 2011, 988, 988, 1500, 1001, 1001, 1001, 1001, 1500, 1500, 1500, 1500]
12:03:31.862900 Navigation got ALT: 49.86
*** TARGETING mode ***
Anchor YAW: 274, current YAW: 275
[1510, 1985, 1600, 1479, 2011, 988, 988, 1499, 1001, 1001, 1001, 1001, 1500, 1500, 1500, 1500]
[1510, 1985, 1600, 1479, 2011, 988, 988, 1499, 1001, 1001, 1001, 1001, 1500, 1500, 1500, 1500]
[1510, 1985, 1600, 1479, 2011, 988, 988, 1499, 1001, 1001, 1001, 1001, 1500, 1500, 1500, 1500]
[1510, 1985, 1600, 1479, 2011, 988, 988, 1499, 1001, 1001, 1001, 1001, 1500, 1500, 1500, 1500]
[1510, 1985, 1600, 1479, 2011, 988, 988, 1499, 1001, 1001, 1001, 1001, 1500, 1500, 1500, 1500]
[1510, 1985, 1600, 1479, 2011, 988, 988, 1499, 1001, 1001, 1001, 1001, 1500, 1500, 1500, 1500]
12:03:31.891640 ALT: 49.58
12:03:31.891746 ATT: [4.1, 53.1, 275]
12:03:31.892180 ACC: [-255, 248, 663]
12:03:31.896167 Navigation got ALT: 49.58
*** TARGETING mode ***
Anchor YAW: 274, current YAW: 275
[1510, 1985, 1600, 1479, 2011, 988, 988, 1500, 1001, 1001, 1001, 1001, 1500, 1500, 1500, 1500]
[1510, 1985, 1600, 1479, 2011, 988, 988, 1500, 1001, 1001, 1001, 1001, 1500, 1500, 1500, 1500]
[1510, 1985, 1600, 1479, 2011, 988, 988, 1500, 1001, 1001, 1001, 1001, 1500, 1500, 1500, 1500]
[1510, 1985, 1600, 1479, 2011, 988, 988, 1500, 1001, 1001, 1001, 1001, 1500, 1500, 1500, 1500]
[1510, 1985, 1600, 1479, 2011, 988, 988, 1500, 1001, 1001, 1001, 1001, 1500, 1500, 1500, 1500]
12:03:31.931428 Navigation got ALT: 49.58
*** TARGETING mode ***
* Target Target(-22, 13) received.
Anchor YAW: 274, current YAW: 275
[1510, 1985, 1600, 1478, 2011, 986, 988, 1499, 1001, 1001, 1001, 1001, 1500, 1500, 1500, 1500]
[1510, 1985, 1600, 1478, 2011, 986, 988, 1499, 1001, 1001, 1001, 1001, 1500, 1500, 1500, 1500]
12:03:31.939559 ALT: 49.32
12:03:31.939619 ATT: [3.7, 53.1, 274]
12:03:31.939916 ACC: [-259, 246, 665]
[1510, 1985, 1600, 1478, 2011, 986, 988, 1499, 1001, 1001, 1001, 1001, 1500, 1500, 1500, 1500]
12:03:31.978950 Navigation got ALT: 49.32
*** TARGETING mode ***
Anchor YAW: 274, current YAW: 274
[1500, 1985, 1600, 1478, 2011, 988, 988, 1500, 1001, 1001, 1001, 1001, 1500, 1500, 1500, 1500]
12:03:31.987797 ALT: 49.03
12:03:31.987908 ATT: [3.3, 53.2, 274]
12:03:31.988427 ACC: [-266, 247, 655]
[1500, 1985, 1600, 1478, 2011, 988, 988, 1500, 1001, 1001, 1001, 1001, 1500, 1500, 1500, 1500]
12:03:32.018570 Navigation got ALT: 49.03
*** TARGETING mode ***
Anchor YAW: 274, current YAW: 274
[1500, 1985, 1600, 1478, 2011, 988, 988, 1500, 1001, 1001, 1001, 1001, 1500, 1500, 1500, 1500]
12:03:32.035847 ALT: 48.74
12:03:32.036012 ATT: [3.0, 53.3, 274]
12:03:32.036892 ACC: [-267, 254, 638]
[1500, 1985, 1600, 1478, 2011, 988, 988, 1500, 1001, 1001, 1001, 1001, 1500, 1500, 1500, 1500]
12:03:32.059001 Navigation got ALT: 48.74
*** TARGETING mode ***
* Target Target(-24, 10) received.
Anchor YAW: 274, current YAW: 274
[1500, 1985, 1600, 1476, 2012, 988, 988, 1500, 1001, 1001, 1001, 1001, 1500, 1500, 1500, 1500]
[1500, 1985, 1600, 1476, 2012, 988, 988, 1500, 1001, 1001, 1001, 1001, 1500, 1500, 1500, 1500]
12:03:32.083937 ALT: 48.48
12:03:32.084300 ATT: [2.6, 53.2, 273]
12:03:32.084851 ACC: [-264, 254, 632]
12:03:32.102555 Navigation got ALT: 48.48
*** TARGETING mode ***
Anchor YAW: 274, current YAW: 273
[1490, 1985, 1600, 1476, 2011, 988, 988, 1500, 1001, 1001, 1001, 1001, 1500, 1500, 1500, 1500]
[1490, 1985, 1600, 1476, 2011, 988, 988, 1500, 1001, 1001, 1001, 1001, 1500, 1500, 1500, 1500]
12:03:32.131733 ALT: 48.18
12:03:32.131849 ATT: [2.4, 53.3, 273]
12:03:32.132143 ACC: [-266, 252, 622]
12:03:32.139137 Navigation got ALT: 48.18
*** TARGETING mode ***
* Target Target(-29, 9) received.
Anchor YAW: 274, current YAW: 273
[1490, 1985, 1600, 1471, 2011, 988, 988, 1500, 1001, 1001, 1001, 1001, 1500, 1500, 1500, 1500]
[1490, 1985, 1600, 1471, 2011, 988, 988, 1500, 1001, 1001, 1001, 1001, 1500, 1500, 1500, 1500]
12:03:32.178622 Navigation got ALT: 48.18
*** TARGETING mode ***
Anchor YAW: 274, current YAW: 273
[1490, 1985, 1600, 1471, 2011, 988, 988, 1500, 1001, 1001, 1001, 1001, 1500, 1500, 1500, 1500]
12:03:32.179557 ALT: 47.86
12:03:32.179618 ATT: [1.9, 53.4, 273]
12:03:32.179834 ACC: [-266, 259, 603]
[1490, 1985, 1600, 1471, 2011, 988, 988, 1500, 1001, 1001, 1001, 1001, 1500, 1500, 1500, 1500]
12:03:32.218887 Navigation got ALT: 47.86
*** TARGETING mode ***
Anchor YAW: 274, current YAW: 273
[1490, 1985, 1600, 1471, 2011, 988, 988, 1500, 1001, 1001, 1001, 1001, 1500, 1500, 1500, 1500]
12:03:32.227649 ALT: 47.57
12:03:32.227744 ATT: [1.4, 53.3, 272]
12:03:32.228022 ACC: [-266, 254, 598]
[1490, 1985, 1600, 1471, 2011, 988, 988, 1500, 1001, 1001, 1001, 1001, 1500, 1500, 1500, 1500]
12:03:32.259061 Navigation got ALT: 47.57
*** TARGETING mode ***
* Target Target(-32, 8) received.
Anchor YAW: 274, current YAW: 272
[1480, 1985, 1600, 1468, 2011, 988, 988, 1500, 1001, 1001, 1001, 1001, 1500, 1500, 1500, 1500]
12:03:32.275656 ALT: 47.47
12:03:32.275761 ATT: [1.3, 53.5, 272]
12:03:32.276038 ACC: [-269, 254, 587]
[1480, 1985, 1600, 1468, 2011, 988, 988, 1500, 1001, 1001, 1001, 1001, 1500, 1500, 1500, 1500]
12:03:32.301503 Navigation got ALT: 47.47
*** TARGETING mode ***
Anchor YAW: 274, current YAW: 272
[1480, 1985, 1600, 1468, 2011, 988, 988, 1500, 1001, 1001, 1001, 1001, 1500, 1500, 1500, 1500]
[1480, 1985, 1600, 1468, 2011, 988, 988, 1500, 1001, 1001, 1001, 1001, 1500, 1500, 1500, 1500]
12:03:32.323661 ALT: 47.15
12:03:32.323740 ATT: [1.0, 53.4, 271]
12:03:32.323972 ACC: [-274, 268, 586]
12:03:32.339182 Navigation got ALT: 47.15
*** TARGETING mode ***
* Target Target(-38, 8) received.
Anchor YAW: 274, current YAW: 271
[1470, 1985, 1600, 1462, 2011, 988, 988, 1500, 1001, 1001, 1001, 1001, 1500, 1500, 1500, 1500]
[1470, 1985, 1600, 1462, 2011, 988, 988, 1500, 1001, 1001, 1001, 1001, 1500, 1500, 1500, 1500]
12:03:32.371877 ALT: 46.82
12:03:32.371989 ATT: [0.7, 53.3, 271]
12:03:32.372309 ACC: [-274, 257, 594]
12:03:32.378894 Navigation got ALT: 46.82
*** TARGETING mode ***
Anchor YAW: 274, current YAW: 271
[1470, 1985, 1600, 1462, 2011, 986, 988, 1499, 1001, 1001, 1001, 1001, 1500, 1500, 1500, 1500]
[1470, 1985, 1600, 1462, 2011, 986, 988, 1499, 1001, 1001, 1001, 1001, 1500, 1500, 1500, 1500]
12:03:32.418618 Navigation got ALT: 46.82
*** TARGETING mode ***
Anchor YAW: 274, current YAW: 271
[1470, 1985, 1600, 1462, 2011, 988, 988, 1500, 1001, 1001, 1001, 1001, 1500, 1500, 1500, 1500]
12:03:32.419574 ALT: 46.54
12:03:32.419664 ATT: [0.4, 53.5, 270]
12:03:32.419900 ACC: [-281, 270, 587]
[1470, 1985, 1600, 1462, 2011, 988, 988, 1500, 1001, 1001, 1001, 1001, 1500, 1500, 1500, 1500]
12:03:32.458799 Navigation got ALT: 46.54
*** TARGETING mode ***
Anchor YAW: 274, current YAW: 270
[1460, 1985, 1600, 1462, 2011, 988, 988, 1500, 1001, 1001, 1001, 1001, 1500, 1500, 1500, 1500]
12:03:32.467869 ALT: 46.22
12:03:32.468011 ATT: [0.0, 53.4, 270]
12:03:32.468381 ACC: [-285, 268, 576]
[1460, 1985, 1600, 1462, 2011, 988, 988, 1500, 1001, 1001, 1001, 1001, 1500, 1500, 1500, 1500]
12:03:32.498638 Navigation got ALT: 46.22
*** TARGETING mode ***
* Target Target(-40, 8) received.
Anchor YAW: 274, current YAW: 270
[1460, 1985, 1600, 1468, 2011, 988, 988, 1500, 1001, 1001, 1001, 1001, 1500, 1500, 1500, 1500]
12:03:32.516149 ALT: 45.9
12:03:32.516373 ATT: [-0.1, 53.3, 269]
12:03:32.517473 ACC: [-284, 268, 562]
[1460, 1985, 1600, 1468, 2011, 988, 988, 1500, 1001, 1001, 1001, 1001, 1500, 1500, 1500, 1500]
12:03:32.541978 Navigation got ALT: 45.9
*** TARGETING mode ***
Anchor YAW: 274, current YAW: 269
[1450, 1985, 1600, 1468, 2011, 988, 988, 1500, 1001, 1001, 1001, 1001, 1500, 1500, 1500, 1500]
[1450, 1985, 1600, 1468, 2011, 988, 988, 1500, 1001, 1001, 1001, 1001, 1500, 1500, 1500, 1500]
12:03:32.578732 Navigation got ALT: 45.9
*** TARGETING mode ***
Anchor YAW: 274, current YAW: 269
[1450, 1985, 1600, 1468, 2011, 988, 988, 1499, 1001, 1001, 1001, 1001, 1500, 1500, 1500, 1500]
12:03:32.580036 ALT: 45.56
12:03:32.580204 ATT: [-0.8, 53.6, 268]
12:03:32.580951 ACC: [-287, 277, 578]
[1450, 1985, 1600, 1468, 2011, 988, 988, 1499, 1001, 1001, 1001, 1001, 1500, 1500, 1500, 1500]
12:03:32.619863 Navigation got ALT: 45.56
*** TARGETING mode ***
* Target Target(-43, 8) received.
Anchor YAW: 274, current YAW: 268
[1440, 1985, 1600, 1466, 2011, 988, 988, 1500, 1001, 1001, 1001, 1001, 1500, 1500, 1500, 1500]
12:03:32.627722 ALT: 45.23
12:03:32.627847 ATT: [-1.4, 53.6, 268]
12:03:32.628117 ACC: [-291, 281, 563]
[1440, 1985, 1600, 1466, 2011, 988, 988, 1500, 1001, 1001, 1001, 1001, 1500, 1500, 1500, 1500]
12:03:32.658736 Navigation got ALT: 45.23
*** TARGETING mode ***
Anchor YAW: 274, current YAW: 268
[1440, 1985, 1600, 1466, 2011, 988, 988, 1500, 1001, 1001, 1001, 1001, 1500, 1500, 1500, 1500]
12:03:32.675959 ALT: 44.89
12:03:32.676119 ATT: [-2.1, 53.4, 268]
12:03:32.676562 ACC: [-282, 291, 559]
[1440, 1985, 1600, 1466, 2011, 988, 988, 1500, 1001, 1001, 1001, 1001, 1500, 1500, 1500, 1500]
12:03:32.699330 Navigation got ALT: 44.89
*** TARGETING mode ***
Anchor YAW: 274, current YAW: 268
[1440, 1985, 1600, 1466, 2011, 988, 988, 1500, 1001, 1001, 1001, 1001, 1500, 1500, 1500, 1500]
[1440, 1985, 1600, 1466, 2011, 988, 988, 1500, 1001, 1001, 1001, 1001, 1500, 1500, 1500, 1500]
12:03:32.723951 ALT: 44.56
12:03:32.724058 ATT: [-2.8, 53.4, 267]
12:03:32.724680 ACC: [-293, 299, 572]
12:03:32.738723 Navigation got ALT: 44.56
*** TARGETING mode ***
Anchor YAW: 274, current YAW: 267
[1430, 1985, 1600, 1466, 2011, 988, 988, 1500, 1001, 1001, 1001, 1001, 1500, 1500, 1500, 1500]
[1430, 1985, 1600, 1466, 2011, 988, 988, 1500, 1001, 1001, 1001, 1001, 1500, 1500, 1500, 1500]
12:03:32.772492 ALT: 44.3
12:03:32.772601 ATT: [-3.3, 53.6, 266]
12:03:32.777264 ACC: [-298, 300, 583]
12:03:32.784375 Navigation got ALT: 44.3
*** TARGETING mode ***
* Target Target(-45, 8) received.
Anchor YAW: 274, current YAW: 266
[1420, 1985, 1600, 1464, 2011, 988, 988, 1499, 1001, 1001, 1001, 1001, 1500, 1500, 1500, 1500]
[1420, 1985, 1600, 1464, 2011, 988, 988, 1499, 1001, 1001, 1001, 1001, 1500, 1500, 1500, 1500]
12:03:32.829478 Navigation got ALT: 44.3
*** TARGETING mode ***
Anchor YAW: 274, current YAW: 266
[1420, 1985, 1600, 1464, 2011, 988, 988, 1500, 1001, 1001, 1001, 1001, 1500, 1500, 1500, 1500]
12:03:32.831231 ALT: 43.91
12:03:32.831430 ATT: [-3.8, 53.5, 266]
12:03:32.832191 ACC: [-296, 301, 549]
[1420, 1985, 1600, 1464, 2011, 988, 988, 1500, 1001, 1001, 1001, 1001, 1500, 1500, 1500, 1500]
[1420, 1985, 1600, 1464, 2011, 988, 988, 1500, 1001, 1001, 1001, 1001, 1500, 1500, 1500, 1500]
12:03:32.867743 ALT: 43.64
12:03:32.867844 ATT: [-4.5, 53.4, 266]
12:03:32.868222 ACC: [-297, 299, 555]
12:03:32.878714 Navigation got ALT: 43.64
*** TARGETING mode ***
Anchor YAW: 274, current YAW: 266
[1420, 1985, 1600, 1464, 2012, 988, 988, 1499, 1001, 1001, 1001, 1001, 1500, 1500, 1500, 1500]
[1420, 1985, 1600, 1464, 2012, 988, 988, 1499, 1001, 1001, 1001, 1001, 1500, 1500, 1500, 1500]
12:03:32.916751 ALT: 43.36
12:03:32.916858 ATT: [-5.0, 53.5, 265]
12:03:32.917122 ACC: [-297, 298, 548]
12:03:32.918644 Navigation got ALT: 43.36
*** TARGETING mode ***
Anchor YAW: 274, current YAW: 265
[1410, 1985, 1600, 1464, 2011, 988, 988, 1500, 1001, 1001, 1001, 1001, 1500, 1500, 1500, 1500]
[1410, 1985, 1600, 1464, 2011, 988, 988, 1500, 1001, 1001, 1001, 1001, 1500, 1500, 1500, 1500]
12:03:32.959077 Navigation got ALT: 43.36
*** TARGET CANCELLING mode ***
**Clear bounding box.
[1500, 1548, 1600, 1500, 2011, 988, 988, 1550, 1001, 1001, 1001, 1001, 1500, 1500, 1500, 1500]
[1500, 1548, 1600, 1500, 2011, 988, 988, 1550, 1001, 1001, 1001, 1001, 1500, 1500, 1500, 1500]
12:03:32.979885 ALT: 43.26
12:03:32.980007 ATT: [-5.4, 53.6, 265]
12:03:32.980318 ACC: [-296, 298, 524]
12:03:33.002696 Navigation got ALT: 43.26
*** TARGET CANCELLING mode ***
[1500, 1548, 1600, 1500, 2011, 988, 988, 1550, 1001, 1001, 1001, 1001, 1500, 1500, 1500, 1500]
[1500, 1548, 1600, 1500, 2011, 988, 988, 1550, 1001, 1001, 1001, 1001, 1500, 1500, 1500, 1500]
12:03:33.027699 ALT: 42.84
12:03:33.027803 ATT: [-4.8, 50.0, 264]
12:03:33.028055 ACC: [-307, 293, 527]
12:03:33.039465 Navigation got ALT: 42.84
*** TARGET CANCELLING mode ***
[1499, 1550, 1600, 1500, 2011, 989, 986, 1550, 1001, 1001, 1001, 1001, 1500, 1500, 1500, 1500]
**Resetting tracker.
[1499, 1550, 1600, 1500, 2011, 989, 986, 1550, 1001, 1001, 1001, 1001, 1500, 1500, 1500, 1500]
12:03:33.075826 ALT: 42.5
12:03:33.075931 ATT: [-2.0, 37.1, 263]
12:03:33.076250 ACC: [-345, 266, 657]
12:03:33.078682 Navigation got ALT: 42.5
*** TARGET CANCELLING mode ***
[1500, 1550, 1600, 1500, 2012, 988, 988, 1550, 1001, 1001, 1001, 1001, 1500, 1500, 1500, 1500]
[1500, 1550, 1600, 1500, 2012, 988, 988, 1550, 1001, 1001, 1001, 1001, 1500, 1500, 1500, 1500]
12:03:33.118900 Navigation got ALT: 42.5
*** TARGET CANCELLING mode ***
[1499, 1550, 1600, 1500, 2011, 988, 988, 1550, 1001, 1001, 1001, 1001, 1500, 1500, 1500, 1500]
12:03:33.123910 ALT: 42.19
12:03:33.124000 ATT: [-1.5, 30.3, 263]
12:03:33.124281 ACC: [-330, 251, 774]
[1499, 1550, 1600, 1500, 2011, 988, 988, 1550, 1001, 1001, 1001, 1001, 1500, 1500, 1500, 1500]
12:03:33.158656 Navigation got ALT: 42.19
[1500, 1550, 1600, 1500, 2011, 950, 988, 1600, 1001, 1001, 1001, 1001, 1500, 1500, 1500, 1500]
12:03:33.172994 ALT: 41.89
12:03:33.173099 ATT: [-1.3, 25.5, 263]
12:03:33.173418 ACC: [-345, 257, 922]
[1500, 1550, 1600, 1500, 2011, 950, 988, 1600, 1001, 1001, 1001, 1001, 1500, 1500, 1500, 1500]
12:03:33.198979 Navigation got ALT: 41.89
[1500, 1550, 1600, 1500, 2011, 950, 988, 1600, 1001, 1001, 1001, 1001, 1500, 1500, 1500, 1500]
[1500, 1550, 1600, 1500, 2011, 950, 988, 1600, 1001, 1001, 1001, 1001, 1500, 1500, 1500, 1500]
12:03:33.219948 ALT: 41.77
12:03:33.220234 ATT: [-1.1, 20.5, 263]
12:03:33.221029 ACC: [-332, 224, 1029]
12:03:33.238808 Navigation got ALT: 41.77
[1500, 1550, 1600, 1500, 2011, 950, 988, 1600, 1001, 1001, 1001, 1001, 1500, 1500, 1500, 1500]
[1500, 1550, 1600, 1500, 2011, 950, 988, 1600, 1001, 1001, 1001, 1001, 1500, 1500, 1500, 1500]
12:03:33.268051 ALT: 41.28
12:03:33.268802 ATT: [-0.9, 17.1, 263]
12:03:33.269269 ACC: [-324, 188, 1078]
12:03:33.278684 Navigation got ALT: 41.28
[1500, 1550, 1600, 1500, 2011, 950, 988, 1600, 1001, 1001, 1001, 1001, 1500, 1500, 1500, 1500]
[1500, 1550, 1600, 1500, 2011, 950, 988, 1600, 1001, 1001, 1001, 1001, 1500, 1500, 1500, 1500]
12:03:33.316052 ALT: 40.86
12:03:33.316148 ATT: [-0.7, 14.5, 263]
12:03:33.316625 ACC: [-333, 243, 1126]
12:03:33.319084 Navigation got ALT: 40.86
[1500, 1550, 1600, 1499, 2011, 950, 988, 1600, 1001, 1001, 1001, 1001, 1500, 1500, 1500, 1500]
[1500, 1550, 1600, 1499, 2011, 950, 988, 1600, 1001, 1001, 1001, 1001, 1500, 1500, 1500, 1500]
12:03:33.358614 Navigation got ALT: 40.86
[1500, 1548, 1600, 1500, 2011, 950, 988, 1601, 1001, 1001, 1001, 1001, 1500, 1500, 1500, 1500]
12:03:33.363855 ALT: 40.46
12:03:33.363953 ATT: [-0.6, 12.4, 263]
12:03:33.364352 ACC: [-321, 215, 1135]
[1500, 1548, 1600, 1500, 2011, 950, 988, 1601, 1001, 1001, 1001, 1001, 1500, 1500, 1500, 1500]
12:03:33.398689 Navigation got ALT: 40.46
[1500, 1548, 1600, 1500, 2011, 950, 988, 1600, 1001, 1001, 1001, 1001, 1500, 1500, 1500, 1500]
12:03:33.411775 ALT: 40.09
12:03:33.411865 ATT: [-0.4, 11.1, 263]
12:03:33.412168 ACC: [-315, 222, 1131]
[1500, 1548, 1600, 1500, 2011, 950, 988, 1600, 1001, 1001, 1001, 1001, 1500, 1500, 1500, 1500]
12:03:33.439194 Navigation got ALT: 40.09
[1500, 1550, 1600, 1500, 2011, 950, 988, 1598, 1001, 1001, 1001, 1001, 1500, 1500, 1500, 1500]
[1500, 1550, 1600, 1500, 2011, 950, 988, 1598, 1001, 1001, 1001, 1001, 1500, 1500, 1500, 1500]
12:03:33.459809 ALT: 39.7
12:03:33.459893 ATT: [-0.3, 9.9, 263]
12:03:33.460154 ACC: [-315, 231, 1118]
12:03:33.478690 Navigation got ALT: 39.7
[1500, 1550, 1600, 1499, 2011, 950, 988, 1600, 1001, 1001, 1001, 1001, 1500, 1500, 1500, 1500]
[1500, 1550, 1600, 1499, 2011, 950, 988, 1600, 1001, 1001, 1001, 1001, 1500, 1500, 1500, 1500]
12:03:33.508139 ALT: 39.29
12:03:33.508257 ATT: [-0.2, 9.0, 264]
12:03:33.508521 ACC: [-325, 225, 1103]
12:03:33.519120 Navigation got ALT: 39.29
[1501, 1547, 1600, 1500, 2011, 950, 988, 1600, 1001, 1001, 1001, 1001, 1500, 1500, 1500, 1500]
[1501, 1547, 1600, 1500, 2011, 950, 988, 1600, 1001, 1001, 1001, 1001, 1500, 1500, 1500, 1500]
12:03:33.556220 ALT: 39.13
12:03:33.556325 ATT: [-0.2, 8.5, 264]
12:03:33.556596 ACC: [-326, 200, 1051]
12:03:33.558646 Navigation got ALT: 39.13
[1500, 1550, 1600, 1500, 2011, 950, 988, 1600, 1001, 1001, 1001, 1001, 1500, 1500, 1500, 1500]
[1500, 1550, 1600, 1500, 2011, 950, 988, 1600, 1001, 1001, 1001, 1001, 1500, 1500, 1500, 1500]
12:03:33.598706 Navigation got ALT: 39.13
[1500, 1548, 1600, 1500, 2011, 950, 988, 1600, 1001, 1001, 1001, 1001, 1500, 1500, 1500, 1500]
12:03:33.604021 ALT: 38.71
12:03:33.604143 ATT: [0.0, 7.8, 264]
12:03:33.604807 ACC: [-320, 208, 1018]
[1500, 1548, 1600, 1500, 2011, 950, 988, 1600, 1001, 1001, 1001, 1001, 1500, 1500, 1500, 1500]
12:03:33.639711 Navigation got ALT: 38.71
[1500, 1550, 1600, 1500, 2011, 950, 988, 1598, 1001, 1001, 1001, 1001, 1500, 1500, 1500, 1500]
12:03:33.653354 ALT: 38.35
12:03:33.653456 ATT: [0.0, 7.5, 264]
12:03:33.654015 ACC: [-309, 195, 1008]
[1500, 1550, 1600, 1500, 2011, 950, 988, 1598, 1001, 1001, 1001, 1001, 1500, 1500, 1500, 1500]
12:03:33.678807 Navigation got ALT: 38.35
[1500, 1550, 1600, 1500, 2011, 950, 988, 1600, 1001, 1001, 1001, 1001, 1500, 1500, 1500, 1500]
[1500, 1550, 1600, 1500, 2011, 950, 988, 1600, 1001, 1001, 1001, 1001, 1500, 1500, 1500, 1500]
12:03:33.700375 ALT: 37.95
12:03:33.700489 ATT: [0.0, 7.3, 264]
12:03:33.700866 ACC: [-301, 186, 960]
12:03:33.718971 Navigation got ALT: 37.95
[1500, 1550, 1600, 1500, 2011, 950, 988, 1600, 1001, 1001, 1001, 1001, 1500, 1500, 1500, 1500]
[1500, 1550, 1600, 1500, 2011, 950, 988, 1600, 1001, 1001, 1001, 1001, 1500, 1500, 1500, 1500]
12:03:33.748299 ALT: 37.59
12:03:33.748562 ATT: [0.0, 6.9, 264]
12:03:33.749829 ACC: [-292, 213, 945]
12:03:33.758697 Navigation got ALT: 37.59
[1500, 1550, 1600, 1500, 2012, 949, 988, 1600, 1001, 1001, 1001, 1001, 1500, 1500, 1500, 1500]
[1500, 1550, 1600, 1500, 2012, 949, 988, 1600, 1001, 1001, 1001, 1001, 1500, 1500, 1500, 1500]
12:03:33.795860 ALT: 37.19
12:03:33.795952 ATT: [0.1, 6.8, 264]
12:03:33.796480 ACC: [-286, 211, 911]
12:03:33.799109 Navigation got ALT: 37.19
[1500, 1548, 1600, 1499, 2011, 950, 988, 1600, 1001, 1001, 1001, 1001, 1500, 1500, 1500, 1500]
[1500, 1548, 1600, 1499, 2011, 950, 988, 1600, 1001, 1001, 1001, 1001, 1500, 1500, 1500, 1500]
12:03:33.839870 Navigation got ALT: 37.19
[1499, 1550, 1600, 1500, 2011, 950, 988, 1600, 1001, 1001, 1001, 1001, 1500, 1500, 1500, 1500]
12:03:33.843935 ALT: 36.84
12:03:33.844023 ATT: [0.1, 6.8, 264]
12:03:33.844288 ACC: [-294, 198, 891]
[1499, 1550, 1600, 1500, 2011, 950, 988, 1600, 1001, 1001, 1001, 1001, 1500, 1500, 1500, 1500]
12:03:33.878595 Navigation got ALT: 36.84
[1500, 1550, 1600, 1499, 2011, 950, 988, 1600, 1001, 1001, 1001, 1001, 1500, 1500, 1500, 1500]
12:03:33.892557 ALT: 36.49
12:03:33.892661 ATT: [0.1, 6.7, 263]
12:03:33.892932 ACC: [-291, 198, 868]
[1500, 1550, 1600, 1499, 2011, 950, 988, 1600, 1001, 1001, 1001, 1001, 1500, 1500, 1500, 1500]
12:03:33.919008 Navigation got ALT: 36.49
[1499, 1550, 1600, 1500, 2011, 950, 988, 1600, 1001, 1001, 1001, 1001, 1500, 1500, 1500, 1500]
[1499, 1550, 1600, 1500, 2011, 950, 988, 1600, 1001, 1001, 1001, 1001, 1500, 1500, 1500, 1500]
12:03:33.940408 ALT: 36.28
12:03:33.940549 ATT: [0.0, 6.4, 263]
12:03:33.941051 ACC: [-294, 194, 819]
12:03:33.958681 Navigation got ALT: 36.28
[1500, 1550, 1600, 1500, 2011, 950, 988, 1600, 1001, 1001, 1001, 1001, 1500, 1500, 1500, 1500]
[1500, 1550, 1600, 1500, 2011, 950, 988, 1600, 1001, 1001, 1001, 1001, 1500, 1500, 1500, 1500]
12:03:33.988566 ALT: 35.95
12:03:33.989065 ATT: [0.0, 6.4, 263]
12:03:33.989396 ACC: [-294, 191, 787]
12:03:33.998804 Navigation got ALT: 35.95
[1500, 1548, 1600, 1500, 2011, 950, 988, 1600, 1001, 1001, 1001, 1001, 1500, 1500, 1500, 1500]
[1500, 1548, 1600, 1500, 2011, 950, 988, 1600, 1001, 1001, 1001, 1001, 1500, 1500, 1500, 1500]
12:03:34.036144 ALT: 35.64
12:03:34.036808 ATT: [0.0, 6.3, 263]
12:03:34.037250 ACC: [-292, 189, 767]
12:03:34.039004 Navigation got ALT: 35.64
[1500, 1550, 1600, 1500, 2011, 950, 988, 1600, 1001, 1001, 1001, 1001, 1500, 1500, 1500, 1500]
[1500, 1550, 1600, 1500, 2011, 950, 988, 1600, 1001, 1001, 1001, 1001, 1500, 1500, 1500, 1500]
12:03:34.078599 Navigation got ALT: 35.64
[1500, 1548, 1600, 1500, 2011, 950, 988, 1598, 1001, 1001, 1001, 1001, 1500, 1500, 1500, 1500]
12:03:34.084339 ALT: 35.38
12:03:34.084438 ATT: [0.0, 6.1, 263]
12:03:34.084956 ACC: [-284, 186, 779]
[1500, 1548, 1600, 1500, 2011, 950, 988, 1598, 1001, 1001, 1001, 1001, 1500, 1500, 1500, 1500]
12:03:34.118772 Navigation got ALT: 35.38
[1501, 1547, 1600, 1500, 2011, 950, 988, 1600, 1001, 1001, 1001, 1001, 1500, 1500, 1500, 1500]
12:03:34.132277 ALT: 35.12
12:03:34.132496 ATT: [0.0, 5.9, 263]
12:03:34.132830 ACC: [-282, 181, 765]
[1501, 1547, 1600, 1500, 2011, 950, 988, 1600, 1001, 1001, 1001, 1001, 1500, 1500, 1500, 1500]
12:03:34.158628 Navigation got ALT: 35.12
[1500, 1550, 1600, 1499, 2011, 950, 988, 1600, 1001, 1001, 1001, 1001, 1500, 1500, 1500, 1500]
[1500, 1550, 1600, 1499, 2011, 950, 988, 1600, 1001, 1001, 1001, 1001, 1500, 1500, 1500, 1500]
12:03:34.179950 ALT: 34.9
12:03:34.180021 ATT: [-0.2, 5.9, 263]
12:03:34.180270 ACC: [-276, 195, 743]
12:03:34.198817 Navigation got ALT: 34.9
[1500, 1548, 1600, 1500, 2011, 950, 988, 1598, 1001, 1001, 1001, 1001, 1500, 1500, 1500, 1500]
[1500, 1548, 1600, 1500, 2011, 950, 988, 1598, 1001, 1001, 1001, 1001, 1500, 1500, 1500, 1500]
12:03:34.227956 ALT: 34.82
12:03:34.228053 ATT: [-0.1, 5.7, 263]
12:03:34.228720 ACC: [-268, 194, 747]
12:03:34.239258 Navigation got ALT: 34.82
[1500, 1550, 1600, 1449, 2011, 950, 988, 1600, 1001, 1001, 1001, 1001, 1500, 1500, 1500, 1500]
[1500, 1550, 1600, 1449, 2011, 950, 988, 1600, 1001, 1001, 1001, 1001, 1500, 1500, 1500, 1500]
12:03:34.275930 ALT: 34.61
12:03:34.276024 ATT: [0.0, 5.9, 263]
12:03:34.276291 ACC: [-263, 180, 723]
12:03:34.278716 Navigation got ALT: 34.61
[1500, 1550, 1600, 1449, 2011, 950, 988, 1598, 1001, 1001, 1001, 1001, 1500, 1500, 1500, 1500]
[1500, 1550, 1600, 1449, 2011, 950, 988, 1598, 1001, 1001, 1001, 1001, 1500, 1500, 1500, 1500]
12:03:34.318799 Navigation got ALT: 34.61
[1500, 1548, 1600, 1449, 2011, 950, 988, 1600, 1001, 1001, 1001, 1001, 1500, 1500, 1500, 1500]
12:03:34.324986 ALT: 34.51
12:03:34.325090 ATT: [0.0, 5.7, 263]
12:03:34.325379 ACC: [-256, 179, 702]
[1500, 1548, 1600, 1449, 2011, 950, 988, 1600, 1001, 1001, 1001, 1001, 1500, 1500, 1500, 1500]
12:03:34.358768 Navigation got ALT: 34.51
[1500, 1548, 1600, 1449, 2011, 950, 988, 1600, 1001, 1001, 1001, 1001, 1500, 1500, 1500, 1500]
12:03:34.372084 ALT: 34.44
12:03:34.372236 ATT: [0.0, 5.7, 262]
12:03:34.372662 ACC: [-252, 188, 687]
[1500, 1548, 1600, 1449, 2011, 950, 988, 1600, 1001, 1001, 1001, 1001, 1500, 1500, 1500, 1500]
12:03:34.399028 Navigation got ALT: 34.44
[1500, 1550, 1600, 1449, 2011, 950, 988, 1600, 1001, 1001, 1001, 1001, 1500, 1500, 1500, 1500]
12:03:34.420734 ALT: 34.39
12:03:34.421134 ATT: [0.0, 5.6, 261]
12:03:34.421546 ACC: [-258, 194, 670]
[1500, 1550, 1600, 1449, 2011, 950, 988, 1600, 1001, 1001, 1001, 1001, 1500, 1500, 1500, 1500]
12:03:34.438767 Navigation got ALT: 34.39
[1500, 1550, 1600, 1449, 2011, 950, 988, 1600, 1001, 1001, 1001, 1001, 1500, 1500, 1500, 1500]
[1500, 1550, 1600, 1449, 2011, 950, 988, 1600, 1001, 1001, 1001, 1001, 1500, 1500, 1500, 1500]
12:03:34.468040 ALT: 34.41
12:03:34.468142 ATT: [0.0, 5.7, 261]
12:03:34.468598 ACC: [-254, 191, 681]
12:03:34.478714 Navigation got ALT: 34.41
[1500, 1550, 1600, 1449, 2011, 950, 988, 1600, 1001, 1001, 1001, 1001, 1500, 1500, 1500, 1500]
[1500, 1550, 1600, 1449, 2011, 950, 988, 1600, 1001, 1001, 1001, 1001, 1500, 1500, 1500, 1500]
12:03:34.516176 ALT: 34.47
12:03:34.516497 ATT: [0.1, 5.8, 260]
12:03:34.516880 ACC: [-238, 198, 672]
12:03:34.519765 Navigation got ALT: 34.47
[1500, 1550, 1600, 1449, 2011, 950, 988, 1600, 1001, 1001, 1001, 1001, 1500, 1500, 1500, 1500]
[1500, 1550, 1600, 1449, 2011, 950, 988, 1600, 1001, 1001, 1001, 1001, 1500, 1500, 1500, 1500]
12:03:34.558764 Navigation got ALT: 34.47
[1500, 1550, 1600, 1449, 2011, 950, 988, 1600, 1001, 1001, 1001, 1001, 1500, 1500, 1500, 1500]
12:03:34.564068 ALT: 34.5
12:03:34.564192 ATT: [0.1, 5.8, 259]
12:03:34.564650 ACC: [-235, 188, 635]
[1500, 1550, 1600, 1449, 2011, 950, 988, 1600, 1001, 1001, 1001, 1001, 1500, 1500, 1500, 1500]
12:03:34.598703 Navigation got ALT: 34.5
[1500, 1550, 1600, 1449, 2011, 950, 988, 1600, 1001, 1001, 1001, 1001, 1500, 1500, 1500, 1500]
12:03:34.611987 ALT: 34.63
12:03:34.612078 ATT: [0.1, 5.7, 259]
12:03:34.612365 ACC: [-219, 202, 628]
[1500, 1550, 1600, 1449, 2011, 950, 988, 1600, 1001, 1001, 1001, 1001, 1500, 1500, 1500, 1500]
12:03:34.639021 Navigation got ALT: 34.63
[1500, 1550, 1600, 1449, 2011, 950, 988, 1600, 1001, 1001, 1001, 1001, 1500, 1500, 1500, 1500]
[1500, 1550, 1600, 1449, 2011, 950, 988, 1600, 1001, 1001, 1001, 1001, 1500, 1500, 1500, 1500]
12:03:34.660263 ALT: 34.73
12:03:34.660431 ATT: [0.1, 5.8, 258]
12:03:34.660921 ACC: [-215, 202, 630]
12:03:34.679076 Navigation got ALT: 34.73
[1500, 1548, 1600, 1449, 2011, 950, 988, 1600, 1001, 1001, 1001, 1001, 1500, 1500, 1500, 1500]
[1500, 1548, 1600, 1449, 2011, 950, 988, 1600, 1001, 1001, 1001, 1001, 1500, 1500, 1500, 1500]
12:03:34.708165 ALT: 34.88
12:03:34.708285 ATT: [0.2, 5.8, 257]
12:03:34.708885 ACC: [-206, 203, 618]
12:03:34.719419 Navigation got ALT: 34.88
[1500, 1548, 1600, 1449, 2011, 950, 988, 1600, 1001, 1001, 1001, 1001, 1500, 1500, 1500, 1500]
[1500, 1548, 1600, 1449, 2011, 950, 988, 1600, 1001, 1001, 1001, 1001, 1500, 1500, 1500, 1500]
12:03:34.756639 ALT: 35.04
12:03:34.756851 ATT: [0.1, 5.6, 257]
12:03:34.757380 ACC: [-203, 197, 603]
12:03:34.758834 Navigation got ALT: 35.04
[1500, 1550, 1600, 1449, 2012, 950, 988, 1600, 1001, 1001, 1001, 1001, 1500, 1500, 1500, 1500]
[1500, 1550, 1600, 1449, 2012, 950, 988, 1600, 1001, 1001, 1001, 1001, 1500, 1500, 1500, 1500]
12:03:34.799048 Navigation got ALT: 35.04
[1500, 1550, 1600, 1449, 2011, 950, 988, 1600, 1001, 1001, 1001, 1001, 1500, 1500, 1500, 1500]
12:03:34.804179 ALT: 35.2
12:03:34.804389 ATT: [0.2, 5.5, 257]
12:03:34.804756 ACC: [-195, 197, 600]
[1500, 1550, 1600, 1449, 2011, 950, 988, 1600, 1001, 1001, 1001, 1001, 1500, 1500, 1500, 1500]
12:03:34.840209 Navigation got ALT: 35.2
[1500, 1550, 1600, 1449, 2011, 950, 988, 1600, 1001, 1001, 1001, 1001, 1500, 1500, 1500, 1500]
12:03:34.852102 ALT: 35.42
12:03:34.852207 ATT: [0.2, 5.5, 256]
12:03:34.852636 ACC: [-190, 194, 610]
[1500, 1550, 1600, 1449, 2011, 950, 988, 1600, 1001, 1001, 1001, 1001, 1500, 1500, 1500, 1500]
12:03:34.878916 Navigation got ALT: 35.42
[1500, 1550, 1600, 1449, 2011, 950, 988, 1600, 1001, 1001, 1001, 1001, 1500, 1500, 1500, 1500]
[1500, 1550, 1600, 1449, 2011, 950, 988, 1600, 1001, 1001, 1001, 1001, 1500, 1500, 1500, 1500]
12:03:34.900182 ALT: 35.61
12:03:34.900284 ATT: [0.2, 5.5, 256]
12:03:34.900636 ACC: [-189, 197, 614]
12:03:34.919172 Navigation got ALT: 35.61
[1500, 1550, 1600, 1449, 2011, 950, 988, 1598, 1001, 1001, 1001, 1001, 1500, 1500, 1500, 1500]
[1500, 1550, 1600, 1449, 2011, 950, 988, 1598, 1001, 1001, 1001, 1001, 1500, 1500, 1500, 1500]
12:03:34.948386 ALT: 35.75
12:03:34.948769 ATT: [0.2, 5.5, 255]
12:03:34.949233 ACC: [-190, 199, 608]
12:03:34.958763 Navigation got ALT: 35.75
[1500, 1548, 1600, 1449, 2011, 950, 988, 1600, 1001, 1001, 1001, 1001, 1500, 1500, 1500, 1500]
[1500, 1548, 1600, 1449, 2011, 950, 988, 1600, 1001, 1001, 1001, 1001, 1500, 1500, 1500, 1500]
12:03:34.998668 Navigation got ALT: 35.75
[1500, 1550, 1600, 1449, 2011, 950, 988, 1600, 1001, 1001, 1001, 1001, 1500, 1500, 1500, 1500]
12:03:35.012094 ALT: 35.96
12:03:35.012196 ATT: [0.2, 5.5, 254]
12:03:35.012769 ACC: [-181, 201, 605]
[1500, 1550, 1600, 1449, 2011, 950, 988, 1600, 1001, 1001, 1001, 1001, 1500, 1500, 1500, 1500]
12:03:35.038793 Navigation got ALT: 35.96
[1500, 1550, 1600, 1449, 2011, 950, 988, 1598, 1001, 1001, 1001, 1001, 1500, 1500, 1500, 1500]
[1500, 1550, 1600, 1449, 2011, 950, 988, 1598, 1001, 1001, 1001, 1001, 1500, 1500, 1500, 1500]
12:03:35.060073 ALT: 36.2
12:03:35.060168 ATT: [0.2, 5.5, 254]
12:03:35.060439 ACC: [-178, 199, 598]
12:03:35.078800 Navigation got ALT: 36.2
[1500, 1550, 1600, 1449, 2011, 950, 988, 1600, 1001, 1001, 1001, 1001, 1500, 1500, 1500, 1500]
[1500, 1550, 1600, 1449, 2011, 950, 988, 1600, 1001, 1001, 1001, 1001, 1500, 1500, 1500, 1500]
12:03:35.108402 ALT: 36.42
12:03:35.108676 ATT: [0.2, 5.5, 253]
12:03:35.109238 ACC: [-173, 203, 587]
12:03:35.118966 Navigation got ALT: 36.42
[1500, 1550, 1600, 1449, 2011, 950, 988, 1600, 1001, 1001, 1001, 1001, 1500, 1500, 1500, 1500]
[1500, 1550, 1600, 1449, 2011, 950, 988, 1600, 1001, 1001, 1001, 1001, 1500, 1500, 1500, 1500]
12:03:35.156877 ALT: 36.61
12:03:35.156979 ATT: [0.2, 5.4, 253]
12:03:35.157267 ACC: [-167, 201, 583]
12:03:35.158697 Navigation got ALT: 36.61
[1500, 1551, 1600, 1449, 2011, 950, 988, 1600, 1001, 1001, 1001, 1001, 1500, 1500, 1500, 1500]
[1500, 1551, 1600, 1449, 2011, 950, 988, 1600, 1001, 1001, 1001, 1001, 1500, 1500, 1500, 1500]
12:03:35.198788 Navigation got ALT: 36.61
[1499, 1550, 1600, 1449, 2011, 950, 988, 1598, 1001, 1001, 1001, 1001, 1500, 1500, 1500, 1500]
12:03:35.205722 ALT: 36.84
12:03:35.206345 ATT: [0.2, 5.5, 252]
12:03:35.206785 ACC: [-161, 194, 581]
[1499, 1550, 1600, 1449, 2011, 950, 988, 1598, 1001, 1001, 1001, 1001, 1500, 1500, 1500, 1500]
12:03:35.238829 Navigation got ALT: 36.84
[1500, 1550, 1600, 1449, 2011, 950, 988, 1600, 1001, 1001, 1001, 1001, 1500, 1500, 1500, 1500]
12:03:35.252338 ALT: 37.09
12:03:35.252794 ATT: [0.2, 5.7, 252]
12:03:35.253451 ACC: [-159, 192, 579]
[1500, 1550, 1600, 1449, 2011, 950, 988, 1600, 1001, 1001, 1001, 1001, 1500, 1500, 1500, 1500]
12:03:35.278635 Navigation got ALT: 37.09
[1500, 1550, 1600, 1449, 2011, 950, 988, 1600, 1001, 1001, 1001, 1001, 1500, 1500, 1500, 1500]
[1500, 1550, 1600, 1449, 2011, 950, 988, 1600, 1001, 1001, 1001, 1001, 1500, 1500, 1500, 1500]
12:03:35.300153 ALT: 37.34
12:03:35.300253 ATT: [0.3, 5.6, 251]
12:03:35.300685 ACC: [-153, 196, 563]
12:03:35.319210 Navigation got ALT: 37.34
[1500, 1550, 1600, 1449, 2011, 950, 988, 1600, 1001, 1001, 1001, 1001, 1500, 1500, 1500, 1500]
[1500, 1550, 1600, 1449, 2011, 950, 988, 1600, 1001, 1001, 1001, 1001, 1500, 1500, 1500, 1500]
12:03:35.348189 ALT: 37.59
12:03:35.348294 ATT: [0.2, 5.5, 250]
12:03:35.348721 ACC: [-152, 199, 564]
12:03:35.358724 Navigation got ALT: 37.59
[1500, 1550, 1600, 1449, 2011, 950, 988, 1598, 1001, 1001, 1001, 1001, 1500, 1500, 1500, 1500]
[1500, 1550, 1600, 1449, 2011, 950, 988, 1598, 1001, 1001, 1001, 1001, 1500, 1500, 1500, 1500]
12:03:35.396147 ALT: 37.84
12:03:35.396242 ATT: [0.3, 5.6, 250]
12:03:35.396774 ACC: [-146, 195, 579]
12:03:35.398844 Navigation got ALT: 37.84
[1499, 1550, 1600, 1449, 2011, 950, 988, 1600, 1001, 1001, 1001, 1001, 1500, 1500, 1500, 1500]
[1499, 1550, 1600, 1449, 2011, 950, 988, 1600, 1001, 1001, 1001, 1001, 1500, 1500, 1500, 1500]
12:03:35.439083 Navigation got ALT: 37.84
[1500, 1550, 1600, 1449, 2011, 951, 986, 1600, 1001, 1001, 1001, 1001, 1500, 1500, 1500, 1500]
12:03:35.444170 ALT: 38.09
12:03:35.444269 ATT: [0.2, 5.6, 249]
12:03:35.444787 ACC: [-139, 200, 592]
[1500, 1550, 1600, 1449, 2011, 951, 986, 1600, 1001, 1001, 1001, 1001, 1500, 1500, 1500, 1500]
12:03:35.478643 Navigation got ALT: 38.09
[1499, 1551, 1600, 1449, 2011, 950, 989, 1598, 1001, 1001, 1001, 1001, 1500, 1500, 1500, 1500]
12:03:35.492642 ALT: 38.28
12:03:35.492740 ATT: [0.1, 5.6, 249]
12:03:35.493029 ACC: [-136, 203, 597]
[1499, 1551, 1600, 1449, 2011, 950, 989, 1598, 1001, 1001, 1001, 1001, 1500, 1500, 1500, 1500]
12:03:35.518936 Navigation got ALT: 38.28
[1500, 1550, 1600, 1449, 2011, 950, 988, 1600, 1001, 1001, 1001, 1001, 1500, 1500, 1500, 1500]
[1500, 1550, 1600, 1449, 2011, 950, 988, 1600, 1001, 1001, 1001, 1001, 1500, 1500, 1500, 1500]
12:03:35.540288 ALT: 38.57
12:03:35.540457 ATT: [0.2, 5.6, 248]
12:03:35.541008 ACC: [-132, 205, 582]
12:03:35.558996 Navigation got ALT: 38.57
[1500, 1548, 1600, 1449, 2011, 950, 988, 1600, 1001, 1001, 1001, 1001, 1500, 1500, 1500, 1500]
[1500, 1548, 1600, 1449, 2011, 950, 988, 1600, 1001, 1001, 1001, 1001, 1500, 1500, 1500, 1500]
12:03:35.588324 ALT: 38.87
12:03:35.588540 ATT: [0.1, 5.6, 247]
12:03:35.589493 ACC: [-136, 207, 587]
12:03:35.598829 Navigation got ALT: 38.87
[1500, 1550, 1600, 1449, 2011, 950, 988, 1600, 1001, 1001, 1001, 1001, 1500, 1500, 1500, 1500]
[1500, 1550, 1600, 1449, 2011, 950, 988, 1600, 1001, 1001, 1001, 1001, 1500, 1500, 1500, 1500]
12:03:35.639342 ALT: 39.16
12:03:35.639448 ATT: [0.2, 5.7, 247]
12:03:35.640088 ACC: [-128, 201, 575]
12:03:35.641266 Navigation got ALT: 39.16
[1499, 1550, 1600, 1449, 2011, 949, 988, 1600, 1001, 1001, 1001, 1001, 1500, 1500, 1500, 1500]
[1499, 1550, 1600, 1449, 2011, 949, 988, 1600, 1001, 1001, 1001, 1001, 1500, 1500, 1500, 1500]
12:03:35.678651 Navigation got ALT: 39.16
[1500, 1550, 1600, 1449, 2011, 950, 988, 1600, 1001, 1001, 1001, 1001, 1500, 1500, 1500, 1500]
12:03:35.684285 ALT: 39.46
12:03:35.684388 ATT: [0.2, 5.6, 246]
12:03:35.684822 ACC: [-122, 197, 578]
[1500, 1550, 1600, 1449, 2011, 950, 988, 1600, 1001, 1001, 1001, 1001, 1500, 1500, 1500, 1500]
12:03:35.719547 Navigation got ALT: 39.46
[1500, 1550, 1600, 1449, 2011, 950, 988, 1600, 1001, 1001, 1001, 1001, 1500, 1500, 1500, 1500]
12:03:35.732248 ALT: 39.75
12:03:35.732349 ATT: [0.1, 5.5, 246]
12:03:35.732719 ACC: [-126, 181, 544]
[1500, 1550, 1600, 1449, 2011, 950, 988, 1600, 1001, 1001, 1001, 1001, 1500, 1500, 1500, 1500]
12:03:35.758856 Navigation got ALT: 39.75
[1500, 1550, 1600, 1450, 2011, 950, 988, 1600, 1001, 1001, 1001, 1001, 1500, 1500, 1500, 1500]
[1500, 1550, 1600, 1450, 2011, 950, 988, 1600, 1001, 1001, 1001, 1001, 1500, 1500, 1500, 1500]
12:03:35.780145 ALT: 40.04
12:03:35.780228 ATT: [0.4, 5.6, 245]
12:03:35.780534 ACC: [-113, 153, 520]
12:03:35.798824 Navigation got ALT: 40.04
[1500, 1550, 1600, 1449, 2011, 950, 988, 1600, 1001, 1001, 1001, 1001, 1500, 1500, 1500, 1500]
[1500, 1550, 1600, 1449, 2011, 950, 988, 1600, 1001, 1001, 1001, 1001, 1500, 1500, 1500, 1500]
12:03:35.828288 ALT: 40.33
12:03:35.828387 ATT: [0.6, 5.6, 244]
12:03:35.828917 ACC: [-111, 165, 536]
12:03:35.838814 Navigation got ALT: 40.33
[1500, 1550, 1600, 1449, 2011, 950, 988, 1600, 1001, 1001, 1001, 1001, 1500, 1500, 1500, 1500]
[1500, 1550, 1600, 1449, 2011, 950, 988, 1600, 1001, 1001, 1001, 1001, 1500, 1500, 1500, 1500]
12:03:35.876238 ALT: 40.43
12:03:35.876332 ATT: [0.7, 5.4, 244]
12:03:35.876708 ACC: [-108, 161, 495]
12:03:35.878757 Navigation got ALT: 40.43
[1500, 1550, 1600, 1449, 2011, 950, 988, 1600, 1001, 1001, 1001, 1001, 1500, 1500, 1500, 1500]
[1500, 1550, 1600, 1449, 2011, 950, 988, 1600, 1001, 1001, 1001, 1001, 1500, 1500, 1500, 1500]
12:03:35.918938 Navigation got ALT: 40.43
[1500, 1550, 1600, 1449, 2011, 950, 988, 1600, 1001, 1001, 1001, 1001, 1500, 1500, 1500, 1500]
12:03:35.924985 ALT: 40.63
12:03:35.925431 ATT: [0.7, 5.5, 243]
12:03:35.925740 ACC: [-107, 160, 516]
[1500, 1550, 1600, 1449, 2011, 950, 988, 1600, 1001, 1001, 1001, 1001, 1500, 1500, 1500, 1500]
12:03:35.958719 Navigation got ALT: 40.63
[1500, 1548, 1600, 1452, 2007, 950, 988, 1600, 1001, 1001, 1001, 1001, 1500, 1500, 1500, 1500]
12:03:35.972404 ALT: 40.98
12:03:35.972560 ATT: [0.6, 5.7, 242]
12:03:35.973250 ACC: [-108, 164, 535]
[1500, 1548, 1600, 1452, 2007, 950, 988, 1600, 1001, 1001, 1001, 1001, 1500, 1500, 1500, 1500]
12:03:35.998759 Navigation got ALT: 40.98
[1500, 1550, 1600, 1449, 2011, 950, 988, 1600, 1001, 1001, 1001, 1001, 1500, 1500, 1500, 1500]
[1500, 1550, 1600, 1449, 2011, 950, 988, 1600, 1001, 1001, 1001, 1001, 1500, 1500, 1500, 1500]
12:03:36.020641 ALT: 41.32
12:03:36.020785 ATT: [0.5, 5.8, 242]
12:03:36.021235 ACC: [-107, 158, 549]
12:03:36.038938 Navigation got ALT: 41.32
[1499, 1550, 1600, 1449, 2011, 950, 988, 1600, 1001, 1001, 1001, 1001, 1500, 1500, 1500, 1500]
[1499, 1550, 1600, 1449, 2011, 950, 988, 1600, 1001, 1001, 1001, 1001, 1500, 1500, 1500, 1500]
12:03:36.068283 ALT: 41.6
12:03:36.068409 ATT: [0.5, 5.5, 241]
12:03:36.068713 ACC: [-103, 154, 554]
12:03:36.078822 Navigation got ALT: 41.6
[1500, 1550, 1600, 1449, 2011, 950, 988, 1600, 1001, 1001, 1001, 1001, 1500, 1500, 1500, 1500]
[1500, 1550, 1600, 1449, 2011, 950, 988, 1600, 1001, 1001, 1001, 1001, 1500, 1500, 1500, 1500]
12:03:36.116298 ALT: 41.92
12:03:36.116398 ATT: [0.5, 5.6, 241]
12:03:36.116768 ACC: [-92, 150, 533]
12:03:36.119982 Navigation got ALT: 41.92
[1499, 1550, 1600, 1449, 2011, 950, 988, 1600, 1001, 1001, 1001, 1001, 1500, 1500, 1500, 1500]
[1499, 1550, 1600, 1449, 2011, 950, 988, 1600, 1001, 1001, 1001, 1001, 1500, 1500, 1500, 1500]
12:03:36.158657 Navigation got ALT: 41.92
[1500, 1550, 1600, 1449, 2011, 950, 988, 1600, 1001, 1001, 1001, 1001, 1500, 1500, 1500, 1500]
12:03:36.164837 ALT: 42.19
12:03:36.164950 ATT: [0.4, 5.7, 240]
12:03:36.165392 ACC: [-96, 155, 548]
[1500, 1550, 1600, 1449, 2011, 950, 988, 1600, 1001, 1001, 1001, 1001, 1500, 1500, 1500, 1500]
12:03:36.198704 Navigation got ALT: 42.19
[1500, 1550, 1600, 1449, 2011, 950, 988, 1600, 1001, 1001, 1001, 1001, 1500, 1500, 1500, 1500]
12:03:36.212269 ALT: 42.51
12:03:36.212363 ATT: [0.4, 5.5, 239]
12:03:36.212740 ACC: [-89, 151, 538]
[1500, 1550, 1600, 1449, 2011, 950, 988, 1600, 1001, 1001, 1001, 1001, 1500, 1500, 1500, 1500]
12:03:36.238729 Navigation got ALT: 42.51
[1500, 1550, 1580, 1449, 2011, 950, 988, 1598, 1001, 1001, 1001, 1001, 1500, 1500, 1500, 1500]
[1500, 1550, 1580, 1449, 2011, 950, 988, 1598, 1001, 1001, 1001, 1001, 1500, 1500, 1500, 1500]
12:03:36.260267 ALT: 42.83
12:03:36.260353 ATT: [0.6, 5.6, 239]
12:03:36.260700 ACC: [-87, 155, 531]
12:03:36.278840 Navigation got ALT: 42.83
[1500, 1550, 1548, 1449, 2011, 950, 988, 1600, 1001, 1001, 1001, 1001, 1500, 1500, 1500, 1500]
[1500, 1550, 1548, 1449, 2011, 950, 988, 1600, 1001, 1001, 1001, 1001, 1500, 1500, 1500, 1500]
12:03:36.309180 ALT: 43.11
12:03:36.309298 ATT: [0.6, 5.7, 238]
12:03:36.309617 ACC: [-86, 156, 518]
12:03:36.319224 Navigation got ALT: 43.11
[1500, 1550, 1547, 1449, 2011, 950, 988, 1600, 1001, 1001, 1001, 1001, 1500, 1500, 1500, 1500]
[1500, 1550, 1547, 1449, 2011, 950, 988, 1600, 1001, 1001, 1001, 1001, 1500, 1500, 1500, 1500]
12:03:36.356855 ALT: 43.43
12:03:36.356951 ATT: [0.8, 5.6, 238]
12:03:36.357231 ACC: [-78, 149, 511]
12:03:36.358732 Navigation got ALT: 43.43
[1500, 1548, 1485, 1450, 2011, 950, 988, 1600, 1001, 1001, 1001, 1001, 1500, 1500, 1500, 1500]
[1500, 1548, 1485, 1450, 2011, 950, 988, 1600, 1001, 1001, 1001, 1001, 1500, 1500, 1500, 1500]
12:03:36.398729 Navigation got ALT: 43.43
[1500, 1550, 1600, 1449, 2011, 950, 988, 1600, 1001, 1001, 1001, 1001, 1500, 1500, 1500, 1500]
12:03:36.405815 ALT: 43.76
12:03:36.405942 ATT: [0.9, 5.6, 237]
12:03:36.406900 ACC: [-73, 146, 470]
[1500, 1550, 1600, 1449, 2011, 950, 988, 1600, 1001, 1001, 1001, 1001, 1500, 1500, 1500, 1500]
12:03:36.438800 Navigation got ALT: 43.76
[1500, 1550, 1520, 1449, 2011, 950, 988, 1598, 1001, 1001, 1001, 1001, 1500, 1500, 1500, 1500]
12:03:36.452452 ALT: 44.09
12:03:36.452560 ATT: [0.7, 5.6, 236]
12:03:36.453917 ACC: [-67, 132, 417]
[1500, 1550, 1520, 1449, 2011, 950, 988, 1598, 1001, 1001, 1001, 1001, 1500, 1500, 1500, 1500]
12:03:36.478771 Navigation got ALT: 44.09
[1500, 1550, 1426, 1449, 2011, 950, 988, 1600, 1001, 1001, 1001, 1001, 1500, 1500, 1500, 1500]
[1500, 1550, 1426, 1449, 2011, 950, 988, 1600, 1001, 1001, 1001, 1001, 1500, 1500, 1500, 1500]
12:03:36.500361 ALT: 44.3
12:03:36.500462 ATT: [0.8, 5.6, 236]
12:03:36.500809 ACC: [-68, 133, 513]
12:03:36.521745 Navigation got ALT: 44.3
[1501, 1547, 1459, 1449, 2011, 950, 988, 1600, 1001, 1001, 1001, 1001, 1500, 1500, 1500, 1500]
[1501, 1547, 1459, 1449, 2011, 950, 988, 1600, 1001, 1001, 1001, 1001, 1500, 1500, 1500, 1500]
12:03:36.548850 ALT: 44.61
12:03:36.549199 ATT: [0.9, 5.6, 235]
12:03:36.549762 ACC: [-68, 132, 438]
12:03:36.558820 Navigation got ALT: 44.61
[1500, 1550, 1350, 1450, 2011, 950, 988, 1600, 1001, 1001, 1001, 1001, 1500, 1500, 1500, 1500]
[1500, 1550, 1350, 1450, 2011, 950, 988, 1600, 1001, 1001, 1001, 1001, 1500, 1500, 1500, 1500]
12:03:36.596280 ALT: 44.91
12:03:36.596375 ATT: [0.8, 5.3, 235]
12:03:36.596666 ACC: [-60, 124, 356]
12:03:36.598833 Navigation got ALT: 44.91
[1500, 1548, 1350, 1449, 2011, 950, 988, 1600, 1001, 1001, 1001, 1001, 1500, 1500, 1500, 1500]
[1500, 1548, 1350, 1449, 2011, 950, 988, 1600, 1001, 1001, 1001, 1001, 1500, 1500, 1500, 1500]
12:03:36.639156 Navigation got ALT: 44.91
[1500, 1550, 1554, 1449, 2011, 950, 989, 1598, 1001, 1001, 1001, 1001, 1500, 1500, 1500, 1500]
12:03:36.644365 ALT: 45.23
12:03:36.644457 ATT: [0.8, 5.2, 234]
12:03:36.644822 ACC: [-61, 124, 285]
[1500, 1550, 1554, 1449, 2011, 950, 989, 1598, 1001, 1001, 1001, 1001, 1500, 1500, 1500, 1500]
12:03:36.678647 Navigation got ALT: 45.23
[1500, 1550, 1421, 1449, 2011, 950, 988, 1600, 1001, 1001, 1001, 1001, 1500, 1500, 1500, 1500]
12:03:36.693046 ALT: 45.53
12:03:36.693154 ATT: [0.7, 5.4, 233]
12:03:36.693468 ACC: [-55, 109, 225]
[1500, 1550, 1421, 1449, 2011, 950, 988, 1600, 1001, 1001, 1001, 1001, 1500, 1500, 1500, 1500]
12:03:36.718941 Navigation got ALT: 45.53
[1500, 1550, 1350, 1449, 2011, 950, 988, 1600, 1001, 1001, 1001, 1001, 1500, 1500, 1500, 1500]
[1500, 1550, 1350, 1449, 2011, 950, 988, 1600, 1001, 1001, 1001, 1001, 1500, 1500, 1500, 1500]
12:03:36.741026 ALT: 45.83
12:03:36.741472 ATT: [0.5, 5.6, 233]
12:03:36.741841 ACC: [-58, 112, 408]
12:03:36.758757 Navigation got ALT: 45.83
[1500, 1550, 1350, 1450, 2011, 950, 988, 1600, 1001, 1001, 1001, 1001, 1500, 1500, 1500, 1500]
[1500, 1550, 1350, 1450, 2011, 950, 988, 1600, 1001, 1001, 1001, 1001, 1500, 1500, 1500, 1500]
12:03:36.789911 ALT: 46.12
12:03:36.790485 ATT: [0.6, 5.3, 232]
12:03:36.790920 ACC: [-55, 98, 336]
12:03:36.799091 Navigation got ALT: 46.12
[1500, 1550, 1350, 1449, 2011, 950, 988, 1600, 1001, 1001, 1001, 1001, 1500, 1500, 1500, 1500]
[1500, 1550, 1350, 1449, 2011, 950, 988, 1600, 1001, 1001, 1001, 1001, 1500, 1500, 1500, 1500]
12:03:36.836640 ALT: 46.32
12:03:36.837093 ATT: [0.5, 5.2, 231]
12:03:36.837722 ACC: [-48, 91, 192]
12:03:36.838976 Navigation got ALT: 46.32
[1499, 1550, 1350, 1449, 2011, 950, 988, 1600, 1001, 1001, 1001, 1001, 1500, 1500, 1500, 1500]
[1499, 1550, 1350, 1449, 2011, 950, 988, 1600, 1001, 1001, 1001, 1001, 1500, 1500, 1500, 1500]
12:03:36.878771 Navigation got ALT: 46.32
[1499, 1550, 1497, 1449, 2011, 950, 988, 1600, 1001, 1001, 1001, 1001, 1500, 1500, 1500, 1500]
12:03:36.885007 ALT: 46.65
12:03:36.885117 ATT: [0.4, 5.2, 231]
12:03:36.885722 ACC: [-44, 87, 194]
[1499, 1550, 1497, 1449, 2011, 950, 988, 1600, 1001, 1001, 1001, 1001, 1500, 1500, 1500, 1500]
12:03:36.919093 Navigation got ALT: 46.65
[1500, 1550, 1350, 1449, 2011, 950, 988, 1598, 1001, 1001, 1001, 1001, 1500, 1500, 1500, 1500]
12:03:36.932585 ALT: 46.99
12:03:36.932752 ATT: [0.4, 5.4, 230]
12:03:36.933502 ACC: [-46, 91, 222]
[1500, 1550, 1350, 1449, 2011, 950, 988, 1598, 1001, 1001, 1001, 1001, 1500, 1500, 1500, 1500]
12:03:36.958660 Navigation got ALT: 46.99
[1499, 1550, 1350, 1449, 2011, 950, 988, 1600, 1001, 1001, 1001, 1001, 1500, 1500, 1500, 1500]
[1499, 1550, 1350, 1449, 2011, 950, 988, 1600, 1001, 1001, 1001, 1001, 1500, 1500, 1500, 1500]
12:03:36.980488 ALT: 47.3
12:03:36.980587 ATT: [0.2, 5.5, 230]
12:03:36.981045 ACC: [-53, 102, 355]
12:03:36.999025 Navigation got ALT: 47.3
[1500, 1550, 1350, 1449, 2011, 950, 988, 1600, 1001, 1001, 1001, 1001, 1500, 1500, 1500, 1500]
[1500, 1550, 1350, 1449, 2011, 950, 988, 1600, 1001, 1001, 1001, 1001, 1500, 1500, 1500, 1500]
12:03:37.028418 ALT: 47.56
12:03:37.028514 ATT: [0.3, 5.2, 229]
12:03:37.028805 ACC: [-50, 101, 279]
12:03:37.038855 Navigation got ALT: 47.56
[1500, 1550, 1350, 1449, 2011, 950, 988, 1598, 1001, 1001, 1001, 1001, 1500, 1500, 1500, 1500]
[1500, 1550, 1350, 1449, 2011, 950, 988, 1598, 1001, 1001, 1001, 1001, 1500, 1500, 1500, 1500]
12:03:37.078768 Navigation got ALT: 47.56
[1500, 1550, 1448, 1449, 2011, 950, 988, 1600, 1001, 1001, 1001, 1001, 1500, 1500, 1500, 1500]
12:03:37.092421 ALT: 47.66
12:03:37.092516 ATT: [0.4, 5.4, 228]
12:03:37.092813 ACC: [-44, 100, 252]
[1500, 1550, 1448, 1449, 2011, 950, 988, 1600, 1001, 1001, 1001, 1001, 1500, 1500, 1500, 1500]
12:03:37.118870 Navigation got ALT: 47.66
[1500, 1550, 1442, 1449, 2012, 950, 988, 1600, 1001, 1001, 1001, 1001, 1500, 1500, 1500, 1500]
[1500, 1550, 1442, 1449, 2012, 950, 988, 1600, 1001, 1001, 1001, 1001, 1500, 1500, 1500, 1500]
12:03:37.140524 ALT: 48.18
12:03:37.140680 ATT: [0.4, 5.5, 228]
12:03:37.141434 ACC: [-48, 103, 266]
12:03:37.158871 Navigation got ALT: 48.18
[1500, 1548, 1350, 1452, 2009, 950, 988, 1598, 1001, 1001, 1001, 1001, 1500, 1500, 1500, 1500]
[1500, 1548, 1350, 1452, 2009, 950, 988, 1598, 1001, 1001, 1001, 1001, 1500, 1500, 1500, 1500]
12:03:37.188405 ALT: 48.48
12:03:37.188505 ATT: [0.2, 5.4, 227]
12:03:37.188905 ACC: [-52, 107, 380]
12:03:37.198885 Navigation got ALT: 48.48
[1500, 1550, 1350, 1449, 2011, 950, 988, 1600, 1001, 1001, 1001, 1001, 1500, 1500, 1500, 1500]
[1500, 1550, 1350, 1449, 2011, 950, 988, 1600, 1001, 1001, 1001, 1001, 1500, 1500, 1500, 1500]
12:03:37.236443 ALT: 48.78
12:03:37.236550 ATT: [0.2, 5.3, 227]
12:03:37.237704 ACC: [-53, 108, 363]
12:03:37.239094 Navigation got ALT: 48.78
[1500, 1548, 1350, 1449, 2011, 950, 988, 1600, 1001, 1001, 1001, 1001, 1500, 1500, 1500, 1500]
[1500, 1548, 1350, 1449, 2011, 950, 988, 1600, 1001, 1001, 1001, 1001, 1500, 1500, 1500, 1500]
12:03:37.278774 Navigation got ALT: 48.78
[1500, 1550, 1399, 1449, 2011, 950, 988, 1600, 1001, 1001, 1001, 1001, 1500, 1500, 1500, 1500]
12:03:37.285505 ALT: 49.1
12:03:37.285603 ATT: [0.3, 5.4, 226]
12:03:37.286257 ACC: [-49, 98, 297]
[1500, 1550, 1399, 1449, 2011, 950, 988, 1600, 1001, 1001, 1001, 1001, 1500, 1500, 1500, 1500]
12:03:37.319083 Navigation got ALT: 49.1
[1500, 1551, 1350, 1449, 2011, 950, 988, 1600, 1001, 1001, 1001, 1001, 1500, 1500, 1500, 1500]
12:03:37.332730 ALT: 49.43
12:03:37.333087 ATT: [0.3, 5.5, 226]
12:03:37.333553 ACC: [-46, 98, 294]
[1500, 1551, 1350, 1449, 2011, 950, 988, 1600, 1001, 1001, 1001, 1001, 1500, 1500, 1500, 1500]
12:03:37.358862 Navigation got ALT: 49.43
[1500, 1548, 1350, 1450, 2009, 950, 988, 1600, 1001, 1001, 1001, 1001, 1500, 1500, 1500, 1500]
[1500, 1548, 1350, 1450, 2009, 950, 988, 1600, 1001, 1001, 1001, 1001, 1500, 1500, 1500, 1500]
12:03:37.380465 ALT: 49.73
12:03:37.380580 ATT: [0.2, 5.6, 225]
12:03:37.381106 ACC: [-45, 102, 348]
12:03:37.398842 Navigation got ALT: 49.73
[1500, 1550, 1350, 1449, 2011, 950, 988, 1600, 1001, 1001, 1001, 1001, 1500, 1500, 1500, 1500]
[1500, 1550, 1350, 1449, 2011, 950, 988, 1600, 1001, 1001, 1001, 1001, 1500, 1500, 1500, 1500]
12:03:37.428522 ALT: 49.84
12:03:37.428618 ATT: [0.3, 5.5, 224]
12:03:37.428916 ACC: [-41, 102, 324]
12:03:37.438805 Navigation got ALT: 49.84
[1500, 1548, 1350, 1449, 2011, 950, 988, 1600, 1001, 1001, 1001, 1001, 1500, 1500, 1500, 1500]
[1500, 1548, 1350, 1449, 2011, 950, 988, 1600, 1001, 1001, 1001, 1001, 1500, 1500, 1500, 1500]
12:03:37.476454 ALT: 50.1
12:03:37.476556 ATT: [0.3, 5.4, 224]
12:03:37.476830 ACC: [-38, 103, 309]
12:03:37.478885 Navigation got ALT: 50.1
[1500, 1550, 1350, 1449, 2011, 950, 988, 1600, 1001, 1001, 1001, 1001, 1500, 1500, 1500, 1500]
[1500, 1550, 1350, 1449, 2011, 950, 988, 1600, 1001, 1001, 1001, 1001, 1500, 1500, 1500, 1500]
12:03:37.518860 Navigation got ALT: 50.1
[1500, 1550, 1350, 1449, 2011, 950, 988, 1600, 1001, 1001, 1001, 1001, 1500, 1500, 1500, 1500]
12:03:37.525136 ALT: 50.42
12:03:37.525228 ATT: [0.3, 5.4, 223]
12:03:37.525517 ACC: [-37, 104, 317]
[1500, 1550, 1350, 1449, 2011, 950, 988, 1600, 1001, 1001, 1001, 1001, 1500, 1500, 1500, 1500]
12:03:37.558813 Navigation got ALT: 50.42
[1499, 1550, 1350, 1449, 2011, 950, 988, 1600, 1001, 1001, 1001, 1001, 1500, 1500, 1500, 1500]
12:03:37.572620 ALT: 50.69
12:03:37.572727 ATT: [0.3, 5.5, 223]
12:03:37.573083 ACC: [-36, 101, 331]
[1499, 1550, 1350, 1449, 2011, 950, 988, 1600, 1001, 1001, 1001, 1001, 1500, 1500, 1500, 1500]
12:03:37.598806 Navigation got ALT: 50.69
[1500, 1550, 1350, 1449, 2011, 950, 988, 1600, 1001, 1001, 1001, 1001, 1500, 1500, 1500, 1500]
[1500, 1550, 1350, 1449, 2011, 950, 988, 1600, 1001, 1001, 1001, 1001, 1500, 1500, 1500, 1500]
12:03:37.621983 ALT: 51.0
12:03:37.622091 ATT: [0.2, 5.5, 222]
12:03:37.622402 ACC: [-35, 101, 337]
12:03:37.638771 Navigation got ALT: 51.0
[1500, 1548, 1350, 1449, 2011, 950, 988, 1600, 1001, 1001, 1001, 1001, 1500, 1500, 1500, 1500]
[1500, 1548, 1350, 1449, 2011, 950, 988, 1600, 1001, 1001, 1001, 1001, 1500, 1500, 1500, 1500]
12:03:37.668860 ALT: 51.27
12:03:37.668964 ATT: [0.3, 5.6, 222]
12:03:37.669288 ACC: [-35, 101, 340]
12:03:37.679021 Navigation got ALT: 51.27
[1500, 1548, 1350, 1449, 2011, 950, 988, 1601, 1001, 1001, 1001, 1001, 1500, 1500, 1500, 1500]
[1500, 1548, 1350, 1449, 2011, 950, 988, 1601, 1001, 1001, 1001, 1001, 1500, 1500, 1500, 1500]
12:03:37.716863 ALT: 51.59
12:03:37.717118 ATT: [0.2, 5.6, 221]
12:03:37.717543 ACC: [-35, 101, 346]
12:03:37.719292 Navigation got ALT: 51.59
[1500, 1550, 1350, 1449, 2012, 950, 988, 1600, 1001, 1001, 1001, 1001, 1500, 1500, 1500, 1500]
[1500, 1550, 1350, 1449, 2012, 950, 988, 1600, 1001, 1001, 1001, 1001, 1500, 1500, 1500, 1500]
12:03:37.758740 Navigation got ALT: 51.59
[1497, 1550, 1350, 1449, 2011, 950, 988, 1600, 1001, 1001, 1001, 1001, 1500, 1500, 1500, 1500]
12:03:37.764996 ALT: 51.86
12:03:37.765095 ATT: [0.2, 5.4, 220]
12:03:37.765518 ACC: [-37, 101, 358]
[1497, 1550, 1350, 1449, 2011, 950, 988, 1600, 1001, 1001, 1001, 1001, 1500, 1500, 1500, 1500]
12:03:37.798760 Navigation got ALT: 51.86
[1500, 1550, 1350, 1449, 2011, 950, 988, 1600, 1001, 1001, 1001, 1001, 1500, 1500, 1500, 1500]
12:03:37.812525 ALT: 52.06
12:03:37.812614 ATT: [0.2, 5.4, 220]
12:03:37.813173 ACC: [-36, 101, 360]
[1500, 1550, 1350, 1449, 2011, 950, 988, 1600, 1001, 1001, 1001, 1001, 1500, 1500, 1500, 1500]
12:03:37.839994 Navigation got ALT: 52.06
[1500, 1550, 1350, 1449, 2011, 950, 988, 1600, 1001, 1001, 1001, 1001, 1500, 1500, 1500, 1500]
[1500, 1550, 1350, 1449, 2011, 950, 988, 1600, 1001, 1001, 1001, 1001, 1500, 1500, 1500, 1500]
12:03:37.860508 ALT: 52.35
12:03:37.860591 ATT: [0.2, 5.5, 219]
12:03:37.860848 ACC: [-32, 99, 356]
12:03:37.878920 Navigation got ALT: 52.35
[1500, 1550, 1350, 1449, 2011, 950, 988, 1600, 1001, 1001, 1001, 1001, 1500, 1500, 1500, 1500]
[1500, 1550, 1350, 1449, 2011, 950, 988, 1600, 1001, 1001, 1001, 1001, 1500, 1500, 1500, 1500]
12:03:37.908627 ALT: 52.61
12:03:37.908928 ATT: [0.2, 5.6, 219]
12:03:37.909261 ACC: [-31, 94, 358]
12:03:37.919116 Navigation got ALT: 52.61
[1500, 1550, 1350, 1449, 2011, 950, 988, 1600, 1001, 1001, 1001, 1001, 1500, 1500, 1500, 1500]
[1500, 1550, 1350, 1449, 2011, 950, 988, 1600, 1001, 1001, 1001, 1001, 1500, 1500, 1500, 1500]
12:03:37.956564 ALT: 52.9
12:03:37.956676 ATT: [0.2, 5.5, 218]
12:03:37.957169 ACC: [-28, 90, 361]
12:03:37.959293 Navigation got ALT: 52.9
[1500, 1550, 1350, 1449, 2011, 950, 988, 1600, 1001, 1001, 1001, 1001, 1500, 1500, 1500, 1500]
[1500, 1550, 1350, 1449, 2011, 950, 988, 1600, 1001, 1001, 1001, 1001, 1500, 1500, 1500, 1500]
12:03:37.998865 Navigation got ALT: 52.9
[1500, 1548, 1350, 1449, 2011, 950, 988, 1600, 1001, 1001, 1001, 1001, 1500, 1500, 1500, 1500]
12:03:38.004985 ALT: 53.19
12:03:38.005543 ATT: [0.1, 5.6, 218]
12:03:38.006291 ACC: [-28, 89, 358]
[1500, 1548, 1350, 1449, 2011, 950, 988, 1600, 1001, 1001, 1001, 1001, 1500, 1500, 1500, 1500]
12:03:38.038767 Navigation got ALT: 53.19
[1500, 1550, 1350, 1449, 2011, 950, 988, 1600, 1001, 1001, 1001, 1001, 1500, 1500, 1500, 1500]
12:03:38.053184 ALT: 53.45
12:03:38.053292 ATT: [0.0, 5.6, 217]
12:03:38.053659 ACC: [-25, 87, 376]
[1500, 1550, 1350, 1449, 2011, 950, 988, 1600, 1001, 1001, 1001, 1001, 1500, 1500, 1500, 1500]
12:03:38.078762 Navigation got ALT: 53.45
[1499, 1550, 1350, 1449, 2011, 950, 988, 1600, 1001, 1001, 1001, 1001, 1500, 1500, 1500, 1500]
[1499, 1550, 1350, 1449, 2011, 950, 988, 1600, 1001, 1001, 1001, 1001, 1500, 1500, 1500, 1500]
12:03:38.100694 ALT: 53.71
12:03:38.100801 ATT: [0.0, 5.6, 216]
12:03:38.101841 ACC: [-25, 86, 382]
12:03:38.119303 Navigation got ALT: 53.71
[1500, 1550, 1350, 1449, 2011, 950, 988, 1600, 1001, 1001, 1001, 1001, 1500, 1500, 1500, 1500]
[1500, 1550, 1350, 1449, 2011, 950, 988, 1600, 1001, 1001, 1001, 1001, 1500, 1500, 1500, 1500]
12:03:38.148855 ALT: 53.91
12:03:38.149268 ATT: [0.1, 5.5, 216]
12:03:38.149730 ACC: [-25, 86, 378]
12:03:38.159333 Navigation got ALT: 53.91
[1500, 1550, 1350, 1449, 2011, 950, 988, 1600, 1001, 1001, 1001, 1001, 1500, 1500, 1500, 1500]
[1500, 1550, 1350, 1449, 2011, 950, 988, 1600, 1001, 1001, 1001, 1001, 1500, 1500, 1500, 1500]
12:03:38.196498 ALT: 54.17
12:03:38.196606 ATT: [0.2, 5.4, 215]
12:03:38.196882 ACC: [-24, 86, 384]
12:03:38.199059 Navigation got ALT: 54.17
[1500, 1550, 1350, 1449, 2011, 950, 988, 1598, 1001, 1001, 1001, 1001, 1500, 1500, 1500, 1500]
[1500, 1550, 1350, 1449, 2011, 950, 988, 1598, 1001, 1001, 1001, 1001, 1500, 1500, 1500, 1500]
12:03:38.238798 Navigation got ALT: 54.17
[1500, 1550, 1350, 1449, 2011, 950, 988, 1598, 1001, 1001, 1001, 1001, 1500, 1500, 1500, 1500]
12:03:38.244567 ALT: 54.4
12:03:38.244669 ATT: [0.0, 5.5, 215]
12:03:38.245056 ACC: [-18, 85, 386]
[1500, 1550, 1350, 1449, 2011, 950, 988, 1598, 1001, 1001, 1001, 1001, 1500, 1500, 1500, 1500]
12:03:38.278809 Navigation got ALT: 54.4
[1500, 1550, 1350, 1449, 2011, 950, 988, 1600, 1001, 1001, 1001, 1001, 1500, 1500, 1500, 1500]
12:03:38.292816 ALT: 54.61
12:03:38.292992 ATT: [-0.1, 5.5, 214]
12:03:38.293293 ACC: [-15, 82, 415]
[1500, 1550, 1350, 1449, 2011, 950, 988, 1600, 1001, 1001, 1001, 1001, 1500, 1500, 1500, 1500]
12:03:38.318907 Navigation got ALT: 54.61
[1500, 1548, 1350, 1449, 2011, 950, 988, 1600, 1001, 1001, 1001, 1001, 1500, 1500, 1500, 1500]
[1500, 1548, 1350, 1449, 2011, 950, 988, 1600, 1001, 1001, 1001, 1001, 1500, 1500, 1500, 1500]
12:03:38.342388 ALT: 54.82
12:03:38.342497 ATT: [0.1, 5.6, 214]
12:03:38.342818 ACC: [-17, 87, 414]
12:03:38.364657 Navigation got ALT: 54.82
[1500, 1548, 1350, 1449, 2011, 950, 988, 1600, 1001, 1001, 1001, 1001, 1500, 1500, 1500, 1500]
[1500, 1548, 1350, 1449, 2011, 950, 988, 1600, 1001, 1001, 1001, 1001, 1500, 1500, 1500, 1500]
12:03:38.389094 ALT: 54.98
12:03:38.389193 ATT: [0.1, 5.5, 213]
12:03:38.392303 ACC: [-15, 79, 407]
12:03:38.399107 Navigation got ALT: 54.98
[1499, 1550, 1350, 1449, 2011, 950, 988, 1598, 1001, 1001, 1001, 1001, 1500, 1500, 1500, 1500]
[1499, 1550, 1350, 1449, 2011, 950, 988, 1598, 1001, 1001, 1001, 1001, 1500, 1500, 1500, 1500]
12:03:38.437217 ALT: 55.16
12:03:38.437523 ATT: [0.1, 5.5, 213]
12:03:38.441583 ACC: [-13, 83, 404]
12:03:38.442824 Navigation got ALT: 55.16
[1500, 1550, 1350, 1449, 2011, 950, 988, 1600, 1001, 1001, 1001, 1001, 1500, 1500, 1500, 1500]
[1500, 1550, 1350, 1449, 2011, 950, 988, 1600, 1001, 1001, 1001, 1001, 1500, 1500, 1500, 1500]
12:03:38.478820 Navigation got ALT: 55.16
[1500, 1550, 1350, 1449, 2011, 950, 988, 1600, 1001, 1001, 1001, 1001, 1500, 1500, 1500, 1500]
12:03:38.484922 ALT: 55.32
12:03:38.485489 ATT: [0.2, 5.4, 212]
12:03:38.486605 ACC: [-17, 73, 411]
[1500, 1550, 1350, 1449, 2011, 950, 988, 1600, 1001, 1001, 1001, 1001, 1500, 1500, 1500, 1500]
12:03:38.518855 Navigation got ALT: 55.32
[1500, 1550, 1350, 1449, 2011, 950, 988, 1600, 1001, 1001, 1001, 1001, 1500, 1500, 1500, 1500]
12:03:38.532906 ALT: 55.38
12:03:38.533173 ATT: [0.3, 5.3, 212]
12:03:38.533735 ACC: [-17, 78, 411]
[1500, 1550, 1350, 1449, 2011, 950, 988, 1600, 1001, 1001, 1001, 1001, 1500, 1500, 1500, 1500]
12:03:38.559437 Navigation got ALT: 55.38
[1499, 1550, 1350, 1449, 2011, 950, 988, 1600, 1001, 1001, 1001, 1001, 1500, 1500, 1500, 1500]
[1499, 1550, 1350, 1449, 2011, 950, 988, 1600, 1001, 1001, 1001, 1001, 1500, 1500, 1500, 1500]
12:03:38.580933 ALT: 55.54
12:03:38.581096 ATT: [0.2, 5.4, 211]
12:03:38.581727 ACC: [-18, 78, 411]
12:03:38.598985 Navigation got ALT: 55.54
[1500, 1550, 1350, 1449, 2011, 950, 988, 1601, 1001, 1001, 1001, 1001, 1500, 1500, 1500, 1500]
[1500, 1550, 1350, 1449, 2011, 950, 988, 1601, 1001, 1001, 1001, 1001, 1500, 1500, 1500, 1500]
12:03:38.628720 ALT: 55.7
12:03:38.628826 ATT: [0.2, 5.4, 211]
12:03:38.629164 ACC: [-21, 78, 409]
12:03:38.639184 Navigation got ALT: 55.7
[1500, 1550, 1350, 1449, 2011, 950, 988, 1600, 1001, 1001, 1001, 1001, 1500, 1500, 1500, 1500]
[1500, 1550, 1350, 1449, 2011, 950, 988, 1600, 1001, 1001, 1001, 1001, 1500, 1500, 1500, 1500]
12:03:38.677333 ALT: 55.81
12:03:38.677635 ATT: [0.1, 5.5, 210]
12:03:38.679818 ACC: [-18, 80, 406]
12:03:38.682477 Navigation got ALT: 55.81
[1499, 1550, 1350, 1449, 2011, 950, 988, 1600, 1001, 1001, 1001, 1001, 1500, 1500, 1500, 1500]
[1499, 1550, 1350, 1449, 2011, 950, 988, 1600, 1001, 1001, 1001, 1001, 1500, 1500, 1500, 1500]
12:03:38.719904 Navigation got ALT: 55.81
[1500, 1548, 1350, 1449, 2011, 950, 988, 1600, 1001, 1001, 1001, 1001, 1500, 1500, 1500, 1500]
12:03:38.729673 ALT: 55.91
12:03:38.729884 ATT: [0.3, 5.6, 209]
12:03:38.730391 ACC: [-14, 78, 425]
[1500, 1548, 1350, 1449, 2011, 950, 988, 1600, 1001, 1001, 1001, 1001, 1500, 1500, 1500, 1500]
12:03:38.761038 Navigation got ALT: 55.91
[1499, 1550, 1350, 1450, 2011, 950, 988, 1600, 1001, 1001, 1001, 1001, 1500, 1500, 1500, 1500]
12:03:38.773221 ALT: 56.06
12:03:38.773519 ATT: [0.3, 5.5, 209]
12:03:38.774528 ACC: [-18, 80, 431]
[1499, 1550, 1350, 1450, 2011, 950, 988, 1600, 1001, 1001, 1001, 1001, 1500, 1500, 1500, 1500]
12:03:38.798822 Navigation got ALT: 56.06
[1500, 1550, 1350, 1449, 2011, 950, 988, 1600, 1001, 1001, 1001, 1001, 1500, 1500, 1500, 1500]
12:03:38.822826 ALT: 56.16
12:03:38.822924 ATT: [0.1, 5.5, 208]
[1500, 1550, 1350, 1449, 2011, 950, 988, 1600, 1001, 1001, 1001, 1001, 1500, 1500, 1500, 1500]
12:03:38.827859 ACC: [-11, 81, 408]
12:03:38.838988 Navigation got ALT: 56.16
[1500, 1550, 1350, 1449, 2011, 950, 988, 1600, 1001, 1001, 1001, 1001, 1500, 1500, 1500, 1500]
[1500, 1550, 1350, 1449, 2011, 950, 988, 1600, 1001, 1001, 1001, 1001, 1500, 1500, 1500, 1500]
12:03:38.869546 ALT: 56.25
12:03:38.869960 ATT: [0.1, 5.7, 208]
12:03:38.870421 ACC: [-11, 87, 423]
12:03:38.878987 Navigation got ALT: 56.25
[1500, 1550, 1350, 1449, 2011, 950, 988, 1600, 1001, 1001, 1001, 1001, 1500, 1500, 1500, 1500]
[1500, 1550, 1350, 1449, 2011, 950, 988, 1600, 1001, 1001, 1001, 1001, 1500, 1500, 1500, 1500]
12:03:38.917271 ALT: 56.34
12:03:38.917436 ATT: [0.3, 5.6, 208]
12:03:38.918014 ACC: [-13, 83, 424]
12:03:38.919712 Navigation got ALT: 56.34
[1500, 1550, 1350, 1450, 2011, 950, 988, 1600, 1001, 1001, 1001, 1001, 1500, 1500, 1500, 1500]
[1500, 1550, 1350, 1450, 2011, 950, 988, 1600, 1001, 1001, 1001, 1001, 1500, 1500, 1500, 1500]
12:03:38.959736 Navigation got ALT: 56.34
[1499, 1550, 1350, 1449, 2011, 950, 988, 1600, 1001, 1001, 1001, 1001, 1500, 1500, 1500, 1500]
12:03:38.965165 ALT: 56.42
12:03:38.965263 ATT: [0.4, 5.3, 207]
12:03:38.965686 ACC: [-15, 90, 415]
[1499, 1550, 1350, 1449, 2011, 950, 988, 1600, 1001, 1001, 1001, 1001, 1500, 1500, 1500, 1500]
12:03:38.998818 Navigation got ALT: 56.42
[1500, 1550, 1350, 1449, 2011, 950, 988, 1600, 1001, 1001, 1001, 1001, 1500, 1500, 1500, 1500]
12:03:39.012661 ALT: 56.48
12:03:39.012757 ATT: [0.3, 5.3, 207]
12:03:39.013044 ACC: [-13, 77, 404]
[1500, 1550, 1350, 1449, 2011, 950, 988, 1600, 1001, 1001, 1001, 1001, 1500, 1500, 1500, 1500]
12:03:39.038762 Navigation got ALT: 56.48
[1500, 1550, 1350, 1449, 2011, 950, 988, 1600, 1001, 1001, 1001, 1001, 1500, 1500, 1500, 1500]
[1500, 1550, 1350, 1449, 2011, 950, 988, 1600, 1001, 1001, 1001, 1001, 1500, 1500, 1500, 1500]
12:03:39.060700 ALT: 56.59
12:03:39.060791 ATT: [0.2, 5.5, 206]
12:03:39.061272 ACC: [-15, 80, 404]
12:03:39.079047 Navigation got ALT: 56.59
[1500, 1548, 1350, 1449, 2011, 950, 988, 1600, 1001, 1001, 1001, 1001, 1500, 1500, 1500, 1500]
[1500, 1548, 1350, 1449, 2011, 950, 988, 1600, 1001, 1001, 1001, 1001, 1500, 1500, 1500, 1500]
12:03:39.110436 ALT: 56.71
12:03:39.110532 ATT: [0.3, 5.6, 206]
12:03:39.110811 ACC: [-13, 74, 413]
12:03:39.119110 Navigation got ALT: 56.71
[1499, 1550, 1350, 1449, 2011, 950, 988, 1600, 1001, 1001, 1001, 1001, 1500, 1500, 1500, 1500]
[1499, 1550, 1350, 1449, 2011, 950, 988, 1600, 1001, 1001, 1001, 1001, 1500, 1500, 1500, 1500]
12:03:39.158860 Navigation got ALT: 56.71
[1499, 1550, 1350, 1450, 2011, 950, 988, 1598, 1001, 1001, 1001, 1001, 1500, 1500, 1500, 1500]
12:03:39.173495 ALT: 56.81
12:03:39.173597 ATT: [0.3, 5.6, 205]
12:03:39.173985 ACC: [-5, 76, 413]
[1499, 1550, 1350, 1450, 2011, 950, 988, 1598, 1001, 1001, 1001, 1001, 1500, 1500, 1500, 1500]
12:03:39.198842 Navigation got ALT: 56.81
[1500, 1548, 1350, 1450, 2009, 950, 988, 1600, 1001, 1001, 1001, 1001, 1500, 1500, 1500, 1500]
[1500, 1548, 1350, 1450, 2009, 950, 988, 1600, 1001, 1001, 1001, 1001, 1500, 1500, 1500, 1500]
12:03:39.221657 ALT: 56.87
12:03:39.221767 ATT: [0.2, 5.9, 204]
12:03:39.222184 ACC: [4, 74, 416]
12:03:39.238919 Navigation got ALT: 56.87
[1500, 1550, 1350, 1449, 2011, 950, 988, 1600, 1001, 1001, 1001, 1001, 1500, 1500, 1500, 1500]
[1500, 1550, 1350, 1449, 2011, 950, 988, 1600, 1001, 1001, 1001, 1001, 1500, 1500, 1500, 1500]
12:03:39.269892 ALT: 56.94
12:03:39.269993 ATT: [0.1, 6.0, 204]
12:03:39.270297 ACC: [7, 76, 426]
12:03:39.279002 Navigation got ALT: 56.94
[1500, 1548, 1350, 1449, 2011, 950, 988, 1600, 1001, 1001, 1001, 1001, 1500, 1500, 1500, 1500]
[1500, 1548, 1350, 1449, 2011, 950, 988, 1600, 1001, 1001, 1001, 1001, 1500, 1500, 1500, 1500]
12:03:39.316680 ALT: 57.02
12:03:39.316778 ATT: [0.2, 5.9, 203]
12:03:39.317150 ACC: [10, 72, 427]
12:03:39.319699 Navigation got ALT: 57.02
[1500, 1550, 1350, 1450, 2011, 950, 988, 1600, 1001, 1001, 1001, 1001, 1500, 1500, 1500, 1500]
[1500, 1550, 1350, 1450, 2011, 950, 988, 1600, 1001, 1001, 1001, 1001, 1500, 1500, 1500, 1500]
12:03:39.360206 Navigation got ALT: 57.02
[1499, 1550, 1350, 1449, 2011, 950, 988, 1600, 1001, 1001, 1001, 1001, 1500, 1500, 1500, 1500]
12:03:39.364723 ALT: 57.04
12:03:39.364817 ATT: [0.3, 5.7, 203]
12:03:39.365173 ACC: [11, 75, 418]
[1499, 1550, 1350, 1449, 2011, 950, 988, 1600, 1001, 1001, 1001, 1001, 1500, 1500, 1500, 1500]
12:03:39.398806 Navigation got ALT: 57.04
[1500, 1550, 1350, 1449, 2011, 950, 988, 1600, 1001, 1001, 1001, 1001, 1500, 1500, 1500, 1500]
12:03:39.412740 ALT: 57.09
12:03:39.412835 ATT: [0.3, 5.7, 203]
12:03:39.413235 ACC: [11, 71, 425]
[1500, 1550, 1350, 1449, 2011, 950, 988, 1600, 1001, 1001, 1001, 1001, 1500, 1500, 1500, 1500]
12:03:39.439068 Navigation got ALT: 57.09
[1500, 1550, 1350, 1449, 2011, 950, 988, 1600, 1001, 1001, 1001, 1001, 1500, 1500, 1500, 1500]
[1500, 1550, 1350, 1449, 2011, 950, 988, 1600, 1001, 1001, 1001, 1001, 1500, 1500, 1500, 1500]
12:03:39.460849 ALT: 57.12
12:03:39.460945 ATT: [0.3, 5.7, 202]
12:03:39.461339 ACC: [11, 74, 423]
12:03:39.478919 Navigation got ALT: 57.12
[1500, 1550, 1350, 1449, 2011, 950, 988, 1598, 1001, 1001, 1001, 1001, 1500, 1500, 1500, 1500]
[1500, 1550, 1350, 1449, 2011, 950, 988, 1598, 1001, 1001, 1001, 1001, 1500, 1500, 1500, 1500]
12:03:39.510365 ALT: 57.17
12:03:39.510471 ATT: [0.4, 5.7, 202]
12:03:39.511210 ACC: [13, 74, 415]
12:03:39.519766 Navigation got ALT: 57.17
[1500, 1550, 1350, 1448, 2011, 950, 988, 1600, 1001, 1001, 1001, 1001, 1500, 1500, 1500, 1500]
[1500, 1550, 1350, 1448, 2011, 950, 988, 1600, 1001, 1001, 1001, 1001, 1500, 1500, 1500, 1500]
12:03:39.556747 ALT: 57.21
12:03:39.556858 ATT: [0.4, 5.6, 201]
12:03:39.557685 ACC: [12, 67, 418]
12:03:39.558991 Navigation got ALT: 57.21
[1499, 1548, 1350, 1450, 2011, 950, 988, 1600, 1001, 1001, 1001, 1001, 1500, 1500, 1500, 1500]
[1499, 1548, 1350, 1450, 2011, 950, 988, 1600, 1001, 1001, 1001, 1001, 1500, 1500, 1500, 1500]
12:03:39.599100 Navigation got ALT: 57.21
[1500, 1550, 1350, 1449, 2011, 950, 988, 1600, 1001, 1001, 1001, 1001, 1500, 1500, 1500, 1500]
12:03:39.605103 ALT: 57.26
12:03:39.605298 ATT: [0.4, 5.6, 201]
12:03:39.605604 ACC: [14, 67, 424]
[1500, 1550, 1350, 1449, 2011, 950, 988, 1600, 1001, 1001, 1001, 1001, 1500, 1500, 1500, 1500]
12:03:39.639667 Navigation got ALT: 57.26
[1499, 1550, 1350, 1449, 2011, 950, 988, 1600, 1001, 1001, 1001, 1001, 1500, 1500, 1500, 1500]
12:03:39.653926 ALT: 57.29
12:03:39.654040 ATT: [0.3, 5.8, 200]
12:03:39.654374 ACC: [14, 70, 420]
[1499, 1550, 1350, 1449, 2011, 950, 988, 1600, 1001, 1001, 1001, 1001, 1500, 1500, 1500, 1500]
12:03:39.678885 Navigation got ALT: 57.29
[1500, 1550, 1350, 1500, 2011, 950, 988, 1600, 1001, 1001, 1001, 1001, 1500, 1500, 1500, 1500]
[1500, 1550, 1350, 1500, 2011, 950, 988, 1600, 1001, 1001, 1001, 1001, 1500, 1500, 1500, 1500]
12:03:39.701013 ALT: 57.34
12:03:39.701188 ATT: [0.5, 5.9, 200]
12:03:39.701655 ACC: [10, 62, 422]
12:03:39.725316 Navigation got ALT: 57.34
[1500, 1550, 1350, 1499, 2011, 950, 988, 1598, 1001, 1001, 1001, 1001, 1500, 1500, 1500, 1500]
[1500, 1550, 1350, 1499, 2011, 950, 988, 1598, 1001, 1001, 1001, 1001, 1500, 1500, 1500, 1500]
12:03:39.749722 ALT: 57.36
12:03:39.749877 ATT: [0.2, 5.9, 199]
12:03:39.750302 ACC: [11, 62, 421]
12:03:39.759066 Navigation got ALT: 57.36
[1500, 1550, 1350, 1500, 2011, 950, 988, 1600, 1001, 1001, 1001, 1001, 1500, 1500, 1500, 1500]
[1500, 1550, 1350, 1500, 2011, 950, 988, 1600, 1001, 1001, 1001, 1001, 1500, 1500, 1500, 1500]
12:03:39.796787 ALT: 57.38
12:03:39.796885 ATT: [0.0, 6.0, 199]
12:03:39.797281 ACC: [13, 58, 422]
12:03:39.798986 Navigation got ALT: 57.38
[1500, 1550, 1350, 1499, 2011, 950, 988, 1600, 1001, 1001, 1001, 1001, 1500, 1500, 1500, 1500]
[1500, 1550, 1350, 1499, 2011, 950, 988, 1600, 1001, 1001, 1001, 1001, 1500, 1500, 1500, 1500]
12:03:39.838696 Navigation got ALT: 57.38
[1500, 1548, 1350, 1500, 2011, 950, 988, 1600, 1001, 1001, 1001, 1001, 1500, 1500, 1500, 1500]
12:03:39.844803 ALT: 57.39
12:03:39.844904 ATT: [0.2, 5.8, 200]
12:03:39.845248 ACC: [12, 54, 435]
[1500, 1548, 1350, 1500, 2011, 950, 988, 1600, 1001, 1001, 1001, 1001, 1500, 1500, 1500, 1500]
12:03:39.880119 Navigation got ALT: 57.39
[1500, 1548, 1350, 1500, 2011, 950, 988, 1600, 1001, 1001, 1001, 1001, 1500, 1500, 1500, 1500]
12:03:39.893660 ALT: 57.39
12:03:39.894245 ATT: [0.3, 5.5, 200]
12:03:39.894583 ACC: [9, 63, 429]
[1500, 1548, 1350, 1500, 2011, 950, 988, 1600, 1001, 1001, 1001, 1001, 1500, 1500, 1500, 1500]
12:03:39.919119 Navigation got ALT: 57.39
[1500, 1548, 1350, 1500, 2011, 950, 988, 1600, 1001, 1001, 1001, 1001, 1500, 1500, 1500, 1500]
[1500, 1548, 1350, 1500, 2011, 950, 988, 1600, 1001, 1001, 1001, 1001, 1500, 1500, 1500, 1500]
12:03:39.940768 ALT: 57.39
12:03:39.940865 ATT: [0.2, 5.5, 200]
12:03:39.941343 ACC: [12, 62, 415]
12:03:39.959027 Navigation got ALT: 57.39
[1499, 1550, 1350, 1500, 2011, 950, 988, 1598, 1001, 1001, 1001, 1001, 1500, 1500, 1500, 1500]
[1499, 1550, 1350, 1500, 2011, 950, 988, 1598, 1001, 1001, 1001, 1001, 1500, 1500, 1500, 1500]
12:03:39.989381 ALT: 57.34
12:03:39.989478 ATT: [0.0, 5.6, 200]
12:03:39.989751 ACC: [9, 64, 439]
12:03:39.998986 Navigation got ALT: 57.34
[1500, 1550, 1350, 1500, 2011, 950, 988, 1600, 1001, 1001, 1001, 1001, 1500, 1500, 1500, 1500]
[1500, 1550, 1350, 1500, 2011, 950, 988, 1600, 1001, 1001, 1001, 1001, 1500, 1500, 1500, 1500]
12:03:40.036985 ALT: 57.32
12:03:40.037242 ATT: [-0.2, 5.6, 200]
12:03:40.038733 ACC: [11, 59, 435]
12:03:40.040564 Navigation got ALT: 57.32
[1500, 1550, 1350, 1500, 2011, 950, 988, 1600, 1001, 1001, 1001, 1001, 1500, 1500, 1500, 1500]
[1500, 1550, 1350, 1500, 2011, 950, 988, 1600, 1001, 1001, 1001, 1001, 1500, 1500, 1500, 1500]
12:03:40.079443 Navigation got ALT: 57.32
[1500, 1550, 1350, 1500, 2011, 950, 988, 1600, 1001, 1001, 1001, 1001, 1500, 1500, 1500, 1500]
12:03:40.084972 ALT: 57.32
12:03:40.085119 ATT: [-0.2, 5.3, 201]
12:03:40.085708 ACC: [7, 60, 441]
[1500, 1550, 1350, 1500, 2011, 950, 988, 1600, 1001, 1001, 1001, 1001, 1500, 1500, 1500, 1500]
12:03:40.120307 Navigation got ALT: 57.32
[1500, 1550, 1350, 1500, 2011, 950, 988, 1600, 1001, 1001, 1001, 1001, 1500, 1500, 1500, 1500]
12:03:40.133244 ALT: 57.26
12:03:40.133630 ATT: [0.0, 5.1, 201]
12:03:40.134052 ACC: [6, 56, 426]
[1500, 1550, 1350, 1500, 2011, 950, 988, 1600, 1001, 1001, 1001, 1001, 1500, 1500, 1500, 1500]
12:03:40.158876 Navigation got ALT: 57.26
[1500, 1550, 1350, 1500, 2011, 950, 988, 1600, 1001, 1001, 1001, 1001, 1500, 1500, 1500, 1500]
[1500, 1550, 1350, 1500, 2011, 950, 988, 1600, 1001, 1001, 1001, 1001, 1500, 1500, 1500, 1500]
12:03:40.180957 ALT: 57.24
12:03:40.181065 ATT: [0.1, 5.2, 201]
12:03:40.181590 ACC: [8, 61, 422]
12:03:40.199020 Navigation got ALT: 57.24
[1500, 1550, 1350, 1500, 2011, 949, 988, 1600, 1001, 1001, 1001, 1001, 1500, 1500, 1500, 1500]
[1500, 1550, 1350, 1500, 2011, 949, 988, 1600, 1001, 1001, 1001, 1001, 1500, 1500, 1500, 1500]
12:03:40.229194 ALT: 57.18
12:03:40.229306 ATT: [-0.1, 5.5, 201]
12:03:40.229645 ACC: [7, 59, 433]
12:03:40.239104 Navigation got ALT: 57.18
[1499, 1550, 1350, 1500, 2011, 950, 988, 1600, 1001, 1001, 1001, 1001, 1500, 1500, 1500, 1500]
[1499, 1550, 1350, 1500, 2011, 950, 988, 1600, 1001, 1001, 1001, 1001, 1500, 1500, 1500, 1500]
12:03:40.279191 Navigation got ALT: 57.18
[1500, 1550, 1350, 1500, 2011, 950, 988, 1600, 1001, 1001, 1001, 1001, 1500, 1500, 1500, 1500]
12:03:40.279563 ALT: 57.15
12:03:40.279643 ATT: [-0.2, 5.5, 201]
12:03:40.279969 ACC: [6, 58, 443]
[1500, 1550, 1350, 1500, 2011, 950, 988, 1600, 1001, 1001, 1001, 1001, 1500, 1500, 1500, 1500]
12:03:40.319044 Navigation got ALT: 57.15
[1500, 1550, 1350, 1499, 2011, 950, 988, 1600, 1001, 1001, 1001, 1001, 1500, 1500, 1500, 1500]
12:03:40.324852 ALT: 57.09
12:03:40.325136 ATT: [-0.1, 5.2, 202]
12:03:40.325859 ACC: [8, 59, 436]
[1500, 1550, 1350, 1499, 2011, 950, 988, 1600, 1001, 1001, 1001, 1001, 1500, 1500, 1500, 1500]
12:03:40.358796 Navigation got ALT: 57.09
[1499, 1550, 1350, 1500, 2011, 950, 988, 1600, 1001, 1001, 1001, 1001, 1500, 1500, 1500, 1500]
12:03:40.373109 ALT: 57.08
12:03:40.373268 ATT: [-0.1, 5.1, 202]
12:03:40.373562 ACC: [5, 59, 432]
[1499, 1550, 1350, 1500, 2011, 950, 988, 1600, 1001, 1001, 1001, 1001, 1500, 1500, 1500, 1500]
12:03:40.398860 Navigation got ALT: 57.08
[1500, 1500, 1350, 1500, 2011, 950, 988, 1600, 1001, 1001, 1001, 1001, 1500, 1500, 1500, 1500]
*** LANDING mode ***
...Perform landing...
[1500, 1500, 1350, 1500, 2011, 950, 988, 1699, 1001, 1001, 1001, 1001, 1500, 1500, 1500, 1500]
12:03:40.421396 ALT: 57.07
12:03:40.421627 ATT: [-0.1, 5.2, 202]
12:03:40.422108 ACC: [8, 61, 431]
*** LANDING mode ***
...Perform landing...
[1500, 1500, 1350, 1500, 2011, 950, 988, 1699, 1001, 1001, 1001, 1001, 1500, 1500, 1500, 1500]
*** LANDING mode ***
...Perform landing...
[1500, 1500, 1350, 1500, 2011, 950, 988, 1699, 1001, 1001, 1001, 1001, 1500, 1500, 1500, 1500]
12:03:40.469000 ALT: 57.03
12:03:40.469215 ATT: [-0.1, 5.0, 202]
12:03:40.470220 ACC: [3, 55, 434]
*** LANDING mode ***
...Perform landing...
[1500, 1499, 1350, 1500, 2011, 950, 988, 1699, 1001, 1001, 1001, 1001, 1500, 1500, 1500, 1500]
*** LANDING mode ***
...Perform landing...
[1501, 1497, 1350, 1499, 2011, 950, 988, 1699, 1001, 1001, 1001, 1001, 1500, 1500, 1500, 1500]
12:03:40.517391 ALT: 56.96
12:03:40.517532 ATT: [0.1, 3.6, 202]
12:03:40.517850 ACC: [1, 66, 439]
*** LANDING mode ***
...Perform landing...
[1500, 1500, 1350, 1500, 2011, 950, 988, 1699, 1001, 1001, 1001, 1001, 1500, 1500, 1500, 1500]
*** LANDING mode ***
...Perform landing...
[1500, 1500, 1350, 1500, 2011, 950, 988, 1699, 1001, 1001, 1001, 1001, 1500, 1500, 1500, 1500]
*** LANDING mode ***
...Perform landing...
[1499, 1500, 1350, 1500, 2011, 950, 988, 1699, 1001, 1001, 1001, 1001, 1500, 1500, 1500, 1500]
12:03:40.565261 ALT: 56.88
12:03:40.565593 ATT: [-0.2, 2.5, 202]
12:03:40.566139 ACC: [6, 57, 431]
*** LANDING mode ***
...Perform landing...
[1500, 1499, 1350, 1499, 2011, 950, 988, 1699, 1001, 1001, 1001, 1001, 1500, 1500, 1500, 1500]
*** LANDING mode ***
...Perform landing...
[1500, 1500, 1350, 1499, 2011, 950, 988, 1699, 1001, 1001, 1001, 1001, 1500, 1500, 1500, 1500]
12:03:40.612967 ALT: 56.8
12:03:40.613062 ATT: [-0.3, 1.8, 202]
12:03:40.613449 ACC: [6, 57, 436]
*** LANDING mode ***
...Perform landing...
[1500, 1500, 1350, 1500, 2011, 950, 988, 1699, 1001, 1001, 1001, 1001, 1500, 1500, 1500, 1500]
*** LANDING mode ***
...Perform landing...
[1499, 1500, 1350, 1500, 2011, 950, 988, 1699, 1001, 1001, 1001, 1001, 1500, 1500, 1500, 1500]
*** LANDING mode ***
...Perform landing...
[1499, 1500, 1350, 1499, 2011, 950, 988, 1699, 1001, 1001, 1001, 1001, 1500, 1500, 1500, 1500]
12:03:40.661122 ALT: 56.75
12:03:40.661282 ATT: [-0.3, 1.7, 202]
12:03:40.661985 ACC: [5, 59, 437]
*** LANDING mode ***
...Perform landing...
[1500, 1500, 1350, 1500, 2011, 950, 988, 1699, 1001, 1001, 1001, 1001, 1500, 1500, 1500, 1500]
*** LANDING mode ***
...Perform landing...
[1500, 1499, 1350, 1500, 2011, 950, 988, 1699, 1001, 1001, 1001, 1001, 1500, 1500, 1500, 1500]
12:03:40.709033 ALT: 56.7
12:03:40.709138 ATT: [-0.2, 1.5, 203]
12:03:40.709539 ACC: [4, 55, 447]
*** LANDING mode ***
...Perform landing...
[1500, 1500, 1350, 1500, 2011, 950, 988, 1699, 1001, 1001, 1001, 1001, 1500, 1500, 1500, 1500]
*** LANDING mode ***
...Perform landing...
[1499, 1500, 1350, 1500, 2011, 950, 988, 1699, 1001, 1001, 1001, 1001, 1500, 1500, 1500, 1500]
12:03:40.756948 ALT: 56.63
12:03:40.757103 ATT: [-0.2, 1.3, 203]
12:03:40.757471 ACC: [7, 57, 450]
*** LANDING mode ***
...Perform landing...
[1499, 1500, 1350, 1500, 2011, 950, 988, 1699, 1001, 1001, 1001, 1001, 1500, 1500, 1500, 1500]
*** LANDING mode ***
...Perform landing...
[1499, 1500, 1350, 1500, 2011, 950, 988, 1699, 1001, 1001, 1001, 1001, 1500, 1500, 1500, 1500]
*** LANDING mode ***
...Perform landing...
[1499, 1500, 1350, 1500, 2011, 950, 988, 1699, 1001, 1001, 1001, 1001, 1500, 1500, 1500, 1500]
12:03:40.805606 ALT: 56.57
12:03:40.805765 ATT: [-0.1, 1.2, 203]
12:03:40.806320 ACC: [10, 52, 452]
*** LANDING mode ***
...Perform landing...
[1500, 1500, 1350, 1500, 2011, 950, 988, 1699, 1001, 1001, 1001, 1001, 1500, 1500, 1500, 1500]
*** LANDING mode ***
...Perform landing...
[1500, 1500, 1350, 1500, 2011, 950, 988, 1699, 1001, 1001, 1001, 1001, 1500, 1500, 1500, 1500]
12:03:40.853120 ALT: 56.47
12:03:40.853218 ATT: [-0.1, 0.9, 203]
12:03:40.853555 ACC: [9, 49, 442]
*** LANDING mode ***
...Perform landing...
[1500, 1500, 1350, 1499, 2011, 950, 988, 1699, 1001, 1001, 1001, 1001, 1500, 1500, 1500, 1500]
*** LANDING mode ***
...Perform landing...
[1500, 1500, 1350, 1499, 2011, 950, 988, 1699, 1001, 1001, 1001, 1001, 1500, 1500, 1500, 1500]
*** LANDING mode ***
...Perform landing...
[1500, 1500, 1350, 1500, 2011, 950, 988, 1699, 1001, 1001, 1001, 1001, 1500, 1500, 1500, 1500]
12:03:40.901407 ALT: 56.35
12:03:40.901511 ATT: [-0.3, 0.6, 203]
12:03:40.902051 ACC: [7, 53, 450]
*** LANDING mode ***
...Perform landing...
[1500, 1499, 1350, 1500, 2011, 950, 988, 1699, 1001, 1001, 1001, 1001, 1500, 1500, 1500, 1500]
*** LANDING mode ***
...Perform landing...
[1499, 1500, 1350, 1500, 2011, 950, 988, 1699, 1001, 1001, 1001, 1001, 1500, 1500, 1500, 1500]
12:03:40.949522 ALT: 56.3
12:03:40.949677 ATT: [-0.2, 0.5, 203]
12:03:40.950452 ACC: [7, 58, 452]
*** LANDING mode ***
...Perform landing...
[1500, 1500, 1350, 1500, 2011, 950, 988, 1699, 1001, 1001, 1001, 1001, 1500, 1500, 1500, 1500]
*** LANDING mode ***
...Perform landing...
[1500, 1500, 1350, 1500, 2011, 950, 988, 1699, 1001, 1001, 1001, 1001, 1500, 1500, 1500, 1500]
12:03:40.997024 ALT: 56.2
12:03:40.997123 ATT: [0.0, 0.4, 203]
12:03:40.997526 ACC: [9, 54, 458]
*** LANDING mode ***
...Perform landing...
[1500, 1499, 1350, 1500, 2011, 950, 988, 1699, 1001, 1001, 1001, 1001, 1500, 1500, 1500, 1500]
*** LANDING mode ***
...Perform landing...
[1500, 1500, 1350, 1500, 2011, 950, 988, 1699, 1001, 1001, 1001, 1001, 1500, 1500, 1500, 1500]
*** LANDING mode ***
...Perform landing...
[1499, 1500, 1350, 1500, 2011, 950, 988, 1699, 1001, 1001, 1001, 1001, 1500, 1500, 1500, 1500]
12:03:41.044995 ALT: 56.1
12:03:41.045087 ATT: [0.1, 0.4, 204]
12:03:41.045336 ACC: [11, 48, 444]
*** LANDING mode ***
...Perform landing...
[1500, 1500, 1350, 1499, 2011, 950, 988, 1699, 1001, 1001, 1001, 1001, 1500, 1500, 1500, 1500]
*** LANDING mode ***
...Perform landing...
[1499, 1500, 1350, 1500, 2011, 950, 988, 1699, 1001, 1001, 1001, 1001, 1500, 1500, 1500, 1500]
12:03:41.093251 ALT: 56.07
12:03:41.093448 ATT: [-0.2, 0.4, 204]
12:03:41.093862 ACC: [9, 46, 455]
*** LANDING mode ***
...Perform landing...
[1500, 1499, 1350, 1499, 2011, 950, 988, 1699, 1001, 1001, 1001, 1001, 1500, 1500, 1500, 1500]
*** LANDING mode ***
...Perform landing...
[1500, 1500, 1350, 1500, 2011, 950, 988, 1699, 1001, 1001, 1001, 1001, 1500, 1500, 1500, 1500]
*** LANDING mode ***
...Perform landing...
[1499, 1500, 1350, 1500, 2011, 950, 988, 1699, 1001, 1001, 1001, 1001, 1500, 1500, 1500, 1500]
12:03:41.140939 ALT: 55.95
12:03:41.141027 ATT: [-0.2, 0.1, 204]
12:03:41.141277 ACC: [10, 49, 471]
*** LANDING mode ***
...Perform landing...
[1500, 1500, 1350, 1499, 2011, 950, 988, 1699, 1001, 1001, 1001, 1001, 1500, 1500, 1500, 1500]
*** LANDING mode ***
...Perform landing...
[1500, 1500, 1350, 1500, 2011, 950, 988, 1698, 1001, 1001, 1001, 1001, 1500, 1500, 1500, 1500]
*** LANDING mode ***
...Perform landing...
[1500, 1500, 1350, 1500, 2011, 950, 988, 1699, 1001, 1001, 1001, 1001, 1500, 1500, 1500, 1500]
12:03:41.205451 ALT: 55.85
12:03:41.205552 ATT: [-0.1, -0.2, 204]
12:03:41.205938 ACC: [9, 45, 476]
*** LANDING mode ***
...Perform landing...
[1500, 1500, 1350, 1500, 2011, 950, 988, 1699, 1001, 1001, 1001, 1001, 1500, 1500, 1500, 1500]
*** LANDING mode ***
...Perform landing...
[1500, 1500, 1350, 1500, 2011, 950, 988, 1699, 1001, 1001, 1001, 1001, 1500, 1500, 1500, 1500]
12:03:41.254109 ALT: 55.68
12:03:41.254205 ATT: [0.1, 0.0, 204]
12:03:41.254473 ACC: [10, 55, 467]
*** LANDING mode ***
...Perform landing...
[1500, 1500, 1350, 1499, 2011, 950, 988, 1699, 1001, 1001, 1001, 1001, 1500, 1500, 1500, 1500]
*** LANDING mode ***
...Perform landing...
[1499, 1500, 1350, 1499, 2011, 950, 988, 1699, 1001, 1001, 1001, 1001, 1500, 1500, 1500, 1500]
*** LANDING mode ***
...Perform landing...
[1499, 1499, 1350, 1500, 2011, 950, 988, 1699, 1001, 1001, 1001, 1001, 1500, 1500, 1500, 1500]
12:03:41.301002 ALT: 55.63
12:03:41.301126 ATT: [0.0, 0.1, 205]
12:03:41.301501 ACC: [7, 46, 483]
*** LANDING mode ***
...Perform landing...
[1500, 1500, 1350, 1500, 2011, 950, 988, 1699, 1001, 1001, 1001, 1001, 1500, 1500, 1500, 1500]
*** LANDING mode ***
...Perform landing...
[1499, 1500, 1350, 1500, 2011, 950, 988, 1699, 1001, 1001, 1001, 1001, 1500, 1500, 1500, 1500]
12:03:41.349474 ALT: 55.52
12:03:41.349737 ATT: [-0.1, 0.0, 205]
12:03:41.350224 ACC: [6, 43, 482]
*** LANDING mode ***
...Perform landing...
[1500, 1500, 1350, 1499, 2011, 950, 988, 1699, 1001, 1001, 1001, 1001, 1500, 1500, 1500, 1500]
*** LANDING mode ***
...Perform landing...
[1500, 1500, 1350, 1500, 2011, 950, 988, 1699, 1001, 1001, 1001, 1001, 1500, 1500, 1500, 1500]
12:03:41.397048 ALT: 55.43
12:03:41.397147 ATT: [0.1, 0.0, 205]
12:03:41.397429 ACC: [7, 48, 472]
*** LANDING mode ***
...Perform landing...
[1500, 1499, 1350, 1500, 2011, 951, 986, 1699, 1001, 1001, 1001, 1001, 1500, 1500, 1500, 1500]
*** LANDING mode ***
...Perform landing...
[1500, 1500, 1350, 1500, 2011, 950, 988, 1699, 1001, 1001, 1001, 1001, 1500, 1500, 1500, 1500]
*** LANDING mode ***
...Perform landing...
[1500, 1500, 1350, 1500, 2011, 950, 988, 1699, 1001, 1001, 1001, 1001, 1500, 1500, 1500, 1500]
12:03:41.445091 ALT: 55.29
12:03:41.445199 ATT: [0.1, 0.0, 205]
12:03:41.445456 ACC: [3, 41, 472]
*** LANDING mode ***
...Perform landing...
[1500, 1500, 1350, 1500, 2011, 950, 988, 1699, 1001, 1001, 1001, 1001, 1500, 1500, 1500, 1500]
*** LANDING mode ***
...Perform landing...
[1500, 1500, 1350, 1500, 2011, 950, 988, 1700, 1001, 1001, 1001, 1001, 1500, 1500, 1500, 1500]
12:03:41.492972 ALT: 55.13
12:03:41.493085 ATT: [0.1, -0.1, 205]
12:03:41.493428 ACC: [7, 46, 483]
*** LANDING mode ***
...Perform landing...
[1500, 1499, 1350, 1500, 2011, 950, 988, 1699, 1001, 1001, 1001, 1001, 1500, 1500, 1500, 1500]
*** LANDING mode ***
...Perform landing...
[1500, 1500, 1350, 1500, 2011, 950, 988, 1699, 1001, 1001, 1001, 1001, 1500, 1500, 1500, 1500]
*** LANDING mode ***
...Perform landing...
[1500, 1500, 1350, 1500, 2011, 950, 988, 1699, 1001, 1001, 1001, 1001, 1500, 1500, 1500, 1500]
12:03:41.540949 ALT: 55.02
12:03:41.541036 ATT: [0.2, 0.0, 205]
12:03:41.541300 ACC: [6, 43, 470]
*** LANDING mode ***
...Perform landing...
[1500, 1500, 1350, 1499, 2011, 950, 988, 1699, 1001, 1001, 1001, 1001, 1500, 1500, 1500, 1500]
*** LANDING mode ***
...Perform landing...
[1500, 1500, 1350, 1499, 2011, 950, 988, 1699, 1001, 1001, 1001, 1001, 1500, 1500, 1500, 1500]
12:03:41.589075 ALT: 54.87
12:03:41.589172 ATT: [0.2, -0.1, 205]
12:03:41.589523 ACC: [6, 43, 468]
*** LANDING mode ***
...Perform landing...
[1500, 1500, 1350, 1500, 2011, 950, 988, 1699, 1001, 1001, 1001, 1001, 1500, 1500, 1500, 1500]
*** LANDING mode ***
...Perform landing...
[1500, 1499, 1350, 1500, 2011, 950, 988, 1699, 1001, 1001, 1001, 1001, 1500, 1500, 1500, 1500]
12:03:41.637478 ALT: 54.71
12:03:41.637605 ATT: [0.2, -0.2, 206]
12:03:41.638196 ACC: [8, 52, 471]
*** LANDING mode ***
...Perform landing...
[1499, 1500, 1350, 1500, 2011, 950, 988, 1699, 1001, 1001, 1001, 1001, 1500, 1500, 1500, 1500]
*** LANDING mode ***
...Perform landing...
[1500, 1500, 1350, 1500, 2011, 950, 988, 1699, 1001, 1001, 1001, 1001, 1500, 1500, 1500, 1500]
*** LANDING mode ***
...Perform landing...
[1500, 1500, 1350, 1500, 2011, 950, 988, 1699, 1001, 1001, 1001, 1001, 1500, 1500, 1500, 1500]
12:03:41.686884 ALT: 54.6
12:03:41.686978 ATT: [0.6, 0.0, 206]
12:03:41.687248 ACC: [4, 40, 466]
*** LANDING mode ***
...Perform landing...
[1500, 1499, 1350, 1500, 2011, 950, 988, 1699, 1001, 1001, 1001, 1001, 1500, 1500, 1500, 1500]
*** LANDING mode ***
...Perform landing...
[1500, 1500, 1350, 1500, 2011, 950, 988, 1699, 1001, 1001, 1001, 1001, 1500, 1500, 1500, 1500]
12:03:41.733311 ALT: 54.45
12:03:41.733477 ATT: [0.4, 0.1, 206]
12:03:41.733991 ACC: [4, 43, 461]
*** LANDING mode ***
...Perform landing...
[1500, 1500, 1350, 1500, 2011, 950, 988, 1699, 1001, 1001, 1001, 1001, 1500, 1500, 1500, 1500]
*** LANDING mode ***
...Perform landing...
[1500, 1500, 1350, 1499, 2011, 950, 988, 1699, 1001, 1001, 1001, 1001, 1500, 1500, 1500, 1500]
*** LANDING mode ***
...Perform landing...
[1500, 1500, 1350, 1500, 2012, 950, 988, 1699, 1001, 1001, 1001, 1001, 1500, 1500, 1500, 1500]
12:03:41.781294 ALT: 54.29
12:03:41.781467 ATT: [0.3, -0.1, 206]
12:03:41.782277 ACC: [4, 38, 473]
*** LANDING mode ***
...Perform landing...
[1500, 1500, 1350, 1499, 2011, 949, 988, 1699, 1001, 1001, 1001, 1001, 1500, 1500, 1500, 1500]
*** LANDING mode ***
...Perform landing...
[1500, 1500, 1350, 1500, 2011, 950, 988, 1699, 1001, 1001, 1001, 1001, 1500, 1500, 1500, 1500]
12:03:41.829097 ALT: 54.13
12:03:41.829190 ATT: [0.2, -0.1, 206]
12:03:41.829623 ACC: [9, 40, 463]
*** LANDING mode ***
...Perform landing...
[1500, 1500, 1350, 1500, 2011, 950, 988, 1699, 1001, 1001, 1001, 1001, 1500, 1500, 1500, 1500]
*** LANDING mode ***
...Perform landing...
[1500, 1500, 1350, 1499, 2011, 950, 988, 1699, 1001, 1001, 1001, 1001, 1500, 1500, 1500, 1500]
12:03:41.877699 ALT: 54.06
12:03:41.878067 ATT: [0.3, 0.1, 206]
12:03:41.878537 ACC: [6, 44, 470]
*** LANDING mode ***
...Perform landing...
[1500, 1500, 1350, 1500, 2011, 950, 988, 1699, 1001, 1001, 1001, 1001, 1500, 1500, 1500, 1500]
*** LANDING mode ***
...Perform landing...
[1500, 1500, 1350, 1500, 2011, 950, 988, 1699, 1001, 1001, 1001, 1001, 1500, 1500, 1500, 1500]
*** LANDING mode ***
...Perform landing...
[1500, 1500, 1350, 1500, 2011, 950, 988, 1699, 1001, 1001, 1001, 1001, 1500, 1500, 1500, 1500]
12:03:41.925145 ALT: 53.92
12:03:41.925246 ATT: [0.5, 0.3, 206]
12:03:41.925575 ACC: [9, 37, 461]
*** LANDING mode ***
...Perform landing...
[1500, 1500, 1350, 1500, 2011, 950, 988, 1699, 1001, 1001, 1001, 1001, 1500, 1500, 1500, 1500]
*** LANDING mode ***
...Perform landing...
[1500, 1500, 1350, 1500, 2011, 950, 988, 1699, 1001, 1001, 1001, 1001, 1500, 1500, 1500, 1500]
12:03:41.973127 ALT: 53.76
12:03:41.973218 ATT: [0.6, 0.2, 207]
12:03:41.973644 ACC: [11, 41, 462]
*** LANDING mode ***
...Perform landing...
[1499, 1500, 1350, 1500, 2011, 950, 988, 1699, 1001, 1001, 1001, 1001, 1500, 1500, 1500, 1500]
*** LANDING mode ***
...Perform landing...
[1500, 1499, 1350, 1500, 2011, 950, 988, 1699, 1001, 1001, 1001, 1001, 1500, 1500, 1500, 1500]
*** LANDING mode ***
...Perform landing...
[1500, 1499, 1350, 1500, 2011, 950, 988, 1699, 1001, 1001, 1001, 1001, 1500, 1500, 1500, 1500]
12:03:42.021216 ALT: 53.6
12:03:42.021425 ATT: [0.6, 0.4, 207]
12:03:42.022222 ACC: [11, 36, 460]
*** LANDING mode ***
...Perform landing...
[1500, 1499, 1350, 1499, 2011, 950, 988, 1699, 1001, 1001, 1001, 1001, 1500, 1500, 1500, 1500]
*** LANDING mode ***
...Perform landing...
[1499, 1500, 1350, 1500, 2011, 950, 988, 1699, 1001, 1001, 1001, 1001, 1500, 1500, 1500, 1500]
12:03:42.069189 ALT: 53.44
12:03:42.069413 ATT: [0.5, 0.5, 207]
12:03:42.070469 ACC: [7, 26, 467]
*** LANDING mode ***
...Perform landing...
[1500, 1500, 1350, 1500, 2011, 950, 988, 1699, 1001, 1001, 1001, 1001, 1500, 1500, 1500, 1500]
*** LANDING mode ***
...Perform landing...
[1500, 1499, 1350, 1500, 2011, 950, 988, 1699, 1001, 1001, 1001, 1001, 1500, 1500, 1500, 1500]
12:03:42.117476 ALT: 53.27
12:03:42.117715 ATT: [0.0, 0.1, 207]
12:03:42.118265 ACC: [10, 34, 489]
*** LANDING mode ***
...Perform landing...
[1500, 1500, 1350, 1500, 2011, 950, 988, 1699, 1001, 1001, 1001, 1001, 1500, 1500, 1500, 1500]
*** LANDING mode ***
...Perform landing...
[1500, 1500, 1350, 1500, 2011, 950, 988, 1699, 1001, 1001, 1001, 1001, 1500, 1500, 1500, 1500]
*** LANDING mode ***
...Perform landing...
[1499, 1500, 1350, 1500, 2011, 950, 988, 1699, 1001, 1001, 1001, 1001, 1500, 1500, 1500, 1500]
12:03:42.165244 ALT: 53.1
12:03:42.165337 ATT: [-0.5, -0.6, 207]
12:03:42.165628 ACC: [7, 32, 508]
*** LANDING mode ***
...Perform landing...
[1500, 1500, 1350, 1500, 2011, 950, 988, 1699, 1001, 1001, 1001, 1001, 1500, 1500, 1500, 1500]
*** LANDING mode ***
...Perform landing...
[1500, 1500, 1350, 1500, 2011, 950, 988, 1699, 1001, 1001, 1001, 1001, 1500, 1500, 1500, 1500]
12:03:42.213131 ALT: 52.93
12:03:42.213225 ATT: [-0.3, -0.6, 207]
12:03:42.213578 ACC: [12, 23, 504]
*** LANDING mode ***
...Perform landing...
[1500, 1500, 1350, 1500, 2011, 950, 988, 1699, 1001, 1001, 1001, 1001, 1500, 1500, 1500, 1500]
*** LANDING mode ***
...Perform landing...
[1500, 1500, 1350, 1500, 2009, 950, 988, 1699, 1001, 1001, 1001, 1001, 1500, 1500, 1500, 1500]
*** LANDING mode ***
...Perform landing...
[1500, 1500, 1350, 1500, 2011, 950, 988, 1699, 1001, 1001, 1001, 1001, 1500, 1500, 1500, 1500]
12:03:42.261521 ALT: 52.73
12:03:42.261693 ATT: [0.1, -0.1, 208]
12:03:42.262262 ACC: [14, 25, 503]
*** LANDING mode ***
...Perform landing...
[1500, 1500, 1350, 1499, 2011, 950, 988, 1699, 1001, 1001, 1001, 1001, 1500, 1500, 1500, 1500]
*** LANDING mode ***
...Perform landing...
[1500, 1500, 1350, 1499, 2011, 950, 988, 1699, 1001, 1001, 1001, 1001, 1500, 1500, 1500, 1500]
12:03:42.309255 ALT: 52.65
12:03:42.309376 ATT: [0.5, 0.0, 208]
12:03:42.310054 ACC: [9, 31, 483]
*** LANDING mode ***
...Perform landing...
[1500, 1500, 1350, 1499, 2012, 950, 988, 1699, 1001, 1001, 1001, 1001, 1500, 1500, 1500, 1500]
*** LANDING mode ***
...Perform landing...
[1500, 1499, 1350, 1500, 2011, 950, 988, 1699, 1001, 1001, 1001, 1001, 1500, 1500, 1500, 1500]
12:03:42.357127 ALT: 52.46
12:03:42.357271 ATT: [0.5, 0.0, 208]
12:03:42.357578 ACC: [13, 33, 494]
*** LANDING mode ***
...Perform landing...
[1500, 1500, 1350, 1499, 2011, 950, 988, 1699, 1001, 1001, 1001, 1001, 1500, 1500, 1500, 1500]
*** LANDING mode ***
...Perform landing...
[1499, 1500, 1350, 1499, 2011, 950, 988, 1699, 1001, 1001, 1001, 1001, 1500, 1500, 1500, 1500]
*** LANDING mode ***
...Perform landing...
[1500, 1500, 1350, 1499, 2012, 950, 988, 1699, 1001, 1001, 1001, 1001, 1500, 1500, 1500, 1500]
12:03:42.405106 ALT: 52.28
12:03:42.405201 ATT: [0.4, 0.0, 208]
12:03:42.405468 ACC: [12, 29, 480]
*** LANDING mode ***
...Perform landing...
[1500, 1500, 1350, 1500, 2012, 949, 988, 1699, 1001, 1001, 1001, 1001, 1500, 1500, 1500, 1500]
*** LANDING mode ***
...Perform landing...
[1500, 1499, 1350, 1500, 2011, 947, 988, 1699, 1001, 1001, 1001, 1001, 1500, 1500, 1500, 1500]
12:03:42.453766 ALT: 52.12
12:03:42.453906 ATT: [0.0, -0.1, 208]
12:03:42.454229 ACC: [9, 35, 470]
*** LANDING mode ***
...Perform landing...
[1500, 1500, 1350, 1500, 2011, 950, 988, 1699, 1001, 1001, 1001, 1001, 1500, 1500, 1500, 1500]
*** LANDING mode ***
...Perform landing...
[1500, 1500, 1350, 1500, 2011, 950, 988, 1699, 1001, 1001, 1001, 1001, 1500, 1500, 1500, 1500]
*** LANDING mode ***
...Perform landing...
[1500, 1500, 1350, 1500, 2011, 950, 988, 1699, 1001, 1001, 1001, 1001, 1500, 1500, 1500, 1500]
12:03:42.501200 ALT: 51.95
12:03:42.501335 ATT: [-0.2, -0.3, 208]
12:03:42.501992 ACC: [12, 37, 483]
*** LANDING mode ***
...Perform landing...
[1499, 1500, 1350, 1500, 2011, 950, 988, 1699, 1001, 1001, 1001, 1001, 1500, 1500, 1500, 1500]
*** LANDING mode ***
...Perform landing...
[1500, 1500, 1350, 1500, 2011, 950, 988, 1699, 1001, 1001, 1001, 1001, 1500, 1500, 1500, 1500]
12:03:42.549285 ALT: 51.78
12:03:42.549384 ATT: [0.1, -0.6, 208]
12:03:42.549889 ACC: [15, 27, 464]
*** LANDING mode ***
...Perform landing...
[1500, 1500, 1350, 1500, 2011, 950, 988, 1699, 1001, 1001, 1001, 1001, 1500, 1500, 1500, 1500]
*** LANDING mode ***
...Perform landing...
[1500, 1500, 1350, 1500, 2011, 950, 988, 1699, 1001, 1001, 1001, 1001, 1500, 1500, 1500, 1500]
12:03:42.597245 ALT: 51.61
12:03:42.597394 ATT: [0.4, -0.2, 208]
12:03:42.597895 ACC: [14, 21, 478]
*** LANDING mode ***
...Perform landing...
[1500, 1500, 1350, 1500, 2011, 950, 988, 1699, 1001, 1001, 1001, 1001, 1500, 1500, 1500, 1500]
*** LANDING mode ***
...Perform landing...
[1500, 1500, 1350, 1499, 2011, 950, 988, 1699, 1001, 1001, 1001, 1001, 1500, 1500, 1500, 1500]
*** LANDING mode ***
...Perform landing...
[1500, 1500, 1350, 1500, 2011, 950, 988, 1699, 1001, 1001, 1001, 1001, 1500, 1500, 1500, 1500]
12:03:42.645295 ALT: 51.39
12:03:42.645440 ATT: [0.4, 0.4, 208]
12:03:42.645979 ACC: [11, 29, 470]
*** LANDING mode ***
...Perform landing...
[1500, 1500, 1350, 1499, 2011, 950, 988, 1699, 1001, 1001, 1001, 1001, 1500, 1500, 1500, 1500]
*** LANDING mode ***
...Perform landing...
[1500, 1499, 1350, 1500, 2011, 950, 988, 1700, 1001, 1001, 1001, 1001, 1500, 1500, 1500, 1500]
12:03:42.693564 ALT: 51.2
12:03:42.694447 ATT: [0.4, 0.7, 208]
12:03:42.697401 ACC: [13, 33, 475]
*** LANDING mode ***
...Perform landing...
[1500, 1500, 1350, 1500, 2011, 950, 988, 1699, 1001, 1001, 1001, 1001, 1500, 1500, 1500, 1500]
*** LANDING mode ***
...Perform landing...
[1499, 1500, 1350, 1500, 2011, 950, 988, 1699, 1001, 1001, 1001, 1001, 1500, 1500, 1500, 1500]
*** LANDING mode ***
...Perform landing...
[1500, 1499, 1350, 1500, 2011, 950, 988, 1700, 1001, 1001, 1001, 1001, 1500, 1500, 1500, 1500]
12:03:42.741154 ALT: 51.02
12:03:42.741252 ATT: [0.4, 0.6, 208]
12:03:42.741662 ACC: [11, 33, 473]
*** LANDING mode ***
...Perform landing...
[1500, 1500, 1350, 1499, 2011, 950, 988, 1699, 1001, 1001, 1001, 1001, 1500, 1500, 1500, 1500]
*** LANDING mode ***
...Perform landing...
[1500, 1500, 1350, 1500, 2011, 950, 988, 1699, 1001, 1001, 1001, 1001, 1500, 1500, 1500, 1500]
12:03:42.789162 ALT: 50.85
12:03:42.789254 ATT: [0.4, 0.2, 208]
12:03:42.789522 ACC: [14, 29, 486]
*** LANDING mode ***
...Perform landing...
[1500, 1500, 1350, 1500, 2011, 950, 988, 1699, 1001, 1001, 1001, 1001, 1500, 1500, 1500, 1500]
*** LANDING mode ***
...Perform landing...
[1500, 1500, 1350, 1500, 2011, 950, 988, 1699, 1001, 1001, 1001, 1001, 1500, 1500, 1500, 1500]
12:03:42.837409 ALT: 50.69
12:03:42.837832 ATT: [0.0, -0.2, 209]
12:03:42.838884 ACC: [11, 25, 499]
*** LANDING mode ***
...Perform landing...
[1500, 1499, 1350, 1500, 2011, 950, 988, 1699, 1001, 1001, 1001, 1001, 1500, 1500, 1500, 1500]
*** LANDING mode ***
...Perform landing...
[1500, 1501, 1350, 1500, 2011, 950, 988, 1699, 1001, 1001, 1001, 1001, 1500, 1500, 1500, 1500]
*** LANDING mode ***
...Perform landing...
[1500, 1500, 1350, 1500, 2011, 950, 988, 1699, 1001, 1001, 1001, 1001, 1500, 1500, 1500, 1500]
12:03:42.885327 ALT: 50.52
12:03:42.885446 ATT: [0.2, -0.3, 209]
12:03:42.886059 ACC: [10, 9, 512]
*** LANDING mode ***
...Perform landing...
[1500, 1500, 1350, 1500, 2011, 950, 988, 1699, 1001, 1001, 1001, 1001, 1500, 1500, 1500, 1500]
*** LANDING mode ***
...Perform landing...
[1500, 1500, 1350, 1500, 2011, 950, 986, 1699, 1001, 1001, 1001, 1001, 1500, 1500, 1500, 1500]
12:03:42.933242 ALT: 50.41
12:03:42.933341 ATT: [0.1, -0.3, 209]
12:03:42.933717 ACC: [4, 6, 522]
*** LANDING mode ***
...Perform landing...
[1500, 1499, 1350, 1500, 2011, 950, 988, 1699, 1001, 1001, 1001, 1001, 1500, 1500, 1500, 1500]
*** LANDING mode ***
...Perform landing...
[1500, 1500, 1350, 1500, 2011, 950, 988, 1699, 1001, 1001, 1001, 1001, 1500, 1500, 1500, 1500]
*** LANDING mode ***
...Perform landing...
[1500, 1500, 1350, 1500, 2011, 950, 988, 1699, 1001, 1001, 1001, 1001, 1500, 1500, 1500, 1500]
12:03:42.981287 ALT: 50.24
12:03:42.981437 ATT: [-0.3, -0.4, 209]
12:03:42.982073 ACC: [6, 9, 522]
*** LANDING mode ***
...Perform landing...
[1500, 1500, 1350, 1499, 2011, 950, 988, 1699, 1001, 1001, 1001, 1001, 1500, 1500, 1500, 1500]
*** LANDING mode ***
...Perform landing...
[1500, 1500, 1350, 1499, 2011, 950, 988, 1699, 1001, 1001, 1001, 1001, 1500, 1500, 1500, 1500]
12:03:43.029209 ALT: 50.07
12:03:43.029303 ATT: [-0.4, -0.1, 209]
12:03:43.029621 ACC: [5, 19, 506]
*** LANDING mode ***
...Perform landing...
[1500, 1500, 1350, 1500, 2011, 950, 988, 1699, 1001, 1001, 1001, 1001, 1500, 1500, 1500, 1500]
*** LANDING mode ***
...Perform landing...
[1500, 1500, 1350, 1500, 2011, 950, 988, 1699, 1001, 1001, 1001, 1001, 1500, 1500, 1500, 1500]
12:03:43.077629 ALT: 49.9
12:03:43.077893 ATT: [0.1, -0.3, 209]
12:03:43.078324 ACC: [6, 18, 516]
*** LANDING mode ***
...Perform landing...
[1500, 1500, 1350, 1500, 2011, 950, 988, 1699, 1001, 1001, 1001, 1001, 1500, 1500, 1500, 1500]
*** LANDING mode ***
...Perform landing...
[1500, 1499, 1350, 1500, 2011, 950, 988, 1699, 1001, 1001, 1001, 1001, 1500, 1500, 1500, 1500]
*** LANDING mode ***
...Perform landing...
[1500, 1500, 1350, 1500, 2011, 950, 988, 1699, 1001, 1001, 1001, 1001, 1500, 1500, 1500, 1500]
12:03:43.125662 ALT: 49.77
12:03:43.125773 ATT: [0.4, -0.4, 209]
12:03:43.126149 ACC: [3, 21, 496]
*** LANDING mode ***
...Perform landing...
[1500, 1500, 1350, 1500, 2011, 950, 988, 1699, 1001, 1001, 1001, 1001, 1500, 1500, 1500, 1500]
*** LANDING mode ***
...Perform landing...
[1500, 1500, 1350, 1499, 2011, 950, 988, 1699, 1001, 1001, 1001, 1001, 1500, 1500, 1500, 1500]
12:03:43.173237 ALT: 49.6
12:03:43.173329 ATT: [0.1, -0.7, 209]
12:03:43.173582 ACC: [5, 12, 514]
*** LANDING mode ***
...Perform landing...
[1500, 1500, 1350, 1500, 2011, 950, 988, 1699, 1001, 1001, 1001, 1001, 1500, 1500, 1500, 1500]
*** LANDING mode ***
...Perform landing...
[1500, 1500, 1350, 1500, 2011, 951, 986, 1699, 1001, 1001, 1001, 1001, 1500, 1500, 1500, 1500]
*** LANDING mode ***
...Perform landing...
[1500, 1500, 1350, 1500, 2011, 950, 988, 1699, 1001, 1001, 1001, 1001, 1500, 1500, 1500, 1500]
12:03:43.221552 ALT: 49.41
12:03:43.222014 ATT: [0.3, -0.8, 209]
12:03:43.222454 ACC: [11, 6, 500]
*** LANDING mode ***
...Perform landing...
[1500, 1499, 1350, 1500, 2011, 950, 988, 1699, 1001, 1001, 1001, 1001, 1500, 1500, 1500, 1500]
*** LANDING mode ***
...Perform landing...
[1500, 1500, 1350, 1500, 2011, 950, 988, 1699, 1001, 1001, 1001, 1001, 1500, 1500, 1500, 1500]
*** LANDING mode ***
...Perform landing...
[1500, 1500, 1350, 1500, 2011, 950, 988, 1699, 1001, 1001, 1001, 1001, 1500, 1500, 1500, 1500]
12:03:43.285613 ALT: 49.27
12:03:43.285765 ATT: [0.5, -0.1, 210]
12:03:43.286249 ACC: [11, 12, 483]
*** LANDING mode ***
...Perform landing...
[1500, 1500, 1350, 1500, 2011, 950, 988, 1699, 1001, 1001, 1001, 1001, 1500, 1500, 1500, 1500]
*** LANDING mode ***
...Perform landing...
[1500, 1500, 1350, 1499, 2012, 950, 988, 1699, 1001, 1001, 1001, 1001, 1500, 1500, 1500, 1500]
12:03:43.333405 ALT: 49.13
12:03:43.333556 ATT: [0.2, 0.4, 210]
12:03:43.334055 ACC: [10, 6, 508]
*** LANDING mode ***
...Perform landing...
[1500, 1500, 1350, 1499, 2011, 950, 988, 1700, 1001, 1001, 1001, 1001, 1500, 1500, 1500, 1500]
*** LANDING mode ***
...Perform landing...
[1500, 1500, 1350, 1497, 2011, 950, 988, 1699, 1001, 1001, 1001, 1001, 1500, 1500, 1500, 1500]
*** LANDING mode ***
...Perform landing...
[1500, 1499, 1350, 1500, 2011, 950, 988, 1699, 1001, 1001, 1001, 1001, 1500, 1500, 1500, 1500]
12:03:43.381956 ALT: 48.97
12:03:43.382249 ATT: [0.0, 0.3, 210]
12:03:43.382753 ACC: [7, 0, 514]
*** LANDING mode ***
...Perform landing...
[1500, 1499, 1350, 1500, 2011, 950, 988, 1699, 1001, 1001, 1001, 1001, 1500, 1500, 1500, 1500]
*** LANDING mode ***
...Perform landing...
[1499, 1500, 1350, 1500, 2011, 950, 988, 1699, 1001, 1001, 1001, 1001, 1500, 1500, 1500, 1500]
12:03:43.429376 ALT: 48.87
12:03:43.429505 ATT: [0.5, 0.1, 210]
12:03:43.430082 ACC: [7, 12, 499]
*** LANDING mode ***
...Perform landing...
[1500, 1499, 1350, 1500, 2011, 950, 988, 1699, 1001, 1001, 1001, 1001, 1500, 1500, 1500, 1500]
*** LANDING mode ***
...Perform landing...
[1500, 1500, 1350, 1499, 2011, 950, 988, 1699, 1001, 1001, 1001, 1001, 1500, 1500, 1500, 1500]
12:03:43.477477 ALT: 48.73
12:03:43.477614 ATT: [0.5, 0.0, 210]
12:03:43.478258 ACC: [12, 11, 514]
*** LANDING mode ***
...Perform landing...
[1500, 1500, 1350, 1500, 2011, 950, 988, 1699, 1001, 1001, 1001, 1001, 1500, 1500, 1500, 1500]
*** LANDING mode ***
...Perform landing...
[1500, 1499, 1350, 1500, 2011, 950, 988, 1699, 1001, 1001, 1001, 1001, 1500, 1500, 1500, 1500]
*** LANDING mode ***
...Perform landing...
[1500, 1499, 1350, 1500, 2011, 950, 988, 1699, 1001, 1001, 1001, 1001, 1500, 1500, 1500, 1500]
12:03:43.525482 ALT: 48.57
12:03:43.525577 ATT: [0.0, 0.1, 210]
12:03:43.525956 ACC: [9, 14, 508]
*** LANDING mode ***
...Perform landing...
[1500, 1499, 1350, 1500, 2011, 950, 988, 1699, 1001, 1001, 1001, 1001, 1500, 1500, 1500, 1500]
*** LANDING mode ***
...Perform landing...
[1499, 1500, 1350, 1499, 2011, 950, 988, 1699, 1001, 1001, 1001, 1001, 1500, 1500, 1500, 1500]
12:03:43.573307 ALT: 48.41
12:03:43.573406 ATT: [0.3, 0.1, 210]
12:03:43.573710 ACC: [11, 0, 496]
*** LANDING mode ***
...Perform landing...
[1499, 1500, 1350, 1500, 2011, 950, 988, 1699, 1001, 1001, 1001, 1001, 1500, 1500, 1500, 1500]
*** LANDING mode ***
...Perform landing...
[1500, 1499, 1350, 1500, 2011, 950, 988, 1699, 1001, 1001, 1001, 1001, 1500, 1500, 1500, 1500]
*** LANDING mode ***
...Perform landing...
[1500, 1500, 1350, 1500, 2011, 950, 988, 1699, 1001, 1001, 1001, 1001, 1500, 1500, 1500, 1500]
12:03:43.629156 ALT: 48.25
12:03:43.629268 ATT: [0.6, 0.1, 210]
12:03:43.629726 ACC: [9, 2, 509]
*** LANDING mode ***
...Perform landing...
[1500, 1500, 1350, 1500, 2011, 950, 988, 1699, 1001, 1001, 1001, 1001, 1500, 1500, 1500, 1500]
*** LANDING mode ***
...Perform landing...
[1500, 1500, 1350, 1497, 2011, 950, 989, 1699, 1001, 1001, 1001, 1001, 1500, 1500, 1500, 1500]
12:03:43.670660 ALT: 48.08
12:03:43.670780 ATT: [-0.3, 0.1, 210]
12:03:43.671066 ACC: [6, 5, 495]
*** LANDING mode ***
...Perform landing...
[1500, 1500, 1350, 1499, 2011, 950, 988, 1699, 1001, 1001, 1001, 1001, 1500, 1500, 1500, 1500]
*** LANDING mode ***
...Perform landing...
[1500, 1500, 1350, 1500, 2011, 950, 988, 1699, 1001, 1001, 1001, 1001, 1500, 1500, 1500, 1500]
12:03:43.717496 ALT: 47.96
12:03:43.717671 ATT: [-0.5, 0.0, 210]
12:03:43.718139 ACC: [8, -7, 513]
*** LANDING mode ***
...Perform landing...
[1500, 1499, 1350, 1500, 2011, 950, 988, 1699, 1001, 1001, 1001, 1001, 1500, 1500, 1500, 1500]
*** LANDING mode ***
...Perform landing...
[1499, 1500, 1350, 1500, 2011, 950, 988, 1699, 1001, 1001, 1001, 1001, 1500, 1500, 1500, 1500]
*** LANDING mode ***
...Perform landing...
[1500, 1500, 1350, 1499, 2011, 950, 988, 1699, 1001, 1001, 1001, 1001, 1500, 1500, 1500, 1500]
12:03:43.765652 ALT: 47.75
12:03:43.765761 ATT: [-0.2, 0.1, 210]
12:03:43.766109 ACC: [8, 5, 515]
*** LANDING mode ***
...Perform landing...
[1500, 1500, 1350, 1500, 2011, 950, 988, 1699, 1001, 1001, 1001, 1001, 1500, 1500, 1500, 1500]
*** LANDING mode ***
...Perform landing...
[1500, 1500, 1350, 1500, 2011, 950, 988, 1699, 1001, 1001, 1001, 1001, 1500, 1500, 1500, 1500]
12:03:43.813364 ALT: 47.64
12:03:43.813521 ATT: [-0.2, -0.2, 210]
12:03:43.814590 ACC: [7, 18, 519]
*** LANDING mode ***
...Perform landing...
[1499, 1500, 1350, 1500, 2011, 951, 986, 1699, 1001, 1001, 1001, 1001, 1500, 1500, 1500, 1500]
*** LANDING mode ***
...Perform landing...
[1499, 1500, 1350, 1500, 2011, 951, 986, 1699, 1001, 1001, 1001, 1001, 1500, 1500, 1500, 1500]
*** LANDING mode ***
...Perform landing...
[1500, 1500, 1350, 1500, 2011, 950, 988, 1699, 1001, 1001, 1001, 1001, 1500, 1500, 1500, 1500]
12:03:43.861338 ALT: 47.47
12:03:43.861434 ATT: [-0.1, -0.5, 210]
12:03:43.866114 ACC: [6, 6, 492]
*** LANDING mode ***
...Perform landing...
[1500, 1500, 1350, 1500, 2011, 950, 988, 1700, 1001, 1001, 1001, 1001, 1500, 1500, 1500, 1500]
*** LANDING mode ***
...Perform landing...
[1500, 1500, 1350, 1500, 2011, 950, 988, 1699, 1001, 1001, 1001, 1001, 1500, 1500, 1500, 1500]
12:03:43.909936 ALT: 47.3
12:03:43.910030 ATT: [0.0, -0.6, 211]
12:03:43.910336 ACC: [7, 4, 479]
*** LANDING mode ***
...Perform landing...
[1500, 1500, 1350, 1500, 2011, 950, 988, 1699, 1001, 1001, 1001, 1001, 1500, 1500, 1500, 1500]
*** LANDING mode ***
...Perform landing...
[1500, 1500, 1350, 1500, 2011, 950, 988, 1699, 1001, 1001, 1001, 1001, 1500, 1500, 1500, 1500]
12:03:43.957456 ALT: 47.13
12:03:43.957585 ATT: [0.0, -0.3, 211]
12:03:43.958004 ACC: [0, 2, 495]
*** LANDING mode ***
...Perform landing...
[1500, 1500, 1350, 1500, 2011, 950, 988, 1699, 1001, 1001, 1001, 1001, 1500, 1500, 1500, 1500]
*** LANDING mode ***
...Perform landing...
[1500, 1500, 1350, 1500, 2011, 950, 988, 1699, 1001, 1001, 1001, 1001, 1500, 1500, 1500, 1500]
*** LANDING mode ***
...Perform landing...
[1500, 1500, 1350, 1500, 2011, 950, 988, 1699, 1001, 1001, 1001, 1001, 1500, 1500, 1500, 1500]
12:03:44.005432 ALT: 46.93
12:03:44.005531 ATT: [0.3, 0.3, 211]
12:03:44.005876 ACC: [3, -1, 488]
*** LANDING mode ***
...Perform landing...
[1500, 1500, 1350, 1499, 2011, 950, 988, 1699, 1001, 1001, 1001, 1001, 1500, 1500, 1500, 1500]
*** LANDING mode ***
...Perform landing...
[1499, 1500, 1350, 1499, 2011, 950, 988, 1699, 1001, 1001, 1001, 1001, 1500, 1500, 1500, 1500]
12:03:44.054816 ALT: 46.73
12:03:44.054919 ATT: [0.0, 0.2, 211]
12:03:44.055318 ACC: [5, 0, 515]
*** LANDING mode ***
...Perform landing...
[1500, 1500, 1350, 1499, 2011, 950, 988, 1699, 1001, 1001, 1001, 1001, 1500, 1500, 1500, 1500]
*** LANDING mode ***
...Perform landing...
[1499, 1500, 1350, 1500, 2011, 950, 988, 1699, 1001, 1001, 1001, 1001, 1500, 1500, 1500, 1500]
*** LANDING mode ***
...Perform landing...
[1500, 1499, 1350, 1499, 2011, 950, 988, 1699, 1001, 1001, 1001, 1001, 1500, 1500, 1500, 1500]
12:03:44.101564 ALT: 46.55
12:03:44.101708 ATT: [0.1, 0.5, 211]
12:03:44.102260 ACC: [4, 5, 469]
*** LANDING mode ***
...Perform landing...
[1500, 1500, 1350, 1500, 2011, 950, 988, 1699, 1001, 1001, 1001, 1001, 1500, 1500, 1500, 1500]
*** LANDING mode ***
...Perform landing...
[1500, 1500, 1350, 1499, 2011, 950, 988, 1699, 1001, 1001, 1001, 1001, 1500, 1500, 1500, 1500]
12:03:44.149452 ALT: 46.34
12:03:44.149570 ATT: [-0.2, 0.5, 211]
12:03:44.149975 ACC: [0, 11, 494]
*** LANDING mode ***
...Perform landing...
[1500, 1500, 1350, 1499, 2011, 950, 988, 1699, 1001, 1001, 1001, 1001, 1500, 1500, 1500, 1500]
*** LANDING mode ***
...Perform landing...
[1500, 1500, 1350, 1449, 2011, 950, 988, 1699, 1001, 1001, 1001, 1001, 1500, 1500, 1500, 1500]
12:03:44.198272 ALT: 46.11
12:03:44.198380 ATT: [-0.5, -0.2, 211]
12:03:44.198675 ACC: [9, 7, 526]
*** LANDING mode ***
...Perform landing...
[1499, 1500, 1350, 1449, 2011, 950, 988, 1699, 1001, 1001, 1001, 1001, 1500, 1500, 1500, 1500]
*** LANDING mode ***
...Perform landing...
[1499, 1500, 1350, 1449, 2011, 950, 988, 1699, 1001, 1001, 1001, 1001, 1500, 1500, 1500, 1500]
*** LANDING mode ***
...Perform landing...
[1499, 1500, 1350, 1449, 2011, 950, 988, 1699, 1001, 1001, 1001, 1001, 1500, 1500, 1500, 1500]
12:03:44.246324 ALT: 46.02
12:03:44.246600 ATT: [-0.3, -0.2, 211]
12:03:44.247284 ACC: [5, 10, 507]
*** LANDING mode ***
...Perform landing...
[1500, 1500, 1350, 1449, 2011, 950, 988, 1699, 1001, 1001, 1001, 1001, 1500, 1500, 1500, 1500]
*** LANDING mode ***
...Perform landing...
[1500, 1500, 1350, 1449, 2011, 950, 988, 1699, 1001, 1001, 1001, 1001, 1500, 1500, 1500, 1500]
12:03:44.298426 ALT: 45.82
12:03:44.298557 ATT: [-0.4, 0.1, 211]
12:03:44.298901 ACC: [9, 16, 521]
*** LANDING mode ***
...Perform landing...
[1499, 1500, 1350, 1452, 2009, 950, 988, 1699, 1001, 1001, 1001, 1001, 1500, 1500, 1500, 1500]
*** LANDING mode ***
...Perform landing...
[1500, 1500, 1350, 1449, 2011, 950, 988, 1699, 1001, 1001, 1001, 1001, 1500, 1500, 1500, 1500]
*** LANDING mode ***
...Perform landing...
[1500, 1500, 1350, 1449, 2011, 950, 988, 1699, 1001, 1001, 1001, 1001, 1500, 1500, 1500, 1500]
12:03:44.341396 ALT: 45.64
12:03:44.341498 ATT: [0.4, -0.3, 210]
12:03:44.341772 ACC: [6, -5, 544]
*** LANDING mode ***
...Perform landing...
[1500, 1499, 1350, 1449, 2011, 950, 988, 1699, 1001, 1001, 1001, 1001, 1500, 1500, 1500, 1500]
*** LANDING mode ***
...Perform landing...
[1500, 1500, 1350, 1449, 2011, 950, 988, 1700, 1001, 1001, 1001, 1001, 1500, 1500, 1500, 1500]
12:03:44.389570 ALT: 45.47
12:03:44.389663 ATT: [0.2, -0.4, 209]
12:03:44.390081 ACC: [13, 3, 525]
*** LANDING mode ***
...Perform landing...
[1499, 1500, 1350, 1449, 2011, 950, 988, 1699, 1001, 1001, 1001, 1001, 1500, 1500, 1500, 1500]
*** LANDING mode ***
...Perform landing...
[1500, 1499, 1350, 1449, 2011, 950, 988, 1699, 1001, 1001, 1001, 1001, 1500, 1500, 1500, 1500]
12:03:44.437898 ALT: 45.25
12:03:44.438023 ATT: [0.2, -0.5, 209]
12:03:44.438627 ACC: [8, 8, 510]
*** LANDING mode ***
...Perform landing...
[1500, 1500, 1350, 1449, 2011, 950, 988, 1699, 1001, 1001, 1001, 1001, 1500, 1500, 1500, 1500]
*** LANDING mode ***
...Perform landing...
[1499, 1500, 1350, 1449, 2011, 950, 988, 1699, 1001, 1001, 1001, 1001, 1500, 1500, 1500, 1500]
*** LANDING mode ***
...Perform landing...
[1500, 1500, 1350, 1449, 2011, 950, 988, 1699, 1001, 1001, 1001, 1001, 1500, 1500, 1500, 1500]
12:03:44.485549 ALT: 45.06
12:03:44.485692 ATT: [0.7, -0.2, 208]
12:03:44.486330 ACC: [9, 4, 515]
*** LANDING mode ***
...Perform landing...
[1499, 1500, 1350, 1450, 2011, 950, 988, 1699, 1001, 1001, 1001, 1001, 1500, 1500, 1500, 1500]
*** LANDING mode ***
...Perform landing...
[1499, 1500, 1350, 1449, 2011, 950, 988, 1699, 1001, 1001, 1001, 1001, 1500, 1500, 1500, 1500]
12:03:44.533454 ALT: 44.92
12:03:44.533568 ATT: [0.1, 0.2, 208]
12:03:44.533917 ACC: [5, 17, 499]
*** LANDING mode ***
...Perform landing...
[1500, 1500, 1350, 1449, 2011, 950, 988, 1699, 1001, 1001, 1001, 1001, 1500, 1500, 1500, 1500]
*** LANDING mode ***
...Perform landing...
[1500, 1500, 1350, 1449, 2011, 950, 988, 1699, 1001, 1001, 1001, 1001, 1500, 1500, 1500, 1500]
*** LANDING mode ***
...Perform landing...
[1500, 1500, 1350, 1449, 2011, 950, 988, 1699, 1001, 1001, 1001, 1001, 1500, 1500, 1500, 1500]
12:03:44.582450 ALT: 44.62
12:03:44.582545 ATT: [-0.6, -0.2, 207]
12:03:44.582826 ACC: [5, 23, 525]
*** LANDING mode ***
...Perform landing...
[1500, 1499, 1350, 1449, 2011, 950, 988, 1699, 1001, 1001, 1001, 1001, 1500, 1500, 1500, 1500]
*** LANDING mode ***
...Perform landing...
[1500, 1500, 1350, 1449, 2011, 950, 988, 1699, 1001, 1001, 1001, 1001, 1500, 1500, 1500, 1500]
12:03:44.632340 ALT: 44.4
12:03:44.632447 ATT: [-0.3, -0.2, 207]
12:03:44.632730 ACC: [5, 6, 501]
*** LANDING mode ***
...Perform landing...
[1500, 1500, 1350, 1449, 2011, 950, 988, 1699, 1001, 1001, 1001, 1001, 1500, 1500, 1500, 1500]
*** LANDING mode ***
...Perform landing...
[1500, 1500, 1350, 1449, 2011, 950, 988, 1699, 1001, 1001, 1001, 1001, 1500, 1500, 1500, 1500]
12:03:44.677506 ALT: 44.21
12:03:44.677598 ATT: [0.0, 0.1, 206]
12:03:44.678060 ACC: [8, 18, 550]
*** LANDING mode ***
...Perform landing...
[1500, 1500, 1350, 1449, 2011, 950, 988, 1699, 1001, 1001, 1001, 1001, 1500, 1500, 1500, 1500]
*** LANDING mode ***
...Perform landing...
[1500, 1500, 1350, 1449, 2011, 950, 988, 1699, 1001, 1001, 1001, 1001, 1500, 1500, 1500, 1500]
*** LANDING mode ***
...Perform landing...
[1500, 1500, 1350, 1449, 2011, 950, 988, 1699, 1001, 1001, 1001, 1001, 1500, 1500, 1500, 1500]
12:03:44.725492 ALT: 43.99
12:03:44.725631 ATT: [-0.4, 0.5, 206]
12:03:44.725935 ACC: [10, 31, 543]
*** LANDING mode ***
...Perform landing...
[1500, 1500, 1350, 1449, 2011, 950, 988, 1699, 1001, 1001, 1001, 1001, 1500, 1500, 1500, 1500]
*** LANDING mode ***
...Perform landing...
[1500, 1500, 1350, 1449, 2011, 950, 988, 1699, 1001, 1001, 1001, 1001, 1500, 1500, 1500, 1500]
12:03:44.773491 ALT: 43.8
12:03:44.773582 ATT: [0.3, -0.1, 205]
12:03:44.773912 ACC: [12, 7, 547]
*** LANDING mode ***
...Perform landing...
[1499, 1500, 1350, 1449, 2011, 950, 988, 1699, 1001, 1001, 1001, 1001, 1500, 1500, 1500, 1500]
*** LANDING mode ***
...Perform landing...
[1500, 1499, 1350, 1449, 2011, 950, 988, 1699, 1001, 1001, 1001, 1001, 1500, 1500, 1500, 1500]
*** LANDING mode ***
...Perform landing...
[1499, 1500, 1350, 1449, 2011, 950, 988, 1699, 1001, 1001, 1001, 1001, 1500, 1500, 1500, 1500]
12:03:44.821658 ALT: 43.66
12:03:44.821841 ATT: [0.2, -0.6, 204]
12:03:44.822518 ACC: [10, 22, 507]
*** LANDING mode ***
...Perform landing...
[1500, 1500, 1350, 1449, 2011, 950, 988, 1699, 1001, 1001, 1001, 1001, 1500, 1500, 1500, 1500]
*** LANDING mode ***
...Perform landing...
[1500, 1499, 1350, 1449, 2011, 950, 988, 1699, 1001, 1001, 1001, 1001, 1500, 1500, 1500, 1500]
12:03:44.870479 ALT: 43.45
12:03:44.870679 ATT: [0.4, 0.0, 204]
12:03:44.871386 ACC: [14, 9, 506]
*** LANDING mode ***
...Perform landing...
[1500, 1500, 1350, 1449, 2011, 950, 988, 1700, 1001, 1001, 1001, 1001, 1500, 1500, 1500, 1500]
*** LANDING mode ***
...Perform landing...
[1499, 1500, 1350, 1449, 2011, 950, 988, 1699, 1001, 1001, 1001, 1001, 1500, 1500, 1500, 1500]
12:03:44.917608 ALT: 43.24
12:03:44.917724 ATT: [0.1, 0.4, 203]
12:03:44.918189 ACC: [12, 16, 511]
*** LANDING mode ***
...Perform landing...
[1500, 1500, 1350, 1449, 2011, 950, 988, 1699, 1001, 1001, 1001, 1001, 1500, 1500, 1500, 1500]
*** LANDING mode ***
...Perform landing...
[1500, 1500, 1350, 1449, 2011, 950, 988, 1699, 1001, 1001, 1001, 1001, 1500, 1500, 1500, 1500]
*** LANDING mode ***
...Perform landing...
[1500, 1500, 1350, 1449, 2011, 950, 988, 1699, 1001, 1001, 1001, 1001, 1500, 1500, 1500, 1500]
12:03:44.968139 ALT: 43.0
12:03:44.968259 ATT: [0.1, 0.0, 203]
12:03:44.968921 ACC: [12, 21, 540]
*** LANDING mode ***
...Perform landing...
[1500, 1500, 1350, 1449, 2011, 950, 988, 1699, 1001, 1001, 1001, 1001, 1500, 1500, 1500, 1500]
*** LANDING mode ***
...Perform landing...
[1500, 1499, 1350, 1449, 2011, 950, 988, 1699, 1001, 1001, 1001, 1001, 1500, 1500, 1500, 1500]
12:03:45.013462 ALT: 42.75
12:03:45.013573 ATT: [-0.2, -0.6, 202]
12:03:45.013885 ACC: [10, 26, 516]
*** LANDING mode ***
...Perform landing...
[1500, 1500, 1350, 1449, 2011, 950, 986, 1699, 1001, 1001, 1001, 1001, 1500, 1500, 1500, 1500]
*** LANDING mode ***
...Perform landing...
[1500, 1500, 1350, 1449, 2011, 950, 988, 1699, 1001, 1001, 1001, 1001, 1500, 1500, 1500, 1500]
*** LANDING mode ***
...Perform landing...
[1500, 1500, 1350, 1449, 2011, 950, 988, 1699, 1001, 1001, 1001, 1001, 1500, 1500, 1500, 1500]
12:03:45.061597 ALT: 42.66
12:03:45.061737 ATT: [-0.1, -0.2, 202]
12:03:45.062759 ACC: [15, 12, 520]
*** LANDING mode ***
...Perform landing...
[1500, 1499, 1350, 1449, 2011, 950, 988, 1699, 1001, 1001, 1001, 1001, 1500, 1500, 1500, 1500]
*** LANDING mode ***
...Perform landing...
[1500, 1500, 1350, 1450, 2011, 950, 988, 1699, 1001, 1001, 1001, 1001, 1500, 1500, 1500, 1500]
12:03:45.109430 ALT: 42.36
12:03:45.109525 ATT: [-0.4, 0.1, 201]
12:03:45.109774 ACC: [7, 22, 504]
*** LANDING mode ***
...Perform landing...
[1499, 1500, 1350, 1449, 2011, 950, 988, 1699, 1001, 1001, 1001, 1001, 1500, 1500, 1500, 1500]
*** LANDING mode ***
...Perform landing...
[1500, 1500, 1350, 1449, 2011, 950, 988, 1699, 1001, 1001, 1001, 1001, 1500, 1500, 1500, 1500]
12:03:45.157545 ALT: 42.13
12:03:45.157649 ATT: [-0.6, -0.6, 201]
12:03:45.158106 ACC: [9, 17, 518]
*** LANDING mode ***
...Perform landing...
[1500, 1500, 1350, 1449, 2011, 950, 988, 1699, 1001, 1001, 1001, 1001, 1500, 1500, 1500, 1500]
*** LANDING mode ***
...Perform landing...
[1500, 1500, 1350, 1500, 2011, 950, 988, 1699, 1001, 1001, 1001, 1001, 1500, 1500, 1500, 1500]
*** LANDING mode ***
...Perform landing...
[1499, 1499, 1350, 1500, 2011, 950, 988, 1699, 1001, 1001, 1001, 1001, 1500, 1500, 1500, 1500]
12:03:45.206011 ALT: 41.9
12:03:45.206132 ATT: [0.0, -0.6, 200]
12:03:45.206434 ACC: [14, 9, 516]
*** LANDING mode ***
...Perform landing...
[1500, 1500, 1350, 1500, 2011, 950, 988, 1699, 1001, 1001, 1001, 1001, 1500, 1500, 1500, 1500]
*** LANDING mode ***
...Perform landing...
[1500, 1500, 1350, 1500, 2011, 950, 988, 1699, 1001, 1001, 1001, 1001, 1500, 1500, 1500, 1500]
12:03:45.254004 ALT: 41.69
12:03:45.255509 ATT: [0.6, 0.5, 200]
12:03:45.256019 ACC: [9, 6, 526]
*** LANDING mode ***
...Perform landing...
[1500, 1500, 1350, 1500, 2011, 950, 988, 1699, 1001, 1001, 1001, 1001, 1500, 1500, 1500, 1500]
*** LANDING mode ***
...Perform landing...
[1500, 1500, 1350, 1500, 2011, 950, 988, 1699, 1001, 1001, 1001, 1001, 1500, 1500, 1500, 1500]
*** LANDING mode ***
...Perform landing...
[1499, 1500, 1350, 1500, 2011, 950, 988, 1699, 1001, 1001, 1001, 1001, 1500, 1500, 1500, 1500]
12:03:45.302188 ALT: 41.62
12:03:45.302303 ATT: [0.6, 0.7, 200]
12:03:45.303341 ACC: [9, 7, 513]
*** LANDING mode ***
...Perform landing...
[1500, 1500, 1350, 1500, 2011, 950, 988, 1699, 1001, 1001, 1001, 1001, 1500, 1500, 1500, 1500]
*** LANDING mode ***
...Perform landing...
[1500, 1500, 1350, 1500, 2011, 950, 988, 1699, 1001, 1001, 1001, 1001, 1500, 1500, 1500, 1500]
*** LANDING mode ***
...Perform landing...
[1500, 1500, 1350, 1500, 2011, 950, 988, 1699, 1001, 1001, 1001, 1001, 1500, 1500, 1500, 1500]
12:03:45.365848 ALT: 41.48
12:03:45.366224 ATT: [0.6, 0.7, 200]
12:03:45.367046 ACC: [7, 0, 502]
*** LANDING mode ***
...Perform landing...
[1500, 1500, 1350, 1499, 2011, 951, 986, 1699, 1001, 1001, 1001, 1001, 1500, 1500, 1500, 1500]
*** LANDING mode ***
...Perform landing...
[1499, 1500, 1350, 1500, 2012, 950, 988, 1699, 1001, 1001, 1001, 1001, 1500, 1500, 1500, 1500]
12:03:45.413647 ALT: 41.13
12:03:45.413754 ATT: [0.7, 0.8, 200]
12:03:45.414105 ACC: [3, 8, 503]
*** LANDING mode ***
...Perform landing...
[1499, 1500, 1350, 1500, 2011, 950, 988, 1699, 1001, 1001, 1001, 1001, 1500, 1500, 1500, 1500]
*** LANDING mode ***
...Perform landing...
[1499, 1500, 1350, 1499, 2011, 950, 988, 1699, 1001, 1001, 1001, 1001, 1500, 1500, 1500, 1500]
*** LANDING mode ***
...Perform landing...
[1500, 1500, 1350, 1499, 2011, 950, 988, 1699, 1001, 1001, 1001, 1001, 1500, 1500, 1500, 1500]
12:03:45.461605 ALT: 40.84
12:03:45.461700 ATT: [-0.6, 0.2, 200]
12:03:45.462356 ACC: [0, 7, 535]
*** LANDING mode ***
...Perform landing...
[1500, 1500, 1350, 1500, 2011, 950, 988, 1699, 1001, 1001, 1001, 1001, 1500, 1500, 1500, 1500]
*** LANDING mode ***
...Perform landing...
[1500, 1499, 1350, 1500, 2011, 950, 988, 1699, 1001, 1001, 1001, 1001, 1500, 1500, 1500, 1500]
12:03:45.509574 ALT: 40.58
12:03:45.509673 ATT: [-1.0, -0.8, 200]
12:03:45.509994 ACC: [5, 19, 529]
*** LANDING mode ***
...Perform landing...
[1500, 1500, 1350, 1500, 2011, 950, 988, 1699, 1001, 1001, 1001, 1001, 1500, 1500, 1500, 1500]
*** LANDING mode ***
...Perform landing...
[1500, 1500, 1350, 1499, 2011, 950, 988, 1699, 1001, 1001, 1001, 1001, 1500, 1500, 1500, 1500]
12:03:45.558070 ALT: 40.36
12:03:45.558170 ATT: [0.1, -1.0, 201]
12:03:45.558578 ACC: [3, 12, 511]
*** LANDING mode ***
...Perform landing...
[1500, 1500, 1350, 1499, 2011, 950, 988, 1699, 1001, 1001, 1001, 1001, 1500, 1500, 1500, 1500]
*** LANDING mode ***
...Perform landing...
[1500, 1500, 1350, 1500, 2011, 950, 988, 1699, 1001, 1001, 1001, 1001, 1500, 1500, 1500, 1500]
*** LANDING mode ***
...Perform landing...
[1500, 1500, 1350, 1500, 2011, 950, 988, 1699, 1001, 1001, 1001, 1001, 1500, 1500, 1500, 1500]
12:03:45.605910 ALT: 40.13
12:03:45.606178 ATT: [0.6, -0.9, 201]
12:03:45.607099 ACC: [4, 5, 501]
*** LANDING mode ***
...Perform landing...
[1500, 1500, 1350, 1500, 2011, 950, 988, 1699, 1001, 1001, 1001, 1001, 1500, 1500, 1500, 1500]
*** LANDING mode ***
...Perform landing...
[1499, 1500, 1350, 1499, 2011, 950, 988, 1699, 1001, 1001, 1001, 1001, 1500, 1500, 1500, 1500]
12:03:45.653713 ALT: 39.92
12:03:45.653851 ATT: [0.9, -0.6, 201]
12:03:45.654209 ACC: [3, 2, 485]
*** LANDING mode ***
...Perform landing...
[1500, 1500, 1350, 1500, 2011, 950, 988, 1699, 1001, 1001, 1001, 1001, 1500, 1500, 1500, 1500]
*** LANDING mode ***
...Perform landing...
[1500, 1500, 1350, 1500, 2011, 950, 988, 1699, 1001, 1001, 1001, 1001, 1500, 1500, 1500, 1500]
*** LANDING mode ***
...Perform landing...
[1500, 1500, 1350, 1500, 2011, 950, 988, 1699, 1001, 1001, 1001, 1001, 1500, 1500, 1500, 1500]
12:03:45.701740 ALT: 39.71
12:03:45.701863 ATT: [0.5, -0.1, 201]
12:03:45.702183 ACC: [0, 0, 472]
*** LANDING mode ***
...Perform landing...
[1500, 1500, 1350, 1500, 2011, 950, 988, 1699, 1001, 1001, 1001, 1001, 1500, 1500, 1500, 1500]
*** LANDING mode ***
...Perform landing...
[1500, 1500, 1350, 1499, 2011, 953, 986, 1699, 1001, 1001, 1001, 1001, 1500, 1500, 1500, 1500]
12:03:45.750375 ALT: 39.62
12:03:45.750558 ATT: [0.2, 0.1, 201]
12:03:45.750932 ACC: [-2, 6, 469]
*** LANDING mode ***
...Perform landing...
[1500, 1499, 1350, 1500, 2011, 950, 988, 1699, 1001, 1001, 1001, 1001, 1500, 1500, 1500, 1500]
*** LANDING mode ***
...Perform landing...
[1499, 1500, 1350, 1500, 2011, 950, 988, 1699, 1001, 1001, 1001, 1001, 1500, 1500, 1500, 1500]
12:03:45.797900 ALT: 39.38
12:03:45.798098 ATT: [0.5, -0.4, 201]
12:03:45.798563 ACC: [2, -1, 480]
*** LANDING mode ***
...Perform landing...
[1500, 1499, 1350, 1500, 2011, 950, 988, 1699, 1001, 1001, 1001, 1001, 1500, 1500, 1500, 1500]
*** LANDING mode ***
...Perform landing...
[1500, 1499, 1350, 1500, 2011, 950, 988, 1699, 1001, 1001, 1001, 1001, 1500, 1500, 1500, 1500]
*** LANDING mode ***
...Perform landing...
[1500, 1500, 1350, 1499, 2011, 950, 988, 1699, 1001, 1001, 1001, 1001, 1500, 1500, 1500, 1500]
12:03:45.845608 ALT: 39.18
12:03:45.845701 ATT: [0.3, -0.7, 201]
12:03:45.846297 ACC: [5, 2, 472]
*** LANDING mode ***
...Perform landing...
[1500, 1500, 1350, 1500, 2011, 950, 988, 1699, 1001, 1001, 1001, 1001, 1500, 1500, 1500, 1500]
*** LANDING mode ***
...Perform landing...
[1500, 1500, 1350, 1500, 2011, 950, 988, 1699, 1001, 1001, 1001, 1001, 1500, 1500, 1500, 1500]
12:03:45.893603 ALT: 38.95
12:03:45.893704 ATT: [-0.3, -0.4, 202]
12:03:45.894097 ACC: [7, -5, 488]
*** LANDING mode ***
...Perform landing...
[1499, 1500, 1350, 1500, 2011, 950, 988, 1699, 1001, 1001, 1001, 1001, 1500, 1500, 1500, 1500]
*** LANDING mode ***
...Perform landing...
[1500, 1500, 1350, 1500, 2011, 950, 988, 1699, 1001, 1001, 1001, 1001, 1500, 1500, 1500, 1500]
*** LANDING mode ***
...Perform landing...
[1499, 1500, 1350, 1500, 2011, 950, 988, 1699, 1001, 1001, 1001, 1001, 1500, 1500, 1500, 1500]
12:03:45.941724 ALT: 38.83
12:03:45.941895 ATT: [-0.3, -0.6, 202]
12:03:45.942313 ACC: [-1, 9, 478]
*** LANDING mode ***
...Perform landing...
[1500, 1500, 1350, 1500, 2011, 950, 988, 1699, 1001, 1001, 1001, 1001, 1500, 1500, 1500, 1500]
*** LANDING mode ***
...Perform landing...
[1500, 1499, 1350, 1500, 2011, 950, 988, 1699, 1001, 1001, 1001, 1001, 1500, 1500, 1500, 1500]
12:03:45.989908 ALT: 38.61
12:03:45.990009 ATT: [0.2, -0.4, 202]
12:03:45.990345 ACC: [-2, -1, 487]
*** LANDING mode ***
...Perform landing...
[1497, 1499, 1350, 1500, 2011, 950, 988, 1699, 1001, 1001, 1001, 1001, 1500, 1500, 1500, 1500]
*** LANDING mode ***
...Perform landing...
[1500, 1500, 1350, 1500, 2011, 950, 988, 1699, 1001, 1001, 1001, 1001, 1500, 1500, 1500, 1500]
12:03:46.037930 ALT: 38.37
12:03:46.038091 ATT: [0.1, 0.4, 202]
12:03:46.038682 ACC: [2, -4, 469]
*** LANDING mode ***
...Perform landing...
[1500, 1500, 1350, 1499, 2011, 950, 988, 1699, 1001, 1001, 1001, 1001, 1500, 1500, 1500, 1500]
*** LANDING mode ***
...Perform landing...
[1500, 1500, 1350, 1500, 2011, 950, 988, 1699, 1001, 1001, 1001, 1001, 1500, 1500, 1500, 1500]
*** LANDING mode ***
...Perform landing...
[1500, 1499, 1350, 1500, 2011, 950, 988, 1699, 1001, 1001, 1001, 1001, 1500, 1500, 1500, 1500]
12:03:46.093467 ALT: 38.17
12:03:46.093730 ATT: [0.2, 0.4, 202]
12:03:46.094995 ACC: [1, 1, 474]
*** LANDING mode ***
...Perform landing...
[1500, 1499, 1350, 1500, 2011, 950, 988, 1699, 1001, 1001, 1001, 1001, 1500, 1500, 1500, 1500]
*** LANDING mode ***
...Perform landing...
[1500, 1499, 1350, 1500, 2011, 950, 988, 1699, 1001, 1001, 1001, 1001, 1500, 1500, 1500, 1500]
12:03:46.133858 ALT: 37.94
12:03:46.133975 ATT: [-0.2, 0.2, 202]
12:03:46.136136 ACC: [2, 15, 463]
*** LANDING mode ***
...Perform landing...
[1500, 1500, 1350, 1500, 2011, 950, 988, 1699, 1001, 1001, 1001, 1001, 1500, 1500, 1500, 1500]
*** LANDING mode ***
...Perform landing...
[1500, 1500, 1350, 1500, 2011, 950, 988, 1699, 1001, 1001, 1001, 1001, 1500, 1500, 1500, 1500]
*** LANDING mode ***
...Perform landing...
[1550, 1500, 1350, 1500, 2011, 950, 988, 1699, 1001, 1001, 1001, 1001, 1500, 1500, 1500, 1500]
12:03:46.185435 ALT: 37.82
12:03:46.185530 ATT: [0.3, -0.1, 202]
12:03:46.185858 ACC: [2, 2, 455]
*** LANDING mode ***
...Perform landing...
[1550, 1499, 1350, 1500, 2011, 950, 988, 1699, 1001, 1001, 1001, 1001, 1500, 1500, 1500, 1500]
*** LANDING mode ***
...Perform landing...
[1550, 1499, 1350, 1500, 2011, 950, 988, 1699, 1001, 1001, 1001, 1001, 1500, 1500, 1500, 1500]
12:03:46.230140 ALT: 37.61
12:03:46.230251 ATT: [0.3, -0.4, 202]
12:03:46.234541 ACC: [5, 0, 498]
*** LANDING mode ***
...Perform landing...
[1550, 1500, 1350, 1499, 2011, 950, 988, 1699, 1001, 1001, 1001, 1001, 1500, 1500, 1500, 1500]
*** LANDING mode ***
...Perform landing...
[1550, 1500, 1350, 1500, 2012, 950, 988, 1699, 1001, 1001, 1001, 1001, 1500, 1500, 1500, 1500]
12:03:46.278319 ALT: 37.4
12:03:46.278456 ATT: [1.0, -0.3, 202]
12:03:46.278805 ACC: [4, 8, 493]
*** LANDING mode ***
...Perform landing...
[1550, 1500, 1350, 1500, 2011, 949, 988, 1699, 1001, 1001, 1001, 1001, 1500, 1500, 1500, 1500]
*** LANDING mode ***
...Perform landing...
[1548, 1500, 1350, 1500, 2011, 950, 988, 1699, 1001, 1001, 1001, 1001, 1500, 1500, 1500, 1500]
*** LANDING mode ***
...Perform landing...
[1550, 1500, 1350, 1500, 2011, 950, 988, 1699, 1001, 1001, 1001, 1001, 1500, 1500, 1500, 1500]
12:03:46.326075 ALT: 37.19
12:03:46.326363 ATT: [2.8, 0.3, 202]
12:03:46.326984 ACC: [2, -2, 517]
*** LANDING mode ***
...Perform landing...
[1550, 1500, 1350, 1500, 2011, 950, 988, 1699, 1001, 1001, 1001, 1001, 1500, 1500, 1500, 1500]
*** LANDING mode ***
...Perform landing...
[1550, 1500, 1350, 1500, 2011, 950, 988, 1699, 1001, 1001, 1001, 1001, 1500, 1500, 1500, 1500]
12:03:46.377092 ALT: 36.95
12:03:46.377200 ATT: [3.4, 0.2, 202]
12:03:46.377531 ACC: [3, 1, 511]
*** LANDING mode ***
...Perform landing...
[1550, 1499, 1350, 1500, 2011, 950, 988, 1699, 1001, 1001, 1001, 1001, 1500, 1500, 1500, 1500]
*** LANDING mode ***
...Perform landing...
[1550, 1499, 1350, 1500, 2011, 950, 988, 1699, 1001, 1001, 1001, 1001, 1500, 1500, 1500, 1500]
*** LANDING mode ***
...Perform landing...
[1548, 1500, 1350, 1500, 2011, 950, 988, 1699, 1001, 1001, 1001, 1001, 1500, 1500, 1500, 1500]
12:03:46.421678 ALT: 36.7
12:03:46.421826 ATT: [3.3, 0.5, 202]
12:03:46.422103 ACC: [1, 5, 495]
*** LANDING mode ***
...Perform landing...
[1548, 1500, 1350, 1500, 2011, 950, 988, 1699, 1001, 1001, 1001, 1001, 1500, 1500, 1500, 1500]
*** LANDING mode ***
...Perform landing...
[1550, 1500, 1350, 1500, 2011, 950, 988, 1699, 1001, 1001, 1001, 1001, 1500, 1500, 1500, 1500]
12:03:46.469841 ALT: 36.45
12:03:46.470003 ATT: [3.5, 0.5, 203]
12:03:46.470521 ACC: [-2, -1, 485]
*** LANDING mode ***
...Perform landing...
[1550, 1500, 1350, 1500, 2011, 949, 988, 1699, 1001, 1001, 1001, 1001, 1500, 1500, 1500, 1500]
*** LANDING mode ***
...Perform landing...
[1548, 1500, 1350, 1500, 2011, 950, 988, 1699, 1001, 1001, 1001, 1001, 1500, 1500, 1500, 1500]
12:03:46.517969 ALT: 36.24
12:03:46.518737 ATT: [4.2, -0.1, 203]
12:03:46.519281 ACC: [-2, 11, 489]
*** LANDING mode ***
...Perform landing...
[1550, 1499, 1350, 1500, 2011, 950, 988, 1699, 1001, 1001, 1001, 1001, 1500, 1500, 1500, 1500]
*** LANDING mode ***
...Perform landing...
[1550, 1500, 1350, 1499, 2011, 950, 988, 1699, 1001, 1001, 1001, 1001, 1500, 1500, 1500, 1500]
*** LANDING mode ***
...Perform landing...
[1550, 1500, 1350, 1500, 2011, 950, 988, 1699, 1001, 1001, 1001, 1001, 1500, 1500, 1500, 1500]
12:03:46.565930 ALT: 36.02
12:03:46.566041 ATT: [4.3, -0.4, 203]
12:03:46.566523 ACC: [-4, 7, 514]
*** LANDING mode ***
...Perform landing...
[1550, 1500, 1350, 1500, 2011, 951, 986, 1699, 1001, 1001, 1001, 1001, 1500, 1500, 1500, 1500]
*** LANDING mode ***
...Perform landing...
[1550, 1500, 1350, 1500, 2011, 950, 988, 1699, 1001, 1001, 1001, 1001, 1500, 1500, 1500, 1500]
12:03:46.613762 ALT: 35.83
12:03:46.613893 ATT: [4.4, -0.4, 203]
12:03:46.614261 ACC: [2, 1, 488]
*** LANDING mode ***
...Perform landing...
[1550, 1500, 1350, 1500, 2011, 950, 988, 1699, 1001, 1001, 1001, 1001, 1500, 1500, 1500, 1500]
*** LANDING mode ***
...Perform landing...
[1550, 1500, 1350, 1500, 2011, 950, 988, 1699, 1001, 1001, 1001, 1001, 1500, 1500, 1500, 1500]
*** LANDING mode ***
...Perform landing...
[1550, 1500, 1350, 1500, 2011, 950, 988, 1699, 1001, 1001, 1001, 1001, 1500, 1500, 1500, 1500]
12:03:46.661655 ALT: 35.55
12:03:46.661747 ATT: [5.1, 0.2, 203]
12:03:46.662060 ACC: [2, 10, 505]
*** LANDING mode ***
...Perform landing...
[1550, 1500, 1350, 1500, 2011, 950, 988, 1699, 1001, 1001, 1001, 1001, 1500, 1500, 1500, 1500]
*** LANDING mode ***
...Perform landing...
[1550, 1499, 1350, 1500, 2011, 950, 988, 1699, 1001, 1001, 1001, 1001, 1500, 1500, 1500, 1500]
12:03:46.709673 ALT: 35.32
12:03:46.709759 ATT: [5.4, 0.8, 203]
12:03:46.710031 ACC: [-1, -3, 509]
*** LANDING mode ***
...Perform landing...
[1548, 1499, 1350, 1500, 2011, 950, 988, 1699, 1001, 1001, 1001, 1001, 1500, 1500, 1500, 1500]
*** LANDING mode ***
...Perform landing...
[1548, 1500, 1350, 1500, 2011, 950, 988, 1699, 1001, 1001, 1001, 1001, 1500, 1500, 1500, 1500]
12:03:46.757763 ALT: 35.24
12:03:46.757876 ATT: [4.4, 0.4, 203]
12:03:46.758123 ACC: [7, 4, 511]
*** LANDING mode ***
...Perform landing...
[1548, 1500, 1350, 1500, 2011, 950, 988, 1699, 1001, 1001, 1001, 1001, 1500, 1500, 1500, 1500]
*** LANDING mode ***
...Perform landing...
[1500, 1500, 1350, 1500, 2011, 951, 986, 1699, 1001, 1001, 1001, 1001, 1500, 1500, 1500, 1500]
*** LANDING mode ***
...Perform landing...
[1499, 1500, 1350, 1500, 2011, 950, 988, 1699, 1001, 1001, 1001, 1001, 1500, 1500, 1500, 1500]
12:03:46.805737 ALT: 35.01
12:03:46.805899 ATT: [4.5, -0.2, 203]
12:03:46.806148 ACC: [14, 3, 564]
*** LANDING mode ***
...Perform landing...
[1500, 1500, 1350, 1500, 2011, 950, 988, 1699, 1001, 1001, 1001, 1001, 1500, 1500, 1500, 1500]
*** LANDING mode ***
...Perform landing...
[1499, 1500, 1350, 1500, 2011, 950, 988, 1699, 1001, 1001, 1001, 1001, 1500, 1500, 1500, 1500]
12:03:46.854078 ALT: 34.76
12:03:46.854452 ATT: [4.5, -0.1, 203]
12:03:46.855317 ACC: [7, 11, 541]
*** LANDING mode ***
...Perform landing...
[1500, 1500, 1350, 1500, 2011, 950, 988, 1699, 1001, 1001, 1001, 1001, 1500, 1500, 1500, 1500]
*** LANDING mode ***
...Perform landing...
[1500, 1500, 1350, 1500, 2011, 951, 986, 1699, 1001, 1001, 1001, 1001, 1500, 1500, 1500, 1500]
*** LANDING mode ***
...Perform landing...
[1499, 1500, 1350, 1500, 2011, 950, 988, 1699, 1001, 1001, 1001, 1001, 1500, 1500, 1500, 1500]
12:03:46.902170 ALT: 34.51
12:03:46.902278 ATT: [2.7, 0.5, 204]
12:03:46.902979 ACC: [10, 4, 529]
*** LANDING mode ***
...Perform landing...
[1500, 1500, 1350, 1500, 2011, 950, 988, 1699, 1001, 1001, 1001, 1001, 1500, 1500, 1500, 1500]
*** LANDING mode ***
...Perform landing...
[1500, 1500, 1350, 1500, 2009, 951, 986, 1700, 1001, 1001, 1001, 1001, 1500, 1500, 1500, 1500]
12:03:46.954259 ALT: 34.35
12:03:46.954358 ATT: [1.9, 0.2, 204]
12:03:46.954630 ACC: [4, -4, 537]
*** LANDING mode ***
...Perform landing...
[1500, 1500, 1350, 1500, 2011, 950, 988, 1699, 1001, 1001, 1001, 1001, 1500, 1500, 1500, 1500]
*** LANDING mode ***
...Perform landing...
[1500, 1500, 1350, 1500, 2011, 950, 988, 1699, 1001, 1001, 1001, 1001, 1500, 1500, 1500, 1500]
12:03:46.999233 ALT: 33.98
12:03:46.999362 ATT: [1.7, -0.1, 204]
12:03:47.001133 ACC: [6, 14, 500]
*** LANDING mode ***
...Perform landing...
[1500, 1499, 1350, 1500, 2011, 950, 988, 1699, 1001, 1001, 1001, 1001, 1500, 1500, 1500, 1500]
*** LANDING mode ***
...Perform landing...
[1500, 1499, 1350, 1499, 2011, 950, 988, 1699, 1001, 1001, 1001, 1001, 1500, 1500, 1500, 1500]
*** LANDING mode ***
...Perform landing...
[1500, 1499, 1350, 1500, 2011, 950, 988, 1700, 1001, 1001, 1001, 1001, 1500, 1500, 1500, 1500]
12:03:47.045686 ALT: 33.69
12:03:47.045814 ATT: [1.2, -0.2, 204]
12:03:47.046080 ACC: [4, -5, 530]
*** LANDING mode ***
...Perform landing...
[1499, 1500, 1350, 1500, 2011, 950, 988, 1699, 1001, 1001, 1001, 1001, 1500, 1500, 1500, 1500]
*** LANDING mode ***
...Perform landing...
[1500, 1500, 1350, 1499, 2011, 950, 988, 1699, 1001, 1001, 1001, 1001, 1500, 1500, 1500, 1500]
12:03:47.093747 ALT: 33.43
12:03:47.093862 ATT: [0.8, -0.3, 204]
12:03:47.094174 ACC: [6, 5, 537]
*** LANDING mode ***
...Perform landing...
[1499, 1500, 1350, 1500, 2011, 950, 988, 1699, 1001, 1001, 1001, 1001, 1500, 1500, 1500, 1500]
*** LANDING mode ***
...Perform landing...
[1500, 1500, 1350, 1500, 2011, 950, 988, 1699, 1001, 1001, 1001, 1001, 1500, 1500, 1500, 1500]
*** LANDING mode ***
...Perform landing...
[1499, 1500, 1350, 1500, 2011, 950, 988, 1699, 1001, 1001, 1001, 1001, 1500, 1500, 1500, 1500]
12:03:47.141688 ALT: 33.17
12:03:47.141769 ATT: [0.8, 0.2, 204]
12:03:47.142018 ACC: [10, 2, 530]
*** LANDING mode ***
...Perform landing...
[1500, 1500, 1350, 1500, 2011, 950, 988, 1699, 1001, 1001, 1001, 1001, 1500, 1500, 1500, 1500]
*** LANDING mode ***
...Perform landing...
[1500, 1500, 1350, 1500, 2011, 950, 988, 1699, 1001, 1001, 1001, 1001, 1500, 1500, 1500, 1500]
12:03:47.189841 ALT: 33.01
12:03:47.189940 ATT: [0.9, 0.1, 204]
12:03:47.190211 ACC: [3, 0, 542]
*** LANDING mode ***
...Perform landing...
[1500, 1500, 1350, 1500, 2011, 950, 988, 1699, 1001, 1001, 1001, 1001, 1500, 1500, 1500, 1500]
*** LANDING mode ***
...Perform landing...
[1500, 1499, 1350, 1500, 2011, 950, 988, 1699, 1001, 1001, 1001, 1001, 1500, 1500, 1500, 1500]
12:03:47.238405 ALT: 32.64
12:03:47.238510 ATT: [0.5, 0.2, 204]
12:03:47.238866 ACC: [1, -2, 515]
*** LANDING mode ***
...Perform landing...
[1500, 1500, 1350, 1500, 2011, 950, 988, 1700, 1001, 1001, 1001, 1001, 1500, 1500, 1500, 1500]
*** LANDING mode ***
...Perform landing...
[1500, 1500, 1350, 1500, 2011, 950, 988, 1699, 1001, 1001, 1001, 1001, 1500, 1500, 1500, 1500]
*** LANDING mode ***
...Perform landing...
[1500, 1500, 1350, 1500, 2011, 950, 988, 1699, 1001, 1001, 1001, 1001, 1500, 1500, 1500, 1500]
12:03:47.286373 ALT: 32.35
12:03:47.286597 ATT: [0.6, 0.0, 204]
12:03:47.287557 ACC: [0, 1, 531]
*** LANDING mode ***
...Perform landing...
[1499, 1500, 1350, 1500, 2011, 950, 988, 1699, 1001, 1001, 1001, 1001, 1500, 1500, 1500, 1500]
*** LANDING mode ***
...Perform landing...
[1500, 1500, 1350, 1499, 2011, 950, 988, 1699, 1001, 1001, 1001, 1001, 1500, 1500, 1500, 1500]
12:03:47.334205 ALT: 32.14
12:03:47.334450 ATT: [1.1, 0.2, 205]
12:03:47.334935 ACC: [4, -1, 547]
*** LANDING mode ***
...Perform landing...
[1500, 1500, 1350, 1500, 2009, 950, 988, 1699, 1001, 1001, 1001, 1001, 1500, 1500, 1500, 1500]
*** LANDING mode ***
...Perform landing...
[1500, 1499, 1350, 1500, 2011, 950, 988, 1699, 1001, 1001, 1001, 1001, 1500, 1500, 1500, 1500]
*** LANDING mode ***
...Perform landing...
[1499, 1500, 1350, 1500, 2011, 950, 988, 1699, 1001, 1001, 1001, 1001, 1500, 1500, 1500, 1500]
12:03:47.398434 ALT: 31.99
12:03:47.398536 ATT: [-0.2, 0.2, 205]
12:03:47.399061 ACC: [1, 6, 522]
*** LANDING mode ***
...Perform landing...
[1499, 1499, 1350, 1500, 2011, 950, 988, 1699, 1001, 1001, 1001, 1001, 1500, 1500, 1500, 1500]
*** LANDING mode ***
...Perform landing...
[1500, 1500, 1350, 1500, 2011, 950, 988, 1699, 1001, 1001, 1001, 1001, 1500, 1500, 1500, 1500]
*** LANDING mode ***
...Perform landing...
[1499, 1500, 1350, 1500, 2011, 950, 988, 1699, 1001, 1001, 1001, 1001, 1500, 1500, 1500, 1500]
12:03:47.445807 ALT: 31.66
12:03:47.445904 ATT: [0.3, -0.5, 205]
12:03:47.446306 ACC: [7, 4, 531]
*** LANDING mode ***
...Perform landing...
[1500, 1500, 1350, 1500, 2011, 950, 988, 1699, 1001, 1001, 1001, 1001, 1500, 1500, 1500, 1500]
*** LANDING mode ***
...Perform landing...
[1449, 1500, 1350, 1500, 2011, 950, 988, 1699, 1001, 1001, 1001, 1001, 1500, 1500, 1500, 1500]
12:03:47.493824 ALT: 31.41
12:03:47.493914 ATT: [0.8, -0.6, 205]
12:03:47.494163 ACC: [4, 4, 518]
*** LANDING mode ***
...Perform landing...
[1449, 1500, 1350, 1500, 2011, 950, 988, 1699, 1001, 1001, 1001, 1001, 1500, 1500, 1500, 1500]
*** LANDING mode ***
...Perform landing...
[1449, 1500, 1350, 1500, 2011, 950, 988, 1699, 1001, 1001, 1001, 1001, 1500, 1500, 1500, 1500]
*** LANDING mode ***
...Perform landing...
[1449, 1500, 1350, 1500, 2011, 950, 988, 1699, 1001, 1001, 1001, 1001, 1500, 1500, 1500, 1500]
12:03:47.541810 ALT: 31.16
12:03:47.541894 ATT: [-0.1, -0.2, 205]
12:03:47.542112 ACC: [6, 4, 469]
*** LANDING mode ***
...Perform landing...
[1449, 1500, 1350, 1500, 2011, 950, 988, 1699, 1001, 1001, 1001, 1001, 1500, 1500, 1500, 1500]
*** LANDING mode ***
...Perform landing...
[1449, 1500, 1350, 1500, 2011, 950, 988, 1698, 1001, 1001, 1001, 1001, 1500, 1500, 1500, 1500]
12:03:47.589773 ALT: 30.9
12:03:47.589897 ATT: [-2.1, 0.6, 205]
12:03:47.590148 ACC: [0, -1, 467]
*** LANDING mode ***
...Perform landing...
[1449, 1500, 1350, 1500, 2011, 950, 988, 1699, 1001, 1001, 1001, 1001, 1500, 1500, 1500, 1500]
*** LANDING mode ***
...Perform landing...
[1449, 1500, 1350, 1500, 2011, 950, 988, 1699, 1001, 1001, 1001, 1001, 1500, 1500, 1500, 1500]
12:03:47.638310 ALT: 30.65
12:03:47.638625 ATT: [-2.8, 0.4, 205]
12:03:47.638960 ACC: [3, -6, 523]
*** LANDING mode ***
...Perform landing...
[1449, 1500, 1350, 1500, 2011, 950, 988, 1699, 1001, 1001, 1001, 1001, 1500, 1500, 1500, 1500]
*** LANDING mode ***
...Perform landing...
[1449, 1499, 1350, 1500, 2011, 950, 988, 1699, 1001, 1001, 1001, 1001, 1500, 1500, 1500, 1500]
*** LANDING mode ***
...Perform landing...
[1449, 1500, 1350, 1499, 2011, 950, 988, 1699, 1001, 1001, 1001, 1001, 1500, 1500, 1500, 1500]
12:03:47.686271 ALT: 30.4
12:03:47.686648 ATT: [-3.5, -0.4, 205]
12:03:47.687053 ACC: [7, -2, 532]
*** LANDING mode ***
...Perform landing...
[1449, 1499, 1350, 1500, 2011, 950, 988, 1699, 1001, 1001, 1001, 1001, 1500, 1500, 1500, 1500]
*** LANDING mode ***
...Perform landing...
[1449, 1500, 1350, 1500, 2011, 950, 988, 1700, 1001, 1001, 1001, 1001, 1500, 1500, 1500, 1500]
12:03:47.734445 ALT: 30.24
12:03:47.734540 ATT: [-3.4, -0.5, 205]
12:03:47.734923 ACC: [-1, 6, 485]
*** LANDING mode ***
...Perform landing...
[1450, 1499, 1350, 1500, 2011, 950, 988, 1699, 1001, 1001, 1001, 1001, 1500, 1500, 1500, 1500]
*** LANDING mode ***
...Perform landing...
[1449, 1500, 1350, 1500, 2011, 950, 988, 1699, 1001, 1001, 1001, 1001, 1500, 1500, 1500, 1500]
*** LANDING mode ***
...Perform landing...
[1449, 1500, 1350, 1500, 2011, 950, 986, 1699, 1001, 1001, 1001, 1001, 1500, 1500, 1500, 1500]
12:03:47.782257 ALT: 29.99
12:03:47.782532 ATT: [-3.9, -0.5, 205]
12:03:47.783015 ACC: [1, 15, 496]
*** LANDING mode ***
...Perform landing...
[1449, 1500, 1350, 1500, 2011, 950, 988, 1699, 1001, 1001, 1001, 1001, 1500, 1500, 1500, 1500]
*** LANDING mode ***
...Perform landing...
[1449, 1500, 1350, 1500, 2011, 950, 988, 1699, 1001, 1001, 1001, 1001, 1500, 1500, 1500, 1500]
12:03:47.829855 ALT: 29.77
12:03:47.829951 ATT: [-4.3, -0.6, 205]
12:03:47.830212 ACC: [6, 2, 511]
*** LANDING mode ***
...Perform landing...
[1449, 1500, 1350, 1500, 2011, 950, 988, 1699, 1001, 1001, 1001, 1001, 1500, 1500, 1500, 1500]
*** LANDING mode ***
...Perform landing...
[1449, 1500, 1350, 1500, 2011, 950, 988, 1699, 1001, 1001, 1001, 1001, 1500, 1500, 1500, 1500]
12:03:47.877848 ALT: 29.52
12:03:47.877937 ATT: [-4.6, -0.6, 205]
12:03:47.878182 ACC: [1, 2, 520]
*** LANDING mode ***
...Perform landing...
[1449, 1500, 1350, 1500, 2011, 950, 988, 1699, 1001, 1001, 1001, 1001, 1500, 1500, 1500, 1500]
*** LANDING mode ***
...Perform landing...
[1449, 1500, 1350, 1500, 2011, 950, 988, 1699, 1001, 1001, 1001, 1001, 1500, 1500, 1500, 1500]
*** LANDING mode ***
...Perform landing...
[1449, 1500, 1350, 1500, 2011, 949, 988, 1699, 1001, 1001, 1001, 1001, 1500, 1500, 1500, 1500]
12:03:47.925929 ALT: 29.25
12:03:47.926020 ATT: [-5.0, -0.6, 205]
12:03:47.926266 ACC: [3, 5, 517]
*** LANDING mode ***
...Perform landing...
[1449, 1500, 1350, 1500, 2011, 950, 988, 1699, 1001, 1001, 1001, 1001, 1500, 1500, 1500, 1500]
*** LANDING mode ***
...Perform landing...
[1449, 1500, 1350, 1500, 2011, 950, 988, 1699, 1001, 1001, 1001, 1001, 1500, 1500, 1500, 1500]
12:03:47.973957 ALT: 28.99
12:03:47.974044 ATT: [-4.9, -0.6, 206]
12:03:47.974284 ACC: [5, 9, 491]
*** LANDING mode ***
...Perform landing...
[1449, 1500, 1350, 1500, 2011, 950, 988, 1699, 1001, 1001, 1001, 1001, 1500, 1500, 1500, 1500]
*** LANDING mode ***
...Perform landing...
[1449, 1499, 1350, 1500, 2012, 950, 988, 1699, 1001, 1001, 1001, 1001, 1500, 1500, 1500, 1500]
*** LANDING mode ***
...Perform landing...
[1449, 1500, 1350, 1500, 2011, 949, 988, 1699, 1001, 1001, 1001, 1001, 1500, 1500, 1500, 1500]
12:03:48.021960 ALT: 28.73
12:03:48.022051 ATT: [-4.0, -0.4, 206]
12:03:48.022365 ACC: [1, -1, 457]
*** LANDING mode ***
...Perform landing...
[1450, 1499, 1350, 1500, 2011, 950, 988, 1699, 1001, 1001, 1001, 1001, 1500, 1500, 1500, 1500]
*** LANDING mode ***
...Perform landing...
[1449, 1500, 1350, 1500, 2011, 950, 988, 1699, 1001, 1001, 1001, 1001, 1500, 1500, 1500, 1500]
12:03:48.070105 ALT: 28.52
12:03:48.070270 ATT: [-4.1, 0.1, 206]
12:03:48.071438 ACC: [1, 0, 462]
*** LANDING mode ***
...Perform landing...
[1449, 1500, 1350, 1500, 2011, 950, 988, 1699, 1001, 1001, 1001, 1001, 1500, 1500, 1500, 1500]
*** LANDING mode ***
...Perform landing...
[1449, 1500, 1350, 1500, 2011, 950, 988, 1699, 1001, 1001, 1001, 1001, 1500, 1500, 1500, 1500]
12:03:48.118135 ALT: 28.44
12:03:48.118547 ATT: [-5.1, 0.6, 206]
12:03:48.119355 ACC: [1, -4, 454]
*** LANDING mode ***
...Perform landing...
[1499, 1500, 1350, 1500, 2011, 950, 988, 1699, 1001, 1001, 1001, 1001, 1500, 1500, 1500, 1500]
*** LANDING mode ***
...Perform landing...
[1500, 1500, 1350, 1500, 2011, 950, 988, 1699, 1001, 1001, 1001, 1001, 1500, 1500, 1500, 1500]
*** LANDING mode ***
...Perform landing...
[1499, 1500, 1350, 1500, 2011, 950, 988, 1699, 1001, 1001, 1001, 1001, 1500, 1500, 1500, 1500]
12:03:48.167752 ALT: 28.21
12:03:48.168031 ATT: [-5.9, 0.6, 206]
12:03:48.168602 ACC: [-2, -1, 467]
*** LANDING mode ***
...Perform landing...
[1500, 1500, 1350, 1500, 2011, 950, 988, 1699, 1001, 1001, 1001, 1001, 1500, 1500, 1500, 1500]
*** LANDING mode ***
...Perform landing...
[1500, 1500, 1350, 1500, 2011, 950, 988, 1699, 1001, 1001, 1001, 1001, 1500, 1500, 1500, 1500]
12:03:48.215575 ALT: 28.02
12:03:48.215711 ATT: [-5.1, 0.4, 206]
12:03:48.216125 ACC: [2, 5, 497]
*** LANDING mode ***
...Perform landing...
[1500, 1500, 1350, 1499, 2011, 950, 988, 1699, 1001, 1001, 1001, 1001, 1500, 1500, 1500, 1500]
*** LANDING mode ***
...Perform landing...
[1500, 1499, 1350, 1500, 2011, 950, 988, 1699, 1001, 1001, 1001, 1001, 1500, 1500, 1500, 1500]
*** LANDING mode ***
...Perform landing...
[1500, 1500, 1350, 1500, 2011, 950, 988, 1699, 1001, 1001, 1001, 1001, 1500, 1500, 1500, 1500]
12:03:48.261826 ALT: 27.79
12:03:48.261909 ATT: [-3.6, -0.2, 206]
12:03:48.262119 ACC: [6, 14, 510]
*** LANDING mode ***
...Perform landing...
[1499, 1500, 1350, 1500, 2011, 950, 988, 1699, 1001, 1001, 1001, 1001, 1500, 1500, 1500, 1500]
*** LANDING mode ***
...Perform landing...
[1499, 1499, 1350, 1499, 2011, 950, 988, 1699, 1001, 1001, 1001, 1001, 1500, 1500, 1500, 1500]
12:03:48.309994 ALT: 27.55
12:03:48.310085 ATT: [-2.9, -0.5, 206]
12:03:48.310338 ACC: [-2, 8, 491]
*** LANDING mode ***
...Perform landing...
[1500, 1500, 1350, 1500, 2011, 951, 988, 1699, 1001, 1001, 1001, 1001, 1500, 1500, 1500, 1500]
*** LANDING mode ***
...Perform landing...
[1500, 1500, 1350, 1500, 2011, 950, 988, 1699, 1001, 1001, 1001, 1001, 1500, 1500, 1500, 1500]
12:03:48.358019 ALT: 27.29
12:03:48.358106 ATT: [-1.5, -0.9, 206]
12:03:48.358349 ACC: [-5, -3, 457]
*** LANDING mode ***
...Perform landing...
[1499, 1500, 1350, 1500, 2011, 950, 988, 1699, 1001, 1001, 1001, 1001, 1500, 1500, 1500, 1500]
*** LANDING mode ***
...Perform landing...
[1500, 1500, 1350, 1500, 2011, 950, 988, 1699, 1001, 1001, 1001, 1001, 1500, 1500, 1500, 1500]
*** LANDING mode ***
...Perform landing...
[1499, 1499, 1350, 1500, 2011, 950, 988, 1699, 1001, 1001, 1001, 1001, 1500, 1500, 1500, 1500]
12:03:48.406019 ALT: 27.13
12:03:48.406106 ATT: [-0.6, -0.2, 206]
12:03:48.406403 ACC: [1, -2, 487]
*** LANDING mode ***
...Perform landing...
[1500, 1500, 1350, 1500, 2011, 950, 988, 1699, 1001, 1001, 1001, 1001, 1500, 1500, 1500, 1500]
*** LANDING mode ***
...Perform landing...
[1500, 1500, 1350, 1500, 2011, 950, 988, 1699, 1001, 1001, 1001, 1001, 1500, 1500, 1500, 1500]
12:03:48.454328 ALT: 26.77
12:03:48.454674 ATT: [-0.7, 0.4, 207]
12:03:48.455303 ACC: [3, -1, 476]
*** LANDING mode ***
...Perform landing...
[1500, 1500, 1350, 1500, 2011, 950, 988, 1699, 1001, 1001, 1001, 1001, 1500, 1500, 1500, 1500]
*** LANDING mode ***
...Perform landing...
[1500, 1500, 1350, 1500, 2011, 950, 988, 1699, 1001, 1001, 1001, 1001, 1500, 1500, 1500, 1500]
*** LANDING mode ***
...Perform landing...
[1500, 1500, 1350, 1500, 2011, 950, 988, 1699, 1001, 1001, 1001, 1001, 1500, 1500, 1500, 1500]
12:03:48.502654 ALT: 26.48
12:03:48.503015 ATT: [-1.3, 0.7, 207]
12:03:48.503536 ACC: [-1, 3, 476]
*** LANDING mode ***
...Perform landing...
[1500, 1500, 1350, 1499, 2011, 950, 988, 1699, 1001, 1001, 1001, 1001, 1500, 1500, 1500, 1500]
*** LANDING mode ***
...Perform landing...
[1500, 1500, 1350, 1500, 2011, 950, 988, 1699, 1001, 1001, 1001, 1001, 1500, 1500, 1500, 1500]
12:03:48.550417 ALT: 26.27
12:03:48.550579 ATT: [-1.0, 0.6, 207]
12:03:48.550974 ACC: [-1, 2, 501]
*** LANDING mode ***
...Perform landing...
[1500, 1500, 1350, 1500, 2011, 950, 988, 1699, 1001, 1001, 1001, 1001, 1500, 1500, 1500, 1500]
*** LANDING mode ***
...Perform landing...
[1499, 1500, 1350, 1500, 2011, 950, 988, 1699, 1001, 1001, 1001, 1001, 1500, 1500, 1500, 1500]
12:03:48.598596 ALT: 26.03
12:03:48.598694 ATT: [-0.8, -0.2, 207]
12:03:48.599109 ACC: [-6, 0, 501]
*** LANDING mode ***
...Perform landing...
[1500, 1499, 1350, 1500, 2011, 950, 988, 1699, 1001, 1001, 1001, 1001, 1500, 1500, 1500, 1500]
*** LANDING mode ***
...Perform landing...
[1499, 1500, 1350, 1500, 2011, 950, 988, 1699, 1001, 1001, 1001, 1001, 1500, 1500, 1500, 1500]
*** LANDING mode ***
...Perform landing...
[1500, 1500, 1350, 1500, 2011, 950, 988, 1699, 1001, 1001, 1001, 1001, 1500, 1500, 1500, 1500]
12:03:48.648149 ALT: 25.79
12:03:48.648282 ATT: [-0.4, -0.6, 207]
12:03:48.648715 ACC: [1, -1, 489]
*** LANDING mode ***
...Perform landing...
[1500, 1499, 1350, 1500, 2011, 950, 988, 1699, 1001, 1001, 1001, 1001, 1500, 1500, 1500, 1500]
*** LANDING mode ***
...Perform landing...
[1499, 1500, 1350, 1500, 2011, 950, 988, 1699, 1001, 1001, 1001, 1001, 1500, 1500, 1500, 1500]
12:03:48.693979 ALT: 25.54
12:03:48.694112 ATT: [-0.1, -0.1, 207]
12:03:48.694357 ACC: [3, -4, 473]
*** LANDING mode ***
...Perform landing...
[1500, 1500, 1350, 1500, 2011, 950, 988, 1699, 1001, 1001, 1001, 1001, 1500, 1500, 1500, 1500]
*** LANDING mode ***
...Perform landing...
[1500, 1500, 1350, 1500, 2011, 950, 988, 1699, 1001, 1001, 1001, 1001, 1500, 1500, 1500, 1500]
*** LANDING mode ***
...Perform landing...
[1501, 1497, 1350, 1500, 2011, 951, 986, 1699, 1001, 1001, 1001, 1001, 1500, 1500, 1500, 1500]
12:03:48.742038 ALT: 25.38
12:03:48.742124 ATT: [-0.1, -0.3, 207]
12:03:48.742368 ACC: [-2, 3, 508]
*** LANDING mode ***
...Perform landing...
[1499, 1500, 1350, 1499, 2011, 950, 988, 1699, 1001, 1001, 1001, 1001, 1500, 1500, 1500, 1500]
*** LANDING mode ***
...Perform landing...
[1500, 1500, 1350, 1500, 2011, 950, 988, 1699, 1001, 1001, 1001, 1001, 1500, 1500, 1500, 1500]
12:03:48.790029 ALT: 25.09
12:03:48.790116 ATT: [0.0, -0.2, 207]
12:03:48.790365 ACC: [5, -1, 478]
*** LANDING mode ***
...Perform landing...
[1500, 1500, 1350, 1500, 2011, 950, 988, 1699, 1001, 1001, 1001, 1001, 1500, 1500, 1500, 1500]
*** LANDING mode ***
...Perform landing...
[1500, 1500, 1350, 1499, 2011, 950, 988, 1699, 1001, 1001, 1001, 1001, 1500, 1500, 1500, 1500]
12:03:48.838481 ALT: 24.81
12:03:48.838580 ATT: [0.2, -0.1, 207]
12:03:48.838890 ACC: [3, 3, 471]
*** LANDING mode ***
...Perform landing...
[1500, 1500, 1350, 1499, 2011, 950, 988, 1699, 1001, 1001, 1001, 1001, 1500, 1500, 1500, 1500]
*** LANDING mode ***
...Perform landing...
[1500, 1499, 1350, 1500, 2011, 950, 988, 1699, 1001, 1001, 1001, 1001, 1500, 1500, 1500, 1500]
*** LANDING mode ***
...Perform landing...
[1500, 1499, 1350, 1500, 2011, 950, 988, 1699, 1001, 1001, 1001, 1001, 1500, 1500, 1500, 1500]
12:03:48.886848 ALT: 24.55
12:03:48.886943 ATT: [0.4, -0.2, 207]
12:03:48.887235 ACC: [4, 0, 499]
*** LANDING mode ***
...Perform landing...
[1499, 1499, 1350, 1500, 2011, 950, 988, 1699, 1001, 1001, 1001, 1001, 1500, 1500, 1500, 1500]
*** LANDING mode ***
...Perform landing...
[1500, 1500, 1350, 1500, 2011, 950, 988, 1699, 1001, 1001, 1001, 1001, 1500, 1500, 1500, 1500]
12:03:48.934842 ALT: 24.45
12:03:48.935161 ATT: [-0.2, -0.2, 208]
12:03:48.935590 ACC: [1126, -2048, -4865]
*** LANDING mode ***
...Perform landing...
[1500, 1500, 1350, 1500, 2011, 950, 988, 1699, 1001, 1001, 1001, 1001, 1500, 1500, 1500, 1500]
*** LANDING mode ***
...Perform landing...
[1500, 1500, 1350, 1500, 2011, 950, 988, 1699, 1001, 1001, 1001, 1001, 1500, 1500, 1500, 1500]
*** LANDING mode ***
...Perform landing...
[1500, 1500, 1350, 1500, 2011, 950, 988, 1699, 1001, 1001, 1001, 1001, 1500, 1500, 1500, 1500]
12:03:48.982559 ALT: 24.04
12:03:48.982642 ATT: [-0.7, -0.4, 208]
12:03:48.982892 ACC: [1, -2, 509]
*** LANDING mode ***
...Perform landing...
[1499, 1500, 1350, 1500, 2009, 950, 988, 1699, 1001, 1001, 1001, 1001, 1500, 1500, 1500, 1500]
*** LANDING mode ***
...Perform landing...
[1499, 1500, 1350, 1500, 2011, 950, 988, 1699, 1001, 1001, 1001, 1001, 1500, 1500, 1500, 1500]
12:03:49.029995 ALT: 23.7
12:03:49.030085 ATT: [-0.5, -0.4, 208]
12:03:49.030341 ACC: [6, 2, 512]
*** LANDING mode ***
...Perform landing...
[1500, 1500, 1350, 1500, 2011, 950, 988, 1699, 1001, 1001, 1001, 1001, 1500, 1500, 1500, 1500]
*** LANDING mode ***
...Perform landing...
[1500, 1500, 1350, 1499, 2011, 950, 988, 1699, 1001, 1001, 1001, 1001, 1500, 1500, 1500, 1500]
12:03:49.078042 ALT: 23.39
12:03:49.078133 ATT: [0.0, -0.1, 208]
12:03:49.078378 ACC: [5, 4, 465]
*** LANDING mode ***
...Perform landing...
[1500, 1500, 1350, 1500, 2011, 950, 988, 1699, 1001, 1001, 1001, 1001, 1500, 1500, 1500, 1500]
*** LANDING mode ***
...Perform landing...
[1499, 1500, 1350, 1500, 2011, 950, 988, 1699, 1001, 1001, 1001, 1001, 1500, 1500, 1500, 1500]
*** LANDING mode ***
...Perform landing...
[1500, 1500, 1350, 1500, 2011, 950, 988, 1699, 1001, 1001, 1001, 1001, 1500, 1500, 1500, 1500]
12:03:49.126103 ALT: 23.13
12:03:49.126191 ATT: [0.3, 0.2, 208]
12:03:49.126438 ACC: [1, -1, 437]
*** LANDING mode ***
...Perform landing...
[1500, 1500, 1350, 1499, 2011, 950, 988, 1699, 1001, 1001, 1001, 1001, 1500, 1500, 1500, 1500]
*** LANDING mode ***
...Perform landing...
[1500, 1500, 1350, 1500, 2011, 950, 988, 1699, 1001, 1001, 1001, 1001, 1500, 1500, 1500, 1500]
12:03:49.174133 ALT: 22.83
12:03:49.174222 ATT: [0.4, 0.6, 208]
12:03:49.174476 ACC: [1, 2, 470]
*** LANDING mode ***
...Perform landing...
[1500, 1499, 1350, 1499, 2011, 950, 988, 1699, 1001, 1001, 1001, 1001, 1500, 1500, 1500, 1500]
*** LANDING mode ***
...Perform landing...
[1500, 1499, 1350, 1500, 2009, 950, 988, 1699, 1001, 1001, 1001, 1001, 1500, 1500, 1500, 1500]
*** LANDING mode ***
...Perform landing...
[1500, 1500, 1350, 1499, 2011, 950, 988, 1699, 1001, 1001, 1001, 1001, 1500, 1500, 1500, 1500]
12:03:49.222111 ALT: 22.51
12:03:49.222201 ATT: [-0.1, 0.7, 208]
12:03:49.222440 ACC: [-4, 1, 488]
*** LANDING mode ***
...Perform landing...
[1500, 1499, 1350, 1500, 2011, 950, 988, 1699, 1001, 1001, 1001, 1001, 1500, 1500, 1500, 1500]
*** LANDING mode ***
...Perform landing...
[1500, 1499, 1350, 1500, 2011, 950, 988, 1699, 1001, 1001, 1001, 1001, 1500, 1500, 1500, 1500]
12:03:49.270279 ALT: 22.21
12:03:49.270539 ATT: [-0.4, -0.4, 208]
12:03:49.271289 ACC: [-2, -3, 512]
*** LANDING mode ***
...Perform landing...
[1499, 1500, 1350, 1500, 2011, 951, 986, 1699, 1001, 1001, 1001, 1001, 1500, 1500, 1500, 1500]
*** LANDING mode ***
...Perform landing...
[1500, 1500, 1350, 1499, 2011, 950, 988, 1699, 1001, 1001, 1001, 1001, 1500, 1500, 1500, 1500]
*** LANDING mode ***
...Perform landing...
[1500, 1500, 1350, 1500, 2011, 950, 988, 1699, 1001, 1001, 1001, 1001, 1500, 1500, 1500, 1500]
12:03:49.320547 ALT: 22.11
12:03:49.320690 ATT: [0.0, -0.4, 208]
12:03:49.321082 ACC: [3, 3, 484]
*** LANDING mode ***
...Perform landing...
[1500, 1500, 1350, 1500, 2011, 950, 988, 1699, 1001, 1001, 1001, 1001, 1500, 1500, 1500, 1500]
*** LANDING mode ***
...Perform landing...
[1500, 1500, 1350, 1500, 2011, 950, 988, 1699, 1001, 1001, 1001, 1001, 1500, 1500, 1500, 1500]
12:03:49.366568 ALT: 21.79
12:03:49.366671 ATT: [0.2, -0.2, 208]
12:03:49.367069 ACC: [2, -1, 490]
*** LANDING mode ***
...Perform landing...
[1500, 1500, 1350, 1500, 2011, 950, 988, 1699, 1001, 1001, 1001, 1001, 1500, 1500, 1500, 1500]
*** LANDING mode ***
...Perform landing...
[1500, 1500, 1350, 1500, 2011, 950, 988, 1699, 1001, 1001, 1001, 1001, 1500, 1500, 1500, 1500]
12:03:49.415254 ALT: 21.52
12:03:49.415508 ATT: [0.0, -0.5, 208]
12:03:49.415885 ACC: [3, -1, 493]
*** LANDING mode ***
...Perform landing...
[1500, 1500, 1350, 1500, 2011, 950, 988, 1699, 1001, 1001, 1001, 1001, 1500, 1500, 1500, 1500]
*** LANDING mode ***
...Perform landing...
[1500, 1500, 1350, 1499, 2011, 950, 988, 1699, 1001, 1001, 1001, 1001, 1500, 1500, 1500, 1500]
*** LANDING mode ***
...Perform landing...
[1500, 1500, 1350, 1500, 2011, 950, 988, 1699, 1001, 1001, 1001, 1001, 1500, 1500, 1500, 1500]
12:03:49.478135 ALT: 21.2
12:03:49.478223 ATT: [0.2, -0.4, 208]
12:03:49.478473 ACC: [1, -4, 487]
*** LANDING mode ***
...Perform landing...
[1500, 1499, 1350, 1500, 2011, 950, 988, 1699, 1001, 1001, 1001, 1001, 1500, 1500, 1500, 1500]
*** LANDING mode ***
...Perform landing...
[1500, 1500, 1350, 1499, 2011, 950, 988, 1699, 1001, 1001, 1001, 1001, 1500, 1500, 1500, 1500]
*** LANDING mode ***
...Perform landing...
[1500, 1499, 1350, 1499, 2011, 950, 988, 1699, 1001, 1001, 1001, 1001, 1500, 1500, 1500, 1500]
12:03:49.526164 ALT: 20.74
12:03:49.526255 ATT: [0.6, 0.2, 208]
12:03:49.526492 ACC: [8, 2, 479]
*** LANDING mode ***
...Perform landing...
[1499, 1501, 1350, 1500, 2011, 950, 988, 1699, 1001, 1001, 1001, 1001, 1500, 1500, 1500, 1500]
*** LANDING mode ***
...Perform landing...
[1500, 1499, 1350, 1500, 2011, 950, 988, 1699, 1001, 1001, 1001, 1001, 1500, 1500, 1500, 1500]
12:03:49.574166 ALT: 20.42
12:03:49.574256 ATT: [0.2, 0.5, 208]
12:03:49.574497 ACC: [7, 2, 495]
*** LANDING mode ***
...Perform landing...
[1499, 1500, 1350, 1500, 2011, 949, 988, 1699, 1001, 1001, 1001, 1001, 1500, 1500, 1500, 1500]
*** LANDING mode ***
...Perform landing...
[1501, 1499, 1350, 1499, 2011, 950, 988, 1699, 1001, 1001, 1001, 1001, 1500, 1500, 1500, 1500]
*** LANDING mode ***
...Perform landing...
[1500, 1500, 1350, 1500, 2011, 950, 988, 1699, 1001, 1001, 1001, 1001, 1500, 1500, 1500, 1500]
12:03:49.622162 ALT: 20.3
12:03:49.622250 ATT: [-0.5, 0.5, 209]
12:03:49.622499 ACC: [5, -4, 511]
*** LANDING mode ***
...Perform landing...
[1499, 1500, 1350, 1500, 2011, 950, 988, 1699, 1001, 1001, 1001, 1001, 1500, 1500, 1500, 1500]
*** LANDING mode ***
...Perform landing...
[1500, 1500, 1350, 1500, 2011, 950, 988, 1699, 1001, 1001, 1001, 1001, 1500, 1500, 1500, 1500]
12:03:49.670550 ALT: 20.02
12:03:49.670649 ATT: [-0.8, 0.2, 209]
12:03:49.670961 ACC: [4, -7, 551]
*** LANDING mode ***
...Perform landing...
[1497, 1500, 1350, 1500, 2011, 950, 988, 1699, 1001, 1001, 1001, 1001, 1500, 1500, 1500, 1500]
*** LANDING mode ***
...Perform landing...
[1500, 1500, 1350, 1500, 2011, 950, 988, 1699, 1001, 1001, 1001, 1001, 1500, 1500, 1500, 1500]
12:03:49.718843 ALT: 19.7
12:03:49.718950 ATT: [-0.5, 0.1, 209]
12:03:49.719354 ACC: [7, 2, 524]
*** LANDING mode ***
...Perform landing...
[1500, 1500, 1350, 1500, 2011, 950, 988, 1699, 1001, 1001, 1001, 1001, 1500, 1500, 1500, 1500]
*** LANDING mode ***
...Perform landing...
[1500, 1500, 1350, 1499, 2011, 950, 988, 1699, 1001, 1001, 1001, 1001, 1500, 1500, 1500, 1500]
*** LANDING mode ***
...Perform landing...
[1500, 1500, 1350, 1500, 2011, 950, 988, 1699, 1001, 1001, 1001, 1001, 1500, 1500, 1500, 1500]
12:03:49.767172 ALT: 19.38
12:03:49.767352 ATT: [0.2, 0.0, 209]
12:03:49.767710 ACC: [0, -5, 548]
*** LANDING mode ***
...Perform landing...
[1499, 1500, 1350, 1499, 2011, 950, 988, 1698, 1001, 1001, 1001, 1001, 1500, 1500, 1500, 1500]
*** LANDING mode ***
...Perform landing...
[1500, 1500, 1350, 1500, 2009, 950, 988, 1699, 1001, 1001, 1001, 1001, 1500, 1500, 1500, 1500]
12:03:49.814352 ALT: 19.04
12:03:49.814482 ATT: [0.1, 0.2, 209]
12:03:49.815656 ACC: [5, 5, 522]
*** LANDING mode ***
...Perform landing...
[1499, 1500, 1350, 1499, 2011, 950, 988, 1699, 1001, 1001, 1001, 1001, 1500, 1500, 1500, 1500]
*** LANDING mode ***
...Perform landing...
[1500, 1500, 1350, 1500, 2011, 950, 988, 1699, 1001, 1001, 1001, 1001, 1500, 1500, 1500, 1500]
*** LANDING mode ***
...Perform landing...
[1499, 1500, 1350, 1500, 2011, 950, 988, 1699, 1001, 1001, 1001, 1001, 1500, 1500, 1500, 1500]
12:03:49.862067 ALT: 18.76
12:03:49.862150 ATT: [-0.1, 0.2, 209]
12:03:49.862369 ACC: [10, 3, 505]
*** LANDING mode ***
...Perform landing...
[1499, 1499, 1350, 1500, 2011, 950, 988, 1699, 1001, 1001, 1001, 1001, 1500, 1500, 1500, 1500]
*** LANDING mode ***
...Perform landing...
[1500, 1500, 1350, 1500, 2011, 950, 988, 1699, 1001, 1001, 1001, 1001, 1500, 1500, 1500, 1500]
12:03:49.910196 ALT: 18.44
12:03:49.910289 ATT: [0.1, -0.4, 209]
12:03:49.910553 ACC: [12, 4, 498]
*** LANDING mode ***
...Perform landing...
[1500, 1500, 1350, 1500, 2011, 950, 988, 1699, 1001, 1001, 1001, 1001, 1500, 1500, 1500, 1500]
*** LANDING mode ***
...Perform landing...
[1499, 1500, 1350, 1500, 2011, 950, 988, 1699, 1001, 1001, 1001, 1001, 1500, 1500, 1500, 1500]
12:03:49.958229 ALT: 18.17
12:03:49.958320 ATT: [0.2, -0.6, 209]
12:03:49.958618 ACC: [15, 3, 517]
*** LANDING mode ***
...Perform landing...
[1500, 1500, 1350, 1500, 2011, 950, 988, 1699, 1001, 1001, 1001, 1001, 1500, 1500, 1500, 1500]
*** LANDING mode ***
...Perform landing...
[1500, 1500, 1350, 1500, 2011, 950, 988, 1699, 1001, 1001, 1001, 1001, 1500, 1500, 1500, 1500]
*** LANDING mode ***
...Perform landing...
[1500, 1500, 1350, 1501, 2009, 950, 988, 1699, 1001, 1001, 1001, 1001, 1500, 1500, 1500, 1500]
12:03:50.006218 ALT: 17.91
12:03:50.006309 ATT: [-0.1, -0.4, 209]
12:03:50.006563 ACC: [6, -7, 498]
*** LANDING mode ***
...Perform landing...
[1499, 1500, 1350, 1500, 2011, 950, 988, 1699, 1001, 1001, 1001, 1001, 1500, 1500, 1500, 1500]
*** LANDING mode ***
...Perform landing...
[1500, 1500, 1350, 1500, 2011, 950, 988, 1699, 1001, 1001, 1001, 1001, 1500, 1500, 1500, 1500]
12:03:50.054665 ALT: 17.72
12:03:50.054758 ATT: [-0.2, 0.0, 209]
12:03:50.055061 ACC: [11, 1, 486]
*** LANDING mode ***
...Perform landing...
[1500, 1500, 1350, 1499, 2012, 950, 988, 1699, 1001, 1001, 1001, 1001, 1500, 1500, 1500, 1500]
*** LANDING mode ***
...Perform landing...
[1500, 1500, 1350, 1500, 2011, 950, 988, 1699, 1001, 1001, 1001, 1001, 1500, 1500, 1500, 1500]
*** LANDING mode ***
...Perform landing...
[1500, 1500, 1350, 1500, 2011, 950, 988, 1699, 1001, 1001, 1001, 1001, 1500, 1500, 1500, 1500]
12:03:50.102719 ALT: 17.4
12:03:50.102831 ATT: [-0.1, 0.1, 209]
12:03:50.103184 ACC: [2, 4, 530]
*** LANDING mode ***
...Perform landing...
[1500, 1499, 1350, 1499, 2011, 950, 988, 1699, 1001, 1001, 1001, 1001, 1500, 1500, 1500, 1500]
*** LANDING mode ***
...Perform landing...
[1500, 1500, 1350, 1500, 2011, 950, 989, 1698, 1001, 1001, 1001, 1001, 1500, 1500, 1500, 1500]
12:03:50.150764 ALT: 17.07
12:03:50.150853 ATT: [-0.2, 0.1, 209]
12:03:50.151183 ACC: [4, 3, 515]
*** LANDING mode ***
...Perform landing...
[1500, 1500, 1350, 1500, 2011, 950, 988, 1699, 1001, 1001, 1001, 1001, 1500, 1500, 1500, 1500]
*** LANDING mode ***
...Perform landing...
[1500, 1499, 1350, 1500, 2011, 950, 988, 1699, 1001, 1001, 1001, 1001, 1500, 1500, 1500, 1500]
12:03:50.198592 ALT: 16.71
12:03:50.199022 ATT: [-0.3, -0.2, 209]
12:03:50.199457 ACC: [1, -1, 517]
*** LANDING mode ***
...Perform landing...
[1500, 1500, 1350, 1500, 2011, 950, 988, 1699, 1001, 1001, 1001, 1001, 1500, 1500, 1500, 1500]
*** LANDING mode ***
...Perform landing...
[1500, 1500, 1350, 1500, 2011, 950, 988, 1699, 1001, 1001, 1001, 1001, 1500, 1500, 1500, 1500]
*** LANDING mode ***
...Perform landing...
[1500, 1500, 1350, 1500, 2011, 950, 988, 1699, 1001, 1001, 1001, 1001, 1500, 1500, 1500, 1500]
12:03:50.246152 ALT: 16.37
12:03:50.246240 ATT: [-0.1, -0.3, 209]
12:03:50.246476 ACC: [10, 6, 514]
*** LANDING mode ***
...Perform landing...
[1500, 1499, 1350, 1499, 2011, 950, 988, 1699, 1001, 1001, 1001, 1001, 1500, 1500, 1500, 1500]
*** LANDING mode ***
...Perform landing...
[1499, 1500, 1350, 1500, 2011, 951, 986, 1699, 1001, 1001, 1001, 1001, 1500, 1500, 1500, 1500]
12:03:50.294257 ALT: 16.06
12:03:50.294346 ATT: [0.2, -0.1, 210]
12:03:50.294600 ACC: [12, 0, 519]
*** LANDING mode ***
...Perform landing...
[1499, 1500, 1350, 1500, 2011, 950, 988, 1699, 1001, 1001, 1001, 1001, 1500, 1500, 1500, 1500]
*** LANDING mode ***
...Perform landing...
[1499, 1500, 1350, 1500, 2011, 950, 988, 1699, 1001, 1001, 1001, 1001, 1500, 1500, 1500, 1500]
*** LANDING mode ***
...Perform landing...
[1500, 1500, 1350, 1500, 2011, 950, 988, 1698, 1001, 1001, 1001, 1001, 1500, 1500, 1500, 1500]
12:03:50.342133 ALT: 15.94
12:03:50.342214 ATT: [0.3, 0.1, 210]
12:03:50.342419 ACC: [7, 1, 542]
*** LANDING mode ***
...Perform landing...
[1500, 1500, 1350, 1500, 2011, 950, 988, 1699, 1001, 1001, 1001, 1001, 1500, 1500, 1500, 1500]
*** LANDING mode ***
...Perform landing...
[1500, 1500, 1350, 1500, 2011, 950, 988, 1699, 1001, 1001, 1001, 1001, 1500, 1500, 1500, 1500]
12:03:50.390279 ALT: 15.47
12:03:50.390368 ATT: [0.3, 0.2, 210]
12:03:50.390619 ACC: [6, 0, 514]
*** LANDING mode ***
...Perform landing...
[1500, 1500, 1350, 1499, 2011, 950, 988, 1699, 1001, 1001, 1001, 1001, 1500, 1500, 1500, 1500]
*** LANDING mode ***
...Perform landing...
[1500, 1499, 1350, 1499, 2011, 950, 988, 1699, 1001, 1001, 1001, 1001, 1500, 1500, 1500, 1500]
12:03:50.438278 ALT: 15.12
12:03:50.438368 ATT: [0.1, 0.2, 210]
12:03:50.438609 ACC: [5, 0, 515]
*** LANDING mode ***
...Perform landing...
[1500, 1500, 1350, 1499, 2011, 950, 988, 1699, 1001, 1001, 1001, 1001, 1500, 1500, 1500, 1500]
*** LANDING mode ***
...Perform landing...
[1500, 1500, 1350, 1500, 2012, 950, 988, 1699, 1001, 1001, 1001, 1001, 1500, 1500, 1500, 1500]
*** LANDING mode ***
...Perform landing...
[1499, 1499, 1350, 1500, 2011, 949, 988, 1699, 1001, 1001, 1001, 1001, 1500, 1500, 1500, 1500]
12:03:50.486630 ALT: 14.8
12:03:50.486844 ATT: [-0.2, 0.3, 210]
12:03:50.487230 ACC: [9, 2, 504]
*** LANDING mode ***
...Perform landing...
[1500, 1500, 1350, 1499, 2011, 950, 988, 1699, 1001, 1001, 1001, 1001, 1500, 1500, 1500, 1500]
*** LANDING mode ***
...Perform landing...
[1499, 1500, 1350, 1500, 2011, 950, 988, 1699, 1001, 1001, 1001, 1001, 1500, 1500, 1500, 1500]
12:03:50.534543 ALT: 14.47
12:03:50.534640 ATT: [-0.5, 0.3, 210]
12:03:50.534955 ACC: [5, -3, 507]
*** LANDING mode ***
...Perform landing...
[1500, 1499, 1350, 1500, 2011, 950, 988, 1699, 1001, 1001, 1001, 1001, 1500, 1500, 1500, 1500]
*** LANDING mode ***
...Perform landing...
[1500, 1500, 1350, 1500, 2011, 950, 988, 1699, 1001, 1001, 1001, 1001, 1500, 1500, 1500, 1500]
*** LANDING mode ***
...Perform landing...
[1499, 1500, 1350, 1500, 2011, 950, 988, 1699, 1001, 1001, 1001, 1001, 1500, 1500, 1500, 1500]
12:03:50.582700 ALT: 14.14
12:03:50.583010 ATT: [-0.4, 0.0, 210]
12:03:50.583517 ACC: [-4, -2, 518]
*** LANDING mode ***
...Perform landing...
[1500, 1500, 1350, 1500, 2011, 950, 988, 1699, 1001, 1001, 1001, 1001, 1500, 1500, 1500, 1500]
*** LANDING mode ***
...Perform landing...
[1500, 1500, 1350, 1500, 2011, 950, 988, 1699, 1001, 1001, 1001, 1001, 1500, 1500, 1500, 1500]
12:03:50.630645 ALT: 14.02
12:03:50.630745 ATT: [-0.3, -0.4, 210]
12:03:50.631123 ACC: [0, -1, 517]
*** LANDING mode ***
...Perform landing...
[1500, 1500, 1350, 1499, 2011, 950, 988, 1699, 1001, 1001, 1001, 1001, 1500, 1500, 1500, 1500]
*** LANDING mode ***
...Perform landing...
[1500, 1500, 1350, 1499, 2011, 949, 988, 1699, 1001, 1001, 1001, 1001, 1500, 1500, 1500, 1500]
12:03:50.678315 ALT: 13.68
12:03:50.678404 ATT: [-0.6, -0.2, 210]
12:03:50.678704 ACC: [0, 3, 480]
*** LANDING mode ***
...Perform landing...
[1500, 1500, 1350, 1500, 2011, 950, 988, 1699, 1001, 1001, 1001, 1001, 1500, 1500, 1500, 1500]
*** LANDING mode ***
...Perform landing...
[1500, 1500, 1350, 1500, 2011, 950, 988, 1699, 1001, 1001, 1001, 1001, 1500, 1500, 1500, 1500]
*** LANDING mode ***
...Perform landing...
[1500, 1500, 1350, 1500, 2011, 950, 988, 1699, 1001, 1001, 1001, 1001, 1500, 1500, 1500, 1500]
12:03:50.726279 ALT: 13.35
12:03:50.726367 ATT: [-0.8, 0.3, 210]
12:03:50.726614 ACC: [-1, -2, 496]
*** LANDING mode ***
...Perform landing...
[1500, 1499, 1350, 1500, 2011, 950, 988, 1699, 1001, 1001, 1001, 1001, 1500, 1500, 1500, 1500]
*** LANDING mode ***
...Perform landing...
[1499, 1500, 1350, 1500, 2011, 950, 988, 1699, 1001, 1001, 1001, 1001, 1500, 1500, 1500, 1500]
12:03:50.774333 ALT: 13.01
12:03:50.774422 ATT: [-0.3, -0.2, 210]
12:03:50.774672 ACC: [1, -6, 529]
*** LANDING mode ***
...Perform landing...
[1500, 1499, 1350, 1500, 2011, 950, 988, 1699, 1001, 1001, 1001, 1001, 1500, 1500, 1500, 1500]
*** LANDING mode ***
...Perform landing...
[1499, 1500, 1350, 1500, 2011, 950, 988, 1699, 1001, 1001, 1001, 1001, 1500, 1500, 1500, 1500]
*** LANDING mode ***
...Perform landing...
[1500, 1500, 1350, 1500, 2011, 950, 988, 1699, 1001, 1001, 1001, 1001, 1500, 1500, 1500, 1500]
12:03:50.822351 ALT: 12.67
12:03:50.822437 ATT: [0.3, -0.5, 210]
12:03:50.822722 ACC: [3, 5, 501]
*** LANDING mode ***
...Perform landing...
[1500, 1500, 1350, 1500, 2011, 950, 988, 1699, 1001, 1001, 1001, 1001, 1500, 1500, 1500, 1500]
*** LANDING mode ***
...Perform landing...
[1500, 1500, 1350, 1500, 2011, 950, 988, 1699, 1001, 1001, 1001, 1001, 1500, 1500, 1500, 1500]
12:03:50.870925 ALT: 12.34
12:03:50.871021 ATT: [0.6, -0.6, 210]
12:03:50.871332 ACC: [4, 3, 532]
*** LANDING mode ***
...Perform landing...
[1500, 1499, 1350, 1499, 2011, 950, 988, 1699, 1001, 1001, 1001, 1001, 1500, 1500, 1500, 1500]
*** LANDING mode ***
...Perform landing...
[1500, 1499, 1350, 1499, 2011, 950, 988, 1699, 1001, 1001, 1001, 1001, 1500, 1500, 1500, 1500]
12:03:50.919077 ALT: 12.06
12:03:50.919188 ATT: [-0.1, 0.1, 210]
12:03:50.919502 ACC: [7, -2, 526]
*** LANDING mode ***
...Perform landing...
[1500, 1500, 1350, 1500, 2011, 950, 988, 1699, 1001, 1001, 1001, 1001, 1500, 1500, 1500, 1500]
*** LANDING mode ***
...Perform landing...
[1500, 1500, 1350, 1500, 2011, 950, 988, 1698, 1001, 1001, 1001, 1001, 1500, 1500, 1500, 1500]
*** LANDING mode ***
...Perform landing...
[1500, 1500, 1350, 1500, 2011, 950, 986, 1699, 1001, 1001, 1001, 1001, 1500, 1500, 1500, 1500]
12:03:50.967623 ALT: 11.74
12:03:50.967898 ATT: [0.0, 0.7, 210]
12:03:50.968243 ACC: [10, 0, 517]
*** LANDING mode ***
...Perform landing...
[1499, 1500, 1350, 1500, 2011, 950, 988, 1699, 1001, 1001, 1001, 1001, 1500, 1500, 1500, 1500]
*** LANDING mode ***
...Perform landing...
[1500, 1500, 1350, 1500, 2009, 950, 988, 1699, 1001, 1001, 1001, 1001, 1500, 1500, 1500, 1500]
12:03:51.014457 ALT: 11.36
12:03:51.014569 ATT: [0.3, 0.5, 211]
12:03:51.014917 ACC: [2, 0, 515]
*** LANDING mode ***
...Perform landing...
[1500, 1500, 1350, 1499, 2011, 950, 988, 1699, 1001, 1001, 1001, 1001, 1500, 1500, 1500, 1500]
*** LANDING mode ***
...Perform landing...
[1500, 1500, 1350, 1499, 2011, 950, 988, 1699, 1001, 1001, 1001, 1001, 1500, 1500, 1500, 1500]
*** LANDING mode ***
...Perform landing...
[1500, 1500, 1350, 1500, 2011, 950, 988, 1699, 1001, 1001, 1001, 1001, 1500, 1500, 1500, 1500]
12:03:51.062230 ALT: 11.01
12:03:51.062313 ATT: [0.4, 0.1, 211]
12:03:51.062566 ACC: [9, 8, 521]
*** LANDING mode ***
...Perform landing...
[1500, 1500, 1350, 1500, 2011, 950, 988, 1699, 1001, 1001, 1001, 1001, 1500, 1500, 1500, 1500]
*** LANDING mode ***
...Perform landing...
[1500, 1500, 1350, 1499, 2011, 950, 988, 1699, 1001, 1001, 1001, 1001, 1500, 1500, 1500, 1500]
12:03:51.110355 ALT: 10.72
12:03:51.110447 ATT: [0.3, -0.1, 211]
12:03:51.110714 ACC: [4, -2, 488]
*** LANDING mode ***
...Perform landing...
[1500, 1500, 1350, 1500, 2011, 950, 988, 1699, 1001, 1001, 1001, 1001, 1500, 1500, 1500, 1500]
*** LANDING mode ***
...Perform landing...
[1500, 1499, 1350, 1500, 2012, 950, 988, 1699, 1001, 1001, 1001, 1001, 1500, 1500, 1500, 1500]
12:03:51.158397 ALT: 10.4
12:03:51.158487 ATT: [-0.2, -0.1, 211]
12:03:51.158727 ACC: [5, 3, 484]
*** LANDING mode ***
...Perform landing...
[1500, 1500, 1350, 1500, 2011, 949, 988, 1699, 1001, 1001, 1001, 1001, 1500, 1500, 1500, 1500]
*** LANDING mode ***
...Perform landing...
[1499, 1500, 1350, 1500, 2011, 950, 988, 1699, 1001, 1001, 1001, 1001, 1500, 1500, 1500, 1500]
*** LANDING mode ***
...Perform landing...
[1500, 1500, 1350, 1499, 2011, 950, 988, 1699, 1001, 1001, 1001, 1001, 1500, 1500, 1500, 1500]
12:03:51.206395 ALT: 10.13
12:03:51.206484 ATT: [-0.1, -0.6, 211]
12:03:51.206739 ACC: [6, 2, 501]
*** LANDING mode ***
...Perform landing...
[1499, 1500, 1350, 1499, 2011, 950, 988, 1699, 1001, 1001, 1001, 1001, 1500, 1500, 1500, 1500]
*** LANDING mode ***
...Perform landing...
[1500, 1500, 1350, 1500, 2011, 950, 988, 1699, 1001, 1001, 1001, 1001, 1500, 1500, 1500, 1500]
12:03:51.254840 ALT: 9.97
12:03:51.254932 ATT: [-0.1, -0.3, 211]
12:03:51.255241 ACC: [4, 10, 487]
*** LANDING mode ***
...Perform landing...
[1500, 1500, 1350, 1500, 2011, 950, 988, 1699, 1001, 1001, 1001, 1001, 1500, 1500, 1500, 1500]
*** LANDING mode ***
...Perform landing...
[1500, 1499, 1350, 1500, 988, 988, 988, 1699, 1001, 1001, 1001, 1001, 1500, 1500, 1500, 1500]
[1500, 1500, 988, 1500, 988, 988, 988, 988, 1001, 1001, 1001, 1001, 1500, 1500, 1500, 1500]
12:03:51.302761 ALT: 9.68
12:03:51.303103 ATT: [0.1, 0.0, 211]
12:03:51.303627 ACC: [5, -2, 489]
[1500, 1500, 988, 1500, 988, 988, 988, 988, 1001, 1001, 1001, 1001, 1500, 1500, 1500, 1500]
[1500, 1500, 988, 1499, 988, 988, 988, 988, 1001, 1001, 1001, 1001, 1500, 1500, 1500, 1500]
12:03:51.350739 ALT: 9.39
12:03:51.351099 ATT: [0.0, 0.1, 211]
12:03:51.351556 ACC: [6, -1, 490]
[1499, 1500, 988, 1500, 988, 988, 988, 988, 1001, 1001, 1001, 1001, 1500, 1500, 1500, 1500]
[1500, 1499, 988, 1500, 988, 988, 988, 988, 1001, 1001, 1001, 1001, 1500, 1500, 1500, 1500]
12:03:51.399074 ALT: 9.09
12:03:51.399158 ATT: [0.1, -0.1, 211]
12:03:51.399433 ACC: [3, 1, 267]
[1500, 1500, 986, 1499, 988, 988, 988, 988, 1001, 1001, 1001, 1001, 1500, 1500, 1500, 1500]
[1500, 1500, 988, 1500, 988, 988, 988, 988, 1001, 1001, 1001, 1001, 1500, 1500, 1500, 1500]
[1499, 1500, 988, 1500, 988, 988, 988, 988, 1001, 1001, 1001, 1001, 1500, 1500, 1500, 1500]
12:03:51.446334 ALT: 8.77
12:03:51.446422 ATT: [0.2, 0.9, 212]
12:03:51.446667 ACC: [3, 3, 71]
[1500, 1499, 988, 1500, 988, 988, 988, 988, 1001, 1001, 1001, 1001, 1500, 1500, 1500, 1500]
[1500, 1499, 988, 1500, 988, 950, 988, 988, 1001, 1001, 1001, 1001, 1500, 1500, 1500, 1500]
12:03:51.494385 ALT: 8.41
12:03:51.494473 ATT: [0.2, 2.3, 212]
12:03:51.494732 ACC: [6, 5, 65]
12:03:51.499879 Starting ALT HOLD mode
Desired ALT is 50
12:03:51.500129 Navigation got ALT: 8.41
[1499, 1500, 1600, 1501, 988, 949, 988, 1600, 1001, 1001, 1001, 1001, 1500, 1500, 1500, 1500]
[1499, 1500, 1600, 1501, 988, 949, 988, 1600, 1001, 1001, 1001, 1001, 1500, 1500, 1500, 1500]
12:03:51.539010 Navigation got ALT: 8.41
[1500, 1500, 1600, 1500, 988, 950, 988, 1600, 1001, 1001, 1001, 1001, 1500, 1500, 1500, 1500]
12:03:51.558394 ALT: 8.01
12:03:51.558481 ATT: [0.1, 5.6, 214]
12:03:51.558755 ACC: [10, 6, 78]
[1500, 1500, 1600, 1500, 988, 950, 988, 1600, 1001, 1001, 1001, 1001, 1500, 1500, 1500, 1500]
12:03:51.578867 Navigation got ALT: 8.01
[1500, 1500, 1600, 1500, 988, 950, 988, 1601, 1001, 1001, 1001, 1001, 1500, 1500, 1500, 1500]
[1500, 1500, 1600, 1500, 988, 950, 988, 1601, 1001, 1001, 1001, 1001, 1500, 1500, 1500, 1500]
12:03:51.606515 ALT: 7.6
12:03:51.606604 ATT: [0.0, 8.0, 214]
12:03:51.606912 ACC: [8, 6, 88]
12:03:51.619391 Navigation got ALT: 7.6
[1500, 1500, 1600, 1499, 988, 950, 988, 1600, 1001, 1001, 1001, 1001, 1500, 1500, 1500, 1500]
[1500, 1500, 1600, 1499, 988, 950, 988, 1600, 1001, 1001, 1001, 1001, 1500, 1500, 1500, 1500]
12:03:51.654854 ALT: 7.18
12:03:51.654984 ATT: [-0.2, 11.4, 215]
12:03:51.655323 ACC: [8, 5, 102]
12:03:51.659102 Navigation got ALT: 7.18
[1500, 1500, 1600, 1500, 988, 950, 988, 1600, 1001, 1001, 1001, 1001, 1500, 1500, 1500, 1500]
[1500, 1500, 1600, 1500, 988, 950, 988, 1600, 1001, 1001, 1001, 1001, 1500, 1500, 1500, 1500]
12:03:51.699088 Navigation got ALT: 7.18
[1500, 1499, 1600, 1500, 988, 950, 988, 1600, 1001, 1001, 1001, 1001, 1500, 1500, 1500, 1500]
12:03:51.702447 ALT: 6.83
12:03:51.702542 ATT: [-0.3, 15.3, 216]
12:03:51.702798 ACC: [7, 3, 110]
[1500, 1499, 1600, 1500, 988, 950, 988, 1600, 1001, 1001, 1001, 1001, 1500, 1500, 1500, 1500]
12:03:51.739114 Navigation got ALT: 6.83
[1500, 1500, 1600, 1500, 988, 950, 988, 1600, 1001, 1001, 1001, 1001, 1500, 1500, 1500, 1500]
12:03:51.750568 ALT: 6.51
12:03:51.750686 ATT: [-0.4, 19.7, 216]
12:03:51.751205 ACC: [7, 1, 126]
[1500, 1500, 1600, 1500, 988, 950, 988, 1600, 1001, 1001, 1001, 1001, 1500, 1500, 1500, 1500]
12:03:51.778984 Navigation got ALT: 6.51
[1500, 1499, 1600, 1500, 988, 950, 988, 1600, 1001, 1001, 1001, 1001, 1500, 1500, 1500, 1500]
12:03:51.798543 ALT: 6.18
12:03:51.798662 ATT: [-0.5, 23.6, 217]
12:03:51.799145 ACC: [3, 0, 133]
[1500, 1499, 1600, 1500, 988, 950, 988, 1600, 1001, 1001, 1001, 1001, 1500, 1500, 1500, 1500]
12:03:51.819644 Navigation got ALT: 6.18
[1500, 1500, 1600, 1500, 988, 950, 988, 1600, 1001, 1001, 1001, 1001, 1500, 1500, 1500, 1500]
[1500, 1500, 1600, 1500, 988, 950, 988, 1600, 1001, 1001, 1001, 1001, 1500, 1500, 1500, 1500]
12:03:51.846405 ALT: 5.85
12:03:51.846476 ATT: [-0.4, 29.0, 217]
12:03:51.846714 ACC: [0, 2, 147]
12:03:51.859039 Navigation got ALT: 5.85
[1500, 1500, 1600, 1500, 988, 950, 988, 1598, 1001, 1001, 1001, 1001, 1500, 1500, 1500, 1500]
[1500, 1500, 1600, 1500, 988, 950, 988, 1598, 1001, 1001, 1001, 1001, 1500, 1500, 1500, 1500]
12:03:51.894515 ALT: 5.52
12:03:51.894603 ATT: [8.7, -8.9, 224]
12:03:51.894892 ACC: [-345, -1203, 1936]
12:03:51.899962 Navigation got ALT: 5.52
[1500, 1500, 1600, 1499, 988, 950, 988, 1600, 1001, 1001, 1001, 1001, 1500, 1500, 1500, 1500]
[1500, 1500, 1600, 1499, 988, 950, 988, 1600, 1001, 1001, 1001, 1001, 1500, 1500, 1500, 1500]
12:03:51.939113 Navigation got ALT: 5.52
[1500, 1500, 1600, 1500, 988, 950, 988, 1600, 1001, 1001, 1001, 1001, 1500, 1500, 1500, 1500]
12:03:51.942384 ALT: 5.21
12:03:51.942436 ATT: [23.4, -35.5, 231]
12:03:51.942671 ACC: [315, -335, 1160]
[1500, 1500, 1600, 1500, 988, 950, 988, 1600, 1001, 1001, 1001, 1001, 1500, 1500, 1500, 1500]
12:03:51.978850 Navigation got ALT: 5.21
[1500, 1499, 1600, 1500, 988, 950, 988, 1600, 1001, 1001, 1001, 1001, 1500, 1500, 1500, 1500]
12:03:51.990504 ALT: 5.11
12:03:51.990594 ATT: [42.7, -51.6, 245]
12:03:51.990841 ACC: [-97, -13, -225]
[1500, 1499, 1600, 1500, 988, 950, 988, 1600, 1001, 1001, 1001, 1001, 1500, 1500, 1500, 1500]
12:03:52.019360 Navigation got ALT: 5.11
[1500, 1500, 1600, 1500, 988, 950, 988, 1600, 1001, 1001, 1001, 1001, 1500, 1500, 1500, 1500]
12:03:52.038598 ALT: 4.69
12:03:52.038784 ATT: [84.2, -63.0, 280]
12:03:52.039460 ACC: [-41, -35, 1]
[1500, 1500, 1600, 1500, 988, 950, 988, 1600, 1001, 1001, 1001, 1001, 1500, 1500, 1500, 1500]
12:03:52.059029 Navigation got ALT: 4.69
[1500, 1500, 1600, 1500, 988, 950, 988, 1598, 1001, 1001, 1001, 1001, 1500, 1500, 1500, 1500]
[1500, 1500, 1600, 1500, 988, 950, 988, 1598, 1001, 1001, 1001, 1001, 1500, 1500, 1500, 1500]
12:03:52.086666 ALT: 4.21
12:03:52.086758 ATT: [132.0, -57.7, 322]
12:03:52.087190 ACC: [-34, -10, -26]
12:03:52.099783 Navigation got ALT: 4.21
[1500, 1499, 1600, 1500, 988, 950, 988, 1600, 1001, 1001, 1001, 1001, 1500, 1500, 1500, 1500]
[1500, 1499, 1600, 1500, 988, 950, 988, 1600, 1001, 1001, 1001, 1001, 1500, 1500, 1500, 1500]
12:03:52.134814 ALT: 3.78
12:03:52.134918 ATT: [157.3, -42.9, 341]
12:03:52.135348 ACC: [-15, -5, -23]
12:03:52.139321 Navigation got ALT: 3.78
[1500, 1500, 1600, 1500, 988, 950, 988, 1600, 1001, 1001, 1001, 1001, 1500, 1500, 1500, 1500]
[1500, 1500, 1600, 1500, 988, 950, 988, 1600, 1001, 1001, 1001, 1001, 1500, 1500, 1500, 1500]
12:03:52.179027 Navigation got ALT: 3.78
[1500, 1500, 1600, 1500, 988, 950, 988, 1598, 1001, 1001, 1001, 1001, 1500, 1500, 1500, 1500]
12:03:52.183093 ALT: 3.35
12:03:52.183184 ATT: [172.4, -25.4, 349]
12:03:52.183583 ACC: [-7, -3, -27]
[1500, 1500, 1600, 1500, 988, 950, 988, 1598, 1001, 1001, 1001, 1001, 1500, 1500, 1500, 1500]
12:03:52.219509 Navigation got ALT: 3.35
[1500, 1500, 1600, 1499, 988, 950, 986, 1598, 1001, 1001, 1001, 1001, 1500, 1500, 1500, 1500]
12:03:52.230657 ALT: 2.93
12:03:52.230746 ATT: [-178.7, -11.6, 351]
12:03:52.231032 ACC: [-31, -12, -30]
[1500, 1500, 1600, 1499, 988, 950, 986, 1598, 1001, 1001, 1001, 1001, 1500, 1500, 1500, 1500]
12:03:52.258873 Navigation got ALT: 2.93
[1500, 1500, 1600, 1500, 988, 950, 988, 1600, 1001, 1001, 1001, 1001, 1500, 1500, 1500, 1500]
12:03:52.278479 ALT: 2.51
12:03:52.278565 ATT: [-167.2, 6.4, 352]
12:03:52.278862 ACC: [-22, -15, -28]
[1500, 1500, 1600, 1500, 988, 950, 988, 1600, 1001, 1001, 1001, 1001, 1500, 1500, 1500, 1500]
12:03:52.299571 Navigation got ALT: 2.51
[1500, 1500, 1600, 1500, 988, 950, 988, 1600, 1001, 1001, 1001, 1001, 1500, 1500, 1500, 1500]
[1500, 1500, 1600, 1500, 988, 950, 988, 1600, 1001, 1001, 1001, 1001, 1500, 1500, 1500, 1500]
12:03:52.326500 ALT: 2.09
12:03:52.326585 ATT: [176.2, 1.0, 350]
12:03:52.326823 ACC: [-276, -689, -1531]
12:03:52.339660 Navigation got ALT: 2.09
[1500, 1500, 1600, 1500, 988, 950, 988, 1600, 1001, 1001, 1001, 1001, 1500, 1500, 1500, 1500]
[1500, 1500, 1600, 1500, 988, 950, 988, 1600, 1001, 1001, 1001, 1001, 1500, 1500, 1500, 1500]
12:03:52.374610 ALT: 1.72
12:03:52.374697 ATT: [-179.8, 4.2, 347]
12:03:52.374941 ACC: [-721, -860, -1217]
12:03:52.379131 Navigation got ALT: 1.72
[1499, 1500, 1600, 1500, 988, 950, 988, 1600, 1001, 1001, 1001, 1001, 1500, 1500, 1500, 1500]
[1499, 1500, 1600, 1500, 988, 950, 988, 1600, 1001, 1001, 1001, 1001, 1500, 1500, 1500, 1500]
12:03:52.419443 Navigation got ALT: 1.72
[1500, 1500, 1600, 1500, 988, 950, 988, 1600, 1001, 1001, 1001, 1001, 1500, 1500, 1500, 1500]
12:03:52.422736 ALT: 1.37
12:03:52.422872 ATT: [179.6, 4.0, 347]
12:03:52.423144 ACC: [-60, 10, -319]
[1500, 1500, 1600, 1500, 988, 950, 988, 1600, 1001, 1001, 1001, 1001, 1500, 1500, 1500, 1500]
12:03:52.458900 Navigation got ALT: 1.37
[1499, 1500, 1600, 1500, 988, 950, 988, 1600, 1001, 1001, 1001, 1001, 1500, 1500, 1500, 1500]
12:03:52.470974 ALT: 1.04
12:03:52.471090 ATT: [178.1, 2.1, 349]
12:03:52.471428 ACC: [-13, -83, -539]
[1499, 1500, 1600, 1500, 988, 950, 988, 1600, 1001, 1001, 1001, 1001, 1500, 1500, 1500, 1500]
12:03:52.499259 Navigation got ALT: 1.04
[1500, 1500, 1600, 1500, 988, 950, 988, 1598, 1001, 1001, 1001, 1001, 1500, 1500, 1500, 1500]
12:03:52.519134 ALT: 0.76
12:03:52.519237 ATT: [178.5, 1.6, 350]
12:03:52.519524 ACC: [67, 39, -530]
[1500, 1500, 1600, 1500, 988, 950, 988, 1598, 1001, 1001, 1001, 1001, 1500, 1500, 1500, 1500]
12:03:52.539300 Navigation got ALT: 0.76
[1500, 1500, 1600, 1500, 988, 950, 988, 1600, 1001, 1001, 1001, 1001, 1500, 1500, 1500, 1500]
[1500, 1500, 1600, 1500, 988, 950, 988, 1600, 1001, 1001, 1001, 1001, 1500, 1500, 1500, 1500]
12:03:52.566777 ALT: 0.6
12:03:52.566969 ATT: [179.1, 1.4, 351]
12:03:52.568127 ACC: [-2, -34, -516]
12:03:52.579305 Navigation got ALT: 0.6
[1500, 1500, 1600, 1500, 988, 950, 988, 1600, 1001, 1001, 1001, 1001, 1500, 1500, 1500, 1500]
[1500, 1500, 1600, 1500, 988, 950, 988, 1600, 1001, 1001, 1001, 1001, 1500, 1500, 1500, 1500]
12:03:52.614942 ALT: 0.37
12:03:52.615041 ATT: [179.5, 1.3, 352]
12:03:52.615421 ACC: [0, -32, -514]
12:03:52.619705 Navigation got ALT: 0.37
[1500, 1500, 1600, 1500, 988, 950, 988, 1600, 1001, 1001, 1001, 1001, 1500, 1500, 1500, 1500]
[1500, 1500, 1600, 1500, 988, 950, 988, 1600, 1001, 1001, 1001, 1001, 1500, 1500, 1500, 1500]
12:03:52.658908 Navigation got ALT: 0.37
[1499, 1500, 1600, 1500, 988, 950, 988, 1600, 1001, 1001, 1001, 1001, 1500, 1500, 1500, 1500]
12:03:52.662471 ALT: 0.15
12:03:52.662522 ATT: [-180.0, 1.1, 353]
12:03:52.662789 ACC: [1, -32, -514]
[1499, 1500, 1600, 1500, 988, 950, 988, 1600, 1001, 1001, 1001, 1001, 1500, 1500, 1500, 1500]
12:03:52.699265 Navigation got ALT: 0.15
[1499, 1500, 1600, 1500, 988, 950, 988, 1600, 1001, 1001, 1001, 1001, 1500, 1500, 1500, 1500]
12:03:52.710593 ALT: -0.06
12:03:52.710683 ATT: [-179.6, 1.0, 354]
12:03:52.710935 ACC: [0, -32, -514]
[1499, 1500, 1600, 1500, 988, 950, 988, 1600, 1001, 1001, 1001, 1001, 1500, 1500, 1500, 1500]
12:03:52.739134 Navigation got ALT: -0.06
[1499, 1500, 1600, 1500, 988, 950, 988, 1600, 1001, 1001, 1001, 1001, 1500, 1500, 1500, 1500]
12:03:52.758499 ALT: -0.27
12:03:52.758589 ATT: [-178.2, 0.5, 359]
12:03:52.758829 ACC: [0, -32, -514]
[1499, 1500, 1600, 1500, 988, 950, 988, 1600, 1001, 1001, 1001, 1001, 1500, 1500, 1500, 1500]
12:03:52.778890 Navigation got ALT: -0.27
[1500, 1500, 1600, 1500, 988, 950, 988, 1600, 1001, 1001, 1001, 1001, 1500, 1500, 1500, 1500]
[1500, 1500, 1600, 1500, 988, 950, 988, 1600, 1001, 1001, 1001, 1001, 1500, 1500, 1500, 1500]
12:03:52.806631 ALT: -0.51
12:03:52.806722 ATT: [-177.0, 0.2, 9]
12:03:52.806975 ACC: [0, -32, -514]
12:03:52.819467 Navigation got ALT: -0.51
[1500, 1500, 1600, 1499, 988, 950, 988, 1600, 1001, 1001, 1001, 1001, 1500, 1500, 1500, 1500]
[1500, 1500, 1600, 1499, 988, 950, 988, 1600, 1001, 1001, 1001, 1001, 1500, 1500, 1500, 1500]
12:03:52.855082 ALT: -0.72
12:03:52.855179 ATT: [-176.6, 0.0, 20]
12:03:52.855627 ACC: [0, -32, -514]
12:03:52.859118 Navigation got ALT: -0.72
[1500, 1500, 1600, 1500, 988, 950, 988, 1600, 1001, 1001, 1001, 1001, 1500, 1500, 1500, 1500]
[1500, 1500, 1600, 1500, 988, 950, 988, 1600, 1001, 1001, 1001, 1001, 1500, 1500, 1500, 1500]
12:03:52.899327 Navigation got ALT: -0.72
[1500, 1500, 1600, 1500, 986, 950, 988, 1600, 1001, 1001, 1001, 1001, 1500, 1500, 1500, 1500]
12:03:52.903145 ALT: -0.91
12:03:52.903380 ATT: [-176.5, 0.0, 31]
12:03:52.903742 ACC: [1, -31, -515]
[1500, 1500, 1600, 1500, 986, 950, 988, 1600, 1001, 1001, 1001, 1001, 1500, 1500, 1500, 1500]
12:03:52.938960 Navigation got ALT: -0.91
[1499, 1500, 1600, 1500, 988, 950, 988, 1600, 1001, 1001, 1001, 1001, 1500, 1500, 1500, 1500]
12:03:52.951685 ALT: -1.12
12:03:52.953753 ATT: [-176.5, -0.1, 40]
12:03:52.954891 ACC: [1, -32, -515]
[1499, 1500, 1600, 1500, 988, 950, 988, 1600, 1001, 1001, 1001, 1001, 1500, 1500, 1500, 1500]
12:03:52.978916 Navigation got ALT: -1.12
[1499, 1499, 1600, 1500, 988, 950, 988, 1600, 1001, 1001, 1001, 1001, 1500, 1500, 1500, 1500]
12:03:52.998876 ALT: -1.32
12:03:52.999167 ATT: [-176.5, 0.0, 46]
12:03:52.999598 ACC: [0, -32, -514]
[1499, 1499, 1600, 1500, 988, 950, 988, 1600, 1001, 1001, 1001, 1001, 1500, 1500, 1500, 1500]
12:03:53.019671 Navigation got ALT: -1.32
[1500, 1500, 1600, 1500, 988, 950, 988, 1600, 1001, 1001, 1001, 1001, 1500, 1500, 1500, 1500]
[1500, 1500, 1600, 1500, 988, 950, 988, 1600, 1001, 1001, 1001, 1001, 1500, 1500, 1500, 1500]
12:03:53.046569 ALT: -1.43
12:03:53.046650 ATT: [-176.5, -0.1, 52]
12:03:53.046892 ACC: [1, -31, -514]
12:03:53.059082 Navigation got ALT: -1.43
[1499, 1500, 1600, 1500, 988, 950, 988, 1600, 1001, 1001, 1001, 1001, 1500, 1500, 1500, 1500]
[1499, 1500, 1600, 1500, 988, 950, 988, 1600, 1001, 1001, 1001, 1001, 1500, 1500, 1500, 1500]
12:03:53.094617 ALT: -1.44
12:03:53.094707 ATT: [-176.5, -0.1, 56]
12:03:53.094947 ACC: [0, -32, -515]
12:03:53.099795 Navigation got ALT: -1.44
[1500, 1500, 1600, 1500, 988, 950, 988, 1600, 1001, 1001, 1001, 1001, 1500, 1500, 1500, 1500]
[1500, 1500, 1600, 1500, 988, 950, 988, 1600, 1001, 1001, 1001, 1001, 1500, 1500, 1500, 1500]
12:03:53.139075 Navigation got ALT: -1.44
[1500, 1499, 1600, 1499, 988, 950, 988, 1600, 1001, 1001, 1001, 1001, 1500, 1500, 1500, 1500]
12:03:53.142652 ALT: -1.46
12:03:53.142737 ATT: [-176.5, -0.1, 60]
12:03:53.142996 ACC: [1, -32, -515]
[1500, 1499, 1600, 1499, 988, 950, 988, 1600, 1001, 1001, 1001, 1001, 1500, 1500, 1500, 1500]
12:03:53.178910 Navigation got ALT: -1.46
[1500, 1500, 1600, 1499, 988, 950, 988, 1600, 1001, 1001, 1001, 1001, 1500, 1500, 1500, 1500]
12:03:53.190676 ALT: -1.48
12:03:53.190764 ATT: [-176.5, -0.1, 62]
12:03:53.191015 ACC: [0, -32, -514]
[1500, 1500, 1600, 1499, 988, 950, 988, 1600, 1001, 1001, 1001, 1001, 1500, 1500, 1500, 1500]
12:03:53.219448 Navigation got ALT: -1.48
[1500, 1500, 1600, 1500, 988, 950, 988, 1600, 1001, 1001, 1001, 1001, 1500, 1500, 1500, 1500]
12:03:53.238870 ALT: -1.49
12:03:53.239175 ATT: [-176.5, -0.1, 65]
12:03:53.239670 ACC: [1, -32, -514]
[1500, 1500, 1600, 1500, 988, 950, 988, 1600, 1001, 1001, 1001, 1001, 1500, 1500, 1500, 1500]
12:03:53.259041 Navigation got ALT: -1.49
[1500, 1500, 1600, 1500, 988, 950, 988, 1600, 1001, 1001, 1001, 1001, 1500, 1500, 1500, 1500]
[1500, 1500, 1600, 1500, 988, 950, 988, 1600, 1001, 1001, 1001, 1001, 1500, 1500, 1500, 1500]
12:03:53.287164 ALT: -1.49
12:03:53.287263 ATT: [-176.4, -0.1, 65]
12:03:53.287534 ACC: [1, -32, -514]
12:03:53.299595 Navigation got ALT: -1.49
[1500, 1499, 1600, 1500, 986, 950, 988, 1600, 1001, 1001, 1001, 1001, 1500, 1500, 1500, 1500]
[1500, 1499, 1600, 1500, 986, 950, 988, 1600, 1001, 1001, 1001, 1001, 1500, 1500, 1500, 1500]
12:03:53.335073 ALT: -1.49
12:03:53.335262 ATT: [-176.4, -0.1, 65]
12:03:53.335635 ACC: [1, -32, -515]
12:03:53.339057 Navigation got ALT: -1.49
[1499, 1500, 1600, 1500, 988, 950, 988, 1600, 1001, 1001, 1001, 1001, 1500, 1500, 1500, 1500]
[1499, 1500, 1600, 1500, 988, 950, 988, 1600, 1001, 1001, 1001, 1001, 1500, 1500, 1500, 1500]
12:03:53.378918 Navigation got ALT: -1.49
[1500, 1500, 1600, 1500, 988, 950, 988, 1600, 1001, 1001, 1001, 1001, 1500, 1500, 1500, 1500]
12:03:53.382993 ALT: -1.49
12:03:53.383169 ATT: [-176.4, -0.1, 65]
12:03:53.383619 ACC: [1, -32, -514]
[1500, 1500, 1600, 1500, 988, 950, 988, 1600, 1001, 1001, 1001, 1001, 1500, 1500, 1500, 1500]
12:03:53.419470 Navigation got ALT: -1.49
[1500, 1500, 1600, 1500, 988, 950, 988, 1600, 1001, 1001, 1001, 1001, 1500, 1500, 1500, 1500]
12:03:53.430947 ALT: -1.49
12:03:53.431120 ATT: [-176.4, -0.1, 65]
12:03:53.431700 ACC: [0, -32, -514]
[1500, 1500, 1600, 1500, 988, 950, 988, 1600, 1001, 1001, 1001, 1001, 1500, 1500, 1500, 1500]
12:03:53.458977 Navigation got ALT: -1.49
[1500, 1500, 1600, 1500, 988, 950, 988, 1598, 1001, 1001, 1001, 1001, 1500, 1500, 1500, 1500]
12:03:53.478606 ALT: -1.49
12:03:53.478695 ATT: [-176.4, -0.1, 66]
12:03:53.478949 ACC: [1, -32, -515]
[1500, 1500, 1600, 1500, 988, 950, 988, 1598, 1001, 1001, 1001, 1001, 1500, 1500, 1500, 1500]
12:03:53.499385 Navigation got ALT: -1.49
[1499, 1500, 1600, 1500, 988, 950, 988, 1600, 1001, 1001, 1001, 1001, 1500, 1500, 1500, 1500]
[1499, 1500, 1600, 1500, 988, 950, 988, 1600, 1001, 1001, 1001, 1001, 1500, 1500, 1500, 1500]
12:03:53.526732 ALT: -1.55
12:03:53.526821 ATT: [-176.4, -0.1, 66]
12:03:53.527083 ACC: [1, -32, -514]
12:03:53.539091 Navigation got ALT: -1.55
[1500, 1500, 1600, 1499, 988, 950, 988, 1600, 1001, 1001, 1001, 1001, 1500, 1500, 1500, 1500]
[1500, 1500, 1600, 1499, 988, 950, 988, 1600, 1001, 1001, 1001, 1001, 1500, 1500, 1500, 1500]
12:03:53.579018 Navigation got ALT: -1.55
[1500, 1500, 1600, 1500, 988, 950, 988, 1600, 1001, 1001, 1001, 1001, 1500, 1500, 1500, 1500]
12:03:53.590839 ALT: -1.56
12:03:53.590959 ATT: [-176.4, -0.1, 66]
12:03:53.591288 ACC: [0, -32, -514]
[1500, 1500, 1600, 1500, 988, 950, 988, 1600, 1001, 1001, 1001, 1001, 1500, 1500, 1500, 1500]
12:03:53.619457 Navigation got ALT: -1.56
[1500, 1499, 1600, 1500, 988, 950, 988, 1601, 1001, 1001, 1001, 1001, 1500, 1500, 1500, 1500]
[1500, 1499, 1600, 1500, 988, 950, 988, 1601, 1001, 1001, 1001, 1001, 1500, 1500, 1500, 1500]
12:03:53.639433 ALT: -1.57
12:03:53.639512 ATT: [-176.4, -0.1, 66]
12:03:53.639794 ACC: [1, -32, -514]
12:03:53.659055 Navigation got ALT: -1.57
[1500, 1500, 1600, 1500, 988, 950, 988, 1600, 1001, 1001, 1001, 1001, 1500, 1500, 1500, 1500]
[1500, 1500, 1600, 1500, 988, 950, 988, 1600, 1001, 1001, 1001, 1001, 1500, 1500, 1500, 1500]
12:03:53.687333 ALT: -1.57
12:03:53.687425 ATT: [-176.4, -0.1, 66]
12:03:53.687674 ACC: [1, -32, -514]
12:03:53.700046 Navigation got ALT: -1.57
[1500, 1500, 1600, 1500, 988, 950, 988, 1598, 1001, 1001, 1001, 1001, 1500, 1500, 1500, 1500]
[1500, 1500, 1600, 1500, 988, 950, 988, 1598, 1001, 1001, 1001, 1001, 1500, 1500, 1500, 1500]
12:03:53.735301 ALT: -1.57
12:03:53.735392 ATT: [-176.4, -0.1, 66]
12:03:53.735695 ACC: [1, -32, -514]
12:03:53.739233 Navigation got ALT: -1.57
[1500, 1499, 1600, 1499, 988, 950, 988, 1600, 1001, 1001, 1001, 1001, 1500, 1500, 1500, 1500]
[1500, 1499, 1600, 1499, 988, 950, 988, 1600, 1001, 1001, 1001, 1001, 1500, 1500, 1500, 1500]
12:03:53.779015 Navigation got ALT: -1.57
[1500, 1500, 1600, 1499, 988, 950, 988, 1600, 1001, 1001, 1001, 1001, 1500, 1500, 1500, 1500]
12:03:53.782995 ALT: -1.57
12:03:53.783203 ATT: [-176.4, -0.1, 67]
12:03:53.783858 ACC: [0, -32, -515]
[1500, 1500, 1600, 1499, 988, 950, 988, 1600, 1001, 1001, 1001, 1001, 1500, 1500, 1500, 1500]
12:03:53.819428 Navigation got ALT: -1.57
[1500, 1500, 1600, 1500, 988, 950, 988, 1600, 1001, 1001, 1001, 1001, 1500, 1500, 1500, 1500]
12:03:53.831008 ALT: -1.57
12:03:53.831169 ATT: [-176.4, -0.1, 67]
12:03:53.831811 ACC: [0, -32, -514]
[1500, 1500, 1600, 1500, 988, 950, 988, 1600, 1001, 1001, 1001, 1001, 1500, 1500, 1500, 1500]
12:03:53.858932 Navigation got ALT: -1.57
[1500, 1500, 1600, 1500, 988, 950, 989, 1598, 1001, 1001, 1001, 1001, 1500, 1500, 1500, 1500]
12:03:53.878684 ALT: -1.57
12:03:53.878772 ATT: [-176.4, -0.1, 67]
[1500, 1500, 1600, 1500, 988, 950, 989, 1598, 1001, 1001, 1001, 1001, 1500, 1500, 1500, 1500]
12:03:53.879577 ACC: [0, -32, -514]
12:03:53.899394 Navigation got ALT: -1.57
[1500, 1500, 1600, 1499, 988, 950, 988, 1600, 1001, 1001, 1001, 1001, 1500, 1500, 1500, 1500]
[1500, 1500, 1600, 1499, 988, 950, 988, 1600, 1001, 1001, 1001, 1001, 1500, 1500, 1500, 1500]
12:03:53.926775 ALT: -1.57
12:03:53.926866 ATT: [-176.4, -0.1, 67]
12:03:53.927180 ACC: [1, -32, -515]
12:03:53.939289 Navigation got ALT: -1.57
[1499, 1500, 1600, 1500, 988, 950, 988, 1600, 1001, 1001, 1001, 1001, 1500, 1500, 1500, 1500]
[1499, 1500, 1600, 1500, 988, 950, 988, 1600, 1001, 1001, 1001, 1001, 1500, 1500, 1500, 1500]
12:03:53.974790 ALT: -1.57
12:03:53.974879 ATT: [-176.4, -0.1, 67]
12:03:53.975123 ACC: [1, -32, -514]
12:03:53.978995 Navigation got ALT: -1.57
[1500, 1500, 1600, 1500, 988, 950, 988, 1598, 1001, 1001, 1001, 1001, 1500, 1500, 1500, 1500]
[1500, 1500, 1600, 1500, 988, 950, 988, 1598, 1001, 1001, 1001, 1001, 1500, 1500, 1500, 1500]
12:03:54.019396 Navigation got ALT: -1.57
[1500, 1500, 1600, 1500, 988, 950, 988, 1600, 1001, 1001, 1001, 1001, 1500, 1500, 1500, 1500]
12:03:54.022820 ALT: -1.57
12:03:54.022958 ATT: [-176.4, -0.1, 67]
12:03:54.023271 ACC: [0, -32, -514]
[1500, 1500, 1600, 1500, 988, 950, 988, 1600, 1001, 1001, 1001, 1001, 1500, 1500, 1500, 1500]
12:03:54.058953 Navigation got ALT: -1.57
[1500, 1500, 1600, 1500, 989, 949, 988, 1598, 1001, 1001, 1001, 1001, 1500, 1500, 1500, 1500]
12:03:54.071198 ALT: -1.57
12:03:54.071360 ATT: [-176.4, -0.1, 67]
12:03:54.071661 ACC: [0, -32, -514]
[1500, 1500, 1600, 1500, 989, 949, 988, 1598, 1001, 1001, 1001, 1001, 1500, 1500, 1500, 1500]
12:03:54.099398 Navigation got ALT: -1.57
[1499, 1500, 1600, 1500, 988, 949, 988, 1600, 1001, 1001, 1001, 1001, 1500, 1500, 1500, 1500]
12:03:54.118971 ALT: -1.57
12:03:54.119178 ATT: [-176.4, -0.1, 68]
12:03:54.119614 ACC: [0, -32, -514]
[1499, 1500, 1600, 1500, 988, 949, 988, 1600, 1001, 1001, 1001, 1001, 1500, 1500, 1500, 1500]
12:03:54.138999 Navigation got ALT: -1.57
[1500, 1499, 1600, 1500, 988, 950, 988, 1600, 1001, 1001, 1001, 1001, 1500, 1500, 1500, 1500]
[1500, 1499, 1600, 1500, 988, 950, 988, 1600, 1001, 1001, 1001, 1001, 1500, 1500, 1500, 1500]
12:03:54.167024 ALT: -1.57
12:03:54.167211 ATT: [-176.4, -0.1, 68]
12:03:54.167777 ACC: [0, -32, -514]
12:03:54.179006 Navigation got ALT: -1.57
[1500, 1499, 1600, 1499, 988, 950, 988, 1600, 1001, 1001, 1001, 1001, 1500, 1500, 1500, 1500]
[1500, 1499, 1600, 1499, 988, 950, 988, 1600, 1001, 1001, 1001, 1001, 1500, 1500, 1500, 1500]
12:03:54.215054 ALT: -1.57
12:03:54.215223 ATT: [-176.4, -0.1, 68]
12:03:54.215901 ACC: [0, -32, -514]
12:03:54.219349 Navigation got ALT: -1.57
[1500, 1499, 1600, 1500, 988, 950, 988, 1600, 1001, 1001, 1001, 1001, 1500, 1500, 1500, 1500]
[1500, 1499, 1600, 1500, 988, 950, 988, 1600, 1001, 1001, 1001, 1001, 1500, 1500, 1500, 1500]
12:03:54.258928 Navigation got ALT: -1.57
[1500, 1500, 1600, 1500, 988, 950, 988, 1600, 1001, 1001, 1001, 1001, 1500, 1500, 1500, 1500]
12:03:54.262768 ALT: -1.57
12:03:54.262818 ATT: [-176.4, -0.1, 68]
12:03:54.263038 ACC: [1, -32, -514]
[1500, 1500, 1600, 1500, 988, 950, 988, 1600, 1001, 1001, 1001, 1001, 1500, 1500, 1500, 1500]
12:03:54.299292 Navigation got ALT: -1.57
[1500, 1500, 1600, 1500, 988, 950, 988, 1600, 1001, 1001, 1001, 1001, 1500, 1500, 1500, 1500]
12:03:54.310819 ALT: -1.57
12:03:54.310907 ATT: [-176.4, -0.1, 68]
12:03:54.311163 ACC: [0, -32, -514]
[1500, 1500, 1600, 1500, 988, 950, 988, 1600, 1001, 1001, 1001, 1001, 1500, 1500, 1500, 1500]
12:03:54.338985 Navigation got ALT: -1.57
[1500, 1500, 1600, 1499, 988, 950, 988, 1600, 1001, 1001, 1001, 1001, 1500, 1500, 1500, 1500]
[1500, 1500, 1600, 1499, 988, 950, 988, 1600, 1001, 1001, 1001, 1001, 1500, 1500, 1500, 1500]
12:03:54.359234 ALT: -1.57
12:03:54.359284 ATT: [-176.4, -0.1, 68]
12:03:54.359497 ACC: [1, -32, -514]
12:03:54.379041 Navigation got ALT: -1.57
[1500, 1499, 1600, 1499, 988, 950, 988, 1600, 1001, 1001, 1001, 1001, 1500, 1500, 1500, 1500]
[1500, 1499, 1600, 1499, 988, 950, 988, 1600, 1001, 1001, 1001, 1001, 1500, 1500, 1500, 1500]
12:03:54.406830 ALT: -1.57
12:03:54.406926 ATT: [-176.4, -0.1, 68]
12:03:54.407252 ACC: [0, -31, -514]
12:03:54.419593 Navigation got ALT: -1.57
[1500, 1500, 1600, 1500, 988, 950, 988, 1600, 1001, 1001, 1001, 1001, 1500, 1500, 1500, 1500]
[1500, 1500, 1600, 1500, 988, 950, 988, 1600, 1001, 1001, 1001, 1001, 1500, 1500, 1500, 1500]
12:03:54.455390 ALT: -1.57
12:03:54.455483 ATT: [-176.5, -0.1, 68]
12:03:54.455782 ACC: [0, -31, -514]
12:03:54.459084 Navigation got ALT: -1.57
[1499, 1500, 1600, 1500, 988, 950, 988, 1600, 1001, 1001, 1001, 1001, 1500, 1500, 1500, 1500]
[1499, 1500, 1600, 1500, 988, 950, 988, 1600, 1001, 1001, 1001, 1001, 1500, 1500, 1500, 1500]
12:03:54.499489 Navigation got ALT: -1.57
[1500, 1500, 1600, 1500, 988, 950, 988, 1600, 1001, 1001, 1001, 1001, 1500, 1500, 1500, 1500]
12:03:54.502978 ALT: -1.57
12:03:54.503196 ATT: [-176.5, -0.1, 68]
12:03:54.503922 ACC: [1, -32, -514]
[1500, 1500, 1600, 1500, 988, 950, 988, 1600, 1001, 1001, 1001, 1001, 1500, 1500, 1500, 1500]
12:03:54.538947 Navigation got ALT: -1.57
[1500, 1500, 1600, 1500, 988, 950, 988, 1600, 1001, 1001, 1001, 1001, 1500, 1500, 1500, 1500]
12:03:54.551237 ALT: -1.57
12:03:54.551452 ATT: [-176.5, -0.1, 69]
12:03:54.551870 ACC: [0, -32, -514]
[1500, 1500, 1600, 1500, 988, 950, 988, 1600, 1001, 1001, 1001, 1001, 1500, 1500, 1500, 1500]
12:03:54.578941 Navigation got ALT: -1.57
[1500, 1500, 1600, 1499, 988, 950, 988, 1601, 1001, 1001, 1001, 1001, 1500, 1500, 1500, 1500]
[1500, 1500, 1600, 1499, 988, 950, 988, 1601, 1001, 1001, 1001, 1001, 1500, 1500, 1500, 1500]
12:03:54.599515 ALT: -1.57
12:03:54.599704 ATT: [-176.5, -0.1, 69]
12:03:54.600305 ACC: [0, -32, -515]
12:03:54.619592 Navigation got ALT: -1.57
[1500, 1500, 1600, 1500, 988, 950, 988, 1600, 1001, 1001, 1001, 1001, 1500, 1500, 1500, 1500]
[1500, 1500, 1600, 1500, 988, 950, 988, 1600, 1001, 1001, 1001, 1001, 1500, 1500, 1500, 1500]
12:03:54.646858 ALT: -1.57
12:03:54.646947 ATT: [-176.5, -0.1, 69]
12:03:54.647211 ACC: [0, -32, -515]
12:03:54.659011 Navigation got ALT: -1.57
[1500, 1500, 1600, 1500, 988, 950, 988, 1600, 1001, 1001, 1001, 1001, 1500, 1500, 1500, 1500]
[1500, 1500, 1600, 1500, 988, 950, 988, 1600, 1001, 1001, 1001, 1001, 1500, 1500, 1500, 1500]
12:03:54.694873 ALT: -1.57
12:03:54.694963 ATT: [-176.5, -0.1, 69]
12:03:54.695222 ACC: [0, -32, -515]
12:03:54.700124 Navigation got ALT: -1.57
[1499, 1500, 1600, 1499, 988, 950, 988, 1600, 1001, 1001, 1001, 1001, 1500, 1500, 1500, 1500]
[1499, 1500, 1600, 1499, 988, 950, 988, 1600, 1001, 1001, 1001, 1001, 1500, 1500, 1500, 1500]
12:03:54.738923 Navigation got ALT: -1.57
[1500, 1500, 1600, 1500, 988, 950, 988, 1600, 1001, 1001, 1001, 1001, 1500, 1500, 1500, 1500]
12:03:54.742874 ALT: -1.57
12:03:54.742959 ATT: [-176.5, -0.1, 69]
12:03:54.743215 ACC: [1, -32, -515]
[1500, 1500, 1600, 1500, 988, 950, 988, 1600, 1001, 1001, 1001, 1001, 1500, 1500, 1500, 1500]
12:03:54.778923 Navigation got ALT: -1.57
[1499, 1500, 1600, 1500, 988, 950, 988, 1600, 1001, 1001, 1001, 1001, 1500, 1500, 1500, 1500]
12:03:54.791181 ALT: -1.57
12:03:54.791378 ATT: [-176.5, -0.1, 69]
12:03:54.791770 ACC: [0, -32, -514]
[1499, 1500, 1600, 1500, 988, 950, 988, 1600, 1001, 1001, 1001, 1001, 1500, 1500, 1500, 1500]
12:03:54.819419 Navigation got ALT: -1.57
[1499, 1500, 1600, 1500, 988, 950, 988, 1600, 1001, 1001, 1001, 1001, 1500, 1500, 1500, 1500]
[1499, 1500, 1600, 1500, 988, 950, 988, 1600, 1001, 1001, 1001, 1001, 1500, 1500, 1500, 1500]
12:03:54.839663 ALT: -1.57
12:03:54.839755 ATT: [-176.5, -0.1, 69]
12:03:54.840076 ACC: [0, -31, -514]
12:03:54.859157 Navigation got ALT: -1.57
[1500, 1500, 1600, 1500, 988, 950, 988, 1600, 1001, 1001, 1001, 1001, 1500, 1500, 1500, 1500]
[1500, 1500, 1600, 1500, 988, 950, 988, 1600, 1001, 1001, 1001, 1001, 1500, 1500, 1500, 1500]
12:03:54.887504 ALT: -1.57
12:03:54.887613 ATT: [-176.5, -0.1, 69]
12:03:54.887978 ACC: [0, -32, -514]
12:03:54.899348 Navigation got ALT: -1.57
[1499, 1500, 1600, 1500, 988, 950, 988, 1598, 1001, 1001, 1001, 1001, 1500, 1500, 1500, 1500]
[1499, 1500, 1600, 1500, 988, 950, 988, 1598, 1001, 1001, 1001, 1001, 1500, 1500, 1500, 1500]
12:03:54.935492 ALT: -1.57
12:03:54.935747 ATT: [-176.5, -0.1, 69]
12:03:54.936436 ACC: [0, -32, -514]
12:03:54.939022 Navigation got ALT: -1.57
[1500, 1500, 1600, 1500, 988, 950, 988, 1600, 1001, 1001, 1001, 1001, 1500, 1500, 1500, 1500]
[1500, 1500, 1600, 1500, 988, 950, 988, 1600, 1001, 1001, 1001, 1001, 1500, 1500, 1500, 1500]
12:03:54.978970 Navigation got ALT: -1.57
[1500, 1499, 1600, 1500, 988, 950, 988, 1600, 1001, 1001, 1001, 1001, 1500, 1500, 1500, 1500]
12:03:54.983283 ALT: -1.57
12:03:54.983436 ATT: [-176.5, -0.1, 69]
12:03:54.983857 ACC: [1, -32, -514]
[1500, 1499, 1600, 1500, 988, 950, 988, 1600, 1001, 1001, 1001, 1001, 1500, 1500, 1500, 1500]
12:03:55.018967 Navigation got ALT: -1.57
[1499, 1500, 1600, 1500, 988, 950, 988, 1600, 1001, 1001, 1001, 1001, 1500, 1500, 1500, 1500]
12:03:55.031059 ALT: -1.57
12:03:55.031173 ATT: [-176.5, -0.1, 69]
12:03:55.031466 ACC: [0, -32, -515]
[1499, 1500, 1600, 1500, 988, 950, 988, 1600, 1001, 1001, 1001, 1001, 1500, 1500, 1500, 1500]
12:03:55.059007 Navigation got ALT: -1.57
[1499, 1500, 1600, 1500, 988, 950, 988, 1600, 1001, 1001, 1001, 1001, 1500, 1500, 1500, 1500]
[1499, 1500, 1600, 1500, 988, 950, 988, 1600, 1001, 1001, 1001, 1001, 1500, 1500, 1500, 1500]
12:03:55.079317 ALT: -1.57
12:03:55.079372 ATT: [-176.4, -0.1, 70]
12:03:55.079658 ACC: [0, -32, -514]
12:03:55.099587 Navigation got ALT: -1.57
[1500, 1500, 1600, 1500, 988, 950, 988, 1600, 1001, 1001, 1001, 1001, 1500, 1500, 1500, 1500]
[1500, 1500, 1600, 1500, 988, 950, 988, 1600, 1001, 1001, 1001, 1001, 1500, 1500, 1500, 1500]
12:03:55.126951 ALT: -1.57
12:03:55.127037 ATT: [-176.5, -0.1, 70]
12:03:55.127292 ACC: [1, -32, -514]
12:03:55.139176 Navigation got ALT: -1.57
[1501, 1497, 1600, 1500, 988, 950, 988, 1600, 1001, 1001, 1001, 1001, 1500, 1500, 1500, 1500]
[1501, 1497, 1600, 1500, 988, 950, 988, 1600, 1001, 1001, 1001, 1001, 1500, 1500, 1500, 1500]
12:03:55.175152 ALT: -1.57
12:03:55.175277 ATT: [-176.5, -0.1, 70]
12:03:55.175564 ACC: [0, -32, -514]
12:03:55.178949 Navigation got ALT: -1.57
[1499, 1500, 1600, 1500, 988, 950, 988, 1600, 1001, 1001, 1001, 1001, 1500, 1500, 1500, 1500]
[1499, 1500, 1600, 1500, 988, 950, 988, 1600, 1001, 1001, 1001, 1001, 1500, 1500, 1500, 1500]
12:03:55.219579 Navigation got ALT: -1.57
[1500, 1500, 1600, 1499, 988, 950, 988, 1600, 1001, 1001, 1001, 1001, 1500, 1500, 1500, 1500]
12:03:55.222978 ALT: -1.57
12:03:55.223068 ATT: [-176.5, -0.1, 70]
12:03:55.223352 ACC: [0, -32, -515]
[1500, 1500, 1600, 1499, 988, 950, 988, 1600, 1001, 1001, 1001, 1001, 1500, 1500, 1500, 1500]
12:03:55.259021 Navigation got ALT: -1.57
[1500, 1499, 1600, 1500, 988, 950, 988, 1598, 1001, 1001, 1001, 1001, 1500, 1500, 1500, 1500]
12:03:55.271421 ALT: -1.57
12:03:55.271702 ATT: [-176.5, -0.1, 70]
12:03:55.272393 ACC: [0, -32, -514]
[1500, 1499, 1600, 1500, 988, 950, 988, 1598, 1001, 1001, 1001, 1001, 1500, 1500, 1500, 1500]
12:03:55.299123 Navigation got ALT: -1.57
[1499, 1500, 1600, 1500, 988, 950, 988, 1600, 1001, 1001, 1001, 1001, 1500, 1500, 1500, 1500]
[1499, 1500, 1600, 1500, 988, 950, 988, 1600, 1001, 1001, 1001, 1001, 1500, 1500, 1500, 1500]
12:03:55.320063 ALT: -1.57
12:03:55.320142 ATT: [-176.5, -0.1, 70]
12:03:55.320449 ACC: [0, -32, -514]
12:03:55.339149 Navigation got ALT: -1.57
[1500, 1499, 1600, 1500, 988, 950, 988, 1600, 1001, 1001, 1001, 1001, 1500, 1500, 1500, 1500]
[1500, 1499, 1600, 1500, 988, 950, 988, 1600, 1001, 1001, 1001, 1001, 1500, 1500, 1500, 1500]
12:03:55.367345 ALT: -1.57
12:03:55.367549 ATT: [-176.5, -0.1, 70]
12:03:55.367970 ACC: [0, -32, -515]
12:03:55.379043 Navigation got ALT: -1.57
[1500, 1500, 1600, 1500, 988, 950, 988, 1600, 1001, 1001, 1001, 1001, 1500, 1500, 1500, 1500]
[1500, 1500, 1600, 1500, 988, 950, 988, 1600, 1001, 1001, 1001, 1001, 1500, 1500, 1500, 1500]
12:03:55.415206 ALT: -1.57
12:03:55.415392 ATT: [-176.5, -0.1, 70]
12:03:55.415911 ACC: [0, -31, -515]
12:03:55.419167 Navigation got ALT: -1.57
[1499, 1500, 1600, 1500, 988, 950, 988, 1600, 1001, 1001, 1001, 1001, 1500, 1500, 1500, 1500]
[1499, 1500, 1600, 1500, 988, 950, 988, 1600, 1001, 1001, 1001, 1001, 1500, 1500, 1500, 1500]
12:03:55.459151 Navigation got ALT: -1.57
[1500, 1499, 1600, 1500, 988, 950, 988, 1598, 1001, 1001, 1001, 1001, 1500, 1500, 1500, 1500]
12:03:55.462893 ALT: -1.57
12:03:55.462949 ATT: [-176.5, -0.1, 70]
12:03:55.463185 ACC: [0, -32, -515]
[1500, 1499, 1600, 1500, 988, 950, 988, 1598, 1001, 1001, 1001, 1001, 1500, 1500, 1500, 1500]
12:03:55.499468 Navigation got ALT: -1.57
[1500, 1500, 1600, 1500, 988, 950, 988, 1600, 1001, 1001, 1001, 1001, 1500, 1500, 1500, 1500]
12:03:55.511013 ALT: -1.57
12:03:55.511101 ATT: [-176.5, -0.1, 70]
12:03:55.511354 ACC: [0, -32, -514]
[1500, 1500, 1600, 1500, 988, 950, 988, 1600, 1001, 1001, 1001, 1001, 1500, 1500, 1500, 1500]
12:03:55.538948 Navigation got ALT: -1.57
[1500, 1500, 1600, 1499, 988, 950, 988, 1600, 1001, 1001, 1001, 1001, 1500, 1500, 1500, 1500]
[1500, 1500, 1600, 1499, 988, 950, 988, 1600, 1001, 1001, 1001, 1001, 1500, 1500, 1500, 1500]
12:03:55.559540 ALT: -1.57
12:03:55.559602 ATT: [-176.5, -0.1, 70]
12:03:55.559825 ACC: [0, -32, -514]
12:03:55.579101 Navigation got ALT: -1.57
[1500, 1499, 1600, 1499, 988, 950, 988, 1600, 1001, 1001, 1001, 1001, 1500, 1500, 1500, 1500]
[1500, 1499, 1600, 1499, 988, 950, 988, 1600, 1001, 1001, 1001, 1001, 1500, 1500, 1500, 1500]
12:03:55.607050 ALT: -1.57
12:03:55.607152 ATT: [-176.5, -0.1, 70]
12:03:55.607524 ACC: [0, -32, -514]
12:03:55.619781 Navigation got ALT: -1.57
[1499, 1500, 1600, 1500, 988, 950, 988, 1600, 1001, 1001, 1001, 1001, 1500, 1500, 1500, 1500]
[1499, 1500, 1600, 1500, 988, 950, 988, 1600, 1001, 1001, 1001, 1001, 1500, 1500, 1500, 1500]
12:03:55.659213 Navigation got ALT: -1.57
[1500, 1500, 1600, 1500, 988, 950, 988, 1600, 1001, 1001, 1001, 1001, 1500, 1500, 1500, 1500]
12:03:55.671314 ALT: -1.57
12:03:55.671417 ATT: [-176.5, -0.1, 70]
12:03:55.671724 ACC: [0, -32, -514]
[1500, 1500, 1600, 1500, 988, 950, 988, 1600, 1001, 1001, 1001, 1001, 1500, 1500, 1500, 1500]
12:03:55.702361 Navigation got ALT: -1.57
[1500, 1500, 1600, 1500, 988, 950, 988, 1600, 1001, 1001, 1001, 1001, 1500, 1500, 1500, 1500]
[1500, 1500, 1600, 1500, 988, 950, 988, 1600, 1001, 1001, 1001, 1001, 1500, 1500, 1500, 1500]
12:03:55.719735 ALT: -1.57
12:03:55.719816 ATT: [-176.5, -0.1, 70]
12:03:55.720068 ACC: [1, -31, -514]
12:03:55.739063 Navigation got ALT: -1.57
[1500, 1499, 1600, 1500, 988, 950, 988, 1600, 1001, 1001, 1001, 1001, 1500, 1500, 1500, 1500]
[1500, 1499, 1600, 1500, 988, 950, 988, 1600, 1001, 1001, 1001, 1001, 1500, 1500, 1500, 1500]
12:03:55.767298 ALT: -1.57
12:03:55.767468 ATT: [-176.5, -0.1, 71]
12:03:55.768029 ACC: [1, -32, -514]
12:03:55.779059 Navigation got ALT: -1.57
[1500, 1500, 1600, 1500, 988, 950, 988, 1600, 1001, 1001, 1001, 1001, 1500, 1500, 1500, 1500]
[1500, 1500, 1600, 1500, 988, 950, 988, 1600, 1001, 1001, 1001, 1001, 1500, 1500, 1500, 1500]
12:03:55.815316 ALT: -1.57
12:03:55.815484 ATT: [-176.5, -0.1, 71]
12:03:55.816147 ACC: [0, -32, -514]
12:03:55.819257 Navigation got ALT: -1.57
[1499, 1500, 1600, 1499, 988, 950, 988, 1600, 1001, 1001, 1001, 1001, 1500, 1500, 1500, 1500]
[1499, 1500, 1600, 1499, 988, 950, 988, 1600, 1001, 1001, 1001, 1001, 1500, 1500, 1500, 1500]
12:03:55.859319 Navigation got ALT: -1.57
[1499, 1500, 1600, 1500, 988, 950, 989, 1598, 1001, 1001, 1001, 1001, 1500, 1500, 1500, 1500]
12:03:55.863022 ALT: -1.57
12:03:55.863087 ATT: [-176.5, -0.1, 71]
12:03:55.863329 ACC: [0, -32, -514]
[1499, 1500, 1600, 1500, 988, 950, 989, 1598, 1001, 1001, 1001, 1001, 1500, 1500, 1500, 1500]
12:03:55.899587 Navigation got ALT: -1.57
[1500, 1500, 1600, 1500, 988, 950, 988, 1600, 1001, 1001, 1001, 1001, 1500, 1500, 1500, 1500]
12:03:55.911060 ALT: -1.57
12:03:55.911147 ATT: [-176.5, -0.1, 71]
12:03:55.911402 ACC: [1, -31, -514]
[1500, 1500, 1600, 1500, 988, 950, 988, 1600, 1001, 1001, 1001, 1001, 1500, 1500, 1500, 1500]
12:03:55.938981 Navigation got ALT: -1.57
[1500, 1500, 1600, 1500, 988, 950, 988, 1600, 1001, 1001, 1001, 1001, 1500, 1500, 1500, 1500]
[1500, 1500, 1600, 1500, 988, 950, 988, 1600, 1001, 1001, 1001, 1001, 1500, 1500, 1500, 1500]
12:03:55.959661 ALT: -1.57
12:03:55.959722 ATT: [-176.5, -0.1, 71]
12:03:55.959944 ACC: [0, -32, -514]
12:03:55.979042 Navigation got ALT: -1.57
[1499, 1500, 1600, 1500, 988, 950, 988, 1600, 1001, 1001, 1001, 1001, 1500, 1500, 1500, 1500]
[1499, 1500, 1600, 1500, 988, 950, 988, 1600, 1001, 1001, 1001, 1001, 1500, 1500, 1500, 1500]
12:03:56.007107 ALT: -1.57
12:03:56.007211 ATT: [-176.5, -0.1, 71]
12:03:56.007498 ACC: [0, -32, -514]
12:03:56.019634 Navigation got ALT: -1.57
[1500, 1500, 1600, 1500, 988, 950, 988, 1600, 1001, 1001, 1001, 1001, 1500, 1500, 1500, 1500]
[1500, 1500, 1600, 1500, 988, 950, 988, 1600, 1001, 1001, 1001, 1001, 1500, 1500, 1500, 1500]
12:03:56.055147 ALT: -1.57
12:03:56.055245 ATT: [-176.5, -0.1, 71]
12:03:56.055725 ACC: [1, -32, -514]
12:03:56.059662 Navigation got ALT: -1.57
[1500, 1500, 1600, 1500, 988, 950, 988, 1600, 1001, 1001, 1001, 1001, 1500, 1500, 1500, 1500]
[1500, 1500, 1600, 1500, 988, 950, 988, 1600, 1001, 1001, 1001, 1001, 1500, 1500, 1500, 1500]
12:03:56.099161 Navigation got ALT: -1.57
[1500, 1500, 1600, 1500, 988, 950, 988, 1598, 1001, 1001, 1001, 1001, 1500, 1500, 1500, 1500]
12:03:56.103247 ALT: -1.57
12:03:56.103351 ATT: [-176.5, -0.1, 71]
12:03:56.104090 ACC: [0, -32, -514]
[1500, 1500, 1600, 1500, 988, 950, 988, 1598, 1001, 1001, 1001, 1001, 1500, 1500, 1500, 1500]
12:03:56.138990 Navigation got ALT: -1.57
[1500, 1500, 1600, 1499, 988, 950, 988, 1600, 1001, 1001, 1001, 1001, 1500, 1500, 1500, 1500]
12:03:56.151922 ALT: -1.57
12:03:56.152017 ATT: [-176.4, -0.1, 71]
12:03:56.152274 ACC: [0, -32, -514]
[1500, 1500, 1600, 1499, 988, 950, 988, 1600, 1001, 1001, 1001, 1001, 1500, 1500, 1500, 1500]
12:03:56.179087 Navigation got ALT: -1.57
[1500, 1500, 1600, 1500, 988, 950, 988, 1600, 1001, 1001, 1001, 1001, 1500, 1500, 1500, 1500]
[1500, 1500, 1600, 1500, 988, 950, 988, 1600, 1001, 1001, 1001, 1001, 1500, 1500, 1500, 1500]
12:03:56.200382 ALT: -1.57
12:03:56.200513 ATT: [-176.4, -0.1, 71]
12:03:56.200799 ACC: [0, -32, -514]
12:03:56.219319 Navigation got ALT: -1.57
[1500, 1500, 1600, 1500, 988, 950, 988, 1598, 1001, 1001, 1001, 1001, 1500, 1500, 1500, 1500]
[1500, 1500, 1600, 1500, 988, 950, 988, 1598, 1001, 1001, 1001, 1001, 1500, 1500, 1500, 1500]
12:03:56.247432 ALT: -1.57
12:03:56.247648 ATT: [-176.4, -0.1, 71]
12:03:56.248064 ACC: [1, -32, -515]
12:03:56.259561 Navigation got ALT: -1.57
[1499, 1500, 1600, 1500, 988, 950, 988, 1600, 1001, 1001, 1001, 1001, 1500, 1500, 1500, 1500]
[1499, 1500, 1600, 1500, 988, 950, 988, 1600, 1001, 1001, 1001, 1001, 1500, 1500, 1500, 1500]
12:03:56.295166 ALT: -1.57
12:03:56.295257 ATT: [-176.4, -0.1, 71]
12:03:56.295505 ACC: [0, -32, -514]
12:03:56.299504 Navigation got ALT: -1.57
[1500, 1499, 1600, 1500, 988, 950, 988, 1600, 1001, 1001, 1001, 1001, 1500, 1500, 1500, 1500]
[1500, 1499, 1600, 1500, 988, 950, 988, 1600, 1001, 1001, 1001, 1001, 1500, 1500, 1500, 1500]
12:03:56.338959 Navigation got ALT: -1.57
[1500, 1500, 1600, 1500, 988, 950, 988, 1598, 1001, 1001, 1001, 1001, 1500, 1500, 1500, 1500]
12:03:56.343225 ALT: -1.57
12:03:56.343346 ATT: [-176.4, -0.1, 71]
12:03:56.343669 ACC: [1, -32, -514]
[1500, 1500, 1600, 1500, 988, 950, 988, 1598, 1001, 1001, 1001, 1001, 1500, 1500, 1500, 1500]
12:03:56.379192 Navigation got ALT: -1.57
[1500, 1500, 1600, 1500, 988, 950, 988, 1600, 1001, 1001, 1001, 1001, 1500, 1500, 1500, 1500]
12:03:56.391268 ALT: -1.57
12:03:56.391413 ATT: [-176.4, -0.1, 71]
12:03:56.391731 ACC: [0, -32, -514]
[1500, 1500, 1600, 1500, 988, 950, 988, 1600, 1001, 1001, 1001, 1001, 1500, 1500, 1500, 1500]
12:03:56.419442 Navigation got ALT: -1.57
[1500, 1499, 1600, 1500, 988, 950, 988, 1600, 1001, 1001, 1001, 1001, 1500, 1500, 1500, 1500]
[1500, 1499, 1600, 1500, 988, 950, 988, 1600, 1001, 1001, 1001, 1001, 1500, 1500, 1500, 1500]
12:03:56.439245 ALT: -1.57
12:03:56.439292 ATT: [-176.4, -0.1, 71]
12:03:56.439511 ACC: [0, -32, -514]
12:03:56.459365 Navigation got ALT: -1.57
[1499, 1500, 1600, 1499, 988, 950, 988, 1600, 1001, 1001, 1001, 1001, 1500, 1500, 1500, 1500]
[1499, 1500, 1600, 1499, 988, 950, 988, 1600, 1001, 1001, 1001, 1001, 1500, 1500, 1500, 1500]
12:03:56.487544 ALT: -1.57
12:03:56.487659 ATT: [-176.4, -0.1, 71]
12:03:56.487968 ACC: [0, -31, -514]
12:03:56.499511 Navigation got ALT: -1.57
[1499, 1500, 1600, 1500, 988, 951, 988, 1600, 1001, 1001, 1001, 1001, 1500, 1500, 1500, 1500]
[1499, 1500, 1600, 1500, 988, 951, 988, 1600, 1001, 1001, 1001, 1001, 1500, 1500, 1500, 1500]
12:03:56.535743 ALT: -1.57
12:03:56.536009 ATT: [-176.4, -0.1, 71]
12:03:56.537041 ACC: [0, -32, -514]
12:03:56.539151 Navigation got ALT: -1.57
[1500, 1499, 1600, 1500, 988, 950, 988, 1600, 1001, 1001, 1001, 1001, 1500, 1500, 1500, 1500]
[1500, 1499, 1600, 1500, 988, 950, 988, 1600, 1001, 1001, 1001, 1001, 1500, 1500, 1500, 1500]
12:03:56.578967 Navigation got ALT: -1.57
[1500, 1500, 1600, 1500, 988, 950, 988, 1600, 1001, 1001, 1001, 1001, 1500, 1500, 1500, 1500]
12:03:56.583477 ALT: -1.57
12:03:56.583689 ATT: [-176.4, -0.1, 71]
12:03:56.584108 ACC: [0, -32, -515]
[1500, 1500, 1600, 1500, 988, 950, 988, 1600, 1001, 1001, 1001, 1001, 1500, 1500, 1500, 1500]
12:03:56.619282 Navigation got ALT: -1.57
[1499, 1500, 1600, 1500, 988, 950, 989, 1598, 1001, 1001, 1001, 1001, 1500, 1500, 1500, 1500]
12:03:56.631683 ALT: -1.57
12:03:56.631793 ATT: [-176.4, -0.1, 71]
12:03:56.632206 ACC: [0, -32, -514]
[1499, 1500, 1600, 1500, 988, 950, 989, 1598, 1001, 1001, 1001, 1001, 1500, 1500, 1500, 1500]
12:03:56.659100 Navigation got ALT: -1.57
[1500, 1500, 1600, 1500, 988, 950, 988, 1600, 1001, 1001, 1001, 1001, 1500, 1500, 1500, 1500]
[1500, 1500, 1600, 1500, 988, 950, 988, 1600, 1001, 1001, 1001, 1001, 1500, 1500, 1500, 1500]
12:03:56.679298 ALT: -1.57
12:03:56.679349 ATT: [-176.4, -0.1, 71]
12:03:56.679614 ACC: [0, -31, -514]
12:03:56.699456 Navigation got ALT: -1.57
[1500, 1500, 1600, 1499, 988, 950, 986, 1600, 1001, 1001, 1001, 1001, 1500, 1500, 1500, 1500]
[1500, 1500, 1600, 1499, 988, 950, 986, 1600, 1001, 1001, 1001, 1001, 1500, 1500, 1500, 1500]
12:03:56.727171 ALT: -1.57
12:03:56.727267 ATT: [-176.5, -0.1, 72]
12:03:56.727547 ACC: [0, -32, -514]
12:03:56.740521 Navigation got ALT: -1.57
[1500, 1500, 1600, 1500, 988, 950, 988, 1600, 1001, 1001, 1001, 1001, 1500, 1500, 1500, 1500]
[1500, 1500, 1600, 1500, 988, 950, 988, 1600, 1001, 1001, 1001, 1001, 1500, 1500, 1500, 1500]
12:03:56.775238 ALT: -1.57
12:03:56.775341 ATT: [-176.5, -0.1, 72]
12:03:56.775893 ACC: [1, -32, -514]
12:03:56.779087 Navigation got ALT: -1.57
[1500, 1499, 1600, 1500, 988, 950, 988, 1600, 1001, 1001, 1001, 1001, 1500, 1500, 1500, 1500]
[1500, 1499, 1600, 1500, 988, 950, 988, 1600, 1001, 1001, 1001, 1001, 1500, 1500, 1500, 1500]
12:03:56.819497 Navigation got ALT: -1.57
[1499, 1500, 1600, 1500, 988, 950, 988, 1600, 1001, 1001, 1001, 1001, 1500, 1500, 1500, 1500]
12:03:56.823130 ALT: -1.57
12:03:56.823217 ATT: [-176.5, -0.1, 72]
12:03:56.823450 ACC: [0, -32, -515]
[1499, 1500, 1600, 1500, 988, 950, 988, 1600, 1001, 1001, 1001, 1001, 1500, 1500, 1500, 1500]
12:03:56.859004 Navigation got ALT: -1.57
[1500, 1500, 1600, 1500, 988, 950, 988, 1600, 1001, 1001, 1001, 1001, 1500, 1500, 1500, 1500]
12:03:56.871446 ALT: -1.57
12:03:56.872029 ATT: [-176.5, -0.1, 72]
12:03:56.872503 ACC: [0, -32, -515]
[1500, 1500, 1600, 1500, 988, 950, 988, 1600, 1001, 1001, 1001, 1001, 1500, 1500, 1500, 1500]
12:03:56.899075 Navigation got ALT: -1.57
[1500, 1499, 1600, 1500, 988, 950, 988, 1600, 1001, 1001, 1001, 1001, 1500, 1500, 1500, 1500]
[1500, 1499, 1600, 1500, 988, 950, 988, 1600, 1001, 1001, 1001, 1001, 1500, 1500, 1500, 1500]
12:03:56.920273 ALT: -1.57
12:03:56.920359 ATT: [-176.5, -0.1, 72]
12:03:56.920621 ACC: [0, -32, -514]
12:03:56.939061 Navigation got ALT: -1.57
[1500, 1500, 1600, 1500, 988, 950, 988, 1600, 1001, 1001, 1001, 1001, 1500, 1500, 1500, 1500]
[1500, 1500, 1600, 1500, 988, 950, 988, 1600, 1001, 1001, 1001, 1001, 1500, 1500, 1500, 1500]
12:03:56.967565 ALT: -1.57
12:03:56.967670 ATT: [-176.4, -0.1, 72]
12:03:56.968062 ACC: [0, -32, -514]
12:03:56.979068 Navigation got ALT: -1.57
[1500, 1500, 1600, 1500, 988, 950, 988, 1600, 1001, 1001, 1001, 1001, 1500, 1500, 1500, 1500]
[1500, 1500, 1600, 1500, 988, 950, 988, 1600, 1001, 1001, 1001, 1001, 1500, 1500, 1500, 1500]
12:03:57.015441 ALT: -1.57
12:03:57.015626 ATT: [-176.4, -0.1, 72]
12:03:57.016136 ACC: [1, -32, -514]
12:03:57.019233 Navigation got ALT: -1.57
[1500, 1499, 1600, 1500, 988, 950, 988, 1600, 1001, 1001, 1001, 1001, 1500, 1500, 1500, 1500]
[1500, 1499, 1600, 1500, 988, 950, 988, 1600, 1001, 1001, 1001, 1001, 1500, 1500, 1500, 1500]
12:03:57.059223 Navigation got ALT: -1.57
[1499, 1500, 1600, 1499, 988, 950, 988, 1600, 1001, 1001, 1001, 1001, 1500, 1500, 1500, 1500]
12:03:57.063225 ALT: -1.57
12:03:57.063307 ATT: [-176.4, -0.1, 72]
12:03:57.063547 ACC: [0, -32, -515]
[1499, 1500, 1600, 1499, 988, 950, 988, 1600, 1001, 1001, 1001, 1001, 1500, 1500, 1500, 1500]
12:03:57.099047 Navigation got ALT: -1.57
[1500, 1500, 1600, 1500, 988, 950, 988, 1600, 1001, 1001, 1001, 1001, 1500, 1500, 1500, 1500]
12:03:57.111252 ALT: -1.57
12:03:57.111339 ATT: [-176.4, -0.1, 72]
12:03:57.111573 ACC: [0, -31, -514]
[1500, 1500, 1600, 1500, 988, 950, 988, 1600, 1001, 1001, 1001, 1001, 1500, 1500, 1500, 1500]
12:03:57.138992 Navigation got ALT: -1.57
[1500, 1500, 1600, 1500, 988, 950, 988, 1600, 1001, 1001, 1001, 1001, 1500, 1500, 1500, 1500]
[1500, 1500, 1600, 1500, 988, 950, 988, 1600, 1001, 1001, 1001, 1001, 1500, 1500, 1500, 1500]
12:03:57.159799 ALT: -1.57
12:03:57.159957 ATT: [-176.5, -0.1, 72]
12:03:57.160438 ACC: [0, -31, -515]
12:03:57.179069 Navigation got ALT: -1.57
[1500, 1500, 1600, 1500, 988, 950, 988, 1600, 1001, 1001, 1001, 1001, 1500, 1500, 1500, 1500]
[1500, 1500, 1600, 1500, 988, 950, 988, 1600, 1001, 1001, 1001, 1001, 1500, 1500, 1500, 1500]
12:03:57.207264 ALT: -1.57
12:03:57.207350 ATT: [-176.5, -0.1, 72]
12:03:57.207598 ACC: [0, -32, -515]
12:03:57.219707 Navigation got ALT: -1.57
[1500, 1499, 1600, 1500, 988, 950, 988, 1600, 1001, 1001, 1001, 1001, 1500, 1500, 1500, 1500]
[1500, 1499, 1600, 1500, 988, 950, 988, 1600, 1001, 1001, 1001, 1001, 1500, 1500, 1500, 1500]
12:03:57.255255 ALT: -1.57
12:03:57.255342 ATT: [-176.5, -0.1, 72]
12:03:57.255687 ACC: [0, -32, -515]
12:03:57.259218 Navigation got ALT: -1.57
[1500, 1500, 1600, 1500, 988, 950, 988, 1600, 1001, 1001, 1001, 1001, 1500, 1500, 1500, 1500]
[1500, 1500, 1600, 1500, 988, 950, 988, 1600, 1001, 1001, 1001, 1001, 1500, 1500, 1500, 1500]
12:03:57.299043 Navigation got ALT: -1.57
[1500, 1499, 1600, 1500, 988, 950, 988, 1598, 1001, 1001, 1001, 1001, 1500, 1500, 1500, 1500]
12:03:57.303594 ALT: -1.57
12:03:57.303782 ATT: [-176.4, -0.1, 72]
12:03:57.304321 ACC: [0, -32, -514]
[1500, 1499, 1600, 1500, 988, 950, 988, 1598, 1001, 1001, 1001, 1001, 1500, 1500, 1500, 1500]
12:03:57.338969 Navigation got ALT: -1.57
[1500, 1499, 1600, 1499, 988, 951, 988, 1600, 1001, 1001, 1001, 1001, 1500, 1500, 1500, 1500]
12:03:57.351505 ALT: -1.57
12:03:57.351674 ATT: [-176.4, -0.1, 72]
12:03:57.352305 ACC: [0, -32, -514]
[1500, 1499, 1600, 1499, 988, 951, 988, 1600, 1001, 1001, 1001, 1001, 1500, 1500, 1500, 1500]
12:03:57.378997 Navigation got ALT: -1.57
[1500, 1500, 1600, 1500, 988, 950, 988, 1600, 1001, 1001, 1001, 1001, 1500, 1500, 1500, 1500]
[1500, 1500, 1600, 1500, 988, 950, 988, 1600, 1001, 1001, 1001, 1001, 1500, 1500, 1500, 1500]
12:03:57.399684 ALT: -1.57
12:03:57.399957 ATT: [-176.5, -0.1, 72]
12:03:57.400521 ACC: [0, -32, -514]
12:03:57.419649 Navigation got ALT: -1.57
[1500, 1500, 1600, 1500, 988, 950, 988, 1600, 1001, 1001, 1001, 1001, 1500, 1500, 1500, 1500]
[1500, 1500, 1600, 1500, 988, 950, 988, 1600, 1001, 1001, 1001, 1001, 1500, 1500, 1500, 1500]
12:03:57.447482 ALT: -1.57
12:03:57.447672 ATT: [-176.4, -0.1, 72]
12:03:57.448564 ACC: [1, -32, -514]
12:03:57.459253 Navigation got ALT: -1.57
[1500, 1500, 1600, 1500, 988, 950, 988, 1600, 1001, 1001, 1001, 1001, 1500, 1500, 1500, 1500]
[1500, 1500, 1600, 1500, 988, 950, 988, 1600, 1001, 1001, 1001, 1001, 1500, 1500, 1500, 1500]
12:03:57.495300 ALT: -1.57
12:03:57.495387 ATT: [-176.4, -0.1, 72]
12:03:57.495638 ACC: [0, -32, -515]
12:03:57.499553 Navigation got ALT: -1.57
[1500, 1500, 1600, 1500, 988, 950, 988, 1600, 1001, 1001, 1001, 1001, 1500, 1500, 1500, 1500]
[1500, 1500, 1600, 1500, 988, 950, 988, 1600, 1001, 1001, 1001, 1001, 1500, 1500, 1500, 1500]
12:03:57.538979 Navigation got ALT: -1.57
[1500, 1500, 1600, 1500, 988, 950, 988, 1600, 1001, 1001, 1001, 1001, 1500, 1500, 1500, 1500]
12:03:57.543437 ALT: -1.54
12:03:57.543614 ATT: [-176.4, -0.1, 72]
12:03:57.544041 ACC: [0, -32, -514]
[1500, 1500, 1600, 1500, 988, 950, 988, 1600, 1001, 1001, 1001, 1001, 1500, 1500, 1500, 1500]
12:03:57.579125 Navigation got ALT: -1.54
[1500, 1500, 1600, 1500, 988, 950, 988, 1598, 1001, 1001, 1001, 1001, 1500, 1500, 1500, 1500]
12:03:57.591350 ALT: -1.51
12:03:57.591443 ATT: [-176.5, -0.1, 72]
12:03:57.591775 ACC: [1, -31, -514]
[1500, 1500, 1600, 1500, 988, 950, 988, 1598, 1001, 1001, 1001, 1001, 1500, 1500, 1500, 1500]
12:03:57.619627 Navigation got ALT: -1.51
[1499, 1500, 1600, 1500, 988, 950, 988, 1598, 1001, 1001, 1001, 1001, 1500, 1500, 1500, 1500]
[1499, 1500, 1600, 1500, 988, 950, 988, 1598, 1001, 1001, 1001, 1001, 1500, 1500, 1500, 1500]
12:03:57.639290 ALT: -1.51
12:03:57.639346 ATT: [-176.5, -0.1, 72]
12:03:57.639626 ACC: [0, -32, -514]
12:03:57.659167 Navigation got ALT: -1.51
[1499, 1500, 1600, 1500, 988, 950, 988, 1600, 1001, 1001, 1001, 1001, 1500, 1500, 1500, 1500]
[1499, 1500, 1600, 1500, 988, 950, 988, 1600, 1001, 1001, 1001, 1001, 1500, 1500, 1500, 1500]
12:03:57.687803 ALT: -1.51
12:03:57.687938 ATT: [-176.4, -0.1, 72]
12:03:57.688334 ACC: [0, -32, -515]
12:03:57.699503 Navigation got ALT: -1.51
[1500, 1500, 1600, 1500, 988, 950, 988, 1598, 1001, 1001, 1001, 1001, 1500, 1500, 1500, 1500]
[1500, 1500, 1600, 1500, 988, 950, 988, 1598, 1001, 1001, 1001, 1001, 1500, 1500, 1500, 1500]
12:03:57.738962 Navigation got ALT: -1.51
[1500, 1500, 1600, 1500, 988, 950, 988, 1600, 1001, 1001, 1001, 1001, 1500, 1500, 1500, 1500]
12:03:57.751509 ALT: -1.51
12:03:57.752034 ATT: [-176.4, -0.1, 72]
12:03:57.752654 ACC: [1, -32, -515]
[1500, 1500, 1600, 1500, 988, 950, 988, 1600, 1001, 1001, 1001, 1001, 1500, 1500, 1500, 1500]
12:03:57.779110 Navigation got ALT: -1.51
[1500, 1501, 1600, 1500, 988, 950, 988, 1600, 1001, 1001, 1001, 1001, 1500, 1500, 1500, 1500]
[1500, 1501, 1600, 1500, 988, 950, 988, 1600, 1001, 1001, 1001, 1001, 1500, 1500, 1500, 1500]
12:03:57.800184 ALT: -1.51
12:03:57.800319 ATT: [-176.4, -0.1, 72]
12:03:57.800762 ACC: [0, -32, -514]
12:03:57.819392 Navigation got ALT: -1.51
[1500, 1500, 1600, 1499, 988, 950, 988, 1600, 1001, 1001, 1001, 1001, 1500, 1500, 1500, 1500]
[1500, 1500, 1600, 1499, 988, 950, 988, 1600, 1001, 1001, 1001, 1001, 1500, 1500, 1500, 1500]
12:03:57.847440 ALT: -1.51
12:03:57.847561 ATT: [-176.4, -0.1, 72]
12:03:57.848017 ACC: [0, -32, -515]
12:03:57.859096 Navigation got ALT: -1.51
[1499, 1500, 1600, 1500, 988, 950, 988, 1598, 1001, 1001, 1001, 1001, 1500, 1500, 1500, 1500]
[1499, 1500, 1600, 1500, 988, 950, 988, 1598, 1001, 1001, 1001, 1001, 1500, 1500, 1500, 1500]
12:03:57.895361 ALT: -1.51
12:03:57.895448 ATT: [-176.5, -0.1, 72]
12:03:57.895685 ACC: [0, -32, -514]
12:03:57.899575 Navigation got ALT: -1.51
[1500, 1500, 1600, 1499, 988, 950, 988, 1600, 1001, 1001, 1001, 1001, 1500, 1500, 1500, 1500]
[1500, 1500, 1600, 1499, 988, 950, 988, 1600, 1001, 1001, 1001, 1001, 1500, 1500, 1500, 1500]
12:03:57.939202 Navigation got ALT: -1.51
[1499, 1500, 1600, 1500, 988, 950, 988, 1600, 1001, 1001, 1001, 1001, 1500, 1500, 1500, 1500]
12:03:57.943481 ALT: -1.51
12:03:57.944981 ATT: [-176.5, -0.1, 72]
12:03:57.945545 ACC: [0, -31, -514]
[1499, 1500, 1600, 1500, 988, 950, 988, 1600, 1001, 1001, 1001, 1001, 1500, 1500, 1500, 1500]
12:03:57.978995 Navigation got ALT: -1.51
[1500, 1500, 1600, 1500, 988, 950, 988, 1600, 1001, 1001, 1001, 1001, 1500, 1500, 1500, 1500]
12:03:57.991375 ALT: -1.51
12:03:57.991505 ATT: [-176.5, -0.1, 72]
12:03:57.991757 ACC: [0, -32, -515]
[1500, 1500, 1600, 1500, 988, 950, 988, 1600, 1001, 1001, 1001, 1001, 1500, 1500, 1500, 1500]
12:03:58.019605 Navigation got ALT: -1.51
[1499, 1500, 1600, 1500, 988, 950, 988, 1600, 1001, 1001, 1001, 1001, 1500, 1500, 1500, 1500]
[1499, 1500, 1600, 1500, 988, 950, 988, 1600, 1001, 1001, 1001, 1001, 1500, 1500, 1500, 1500]
12:03:58.039333 ALT: -1.51
12:03:58.039385 ATT: [-176.5, -0.1, 72]
12:03:58.039600 ACC: [1, -32, -514]
12:03:58.059109 Navigation got ALT: -1.51
[1500, 1500, 1600, 1500, 988, 950, 988, 1600, 1001, 1001, 1001, 1001, 1500, 1500, 1500, 1500]
[1500, 1500, 1600, 1500, 988, 950, 988, 1600, 1001, 1001, 1001, 1001, 1500, 1500, 1500, 1500]
12:03:58.087690 ALT: -1.51
12:03:58.087864 ATT: [-176.5, -0.1, 72]
12:03:58.088388 ACC: [0, -31, -514]
12:03:58.099514 Navigation got ALT: -1.51
[1500, 1500, 1600, 1499, 988, 950, 988, 1600, 1001, 1001, 1001, 1001, 1500, 1500, 1500, 1500]
[1500, 1500, 1600, 1499, 988, 950, 988, 1600, 1001, 1001, 1001, 1001, 1500, 1500, 1500, 1500]
12:03:58.135755 ALT: -1.51
12:03:58.135942 ATT: [-176.5, -0.1, 72]
12:03:58.136277 ACC: [0, -32, -515]
12:03:58.139096 Navigation got ALT: -1.51
[1500, 1500, 1600, 1500, 988, 950, 988, 1598, 1001, 1001, 1001, 1001, 1500, 1500, 1500, 1500]
[1500, 1500, 1600, 1500, 988, 950, 988, 1598, 1001, 1001, 1001, 1001, 1500, 1500, 1500, 1500]
12:03:58.179007 Navigation got ALT: -1.51
[1500, 1499, 1600, 1500, 988, 950, 988, 1600, 1001, 1001, 1001, 1001, 1500, 1500, 1500, 1500]
12:03:58.183534 ALT: -1.51
12:03:58.183755 ATT: [-176.5, -0.1, 72]
12:03:58.184530 ACC: [0, -31, -514]
[1500, 1499, 1600, 1500, 988, 950, 988, 1600, 1001, 1001, 1001, 1001, 1500, 1500, 1500, 1500]
12:03:58.219145 Navigation got ALT: -1.51
[1499, 1500, 1600, 1500, 988, 950, 989, 1597, 1001, 1001, 1001, 1001, 1500, 1500, 1500, 1500]
12:03:58.231591 ALT: -1.51
12:03:58.231782 ATT: [-176.5, -0.1, 72]
12:03:58.233068 ACC: [0, -32, -514]
[1499, 1500, 1600, 1500, 988, 950, 989, 1597, 1001, 1001, 1001, 1001, 1500, 1500, 1500, 1500]
12:03:58.259056 Navigation got ALT: -1.51
[1500, 1500, 1600, 1500, 988, 950, 988, 1600, 1001, 1001, 1001, 1001, 1500, 1500, 1500, 1500]
[1500, 1500, 1600, 1500, 988, 950, 988, 1600, 1001, 1001, 1001, 1001, 1500, 1500, 1500, 1500]
12:03:58.279466 ALT: -1.51
12:03:58.279514 ATT: [-176.5, -0.1, 72]
12:03:58.279728 ACC: [0, -32, -514]
12:03:58.299642 Navigation got ALT: -1.51
[1500, 1500, 1600, 1500, 988, 950, 988, 1598, 1001, 1001, 1001, 1001, 1500, 1500, 1500, 1500]
[1500, 1500, 1600, 1500, 988, 950, 988, 1598, 1001, 1001, 1001, 1001, 1500, 1500, 1500, 1500]
12:03:58.327499 ALT: -1.51
12:03:58.327592 ATT: [-176.5, -0.1, 72]
12:03:58.327842 ACC: [0, -32, -514]
12:03:58.339146 Navigation got ALT: -1.51
[1500, 1500, 1600, 1499, 988, 950, 988, 1598, 1001, 1001, 1001, 1001, 1500, 1500, 1500, 1500]
[1500, 1500, 1600, 1499, 988, 950, 988, 1598, 1001, 1001, 1001, 1001, 1500, 1500, 1500, 1500]
12:03:58.375449 ALT: -1.51
12:03:58.375546 ATT: [-176.5, -0.1, 72]
12:03:58.375905 ACC: [0, -31, -514]
12:03:58.379066 Navigation got ALT: -1.51
[1500, 1500, 1600, 1500, 988, 949, 988, 1600, 1001, 1001, 1001, 1001, 1500, 1500, 1500, 1500]
[1500, 1500, 1600, 1500, 988, 949, 988, 1600, 1001, 1001, 1001, 1001, 1500, 1500, 1500, 1500]
12:03:58.419617 Navigation got ALT: -1.51
[1499, 1499, 1600, 1500, 988, 950, 988, 1600, 1001, 1001, 1001, 1001, 1500, 1500, 1500, 1500]
12:03:58.423356 ALT: -1.51
12:03:58.423467 ATT: [-176.5, -0.1, 72]
12:03:58.423765 ACC: [0, -32, -515]
[1499, 1499, 1600, 1500, 988, 950, 988, 1600, 1001, 1001, 1001, 1001, 1500, 1500, 1500, 1500]
12:03:58.459158 Navigation got ALT: -1.51
[1499, 1500, 1600, 1500, 988, 950, 988, 1598, 1001, 1001, 1001, 1001, 1500, 1500, 1500, 1500]
12:03:58.471846 ALT: -1.51
12:03:58.471981 ATT: [-176.5, -0.1, 72]
12:03:58.472329 ACC: [0, -32, -515]
[1499, 1500, 1600, 1500, 988, 950, 988, 1598, 1001, 1001, 1001, 1001, 1500, 1500, 1500, 1500]
12:03:58.499319 Navigation got ALT: -1.51
[1500, 1500, 1600, 1499, 988, 950, 988, 1598, 1001, 1001, 1001, 1001, 1500, 1500, 1500, 1500]
[1500, 1500, 1600, 1499, 988, 950, 988, 1598, 1001, 1001, 1001, 1001, 1500, 1500, 1500, 1500]
12:03:58.520298 ALT: -1.51
12:03:58.520367 ATT: [-176.5, -0.1, 72]
12:03:58.520589 ACC: [1, -31, -514]
12:03:58.539083 Navigation got ALT: -1.51
[1499, 1500, 1600, 1500, 988, 950, 988, 1600, 1001, 1001, 1001, 1001, 1500, 1500, 1500, 1500]
[1499, 1500, 1600, 1500, 988, 950, 988, 1600, 1001, 1001, 1001, 1001, 1500, 1500, 1500, 1500]
12:03:58.567775 ALT: -1.51
12:03:58.567869 ATT: [-176.5, -0.1, 72]
12:03:58.568249 ACC: [0, -32, -514]
12:03:58.579289 Navigation got ALT: -1.51
[1499, 1500, 1600, 1500, 988, 950, 988, 1600, 1001, 1001, 1001, 1001, 1500, 1500, 1500, 1500]
[1499, 1500, 1600, 1500, 988, 950, 988, 1600, 1001, 1001, 1001, 1001, 1500, 1500, 1500, 1500]
12:03:58.615738 ALT: -1.51
12:03:58.616064 ATT: [-176.5, -0.1, 72]
12:03:58.616530 ACC: [0, -32, -514]
12:03:58.619318 Navigation got ALT: -1.51
[1499, 1500, 1600, 1500, 988, 950, 988, 1600, 1001, 1001, 1001, 1001, 1500, 1500, 1500, 1500]
[1499, 1500, 1600, 1500, 988, 950, 988, 1600, 1001, 1001, 1001, 1001, 1500, 1500, 1500, 1500]
12:03:58.659098 Navigation got ALT: -1.51
[1500, 1500, 1600, 1500, 988, 950, 988, 1600, 1001, 1001, 1001, 1001, 1500, 1500, 1500, 1500]
12:03:58.663451 ALT: -1.51
12:03:58.663537 ATT: [-176.5, -0.1, 72]
12:03:58.663797 ACC: [0, -32, -514]
[1500, 1500, 1600, 1500, 988, 950, 988, 1600, 1001, 1001, 1001, 1001, 1500, 1500, 1500, 1500]
12:03:58.699461 Navigation got ALT: -1.51
[1500, 1500, 1600, 1500, 988, 950, 988, 1598, 1001, 1001, 1001, 1001, 1500, 1500, 1500, 1500]
12:03:58.714126 ALT: -1.51
12:03:58.714233 ATT: [-176.5, -0.1, 72]
12:03:58.714544 ACC: [0, -32, -514]
[1500, 1500, 1600, 1500, 988, 950, 988, 1598, 1001, 1001, 1001, 1001, 1500, 1500, 1500, 1500]
12:03:58.739094 Navigation got ALT: -1.51
[1499, 1500, 1600, 1500, 988, 950, 988, 1600, 1001, 1001, 1001, 1001, 1500, 1500, 1500, 1500]
[1499, 1500, 1600, 1500, 988, 950, 988, 1600, 1001, 1001, 1001, 1001, 1500, 1500, 1500, 1500]
12:03:58.759666 ALT: -1.51
12:03:58.759910 ATT: [-176.5, -0.1, 73]
12:03:58.760790 ACC: [1, -32, -514]
12:03:58.779711 Navigation got ALT: -1.51
[1499, 1500, 1600, 1499, 988, 950, 988, 1600, 1001, 1001, 1001, 1001, 1500, 1500, 1500, 1500]
[1499, 1500, 1600, 1499, 988, 950, 988, 1600, 1001, 1001, 1001, 1001, 1500, 1500, 1500, 1500]
12:03:58.807645 ALT: -1.51
12:03:58.807737 ATT: [-176.5, -0.1, 73]
12:03:58.808018 ACC: [0, -32, -515]
12:03:58.819437 Navigation got ALT: -1.51
[1499, 1500, 1600, 1500, 988, 950, 988, 1600, 1001, 1001, 1001, 1001, 1500, 1500, 1500, 1500]
[1499, 1500, 1600, 1500, 988, 950, 988, 1600, 1001, 1001, 1001, 1001, 1500, 1500, 1500, 1500]
12:03:58.855571 ALT: -1.51
12:03:58.855678 ATT: [-176.5, -0.1, 73]
12:03:58.855991 ACC: [0, -32, -514]
12:03:58.859159 Navigation got ALT: -1.51
[1500, 1500, 1600, 1500, 988, 950, 988, 1600, 1001, 1001, 1001, 1001, 1500, 1500, 1500, 1500]
[1500, 1500, 1600, 1500, 988, 950, 988, 1600, 1001, 1001, 1001, 1001, 1500, 1500, 1500, 1500]
12:03:58.899286 Navigation got ALT: -1.51
[1499, 1500, 1600, 1500, 988, 950, 988, 1600, 1001, 1001, 1001, 1001, 1500, 1500, 1500, 1500]
12:03:58.903613 ALT: -1.51
12:03:58.903704 ATT: [-176.4, -0.1, 73]
12:03:58.904056 ACC: [0, -32, -515]
[1499, 1500, 1600, 1500, 988, 950, 988, 1600, 1001, 1001, 1001, 1001, 1500, 1500, 1500, 1500]
12:03:58.939716 Navigation got ALT: -1.51
[1500, 1500, 1600, 1500, 988, 950, 988, 1600, 1001, 1001, 1001, 1001, 1500, 1500, 1500, 1500]
12:03:58.951629 ALT: -1.51
12:03:58.951735 ATT: [-176.4, -0.1, 73]
12:03:58.952149 ACC: [0, -32, -514]
[1500, 1500, 1600, 1500, 988, 950, 988, 1600, 1001, 1001, 1001, 1001, 1500, 1500, 1500, 1500]
12:03:58.979310 Navigation got ALT: -1.51
[1500, 1499, 1600, 1500, 989, 950, 988, 1600, 1001, 1001, 1001, 1001, 1500, 1500, 1500, 1500]
[1500, 1499, 1600, 1500, 989, 950, 988, 1600, 1001, 1001, 1001, 1001, 1500, 1500, 1500, 1500]
12:03:59.000237 ALT: -1.51
12:03:59.000336 ATT: [-176.4, -0.1, 73]
12:03:59.000730 ACC: [1, -32, -514]
12:03:59.019378 Navigation got ALT: -1.51
[1499, 1500, 1600, 1500, 988, 950, 988, 1598, 1001, 1001, 1001, 1001, 1500, 1500, 1500, 1500]
[1499, 1500, 1600, 1500, 988, 950, 988, 1598, 1001, 1001, 1001, 1001, 1500, 1500, 1500, 1500]
12:03:59.047590 ALT: -1.51
12:03:59.047689 ATT: [-176.4, -0.1, 73]
12:03:59.048125 ACC: [1, -32, -514]
12:03:59.059130 Navigation got ALT: -1.51
[1499, 1500, 1600, 1500, 988, 950, 988, 1600, 1001, 1001, 1001, 1001, 1500, 1500, 1500, 1500]
[1499, 1500, 1600, 1500, 988, 950, 988, 1600, 1001, 1001, 1001, 1001, 1500, 1500, 1500, 1500]
12:03:59.095637 ALT: -1.51
12:03:59.095760 ATT: [-176.5, -0.1, 73]
12:03:59.096052 ACC: [0, -32, -514]
12:03:59.099203 Navigation got ALT: -1.51
[1500, 1500, 1600, 1500, 988, 950, 988, 1600, 1001, 1001, 1001, 1001, 1500, 1500, 1500, 1500]
[1500, 1500, 1600, 1500, 988, 950, 988, 1600, 1001, 1001, 1001, 1001, 1500, 1500, 1500, 1500]
12:03:59.139005 Navigation got ALT: -1.51
[1500, 1500, 1600, 1500, 988, 950, 988, 1600, 1001, 1001, 1001, 1001, 1500, 1500, 1500, 1500]
12:03:59.143506 ALT: -1.51
12:03:59.143588 ATT: [-176.5, -0.1, 73]
12:03:59.144079 ACC: [0, -32, -514]
[1500, 1500, 1600, 1500, 988, 950, 988, 1600, 1001, 1001, 1001, 1001, 1500, 1500, 1500, 1500]
12:03:59.179310 Navigation got ALT: -1.51
[1500, 1500, 1600, 1500, 988, 950, 988, 1600, 1001, 1001, 1001, 1001, 1500, 1500, 1500, 1500]
12:03:59.191535 ALT: -1.51
12:03:59.191622 ATT: [-176.5, -0.1, 73]
12:03:59.191859 ACC: [0, -32, -514]
[1500, 1500, 1600, 1500, 988, 950, 988, 1600, 1001, 1001, 1001, 1001, 1500, 1500, 1500, 1500]
12:03:59.219191 Navigation got ALT: -1.51
[1499, 1500, 1600, 1500, 988, 950, 988, 1600, 1001, 1001, 1001, 1001, 1500, 1500, 1500, 1500]
[1499, 1500, 1600, 1500, 988, 950, 988, 1600, 1001, 1001, 1001, 1001, 1500, 1500, 1500, 1500]
12:03:59.239469 ALT: -1.51
12:03:59.239519 ATT: [-176.5, -0.1, 73]
12:03:59.239728 ACC: [0, -32, -515]
12:03:59.259144 Navigation got ALT: -1.51
[1500, 1500, 1600, 1499, 988, 950, 988, 1600, 1001, 1001, 1001, 1001, 1500, 1500, 1500, 1500]
[1500, 1500, 1600, 1499, 988, 950, 988, 1600, 1001, 1001, 1001, 1001, 1500, 1500, 1500, 1500]
12:03:59.287869 ALT: -1.51
12:03:59.287965 ATT: [-176.5, -0.1, 73]
12:03:59.288277 ACC: [0, -32, -514]
12:03:59.299204 Navigation got ALT: -1.51
[1499, 1500, 1600, 1500, 988, 950, 988, 1600, 1001, 1001, 1001, 1001, 1500, 1500, 1500, 1500]
[1499, 1500, 1600, 1500, 988, 950, 988, 1600, 1001, 1001, 1001, 1001, 1500, 1500, 1500, 1500]
12:03:59.336929 ALT: -1.51
12:03:59.337018 ATT: [-176.5, -0.1, 73]
12:03:59.337320 ACC: [0, -32, -514]
12:03:59.339173 Navigation got ALT: -1.51
[1499, 1500, 1600, 1500, 988, 950, 988, 1600, 1001, 1001, 1001, 1001, 1500, 1500, 1500, 1500]
[1499, 1500, 1600, 1500, 988, 950, 988, 1600, 1001, 1001, 1001, 1001, 1500, 1500, 1500, 1500]
12:03:59.379148 Navigation got ALT: -1.51
[1500, 1500, 1600, 1500, 988, 950, 988, 1600, 1001, 1001, 1001, 1001, 1500, 1500, 1500, 1500]
12:03:59.383724 ALT: -1.51
12:03:59.383830 ATT: [-176.5, -0.1, 73]
12:03:59.384316 ACC: [0, -32, -514]
[1500, 1500, 1600, 1500, 988, 950, 988, 1600, 1001, 1001, 1001, 1001, 1500, 1500, 1500, 1500]
12:03:59.419210 Navigation got ALT: -1.51
[1500, 1500, 1600, 1500, 988, 950, 988, 1600, 1001, 1001, 1001, 1001, 1500, 1500, 1500, 1500]
12:03:59.431667 ALT: -1.51
12:03:59.431767 ATT: [-176.5, -0.1, 73]
12:03:59.432183 ACC: [0, -32, -514]
[1500, 1500, 1600, 1500, 988, 950, 988, 1600, 1001, 1001, 1001, 1001, 1500, 1500, 1500, 1500]
12:03:59.459070 Navigation got ALT: -1.51
[1500, 1500, 1600, 1500, 988, 950, 988, 1600, 1001, 1001, 1001, 1001, 1500, 1500, 1500, 1500]
[1500, 1500, 1600, 1500, 988, 950, 988, 1600, 1001, 1001, 1001, 1001, 1500, 1500, 1500, 1500]
12:03:59.479531 ALT: -1.51
12:03:59.479583 ATT: [-176.5, -0.1, 73]
12:03:59.479796 ACC: [0, -32, -514]
12:03:59.499347 Navigation got ALT: -1.51
[1500, 1500, 1600, 1500, 988, 950, 988, 1600, 1001, 1001, 1001, 1001, 1500, 1500, 1500, 1500]
[1500, 1500, 1600, 1500, 988, 950, 988, 1600, 1001, 1001, 1001, 1001, 1500, 1500, 1500, 1500]
12:03:59.527693 ALT: -1.51
12:03:59.527871 ATT: [-176.4, -0.1, 73]
12:03:59.529232 ACC: [1, -32, -514]
12:03:59.539119 Navigation got ALT: -1.51
[1500, 1500, 1600, 1499, 988, 950, 988, 1598, 1001, 1001, 1001, 1001, 1500, 1500, 1500, 1500]
[1500, 1500, 1600, 1499, 988, 950, 988, 1598, 1001, 1001, 1001, 1001, 1500, 1500, 1500, 1500]
12:03:59.575583 ALT: -1.51
12:03:59.575669 ATT: [-176.5, -0.1, 73]
12:03:59.575933 ACC: [0, -32, -514]
12:03:59.579152 Navigation got ALT: -1.51
[1499, 1500, 1600, 1500, 988, 950, 988, 1600, 1001, 1001, 1001, 1001, 1500, 1500, 1500, 1500]
[1499, 1500, 1600, 1500, 988, 950, 988, 1600, 1001, 1001, 1001, 1001, 1500, 1500, 1500, 1500]
12:03:59.619285 Navigation got ALT: -1.51
[1500, 1499, 1600, 1500, 988, 950, 988, 1600, 1001, 1001, 1001, 1001, 1500, 1500, 1500, 1500]
12:03:59.623596 ALT: -1.51
12:03:59.623681 ATT: [-176.5, -0.1, 73]
12:03:59.623921 ACC: [0, -32, -514]
[1500, 1499, 1600, 1500, 988, 950, 988, 1600, 1001, 1001, 1001, 1001, 1500, 1500, 1500, 1500]
12:03:59.659033 Navigation got ALT: -1.51
[1500, 1500, 1600, 1500, 988, 950, 988, 1600, 1001, 1001, 1001, 1001, 1500, 1500, 1500, 1500]
12:03:59.671576 ALT: -1.51
12:03:59.671663 ATT: [-176.5, -0.1, 73]
12:03:59.671913 ACC: [0, -32, -514]
[1500, 1500, 1600, 1500, 988, 950, 988, 1600, 1001, 1001, 1001, 1001, 1500, 1500, 1500, 1500]
12:03:59.700589 Navigation got ALT: -1.51
[1499, 1500, 1600, 1500, 988, 950, 988, 1600, 1001, 1001, 1001, 1001, 1500, 1500, 1500, 1500]
[1499, 1500, 1600, 1500, 988, 950, 988, 1600, 1001, 1001, 1001, 1001, 1500, 1500, 1500, 1500]
12:03:59.720635 ALT: -1.51
12:03:59.720727 ATT: [-176.5, -0.1, 73]
12:03:59.720996 ACC: [0, -31, -515]
12:03:59.740309 Navigation got ALT: -1.51
[1500, 1500, 1600, 1500, 988, 950, 988, 1600, 1001, 1001, 1001, 1001, 1500, 1500, 1500, 1500]
[1500, 1500, 1600, 1500, 988, 950, 988, 1600, 1001, 1001, 1001, 1001, 1500, 1500, 1500, 1500]
12:03:59.779490 Navigation got ALT: -1.51
[1500, 1500, 1600, 1500, 986, 950, 988, 1600, 1001, 1001, 1001, 1001, 1500, 1500, 1500, 1500]
12:03:59.789879 ALT: -1.51
12:03:59.790002 ATT: [-176.5, -0.1, 73]
12:03:59.790338 ACC: [0, -32, -515]
12:03:59.810435 Navigation got ALT: -1.51
[1500, 1500, 1600, 1499, 988, 950, 988, 1598, 1001, 1001, 1001, 1001, 1500, 1500, 1500, 1500]
[1500, 1500, 1600, 1499, 988, 950, 988, 1598, 1001, 1001, 1001, 1001, 1500, 1500, 1500, 1500]
12:03:59.842503 Navigation got ALT: -1.51
[1499, 1500, 1600, 1500, 988, 950, 988, 1600, 1001, 1001, 1001, 1001, 1500, 1500, 1500, 1500]
12:03:59.849594 ALT: -1.51
12:03:59.849745 ATT: [-176.5, 0.0, 73]
12:03:59.850270 ACC: [0, -32, -515]
[1499, 1500, 1600, 1500, 988, 950, 988, 1600, 1001, 1001, 1001, 1001, 1500, 1500, 1500, 1500]
12:03:59.879300 Navigation got ALT: -1.51
[1500, 1500, 1600, 1500, 988, 950, 988, 1600, 1001, 1001, 1001, 1001, 1500, 1500, 1500, 1500]
12:03:59.896037 ALT: -1.51
12:03:59.896191 ATT: [-176.5, 0.0, 73]
12:03:59.896649 ACC: [0, -32, -515]
[1500, 1500, 1600, 1500, 988, 950, 988, 1600, 1001, 1001, 1001, 1001, 1500, 1500, 1500, 1500]
12:03:59.919221 Navigation got ALT: -1.51
[1500, 1500, 1600, 1500, 988, 950, 988, 1600, 1001, 1001, 1001, 1001, 1500, 1500, 1500, 1500]
[1500, 1500, 1600, 1500, 988, 950, 988, 1600, 1001, 1001, 1001, 1001, 1500, 1500, 1500, 1500]
12:03:59.943574 ALT: -1.51
12:03:59.943650 ATT: [-176.5, 0.0, 73]
12:03:59.943932 ACC: [0, -31, -514]
12:03:59.959151 Navigation got ALT: -1.51
[1499, 1500, 1600, 1500, 988, 950, 988, 1600, 1001, 1001, 1001, 1001, 1500, 1500, 1500, 1500]
[1499, 1500, 1600, 1500, 988, 950, 988, 1600, 1001, 1001, 1001, 1001, 1500, 1500, 1500, 1500]
12:03:59.991638 ALT: -1.51
12:03:59.991733 ATT: [-176.5, 0.0, 73]
12:03:59.992029 ACC: [0, -32, -514]
12:03:59.999284 Navigation got ALT: -1.51
[1500, 1500, 1600, 1500, 988, 950, 988, 1598, 1001, 1001, 1001, 1001, 1500, 1500, 1500, 1500]
[1500, 1500, 1600, 1500, 988, 950, 988, 1598, 1001, 1001, 1001, 1001, 1500, 1500, 1500, 1500]
12:04:00.039062 Navigation got ALT: -1.51
[1500, 1499, 1600, 1500, 988, 950, 988, 1598, 1001, 1001, 1001, 1001, 1500, 1500, 1500, 1500]
12:04:00.039547 ALT: -1.51
12:04:00.039588 ATT: [-176.5, 0.0, 73]
12:04:00.039786 ACC: [0, -32, -514]
[1500, 1499, 1600, 1500, 988, 950, 988, 1598, 1001, 1001, 1001, 1001, 1500, 1500, 1500, 1500]
12:04:00.079419 Navigation got ALT: -1.51
[1500, 1500, 1600, 1500, 988, 950, 988, 1600, 1001, 1001, 1001, 1001, 1500, 1500, 1500, 1500]
12:04:00.088140 ALT: -1.51
12:04:00.088252 ATT: [-176.5, 0.0, 73]
12:04:00.088579 ACC: [0, -32, -514]
[1500, 1500, 1600, 1500, 988, 950, 988, 1600, 1001, 1001, 1001, 1001, 1500, 1500, 1500, 1500]
12:04:00.119262 Navigation got ALT: -1.51
[1500, 1500, 1600, 1497, 988, 950, 988, 1600, 1001, 1001, 1001, 1001, 1500, 1500, 1500, 1500]
12:04:00.135932 ALT: -1.51
12:04:00.136238 ATT: [-176.5, 0.0, 73]
12:04:00.136742 ACC: [0, -32, -515]
[1500, 1500, 1600, 1497, 988, 950, 988, 1600, 1001, 1001, 1001, 1001, 1500, 1500, 1500, 1500]
12:04:00.159113 Navigation got ALT: -1.51
[1499, 1500, 1600, 1499, 988, 950, 988, 1598, 1001, 1001, 1001, 1001, 1500, 1500, 1500, 1500]
[1499, 1500, 1600, 1499, 988, 950, 988, 1598, 1001, 1001, 1001, 1001, 1500, 1500, 1500, 1500]
12:04:00.184108 ALT: -1.51
12:04:00.184436 ATT: [-176.5, 0.0, 73]
12:04:00.184881 ACC: [1, -32, -514]
12:04:00.199481 Navigation got ALT: -1.51
[1500, 1500, 1600, 1500, 988, 950, 988, 1600, 1001, 1001, 1001, 1001, 1500, 1500, 1500, 1500]
[1500, 1500, 1600, 1500, 988, 950, 988, 1600, 1001, 1001, 1001, 1001, 1500, 1500, 1500, 1500]
12:04:00.231763 ALT: -1.51
12:04:00.231876 ATT: [-176.5, 0.0, 73]
12:04:00.232198 ACC: [0, -32, -514]
12:04:00.239232 Navigation got ALT: -1.51
[1500, 1500, 1600, 1500, 989, 949, 988, 1600, 1001, 1001, 1001, 1001, 1500, 1500, 1500, 1500]
[1500, 1500, 1600, 1500, 989, 949, 988, 1600, 1001, 1001, 1001, 1001, 1500, 1500, 1500, 1500]
12:04:00.279157 Navigation got ALT: -1.51
[1499, 1500, 1600, 1500, 988, 950, 988, 1600, 1001, 1001, 1001, 1001, 1500, 1500, 1500, 1500]
12:04:00.280175 ALT: -1.47
12:04:00.280440 ATT: [-176.5, 0.0, 73]
12:04:00.280999 ACC: [1, -32, -514]
[1499, 1500, 1600, 1500, 988, 950, 988, 1600, 1001, 1001, 1001, 1001, 1500, 1500, 1500, 1500]
12:04:00.319232 Navigation got ALT: -1.47
[1500, 1500, 1600, 1499, 988, 950, 988, 1598, 1001, 1001, 1001, 1001, 1500, 1500, 1500, 1500]
12:04:00.327684 ALT: -1.43
12:04:00.327773 ATT: [-176.4, 0.0, 73]
12:04:00.328061 ACC: [0, -32, -514]
[1500, 1500, 1600, 1499, 988, 950, 988, 1598, 1001, 1001, 1001, 1001, 1500, 1500, 1500, 1500]
12:04:00.359163 Navigation got ALT: -1.43
[1500, 1500, 1600, 1500, 988, 950, 986, 1600, 1001, 1001, 1001, 1001, 1500, 1500, 1500, 1500]
12:04:00.375677 ALT: -1.42
12:04:00.375766 ATT: [-176.4, 0.0, 73]
12:04:00.376028 ACC: [0, -32, -515]
[1500, 1500, 1600, 1500, 988, 950, 986, 1600, 1001, 1001, 1001, 1001, 1500, 1500, 1500, 1500]
12:04:00.399303 Navigation got ALT: -1.42
[1500, 1499, 1600, 1500, 988, 950, 988, 1600, 1001, 1001, 1001, 1001, 1500, 1500, 1500, 1500]
[1500, 1499, 1600, 1500, 988, 950, 988, 1600, 1001, 1001, 1001, 1001, 1500, 1500, 1500, 1500]
12:04:00.423711 ALT: -1.42
12:04:00.423798 ATT: [-176.4, -0.1, 73]
12:04:00.424040 ACC: [1, -32, -514]
12:04:00.439140 Navigation got ALT: -1.42
[1499, 1500, 1600, 1500, 988, 950, 988, 1600, 1001, 1001, 1001, 1001, 1500, 1500, 1500, 1500]
[1499, 1500, 1600, 1500, 988, 950, 988, 1600, 1001, 1001, 1001, 1001, 1500, 1500, 1500, 1500]
12:04:00.471731 ALT: -1.42
12:04:00.471817 ATT: [-176.4, 0.0, 73]
12:04:00.472067 ACC: [0, -32, -515]
12:04:00.479394 Navigation got ALT: -1.42
[1500, 1500, 1600, 1500, 988, 950, 988, 1600, 1001, 1001, 1001, 1001, 1500, 1500, 1500, 1500]
[1500, 1500, 1600, 1500, 988, 950, 988, 1600, 1001, 1001, 1001, 1001, 1500, 1500, 1500, 1500]
12:04:00.519240 Navigation got ALT: -1.42
[1500, 1500, 1600, 1500, 988, 950, 988, 1600, 1001, 1001, 1001, 1001, 1500, 1500, 1500, 1500]
12:04:00.519982 ALT: -1.42
12:04:00.520452 ATT: [-176.5, 0.0, 73]
12:04:00.521047 ACC: [0, -32, -514]
[1500, 1500, 1600, 1500, 988, 950, 988, 1600, 1001, 1001, 1001, 1001, 1500, 1500, 1500, 1500]
12:04:00.559217 Navigation got ALT: -1.42
[1500, 1500, 1600, 1500, 988, 950, 988, 1600, 1001, 1001, 1001, 1001, 1500, 1500, 1500, 1500]
12:04:00.568884 ALT: -1.42
12:04:00.568974 ATT: [-176.5, 0.0, 73]
12:04:00.569238 ACC: [0, -32, -515]
[1500, 1500, 1600, 1500, 988, 950, 988, 1600, 1001, 1001, 1001, 1001, 1500, 1500, 1500, 1500]
12:04:00.599143 Navigation got ALT: -1.42
[1500, 1500, 1600, 1500, 988, 950, 988, 1598, 1001, 1001, 1001, 1001, 1500, 1500, 1500, 1500]
12:04:00.615885 ALT: -1.42
12:04:00.615984 ATT: [-176.5, 0.0, 73]
12:04:00.616341 ACC: [0, -32, -515]
[1500, 1500, 1600, 1500, 988, 950, 988, 1598, 1001, 1001, 1001, 1001, 1500, 1500, 1500, 1500]
12:04:00.639732 Navigation got ALT: -1.42
[1500, 1500, 1600, 1501, 986, 950, 988, 1598, 1001, 1001, 1001, 1001, 1500, 1500, 1500, 1500]
[1500, 1500, 1600, 1501, 986, 950, 988, 1598, 1001, 1001, 1001, 1001, 1500, 1500, 1500, 1500]
12:04:00.663955 ALT: -1.42
12:04:00.664055 ATT: [-176.5, 0.0, 73]
12:04:00.664349 ACC: [0, -32, -515]
12:04:00.679448 Navigation got ALT: -1.42
[1500, 1499, 1600, 1500, 988, 950, 988, 1600, 1001, 1001, 1001, 1001, 1500, 1500, 1500, 1500]
[1500, 1499, 1600, 1500, 988, 950, 988, 1600, 1001, 1001, 1001, 1001, 1500, 1500, 1500, 1500]
12:04:00.713072 ALT: -1.42
12:04:00.713239 ATT: [-176.5, 0.0, 73]
12:04:00.713720 ACC: [1, -32, -515]
12:04:00.719269 Navigation got ALT: -1.42
[1500, 1500, 1600, 1500, 988, 950, 988, 1600, 1001, 1001, 1001, 1001, 1500, 1500, 1500, 1500]
[1500, 1500, 1600, 1500, 988, 950, 988, 1600, 1001, 1001, 1001, 1001, 1500, 1500, 1500, 1500]
12:04:00.759168 Navigation got ALT: -1.42
[1500, 1500, 1600, 1500, 988, 950, 988, 1600, 1001, 1001, 1001, 1001, 1500, 1500, 1500, 1500]
12:04:00.759673 ALT: -1.42
12:04:00.759732 ATT: [-176.5, 0.0, 73]
12:04:00.759952 ACC: [0, -32, -515]
[1500, 1500, 1600, 1500, 988, 950, 988, 1600, 1001, 1001, 1001, 1001, 1500, 1500, 1500, 1500]
12:04:00.799208 Navigation got ALT: -1.42
[1500, 1500, 1600, 1500, 988, 950, 988, 1600, 1001, 1001, 1001, 1001, 1500, 1500, 1500, 1500]
12:04:00.807769 ALT: -1.42
12:04:00.807857 ATT: [-176.5, 0.0, 73]
12:04:00.808097 ACC: [0, -32, -514]
[1500, 1500, 1600, 1500, 988, 950, 988, 1600, 1001, 1001, 1001, 1001, 1500, 1500, 1500, 1500]
12:04:00.839488 Navigation got ALT: -1.42
[1500, 1500, 1600, 1500, 988, 950, 988, 1600, 1001, 1001, 1001, 1001, 1500, 1500, 1500, 1500]
12:04:00.855818 ALT: -1.42
12:04:00.855907 ATT: [-176.4, 0.0, 73]
12:04:00.856156 ACC: [0, -32, -515]
[1500, 1500, 1600, 1500, 988, 950, 988, 1600, 1001, 1001, 1001, 1001, 1500, 1500, 1500, 1500]
12:04:00.879413 Navigation got ALT: -1.42
[1500, 1500, 1600, 1500, 988, 950, 988, 1598, 1001, 1001, 1001, 1001, 1500, 1500, 1500, 1500]
[1500, 1500, 1600, 1500, 988, 950, 988, 1598, 1001, 1001, 1001, 1001, 1500, 1500, 1500, 1500]
12:04:00.904246 ALT: -1.42
12:04:00.904355 ATT: [-176.5, 0.0, 73]
12:04:00.904685 ACC: [0, -32, -515]
12:04:00.919689 Navigation got ALT: -1.42
[1500, 1499, 1600, 1499, 988, 950, 988, 1600, 1001, 1001, 1001, 1001, 1500, 1500, 1500, 1500]
[1500, 1499, 1600, 1499, 988, 950, 988, 1600, 1001, 1001, 1001, 1001, 1500, 1500, 1500, 1500]
12:04:00.952049 ALT: -1.42
12:04:00.952342 ATT: [-176.4, 0.0, 73]
12:04:00.952937 ACC: [0, -32, -514]
12:04:00.959152 Navigation got ALT: -1.42
[1500, 1499, 1600, 1499, 988, 950, 988, 1600, 1001, 1001, 1001, 1001, 1500, 1500, 1500, 1500]
[1500, 1499, 1600, 1499, 988, 950, 988, 1600, 1001, 1001, 1001, 1001, 1500, 1500, 1500, 1500]
12:04:00.999127 Navigation got ALT: -1.42
[1499, 1500, 1600, 1500, 988, 950, 988, 1600, 1001, 1001, 1001, 1001, 1500, 1500, 1500, 1500]
12:04:00.999819 ALT: -1.42
12:04:00.999904 ATT: [-176.4, 0.0, 73]
12:04:01.000243 ACC: [0, -32, -515]
[1499, 1500, 1600, 1500, 988, 950, 988, 1600, 1001, 1001, 1001, 1001, 1500, 1500, 1500, 1500]
12:04:01.039087 Navigation got ALT: -1.42
[1500, 1500, 1600, 1500, 988, 950, 988, 1600, 1001, 1001, 1001, 1001, 1500, 1500, 1500, 1500]
12:04:01.047859 ALT: -1.42
12:04:01.047970 ATT: [-176.5, 0.0, 73]
12:04:01.048278 ACC: [0, -31, -514]
[1500, 1500, 1600, 1500, 988, 950, 988, 1600, 1001, 1001, 1001, 1001, 1500, 1500, 1500, 1500]
12:04:01.079584 Navigation got ALT: -1.42
[1500, 1500, 1600, 1500, 988, 950, 988, 1600, 1001, 1001, 1001, 1001, 1500, 1500, 1500, 1500]
12:04:01.096003 ALT: -1.42
12:04:01.096180 ATT: [-176.5, 0.0, 73]
12:04:01.096760 ACC: [0, -32, -514]
[1500, 1500, 1600, 1500, 988, 950, 988, 1600, 1001, 1001, 1001, 1001, 1500, 1500, 1500, 1500]
12:04:01.119190 Navigation got ALT: -1.42
[1500, 1500, 1600, 1500, 988, 950, 986, 1600, 1001, 1001, 1001, 1001, 1500, 1500, 1500, 1500]
[1500, 1500, 1600, 1500, 988, 950, 986, 1600, 1001, 1001, 1001, 1001, 1500, 1500, 1500, 1500]
12:04:01.143789 ALT: -1.42
12:04:01.143868 ATT: [-176.5, 0.0, 73]
12:04:01.144111 ACC: [0, -32, -514]
12:04:01.159155 Navigation got ALT: -1.42
[1500, 1500, 1600, 1500, 988, 950, 988, 1600, 1001, 1001, 1001, 1001, 1500, 1500, 1500, 1500]
[1500, 1500, 1600, 1500, 988, 950, 988, 1600, 1001, 1001, 1001, 1001, 1500, 1500, 1500, 1500]
12:04:01.191865 ALT: -1.42
12:04:01.191952 ATT: [-176.5, 0.0, 73]
12:04:01.192254 ACC: [1, -32, -514]
12:04:01.199260 Navigation got ALT: -1.42
[1500, 1500, 1600, 1499, 988, 950, 988, 1598, 1001, 1001, 1001, 1001, 1500, 1500, 1500, 1500]
[1500, 1500, 1600, 1499, 988, 950, 988, 1598, 1001, 1001, 1001, 1001, 1500, 1500, 1500, 1500]
12:04:01.239099 Navigation got ALT: -1.42
[1500, 1499, 1600, 1500, 986, 950, 986, 1600, 1001, 1001, 1001, 1001, 1500, 1500, 1500, 1500]
12:04:01.239735 ALT: -1.42
12:04:01.239787 ATT: [-176.5, 0.0, 73]
12:04:01.240005 ACC: [0, -32, -515]
[1500, 1499, 1600, 1500, 986, 950, 986, 1600, 1001, 1001, 1001, 1001, 1500, 1500, 1500, 1500]
12:04:01.279386 Navigation got ALT: -1.42
[1500, 1500, 1600, 1500, 988, 950, 988, 1600, 1001, 1001, 1001, 1001, 1500, 1500, 1500, 1500]
12:04:01.288256 ALT: -1.42
12:04:01.288359 ATT: [-176.5, 0.0, 73]
12:04:01.288743 ACC: [1, -32, -515]
[1500, 1500, 1600, 1500, 988, 950, 988, 1600, 1001, 1001, 1001, 1001, 1500, 1500, 1500, 1500]
12:04:01.319312 Navigation got ALT: -1.42
[1500, 1500, 1600, 1499, 988, 950, 988, 1600, 1001, 1001, 1001, 1001, 1500, 1500, 1500, 1500]
12:04:01.336253 ALT: -1.42
12:04:01.336354 ATT: [-176.5, 0.0, 73]
12:04:01.336689 ACC: [0, -32, -514]
[1500, 1500, 1600, 1499, 988, 950, 988, 1600, 1001, 1001, 1001, 1001, 1500, 1500, 1500, 1500]
12:04:01.359096 Navigation got ALT: -1.42
[1500, 1500, 1600, 1500, 988, 950, 988, 1600, 1001, 1001, 1001, 1001, 1500, 1500, 1500, 1500]
[1500, 1500, 1600, 1500, 988, 950, 988, 1600, 1001, 1001, 1001, 1001, 1500, 1500, 1500, 1500]
12:04:01.384111 ALT: -1.42
12:04:01.384430 ATT: [-176.5, 0.0, 73]
12:04:01.384893 ACC: [0, -32, -514]
12:04:01.399247 Navigation got ALT: -1.42
[1500, 1500, 1600, 1500, 988, 950, 988, 1600, 1001, 1001, 1001, 1001, 1500, 1500, 1500, 1500]
[1500, 1500, 1600, 1500, 988, 950, 988, 1600, 1001, 1001, 1001, 1001, 1500, 1500, 1500, 1500]
12:04:01.431967 ALT: -1.42
12:04:01.432089 ATT: [-176.5, 0.0, 73]
12:04:01.432522 ACC: [0, -32, -515]
12:04:01.439212 Navigation got ALT: -1.42
[1500, 1500, 1600, 1500, 988, 950, 988, 1598, 1001, 1001, 1001, 1001, 1500, 1500, 1500, 1500]
[1500, 1500, 1600, 1500, 988, 950, 988, 1598, 1001, 1001, 1001, 1001, 1500, 1500, 1500, 1500]
12:04:01.479367 Navigation got ALT: -1.42
[1500, 1500, 1600, 1500, 988, 950, 988, 1600, 1001, 1001, 1001, 1001, 1500, 1500, 1500, 1500]
12:04:01.479955 ALT: -1.42
12:04:01.480015 ATT: [-176.5, 0.0, 73]
12:04:01.480243 ACC: [0, -32, -515]
[1500, 1500, 1600, 1500, 988, 950, 988, 1600, 1001, 1001, 1001, 1001, 1500, 1500, 1500, 1500]
12:04:01.519237 Navigation got ALT: -1.42
[1500, 1500, 1600, 1499, 988, 950, 988, 1600, 1001, 1001, 1001, 1001, 1500, 1500, 1500, 1500]
12:04:01.527899 ALT: -1.42
12:04:01.527994 ATT: [-176.5, 0.0, 73]
12:04:01.528287 ACC: [0, -32, -515]
[1500, 1500, 1600, 1499, 988, 950, 988, 1600, 1001, 1001, 1001, 1001, 1500, 1500, 1500, 1500]
12:04:01.559116 Navigation got ALT: -1.42
[1499, 1500, 1600, 1499, 988, 950, 988, 1600, 1001, 1001, 1001, 1001, 1500, 1500, 1500, 1500]
12:04:01.575823 ALT: -1.42
12:04:01.575908 ATT: [-176.5, 0.0, 73]
12:04:01.576158 ACC: [0, -32, -515]
[1499, 1500, 1600, 1499, 988, 950, 988, 1600, 1001, 1001, 1001, 1001, 1500, 1500, 1500, 1500]
12:04:01.599333 Navigation got ALT: -1.42
[1500, 1500, 1600, 1500, 988, 950, 988, 1601, 1001, 1001, 1001, 1001, 1500, 1500, 1500, 1500]
[1500, 1500, 1600, 1500, 988, 950, 988, 1601, 1001, 1001, 1001, 1001, 1500, 1500, 1500, 1500]
12:04:01.623900 ALT: -1.42
12:04:01.623988 ATT: [-176.5, 0.0, 73]
12:04:01.624224 ACC: [0, -32, -514]
12:04:01.639163 Navigation got ALT: -1.42
[1500, 1500, 1600, 1500, 988, 950, 988, 1600, 1001, 1001, 1001, 1001, 1500, 1500, 1500, 1500]
[1500, 1500, 1600, 1500, 988, 950, 988, 1600, 1001, 1001, 1001, 1001, 1500, 1500, 1500, 1500]
12:04:01.671903 ALT: -1.42
12:04:01.671990 ATT: [-176.5, 0.0, 73]
12:04:01.672245 ACC: [0, -31, -515]
12:04:01.679504 Navigation got ALT: -1.42
[1500, 1500, 1600, 1500, 988, 950, 988, 1600, 1001, 1001, 1001, 1001, 1500, 1500, 1500, 1500]
[1500, 1500, 1600, 1500, 988, 950, 988, 1600, 1001, 1001, 1001, 1001, 1500, 1500, 1500, 1500]
12:04:01.719214 Navigation got ALT: -1.42
[1500, 1500, 1600, 1500, 988, 950, 988, 1600, 1001, 1001, 1001, 1001, 1500, 1500, 1500, 1500]
12:04:01.720767 ALT: -1.42
12:04:01.720856 ATT: [-176.5, 0.0, 73]
12:04:01.721103 ACC: [1, -32, -515]
[1500, 1500, 1600, 1500, 988, 950, 988, 1600, 1001, 1001, 1001, 1001, 1500, 1500, 1500, 1500]
12:04:01.759183 Navigation got ALT: -1.42
[1500, 1500, 1600, 1499, 988, 950, 988, 1600, 1001, 1001, 1001, 1001, 1500, 1500, 1500, 1500]
12:04:01.768142 ALT: -1.42
12:04:01.768279 ATT: [-176.5, 0.0, 73]
12:04:01.768671 ACC: [0, -32, -514]
[1500, 1500, 1600, 1499, 988, 950, 988, 1600, 1001, 1001, 1001, 1001, 1500, 1500, 1500, 1500]
12:04:01.799294 Navigation got ALT: -1.42
[1500, 1500, 1600, 1499, 988, 950, 988, 1600, 1001, 1001, 1001, 1001, 1500, 1500, 1500, 1500]
12:04:01.816060 ALT: -1.42
12:04:01.816162 ATT: [-176.5, 0.0, 73]
12:04:01.816548 ACC: [0, -32, -514]
[1500, 1500, 1600, 1499, 988, 950, 988, 1600, 1001, 1001, 1001, 1001, 1500, 1500, 1500, 1500]
12:04:01.839091 Navigation got ALT: -1.42
[1500, 1500, 1600, 1500, 986, 950, 988, 1600, 1001, 1001, 1001, 1001, 1500, 1500, 1500, 1500]
[1500, 1500, 1600, 1500, 986, 950, 988, 1600, 1001, 1001, 1001, 1001, 1500, 1500, 1500, 1500]
12:04:01.880035 ALT: -1.42
12:04:01.880151 ATT: [-176.5, 0.0, 73]
12:04:01.880478 ACC: [0, -32, -515]
12:04:01.881308 Navigation got ALT: -1.42
[1500, 1499, 1600, 1500, 988, 950, 988, 1600, 1001, 1001, 1001, 1001, 1500, 1500, 1500, 1500]
[1500, 1499, 1600, 1500, 988, 950, 988, 1600, 1001, 1001, 1001, 1001, 1500, 1500, 1500, 1500]
12:04:01.919356 Navigation got ALT: -1.42
[1500, 1500, 1600, 1499, 988, 950, 988, 1600, 1001, 1001, 1001, 1001, 1500, 1500, 1500, 1500]
12:04:01.928400 ALT: -1.42
12:04:01.928521 ATT: [-176.5, 0.0, 73]
12:04:01.928900 ACC: [0, -32, -515]
[1500, 1500, 1600, 1499, 988, 950, 988, 1600, 1001, 1001, 1001, 1001, 1500, 1500, 1500, 1500]
12:04:01.959198 Navigation got ALT: -1.42
[1500, 1500, 1600, 1500, 988, 950, 988, 1600, 1001, 1001, 1001, 1001, 1500, 1500, 1500, 1500]
12:04:01.975885 ALT: -1.42
12:04:01.975970 ATT: [-176.5, 0.0, 73]
12:04:01.976219 ACC: [0, -32, -515]
[1500, 1500, 1600, 1500, 988, 950, 988, 1600, 1001, 1001, 1001, 1001, 1500, 1500, 1500, 1500]
12:04:01.999251 Navigation got ALT: -1.42
[1500, 1500, 1600, 1500, 988, 950, 988, 1598, 1001, 1001, 1001, 1001, 1500, 1500, 1500, 1500]
[1500, 1500, 1600, 1500, 988, 950, 988, 1598, 1001, 1001, 1001, 1001, 1500, 1500, 1500, 1500]
12:04:02.023954 ALT: -1.42
12:04:02.024041 ATT: [-176.5, 0.0, 73]
12:04:02.024371 ACC: [0, -31, -515]
12:04:02.039208 Navigation got ALT: -1.42
[1500, 1500, 1600, 1499, 988, 950, 988, 1600, 1001, 1001, 1001, 1001, 1500, 1500, 1500, 1500]
[1500, 1500, 1600, 1499, 988, 950, 988, 1600, 1001, 1001, 1001, 1001, 1500, 1500, 1500, 1500]
12:04:02.071978 ALT: -1.42
12:04:02.072065 ATT: [-176.5, 0.0, 73]
12:04:02.072317 ACC: [0, -32, -515]
12:04:02.079556 Navigation got ALT: -1.42
[1500, 1500, 1600, 1499, 988, 950, 988, 1600, 1001, 1001, 1001, 1001, 1500, 1500, 1500, 1500]
[1500, 1500, 1600, 1499, 988, 950, 988, 1600, 1001, 1001, 1001, 1001, 1500, 1500, 1500, 1500]
12:04:02.119510 Navigation got ALT: -1.42
[1500, 1500, 1600, 1500, 988, 950, 988, 1600, 1001, 1001, 1001, 1001, 1500, 1500, 1500, 1500]
12:04:02.120124 ALT: -1.42
12:04:02.120344 ATT: [-176.5, 0.0, 73]
12:04:02.120977 ACC: [0, -32, -514]
[1500, 1500, 1600, 1500, 988, 950, 988, 1600, 1001, 1001, 1001, 1001, 1500, 1500, 1500, 1500]
12:04:02.159100 Navigation got ALT: -1.42
[1500, 1499, 1600, 1499, 988, 950, 988, 1600, 1001, 1001, 1001, 1001, 1500, 1500, 1500, 1500]
12:04:02.169483 ALT: -1.42
12:04:02.169873 ATT: [-176.5, 0.0, 73]
12:04:02.170541 ACC: [1, -32, -515]
[1500, 1499, 1600, 1499, 988, 950, 988, 1600, 1001, 1001, 1001, 1001, 1500, 1500, 1500, 1500]
12:04:02.199303 Navigation got ALT: -1.42
[1499, 1500, 1600, 1500, 988, 950, 988, 1600, 1001, 1001, 1001, 1001, 1500, 1500, 1500, 1500]
12:04:02.216030 ALT: -1.42
12:04:02.216140 ATT: [-176.5, 0.0, 73]
12:04:02.216456 ACC: [1, -31, -514]
[1499, 1500, 1600, 1500, 988, 950, 988, 1600, 1001, 1001, 1001, 1001, 1500, 1500, 1500, 1500]
12:04:02.239164 Navigation got ALT: -1.42
[1500, 1500, 1600, 1500, 988, 950, 988, 1600, 1001, 1001, 1001, 1001, 1500, 1500, 1500, 1500]
[1500, 1500, 1600, 1500, 988, 950, 988, 1600, 1001, 1001, 1001, 1001, 1500, 1500, 1500, 1500]
12:04:02.264271 ALT: -1.42
12:04:02.264365 ATT: [-176.5, 0.0, 73]
12:04:02.264653 ACC: [0, -32, -514]
12:04:02.279311 Navigation got ALT: -1.42
[1500, 1500, 1600, 1499, 988, 950, 988, 1598, 1001, 1001, 1001, 1001, 1500, 1500, 1500, 1500]
[1500, 1500, 1600, 1499, 988, 950, 988, 1598, 1001, 1001, 1001, 1001, 1500, 1500, 1500, 1500]
12:04:02.312161 ALT: -1.42
12:04:02.312386 ATT: [-176.5, 0.0, 73]
12:04:02.313190 ACC: [1, -32, -514]
12:04:02.319581 Navigation got ALT: -1.42
[1500, 1500, 1600, 1499, 988, 950, 988, 1600, 1001, 1001, 1001, 1001, 1500, 1500, 1500, 1500]
[1500, 1500, 1600, 1499, 988, 950, 988, 1600, 1001, 1001, 1001, 1001, 1500, 1500, 1500, 1500]
12:04:02.359064 Navigation got ALT: -1.42
[1499, 1500, 1600, 1500, 988, 950, 988, 1598, 1001, 1001, 1001, 1001, 1500, 1500, 1500, 1500]
12:04:02.359850 ALT: -1.42
12:04:02.359891 ATT: [-176.5, 0.0, 73]
12:04:02.360106 ACC: [1, -32, -514]
[1499, 1500, 1600, 1500, 988, 950, 988, 1598, 1001, 1001, 1001, 1001, 1500, 1500, 1500, 1500]
12:04:02.399163 Navigation got ALT: -1.42
[1499, 1500, 1600, 1500, 988, 950, 988, 1600, 1001, 1001, 1001, 1001, 1500, 1500, 1500, 1500]
12:04:02.407993 ALT: -1.42
12:04:02.408080 ATT: [-176.4, 0.0, 73]
12:04:02.408329 ACC: [0, -32, -515]
[1499, 1500, 1600, 1500, 988, 950, 988, 1600, 1001, 1001, 1001, 1001, 1500, 1500, 1500, 1500]
12:04:02.439107 Navigation got ALT: -1.42
[1500, 1500, 1600, 1500, 988, 950, 988, 1600, 1001, 1001, 1001, 1001, 1500, 1500, 1500, 1500]
12:04:02.456011 ALT: -1.42
12:04:02.456097 ATT: [-176.4, 0.0, 73]
12:04:02.456353 ACC: [0, -32, -514]
[1500, 1500, 1600, 1500, 988, 950, 988, 1600, 1001, 1001, 1001, 1001, 1500, 1500, 1500, 1500]
12:04:02.479515 Navigation got ALT: -1.42
[1500, 1499, 1600, 1499, 988, 950, 988, 1600, 1001, 1001, 1001, 1001, 1500, 1500, 1500, 1500]
[1500, 1499, 1600, 1499, 988, 950, 988, 1600, 1001, 1001, 1001, 1001, 1500, 1500, 1500, 1500]
12:04:02.504605 ALT: -1.42
12:04:02.504698 ATT: [-176.4, 0.0, 73]
12:04:02.504964 ACC: [0, -32, -514]
12:04:02.519423 Navigation got ALT: -1.42
[1499, 1500, 1600, 1497, 988, 950, 988, 1600, 1001, 1001, 1001, 1001, 1500, 1500, 1500, 1500]
[1499, 1500, 1600, 1497, 988, 950, 988, 1600, 1001, 1001, 1001, 1001, 1500, 1500, 1500, 1500]
12:04:02.552673 ALT: -1.42
12:04:02.552832 ATT: [-176.4, 0.0, 73]
12:04:02.553165 ACC: [0, -32, -514]
12:04:02.559146 Navigation got ALT: -1.42
[1500, 1500, 1600, 1500, 988, 950, 988, 1600, 1001, 1001, 1001, 1001, 1500, 1500, 1500, 1500]
[1500, 1500, 1600, 1500, 988, 950, 988, 1600, 1001, 1001, 1001, 1001, 1500, 1500, 1500, 1500]
12:04:02.599172 Navigation got ALT: -1.42
[1500, 1500, 1600, 1500, 988, 950, 988, 1600, 1001, 1001, 1001, 1001, 1500, 1500, 1500, 1500]
12:04:02.600218 ALT: -1.42
12:04:02.600419 ATT: [-176.4, 0.0, 73]
12:04:02.601158 ACC: [0, -32, -515]
[1500, 1500, 1600, 1500, 988, 950, 988, 1600, 1001, 1001, 1001, 1001, 1500, 1500, 1500, 1500]
12:04:02.639103 Navigation got ALT: -1.42
[1499, 1500, 1600, 1500, 989, 949, 988, 1600, 1001, 1001, 1001, 1001, 1500, 1500, 1500, 1500]
12:04:02.648104 ALT: -1.42
12:04:02.648198 ATT: [-176.4, 0.0, 73]
12:04:02.648482 ACC: [1, -32, -514]
[1499, 1500, 1600, 1500, 989, 949, 988, 1600, 1001, 1001, 1001, 1001, 1500, 1500, 1500, 1500]
12:04:02.679567 Navigation got ALT: -1.42
[1500, 1500, 1600, 1500, 988, 950, 988, 1600, 1001, 1001, 1001, 1001, 1500, 1500, 1500, 1500]
12:04:02.696214 ALT: -1.42
12:04:02.696348 ATT: [-176.5, 0.0, 73]
12:04:02.697080 ACC: [0, -32, -515]
[1500, 1500, 1600, 1500, 988, 950, 988, 1600, 1001, 1001, 1001, 1001, 1500, 1500, 1500, 1500]
12:04:02.719280 Navigation got ALT: -1.42
[1500, 1500, 1600, 1499, 988, 950, 988, 1600, 1001, 1001, 1001, 1001, 1500, 1500, 1500, 1500]
[1500, 1500, 1600, 1499, 988, 950, 988, 1600, 1001, 1001, 1001, 1001, 1500, 1500, 1500, 1500]
12:04:02.743930 ALT: -1.42
12:04:02.743991 ATT: [-176.5, 0.0, 73]
12:04:02.744254 ACC: [0, -32, -515]
12:04:02.759163 Navigation got ALT: -1.42
[1499, 1500, 1600, 1500, 988, 950, 988, 1598, 1001, 1001, 1001, 1001, 1500, 1500, 1500, 1500]
[1499, 1500, 1600, 1500, 988, 950, 988, 1598, 1001, 1001, 1001, 1001, 1500, 1500, 1500, 1500]
12:04:02.792099 ALT: -1.42
12:04:02.792188 ATT: [-176.5, 0.0, 73]
12:04:02.792440 ACC: [0, -32, -514]
12:04:02.799247 Navigation got ALT: -1.42
[1500, 1500, 1600, 1500, 988, 950, 988, 1600, 1001, 1001, 1001, 1001, 1500, 1500, 1500, 1500]
[1500, 1500, 1600, 1500, 988, 950, 988, 1600, 1001, 1001, 1001, 1001, 1500, 1500, 1500, 1500]
12:04:02.839278 Navigation got ALT: -1.42
[1500, 1500, 1600, 1499, 988, 950, 988, 1600, 1001, 1001, 1001, 1001, 1500, 1500, 1500, 1500]
12:04:02.839979 ALT: -1.42
12:04:02.840021 ATT: [-176.5, 0.0, 73]
12:04:02.840234 ACC: [1, -32, -515]
[1500, 1500, 1600, 1499, 988, 950, 988, 1600, 1001, 1001, 1001, 1001, 1500, 1500, 1500, 1500]
12:04:02.879410 Navigation got ALT: -1.42
[1500, 1500, 1600, 1500, 988, 950, 988, 1600, 1001, 1001, 1001, 1001, 1500, 1500, 1500, 1500]
12:04:02.888426 ALT: -1.42
12:04:02.888523 ATT: [-176.5, 0.0, 73]
12:04:02.888837 ACC: [0, -32, -515]
[1500, 1500, 1600, 1500, 988, 950, 988, 1600, 1001, 1001, 1001, 1001, 1500, 1500, 1500, 1500]
12:04:02.919369 Navigation got ALT: -1.42
[1500, 1500, 1600, 1499, 988, 950, 988, 1600, 1001, 1001, 1001, 1001, 1500, 1500, 1500, 1500]
12:04:02.936492 ALT: -1.42
12:04:02.936832 ATT: [-176.5, 0.0, 73]
12:04:02.937232 ACC: [0, -32, -514]
[1500, 1500, 1600, 1499, 988, 950, 988, 1600, 1001, 1001, 1001, 1001, 1500, 1500, 1500, 1500]
12:04:02.959117 Navigation got ALT: -1.42
[1499, 1500, 1600, 1499, 988, 950, 988, 1600, 1001, 1001, 1001, 1001, 1500, 1500, 1500, 1500]
[1499, 1500, 1600, 1499, 988, 950, 988, 1600, 1001, 1001, 1001, 1001, 1500, 1500, 1500, 1500]
12:04:02.984422 ALT: -1.42
12:04:02.984567 ATT: [-176.5, 0.0, 73]
12:04:02.984966 ACC: [0, -32, -515]
12:04:02.999440 Navigation got ALT: -1.42
[1500, 1500, 1600, 1500, 988, 950, 988, 1598, 1001, 1001, 1001, 1001, 1500, 1500, 1500, 1500]
[1500, 1500, 1600, 1500, 988, 950, 988, 1598, 1001, 1001, 1001, 1001, 1500, 1500, 1500, 1500]
12:04:03.032213 ALT: -1.42
12:04:03.032325 ATT: [-176.5, 0.0, 73]
12:04:03.032710 ACC: [0, -32, -515]
12:04:03.039177 Navigation got ALT: -1.42
[1500, 1501, 1600, 1500, 988, 950, 988, 1600, 1001, 1001, 1001, 1001, 1500, 1500, 1500, 1500]
[1500, 1501, 1600, 1500, 988, 950, 988, 1600, 1001, 1001, 1001, 1001, 1500, 1500, 1500, 1500]
12:04:03.079331 Navigation got ALT: -1.42
[1500, 1499, 1600, 1500, 988, 950, 988, 1598, 1001, 1001, 1001, 1001, 1500, 1500, 1500, 1500]
12:04:03.080258 ALT: -1.42
12:04:03.080371 ATT: [-176.5, 0.0, 73]
12:04:03.080784 ACC: [0, -32, -514]
[1500, 1499, 1600, 1500, 988, 950, 988, 1598, 1001, 1001, 1001, 1001, 1500, 1500, 1500, 1500]
12:04:03.119277 Navigation got ALT: -1.42
[1500, 1500, 1600, 1500, 988, 950, 988, 1600, 1001, 1001, 1001, 1001, 1500, 1500, 1500, 1500]
12:04:03.128120 ALT: -1.42
12:04:03.128223 ATT: [-176.5, 0.0, 73]
12:04:03.128532 ACC: [0, -32, -515]
[1500, 1500, 1600, 1500, 988, 950, 988, 1600, 1001, 1001, 1001, 1001, 1500, 1500, 1500, 1500]
12:04:03.159163 Navigation got ALT: -1.42
[1499, 1499, 1600, 1500, 988, 950, 988, 1598, 1001, 1001, 1001, 1001, 1500, 1500, 1500, 1500]
12:04:03.176051 ALT: -1.42
12:04:03.176135 ATT: [-176.5, 0.0, 73]
12:04:03.176381 ACC: [0, -31, -515]
[1499, 1499, 1600, 1500, 988, 950, 988, 1598, 1001, 1001, 1001, 1001, 1500, 1500, 1500, 1500]
12:04:03.199275 Navigation got ALT: -1.42
[1499, 1500, 1600, 1500, 988, 950, 988, 1600, 1001, 1001, 1001, 1001, 1500, 1500, 1500, 1500]
[1499, 1500, 1600, 1500, 988, 950, 988, 1600, 1001, 1001, 1001, 1001, 1500, 1500, 1500, 1500]
12:04:03.224173 ALT: -1.42
12:04:03.224259 ATT: [-176.5, 0.0, 73]
12:04:03.224584 ACC: [0, -32, -515]
12:04:03.239196 Navigation got ALT: -1.42
[1500, 1500, 1600, 1500, 988, 950, 988, 1600, 1001, 1001, 1001, 1001, 1500, 1500, 1500, 1500]
[1500, 1500, 1600, 1500, 988, 950, 988, 1600, 1001, 1001, 1001, 1001, 1500, 1500, 1500, 1500]
12:04:03.272122 ALT: -1.42
12:04:03.272208 ATT: [-176.5, 0.0, 73]
12:04:03.272449 ACC: [0, -32, -514]
12:04:03.279247 Navigation got ALT: -1.42
[1500, 1501, 1600, 1500, 988, 950, 988, 1600, 1001, 1001, 1001, 1001, 1500, 1500, 1500, 1500]
[1500, 1501, 1600, 1500, 988, 950, 988, 1600, 1001, 1001, 1001, 1001, 1500, 1500, 1500, 1500]
12:04:03.319352 Navigation got ALT: -1.42
[1500, 1500, 1600, 1500, 988, 950, 988, 1600, 1001, 1001, 1001, 1001, 1500, 1500, 1500, 1500]
12:04:03.320251 ALT: -1.42
12:04:03.320496 ATT: [-176.5, 0.0, 73]
12:04:03.321268 ACC: [0, -31, -515]
[1500, 1500, 1600, 1500, 988, 950, 988, 1600, 1001, 1001, 1001, 1001, 1500, 1500, 1500, 1500]
12:04:03.359134 Navigation got ALT: -1.42
[1500, 1500, 1600, 1500, 988, 950, 988, 1600, 1001, 1001, 1001, 1001, 1500, 1500, 1500, 1500]
12:04:03.368524 ALT: -1.42
12:04:03.368880 ATT: [-176.5, 0.0, 73]
12:04:03.369336 ACC: [0, -32, -515]
[1500, 1500, 1600, 1500, 988, 950, 988, 1600, 1001, 1001, 1001, 1001, 1500, 1500, 1500, 1500]
12:04:03.399170 Navigation got ALT: -1.42
[1500, 1500, 1600, 1500, 988, 950, 988, 1600, 1001, 1001, 1001, 1001, 1500, 1500, 1500, 1500]
12:04:03.416324 ALT: -1.42
12:04:03.416424 ATT: [-176.5, 0.0, 73]
12:04:03.416798 ACC: [0, -32, -515]
[1500, 1500, 1600, 1500, 988, 950, 988, 1600, 1001, 1001, 1001, 1001, 1500, 1500, 1500, 1500]
12:04:03.439138 Navigation got ALT: -1.42
[1499, 1500, 1600, 1500, 988, 950, 988, 1600, 1001, 1001, 1001, 1001, 1500, 1500, 1500, 1500]
[1499, 1500, 1600, 1500, 988, 950, 988, 1600, 1001, 1001, 1001, 1001, 1500, 1500, 1500, 1500]
12:04:03.464645 ALT: -1.42
12:04:03.464902 ATT: [-176.5, 0.0, 73]
12:04:03.465329 ACC: [1, -32, -515]
12:04:03.479599 Navigation got ALT: -1.42
[1500, 1500, 1600, 1500, 988, 950, 988, 1600, 1001, 1001, 1001, 1001, 1500, 1500, 1500, 1500]
[1500, 1500, 1600, 1500, 988, 950, 988, 1600, 1001, 1001, 1001, 1001, 1500, 1500, 1500, 1500]
12:04:03.512241 ALT: -1.42
12:04:03.512344 ATT: [-176.5, 0.0, 73]
12:04:03.512652 ACC: [0, -32, -515]
12:04:03.519589 Navigation got ALT: -1.42
[1500, 1500, 1600, 1499, 988, 950, 988, 1600, 1001, 1001, 1001, 1001, 1500, 1500, 1500, 1500]
[1500, 1500, 1600, 1499, 988, 950, 988, 1600, 1001, 1001, 1001, 1001, 1500, 1500, 1500, 1500]
12:04:03.559179 Navigation got ALT: -1.42
[1499, 1500, 1600, 1500, 988, 950, 988, 1600, 1001, 1001, 1001, 1001, 1500, 1500, 1500, 1500]
12:04:03.560142 ALT: -1.42
12:04:03.560191 ATT: [-176.5, 0.0, 73]
12:04:03.560425 ACC: [0, -31, -515]
[1499, 1500, 1600, 1500, 988, 950, 988, 1600, 1001, 1001, 1001, 1001, 1500, 1500, 1500, 1500]
12:04:03.599234 Navigation got ALT: -1.42
[1500, 1500, 1600, 1500, 988, 950, 988, 1600, 1001, 1001, 1001, 1001, 1500, 1500, 1500, 1500]
12:04:03.608134 ALT: -1.42
12:04:03.608222 ATT: [-176.5, 0.0, 73]
12:04:03.608483 ACC: [0, -32, -514]
[1500, 1500, 1600, 1500, 988, 950, 988, 1600, 1001, 1001, 1001, 1001, 1500, 1500, 1500, 1500]
12:04:03.639150 Navigation got ALT: -1.42
[1500, 1500, 1600, 1500, 988, 950, 988, 1600, 1001, 1001, 1001, 1001, 1500, 1500, 1500, 1500]
12:04:03.656187 ALT: -1.42
12:04:03.656273 ATT: [-176.5, 0.0, 73]
12:04:03.656521 ACC: [0, -32, -514]
[1500, 1500, 1600, 1500, 988, 950, 988, 1600, 1001, 1001, 1001, 1001, 1500, 1500, 1500, 1500]
12:04:03.679360 Navigation got ALT: -1.42
[1500, 1499, 1600, 1500, 988, 950, 988, 1598, 1001, 1001, 1001, 1001, 1500, 1500, 1500, 1500]
[1500, 1499, 1600, 1500, 988, 950, 988, 1598, 1001, 1001, 1001, 1001, 1500, 1500, 1500, 1500]
12:04:03.704820 ALT: -1.42
12:04:03.705068 ATT: [-176.5, 0.0, 73]
12:04:03.705819 ACC: [0, -31, -514]
12:04:03.719580 Navigation got ALT: -1.42
[1500, 1499, 1600, 1499, 988, 950, 988, 1600, 1001, 1001, 1001, 1001, 1500, 1500, 1500, 1500]
[1500, 1499, 1600, 1499, 988, 950, 988, 1600, 1001, 1001, 1001, 1001, 1500, 1500, 1500, 1500]
12:04:03.752379 ALT: -1.42
12:04:03.752487 ATT: [-176.5, 0.0, 73]
12:04:03.752899 ACC: [0, -32, -514]
12:04:03.759213 Navigation got ALT: -1.42
[1499, 1500, 1600, 1499, 988, 950, 988, 1600, 1001, 1001, 1001, 1001, 1500, 1500, 1500, 1500]
[1499, 1500, 1600, 1499, 988, 950, 988, 1600, 1001, 1001, 1001, 1001, 1500, 1500, 1500, 1500]
12:04:03.799189 Navigation got ALT: -1.42
[1500, 1500, 1600, 1500, 988, 950, 988, 1598, 1001, 1001, 1001, 1001, 1500, 1500, 1500, 1500]
12:04:03.800493 ALT: -1.42
12:04:03.800812 ATT: [-176.5, 0.0, 73]
12:04:03.801250 ACC: [1, -32, -514]
[1500, 1500, 1600, 1500, 988, 950, 988, 1598, 1001, 1001, 1001, 1001, 1500, 1500, 1500, 1500]
12:04:03.839181 Navigation got ALT: -1.42
[1500, 1500, 1600, 1500, 988, 950, 988, 1600, 1001, 1001, 1001, 1001, 1500, 1500, 1500, 1500]
12:04:03.848499 ALT: -1.42
12:04:03.848665 ATT: [-176.5, 0.0, 73]
12:04:03.849252 ACC: [0, -32, -515]
[1500, 1500, 1600, 1500, 988, 950, 988, 1600, 1001, 1001, 1001, 1001, 1500, 1500, 1500, 1500]
12:04:03.879388 Navigation got ALT: -1.42
[1500, 1500, 1600, 1500, 988, 950, 988, 1598, 1001, 1001, 1001, 1001, 1500, 1500, 1500, 1500]
12:04:03.896412 ALT: -1.42
12:04:03.896552 ATT: [-176.5, 0.0, 73]
12:04:03.897173 ACC: [0, -32, -515]
[1500, 1500, 1600, 1500, 988, 950, 988, 1598, 1001, 1001, 1001, 1001, 1500, 1500, 1500, 1500]
12:04:03.919282 Navigation got ALT: -1.42
[1500, 1500, 1600, 1499, 988, 950, 988, 1600, 1001, 1001, 1001, 1001, 1500, 1500, 1500, 1500]
[1500, 1500, 1600, 1499, 988, 950, 988, 1600, 1001, 1001, 1001, 1001, 1500, 1500, 1500, 1500]
12:04:03.959110 Navigation got ALT: -1.42
[1500, 1499, 1600, 1500, 988, 950, 988, 1600, 1001, 1001, 1001, 1001, 1500, 1500, 1500, 1500]
12:04:03.960106 ALT: -1.38
12:04:03.960147 ATT: [-176.5, 0.0, 73]
12:04:03.960370 ACC: [0, -32, -514]
[1500, 1499, 1600, 1500, 988, 950, 988, 1600, 1001, 1001, 1001, 1001, 1500, 1500, 1500, 1500]
12:04:03.999178 Navigation got ALT: -1.38
[1500, 1499, 1600, 1500, 988, 950, 988, 1600, 1001, 1001, 1001, 1001, 1500, 1500, 1500, 1500]
12:04:04.008261 ALT: -1.34
12:04:04.008347 ATT: [-176.5, 0.0, 73]
12:04:04.008595 ACC: [0, -32, -515]
[1500, 1499, 1600, 1500, 988, 950, 988, 1600, 1001, 1001, 1001, 1001, 1500, 1500, 1500, 1500]
12:04:04.041093 Navigation got ALT: -1.34
[1500, 1500, 1600, 1499, 988, 950, 988, 1600, 1001, 1001, 1001, 1001, 1500, 1500, 1500, 1500]
12:04:04.056212 ALT: -1.34
12:04:04.056297 ATT: [-176.5, 0.0, 73]
12:04:04.056537 ACC: [0, -32, -515]
[1500, 1500, 1600, 1499, 988, 950, 988, 1600, 1001, 1001, 1001, 1001, 1500, 1500, 1500, 1500]
12:04:04.079288 Navigation got ALT: -1.34
[1500, 1499, 1600, 1499, 988, 950, 988, 1600, 1001, 1001, 1001, 1001, 1500, 1500, 1500, 1500]
[1500, 1499, 1600, 1499, 988, 950, 988, 1600, 1001, 1001, 1001, 1001, 1500, 1500, 1500, 1500]
12:04:04.104801 ALT: -1.34
12:04:04.104904 ATT: [-176.5, 0.0, 73]
12:04:04.105232 ACC: [0, -31, -514]
12:04:04.119482 Navigation got ALT: -1.34
[1500, 1500, 1600, 1500, 988, 950, 988, 1600, 1001, 1001, 1001, 1001, 1500, 1500, 1500, 1500]
[1500, 1500, 1600, 1500, 988, 950, 988, 1600, 1001, 1001, 1001, 1001, 1500, 1500, 1500, 1500]
12:04:04.152487 ALT: -1.34
12:04:04.152624 ATT: [-176.5, 0.0, 73]
12:04:04.153057 ACC: [1, -32, -515]
12:04:04.159201 Navigation got ALT: -1.34
[1499, 1500, 1600, 1500, 988, 950, 988, 1600, 1001, 1001, 1001, 1001, 1500, 1500, 1500, 1500]
[1499, 1500, 1600, 1500, 988, 950, 988, 1600, 1001, 1001, 1001, 1001, 1500, 1500, 1500, 1500]
12:04:04.199210 Navigation got ALT: -1.34
[1500, 1500, 1600, 1499, 988, 950, 988, 1598, 1001, 1001, 1001, 1001, 1500, 1500, 1500, 1500]
12:04:04.200717 ALT: -1.34
12:04:04.200807 ATT: [-176.5, 0.0, 73]
12:04:04.201347 ACC: [0, -31, -514]
[1500, 1500, 1600, 1499, 988, 950, 988, 1598, 1001, 1001, 1001, 1001, 1500, 1500, 1500, 1500]
12:04:04.239247 Navigation got ALT: -1.34
[1500, 1500, 1600, 1500, 988, 950, 989, 1600, 1001, 1001, 1001, 1001, 1500, 1500, 1500, 1500]
12:04:04.248353 ALT: -1.34
12:04:04.248456 ATT: [-176.5, 0.0, 73]
12:04:04.248737 ACC: [0, -32, -515]
[1500, 1500, 1600, 1500, 988, 950, 989, 1600, 1001, 1001, 1001, 1001, 1500, 1500, 1500, 1500]
12:04:04.279886 Navigation got ALT: -1.34
[1500, 1500, 1600, 1500, 988, 950, 988, 1600, 1001, 1001, 1001, 1001, 1500, 1500, 1500, 1500]
12:04:04.297219 ALT: -1.34
12:04:04.297327 ATT: [-176.5, 0.0, 73]
12:04:04.297613 ACC: [0, -32, -514]
[1500, 1500, 1600, 1500, 988, 950, 988, 1600, 1001, 1001, 1001, 1001, 1500, 1500, 1500, 1500]
12:04:04.319346 Navigation got ALT: -1.34
[1500, 1500, 1600, 1499, 988, 950, 988, 1600, 1001, 1001, 1001, 1001, 1500, 1500, 1500, 1500]
[1500, 1500, 1600, 1499, 988, 950, 988, 1600, 1001, 1001, 1001, 1001, 1500, 1500, 1500, 1500]
12:04:04.344272 ALT: -1.34
12:04:04.344356 ATT: [-176.5, 0.0, 73]
12:04:04.344641 ACC: [0, -32, -515]
12:04:04.359244 Navigation got ALT: -1.34
[1499, 1500, 1600, 1499, 988, 950, 988, 1600, 1001, 1001, 1001, 1001, 1500, 1500, 1500, 1500]
[1499, 1500, 1600, 1499, 988, 950, 988, 1600, 1001, 1001, 1001, 1001, 1500, 1500, 1500, 1500]
12:04:04.392340 ALT: -1.34
12:04:04.392437 ATT: [-176.5, 0.0, 73]
12:04:04.392737 ACC: [0, -31, -514]
12:04:04.399478 Navigation got ALT: -1.34
[1500, 1500, 1600, 1500, 988, 950, 988, 1600, 1001, 1001, 1001, 1001, 1500, 1500, 1500, 1500]
[1500, 1500, 1600, 1500, 988, 950, 988, 1600, 1001, 1001, 1001, 1001, 1500, 1500, 1500, 1500]
12:04:04.439117 Navigation got ALT: -1.34
[1500, 1500, 1600, 1500, 988, 950, 988, 1600, 1001, 1001, 1001, 1001, 1500, 1500, 1500, 1500]
12:04:04.440254 ALT: -1.34
12:04:04.440302 ATT: [-176.5, 0.0, 73]
12:04:04.440511 ACC: [0, -32, -514]
[1500, 1500, 1600, 1500, 988, 950, 988, 1600, 1001, 1001, 1001, 1001, 1500, 1500, 1500, 1500]
12:04:04.479552 Navigation got ALT: -1.34
[1500, 1500, 1600, 1499, 988, 950, 988, 1600, 1001, 1001, 1001, 1001, 1500, 1500, 1500, 1500]
12:04:04.488298 ALT: -1.34
12:04:04.488385 ATT: [-176.5, 0.0, 73]
12:04:04.488637 ACC: [0, -32, -514]
[1500, 1500, 1600, 1499, 988, 950, 988, 1600, 1001, 1001, 1001, 1001, 1500, 1500, 1500, 1500]
12:04:04.519390 Navigation got ALT: -1.34
[1499, 1500, 1600, 1500, 988, 950, 988, 1600, 1001, 1001, 1001, 1001, 1500, 1500, 1500, 1500]
12:04:04.536579 ALT: -1.34
12:04:04.536730 ATT: [-176.5, 0.0, 73]
12:04:04.537492 ACC: [0, -32, -514]
[1499, 1500, 1600, 1500, 988, 950, 988, 1600, 1001, 1001, 1001, 1001, 1500, 1500, 1500, 1500]
12:04:04.559439 Navigation got ALT: -1.34
[1499, 1500, 1600, 1499, 988, 950, 988, 1600, 1001, 1001, 1001, 1001, 1500, 1500, 1500, 1500]
[1499, 1500, 1600, 1499, 988, 950, 988, 1600, 1001, 1001, 1001, 1001, 1500, 1500, 1500, 1500]
12:04:04.584500 ALT: -1.34
12:04:04.584742 ATT: [-176.5, 0.0, 73]
12:04:04.585566 ACC: [0, -32, -515]
12:04:04.599421 Navigation got ALT: -1.34
[1500, 1499, 1600, 1500, 988, 950, 988, 1600, 1001, 1001, 1001, 1001, 1500, 1500, 1500, 1500]
[1500, 1499, 1600, 1500, 988, 950, 988, 1600, 1001, 1001, 1001, 1001, 1500, 1500, 1500, 1500]
12:04:04.632505 ALT: -1.34
12:04:04.632627 ATT: [-176.5, 0.0, 73]
12:04:04.632978 ACC: [0, -32, -515]
12:04:04.639266 Navigation got ALT: -1.34
[1500, 1499, 1600, 1500, 988, 950, 988, 1600, 1001, 1001, 1001, 1001, 1500, 1500, 1500, 1500]
[1500, 1499, 1600, 1500, 988, 950, 988, 1600, 1001, 1001, 1001, 1001, 1500, 1500, 1500, 1500]
12:04:04.679623 Navigation got ALT: -1.34
[1500, 1500, 1600, 1500, 988, 950, 988, 1600, 1001, 1001, 1001, 1001, 1500, 1500, 1500, 1500]
12:04:04.681278 ALT: -1.34
12:04:04.681513 ATT: [-176.5, 0.0, 73]
12:04:04.681968 ACC: [1, -32, -514]
[1500, 1500, 1600, 1500, 988, 950, 988, 1600, 1001, 1001, 1001, 1001, 1500, 1500, 1500, 1500]
12:04:04.719343 Navigation got ALT: -1.34
[1500, 1500, 1600, 1500, 989, 949, 988, 1600, 1001, 1001, 1001, 1001, 1500, 1500, 1500, 1500]
12:04:04.728460 ALT: -1.34
12:04:04.728553 ATT: [-176.5, 0.0, 73]
12:04:04.728952 ACC: [0, -32, -514]
[1500, 1500, 1600, 1500, 989, 949, 988, 1600, 1001, 1001, 1001, 1001, 1500, 1500, 1500, 1500]
12:04:04.759392 Navigation got ALT: -1.34
[1500, 1499, 1600, 1499, 988, 950, 988, 1600, 1001, 1001, 1001, 1001, 1500, 1500, 1500, 1500]
12:04:04.776282 ALT: -1.34
12:04:04.776366 ATT: [-176.5, 0.0, 73]
12:04:04.776615 ACC: [0, -32, -515]
[1500, 1499, 1600, 1499, 988, 950, 988, 1600, 1001, 1001, 1001, 1001, 1500, 1500, 1500, 1500]
12:04:04.799211 Navigation got ALT: -1.34
[1499, 1500, 1600, 1499, 988, 950, 988, 1600, 1001, 1001, 1001, 1001, 1500, 1500, 1500, 1500]
[1499, 1500, 1600, 1499, 988, 950, 988, 1600, 1001, 1001, 1001, 1001, 1500, 1500, 1500, 1500]
12:04:04.824323 ALT: -1.34
12:04:04.824410 ATT: [-176.5, 0.0, 73]
12:04:04.824647 ACC: [0, -32, -514]
12:04:04.839221 Navigation got ALT: -1.34
[1500, 1500, 1600, 1500, 988, 950, 988, 1598, 1001, 1001, 1001, 1001, 1500, 1500, 1500, 1500]
[1500, 1500, 1600, 1500, 988, 950, 988, 1598, 1001, 1001, 1001, 1001, 1500, 1500, 1500, 1500]
12:04:04.872381 ALT: -1.34
12:04:04.872466 ATT: [-176.5, 0.0, 73]
12:04:04.872769 ACC: [0, -32, -515]
12:04:04.880518 Navigation got ALT: -1.34
[1500, 1500, 1600, 1499, 988, 950, 988, 1600, 1001, 1001, 1001, 1001, 1500, 1500, 1500, 1500]
[1500, 1500, 1600, 1499, 988, 950, 988, 1600, 1001, 1001, 1001, 1001, 1500, 1500, 1500, 1500]
12:04:04.919454 Navigation got ALT: -1.34
[1500, 1499, 1600, 1500, 988, 950, 988, 1600, 1001, 1001, 1001, 1001, 1500, 1500, 1500, 1500]
12:04:04.920670 ALT: -1.34
12:04:04.920830 ATT: [-176.5, 0.0, 73]
12:04:04.921449 ACC: [0, -32, -515]
[1500, 1499, 1600, 1500, 988, 950, 988, 1600, 1001, 1001, 1001, 1001, 1500, 1500, 1500, 1500]
12:04:04.959149 Navigation got ALT: -1.34
[1499, 1500, 1600, 1500, 988, 950, 988, 1598, 1001, 1001, 1001, 1001, 1500, 1500, 1500, 1500]
12:04:04.969079 ALT: -1.34
12:04:04.969188 ATT: [-176.5, 0.0, 73]
12:04:04.969603 ACC: [0, -31, -514]
[1499, 1500, 1600, 1500, 988, 950, 988, 1598, 1001, 1001, 1001, 1001, 1500, 1500, 1500, 1500]
12:04:04.999262 Navigation got ALT: -1.34
[1500, 1500, 1600, 1499, 988, 950, 988, 1598, 1001, 1001, 1001, 1001, 1500, 1500, 1500, 1500]
12:04:05.016629 ALT: -1.34
12:04:05.016752 ATT: [-176.5, 0.0, 73]
12:04:05.017408 ACC: [0, -32, -515]
[1500, 1500, 1600, 1499, 988, 950, 988, 1598, 1001, 1001, 1001, 1001, 1500, 1500, 1500, 1500]
12:04:05.039241 Navigation got ALT: -1.34
[1499, 1500, 1600, 1500, 988, 950, 988, 1598, 1001, 1001, 1001, 1001, 1500, 1500, 1500, 1500]
[1499, 1500, 1600, 1500, 988, 950, 988, 1598, 1001, 1001, 1001, 1001, 1500, 1500, 1500, 1500]
12:04:05.064490 ALT: -1.34
12:04:05.064593 ATT: [-176.5, 0.0, 73]
12:04:05.064885 ACC: [0, -31, -515]
12:04:05.079802 Navigation got ALT: -1.34
[1500, 1499, 1600, 1500, 988, 950, 988, 1600, 1001, 1001, 1001, 1001, 1500, 1500, 1500, 1500]
[1500, 1499, 1600, 1500, 988, 950, 988, 1600, 1001, 1001, 1001, 1001, 1500, 1500, 1500, 1500]
12:04:05.112629 ALT: -1.34
12:04:05.112797 ATT: [-176.5, 0.0, 73]
12:04:05.113275 ACC: [0, -32, -515]
12:04:05.119538 Navigation got ALT: -1.34
[1500, 1500, 1600, 1500, 988, 950, 988, 1600, 1001, 1001, 1001, 1001, 1500, 1500, 1500, 1500]
[1500, 1500, 1600, 1500, 988, 950, 988, 1600, 1001, 1001, 1001, 1001, 1500, 1500, 1500, 1500]
12:04:05.159115 Navigation got ALT: -1.34
[1499, 1500, 1600, 1500, 988, 950, 988, 1600, 1001, 1001, 1001, 1001, 1500, 1500, 1500, 1500]
12:04:05.160465 ALT: -1.34
12:04:05.160563 ATT: [-176.5, 0.0, 73]
12:04:05.160814 ACC: [0, -31, -515]
[1499, 1500, 1600, 1500, 988, 950, 988, 1600, 1001, 1001, 1001, 1001, 1500, 1500, 1500, 1500]
12:04:05.199965 Navigation got ALT: -1.34
[1499, 1500, 1600, 1500, 988, 950, 988, 1600, 1001, 1001, 1001, 1001, 1500, 1500, 1500, 1500]
12:04:05.208431 ALT: -1.37
12:04:05.208520 ATT: [-176.5, 0.0, 73]
12:04:05.208771 ACC: [0, -31, -514]
[1499, 1500, 1600, 1500, 988, 950, 988, 1600, 1001, 1001, 1001, 1001, 1500, 1500, 1500, 1500]
12:04:05.239168 Navigation got ALT: -1.37
[1499, 1500, 1600, 1500, 988, 950, 988, 1600, 1001, 1001, 1001, 1001, 1500, 1500, 1500, 1500]
12:04:05.256432 ALT: -1.4
12:04:05.256520 ATT: [-176.5, 0.0, 73]
12:04:05.256771 ACC: [0, -32, -514]
[1499, 1500, 1600, 1500, 988, 950, 988, 1600, 1001, 1001, 1001, 1001, 1500, 1500, 1500, 1500]
12:04:05.279591 Navigation got ALT: -1.4
[1500, 1499, 1600, 1499, 988, 950, 988, 1600, 1001, 1001, 1001, 1001, 1500, 1500, 1500, 1500]
[1500, 1499, 1600, 1499, 988, 950, 988, 1600, 1001, 1001, 1001, 1001, 1500, 1500, 1500, 1500]
12:04:05.304952 ALT: -1.4
12:04:05.305263 ATT: [-176.5, 0.0, 73]
12:04:05.306206 ACC: [0, -32, -515]
12:04:05.319773 Navigation got ALT: -1.4
[1500, 1499, 1600, 1500, 988, 950, 988, 1600, 1001, 1001, 1001, 1001, 1500, 1500, 1500, 1500]
[1500, 1499, 1600, 1500, 988, 950, 988, 1600, 1001, 1001, 1001, 1001, 1500, 1500, 1500, 1500]
12:04:05.352920 ALT: -1.4
12:04:05.353019 ATT: [-176.5, 0.0, 73]
12:04:05.353352 ACC: [0, -32, -515]
12:04:05.359327 Navigation got ALT: -1.4
[1499, 1500, 1600, 1500, 988, 950, 988, 1600, 1001, 1001, 1001, 1001, 1500, 1500, 1500, 1500]
[1499, 1500, 1600, 1500, 988, 950, 988, 1600, 1001, 1001, 1001, 1001, 1500, 1500, 1500, 1500]
12:04:05.399188 Navigation got ALT: -1.412:04:05.400458 ALT: -1.4
12:04:05.400555 ATT: [-176.5, 0.0, 73]
12:04:05.400837 ACC: [0, -32, -515]
12:04:05.448588 ALT: -1.4
12:04:05.448704 ATT: [-176.5, 0.0, 73]
12:04:05.448955 ACC: [0, -32, -515]
12:04:05.496953 ALT: -1.4
12:04:05.497256 ATT: [-176.5, 0.0, 73]
12:04:05.497584 ACC: [0, -32, -514]
12:04:05.544539 ALT: -1.4
12:04:05.544657 ATT: [-176.5, 0.0, 73]
12:04:05.544839 ACC: [0, -32, -514]
12:04:05.592496 ALT: -1.4
12:04:05.592594 ATT: [-176.5, 0.0, 73]
12:04:05.592752 ACC: [0, -32, -514]

[1500, 1500, 1600, 1500, 988, 950, 988, 1600, 1001, 1001, 1001, 1001, 1500, 1500, 1500, 1500]
12:04:05.631767 Navigation got ALT: -1.4
[1499, 1500, 1600, 1500, 988, 950, 988, 1600, 1001, 1001, 1001, 1001, 1500, 1500, 1500, 1500]
[1499, 1500, 1600, 1500, 988, 950, 988, 1600, 1001, 1001, 1001, 1001, 1500, 1500, 1500, 1500]
[1499, 1500, 1600, 1500, 988, 950, 988, 1600, 1001, 1001, 1001, 1001, 1500, 1500, 1500, 1500]
[1499, 1500, 1600, 1500, 988, 950, 988, 1600, 1001, 1001, 1001, 1001, 1500, 1500, 1500, 1500]
[1499, 1500, 1600, 1500, 988, 950, 988, 1600, 1001, 1001, 1001, 1001, 1500, 1500, 1500, 1500]
[1499, 1500, 1600, 1500, 988, 950, 988, 1600, 1001, 1001, 1001, 1001, 1500, 1500, 1500, 1500]
[1499, 1500, 1600, 1500, 988, 950, 988, 1600, 1001, 1001, 1001, 1001, 1500, 1500, 1500, 1500]
[1499, 1500, 1600, 1500, 988, 950, 988, 1600, 1001, 1001, 1001, 1001, 1500, 1500, 1500, 1500]
[1499, 1500, 1600, 1500, 988, 950, 988, 1600, 1001, 1001, 1001, 1001, 1500, 1500, 1500, 1500]
[1499, 1500, 1600, 1500, 988, 950, 988, 1600, 1001, 1001, 1001, 1001, 1500, 1500, 1500, 1500]
[1499, 1500, 1600, 1500, 988, 950, 988, 1600, 1001, 1001, 1001, 1001, 1500, 1500, 1500, 1500]
12:04:05.642666 ALT: -1.4
12:04:05.642825 ATT: [-176.5, 0.0, 73]
12:04:05.643273 ACC: [0, -32, -515]
[1499, 1500, 1600, 1500, 988, 950, 988, 1600, 1001, 1001, 1001, 1001, 1500, 1500, 1500, 1500]
[1499, 1500, 1600, 1500, 988, 950, 988, 1600, 1001, 1001, 1001, 1001, 1500, 1500, 1500, 1500]
12:04:05.680034 Navigation got ALT: -1.4
[1500, 1500, 1600, 1500, 988, 950, 988, 1600, 1001, 1001, 1001, 1001, 1500, 1500, 1500, 1500]
12:04:05.688526 ALT: -1.4
12:04:05.688625 ATT: [-176.5, 0.0, 73]
12:04:05.688955 ACC: [0, -32, -515]
[1500, 1500, 1600, 1500, 988, 950, 988, 1600, 1001, 1001, 1001, 1001, 1500, 1500, 1500, 1500]
12:04:05.719670 Navigation got ALT: -1.4
[1499, 1500, 1600, 1500, 989, 949, 989, 1600, 1001, 1001, 1001, 1001, 1500, 1500, 1500, 1500]
12:04:05.737055 ALT: -1.4
12:04:05.737259 ATT: [-176.5, 0.0, 73]
12:04:05.737768 ACC: [0, -32, -515]
[1499, 1500, 1600, 1500, 989, 949, 989, 1600, 1001, 1001, 1001, 1001, 1500, 1500, 1500, 1500]
12:04:05.759187 Navigation got ALT: -1.4
[1500, 1499, 1600, 1500, 988, 950, 988, 1598, 1001, 1001, 1001, 1001, 1500, 1500, 1500, 1500]
[1500, 1499, 1600, 1500, 988, 950, 988, 1598, 1001, 1001, 1001, 1001, 1500, 1500, 1500, 1500]
12:04:05.784911 ALT: -1.4
12:04:05.785012 ATT: [-176.5, 0.0, 73]
12:04:05.785328 ACC: [0, -32, -515]
12:04:05.800266 Navigation got ALT: -1.4
[1500, 1500, 1600, 1499, 988, 950, 988, 1600, 1001, 1001, 1001, 1001, 1500, 1500, 1500, 1500]
[1500, 1500, 1600, 1499, 988, 950, 988, 1600, 1001, 1001, 1001, 1001, 1500, 1500, 1500, 1500]
12:04:05.834171 ALT: -1.4
12:04:05.834307 ATT: [-176.5, 0.0, 73]
12:04:05.834934 ACC: [0, -32, -514]
12:04:05.839294 Navigation got ALT: -1.4
[1500, 1500, 1600, 1500, 988, 950, 988, 1598, 1001, 1001, 1001, 1001, 1500, 1500, 1500, 1500]
[1500, 1500, 1600, 1500, 988, 950, 988, 1598, 1001, 1001, 1001, 1001, 1500, 1500, 1500, 1500]
12:04:05.879244 Navigation got ALT: -1.4
[1499, 1500, 1600, 1499, 988, 950, 988, 1600, 1001, 1001, 1001, 1001, 1500, 1500, 1500, 1500]
12:04:05.880589 ALT: -1.4
12:04:05.880673 ATT: [-176.5, 0.0, 73]
12:04:05.881033 ACC: [0, -32, -515]
[1499, 1500, 1600, 1499, 988, 950, 988, 1600, 1001, 1001, 1001, 1001, 1500, 1500, 1500, 1500]
12:04:05.919482 Navigation got ALT: -1.4
[1499, 1499, 1600, 1500, 988, 951, 986, 1600, 1001, 1001, 1001, 1001, 1500, 1500, 1500, 1500]
12:04:05.928570 ALT: -1.4
12:04:05.928667 ATT: [-176.5, 0.0, 73]
12:04:05.929021 ACC: [1, -32, -515]
[1499, 1499, 1600, 1500, 988, 951, 986, 1600, 1001, 1001, 1001, 1001, 1500, 1500, 1500, 1500]
12:04:05.959291 Navigation got ALT: -1.4
[1499, 1500, 1600, 1500, 988, 950, 988, 1600, 1001, 1001, 1001, 1001, 1500, 1500, 1500, 1500]
[1499, 1500, 1600, 1500, 988, 950, 988, 1600, 1001, 1001, 1001, 1001, 1500, 1500, 1500, 1500]
12:04:05.992703 ALT: -1.4
12:04:05.992792 ATT: [-176.5, 0.0, 73]
12:04:05.993103 ACC: [1, -32, -514]
12:04:05.999401 Navigation got ALT: -1.4
[1500, 1500, 1600, 1500, 988, 950, 988, 1598, 1001, 1001, 1001, 1001, 1500, 1500, 1500, 1500]
[1500, 1500, 1600, 1500, 988, 950, 988, 1598, 1001, 1001, 1001, 1001, 1500, 1500, 1500, 1500]
12:04:06.039195 Navigation got ALT: -1.4
[1500, 1500, 1600, 1500, 988, 950, 988, 1600, 1001, 1001, 1001, 1001, 1500, 1500, 1500, 1500]
12:04:06.040448 ALT: -1.4
12:04:06.040501 ATT: [-176.5, 0.0, 73]
12:04:06.040714 ACC: [0, -31, -515]
[1500, 1500, 1600, 1500, 988, 950, 988, 1600, 1001, 1001, 1001, 1001, 1500, 1500, 1500, 1500]
12:04:06.079259 Navigation got ALT: -1.4
[1500, 1499, 1600, 1499, 989, 950, 988, 1600, 1001, 1001, 1001, 1001, 1500, 1500, 1500, 1500]
12:04:06.088581 ALT: -1.4
12:04:06.088670 ATT: [-176.5, 0.0, 73]
12:04:06.089046 ACC: [0, -32, -515]
[1500, 1499, 1600, 1499, 989, 950, 988, 1600, 1001, 1001, 1001, 1001, 1500, 1500, 1500, 1500]
12:04:06.119480 Navigation got ALT: -1.4
[1500, 1500, 1600, 1499, 988, 950, 988, 1600, 1001, 1001, 1001, 1001, 1500, 1500, 1500, 1500]
12:04:06.137653 ALT: -1.4
12:04:06.137854 ATT: [-176.5, 0.0, 73]
12:04:06.138470 ACC: [0, -32, -515]
[1500, 1500, 1600, 1499, 988, 950, 988, 1600, 1001, 1001, 1001, 1001, 1500, 1500, 1500, 1500]
12:04:06.159401 Navigation got ALT: -1.4
[1497, 1500, 1600, 1500, 988, 950, 988, 1600, 1001, 1001, 1001, 1001, 1500, 1500, 1500, 1500]
[1497, 1500, 1600, 1500, 988, 950, 988, 1600, 1001, 1001, 1001, 1001, 1500, 1500, 1500, 1500]
12:04:06.185910 ALT: -1.4
12:04:06.186011 ATT: [-176.5, 0.0, 73]
12:04:06.186338 ACC: [0, -32, -515]
12:04:06.199349 Navigation got ALT: -1.4
[1500, 1499, 1600, 1500, 988, 950, 988, 1600, 1001, 1001, 1001, 1001, 1500, 1500, 1500, 1500]
[1500, 1499, 1600, 1500, 988, 950, 988, 1600, 1001, 1001, 1001, 1001, 1500, 1500, 1500, 1500]
12:04:06.233043 ALT: -1.35
12:04:06.233138 ATT: [-176.5, 0.0, 73]
12:04:06.233533 ACC: [0, -32, -515]
12:04:06.239437 Navigation got ALT: -1.35
[1500, 1500, 1600, 1500, 988, 950, 989, 1600, 1001, 1001, 1001, 1001, 1500, 1500, 1500, 1500]
[1500, 1500, 1600, 1500, 988, 950, 989, 1600, 1001, 1001, 1001, 1001, 1500, 1500, 1500, 1500]
12:04:06.279232 Navigation got ALT: -1.35
[1500, 1500, 1600, 1500, 988, 949, 988, 1598, 1001, 1001, 1001, 1001, 1500, 1500, 1500, 1500]
12:04:06.280662 ALT: -1.34
12:04:06.281180 ATT: [-176.5, 0.0, 73]
12:04:06.281633 ACC: [0, -32, -515]
[1500, 1500, 1600, 1500, 988, 949, 988, 1598, 1001, 1001, 1001, 1001, 1500, 1500, 1500, 1500]
12:04:06.319468 Navigation got ALT: -1.34
[1500, 1499, 1600, 1500, 988, 950, 988, 1600, 1001, 1001, 1001, 1001, 1500, 1500, 1500, 1500]
12:04:06.328541 ALT: -1.34
12:04:06.328627 ATT: [-176.5, 0.0, 73]
12:04:06.328868 ACC: [0, -32, -515]
[1500, 1499, 1600, 1500, 988, 950, 988, 1600, 1001, 1001, 1001, 1001, 1500, 1500, 1500, 1500]
12:04:06.359244 Navigation got ALT: -1.34
[1500, 1499, 1600, 1500, 988, 950, 988, 1598, 1001, 1001, 1001, 1001, 1500, 1500, 1500, 1500]
12:04:06.376570 ALT: -1.34
12:04:06.376658 ATT: [-176.5, 0.0, 73]
12:04:06.376905 ACC: [0, -32, -515]
[1500, 1499, 1600, 1500, 988, 950, 988, 1598, 1001, 1001, 1001, 1001, 1500, 1500, 1500, 1500]
12:04:06.399231 Navigation got ALT: -1.34
[1500, 1500, 1600, 1500, 988, 950, 988, 1600, 1001, 1001, 1001, 1001, 1500, 1500, 1500, 1500]
[1500, 1500, 1600, 1500, 988, 950, 988, 1600, 1001, 1001, 1001, 1001, 1500, 1500, 1500, 1500]
12:04:06.424648 ALT: -1.34
12:04:06.424735 ATT: [-176.5, 0.0, 73]
12:04:06.424979 ACC: [0, -32, -514]
12:04:06.439642 Navigation got ALT: -1.34
[1500, 1500, 1600, 1500, 988, 950, 988, 1598, 1001, 1001, 1001, 1001, 1500, 1500, 1500, 1500]
[1500, 1500, 1600, 1500, 988, 950, 988, 1598, 1001, 1001, 1001, 1001, 1500, 1500, 1500, 1500]
12:04:06.472643 ALT: -1.34
12:04:06.472913 ATT: [-176.5, 0.0, 73]
12:04:06.473185 ACC: [0, -31, -515]
12:04:06.479326 Navigation got ALT: -1.34
[1500, 1500, 1600, 1500, 988, 951, 986, 1600, 1001, 1001, 1001, 1001, 1500, 1500, 1500, 1500]
[1500, 1500, 1600, 1500, 988, 951, 986, 1600, 1001, 1001, 1001, 1001, 1500, 1500, 1500, 1500]
12:04:06.519436 Navigation got ALT: -1.34
[1500, 1500, 1600, 1500, 988, 950, 988, 1600, 1001, 1001, 1001, 1001, 1500, 1500, 1500, 1500]
12:04:06.521197 ALT: -1.34
12:04:06.521292 ATT: [-176.5, 0.0, 73]
12:04:06.521628 ACC: [0, -32, -514]
[1500, 1500, 1600, 1500, 988, 950, 988, 1600, 1001, 1001, 1001, 1001, 1500, 1500, 1500, 1500]
12:04:06.559176 Navigation got ALT: -1.34
[1500, 1500, 1600, 1500, 988, 950, 988, 1600, 1001, 1001, 1001, 1001, 1500, 1500, 1500, 1500]
12:04:06.568920 ALT: -1.34
12:04:06.569109 ATT: [-176.5, 0.0, 73]
12:04:06.569573 ACC: [0, -32, -515]
[1500, 1500, 1600, 1500, 988, 950, 988, 1600, 1001, 1001, 1001, 1001, 1500, 1500, 1500, 1500]
12:04:06.599289 Navigation got ALT: -1.34
[1500, 1499, 1600, 1500, 988, 950, 988, 1600, 1001, 1001, 1001, 1001, 1500, 1500, 1500, 1500]
12:04:06.616761 ALT: -1.34
12:04:06.616879 ATT: [-176.5, 0.0, 73]
12:04:06.617250 ACC: [0, -32, -515]
[1500, 1499, 1600, 1500, 988, 950, 988, 1600, 1001, 1001, 1001, 1001, 1500, 1500, 1500, 1500]
12:04:06.639588 Navigation got ALT: -1.34
[1500, 1499, 1600, 1500, 988, 950, 989, 1600, 1001, 1001, 1001, 1001, 1500, 1500, 1500, 1500]
[1500, 1499, 1600, 1500, 988, 950, 989, 1600, 1001, 1001, 1001, 1001, 1500, 1500, 1500, 1500]
12:04:06.664943 ALT: -1.34
12:04:06.665380 ATT: [-176.5, 0.0, 73]
12:04:06.665664 ACC: [0, -32, -514]
12:04:06.679483 Navigation got ALT: -1.34
[1500, 1500, 1600, 1499, 988, 950, 988, 1600, 1001, 1001, 1001, 1001, 1500, 1500, 1500, 1500]
[1500, 1500, 1600, 1499, 988, 950, 988, 1600, 1001, 1001, 1001, 1001, 1500, 1500, 1500, 1500]
12:04:06.712613 ALT: -1.34
12:04:06.712701 ATT: [-176.5, 0.0, 73]
12:04:06.712954 ACC: [0, -32, -514]
12:04:06.719538 Navigation got ALT: -1.34
[1500, 1500, 1600, 1500, 988, 950, 988, 1600, 1001, 1001, 1001, 1001, 1500, 1500, 1500, 1500]
[1500, 1500, 1600, 1500, 988, 950, 988, 1600, 1001, 1001, 1001, 1001, 1500, 1500, 1500, 1500]
12:04:06.759176 Navigation got ALT: -1.34
[1499, 1500, 1600, 1500, 988, 950, 988, 1600, 1001, 1001, 1001, 1001, 1500, 1500, 1500, 1500]
12:04:06.760565 ALT: -1.34
12:04:06.760606 ATT: [-176.5, 0.0, 73]
12:04:06.760817 ACC: [0, -32, -515]
[1499, 1500, 1600, 1500, 988, 950, 988, 1600, 1001, 1001, 1001, 1001, 1500, 1500, 1500, 1500]
12:04:06.799252 Navigation got ALT: -1.34
[1500, 1500, 1600, 1500, 988, 950, 988, 1598, 1001, 1001, 1001, 1001, 1500, 1500, 1500, 1500]
12:04:06.808654 ALT: -1.34
12:04:06.808741 ATT: [-176.5, 0.0, 73]
12:04:06.808990 ACC: [0, -32, -514]
[1500, 1500, 1600, 1500, 988, 950, 988, 1598, 1001, 1001, 1001, 1001, 1500, 1500, 1500, 1500]
12:04:06.839529 Navigation got ALT: -1.34
[1500, 1500, 1600, 1499, 988, 950, 988, 1598, 1001, 1001, 1001, 1001, 1500, 1500, 1500, 1500]
12:04:06.856630 ALT: -1.34
12:04:06.856716 ATT: [-176.5, 0.0, 73]
12:04:06.856957 ACC: [0, -31, -515]
[1500, 1500, 1600, 1499, 988, 950, 988, 1598, 1001, 1001, 1001, 1001, 1500, 1500, 1500, 1500]
12:04:06.879246 Navigation got ALT: -1.34
[1500, 1499, 1600, 1500, 988, 950, 988, 1600, 1001, 1001, 1001, 1001, 1500, 1500, 1500, 1500]
[1500, 1499, 1600, 1500, 988, 950, 988, 1600, 1001, 1001, 1001, 1001, 1500, 1500, 1500, 1500]
12:04:06.905062 ALT: -1.34
12:04:06.905168 ATT: [-176.5, 0.0, 73]
12:04:06.905419 ACC: [0, -31, -515]
12:04:06.919518 Navigation got ALT: -1.34
[1500, 1499, 1600, 1500, 991, 949, 988, 1600, 1001, 1001, 1001, 1001, 1500, 1500, 1500, 1500]
[1500, 1499, 1600, 1500, 991, 949, 988, 1600, 1001, 1001, 1001, 1001, 1500, 1500, 1500, 1500]
12:04:06.952866 ALT: -1.34
12:04:06.953052 ATT: [-176.5, 0.0, 73]
12:04:06.953661 ACC: [0, -32, -515]
12:04:06.959256 Navigation got ALT: -1.34
[1499, 1500, 1600, 1500, 988, 950, 988, 1600, 1001, 1001, 1001, 1001, 1500, 1500, 1500, 1500]
[1499, 1500, 1600, 1500, 988, 950, 988, 1600, 1001, 1001, 1001, 1001, 1500, 1500, 1500, 1500]
12:04:06.999280 Navigation got ALT: -1.34
[1500, 1500, 1600, 1500, 988, 950, 988, 1598, 1001, 1001, 1001, 1001, 1500, 1500, 1500, 1500]
12:04:07.001841 ALT: -1.34
12:04:07.002120 ATT: [-176.5, 0.0, 73]
12:04:07.002574 ACC: [0, -32, -515]
[1500, 1500, 1600, 1500, 988, 950, 988, 1598, 1001, 1001, 1001, 1001, 1500, 1500, 1500, 1500]
12:04:07.039449 Navigation got ALT: -1.34
[1500, 1500, 1600, 1500, 988, 950, 988, 1597, 1001, 1001, 1001, 1001, 1500, 1500, 1500, 1500]
12:04:07.048799 ALT: -1.34
12:04:07.048906 ATT: [-176.5, 0.0, 73]
12:04:07.049896 ACC: [0, -32, -515]
[1500, 1500, 1600, 1500, 988, 950, 988, 1597, 1001, 1001, 1001, 1001, 1500, 1500, 1500, 1500]
12:04:07.079238 Navigation got ALT: -1.34
[1499, 1500, 1600, 1500, 988, 950, 988, 1598, 1001, 1001, 1001, 1001, 1500, 1500, 1500, 1500]
12:04:07.096634 ALT: -1.34
12:04:07.096729 ATT: [-176.5, 0.0, 73]
12:04:07.096993 ACC: [0, -31, -515]
[1499, 1500, 1600, 1500, 988, 950, 988, 1598, 1001, 1001, 1001, 1001, 1500, 1500, 1500, 1500]
12:04:07.119382 Navigation got ALT: -1.34
[1500, 1500, 1600, 1499, 988, 950, 988, 1600, 1001, 1001, 1001, 1001, 1500, 1500, 1500, 1500]
[1500, 1500, 1600, 1499, 988, 950, 988, 1600, 1001, 1001, 1001, 1001, 1500, 1500, 1500, 1500]
12:04:07.144689 ALT: -1.34
12:04:07.144775 ATT: [-176.5, 0.0, 73]
12:04:07.145044 ACC: [0, -32, -515]
12:04:07.159324 Navigation got ALT: -1.34
[1500, 1499, 1600, 1500, 988, 950, 988, 1598, 1001, 1001, 1001, 1001, 1500, 1500, 1500, 1500]
[1500, 1499, 1600, 1500, 988, 950, 988, 1598, 1001, 1001, 1001, 1001, 1500, 1500, 1500, 1500]
12:04:07.192691 ALT: -1.34
12:04:07.192779 ATT: [-176.5, 0.0, 73]
12:04:07.193024 ACC: [0, -32, -515]
12:04:07.199541 Navigation got ALT: -1.34
[1499, 1500, 1600, 1500, 988, 950, 988, 1600, 1001, 1001, 1001, 1001, 1500, 1500, 1500, 1500]
[1499, 1500, 1600, 1500, 988, 950, 988, 1600, 1001, 1001, 1001, 1001, 1500, 1500, 1500, 1500]
12:04:07.239530 Navigation got ALT: -1.34
[1500, 1500, 1600, 1500, 988, 950, 988, 1600, 1001, 1001, 1001, 1001, 1500, 1500, 1500, 1500]
12:04:07.240648 ALT: -1.34
12:04:07.240720 ATT: [-176.5, 0.0, 73]
12:04:07.240949 ACC: [0, -32, -515]
[1500, 1500, 1600, 1500, 988, 950, 988, 1600, 1001, 1001, 1001, 1001, 1500, 1500, 1500, 1500]
12:04:07.279312 Navigation got ALT: -1.34
[1500, 1500, 1600, 1500, 988, 950, 989, 1600, 1001, 1001, 1001, 1001, 1500, 1500, 1500, 1500]
12:04:07.288881 ALT: -1.34
12:04:07.288971 ATT: [-176.5, 0.0, 73]
12:04:07.289225 ACC: [0, -32, -514]
[1500, 1500, 1600, 1500, 988, 950, 989, 1600, 1001, 1001, 1001, 1001, 1500, 1500, 1500, 1500]
12:04:07.319397 Navigation got ALT: -1.34
[1500, 1500, 1600, 1500, 988, 950, 988, 1598, 1001, 1001, 1001, 1001, 1500, 1500, 1500, 1500]
12:04:07.337221 ALT: -1.34
12:04:07.337321 ATT: [-176.5, 0.0, 73]
12:04:07.337638 ACC: [0, -32, -515]
[1500, 1500, 1600, 1500, 988, 950, 988, 1598, 1001, 1001, 1001, 1001, 1500, 1500, 1500, 1500]
12:04:07.359322 Navigation got ALT: -1.34
[1499, 1500, 1600, 1499, 988, 950, 988, 1600, 1001, 1001, 1001, 1001, 1500, 1500, 1500, 1500]
[1499, 1500, 1600, 1499, 988, 950, 988, 1600, 1001, 1001, 1001, 1001, 1500, 1500, 1500, 1500]
12:04:07.385188 ALT: -1.34
12:04:07.385289 ATT: [-176.5, 0.0, 73]
12:04:07.385582 ACC: [1, -32, -515]
12:04:07.399411 Navigation got ALT: -1.34
[1500, 1499, 1600, 1499, 988, 950, 988, 1600, 1001, 1001, 1001, 1001, 1500, 1500, 1500, 1500]
[1500, 1499, 1600, 1499, 988, 950, 988, 1600, 1001, 1001, 1001, 1001, 1500, 1500, 1500, 1500]
12:04:07.434131 ALT: -1.34
12:04:07.434272 ATT: [-176.5, 0.0, 73]
12:04:07.434670 ACC: [0, -32, -515]
12:04:07.439451 Navigation got ALT: -1.34
[1500, 1499, 1600, 1499, 988, 950, 988, 1600, 1001, 1001, 1001, 1001, 1500, 1500, 1500, 1500]
[1500, 1499, 1600, 1499, 988, 950, 988, 1600, 1001, 1001, 1001, 1001, 1500, 1500, 1500, 1500]
12:04:07.479223 Navigation got ALT: -1.34
[1500, 1500, 1600, 1500, 989, 949, 988, 1600, 1001, 1001, 1001, 1001, 1500, 1500, 1500, 1500]
12:04:07.480838 ALT: -1.34
12:04:07.481091 ATT: [-176.5, 0.0, 73]
12:04:07.481898 ACC: [0, -32, -515]
[1500, 1500, 1600, 1500, 989, 949, 988, 1600, 1001, 1001, 1001, 1001, 1500, 1500, 1500, 1500]
12:04:07.519452 Navigation got ALT: -1.34
[1500, 1500, 1600, 1500, 988, 950, 988, 1600, 1001, 1001, 1001, 1001, 1500, 1500, 1500, 1500]
12:04:07.528756 ALT: -1.34
12:04:07.528842 ATT: [-176.5, 0.0, 73]
12:04:07.529091 ACC: [0, -32, -515]
[1500, 1500, 1600, 1500, 988, 950, 988, 1600, 1001, 1001, 1001, 1001, 1500, 1500, 1500, 1500]
12:04:07.559284 Navigation got ALT: -1.34
[1500, 1500, 1600, 1500, 988, 950, 988, 1600, 1001, 1001, 1001, 1001, 1500, 1500, 1500, 1500]
12:04:07.576723 ALT: -1.34
12:04:07.576810 ATT: [-176.5, 0.0, 73]
12:04:07.577060 ACC: [0, -32, -515]
[1500, 1500, 1600, 1500, 988, 950, 988, 1600, 1001, 1001, 1001, 1001, 1500, 1500, 1500, 1500]
12:04:07.599341 Navigation got ALT: -1.34
[1500, 1500, 1600, 1500, 988, 950, 988, 1600, 1001, 1001, 1001, 1001, 1500, 1500, 1500, 1500]
[1500, 1500, 1600, 1500, 988, 950, 988, 1600, 1001, 1001, 1001, 1001, 1500, 1500, 1500, 1500]
12:04:07.624791 ALT: -1.34
12:04:07.624879 ATT: [-176.5, 0.0, 73]
12:04:07.625119 ACC: [0, -32, -515]
12:04:07.641664 Navigation got ALT: -1.34
[1500, 1500, 1600, 1500, 988, 950, 988, 1600, 1001, 1001, 1001, 1001, 1500, 1500, 1500, 1500]
[1500, 1500, 1600, 1500, 988, 950, 988, 1600, 1001, 1001, 1001, 1001, 1500, 1500, 1500, 1500]
12:04:07.673016 ALT: -1.34
12:04:07.673185 ATT: [-176.5, 0.0, 73]
12:04:07.673464 ACC: [0, -32, -515]
12:04:07.679322 Navigation got ALT: -1.34
[1499, 1500, 1600, 1500, 988, 951, 986, 1600, 1001, 1001, 1001, 1001, 1500, 1500, 1500, 1500]
[1499, 1500, 1600, 1500, 988, 951, 986, 1600, 1001, 1001, 1001, 1001, 1500, 1500, 1500, 1500]
12:04:07.719555 Navigation got ALT: -1.34
[1499, 1500, 1600, 1500, 988, 950, 988, 1600, 1001, 1001, 1001, 1001, 1500, 1500, 1500, 1500]
12:04:07.721243 ALT: -1.34
12:04:07.721336 ATT: [-176.5, 0.0, 73]
12:04:07.721573 ACC: [0, -32, -515]
[1499, 1500, 1600, 1500, 988, 950, 988, 1600, 1001, 1001, 1001, 1001, 1500, 1500, 1500, 1500]
12:04:07.759228 Navigation got ALT: -1.34
[1500, 1499, 1600, 1497, 988, 950, 988, 1600, 1001, 1001, 1001, 1001, 1500, 1500, 1500, 1500]
12:04:07.769024 ALT: -1.34
12:04:07.769158 ATT: [-176.5, 0.0, 73]
12:04:07.770196 ACC: [0, -32, -515]
[1500, 1499, 1600, 1497, 988, 950, 988, 1600, 1001, 1001, 1001, 1001, 1500, 1500, 1500, 1500]
12:04:07.799271 Navigation got ALT: -1.34
[1500, 1500, 1600, 1500, 988, 950, 988, 1600, 1001, 1001, 1001, 1001, 1500, 1500, 1500, 1500]
12:04:07.816832 ALT: -1.34
12:04:07.816935 ATT: [-176.5, 0.0, 73]
12:04:07.817239 ACC: [0, -32, -515]
[1500, 1500, 1600, 1500, 988, 950, 988, 1600, 1001, 1001, 1001, 1001, 1500, 1500, 1500, 1500]
12:04:07.839225 Navigation got ALT: -1.34
[1500, 1500, 1600, 1500, 988, 950, 988, 1598, 1001, 1001, 1001, 1001, 1500, 1500, 1500, 1500]
[1500, 1500, 1600, 1500, 988, 950, 988, 1598, 1001, 1001, 1001, 1001, 1500, 1500, 1500, 1500]
12:04:07.865186 ALT: -1.34
12:04:07.865281 ATT: [-176.5, 0.0, 73]
12:04:07.865662 ACC: [0, -32, -515]
12:04:07.879585 Navigation got ALT: -1.34
[1500, 1500, 1600, 1499, 988, 950, 988, 1598, 1001, 1001, 1001, 1001, 1500, 1500, 1500, 1500]
[1500, 1500, 1600, 1499, 988, 950, 988, 1598, 1001, 1001, 1001, 1001, 1500, 1500, 1500, 1500]
12:04:07.912767 ALT: -1.34
12:04:07.912856 ATT: [-176.5, 0.0, 73]
12:04:07.913095 ACC: [0, -31, -515]
12:04:07.919650 Navigation got ALT: -1.34
[1499, 1500, 1600, 1500, 988, 950, 989, 1600, 1001, 1001, 1001, 1001, 1500, 1500, 1500, 1500]
[1499, 1500, 1600, 1500, 988, 950, 989, 1600, 1001, 1001, 1001, 1001, 1500, 1500, 1500, 1500]
12:04:07.959258 Navigation got ALT: -1.34
[1500, 1500, 1600, 1499, 988, 950, 988, 1600, 1001, 1001, 1001, 1001, 1500, 1500, 1500, 1500]
12:04:07.960695 ALT: -1.34
12:04:07.960739 ATT: [-176.5, 0.0, 73]
12:04:07.960957 ACC: [0, -32, -515]
[1500, 1500, 1600, 1499, 988, 950, 988, 1600, 1001, 1001, 1001, 1001, 1500, 1500, 1500, 1500]
12:04:07.999291 Navigation got ALT: -1.34
[1499, 1500, 1600, 1500, 988, 950, 988, 1600, 1001, 1001, 1001, 1001, 1500, 1500, 1500, 1500]
12:04:08.008855 ALT: -1.34
12:04:08.008943 ATT: [-176.5, 0.0, 73]
12:04:08.009191 ACC: [0, -32, -515]
[1499, 1500, 1600, 1500, 988, 950, 988, 1600, 1001, 1001, 1001, 1001, 1500, 1500, 1500, 1500]
12:04:08.039246 Navigation got ALT: -1.34
[1500, 1500, 1600, 1500, 988, 951, 986, 1600, 1001, 1001, 1001, 1001, 1500, 1500, 1500, 1500]
[1500, 1500, 1600, 1500, 988, 951, 986, 1600, 1001, 1001, 1001, 1001, 1500, 1500, 1500, 1500]
12:04:08.072972 ALT: -1.34
12:04:08.073096 ATT: [-176.5, 0.0, 73]
12:04:08.073408 ACC: [0, -32, -515]
12:04:08.079461 Navigation got ALT: -1.34
[1500, 1500, 1600, 1500, 988, 951, 986, 1600, 1001, 1001, 1001, 1001, 1500, 1500, 1500, 1500]
[1500, 1500, 1600, 1500, 988, 951, 986, 1600, 1001, 1001, 1001, 1001, 1500, 1500, 1500, 1500]
12:04:08.119374 Navigation got ALT: -1.34
[1500, 1500, 1600, 1500, 988, 951, 988, 1600, 1001, 1001, 1001, 1001, 1500, 1500, 1500, 1500]
12:04:08.121371 ALT: -1.34
12:04:08.121472 ATT: [-176.5, 0.0, 73]
12:04:08.121772 ACC: [1, -32, -515]
[1500, 1500, 1600, 1500, 988, 951, 988, 1600, 1001, 1001, 1001, 1001, 1500, 1500, 1500, 1500]
12:04:08.159237 Navigation got ALT: -1.34
[1500, 1500, 1600, 1499, 988, 950, 988, 1600, 1001, 1001, 1001, 1001, 1500, 1500, 1500, 1500]
12:04:08.169275 ALT: -1.34
12:04:08.169569 ATT: [-176.5, 0.0, 73]
12:04:08.170457 ACC: [0, -32, -515]
[1500, 1500, 1600, 1499, 988, 950, 988, 1600, 1001, 1001, 1001, 1001, 1500, 1500, 1500, 1500]
12:04:08.199517 Navigation got ALT: -1.34
[1500, 1500, 1600, 1499, 988, 950, 988, 1600, 1001, 1001, 1001, 1001, 1500, 1500, 1500, 1500]
12:04:08.217124 ALT: -1.34
12:04:08.217229 ATT: [-176.5, -0.1, 73]
12:04:08.217519 ACC: [0, -32, -515]
[1500, 1500, 1600, 1499, 988, 950, 988, 1600, 1001, 1001, 1001, 1001, 1500, 1500, 1500, 1500]
12:04:08.239409 Navigation got ALT: -1.34
[1500, 1500, 1600, 1500, 988, 950, 988, 1600, 1001, 1001, 1001, 1001, 1500, 1500, 1500, 1500]
[1500, 1500, 1600, 1500, 988, 950, 988, 1600, 1001, 1001, 1001, 1001, 1500, 1500, 1500, 1500]
12:04:08.265224 ALT: -1.34
12:04:08.265396 ATT: [-176.5, 0.0, 73]
12:04:08.265841 ACC: [0, -32, -515]
12:04:08.279380 Navigation got ALT: -1.34
[1500, 1499, 1600, 1499, 988, 950, 988, 1600, 1001, 1001, 1001, 1001, 1500, 1500, 1500, 1500]
[1500, 1499, 1600, 1499, 988, 950, 988, 1600, 1001, 1001, 1001, 1001, 1500, 1500, 1500, 1500]
12:04:08.312820 ALT: -1.34
12:04:08.312907 ATT: [-176.5, -0.1, 73]
12:04:08.313168 ACC: [1, -32, -515]
12:04:08.319465 Navigation got ALT: -1.34
[1500, 1500, 1600, 1500, 988, 950, 988, 1600, 1001, 1001, 1001, 1001, 1500, 1500, 1500, 1500]
[1500, 1500, 1600, 1500, 988, 950, 988, 1600, 1001, 1001, 1001, 1001, 1500, 1500, 1500, 1500]
12:04:08.359216 Navigation got ALT: -1.34
[1500, 1500, 1600, 1500, 988, 950, 988, 1598, 1001, 1001, 1001, 1001, 1500, 1500, 1500, 1500]
12:04:08.360789 ALT: -1.34
12:04:08.360832 ATT: [-176.5, -0.1, 73]
12:04:08.361042 ACC: [0, -32, -515]
[1500, 1500, 1600, 1500, 988, 950, 988, 1598, 1001, 1001, 1001, 1001, 1500, 1500, 1500, 1500]
12:04:08.399396 Navigation got ALT: -1.34
[1500, 1500, 1600, 1499, 988, 950, 988, 1600, 1001, 1001, 1001, 1001, 1500, 1500, 1500, 1500]
12:04:08.408787 ALT: -1.34
12:04:08.408876 ATT: [-176.5, -0.1, 73]
12:04:08.409127 ACC: [0, -32, -515]
[1500, 1500, 1600, 1499, 988, 950, 988, 1600, 1001, 1001, 1001, 1001, 1500, 1500, 1500, 1500]
12:04:08.439357 Navigation got ALT: -1.34
[1499, 1500, 1600, 1500, 988, 950, 988, 1600, 1001, 1001, 1001, 1001, 1500, 1500, 1500, 1500]
12:04:08.456896 ALT: -1.34
12:04:08.456984 ATT: [-176.5, -0.1, 73]
12:04:08.457288 ACC: [0, -32, -514]
[1499, 1500, 1600, 1500, 988, 950, 988, 1600, 1001, 1001, 1001, 1001, 1500, 1500, 1500, 1500]
12:04:08.479275 Navigation got ALT: -1.34
[1499, 1500, 1600, 1500, 988, 950, 988, 1600, 1001, 1001, 1001, 1001, 1500, 1500, 1500, 1500]
[1499, 1500, 1600, 1500, 988, 950, 988, 1600, 1001, 1001, 1001, 1001, 1500, 1500, 1500, 1500]
12:04:08.505154 ALT: -1.34
12:04:08.505279 ATT: [-176.5, -0.1, 73]
12:04:08.505563 ACC: [0, -32, -515]
12:04:08.519503 Navigation got ALT: -1.34
[1499, 1500, 1600, 1500, 988, 950, 988, 1600, 1001, 1001, 1001, 1001, 1500, 1500, 1500, 1500]
[1499, 1500, 1600, 1500, 988, 950, 988, 1600, 1001, 1001, 1001, 1001, 1500, 1500, 1500, 1500]
12:04:08.553417 ALT: -1.34
12:04:08.553523 ATT: [-176.5, -0.1, 73]
12:04:08.553901 ACC: [1, -32, -515]
12:04:08.559303 Navigation got ALT: -1.34
[1500, 1499, 1600, 1500, 988, 950, 988, 1600, 1001, 1001, 1001, 1001, 1500, 1500, 1500, 1500]
[1500, 1499, 1600, 1500, 988, 950, 988, 1600, 1001, 1001, 1001, 1001, 1500, 1500, 1500, 1500]
12:04:08.599428 Navigation got ALT: -1.34
[1500, 1500, 1600, 1500, 988, 950, 988, 1598, 1001, 1001, 1001, 1001, 1500, 1500, 1500, 1500]
12:04:08.601563 ALT: -1.34
12:04:08.601853 ATT: [-176.5, -0.1, 73]
12:04:08.602524 ACC: [0, -32, -515]
[1500, 1500, 1600, 1500, 988, 950, 988, 1598, 1001, 1001, 1001, 1001, 1500, 1500, 1500, 1500]
12:04:08.639512 Navigation got ALT: -1.34
[1500, 1500, 1600, 1499, 988, 951, 986, 1598, 1001, 1001, 1001, 1001, 1500, 1500, 1500, 1500]
12:04:08.649227 ALT: -1.34
12:04:08.649532 ATT: [-176.5, -0.1, 73]
12:04:08.649850 ACC: [0, -32, -515]
[1500, 1500, 1600, 1499, 988, 951, 986, 1598, 1001, 1001, 1001, 1001, 1500, 1500, 1500, 1500]
12:04:08.679277 Navigation got ALT: -1.34
[1500, 1500, 1600, 1500, 988, 950, 988, 1600, 1001, 1001, 1001, 1001, 1500, 1500, 1500, 1500]
12:04:08.697367 ALT: -1.34
12:04:08.697517 ATT: [-176.5, -0.1, 73]
12:04:08.697981 ACC: [0, -32, -515]
[1500, 1500, 1600, 1500, 988, 950, 988, 1600, 1001, 1001, 1001, 1001, 1500, 1500, 1500, 1500]
12:04:08.719392 Navigation got ALT: -1.34
[1499, 1500, 1600, 1500, 988, 950, 988, 1600, 1001, 1001, 1001, 1001, 1500, 1500, 1500, 1500]
[1499, 1500, 1600, 1500, 988, 950, 988, 1600, 1001, 1001, 1001, 1001, 1500, 1500, 1500, 1500]
12:04:08.744888 ALT: -1.34
12:04:08.744973 ATT: [-176.5, -0.1, 73]
12:04:08.745222 ACC: [0, -32, -515]
12:04:08.759425 Navigation got ALT: -1.34
[1500, 1500, 1600, 1500, 988, 950, 988, 1600, 1001, 1001, 1001, 1001, 1500, 1500, 1500, 1500]
[1500, 1500, 1600, 1500, 988, 950, 988, 1600, 1001, 1001, 1001, 1001, 1500, 1500, 1500, 1500]
12:04:08.792905 ALT: -1.34
12:04:08.792994 ATT: [-176.5, -0.1, 73]
12:04:08.793232 ACC: [0, -32, -515]
12:04:08.799547 Navigation got ALT: -1.34
[1500, 1500, 1600, 1500, 988, 950, 988, 1600, 1001, 1001, 1001, 1001, 1500, 1500, 1500, 1500]
[1500, 1500, 1600, 1500, 988, 950, 988, 1600, 1001, 1001, 1001, 1001, 1500, 1500, 1500, 1500]
12:04:08.839572 Navigation got ALT: -1.34
[1500, 1500, 1600, 1500, 988, 950, 988, 1600, 1001, 1001, 1001, 1001, 1500, 1500, 1500, 1500]
12:04:08.840945 ALT: -1.34
12:04:08.841017 ATT: [-176.5, -0.1, 73]
12:04:08.841249 ACC: [0, -32, -515]
[1500, 1500, 1600, 1500, 988, 950, 988, 1600, 1001, 1001, 1001, 1001, 1500, 1500, 1500, 1500]
12:04:08.879383 Navigation got ALT: -1.34
[1500, 1500, 1600, 1500, 988, 950, 988, 1598, 1001, 1001, 1001, 1001, 1500, 1500, 1500, 1500]
12:04:08.889077 ALT: -1.34
12:04:08.889169 ATT: [-176.5, -0.1, 73]
12:04:08.889423 ACC: [0, -32, -515]
[1500, 1500, 1600, 1500, 988, 950, 988, 1598, 1001, 1001, 1001, 1001, 1500, 1500, 1500, 1500]
12:04:08.919376 Navigation got ALT: -1.34
[1500, 1500, 1600, 1500, 988, 950, 988, 1600, 1001, 1001, 1001, 1001, 1500, 1500, 1500, 1500]
12:04:08.939239 ALT: -1.34
12:04:08.939336 ATT: [-176.5, 0.0, 73]
12:04:08.939841 ACC: [0, -32, -515]
[1500, 1500, 1600, 1500, 988, 950, 988, 1600, 1001, 1001, 1001, 1001, 1500, 1500, 1500, 1500]
12:04:08.959366 Navigation got ALT: -1.34
[1500, 1500, 1600, 1499, 988, 950, 988, 1600, 1001, 1001, 1001, 1001, 1500, 1500, 1500, 1500]
[1500, 1500, 1600, 1499, 988, 950, 988, 1600, 1001, 1001, 1001, 1001, 1500, 1500, 1500, 1500]
12:04:08.985204 ALT: -1.34
12:04:08.985317 ATT: [-176.5, 0.0, 73]
12:04:08.985626 ACC: [0, -32, -515]
12:04:08.999581 Navigation got ALT: -1.34
[1500, 1500, 1600, 1500, 988, 950, 988, 1598, 1001, 1001, 1001, 1001, 1500, 1500, 1500, 1500]
[1500, 1500, 1600, 1500, 988, 950, 988, 1598, 1001, 1001, 1001, 1001, 1500, 1500, 1500, 1500]
12:04:09.033234 ALT: -1.34
12:04:09.033478 ATT: [-176.4, 0.0, 73]
12:04:09.034246 ACC: [0, -32, -515]
12:04:09.039398 Navigation got ALT: -1.34
[1500, 1500, 1600, 1500, 988, 950, 988, 1600, 1001, 1001, 1001, 1001, 1500, 1500, 1500, 1500]
[1500, 1500, 1600, 1500, 988, 950, 988, 1600, 1001, 1001, 1001, 1001, 1500, 1500, 1500, 1500]
12:04:09.079312 Navigation got ALT: -1.34
[1500, 1500, 1600, 1500, 988, 950, 988, 1600, 1001, 1001, 1001, 1001, 1500, 1500, 1500, 1500]
12:04:09.081295 ALT: -1.34
12:04:09.081472 ATT: [-176.4, 0.0, 73]
12:04:09.081923 ACC: [0, -32, -515]
[1500, 1500, 1600, 1500, 988, 950, 988, 1600, 1001, 1001, 1001, 1001, 1500, 1500, 1500, 1500]
12:04:09.119552 Navigation got ALT: -1.34
[1499, 1500, 1600, 1500, 988, 950, 988, 1598, 1001, 1001, 1001, 1001, 1500, 1500, 1500, 1500]
12:04:09.129018 ALT: -1.34
12:04:09.129108 ATT: [-176.5, 0.0, 73]
12:04:09.129372 ACC: [0, -32, -515]
[1499, 1500, 1600, 1500, 988, 950, 988, 1598, 1001, 1001, 1001, 1001, 1500, 1500, 1500, 1500]
12:04:09.159206 Navigation got ALT: -1.34
[1500, 1500, 1600, 1500, 988, 950, 988, 1598, 1001, 1001, 1001, 1001, 1500, 1500, 1500, 1500]
12:04:09.176936 ALT: -1.34
12:04:09.177023 ATT: [-176.5, 0.0, 73]
12:04:09.177275 ACC: [0, -32, -515]
[1500, 1500, 1600, 1500, 988, 950, 988, 1598, 1001, 1001, 1001, 1001, 1500, 1500, 1500, 1500]
12:04:09.199420 Navigation got ALT: -1.34
[1499, 1500, 1600, 1499, 988, 950, 988, 1600, 1001, 1001, 1001, 1001, 1500, 1500, 1500, 1500]
[1499, 1500, 1600, 1499, 988, 950, 988, 1600, 1001, 1001, 1001, 1001, 1500, 1500, 1500, 1500]
12:04:09.224998 ALT: -1.34
12:04:09.225086 ATT: [-176.5, 0.0, 73]
12:04:09.225335 ACC: [0, -32, -515]
12:04:09.239695 Navigation got ALT: -1.34
[1499, 1500, 1600, 1500, 988, 950, 988, 1598, 1001, 1001, 1001, 1001, 1500, 1500, 1500, 1500]
[1499, 1500, 1600, 1500, 988, 950, 988, 1598, 1001, 1001, 1001, 1001, 1500, 1500, 1500, 1500]
12:04:09.273083 ALT: -1.34
12:04:09.273226 ATT: [-176.5, 0.0, 73]
12:04:09.273491 ACC: [0, -32, -515]
12:04:09.279523 Navigation got ALT: -1.34
[1500, 1500, 1600, 1500, 988, 950, 988, 1600, 1001, 1001, 1001, 1001, 1500, 1500, 1500, 1500]
[1500, 1500, 1600, 1500, 988, 950, 988, 1600, 1001, 1001, 1001, 1001, 1500, 1500, 1500, 1500]
12:04:09.319506 Navigation got ALT: -1.34
[1499, 1500, 1600, 1500, 989, 949, 988, 1600, 1001, 1001, 1001, 1001, 1500, 1500, 1500, 1500]
12:04:09.321311 ALT: -1.34
12:04:09.321832 ATT: [-176.5, 0.0, 73]
12:04:09.322235 ACC: [0, -31, -515]
[1499, 1500, 1600, 1500, 989, 949, 988, 1600, 1001, 1001, 1001, 1001, 1500, 1500, 1500, 1500]
12:04:09.359241 Navigation got ALT: -1.34
[1500, 1500, 1600, 1500, 988, 950, 988, 1598, 1001, 1001, 1001, 1001, 1500, 1500, 1500, 1500]
12:04:09.369414 ALT: -1.34
12:04:09.369609 ATT: [-176.5, 0.0, 73]
12:04:09.370002 ACC: [0, -32, -515]
[1500, 1500, 1600, 1500, 988, 950, 988, 1598, 1001, 1001, 1001, 1001, 1500, 1500, 1500, 1500]
12:04:09.399427 Navigation got ALT: -1.34
[1500, 1500, 1600, 1499, 988, 950, 988, 1598, 1001, 1001, 1001, 1001, 1500, 1500, 1500, 1500]
12:04:09.417232 ALT: -1.34
12:04:09.417458 ATT: [-176.5, 0.0, 73]
12:04:09.418308 ACC: [0, -32, -515]
[1500, 1500, 1600, 1499, 988, 950, 988, 1598, 1001, 1001, 1001, 1001, 1500, 1500, 1500, 1500]
12:04:09.439293 Navigation got ALT: -1.34
[1499, 1500, 1600, 1500, 988, 950, 988, 1600, 1001, 1001, 1001, 1001, 1500, 1500, 1500, 1500]
[1499, 1500, 1600, 1500, 988, 950, 988, 1600, 1001, 1001, 1001, 1001, 1500, 1500, 1500, 1500]
12:04:09.465235 ALT: -1.34
12:04:09.465422 ATT: [-176.5, 0.0, 73]
12:04:09.466173 ACC: [0, -32, -515]
12:04:09.479527 Navigation got ALT: -1.34
[1500, 1499, 1600, 1500, 988, 950, 988, 1600, 1001, 1001, 1001, 1001, 1500, 1500, 1500, 1500]
[1500, 1499, 1600, 1500, 988, 950, 988, 1600, 1001, 1001, 1001, 1001, 1500, 1500, 1500, 1500]
12:04:09.512980 ALT: -1.34
12:04:09.513068 ATT: [-176.5, 0.0, 73]
12:04:09.513324 ACC: [0, -32, -515]
12:04:09.519576 Navigation got ALT: -1.34
[1500, 1500, 1600, 1499, 988, 950, 988, 1600, 1001, 1001, 1001, 1001, 1500, 1500, 1500, 1500]
[1500, 1500, 1600, 1499, 988, 950, 988, 1600, 1001, 1001, 1001, 1001, 1500, 1500, 1500, 1500]
12:04:09.559230 Navigation got ALT: -1.34
[1499, 1500, 1600, 1499, 988, 950, 988, 1600, 1001, 1001, 1001, 1001, 1500, 1500, 1500, 1500]
12:04:09.560951 ALT: -1.34
12:04:09.560993 ATT: [-176.5, 0.0, 73]
12:04:09.561429 ACC: [1, -32, -515]
[1499, 1500, 1600, 1499, 988, 950, 988, 1600, 1001, 1001, 1001, 1001, 1500, 1500, 1500, 1500]
12:04:09.599408 Navigation got ALT: -1.34
[1500, 1500, 1600, 1500, 988, 950, 988, 1598, 1001, 1001, 1001, 1001, 1500, 1500, 1500, 1500]
12:04:09.608955 ALT: -1.34
12:04:09.609043 ATT: [-176.5, -0.1, 73]
12:04:09.609290 ACC: [0, -32, -515]
[1500, 1500, 1600, 1500, 988, 950, 988, 1598, 1001, 1001, 1001, 1001, 1500, 1500, 1500, 1500]
12:04:09.639611 Navigation got ALT: -1.34
[1500, 1500, 1600, 1500, 988, 950, 988, 1598, 1001, 1001, 1001, 1001, 1500, 1500, 1500, 1500]
12:04:09.657068 ALT: -1.34
12:04:09.657157 ATT: [-176.5, -0.1, 73]
12:04:09.657516 ACC: [0, -32, -515]
[1500, 1500, 1600, 1500, 988, 950, 988, 1598, 1001, 1001, 1001, 1001, 1500, 1500, 1500, 1500]
12:04:09.679286 Navigation got ALT: -1.34
[1500, 1500, 1600, 1500, 988, 950, 988, 1600, 1001, 1001, 1001, 1001, 1500, 1500, 1500, 1500]
[1500, 1500, 1600, 1500, 988, 950, 988, 1600, 1001, 1001, 1001, 1001, 1500, 1500, 1500, 1500]
12:04:09.705134 ALT: -1.34
12:04:09.705226 ATT: [-176.5, 0.0, 73]
12:04:09.705482 ACC: [0, -32, -515]
12:04:09.719691 Navigation got ALT: -1.34
[1499, 1500, 1600, 1500, 986, 950, 988, 1600, 1001, 1001, 1001, 1001, 1500, 1500, 1500, 1500]
[1499, 1500, 1600, 1500, 986, 950, 988, 1600, 1001, 1001, 1001, 1001, 1500, 1500, 1500, 1500]
12:04:09.753444 ALT: -1.34
12:04:09.753548 ATT: [-176.5, 0.0, 73]
12:04:09.753908 ACC: [0, -32, -516]
12:04:09.759343 Navigation got ALT: -1.34
[1500, 1500, 1600, 1500, 988, 950, 988, 1600, 1001, 1001, 1001, 1001, 1500, 1500, 1500, 1500]
[1500, 1500, 1600, 1500, 988, 950, 988, 1600, 1001, 1001, 1001, 1001, 1500, 1500, 1500, 1500]
12:04:09.799452 Navigation got ALT: -1.34
[1500, 1499, 1600, 1499, 988, 950, 988, 1600, 1001, 1001, 1001, 1001, 1500, 1500, 1500, 1500]
12:04:09.801718 ALT: -1.34
12:04:09.801864 ATT: [-176.5, 0.0, 73]
12:04:09.802204 ACC: [0, -32, -515]
[1500, 1499, 1600, 1499, 988, 950, 988, 1600, 1001, 1001, 1001, 1001, 1500, 1500, 1500, 1500]
12:04:09.839374 Navigation got ALT: -1.34
[1500, 1500, 1600, 1500, 988, 950, 988, 1600, 1001, 1001, 1001, 1001, 1500, 1500, 1500, 1500]
12:04:09.849471 ALT: -1.34
12:04:09.849623 ATT: [-176.5, 0.0, 73]
12:04:09.850074 ACC: [1, -31, -515]
[1500, 1500, 1600, 1500, 988, 950, 988, 1600, 1001, 1001, 1001, 1001, 1500, 1500, 1500, 1500]
12:04:09.879279 Navigation got ALT: -1.34
[1500, 1500, 1600, 1500, 988, 950, 988, 1600, 1001, 1001, 1001, 1001, 1500, 1500, 1500, 1500]
12:04:09.897261 ALT: -1.34
12:04:09.897365 ATT: [-176.5, 0.0, 73]
12:04:09.897823 ACC: [0, -32, -515]
[1500, 1500, 1600, 1500, 988, 950, 988, 1600, 1001, 1001, 1001, 1001, 1500, 1500, 1500, 1500]
12:04:09.919912 Navigation got ALT: -1.34
[1500, 1500, 1600, 1500, 988, 950, 988, 1600, 1001, 1001, 1001, 1001, 1500, 1500, 1500, 1500]
[1500, 1500, 1600, 1500, 988, 950, 988, 1600, 1001, 1001, 1001, 1001, 1500, 1500, 1500, 1500]
12:04:09.945057 ALT: -1.34
12:04:09.945140 ATT: [-176.5, 0.0, 73]
12:04:09.945375 ACC: [0, -32, -515]
12:04:09.959334 Navigation got ALT: -1.34
[1500, 1499, 1600, 1499, 988, 950, 988, 1600, 1001, 1001, 1001, 1001, 1500, 1500, 1500, 1500]
[1500, 1499, 1600, 1499, 988, 950, 988, 1600, 1001, 1001, 1001, 1001, 1500, 1500, 1500, 1500]
12:04:09.993129 ALT: -1.37
12:04:09.993218 ATT: [-176.5, 0.0, 73]
12:04:09.993519 ACC: [0, -32, -515]
12:04:09.999845 Navigation got ALT: -1.37
[1500, 1500, 1600, 1500, 988, 950, 988, 1600, 1001, 1001, 1001, 1001, 1500, 1500, 1500, 1500]
[1500, 1500, 1600, 1500, 988, 950, 988, 1600, 1001, 1001, 1001, 1001, 1500, 1500, 1500, 1500]
12:04:10.039586 Navigation got ALT: -1.37
[1500, 1500, 1600, 1500, 988, 950, 988, 1598, 1001, 1001, 1001, 1001, 1500, 1500, 1500, 1500]
12:04:10.041053 ALT: -1.4
12:04:10.041124 ATT: [-176.5, 0.0, 73]
12:04:10.041352 ACC: [0, -32, -515]
[1500, 1500, 1600, 1500, 988, 950, 988, 1598, 1001, 1001, 1001, 1001, 1500, 1500, 1500, 1500]
12:04:10.079295 Navigation got ALT: -1.4
[1500, 1500, 1600, 1500, 988, 950, 988, 1600, 1001, 1001, 1001, 1001, 1500, 1500, 1500, 1500]
12:04:10.089160 ALT: -1.4
12:04:10.089258 ATT: [-176.5, 0.0, 73]
12:04:10.089603 ACC: [0, -32, -515]
[1500, 1500, 1600, 1500, 988, 950, 988, 1600, 1001, 1001, 1001, 1001, 1500, 1500, 1500, 1500]
12:04:10.119472 Navigation got ALT: -1.4
[1499, 1500, 1600, 1501, 986, 950, 988, 1598, 1001, 1001, 1001, 1001, 1500, 1500, 1500, 1500]
[1499, 1500, 1600, 1501, 986, 950, 988, 1598, 1001, 1001, 1001, 1001, 1500, 1500, 1500, 1500]
12:04:10.153535 ALT: -1.4
12:04:10.153647 ATT: [-176.5, -0.1, 73]
12:04:10.154043 ACC: [0, -32, -515]
12:04:10.159427 Navigation got ALT: -1.4
[1500, 1500, 1600, 1500, 988, 950, 988, 1598, 1001, 1001, 1001, 1001, 1500, 1500, 1500, 1500]
[1500, 1500, 1600, 1500, 988, 950, 988, 1598, 1001, 1001, 1001, 1001, 1500, 1500, 1500, 1500]
12:04:10.199402 Navigation got ALT: -1.4
[1500, 1499, 1600, 1500, 988, 950, 988, 1598, 1001, 1001, 1001, 1001, 1500, 1500, 1500, 1500]
12:04:10.202838 ALT: -1.4
12:04:10.202930 ATT: [-176.5, -0.1, 73]
12:04:10.203182 ACC: [0, -32, -515]
[1500, 1499, 1600, 1500, 988, 950, 988, 1598, 1001, 1001, 1001, 1001, 1500, 1500, 1500, 1500]
12:04:10.239297 Navigation got ALT: -1.4
[1500, 1500, 1600, 1500, 988, 950, 988, 1600, 1001, 1001, 1001, 1001, 1500, 1500, 1500, 1500]
12:04:10.249640 ALT: -1.4
12:04:10.249735 ATT: [-176.5, -0.1, 73]
12:04:10.250212 ACC: [0, -32, -515]
[1500, 1500, 1600, 1500, 988, 950, 988, 1600, 1001, 1001, 1001, 1001, 1500, 1500, 1500, 1500]
12:04:10.279316 Navigation got ALT: -1.4
[1500, 1500, 1600, 1500, 988, 950, 989, 1600, 1001, 1001, 1001, 1001, 1500, 1500, 1500, 1500]
12:04:10.297543 ALT: -1.37
12:04:10.297717 ATT: [-176.5, -0.1, 73]
12:04:10.298168 ACC: [1, -32, -515]
[1500, 1500, 1600, 1500, 988, 950, 989, 1600, 1001, 1001, 1001, 1001, 1500, 1500, 1500, 1500]
12:04:10.319467 Navigation got ALT: -1.37
[1500, 1500, 1600, 1499, 988, 950, 989, 1600, 1001, 1001, 1001, 1001, 1500, 1500, 1500, 1500]
[1500, 1500, 1600, 1499, 988, 950, 989, 1600, 1001, 1001, 1001, 1001, 1500, 1500, 1500, 1500]
12:04:10.345100 ALT: -1.34
12:04:10.345178 ATT: [-176.5, -0.1, 73]
12:04:10.345424 ACC: [0, -32, -515]
12:04:10.359394 Navigation got ALT: -1.34
[1500, 1500, 1600, 1500, 988, 950, 988, 1598, 1001, 1001, 1001, 1001, 1500, 1500, 1500, 1500]
[1500, 1500, 1600, 1500, 988, 950, 988, 1598, 1001, 1001, 1001, 1001, 1500, 1500, 1500, 1500]
12:04:10.393164 ALT: -1.34
12:04:10.393250 ATT: [-176.5, 0.0, 73]
12:04:10.393489 ACC: [0, -32, -515]
12:04:10.399579 Navigation got ALT: -1.34
[1500, 1500, 1600, 1500, 988, 950, 988, 1598, 1001, 1001, 1001, 1001, 1500, 1500, 1500, 1500]
[1500, 1500, 1600, 1500, 988, 950, 988, 1598, 1001, 1001, 1001, 1001, 1500, 1500, 1500, 1500]
12:04:10.439305 Navigation got ALT: -1.34
[1500, 1499, 1600, 1500, 988, 950, 988, 1600, 1001, 1001, 1001, 1001, 1500, 1500, 1500, 1500]
12:04:10.441177 ALT: -1.34
12:04:10.441257 ATT: [-176.5, 0.0, 73]
12:04:10.441491 ACC: [0, -32, -515]
[1500, 1499, 1600, 1500, 988, 950, 988, 1600, 1001, 1001, 1001, 1001, 1500, 1500, 1500, 1500]
12:04:10.479344 Navigation got ALT: -1.34
[1499, 1500, 1600, 1500, 988, 950, 988, 1600, 1001, 1001, 1001, 1001, 1500, 1500, 1500, 1500]
12:04:10.489251 ALT: -1.34
12:04:10.489350 ATT: [-176.5, 0.0, 73]
12:04:10.489647 ACC: [0, -32, -515]
[1499, 1500, 1600, 1500, 988, 950, 988, 1600, 1001, 1001, 1001, 1001, 1500, 1500, 1500, 1500]
12:04:10.519606 Navigation got ALT: -1.34
[1500, 1499, 1600, 1500, 988, 950, 988, 1600, 1001, 1001, 1001, 1001, 1500, 1500, 1500, 1500]
12:04:10.538052 ALT: -1.34
12:04:10.538150 ATT: [-176.5, 0.0, 73]
12:04:10.538448 ACC: [0, -32, -515]
[1500, 1499, 1600, 1500, 988, 950, 988, 1600, 1001, 1001, 1001, 1001, 1500, 1500, 1500, 1500]
12:04:10.559287 Navigation got ALT: -1.34
[1500, 1500, 1600, 1500, 988, 950, 988, 1600, 1001, 1001, 1001, 1001, 1500, 1500, 1500, 1500]
[1500, 1500, 1600, 1500, 988, 950, 988, 1600, 1001, 1001, 1001, 1001, 1500, 1500, 1500, 1500]
12:04:10.585563 ALT: -1.34
12:04:10.585666 ATT: [-176.5, 0.0, 73]
12:04:10.585993 ACC: [0, -32, -515]
12:04:10.600012 Navigation got ALT: -1.34
[1500, 1500, 1600, 1500, 988, 950, 988, 1600, 1001, 1001, 1001, 1001, 1500, 1500, 1500, 1500]
[1500, 1500, 1600, 1500, 988, 950, 988, 1600, 1001, 1001, 1001, 1001, 1500, 1500, 1500, 1500]
12:04:10.633468 ALT: -1.34
12:04:10.633623 ATT: [-176.5, 0.0, 73]
12:04:10.634276 ACC: [0, -32, -515]
12:04:10.639508 Navigation got ALT: -1.34
[1500, 1500, 1600, 1500, 988, 950, 988, 1600, 1001, 1001, 1001, 1001, 1500, 1500, 1500, 1500]
[1500, 1500, 1600, 1500, 988, 950, 988, 1600, 1001, 1001, 1001, 1001, 1500, 1500, 1500, 1500]
12:04:10.679468 Navigation got ALT: -1.34
[1500, 1500, 1600, 1499, 988, 950, 989, 1600, 1001, 1001, 1001, 1001, 1500, 1500, 1500, 1500]
12:04:10.681424 ALT: -1.34
12:04:10.681664 ATT: [-176.5, 0.0, 73]
12:04:10.682117 ACC: [0, -32, -515]
[1500, 1500, 1600, 1499, 988, 950, 989, 1600, 1001, 1001, 1001, 1001, 1500, 1500, 1500, 1500]
12:04:10.719624 Navigation got ALT: -1.34
[1500, 1500, 1600, 1499, 988, 950, 988, 1600, 1001, 1001, 1001, 1001, 1500, 1500, 1500, 1500]
12:04:10.729207 ALT: -1.34
12:04:10.729297 ATT: [-176.5, 0.0, 73]
12:04:10.729550 ACC: [1, -32, -515]
[1500, 1500, 1600, 1499, 988, 950, 988, 1600, 1001, 1001, 1001, 1001, 1500, 1500, 1500, 1500]
12:04:10.759263 Navigation got ALT: -1.34
[1500, 1499, 1600, 1500, 988, 950, 988, 1600, 1001, 1001, 1001, 1001, 1500, 1500, 1500, 1500]
12:04:10.777202 ALT: -1.34
12:04:10.777290 ATT: [-176.5, 0.0, 73]
12:04:10.777528 ACC: [0, -32, -516]
[1500, 1499, 1600, 1500, 988, 950, 988, 1600, 1001, 1001, 1001, 1001, 1500, 1500, 1500, 1500]
12:04:10.799471 Navigation got ALT: -1.34
[1500, 1500, 1600, 1500, 988, 950, 988, 1600, 1001, 1001, 1001, 1001, 1500, 1500, 1500, 1500]
[1500, 1500, 1600, 1500, 988, 950, 988, 1600, 1001, 1001, 1001, 1001, 1500, 1500, 1500, 1500]
12:04:10.825293 ALT: -1.34
12:04:10.825381 ATT: [-176.5, 0.0, 73]
12:04:10.825617 ACC: [0, -32, -516]
12:04:10.839481 Navigation got ALT: -1.34
[1500, 1500, 1600, 1500, 988, 951, 986, 1600, 1001, 1001, 1001, 1001, 1500, 1500, 1500, 1500]
[1500, 1500, 1600, 1500, 988, 951, 986, 1600, 1001, 1001, 1001, 1001, 1500, 1500, 1500, 1500]
12:04:10.873281 ALT: -1.34
12:04:10.873382 ATT: [-176.5, 0.0, 73]
12:04:10.873770 ACC: [0, -32, -515]
12:04:10.879563 Navigation got ALT: -1.34
[1500, 1500, 1600, 1500, 988, 950, 988, 1598, 1001, 1001, 1001, 1001, 1500, 1500, 1500, 1500]
[1500, 1500, 1600, 1500, 988, 950, 988, 1598, 1001, 1001, 1001, 1001, 1500, 1500, 1500, 1500]
12:04:10.919454 Navigation got ALT: -1.34
[1500, 1500, 1600, 1499, 988, 950, 988, 1600, 1001, 1001, 1001, 1001, 1500, 1500, 1500, 1500]
12:04:10.922260 ALT: -1.34
12:04:10.922380 ATT: [-176.5, 0.0, 73]
12:04:10.922698 ACC: [0, -32, -516]
[1500, 1500, 1600, 1499, 988, 950, 988, 1600, 1001, 1001, 1001, 1001, 1500, 1500, 1500, 1500]
12:04:10.959287 Navigation got ALT: -1.34
[1500, 1500, 1600, 1500, 988, 950, 988, 1600, 1001, 1001, 1001, 1001, 1500, 1500, 1500, 1500]
12:04:10.969754 ALT: -1.34
12:04:10.969885 ATT: [-176.5, 0.0, 73]
12:04:10.970191 ACC: [0, -32, -515]
[1500, 1500, 1600, 1500, 988, 950, 988, 1600, 1001, 1001, 1001, 1001, 1500, 1500, 1500, 1500]
12:04:10.999734 Navigation got ALT: -1.34
[1499, 1500, 1600, 1500, 988, 950, 988, 1598, 1001, 1001, 1001, 1001, 1500, 1500, 1500, 1500]
12:04:11.017740 ALT: -1.34
12:04:11.017881 ATT: [-176.5, 0.0, 73]
12:04:11.018266 ACC: [0, -32, -515]
[1499, 1500, 1600, 1500, 988, 950, 988, 1598, 1001, 1001, 1001, 1001, 1500, 1500, 1500, 1500]
12:04:11.039493 Navigation got ALT: -1.34
[1500, 1500, 1600, 1500, 988, 950, 988, 1600, 1001, 1001, 1001, 1001, 1500, 1500, 1500, 1500]
[1500, 1500, 1600, 1500, 988, 950, 988, 1600, 1001, 1001, 1001, 1001, 1500, 1500, 1500, 1500]
12:04:11.065408 ALT: -1.34
12:04:11.065514 ATT: [-176.5, 0.0, 73]
12:04:11.066045 ACC: [0, -31, -515]
12:04:11.079541 Navigation got ALT: -1.34
[1500, 1500, 1600, 1499, 988, 950, 988, 1600, 1001, 1001, 1001, 1001, 1500, 1500, 1500, 1500]
[1500, 1500, 1600, 1499, 988, 950, 988, 1600, 1001, 1001, 1001, 1001, 1500, 1500, 1500, 1500]
12:04:11.113224 ALT: -1.34
12:04:11.113310 ATT: [-176.5, 0.0, 73]
12:04:11.113551 ACC: [0, -32, -515]
12:04:11.119658 Navigation got ALT: -1.34
[1500, 1500, 1600, 1500, 988, 950, 988, 1598, 1001, 1001, 1001, 1001, 1500, 1500, 1500, 1500]
[1500, 1500, 1600, 1500, 988, 950, 988, 1598, 1001, 1001, 1001, 1001, 1500, 1500, 1500, 1500]
12:04:11.159274 Navigation got ALT: -1.34
[1500, 1500, 1600, 1500, 988, 950, 988, 1600, 1001, 1001, 1001, 1001, 1500, 1500, 1500, 1500]
12:04:11.161171 ALT: -1.34
12:04:11.161225 ATT: [-176.5, 0.0, 73]
12:04:11.161451 ACC: [0, -32, -515]
[1500, 1500, 1600, 1500, 988, 950, 988, 1600, 1001, 1001, 1001, 1001, 1500, 1500, 1500, 1500]
12:04:11.199597 Navigation got ALT: -1.34
[1499, 1500, 1600, 1499, 988, 950, 988, 1600, 1001, 1001, 1001, 1001, 1500, 1500, 1500, 1500]
12:04:11.209248 ALT: -1.34
12:04:11.209335 ATT: [-176.5, 0.0, 73]
12:04:11.209588 ACC: [0, -32, -515]
[1499, 1500, 1600, 1499, 988, 950, 988, 1600, 1001, 1001, 1001, 1001, 1500, 1500, 1500, 1500]
12:04:11.239467 Navigation got ALT: -1.34
[1499, 1500, 1600, 1499, 988, 950, 988, 1600, 1001, 1001, 1001, 1001, 1500, 1500, 1500, 1500]
12:04:11.257402 ALT: -1.34
12:04:11.257624 ATT: [-176.5, 0.0, 73]
12:04:11.258268 ACC: [0, -32, -516]
[1499, 1500, 1600, 1499, 988, 950, 988, 1600, 1001, 1001, 1001, 1001, 1500, 1500, 1500, 1500]
12:04:11.279322 Navigation got ALT: -1.34
[1500, 1500, 1600, 1500, 988, 950, 988, 1600, 1001, 1001, 1001, 1001, 1500, 1500, 1500, 1500]
[1500, 1500, 1600, 1500, 988, 950, 988, 1600, 1001, 1001, 1001, 1001, 1500, 1500, 1500, 1500]
12:04:11.305297 ALT: -1.34
12:04:11.305382 ATT: [-176.5, 0.0, 73]
12:04:11.305745 ACC: [0, -32, -515]
12:04:11.319575 Navigation got ALT: -1.34
[1500, 1500, 1600, 1499, 988, 950, 988, 1600, 1001, 1001, 1001, 1001, 1500, 1500, 1500, 1500]
[1500, 1500, 1600, 1499, 988, 950, 988, 1600, 1001, 1001, 1001, 1001, 1500, 1500, 1500, 1500]
12:04:11.354729 ALT: -1.34
12:04:11.354821 ATT: [-176.5, 0.0, 73]
12:04:11.355072 ACC: [0, -32, -515]
12:04:11.359369 Navigation got ALT: -1.34
[1500, 1500, 1600, 1500, 988, 950, 988, 1600, 1001, 1001, 1001, 1001, 1500, 1500, 1500, 1500]
[1500, 1500, 1600, 1500, 988, 950, 988, 1600, 1001, 1001, 1001, 1001, 1500, 1500, 1500, 1500]
12:04:11.399612 Navigation got ALT: -1.34
[1500, 1500, 1600, 1500, 988, 950, 988, 1600, 1001, 1001, 1001, 1001, 1500, 1500, 1500, 1500]
12:04:11.402002 ALT: -1.34
12:04:11.402118 ATT: [-176.5, 0.0, 73]
12:04:11.402450 ACC: [0, -32, -515]
[1500, 1500, 1600, 1500, 988, 950, 988, 1600, 1001, 1001, 1001, 1001, 1500, 1500, 1500, 1500]
12:04:11.439341 Navigation got ALT: -1.34
[1500, 1500, 1600, 1499, 988, 950, 988, 1600, 1001, 1001, 1001, 1001, 1500, 1500, 1500, 1500]
12:04:11.449514 ALT: -1.34
12:04:11.449644 ATT: [-176.5, 0.0, 73]
12:04:11.450194 ACC: [0, -32, -515]
[1500, 1500, 1600, 1499, 988, 950, 988, 1600, 1001, 1001, 1001, 1001, 1500, 1500, 1500, 1500]
12:04:11.479311 Navigation got ALT: -1.34
[1500, 1500, 1600, 1500, 988, 950, 988, 1600, 1001, 1001, 1001, 1001, 1500, 1500, 1500, 1500]
12:04:11.497596 ALT: -1.34
12:04:11.497843 ATT: [-176.5, 0.0, 73]
12:04:11.499013 ACC: [1, -32, -515]
[1500, 1500, 1600, 1500, 988, 950, 988, 1600, 1001, 1001, 1001, 1001, 1500, 1500, 1500, 1500]
12:04:11.519464 Navigation got ALT: -1.34
[1500, 1500, 1600, 1499, 988, 950, 988, 1600, 1001, 1001, 1001, 1001, 1500, 1500, 1500, 1500]
[1500, 1500, 1600, 1499, 988, 950, 988, 1600, 1001, 1001, 1001, 1001, 1500, 1500, 1500, 1500]
12:04:11.545314 ALT: -1.34
12:04:11.545400 ATT: [-176.5, 0.0, 73]
12:04:11.545652 ACC: [1, -32, -515]
12:04:11.559509 Navigation got ALT: -1.34
[1500, 1500, 1600, 1499, 988, 950, 988, 1600, 1001, 1001, 1001, 1001, 1500, 1500, 1500, 1500]
[1500, 1500, 1600, 1499, 988, 950, 988, 1600, 1001, 1001, 1001, 1001, 1500, 1500, 1500, 1500]
12:04:11.593339 ALT: -1.34
12:04:11.593429 ATT: [-176.5, 0.0, 73]
12:04:11.593677 ACC: [0, -32, -515]
12:04:11.599597 Navigation got ALT: -1.34
[1499, 1500, 1600, 1500, 988, 950, 988, 1600, 1001, 1001, 1001, 1001, 1500, 1500, 1500, 1500]
[1499, 1500, 1600, 1500, 988, 950, 988, 1600, 1001, 1001, 1001, 1001, 1500, 1500, 1500, 1500]
12:04:11.639295 Navigation got ALT: -1.34
[1500, 1500, 1600, 1500, 988, 950, 988, 1601, 1001, 1001, 1001, 1001, 1500, 1500, 1500, 1500]
12:04:11.641561 ALT: -1.34
12:04:11.641699 ATT: [-176.5, 0.0, 73]
12:04:11.642166 ACC: [0, -32, -515]
[1500, 1500, 1600, 1500, 988, 950, 988, 1601, 1001, 1001, 1001, 1001, 1500, 1500, 1500, 1500]
12:04:11.679333 Navigation got ALT: -1.34
[1500, 1500, 1600, 1501, 986, 950, 988, 1600, 1001, 1001, 1001, 1001, 1500, 1500, 1500, 1500]
12:04:11.689394 ALT: -1.34
12:04:11.689496 ATT: [-176.5, 0.0, 73]
12:04:11.689924 ACC: [0, -32, -516]
[1500, 1500, 1600, 1501, 986, 950, 988, 1600, 1001, 1001, 1001, 1001, 1500, 1500, 1500, 1500]
12:04:11.719589 Navigation got ALT: -1.34
[1500, 1500, 1600, 1500, 988, 950, 988, 1600, 1001, 1001, 1001, 1001, 1500, 1500, 1500, 1500]
12:04:11.738215 ALT: -1.34
12:04:11.738540 ATT: [-176.5, 0.0, 73]
12:04:11.738851 ACC: [0, -31, -515]
[1500, 1500, 1600, 1500, 988, 950, 988, 1600, 1001, 1001, 1001, 1001, 1500, 1500, 1500, 1500]
12:04:11.759613 Navigation got ALT: -1.34
[1500, 1499, 1600, 1499, 988, 950, 988, 1600, 1001, 1001, 1001, 1001, 1500, 1500, 1500, 1500]
[1500, 1499, 1600, 1499, 988, 950, 988, 1600, 1001, 1001, 1001, 1001, 1500, 1500, 1500, 1500]
12:04:11.785999 ALT: -1.34
12:04:11.786166 ATT: [-176.5, 0.0, 73]
12:04:11.786539 ACC: [0, -32, -515]
12:04:11.799908 Navigation got ALT: -1.34
[1500, 1500, 1600, 1500, 988, 950, 988, 1600, 1001, 1001, 1001, 1001, 1500, 1500, 1500, 1500]
[1500, 1500, 1600, 1500, 988, 950, 988, 1600, 1001, 1001, 1001, 1001, 1500, 1500, 1500, 1500]
12:04:11.833630 ALT: -1.34
12:04:11.833976 ATT: [-176.5, 0.0, 73]
12:04:11.834459 ACC: [0, -32, -515]
12:04:11.840005 Navigation got ALT: -1.34
[1500, 1500, 1600, 1500, 988, 950, 988, 1600, 1001, 1001, 1001, 1001, 1500, 1500, 1500, 1500]
[1500, 1500, 1600, 1500, 988, 950, 988, 1600, 1001, 1001, 1001, 1001, 1500, 1500, 1500, 1500]
12:04:11.879490 Navigation got ALT: -1.34
[1500, 1500, 1600, 1500, 988, 950, 988, 1600, 1001, 1001, 1001, 1001, 1500, 1500, 1500, 1500]
12:04:11.881453 ALT: -1.34
12:04:11.881545 ATT: [-176.5, 0.0, 73]
12:04:11.881984 ACC: [0, -32, -515]
[1500, 1500, 1600, 1500, 988, 950, 988, 1600, 1001, 1001, 1001, 1001, 1500, 1500, 1500, 1500]
12:04:11.919771 Navigation got ALT: -1.34
[1500, 1500, 1600, 1499, 988, 950, 988, 1600, 1001, 1001, 1001, 1001, 1500, 1500, 1500, 1500]
12:04:11.929365 ALT: -1.34
12:04:11.929455 ATT: [-176.5, 0.0, 73]
12:04:11.929700 ACC: [1, -32, -515]
[1500, 1500, 1600, 1499, 988, 950, 988, 1600, 1001, 1001, 1001, 1001, 1500, 1500, 1500, 1500]
12:04:11.959456 Navigation got ALT: -1.34
[1500, 1499, 1600, 1500, 988, 950, 988, 1600, 1001, 1001, 1001, 1001, 1500, 1500, 1500, 1500]
12:04:11.977388 ALT: -1.34
12:04:11.977475 ATT: [-176.5, 0.0, 73]
12:04:11.977713 ACC: [0, -32, -515]
[1500, 1499, 1600, 1500, 988, 950, 988, 1600, 1001, 1001, 1001, 1001, 1500, 1500, 1500, 1500]
12:04:11.999445 Navigation got ALT: -1.34
[1500, 1499, 1600, 1500, 988, 950, 988, 1598, 1001, 1001, 1001, 1001, 1500, 1500, 1500, 1500]
[1500, 1499, 1600, 1500, 988, 950, 988, 1598, 1001, 1001, 1001, 1001, 1500, 1500, 1500, 1500]
12:04:12.025683 ALT: -1.34
12:04:12.026033 ATT: [-176.5, 0.0, 73]
12:04:12.026435 ACC: [0, -32, -515]
12:04:12.039381 Navigation got ALT: -1.34
[1500, 1500, 1600, 1500, 988, 950, 988, 1600, 1001, 1001, 1001, 1001, 1500, 1500, 1500, 1500]
[1500, 1500, 1600, 1500, 988, 950, 988, 1600, 1001, 1001, 1001, 1001, 1500, 1500, 1500, 1500]
12:04:12.073624 ALT: -1.34
12:04:12.073728 ATT: [-176.4, 0.0, 73]
12:04:12.075140 ACC: [0, -32, -515]
12:04:12.079629 Navigation got ALT: -1.34
[1500, 1500, 1600, 1500, 988, 950, 988, 1600, 1001, 1001, 1001, 1001, 1500, 1500, 1500, 1500]
[1500, 1500, 1600, 1500, 988, 950, 988, 1600, 1001, 1001, 1001, 1001, 1500, 1500, 1500, 1500]
12:04:12.119524 Navigation got ALT: -1.34
[1500, 1499, 1600, 1500, 988, 950, 988, 1600, 1001, 1001, 1001, 1001, 1500, 1500, 1500, 1500]
12:04:12.121868 ALT: -1.34
12:04:12.122098 ATT: [-176.5, 0.0, 73]
12:04:12.122443 ACC: [0, -32, -515]
[1500, 1499, 1600, 1500, 988, 950, 988, 1600, 1001, 1001, 1001, 1001, 1500, 1500, 1500, 1500]
12:04:12.159641 Navigation got ALT: -1.34
[1500, 1500, 1600, 1500, 988, 950, 988, 1598, 1001, 1001, 1001, 1001, 1500, 1500, 1500, 1500]
[1500, 1500, 1600, 1500, 988, 950, 988, 1598, 1001, 1001, 1001, 1001, 1500, 1500, 1500, 1500]
12:04:12.186056 ALT: -1.34
12:04:12.186168 ATT: [-176.4, 0.0, 73]
12:04:12.186486 ACC: [0, -32, -515]
12:04:12.199528 Navigation got ALT: -1.34
[1501, 1497, 1600, 1500, 988, 950, 988, 1600, 1001, 1001, 1001, 1001, 1500, 1500, 1500, 1500]
[1501, 1497, 1600, 1500, 988, 950, 988, 1600, 1001, 1001, 1001, 1001, 1500, 1500, 1500, 1500]
12:04:12.233538 ALT: -1.34
12:04:12.233638 ATT: [-176.4, 0.0, 73]
12:04:12.234080 ACC: [0, -32, -515]
12:04:12.239415 Navigation got ALT: -1.34
[1500, 1499, 1600, 1500, 988, 950, 988, 1600, 1001, 1001, 1001, 1001, 1500, 1500, 1500, 1500]
[1500, 1499, 1600, 1500, 988, 950, 988, 1600, 1001, 1001, 1001, 1001, 1500, 1500, 1500, 1500]
12:04:12.279438 Navigation got ALT: -1.34
[1500, 1500, 1600, 1500, 988, 950, 988, 1600, 1001, 1001, 1001, 1001, 1500, 1500, 1500, 1500]
12:04:12.281772 ALT: -1.34
12:04:12.282070 ATT: [-176.4, 0.0, 73]
12:04:12.282611 ACC: [0, -32, -515]
[1500, 1500, 1600, 1500, 988, 950, 988, 1600, 1001, 1001, 1001, 1001, 1500, 1500, 1500, 1500]
12:04:12.319512 Navigation got ALT: -1.34
[1500, 1500, 1600, 1500, 988, 950, 988, 1600, 1001, 1001, 1001, 1001, 1500, 1500, 1500, 1500]
12:04:12.329467 ALT: -1.34
12:04:12.329555 ATT: [-176.4, 0.0, 73]
12:04:12.330097 ACC: [0, -32, -516]
[1500, 1500, 1600, 1500, 988, 950, 988, 1600, 1001, 1001, 1001, 1001, 1500, 1500, 1500, 1500]
12:04:12.359440 Navigation got ALT: -1.34
[1500, 1500, 1600, 1500, 988, 950, 988, 1600, 1001, 1001, 1001, 1001, 1500, 1500, 1500, 1500]
12:04:12.377436 ALT: -1.34
12:04:12.377526 ATT: [-176.5, 0.0, 73]
12:04:12.377806 ACC: [0, -32, -515]
[1500, 1500, 1600, 1500, 988, 950, 988, 1600, 1001, 1001, 1001, 1001, 1500, 1500, 1500, 1500]
12:04:12.399835 Navigation got ALT: -1.34
[1499, 1500, 1600, 1500, 988, 950, 988, 1600, 1001, 1001, 1001, 1001, 1500, 1500, 1500, 1500]
[1499, 1500, 1600, 1500, 988, 950, 988, 1600, 1001, 1001, 1001, 1001, 1500, 1500, 1500, 1500]
12:04:12.425693 ALT: -1.34
12:04:12.425906 ATT: [-176.5, 0.0, 73]
12:04:12.426310 ACC: [0, -32, -515]
12:04:12.439397 Navigation got ALT: -1.34
[1500, 1499, 1600, 1500, 988, 950, 988, 1598, 1001, 1001, 1001, 1001, 1500, 1500, 1500, 1500]
[1500, 1499, 1600, 1500, 988, 950, 988, 1598, 1001, 1001, 1001, 1001, 1500, 1500, 1500, 1500]
12:04:12.473463 ALT: -1.34
12:04:12.473566 ATT: [-176.5, 0.0, 73]
12:04:12.473850 ACC: [0, -32, -515]
12:04:12.479458 Navigation got ALT: -1.34
[1500, 1500, 1600, 1500, 988, 950, 988, 1600, 1001, 1001, 1001, 1001, 1500, 1500, 1500, 1500]
[1500, 1500, 1600, 1500, 988, 950, 988, 1600, 1001, 1001, 1001, 1001, 1500, 1500, 1500, 1500]
12:04:12.519483 Navigation got ALT: -1.34
[1500, 1500, 1600, 1500, 988, 950, 988, 1600, 1001, 1001, 1001, 1001, 1500, 1500, 1500, 1500]
12:04:12.521981 ALT: -1.34
12:04:12.522076 ATT: [-176.5, 0.0, 73]
12:04:12.522363 ACC: [0, -32, -516]
[1500, 1500, 1600, 1500, 988, 950, 988, 1600, 1001, 1001, 1001, 1001, 1500, 1500, 1500, 1500]
12:04:12.559488 Navigation got ALT: -1.34
[1501, 1497, 1600, 1500, 988, 950, 988, 1597, 1001, 1001, 1001, 1001, 1500, 1500, 1500, 1500]
12:04:12.570082 ALT: -1.34
12:04:12.570171 ATT: [-176.5, 0.0, 73]
12:04:12.570431 ACC: [0, -32, -515]
[1501, 1497, 1600, 1500, 988, 950, 988, 1597, 1001, 1001, 1001, 1001, 1500, 1500, 1500, 1500]
12:04:12.599597 Navigation got ALT: -1.34
[1499, 1500, 1600, 1500, 988, 950, 988, 1600, 1001, 1001, 1001, 1001, 1500, 1500, 1500, 1500]
12:04:12.617732 ALT: -1.34
12:04:12.617999 ATT: [-176.5, 0.0, 73]
12:04:12.618344 ACC: [0, -32, -515]
[1499, 1500, 1600, 1500, 988, 950, 988, 1600, 1001, 1001, 1001, 1001, 1500, 1500, 1500, 1500]
12:04:12.639351 Navigation got ALT: -1.34
[1500, 1500, 1600, 1500, 988, 950, 988, 1600, 1001, 1001, 1001, 1001, 1500, 1500, 1500, 1500]
[1500, 1500, 1600, 1500, 988, 950, 988, 1600, 1001, 1001, 1001, 1001, 1500, 1500, 1500, 1500]
12:04:12.666012 ALT: -1.34
12:04:12.666116 ATT: [-176.5, 0.0, 73]
12:04:12.666522 ACC: [0, -32, -516]
12:04:12.679442 Navigation got ALT: -1.34
[1500, 1500, 1600, 1500, 988, 950, 988, 1600, 1001, 1001, 1001, 1001, 1500, 1500, 1500, 1500]
[1500, 1500, 1600, 1500, 988, 950, 988, 1600, 1001, 1001, 1001, 1001, 1500, 1500, 1500, 1500]
12:04:12.713736 ALT: -1.34
12:04:12.714204 ATT: [-176.5, 0.0, 72]
12:04:12.714662 ACC: [0, -32, -516]
12:04:12.719746 Navigation got ALT: -1.34
[1500, 1500, 1600, 1500, 988, 950, 988, 1600, 1001, 1001, 1001, 1001, 1500, 1500, 1500, 1500]
[1500, 1500, 1600, 1500, 988, 950, 988, 1600, 1001, 1001, 1001, 1001, 1500, 1500, 1500, 1500]
12:04:12.759449 Navigation got ALT: -1.34
[1500, 1500, 1600, 1500, 988, 950, 988, 1600, 1001, 1001, 1001, 1001, 1500, 1500, 1500, 1500]
12:04:12.761431 ALT: -1.34
12:04:12.761479 ATT: [-176.5, 0.0, 73]
12:04:12.761696 ACC: [0, -32, -515]
[1500, 1500, 1600, 1500, 988, 950, 988, 1600, 1001, 1001, 1001, 1001, 1500, 1500, 1500, 1500]
12:04:12.799572 Navigation got ALT: -1.34
[1500, 1499, 1600, 1500, 988, 950, 988, 1600, 1001, 1001, 1001, 1001, 1500, 1500, 1500, 1500]
12:04:12.809603 ALT: -1.34
12:04:12.809755 ATT: [-176.5, 0.0, 73]
12:04:12.810070 ACC: [0, -32, -516]
[1500, 1499, 1600, 1500, 988, 950, 988, 1600, 1001, 1001, 1001, 1001, 1500, 1500, 1500, 1500]
12:04:12.839311 Navigation got ALT: -1.34
[1500, 1499, 1600, 1500, 988, 950, 988, 1600, 1001, 1001, 1001, 1001, 1500, 1500, 1500, 1500]
12:04:12.857568 ALT: -1.34
12:04:12.857665 ATT: [-176.5, 0.0, 73]
12:04:12.857963 ACC: [0, -32, -515]
[1500, 1499, 1600, 1500, 988, 950, 988, 1600, 1001, 1001, 1001, 1001, 1500, 1500, 1500, 1500]
12:04:12.879355 Navigation got ALT: -1.34
[1500, 1500, 1600, 1500, 988, 950, 988, 1598, 1001, 1001, 1001, 1001, 1500, 1500, 1500, 1500]
[1500, 1500, 1600, 1500, 988, 950, 988, 1598, 1001, 1001, 1001, 1001, 1500, 1500, 1500, 1500]
12:04:12.905532 ALT: -1.34
12:04:12.905618 ATT: [-176.5, 0.0, 73]
12:04:12.905963 ACC: [0, -32, -516]
12:04:12.919364 Navigation got ALT: -1.34
[1500, 1500, 1600, 1500, 988, 950, 988, 1600, 1001, 1001, 1001, 1001, 1500, 1500, 1500, 1500]
[1500, 1500, 1600, 1500, 988, 950, 988, 1600, 1001, 1001, 1001, 1001, 1500, 1500, 1500, 1500]
12:04:12.954019 ALT: -1.34
12:04:12.954126 ATT: [-176.5, 0.0, 73]
12:04:12.954459 ACC: [0, -32, -516]
12:04:12.959765 Navigation got ALT: -1.34
[1500, 1499, 1600, 1500, 988, 950, 988, 1600, 1001, 1001, 1001, 1001, 1500, 1500, 1500, 1500]
[1500, 1499, 1600, 1500, 988, 950, 988, 1600, 1001, 1001, 1001, 1001, 1500, 1500, 1500, 1500]
12:04:12.999639 Navigation got ALT: -1.34
[1499, 1500, 1600, 1500, 988, 950, 988, 1600, 1001, 1001, 1001, 1001, 1500, 1500, 1500, 1500]
12:04:13.002148 ALT: -1.34
12:04:13.002255 ATT: [-176.5, 0.0, 73]
12:04:13.002595 ACC: [0, -32, -516]
[1499, 1500, 1600, 1500, 988, 950, 988, 1600, 1001, 1001, 1001, 1001, 1500, 1500, 1500, 1500]
12:04:13.039340 Navigation got ALT: -1.34
[1500, 1500, 1600, 1500, 988, 950, 988, 1600, 1001, 1001, 1001, 1001, 1500, 1500, 1500, 1500]
12:04:13.049895 ALT: -1.34
12:04:13.050001 ATT: [-176.5, 0.0, 73]
12:04:13.050390 ACC: [0, -32, -516]
[1500, 1500, 1600, 1500, 988, 950, 988, 1600, 1001, 1001, 1001, 1001, 1500, 1500, 1500, 1500]
12:04:13.079375 Navigation got ALT: -1.34
[1499, 1500, 1600, 1500, 988, 950, 988, 1600, 1001, 1001, 1001, 1001, 1500, 1500, 1500, 1500]
12:04:13.097830 ALT: -1.34
12:04:13.098027 ATT: [-176.5, 0.0, 73]
12:04:13.098721 ACC: [0, -32, -516]
[1499, 1500, 1600, 1500, 988, 950, 988, 1600, 1001, 1001, 1001, 1001, 1500, 1500, 1500, 1500]
12:04:13.119506 Navigation got ALT: -1.34
[1500, 1500, 1600, 1500, 988, 950, 988, 1598, 1001, 1001, 1001, 1001, 1500, 1500, 1500, 1500]
[1500, 1500, 1600, 1500, 988, 950, 988, 1598, 1001, 1001, 1001, 1001, 1500, 1500, 1500, 1500]
12:04:13.145567 ALT: -1.34
12:04:13.145653 ATT: [-176.5, 0.0, 73]
12:04:13.145935 ACC: [0, -32, -515]
12:04:13.159876 Navigation got ALT: -1.34
[1500, 1500, 1600, 1500, 988, 950, 988, 1598, 1001, 1001, 1001, 1001, 1500, 1500, 1500, 1500]
[1500, 1500, 1600, 1500, 988, 950, 988, 1598, 1001, 1001, 1001, 1001, 1500, 1500, 1500, 1500]
12:04:13.193614 ALT: -1.34
12:04:13.193702 ATT: [-176.5, 0.0, 73]
12:04:13.193977 ACC: [0, -32, -515]
12:04:13.199648 Navigation got ALT: -1.34
[1499, 1500, 1600, 1500, 988, 950, 988, 1600, 1001, 1001, 1001, 1001, 1500, 1500, 1500, 1500]
[1499, 1500, 1600, 1500, 988, 950, 988, 1600, 1001, 1001, 1001, 1001, 1500, 1500, 1500, 1500]
12:04:13.239386 Navigation got ALT: -1.34
[1500, 1500, 1600, 1500, 988, 950, 988, 1600, 1001, 1001, 1001, 1001, 1500, 1500, 1500, 1500]
12:04:13.241573 ALT: -1.34
12:04:13.241659 ATT: [-176.5, 0.0, 73]
12:04:13.241954 ACC: [0, -32, -515]
[1500, 1500, 1600, 1500, 988, 950, 988, 1600, 1001, 1001, 1001, 1001, 1500, 1500, 1500, 1500]
12:04:13.279399 Navigation got ALT: -1.34
[1500, 1500, 1600, 1500, 988, 950, 988, 1600, 1001, 1001, 1001, 1001, 1500, 1500, 1500, 1500]
12:04:13.289617 ALT: -1.34
12:04:13.289703 ATT: [-176.5, 0.0, 73]
12:04:13.289973 ACC: [0, -32, -515]
[1500, 1500, 1600, 1500, 988, 950, 988, 1600, 1001, 1001, 1001, 1001, 1500, 1500, 1500, 1500]
12:04:13.319435 Navigation got ALT: -1.34
[1500, 1500, 1600, 1499, 988, 950, 988, 1600, 1001, 1001, 1001, 1001, 1500, 1500, 1500, 1500]
12:04:13.337899 ALT: -1.34
12:04:13.338062 ATT: [-176.5, 0.0, 73]
12:04:13.338395 ACC: [0, -32, -515]
[1500, 1500, 1600, 1499, 988, 950, 988, 1600, 1001, 1001, 1001, 1001, 1500, 1500, 1500, 1500]
12:04:13.359650 Navigation got ALT: -1.34
[1500, 1500, 1600, 1500, 988, 950, 988, 1600, 1001, 1001, 1001, 1001, 1500, 1500, 1500, 1500]
[1500, 1500, 1600, 1500, 988, 950, 988, 1600, 1001, 1001, 1001, 1001, 1500, 1500, 1500, 1500]
12:04:13.386347 ALT: -1.34
12:04:13.386441 ATT: [-176.5, 0.0, 73]
12:04:13.386701 ACC: [0, -32, -516]
12:04:13.399681 Navigation got ALT: -1.34
[1500, 1500, 1600, 1499, 988, 950, 988, 1600, 1001, 1001, 1001, 1001, 1500, 1500, 1500, 1500]
[1500, 1500, 1600, 1499, 988, 950, 988, 1600, 1001, 1001, 1001, 1001, 1500, 1500, 1500, 1500]
12:04:13.433941 ALT: -1.34
12:04:13.434100 ATT: [-176.5, 0.0, 73]
12:04:13.434470 ACC: [0, -31, -515]
12:04:13.439517 Navigation got ALT: -1.34
[1499, 1500, 1600, 1500, 988, 950, 988, 1600, 1001, 1001, 1001, 1001, 1500, 1500, 1500, 1500]
[1499, 1500, 1600, 1500, 988, 950, 988, 1600, 1001, 1001, 1001, 1001, 1500, 1500, 1500, 1500]
12:04:13.479520 Navigation got ALT: -1.34
[1499, 1500, 1600, 1500, 988, 950, 988, 1600, 1001, 1001, 1001, 1001, 1500, 1500, 1500, 1500]
12:04:13.482011 ALT: -1.34
12:04:13.482337 ATT: [-176.5, 0.0, 73]
12:04:13.482860 ACC: [0, -32, -515]
[1499, 1500, 1600, 1500, 988, 950, 988, 1600, 1001, 1001, 1001, 1001, 1500, 1500, 1500, 1500]
12:04:13.519376 Navigation got ALT: -1.34
[1500, 1500, 1600, 1500, 988, 950, 988, 1600, 1001, 1001, 1001, 1001, 1500, 1500, 1500, 1500]
12:04:13.529645 ALT: -1.34
12:04:13.529735 ATT: [-176.5, 0.0, 73]
12:04:13.530047 ACC: [0, -32, -516]
[1500, 1500, 1600, 1500, 988, 950, 988, 1600, 1001, 1001, 1001, 1001, 1500, 1500, 1500, 1500]
12:04:13.559658 Navigation got ALT: -1.34
[1500, 1499, 1600, 1500, 988, 950, 988, 1600, 1001, 1001, 1001, 1001, 1500, 1500, 1500, 1500]
12:04:13.577615 ALT: -1.34
12:04:13.577702 ATT: [-176.5, 0.0, 73]
12:04:13.577967 ACC: [0, -32, -516]
[1500, 1499, 1600, 1500, 988, 950, 988, 1600, 1001, 1001, 1001, 1001, 1500, 1500, 1500, 1500]
12:04:13.599619 Navigation got ALT: -1.34
[1500, 1500, 1600, 1500, 988, 950, 988, 1600, 1001, 1001, 1001, 1001, 1500, 1500, 1500, 1500]
[1500, 1500, 1600, 1500, 988, 950, 988, 1600, 1001, 1001, 1001, 1001, 1500, 1500, 1500, 1500]
12:04:13.625819 ALT: -1.34
12:04:13.625916 ATT: [-176.5, 0.0, 73]
12:04:13.626548 ACC: [0, -32, -515]
12:04:13.639459 Navigation got ALT: -1.34
[1500, 1500, 1600, 1499, 988, 950, 988, 1600, 1001, 1001, 1001, 1001, 1500, 1500, 1500, 1500]
[1500, 1500, 1600, 1499, 988, 950, 988, 1600, 1001, 1001, 1001, 1001, 1500, 1500, 1500, 1500]
12:04:13.673701 ALT: -1.34
12:04:13.673822 ATT: [-176.5, 0.0, 73]
12:04:13.674124 ACC: [0, -31, -515]
12:04:13.679625 Navigation got ALT: -1.34
[1499, 1500, 1600, 1500, 988, 950, 988, 1600, 1001, 1001, 1001, 1001, 1500, 1500, 1500, 1500]
[1499, 1500, 1600, 1500, 988, 950, 988, 1600, 1001, 1001, 1001, 1001, 1500, 1500, 1500, 1500]
12:04:13.719305 Navigation got ALT: -1.34
[1499, 1500, 1600, 1500, 986, 950, 988, 1600, 1001, 1001, 1001, 1001, 1500, 1500, 1500, 1500]
12:04:13.721555 ALT: -1.34
12:04:13.721597 ATT: [-176.5, 0.0, 73]
12:04:13.721831 ACC: [0, -32, -516]
[1499, 1500, 1600, 1500, 986, 950, 988, 1600, 1001, 1001, 1001, 1001, 1500, 1500, 1500, 1500]
12:04:13.759469 Navigation got ALT: -1.34
[1500, 1499, 1600, 1500, 988, 950, 988, 1600, 1001, 1001, 1001, 1001, 1500, 1500, 1500, 1500]
12:04:13.770052 ALT: -1.34
12:04:13.770313 ATT: [-176.5, 0.0, 73]
12:04:13.770665 ACC: [0, -32, -515]
[1500, 1499, 1600, 1500, 988, 950, 988, 1600, 1001, 1001, 1001, 1001, 1500, 1500, 1500, 1500]
12:04:13.799621 Navigation got ALT: -1.34
[1500, 1500, 1600, 1500, 988, 950, 988, 1600, 1001, 1001, 1001, 1001, 1500, 1500, 1500, 1500]
12:04:13.818004 ALT: -1.34
12:04:13.818378 ATT: [-176.5, 0.0, 73]
12:04:13.818807 ACC: [0, -32, -516]
[1500, 1500, 1600, 1500, 988, 950, 988, 1600, 1001, 1001, 1001, 1001, 1500, 1500, 1500, 1500]
12:04:13.839364 Navigation got ALT: -1.34
[1500, 1500, 1600, 1500, 988, 950, 988, 1600, 1001, 1001, 1001, 1001, 1500, 1500, 1500, 1500]
[1500, 1500, 1600, 1500, 988, 950, 988, 1600, 1001, 1001, 1001, 1001, 1500, 1500, 1500, 1500]
12:04:13.866157 ALT: -1.34
12:04:13.866252 ATT: [-176.5, 0.0, 73]
12:04:13.866512 ACC: [0, -32, -516]
12:04:13.879483 Navigation got ALT: -1.34
[1500, 1500, 1600, 1500, 988, 950, 988, 1598, 1001, 1001, 1001, 1001, 1500, 1500, 1500, 1500]
[1500, 1500, 1600, 1500, 988, 950, 988, 1598, 1001, 1001, 1001, 1001, 1500, 1500, 1500, 1500]
12:04:13.913848 ALT: -1.34
12:04:13.913949 ATT: [-176.5, 0.0, 73]
12:04:13.914334 ACC: [0, -32, -515]
12:04:13.919758 Navigation got ALT: -1.34
[1500, 1500, 1600, 1500, 988, 950, 988, 1600, 1001, 1001, 1001, 1001, 1500, 1500, 1500, 1500]
[1500, 1500, 1600, 1500, 988, 950, 988, 1600, 1001, 1001, 1001, 1001, 1500, 1500, 1500, 1500]
12:04:13.959392 Navigation got ALT: -1.34
[1500, 1499, 1600, 1500, 988, 950, 988, 1600, 1001, 1001, 1001, 1001, 1500, 1500, 1500, 1500]
12:04:13.961662 ALT: -1.34
12:04:13.961739 ATT: [-176.5, 0.0, 73]
12:04:13.962003 ACC: [0, -32, -515]
[1500, 1499, 1600, 1500, 988, 950, 988, 1600, 1001, 1001, 1001, 1001, 1500, 1500, 1500, 1500]
12:04:13.999657 Navigation got ALT: -1.34
[1500, 1499, 1600, 1500, 988, 950, 988, 1598, 1001, 1001, 1001, 1001, 1500, 1500, 1500, 1500]
12:04:14.010004 ALT: -1.34
12:04:14.010209 ATT: [-176.5, 0.0, 73]
12:04:14.010673 ACC: [0, -32, -516]
[1500, 1499, 1600, 1500, 988, 950, 988, 1598, 1001, 1001, 1001, 1001, 1500, 1500, 1500, 1500]
12:04:14.039313 Navigation got ALT: -1.34
[1500, 1500, 1600, 1500, 988, 950, 988, 1600, 1001, 1001, 1001, 1001, 1500, 1500, 1500, 1500]
12:04:14.057695 ALT: -1.34
12:04:14.057801 ATT: [-176.5, 0.0, 73]
12:04:14.058045 ACC: [0, -31, -515]
[1500, 1500, 1600, 1500, 988, 950, 988, 1600, 1001, 1001, 1001, 1001, 1500, 1500, 1500, 1500]
12:04:14.079371 Navigation got ALT: -1.34
[1500, 1499, 1600, 1500, 988, 950, 988, 1598, 1001, 1001, 1001, 1001, 1500, 1500, 1500, 1500]
[1500, 1499, 1600, 1500, 988, 950, 988, 1598, 1001, 1001, 1001, 1001, 1500, 1500, 1500, 1500]
12:04:14.105697 ALT: -1.34
12:04:14.105820 ATT: [-176.5, 0.0, 73]
12:04:14.106139 ACC: [0, -32, -516]
12:04:14.119424 Navigation got ALT: -1.34
[1500, 1500, 1600, 1500, 988, 950, 988, 1600, 1001, 1001, 1001, 1001, 1500, 1500, 1500, 1500]
[1500, 1500, 1600, 1500, 988, 950, 988, 1600, 1001, 1001, 1001, 1001, 1500, 1500, 1500, 1500]
12:04:14.154049 ALT: -1.34
12:04:14.154150 ATT: [-176.5, 0.0, 73]
12:04:14.154513 ACC: [0, -32, -515]
12:04:14.159884 Navigation got ALT: -1.34
[1500, 1500, 1600, 1499, 988, 950, 988, 1600, 1001, 1001, 1001, 1001, 1500, 1500, 1500, 1500]
[1500, 1500, 1600, 1499, 988, 950, 988, 1600, 1001, 1001, 1001, 1001, 1500, 1500, 1500, 1500]
12:04:14.199738 Navigation got ALT: -1.34
[1500, 1499, 1600, 1500, 988, 950, 988, 1600, 1001, 1001, 1001, 1001, 1500, 1500, 1500, 1500]
12:04:14.202119 ALT: -1.34
12:04:14.202414 ATT: [-176.5, 0.0, 73]
12:04:14.202793 ACC: [0, -32, -516]
[1500, 1499, 1600, 1500, 988, 950, 988, 1600, 1001, 1001, 1001, 1001, 1500, 1500, 1500, 1500]
12:04:14.239937 Navigation got ALT: -1.34
[1500, 1500, 1600, 1500, 988, 950, 988, 1600, 1001, 1001, 1001, 1001, 1500, 1500, 1500, 1500]
[1500, 1500, 1600, 1500, 988, 950, 988, 1600, 1001, 1001, 1001, 1001, 1500, 1500, 1500, 1500]
12:04:14.266045 ALT: -1.34
12:04:14.266339 ATT: [-176.5, 0.0, 73]
12:04:14.266791 ACC: [0, -32, -515]
12:04:14.279442 Navigation got ALT: -1.34
[1500, 1500, 1600, 1500, 988, 950, 988, 1600, 1001, 1001, 1001, 1001, 1500, 1500, 1500, 1500]
[1500, 1500, 1600, 1500, 988, 950, 988, 1600, 1001, 1001, 1001, 1001, 1500, 1500, 1500, 1500]
12:04:14.313887 ALT: -1.34
12:04:14.313993 ATT: [-176.5, 0.0, 73]
12:04:14.314353 ACC: [0, -32, -515]
12:04:14.319720 Navigation got ALT: -1.34
[1500, 1500, 1600, 1499, 988, 950, 988, 1600, 1001, 1001, 1001, 1001, 1500, 1500, 1500, 1500]
[1500, 1500, 1600, 1499, 988, 950, 988, 1600, 1001, 1001, 1001, 1001, 1500, 1500, 1500, 1500]
12:04:14.359491 Navigation got ALT: -1.34
[1499, 1500, 1600, 1500, 988, 950, 988, 1598, 1001, 1001, 1001, 1001, 1500, 1500, 1500, 1500]
12:04:14.361749 ALT: -1.34
12:04:14.361902 ATT: [-176.5, 0.0, 73]
12:04:14.362206 ACC: [0, -32, -515]
[1499, 1500, 1600, 1500, 988, 950, 988, 1598, 1001, 1001, 1001, 1001, 1500, 1500, 1500, 1500]
12:04:14.399682 Navigation got ALT: -1.34
[1500, 1499, 1600, 1500, 988, 950, 988, 1600, 1001, 1001, 1001, 1001, 1500, 1500, 1500, 1500]
12:04:14.409765 ALT: -1.34
12:04:14.409897 ATT: [-176.5, 0.0, 73]
12:04:14.410325 ACC: [0, -31, -516]
[1500, 1499, 1600, 1500, 988, 950, 988, 1600, 1001, 1001, 1001, 1001, 1500, 1500, 1500, 1500]
12:04:14.439433 Navigation got ALT: -1.34
[1500, 1500, 1600, 1499, 988, 950, 988, 1600, 1001, 1001, 1001, 1001, 1500, 1500, 1500, 1500]
12:04:14.457829 ALT: -1.34
12:04:14.457917 ATT: [-176.5, 0.0, 73]
12:04:14.458256 ACC: [0, -32, -516]
[1500, 1500, 1600, 1499, 988, 950, 988, 1600, 1001, 1001, 1001, 1001, 1500, 1500, 1500, 1500]
12:04:14.479442 Navigation got ALT: -1.34
[1500, 1500, 1600, 1500, 988, 950, 988, 1600, 1001, 1001, 1001, 1001, 1500, 1500, 1500, 1500]
[1500, 1500, 1600, 1500, 988, 950, 988, 1600, 1001, 1001, 1001, 1001, 1500, 1500, 1500, 1500]
12:04:14.505800 ALT: -1.34
12:04:14.505890 ATT: [-176.5, 0.0, 73]
12:04:14.506148 ACC: [0, -32, -516]
12:04:14.519777 Navigation got ALT: -1.34
[1500, 1500, 1600, 1500, 988, 950, 988, 1600, 1001, 1001, 1001, 1001, 1500, 1500, 1500, 1500]
[1500, 1500, 1600, 1500, 988, 950, 988, 1600, 1001, 1001, 1001, 1001, 1500, 1500, 1500, 1500]
12:04:14.554055 ALT: -1.34
12:04:14.554146 ATT: [-176.5, 0.0, 73]
12:04:14.554442 ACC: [0, -32, -516]
12:04:14.559435 Navigation got ALT: -1.34
[1500, 1500, 1600, 1500, 988, 950, 988, 1600, 1001, 1001, 1001, 1001, 1500, 1500, 1500, 1500]
[1500, 1500, 1600, 1500, 988, 950, 988, 1600, 1001, 1001, 1001, 1001, 1500, 1500, 1500, 1500]
12:04:14.599678 Navigation got ALT: -1.34
[1499, 1500, 1600, 1499, 988, 950, 988, 1600, 1001, 1001, 1001, 1001, 1500, 1500, 1500, 1500]
12:04:14.602473 ALT: -1.34
12:04:14.602618 ATT: [-176.5, 0.0, 73]
12:04:14.602970 ACC: [0, -32, -516]
[1499, 1500, 1600, 1499, 988, 950, 988, 1600, 1001, 1001, 1001, 1001, 1500, 1500, 1500, 1500]
12:04:14.639342 Navigation got ALT: -1.34
[1500, 1500, 1600, 1500, 988, 950, 988, 1600, 1001, 1001, 1001, 1001, 1500, 1500, 1500, 1500]
12:04:14.650280 ALT: -1.34
12:04:14.650385 ATT: [-176.5, 0.0, 73]
12:04:14.650789 ACC: [0, -32, -515]
[1500, 1500, 1600, 1500, 988, 950, 988, 1600, 1001, 1001, 1001, 1001, 1500, 1500, 1500, 1500]
12:04:14.679433 Navigation got ALT: -1.34
[1500, 1499, 1600, 1500, 988, 950, 988, 1598, 1001, 1001, 1001, 1001, 1500, 1500, 1500, 1500]
12:04:14.698193 ALT: -1.34
12:04:14.698561 ATT: [-176.5, 0.0, 73]
12:04:14.699002 ACC: [0, -32, -516]
[1500, 1499, 1600, 1500, 988, 950, 988, 1598, 1001, 1001, 1001, 1001, 1500, 1500, 1500, 1500]
12:04:14.719840 Navigation got ALT: -1.34
[1500, 1500, 1600, 1500, 988, 950, 988, 1600, 1001, 1001, 1001, 1001, 1500, 1500, 1500, 1500]
[1500, 1500, 1600, 1500, 988, 950, 988, 1600, 1001, 1001, 1001, 1001, 1500, 1500, 1500, 1500]
12:04:14.745822 ALT: -1.34
12:04:14.745908 ATT: [-176.5, 0.0, 73]
12:04:14.746200 ACC: [0, -32, -515]
12:04:14.759552 Navigation got ALT: -1.34
[1500, 1499, 1600, 1500, 988, 950, 988, 1600, 1001, 1001, 1001, 1001, 1500, 1500, 1500, 1500]
[1500, 1499, 1600, 1500, 988, 950, 988, 1600, 1001, 1001, 1001, 1001, 1500, 1500, 1500, 1500]
12:04:14.793989 ALT: -1.34
12:04:14.794222 ATT: [-176.5, 0.0, 73]
12:04:14.794812 ACC: [0, -32, -516]
12:04:14.800589 Navigation got ALT: -1.34
[1500, 1499, 1600, 1499, 988, 950, 988, 1600, 1001, 1001, 1001, 1001, 1500, 1500, 1500, 1500]
[1500, 1499, 1600, 1499, 988, 950, 988, 1600, 1001, 1001, 1001, 1001, 1500, 1500, 1500, 1500]
12:04:14.839400 Navigation got ALT: -1.34
[1500, 1500, 1600, 1499, 988, 950, 988, 1600, 1001, 1001, 1001, 1001, 1500, 1500, 1500, 1500]
12:04:14.841744 ALT: -1.34
12:04:14.841841 ATT: [-176.5, 0.0, 73]
12:04:14.842063 ACC: [0, -32, -516]
[1500, 1500, 1600, 1499, 988, 950, 988, 1600, 1001, 1001, 1001, 1001, 1500, 1500, 1500, 1500]
12:04:14.879530 Navigation got ALT: -1.34
[1499, 1500, 1600, 1500, 988, 950, 988, 1598, 1001, 1001, 1001, 1001, 1500, 1500, 1500, 1500]
12:04:14.889831 ALT: -1.34
12:04:14.889925 ATT: [-176.5, 0.0, 73]
12:04:14.890178 ACC: [0, -32, -516]
[1499, 1500, 1600, 1500, 988, 950, 988, 1598, 1001, 1001, 1001, 1001, 1500, 1500, 1500, 1500]
12:04:14.919377 Navigation got ALT: -1.34
[1500, 1500, 1600, 1500, 988, 950, 988, 1600, 1001, 1001, 1001, 1001, 1500, 1500, 1500, 1500]
12:04:14.938237 ALT: -1.34
12:04:14.938342 ATT: [-176.5, 0.0, 73]
12:04:14.938617 ACC: [0, -31, -516]
[1500, 1500, 1600, 1500, 988, 950, 988, 1600, 1001, 1001, 1001, 1001, 1500, 1500, 1500, 1500]
12:04:14.959526 Navigation got ALT: -1.34
[1499, 1500, 1600, 1500, 989, 949, 988, 1600, 1001, 1001, 1001, 1001, 1500, 1500, 1500, 1500]
[1499, 1500, 1600, 1500, 989, 949, 988, 1600, 1001, 1001, 1001, 1001, 1500, 1500, 1500, 1500]
12:04:14.986220 ALT: -1.34
12:04:14.986541 ATT: [-176.5, 0.0, 73]
12:04:14.987075 ACC: [0, -32, -515]
12:04:15.000006 Navigation got ALT: -1.34
[1500, 1500, 1600, 1500, 988, 950, 988, 1600, 1001, 1001, 1001, 1001, 1500, 1500, 1500, 1500]
[1500, 1500, 1600, 1500, 988, 950, 988, 1600, 1001, 1001, 1001, 1001, 1500, 1500, 1500, 1500]
12:04:15.034157 ALT: -1.34
12:04:15.034274 ATT: [-176.5, 0.0, 73]
12:04:15.034757 ACC: [0, -32, -515]
12:04:15.039574 Navigation got ALT: -1.34
[1499, 1500, 1600, 1500, 988, 950, 988, 1600, 1001, 1001, 1001, 1001, 1500, 1500, 1500, 1500]
[1499, 1500, 1600, 1500, 988, 950, 988, 1600, 1001, 1001, 1001, 1001, 1500, 1500, 1500, 1500]
12:04:15.079530 Navigation got ALT: -1.34
[1500, 1500, 1600, 1499, 988, 950, 988, 1600, 1001, 1001, 1001, 1001, 1500, 1500, 1500, 1500]
12:04:15.082075 ALT: -1.34
12:04:15.082247 ATT: [-176.5, 0.0, 73]
12:04:15.083109 ACC: [0, -32, -515]
[1500, 1500, 1600, 1499, 988, 950, 988, 1600, 1001, 1001, 1001, 1001, 1500, 1500, 1500, 1500]
12:04:15.119947 Navigation got ALT: -1.34
[1499, 1500, 1600, 1500, 989, 949, 988, 1600, 1001, 1001, 1001, 1001, 1500, 1500, 1500, 1500]
12:04:15.129890 ALT: -1.34
12:04:15.129980 ATT: [-176.5, 0.0, 73]
12:04:15.130242 ACC: [0, -31, -515]
[1499, 1500, 1600, 1500, 989, 949, 988, 1600, 1001, 1001, 1001, 1001, 1500, 1500, 1500, 1500]
12:04:15.159378 Navigation got ALT: -1.34
[1500, 1500, 1600, 1500, 988, 950, 988, 1600, 1001, 1001, 1001, 1001, 1500, 1500, 1500, 1500]
12:04:15.178006 ALT: -1.34
12:04:15.178098 ATT: [-176.5, 0.0, 73]
12:04:15.178358 ACC: [0, -32, -515]
[1500, 1500, 1600, 1500, 988, 950, 988, 1600, 1001, 1001, 1001, 1001, 1500, 1500, 1500, 1500]
12:04:15.199763 Navigation got ALT: -1.34
[1500, 1499, 1600, 1500, 988, 950, 988, 1600, 1001, 1001, 1001, 1001, 1500, 1500, 1500, 1500]
[1500, 1499, 1600, 1500, 988, 950, 988, 1600, 1001, 1001, 1001, 1001, 1500, 1500, 1500, 1500]
12:04:15.225931 ALT: -1.34
12:04:15.226024 ATT: [-176.5, 0.0, 73]
12:04:15.226342 ACC: [0, -32, -516]
12:04:15.239536 Navigation got ALT: -1.34
[1500, 1500, 1600, 1500, 988, 950, 988, 1600, 1001, 1001, 1001, 1001, 1500, 1500, 1500, 1500]
[1500, 1500, 1600, 1500, 988, 950, 988, 1600, 1001, 1001, 1001, 1001, 1500, 1500, 1500, 1500]
12:04:15.273904 ALT: -1.34
12:04:15.273993 ATT: [-176.5, 0.0, 73]
12:04:15.274238 ACC: [0, -32, -515]
12:04:15.279515 Navigation got ALT: -1.34
[1500, 1500, 1600, 1500, 988, 950, 988, 1598, 1001, 1001, 1001, 1001, 1500, 1500, 1500, 1500]
[1500, 1500, 1600, 1500, 988, 950, 988, 1598, 1001, 1001, 1001, 1001, 1500, 1500, 1500, 1500]
12:04:15.319344 Navigation got ALT: -1.34
[1500, 1500, 1600, 1500, 988, 950, 988, 1598, 1001, 1001, 1001, 1001, 1500, 1500, 1500, 1500]
12:04:15.321768 ALT: -1.34
12:04:15.321830 ATT: [-176.5, 0.0, 73]
12:04:15.322038 ACC: [0, -31, -516]
[1500, 1500, 1600, 1500, 988, 950, 988, 1598, 1001, 1001, 1001, 1001, 1500, 1500, 1500, 1500]
12:04:15.359361 Navigation got ALT: -1.34
[1499, 1499, 1600, 1500, 988, 950, 988, 1600, 1001, 1001, 1001, 1001, 1500, 1500, 1500, 1500]
12:04:15.370295 ALT: -1.34
12:04:15.370396 ATT: [-176.5, 0.0, 73]
12:04:15.370745 ACC: [0, -32, -516]
[1499, 1499, 1600, 1500, 988, 950, 988, 1600, 1001, 1001, 1001, 1001, 1500, 1500, 1500, 1500]
12:04:15.399786 Navigation got ALT: -1.34
[1500, 1499, 1600, 1500, 988, 950, 988, 1598, 1001, 1001, 1001, 1001, 1500, 1500, 1500, 1500]
12:04:15.418502 ALT: -1.34
12:04:15.418633 ATT: [-176.5, 0.0, 73]
12:04:15.418968 ACC: [0, -32, -515]
[1500, 1499, 1600, 1500, 988, 950, 988, 1598, 1001, 1001, 1001, 1001, 1500, 1500, 1500, 1500]
12:04:15.439442 Navigation got ALT: -1.34
[1500, 1500, 1600, 1500, 988, 950, 988, 1600, 1001, 1001, 1001, 1001, 1500, 1500, 1500, 1500]
[1500, 1500, 1600, 1500, 988, 950, 988, 1600, 1001, 1001, 1001, 1001, 1500, 1500, 1500, 1500]
12:04:15.466414 ALT: -1.34
12:04:15.466524 ATT: [-176.5, 0.0, 73]
12:04:15.466933 ACC: [0, -32, -515]
12:04:15.479490 Navigation got ALT: -1.34
[1500, 1500, 1600, 1500, 988, 950, 988, 1600, 1001, 1001, 1001, 1001, 1500, 1500, 1500, 1500]
[1500, 1500, 1600, 1500, 988, 950, 988, 1600, 1001, 1001, 1001, 1001, 1500, 1500, 1500, 1500]
12:04:15.514092 ALT: -1.34
12:04:15.514215 ATT: [-176.5, 0.0, 73]
12:04:15.514577 ACC: [0, -32, -516]
12:04:15.519834 Navigation got ALT: -1.34
[1500, 1500, 1600, 1500, 988, 950, 988, 1600, 1001, 1001, 1001, 1001, 1500, 1500, 1500, 1500]
[1500, 1500, 1600, 1500, 988, 950, 988, 1600, 1001, 1001, 1001, 1001, 1500, 1500, 1500, 1500]
12:04:15.559403 Navigation got ALT: -1.34
[1500, 1500, 1600, 1500, 988, 950, 988, 1600, 1001, 1001, 1001, 1001, 1500, 1500, 1500, 1500]
12:04:15.562008 ALT: -1.34
12:04:15.562094 ATT: [-176.5, 0.0, 73]
12:04:15.562384 ACC: [0, -31, -516]
[1500, 1500, 1600, 1500, 988, 950, 988, 1600, 1001, 1001, 1001, 1001, 1500, 1500, 1500, 1500]
12:04:15.599804 Navigation got ALT: -1.34
[1500, 1499, 1600, 1500, 988, 950, 988, 1600, 1001, 1001, 1001, 1001, 1500, 1500, 1500, 1500]
12:04:15.609912 ALT: -1.34
12:04:15.610009 ATT: [-176.5, 0.0, 73]
12:04:15.610535 ACC: [0, -32, -515]
[1500, 1499, 1600, 1500, 988, 950, 988, 1600, 1001, 1001, 1001, 1001, 1500, 1500, 1500, 1500]
12:04:15.639372 Navigation got ALT: -1.34
[1499, 1500, 1600, 1499, 988, 950, 988, 1600, 1001, 1001, 1001, 1001, 1500, 1500, 1500, 1500]
12:04:15.657908 ALT: -1.34
12:04:15.657995 ATT: [-176.5, 0.0, 73]
12:04:15.658234 ACC: [0, -32, -515]
[1499, 1500, 1600, 1499, 988, 950, 988, 1600, 1001, 1001, 1001, 1001, 1500, 1500, 1500, 1500]
12:04:15.679394 Navigation got ALT: -1.34
[1500, 1500, 1600, 1500, 988, 950, 988, 1600, 1001, 1001, 1001, 1001, 1500, 1500, 1500, 1500]
[1500, 1500, 1600, 1500, 988, 950, 988, 1600, 1001, 1001, 1001, 1001, 1500, 1500, 1500, 1500]
12:04:15.705981 ALT: -1.34
12:04:15.706069 ATT: [-176.5, 0.0, 73]
12:04:15.706323 ACC: [0, -32, -515]
12:04:15.719469 Navigation got ALT: -1.34
[1500, 1500, 1600, 1500, 988, 950, 988, 1600, 1001, 1001, 1001, 1001, 1500, 1500, 1500, 1500]
[1500, 1500, 1600, 1500, 988, 950, 988, 1600, 1001, 1001, 1001, 1001, 1500, 1500, 1500, 1500]
12:04:15.754409 ALT: -1.34
12:04:15.754501 ATT: [-176.5, 0.0, 73]
12:04:15.754745 ACC: [0, -32, -515]
12:04:15.759754 Navigation got ALT: -1.34
[1500, 1500, 1600, 1500, 989, 949, 988, 1598, 1001, 1001, 1001, 1001, 1500, 1500, 1500, 1500]
[1500, 1500, 1600, 1500, 989, 949, 988, 1598, 1001, 1001, 1001, 1001, 1500, 1500, 1500, 1500]
12:04:15.799800 Navigation got ALT: -1.34
[1500, 1499, 1600, 1500, 988, 950, 988, 1600, 1001, 1001, 1001, 1001, 1500, 1500, 1500, 1500]
12:04:15.802497 ALT: -1.34
12:04:15.802743 ATT: [-176.5, 0.0, 73]
12:04:15.803124 ACC: [0, -32, -515]
[1500, 1499, 1600, 1500, 988, 950, 988, 1600, 1001, 1001, 1001, 1001, 1500, 1500, 1500, 1500]
12:04:15.839392 Navigation got ALT: -1.34
[1499, 1500, 1600, 1500, 988, 950, 988, 1598, 1001, 1001, 1001, 1001, 1500, 1500, 1500, 1500]
12:04:15.850308 ALT: -1.34
12:04:15.850495 ATT: [-176.5, 0.0, 73]
12:04:15.851055 ACC: [0, -32, -515]
[1499, 1500, 1600, 1500, 988, 950, 988, 1598, 1001, 1001, 1001, 1001, 1500, 1500, 1500, 1500]
12:04:15.879395 Navigation got ALT: -1.34
[1499, 1500, 1600, 1500, 988, 950, 988, 1600, 1001, 1001, 1001, 1001, 1500, 1500, 1500, 1500]
12:04:15.898292 ALT: -1.34
12:04:15.898476 ATT: [-176.5, 0.0, 73]
12:04:15.899074 ACC: [0, -32, -516]
[1499, 1500, 1600, 1500, 988, 950, 988, 1600, 1001, 1001, 1001, 1001, 1500, 1500, 1500, 1500]
12:04:15.919574 Navigation got ALT: -1.34
[1499, 1500, 1600, 1500, 988, 950, 988, 1600, 1001, 1001, 1001, 1001, 1500, 1500, 1500, 1500]
[1499, 1500, 1600, 1500, 988, 950, 988, 1600, 1001, 1001, 1001, 1001, 1500, 1500, 1500, 1500]
12:04:15.946000 ALT: -1.34
12:04:15.946088 ATT: [-176.5, 0.0, 73]
12:04:15.946343 ACC: [0, -32, -515]
12:04:15.959586 Navigation got ALT: -1.34
[1500, 1500, 1600, 1500, 988, 950, 988, 1600, 1001, 1001, 1001, 1001, 1500, 1500, 1500, 1500]
[1500, 1500, 1600, 1500, 988, 950, 988, 1600, 1001, 1001, 1001, 1001, 1500, 1500, 1500, 1500]
12:04:15.994124 ALT: -1.34
12:04:15.994217 ATT: [-176.5, 0.0, 73]
12:04:15.994476 ACC: [0, -31, -515]
12:04:15.999911 Navigation got ALT: -1.34
[1500, 1500, 1600, 1500, 988, 950, 988, 1600, 1001, 1001, 1001, 1001, 1500, 1500, 1500, 1500]
[1500, 1500, 1600, 1500, 988, 950, 988, 1600, 1001, 1001, 1001, 1001, 1500, 1500, 1500, 1500]
12:04:16.039372 Navigation got ALT: -1.34
[1500, 1500, 1600, 1499, 988, 950, 988, 1598, 1001, 1001, 1001, 1001, 1500, 1500, 1500, 1500]
12:04:16.042030 ALT: -1.34
12:04:16.042119 ATT: [-176.5, 0.0, 73]
12:04:16.042372 ACC: [0, -32, -516]
[1500, 1500, 1600, 1499, 988, 950, 988, 1598, 1001, 1001, 1001, 1001, 1500, 1500, 1500, 1500]
12:04:16.079397 Navigation got ALT: -1.34
[1500, 1499, 1600, 1500, 988, 950, 988, 1600, 1001, 1001, 1001, 1001, 1500, 1500, 1500, 1500]
12:04:16.089991 ALT: -1.34
12:04:16.090078 ATT: [-176.5, 0.0, 73]
12:04:16.090330 ACC: [0, -32, -515]
[1500, 1499, 1600, 1500, 988, 950, 988, 1600, 1001, 1001, 1001, 1001, 1500, 1500, 1500, 1500]
12:04:16.119489 Navigation got ALT: -1.34
[1499, 1500, 1600, 1500, 988, 950, 988, 1600, 1001, 1001, 1001, 1001, 1500, 1500, 1500, 1500]
12:04:16.138268 ALT: -1.34
12:04:16.138368 ATT: [-176.5, 0.0, 73]
12:04:16.138687 ACC: [0, -32, -515]
[1499, 1500, 1600, 1500, 988, 950, 988, 1600, 1001, 1001, 1001, 1001, 1500, 1500, 1500, 1500]
12:04:16.159434 Navigation got ALT: -1.34
[1499, 1500, 1600, 1500, 988, 950, 988, 1600, 1001, 1001, 1001, 1001, 1500, 1500, 1500, 1500]
[1499, 1500, 1600, 1500, 988, 950, 988, 1600, 1001, 1001, 1001, 1001, 1500, 1500, 1500, 1500]
12:04:16.186287 ALT: -1.34
12:04:16.186386 ATT: [-176.5, 0.0, 73]
12:04:16.186681 ACC: [0, -32, -516]
12:04:16.199879 Navigation got ALT: -1.34
[1500, 1500, 1600, 1500, 988, 950, 988, 1600, 1001, 1001, 1001, 1001, 1500, 1500, 1500, 1500]
[1500, 1500, 1600, 1500, 988, 950, 988, 1600, 1001, 1001, 1001, 1001, 1500, 1500, 1500, 1500]
12:04:16.234807 ALT: -1.34
12:04:16.235113 ATT: [-176.5, 0.0, 73]
12:04:16.235559 ACC: [0, -32, -516]
12:04:16.239461 Navigation got ALT: -1.34
[1500, 1500, 1600, 1500, 988, 950, 988, 1600, 1001, 1001, 1001, 1001, 1500, 1500, 1500, 1500]
[1500, 1500, 1600, 1500, 988, 950, 988, 1600, 1001, 1001, 1001, 1001, 1500, 1500, 1500, 1500]
12:04:16.279540 Navigation got ALT: -1.34
[1500, 1499, 1600, 1499, 988, 950, 988, 1601, 1001, 1001, 1001, 1001, 1500, 1500, 1500, 1500]
12:04:16.282393 ALT: -1.34
12:04:16.282540 ATT: [-176.5, 0.0, 73]
12:04:16.282994 ACC: [0, -32, -516]
[1500, 1499, 1600, 1499, 988, 950, 988, 1601, 1001, 1001, 1001, 1001, 1500, 1500, 1500, 1500]
12:04:16.319605 Navigation got ALT: -1.34
[1499, 1500, 1600, 1500, 988, 950, 988, 1600, 1001, 1001, 1001, 1001, 1500, 1500, 1500, 1500]
[1499, 1500, 1600, 1500, 988, 950, 988, 1600, 1001, 1001, 1001, 1001, 1500, 1500, 1500, 1500]
12:04:16.346098 ALT: -1.34
12:04:16.346185 ATT: [-176.5, 0.0, 73]
12:04:16.346490 ACC: [0, -32, -515]
12:04:16.359535 Navigation got ALT: -1.34
[1500, 1499, 1600, 1500, 988, 950, 988, 1600, 1001, 1001, 1001, 1001, 1500, 1500, 1500, 1500]
[1500, 1499, 1600, 1500, 988, 950, 988, 1600, 1001, 1001, 1001, 1001, 1500, 1500, 1500, 1500]
12:04:16.394521 ALT: -1.34
12:04:16.394621 ATT: [-176.5, 0.0, 73]
12:04:16.394935 ACC: [1, -32, -515]
12:04:16.399904 Navigation got ALT: -1.34
[1500, 1500, 1600, 1500, 988, 950, 988, 1600, 1001, 1001, 1001, 1001, 1500, 1500, 1500, 1500]
[1500, 1500, 1600, 1500, 988, 950, 988, 1600, 1001, 1001, 1001, 1001, 1500, 1500, 1500, 1500]
12:04:16.439656 Navigation got ALT: -1.34
[1500, 1500, 1600, 1500, 988, 950, 988, 1600, 1001, 1001, 1001, 1001, 1500, 1500, 1500, 1500]
12:04:16.442205 ALT: -1.34
12:04:16.442304 ATT: [-176.5, 0.0, 73]
12:04:16.442659 ACC: [0, -32, -516]
[1500, 1500, 1600, 1500, 988, 950, 988, 1600, 1001, 1001, 1001, 1001, 1500, 1500, 1500, 1500]
12:04:16.479450 Navigation got ALT: -1.34
[1500, 1500, 1600, 1499, 988, 950, 988, 1597, 1001, 1001, 1001, 1001, 1500, 1500, 1500, 1500]
12:04:16.490085 ALT: -1.3
12:04:16.490171 ATT: [-176.5, 0.0, 73]
12:04:16.490421 ACC: [0, -32, -516]
[1500, 1500, 1600, 1499, 988, 950, 988, 1597, 1001, 1001, 1001, 1001, 1500, 1500, 1500, 1500]
12:04:16.519425 Navigation got ALT: -1.3
[1501, 1497, 1600, 1499, 988, 950, 988, 1600, 1001, 1001, 1001, 1001, 1500, 1500, 1500, 1500]
12:04:16.538395 ALT: -1.26
12:04:16.538494 ATT: [-176.5, 0.0, 73]
12:04:16.538770 ACC: [-1, -32, -516]
[1501, 1497, 1600, 1499, 988, 950, 988, 1600, 1001, 1001, 1001, 1001, 1500, 1500, 1500, 1500]
12:04:16.559427 Navigation got ALT: -1.26
[1500, 1499, 1600, 1499, 988, 950, 988, 1600, 1001, 1001, 1001, 1001, 1500, 1500, 1500, 1500]
[1500, 1499, 1600, 1499, 988, 950, 988, 1600, 1001, 1001, 1001, 1001, 1500, 1500, 1500, 1500]
12:04:16.586822 ALT: -1.25
12:04:16.586913 ATT: [-176.5, 0.0, 73]
12:04:16.587166 ACC: [0, -32, -515]
12:04:16.600007 Navigation got ALT: -1.25
[1500, 1500, 1600, 1500, 988, 950, 988, 1600, 1001, 1001, 1001, 1001, 1500, 1500, 1500, 1500]
[1500, 1500, 1600, 1500, 988, 950, 988, 1600, 1001, 1001, 1001, 1001, 1500, 1500, 1500, 1500]
12:04:16.634484 ALT: -1.25
12:04:16.634582 ATT: [-176.5, 0.0, 73]
12:04:16.634971 ACC: [0, -32, -515]
12:04:16.639643 Navigation got ALT: -1.25
[1500, 1500, 1600, 1500, 988, 950, 988, 1600, 1001, 1001, 1001, 1001, 1500, 1500, 1500, 1500]
[1500, 1500, 1600, 1500, 988, 950, 988, 1600, 1001, 1001, 1001, 1001, 1500, 1500, 1500, 1500]
12:04:16.679488 Navigation got ALT: -1.25
[1500, 1500, 1600, 1500, 988, 950, 988, 1600, 1001, 1001, 1001, 1001, 1500, 1500, 1500, 1500]
12:04:16.682341 ALT: -1.25
12:04:16.682644 ATT: [-176.5, 0.0, 73]
12:04:16.683151 ACC: [0, -32, -515]
[1500, 1500, 1600, 1500, 988, 950, 988, 1600, 1001, 1001, 1001, 1001, 1500, 1500, 1500, 1500]
12:04:16.719757 Navigation got ALT: -1.25
[1500, 1500, 1600, 1500, 988, 950, 988, 1600, 1001, 1001, 1001, 1001, 1500, 1500, 1500, 1500]
12:04:16.730136 ALT: -1.25
12:04:16.730225 ATT: [-176.5, 0.0, 73]
12:04:16.730490 ACC: [0, -32, -515]
[1500, 1500, 1600, 1500, 988, 950, 988, 1600, 1001, 1001, 1001, 1001, 1500, 1500, 1500, 1500]
12:04:16.759412 Navigation got ALT: -1.25
[1500, 1499, 1600, 1500, 988, 950, 988, 1600, 1001, 1001, 1001, 1001, 1500, 1500, 1500, 1500]
12:04:16.778138 ALT: -1.25
12:04:16.778227 ATT: [-176.5, 0.0, 73]
12:04:16.778475 ACC: [0, -32, -516]
[1500, 1499, 1600, 1500, 988, 950, 988, 1600, 1001, 1001, 1001, 1001, 1500, 1500, 1500, 1500]
12:04:16.800107 Navigation got ALT: -1.25
[1500, 1499, 1600, 1500, 988, 950, 988, 1600, 1001, 1001, 1001, 1001, 1500, 1500, 1500, 1500]
[1500, 1499, 1600, 1500, 988, 950, 988, 1600, 1001, 1001, 1001, 1001, 1500, 1500, 1500, 1500]
12:04:16.826172 ALT: -1.25
12:04:16.826262 ATT: [-176.5, 0.0, 73]
12:04:16.826631 ACC: [0, -32, -515]
12:04:16.839455 Navigation got ALT: -1.25
[1500, 1500, 1600, 1499, 988, 950, 988, 1597, 1001, 1001, 1001, 1001, 1500, 1500, 1500, 1500]
[1500, 1500, 1600, 1499, 988, 950, 988, 1597, 1001, 1001, 1001, 1001, 1500, 1500, 1500, 1500]
12:04:16.874127 ALT: -1.25
12:04:16.874214 ATT: [-176.5, 0.0, 73]
12:04:16.874464 ACC: [0, -32, -515]
12:04:16.879526 Navigation got ALT: -1.25
[1499, 1500, 1600, 1500, 988, 950, 988, 1598, 1001, 1001, 1001, 1001, 1500, 1500, 1500, 1500]
[1499, 1500, 1600, 1500, 988, 950, 988, 1598, 1001, 1001, 1001, 1001, 1500, 1500, 1500, 1500]
12:04:16.919412 Navigation got ALT: -1.25
[1500, 1500, 1600, 1500, 988, 950, 988, 1598, 1001, 1001, 1001, 1001, 1500, 1500, 1500, 1500]
12:04:16.922086 ALT: -1.25
12:04:16.922135 ATT: [-176.5, 0.0, 73]
12:04:16.922360 ACC: [0, -31, -515]
[1500, 1500, 1600, 1500, 988, 950, 988, 1598, 1001, 1001, 1001, 1001, 1500, 1500, 1500, 1500]
12:04:16.959630 Navigation got ALT: -1.25
[1499, 1500, 1600, 1500, 988, 950, 988, 1600, 1001, 1001, 1001, 1001, 1500, 1500, 1500, 1500]
12:04:16.970559 ALT: -1.25
12:04:16.970652 ATT: [-176.5, 0.0, 73]
12:04:16.970912 ACC: [0, -32, -516]
[1499, 1500, 1600, 1500, 988, 950, 988, 1600, 1001, 1001, 1001, 1001, 1500, 1500, 1500, 1500]
12:04:17.000034 Navigation got ALT: -1.25
[1499, 1500, 1600, 1500, 988, 950, 988, 1600, 1001, 1001, 1001, 1001, 1500, 1500, 1500, 1500]
12:04:17.018640 ALT: -1.25
12:04:17.018870 ATT: [-176.5, 0.0, 73]
12:04:17.019241 ACC: [0, -32, -516]
[1499, 1500, 1600, 1500, 988, 950, 988, 1600, 1001, 1001, 1001, 1001, 1500, 1500, 1500, 1500]
12:04:17.039715 Navigation got ALT: -1.25
[1500, 1500, 1600, 1500, 988, 950, 988, 1600, 1001, 1001, 1001, 1001, 1500, 1500, 1500, 1500]
[1500, 1500, 1600, 1500, 988, 950, 988, 1600, 1001, 1001, 1001, 1001, 1500, 1500, 1500, 1500]
12:04:17.066380 ALT: -1.25
12:04:17.066510 ATT: [-176.5, 0.0, 73]
12:04:17.066897 ACC: [0, -32, -516]
12:04:17.079572 Navigation got ALT: -1.25
[1499, 1500, 1600, 1500, 988, 950, 989, 1600, 1001, 1001, 1001, 1001, 1500, 1500, 1500, 1500]
[1499, 1500, 1600, 1500, 988, 950, 989, 1600, 1001, 1001, 1001, 1001, 1500, 1500, 1500, 1500]
12:04:17.114339 ALT: -1.25
12:04:17.114457 ATT: [-176.5, 0.0, 73]
12:04:17.114902 ACC: [0, -32, -516]
12:04:17.119979 Navigation got ALT: -1.25
[1500, 1499, 1600, 1500, 988, 950, 988, 1600, 1001, 1001, 1001, 1001, 1500, 1500, 1500, 1500]
[1500, 1499, 1600, 1500, 988, 950, 988, 1600, 1001, 1001, 1001, 1001, 1500, 1500, 1500, 1500]
12:04:17.159490 Navigation got ALT: -1.25
[1500, 1500, 1600, 1500, 988, 950, 988, 1600, 1001, 1001, 1001, 1001, 1500, 1500, 1500, 1500]
12:04:17.162168 ALT: -1.25
12:04:17.162250 ATT: [-176.5, 0.0, 73]
12:04:17.162487 ACC: [0, -32, -516]
[1500, 1500, 1600, 1500, 988, 950, 988, 1600, 1001, 1001, 1001, 1001, 1500, 1500, 1500, 1500]
12:04:17.199755 Navigation got ALT: -1.25
[1500, 1500, 1600, 1500, 988, 950, 988, 1600, 1001, 1001, 1001, 1001, 1500, 1500, 1500, 1500]
12:04:17.210566 ALT: -1.25
12:04:17.210744 ATT: [-176.5, 0.0, 73]
12:04:17.211312 ACC: [0, -33, -515]
[1500, 1500, 1600, 1500, 988, 950, 988, 1600, 1001, 1001, 1001, 1001, 1500, 1500, 1500, 1500]
12:04:17.239391 Navigation got ALT: -1.25
[1499, 1500, 1600, 1500, 988, 950, 988, 1600, 1001, 1001, 1001, 1001, 1500, 1500, 1500, 1500]
12:04:17.258117 ALT: -1.25
12:04:17.258208 ATT: [-176.5, 0.0, 73]
12:04:17.258457 ACC: [0, -31, -515]
[1499, 1500, 1600, 1500, 988, 950, 988, 1600, 1001, 1001, 1001, 1001, 1500, 1500, 1500, 1500]
12:04:17.279441 Navigation got ALT: -1.25
[1500, 1500, 1600, 1500, 988, 950, 988, 1600, 1001, 1001, 1001, 1001, 1500, 1500, 1500, 1500]
[1500, 1500, 1600, 1500, 988, 950, 988, 1600, 1001, 1001, 1001, 1001, 1500, 1500, 1500, 1500]
12:04:17.306163 ALT: -1.25
12:04:17.306248 ATT: [-176.5, 0.0, 73]
12:04:17.306487 ACC: [0, -31, -515]
12:04:17.319631 Navigation got ALT: -1.25
[1500, 1500, 1600, 1500, 988, 950, 989, 1600, 1001, 1001, 1001, 1001, 1500, 1500, 1500, 1500]
[1500, 1500, 1600, 1500, 988, 950, 989, 1600, 1001, 1001, 1001, 1001, 1500, 1500, 1500, 1500]
12:04:17.354692 ALT: -1.25
12:04:17.354778 ATT: [-176.5, 0.0, 73]
12:04:17.355033 ACC: [0, -32, -515]
12:04:17.359564 Navigation got ALT: -1.25
[1499, 1500, 1600, 1500, 988, 950, 988, 1600, 1001, 1001, 1001, 1001, 1500, 1500, 1500, 1500]
[1499, 1500, 1600, 1500, 988, 950, 988, 1600, 1001, 1001, 1001, 1001, 1500, 1500, 1500, 1500]
12:04:17.399924 Navigation got ALT: -1.25
[1499, 1500, 1600, 1500, 988, 950, 988, 1598, 1001, 1001, 1001, 1001, 1500, 1500, 1500, 1500]
12:04:17.402650 ALT: -1.25
12:04:17.402757 ATT: [-176.5, 0.0, 73]
12:04:17.403040 ACC: [0, -32, -516]
[1499, 1500, 1600, 1500, 988, 950, 988, 1598, 1001, 1001, 1001, 1001, 1500, 1500, 1500, 1500]
12:04:17.439371 Navigation got ALT: -1.25
[1500, 1500, 1600, 1500, 988, 950, 988, 1600, 1001, 1001, 1001, 1001, 1500, 1500, 1500, 1500]
12:04:17.450568 ALT: -1.25
12:04:17.450744 ATT: [-176.5, 0.0, 73]
12:04:17.451161 ACC: [0, -32, -516]
[1500, 1500, 1600, 1500, 988, 950, 988, 1600, 1001, 1001, 1001, 1001, 1500, 1500, 1500, 1500]
12:04:17.479424 Navigation got ALT: -1.25
[1499, 1500, 1600, 1500, 988, 950, 988, 1600, 1001, 1001, 1001, 1001, 1500, 1500, 1500, 1500]
12:04:17.498471 ALT: -1.25
12:04:17.498715 ATT: [-176.5, 0.0, 73]
12:04:17.499279 ACC: [0, -32, -515]
[1499, 1500, 1600, 1500, 988, 950, 988, 1600, 1001, 1001, 1001, 1001, 1500, 1500, 1500, 1500]
12:04:17.519810 Navigation got ALT: -1.25
[1500, 1500, 1600, 1500, 988, 950, 988, 1600, 1001, 1001, 1001, 1001, 1500, 1500, 1500, 1500]
[1500, 1500, 1600, 1500, 988, 950, 988, 1600, 1001, 1001, 1001, 1001, 1500, 1500, 1500, 1500]
12:04:17.546310 ALT: -1.25
12:04:17.546396 ATT: [-176.5, 0.0, 73]
12:04:17.546653 ACC: [0, -32, -515]
12:04:17.559554 Navigation got ALT: -1.25
[1500, 1499, 1600, 1500, 988, 950, 988, 1600, 1001, 1001, 1001, 1001, 1500, 1500, 1500, 1500]
[1500, 1499, 1600, 1500, 988, 950, 988, 1600, 1001, 1001, 1001, 1001, 1500, 1500, 1500, 1500]
12:04:17.594386 ALT: -1.25
12:04:17.594507 ATT: [-176.5, 0.0, 73]
12:04:17.594905 ACC: [0, -32, -515]
12:04:17.600165 Navigation got ALT: -1.25
[1500, 1500, 1600, 1500, 988, 950, 988, 1600, 1001, 1001, 1001, 1001, 1500, 1500, 1500, 1500]
[1500, 1500, 1600, 1500, 988, 950, 988, 1600, 1001, 1001, 1001, 1001, 1500, 1500, 1500, 1500]
12:04:17.639355 Navigation got ALT: -1.25
[1500, 1500, 1600, 1500, 988, 950, 988, 1598, 1001, 1001, 1001, 1001, 1500, 1500, 1500, 1500]
12:04:17.642207 ALT: -1.25
12:04:17.642293 ATT: [-176.5, 0.0, 73]
12:04:17.642592 ACC: [0, -32, -515]
[1500, 1500, 1600, 1500, 988, 950, 988, 1598, 1001, 1001, 1001, 1001, 1500, 1500, 1500, 1500]
12:04:17.679459 Navigation got ALT: -1.25
[1500, 1500, 1600, 1499, 988, 950, 988, 1600, 1001, 1001, 1001, 1001, 1500, 1500, 1500, 1500]
12:04:17.690211 ALT: -1.25
12:04:17.690297 ATT: [-176.5, 0.0, 73]
12:04:17.690550 ACC: [0, -32, -515]
[1500, 1500, 1600, 1499, 988, 950, 988, 1600, 1001, 1001, 1001, 1001, 1500, 1500, 1500, 1500]
12:04:17.719490 Navigation got ALT: -1.25
[1501, 1497, 1600, 1500, 988, 950, 988, 1600, 1001, 1001, 1001, 1001, 1500, 1500, 1500, 1500]
12:04:17.738316 ALT: -1.25
12:04:17.738404 ATT: [-176.5, 0.0, 73]
12:04:17.738664 ACC: [0, -32, -516]
[1501, 1497, 1600, 1500, 988, 950, 988, 1600, 1001, 1001, 1001, 1001, 1500, 1500, 1500, 1500]
12:04:17.759484 Navigation got ALT: -1.25
[1499, 1500, 1600, 1500, 988, 950, 988, 1600, 1001, 1001, 1001, 1001, 1500, 1500, 1500, 1500]
[1499, 1500, 1600, 1500, 988, 950, 988, 1600, 1001, 1001, 1001, 1001, 1500, 1500, 1500, 1500]
12:04:17.786432 ALT: -1.25
12:04:17.786618 ATT: [-176.5, 0.0, 73]
12:04:17.787485 ACC: [0, -32, -516]
12:04:17.800110 Navigation got ALT: -1.25
[1500, 1500, 1600, 1500, 988, 950, 988, 1600, 1001, 1001, 1001, 1001, 1500, 1500, 1500, 1500]
[1500, 1500, 1600, 1500, 988, 950, 988, 1600, 1001, 1001, 1001, 1001, 1500, 1500, 1500, 1500]
12:04:17.835225 ALT: -1.25
12:04:17.835316 ATT: [-176.5, 0.0, 73]
12:04:17.835565 ACC: [0, -32, -516]
12:04:17.839439 Navigation got ALT: -1.25
[1500, 1500, 1600, 1500, 988, 950, 988, 1600, 1001, 1001, 1001, 1001, 1500, 1500, 1500, 1500]
[1500, 1500, 1600, 1500, 988, 950, 988, 1600, 1001, 1001, 1001, 1001, 1500, 1500, 1500, 1500]
12:04:17.879460 Navigation got ALT: -1.25
[1500, 1500, 1600, 1500, 988, 950, 988, 1600, 1001, 1001, 1001, 1001, 1500, 1500, 1500, 1500]
12:04:17.882504 ALT: -1.25
12:04:17.882814 ATT: [-176.5, 0.0, 73]
12:04:17.883303 ACC: [0, -32, -515]
[1500, 1500, 1600, 1500, 988, 950, 988, 1600, 1001, 1001, 1001, 1001, 1500, 1500, 1500, 1500]
12:04:17.919531 Navigation got ALT: -1.25
[1500, 1500, 1600, 1500, 988, 950, 988, 1600, 1001, 1001, 1001, 1001, 1500, 1500, 1500, 1500]
12:04:17.930317 ALT: -1.25
12:04:17.930428 ATT: [-176.5, 0.0, 73]
12:04:17.930856 ACC: [0, -32, -515]
[1500, 1500, 1600, 1500, 988, 950, 988, 1600, 1001, 1001, 1001, 1001, 1500, 1500, 1500, 1500]
12:04:17.959439 Navigation got ALT: -1.25
[1499, 1500, 1600, 1500, 988, 950, 988, 1600, 1001, 1001, 1001, 1001, 1500, 1500, 1500, 1500]
12:04:17.978262 ALT: -1.25
12:04:17.978349 ATT: [-176.5, 0.0, 73]
12:04:17.978599 ACC: [0, -32, -515]
[1499, 1500, 1600, 1500, 988, 950, 988, 1600, 1001, 1001, 1001, 1001, 1500, 1500, 1500, 1500]
12:04:17.999946 Navigation got ALT: -1.25
[1500, 1499, 1600, 1500, 988, 950, 988, 1600, 1001, 1001, 1001, 1001, 1500, 1500, 1500, 1500]
[1500, 1499, 1600, 1500, 988, 950, 988, 1600, 1001, 1001, 1001, 1001, 1500, 1500, 1500, 1500]
12:04:18.026275 ALT: -1.25
12:04:18.026372 ATT: [-176.5, 0.0, 73]
12:04:18.026699 ACC: [0, -32, -516]
12:04:18.039595 Navigation got ALT: -1.25
[1500, 1499, 1600, 1500, 988, 950, 988, 1600, 1001, 1001, 1001, 1001, 1500, 1500, 1500, 1500]
[1500, 1499, 1600, 1500, 988, 950, 988, 1600, 1001, 1001, 1001, 1001, 1500, 1500, 1500, 1500]
12:04:18.074249 ALT: -1.25
12:04:18.074337 ATT: [-176.5, 0.0, 73]
12:04:18.074586 ACC: [0, -31, -516]
12:04:18.079521 Navigation got ALT: -1.25
[1500, 1500, 1600, 1500, 988, 950, 988, 1598, 1001, 1001, 1001, 1001, 1500, 1500, 1500, 1500]
[1500, 1500, 1600, 1500, 988, 950, 988, 1598, 1001, 1001, 1001, 1001, 1500, 1500, 1500, 1500]
12:04:18.119426 Navigation got ALT: -1.25
[1500, 1500, 1600, 1500, 988, 950, 988, 1600, 1001, 1001, 1001, 1001, 1500, 1500, 1500, 1500]
12:04:18.122184 ALT: -1.25
12:04:18.122233 ATT: [-176.5, 0.0, 73]
12:04:18.122449 ACC: [0, -32, -516]
[1500, 1500, 1600, 1500, 988, 950, 988, 1600, 1001, 1001, 1001, 1001, 1500, 1500, 1500, 1500]
12:04:18.159567 Navigation got ALT: -1.25
[1500, 1500, 1600, 1500, 988, 950, 988, 1600, 1001, 1001, 1001, 1001, 1500, 1500, 1500, 1500]
12:04:18.171031 ALT: -1.25
12:04:18.171121 ATT: [-176.5, 0.0, 73]
12:04:18.171383 ACC: [0, -32, -516]
[1500, 1500, 1600, 1500, 988, 950, 988, 1600, 1001, 1001, 1001, 1001, 1500, 1500, 1500, 1500]
12:04:18.199977 Navigation got ALT: -1.25
[1499, 1500, 1600, 1500, 989, 949, 988, 1600, 1001, 1001, 1001, 1001, 1500, 1500, 1500, 1500]
12:04:18.219033 ALT: -1.25
12:04:18.219121 ATT: [-176.5, 0.0, 73]
12:04:18.219368 ACC: [0, -32, -516]
[1499, 1500, 1600, 1500, 989, 949, 988, 1600, 1001, 1001, 1001, 1001, 1500, 1500, 1500, 1500]
12:04:18.239429 Navigation got ALT: -1.25
[1500, 1500, 1600, 1500, 988, 950, 988, 1598, 1001, 1001, 1001, 1001, 1500, 1500, 1500, 1500]
[1500, 1500, 1600, 1500, 988, 950, 988, 1598, 1001, 1001, 1001, 1001, 1500, 1500, 1500, 1500]
12:04:18.267327 ALT: -1.25
12:04:18.267572 ATT: [-176.5, 0.0, 73]
12:04:18.267961 ACC: [0, -32, -516]
12:04:18.279570 Navigation got ALT: -1.25
[1500, 1500, 1600, 1499, 988, 950, 988, 1600, 1001, 1001, 1001, 1001, 1500, 1500, 1500, 1500]
[1500, 1500, 1600, 1499, 988, 950, 988, 1600, 1001, 1001, 1001, 1001, 1500, 1500, 1500, 1500]
12:04:18.314406 ALT: -1.25
12:04:18.314512 ATT: [-176.5, 0.0, 73]
12:04:18.314804 ACC: [0, -32, -516]
12:04:18.319829 Navigation got ALT: -1.25
[1501, 1497, 1600, 1500, 988, 950, 989, 1600, 1001, 1001, 1001, 1001, 1500, 1500, 1500, 1500]
[1501, 1497, 1600, 1500, 988, 950, 989, 1600, 1001, 1001, 1001, 1001, 1500, 1500, 1500, 1500]
12:04:18.359581 Navigation got ALT: -1.25
[1500, 1500, 1600, 1500, 988, 950, 988, 1600, 1001, 1001, 1001, 1001, 1500, 1500, 1500, 1500]
12:04:18.378297 ALT: -1.25
12:04:18.378387 ATT: [-176.5, 0.0, 73]
12:04:18.378630 ACC: [0, -32, -516]
[1500, 1500, 1600, 1500, 988, 950, 988, 1600, 1001, 1001, 1001, 1001, 1500, 1500, 1500, 1500]
12:04:18.399891 Navigation got ALT: -1.25
[1500, 1500, 1600, 1499, 988, 950, 988, 1601, 1001, 1001, 1001, 1001, 1500, 1500, 1500, 1500]
[1500, 1500, 1600, 1499, 988, 950, 988, 1601, 1001, 1001, 1001, 1001, 1500, 1500, 1500, 1500]
12:04:18.426367 ALT: -1.25
12:04:18.426447 ATT: [-176.5, 0.0, 73]
12:04:18.426684 ACC: [0, -32, -515]
12:04:18.439491 Navigation got ALT: -1.25
[1500, 1500, 1600, 1500, 988, 950, 988, 1598, 1001, 1001, 1001, 1001, 1500, 1500, 1500, 1500]
[1500, 1500, 1600, 1500, 988, 950, 988, 1598, 1001, 1001, 1001, 1001, 1500, 1500, 1500, 1500]
12:04:18.474335 ALT: -1.25
12:04:18.474422 ATT: [-176.5, 0.0, 73]
12:04:18.474672 ACC: [0, -32, -515]
12:04:18.479519 Navigation got ALT: -1.25
[1500, 1500, 1600, 1500, 988, 950, 988, 1600, 1001, 1001, 1001, 1001, 1500, 1500, 1500, 1500]
[1500, 1500, 1600, 1500, 988, 950, 988, 1600, 1001, 1001, 1001, 1001, 1500, 1500, 1500, 1500]
12:04:18.519905 Navigation got ALT: -1.25
[1500, 1500, 1600, 1500, 988, 950, 988, 1600, 1001, 1001, 1001, 1001, 1500, 1500, 1500, 1500]
12:04:18.522289 ALT: -1.25
12:04:18.522359 ATT: [-176.5, 0.0, 73]
12:04:18.522589 ACC: [0, -32, -516]
[1500, 1500, 1600, 1500, 988, 950, 988, 1600, 1001, 1001, 1001, 1001, 1500, 1500, 1500, 1500]
12:04:18.559469 Navigation got ALT: -1.25
[1500, 1500, 1600, 1499, 988, 950, 988, 1600, 1001, 1001, 1001, 1001, 1500, 1500, 1500, 1500]
12:04:18.570883 ALT: -1.25
12:04:18.571024 ATT: [-176.5, 0.0, 73]
12:04:18.571368 ACC: [0, -32, -515]
[1500, 1500, 1600, 1499, 988, 950, 988, 1600, 1001, 1001, 1001, 1001, 1500, 1500, 1500, 1500]
12:04:18.600163 Navigation got ALT: -1.25
[1500, 1500, 1600, 1500, 988, 950, 988, 1600, 1001, 1001, 1001, 1001, 1500, 1500, 1500, 1500]
12:04:18.618377 ALT: -1.25
12:04:18.618517 ATT: [-176.5, 0.0, 73]
12:04:18.618869 ACC: [0, -32, -516]
[1500, 1500, 1600, 1500, 988, 950, 988, 1600, 1001, 1001, 1001, 1001, 1500, 1500, 1500, 1500]
12:04:18.639416 Navigation got ALT: -1.25
[1500, 1500, 1600, 1499, 988, 950, 988, 1598, 1001, 1001, 1001, 1001, 1500, 1500, 1500, 1500]
[1500, 1500, 1600, 1499, 988, 950, 988, 1598, 1001, 1001, 1001, 1001, 1500, 1500, 1500, 1500]
12:04:18.666711 ALT: -1.25
12:04:18.666877 ATT: [-176.5, 0.0, 73]
12:04:18.667447 ACC: [0, -32, -516]
12:04:18.679576 Navigation got ALT: -1.25
[1500, 1500, 1600, 1500, 988, 950, 988, 1600, 1001, 1001, 1001, 1001, 1500, 1500, 1500, 1500]
[1500, 1500, 1600, 1500, 988, 950, 988, 1600, 1001, 1001, 1001, 1001, 1500, 1500, 1500, 1500]
12:04:18.715849 ALT: -1.25
12:04:18.716097 ATT: [-176.5, 0.0, 73]
12:04:18.717127 ACC: [0, -32, -515]
12:04:18.720294 Navigation got ALT: -1.25
[1500, 1500, 1600, 1500, 988, 950, 988, 1600, 1001, 1001, 1001, 1001, 1500, 1500, 1500, 1500]
[1500, 1500, 1600, 1500, 988, 950, 988, 1600, 1001, 1001, 1001, 1001, 1500, 1500, 1500, 1500]
12:04:18.759395 Navigation got ALT: -1.25
[1500, 1500, 1600, 1500, 988, 950, 988, 1600, 1001, 1001, 1001, 1001, 1500, 1500, 1500, 1500]
12:04:18.762362 ALT: -1.25
12:04:18.762438 ATT: [-176.5, 0.0, 73]
12:04:18.762673 ACC: [0, -32, -515]
[1500, 1500, 1600, 1500, 988, 950, 988, 1600, 1001, 1001, 1001, 1001, 1500, 1500, 1500, 1500]
12:04:18.800683 Navigation got ALT: -1.25
[1500, 1500, 1600, 1500, 988, 950, 988, 1600, 1001, 1001, 1001, 1001, 1500, 1500, 1500, 1500]
12:04:18.810378 ALT: -1.25
12:04:18.810472 ATT: [-176.5, 0.0, 73]
12:04:18.810767 ACC: [0, -31, -515]
[1500, 1500, 1600, 1500, 988, 950, 988, 1600, 1001, 1001, 1001, 1001, 1500, 1500, 1500, 1500]
12:04:18.839395 Navigation got ALT: -1.25
[1500, 1500, 1600, 1499, 988, 950, 988, 1600, 1001, 1001, 1001, 1001, 1500, 1500, 1500, 1500]
12:04:18.858373 ALT: -1.25
12:04:18.858461 ATT: [-176.5, 0.0, 73]
12:04:18.858719 ACC: [0, -32, -516]
[1500, 1500, 1600, 1499, 988, 950, 988, 1600, 1001, 1001, 1001, 1001, 1500, 1500, 1500, 1500]
12:04:18.879457 Navigation got ALT: -1.25
[1499, 1500, 1600, 1500, 988, 950, 989, 1600, 1001, 1001, 1001, 1001, 1500, 1500, 1500, 1500]
[1499, 1500, 1600, 1500, 988, 950, 989, 1600, 1001, 1001, 1001, 1001, 1500, 1500, 1500, 1500]
12:04:18.906391 ALT: -1.25
12:04:18.906478 ATT: [-176.5, 0.0, 73]
12:04:18.906731 ACC: [0, -32, -516]
12:04:18.920187 Navigation got ALT: -1.25
[1499, 1500, 1600, 1500, 988, 950, 988, 1600, 1001, 1001, 1001, 1001, 1500, 1500, 1500, 1500]
[1499, 1500, 1600, 1500, 988, 950, 988, 1600, 1001, 1001, 1001, 1001, 1500, 1500, 1500, 1500]
12:04:18.954930 ALT: -1.25
12:04:18.955040 ATT: [-176.4, 0.0, 73]
12:04:18.955368 ACC: [0, -32, -515]
12:04:18.959529 Navigation got ALT: -1.25
[1500, 1499, 1600, 1499, 988, 950, 988, 1600, 1001, 1001, 1001, 1001, 1500, 1500, 1500, 1500]
[1500, 1499, 1600, 1499, 988, 950, 988, 1600, 1001, 1001, 1001, 1001, 1500, 1500, 1500, 1500]
12:04:19.000284 Navigation got ALT: -1.25
[1500, 1500, 1600, 1500, 988, 950, 988, 1600, 1001, 1001, 1001, 1001, 1500, 1500, 1500, 1500]
12:04:19.003859 ALT: -1.25
12:04:19.004115 ATT: [-176.4, 0.0, 73]
12:04:19.004930 ACC: [0, -32, -516]
[1500, 1500, 1600, 1500, 988, 950, 988, 1600, 1001, 1001, 1001, 1001, 1500, 1500, 1500, 1500]
12:04:19.039433 Navigation got ALT: -1.25
[1500, 1500, 1600, 1500, 988, 950, 988, 1600, 1001, 1001, 1001, 1001, 1500, 1500, 1500, 1500]
12:04:19.050449 ALT: -1.25
12:04:19.050545 ATT: [-176.4, 0.0, 73]
12:04:19.050804 ACC: [0, -32, -515]
[1500, 1500, 1600, 1500, 988, 950, 988, 1600, 1001, 1001, 1001, 1001, 1500, 1500, 1500, 1500]
12:04:19.079680 Navigation got ALT: -1.25
[1500, 1500, 1600, 1499, 988, 950, 988, 1598, 1001, 1001, 1001, 1001, 1500, 1500, 1500, 1500]
12:04:19.098688 ALT: -1.25
12:04:19.099098 ATT: [-176.5, 0.0, 73]
12:04:19.100163 ACC: [0, -32, -516]
[1500, 1500, 1600, 1499, 988, 950, 988, 1598, 1001, 1001, 1001, 1001, 1500, 1500, 1500, 1500]
12:04:19.119571 Navigation got ALT: -1.25
[1500, 1499, 1600, 1500, 989, 949, 988, 1600, 1001, 1001, 1001, 1001, 1500, 1500, 1500, 1500]
[1500, 1499, 1600, 1500, 989, 949, 988, 1600, 1001, 1001, 1001, 1001, 1500, 1500, 1500, 1500]
12:04:19.146384 ALT: -1.25
12:04:19.146465 ATT: [-176.5, 0.0, 73]
12:04:19.146714 ACC: [0, -32, -515]
12:04:19.159519 Navigation got ALT: -1.25
[1500, 1500, 1600, 1500, 988, 950, 988, 1600, 1001, 1001, 1001, 1001, 1500, 1500, 1500, 1500]
[1500, 1500, 1600, 1500, 988, 950, 988, 1600, 1001, 1001, 1001, 1001, 1500, 1500, 1500, 1500]
12:04:19.194436 ALT: -1.25
12:04:19.194539 ATT: [-176.5, 0.0, 73]
12:04:19.194818 ACC: [0, -32, -515]
12:04:19.200421 Navigation got ALT: -1.25
[1499, 1500, 1600, 1500, 988, 950, 988, 1600, 1001, 1001, 1001, 1001, 1500, 1500, 1500, 1500]
[1499, 1500, 1600, 1500, 988, 950, 988, 1600, 1001, 1001, 1001, 1001, 1500, 1500, 1500, 1500]
12:04:19.239538 Navigation got ALT: -1.25
[1499, 1500, 1600, 1500, 988, 950, 988, 1598, 1001, 1001, 1001, 1001, 1500, 1500, 1500, 1500]
12:04:19.242308 ALT: -1.25
12:04:19.242355 ATT: [-176.5, 0.0, 73]
12:04:19.242573 ACC: [0, -32, -515]
[1499, 1500, 1600, 1500, 988, 950, 988, 1598, 1001, 1001, 1001, 1001, 1500, 1500, 1500, 1500]
12:04:19.279461 Navigation got ALT: -1.25
[1500, 1500, 1600, 1500, 988, 950, 988, 1600, 1001, 1001, 1001, 1001, 1500, 1500, 1500, 1500]
12:04:19.290453 ALT: -1.25
12:04:19.290542 ATT: [-176.5, 0.0, 73]
12:04:19.290789 ACC: [0, -32, -515]
[1500, 1500, 1600, 1500, 988, 950, 988, 1600, 1001, 1001, 1001, 1001, 1500, 1500, 1500, 1500]
12:04:19.319971 Navigation got ALT: -1.25
[1500, 1500, 1600, 1500, 988, 950, 988, 1600, 1001, 1001, 1001, 1001, 1500, 1500, 1500, 1500]
12:04:19.338466 ALT: -1.25
12:04:19.338555 ATT: [-176.5, 0.0, 73]
12:04:19.338792 ACC: [0, -32, -515]
[1500, 1500, 1600, 1500, 988, 950, 988, 1600, 1001, 1001, 1001, 1001, 1500, 1500, 1500, 1500]
12:04:19.359432 Navigation got ALT: -1.25
[1500, 1500, 1600, 1500, 988, 950, 986, 1600, 1001, 1001, 1001, 1001, 1500, 1500, 1500, 1500]
[1500, 1500, 1600, 1500, 988, 950, 986, 1600, 1001, 1001, 1001, 1001, 1500, 1500, 1500, 1500]
12:04:19.386528 ALT: -1.25
12:04:19.386625 ATT: [-176.5, 0.0, 73]
12:04:19.386908 ACC: [0, -31, -515]
12:04:19.400950 Navigation got ALT: -1.25
[1500, 1500, 1600, 1499, 988, 950, 988, 1600, 1001, 1001, 1001, 1001, 1500, 1500, 1500, 1500]
[1500, 1500, 1600, 1499, 988, 950, 988, 1600, 1001, 1001, 1001, 1001, 1500, 1500, 1500, 1500]
12:04:19.436360 ALT: -1.25
12:04:19.436450 ATT: [-176.5, 0.0, 73]
12:04:19.436692 ACC: [0, -32, -515]
12:04:19.439556 Navigation got ALT: -1.25
[1500, 1500, 1600, 1500, 988, 950, 988, 1598, 1001, 1001, 1001, 1001, 1500, 1500, 1500, 1500]
[1500, 1500, 1600, 1500, 988, 950, 988, 1598, 1001, 1001, 1001, 1001, 1500, 1500, 1500, 1500]
12:04:19.479449 Navigation got ALT: -1.25
[1500, 1500, 1600, 1500, 988, 950, 988, 1600, 1001, 1001, 1001, 1001, 1500, 1500, 1500, 1500]
12:04:19.482933 ALT: -1.25
12:04:19.483131 ATT: [-176.5, 0.0, 73]
12:04:19.484028 ACC: [0, -32, -515]
[1500, 1500, 1600, 1500, 988, 950, 988, 1600, 1001, 1001, 1001, 1001, 1500, 1500, 1500, 1500]
12:04:19.519792 Navigation got ALT: -1.25
[1500, 1500, 1600, 1500, 988, 950, 988, 1598, 1001, 1001, 1001, 1001, 1500, 1500, 1500, 1500]
12:04:19.530550 ALT: -1.25
12:04:19.530671 ATT: [-176.5, 0.0, 73]
12:04:19.531061 ACC: [0, -32, -515]
[1500, 1500, 1600, 1500, 988, 950, 988, 1598, 1001, 1001, 1001, 1001, 1500, 1500, 1500, 1500]
12:04:19.559421 Navigation got ALT: -1.25
[1499, 1500, 1600, 1497, 988, 950, 988, 1598, 1001, 1001, 1001, 1001, 1500, 1500, 1500, 1500]
12:04:19.578524 ALT: -1.25
12:04:19.578612 ATT: [-176.5, 0.0, 73]
12:04:19.578965 ACC: [0, -32, -515]
[1499, 1500, 1600, 1497, 988, 950, 988, 1598, 1001, 1001, 1001, 1001, 1500, 1500, 1500, 1500]
12:04:19.600749 Navigation got ALT: -1.25
[1500, 1500, 1600, 1500, 988, 950, 988, 1600, 1001, 1001, 1001, 1001, 1500, 1500, 1500, 1500]
[1500, 1500, 1600, 1500, 988, 950, 988, 1600, 1001, 1001, 1001, 1001, 1500, 1500, 1500, 1500]
12:04:19.626403 ALT: -1.25
12:04:19.626485 ATT: [-176.5, 0.0, 73]
12:04:19.626739 ACC: [0, -32, -515]
12:04:19.639521 Navigation got ALT: -1.25
[1500, 1499, 1600, 1499, 988, 950, 988, 1600, 1001, 1001, 1001, 1001, 1500, 1500, 1500, 1500]
[1500, 1499, 1600, 1499, 988, 950, 988, 1600, 1001, 1001, 1001, 1001, 1500, 1500, 1500, 1500]
12:04:19.674498 ALT: -1.25
12:04:19.674589 ATT: [-176.5, 0.0, 73]
12:04:19.674839 ACC: [0, -32, -516]
12:04:19.679512 Navigation got ALT: -1.25
[1500, 1500, 1600, 1500, 988, 950, 988, 1600, 1001, 1001, 1001, 1001, 1500, 1500, 1500, 1500]
[1500, 1500, 1600, 1500, 988, 950, 988, 1600, 1001, 1001, 1001, 1001, 1500, 1500, 1500, 1500]
12:04:19.719646 Navigation got ALT: -1.25
[1500, 1500, 1600, 1500, 988, 950, 988, 1600, 1001, 1001, 1001, 1001, 1500, 1500, 1500, 1500]
12:04:19.722535 ALT: -1.25
12:04:19.722623 ATT: [-176.5, 0.0, 73]
12:04:19.722989 ACC: [0, -32, -515]
[1500, 1500, 1600, 1500, 988, 950, 988, 1600, 1001, 1001, 1001, 1001, 1500, 1500, 1500, 1500]
12:04:19.759590 Navigation got ALT: -1.25
[1500, 1500, 1600, 1499, 988, 950, 988, 1600, 1001, 1001, 1001, 1001, 1500, 1500, 1500, 1500]
12:04:19.770594 ALT: -1.25
12:04:19.770702 ATT: [-176.5, 0.0, 73]
12:04:19.771677 ACC: [0, -32, -515]
[1500, 1500, 1600, 1499, 988, 950, 988, 1600, 1001, 1001, 1001, 1001, 1500, 1500, 1500, 1500]
12:04:19.799872 Navigation got ALT: -1.25
[1500, 1500, 1600, 1499, 988, 950, 988, 1600, 1001, 1001, 1001, 1001, 1500, 1500, 1500, 1500]
12:04:19.818699 ALT: -1.25
12:04:19.818835 ATT: [-176.5, 0.0, 73]
12:04:19.819139 ACC: [0, -32, -516]
[1500, 1500, 1600, 1499, 988, 950, 988, 1600, 1001, 1001, 1001, 1001, 1500, 1500, 1500, 1500]
12:04:19.839491 Navigation got ALT: -1.25
[1500, 1499, 1600, 1500, 988, 950, 988, 1600, 1001, 1001, 1001, 1001, 1500, 1500, 1500, 1500]
[1500, 1499, 1600, 1500, 988, 950, 988, 1600, 1001, 1001, 1001, 1001, 1500, 1500, 1500, 1500]
12:04:19.867320 ALT: -1.25
12:04:19.867441 ATT: [-176.5, 0.0, 73]
12:04:19.867708 ACC: [0, -32, -516]
12:04:19.879614 Navigation got ALT: -1.25
[1500, 1499, 1600, 1500, 988, 950, 988, 1600, 1001, 1001, 1001, 1001, 1500, 1500, 1500, 1500]
[1500, 1499, 1600, 1500, 988, 950, 988, 1600, 1001, 1001, 1001, 1001, 1500, 1500, 1500, 1500]
12:04:19.915106 ALT: -1.25
12:04:19.915238 ATT: [-176.5, 0.0, 73]
12:04:19.915528 ACC: [0, -32, -515]
12:04:19.919785 Navigation got ALT: -1.25
[1500, 1500, 1600, 1500, 988, 950, 988, 1600, 1001, 1001, 1001, 1001, 1500, 1500, 1500, 1500]
[1500, 1500, 1600, 1500, 988, 950, 988, 1600, 1001, 1001, 1001, 1001, 1500, 1500, 1500, 1500]
12:04:19.959503 Navigation got ALT: -1.25
[1500, 1500, 1600, 1499, 988, 950, 988, 1600, 1001, 1001, 1001, 1001, 1500, 1500, 1500, 1500]
12:04:19.962491 ALT: -1.25
12:04:19.962564 ATT: [-176.5, 0.0, 73]
12:04:19.962836 ACC: [0, -32, -515]
[1500, 1500, 1600, 1499, 988, 950, 988, 1600, 1001, 1001, 1001, 1001, 1500, 1500, 1500, 1500]
12:04:19.999948 Navigation got ALT: -1.25
[1500, 1500, 1600, 1500, 988, 950, 988, 1600, 1001, 1001, 1001, 1001, 1500, 1500, 1500, 1500]
12:04:20.010545 ALT: -1.25
12:04:20.010634 ATT: [-176.5, 0.0, 73]
12:04:20.010892 ACC: [0, -32, -516]
[1500, 1500, 1600, 1500, 988, 950, 988, 1600, 1001, 1001, 1001, 1001, 1500, 1500, 1500, 1500]
12:04:20.039431 Navigation got ALT: -1.25
[1500, 1500, 1600, 1499, 988, 950, 988, 1600, 1001, 1001, 1001, 1001, 1500, 1500, 1500, 1500]
12:04:20.058563 ALT: -1.25
12:04:20.058651 ATT: [-176.5, 0.0, 73]
12:04:20.058902 ACC: [0, -32, -516]
[1500, 1500, 1600, 1499, 988, 950, 988, 1600, 1001, 1001, 1001, 1001, 1500, 1500, 1500, 1500]
12:04:20.079513 Navigation got ALT: -1.25
[1500, 1499, 1600, 1500, 988, 950, 988, 1600, 1001, 1001, 1001, 1001, 1500, 1500, 1500, 1500]
[1500, 1499, 1600, 1500, 988, 950, 988, 1600, 1001, 1001, 1001, 1001, 1500, 1500, 1500, 1500]
12:04:20.106605 ALT: -1.25
12:04:20.106695 ATT: [-176.5, 0.0, 73]
12:04:20.106959 ACC: [0, -32, -515]
12:04:20.119894 Navigation got ALT: -1.25
[1500, 1500, 1600, 1500, 988, 950, 988, 1600, 1001, 1001, 1001, 1001, 1500, 1500, 1500, 1500]
[1500, 1500, 1600, 1500, 988, 950, 988, 1600, 1001, 1001, 1001, 1001, 1500, 1500, 1500, 1500]
12:04:20.154862 ALT: -1.25
12:04:20.155033 ATT: [-176.5, 0.0, 73]
12:04:20.155594 ACC: [0, -32, -516]
12:04:20.159546 Navigation got ALT: -1.25
[1500, 1500, 1600, 1499, 988, 950, 988, 1600, 1001, 1001, 1001, 1001, 1500, 1500, 1500, 1500]
[1500, 1500, 1600, 1499, 988, 950, 988, 1600, 1001, 1001, 1001, 1001, 1500, 1500, 1500, 1500]
12:04:20.199615 Navigation got ALT: -1.25
[1500, 1500, 1600, 1500, 988, 950, 988, 1600, 1001, 1001, 1001, 1001, 1500, 1500, 1500, 1500]
12:04:20.202776 ALT: -1.25
12:04:20.202913 ATT: [-176.5, 0.0, 73]
12:04:20.203341 ACC: [0, -32, -516]
[1500, 1500, 1600, 1500, 988, 950, 988, 1600, 1001, 1001, 1001, 1001, 1500, 1500, 1500, 1500]
12:04:20.239510 Navigation got ALT: -1.25
[1499, 1500, 1600, 1499, 988, 950, 988, 1600, 1001, 1001, 1001, 1001, 1500, 1500, 1500, 1500]
12:04:20.250858 ALT: -1.25
12:04:20.251013 ATT: [-176.5, 0.0, 73]
12:04:20.251506 ACC: [0, -32, -515]
[1499, 1500, 1600, 1499, 988, 950, 988, 1600, 1001, 1001, 1001, 1001, 1500, 1500, 1500, 1500]
12:04:20.279629 Navigation got ALT: -1.25
[1499, 1500, 1600, 1500, 988, 950, 988, 1600, 1001, 1001, 1001, 1001, 1500, 1500, 1500, 1500]
[1499, 1500, 1600, 1500, 988, 950, 988, 1600, 1001, 1001, 1001, 1001, 1500, 1500, 1500, 1500]
12:04:20.301105 ALT: -1.25
12:04:20.301235 ATT: [-176.5, 0.0, 73]
12:04:20.302523 ACC: [0, -32, -515]
12:04:20.319732 Navigation got ALT: -1.25
[1500, 1500, 1600, 1500, 988, 950, 988, 1600, 1001, 1001, 1001, 1001, 1500, 1500, 1500, 1500]
[1500, 1500, 1600, 1500, 988, 950, 988, 1600, 1001, 1001, 1001, 1001, 1500, 1500, 1500, 1500]
12:04:20.346580 ALT: -1.25
12:04:20.346677 ATT: [-176.5, 0.0, 73]
12:04:20.346949 ACC: [0, -32, -515]
12:04:20.359601 Navigation got ALT: -1.25
[1500, 1500, 1600, 1500, 988, 950, 988, 1600, 1001, 1001, 1001, 1001, 1500, 1500, 1500, 1500]
[1500, 1500, 1600, 1500, 988, 950, 988, 1600, 1001, 1001, 1001, 1001, 1500, 1500, 1500, 1500]
12:04:20.394566 ALT: -1.25
12:04:20.394657 ATT: [-176.5, 0.0, 73]
12:04:20.394914 ACC: [0, -32, -515]
12:04:20.400598 Navigation got ALT: -1.25
[1500, 1500, 1600, 1500, 988, 950, 988, 1600, 1001, 1001, 1001, 1001, 1500, 1500, 1500, 1500]
[1500, 1500, 1600, 1500, 988, 950, 988, 1600, 1001, 1001, 1001, 1001, 1500, 1500, 1500, 1500]
12:04:20.439507 Navigation got ALT: -1.25
[1500, 1501, 1600, 1500, 988, 950, 988, 1600, 1001, 1001, 1001, 1001, 1500, 1500, 1500, 1500]
12:04:20.458606 ALT: -1.25
12:04:20.458696 ATT: [-176.5, 0.0, 73]
12:04:20.458949 ACC: [0, -32, -516]
[1500, 1501, 1600, 1500, 988, 950, 988, 1600, 1001, 1001, 1001, 1001, 1500, 1500, 1500, 1500]
12:04:20.479635 Navigation got ALT: -1.25
[1500, 1500, 1600, 1500, 988, 950, 988, 1600, 1001, 1001, 1001, 1001, 1500, 1500, 1500, 1500]
[1500, 1500, 1600, 1500, 988, 950, 988, 1600, 1001, 1001, 1001, 1001, 1500, 1500, 1500, 1500]
12:04:20.506632 ALT: -1.25
12:04:20.506719 ATT: [-176.5, 0.0, 73]
12:04:20.506967 ACC: [0, -32, -515]
12:04:20.520074 Navigation got ALT: -1.25
[1499, 1500, 1600, 1500, 988, 950, 988, 1600, 1001, 1001, 1001, 1001, 1500, 1500, 1500, 1500]
[1499, 1500, 1600, 1500, 988, 950, 988, 1600, 1001, 1001, 1001, 1001, 1500, 1500, 1500, 1500]
12:04:20.554720 ALT: -1.25
12:04:20.554938 ATT: [-176.5, 0.0, 73]
12:04:20.555826 ACC: [0, -32, -515]
12:04:20.559549 Navigation got ALT: -1.25
[1500, 1500, 1600, 1499, 988, 950, 988, 1600, 1001, 1001, 1001, 1001, 1500, 1500, 1500, 1500]
[1500, 1500, 1600, 1499, 988, 950, 988, 1600, 1001, 1001, 1001, 1001, 1500, 1500, 1500, 1500]
12:04:20.600855 Navigation got ALT: -1.25
[1500, 1500, 1600, 1500, 988, 950, 988, 1600, 1001, 1001, 1001, 1001, 1500, 1500, 1500, 1500]
12:04:20.603066 ALT: -1.25
12:04:20.603306 ATT: [-176.5, 0.0, 73]
12:04:20.603800 ACC: [0, -32, -515]
[1500, 1500, 1600, 1500, 988, 950, 988, 1600, 1001, 1001, 1001, 1001, 1500, 1500, 1500, 1500]
12:04:20.639602 Navigation got ALT: -1.25
[1500, 1500, 1600, 1500, 988, 950, 988, 1600, 1001, 1001, 1001, 1001, 1500, 1500, 1500, 1500]
12:04:20.651399 ALT: -1.25
12:04:20.651712 ATT: [-176.5, 0.0, 73]
12:04:20.652319 ACC: [0, -32, -516]
[1500, 1500, 1600, 1500, 988, 950, 988, 1600, 1001, 1001, 1001, 1001, 1500, 1500, 1500, 1500]
12:04:20.679519 Navigation got ALT: -1.25
[1500, 1500, 1600, 1500, 988, 950, 988, 1600, 1001, 1001, 1001, 1001, 1500, 1500, 1500, 1500]
12:04:20.699287 ALT: -1.25
12:04:20.699389 ATT: [-176.5, 0.0, 73]
12:04:20.699642 ACC: [0, -32, -516]
[1500, 1500, 1600, 1500, 988, 950, 988, 1600, 1001, 1001, 1001, 1001, 1500, 1500, 1500, 1500]
12:04:20.719875 Navigation got ALT: -1.25
[1500, 1500, 1600, 1500, 988, 950, 988, 1600, 1001, 1001, 1001, 1001, 1500, 1500, 1500, 1500]
[1500, 1500, 1600, 1500, 988, 950, 988, 1600, 1001, 1001, 1001, 1001, 1500, 1500, 1500, 1500]
12:04:20.746617 ALT: -1.25
12:04:20.746698 ATT: [-176.5, 0.0, 73]
12:04:20.746936 ACC: [0, -32, -516]
12:04:20.759628 Navigation got ALT: -1.25
[1499, 1500, 1600, 1501, 986, 950, 988, 1600, 1001, 1001, 1001, 1001, 1500, 1500, 1500, 1500]
[1499, 1500, 1600, 1501, 986, 950, 988, 1600, 1001, 1001, 1001, 1001, 1500, 1500, 1500, 1500]
12:04:20.794672 ALT: -1.25
12:04:20.794761 ATT: [-176.5, 0.0, 73]
12:04:20.795014 ACC: [0, -31, -515]
12:04:20.800978 Navigation got ALT: -1.25
[1500, 1500, 1600, 1500, 988, 950, 988, 1600, 1001, 1001, 1001, 1001, 1500, 1500, 1500, 1500]
[1500, 1500, 1600, 1500, 988, 950, 988, 1600, 1001, 1001, 1001, 1001, 1500, 1500, 1500, 1500]
12:04:20.839571 Navigation got ALT: -1.25
[1500, 1500, 1600, 1500, 988, 950, 988, 1600, 1001, 1001, 1001, 1001, 1500, 1500, 1500, 1500]
12:04:20.842557 ALT: -1.25
12:04:20.842608 ATT: [-176.5, 0.0, 73]
12:04:20.842815 ACC: [0, -32, -516]
[1500, 1500, 1600, 1500, 988, 950, 988, 1600, 1001, 1001, 1001, 1001, 1500, 1500, 1500, 1500]
12:04:20.879592 Navigation got ALT: -1.25
[1500, 1500, 1600, 1500, 988, 950, 988, 1598, 1001, 1001, 1001, 1001, 1500, 1500, 1500, 1500]
12:04:20.890709 ALT: -1.25
12:04:20.890807 ATT: [-176.5, 0.0, 73]
12:04:20.891049 ACC: [0, -32, -515]
[1500, 1500, 1600, 1500, 988, 950, 988, 1598, 1001, 1001, 1001, 1001, 1500, 1500, 1500, 1500]
12:04:20.920184 Navigation got ALT: -1.25
[1500, 1500, 1600, 1500, 988, 950, 988, 1600, 1001, 1001, 1001, 1001, 1500, 1500, 1500, 1500]
12:04:20.938697 ALT: -1.25
12:04:20.938785 ATT: [-176.5, 0.0, 73]
12:04:20.939038 ACC: [0, -32, -515]
[1500, 1500, 1600, 1500, 988, 950, 988, 1600, 1001, 1001, 1001, 1001, 1500, 1500, 1500, 1500]
12:04:20.959473 Navigation got ALT: -1.25
[1500, 1500, 1600, 1500, 988, 950, 988, 1600, 1001, 1001, 1001, 1001, 1500, 1500, 1500, 1500]
[1500, 1500, 1600, 1500, 988, 950, 988, 1600, 1001, 1001, 1001, 1001, 1500, 1500, 1500, 1500]
12:04:20.986850 ALT: -1.25
12:04:20.986988 ATT: [-176.5, 0.0, 73]
12:04:20.987459 ACC: [0, -32, -516]
12:04:21.000894 Navigation got ALT: -1.25
[1499, 1500, 1600, 1500, 988, 950, 988, 1600, 1001, 1001, 1001, 1001, 1500, 1500, 1500, 1500]
[1499, 1500, 1600, 1500, 988, 950, 988, 1600, 1001, 1001, 1001, 1001, 1500, 1500, 1500, 1500]
12:04:21.035027 ALT: -1.25
12:04:21.035345 ATT: [-176.5, 0.0, 73]
12:04:21.035794 ACC: [0, -32, -515]
12:04:21.039665 Navigation got ALT: -1.25
[1500, 1500, 1600, 1500, 988, 950, 988, 1600, 1001, 1001, 1001, 1001, 1500, 1500, 1500, 1500]
[1500, 1500, 1600, 1500, 988, 950, 988, 1600, 1001, 1001, 1001, 1001, 1500, 1500, 1500, 1500]
12:04:21.079612 Navigation got ALT: -1.25
[1499, 1500, 1600, 1500, 988, 950, 988, 1598, 1001, 1001, 1001, 1001, 1500, 1500, 1500, 1500]
12:04:21.082808 ALT: -1.25
12:04:21.082911 ATT: [-176.5, 0.0, 73]
12:04:21.083243 ACC: [0, -31, -516]
[1499, 1500, 1600, 1500, 988, 950, 988, 1598, 1001, 1001, 1001, 1001, 1500, 1500, 1500, 1500]
12:04:21.120187 Navigation got ALT: -1.25
[1499, 1500, 1600, 1500, 986, 950, 988, 1598, 1001, 1001, 1001, 1001, 1500, 1500, 1500, 1500]
12:04:21.131067 ALT: -1.25
12:04:21.131161 ATT: [-176.5, 0.0, 73]
12:04:21.131536 ACC: [-1, -32, -516]
[1499, 1500, 1600, 1500, 986, 950, 988, 1598, 1001, 1001, 1001, 1001, 1500, 1500, 1500, 1500]
12:04:21.159597 Navigation got ALT: -1.25
[1500, 1500, 1600, 1500, 988, 950, 986, 1600, 1001, 1001, 1001, 1001, 1500, 1500, 1500, 1500]
12:04:21.178689 ALT: -1.25
12:04:21.178777 ATT: [-176.5, 0.0, 73]
12:04:21.179032 ACC: [0, -32, -515]
[1500, 1500, 1600, 1500, 988, 950, 986, 1600, 1001, 1001, 1001, 1001, 1500, 1500, 1500, 1500]
12:04:21.199670 Navigation got ALT: -1.25
[1500, 1499, 1600, 1500, 988, 950, 988, 1600, 1001, 1001, 1001, 1001, 1500, 1500, 1500, 1500]
[1500, 1499, 1600, 1500, 988, 950, 988, 1600, 1001, 1001, 1001, 1001, 1500, 1500, 1500, 1500]
12:04:21.226609 ALT: -1.25
12:04:21.226689 ATT: [-176.5, 0.0, 73]
12:04:21.226933 ACC: [0, -32, -516]
12:04:21.239588 Navigation got ALT: -1.25
[1500, 1500, 1600, 1499, 988, 950, 988, 1601, 1001, 1001, 1001, 1001, 1500, 1500, 1500, 1500]
[1500, 1500, 1600, 1499, 988, 950, 988, 1601, 1001, 1001, 1001, 1001, 1500, 1500, 1500, 1500]
12:04:21.274739 ALT: -1.25
12:04:21.274825 ATT: [-176.5, 0.0, 73]
12:04:21.275077 ACC: [0, -32, -515]
12:04:21.279526 Navigation got ALT: -1.25
[1500, 1500, 1600, 1499, 988, 950, 988, 1600, 1001, 1001, 1001, 1001, 1500, 1500, 1500, 1500]
[1500, 1500, 1600, 1499, 988, 950, 988, 1600, 1001, 1001, 1001, 1001, 1500, 1500, 1500, 1500]
12:04:21.320617 Navigation got ALT: -1.25
[1500, 1500, 1600, 1500, 988, 950, 988, 1600, 1001, 1001, 1001, 1001, 1500, 1500, 1500, 1500]
12:04:21.322738 ALT: -1.25
12:04:21.322819 ATT: [-176.5, 0.0, 73]
12:04:21.323138 ACC: [0, -32, -515]
[1500, 1500, 1600, 1500, 988, 950, 988, 1600, 1001, 1001, 1001, 1001, 1500, 1500, 1500, 1500]
12:04:21.359676 Navigation got ALT: -1.25
[1500, 1500, 1600, 1500, 988, 950, 988, 1598, 1001, 1001, 1001, 1001, 1500, 1500, 1500, 1500]
12:04:21.370916 ALT: -1.25
12:04:21.371053 ATT: [-176.5, 0.0, 73]
12:04:21.371524 ACC: [0, -32, -515]
[1500, 1500, 1600, 1500, 988, 950, 988, 1598, 1001, 1001, 1001, 1001, 1500, 1500, 1500, 1500]
12:04:21.399944 Navigation got ALT: -1.25
[1500, 1500, 1600, 1499, 988, 950, 991, 1600, 1001, 1001, 1001, 1001, 1500, 1500, 1500, 1500]
12:04:21.419824 ALT: -1.25
12:04:21.419973 ATT: [-176.5, 0.0, 73]
12:04:21.420382 ACC: [0, -32, -516]
[1500, 1500, 1600, 1499, 988, 950, 991, 1600, 1001, 1001, 1001, 1001, 1500, 1500, 1500, 1500]
12:04:21.439513 Navigation got ALT: -1.25
[1500, 1499, 1600, 1500, 988, 950, 988, 1600, 1001, 1001, 1001, 1001, 1500, 1500, 1500, 1500]
[1500, 1499, 1600, 1500, 988, 950, 988, 1600, 1001, 1001, 1001, 1001, 1500, 1500, 1500, 1500]
12:04:21.468102 ALT: -1.25
12:04:21.468294 ATT: [-176.5, 0.0, 73]
12:04:21.468994 ACC: [0, -32, -515]
12:04:21.479825 Navigation got ALT: -1.25
[1500, 1500, 1600, 1500, 988, 950, 988, 1600, 1001, 1001, 1001, 1001, 1500, 1500, 1500, 1500]
[1500, 1500, 1600, 1500, 988, 950, 988, 1600, 1001, 1001, 1001, 1001, 1500, 1500, 1500, 1500]
12:04:21.515921 ALT: -1.25
12:04:21.516061 ATT: [-176.5, 0.0, 73]
12:04:21.516788 ACC: [0, -32, -515]
12:04:21.520617 Navigation got ALT: -1.25
[1500, 1500, 1600, 1500, 988, 950, 988, 1600, 1001, 1001, 1001, 1001, 1500, 1500, 1500, 1500]
[1500, 1500, 1600, 1500, 988, 950, 988, 1600, 1001, 1001, 1001, 1001, 1500, 1500, 1500, 1500]
12:04:21.559473 Navigation got ALT: -1.25
[1500, 1500, 1600, 1500, 989, 949, 988, 1600, 1001, 1001, 1001, 1001, 1500, 1500, 1500, 1500]
12:04:21.562649 ALT: -1.25
12:04:21.562696 ATT: [-176.5, 0.0, 73]
12:04:21.562948 ACC: [0, -32, -515]
[1500, 1500, 1600, 1500, 989, 949, 988, 1600, 1001, 1001, 1001, 1001, 1500, 1500, 1500, 1500]
12:04:21.600242 Navigation got ALT: -1.25
[1500, 1500, 1600, 1500, 988, 950, 988, 1600, 1001, 1001, 1001, 1001, 1500, 1500, 1500, 1500]
12:04:21.610759 ALT: -1.25
12:04:21.610846 ATT: [-176.5, 0.0, 73]
12:04:21.611099 ACC: [0, -32, -515]
[1500, 1500, 1600, 1500, 988, 950, 988, 1600, 1001, 1001, 1001, 1001, 1500, 1500, 1500, 1500]
12:04:21.639476 Navigation got ALT: -1.25
[1500, 1500, 1600, 1499, 988, 950, 988, 1600, 1001, 1001, 1001, 1001, 1500, 1500, 1500, 1500]
12:04:21.658825 ALT: -1.25
12:04:21.658917 ATT: [-176.5, 0.0, 73]
12:04:21.659179 ACC: [0, -32, -515]
[1500, 1500, 1600, 1499, 988, 950, 988, 1600, 1001, 1001, 1001, 1001, 1500, 1500, 1500, 1500]
12:04:21.679653 Navigation got ALT: -1.25
[1499, 1500, 1600, 1500, 988, 950, 988, 1600, 1001, 1001, 1001, 1001, 1500, 1500, 1500, 1500]
[1499, 1500, 1600, 1500, 988, 950, 988, 1600, 1001, 1001, 1001, 1001, 1500, 1500, 1500, 1500]
12:04:21.706796 ALT: -1.25
12:04:21.706887 ATT: [-176.5, 0.0, 73]
12:04:21.707199 ACC: [0, -32, -515]
12:04:21.720702 Navigation got ALT: -1.25
[1500, 1500, 1600, 1500, 988, 950, 988, 1598, 1001, 1001, 1001, 1001, 1500, 1500, 1500, 1500]
[1500, 1500, 1600, 1500, 988, 950, 988, 1598, 1001, 1001, 1001, 1001, 1500, 1500, 1500, 1500]
12:04:21.754816 ALT: -1.25
12:04:21.754907 ATT: [-176.5, 0.0, 73]
12:04:21.755146 ACC: [0, -32, -516]
12:04:21.759579 Navigation got ALT: -1.25
[1500, 1500, 1600, 1499, 988, 950, 988, 1600, 1001, 1001, 1001, 1001, 1500, 1500, 1500, 1500]
[1500, 1500, 1600, 1499, 988, 950, 988, 1600, 1001, 1001, 1001, 1001, 1500, 1500, 1500, 1500]
12:04:21.800202 Navigation got ALT: -1.25
[1500, 1499, 1600, 1500, 988, 951, 986, 1598, 1001, 1001, 1001, 1001, 1500, 1500, 1500, 1500]
12:04:21.803572 ALT: -1.25
12:04:21.803820 ATT: [-176.5, 0.0, 73]
12:04:21.804372 ACC: [0, -32, -515]
[1500, 1499, 1600, 1500, 988, 951, 986, 1598, 1001, 1001, 1001, 1001, 1500, 1500, 1500, 1500]
12:04:21.839531 Navigation got ALT: -1.25
[1500, 1500, 1600, 1499, 988, 950, 988, 1600, 1001, 1001, 1001, 1001, 1500, 1500, 1500, 1500]
12:04:21.852293 ALT: -1.25
12:04:21.852388 ATT: [-176.5, 0.0, 73]
12:04:21.852711 ACC: [0, -32, -516]
[1500, 1500, 1600, 1499, 988, 950, 988, 1600, 1001, 1001, 1001, 1001, 1500, 1500, 1500, 1500]
12:04:21.879585 Navigation got ALT: -1.25
[1500, 1500, 1600, 1500, 988, 950, 988, 1600, 1001, 1001, 1001, 1001, 1500, 1500, 1500, 1500]
12:04:21.899336 ALT: -1.25
12:04:21.899430 ATT: [-176.5, 0.0, 73]
12:04:21.899679 ACC: [0, -31, -515]
[1500, 1500, 1600, 1500, 988, 950, 988, 1600, 1001, 1001, 1001, 1001, 1500, 1500, 1500, 1500]
12:04:21.920199 Navigation got ALT: -1.25
[1500, 1500, 1600, 1500, 988, 950, 988, 1600, 1001, 1001, 1001, 1001, 1500, 1500, 1500, 1500]
[1500, 1500, 1600, 1500, 988, 950, 988, 1600, 1001, 1001, 1001, 1001, 1500, 1500, 1500, 1500]
12:04:21.947369 ALT: -1.25
12:04:21.947472 ATT: [-176.5, 0.0, 73]
12:04:21.948134 ACC: [0, -32, -516]
12:04:21.959590 Navigation got ALT: -1.25
[1500, 1499, 1600, 1500, 988, 950, 988, 1600, 1001, 1001, 1001, 1001, 1500, 1500, 1500, 1500]
[1500, 1499, 1600, 1500, 988, 950, 988, 1600, 1001, 1001, 1001, 1001, 1500, 1500, 1500, 1500]
12:04:21.994822 ALT: -1.25
12:04:21.994915 ATT: [-176.5, 0.0, 73]
12:04:21.995184 ACC: [0, -31, -515]
12:04:22.000165 Navigation got ALT: -1.25
[1500, 1500, 1600, 1499, 988, 950, 988, 1600, 1001, 1001, 1001, 1001, 1500, 1500, 1500, 1500]
[1500, 1500, 1600, 1499, 988, 950, 988, 1600, 1001, 1001, 1001, 1001, 1500, 1500, 1500, 1500]
12:04:22.039599 Navigation got ALT: -1.25
[1499, 1500, 1600, 1500, 988, 950, 988, 1598, 1001, 1001, 1001, 1001, 1500, 1500, 1500, 1500]
12:04:22.042738 ALT: -1.25
12:04:22.042788 ATT: [-176.5, 0.0, 73]
12:04:22.043006 ACC: [0, -32, -515]
[1499, 1500, 1600, 1500, 988, 950, 988, 1598, 1001, 1001, 1001, 1001, 1500, 1500, 1500, 1500]
12:04:22.079481 Navigation got ALT: -1.25
[1500, 1499, 1600, 1499, 988, 950, 988, 1600, 1001, 1001, 1001, 1001, 1500, 1500, 1500, 1500]
12:04:22.090859 ALT: -1.25
12:04:22.090948 ATT: [-176.5, 0.0, 73]
12:04:22.091236 ACC: [0, -32, -516]
[1500, 1499, 1600, 1499, 988, 950, 988, 1600, 1001, 1001, 1001, 1001, 1500, 1500, 1500, 1500]
12:04:22.119546 Navigation got ALT: -1.25
[1499, 1500, 1600, 1500, 988, 950, 988, 1600, 1001, 1001, 1001, 1001, 1500, 1500, 1500, 1500]
12:04:22.138916 ALT: -1.25
12:04:22.139004 ATT: [-176.5, 0.0, 73]
12:04:22.139245 ACC: [0, -32, -516]
[1499, 1500, 1600, 1500, 988, 950, 988, 1600, 1001, 1001, 1001, 1001, 1500, 1500, 1500, 1500]
12:04:22.159474 Navigation got ALT: -1.25
[1500, 1500, 1600, 1500, 988, 949, 988, 1600, 1001, 1001, 1001, 1001, 1500, 1500, 1500, 1500]
[1500, 1500, 1600, 1500, 988, 949, 988, 1600, 1001, 1001, 1001, 1001, 1500, 1500, 1500, 1500]
12:04:22.187182 ALT: -1.25
12:04:22.187313 ATT: [-176.5, 0.0, 73]
12:04:22.188033 ACC: [0, -32, -516]
12:04:22.200907 Navigation got ALT: -1.25
[1499, 1500, 1600, 1500, 988, 950, 988, 1600, 1001, 1001, 1001, 1001, 1500, 1500, 1500, 1500]
[1499, 1500, 1600, 1500, 988, 950, 988, 1600, 1001, 1001, 1001, 1001, 1500, 1500, 1500, 1500]
12:04:22.235363 ALT: -1.25
12:04:22.235467 ATT: [-176.5, 0.0, 73]
12:04:22.235800 ACC: [0, -32, -515]
12:04:22.239660 Navigation got ALT: -1.25
[1500, 1499, 1600, 1500, 988, 950, 988, 1600, 1001, 1001, 1001, 1001, 1500, 1500, 1500, 1500]
[1500, 1499, 1600, 1500, 988, 950, 988, 1600, 1001, 1001, 1001, 1001, 1500, 1500, 1500, 1500]
12:04:22.279502 Navigation got ALT: -1.25
[1500, 1500, 1600, 1500, 988, 950, 988, 1598, 1001, 1001, 1001, 1001, 1500, 1500, 1500, 1500]
12:04:22.282944 ALT: -1.25
12:04:22.283038 ATT: [-176.5, 0.0, 73]
12:04:22.283328 ACC: [0, -32, -516]
[1500, 1500, 1600, 1500, 988, 950, 988, 1598, 1001, 1001, 1001, 1001, 1500, 1500, 1500, 1500]
12:04:22.320025 Navigation got ALT: -1.25
[1500, 1499, 1600, 1500, 988, 950, 988, 1600, 1001, 1001, 1001, 1001, 1500, 1500, 1500, 1500]
12:04:22.331026 ALT: -1.25
12:04:22.331281 ATT: [-176.5, 0.0, 73]
12:04:22.331959 ACC: [0, -32, -516]
[1500, 1499, 1600, 1500, 988, 950, 988, 1600, 1001, 1001, 1001, 1001, 1500, 1500, 1500, 1500]
12:04:22.359483 Navigation got ALT: -1.25
[1500, 1500, 1600, 1500, 988, 950, 988, 1600, 1001, 1001, 1001, 1001, 1500, 1500, 1500, 1500]
12:04:22.378869 ALT: -1.21
12:04:22.378956 ATT: [-176.5, 0.0, 73]
12:04:22.379214 ACC: [0, -32, -515]
[1500, 1500, 1600, 1500, 988, 950, 988, 1600, 1001, 1001, 1001, 1001, 1500, 1500, 1500, 1500]
12:04:22.400443 Navigation got ALT: -1.21
[1500, 1500, 1600, 1499, 988, 950, 988, 1600, 1001, 1001, 1001, 1001, 1500, 1500, 1500, 1500]
[1500, 1500, 1600, 1499, 988, 950, 988, 1600, 1001, 1001, 1001, 1001, 1500, 1500, 1500, 1500]
12:04:22.426906 ALT: -1.19
12:04:22.426992 ATT: [-176.5, 0.0, 73]
12:04:22.427241 ACC: [0, -32, -516]
12:04:22.439683 Navigation got ALT: -1.19
[1500, 1499, 1600, 1500, 988, 950, 988, 1600, 1001, 1001, 1001, 1001, 1500, 1500, 1500, 1500]
[1500, 1499, 1600, 1500, 988, 950, 988, 1600, 1001, 1001, 1001, 1001, 1500, 1500, 1500, 1500]
12:04:22.474935 ALT: -1.17
12:04:22.475024 ATT: [-176.5, 0.0, 73]
12:04:22.475282 ACC: [0, -32, -515]
12:04:22.479516 Navigation got ALT: -1.17
[1500, 1500, 1600, 1500, 988, 950, 988, 1600, 1001, 1001, 1001, 1001, 1500, 1500, 1500, 1500]
[1500, 1500, 1600, 1500, 988, 950, 988, 1600, 1001, 1001, 1001, 1001, 1500, 1500, 1500, 1500]
12:04:22.519680 Navigation got ALT: -1.17
[1500, 1500, 1600, 1500, 988, 950, 988, 1600, 1001, 1001, 1001, 1001, 1500, 1500, 1500, 1500]
12:04:22.538921 ALT: -1.17
12:04:22.539009 ATT: [-176.5, 0.0, 73]
12:04:22.539251 ACC: [0, -31, -515]
[1500, 1500, 1600, 1500, 988, 950, 988, 1600, 1001, 1001, 1001, 1001, 1500, 1500, 1500, 1500]
12:04:22.559692 Navigation got ALT: -1.17
[1500, 1500, 1600, 1500, 988, 950, 988, 1600, 1001, 1001, 1001, 1001, 1500, 1500, 1500, 1500]
[1500, 1500, 1600, 1500, 988, 950, 988, 1600, 1001, 1001, 1001, 1001, 1500, 1500, 1500, 1500]
12:04:22.587420 ALT: -1.17
12:04:22.587525 ATT: [-176.5, 0.0, 73]
12:04:22.587870 ACC: [0, -32, -515]
12:04:22.600674 Navigation got ALT: -1.17
[1500, 1499, 1600, 1500, 988, 950, 988, 1598, 1001, 1001, 1001, 1001, 1500, 1500, 1500, 1500]
[1500, 1499, 1600, 1500, 988, 950, 988, 1598, 1001, 1001, 1001, 1001, 1500, 1500, 1500, 1500]
12:04:22.635423 ALT: -1.17
12:04:22.635527 ATT: [-176.5, 0.0, 73]
12:04:22.635863 ACC: [0, -32, -515]
12:04:22.639728 Navigation got ALT: -1.17
[1499, 1500, 1600, 1500, 988, 950, 988, 1600, 1001, 1001, 1001, 1001, 1500, 1500, 1500, 1500]
[1499, 1500, 1600, 1500, 988, 950, 988, 1600, 1001, 1001, 1001, 1001, 1500, 1500, 1500, 1500]
12:04:22.679542 Navigation got ALT: -1.17
[1499, 1500, 1600, 1500, 988, 950, 988, 1600, 1001, 1001, 1001, 1001, 1500, 1500, 1500, 1500]
12:04:22.683215 ALT: -1.17
12:04:22.683429 ATT: [-176.5, 0.0, 73]
12:04:22.683935 ACC: [0, -32, -515]
[1499, 1500, 1600, 1500, 988, 950, 988, 1600, 1001, 1001, 1001, 1001, 1500, 1500, 1500, 1500]
12:04:22.719945 Navigation got ALT: -1.17
[1500, 1500, 1600, 1500, 988, 950, 988, 1600, 1001, 1001, 1001, 1001, 1500, 1500, 1500, 1500]
12:04:22.731446 ALT: -1.17
12:04:22.731542 ATT: [-176.5, 0.0, 73]
12:04:22.731947 ACC: [0, -32, -515]
[1500, 1500, 1600, 1500, 988, 950, 988, 1600, 1001, 1001, 1001, 1001, 1500, 1500, 1500, 1500]
12:04:22.759683 Navigation got ALT: -1.17
[1500, 1500, 1600, 1499, 989, 949, 988, 1600, 1001, 1001, 1001, 1001, 1500, 1500, 1500, 1500]
12:04:22.778942 ALT: -1.17
12:04:22.779029 ATT: [-176.5, 0.0, 73]
12:04:22.779325 ACC: [0, -32, -515]
[1500, 1500, 1600, 1499, 989, 949, 988, 1600, 1001, 1001, 1001, 1001, 1500, 1500, 1500, 1500]
12:04:22.800498 Navigation got ALT: -1.17
[1500, 1500, 1600, 1499, 988, 950, 989, 1600, 1001, 1001, 1001, 1001, 1500, 1500, 1500, 1500]
[1500, 1500, 1600, 1499, 988, 950, 989, 1600, 1001, 1001, 1001, 1001, 1500, 1500, 1500, 1500]
12:04:22.826880 ALT: -1.17
12:04:22.826967 ATT: [-176.5, 0.0, 73]
12:04:22.827218 ACC: [0, -32, -515]
12:04:22.839709 Navigation got ALT: -1.17
[1499, 1499, 1600, 1499, 988, 950, 988, 1600, 1001, 1001, 1001, 1001, 1500, 1500, 1500, 1500]
[1499, 1499, 1600, 1499, 988, 950, 988, 1600, 1001, 1001, 1001, 1001, 1500, 1500, 1500, 1500]
12:04:22.874988 ALT: -1.17
12:04:22.875076 ATT: [-176.5, 0.0, 73]
12:04:22.875410 ACC: [0, -32, -516]
12:04:22.879600 Navigation got ALT: -1.17
[1500, 1500, 1600, 1500, 988, 950, 988, 1600, 1001, 1001, 1001, 1001, 1500, 1500, 1500, 1500]
[1500, 1500, 1600, 1500, 988, 950, 988, 1600, 1001, 1001, 1001, 1001, 1500, 1500, 1500, 1500]
12:04:22.919898 Navigation got ALT: -1.17
[1500, 1500, 1600, 1500, 988, 950, 988, 1600, 1001, 1001, 1001, 1001, 1500, 1500, 1500, 1500]
12:04:22.922948 ALT: -1.17
12:04:22.923035 ATT: [-176.5, 0.0, 73]
12:04:22.923371 ACC: [0, -32, -515]
[1500, 1500, 1600, 1500, 988, 950, 988, 1600, 1001, 1001, 1001, 1001, 1500, 1500, 1500, 1500]
12:04:22.959566 Navigation got ALT: -1.17
[1500, 1500, 1600, 1500, 988, 950, 988, 1600, 1001, 1001, 1001, 1001, 1500, 1500, 1500, 1500]
12:04:22.971513 ALT: -1.17
12:04:22.971617 ATT: [-176.5, 0.0, 73]
12:04:22.972094 ACC: [0, -32, -516]
[1500, 1500, 1600, 1500, 988, 950, 988, 1600, 1001, 1001, 1001, 1001, 1500, 1500, 1500, 1500]
12:04:23.000735 Navigation got ALT: -1.17
[1500, 1500, 1600, 1499, 988, 950, 988, 1600, 1001, 1001, 1001, 1001, 1500, 1500, 1500, 1500]
12:04:23.019709 ALT: -1.17
12:04:23.019820 ATT: [-176.5, 0.0, 73]
12:04:23.020150 ACC: [0, -32, -516]
[1500, 1500, 1600, 1499, 988, 950, 988, 1600, 1001, 1001, 1001, 1001, 1500, 1500, 1500, 1500]
12:04:23.039551 Navigation got ALT: -1.17
[1500, 1499, 1600, 1500, 988, 950, 988, 1600, 1001, 1001, 1001, 1001, 1500, 1500, 1500, 1500]
[1500, 1499, 1600, 1500, 988, 950, 988, 1600, 1001, 1001, 1001, 1001, 1500, 1500, 1500, 1500]
12:04:23.067365 ALT: -1.17
12:04:23.067460 ATT: [-176.5, 0.0, 73]
12:04:23.067841 ACC: [0, -31, -515]
12:04:23.079812 Navigation got ALT: -1.17
[1499, 1500, 1600, 1499, 988, 950, 988, 1600, 1001, 1001, 1001, 1001, 1500, 1500, 1500, 1500]
[1499, 1500, 1600, 1499, 988, 950, 988, 1600, 1001, 1001, 1001, 1001, 1500, 1500, 1500, 1500]
12:04:23.115273 ALT: -1.17
12:04:23.115622 ATT: [-176.5, 0.0, 73]
12:04:23.116110 ACC: [0, -32, -516]
12:04:23.120262 Navigation got ALT: -1.17
[1500, 1500, 1600, 1500, 988, 950, 988, 1600, 1001, 1001, 1001, 1001, 1500, 1500, 1500, 1500]
[1500, 1500, 1600, 1500, 988, 950, 988, 1600, 1001, 1001, 1001, 1001, 1500, 1500, 1500, 1500]
12:04:23.159481 Navigation got ALT: -1.17
[1500, 1499, 1600, 1500, 988, 950, 988, 1600, 1001, 1001, 1001, 1001, 1500, 1500, 1500, 1500]
12:04:23.162916 ALT: -1.17
12:04:23.162963 ATT: [-176.5, 0.0, 73]
12:04:23.163177 ACC: [0, -32, -516]
[1500, 1499, 1600, 1500, 988, 950, 988, 1600, 1001, 1001, 1001, 1001, 1500, 1500, 1500, 1500]
12:04:23.200389 Navigation got ALT: -1.17
[1500, 1500, 1600, 1499, 988, 950, 989, 1600, 1001, 1001, 1001, 1001, 1500, 1500, 1500, 1500]
12:04:23.210987 ALT: -1.17
12:04:23.211075 ATT: [-176.5, 0.0, 73]
12:04:23.211330 ACC: [0, -32, -516]
[1500, 1500, 1600, 1499, 988, 950, 989, 1600, 1001, 1001, 1001, 1001, 1500, 1500, 1500, 1500]
12:04:23.239621 Navigation got ALT: -1.17
[1499, 1500, 1600, 1500, 988, 950, 988, 1600, 1001, 1001, 1001, 1001, 1500, 1500, 1500, 1500]
12:04:23.258972 ALT: -1.17
12:04:23.259061 ATT: [-176.5, 0.0, 73]
12:04:23.259303 ACC: [0, -31, -516]
[1499, 1500, 1600, 1500, 988, 950, 988, 1600, 1001, 1001, 1001, 1001, 1500, 1500, 1500, 1500]
12:04:23.279693 Navigation got ALT: -1.17
[1499, 1500, 1600, 1500, 988, 950, 988, 1598, 1001, 1001, 1001, 1001, 1500, 1500, 1500, 1500]
[1499, 1500, 1600, 1500, 988, 950, 988, 1598, 1001, 1001, 1001, 1001, 1500, 1500, 1500, 1500]
12:04:23.307042 ALT: -1.17
12:04:23.307129 ATT: [-176.5, 0.0, 73]
12:04:23.307369 ACC: [0, -32, -515]
12:04:23.320007 Navigation got ALT: -1.17
[1500, 1500, 1600, 1499, 988, 950, 988, 1600, 1001, 1001, 1001, 1001, 1500, 1500, 1500, 1500]
[1500, 1500, 1600, 1499, 988, 950, 988, 1600, 1001, 1001, 1001, 1001, 1500, 1500, 1500, 1500]
12:04:23.355141 ALT: -1.17
12:04:23.355248 ATT: [-176.5, 0.0, 73]
12:04:23.355512 ACC: [0, -31, -516]
12:04:23.359519 Navigation got ALT: -1.17
[1500, 1500, 1600, 1500, 988, 950, 988, 1600, 1001, 1001, 1001, 1001, 1500, 1500, 1500, 1500]
[1500, 1500, 1600, 1500, 988, 950, 988, 1600, 1001, 1001, 1001, 1001, 1500, 1500, 1500, 1500]
12:04:23.400064 Navigation got ALT: -1.17
[1500, 1500, 1600, 1500, 988, 950, 988, 1598, 1001, 1001, 1001, 1001, 1500, 1500, 1500, 1500]
12:04:23.404401 ALT: -1.17
12:04:23.404492 ATT: [-176.5, 0.0, 73]
12:04:23.404775 ACC: [0, -31, -516]
[1500, 1500, 1600, 1500, 988, 950, 988, 1598, 1001, 1001, 1001, 1001, 1500, 1500, 1500, 1500]
12:04:23.439655 Navigation got ALT: -1.17
[1500, 1500, 1600, 1499, 988, 950, 988, 1600, 1001, 1001, 1001, 1001, 1500, 1500, 1500, 1500]
12:04:23.451431 ALT: -1.17
12:04:23.451693 ATT: [-176.5, 0.0, 73]
12:04:23.452071 ACC: [0, -32, -516]
[1500, 1500, 1600, 1499, 988, 950, 988, 1600, 1001, 1001, 1001, 1001, 1500, 1500, 1500, 1500]
12:04:23.479525 Navigation got ALT: -1.17
[1499, 1500, 1600, 1499, 988, 950, 988, 1600, 1001, 1001, 1001, 1001, 1500, 1500, 1500, 1500]
12:04:23.500072 ALT: -1.17
12:04:23.500393 ATT: [-176.5, 0.0, 73]
12:04:23.500795 ACC: [0, -32, -515]
[1499, 1500, 1600, 1499, 988, 950, 988, 1600, 1001, 1001, 1001, 1001, 1500, 1500, 1500, 1500]
12:04:23.520221 Navigation got ALT: -1.17
[1499, 1500, 1600, 1500, 988, 950, 988, 1600, 1001, 1001, 1001, 1001, 1500, 1500, 1500, 1500]
[1499, 1500, 1600, 1500, 988, 950, 988, 1600, 1001, 1001, 1001, 1001, 1500, 1500, 1500, 1500]
12:04:23.547429 ALT: -1.17
12:04:23.547683 ATT: [-176.5, 0.0, 73]
12:04:23.548143 ACC: [0, -32, -516]
12:04:23.559730 Navigation got ALT: -1.17
[1499, 1500, 1600, 1500, 988, 950, 988, 1600, 1001, 1001, 1001, 1001, 1500, 1500, 1500, 1500]
[1499, 1500, 1600, 1500, 988, 950, 988, 1600, 1001, 1001, 1001, 1001, 1500, 1500, 1500, 1500]
12:04:23.595049 ALT: -1.17
12:04:23.595135 ATT: [-176.5, 0.0, 73]
12:04:23.595387 ACC: [0, -32, -516]
12:04:23.600797 Navigation got ALT: -1.17
[1500, 1500, 1600, 1500, 988, 950, 988, 1600, 1001, 1001, 1001, 1001, 1500, 1500, 1500, 1500]
[1500, 1500, 1600, 1500, 988, 950, 988, 1600, 1001, 1001, 1001, 1001, 1500, 1500, 1500, 1500]
12:04:23.639765 Navigation got ALT: -1.17
[1500, 1499, 1600, 1500, 988, 950, 988, 1600, 1001, 1001, 1001, 1001, 1500, 1500, 1500, 1500]
12:04:23.643021 ALT: -1.17
12:04:23.643087 ATT: [-176.5, 0.0, 73]
12:04:23.643318 ACC: [0, -32, -516]
[1500, 1499, 1600, 1500, 988, 950, 988, 1600, 1001, 1001, 1001, 1001, 1500, 1500, 1500, 1500]
12:04:23.679492 Navigation got ALT: -1.17
[1497, 1499, 1600, 1499, 988, 950, 988, 1600, 1001, 1001, 1001, 1001, 1500, 1500, 1500, 1500]
12:04:23.691081 ALT: -1.17
12:04:23.691169 ATT: [-176.5, 0.0, 73]
12:04:23.691510 ACC: [0, -32, -516]
[1497, 1499, 1600, 1499, 988, 950, 988, 1600, 1001, 1001, 1001, 1001, 1500, 1500, 1500, 1500]
12:04:23.719882 Navigation got ALT: -1.17
[1499, 1500, 1600, 1500, 988, 950, 988, 1598, 1001, 1001, 1001, 1001, 1500, 1500, 1500, 1500]
12:04:23.739059 ALT: -1.17
12:04:23.739148 ATT: [-176.5, 0.0, 73]
12:04:23.739423 ACC: [0, -32, -515]
[1499, 1500, 1600, 1500, 988, 950, 988, 1598, 1001, 1001, 1001, 1001, 1500, 1500, 1500, 1500]
12:04:23.759518 Navigation got ALT: -1.17
[1500, 1500, 1600, 1500, 988, 950, 988, 1600, 1001, 1001, 1001, 1001, 1500, 1500, 1500, 1500]
[1500, 1500, 1600, 1500, 988, 950, 988, 1600, 1001, 1001, 1001, 1001, 1500, 1500, 1500, 1500]
12:04:23.787314 ALT: -1.17
12:04:23.787745 ATT: [-176.5, 0.0, 73]
12:04:23.788370 ACC: [-1, -31, -516]
12:04:23.800185 Navigation got ALT: -1.17
[1500, 1499, 1600, 1499, 988, 950, 988, 1600, 1001, 1001, 1001, 1001, 1500, 1500, 1500, 1500]
[1500, 1499, 1600, 1499, 988, 950, 988, 1600, 1001, 1001, 1001, 1001, 1500, 1500, 1500, 1500]
12:04:23.835397 ALT: -1.17
12:04:23.835496 ATT: [-176.5, 0.0, 73]
12:04:23.835810 ACC: [0, -32, -516]
12:04:23.839699 Navigation got ALT: -1.17
[1500, 1500, 1600, 1500, 988, 950, 988, 1600, 1001, 1001, 1001, 1001, 1500, 1500, 1500, 1500]
[1500, 1500, 1600, 1500, 988, 950, 988, 1600, 1001, 1001, 1001, 1001, 1500, 1500, 1500, 1500]
12:04:23.879596 Navigation got ALT: -1.17
[1500, 1500, 1600, 1500, 988, 950, 988, 1600, 1001, 1001, 1001, 1001, 1500, 1500, 1500, 1500]
12:04:23.883398 ALT: -1.17
12:04:23.883639 ATT: [-176.5, 0.0, 73]
12:04:23.884062 ACC: [0, -32, -516]
[1500, 1500, 1600, 1500, 988, 950, 988, 1600, 1001, 1001, 1001, 1001, 1500, 1500, 1500, 1500]
12:04:23.920018 Navigation got ALT: -1.17
[1500, 1499, 1600, 1499, 988, 950, 988, 1600, 1001, 1001, 1001, 1001, 1500, 1500, 1500, 1500]
12:04:23.931386 ALT: -1.17
12:04:23.931677 ATT: [-176.5, 0.0, 73]
12:04:23.932208 ACC: [-1, -32, -516]
[1500, 1499, 1600, 1499, 988, 950, 988, 1600, 1001, 1001, 1001, 1001, 1500, 1500, 1500, 1500]
12:04:23.959655 Navigation got ALT: -1.17
[1501, 1497, 1600, 1500, 988, 950, 988, 1600, 1001, 1001, 1001, 1001, 1500, 1500, 1500, 1500]
12:04:23.979108 ALT: -1.17
12:04:23.979195 ATT: [-176.5, 0.0, 73]
12:04:23.979434 ACC: [0, -32, -515]
[1501, 1497, 1600, 1500, 988, 950, 988, 1600, 1001, 1001, 1001, 1001, 1500, 1500, 1500, 1500]
12:04:23.999970 Navigation got ALT: -1.17
[1500, 1500, 1600, 1500, 988, 950, 988, 1600, 1001, 1001, 1001, 1001, 1500, 1500, 1500, 1500]
[1500, 1500, 1600, 1500, 988, 950, 988, 1600, 1001, 1001, 1001, 1001, 1500, 1500, 1500, 1500]
12:04:24.027079 ALT: -1.17
12:04:24.027166 ATT: [-176.5, 0.0, 73]
12:04:24.027407 ACC: [0, -32, -516]
12:04:24.039826 Navigation got ALT: -1.17
[1500, 1500, 1600, 1500, 988, 950, 988, 1600, 1001, 1001, 1001, 1001, 1500, 1500, 1500, 1500]
[1500, 1500, 1600, 1500, 988, 950, 988, 1600, 1001, 1001, 1001, 1001, 1500, 1500, 1500, 1500]
12:04:24.075196 ALT: -1.17
12:04:24.075286 ATT: [-176.5, 0.0, 73]
12:04:24.075525 ACC: [0, -32, -516]
12:04:24.079509 Navigation got ALT: -1.17
[1500, 1500, 1600, 1500, 988, 950, 988, 1598, 1001, 1001, 1001, 1001, 1500, 1500, 1500, 1500]
[1500, 1500, 1600, 1500, 988, 950, 988, 1598, 1001, 1001, 1001, 1001, 1500, 1500, 1500, 1500]
12:04:24.119864 Navigation got ALT: -1.17
[1500, 1500, 1600, 1499, 988, 950, 988, 1600, 1001, 1001, 1001, 1001, 1500, 1500, 1500, 1500]
12:04:24.123171 ALT: -1.17
12:04:24.123254 ATT: [-176.5, 0.0, 73]
12:04:24.123489 ACC: [0, -32, -516]
[1500, 1500, 1600, 1499, 988, 950, 988, 1600, 1001, 1001, 1001, 1001, 1500, 1500, 1500, 1500]
12:04:24.159623 Navigation got ALT: -1.17
[1499, 1500, 1600, 1500, 988, 950, 988, 1600, 1001, 1001, 1001, 1001, 1500, 1500, 1500, 1500]
12:04:24.172138 ALT: -1.17
12:04:24.172462 ATT: [-176.5, 0.0, 73]
12:04:24.173630 ACC: [0, -32, -516]
[1499, 1500, 1600, 1500, 988, 950, 988, 1600, 1001, 1001, 1001, 1001, 1500, 1500, 1500, 1500]
12:04:24.200250 Navigation got ALT: -1.17
[1500, 1499, 1600, 1500, 988, 951, 986, 1600, 1001, 1001, 1001, 1001, 1500, 1500, 1500, 1500]
[1500, 1499, 1600, 1500, 988, 951, 986, 1600, 1001, 1001, 1001, 1001, 1500, 1500, 1500, 1500]
12:04:24.220706 ALT: -1.17
12:04:24.220796 ATT: [-176.5, 0.0, 73]
12:04:24.221126 ACC: [0, -32, -516]
12:04:24.239710 Navigation got ALT: -1.17
[1500, 1499, 1600, 1500, 988, 950, 988, 1600, 1001, 1001, 1001, 1001, 1500, 1500, 1500, 1500]
[1500, 1499, 1600, 1500, 988, 950, 988, 1600, 1001, 1001, 1001, 1001, 1500, 1500, 1500, 1500]
12:04:24.267543 ALT: -1.17
12:04:24.267641 ATT: [-176.5, 0.0, 73]
12:04:24.268034 ACC: [0, -32, -515]
12:04:24.279609 Navigation got ALT: -1.17
[1499, 1500, 1600, 1500, 988, 950, 988, 1600, 1001, 1001, 1001, 1001, 1500, 1500, 1500, 1500]
[1499, 1500, 1600, 1500, 988, 950, 988, 1600, 1001, 1001, 1001, 1001, 1500, 1500, 1500, 1500]
12:04:24.315392 ALT: -1.17
12:04:24.315573 ATT: [-176.5, 0.0, 73]
12:04:24.317036 ACC: [0, -31, -516]
12:04:24.320384 Navigation got ALT: -1.17
[1500, 1500, 1600, 1500, 988, 950, 988, 1600, 1001, 1001, 1001, 1001, 1500, 1500, 1500, 1500]
[1500, 1500, 1600, 1500, 988, 950, 988, 1600, 1001, 1001, 1001, 1001, 1500, 1500, 1500, 1500]
12:04:24.359739 Navigation got ALT: -1.17
[1500, 1499, 1600, 1499, 988, 950, 988, 1600, 1001, 1001, 1001, 1001, 1500, 1500, 1500, 1500]
12:04:24.363144 ALT: -1.17
12:04:24.363203 ATT: [-176.5, 0.0, 73]
12:04:24.363483 ACC: [0, -32, -516]
[1500, 1499, 1600, 1499, 988, 950, 988, 1600, 1001, 1001, 1001, 1001, 1500, 1500, 1500, 1500]
12:04:24.399970 Navigation got ALT: -1.17
[1500, 1500, 1600, 1500, 988, 950, 989, 1600, 1001, 1001, 1001, 1001, 1500, 1500, 1500, 1500]
12:04:24.411180 ALT: -1.17
12:04:24.411269 ATT: [-176.5, 0.0, 73]
12:04:24.411523 ACC: [0, -32, -515]
[1500, 1500, 1600, 1500, 988, 950, 989, 1600, 1001, 1001, 1001, 1001, 1500, 1500, 1500, 1500]
12:04:24.439815 Navigation got ALT: -1.17
[1499, 1500, 1600, 1500, 988, 950, 988, 1598, 1001, 1001, 1001, 1001, 1500, 1500, 1500, 1500]
12:04:24.459104 ALT: -1.17
12:04:24.459190 ATT: [-176.5, 0.0, 73]
12:04:24.459431 ACC: [0, -32, -516]
[1499, 1500, 1600, 1500, 988, 950, 988, 1598, 1001, 1001, 1001, 1001, 1500, 1500, 1500, 1500]
12:04:24.479762 Navigation got ALT: -1.17
[1499, 1500, 1600, 1500, 988, 950, 988, 1598, 1001, 1001, 1001, 1001, 1500, 1500, 1500, 1500]
[1499, 1500, 1600, 1500, 988, 950, 988, 1598, 1001, 1001, 1001, 1001, 1500, 1500, 1500, 1500]
12:04:24.507245 ALT: -1.17
12:04:24.507331 ATT: [-176.5, 0.0, 73]
12:04:24.507639 ACC: [0, -32, -516]
12:04:24.520265 Navigation got ALT: -1.17
[1500, 1500, 1600, 1500, 988, 950, 988, 1601, 1001, 1001, 1001, 1001, 1500, 1500, 1500, 1500]
[1500, 1500, 1600, 1500, 988, 950, 988, 1601, 1001, 1001, 1001, 1001, 1500, 1500, 1500, 1500]
12:04:24.559498 Navigation got ALT: -1.17
[1500, 1500, 1600, 1499, 988, 951, 986, 1600, 1001, 1001, 1001, 1001, 1500, 1500, 1500, 1500]
12:04:24.571425 ALT: -1.17
12:04:24.571520 ATT: [-176.5, 0.0, 73]
12:04:24.571829 ACC: [0, -32, -516]
[1500, 1500, 1600, 1499, 988, 951, 986, 1600, 1001, 1001, 1001, 1001, 1500, 1500, 1500, 1500]
12:04:24.599941 Navigation got ALT: -1.17
[1500, 1499, 1600, 1500, 988, 950, 988, 1600, 1001, 1001, 1001, 1001, 1500, 1500, 1500, 1500]
12:04:24.619647 ALT: -1.17
12:04:24.619923 ATT: [-176.5, 0.0, 73]
12:04:24.620286 ACC: [0, -32, -515]
[1500, 1499, 1600, 1500, 988, 950, 988, 1600, 1001, 1001, 1001, 1001, 1500, 1500, 1500, 1500]
12:04:24.639624 Navigation got ALT: -1.17
[1500, 1500, 1600, 1499, 988, 950, 988, 1600, 1001, 1001, 1001, 1001, 1500, 1500, 1500, 1500]
[1500, 1500, 1600, 1499, 988, 950, 988, 1600, 1001, 1001, 1001, 1001, 1500, 1500, 1500, 1500]
12:04:24.667410 ALT: -1.17
12:04:24.667524 ATT: [-176.5, 0.0, 73]
12:04:24.668315 ACC: [-1, -32, -515]
12:04:24.679834 Navigation got ALT: -1.17
[1499, 1500, 1600, 1500, 988, 950, 988, 1600, 1001, 1001, 1001, 1001, 1500, 1500, 1500, 1500]
[1499, 1500, 1600, 1500, 988, 950, 988, 1600, 1001, 1001, 1001, 1001, 1500, 1500, 1500, 1500]
12:04:24.715474 ALT: -1.17
12:04:24.715928 ATT: [-176.5, 0.0, 73]
12:04:24.716374 ACC: [0, -32, -516]
12:04:24.720118 Navigation got ALT: -1.17
[1500, 1500, 1600, 1500, 988, 950, 988, 1600, 1001, 1001, 1001, 1001, 1500, 1500, 1500, 1500]
[1500, 1500, 1600, 1500, 988, 950, 988, 1600, 1001, 1001, 1001, 1001, 1500, 1500, 1500, 1500]
12:04:24.759549 Navigation got ALT: -1.17
[1500, 1500, 1600, 1500, 988, 950, 988, 1598, 1001, 1001, 1001, 1001, 1500, 1500, 1500, 1500]
12:04:24.763217 ALT: -1.17
12:04:24.763274 ATT: [-176.5, 0.0, 73]
12:04:24.763501 ACC: [0, -32, -516]
[1500, 1500, 1600, 1500, 988, 950, 988, 1598, 1001, 1001, 1001, 1001, 1500, 1500, 1500, 1500]
12:04:24.799808 Navigation got ALT: -1.17
[1500, 1500, 1600, 1500, 988, 950, 988, 1600, 1001, 1001, 1001, 1001, 1500, 1500, 1500, 1500]
12:04:24.811236 ALT: -1.17
12:04:24.811325 ATT: [-176.5, 0.0, 73]
12:04:24.811577 ACC: [0, -32, -516]
[1500, 1500, 1600, 1500, 988, 950, 988, 1600, 1001, 1001, 1001, 1001, 1500, 1500, 1500, 1500]
12:04:24.839963 Navigation got ALT: -1.17
[1497, 1499, 1600, 1500, 988, 950, 988, 1600, 1001, 1001, 1001, 1001, 1500, 1500, 1500, 1500]
12:04:24.859184 ALT: -1.17
12:04:24.859273 ATT: [-176.5, 0.0, 73]
12:04:24.859519 ACC: [0, -32, -516]
[1497, 1499, 1600, 1500, 988, 950, 988, 1600, 1001, 1001, 1001, 1001, 1500, 1500, 1500, 1500]
12:04:24.879539 Navigation got ALT: -1.17
[1500, 1500, 1600, 1500, 988, 950, 988, 1600, 1001, 1001, 1001, 1001, 1500, 1500, 1500, 1500]
[1500, 1500, 1600, 1500, 988, 950, 988, 1600, 1001, 1001, 1001, 1001, 1500, 1500, 1500, 1500]
12:04:24.907311 ALT: -1.17
12:04:24.907397 ATT: [-176.5, 0.0, 73]
12:04:24.907650 ACC: [0, -32, -516]
12:04:24.919993 Navigation got ALT: -1.17
[1500, 1500, 1600, 1500, 988, 950, 988, 1600, 1001, 1001, 1001, 1001, 1500, 1500, 1500, 1500]
[1500, 1500, 1600, 1500, 988, 950, 988, 1600, 1001, 1001, 1001, 1001, 1500, 1500, 1500, 1500]
12:04:24.955430 ALT: -1.17
12:04:24.955553 ATT: [-176.5, 0.0, 73]
12:04:24.955924 ACC: [0, -32, -516]
12:04:24.959511 Navigation got ALT: -1.17
[1500, 1500, 1600, 1500, 988, 950, 988, 1600, 1001, 1001, 1001, 1001, 1500, 1500, 1500, 1500]
[1500, 1500, 1600, 1500, 988, 950, 988, 1600, 1001, 1001, 1001, 1001, 1500, 1500, 1500, 1500]
12:04:25.000127 Navigation got ALT: -1.17
[1499, 1500, 1600, 1499, 988, 950, 988, 1600, 1001, 1001, 1001, 1001, 1500, 1500, 1500, 1500]
12:04:25.003555 ALT: -1.17
12:04:25.003705 ATT: [-176.5, 0.0, 73]
12:04:25.004739 ACC: [0, -32, -516]
[1499, 1500, 1600, 1499, 988, 950, 988, 1600, 1001, 1001, 1001, 1001, 1500, 1500, 1500, 1500]
12:04:25.039574 Navigation got ALT: -1.17
[1500, 1500, 1600, 1500, 988, 950, 988, 1600, 1001, 1001, 1001, 1001, 1500, 1500, 1500, 1500]
12:04:25.051977 ALT: -1.17
12:04:25.052076 ATT: [-176.5, 0.0, 73]
12:04:25.052394 ACC: [0, -32, -516]
[1500, 1500, 1600, 1500, 988, 950, 988, 1600, 1001, 1001, 1001, 1001, 1500, 1500, 1500, 1500]
12:04:25.079533 Navigation got ALT: -1.17
[1499, 1500, 1600, 1500, 988, 950, 988, 1600, 1001, 1001, 1001, 1001, 1500, 1500, 1500, 1500]
12:04:25.099418 ALT: -1.17
12:04:25.099721 ATT: [-176.5, 0.0, 73]
12:04:25.100203 ACC: [0, -32, -516]
[1499, 1500, 1600, 1500, 988, 950, 988, 1600, 1001, 1001, 1001, 1001, 1500, 1500, 1500, 1500]
12:04:25.120239 Navigation got ALT: -1.17
[1500, 1500, 1600, 1500, 988, 950, 988, 1600, 1001, 1001, 1001, 1001, 1500, 1500, 1500, 1500]
[1500, 1500, 1600, 1500, 988, 950, 988, 1600, 1001, 1001, 1001, 1001, 1500, 1500, 1500, 1500]
12:04:25.147651 ALT: -1.17
12:04:25.147808 ATT: [-176.5, 0.0, 73]
12:04:25.148220 ACC: [0, -32, -515]
12:04:25.159652 Navigation got ALT: -1.17
[1500, 1500, 1600, 1500, 988, 951, 986, 1600, 1001, 1001, 1001, 1001, 1500, 1500, 1500, 1500]
[1500, 1500, 1600, 1500, 988, 951, 986, 1600, 1001, 1001, 1001, 1001, 1500, 1500, 1500, 1500]
12:04:25.195292 ALT: -1.17
12:04:25.195381 ATT: [-176.5, 0.0, 73]
12:04:25.195636 ACC: [0, -32, -516]
12:04:25.200513 Navigation got ALT: -1.17
[1500, 1500, 1600, 1500, 988, 950, 988, 1598, 1001, 1001, 1001, 1001, 1500, 1500, 1500, 1500]
[1500, 1500, 1600, 1500, 988, 950, 988, 1598, 1001, 1001, 1001, 1001, 1500, 1500, 1500, 1500]
12:04:25.239585 Navigation got ALT: -1.17
[1500, 1499, 1600, 1499, 988, 950, 988, 1600, 1001, 1001, 1001, 1001, 1500, 1500, 1500, 1500]
12:04:25.243193 ALT: -1.17
12:04:25.243242 ATT: [-176.5, 0.0, 73]
12:04:25.243461 ACC: [0, -32, -516]
[1500, 1499, 1600, 1499, 988, 950, 988, 1600, 1001, 1001, 1001, 1001, 1500, 1500, 1500, 1500]
12:04:25.279538 Navigation got ALT: -1.17
[1500, 1499, 1600, 1499, 988, 950, 988, 1600, 1001, 1001, 1001, 1001, 1500, 1500, 1500, 1500]
12:04:25.291316 ALT: -1.22
12:04:25.291403 ATT: [-176.5, 0.0, 73]
12:04:25.291687 ACC: [0, -32, -516]
[1500, 1499, 1600, 1499, 988, 950, 988, 1600, 1001, 1001, 1001, 1001, 1500, 1500, 1500, 1500]
12:04:25.319950 Navigation got ALT: -1.22
[1499, 1500, 1600, 1500, 988, 950, 988, 1600, 1001, 1001, 1001, 1001, 1500, 1500, 1500, 1500]
12:04:25.339259 ALT: -1.23
12:04:25.339346 ATT: [-176.5, 0.0, 73]
12:04:25.339589 ACC: [0, -32, -516]
[1499, 1500, 1600, 1500, 988, 950, 988, 1600, 1001, 1001, 1001, 1001, 1500, 1500, 1500, 1500]
12:04:25.359640 Navigation got ALT: -1.23
[1500, 1500, 1600, 1500, 988, 950, 988, 1600, 1001, 1001, 1001, 1001, 1500, 1500, 1500, 1500]
[1500, 1500, 1600, 1500, 988, 950, 988, 1600, 1001, 1001, 1001, 1001, 1500, 1500, 1500, 1500]
12:04:25.387811 ALT: -1.23
12:04:25.387912 ATT: [-176.5, 0.0, 73]
12:04:25.388233 ACC: [0, -32, -516]
12:04:25.400190 Navigation got ALT: -1.23
[1500, 1500, 1600, 1500, 988, 950, 988, 1600, 1001, 1001, 1001, 1001, 1500, 1500, 1500, 1500]
[1500, 1500, 1600, 1500, 988, 950, 988, 1600, 1001, 1001, 1001, 1001, 1500, 1500, 1500, 1500]
12:04:25.435701 ALT: -1.23
12:04:25.435800 ATT: [-176.5, 0.0, 73]
12:04:25.436100 ACC: [0, -32, -516]
12:04:25.439662 Navigation got ALT: -1.23
[1497, 1500, 1600, 1500, 988, 950, 988, 1600, 1001, 1001, 1001, 1001, 1500, 1500, 1500, 1500]
[1497, 1500, 1600, 1500, 988, 950, 988, 1600, 1001, 1001, 1001, 1001, 1500, 1500, 1500, 1500]
12:04:25.479546 Navigation got ALT: -1.23
[1500, 1499, 1600, 1500, 988, 950, 988, 1600, 1001, 1001, 1001, 1001, 1500, 1500, 1500, 1500]
12:04:25.483631 ALT: -1.23
12:04:25.483778 ATT: [-176.5, 0.0, 73]
12:04:25.484193 ACC: [0, -32, -516]
[1500, 1499, 1600, 1500, 988, 950, 988, 1600, 1001, 1001, 1001, 1001, 1500, 1500, 1500, 1500]
12:04:25.520005 Navigation got ALT: -1.23
[1500, 1499, 1600, 1500, 988, 950, 988, 1600, 1001, 1001, 1001, 1001, 1500, 1500, 1500, 1500]
12:04:25.531891 ALT: -1.23
12:04:25.531975 ATT: [-176.5, 0.0, 73]
12:04:25.532254 ACC: [0, -32, -516]
[1500, 1499, 1600, 1500, 988, 950, 988, 1600, 1001, 1001, 1001, 1001, 1500, 1500, 1500, 1500]
12:04:25.559586 Navigation got ALT: -1.23
[1500, 1500, 1600, 1500, 988, 950, 988, 1600, 1001, 1001, 1001, 1001, 1500, 1500, 1500, 1500]
12:04:25.579247 ALT: -1.23
12:04:25.579337 ATT: [-176.5, 0.0, 73]
12:04:25.579964 ACC: [0, -32, -516]
[1500, 1500, 1600, 1500, 988, 950, 988, 1600, 1001, 1001, 1001, 1001, 1500, 1500, 1500, 1500]
12:04:25.600003 Navigation got ALT: -1.23
[1500, 1499, 1600, 1500, 988, 950, 988, 1600, 1001, 1001, 1001, 1001, 1500, 1500, 1500, 1500]
[1500, 1499, 1600, 1500, 988, 950, 988, 1600, 1001, 1001, 1001, 1001, 1500, 1500, 1500, 1500]
12:04:25.627243 ALT: -1.23
12:04:25.627331 ATT: [-176.5, 0.0, 73]
12:04:25.627577 ACC: [0, -32, -516]
12:04:25.639982 Navigation got ALT: -1.23
[1500, 1500, 1600, 1500, 988, 950, 988, 1600, 1001, 1001, 1001, 1001, 1500, 1500, 1500, 1500]
[1500, 1500, 1600, 1500, 988, 950, 988, 1600, 1001, 1001, 1001, 1001, 1500, 1500, 1500, 1500]
12:04:25.675390 ALT: -1.23
12:04:25.675477 ATT: [-176.5, 0.0, 73]
12:04:25.675715 ACC: [-1, -32, -516]
12:04:25.679585 Navigation got ALT: -1.23
[1500, 1500, 1600, 1500, 988, 950, 988, 1598, 1001, 1001, 1001, 1001, 1500, 1500, 1500, 1500]
[1500, 1500, 1600, 1500, 988, 950, 988, 1598, 1001, 1001, 1001, 1001, 1500, 1500, 1500, 1500]
12:04:25.720078 Navigation got ALT: -1.23
[1500, 1499, 1600, 1499, 988, 950, 988, 1600, 1001, 1001, 1001, 1001, 1500, 1500, 1500, 1500]
12:04:25.723379 ALT: -1.23
12:04:25.723465 ATT: [-176.5, 0.0, 73]
12:04:25.723718 ACC: [0, -32, -516]
[1500, 1499, 1600, 1499, 988, 950, 988, 1600, 1001, 1001, 1001, 1001, 1500, 1500, 1500, 1500]
12:04:25.759581 Navigation got ALT: -1.23
[1500, 1500, 1600, 1499, 988, 951, 986, 1598, 1001, 1001, 1001, 1001, 1500, 1500, 1500, 1500]
12:04:25.772002 ALT: -1.18
12:04:25.772109 ATT: [-176.5, 0.0, 73]
12:04:25.772561 ACC: [0, -32, -515]
[1500, 1500, 1600, 1499, 988, 951, 986, 1598, 1001, 1001, 1001, 1001, 1500, 1500, 1500, 1500]
12:04:25.800028 Navigation got ALT: -1.18
[1500, 1499, 1600, 1500, 988, 950, 988, 1600, 1001, 1001, 1001, 1001, 1500, 1500, 1500, 1500]
[1500, 1499, 1600, 1500, 988, 950, 988, 1600, 1001, 1001, 1001, 1001, 1500, 1500, 1500, 1500]
12:04:25.820743 ALT: -1.17
12:04:25.820830 ATT: [-176.5, 0.0, 73]
12:04:25.821091 ACC: [0, -32, -515]
12:04:25.839729 Navigation got ALT: -1.17
[1499, 1500, 1600, 1500, 988, 950, 988, 1600, 1001, 1001, 1001, 1001, 1500, 1500, 1500, 1500]
[1499, 1500, 1600, 1500, 988, 950, 988, 1600, 1001, 1001, 1001, 1001, 1500, 1500, 1500, 1500]
12:04:25.868144 ALT: -1.17
12:04:25.868234 ATT: [-176.5, 0.0, 73]
12:04:25.868540 ACC: [0, -32, -516]
12:04:25.879754 Navigation got ALT: -1.17
[1500, 1500, 1600, 1499, 988, 950, 988, 1600, 1001, 1001, 1001, 1001, 1500, 1500, 1500, 1500]
[1500, 1500, 1600, 1499, 988, 950, 988, 1600, 1001, 1001, 1001, 1001, 1500, 1500, 1500, 1500]
12:04:25.915952 ALT: -1.17
12:04:25.916062 ATT: [-176.5, 0.0, 73]
12:04:25.916466 ACC: [0, -32, -515]
12:04:25.920175 Navigation got ALT: -1.17
[1500, 1500, 1600, 1499, 988, 950, 988, 1600, 1001, 1001, 1001, 1001, 1500, 1500, 1500, 1500]
[1500, 1500, 1600, 1499, 988, 950, 988, 1600, 1001, 1001, 1001, 1001, 1500, 1500, 1500, 1500]
12:04:25.959553 Navigation got ALT: -1.17
[1500, 1500, 1600, 1500, 988, 950, 988, 1600, 1001, 1001, 1001, 1001, 1500, 1500, 1500, 1500]
12:04:25.963297 ALT: -1.17
12:04:25.963352 ATT: [-176.5, 0.0, 73]
12:04:25.963584 ACC: [0, -32, -515]
[1500, 1500, 1600, 1500, 988, 950, 988, 1600, 1001, 1001, 1001, 1001, 1500, 1500, 1500, 1500]
12:04:25.999963 Navigation got ALT: -1.17
[1500, 1499, 1600, 1499, 988, 950, 988, 1600, 1001, 1001, 1001, 1001, 1500, 1500, 1500, 1500]
12:04:26.011406 ALT: -1.17
12:04:26.011492 ATT: [-176.5, 0.0, 73]
12:04:26.011737 ACC: [0, -32, -516]
[1500, 1499, 1600, 1499, 988, 950, 988, 1600, 1001, 1001, 1001, 1001, 1500, 1500, 1500, 1500]
12:04:26.039792 Navigation got ALT: -1.17
[1499, 1500, 1600, 1501, 986, 950, 988, 1600, 1001, 1001, 1001, 1001, 1500, 1500, 1500, 1500]
12:04:26.059300 ALT: -1.17
12:04:26.059386 ATT: [-176.5, 0.0, 73]
12:04:26.059620 ACC: [0, -32, -516]
[1499, 1500, 1600, 1501, 986, 950, 988, 1600, 1001, 1001, 1001, 1001, 1500, 1500, 1500, 1500]
12:04:26.079667 Navigation got ALT: -1.17
[1499, 1500, 1600, 1500, 988, 950, 988, 1600, 1001, 1001, 1001, 1001, 1500, 1500, 1500, 1500]
[1499, 1500, 1600, 1500, 988, 950, 988, 1600, 1001, 1001, 1001, 1001, 1500, 1500, 1500, 1500]
12:04:26.107583 ALT: -1.17
12:04:26.107671 ATT: [-176.5, 0.0, 73]
12:04:26.107925 ACC: [0, -32, -516]
12:04:26.120259 Navigation got ALT: -1.17
[1500, 1500, 1600, 1499, 988, 950, 988, 1598, 1001, 1001, 1001, 1001, 1500, 1500, 1500, 1500]
[1500, 1500, 1600, 1499, 988, 950, 988, 1598, 1001, 1001, 1001, 1001, 1500, 1500, 1500, 1500]
12:04:26.155478 ALT: -1.17
12:04:26.155573 ATT: [-176.5, 0.0, 73]
12:04:26.156093 ACC: [0, -32, -516]
12:04:26.159614 Navigation got ALT: -1.17
[1499, 1500, 1600, 1500, 988, 950, 988, 1600, 1001, 1001, 1001, 1001, 1500, 1500, 1500, 1500]
[1499, 1500, 1600, 1500, 988, 950, 988, 1600, 1001, 1001, 1001, 1001, 1500, 1500, 1500, 1500]
12:04:26.200017 Navigation got ALT: -1.17
[1500, 1500, 1600, 1500, 988, 950, 988, 1598, 1001, 1001, 1001, 1001, 1500, 1500, 1500, 1500]
12:04:26.203761 ALT: -1.17
12:04:26.204090 ATT: [-176.5, 0.0, 73]
12:04:26.204602 ACC: [0, -32, -516]
[1500, 1500, 1600, 1500, 988, 950, 988, 1598, 1001, 1001, 1001, 1001, 1500, 1500, 1500, 1500]
12:04:26.239924 Navigation got ALT: -1.17
[1499, 1500, 1600, 1500, 988, 950, 988, 1600, 1001, 1001, 1001, 1001, 1500, 1500, 1500, 1500]
12:04:26.251738 ALT: -1.17
12:04:26.252020 ATT: [-176.5, 0.0, 73]
12:04:26.252610 ACC: [0, -32, -516]
[1499, 1500, 1600, 1500, 988, 950, 988, 1600, 1001, 1001, 1001, 1001, 1500, 1500, 1500, 1500]
12:04:26.279574 Navigation got ALT: -1.17
[1500, 1499, 1600, 1500, 988, 950, 988, 1600, 1001, 1001, 1001, 1001, 1500, 1500, 1500, 1500]
[1500, 1499, 1600, 1500, 988, 950, 988, 1600, 1001, 1001, 1001, 1001, 1500, 1500, 1500, 1500]
12:04:26.300676 ALT: -1.17
12:04:26.300738 ATT: [-176.5, 0.0, 73]
12:04:26.301000 ACC: [0, -32, -516]
12:04:26.320261 Navigation got ALT: -1.17
[1500, 1500, 1600, 1500, 988, 950, 988, 1598, 1001, 1001, 1001, 1001, 1500, 1500, 1500, 1500]
[1500, 1500, 1600, 1500, 988, 950, 988, 1598, 1001, 1001, 1001, 1001, 1500, 1500, 1500, 1500]
12:04:26.347719 ALT: -1.17
12:04:26.347884 ATT: [-176.5, 0.0, 73]
12:04:26.348516 ACC: [0, -32, -516]
12:04:26.359627 Navigation got ALT: -1.17
[1500, 1500, 1600, 1499, 988, 951, 986, 1600, 1001, 1001, 1001, 1001, 1500, 1500, 1500, 1500]
[1500, 1500, 1600, 1499, 988, 951, 986, 1600, 1001, 1001, 1001, 1001, 1500, 1500, 1500, 1500]
12:04:26.395479 ALT: -1.17
12:04:26.395572 ATT: [-176.5, 0.0, 73]
12:04:26.395839 ACC: [0, -32, -516]
12:04:26.400329 Navigation got ALT: -1.17
[1499, 1500, 1600, 1500, 988, 950, 988, 1600, 1001, 1001, 1001, 1001, 1500, 1500, 1500, 1500]
[1499, 1500, 1600, 1500, 988, 950, 988, 1600, 1001, 1001, 1001, 1001, 1500, 1500, 1500, 1500]
12:04:26.439768 Navigation got ALT: -1.17
[1500, 1500, 1600, 1500, 988, 950, 988, 1600, 1001, 1001, 1001, 1001, 1500, 1500, 1500, 1500]
12:04:26.443404 ALT: -1.17
12:04:26.443476 ATT: [-176.5, 0.0, 73]
12:04:26.443709 ACC: [0, -31, -516]
[1500, 1500, 1600, 1500, 988, 950, 988, 1600, 1001, 1001, 1001, 1001, 1500, 1500, 1500, 1500]
12:04:26.479532 Navigation got ALT: -1.17
[1500, 1500, 1600, 1500, 988, 950, 988, 1600, 1001, 1001, 1001, 1001, 1500, 1500, 1500, 1500]
12:04:26.491468 ALT: -1.17
12:04:26.491555 ATT: [-176.5, 0.0, 73]
12:04:26.491799 ACC: [0, -32, -516]
[1500, 1500, 1600, 1500, 988, 950, 988, 1600, 1001, 1001, 1001, 1001, 1500, 1500, 1500, 1500]
12:04:26.519923 Navigation got ALT: -1.17
[1499, 1500, 1600, 1500, 988, 950, 988, 1600, 1001, 1001, 1001, 1001, 1500, 1500, 1500, 1500]
[1499, 1500, 1600, 1500, 988, 950, 988, 1600, 1001, 1001, 1001, 1001, 1500, 1500, 1500, 1500]
12:04:26.540488 ALT: -1.17
12:04:26.540565 ATT: [-176.5, 0.0, 73]
12:04:26.540802 ACC: [0, -32, -516]
12:04:26.559648 Navigation got ALT: -1.17
[1500, 1500, 1600, 1499, 988, 950, 988, 1598, 1001, 1001, 1001, 1001, 1500, 1500, 1500, 1500]
[1500, 1500, 1600, 1499, 988, 950, 988, 1598, 1001, 1001, 1001, 1001, 1500, 1500, 1500, 1500]
12:04:26.587795 ALT: -1.17
12:04:26.587886 ATT: [-176.5, 0.0, 73]
12:04:26.588229 ACC: [0, -32, -516]
12:04:26.600292 Navigation got ALT: -1.17
[1499, 1500, 1600, 1500, 986, 950, 988, 1600, 1001, 1001, 1001, 1001, 1500, 1500, 1500, 1500]
[1499, 1500, 1600, 1500, 986, 950, 988, 1600, 1001, 1001, 1001, 1001, 1500, 1500, 1500, 1500]
12:04:26.639845 Navigation got ALT: -1.17
[1500, 1500, 1600, 1500, 988, 950, 988, 1600, 1001, 1001, 1001, 1001, 1500, 1500, 1500, 1500]
12:04:26.651904 ALT: -1.17
12:04:26.652007 ATT: [-176.5, 0.0, 73]
12:04:26.652310 ACC: [0, -32, -516]
[1500, 1500, 1600, 1500, 988, 950, 988, 1600, 1001, 1001, 1001, 1001, 1500, 1500, 1500, 1500]
12:04:26.679573 Navigation got ALT: -1.17
[1500, 1500, 1600, 1500, 988, 950, 988, 1600, 1001, 1001, 1001, 1001, 1500, 1500, 1500, 1500]
[1500, 1500, 1600, 1500, 988, 950, 988, 1600, 1001, 1001, 1001, 1001, 1500, 1500, 1500, 1500]
12:04:26.700219 ALT: -1.17
12:04:26.700464 ATT: [-176.5, 0.0, 73]
12:04:26.701044 ACC: [0, -32, -516]
12:04:26.720630 Navigation got ALT: -1.17
[1500, 1500, 1600, 1500, 988, 950, 988, 1600, 1001, 1001, 1001, 1001, 1500, 1500, 1500, 1500]
[1500, 1500, 1600, 1500, 988, 950, 988, 1600, 1001, 1001, 1001, 1001, 1500, 1500, 1500, 1500]
12:04:26.747662 ALT: -1.17
12:04:26.747908 ATT: [-176.5, 0.0, 73]
12:04:26.748505 ACC: [0, -32, -515]
12:04:26.760209 Navigation got ALT: -1.17
[1500, 1500, 1600, 1500, 988, 950, 988, 1598, 1001, 1001, 1001, 1001, 1500, 1500, 1500, 1500]
[1500, 1500, 1600, 1500, 988, 950, 988, 1598, 1001, 1001, 1001, 1001, 1500, 1500, 1500, 1500]
12:04:26.795479 ALT: -1.17
12:04:26.795565 ATT: [-176.5, 0.0, 73]
12:04:26.795821 ACC: [0, -32, -515]
12:04:26.800779 Navigation got ALT: -1.17
[1500, 1499, 1600, 1500, 988, 950, 988, 1600, 1001, 1001, 1001, 1001, 1500, 1500, 1500, 1500]
[1500, 1499, 1600, 1500, 988, 950, 988, 1600, 1001, 1001, 1001, 1001, 1500, 1500, 1500, 1500]
12:04:26.839884 Navigation got ALT: -1.17
[1500, 1500, 1600, 1500, 988, 950, 988, 1600, 1001, 1001, 1001, 1001, 1500, 1500, 1500, 1500]
12:04:26.843491 ALT: -1.17
12:04:26.843568 ATT: [-176.5, 0.0, 73]
12:04:26.843816 ACC: [0, -32, -516]
[1500, 1500, 1600, 1500, 988, 950, 988, 1600, 1001, 1001, 1001, 1001, 1500, 1500, 1500, 1500]
12:04:26.879525 Navigation got ALT: -1.17
[1500, 1500, 1600, 1499, 988, 950, 988, 1600, 1001, 1001, 1001, 1001, 1500, 1500, 1500, 1500]
12:04:26.891588 ALT: -1.17
12:04:26.891691 ATT: [-176.5, 0.0, 73]
12:04:26.891935 ACC: [-1, -31, -516]
[1500, 1500, 1600, 1499, 988, 950, 988, 1600, 1001, 1001, 1001, 1001, 1500, 1500, 1500, 1500]
12:04:26.920098 Navigation got ALT: -1.17
[1500, 1500, 1600, 1500, 988, 950, 988, 1600, 1001, 1001, 1001, 1001, 1500, 1500, 1500, 1500]
[1500, 1500, 1600, 1500, 988, 950, 988, 1600, 1001, 1001, 1001, 1001, 1500, 1500, 1500, 1500]
12:04:26.940465 ALT: -1.22
12:04:26.940558 ATT: [-176.5, 0.0, 73]
12:04:26.940754 ACC: [0, -32, -516]
12:04:26.959705 Navigation got ALT: -1.22
[1500, 1500, 1600, 1500, 988, 950, 988, 1600, 1001, 1001, 1001, 1001, 1500, 1500, 1500, 1500]
[1500, 1500, 1600, 1500, 988, 950, 988, 1600, 1001, 1001, 1001, 1001, 1500, 1500, 1500, 1500]
12:04:26.987875 ALT: -1.23
12:04:26.987968 ATT: [-176.5, 0.0, 73]
12:04:26.988305 ACC: [0, -32, -516]
12:04:27.000354 Navigation got ALT: -1.23
[1500, 1500, 1600, 1500, 988, 950, 988, 1598, 1001, 1001, 1001, 1001, 1500, 1500, 1500, 1500]
[1500, 1500, 1600, 1500, 988, 950, 988, 1598, 1001, 1001, 1001, 1001, 1500, 1500, 1500, 1500]
12:04:27.035914 ALT: -1.23
12:04:27.036026 ATT: [-176.5, 0.0, 73]
12:04:27.036340 ACC: [0, -32, -516]
12:04:27.040120 Navigation got ALT: -1.23
[1499, 1500, 1600, 1500, 988, 950, 988, 1600, 1001, 1001, 1001, 1001, 1500, 1500, 1500, 1500]
[1499, 1500, 1600, 1500, 988, 950, 988, 1600, 1001, 1001, 1001, 1001, 1500, 1500, 1500, 1500]
12:04:27.079561 Navigation got ALT: -1.23
[1500, 1500, 1600, 1500, 988, 950, 988, 1600, 1001, 1001, 1001, 1001, 1500, 1500, 1500, 1500]
12:04:27.083910 ALT: -1.23
12:04:27.084006 ATT: [-176.5, 0.0, 73]
12:04:27.084385 ACC: [0, -32, -516]
[1500, 1500, 1600, 1500, 988, 950, 988, 1600, 1001, 1001, 1001, 1001, 1500, 1500, 1500, 1500]
12:04:27.120371 Navigation got ALT: -1.23
[1500, 1500, 1600, 1500, 988, 950, 988, 1600, 1001, 1001, 1001, 1001, 1500, 1500, 1500, 1500]
12:04:27.131972 ALT: -1.23
12:04:27.132156 ATT: [-176.5, 0.0, 73]
12:04:27.132569 ACC: [0, -32, -515]
[1500, 1500, 1600, 1500, 988, 950, 988, 1600, 1001, 1001, 1001, 1001, 1500, 1500, 1500, 1500]
12:04:27.159580 Navigation got ALT: -1.23
[1501, 1497, 1600, 1500, 988, 950, 988, 1600, 1001, 1001, 1001, 1001, 1500, 1500, 1500, 1500]
[1501, 1497, 1600, 1500, 988, 950, 988, 1600, 1001, 1001, 1001, 1001, 1500, 1500, 1500, 1500]
12:04:27.179936 ALT: -1.23
12:04:27.179989 ATT: [-176.5, 0.0, 73]
12:04:27.180237 ACC: [0, -32, -515]
12:04:27.200435 Navigation got ALT: -1.23
[1500, 1500, 1600, 1500, 988, 950, 988, 1600, 1001, 1001, 1001, 1001, 1500, 1500, 1500, 1500]
[1500, 1500, 1600, 1500, 988, 950, 988, 1600, 1001, 1001, 1001, 1001, 1500, 1500, 1500, 1500]
12:04:27.227497 ALT: -1.23
12:04:27.227582 ATT: [-176.5, 0.0, 73]
12:04:27.227827 ACC: [0, -32, -516]
12:04:27.239756 Navigation got ALT: -1.23
[1500, 1499, 1600, 1500, 988, 950, 988, 1600, 1001, 1001, 1001, 1001, 1500, 1500, 1500, 1500]
[1500, 1499, 1600, 1500, 988, 950, 988, 1600, 1001, 1001, 1001, 1001, 1500, 1500, 1500, 1500]
12:04:27.275600 ALT: -1.23
12:04:27.275688 ATT: [-176.5, 0.0, 73]
12:04:27.275941 ACC: [0, -32, -516]
12:04:27.279602 Navigation got ALT: -1.23
[1500, 1500, 1600, 1500, 988, 950, 988, 1600, 1001, 1001, 1001, 1001, 1500, 1500, 1500, 1500]
[1500, 1500, 1600, 1500, 988, 950, 988, 1600, 1001, 1001, 1001, 1001, 1500, 1500, 1500, 1500]
12:04:27.320138 Navigation got ALT: -1.23
[1500, 1500, 1600, 1500, 988, 950, 988, 1600, 1001, 1001, 1001, 1001, 1500, 1500, 1500, 1500]
12:04:27.323767 ALT: -1.23
12:04:27.323897 ATT: [-176.5, 0.0, 73]
12:04:27.324368 ACC: [0, -32, -515]
[1500, 1500, 1600, 1500, 988, 950, 988, 1600, 1001, 1001, 1001, 1001, 1500, 1500, 1500, 1500]
12:04:27.359656 Navigation got ALT: -1.23
[1500, 1500, 1600, 1500, 988, 950, 988, 1598, 1001, 1001, 1001, 1001, 1500, 1500, 1500, 1500]
12:04:27.371608 ALT: -1.23
12:04:27.371701 ATT: [-176.5, 0.0, 73]
12:04:27.371979 ACC: [0, -32, -516]
[1500, 1500, 1600, 1500, 988, 950, 988, 1598, 1001, 1001, 1001, 1001, 1500, 1500, 1500, 1500]
12:04:27.399628 Navigation got ALT: -1.23
[1500, 1500, 1600, 1500, 988, 950, 988, 1598, 1001, 1001, 1001, 1001, 1500, 1500, 1500, 1500]
[1500, 1500, 1600, 1500, 988, 950, 988, 1598, 1001, 1001, 1001, 1001, 1500, 1500, 1500, 1500]
12:04:27.421029 ALT: -1.23
12:04:27.421099 ATT: [-176.5, 0.0, 73]
12:04:27.421325 ACC: [0, -32, -516]
12:04:27.439896 Navigation got ALT: -1.23
[1500, 1500, 1600, 1500, 988, 950, 988, 1600, 1001, 1001, 1001, 1001, 1500, 1500, 1500, 1500]
[1500, 1500, 1600, 1500, 988, 950, 988, 1600, 1001, 1001, 1001, 1001, 1500, 1500, 1500, 1500]
12:04:27.468021 ALT: -1.23
12:04:27.468286 ATT: [-176.5, 0.0, 73]
12:04:27.468665 ACC: [0, -32, -516]
12:04:27.479764 Navigation got ALT: -1.23
[1499, 1500, 1600, 1499, 988, 950, 988, 1600, 1001, 1001, 1001, 1001, 1500, 1500, 1500, 1500]
[1499, 1500, 1600, 1499, 988, 950, 988, 1600, 1001, 1001, 1001, 1001, 1500, 1500, 1500, 1500]
12:04:27.515949 ALT: -1.23
12:04:27.516189 ATT: [-176.5, 0.0, 73]
12:04:27.516614 ACC: [0, -32, -515]
12:04:27.520643 Navigation got ALT: -1.23
[1499, 1500, 1600, 1500, 988, 950, 988, 1598, 1001, 1001, 1001, 1001, 1500, 1500, 1500, 1500]
[1499, 1500, 1600, 1500, 988, 950, 988, 1598, 1001, 1001, 1001, 1001, 1500, 1500, 1500, 1500]
12:04:27.559618 Navigation got ALT: -1.23
[1500, 1500, 1600, 1500, 988, 950, 988, 1600, 1001, 1001, 1001, 1001, 1500, 1500, 1500, 1500]
12:04:27.563854 ALT: -1.23
12:04:27.564124 ATT: [-176.5, 0.0, 73]
12:04:27.564689 ACC: [0, -32, -516]
[1500, 1500, 1600, 1500, 988, 950, 988, 1600, 1001, 1001, 1001, 1001, 1500, 1500, 1500, 1500]
12:04:27.600223 Navigation got ALT: -1.23
[1500, 1500, 1600, 1500, 988, 950, 988, 1600, 1001, 1001, 1001, 1001, 1500, 1500, 1500, 1500]
12:04:27.611622 ALT: -1.23
12:04:27.611710 ATT: [-176.5, 0.0, 73]
12:04:27.611949 ACC: [0, -32, -516]
[1500, 1500, 1600, 1500, 988, 950, 988, 1600, 1001, 1001, 1001, 1001, 1500, 1500, 1500, 1500]
12:04:27.639765 Navigation got ALT: -1.23
[1499, 1500, 1600, 1500, 988, 950, 988, 1600, 1001, 1001, 1001, 1001, 1500, 1500, 1500, 1500]
[1499, 1500, 1600, 1500, 988, 950, 988, 1600, 1001, 1001, 1001, 1001, 1500, 1500, 1500, 1500]
12:04:27.659954 ALT: -1.23
12:04:27.659999 ATT: [-176.5, 0.0, 73]
12:04:27.660263 ACC: [0, -32, -516]
12:04:27.679677 Navigation got ALT: -1.23
[1500, 1499, 1600, 1500, 988, 950, 988, 1600, 1001, 1001, 1001, 1001, 1500, 1500, 1500, 1500]
[1500, 1499, 1600, 1500, 988, 950, 988, 1600, 1001, 1001, 1001, 1001, 1500, 1500, 1500, 1500]
12:04:27.707786 ALT: -1.23
12:04:27.707911 ATT: [-176.5, 0.0, 73]
12:04:27.708293 ACC: [0, -32, -516]
12:04:27.720287 Navigation got ALT: -1.23
[1499, 1500, 1600, 1500, 988, 950, 988, 1600, 1001, 1001, 1001, 1001, 1500, 1500, 1500, 1500]
[1499, 1500, 1600, 1500, 988, 950, 988, 1600, 1001, 1001, 1001, 1001, 1500, 1500, 1500, 1500]
12:04:27.755759 ALT: -1.23
12:04:27.755864 ATT: [-176.5, 0.0, 73]
12:04:27.756187 ACC: [0, -32, -515]
12:04:27.759690 Navigation got ALT: -1.23
[1500, 1500, 1600, 1500, 988, 950, 988, 1600, 1001, 1001, 1001, 1001, 1500, 1500, 1500, 1500]
[1500, 1500, 1600, 1500, 988, 950, 988, 1600, 1001, 1001, 1001, 1001, 1500, 1500, 1500, 1500]
12:04:27.800282 Navigation got ALT: -1.23
[1500, 1500, 1600, 1500, 988, 950, 988, 1600, 1001, 1001, 1001, 1001, 1500, 1500, 1500, 1500]
12:04:27.804635 ALT: -1.23
12:04:27.804721 ATT: [-176.5, 0.0, 73]
12:04:27.804968 ACC: [0, -32, -516]
[1500, 1500, 1600, 1500, 988, 950, 988, 1600, 1001, 1001, 1001, 1001, 1500, 1500, 1500, 1500]
12:04:27.839938 Navigation got ALT: -1.23
[1499, 1500, 1600, 1500, 988, 950, 988, 1598, 1001, 1001, 1001, 1001, 1500, 1500, 1500, 1500]
12:04:27.852585 ALT: -1.23
12:04:27.852680 ATT: [-176.5, 0.0, 73]
12:04:27.852988 ACC: [0, -32, -516]
[1499, 1500, 1600, 1500, 988, 950, 988, 1598, 1001, 1001, 1001, 1001, 1500, 1500, 1500, 1500]
12:04:27.879592 Navigation got ALT: -1.23
[1500, 1499, 1600, 1499, 988, 950, 988, 1600, 1001, 1001, 1001, 1001, 1500, 1500, 1500, 1500]
[1500, 1499, 1600, 1499, 988, 950, 988, 1600, 1001, 1001, 1001, 1001, 1500, 1500, 1500, 1500]
12:04:27.900328 ALT: -1.18
12:04:27.900597 ATT: [-176.5, 0.0, 73]
12:04:27.901106 ACC: [0, -32, -516]
12:04:27.920520 Navigation got ALT: -1.18
[1499, 1500, 1600, 1500, 988, 950, 988, 1600, 1001, 1001, 1001, 1001, 1500, 1500, 1500, 1500]
[1499, 1500, 1600, 1500, 988, 950, 988, 1600, 1001, 1001, 1001, 1001, 1500, 1500, 1500, 1500]
12:04:27.947927 ALT: -1.17
12:04:27.948247 ATT: [-176.5, 0.0, 73]
12:04:27.948756 ACC: [0, -32, -516]
12:04:27.959905 Navigation got ALT: -1.17
[1499, 1500, 1600, 1500, 988, 950, 988, 1598, 1001, 1001, 1001, 1001, 1500, 1500, 1500, 1500]
[1499, 1500, 1600, 1500, 988, 950, 988, 1598, 1001, 1001, 1001, 1001, 1500, 1500, 1500, 1500]
12:04:27.995711 ALT: -1.17
12:04:27.995801 ATT: [-176.5, 0.0, 73]
12:04:27.996053 ACC: [0, -32, -515]
12:04:28.000908 Navigation got ALT: -1.17
[1500, 1500, 1600, 1500, 988, 950, 988, 1600, 1001, 1001, 1001, 1001, 1500, 1500, 1500, 1500]
[1500, 1500, 1600, 1500, 988, 950, 988, 1600, 1001, 1001, 1001, 1001, 1500, 1500, 1500, 1500]
12:04:28.039669 Navigation got ALT: -1.17
[1500, 1500, 1600, 1500, 988, 950, 988, 1600, 1001, 1001, 1001, 1001, 1500, 1500, 1500, 1500]
12:04:28.043694 ALT: -1.17
12:04:28.043779 ATT: [-176.5, 0.0, 73]
12:04:28.044016 ACC: [0, -32, -516]
[1500, 1500, 1600, 1500, 988, 950, 988, 1600, 1001, 1001, 1001, 1001, 1500, 1500, 1500, 1500]
12:04:28.079585 Navigation got ALT: -1.17
[1499, 1500, 1600, 1500, 988, 950, 988, 1600, 1001, 1001, 1001, 1001, 1500, 1500, 1500, 1500]
12:04:28.091822 ALT: -1.17
12:04:28.091943 ATT: [-176.5, 0.0, 73]
12:04:28.092231 ACC: [0, -32, -516]
[1499, 1500, 1600, 1500, 988, 950, 988, 1600, 1001, 1001, 1001, 1001, 1500, 1500, 1500, 1500]
12:04:28.120228 Navigation got ALT: -1.17
[1500, 1500, 1600, 1499, 988, 950, 988, 1597, 1001, 1001, 1001, 1001, 1500, 1500, 1500, 1500]
[1500, 1500, 1600, 1499, 988, 950, 988, 1597, 1001, 1001, 1001, 1001, 1500, 1500, 1500, 1500]
12:04:28.140541 ALT: -1.17
12:04:28.140691 ATT: [-176.5, 0.0, 73]
12:04:28.141182 ACC: [0, -32, -515]
12:04:28.159786 Navigation got ALT: -1.17
[1500, 1500, 1600, 1500, 988, 950, 988, 1600, 1001, 1001, 1001, 1001, 1500, 1500, 1500, 1500]
[1500, 1500, 1600, 1500, 988, 950, 988, 1600, 1001, 1001, 1001, 1001, 1500, 1500, 1500, 1500]
12:04:28.188129 ALT: -1.17
12:04:28.188234 ATT: [-176.5, 0.0, 73]
12:04:28.188571 ACC: [0, -31, -515]
12:04:28.200039 Navigation got ALT: -1.17
[1499, 1500, 1600, 1500, 988, 949, 988, 1600, 1001, 1001, 1001, 1001, 1500, 1500, 1500, 1500]
[1499, 1500, 1600, 1500, 988, 949, 988, 1600, 1001, 1001, 1001, 1001, 1500, 1500, 1500, 1500]
12:04:28.236044 ALT: -1.17
12:04:28.236207 ATT: [-176.5, 0.0, 73]
12:04:28.236507 ACC: [0, -32, -515]
12:04:28.239744 Navigation got ALT: -1.17
[1500, 1500, 1600, 1500, 989, 950, 988, 1600, 1001, 1001, 1001, 1001, 1500, 1500, 1500, 1500]
[1500, 1500, 1600, 1500, 989, 950, 988, 1600, 1001, 1001, 1001, 1001, 1500, 1500, 1500, 1500]
12:04:28.279585 Navigation got ALT: -1.17
[1500, 1499, 1600, 1499, 988, 950, 988, 1600, 1001, 1001, 1001, 1001, 1500, 1500, 1500, 1500]
12:04:28.283993 ALT: -1.17
12:04:28.284401 ATT: [-176.5, 0.0, 73]
12:04:28.284826 ACC: [0, -32, -516]
[1500, 1499, 1600, 1499, 988, 950, 988, 1600, 1001, 1001, 1001, 1001, 1500, 1500, 1500, 1500]
12:04:28.320570 Navigation got ALT: -1.17
[1500, 1500, 1600, 1499, 988, 950, 988, 1598, 1001, 1001, 1001, 1001, 1500, 1500, 1500, 1500]
12:04:28.331798 ALT: -1.17
12:04:28.331899 ATT: [-176.5, 0.0, 73]
12:04:28.332656 ACC: [0, -32, -516]
[1500, 1500, 1600, 1499, 988, 950, 988, 1598, 1001, 1001, 1001, 1001, 1500, 1500, 1500, 1500]
12:04:28.359655 Navigation got ALT: -1.17
[1499, 1500, 1600, 1500, 988, 950, 988, 1600, 1001, 1001, 1001, 1001, 1500, 1500, 1500, 1500]
[1499, 1500, 1600, 1500, 988, 950, 988, 1600, 1001, 1001, 1001, 1001, 1500, 1500, 1500, 1500]
12:04:28.379978 ALT: -1.17
12:04:28.380026 ATT: [-176.5, 0.0, 73]
12:04:28.380234 ACC: [0, -32, -516]
12:04:28.400061 Navigation got ALT: -1.17
[1500, 1500, 1600, 1500, 988, 950, 988, 1600, 1001, 1001, 1001, 1001, 1500, 1500, 1500, 1500]
[1500, 1500, 1600, 1500, 988, 950, 988, 1600, 1001, 1001, 1001, 1001, 1500, 1500, 1500, 1500]
12:04:28.427687 ALT: -1.17
12:04:28.427775 ATT: [-176.5, 0.0, 73]
12:04:28.428006 ACC: [0, -32, -516]
12:04:28.439761 Navigation got ALT: -1.17
[1500, 1500, 1600, 1500, 988, 950, 988, 1600, 1001, 1001, 1001, 1001, 1500, 1500, 1500, 1500]
[1500, 1500, 1600, 1500, 988, 950, 988, 1600, 1001, 1001, 1001, 1001, 1500, 1500, 1500, 1500]
12:04:28.475770 ALT: -1.17
12:04:28.475856 ATT: [-176.5, 0.0, 73]
12:04:28.476099 ACC: [0, -32, -515]
12:04:28.479608 Navigation got ALT: -1.17
[1500, 1500, 1600, 1499, 988, 950, 988, 1600, 1001, 1001, 1001, 1001, 1500, 1500, 1500, 1500]
[1500, 1500, 1600, 1499, 988, 950, 988, 1600, 1001, 1001, 1001, 1001, 1500, 1500, 1500, 1500]
12:04:28.520401 Navigation got ALT: -1.17
[1500, 1500, 1600, 1499, 988, 950, 988, 1600, 1001, 1001, 1001, 1001, 1500, 1500, 1500, 1500]
12:04:28.523813 ALT: -1.17
12:04:28.523905 ATT: [-176.5, 0.0, 73]
12:04:28.524186 ACC: [0, -31, -515]
[1500, 1500, 1600, 1499, 988, 950, 988, 1600, 1001, 1001, 1001, 1001, 1500, 1500, 1500, 1500]
12:04:28.559617 Navigation got ALT: -1.17
[1499, 1500, 1600, 1500, 988, 950, 988, 1600, 1001, 1001, 1001, 1001, 1500, 1500, 1500, 1500]
12:04:28.571791 ALT: -1.17
12:04:28.571877 ATT: [-176.5, 0.0, 73]
12:04:28.572114 ACC: [0, -32, -515]
[1499, 1500, 1600, 1500, 988, 950, 988, 1600, 1001, 1001, 1001, 1001, 1500, 1500, 1500, 1500]
12:04:28.599728 Navigation got ALT: -1.17
[1500, 1500, 1600, 1500, 988, 950, 988, 1600, 1001, 1001, 1001, 1001, 1500, 1500, 1500, 1500]
[1500, 1500, 1600, 1500, 988, 950, 988, 1600, 1001, 1001, 1001, 1001, 1500, 1500, 1500, 1500]
12:04:28.620839 ALT: -1.17
12:04:28.620905 ATT: [-176.5, 0.0, 73]
12:04:28.621143 ACC: [0, -32, -515]
12:04:28.639744 Navigation got ALT: -1.17
[1500, 1500, 1600, 1500, 988, 950, 988, 1600, 1001, 1001, 1001, 1001, 1500, 1500, 1500, 1500]
[1500, 1500, 1600, 1500, 988, 950, 988, 1600, 1001, 1001, 1001, 1001, 1500, 1500, 1500, 1500]
12:04:28.668503 ALT: -1.17
12:04:28.668590 ATT: [-176.5, 0.0, 73]
12:04:28.668843 ACC: [0, -32, -516]
12:04:28.679718 Navigation got ALT: -1.17
[1500, 1500, 1600, 1499, 988, 950, 988, 1600, 1001, 1001, 1001, 1001, 1500, 1500, 1500, 1500]
[1500, 1500, 1600, 1499, 988, 950, 988, 1600, 1001, 1001, 1001, 1001, 1500, 1500, 1500, 1500]
12:04:28.720094 Navigation got ALT: -1.17
[1500, 1500, 1600, 1499, 988, 950, 988, 1598, 1001, 1001, 1001, 1001, 1500, 1500, 1500, 1500]
12:04:28.732235 ALT: -1.17
12:04:28.732406 ATT: [-176.5, 0.0, 73]
12:04:28.732816 ACC: [0, -32, -515]
[1500, 1500, 1600, 1499, 988, 950, 988, 1598, 1001, 1001, 1001, 1001, 1500, 1500, 1500, 1500]
12:04:28.759615 Navigation got ALT: -1.17
[1500, 1499, 1600, 1500, 988, 950, 988, 1600, 1001, 1001, 1001, 1001, 1500, 1500, 1500, 1500]
[1500, 1499, 1600, 1500, 988, 950, 988, 1600, 1001, 1001, 1001, 1001, 1500, 1500, 1500, 1500]
12:04:28.780049 ALT: -1.17
12:04:28.780096 ATT: [-176.5, 0.0, 73]
12:04:28.780308 ACC: [0, -32, -515]
12:04:28.800077 Navigation got ALT: -1.17
[1499, 1500, 1600, 1500, 988, 950, 988, 1600, 1001, 1001, 1001, 1001, 1500, 1500, 1500, 1500]
[1499, 1500, 1600, 1500, 988, 950, 988, 1600, 1001, 1001, 1001, 1001, 1500, 1500, 1500, 1500]
12:04:28.827722 ALT: -1.17
12:04:28.827808 ATT: [-176.5, 0.0, 73]
12:04:28.828052 ACC: [0, -32, -515]
12:04:28.839852 Navigation got ALT: -1.17
[1500, 1500, 1600, 1500, 988, 950, 988, 1601, 1001, 1001, 1001, 1001, 1500, 1500, 1500, 1500]
[1500, 1500, 1600, 1500, 988, 950, 988, 1601, 1001, 1001, 1001, 1001, 1500, 1500, 1500, 1500]
12:04:28.875891 ALT: -1.17
12:04:28.875978 ATT: [-176.5, 0.0, 73]
12:04:28.876226 ACC: [0, -32, -515]
12:04:28.879640 Navigation got ALT: -1.17
[1500, 1500, 1600, 1500, 988, 950, 988, 1600, 1001, 1001, 1001, 1001, 1500, 1500, 1500, 1500]
[1500, 1500, 1600, 1500, 988, 950, 988, 1600, 1001, 1001, 1001, 1001, 1500, 1500, 1500, 1500]
12:04:28.920106 Navigation got ALT: -1.17
[1500, 1500, 1600, 1500, 988, 950, 988, 1598, 1001, 1001, 1001, 1001, 1500, 1500, 1500, 1500]
12:04:28.923858 ALT: -1.17
12:04:28.923952 ATT: [-176.5, 0.0, 73]
12:04:28.924225 ACC: [0, -32, -515]
[1500, 1500, 1600, 1500, 988, 950, 988, 1598, 1001, 1001, 1001, 1001, 1500, 1500, 1500, 1500]
12:04:28.959612 Navigation got ALT: -1.17
[1500, 1500, 1600, 1500, 988, 950, 988, 1600, 1001, 1001, 1001, 1001, 1500, 1500, 1500, 1500]
12:04:28.971843 ALT: -1.17
12:04:28.971939 ATT: [-176.5, 0.0, 73]
12:04:28.972175 ACC: [0, -31, -515]
[1500, 1500, 1600, 1500, 988, 950, 988, 1600, 1001, 1001, 1001, 1001, 1500, 1500, 1500, 1500]
12:04:28.999728 Navigation got ALT: -1.17
[1499, 1500, 1600, 1500, 988, 950, 988, 1600, 1001, 1001, 1001, 1001, 1500, 1500, 1500, 1500]
[1499, 1500, 1600, 1500, 988, 950, 988, 1600, 1001, 1001, 1001, 1001, 1500, 1500, 1500, 1500]
12:04:29.020995 ALT: -1.2
12:04:29.021072 ATT: [-176.5, 0.0, 73]
12:04:29.021311 ACC: [0, -32, -516]
12:04:29.039878 Navigation got ALT: -1.2
[1499, 1500, 1600, 1501, 986, 950, 988, 1600, 1001, 1001, 1001, 1001, 1500, 1500, 1500, 1500]
[1499, 1500, 1600, 1501, 986, 950, 988, 1600, 1001, 1001, 1001, 1001, 1500, 1500, 1500, 1500]
12:04:29.068384 ALT: -1.23
12:04:29.068477 ATT: [-176.5, 0.0, 73]
12:04:29.068738 ACC: [0, -32, -515]
12:04:29.079663 Navigation got ALT: -1.23
[1500, 1500, 1600, 1500, 988, 950, 988, 1600, 1001, 1001, 1001, 1001, 1500, 1500, 1500, 1500]
[1500, 1500, 1600, 1500, 988, 950, 988, 1600, 1001, 1001, 1001, 1001, 1500, 1500, 1500, 1500]
12:04:29.116286 ALT: -1.2
12:04:29.116425 ATT: [-176.5, 0.0, 73]
12:04:29.116832 ACC: [0, -32, -516]
12:04:29.119876 Navigation got ALT: -1.2
[1500, 1500, 1600, 1499, 988, 950, 988, 1598, 1001, 1001, 1001, 1001, 1500, 1500, 1500, 1500]
[1500, 1500, 1600, 1499, 988, 950, 988, 1598, 1001, 1001, 1001, 1001, 1500, 1500, 1500, 1500]
12:04:29.159644 Navigation got ALT: -1.2
[1500, 1500, 1600, 1499, 988, 950, 988, 1600, 1001, 1001, 1001, 1001, 1500, 1500, 1500, 1500]
12:04:29.164190 ALT: -1.17
12:04:29.164431 ATT: [-176.5, 0.0, 73]
12:04:29.164855 ACC: [0, -32, -516]
[1500, 1500, 1600, 1499, 988, 950, 988, 1600, 1001, 1001, 1001, 1001, 1500, 1500, 1500, 1500]
12:04:29.199809 Navigation got ALT: -1.17
[1499, 1500, 1600, 1500, 988, 950, 988, 1600, 1001, 1001, 1001, 1001, 1500, 1500, 1500, 1500]
12:04:29.211882 ALT: -1.17
12:04:29.211970 ATT: [-176.5, 0.0, 73]
12:04:29.212221 ACC: [0, -32, -516]
[1499, 1500, 1600, 1500, 988, 950, 988, 1600, 1001, 1001, 1001, 1001, 1500, 1500, 1500, 1500]
12:04:29.239655 Navigation got ALT: -1.17
[1500, 1500, 1600, 1500, 988, 950, 988, 1600, 1001, 1001, 1001, 1001, 1500, 1500, 1500, 1500]
[1500, 1500, 1600, 1500, 988, 950, 988, 1600, 1001, 1001, 1001, 1001, 1500, 1500, 1500, 1500]
12:04:29.260068 ALT: -1.17
12:04:29.260115 ATT: [-176.5, 0.0, 73]
12:04:29.260313 ACC: [0, -32, -516]
12:04:29.279736 Navigation got ALT: -1.17
[1500, 1500, 1600, 1500, 988, 950, 988, 1600, 1001, 1001, 1001, 1001, 1500, 1500, 1500, 1500]
[1500, 1500, 1600, 1500, 988, 950, 988, 1600, 1001, 1001, 1001, 1001, 1500, 1500, 1500, 1500]
12:04:29.307890 ALT: -1.17
12:04:29.307985 ATT: [-176.5, 0.0, 73]
12:04:29.308284 ACC: [0, -32, -516]
12:04:29.320358 Navigation got ALT: -1.17
[1500, 1500, 1600, 1500, 988, 950, 988, 1600, 1001, 1001, 1001, 1001, 1500, 1500, 1500, 1500]
[1500, 1500, 1600, 1500, 988, 950, 988, 1600, 1001, 1001, 1001, 1001, 1500, 1500, 1500, 1500]
12:04:29.355905 ALT: -1.17
12:04:29.355991 ATT: [-176.5, 0.0, 73]
12:04:29.356223 ACC: [0, -32, -515]
12:04:29.359853 Navigation got ALT: -1.17
[1500, 1500, 1600, 1500, 988, 950, 988, 1598, 1001, 1001, 1001, 1001, 1500, 1500, 1500, 1500]
[1500, 1500, 1600, 1500, 988, 950, 988, 1598, 1001, 1001, 1001, 1001, 1500, 1500, 1500, 1500]
12:04:29.399702 Navigation got ALT: -1.17
[1500, 1500, 1600, 1499, 988, 950, 988, 1600, 1001, 1001, 1001, 1001, 1500, 1500, 1500, 1500]
12:04:29.404710 ALT: -1.17
12:04:29.404816 ATT: [-176.5, 0.0, 73]
12:04:29.405158 ACC: [0, -32, -516]
[1500, 1500, 1600, 1499, 988, 950, 988, 1600, 1001, 1001, 1001, 1001, 1500, 1500, 1500, 1500]
12:04:29.439666 Navigation got ALT: -1.17
[1499, 1499, 1600, 1500, 988, 950, 988, 1600, 1001, 1001, 1001, 1001, 1500, 1500, 1500, 1500]
12:04:29.452453 ALT: -1.17
12:04:29.452561 ATT: [-176.5, 0.0, 73]
12:04:29.452869 ACC: [0, -32, -516]
[1499, 1499, 1600, 1500, 988, 950, 988, 1600, 1001, 1001, 1001, 1001, 1500, 1500, 1500, 1500]
12:04:29.479584 Navigation got ALT: -1.17
[1500, 1500, 1600, 1500, 988, 950, 988, 1600, 1001, 1001, 1001, 1001, 1500, 1500, 1500, 1500]
[1500, 1500, 1600, 1500, 988, 950, 988, 1600, 1001, 1001, 1001, 1001, 1500, 1500, 1500, 1500]
12:04:29.500490 ALT: -1.17
12:04:29.500661 ATT: [-176.5, 0.0, 73]
12:04:29.501053 ACC: [0, -32, -515]
12:04:29.520042 Navigation got ALT: -1.17
[1500, 1500, 1600, 1500, 988, 950, 988, 1600, 1001, 1001, 1001, 1001, 1500, 1500, 1500, 1500]
[1500, 1500, 1600, 1500, 988, 950, 988, 1600, 1001, 1001, 1001, 1001, 1500, 1500, 1500, 1500]
12:04:29.548228 ALT: -1.17
12:04:29.548533 ATT: [-176.5, 0.0, 73]
12:04:29.549105 ACC: [0, -32, -516]
12:04:29.560075 Navigation got ALT: -1.17
[1499, 1500, 1600, 1500, 988, 950, 988, 1600, 1001, 1001, 1001, 1001, 1500, 1500, 1500, 1500]
[1499, 1500, 1600, 1500, 988, 950, 988, 1600, 1001, 1001, 1001, 1001, 1500, 1500, 1500, 1500]
12:04:29.595896 ALT: -1.17
12:04:29.595983 ATT: [-176.5, 0.0, 73]
12:04:29.596235 ACC: [0, -32, -516]
12:04:29.600056 Navigation got ALT: -1.17
[1500, 1500, 1600, 1500, 989, 949, 988, 1600, 1001, 1001, 1001, 1001, 1500, 1500, 1500, 1500]
[1500, 1500, 1600, 1500, 989, 949, 988, 1600, 1001, 1001, 1001, 1001, 1500, 1500, 1500, 1500]
12:04:29.639631 Navigation got ALT: -1.17
[1500, 1500, 1600, 1500, 988, 950, 988, 1598, 1001, 1001, 1001, 1001, 1500, 1500, 1500, 1500]
12:04:29.643958 ALT: -1.17
12:04:29.644043 ATT: [-176.5, 0.0, 73]
12:04:29.644292 ACC: [0, -32, -516]
[1500, 1500, 1600, 1500, 988, 950, 988, 1598, 1001, 1001, 1001, 1001, 1500, 1500, 1500, 1500]
12:04:29.681659 Navigation got ALT: -1.17
[1500, 1500, 1600, 1500, 988, 950, 988, 1598, 1001, 1001, 1001, 1001, 1500, 1500, 1500, 1500]
12:04:29.692019 ALT: -1.17
12:04:29.692115 ATT: [-176.5, 0.0, 73]
12:04:29.692836 ACC: [0, -32, -515]
[1500, 1500, 1600, 1500, 988, 950, 988, 1598, 1001, 1001, 1001, 1001, 1500, 1500, 1500, 1500]
12:04:29.721729 Navigation got ALT: -1.17
[1500, 1500, 1600, 1500, 988, 950, 988, 1598, 1001, 1001, 1001, 1001, 1500, 1500, 1500, 1500]
12:04:29.739958 ALT: -1.17
12:04:29.740047 ATT: [-176.5, 0.0, 73]
12:04:29.740284 ACC: [0, -32, -515]
[1500, 1500, 1600, 1500, 988, 950, 988, 1598, 1001, 1001, 1001, 1001, 1500, 1500, 1500, 1500]
12:04:29.761723 Navigation got ALT: -1.17
[1500, 1500, 1600, 1500, 988, 950, 988, 1598, 1001, 1001, 1001, 1001, 1500, 1500, 1500, 1500]
[1500, 1500, 1600, 1500, 988, 950, 988, 1598, 1001, 1001, 1001, 1001, 1500, 1500, 1500, 1500]
12:04:29.788575 ALT: -1.17
12:04:29.788669 ATT: [-176.5, 0.0, 73]
12:04:29.788938 ACC: [0, -32, -516]
12:04:29.802127 Navigation got ALT: -1.17
[1500, 1500, 1600, 1500, 988, 950, 988, 1598, 1001, 1001, 1001, 1001, 1500, 1500, 1500, 1500]
[1500, 1500, 1600, 1500, 988, 950, 988, 1598, 1001, 1001, 1001, 1001, 1500, 1500, 1500, 1500]
12:04:29.837027 ALT: -1.17
12:04:29.837119 ATT: [-176.5, 0.0, 73]
12:04:29.837419 ACC: [0, -32, -516]
12:04:29.841861 Navigation got ALT: -1.17
[1500, 1500, 1600, 1500, 988, 950, 988, 1598, 1001, 1001, 1001, 1001, 1500, 1500, 1500, 1500]
[1500, 1500, 1600, 1500, 988, 950, 988, 1598, 1001, 1001, 1001, 1001, 1500, 1500, 1500, 1500]
12:04:29.881912 Navigation got ALT: -1.17
[1500, 1500, 1600, 1500, 988, 950, 988, 1598, 1001, 1001, 1001, 1001, 1500, 1500, 1500, 1500]
12:04:29.884760 ALT: -1.17
12:04:29.885061 ATT: [-176.5, 0.0, 73]
12:04:29.885411 ACC: [0, -32, -516]
[1500, 1500, 1600, 1500, 988, 950, 988, 1598, 1001, 1001, 1001, 1001, 1500, 1500, 1500, 1500]
12:04:29.921870 Navigation got ALT: -1.17
[1500, 1500, 1600, 1500, 988, 950, 988, 1598, 1001, 1001, 1001, 1001, 1500, 1500, 1500, 1500]
12:04:29.932357 ALT: -1.17
12:04:29.932460 ATT: [-176.5, 0.0, 73]
12:04:29.932864 ACC: [0, -32, -515]
[1500, 1500, 1600, 1500, 988, 950, 988, 1598, 1001, 1001, 1001, 1001, 1500, 1500, 1500, 1500]
12:04:29.961924 Navigation got ALT: -1.17
[1500, 1500, 1600, 1500, 988, 950, 988, 1598, 1001, 1001, 1001, 1001, 1500, 1500, 1500, 1500]
12:04:29.979991 ALT: -1.17
12:04:29.980082 ATT: [-176.5, 0.0, 73]
12:04:29.980345 ACC: [0, -32, -516]
[1500, 1500, 1600, 1500, 988, 950, 988, 1598, 1001, 1001, 1001, 1001, 1500, 1500, 1500, 1500]
12:04:30.002150 Navigation got ALT: -1.17
[1500, 1500, 1600, 1500, 988, 950, 988, 1598, 1001, 1001, 1001, 1001, 1500, 1500, 1500, 1500]
[1500, 1500, 1600, 1500, 988, 950, 988, 1598, 1001, 1001, 1001, 1001, 1500, 1500, 1500, 1500]
12:04:30.028002 ALT: -1.17
12:04:30.028089 ATT: [-176.5, 0.0, 73]
12:04:30.028461 ACC: [-1, -32, -516]
12:04:30.042084 Navigation got ALT: -1.17
[1500, 1500, 1600, 1500, 988, 950, 988, 1598, 1001, 1001, 1001, 1001, 1500, 1500, 1500, 1500]
[1500, 1500, 1600, 1500, 988, 950, 988, 1598, 1001, 1001, 1001, 1001, 1500, 1500, 1500, 1500]
12:04:30.076184 ALT: -1.17
12:04:30.076328 ATT: [-176.5, 0.0, 73]
12:04:30.076760 ACC: [0, -32, -516]
12:04:30.082189 Navigation got ALT: -1.17
[1500, 1500, 1600, 1500, 988, 950, 988, 1598, 1001, 1001, 1001, 1001, 1500, 1500, 1500, 1500]
[1500, 1500, 1600, 1500, 988, 950, 988, 1598, 1001, 1001, 1001, 1001, 1500, 1500, 1500, 1500]
12:04:30.122033 Navigation got ALT: -1.17
[1500, 1500, 1600, 1500, 988, 950, 988, 1598, 1001, 1001, 1001, 1001, 1500, 1500, 1500, 1500]
12:04:30.123917 ALT: -1.17
12:04:30.123968 ATT: [-176.5, 0.0, 73]
12:04:30.124183 ACC: [0, -32, -516]
[1500, 1500, 1600, 1500, 988, 950, 988, 1598, 1001, 1001, 1001, 1001, 1500, 1500, 1500, 1500]
12:04:30.162083 Navigation got ALT: -1.17
[1500, 1500, 1600, 1500, 988, 950, 988, 1598, 1001, 1001, 1001, 1001, 1500, 1500, 1500, 1500]
12:04:30.172015 ALT: -1.17
12:04:30.172106 ATT: [-176.5, 0.0, 73]
12:04:30.172412 ACC: [0, -32, -516]
[1500, 1500, 1600, 1500, 988, 950, 988, 1598, 1001, 1001, 1001, 1001, 1500, 1500, 1500, 1500]
12:04:30.202240 Navigation got ALT: -1.17
[1500, 1500, 1600, 1500, 988, 950, 988, 1598, 1001, 1001, 1001, 1001, 1500, 1500, 1500, 1500]
12:04:30.220428 ALT: -1.17
12:04:30.220586 ATT: [-176.5, 0.0, 73]
12:04:30.220937 ACC: [0, -32, -516]
[1500, 1500, 1600, 1500, 988, 950, 988, 1598, 1001, 1001, 1001, 1001, 1500, 1500, 1500, 1500]
12:04:30.242150 Navigation got ALT: -1.17
[1500, 1500, 1600, 1500, 988, 950, 988, 1598, 1001, 1001, 1001, 1001, 1500, 1500, 1500, 1500]
[1500, 1500, 1600, 1500, 988, 950, 988, 1598, 1001, 1001, 1001, 1001, 1500, 1500, 1500, 1500]
12:04:30.269022 ALT: -1.17
12:04:30.269113 ATT: [-176.5, 0.0, 73]
12:04:30.269374 ACC: [0, -32, -516]
12:04:30.282316 Navigation got ALT: -1.17
[1500, 1500, 1600, 1500, 988, 950, 988, 1598, 1001, 1001, 1001, 1001, 1500, 1500, 1500, 1500]
[1500, 1500, 1600, 1500, 988, 950, 988, 1598, 1001, 1001, 1001, 1001, 1500, 1500, 1500, 1500]
12:04:30.316371 ALT: -1.17
12:04:30.316614 ATT: [-176.5, 0.0, 73]
12:04:30.317084 ACC: [0, -32, -516]
12:04:30.322315 Navigation got ALT: -1.17
[1500, 1500, 1600, 1500, 988, 950, 988, 1598, 1001, 1001, 1001, 1001, 1500, 1500, 1500, 1500]
[1500, 1500, 1600, 1500, 988, 950, 988, 1598, 1001, 1001, 1001, 1001, 1500, 1500, 1500, 1500]
12:04:30.362279 Navigation got ALT: -1.17
[1500, 1500, 1600, 1500, 988, 950, 988, 1598, 1001, 1001, 1001, 1001, 1500, 1500, 1500, 1500]
12:04:30.364289 ALT: -1.17
12:04:30.364383 ATT: [-176.5, 0.0, 73]
12:04:30.364783 ACC: [0, -32, -516]
[1500, 1500, 1600, 1500, 988, 950, 988, 1598, 1001, 1001, 1001, 1001, 1500, 1500, 1500, 1500]
12:04:30.402378 Navigation got ALT: -1.17
[1500, 1500, 1600, 1500, 988, 950, 988, 1598, 1001, 1001, 1001, 1001, 1500, 1500, 1500, 1500]
12:04:30.412056 ALT: -1.17
12:04:30.412142 ATT: [-176.5, 0.0, 73]
12:04:30.412396 ACC: [0, -32, -516]
[1500, 1500, 1600, 1500, 988, 950, 988, 1598, 1001, 1001, 1001, 1001, 1500, 1500, 1500, 1500]
12:04:30.442242 Navigation got ALT: -1.17
[1500, 1500, 1600, 1500, 988, 950, 988, 1598, 1001, 1001, 1001, 1001, 1500, 1500, 1500, 1500]
12:04:30.460155 ALT: -1.17
12:04:30.460294 ATT: [-176.5, 0.0, 73]
12:04:30.460648 ACC: [0, -31, -516]
[1500, 1500, 1600, 1500, 988, 950, 988, 1598, 1001, 1001, 1001, 1001, 1500, 1500, 1500, 1500]
12:04:30.482311 Navigation got ALT: -1.17
[1500, 1500, 1600, 1500, 988, 950, 988, 1598, 1001, 1001, 1001, 1001, 1500, 1500, 1500, 1500]
[1500, 1500, 1600, 1500, 988, 950, 988, 1598, 1001, 1001, 1001, 1001, 1500, 1500, 1500, 1500]
12:04:30.508115 ALT: -1.17
12:04:30.508207 ATT: [-176.5, 0.0, 73]
12:04:30.508549 ACC: [0, -32, -516]
12:04:30.522519 Navigation got ALT: -1.17
[1500, 1500, 1600, 1500, 988, 950, 988, 1598, 1001, 1001, 1001, 1001, 1500, 1500, 1500, 1500]
[1500, 1500, 1600, 1500, 988, 950, 988, 1598, 1001, 1001, 1001, 1001, 1500, 1500, 1500, 1500]
12:04:30.556086 ALT: -1.17
12:04:30.556173 ATT: [-176.5, 0.0, 73]
12:04:30.556413 ACC: [0, -32, -516]
12:04:30.562398 Navigation got ALT: -1.17
[1500, 1500, 1600, 1500, 988, 950, 988, 1598, 1001, 1001, 1001, 1001, 1500, 1500, 1500, 1500]
[1500, 1500, 1600, 1500, 988, 950, 988, 1598, 1001, 1001, 1001, 1001, 1500, 1500, 1500, 1500]
12:04:30.602497 Navigation got ALT: -1.17
[1500, 1500, 1600, 1500, 988, 950, 988, 1598, 1001, 1001, 1001, 1001, 1500, 1500, 1500, 1500]
12:04:30.604944 ALT: -1.17
12:04:30.605030 ATT: [-176.5, 0.0, 73]
12:04:30.605271 ACC: [0, -31, -515]
[1500, 1500, 1600, 1500, 988, 950, 988, 1598, 1001, 1001, 1001, 1001, 1500, 1500, 1500, 1500]
12:04:30.642325 Navigation got ALT: -1.17
[1500, 1500, 1600, 1500, 988, 950, 988, 1598, 1001, 1001, 1001, 1001, 1500, 1500, 1500, 1500]
12:04:30.652473 ALT: -1.17
12:04:30.652748 ATT: [-176.5, 0.0, 73]
12:04:30.653160 ACC: [0, -31, -516]
[1500, 1500, 1600, 1500, 988, 950, 988, 1598, 1001, 1001, 1001, 1001, 1500, 1500, 1500, 1500]
12:04:30.682352 Navigation got ALT: -1.17
[1500, 1500, 1600, 1500, 988, 950, 988, 1598, 1001, 1001, 1001, 1001, 1500, 1500, 1500, 1500]
12:04:30.700435 ALT: -1.17
12:04:30.700668 ATT: [-176.5, 0.0, 73]
12:04:30.701094 ACC: [-1, -32, -516]
[1500, 1500, 1600, 1500, 988, 950, 988, 1598, 1001, 1001, 1001, 1001, 1500, 1500, 1500, 1500]
12:04:30.722249 Navigation got ALT: -1.17
[1500, 1500, 1600, 1500, 988, 950, 988, 1598, 1001, 1001, 1001, 1001, 1500, 1500, 1500, 1500]
[1500, 1500, 1600, 1500, 988, 950, 988, 1598, 1001, 1001, 1001, 1001, 1500, 1500, 1500, 1500]
12:04:30.762410 Navigation got ALT: -1.17
[1500, 1500, 1600, 1500, 988, 950, 988, 1598, 1001, 1001, 1001, 1001, 1500, 1500, 1500, 1500]
12:04:30.764191 ALT: -1.17
12:04:30.764283 ATT: [-176.5, 0.0, 73]
12:04:30.764676 ACC: [0, -32, -516]
[1500, 1500, 1600, 1500, 988, 950, 988, 1598, 1001, 1001, 1001, 1001, 1500, 1500, 1500, 1500]
12:04:30.802475 Navigation got ALT: -1.17
[1500, 1500, 1600, 1500, 988, 950, 988, 1598, 1001, 1001, 1001, 1001, 1500, 1500, 1500, 1500]
12:04:30.812119 ALT: -1.17
12:04:30.812206 ATT: [-176.5, 0.0, 73]
12:04:30.812460 ACC: [0, -32, -516]
[1500, 1500, 1600, 1500, 988, 950, 988, 1598, 1001, 1001, 1001, 1001, 1500, 1500, 1500, 1500]
12:04:30.842336 Navigation got ALT: -1.17
[1500, 1500, 1600, 1500, 988, 950, 988, 1598, 1001, 1001, 1001, 1001, 1500, 1500, 1500, 1500]
12:04:30.860406 ALT: -1.17
12:04:30.860562 ATT: [-176.5, 0.0, 73]
12:04:30.860983 ACC: [0, -32, -517]
[1500, 1500, 1600, 1500, 988, 950, 988, 1598, 1001, 1001, 1001, 1001, 1500, 1500, 1500, 1500]
12:04:30.882521 Navigation got ALT: -1.17
[1500, 1500, 1600, 1500, 988, 950, 988, 1598, 1001, 1001, 1001, 1001, 1500, 1500, 1500, 1500]
[1500, 1500, 1600, 1500, 988, 950, 988, 1598, 1001, 1001, 1001, 1001, 1500, 1500, 1500, 1500]
12:04:30.908178 ALT: -1.17
12:04:30.908264 ATT: [-176.5, 0.0, 73]
12:04:30.908520 ACC: [0, -32, -515]
12:04:30.922428 Navigation got ALT: -1.17
[1500, 1500, 1600, 1500, 988, 950, 988, 1598, 1001, 1001, 1001, 1001, 1500, 1500, 1500, 1500]
[1500, 1500, 1600, 1500, 988, 950, 988, 1598, 1001, 1001, 1001, 1001, 1500, 1500, 1500, 1500]
12:04:30.956149 ALT: -1.17
12:04:30.956239 ATT: [-176.5, 0.0, 73]
12:04:30.956491 ACC: [0, -32, -515]
12:04:30.962508 Navigation got ALT: -1.17
[1500, 1500, 1600, 1500, 988, 950, 988, 1598, 1001, 1001, 1001, 1001, 1500, 1500, 1500, 1500]
[1500, 1500, 1600, 1500, 988, 950, 988, 1598, 1001, 1001, 1001, 1001, 1500, 1500, 1500, 1500]
12:04:31.002548 Navigation got ALT: -1.17
[1500, 1500, 1600, 1500, 988, 950, 988, 1598, 1001, 1001, 1001, 1001, 1500, 1500, 1500, 1500]
12:04:31.004893 ALT: -1.17
12:04:31.004987 ATT: [-176.5, 0.0, 73]
12:04:31.005238 ACC: [0, -31, -516]
[1500, 1500, 1600, 1500, 988, 950, 988, 1598, 1001, 1001, 1001, 1001, 1500, 1500, 1500, 1500]
12:04:31.042396 Navigation got ALT: -1.17
[1500, 1500, 1600, 1500, 988, 950, 988, 1598, 1001, 1001, 1001, 1001, 1500, 1500, 1500, 1500]
12:04:31.052903 ALT: -1.17
12:04:31.052997 ATT: [-176.5, 0.0, 73]
12:04:31.053251 ACC: [0, -32, -516]
[1500, 1500, 1600, 1500, 988, 950, 988, 1598, 1001, 1001, 1001, 1001, 1500, 1500, 1500, 1500]
12:04:31.082644 Navigation got ALT: -1.17
[1500, 1500, 1600, 1500, 988, 950, 988, 1598, 1001, 1001, 1001, 1001, 1500, 1500, 1500, 1500]
12:04:31.100634 ALT: -1.17
12:04:31.100738 ATT: [-176.5, 0.0, 73]
12:04:31.101139 ACC: [0, -32, -516]
[1500, 1500, 1600, 1500, 988, 950, 988, 1598, 1001, 1001, 1001, 1001, 1500, 1500, 1500, 1500]
12:04:31.122378 Navigation got ALT: -1.17
[1500, 1500, 1600, 1500, 988, 950, 988, 1598, 1001, 1001, 1001, 1001, 1500, 1500, 1500, 1500]
[1500, 1500, 1600, 1500, 988, 950, 988, 1598, 1001, 1001, 1001, 1001, 1500, 1500, 1500, 1500]
12:04:31.148428 ALT: -1.17
12:04:31.148749 ATT: [-176.5, 0.0, 73]
12:04:31.149276 ACC: [-1, -32, -516]
12:04:31.162572 Navigation got ALT: -1.17
[1500, 1500, 1600, 1500, 988, 950, 988, 1598, 1001, 1001, 1001, 1001, 1500, 1500, 1500, 1500]
[1500, 1500, 1600, 1500, 988, 950, 988, 1598, 1001, 1001, 1001, 1001, 1500, 1500, 1500, 1500]
12:04:31.196176 ALT: -1.17
12:04:31.196267 ATT: [-176.5, 0.0, 73]
12:04:31.196533 ACC: [0, -31, -516]
12:04:31.202811 Navigation got ALT: -1.17
[1500, 1500, 1600, 1500, 988, 950, 988, 1598, 1001, 1001, 1001, 1001, 1500, 1500, 1500, 1500]
[1500, 1500, 1600, 1500, 988, 950, 988, 1598, 1001, 1001, 1001, 1001, 1500, 1500, 1500, 1500]
12:04:31.242501 Navigation got ALT: -1.17
[1500, 1500, 1600, 1500, 988, 950, 988, 1598, 1001, 1001, 1001, 1001, 1500, 1500, 1500, 1500]
12:04:31.244658 ALT: -1.17
12:04:31.244797 ATT: [-176.5, 0.0, 73]
12:04:31.245194 ACC: [0, -32, -516]
[1500, 1500, 1600, 1500, 988, 950, 988, 1598, 1001, 1001, 1001, 1001, 1500, 1500, 1500, 1500]
12:04:31.282639 Navigation got ALT: -1.17
[1500, 1500, 1600, 1500, 988, 950, 988, 1598, 1001, 1001, 1001, 1001, 1500, 1500, 1500, 1500]
12:04:31.292139 ALT: -1.17
12:04:31.292231 ATT: [-176.5, 0.0, 73]
12:04:31.292550 ACC: [0, -32, -516]
[1500, 1500, 1600, 1500, 988, 950, 988, 1598, 1001, 1001, 1001, 1001, 1500, 1500, 1500, 1500]
12:04:31.322509 Navigation got ALT: -1.17
[1500, 1500, 1600, 1500, 988, 950, 988, 1598, 1001, 1001, 1001, 1001, 1500, 1500, 1500, 1500]
12:04:31.340206 ALT: -1.17
12:04:31.340292 ATT: [-176.5, 0.0, 73]
12:04:31.340548 ACC: [0, -32, -516]
[1500, 1500, 1600, 1500, 988, 950, 988, 1598, 1001, 1001, 1001, 1001, 1500, 1500, 1500, 1500]
12:04:31.362600 Navigation got ALT: -1.17
[1500, 1500, 1600, 1500, 988, 950, 988, 1598, 1001, 1001, 1001, 1001, 1500, 1500, 1500, 1500]
[1500, 1500, 1600, 1500, 988, 950, 988, 1598, 1001, 1001, 1001, 1001, 1500, 1500, 1500, 1500]
12:04:31.388204 ALT: -1.17
12:04:31.388292 ATT: [-176.5, 0.0, 73]
12:04:31.388541 ACC: [0, -32, -516]
12:04:31.402872 Navigation got ALT: -1.17
[1500, 1500, 1600, 1500, 988, 950, 988, 1598, 1001, 1001, 1001, 1001, 1500, 1500, 1500, 1500]
[1500, 1500, 1600, 1500, 988, 950, 988, 1598, 1001, 1001, 1001, 1001, 1500, 1500, 1500, 1500]
12:04:31.436702 ALT: -1.17
12:04:31.436965 ATT: [-176.5, 0.0, 73]
12:04:31.437708 ACC: [0, -32, -516]
12:04:31.442716 Navigation got ALT: -1.17
[1500, 1500, 1600, 1500, 988, 950, 988, 1598, 1001, 1001, 1001, 1001, 1500, 1500, 1500, 1500]
[1500, 1500, 1600, 1500, 988, 950, 988, 1598, 1001, 1001, 1001, 1001, 1500, 1500, 1500, 1500]
12:04:31.482828 Navigation got ALT: -1.17
[1500, 1500, 1600, 1500, 988, 950, 988, 1598, 1001, 1001, 1001, 1001, 1500, 1500, 1500, 1500]
12:04:31.484378 ALT: -1.17
12:04:31.484605 ATT: [-176.5, 0.0, 73]
12:04:31.485458 ACC: [0, -32, -516]
[1500, 1500, 1600, 1500, 988, 950, 988, 1598, 1001, 1001, 1001, 1001, 1500, 1500, 1500, 1500]
12:04:31.522657 Navigation got ALT: -1.17
[1500, 1500, 1600, 1500, 988, 950, 988, 1598, 1001, 1001, 1001, 1001, 1500, 1500, 1500, 1500]
12:04:31.532531 ALT: -1.17
12:04:31.532789 ATT: [-176.5, 0.0, 73]
12:04:31.533222 ACC: [0, -32, -516]
[1500, 1500, 1600, 1500, 988, 950, 988, 1598, 1001, 1001, 1001, 1001, 1500, 1500, 1500, 1500]
12:04:31.562725 Navigation got ALT: -1.17
[1500, 1500, 1600, 1500, 988, 950, 988, 1598, 1001, 1001, 1001, 1001, 1500, 1500, 1500, 1500]
12:04:31.580448 ALT: -1.17
12:04:31.580749 ATT: [-176.5, 0.0, 73]
12:04:31.581222 ACC: [0, -31, -516]
[1500, 1500, 1600, 1500, 988, 950, 988, 1598, 1001, 1001, 1001, 1001, 1500, 1500, 1500, 1500]
12:04:31.602902 Navigation got ALT: -1.17
[1500, 1500, 1600, 1500, 988, 950, 988, 1598, 1001, 1001, 1001, 1001, 1500, 1500, 1500, 1500]
[1500, 1500, 1600, 1500, 988, 950, 988, 1598, 1001, 1001, 1001, 1001, 1500, 1500, 1500, 1500]
12:04:31.628210 ALT: -1.17
12:04:31.628296 ATT: [-176.5, 0.0, 73]
12:04:31.628587 ACC: [0, -32, -516]
12:04:31.643136 Navigation got ALT: -1.17
[1500, 1500, 1600, 1500, 988, 950, 988, 1598, 1001, 1001, 1001, 1001, 1500, 1500, 1500, 1500]
[1500, 1500, 1600, 1500, 988, 950, 988, 1598, 1001, 1001, 1001, 1001, 1500, 1500, 1500, 1500]
12:04:31.676431 ALT: -1.17
12:04:31.676738 ATT: [-176.5, 0.0, 73]
12:04:31.678051 ACC: [0, -32, -516]
12:04:31.683065 Navigation got ALT: -1.17
[1500, 1500, 1600, 1500, 988, 950, 988, 1598, 1001, 1001, 1001, 1001, 1500, 1500, 1500, 1500]
[1500, 1500, 1600, 1500, 988, 950, 988, 1598, 1001, 1001, 1001, 1001, 1500, 1500, 1500, 1500]
12:04:31.722824 Navigation got ALT: -1.17
[1500, 1500, 1600, 1500, 988, 950, 988, 1598, 1001, 1001, 1001, 1001, 1500, 1500, 1500, 1500]
12:04:31.724183 ALT: -1.17
12:04:31.724248 ATT: [-176.5, 0.0, 73]
12:04:31.724469 ACC: [0, -32, -516]
[1500, 1500, 1600, 1500, 988, 950, 988, 1598, 1001, 1001, 1001, 1001, 1500, 1500, 1500, 1500]
12:04:31.762869 Navigation got ALT: -1.17
[1500, 1500, 1600, 1500, 988, 950, 988, 1598, 1001, 1001, 1001, 1001, 1500, 1500, 1500, 1500]
12:04:31.772252 ALT: -1.17
12:04:31.772337 ATT: [-176.5, 0.0, 73]
12:04:31.772583 ACC: [0, -32, -516]
[1500, 1500, 1600, 1500, 988, 950, 988, 1598, 1001, 1001, 1001, 1001, 1500, 1500, 1500, 1500]
12:04:31.803050 Navigation got ALT: -1.17
[1500, 1500, 1600, 1500, 988, 950, 988, 1598, 1001, 1001, 1001, 1001, 1500, 1500, 1500, 1500]
12:04:31.820576 ALT: -1.17
12:04:31.820749 ATT: [-176.5, 0.0, 73]
12:04:31.821047 ACC: [0, -32, -516]
[1500, 1500, 1600, 1500, 988, 950, 988, 1598, 1001, 1001, 1001, 1001, 1500, 1500, 1500, 1500]
12:04:31.842879 Navigation got ALT: -1.17
[1500, 1500, 1600, 1500, 988, 950, 988, 1598, 1001, 1001, 1001, 1001, 1500, 1500, 1500, 1500]
[1500, 1500, 1600, 1500, 988, 950, 988, 1598, 1001, 1001, 1001, 1001, 1500, 1500, 1500, 1500]
12:04:31.869155 ALT: -1.17
12:04:31.869403 ATT: [-176.5, 0.0, 73]
12:04:31.870004 ACC: [0, -32, -516]
12:04:31.883230 Navigation got ALT: -1.17
[1500, 1500, 1600, 1500, 988, 950, 988, 1598, 1001, 1001, 1001, 1001, 1500, 1500, 1500, 1500]
[1500, 1500, 1600, 1500, 988, 950, 988, 1598, 1001, 1001, 1001, 1001, 1500, 1500, 1500, 1500]
12:04:31.916778 ALT: -1.17
12:04:31.916878 ATT: [-176.5, 0.0, 73]
12:04:31.917328 ACC: [0, -32, -516]
12:04:31.923047 Navigation got ALT: -1.17
[1500, 1500, 1600, 1500, 988, 950, 988, 1598, 1001, 1001, 1001, 1001, 1500, 1500, 1500, 1500]
[1500, 1500, 1600, 1500, 988, 950, 988, 1598, 1001, 1001, 1001, 1001, 1500, 1500, 1500, 1500]
12:04:31.962975 Navigation got ALT: -1.17
[1500, 1500, 1600, 1500, 988, 950, 988, 1598, 1001, 1001, 1001, 1001, 1500, 1500, 1500, 1500]
12:04:31.964490 ALT: -1.17
12:04:31.964770 ATT: [-176.5, 0.0, 73]
12:04:31.965296 ACC: [0, -32, -516]
[1500, 1500, 1600, 1500, 988, 950, 988, 1598, 1001, 1001, 1001, 1001, 1500, 1500, 1500, 1500]
12:04:32.003155 Navigation got ALT: -1.17
[1500, 1500, 1600, 1500, 988, 950, 988, 1598, 1001, 1001, 1001, 1001, 1500, 1500, 1500, 1500]
12:04:32.012285 ALT: -1.17
12:04:32.012374 ATT: [-176.5, 0.0, 73]
12:04:32.012622 ACC: [0, -32, -516]
[1500, 1500, 1600, 1500, 988, 950, 988, 1598, 1001, 1001, 1001, 1001, 1500, 1500, 1500, 1500]
12:04:32.043018 Navigation got ALT: -1.17
[1500, 1500, 1600, 1500, 988, 950, 988, 1598, 1001, 1001, 1001, 1001, 1500, 1500, 1500, 1500]
12:04:32.060566 ALT: -1.17
12:04:32.060806 ATT: [-176.5, 0.0, 73]
12:04:32.061290 ACC: [0, -32, -515]
[1500, 1500, 1600, 1500, 988, 950, 988, 1598, 1001, 1001, 1001, 1001, 1500, 1500, 1500, 1500]
12:04:32.083179 Navigation got ALT: -1.17
[1500, 1500, 1600, 1500, 988, 950, 988, 1598, 1001, 1001, 1001, 1001, 1500, 1500, 1500, 1500]
[1500, 1500, 1600, 1500, 988, 950, 988, 1598, 1001, 1001, 1001, 1001, 1500, 1500, 1500, 1500]
12:04:32.108269 ALT: -1.17
12:04:32.108361 ATT: [-176.5, 0.0, 73]
12:04:32.108602 ACC: [0, -32, -516]
12:04:32.123114 Navigation got ALT: -1.17
[1500, 1500, 1600, 1500, 988, 950, 988, 1598, 1001, 1001, 1001, 1001, 1500, 1500, 1500, 1500]
[1500, 1500, 1600, 1500, 988, 950, 988, 1598, 1001, 1001, 1001, 1001, 1500, 1500, 1500, 1500]
12:04:32.156320 ALT: -1.17
12:04:32.156410 ATT: [-176.5, 0.0, 73]
12:04:32.156732 ACC: [0, -32, -516]
12:04:32.163174 Navigation got ALT: -1.17
[1500, 1500, 1600, 1500, 988, 950, 988, 1598, 1001, 1001, 1001, 1001, 1500, 1500, 1500, 1500]
[1500, 1500, 1600, 1500, 988, 950, 988, 1598, 1001, 1001, 1001, 1001, 1500, 1500, 1500, 1500]
12:04:32.203219 Navigation got ALT: -1.17
[1500, 1500, 1600, 1500, 988, 950, 988, 1598, 1001, 1001, 1001, 1001, 1500, 1500, 1500, 1500]
12:04:32.204686 ALT: -1.17
12:04:32.204865 ATT: [-176.5, 0.0, 73]
12:04:32.205238 ACC: [0, -31, -516]
[1500, 1500, 1600, 1500, 988, 950, 988, 1598, 1001, 1001, 1001, 1001, 1500, 1500, 1500, 1500]
12:04:32.243122 Navigation got ALT: -1.17
[1500, 1500, 1600, 1500, 988, 950, 988, 1598, 1001, 1001, 1001, 1001, 1500, 1500, 1500, 1500]
12:04:32.252728 ALT: -1.17
12:04:32.252984 ATT: [-176.5, 0.0, 73]
12:04:32.253339 ACC: [0, -32, -516]
[1500, 1500, 1600, 1500, 988, 950, 988, 1598, 1001, 1001, 1001, 1001, 1500, 1500, 1500, 1500]
12:04:32.283277 Navigation got ALT: -1.17
[1500, 1500, 1600, 1500, 988, 950, 988, 1598, 1001, 1001, 1001, 1001, 1500, 1500, 1500, 1500]
12:04:32.300681 ALT: -1.17
12:04:32.300928 ATT: [-176.5, 0.0, 73]
12:04:32.301358 ACC: [0, -32, -516]
[1500, 1500, 1600, 1500, 988, 950, 988, 1598, 1001, 1001, 1001, 1001, 1500, 1500, 1500, 1500]
12:04:32.323124 Navigation got ALT: -1.17
[1500, 1500, 1600, 1500, 988, 950, 988, 1598, 1001, 1001, 1001, 1001, 1500, 1500, 1500, 1500]
[1500, 1500, 1600, 1500, 988, 950, 988, 1598, 1001, 1001, 1001, 1001, 1500, 1500, 1500, 1500]
12:04:32.348563 ALT: -1.17
12:04:32.348744 ATT: [-176.5, 0.0, 73]
12:04:32.349313 ACC: [0, -32, -516]
12:04:32.363348 Navigation got ALT: -1.17
[1500, 1500, 1600, 1500, 988, 950, 988, 1598, 1001, 1001, 1001, 1001, 1500, 1500, 1500, 1500]
[1500, 1500, 1600, 1500, 988, 950, 988, 1598, 1001, 1001, 1001, 1001, 1500, 1500, 1500, 1500]
12:04:32.396367 ALT: -1.17
12:04:32.396456 ATT: [-176.5, 0.0, 73]
12:04:32.396761 ACC: [0, -32, -516]
12:04:32.403411 Navigation got ALT: -1.17
[1500, 1500, 1600, 1500, 988, 950, 988, 1598, 1001, 1001, 1001, 1001, 1500, 1500, 1500, 1500]
[1500, 1500, 1600, 1500, 988, 950, 988, 1598, 1001, 1001, 1001, 1001, 1500, 1500, 1500, 1500]
12:04:32.443177 Navigation got ALT: -1.17
[1500, 1500, 1600, 1500, 988, 950, 988, 1598, 1001, 1001, 1001, 1001, 1500, 1500, 1500, 1500]
12:04:32.444477 ALT: -1.17
12:04:32.444606 ATT: [-176.5, 0.0, 73]
12:04:32.445066 ACC: [0, -32, -516]
[1500, 1500, 1600, 1500, 988, 950, 988, 1598, 1001, 1001, 1001, 1001, 1500, 1500, 1500, 1500]
12:04:32.483339 Navigation got ALT: -1.17
[1500, 1500, 1600, 1500, 988, 950, 988, 1598, 1001, 1001, 1001, 1001, 1500, 1500, 1500, 1500]
12:04:32.492341 ALT: -1.17
12:04:32.492431 ATT: [-176.5, 0.0, 73]
12:04:32.492729 ACC: [0, -32, -516]
[1500, 1500, 1600, 1500, 988, 950, 988, 1598, 1001, 1001, 1001, 1001, 1500, 1500, 1500, 1500]
12:04:32.523220 Navigation got ALT: -1.17
[1500, 1500, 1600, 1500, 988, 950, 988, 1598, 1001, 1001, 1001, 1001, 1500, 1500, 1500, 1500]
12:04:32.540357 ALT: -1.17
12:04:32.540445 ATT: [-176.5, 0.0, 73]
12:04:32.540694 ACC: [0, -32, -516]
[1500, 1500, 1600, 1500, 988, 950, 988, 1598, 1001, 1001, 1001, 1001, 1500, 1500, 1500, 1500]
12:04:32.563359 Navigation got ALT: -1.17
[1500, 1500, 1600, 1500, 988, 950, 988, 1598, 1001, 1001, 1001, 1001, 1500, 1500, 1500, 1500]
[1500, 1500, 1600, 1500, 988, 950, 988, 1598, 1001, 1001, 1001, 1001, 1500, 1500, 1500, 1500]
12:04:32.588369 ALT: -1.17
12:04:32.588453 ATT: [-176.5, 0.0, 73]
12:04:32.588707 ACC: [0, -32, -516]
12:04:32.603516 Navigation got ALT: -1.17
[1500, 1500, 1600, 1500, 988, 950, 988, 1598, 1001, 1001, 1001, 1001, 1500, 1500, 1500, 1500]
[1500, 1500, 1600, 1500, 988, 950, 988, 1598, 1001, 1001, 1001, 1001, 1500, 1500, 1500, 1500]
12:04:32.636993 ALT: -1.17
12:04:32.637242 ATT: [-176.5, 0.0, 73]
12:04:32.637986 ACC: [0, -32, -516]
12:04:32.643831 Navigation got ALT: -1.17
[1500, 1500, 1600, 1500, 988, 950, 988, 1598, 1001, 1001, 1001, 1001, 1500, 1500, 1500, 1500]
[1500, 1500, 1600, 1500, 988, 950, 988, 1598, 1001, 1001, 1001, 1001, 1500, 1500, 1500, 1500]
12:04:32.683521 Navigation got ALT: -1.17
[1500, 1500, 1600, 1500, 988, 950, 988, 1598, 1001, 1001, 1001, 1001, 1500, 1500, 1500, 1500]
12:04:32.684515 ALT: -1.17
12:04:32.684615 ATT: [-176.5, 0.0, 73]
12:04:32.685493 ACC: [0, -32, -516]
[1500, 1500, 1600, 1500, 988, 950, 988, 1598, 1001, 1001, 1001, 1001, 1500, 1500, 1500, 1500]
12:04:32.723333 Navigation got ALT: -1.17
[1500, 1500, 1600, 1500, 988, 950, 988, 1598, 1001, 1001, 1001, 1001, 1500, 1500, 1500, 1500]
12:04:32.732787 ALT: -1.17
12:04:32.732959 ATT: [-176.5, 0.0, 73]
12:04:32.733375 ACC: [0, -32, -516]
[1500, 1500, 1600, 1500, 988, 950, 988, 1598, 1001, 1001, 1001, 1001, 1500, 1500, 1500, 1500]
12:04:32.763429 Navigation got ALT: -1.17
[1500, 1500, 1600, 1500, 988, 950, 988, 1598, 1001, 1001, 1001, 1001, 1500, 1500, 1500, 1500]
12:04:32.780537 ALT: -1.17
12:04:32.780638 ATT: [-176.5, 0.0, 73]
12:04:32.780933 ACC: [0, -32, -516]
[1500, 1500, 1600, 1500, 988, 950, 988, 1598, 1001, 1001, 1001, 1001, 1500, 1500, 1500, 1500]
12:04:32.803515 Navigation got ALT: -1.17
[1500, 1500, 1600, 1500, 988, 950, 988, 1598, 1001, 1001, 1001, 1001, 1500, 1500, 1500, 1500]
[1500, 1500, 1600, 1500, 988, 950, 988, 1598, 1001, 1001, 1001, 1001, 1500, 1500, 1500, 1500]
12:04:32.843773 Navigation got ALT: -1.17
[1500, 1500, 1600, 1500, 988, 950, 988, 1598, 1001, 1001, 1001, 1001, 1500, 1500, 1500, 1500]
12:04:32.844537 ALT: -1.17
12:04:32.844609 ATT: [-176.5, 0.0, 73]
12:04:32.844850 ACC: [0, -32, -516]
[1500, 1500, 1600, 1500, 988, 950, 988, 1598, 1001, 1001, 1001, 1001, 1500, 1500, 1500, 1500]
12:04:32.883608 Navigation got ALT: -1.17
[1500, 1500, 1600, 1500, 988, 950, 988, 1598, 1001, 1001, 1001, 1001, 1500, 1500, 1500, 1500]
12:04:32.892442 ALT: -1.17
12:04:32.892547 ATT: [-176.5, 0.0, 73]
12:04:32.892833 ACC: [0, -32, -516]
[1500, 1500, 1600, 1500, 988, 950, 988, 1598, 1001, 1001, 1001, 1001, 1500, 1500, 1500, 1500]
12:04:32.923431 Navigation got ALT: -1.17
[1500, 1500, 1600, 1500, 988, 950, 988, 1598, 1001, 1001, 1001, 1001, 1500, 1500, 1500, 1500]
12:04:32.940425 ALT: -1.17
12:04:32.940513 ATT: [-176.5, 0.0, 73]
12:04:32.940759 ACC: [0, -32, -516]
[1500, 1500, 1600, 1500, 988, 950, 988, 1598, 1001, 1001, 1001, 1001, 1500, 1500, 1500, 1500]
12:04:32.963507 Navigation got ALT: -1.17
[1500, 1500, 1600, 1500, 988, 950, 988, 1598, 1001, 1001, 1001, 1001, 1500, 1500, 1500, 1500]
[1500, 1500, 1600, 1500, 988, 950, 988, 1598, 1001, 1001, 1001, 1001, 1500, 1500, 1500, 1500]
12:04:32.988432 ALT: -1.17
12:04:32.988516 ATT: [-176.5, 0.0, 73]
12:04:32.988814 ACC: [0, -32, -516]
12:04:33.003766 Navigation got ALT: -1.17
[1500, 1500, 1600, 1500, 988, 950, 988, 1598, 1001, 1001, 1001, 1001, 1500, 1500, 1500, 1500]
[1500, 1500, 1600, 1500, 988, 950, 988, 1598, 1001, 1001, 1001, 1001, 1500, 1500, 1500, 1500]
12:04:33.037017 ALT: -1.17
12:04:33.037270 ATT: [-176.5, 0.0, 73]
12:04:33.037941 ACC: [0, -32, -516]
12:04:33.044029 Navigation got ALT: -1.17
[1500, 1500, 1600, 1500, 988, 950, 988, 1598, 1001, 1001, 1001, 1001, 1500, 1500, 1500, 1500]
[1500, 1500, 1600, 1500, 988, 950, 988, 1598, 1001, 1001, 1001, 1001, 1500, 1500, 1500, 1500]
12:04:33.083701 Navigation got ALT: -1.17
[1500, 1500, 1600, 1500, 988, 950, 988, 1598, 1001, 1001, 1001, 1001, 1500, 1500, 1500, 1500]
12:04:33.084614 ALT: -1.17
12:04:33.084830 ATT: [-176.5, 0.0, 73]
12:04:33.085700 ACC: [0, -32, -516]
[1500, 1500, 1600, 1500, 988, 950, 988, 1598, 1001, 1001, 1001, 1001, 1500, 1500, 1500, 1500]
12:04:33.123523 Navigation got ALT: -1.17
[1500, 1500, 1600, 1500, 988, 950, 988, 1598, 1001, 1001, 1001, 1001, 1500, 1500, 1500, 1500]
12:04:33.132824 ALT: -1.17
12:04:33.132975 ATT: [-176.5, 0.0, 73]
12:04:33.133385 ACC: [0, -32, -516]
[1500, 1500, 1600, 1500, 988, 950, 988, 1598, 1001, 1001, 1001, 1001, 1500, 1500, 1500, 1500]
12:04:33.163652 Navigation got ALT: -1.17
[1500, 1500, 1600, 1500, 988, 950, 988, 1598, 1001, 1001, 1001, 1001, 1500, 1500, 1500, 1500]
12:04:33.180649 ALT: -1.17
12:04:33.180768 ATT: [-176.5, 0.0, 73]
12:04:33.181144 ACC: [0, -32, -516]
[1500, 1500, 1600, 1500, 988, 950, 988, 1598, 1001, 1001, 1001, 1001, 1500, 1500, 1500, 1500]
12:04:33.203741 Navigation got ALT: -1.17
[1500, 1500, 1600, 1500, 988, 950, 988, 1598, 1001, 1001, 1001, 1001, 1500, 1500, 1500, 1500]
[1500, 1500, 1600, 1500, 988, 950, 988, 1598, 1001, 1001, 1001, 1001, 1500, 1500, 1500, 1500]
12:04:33.228506 ALT: -1.17
12:04:33.228590 ATT: [-176.5, 0.0, 73]
12:04:33.228893 ACC: [0, -32, -517]
12:04:33.244082 Navigation got ALT: -1.17
[1500, 1500, 1600, 1500, 988, 950, 988, 1598, 1001, 1001, 1001, 1001, 1500, 1500, 1500, 1500]
[1500, 1500, 1600, 1500, 988, 950, 988, 1598, 1001, 1001, 1001, 1001, 1500, 1500, 1500, 1500]
12:04:33.276492 ALT: -1.17
12:04:33.276586 ATT: [-176.5, 0.0, 73]
12:04:33.277475 ACC: [0, -32, -516]
12:04:33.283927 Navigation got ALT: -1.17
[1500, 1500, 1600, 1500, 988, 950, 988, 1598, 1001, 1001, 1001, 1001, 1500, 1500, 1500, 1500]
[1500, 1500, 1600, 1500, 988, 950, 988, 1598, 1001, 1001, 1001, 1001, 1500, 1500, 1500, 1500]
12:04:33.323641 Navigation got ALT: -1.17
[1500, 1500, 1600, 1500, 988, 950, 988, 1598, 1001, 1001, 1001, 1001, 1500, 1500, 1500, 1500]
12:04:33.324370 ALT: -1.17
12:04:33.324411 ATT: [-176.5, 0.0, 73]
12:04:33.324608 ACC: [0, -32, -516]
[1500, 1500, 1600, 1500, 988, 950, 988, 1598, 1001, 1001, 1001, 1001, 1500, 1500, 1500, 1500]
12:04:33.363759 Navigation got ALT: -1.17
[1500, 1500, 1600, 1500, 988, 950, 988, 1598, 1001, 1001, 1001, 1001, 1500, 1500, 1500, 1500]
12:04:33.372496 ALT: -1.17
12:04:33.372582 ATT: [-176.5, 0.0, 73]
12:04:33.372830 ACC: [0, -32, -516]
[1500, 1500, 1600, 1500, 988, 950, 988, 1598, 1001, 1001, 1001, 1001, 1500, 1500, 1500, 1500]
12:04:33.404004 Navigation got ALT: -1.17
[1500, 1500, 1600, 1500, 988, 950, 988, 1598, 1001, 1001, 1001, 1001, 1500, 1500, 1500, 1500]
12:04:33.420854 ALT: -1.17
12:04:33.420957 ATT: [-176.5, 0.0, 73]
12:04:33.421238 ACC: [0, -32, -516]
[1500, 1500, 1600, 1500, 988, 950, 988, 1598, 1001, 1001, 1001, 1001, 1500, 1500, 1500, 1500]
12:04:33.444091 Navigation got ALT: -1.17
[1500, 1500, 1600, 1500, 988, 950, 988, 1598, 1001, 1001, 1001, 1001, 1500, 1500, 1500, 1500]
[1500, 1500, 1600, 1500, 988, 950, 988, 1598, 1001, 1001, 1001, 1001, 1500, 1500, 1500, 1500]
12:04:33.468868 ALT: -1.17
12:04:33.469077 ATT: [-176.5, 0.0, 73]
12:04:33.469636 ACC: [0, -32, -516]
12:04:33.484096 Navigation got ALT: -1.17
[1500, 1500, 1600, 1500, 988, 950, 988, 1598, 1001, 1001, 1001, 1001, 1500, 1500, 1500, 1500]
[1500, 1500, 1600, 1500, 988, 950, 988, 1598, 1001, 1001, 1001, 1001, 1500, 1500, 1500, 1500]
12:04:33.517025 ALT: -1.17
12:04:33.517128 ATT: [-176.5, 0.0, 73]
12:04:33.517575 ACC: [0, -32, -516]
12:04:33.523845 Navigation got ALT: -1.17
[1500, 1500, 1600, 1500, 988, 950, 988, 1598, 1001, 1001, 1001, 1001, 1500, 1500, 1500, 1500]
[1500, 1500, 1600, 1500, 988, 950, 988, 1598, 1001, 1001, 1001, 1001, 1500, 1500, 1500, 1500]
12:04:33.563996 Navigation got ALT: -1.17
[1500, 1500, 1600, 1500, 988, 950, 988, 1598, 1001, 1001, 1001, 1001, 1500, 1500, 1500, 1500]
12:04:33.564630 ALT: -1.17
12:04:33.564716 ATT: [-176.5, 0.0, 73]
12:04:33.565001 ACC: [0, -32, -516]
[1500, 1500, 1600, 1500, 988, 950, 988, 1598, 1001, 1001, 1001, 1001, 1500, 1500, 1500, 1500]
12:04:33.604390 Navigation got ALT: -1.17
[1500, 1500, 1600, 1500, 988, 950, 988, 1598, 1001, 1001, 1001, 1001, 1500, 1500, 1500, 1500]
12:04:33.612528 ALT: -1.17
12:04:33.612614 ATT: [-176.5, 0.0, 73]
12:04:33.612854 ACC: [0, -32, -516]
[1500, 1500, 1600, 1500, 988, 950, 988, 1598, 1001, 1001, 1001, 1001, 1500, 1500, 1500, 1500]
12:04:33.643994 Navigation got ALT: -1.17
[1500, 1500, 1600, 1500, 988, 950, 988, 1598, 1001, 1001, 1001, 1001, 1500, 1500, 1500, 1500]
12:04:33.660701 ALT: -1.17
12:04:33.660827 ATT: [-176.5, 0.0, 73]
12:04:33.661153 ACC: [0, -32, -516]
[1500, 1500, 1600, 1500, 988, 950, 988, 1598, 1001, 1001, 1001, 1001, 1500, 1500, 1500, 1500]
12:04:33.684154 Navigation got ALT: -1.17
[1500, 1500, 1600, 1500, 988, 950, 988, 1598, 1001, 1001, 1001, 1001, 1500, 1500, 1500, 1500]
[1500, 1500, 1600, 1500, 988, 950, 988, 1598, 1001, 1001, 1001, 1001, 1500, 1500, 1500, 1500]
12:04:33.708512 ALT: -1.17
12:04:33.708605 ATT: [-176.5, 0.0, 73]
12:04:33.708994 ACC: [0, -32, -516]
12:04:33.724076 Navigation got ALT: -1.17
[1500, 1500, 1600, 1500, 988, 950, 988, 1598, 1001, 1001, 1001, 1001, 1500, 1500, 1500, 1500]
[1500, 1500, 1600, 1500, 988, 950, 988, 1598, 1001, 1001, 1001, 1001, 1500, 1500, 1500, 1500]
12:04:33.756520 ALT: -1.17
12:04:33.756605 ATT: [-176.5, 0.0, 73]
12:04:33.756854 ACC: [0, -32, -515]
12:04:33.764204 Navigation got ALT: -1.17
[1500, 1500, 1600, 1500, 988, 950, 988, 1598, 1001, 1001, 1001, 1001, 1500, 1500, 1500, 1500]
[1500, 1500, 1600, 1500, 988, 950, 988, 1598, 1001, 1001, 1001, 1001, 1500, 1500, 1500, 1500]
12:04:33.804773 Navigation got ALT: -1.17
[1500, 1500, 1600, 1500, 988, 950, 988, 1598, 1001, 1001, 1001, 1001, 1500, 1500, 1500, 1500]
12:04:33.805310 ALT: -1.17
12:04:33.805378 ATT: [-176.5, 0.0, 73]
12:04:33.805605 ACC: [0, -32, -516]
[1500, 1500, 1600, 1500, 988, 950, 988, 1598, 1001, 1001, 1001, 1001, 1500, 1500, 1500, 1500]
12:04:33.844347 Navigation got ALT: -1.17
[1500, 1500, 1600, 1500, 988, 950, 988, 1598, 1001, 1001, 1001, 1001, 1500, 1500, 1500, 1500]
12:04:33.852860 ALT: -1.17
12:04:33.852961 ATT: [-176.5, 0.0, 73]
12:04:33.853272 ACC: [0, -32, -515]
[1500, 1500, 1600, 1500, 988, 950, 988, 1598, 1001, 1001, 1001, 1001, 1500, 1500, 1500, 1500]
12:04:33.884810 Navigation got ALT: -1.17
[1500, 1500, 1600, 1500, 988, 950, 988, 1598, 1001, 1001, 1001, 1001, 1500, 1500, 1500, 1500]
12:04:33.900951 ALT: -1.17
12:04:33.901049 ATT: [-176.5, 0.0, 73]
12:04:33.901427 ACC: [0, -32, -515]
[1500, 1500, 1600, 1500, 988, 950, 988, 1598, 1001, 1001, 1001, 1001, 1500, 1500, 1500, 1500]
12:04:33.924150 Navigation got ALT: -1.17
[1500, 1500, 1600, 1500, 988, 950, 988, 1598, 1001, 1001, 1001, 1001, 1500, 1500, 1500, 1500]
[1500, 1500, 1600, 1500, 988, 950, 988, 1598, 1001, 1001, 1001, 1001, 1500, 1500, 1500, 1500]
12:04:33.948900 ALT: -1.17
12:04:33.949223 ATT: [-176.5, 0.0, 73]
12:04:33.949762 ACC: [0, -32, -515]
12:04:33.964339 Navigation got ALT: -1.17
[1500, 1500, 1600, 1500, 988, 950, 988, 1598, 1001, 1001, 1001, 1001, 1500, 1500, 1500, 1500]
[1500, 1500, 1600, 1500, 988, 950, 988, 1598, 1001, 1001, 1001, 1001, 1500, 1500, 1500, 1500]
12:04:33.996610 ALT: -1.17
12:04:33.996697 ATT: [-176.5, 0.0, 73]
12:04:33.997114 ACC: [0, -32, -515]
12:04:34.004850 Navigation got ALT: -1.17
[1500, 1500, 1600, 1500, 988, 950, 988, 1598, 1001, 1001, 1001, 1001, 1500, 1500, 1500, 1500]
[1500, 1500, 1600, 1500, 988, 950, 988, 1598, 1001, 1001, 1001, 1001, 1500, 1500, 1500, 1500]
12:04:34.044213 Navigation got ALT: -1.17
[1500, 1500, 1600, 1500, 988, 950, 988, 1598, 1001, 1001, 1001, 1001, 1500, 1500, 1500, 1500]
12:04:34.044565 ALT: -1.17
12:04:34.044604 ATT: [-176.5, 0.0, 73]
12:04:34.044820 ACC: [0, -32, -515]
[1500, 1500, 1600, 1500, 988, 950, 988, 1598, 1001, 1001, 1001, 1001, 1500, 1500, 1500, 1500]
12:04:34.084331 Navigation got ALT: -1.17
[1500, 1500, 1600, 1500, 988, 950, 988, 1598, 1001, 1001, 1001, 1001, 1500, 1500, 1500, 1500]
12:04:34.092798 ALT: -1.17
12:04:34.092890 ATT: [-176.5, 0.0, 73]
12:04:34.093202 ACC: [0, -32, -515]
[1500, 1500, 1600, 1500, 988, 950, 988, 1598, 1001, 1001, 1001, 1001, 1500, 1500, 1500, 1500]
12:04:34.124230 Navigation got ALT: -1.17
[1500, 1500, 1600, 1500, 988, 950, 988, 1598, 1001, 1001, 1001, 1001, 1500, 1500, 1500, 1500]
12:04:34.140606 ALT: -1.17
12:04:34.140694 ATT: [-176.5, 0.0, 73]
12:04:34.140946 ACC: [0, -32, -515]
[1500, 1500, 1600, 1500, 988, 950, 988, 1598, 1001, 1001, 1001, 1001, 1500, 1500, 1500, 1500]
12:04:34.164312 Navigation got ALT: -1.17
[1500, 1500, 1600, 1500, 988, 950, 988, 1598, 1001, 1001, 1001, 1001, 1500, 1500, 1500, 1500]
[1500, 1500, 1600, 1500, 988, 950, 988, 1598, 1001, 1001, 1001, 1001, 1500, 1500, 1500, 1500]
12:04:34.188643 ALT: -1.17
12:04:34.188728 ATT: [-176.5, 0.0, 73]
12:04:34.188980 ACC: [0, -32, -516]
12:04:34.205087 Navigation got ALT: -1.17
[1500, 1500, 1600, 1500, 988, 950, 988, 1598, 1001, 1001, 1001, 1001, 1500, 1500, 1500, 1500]
[1500, 1500, 1600, 1500, 988, 950, 988, 1598, 1001, 1001, 1001, 1001, 1500, 1500, 1500, 1500]
12:04:34.237243 ALT: -1.17
12:04:34.237353 ATT: [-176.5, 0.0, 73]
12:04:34.237651 ACC: [0, -32, -515]
12:04:34.244508 Navigation got ALT: -1.17
[1500, 1500, 1600, 1500, 988, 950, 988, 1598, 1001, 1001, 1001, 1001, 1500, 1500, 1500, 1500]
[1500, 1500, 1600, 1500, 988, 950, 988, 1598, 1001, 1001, 1001, 1001, 1500, 1500, 1500, 1500]
12:04:34.284809 Navigation got ALT: -1.17
[1500, 1500, 1600, 1500, 988, 950, 988, 1598, 1001, 1001, 1001, 1001, 1500, 1500, 1500, 1500]
12:04:34.285576 ALT: -1.17
12:04:34.285659 ATT: [-176.5, 0.0, 73]
12:04:34.285941 ACC: [0, -32, -515]
[1500, 1500, 1600, 1500, 988, 950, 988, 1598, 1001, 1001, 1001, 1001, 1500, 1500, 1500, 1500]
12:04:34.324318 Navigation got ALT: -1.17
[1500, 1500, 1600, 1500, 988, 950, 988, 1598, 1001, 1001, 1001, 1001, 1500, 1500, 1500, 1500]
12:04:34.332863 ALT: -1.17
12:04:34.333184 ATT: [-176.5, 0.0, 73]
12:04:34.333624 ACC: [0, -32, -516]
[1500, 1500, 1600, 1500, 988, 950, 988, 1598, 1001, 1001, 1001, 1001, 1500, 1500, 1500, 1500]
12:04:34.364433 Navigation got ALT: -1.17
[1500, 1500, 1600, 1500, 988, 950, 988, 1598, 1001, 1001, 1001, 1001, 1500, 1500, 1500, 1500]
12:04:34.380744 ALT: -1.17
12:04:34.380845 ATT: [-176.5, 0.0, 73]
12:04:34.381143 ACC: [0, -32, -515]
[1500, 1500, 1600, 1500, 988, 950, 988, 1598, 1001, 1001, 1001, 1001, 1500, 1500, 1500, 1500]
12:04:34.404875 Navigation got ALT: -1.17
[1500, 1500, 1600, 1500, 988, 950, 988, 1598, 1001, 1001, 1001, 1001, 1500, 1500, 1500, 1500]
[1500, 1500, 1600, 1500, 988, 950, 988, 1598, 1001, 1001, 1001, 1001, 1500, 1500, 1500, 1500]
12:04:34.428664 ALT: -1.17
12:04:34.428746 ATT: [-176.5, 0.0, 73]
12:04:34.428994 ACC: [0, -32, -515]
12:04:34.444765 Navigation got ALT: -1.17
[1500, 1500, 1600, 1500, 988, 950, 988, 1598, 1001, 1001, 1001, 1001, 1500, 1500, 1500, 1500]
[1500, 1500, 1600, 1500, 988, 950, 988, 1598, 1001, 1001, 1001, 1001, 1500, 1500, 1500, 1500]
12:04:34.477951 ALT: -1.13
12:04:34.478053 ATT: [-176.5, 0.0, 73]
12:04:34.478350 ACC: [0, -32, -515]
12:04:34.484701 Navigation got ALT: -1.13
[1500, 1500, 1600, 1500, 988, 950, 988, 1598, 1001, 1001, 1001, 1001, 1500, 1500, 1500, 1500]
[1500, 1500, 1600, 1500, 988, 950, 988, 1598, 1001, 1001, 1001, 1001, 1500, 1500, 1500, 1500]
12:04:34.524550 Navigation got ALT: -1.13
[1500, 1500, 1600, 1500, 988, 950, 988, 1598, 1001, 1001, 1001, 1001, 1500, 1500, 1500, 1500]
12:04:34.524850 ALT: -1.1
12:04:34.524909 ATT: [-176.5, 0.0, 73]
12:04:34.525249 ACC: [0, -31, -515]
[1500, 1500, 1600, 1500, 988, 950, 988, 1598, 1001, 1001, 1001, 1001, 1500, 1500, 1500, 1500]
12:04:34.564571 Navigation got ALT: -1.1
[1500, 1500, 1600, 1500, 988, 950, 988, 1598, 1001, 1001, 1001, 1001, 1500, 1500, 1500, 1500]
12:04:34.572647 ALT: -1.09
12:04:34.572735 ATT: [-176.5, 0.0, 73]
12:04:34.572989 ACC: [0, -32, -516]
[1500, 1500, 1600, 1500, 988, 950, 988, 1598, 1001, 1001, 1001, 1001, 1500, 1500, 1500, 1500]
12:04:34.605102 Navigation got ALT: -1.09
[1500, 1500, 1600, 1500, 988, 950, 988, 1598, 1001, 1001, 1001, 1001, 1500, 1500, 1500, 1500]
12:04:34.620981 ALT: -1.09
12:04:34.621083 ATT: [-176.5, 0.0, 73]
12:04:34.621381 ACC: [0, -32, -516]
[1500, 1500, 1600, 1500, 988, 950, 988, 1598, 1001, 1001, 1001, 1001, 1500, 1500, 1500, 1500]
12:04:34.644564 Navigation got ALT: -1.09
[1500, 1500, 1600, 1500, 988, 950, 988, 1598, 1001, 1001, 1001, 1001, 1500, 1500, 1500, 1500]
[1500, 1500, 1600, 1500, 988, 950, 988, 1598, 1001, 1001, 1001, 1001, 1500, 1500, 1500, 1500]
12:04:34.669211 ALT: -1.09
12:04:34.669353 ATT: [-176.5, 0.0, 73]
12:04:34.669706 ACC: [0, -32, -516]
12:04:34.685196 Navigation got ALT: -1.09
[1500, 1500, 1600, 1500, 988, 950, 988, 1598, 1001, 1001, 1001, 1001, 1500, 1500, 1500, 1500]
[1500, 1500, 1600, 1500, 988, 950, 988, 1598, 1001, 1001, 1001, 1001, 1500, 1500, 1500, 1500]
12:04:34.716944 ALT: -1.09
12:04:34.717249 ATT: [-176.5, 0.0, 73]
12:04:34.717745 ACC: [0, -32, -516]
12:04:34.724676 Navigation got ALT: -1.09
[1500, 1500, 1600, 1500, 988, 950, 988, 1598, 1001, 1001, 1001, 1001, 1500, 1500, 1500, 1500]
[1500, 1500, 1600, 1500, 988, 950, 988, 1598, 1001, 1001, 1001, 1001, 1500, 1500, 1500, 1500]
12:04:34.764823 Navigation got ALT: -1.09
[1500, 1500, 1600, 1500, 988, 950, 988, 1598, 1001, 1001, 1001, 1001, 1500, 1500, 1500, 1500]
12:04:34.765643 ALT: -1.09
12:04:34.765982 ATT: [-176.5, 0.0, 73]
12:04:34.766397 ACC: [0, -32, -516]
[1500, 1500, 1600, 1500, 988, 950, 988, 1598, 1001, 1001, 1001, 1001, 1500, 1500, 1500, 1500]
12:04:34.805773 Navigation got ALT: -1.09
[1500, 1500, 1600, 1500, 988, 950, 988, 1598, 1001, 1001, 1001, 1001, 1500, 1500, 1500, 1500]
12:04:34.812690 ALT: -1.09
12:04:34.812775 ATT: [-176.5, 0.0, 73]
12:04:34.813025 ACC: [0, -32, -516]
[1500, 1500, 1600, 1500, 988, 950, 988, 1598, 1001, 1001, 1001, 1001, 1500, 1500, 1500, 1500]
12:04:34.844896 Navigation got ALT: -1.09
[1500, 1500, 1600, 1500, 988, 950, 988, 1598, 1001, 1001, 1001, 1001, 1500, 1500, 1500, 1500]
12:04:34.860798 ALT: -1.09
12:04:34.860922 ATT: [-176.5, 0.0, 73]
12:04:34.861296 ACC: [0, -32, -516]
[1500, 1500, 1600, 1500, 988, 950, 988, 1598, 1001, 1001, 1001, 1001, 1500, 1500, 1500, 1500]
12:04:34.885329 Navigation got ALT: -1.09
[1500, 1500, 1600, 1500, 988, 950, 988, 1598, 1001, 1001, 1001, 1001, 1500, 1500, 1500, 1500]
[1500, 1500, 1600, 1500, 988, 950, 988, 1598, 1001, 1001, 1001, 1001, 1500, 1500, 1500, 1500]
12:04:34.924905 Navigation got ALT: -1.09
[1500, 1500, 1600, 1500, 988, 950, 988, 1598, 1001, 1001, 1001, 1001, 1500, 1500, 1500, 1500]
12:04:34.925213 ALT: -1.09
12:04:34.925254 ATT: [-176.5, 0.0, 73]
12:04:34.925471 ACC: [0, -32, -515]
[1500, 1500, 1600, 1500, 988, 950, 988, 1598, 1001, 1001, 1001, 1001, 1500, 1500, 1500, 1500]
12:04:34.965350 Navigation got ALT: -1.09
[1500, 1500, 1600, 1500, 988, 950, 988, 1598, 1001, 1001, 1001, 1001, 1500, 1500, 1500, 1500]
12:04:34.972705 ALT: -1.09
12:04:34.972790 ATT: [-176.5, 0.0, 73]
12:04:34.973040 ACC: [0, -32, -516]
[1500, 1500, 1600, 1500, 988, 950, 988, 1598, 1001, 1001, 1001, 1001, 1500, 1500, 1500, 1500]
12:04:35.005748 Navigation got ALT: -1.09
[1500, 1500, 1600, 1500, 988, 950, 988, 1598, 1001, 1001, 1001, 1001, 1500, 1500, 1500, 1500]
12:04:35.021229 ALT: -1.09
12:04:35.021339 ATT: [-176.5, 0.0, 73]
12:04:35.021681 ACC: [0, -32, -516]
[1500, 1500, 1600, 1500, 988, 950, 988, 1598, 1001, 1001, 1001, 1001, 1500, 1500, 1500, 1500]
12:04:35.044844 Navigation got ALT: -1.09
[1500, 1500, 1600, 1500, 988, 950, 988, 1598, 1001, 1001, 1001, 1001, 1500, 1500, 1500, 1500]
[1500, 1500, 1600, 1500, 988, 950, 988, 1598, 1001, 1001, 1001, 1001, 1500, 1500, 1500, 1500]
12:04:35.069008 ALT: -1.09
12:04:35.069154 ATT: [-176.5, 0.0, 73]
12:04:35.069599 ACC: [0, -32, -515]
12:04:35.085676 Navigation got ALT: -1.09
[1500, 1500, 1600, 1500, 988, 950, 988, 1598, 1001, 1001, 1001, 1001, 1500, 1500, 1500, 1500]
[1500, 1500, 1600, 1500, 988, 950, 988, 1598, 1001, 1001, 1001, 1001, 1500, 1500, 1500, 1500]
12:04:35.117054 ALT: -1.09
12:04:35.117220 ATT: [-176.5, 0.0, 73]
12:04:35.117839 ACC: [0, -32, -516]
12:04:35.124982 Navigation got ALT: -1.09
[1500, 1500, 1600, 1500, 988, 950, 988, 1598, 1001, 1001, 1001, 1001, 1500, 1500, 1500, 1500]
[1500, 1500, 1600, 1500, 988, 950, 988, 1598, 1001, 1001, 1001, 1001, 1500, 1500, 1500, 1500]
12:04:35.166034 Navigation got ALT: -1.09
[1500, 1500, 1600, 1500, 988, 950, 988, 1598, 1001, 1001, 1001, 1001, 1500, 1500, 1500, 1500]
12:04:35.166902 ALT: -1.09
12:04:35.166976 ATT: [-176.5, 0.0, 73]
12:04:35.167246 ACC: [0, -32, -516]
[1500, 1500, 1600, 1500, 988, 950, 988, 1598, 1001, 1001, 1001, 1001, 1500, 1500, 1500, 1500]
12:04:35.205427 Navigation got ALT: -1.09
[1500, 1500, 1600, 1500, 988, 950, 988, 1598, 1001, 1001, 1001, 1001, 1500, 1500, 1500, 1500]
12:04:35.212705 ALT: -1.09
12:04:35.212796 ATT: [-176.5, 0.0, 73]
12:04:35.213073 ACC: [0, -32, -516]
[1500, 1500, 1600, 1500, 988, 950, 988, 1598, 1001, 1001, 1001, 1001, 1500, 1500, 1500, 1500]
12:04:35.245184 Navigation got ALT: -1.09
[1500, 1500, 1600, 1500, 988, 950, 988, 1598, 1001, 1001, 1001, 1001, 1500, 1500, 1500, 1500]
12:04:35.260934 ALT: -1.09
12:04:35.261020 ATT: [-176.5, 0.0, 73]
12:04:35.261270 ACC: [0, -32, -515]
[1500, 1500, 1600, 1500, 988, 950, 988, 1598, 1001, 1001, 1001, 1001, 1500, 1500, 1500, 1500]
12:04:35.285156 Navigation got ALT: -1.09
[1500, 1500, 1600, 1500, 988, 950, 988, 1598, 1001, 1001, 1001, 1001, 1500, 1500, 1500, 1500]
[1500, 1500, 1600, 1500, 988, 950, 988, 1598, 1001, 1001, 1001, 1001, 1500, 1500, 1500, 1500]
12:04:35.308666 ALT: -1.09
12:04:35.308726 ATT: [-176.5, 0.0, 73]
12:04:35.308948 ACC: [0, -32, -516]
12:04:35.325340 Navigation got ALT: -1.09
[1500, 1500, 1600, 1500, 988, 950, 988, 1598, 1001, 1001, 1001, 1001, 1500, 1500, 1500, 1500]
[1500, 1500, 1600, 1500, 988, 950, 988, 1598, 1001, 1001, 1001, 1001, 1500, 1500, 1500, 1500]
12:04:35.356787 ALT: -1.09
12:04:35.356873 ATT: [-176.5, 0.0, 73]
12:04:35.357167 ACC: [0, -32, -516]
12:04:35.366209 Navigation got ALT: -1.09
[1500, 1500, 1600, 1500, 988, 950, 988, 1598, 1001, 1001, 1001, 1001, 1500, 1500, 1500, 1500]
[1500, 1500, 1600, 1500, 988, 950, 988, 1598, 1001, 1001, 1001, 1001, 1500, 1500, 1500, 1500]
12:04:35.404684 ALT: -1.09
12:04:35.404772 ATT: [-176.5, 0.0, 74]
12:04:35.405023 ACC: [0, -32, -516]
12:04:35.405648 Navigation got ALT: -1.09
[1500, 1500, 1600, 1500, 988, 950, 988, 1598, 1001, 1001, 1001, 1001, 1500, 1500, 1500, 1500]
[1500, 1500, 1600, 1500, 988, 950, 988, 1598, 1001, 1001, 1001, 1001, 1500, 1500, 1500, 1500]
12:04:35.445120 Navigation got ALT: -1.09
[1500, 1500, 1600, 1500, 988, 950, 988, 1598, 1001, 1001, 1001, 1001, 1500, 1500, 1500, 1500]
12:04:35.452900 ALT: -1.09
12:04:35.453069 ATT: [-176.5, 0.0, 74]
12:04:35.453982 ACC: [0, -32, -516]
[1500, 1500, 1600, 1500, 988, 950, 988, 1598, 1001, 1001, 1001, 1001, 1500, 1500, 1500, 1500]
12:04:35.485838 Navigation got ALT: -1.09
[1500, 1500, 1600, 1500, 988, 950, 988, 1598, 1001, 1001, 1001, 1001, 1500, 1500, 1500, 1500]
12:04:35.501460 ALT: -1.09
12:04:35.501609 ATT: [-176.5, 0.0, 74]
12:04:35.502525 ACC: [0, -32, -516]
[1500, 1500, 1600, 1500, 988, 950, 988, 1598, 1001, 1001, 1001, 1001, 1500, 1500, 1500, 1500]
12:04:35.525165 Navigation got ALT: -1.09
[1500, 1500, 1600, 1500, 988, 950, 988, 1598, 1001, 1001, 1001, 1001, 1500, 1500, 1500, 1500]
[1500, 1500, 1600, 1500, 988, 950, 988, 1598, 1001, 1001, 1001, 1001, 1500, 1500, 1500, 1500]
12:04:35.549819 ALT: -1.09
12:04:35.550072 ATT: [-176.5, 0.0, 74]
12:04:35.550564 ACC: [0, -32, -516]
12:04:35.566687 Navigation got ALT: -1.09
[1500, 1500, 1600, 1500, 988, 950, 988, 1598, 1001, 1001, 1001, 1001, 1500, 1500, 1500, 1500]
[1500, 1500, 1600, 1500, 988, 950, 988, 1598, 1001, 1001, 1001, 1001, 1500, 1500, 1500, 1500]
12:04:35.597666 ALT: -1.09
12:04:35.597772 ATT: [-176.5, 0.0, 74]
12:04:35.598240 ACC: [0, -32, -516]
12:04:35.605286 Navigation got ALT: -1.09
[1500, 1500, 1600, 1500, 988, 950, 988, 1598, 1001, 1001, 1001, 1001, 1500, 1500, 1500, 1500]
[1500, 1500, 1600, 1500, 988, 950, 988, 1598, 1001, 1001, 1001, 1001, 1500, 1500, 1500, 1500]
12:04:35.644817 ALT: -1.09
12:04:35.644903 ATT: [-176.5, 0.0, 74]
12:04:35.645140 ACC: [0, -32, -516]
12:04:35.646071 Navigation got ALT: -1.09
[1500, 1500, 1600, 1500, 988, 950, 988, 1598, 1001, 1001, 1001, 1001, 1500, 1500, 1500, 1500]
[1500, 1500, 1600, 1500, 988, 950, 988, 1598, 1001, 1001, 1001, 1001, 1500, 1500, 1500, 1500]
12:04:35.685979 Navigation got ALT: -1.09
[1500, 1500, 1600, 1500, 988, 950, 988, 1598, 1001, 1001, 1001, 1001, 1500, 1500, 1500, 1500]
12:04:35.692768 ALT: -1.09
12:04:35.692847 ATT: [-176.5, 0.0, 74]
12:04:35.693093 ACC: [0, -32, -516]
[1500, 1500, 1600, 1500, 988, 950, 988, 1598, 1001, 1001, 1001, 1001, 1500, 1500, 1500, 1500]
12:04:35.725359 Navigation got ALT: -1.09
[1500, 1500, 1600, 1500, 988, 950, 988, 1598, 1001, 1001, 1001, 1001, 1500, 1500, 1500, 1500]
12:04:35.740834 ALT: -1.09
12:04:35.740919 ATT: [-176.5, 0.0, 74]
12:04:35.741170 ACC: [0, -32, -516]
[1500, 1500, 1600, 1500, 988, 950, 988, 1598, 1001, 1001, 1001, 1001, 1500, 1500, 1500, 1500]
12:04:35.765425 Navigation got ALT: -1.09
[1500, 1500, 1600, 1500, 988, 950, 988, 1598, 1001, 1001, 1001, 1001, 1500, 1500, 1500, 1500]
[1500, 1500, 1600, 1500, 988, 950, 988, 1598, 1001, 1001, 1001, 1001, 1500, 1500, 1500, 1500]
12:04:35.788859 ALT: -1.09
12:04:35.788943 ATT: [-176.5, 0.0, 74]
12:04:35.789177 ACC: [0, -32, -516]
12:04:35.805532 Navigation got ALT: -1.09
[1500, 1500, 1600, 1500, 988, 950, 988, 1598, 1001, 1001, 1001, 1001, 1500, 1500, 1500, 1500]
[1500, 1500, 1600, 1500, 988, 950, 988, 1598, 1001, 1001, 1001, 1001, 1500, 1500, 1500, 1500]
12:04:35.837288 ALT: -1.09
12:04:35.837656 ATT: [-176.5, 0.0, 74]
12:04:35.838177 ACC: [0, -32, -516]
12:04:35.845459 Navigation got ALT: -1.09
[1500, 1500, 1600, 1500, 988, 950, 988, 1598, 1001, 1001, 1001, 1001, 1500, 1500, 1500, 1500]
[1500, 1500, 1600, 1500, 988, 950, 988, 1598, 1001, 1001, 1001, 1001, 1500, 1500, 1500, 1500]
12:04:35.885457 ALT: -1.09
12:04:35.885686 ATT: [-176.5, 0.0, 73]
12:04:35.886590 Navigation got ALT: -1.09
[1500, 1500, 1600, 1500, 988, 950, 988, 1598, 1001, 1001, 1001, 1001, 1500, 1500, 1500, 1500]
12:04:35.887078 ACC: [0, -32, -516]
[1500, 1500, 1600, 1500, 988, 950, 988, 1598, 1001, 1001, 1001, 1001, 1500, 1500, 1500, 1500]
12:04:35.925401 Navigation got ALT: -1.09
[1500, 1500, 1600, 1500, 988, 950, 988, 1598, 1001, 1001, 1001, 1001, 1500, 1500, 1500, 1500]
12:04:35.933599 ALT: -1.09
12:04:35.933689 ATT: [-176.5, 0.0, 73]
12:04:35.933964 ACC: [0, -32, -515]
[1500, 1500, 1600, 1500, 988, 950, 988, 1598, 1001, 1001, 1001, 1001, 1500, 1500, 1500, 1500]
12:04:35.967689 Navigation got ALT: -1.09
[1500, 1500, 1600, 1500, 988, 950, 988, 1598, 1001, 1001, 1001, 1001, 1500, 1500, 1500, 1500]
12:04:35.981829 ALT: -1.09
12:04:35.981931 ATT: [-176.5, 0.0, 73]
12:04:35.982301 ACC: [0, -32, -516]
[1500, 1500, 1600, 1500, 988, 950, 988, 1598, 1001, 1001, 1001, 1001, 1500, 1500, 1500, 1500]
12:04:36.005452 Navigation got ALT: -1.09
[1500, 1500, 1600, 1500, 988, 950, 988, 1598, 1001, 1001, 1001, 1001, 1500, 1500, 1500, 1500]
[1500, 1500, 1600, 1500, 988, 950, 988, 1598, 1001, 1001, 1001, 1001, 1500, 1500, 1500, 1500]
12:04:36.028860 ALT: -1.09
12:04:36.028937 ATT: [-176.5, 0.0, 73]
12:04:36.029188 ACC: [0, -32, -516]
12:04:36.045847 Navigation got ALT: -1.09
[1500, 1500, 1600, 1500, 988, 950, 988, 1598, 1001, 1001, 1001, 1001, 1500, 1500, 1500, 1500]
[1500, 1500, 1600, 1500, 988, 950, 988, 1598, 1001, 1001, 1001, 1001, 1500, 1500, 1500, 1500]
12:04:36.076825 ALT: -1.09
12:04:36.076914 ATT: [-176.5, 0.0, 73]
12:04:36.077177 ACC: [-1, -32, -516]
12:04:36.086318 Navigation got ALT: -1.09
[1500, 1500, 1600, 1500, 988, 950, 988, 1598, 1001, 1001, 1001, 1001, 1500, 1500, 1500, 1500]
[1500, 1500, 1600, 1500, 988, 950, 988, 1598, 1001, 1001, 1001, 1001, 1500, 1500, 1500, 1500]
12:04:36.124898 ALT: -1.09
12:04:36.124986 ATT: [-176.5, 0.0, 73]
12:04:36.125288 ACC: [0, -32, -516]
12:04:36.126075 Navigation got ALT: -1.09
[1500, 1500, 1600, 1500, 988, 950, 988, 1598, 1001, 1001, 1001, 1001, 1500, 1500, 1500, 1500]
[1500, 1500, 1600, 1500, 988, 950, 988, 1598, 1001, 1001, 1001, 1001, 1500, 1500, 1500, 1500]
12:04:36.166538 Navigation got ALT: -1.09
[1500, 1500, 1600, 1500, 988, 950, 988, 1598, 1001, 1001, 1001, 1001, 1500, 1500, 1500, 1500]
12:04:36.172951 ALT: -1.09
12:04:36.173040 ATT: [-176.5, 0.0, 73]
12:04:36.173295 ACC: [0, -32, -516]
[1500, 1500, 1600, 1500, 988, 950, 988, 1598, 1001, 1001, 1001, 1001, 1500, 1500, 1500, 1500]
12:04:36.205578 Navigation got ALT: -1.09
[1500, 1500, 1600, 1500, 988, 950, 988, 1598, 1001, 1001, 1001, 1001, 1500, 1500, 1500, 1500]
12:04:36.221481 ALT: -1.09
12:04:36.221582 ATT: [-176.5, 0.0, 73]
12:04:36.221971 ACC: [0, -32, -516]
[1500, 1500, 1600, 1500, 988, 950, 988, 1598, 1001, 1001, 1001, 1001, 1500, 1500, 1500, 1500]
12:04:36.245571 Navigation got ALT: -1.09
[1500, 1500, 1600, 1500, 988, 950, 988, 1598, 1001, 1001, 1001, 1001, 1500, 1500, 1500, 1500]
[1500, 1500, 1600, 1500, 988, 950, 988, 1598, 1001, 1001, 1001, 1001, 1500, 1500, 1500, 1500]
12:04:36.269006 ALT: -1.09
12:04:36.269133 ATT: [-176.5, 0.0, 73]
12:04:36.269647 ACC: [0, -31, -517]
12:04:36.286838 Navigation got ALT: -1.09
[1500, 1500, 1600, 1500, 988, 950, 988, 1598, 1001, 1001, 1001, 1001, 1500, 1500, 1500, 1500]
[1500, 1500, 1600, 1500, 988, 950, 988, 1598, 1001, 1001, 1001, 1001, 1500, 1500, 1500, 1500]
12:04:36.317313 ALT: -1.09
12:04:36.317642 ATT: [-176.5, 0.0, 73]
12:04:36.318226 ACC: [0, -32, -517]
12:04:36.325683 Navigation got ALT: -1.09
[1500, 1500, 1600, 1500, 988, 950, 988, 1598, 1001, 1001, 1001, 1001, 1500, 1500, 1500, 1500]
[1500, 1500, 1600, 1500, 988, 950, 988, 1598, 1001, 1001, 1001, 1001, 1500, 1500, 1500, 1500]
12:04:36.365201 ALT: -1.09
12:04:36.365305 ATT: [-176.5, 0.0, 73]
12:04:36.365935 ACC: [0, -32, -516]
12:04:36.368756 Navigation got ALT: -1.09
[1500, 1500, 1600, 1500, 988, 950, 988, 1598, 1001, 1001, 1001, 1001, 1500, 1500, 1500, 1500]
[1500, 1500, 1600, 1500, 988, 950, 988, 1598, 1001, 1001, 1001, 1001, 1500, 1500, 1500, 1500]
12:04:36.405728 Navigation got ALT: -1.09
[1500, 1500, 1600, 1500, 988, 950, 988, 1598, 1001, 1001, 1001, 1001, 1500, 1500, 1500, 1500]
12:04:36.412902 ALT: -1.09
12:04:36.412986 ATT: [-176.5, 0.0, 73]
12:04:36.413250 ACC: [0, -32, -516]
[1500, 1500, 1600, 1500, 988, 950, 988, 1598, 1001, 1001, 1001, 1001, 1500, 1500, 1500, 1500]
12:04:36.445845 Navigation got ALT: -1.09
[1500, 1500, 1600, 1500, 988, 950, 988, 1598, 1001, 1001, 1001, 1001, 1500, 1500, 1500, 1500]
12:04:36.460886 ALT: -1.09
12:04:36.460972 ATT: [-176.5, 0.0, 73]
12:04:36.461222 ACC: [0, -32, -516]
[1500, 1500, 1600, 1500, 988, 950, 988, 1598, 1001, 1001, 1001, 1001, 1500, 1500, 1500, 1500]
12:04:36.486412 Navigation got ALT: -1.09
[1500, 1500, 1600, 1500, 988, 950, 988, 1598, 1001, 1001, 1001, 1001, 1500, 1500, 1500, 1500]
[1500, 1500, 1600, 1500, 988, 950, 988, 1598, 1001, 1001, 1001, 1001, 1500, 1500, 1500, 1500]
12:04:36.508806 ALT: -1.09
12:04:36.508863 ATT: [-176.5, 0.0, 74]
12:04:36.509069 ACC: [0, -32, -516]
12:04:36.525834 Navigation got ALT: -1.09
[1500, 1500, 1600, 1500, 988, 950, 988, 1598, 1001, 1001, 1001, 1001, 1500, 1500, 1500, 1500]
[1500, 1500, 1600, 1500, 988, 950, 988, 1598, 1001, 1001, 1001, 1001, 1500, 1500, 1500, 1500]
12:04:36.556970 ALT: -1.09
12:04:36.557056 ATT: [-176.5, 0.0, 73]
12:04:36.557307 ACC: [0, -32, -516]
12:04:36.568264 Navigation got ALT: -1.09
[1500, 1500, 1600, 1500, 988, 950, 988, 1598, 1001, 1001, 1001, 1001, 1500, 1500, 1500, 1500]
[1500, 1500, 1600, 1500, 988, 950, 988, 1598, 1001, 1001, 1001, 1001, 1500, 1500, 1500, 1500]
12:04:36.605006 ALT: -1.09
12:04:36.605094 ATT: [-176.5, 0.0, 73]
12:04:36.605355 ACC: [0, -32, -516]
12:04:36.606101 Navigation got ALT: -1.09
[1500, 1500, 1600, 1500, 988, 950, 988, 1598, 1001, 1001, 1001, 1001, 1500, 1500, 1500, 1500]
[1500, 1500, 1600, 1500, 988, 950, 988, 1598, 1001, 1001, 1001, 1001, 1500, 1500, 1500, 1500]
12:04:36.645912 Navigation got ALT: -1.09
[1500, 1500, 1600, 1500, 988, 950, 988, 1598, 1001, 1001, 1001, 1001, 1500, 1500, 1500, 1500]
12:04:36.653184 ALT: -1.09
12:04:36.653424 ATT: [-176.5, 0.0, 73]
12:04:36.653884 ACC: [0, -32, -516]
[1500, 1500, 1600, 1500, 988, 950, 988, 1598, 1001, 1001, 1001, 1001, 1500, 1500, 1500, 1500]
12:04:36.687977 Navigation got ALT: -1.09
[1500, 1500, 1600, 1500, 988, 950, 988, 1598, 1001, 1001, 1001, 1001, 1500, 1500, 1500, 1500]
12:04:36.701387 ALT: -1.09
12:04:36.701656 ATT: [-176.5, 0.0, 73]
12:04:36.702491 ACC: [0, -32, -516]
[1500, 1500, 1600, 1500, 988, 950, 988, 1598, 1001, 1001, 1001, 1001, 1500, 1500, 1500, 1500]
12:04:36.725988 Navigation got ALT: -1.09
[1500, 1500, 1600, 1500, 988, 950, 988, 1598, 1001, 1001, 1001, 1001, 1500, 1500, 1500, 1500]
[1500, 1500, 1600, 1500, 988, 950, 988, 1598, 1001, 1001, 1001, 1001, 1500, 1500, 1500, 1500]
12:04:36.749665 ALT: -1.09
12:04:36.749768 ATT: [-176.5, 0.0, 73]
12:04:36.750813 ACC: [-1, -32, -516]
12:04:36.768086 Navigation got ALT: -1.09
[1500, 1500, 1600, 1500, 988, 950, 988, 1598, 1001, 1001, 1001, 1001, 1500, 1500, 1500, 1500]
[1500, 1500, 1600, 1500, 988, 950, 988, 1598, 1001, 1001, 1001, 1001, 1500, 1500, 1500, 1500]
12:04:36.797124 ALT: -1.09
12:04:36.797234 ATT: [-176.5, 0.0, 74]
12:04:36.797584 ACC: [0, -32, -516]
12:04:36.806060 Navigation got ALT: -1.09
[1500, 1500, 1600, 1500, 988, 950, 988, 1598, 1001, 1001, 1001, 1001, 1500, 1500, 1500, 1500]
[1500, 1500, 1600, 1500, 988, 950, 988, 1598, 1001, 1001, 1001, 1001, 1500, 1500, 1500, 1500]
12:04:36.844993 ALT: -1.09
12:04:36.845078 ATT: [-176.5, 0.0, 73]
12:04:36.845410 ACC: [0, -32, -515]
12:04:36.846390 Navigation got ALT: -1.09
[1500, 1500, 1600, 1500, 988, 950, 988, 1598, 1001, 1001, 1001, 1001, 1500, 1500, 1500, 1500]
[1500, 1500, 1600, 1500, 988, 950, 988, 1598, 1001, 1001, 1001, 1001, 1500, 1500, 1500, 1500]
12:04:36.886556 Navigation got ALT: -1.09
[1500, 1500, 1600, 1500, 988, 950, 988, 1598, 1001, 1001, 1001, 1001, 1500, 1500, 1500, 1500]
12:04:36.892928 ALT: -1.09
12:04:36.893002 ATT: [-176.5, 0.0, 73]
12:04:36.893245 ACC: [0, -32, -516]
[1500, 1500, 1600, 1500, 988, 950, 988, 1598, 1001, 1001, 1001, 1001, 1500, 1500, 1500, 1500]
12:04:36.925991 Navigation got ALT: -1.09
[1500, 1500, 1600, 1500, 988, 950, 988, 1598, 1001, 1001, 1001, 1001, 1500, 1500, 1500, 1500]
[1500, 1500, 1600, 1500, 988, 950, 988, 1598, 1001, 1001, 1001, 1001, 1500, 1500, 1500, 1500]
12:04:36.957060 ALT: -1.09
12:04:36.957149 ATT: [-176.5, 0.0, 73]
12:04:36.957447 ACC: [0, -32, -516]
12:04:36.966536 Navigation got ALT: -1.09
[1500, 1500, 1600, 1500, 988, 950, 988, 1598, 1001, 1001, 1001, 1001, 1500, 1500, 1500, 1500]
[1500, 1500, 1600, 1500, 988, 950, 988, 1598, 1001, 1001, 1001, 1001, 1500, 1500, 1500, 1500]
12:04:37.005041 ALT: -1.09
12:04:37.005129 ATT: [-176.5, 0.0, 73]
12:04:37.005376 ACC: [0, -32, -517]
12:04:37.006205 Navigation got ALT: -1.09
[1500, 1500, 1600, 1500, 988, 950, 988, 1598, 1001, 1001, 1001, 1001, 1500, 1500, 1500, 1500]
[1500, 1500, 1600, 1500, 988, 950, 988, 1598, 1001, 1001, 1001, 1001, 1500, 1500, 1500, 1500]
12:04:37.046323 Navigation got ALT: -1.09
[1500, 1500, 1600, 1500, 988, 950, 988, 1598, 1001, 1001, 1001, 1001, 1500, 1500, 1500, 1500]
12:04:37.053209 ALT: -1.09
12:04:37.053460 ATT: [-176.5, 0.0, 73]
12:04:37.054267 ACC: [0, -32, -516]
[1500, 1500, 1600, 1500, 988, 950, 988, 1598, 1001, 1001, 1001, 1001, 1500, 1500, 1500, 1500]
12:04:37.086780 Navigation got ALT: -1.09
[1500, 1500, 1600, 1500, 988, 950, 988, 1598, 1001, 1001, 1001, 1001, 1500, 1500, 1500, 1500]
12:04:37.101975 ALT: -1.09
12:04:37.102306 ATT: [-176.5, 0.0, 73]
12:04:37.103033 ACC: [0, -32, -517]
[1500, 1500, 1600, 1500, 988, 950, 988, 1598, 1001, 1001, 1001, 1001, 1500, 1500, 1500, 1500]
12:04:37.126101 Navigation got ALT: -1.09
[1500, 1500, 1600, 1500, 988, 950, 988, 1598, 1001, 1001, 1001, 1001, 1500, 1500, 1500, 1500]
[1500, 1500, 1600, 1500, 988, 950, 988, 1598, 1001, 1001, 1001, 1001, 1500, 1500, 1500, 1500]
12:04:37.149347 ALT: -1.09
12:04:37.149530 ATT: [-176.5, 0.0, 73]
12:04:37.150046 ACC: [0, -32, -516]
12:04:37.168527 Navigation got ALT: -1.09
[1500, 1500, 1600, 1500, 988, 950, 988, 1598, 1001, 1001, 1001, 1001, 1500, 1500, 1500, 1500]
[1500, 1500, 1600, 1500, 988, 950, 988, 1598, 1001, 1001, 1001, 1001, 1500, 1500, 1500, 1500]
12:04:37.197090 ALT: -1.09
12:04:37.197181 ATT: [-176.5, 0.0, 73]
12:04:37.197452 ACC: [0, -32, -516]
12:04:37.206220 Navigation got ALT: -1.09
[1500, 1500, 1600, 1500, 988, 950, 988, 1598, 1001, 1001, 1001, 1001, 1500, 1500, 1500, 1500]
[1500, 1500, 1600, 1500, 988, 950, 988, 1598, 1001, 1001, 1001, 1001, 1500, 1500, 1500, 1500]
12:04:37.245011 ALT: -1.09
12:04:37.245099 ATT: [-176.5, 0.0, 73]
12:04:37.245361 ACC: [0, -32, -516]
12:04:37.246373 Navigation got ALT: -1.09
[1500, 1500, 1600, 1500, 988, 950, 988, 1598, 1001, 1001, 1001, 1001, 1500, 1500, 1500, 1500]
[1500, 1500, 1600, 1500, 988, 950, 988, 1598, 1001, 1001, 1001, 1001, 1500, 1500, 1500, 1500]
12:04:37.286798 Navigation got ALT: -1.09
[1500, 1500, 1600, 1500, 988, 950, 988, 1598, 1001, 1001, 1001, 1001, 1500, 1500, 1500, 1500]
12:04:37.292982 ALT: -1.09
12:04:37.293049 ATT: [-176.5, 0.0, 73]
12:04:37.293285 ACC: [0, -32, -516]
[1500, 1500, 1600, 1500, 988, 950, 988, 1598, 1001, 1001, 1001, 1001, 1500, 1500, 1500, 1500]
12:04:37.326155 Navigation got ALT: -1.09
[1500, 1500, 1600, 1500, 988, 950, 988, 1598, 1001, 1001, 1001, 1001, 1500, 1500, 1500, 1500]
12:04:37.341069 ALT: -1.09
12:04:37.341155 ATT: [-176.5, 0.0, 73]
12:04:37.341405 ACC: [0, -32, -515]
[1500, 1500, 1600, 1500, 988, 950, 988, 1598, 1001, 1001, 1001, 1001, 1500, 1500, 1500, 1500]
12:04:37.366903 Navigation got ALT: -1.09
[1500, 1500, 1600, 1500, 988, 950, 988, 1598, 1001, 1001, 1001, 1001, 1500, 1500, 1500, 1500]
[1500, 1500, 1600, 1500, 988, 950, 988, 1598, 1001, 1001, 1001, 1001, 1500, 1500, 1500, 1500]
12:04:37.389037 ALT: -1.09
12:04:37.389103 ATT: [-176.5, 0.0, 73]
12:04:37.389331 ACC: [0, -32, -516]
12:04:37.406326 Navigation got ALT: -1.09
[1500, 1500, 1600, 1500, 988, 950, 988, 1598, 1001, 1001, 1001, 1001, 1500, 1500, 1500, 1500]
[1500, 1500, 1600, 1500, 988, 950, 988, 1598, 1001, 1001, 1001, 1001, 1500, 1500, 1500, 1500]
12:04:37.437316 ALT: -1.09
12:04:37.437484 ATT: [-176.5, 0.0, 73]
12:04:37.438356 ACC: [0, -32, -516]
12:04:37.446484 Navigation got ALT: -1.09
[1500, 1500, 1600, 1500, 988, 950, 988, 1598, 1001, 1001, 1001, 1001, 1500, 1500, 1500, 1500]
[1500, 1500, 1600, 1500, 988, 950, 988, 1598, 1001, 1001, 1001, 1001, 1500, 1500, 1500, 1500]
12:04:37.485596 ALT: -1.05
12:04:37.485738 ATT: [-176.5, 0.0, 73]
12:04:37.486076 ACC: [0, -32, -516]
12:04:37.487479 Navigation got ALT: -1.05
[1500, 1500, 1600, 1500, 988, 950, 988, 1598, 1001, 1001, 1001, 1001, 1500, 1500, 1500, 1500]
[1500, 1500, 1600, 1500, 988, 950, 988, 1598, 1001, 1001, 1001, 1001, 1500, 1500, 1500, 1500]
12:04:37.526294 Navigation got ALT: -1.05
[1500, 1500, 1600, 1500, 988, 950, 988, 1598, 1001, 1001, 1001, 1001, 1500, 1500, 1500, 1500]
12:04:37.533493 ALT: -1.01
12:04:37.533654 ATT: [-176.5, 0.0, 73]
12:04:37.534680 ACC: [0, -31, -516]
[1500, 1500, 1600, 1500, 988, 950, 988, 1598, 1001, 1001, 1001, 1001, 1500, 1500, 1500, 1500]
12:04:37.567568 Navigation got ALT: -1.01
[1500, 1500, 1600, 1500, 988, 950, 988, 1598, 1001, 1001, 1001, 1001, 1500, 1500, 1500, 1500]
12:04:37.581536 ALT: -1.0
12:04:37.581632 ATT: [-176.5, 0.0, 73]
12:04:37.582062 ACC: [0, -32, -516]
[1500, 1500, 1600, 1500, 988, 950, 988, 1598, 1001, 1001, 1001, 1001, 1500, 1500, 1500, 1500]
12:04:37.606374 Navigation got ALT: -1.0
[1500, 1500, 1600, 1500, 988, 950, 988, 1598, 1001, 1001, 1001, 1001, 1500, 1500, 1500, 1500]
[1500, 1500, 1600, 1500, 988, 950, 988, 1598, 1001, 1001, 1001, 1001, 1500, 1500, 1500, 1500]
12:04:37.628989 ALT: -1.0
12:04:37.629034 ATT: [-176.5, 0.0, 73]
12:04:37.629309 ACC: [0, -32, -516]
12:04:37.646636 Navigation got ALT: -1.0
                                                                                                                                                                                                                                                                                                                                                                                                                                                                                                                                                                                                                                                                                                                                                                                                                                                                                                                                                                                                                                                                                                                                                                                                                                                                                                                                                                                                                                                                                                                                                                                                                                                                                                