Waiting for MSP_API_VERSION reply...
Waiting for MSP_FC_VARIANT reply...
{'apiVersion': '1.44.0', 'flightControllerIdentifier': 'BTFL', 'flightControllerVersion': '4.3.2', 'version': 0, 'buildInfo': 'Apr  7 2023 03:15:27', 'multiType': 0, 'msp_version': 0, 'capability': 0, 'cycleTime': 315, 'i2cError': 0, 'activeSensors': 39, 'mode': 2, 'profile': 0, 'uid': [4653116, 1345409042, 540357454], 'accelerometerTrims': [0, 0], 'name': '', 'displayName': 'BOARD MODULE', 'numProfiles': 3, 'rateProfile': 0, 'boardType': 2, 'armingDisableCount': 26, 'armingDisableFlags': 4, 'armingDisabled': False, 'runawayTakeoffPreventionDisabled': False, 'boardIdentifier': 'SBF4', 'boardVersion': 0, 'commCapabilities': 3, 'targetName': 'SPEEDYBEEF405V3', 'boardName': 'SPEEDYBEEF405V3', 'manufacturerId': '', 'signature': [0, 0, 0, 0, 0, 0, 0, 0, 0, 0, 0, 0, 0, 0, 0, 0, 0, 0, 0, 0, 0, 0, 0, 0, 0, 0, 0, 0, 0, 0, 0, 0], 'cpuload': 39, 'mcuTypeId': 3, 'mspProtocolVersion': 0, 'flightModeFlags': []}
11:09:42.116730 ALT: 0.62
11:09:42.116913 ATT: [2.6, -0.8, 316]
11:09:42.117320 ACC: [7, 24, 518]
Easycap format used: ImageFormat(type=<BufType.VIDEO_CAPTURE: 1>, description='YUYV 4:2:2', flags=<ImageFormatFlag.0: 0>, pixel_format=<PixelFormat.YUYV: 1448695129>)
Easycap format used: ImageFormat(type=<BufType.VIDEO_CAPTURE: 1>, description='Motion-JPEG', flags=<ImageFormatFlag.COMPRESSED: 1>, pixel_format=<PixelFormat.MJPEG: 1196444237>)
11:09:42.166495 ALT: 0.62
11:09:42.166600 ATT: [2.6, -0.8, 316]
11:09:42.166797 ACC: [7, 24, 518]
11:09:42.210816 ALT: 0.62
11:09:42.210944 ATT: [2.6, -0.8, 316]
11:09:42.211154 ACC: [8, 24, 518]
11:09:42.258843 ALT: 0.62
11:09:42.258969 ATT: [2.6, -0.8, 316]
11:09:42.259201 ACC: [7, 24, 519]
11:09:42.306811 ALT: 0.62
11:09:42.306909 ATT: [2.6, -0.8, 316]
11:09:42.307091 ACC: [7, 24, 519]
11:09:42.354854 ALT: 0.62
11:09:42.354982 ATT: [2.6, -0.8, 316]
11:09:42.355190 ACC: [7, 24, 518]
11:09:42.402927 ALT: 0.62
11:09:42.403048 ATT: [2.6, -0.8, 316]
11:09:42.403240 ACC: [8, 24, 518]
11:09:42.450898 ALT: 0.67
11:09:42.451021 ATT: [2.6, -0.8, 316]
11:09:42.451199 ACC: [7, 24, 518]
Initialize navigation params:
Delay=0.03, Kp=40.0, Ki=0.0, Kd=40.0
Starting Main workflow
crc error: 0x6 0x30 0x80 0x1 0x3e 0xf0 0x81 0xf 0x7c 0x27 0xc8 0x18 0x16 0xde 0x3 0x1f 0x2b 0xc0 0xc7 0x8a 0x37 0xb0 0x82 0x8f 0xc0 0x0 0x6 0x30 0x80 0x1 0x3e 0xf0 0x81 0xf 0x7c 0x9e 0xc8 0x18 0x16 0xde 0x3 0x1f 0x2b 0xbc 0xc7 0x8a 0x37 0xa4 0xe2 0x8f
11:09:42.494096 Starting ALT HOLD mode
Desired ALT is 50
11:09:42.495189 Navigation got ALT: 0.62
[1499, 1500, 1600, 1499, 988, 950, 986, 1600, 1001, 1001, 1001, 1001, 1500, 1500, 1500, 1500]
[1499, 1500, 1600, 1499, 988, 950, 986, 1600, 1001, 1001, 1001, 1001, 1500, 1500, 1500, 1500]
[1499, 1500, 1600, 1499, 988, 950, 986, 1600, 1001, 1001, 1001, 1001, 1500, 1500, 1500, 1500]
[1499, 1500, 1600, 1499, 988, 950, 986, 1600, 1001, 1001, 1001, 1001, 1500, 1500, 1500, 1500]
11:09:42.520863 ALT: 0.68
11:09:42.521057 ATT: [2.6, -0.8, 315]
11:09:42.525383 ACC: [7, 24, 518]
11:09:42.529011 Navigation got ALT: 0.68
[1500, 1499, 1600, 1500, 988, 950, 988, 1600, 1001, 1001, 1001, 1001, 1500, 1500, 1500, 1500]
[1500, 1499, 1600, 1500, 988, 950, 988, 1600, 1001, 1001, 1001, 1001, 1500, 1500, 1500, 1500]
[1500, 1499, 1600, 1500, 988, 950, 988, 1600, 1001, 1001, 1001, 1001, 1500, 1500, 1500, 1500]
[1500, 1499, 1600, 1500, 988, 950, 988, 1600, 1001, 1001, 1001, 1001, 1500, 1500, 1500, 1500]
[1500, 1499, 1600, 1500, 988, 950, 988, 1600, 1001, 1001, 1001, 1001, 1500, 1500, 1500, 1500]
[1500, 1499, 1600, 1500, 988, 950, 988, 1600, 1001, 1001, 1001, 1001, 1500, 1500, 1500, 1500]
11:09:42.560211 Navigation got ALT: 0.68
[1499, 1500, 1600, 1500, 988, 951, 986, 1598, 1001, 1001, 1001, 1001, 1500, 1500, 1500, 1500]
[1499, 1500, 1600, 1500, 988, 951, 986, 1598, 1001, 1001, 1001, 1001, 1500, 1500, 1500, 1500]
[1499, 1500, 1600, 1500, 988, 951, 986, 1598, 1001, 1001, 1001, 1001, 1500, 1500, 1500, 1500]
11:09:42.578885 ALT: 0.68
11:09:42.579050 ATT: [2.6, -0.8, 315]
11:09:42.579416 ACC: [8, 24, 518]
[1499, 1500, 1600, 1500, 988, 951, 986, 1598, 1001, 1001, 1001, 1001, 1500, 1500, 1500, 1500]
[1499, 1500, 1600, 1500, 988, 951, 986, 1598, 1001, 1001, 1001, 1001, 1500, 1500, 1500, 1500]
11:09:42.593106 Navigation got ALT: 0.68
[1500, 1499, 1600, 1500, 988, 950, 988, 1600, 1001, 1001, 1001, 1001, 1500, 1500, 1500, 1500]
[1500, 1499, 1600, 1500, 988, 950, 988, 1600, 1001, 1001, 1001, 1001, 1500, 1500, 1500, 1500]
[1500, 1499, 1600, 1500, 988, 950, 988, 1600, 1001, 1001, 1001, 1001, 1500, 1500, 1500, 1500]
[1500, 1499, 1600, 1500, 988, 950, 988, 1600, 1001, 1001, 1001, 1001, 1500, 1500, 1500, 1500]
11:09:42.624778 Navigation got ALT: 0.68
[1499, 1500, 1600, 1500, 988, 950, 988, 1600, 1001, 1001, 1001, 1001, 1500, 1500, 1500, 1500]
[1499, 1500, 1600, 1500, 988, 950, 988, 1600, 1001, 1001, 1001, 1001, 1500, 1500, 1500, 1500]
11:09:42.626853 ALT: 0.68
11:09:42.626943 ATT: [2.6, -0.8, 315]
11:09:42.627193 ACC: [7, 24, 518]
[1499, 1500, 1600, 1500, 988, 950, 988, 1600, 1001, 1001, 1001, 1001, 1500, 1500, 1500, 1500]
[1499, 1500, 1600, 1500, 988, 950, 988, 1600, 1001, 1001, 1001, 1001, 1500, 1500, 1500, 1500]
[1499, 1500, 1600, 1500, 988, 950, 988, 1600, 1001, 1001, 1001, 1001, 1500, 1500, 1500, 1500]
[1499, 1500, 1600, 1500, 988, 950, 988, 1600, 1001, 1001, 1001, 1001, 1500, 1500, 1500, 1500]
11:09:42.660243 Navigation got ALT: 0.68
[1500, 1500, 1600, 1500, 988, 950, 988, 1600, 1001, 1001, 1001, 1001, 1500, 1500, 1500, 1500]
[1500, 1500, 1600, 1500, 988, 950, 988, 1600, 1001, 1001, 1001, 1001, 1500, 1500, 1500, 1500]
11:09:42.674880 ALT: 0.68
11:09:42.674995 ATT: [2.6, -0.8, 315]
11:09:42.675319 ACC: [7, 24, 519]
[1500, 1500, 1600, 1500, 988, 950, 988, 1600, 1001, 1001, 1001, 1001, 1500, 1500, 1500, 1500]
[1500, 1500, 1600, 1500, 988, 950, 988, 1600, 1001, 1001, 1001, 1001, 1500, 1500, 1500, 1500]
[1500, 1500, 1600, 1500, 988, 950, 988, 1600, 1001, 1001, 1001, 1001, 1500, 1500, 1500, 1500]
11:09:42.693109 Navigation got ALT: 0.68
[1500, 1500, 1600, 1499, 988, 950, 989, 1598, 1001, 1001, 1001, 1001, 1500, 1500, 1500, 1500]
[1500, 1500, 1600, 1499, 988, 950, 989, 1598, 1001, 1001, 1001, 1001, 1500, 1500, 1500, 1500]
[1500, 1500, 1600, 1499, 988, 950, 989, 1598, 1001, 1001, 1001, 1001, 1500, 1500, 1500, 1500]
[1500, 1500, 1600, 1499, 988, 950, 989, 1598, 1001, 1001, 1001, 1001, 1500, 1500, 1500, 1500]
[1500, 1500, 1600, 1499, 988, 950, 989, 1598, 1001, 1001, 1001, 1001, 1500, 1500, 1500, 1500]
11:09:42.724491 ALT: 0.68
11:09:42.724593 ATT: [2.6, -0.8, 315]
11:09:42.724904 ACC: [7, 23, 518]
11:09:42.727705 Navigation got ALT: 0.68
[1499, 1500, 1600, 1500, 988, 950, 988, 1600, 1001, 1001, 1001, 1001, 1500, 1500, 1500, 1500]
[1499, 1500, 1600, 1500, 988, 950, 988, 1600, 1001, 1001, 1001, 1001, 1500, 1500, 1500, 1500]
[1499, 1500, 1600, 1500, 988, 950, 988, 1600, 1001, 1001, 1001, 1001, 1500, 1500, 1500, 1500]
[1499, 1500, 1600, 1500, 988, 950, 988, 1600, 1001, 1001, 1001, 1001, 1500, 1500, 1500, 1500]
[1499, 1500, 1600, 1500, 988, 950, 988, 1600, 1001, 1001, 1001, 1001, 1500, 1500, 1500, 1500]
11:09:42.759896 Navigation got ALT: 0.68
[1499, 1500, 1600, 1500, 988, 950, 988, 1601, 1001, 1001, 1001, 1001, 1500, 1500, 1500, 1500]
[1499, 1500, 1600, 1500, 988, 950, 988, 1601, 1001, 1001, 1001, 1001, 1500, 1500, 1500, 1500]
11:09:42.772803 ALT: 0.68
11:09:42.772958 ATT: [2.6, -0.8, 315]
11:09:42.773278 ACC: [8, 24, 518]
[1499, 1500, 1600, 1500, 988, 950, 988, 1601, 1001, 1001, 1001, 1001, 1500, 1500, 1500, 1500]
[1499, 1500, 1600, 1500, 988, 950, 988, 1601, 1001, 1001, 1001, 1001, 1500, 1500, 1500, 1500]
11:09:42.791340 Navigation got ALT: 0.68
[1500, 1499, 1600, 1500, 988, 950, 988, 1600, 1001, 1001, 1001, 1001, 1500, 1500, 1500, 1500]
[1500, 1499, 1600, 1500, 988, 950, 988, 1600, 1001, 1001, 1001, 1001, 1500, 1500, 1500, 1500]
[1500, 1499, 1600, 1500, 988, 950, 988, 1600, 1001, 1001, 1001, 1001, 1500, 1500, 1500, 1500]
[1500, 1499, 1600, 1500, 988, 950, 988, 1600, 1001, 1001, 1001, 1001, 1500, 1500, 1500, 1500]
[1500, 1499, 1600, 1500, 988, 950, 988, 1600, 1001, 1001, 1001, 1001, 1500, 1500, 1500, 1500]
[1500, 1499, 1600, 1500, 988, 950, 988, 1600, 1001, 1001, 1001, 1001, 1500, 1500, 1500, 1500]
11:09:42.820182 ALT: 0.68
11:09:42.820252 ATT: [2.6, -0.8, 315]
11:09:42.821560 ACC: [7, 24, 517]
11:09:42.826568 Navigation got ALT: 0.68
[1500, 1500, 1600, 1500, 988, 950, 988, 1600, 1001, 1001, 1001, 1001, 1500, 1500, 1500, 1500]
[1500, 1500, 1600, 1500, 988, 950, 988, 1600, 1001, 1001, 1001, 1001, 1500, 1500, 1500, 1500]
[1500, 1500, 1600, 1500, 988, 950, 988, 1600, 1001, 1001, 1001, 1001, 1500, 1500, 1500, 1500]
[1500, 1500, 1600, 1500, 988, 950, 988, 1600, 1001, 1001, 1001, 1001, 1500, 1500, 1500, 1500]
[1500, 1500, 1600, 1500, 988, 950, 988, 1600, 1001, 1001, 1001, 1001, 1500, 1500, 1500, 1500]
11:09:42.859693 Navigation got ALT: 0.68
[1499, 1500, 1600, 1500, 988, 951, 986, 1600, 1001, 1001, 1001, 1001, 1500, 1500, 1500, 1500]
[1499, 1500, 1600, 1500, 988, 951, 986, 1600, 1001, 1001, 1001, 1001, 1500, 1500, 1500, 1500]
11:09:42.866880 ALT: 0.68
11:09:42.866966 ATT: [2.6, -0.8, 315]
11:09:42.867224 ACC: [6, 24, 518]
[1499, 1500, 1600, 1500, 988, 951, 986, 1600, 1001, 1001, 1001, 1001, 1500, 1500, 1500, 1500]
[1499, 1500, 1600, 1500, 988, 951, 986, 1600, 1001, 1001, 1001, 1001, 1500, 1500, 1500, 1500]
[1499, 1500, 1600, 1500, 988, 951, 986, 1600, 1001, 1001, 1001, 1001, 1500, 1500, 1500, 1500]
11:09:42.893765 Navigation got ALT: 0.68
[1500, 1499, 1600, 1499, 988, 950, 988, 1600, 1001, 1001, 1001, 1001, 1500, 1500, 1500, 1500]
[1500, 1499, 1600, 1499, 988, 950, 988, 1600, 1001, 1001, 1001, 1001, 1500, 1500, 1500, 1500]
[1500, 1499, 1600, 1499, 988, 950, 988, 1600, 1001, 1001, 1001, 1001, 1500, 1500, 1500, 1500]
[1500, 1499, 1600, 1499, 988, 950, 988, 1600, 1001, 1001, 1001, 1001, 1500, 1500, 1500, 1500]
11:09:42.917397 ALT: 0.68
11:09:42.917540 ATT: [2.6, -0.8, 315]
11:09:42.918239 ACC: [7, 24, 518]
[1500, 1499, 1600, 1499, 988, 950, 988, 1600, 1001, 1001, 1001, 1001, 1500, 1500, 1500, 1500]
11:09:42.927069 Navigation got ALT: 0.68
[1500, 1499, 1600, 1500, 988, 950, 988, 1600, 1001, 1001, 1001, 1001, 1500, 1500, 1500, 1500]
[1500, 1499, 1600, 1500, 988, 950, 988, 1600, 1001, 1001, 1001, 1001, 1500, 1500, 1500, 1500]
[1500, 1499, 1600, 1500, 988, 950, 988, 1600, 1001, 1001, 1001, 1001, 1500, 1500, 1500, 1500]
[1500, 1499, 1600, 1500, 988, 950, 988, 1600, 1001, 1001, 1001, 1001, 1500, 1500, 1500, 1500]
[1500, 1499, 1600, 1500, 988, 950, 988, 1600, 1001, 1001, 1001, 1001, 1500, 1500, 1500, 1500]
11:09:42.959826 Navigation got ALT: 0.68
[1500, 1500, 1600, 1500, 988, 950, 988, 1600, 1001, 1001, 1001, 1001, 1500, 1500, 1500, 1500]
11:09:42.963008 ALT: 0.68
11:09:42.963147 ATT: [2.6, -0.8, 315]
11:09:42.963547 ACC: [8, 24, 518]
[1500, 1500, 1600, 1500, 988, 950, 988, 1600, 1001, 1001, 1001, 1001, 1500, 1500, 1500, 1500]
[1500, 1500, 1600, 1500, 988, 950, 988, 1600, 1001, 1001, 1001, 1001, 1500, 1500, 1500, 1500]
[1500, 1500, 1600, 1500, 988, 950, 988, 1600, 1001, 1001, 1001, 1001, 1500, 1500, 1500, 1500]
[1500, 1500, 1600, 1500, 988, 950, 988, 1600, 1001, 1001, 1001, 1001, 1500, 1500, 1500, 1500]
11:09:42.993253 Navigation got ALT: 0.68
[1500, 1500, 1600, 1500, 988, 950, 988, 1598, 1001, 1001, 1001, 1001, 1500, 1500, 1500, 1500]
[1500, 1500, 1600, 1500, 988, 950, 988, 1598, 1001, 1001, 1001, 1001, 1500, 1500, 1500, 1500]
[1500, 1500, 1600, 1500, 988, 950, 988, 1598, 1001, 1001, 1001, 1001, 1500, 1500, 1500, 1500]
11:09:43.011018 ALT: 0.68
11:09:43.011174 ATT: [2.6, -0.8, 315]
11:09:43.011594 ACC: [8, 24, 518]
[1500, 1500, 1600, 1500, 988, 950, 988, 1598, 1001, 1001, 1001, 1001, 1500, 1500, 1500, 1500]
[1500, 1500, 1600, 1500, 988, 950, 988, 1598, 1001, 1001, 1001, 1001, 1500, 1500, 1500, 1500]
11:09:43.026893 Navigation got ALT: 0.68
[1500, 1500, 1600, 1500, 986, 950, 988, 1600, 1001, 1001, 1001, 1001, 1500, 1500, 1500, 1500]
[1500, 1500, 1600, 1500, 986, 950, 988, 1600, 1001, 1001, 1001, 1001, 1500, 1500, 1500, 1500]
[1500, 1500, 1600, 1500, 986, 950, 988, 1600, 1001, 1001, 1001, 1001, 1500, 1500, 1500, 1500]
[1500, 1500, 1600, 1500, 986, 950, 988, 1600, 1001, 1001, 1001, 1001, 1500, 1500, 1500, 1500]
[1500, 1500, 1600, 1500, 986, 950, 988, 1600, 1001, 1001, 1001, 1001, 1500, 1500, 1500, 1500]
11:09:43.058975 ALT: 0.68
11:09:43.059180 ATT: [2.6, -0.8, 315]
11:09:43.059734 ACC: [6, 23, 519]
11:09:43.061020 Navigation got ALT: 0.68
[1499, 1500, 1600, 1500, 988, 950, 988, 1598, 1001, 1001, 1001, 1001, 1500, 1500, 1500, 1500]
[1499, 1500, 1600, 1500, 988, 950, 988, 1598, 1001, 1001, 1001, 1001, 1500, 1500, 1500, 1500]
[1499, 1500, 1600, 1500, 988, 950, 988, 1598, 1001, 1001, 1001, 1001, 1500, 1500, 1500, 1500]
[1499, 1500, 1600, 1500, 988, 950, 988, 1598, 1001, 1001, 1001, 1001, 1500, 1500, 1500, 1500]
[1499, 1500, 1600, 1500, 988, 950, 988, 1598, 1001, 1001, 1001, 1001, 1500, 1500, 1500, 1500]
11:09:43.093173 Navigation got ALT: 0.68
[1500, 1499, 1600, 1500, 988, 951, 986, 1600, 1001, 1001, 1001, 1001, 1500, 1500, 1500, 1500]
[1500, 1499, 1600, 1500, 988, 951, 986, 1600, 1001, 1001, 1001, 1001, 1500, 1500, 1500, 1500]
[1500, 1499, 1600, 1500, 988, 951, 986, 1600, 1001, 1001, 1001, 1001, 1500, 1500, 1500, 1500]
11:09:43.106878 ALT: 0.68
11:09:43.106978 ATT: [2.6, -0.8, 315]
11:09:43.107326 ACC: [7, 24, 518]
[1500, 1499, 1600, 1500, 988, 951, 986, 1600, 1001, 1001, 1001, 1001, 1500, 1500, 1500, 1500]
[1500, 1499, 1600, 1500, 988, 951, 986, 1600, 1001, 1001, 1001, 1001, 1500, 1500, 1500, 1500]
11:09:43.126599 Navigation got ALT: 0.68
[1500, 1500, 1600, 1499, 988, 950, 988, 1598, 1001, 1001, 1001, 1001, 1500, 1500, 1500, 1500]
[1500, 1500, 1600, 1499, 988, 950, 988, 1598, 1001, 1001, 1001, 1001, 1500, 1500, 1500, 1500]
[1500, 1500, 1600, 1499, 988, 950, 988, 1598, 1001, 1001, 1001, 1001, 1500, 1500, 1500, 1500]
[1500, 1500, 1600, 1499, 988, 950, 988, 1598, 1001, 1001, 1001, 1001, 1500, 1500, 1500, 1500]
[1500, 1500, 1600, 1499, 988, 950, 988, 1598, 1001, 1001, 1001, 1001, 1500, 1500, 1500, 1500]
11:09:43.155541 ALT: 0.68
11:09:43.155652 ATT: [2.6, -0.8, 315]
11:09:43.156030 ACC: [8, 24, 518]
11:09:43.160106 Navigation got ALT: 0.68
[1499, 1500, 1600, 1500, 988, 950, 988, 1598, 1001, 1001, 1001, 1001, 1500, 1500, 1500, 1500]
[1499, 1500, 1600, 1500, 988, 950, 988, 1598, 1001, 1001, 1001, 1001, 1500, 1500, 1500, 1500]
[1499, 1500, 1600, 1500, 988, 950, 988, 1598, 1001, 1001, 1001, 1001, 1500, 1500, 1500, 1500]
[1499, 1500, 1600, 1500, 988, 950, 988, 1598, 1001, 1001, 1001, 1001, 1500, 1500, 1500, 1500]
[1499, 1500, 1600, 1500, 988, 950, 988, 1598, 1001, 1001, 1001, 1001, 1500, 1500, 1500, 1500]
11:09:43.193469 Navigation got ALT: 0.68
[1499, 1500, 1600, 1499, 988, 950, 988, 1600, 1001, 1001, 1001, 1001, 1500, 1500, 1500, 1500]
[1499, 1500, 1600, 1499, 988, 950, 988, 1600, 1001, 1001, 1001, 1001, 1500, 1500, 1500, 1500]
11:09:43.203109 ALT: 0.68
11:09:43.203250 ATT: [2.6, -0.8, 315]
11:09:43.203977 ACC: [7, 23, 519]
[1499, 1500, 1600, 1499, 988, 950, 988, 1600, 1001, 1001, 1001, 1001, 1500, 1500, 1500, 1500]
[1499, 1500, 1600, 1499, 988, 950, 988, 1600, 1001, 1001, 1001, 1001, 1500, 1500, 1500, 1500]
[1499, 1500, 1600, 1499, 988, 950, 988, 1600, 1001, 1001, 1001, 1001, 1500, 1500, 1500, 1500]
11:09:43.226594 Navigation got ALT: 0.68
[1499, 1500, 1600, 1500, 988, 950, 988, 1600, 1001, 1001, 1001, 1001, 1500, 1500, 1500, 1500]
[1499, 1500, 1600, 1500, 988, 950, 988, 1600, 1001, 1001, 1001, 1001, 1500, 1500, 1500, 1500]
[1499, 1500, 1600, 1500, 988, 950, 988, 1600, 1001, 1001, 1001, 1001, 1500, 1500, 1500, 1500]
[1499, 1500, 1600, 1500, 988, 950, 988, 1600, 1001, 1001, 1001, 1001, 1500, 1500, 1500, 1500]
11:09:43.251550 ALT: 0.68
11:09:43.251829 ATT: [2.6, -0.8, 315]
11:09:43.252816 ACC: [7, 24, 518]
[1499, 1500, 1600, 1500, 988, 950, 988, 1600, 1001, 1001, 1001, 1001, 1500, 1500, 1500, 1500]
11:09:43.260177 Navigation got ALT: 0.68
[1499, 1500, 1600, 1500, 988, 950, 988, 1600, 1001, 1001, 1001, 1001, 1500, 1500, 1500, 1500]
[1499, 1500, 1600, 1500, 988, 950, 988, 1600, 1001, 1001, 1001, 1001, 1500, 1500, 1500, 1500]
[1499, 1500, 1600, 1500, 988, 950, 988, 1600, 1001, 1001, 1001, 1001, 1500, 1500, 1500, 1500]
[1499, 1500, 1600, 1500, 988, 950, 988, 1600, 1001, 1001, 1001, 1001, 1500, 1500, 1500, 1500]
[1499, 1500, 1600, 1500, 988, 950, 988, 1600, 1001, 1001, 1001, 1001, 1500, 1500, 1500, 1500]
11:09:43.293910 Navigation got ALT: 0.68
[1500, 1500, 1600, 1500, 988, 950, 988, 1600, 1001, 1001, 1001, 1001, 1500, 1500, 1500, 1500]
[1500, 1500, 1600, 1500, 988, 950, 988, 1600, 1001, 1001, 1001, 1001, 1500, 1500, 1500, 1500]
11:09:43.301860 ALT: 0.68
11:09:43.301982 ATT: [2.6, -0.8, 315]
11:09:43.302381 ACC: [8, 24, 518]
[1500, 1500, 1600, 1500, 988, 950, 988, 1600, 1001, 1001, 1001, 1001, 1500, 1500, 1500, 1500]
[1500, 1500, 1600, 1500, 988, 950, 988, 1600, 1001, 1001, 1001, 1001, 1500, 1500, 1500, 1500]
[1500, 1500, 1600, 1500, 988, 950, 988, 1600, 1001, 1001, 1001, 1001, 1500, 1500, 1500, 1500]
11:09:43.326590 Navigation got ALT: 0.68
[1500, 1500, 1600, 1500, 988, 950, 988, 1598, 1001, 1001, 1001, 1001, 1500, 1500, 1500, 1500]
[1500, 1500, 1600, 1500, 988, 950, 988, 1598, 1001, 1001, 1001, 1001, 1500, 1500, 1500, 1500]
[1500, 1500, 1600, 1500, 988, 950, 988, 1598, 1001, 1001, 1001, 1001, 1500, 1500, 1500, 1500]
[1500, 1500, 1600, 1500, 988, 950, 988, 1598, 1001, 1001, 1001, 1001, 1500, 1500, 1500, 1500]
11:09:43.347063 ALT: 0.68
11:09:43.347154 ATT: [2.6, -0.8, 315]
11:09:43.347474 ACC: [8, 24, 518]
[1500, 1500, 1600, 1500, 988, 950, 988, 1598, 1001, 1001, 1001, 1001, 1500, 1500, 1500, 1500]
11:09:43.359892 Navigation got ALT: 0.68
[1500, 1499, 1600, 1499, 988, 950, 988, 1600, 1001, 1001, 1001, 1001, 1500, 1500, 1500, 1500]
[1500, 1499, 1600, 1499, 988, 950, 988, 1600, 1001, 1001, 1001, 1001, 1500, 1500, 1500, 1500]
[1500, 1499, 1600, 1499, 988, 950, 988, 1600, 1001, 1001, 1001, 1001, 1500, 1500, 1500, 1500]
[1500, 1499, 1600, 1499, 988, 950, 988, 1600, 1001, 1001, 1001, 1001, 1500, 1500, 1500, 1500]
11:09:43.390237 Navigation got ALT: 0.68
[1500, 1500, 1600, 1500, 988, 950, 989, 1597, 1001, 1001, 1001, 1001, 1500, 1500, 1500, 1500]
[1500, 1500, 1600, 1500, 988, 950, 989, 1597, 1001, 1001, 1001, 1001, 1500, 1500, 1500, 1500]
11:09:43.397379 ALT: 0.68
11:09:43.397634 ATT: [2.6, -0.8, 315]
11:09:43.398074 ACC: [7, 24, 518]
[1500, 1500, 1600, 1500, 988, 950, 989, 1597, 1001, 1001, 1001, 1001, 1500, 1500, 1500, 1500]
[1500, 1500, 1600, 1500, 988, 950, 989, 1597, 1001, 1001, 1001, 1001, 1500, 1500, 1500, 1500]
[1500, 1500, 1600, 1500, 988, 950, 989, 1597, 1001, 1001, 1001, 1001, 1500, 1500, 1500, 1500]
11:09:43.420723 Navigation got ALT: 0.68
[1500, 1500, 1600, 1500, 988, 950, 988, 1600, 1001, 1001, 1001, 1001, 1500, 1500, 1500, 1500]
[1500, 1500, 1600, 1500, 988, 950, 988, 1600, 1001, 1001, 1001, 1001, 1500, 1500, 1500, 1500]
[1500, 1500, 1600, 1500, 988, 950, 988, 1600, 1001, 1001, 1001, 1001, 1500, 1500, 1500, 1500]
[1500, 1500, 1600, 1500, 988, 950, 988, 1600, 1001, 1001, 1001, 1001, 1500, 1500, 1500, 1500]
11:09:43.442937 ALT: 0.65
11:09:43.443032 ATT: [2.6, -0.8, 315]
11:09:43.443505 ACC: [7, 24, 518]
[1500, 1500, 1600, 1500, 988, 950, 988, 1600, 1001, 1001, 1001, 1001, 1500, 1500, 1500, 1500]
11:09:43.453590 Navigation got ALT: 0.65
[1499, 1500, 1600, 1500, 988, 951, 986, 1598, 1001, 1001, 1001, 1001, 1500, 1500, 1500, 1500]
[1499, 1500, 1600, 1500, 988, 951, 986, 1598, 1001, 1001, 1001, 1001, 1500, 1500, 1500, 1500]
[1499, 1500, 1600, 1500, 988, 951, 986, 1598, 1001, 1001, 1001, 1001, 1500, 1500, 1500, 1500]
[1499, 1500, 1600, 1500, 988, 951, 986, 1598, 1001, 1001, 1001, 1001, 1500, 1500, 1500, 1500]
[1499, 1500, 1600, 1500, 988, 951, 986, 1598, 1001, 1001, 1001, 1001, 1500, 1500, 1500, 1500]
11:09:43.486682 Navigation got ALT: 0.65
[1499, 1500, 1600, 1500, 988, 950, 988, 1598, 1001, 1001, 1001, 1001, 1500, 1500, 1500, 1500]
11:09:43.491018 ALT: 0.62
11:09:43.491146 ATT: [2.6, -0.8, 315]
11:09:43.491585 ACC: [7, 23, 518]
[1499, 1500, 1600, 1500, 988, 950, 988, 1598, 1001, 1001, 1001, 1001, 1500, 1500, 1500, 1500]
[1499, 1500, 1600, 1500, 988, 950, 988, 1598, 1001, 1001, 1001, 1001, 1500, 1500, 1500, 1500]
[1499, 1500, 1600, 1500, 988, 950, 988, 1598, 1001, 1001, 1001, 1001, 1500, 1500, 1500, 1500]
[1499, 1500, 1600, 1500, 988, 950, 988, 1598, 1001, 1001, 1001, 1001, 1500, 1500, 1500, 1500]
11:09:43.520086 Navigation got ALT: 0.62
[1500, 1500, 1600, 1499, 988, 950, 988, 1600, 1001, 1001, 1001, 1001, 1500, 1500, 1500, 1500]
[1500, 1500, 1600, 1499, 988, 950, 988, 1600, 1001, 1001, 1001, 1001, 1500, 1500, 1500, 1500]
[1500, 1500, 1600, 1499, 988, 950, 988, 1600, 1001, 1001, 1001, 1001, 1500, 1500, 1500, 1500]
11:09:43.538943 ALT: 0.62
11:09:43.539043 ATT: [2.6, -0.8, 315]
11:09:43.539331 ACC: [7, 24, 518]
[1500, 1500, 1600, 1499, 988, 950, 988, 1600, 1001, 1001, 1001, 1001, 1500, 1500, 1500, 1500]
[1500, 1500, 1600, 1499, 988, 950, 988, 1600, 1001, 1001, 1001, 1001, 1500, 1500, 1500, 1500]
11:09:43.553638 Navigation got ALT: 0.62
[1500, 1499, 1600, 1500, 988, 950, 988, 1600, 1001, 1001, 1001, 1001, 1500, 1500, 1500, 1500]
[1500, 1499, 1600, 1500, 988, 950, 988, 1600, 1001, 1001, 1001, 1001, 1500, 1500, 1500, 1500]
[1500, 1499, 1600, 1500, 988, 950, 988, 1600, 1001, 1001, 1001, 1001, 1500, 1500, 1500, 1500]
[1500, 1499, 1600, 1500, 988, 950, 988, 1600, 1001, 1001, 1001, 1001, 1500, 1500, 1500, 1500]
[1500, 1499, 1600, 1500, 988, 950, 988, 1600, 1001, 1001, 1001, 1001, 1500, 1500, 1500, 1500]
11:09:43.586608 Navigation got ALT: 0.62
[1500, 1500, 1600, 1500, 988, 950, 988, 1600, 1001, 1001, 1001, 1001, 1500, 1500, 1500, 1500]
11:09:43.587112 ALT: 0.62
11:09:43.587234 ATT: [2.6, -0.8, 315]
11:09:43.587594 ACC: [7, 24, 519]
[1500, 1500, 1600, 1500, 988, 950, 988, 1600, 1001, 1001, 1001, 1001, 1500, 1500, 1500, 1500]
[1500, 1500, 1600, 1500, 988, 950, 988, 1600, 1001, 1001, 1001, 1001, 1500, 1500, 1500, 1500]
[1500, 1500, 1600, 1500, 988, 950, 988, 1600, 1001, 1001, 1001, 1001, 1500, 1500, 1500, 1500]
[1500, 1500, 1600, 1500, 988, 950, 988, 1600, 1001, 1001, 1001, 1001, 1500, 1500, 1500, 1500]
11:09:43.622673 Navigation got ALT: 0.62
[1500, 1500, 1600, 1500, 988, 950, 988, 1600, 1001, 1001, 1001, 1001, 1500, 1500, 1500, 1500]
[1500, 1500, 1600, 1500, 988, 950, 988, 1600, 1001, 1001, 1001, 1001, 1500, 1500, 1500, 1500]
[1500, 1500, 1600, 1500, 988, 950, 988, 1600, 1001, 1001, 1001, 1001, 1500, 1500, 1500, 1500]
11:09:43.635693 ALT: 0.62
11:09:43.635803 ATT: [2.6, -0.8, 315]
11:09:43.636219 ACC: [7, 23, 519]
[1500, 1500, 1600, 1500, 988, 950, 988, 1600, 1001, 1001, 1001, 1001, 1500, 1500, 1500, 1500]
[1500, 1500, 1600, 1500, 988, 950, 988, 1600, 1001, 1001, 1001, 1001, 1500, 1500, 1500, 1500]
11:09:43.653511 Navigation got ALT: 0.62
[1500, 1500, 1600, 1500, 988, 950, 988, 1598, 1001, 1001, 1001, 1001, 1500, 1500, 1500, 1500]
[1500, 1500, 1600, 1500, 988, 950, 988, 1598, 1001, 1001, 1001, 1001, 1500, 1500, 1500, 1500]
[1500, 1500, 1600, 1500, 988, 950, 988, 1598, 1001, 1001, 1001, 1001, 1500, 1500, 1500, 1500]
[1500, 1500, 1600, 1500, 988, 950, 988, 1598, 1001, 1001, 1001, 1001, 1500, 1500, 1500, 1500]
[1500, 1500, 1600, 1500, 988, 950, 988, 1598, 1001, 1001, 1001, 1001, 1500, 1500, 1500, 1500]
11:09:43.683799 ALT: 0.62
11:09:43.683945 ATT: [2.6, -0.8, 315]
11:09:43.684870 ACC: [8, 23, 518]
11:09:43.686816 Navigation got ALT: 0.62
[1500, 1500, 1600, 1499, 988, 950, 988, 1598, 1001, 1001, 1001, 1001, 1500, 1500, 1500, 1500]
[1500, 1500, 1600, 1499, 988, 950, 988, 1598, 1001, 1001, 1001, 1001, 1500, 1500, 1500, 1500]
[1500, 1500, 1600, 1499, 988, 950, 988, 1598, 1001, 1001, 1001, 1001, 1500, 1500, 1500, 1500]
[1500, 1500, 1600, 1499, 988, 950, 988, 1598, 1001, 1001, 1001, 1001, 1500, 1500, 1500, 1500]
[1500, 1500, 1600, 1499, 988, 950, 988, 1598, 1001, 1001, 1001, 1001, 1500, 1500, 1500, 1500]
11:09:43.720233 Navigation got ALT: 0.62
[1499, 1500, 1600, 1500, 988, 950, 988, 1600, 1001, 1001, 1001, 1001, 1500, 1500, 1500, 1500]
[1499, 1500, 1600, 1500, 988, 950, 988, 1600, 1001, 1001, 1001, 1001, 1500, 1500, 1500, 1500]
11:09:43.731090 ALT: 0.62
11:09:43.731302 ATT: [2.6, -0.8, 315]
11:09:43.731806 ACC: [8, 24, 518]
[1499, 1500, 1600, 1500, 988, 950, 988, 1600, 1001, 1001, 1001, 1001, 1500, 1500, 1500, 1500]
[1499, 1500, 1600, 1500, 988, 950, 988, 1600, 1001, 1001, 1001, 1001, 1500, 1500, 1500, 1500]
[1499, 1500, 1600, 1500, 988, 950, 988, 1600, 1001, 1001, 1001, 1001, 1500, 1500, 1500, 1500]
11:09:43.753324 Navigation got ALT: 0.62
[1499, 1500, 1600, 1500, 988, 950, 988, 1598, 1001, 1001, 1001, 1001, 1500, 1500, 1500, 1500]
[1499, 1500, 1600, 1500, 988, 950, 988, 1598, 1001, 1001, 1001, 1001, 1500, 1500, 1500, 1500]
[1499, 1500, 1600, 1500, 988, 950, 988, 1598, 1001, 1001, 1001, 1001, 1500, 1500, 1500, 1500]
[1499, 1500, 1600, 1500, 988, 950, 988, 1598, 1001, 1001, 1001, 1001, 1500, 1500, 1500, 1500]
11:09:43.778989 ALT: 0.62
11:09:43.779118 ATT: [2.6, -0.8, 315]
11:09:43.779465 ACC: [7, 24, 518]
[1499, 1500, 1600, 1500, 988, 950, 988, 1598, 1001, 1001, 1001, 1001, 1500, 1500, 1500, 1500]
11:09:43.788346 Navigation got ALT: 0.62
[1500, 1500, 1600, 1500, 988, 950, 988, 1598, 1001, 1001, 1001, 1001, 1500, 1500, 1500, 1500]
[1500, 1500, 1600, 1500, 988, 950, 988, 1598, 1001, 1001, 1001, 1001, 1500, 1500, 1500, 1500]
[1500, 1500, 1600, 1500, 988, 950, 988, 1598, 1001, 1001, 1001, 1001, 1500, 1500, 1500, 1500]
[1500, 1500, 1600, 1500, 988, 950, 988, 1598, 1001, 1001, 1001, 1001, 1500, 1500, 1500, 1500]
[1500, 1500, 1600, 1500, 988, 950, 988, 1598, 1001, 1001, 1001, 1001, 1500, 1500, 1500, 1500]
11:09:43.823162 Navigation got ALT: 0.62
[1500, 1500, 1600, 1500, 988, 950, 988, 1598, 1001, 1001, 1001, 1001, 1500, 1500, 1500, 1500]
[1500, 1500, 1600, 1500, 988, 950, 988, 1598, 1001, 1001, 1001, 1001, 1500, 1500, 1500, 1500]
11:09:43.827912 ALT: 0.62
11:09:43.828026 ATT: [2.6, -0.8, 315]
11:09:43.828379 ACC: [7, 24, 518]
[1500, 1500, 1600, 1500, 988, 950, 988, 1598, 1001, 1001, 1001, 1001, 1500, 1500, 1500, 1500]
[1500, 1500, 1600, 1500, 988, 950, 988, 1598, 1001, 1001, 1001, 1001, 1500, 1500, 1500, 1500]
[1500, 1500, 1600, 1500, 988, 950, 988, 1598, 1001, 1001, 1001, 1001, 1500, 1500, 1500, 1500]
11:09:43.853219 Navigation got ALT: 0.62
[1500, 1500, 1600, 1499, 988, 950, 988, 1600, 1001, 1001, 1001, 1001, 1500, 1500, 1500, 1500]
[1500, 1500, 1600, 1499, 988, 950, 988, 1600, 1001, 1001, 1001, 1001, 1500, 1500, 1500, 1500]
[1500, 1500, 1600, 1499, 988, 950, 988, 1600, 1001, 1001, 1001, 1001, 1500, 1500, 1500, 1500]
[1500, 1500, 1600, 1499, 988, 950, 988, 1600, 1001, 1001, 1001, 1001, 1500, 1500, 1500, 1500]
11:09:43.874924 ALT: 0.62
11:09:43.875010 ATT: [2.6, -0.8, 315]
11:09:43.875276 ACC: [8, 24, 518]
[1500, 1500, 1600, 1499, 988, 950, 988, 1600, 1001, 1001, 1001, 1001, 1500, 1500, 1500, 1500]
11:09:43.886488 Navigation got ALT: 0.62
[1500, 1500, 1600, 1499, 988, 950, 988, 1600, 1001, 1001, 1001, 1001, 1500, 1500, 1500, 1500]
[1500, 1500, 1600, 1499, 988, 950, 988, 1600, 1001, 1001, 1001, 1001, 1500, 1500, 1500, 1500]
[1500, 1500, 1600, 1499, 988, 950, 988, 1600, 1001, 1001, 1001, 1001, 1500, 1500, 1500, 1500]
[1500, 1500, 1600, 1499, 988, 950, 988, 1600, 1001, 1001, 1001, 1001, 1500, 1500, 1500, 1500]
[1500, 1500, 1600, 1499, 988, 950, 988, 1600, 1001, 1001, 1001, 1001, 1500, 1500, 1500, 1500]
11:09:43.919917 Navigation got ALT: 0.62
[1500, 1500, 1600, 1500, 988, 950, 988, 1600, 1001, 1001, 1001, 1001, 1500, 1500, 1500, 1500]
[1500, 1500, 1600, 1500, 988, 950, 988, 1600, 1001, 1001, 1001, 1001, 1500, 1500, 1500, 1500]
[1500, 1500, 1600, 1500, 988, 950, 988, 1600, 1001, 1001, 1001, 1001, 1500, 1500, 1500, 1500]
11:09:43.939273 ALT: 0.62
11:09:43.939417 ATT: [2.6, -0.8, 315]
11:09:43.939842 ACC: [7, 24, 518]
[1500, 1500, 1600, 1500, 988, 950, 988, 1600, 1001, 1001, 1001, 1001, 1500, 1500, 1500, 1500]
[1500, 1500, 1600, 1500, 988, 950, 988, 1600, 1001, 1001, 1001, 1001, 1500, 1500, 1500, 1500]
11:09:43.953217 Navigation got ALT: 0.62
[1500, 1500, 1600, 1500, 988, 950, 988, 1600, 1001, 1001, 1001, 1001, 1500, 1500, 1500, 1500]
[1500, 1500, 1600, 1500, 988, 950, 988, 1600, 1001, 1001, 1001, 1001, 1500, 1500, 1500, 1500]
[1500, 1500, 1600, 1500, 988, 950, 988, 1600, 1001, 1001, 1001, 1001, 1500, 1500, 1500, 1500]
[1500, 1500, 1600, 1500, 988, 950, 988, 1600, 1001, 1001, 1001, 1001, 1500, 1500, 1500, 1500]
11:09:43.986643 Navigation got ALT: 0.62
[1500, 1500, 1600, 1500, 988, 950, 988, 1600, 1001, 1001, 1001, 1001, 1500, 1500, 1500, 1500]
11:09:43.987720 ALT: 0.62
11:09:43.987858 ATT: [2.6, -0.8, 315]
11:09:43.988218 ACC: [7, 24, 518]
[1500, 1500, 1600, 1500, 988, 950, 988, 1600, 1001, 1001, 1001, 1001, 1500, 1500, 1500, 1500]
[1500, 1500, 1600, 1500, 988, 950, 988, 1600, 1001, 1001, 1001, 1001, 1500, 1500, 1500, 1500]
[1500, 1500, 1600, 1500, 988, 950, 988, 1600, 1001, 1001, 1001, 1001, 1500, 1500, 1500, 1500]
[1500, 1500, 1600, 1500, 988, 950, 988, 1600, 1001, 1001, 1001, 1001, 1500, 1500, 1500, 1500]
[1500, 1500, 1600, 1500, 988, 950, 988, 1600, 1001, 1001, 1001, 1001, 1500, 1500, 1500, 1500]
11:09:44.027185 Navigation got ALT: 0.62
[1500, 1500, 1600, 1500, 988, 950, 988, 1600, 1001, 1001, 1001, 1001, 1500, 1500, 1500, 1500]
[1500, 1500, 1600, 1500, 988, 950, 988, 1600, 1001, 1001, 1001, 1001, 1500, 1500, 1500, 1500]
[1500, 1500, 1600, 1500, 988, 950, 988, 1600, 1001, 1001, 1001, 1001, 1500, 1500, 1500, 1500]
11:09:44.035935 ALT: 0.62
11:09:44.036216 ATT: [2.6, -0.8, 315]
11:09:44.037009 ACC: [7, 24, 518]
[1500, 1500, 1600, 1500, 988, 950, 988, 1600, 1001, 1001, 1001, 1001, 1500, 1500, 1500, 1500]
11:09:44.070200 Navigation got ALT: 0.62
[1500, 1500, 1600, 1500, 988, 950, 988, 1600, 1001, 1001, 1001, 1001, 1500, 1500, 1500, 1500]
[1500, 1500, 1600, 1500, 988, 950, 988, 1600, 1001, 1001, 1001, 1001, 1500, 1500, 1500, 1500]
[1500, 1500, 1600, 1500, 988, 950, 988, 1600, 1001, 1001, 1001, 1001, 1500, 1500, 1500, 1500]
[1500, 1500, 1600, 1500, 988, 950, 988, 1600, 1001, 1001, 1001, 1001, 1500, 1500, 1500, 1500]
[1500, 1500, 1600, 1500, 988, 950, 988, 1600, 1001, 1001, 1001, 1001, 1500, 1500, 1500, 1500]
[1500, 1500, 1600, 1500, 988, 950, 988, 1600, 1001, 1001, 1001, 1001, 1500, 1500, 1500, 1500]
[1500, 1500, 1600, 1500, 988, 950, 988, 1600, 1001, 1001, 1001, 1001, 1500, 1500, 1500, 1500]
[1500, 1500, 1600, 1500, 988, 950, 988, 1600, 1001, 1001, 1001, 1001, 1500, 1500, 1500, 1500]
11:09:44.100711 ALT: 0.62
11:09:44.100873 ATT: [2.6, -0.8, 315]
11:09:44.101254 ACC: [8, 24, 518]
11:09:44.120437 Navigation got ALT: 0.62
[1500, 1500, 1600, 1500, 988, 950, 988, 1598, 1001, 1001, 1001, 1001, 1500, 1500, 1500, 1500]
[1500, 1500, 1600, 1500, 988, 950, 988, 1598, 1001, 1001, 1001, 1001, 1500, 1500, 1500, 1500]
[1500, 1500, 1600, 1500, 988, 950, 988, 1598, 1001, 1001, 1001, 1001, 1500, 1500, 1500, 1500]
[1500, 1500, 1600, 1500, 988, 950, 988, 1598, 1001, 1001, 1001, 1001, 1500, 1500, 1500, 1500]
[1500, 1500, 1600, 1500, 988, 950, 988, 1598, 1001, 1001, 1001, 1001, 1500, 1500, 1500, 1500]
[1500, 1500, 1600, 1500, 988, 950, 988, 1598, 1001, 1001, 1001, 1001, 1500, 1500, 1500, 1500]
[1500, 1500, 1600, 1500, 988, 950, 988, 1598, 1001, 1001, 1001, 1001, 1500, 1500, 1500, 1500]
11:09:44.147385 ALT: 0.62
11:09:44.147701 ATT: [2.6, -0.8, 315]
11:09:44.148620 ACC: [7, 24, 518]
11:09:44.159446 Navigation got ALT: 0.62
[1500, 1500, 1600, 1500, 988, 950, 988, 1600, 1001, 1001, 1001, 1001, 1500, 1500, 1500, 1500]
[1500, 1500, 1600, 1500, 988, 950, 988, 1600, 1001, 1001, 1001, 1001, 1500, 1500, 1500, 1500]
[1500, 1500, 1600, 1500, 988, 950, 988, 1600, 1001, 1001, 1001, 1001, 1500, 1500, 1500, 1500]
[1500, 1500, 1600, 1500, 988, 950, 988, 1600, 1001, 1001, 1001, 1001, 1500, 1500, 1500, 1500]
[1500, 1500, 1600, 1500, 988, 950, 988, 1600, 1001, 1001, 1001, 1001, 1500, 1500, 1500, 1500]
[1500, 1500, 1600, 1500, 988, 950, 988, 1600, 1001, 1001, 1001, 1001, 1500, 1500, 1500, 1500]
11:09:44.190415 Navigation got ALT: 0.62
[1500, 1500, 1600, 1500, 989, 949, 988, 1598, 1001, 1001, 1001, 1001, 1500, 1500, 1500, 1500]
[1500, 1500, 1600, 1500, 989, 949, 988, 1598, 1001, 1001, 1001, 1001, 1500, 1500, 1500, 1500]
11:09:44.198209 ALT: 0.65
11:09:44.198318 ATT: [2.6, -0.8, 315]
11:09:44.200569 ACC: [8, 23, 518]
[1500, 1500, 1600, 1500, 989, 949, 988, 1598, 1001, 1001, 1001, 1001, 1500, 1500, 1500, 1500]
[1500, 1500, 1600, 1500, 989, 949, 988, 1598, 1001, 1001, 1001, 1001, 1500, 1500, 1500, 1500]
[1500, 1500, 1600, 1500, 989, 949, 988, 1598, 1001, 1001, 1001, 1001, 1500, 1500, 1500, 1500]
11:09:44.221551 Navigation got ALT: 0.65
[1499, 1499, 1600, 1500, 988, 950, 988, 1600, 1001, 1001, 1001, 1001, 1500, 1500, 1500, 1500]
[1499, 1499, 1600, 1500, 988, 950, 988, 1600, 1001, 1001, 1001, 1001, 1500, 1500, 1500, 1500]
[1499, 1499, 1600, 1500, 988, 950, 988, 1600, 1001, 1001, 1001, 1001, 1500, 1500, 1500, 1500]
[1499, 1499, 1600, 1500, 988, 950, 988, 1600, 1001, 1001, 1001, 1001, 1500, 1500, 1500, 1500]
[1499, 1499, 1600, 1500, 988, 950, 988, 1600, 1001, 1001, 1001, 1001, 1500, 1500, 1500, 1500]
11:09:44.248163 ALT: 0.68
11:09:44.248281 ATT: [2.6, -0.8, 315]
11:09:44.248653 ACC: [7, 24, 518]
11:09:44.254040 Navigation got ALT: 0.68
[1500, 1500, 1600, 1500, 988, 950, 989, 1598, 1001, 1001, 1001, 1001, 1500, 1500, 1500, 1500]
[1500, 1500, 1600, 1500, 988, 950, 989, 1598, 1001, 1001, 1001, 1001, 1500, 1500, 1500, 1500]
[1500, 1500, 1600, 1500, 988, 950, 989, 1598, 1001, 1001, 1001, 1001, 1500, 1500, 1500, 1500]
[1500, 1500, 1600, 1500, 988, 950, 989, 1598, 1001, 1001, 1001, 1001, 1500, 1500, 1500, 1500]
[1500, 1500, 1600, 1500, 988, 950, 989, 1598, 1001, 1001, 1001, 1001, 1500, 1500, 1500, 1500]
11:09:44.287651 Navigation got ALT: 0.68
[1499, 1499, 1600, 1500, 988, 950, 988, 1600, 1001, 1001, 1001, 1001, 1500, 1500, 1500, 1500]
11:09:44.291353 ALT: 0.68
11:09:44.291473 ATT: [2.6, -0.8, 315]
11:09:44.291852 ACC: [8, 24, 518]
[1499, 1499, 1600, 1500, 988, 950, 988, 1600, 1001, 1001, 1001, 1001, 1500, 1500, 1500, 1500]
[1499, 1499, 1600, 1500, 988, 950, 988, 1600, 1001, 1001, 1001, 1001, 1500, 1500, 1500, 1500]
[1499, 1499, 1600, 1500, 988, 950, 988, 1600, 1001, 1001, 1001, 1001, 1500, 1500, 1500, 1500]
[1499, 1499, 1600, 1500, 988, 950, 988, 1600, 1001, 1001, 1001, 1001, 1500, 1500, 1500, 1500]
11:09:44.320430 Navigation got ALT: 0.68
[1500, 1500, 1600, 1500, 988, 950, 988, 1600, 1001, 1001, 1001, 1001, 1500, 1500, 1500, 1500]
[1500, 1500, 1600, 1500, 988, 950, 988, 1600, 1001, 1001, 1001, 1001, 1500, 1500, 1500, 1500]
[1500, 1500, 1600, 1500, 988, 950, 988, 1600, 1001, 1001, 1001, 1001, 1500, 1500, 1500, 1500]
11:09:44.339544 ALT: 0.68
11:09:44.339672 ATT: [2.6, -0.8, 315]
11:09:44.340015 ACC: [7, 24, 518]
[1500, 1500, 1600, 1500, 988, 950, 988, 1600, 1001, 1001, 1001, 1001, 1500, 1500, 1500, 1500]
11:09:44.352764 Navigation got ALT: 0.68
[1500, 1500, 1600, 1500, 988, 950, 988, 1600, 1001, 1001, 1001, 1001, 1500, 1500, 1500, 1500]
[1500, 1500, 1600, 1500, 988, 950, 988, 1600, 1001, 1001, 1001, 1001, 1500, 1500, 1500, 1500]
[1500, 1500, 1600, 1500, 988, 950, 988, 1600, 1001, 1001, 1001, 1001, 1500, 1500, 1500, 1500]
[1500, 1500, 1600, 1500, 988, 950, 988, 1600, 1001, 1001, 1001, 1001, 1500, 1500, 1500, 1500]
[1500, 1500, 1600, 1500, 988, 950, 988, 1600, 1001, 1001, 1001, 1001, 1500, 1500, 1500, 1500]
11:09:44.383312 Navigation got ALT: 0.68
[1500, 1500, 1600, 1499, 988, 950, 988, 1600, 1001, 1001, 1001, 1001, 1500, 1500, 1500, 1500]
[1500, 1500, 1600, 1499, 988, 950, 988, 1600, 1001, 1001, 1001, 1001, 1500, 1500, 1500, 1500]
11:09:44.388344 ALT: 0.68
11:09:44.388533 ATT: [2.6, -0.8, 315]
11:09:44.388911 ACC: [7, 24, 518]
[1500, 1500, 1600, 1499, 988, 950, 988, 1600, 1001, 1001, 1001, 1001, 1500, 1500, 1500, 1500]
[1500, 1500, 1600, 1499, 988, 950, 988, 1600, 1001, 1001, 1001, 1001, 1500, 1500, 1500, 1500]
[1500, 1500, 1600, 1499, 988, 950, 988, 1600, 1001, 1001, 1001, 1001, 1500, 1500, 1500, 1500]
11:09:44.413469 Navigation got ALT: 0.68
[1499, 1500, 1600, 1499, 988, 950, 988, 1600, 1001, 1001, 1001, 1001, 1500, 1500, 1500, 1500]
[1499, 1500, 1600, 1499, 988, 950, 988, 1600, 1001, 1001, 1001, 1001, 1500, 1500, 1500, 1500]
[1499, 1500, 1600, 1499, 988, 950, 988, 1600, 1001, 1001, 1001, 1001, 1500, 1500, 1500, 1500]
[1499, 1500, 1600, 1499, 988, 950, 988, 1600, 1001, 1001, 1001, 1001, 1500, 1500, 1500, 1500]
11:09:44.435108 ALT: 0.68
11:09:44.435239 ATT: [2.6, -0.8, 315]
11:09:44.435550 ACC: [7, 24, 518]
[1499, 1500, 1600, 1499, 988, 950, 988, 1600, 1001, 1001, 1001, 1001, 1500, 1500, 1500, 1500]
11:09:44.455046 Navigation got ALT: 0.68
[1500, 1500, 1600, 1500, 988, 950, 988, 1600, 1001, 1001, 1001, 1001, 1500, 1500, 1500, 1500]
[1500, 1500, 1600, 1500, 988, 950, 988, 1600, 1001, 1001, 1001, 1001, 1500, 1500, 1500, 1500]
[1500, 1500, 1600, 1500, 988, 950, 988, 1600, 1001, 1001, 1001, 1001, 1500, 1500, 1500, 1500]
[1500, 1500, 1600, 1500, 988, 950, 988, 1600, 1001, 1001, 1001, 1001, 1500, 1500, 1500, 1500]
[1500, 1500, 1600, 1500, 988, 950, 988, 1600, 1001, 1001, 1001, 1001, 1500, 1500, 1500, 1500]
[1500, 1500, 1600, 1500, 988, 950, 988, 1600, 1001, 1001, 1001, 1001, 1500, 1500, 1500, 1500]
11:09:44.483010 ALT: 0.68
11:09:44.483147 ATT: [2.6, -0.8, 314]
11:09:44.483447 ACC: [7, 24, 518]
11:09:44.490828 Navigation got ALT: 0.68
[1500, 1500, 1600, 1500, 988, 950, 988, 1600, 1001, 1001, 1001, 1001, 1500, 1500, 1500, 1500]
[1500, 1500, 1600, 1500, 988, 950, 988, 1600, 1001, 1001, 1001, 1001, 1500, 1500, 1500, 1500]
[1500, 1500, 1600, 1500, 988, 950, 988, 1600, 1001, 1001, 1001, 1001, 1500, 1500, 1500, 1500]
[1500, 1500, 1600, 1500, 988, 950, 988, 1600, 1001, 1001, 1001, 1001, 1500, 1500, 1500, 1500]
[1500, 1500, 1600, 1500, 988, 950, 988, 1600, 1001, 1001, 1001, 1001, 1500, 1500, 1500, 1500]
[1500, 1500, 1600, 1500, 988, 950, 988, 1600, 1001, 1001, 1001, 1001, 1500, 1500, 1500, 1500]
11:09:44.527584 Navigation got ALT: 0.68
[1500, 1500, 1600, 1499, 988, 950, 988, 1598, 1001, 1001, 1001, 1001, 1500, 1500, 1500, 1500]
11:09:44.531398 ALT: 0.68
11:09:44.531507 ATT: [2.6, -0.8, 314]
11:09:44.531792 ACC: [7, 24, 519]
[1500, 1500, 1600, 1499, 988, 950, 988, 1598, 1001, 1001, 1001, 1001, 1500, 1500, 1500, 1500]
[1500, 1500, 1600, 1499, 988, 950, 988, 1598, 1001, 1001, 1001, 1001, 1500, 1500, 1500, 1500]
[1500, 1500, 1600, 1499, 988, 950, 988, 1598, 1001, 1001, 1001, 1001, 1500, 1500, 1500, 1500]
[1500, 1500, 1600, 1499, 988, 950, 988, 1598, 1001, 1001, 1001, 1001, 1500, 1500, 1500, 1500]
11:09:44.559908 Navigation got ALT: 0.68
[1499, 1500, 1600, 1500, 988, 950, 988, 1600, 1001, 1001, 1001, 1001, 1500, 1500, 1500, 1500]
[1499, 1500, 1600, 1500, 988, 950, 988, 1600, 1001, 1001, 1001, 1001, 1500, 1500, 1500, 1500]
11:09:44.579261 ALT: 0.68
11:09:44.579366 ATT: [2.6, -0.8, 314]
11:09:44.579652 ACC: [8, 23, 518]
[1499, 1500, 1600, 1500, 988, 950, 988, 1600, 1001, 1001, 1001, 1001, 1500, 1500, 1500, 1500]
11:09:44.599845 Navigation got ALT: 0.68
[1500, 1500, 1600, 1500, 988, 950, 988, 1600, 1001, 1001, 1001, 1001, 1500, 1500, 1500, 1500]
[1500, 1500, 1600, 1500, 988, 950, 988, 1600, 1001, 1001, 1001, 1001, 1500, 1500, 1500, 1500]
[1500, 1500, 1600, 1500, 988, 950, 988, 1600, 1001, 1001, 1001, 1001, 1500, 1500, 1500, 1500]
[1500, 1500, 1600, 1500, 988, 950, 988, 1600, 1001, 1001, 1001, 1001, 1500, 1500, 1500, 1500]
[1500, 1500, 1600, 1500, 988, 950, 988, 1600, 1001, 1001, 1001, 1001, 1500, 1500, 1500, 1500]
[1500, 1500, 1600, 1500, 988, 950, 988, 1600, 1001, 1001, 1001, 1001, 1500, 1500, 1500, 1500]
[1500, 1500, 1600, 1500, 988, 950, 988, 1600, 1001, 1001, 1001, 1001, 1500, 1500, 1500, 1500]
[1500, 1500, 1600, 1500, 988, 950, 988, 1600, 1001, 1001, 1001, 1001, 1500, 1500, 1500, 1500]
11:09:44.634774 Navigation got ALT: 0.68
[1500, 1500, 1600, 1500, 988, 950, 988, 1600, 1001, 1001, 1001, 1001, 1500, 1500, 1500, 1500]
[1500, 1500, 1600, 1500, 988, 950, 988, 1600, 1001, 1001, 1001, 1001, 1500, 1500, 1500, 1500]
11:09:44.643203 ALT: 0.68
11:09:44.643333 ATT: [2.6, -0.8, 314]
11:09:44.644080 ACC: [7, 24, 518]
[1500, 1500, 1600, 1500, 988, 950, 988, 1600, 1001, 1001, 1001, 1001, 1500, 1500, 1500, 1500]
[1500, 1500, 1600, 1500, 988, 950, 988, 1600, 1001, 1001, 1001, 1001, 1500, 1500, 1500, 1500]
11:09:44.674674 Navigation got ALT: 0.68
[1500, 1499, 1600, 1500, 988, 951, 986, 1600, 1001, 1001, 1001, 1001, 1500, 1500, 1500, 1500]
[1500, 1499, 1600, 1500, 988, 951, 986, 1600, 1001, 1001, 1001, 1001, 1500, 1500, 1500, 1500]
[1500, 1499, 1600, 1500, 988, 951, 986, 1600, 1001, 1001, 1001, 1001, 1500, 1500, 1500, 1500]
[1500, 1499, 1600, 1500, 988, 951, 986, 1600, 1001, 1001, 1001, 1001, 1500, 1500, 1500, 1500]
[1500, 1499, 1600, 1500, 988, 951, 986, 1600, 1001, 1001, 1001, 1001, 1500, 1500, 1500, 1500]
11:09:44.691374 ALT: 0.68
11:09:44.691486 ATT: [2.6, -0.8, 314]
11:09:44.691797 ACC: [7, 24, 518]
[1500, 1499, 1600, 1500, 988, 951, 986, 1600, 1001, 1001, 1001, 1001, 1500, 1500, 1500, 1500]
11:09:44.705522 Navigation got ALT: 0.68
[1500, 1500, 1600, 1500, 988, 950, 988, 1600, 1001, 1001, 1001, 1001, 1500, 1500, 1500, 1500]
[1500, 1500, 1600, 1500, 988, 950, 988, 1600, 1001, 1001, 1001, 1001, 1500, 1500, 1500, 1500]
[1500, 1500, 1600, 1500, 988, 950, 988, 1600, 1001, 1001, 1001, 1001, 1500, 1500, 1500, 1500]
[1500, 1500, 1600, 1500, 988, 950, 988, 1600, 1001, 1001, 1001, 1001, 1500, 1500, 1500, 1500]
[1500, 1500, 1600, 1500, 988, 950, 988, 1600, 1001, 1001, 1001, 1001, 1500, 1500, 1500, 1500]
11:09:44.735954 Navigation got ALT: 0.68
[1500, 1500, 1600, 1499, 988, 951, 986, 1600, 1001, 1001, 1001, 1001, 1500, 1500, 1500, 1500]
11:09:44.743883 ALT: 0.68
11:09:44.744007 ATT: [2.6, -0.8, 314]
11:09:44.744412 ACC: [7, 24, 517]
[1500, 1500, 1600, 1499, 988, 951, 986, 1600, 1001, 1001, 1001, 1001, 1500, 1500, 1500, 1500]
[1500, 1500, 1600, 1499, 988, 951, 986, 1600, 1001, 1001, 1001, 1001, 1500, 1500, 1500, 1500]
[1500, 1500, 1600, 1499, 988, 951, 986, 1600, 1001, 1001, 1001, 1001, 1500, 1500, 1500, 1500]
11:09:44.769015 Navigation got ALT: 0.68
[1499, 1500, 1600, 1500, 988, 950, 988, 1600, 1001, 1001, 1001, 1001, 1500, 1500, 1500, 1500]
[1499, 1500, 1600, 1500, 988, 950, 988, 1600, 1001, 1001, 1001, 1001, 1500, 1500, 1500, 1500]
[1499, 1500, 1600, 1500, 988, 950, 988, 1600, 1001, 1001, 1001, 1001, 1500, 1500, 1500, 1500]
[1499, 1500, 1600, 1500, 988, 950, 988, 1600, 1001, 1001, 1001, 1001, 1500, 1500, 1500, 1500]
[1499, 1500, 1600, 1500, 988, 950, 988, 1600, 1001, 1001, 1001, 1001, 1500, 1500, 1500, 1500]
11:09:44.790548 ALT: 0.68
11:09:44.790643 ATT: [2.6, -0.8, 314]
11:09:44.790883 ACC: [7, 24, 518]
[1499, 1500, 1600, 1500, 988, 950, 988, 1600, 1001, 1001, 1001, 1001, 1500, 1500, 1500, 1500]
11:09:44.802721 Navigation got ALT: 0.68
[1500, 1500, 1600, 1499, 988, 950, 988, 1600, 1001, 1001, 1001, 1001, 1500, 1500, 1500, 1500]
[1500, 1500, 1600, 1499, 988, 950, 988, 1600, 1001, 1001, 1001, 1001, 1500, 1500, 1500, 1500]
[1500, 1500, 1600, 1499, 988, 950, 988, 1600, 1001, 1001, 1001, 1001, 1500, 1500, 1500, 1500]
[1500, 1500, 1600, 1499, 988, 950, 988, 1600, 1001, 1001, 1001, 1001, 1500, 1500, 1500, 1500]
[1500, 1500, 1600, 1499, 988, 950, 988, 1600, 1001, 1001, 1001, 1001, 1500, 1500, 1500, 1500]
11:09:44.834250 Navigation got ALT: 0.68
[1500, 1500, 1600, 1500, 988, 950, 988, 1600, 1001, 1001, 1001, 1001, 1500, 1500, 1500, 1500]
[1500, 1500, 1600, 1500, 988, 950, 988, 1600, 1001, 1001, 1001, 1001, 1500, 1500, 1500, 1500]
[1500, 1500, 1600, 1500, 988, 950, 988, 1600, 1001, 1001, 1001, 1001, 1500, 1500, 1500, 1500]
[1500, 1500, 1600, 1500, 988, 950, 988, 1600, 1001, 1001, 1001, 1001, 1500, 1500, 1500, 1500]
[1500, 1500, 1600, 1500, 988, 950, 988, 1600, 1001, 1001, 1001, 1001, 1500, 1500, 1500, 1500]
11:09:44.866674 Navigation got ALT: 0.68
[1500, 1500, 1600, 1500, 988, 950, 988, 1600, 1001, 1001, 1001, 1001, 1500, 1500, 1500, 1500]
[1500, 1500, 1600, 1500, 988, 950, 988, 1600, 1001, 1001, 1001, 1001, 1500, 1500, 1500, 1500]
[1500, 1500, 1600, 1500, 988, 950, 988, 1600, 1001, 1001, 1001, 1001, 1500, 1500, 1500, 1500]
[1500, 1500, 1600, 1500, 988, 950, 988, 1600, 1001, 1001, 1001, 1001, 1500, 1500, 1500, 1500]
11:09:44.904197 ALT: 0.68
11:09:44.904307 ATT: [2.6, -0.8, 314]
11:09:44.904578 ACC: [8, 23, 518]
11:09:44.939620 Navigation got ALT: 0.68
[1500, 1500, 1600, 1500, 988, 950, 988, 1600, 1001, 1001, 1001, 1001, 1500, 1500, 1500, 1500]
[1500, 1500, 1600, 1500, 988, 950, 988, 1600, 1001, 1001, 1001, 1001, 1500, 1500, 1500, 1500]
[1500, 1500, 1600, 1500, 988, 950, 988, 1600, 1001, 1001, 1001, 1001, 1500, 1500, 1500, 1500]
[1500, 1500, 1600, 1500, 988, 950, 988, 1600, 1001, 1001, 1001, 1001, 1500, 1500, 1500, 1500]
[1500, 1500, 1600, 1500, 988, 950, 988, 1600, 1001, 1001, 1001, 1001, 1500, 1500, 1500, 1500]
[1500, 1500, 1600, 1500, 988, 950, 988, 1600, 1001, 1001, 1001, 1001, 1500, 1500, 1500, 1500]
[1500, 1500, 1600, 1500, 988, 950, 988, 1600, 1001, 1001, 1001, 1001, 1500, 1500, 1500, 1500]
[1500, 1500, 1600, 1500, 988, 950, 988, 1600, 1001, 1001, 1001, 1001, 1500, 1500, 1500, 1500]
[1500, 1500, 1600, 1500, 988, 950, 988, 1600, 1001, 1001, 1001, 1001, 1500, 1500, 1500, 1500]
11:09:44.949152 ALT: 0.68
11:09:44.949329 ATT: [2.6, -0.8, 314]
11:09:44.953993 ACC: [7, 23, 518]
[1500, 1500, 1600, 1500, 988, 950, 988, 1600, 1001, 1001, 1001, 1001, 1500, 1500, 1500, 1500]
[1500, 1500, 1600, 1500, 988, 950, 988, 1600, 1001, 1001, 1001, 1001, 1500, 1500, 1500, 1500]
11:09:44.969711 Navigation got ALT: 0.68
[1499, 1500, 1600, 1500, 988, 950, 988, 1600, 1001, 1001, 1001, 1001, 1500, 1500, 1500, 1500]
[1499, 1500, 1600, 1500, 988, 950, 988, 1600, 1001, 1001, 1001, 1001, 1500, 1500, 1500, 1500]
[1499, 1500, 1600, 1500, 988, 950, 988, 1600, 1001, 1001, 1001, 1001, 1500, 1500, 1500, 1500]
[1499, 1500, 1600, 1500, 988, 950, 988, 1600, 1001, 1001, 1001, 1001, 1500, 1500, 1500, 1500]
[1499, 1500, 1600, 1500, 988, 950, 988, 1600, 1001, 1001, 1001, 1001, 1500, 1500, 1500, 1500]
11:09:45.000098 Navigation got ALT: 0.68
[1500, 1500, 1600, 1501, 985, 950, 988, 1600, 1001, 1001, 1001, 1001, 1500, 1500, 1500, 1500]
[1500, 1500, 1600, 1501, 985, 950, 988, 1600, 1001, 1001, 1001, 1001, 1500, 1500, 1500, 1500]
[1500, 1500, 1600, 1501, 985, 950, 988, 1600, 1001, 1001, 1001, 1001, 1500, 1500, 1500, 1500]
11:09:45.018959 ALT: 0.68
11:09:45.019260 ATT: [2.6, -0.8, 314]
11:09:45.019745 ACC: [7, 24, 517]
[1500, 1500, 1600, 1501, 985, 950, 988, 1600, 1001, 1001, 1001, 1001, 1500, 1500, 1500, 1500]
[1500, 1500, 1600, 1501, 985, 950, 988, 1600, 1001, 1001, 1001, 1001, 1500, 1500, 1500, 1500]
11:09:45.033689 Navigation got ALT: 0.68
[1500, 1500, 1600, 1500, 988, 950, 988, 1600, 1001, 1001, 1001, 1001, 1500, 1500, 1500, 1500]
[1500, 1500, 1600, 1500, 988, 950, 988, 1600, 1001, 1001, 1001, 1001, 1500, 1500, 1500, 1500]
[1500, 1500, 1600, 1500, 988, 950, 988, 1600, 1001, 1001, 1001, 1001, 1500, 1500, 1500, 1500]
[1500, 1500, 1600, 1500, 988, 950, 988, 1600, 1001, 1001, 1001, 1001, 1500, 1500, 1500, 1500]
[1500, 1500, 1600, 1500, 988, 950, 988, 1600, 1001, 1001, 1001, 1001, 1500, 1500, 1500, 1500]
11:09:45.062561 ALT: 0.68
11:09:45.062690 ATT: [2.6, -0.8, 314]
11:09:45.069046 ACC: [7, 24, 518]
11:09:45.073126 Navigation got ALT: 0.68
[1500, 1500, 1600, 1500, 988, 950, 988, 1600, 1001, 1001, 1001, 1001, 1500, 1500, 1500, 1500]
[1500, 1500, 1600, 1500, 988, 950, 988, 1600, 1001, 1001, 1001, 1001, 1500, 1500, 1500, 1500]
[1500, 1500, 1600, 1500, 988, 950, 988, 1600, 1001, 1001, 1001, 1001, 1500, 1500, 1500, 1500]
[1500, 1500, 1600, 1500, 988, 950, 988, 1600, 1001, 1001, 1001, 1001, 1500, 1500, 1500, 1500]
[1500, 1500, 1600, 1500, 988, 950, 988, 1600, 1001, 1001, 1001, 1001, 1500, 1500, 1500, 1500]
[1500, 1500, 1600, 1500, 988, 950, 988, 1600, 1001, 1001, 1001, 1001, 1500, 1500, 1500, 1500]
11:09:45.110372 Navigation got ALT: 0.68
[1500, 1500, 1600, 1500, 988, 950, 988, 1600, 1001, 1001, 1001, 1001, 1500, 1500, 1500, 1500]
[1500, 1500, 1600, 1500, 988, 950, 988, 1600, 1001, 1001, 1001, 1001, 1500, 1500, 1500, 1500]
[1500, 1500, 1600, 1500, 988, 950, 988, 1600, 1001, 1001, 1001, 1001, 1500, 1500, 1500, 1500]
11:09:45.123617 ALT: 0.68
11:09:45.123760 ATT: [2.6, -0.8, 314]
11:09:45.124061 ACC: [8, 24, 518]
[1500, 1500, 1600, 1500, 988, 950, 988, 1600, 1001, 1001, 1001, 1001, 1500, 1500, 1500, 1500]
[1500, 1500, 1600, 1500, 988, 950, 988, 1600, 1001, 1001, 1001, 1001, 1500, 1500, 1500, 1500]
11:09:45.140589 Navigation got ALT: 0.68
[1500, 1500, 1600, 1499, 988, 950, 988, 1600, 1001, 1001, 1001, 1001, 1500, 1500, 1500, 1500]
[1500, 1500, 1600, 1499, 988, 950, 988, 1600, 1001, 1001, 1001, 1001, 1500, 1500, 1500, 1500]
[1500, 1500, 1600, 1499, 988, 950, 988, 1600, 1001, 1001, 1001, 1001, 1500, 1500, 1500, 1500]
[1500, 1500, 1600, 1499, 988, 950, 988, 1600, 1001, 1001, 1001, 1001, 1500, 1500, 1500, 1500]
[1500, 1500, 1600, 1499, 988, 950, 988, 1600, 1001, 1001, 1001, 1001, 1500, 1500, 1500, 1500]
11:09:45.171382 ALT: 0.68
11:09:45.171516 ATT: [2.6, -0.8, 314]
11:09:45.171888 ACC: [7, 23, 518]
11:09:45.177721 Navigation got ALT: 0.68
[1500, 1500, 1600, 1500, 988, 950, 988, 1598, 1001, 1001, 1001, 1001, 1500, 1500, 1500, 1500]
[1500, 1500, 1600, 1500, 988, 950, 988, 1598, 1001, 1001, 1001, 1001, 1500, 1500, 1500, 1500]
[1500, 1500, 1600, 1500, 988, 950, 988, 1598, 1001, 1001, 1001, 1001, 1500, 1500, 1500, 1500]
[1500, 1500, 1600, 1500, 988, 950, 988, 1598, 1001, 1001, 1001, 1001, 1500, 1500, 1500, 1500]
[1500, 1500, 1600, 1500, 988, 950, 988, 1598, 1001, 1001, 1001, 1001, 1500, 1500, 1500, 1500]
[1500, 1500, 1600, 1500, 988, 950, 988, 1598, 1001, 1001, 1001, 1001, 1500, 1500, 1500, 1500]
11:09:45.213297 Navigation got ALT: 0.68
[1500, 1500, 1600, 1500, 988, 950, 988, 1598, 1001, 1001, 1001, 1001, 1500, 1500, 1500, 1500]
[1500, 1500, 1600, 1500, 988, 950, 988, 1598, 1001, 1001, 1001, 1001, 1500, 1500, 1500, 1500]
11:09:45.224877 ALT: 0.68
11:09:45.225016 ATT: [2.6, -0.8, 314]
11:09:45.225546 ACC: [7, 24, 518]
[1500, 1500, 1600, 1500, 988, 950, 988, 1598, 1001, 1001, 1001, 1001, 1500, 1500, 1500, 1500]
[1500, 1500, 1600, 1500, 988, 950, 988, 1598, 1001, 1001, 1001, 1001, 1500, 1500, 1500, 1500]
[1500, 1500, 1600, 1500, 988, 950, 988, 1598, 1001, 1001, 1001, 1001, 1500, 1500, 1500, 1500]
11:09:45.247271 Navigation got ALT: 0.68
[1500, 1500, 1600, 1500, 988, 950, 988, 1601, 1001, 1001, 1001, 1001, 1500, 1500, 1500, 1500]
[1500, 1500, 1600, 1500, 988, 950, 988, 1601, 1001, 1001, 1001, 1001, 1500, 1500, 1500, 1500]
[1500, 1500, 1600, 1500, 988, 950, 988, 1601, 1001, 1001, 1001, 1001, 1500, 1500, 1500, 1500]
[1500, 1500, 1600, 1500, 988, 950, 988, 1601, 1001, 1001, 1001, 1001, 1500, 1500, 1500, 1500]
11:09:45.267867 ALT: 0.68
11:09:45.268221 ATT: [2.6, -0.8, 314]
11:09:45.268674 ACC: [8, 24, 518]
[1500, 1500, 1600, 1500, 988, 950, 988, 1601, 1001, 1001, 1001, 1001, 1500, 1500, 1500, 1500]
11:09:45.290541 Navigation got ALT: 0.68
[1499, 1500, 1600, 1500, 988, 950, 988, 1600, 1001, 1001, 1001, 1001, 1500, 1500, 1500, 1500]
[1499, 1500, 1600, 1500, 988, 950, 988, 1600, 1001, 1001, 1001, 1001, 1500, 1500, 1500, 1500]
[1499, 1500, 1600, 1500, 988, 950, 988, 1600, 1001, 1001, 1001, 1001, 1500, 1500, 1500, 1500]
[1499, 1500, 1600, 1500, 988, 950, 988, 1600, 1001, 1001, 1001, 1001, 1500, 1500, 1500, 1500]
[1499, 1500, 1600, 1500, 988, 950, 988, 1600, 1001, 1001, 1001, 1001, 1500, 1500, 1500, 1500]
                                                                                                  [1499, 1500, 1600, 1500, 988, 950, 988, 1600, 1001, 1001, 1001, 1001, 1500, 1500, 1500, 1500]
[1499, 1500, 1600, 1500, 988, 950, 988, 1600, 1001, 1001, 1001, 1001, 1500, 1500, 1500, 1500]
11:09:45.327382 Navigation got ALT: 0.68
[1500, 1500, 1600, 1499, 988, 950, 988, 1600, 1001, 1001, 1001, 1001, 1500, 1500, 1500, 1500]
11:09:45.331451 ALT: 0.63
11:09:45.331641 ATT: [2.6, -0.8, 314]
11:09:45.332233 ACC: [8, 23, 518]
[1500, 1500, 1600, 1499, 988, 950, 988, 1600, 1001, 1001, 1001, 1001, 1500, 1500, 1500, 1500]
[1500, 1500, 1600, 1499, 988, 950, 988, 1600, 1001, 1001, 1001, 1001, 1500, 1500, 1500, 1500]
[1500, 1500, 1600, 1499, 988, 950, 988, 1600, 1001, 1001, 1001, 1001, 1500, 1500, 1500, 1500]
[1500, 1500, 1600, 1499, 988, 950, 988, 1600, 1001, 1001, 1001, 1001, 1500, 1500, 1500, 1500]
11:09:45.376510 Navigation got ALT: 0.63
[1500, 1500, 1600, 1500, 988, 950, 988, 1598, 1001, 1001, 1001, 1001, 1500, 1500, 1500, 1500]
[1500, 1500, 1600, 1500, 988, 950, 988, 1598, 1001, 1001, 1001, 1001, 1500, 1500, 1500, 1500]
[1500, 1500, 1600, 1500, 988, 950, 988, 1598, 1001, 1001, 1001, 1001, 1500, 1500, 1500, 1500]
[1500, 1500, 1600, 1500, 988, 950, 988, 1598, 1001, 1001, 1001, 1001, 1500, 1500, 1500, 1500]
[1500, 1500, 1600, 1500, 988, 950, 988, 1598, 1001, 1001, 1001, 1001, 1500, 1500, 1500, 1500]
[1500, 1500, 1600, 1500, 988, 950, 988, 1598, 1001, 1001, 1001, 1001, 1500, 1500, 1500, 1500]
11:09:45.398900 ALT: 0.62
11:09:45.399107 ATT: [2.6, -0.8, 314]
11:09:45.399507 ACC: [7, 24, 518]
[1500, 1500, 1600, 1500, 988, 950, 988, 1598, 1001, 1001, 1001, 1001, 1500, 1500, 1500, 1500]
11:09:45.407390 Navigation got ALT: 0.62
[1500, 1500, 1600, 1500, 988, 950, 988, 1600, 1001, 1001, 1001, 1001, 1500, 1500, 1500, 1500]
[1500, 1500, 1600, 1500, 988, 950, 988, 1600, 1001, 1001, 1001, 1001, 1500, 1500, 1500, 1500]
[1500, 1500, 1600, 1500, 988, 950, 988, 1600, 1001, 1001, 1001, 1001, 1500, 1500, 1500, 1500]
11:09:45.438160 Navigation got ALT: 0.62
[1499, 1500, 1600, 1500, 988, 950, 988, 1600, 1001, 1001, 1001, 1001, 1500, 1500, 1500, 1500]
[1499, 1500, 1600, 1500, 988, 950, 988, 1600, 1001, 1001, 1001, 1001, 1500, 1500, 1500, 1500]
[1499, 1500, 1600, 1500, 988, 950, 988, 1600, 1001, 1001, 1001, 1001, 1500, 1500, 1500, 1500]
[1499, 1500, 1600, 1500, 988, 950, 988, 1600, 1001, 1001, 1001, 1001, 1500, 1500, 1500, 1500]
[1499, 1500, 1600, 1500, 988, 950, 988, 1600, 1001, 1001, 1001, 1001, 1500, 1500, 1500, 1500]
11:09:45.459380 ALT: 0.62
11:09:45.459567 ATT: [2.6, -0.8, 314]
11:09:45.459955 ACC: [8, 23, 518]
11:09:45.472067 Navigation got ALT: 0.62
[1500, 1500, 1600, 1500, 988, 950, 988, 1600, 1001, 1001, 1001, 1001, 1500, 1500, 1500, 1500]
[1500, 1500, 1600, 1500, 988, 950, 988, 1600, 1001, 1001, 1001, 1001, 1500, 1500, 1500, 1500]
[1500, 1500, 1600, 1500, 988, 950, 988, 1600, 1001, 1001, 1001, 1001, 1500, 1500, 1500, 1500]
[1500, 1500, 1600, 1500, 988, 950, 988, 1600, 1001, 1001, 1001, 1001, 1500, 1500, 1500, 1500]
[1500, 1500, 1600, 1500, 988, 950, 988, 1600, 1001, 1001, 1001, 1001, 1500, 1500, 1500, 1500]
11:09:45.502768 Navigation got ALT: 0.62
[1500, 1500, 1600, 1500, 988, 950, 988, 1600, 1001, 1001, 1001, 1001, 1500, 1500, 1500, 1500]
[1500, 1500, 1600, 1500, 988, 950, 988, 1600, 1001, 1001, 1001, 1001, 1500, 1500, 1500, 1500]
[1500, 1500, 1600, 1500, 988, 950, 988, 1600, 1001, 1001, 1001, 1001, 1500, 1500, 1500, 1500]
[1500, 1500, 1600, 1500, 988, 950, 988, 1600, 1001, 1001, 1001, 1001, 1500, 1500, 1500, 1500]
[1500, 1500, 1600, 1500, 988, 950, 988, 1600, 1001, 1001, 1001, 1001, 1500, 1500, 1500, 1500]
[1500, 1500, 1600, 1500, 988, 950, 988, 1600, 1001, 1001, 1001, 1001, 1500, 1500, 1500, 1500]
11:09:45.535210 Navigation got ALT: 0.62
[1499, 1500, 1600, 1500, 988, 950, 988, 1598, 1001, 1001, 1001, 1001, 1500, 1500, 1500, 1500]
11:09:45.537369 ALT: 0.62
11:09:45.537515 ATT: [2.6, -0.8, 314]
11:09:45.539188 ACC: [7, 24, 518]
[1499, 1500, 1600, 1500, 988, 950, 988, 1598, 1001, 1001, 1001, 1001, 1500, 1500, 1500, 1500]
[1499, 1500, 1600, 1500, 988, 950, 988, 1598, 1001, 1001, 1001, 1001, 1500, 1500, 1500, 1500]
[1499, 1500, 1600, 1500, 988, 950, 988, 1598, 1001, 1001, 1001, 1001, 1500, 1500, 1500, 1500]
11:09:45.579838 Navigation got ALT: 0.62
[1500, 1500, 1600, 1500, 988, 950, 988, 1600, 1001, 1001, 1001, 1001, 1500, 1500, 1500, 1500]
[1500, 1500, 1600, 1500, 988, 950, 988, 1600, 1001, 1001, 1001, 1001, 1500, 1500, 1500, 1500]
[1500, 1500, 1600, 1500, 988, 950, 988, 1600, 1001, 1001, 1001, 1001, 1500, 1500, 1500, 1500]
[1500, 1500, 1600, 1500, 988, 950, 988, 1600, 1001, 1001, 1001, 1001, 1500, 1500, 1500, 1500]
11:09:45.600108 ALT: 0.62
11:09:45.600370 ATT: [2.6, -0.8, 314]
11:09:45.601202 ACC: [7, 23, 518]
[1500, 1500, 1600, 1500, 988, 950, 988, 1600, 1001, 1001, 1001, 1001, 1500, 1500, 1500, 1500]
[1500, 1500, 1600, 1500, 988, 950, 988, 1600, 1001, 1001, 1001, 1001, 1500, 1500, 1500, 1500]
[1500, 1500, 1600, 1500, 988, 950, 988, 1600, 1001, 1001, 1001, 1001, 1500, 1500, 1500, 1500]
11:09:45.610485 Navigation got ALT: 0.62
[1500, 1500, 1600, 1500, 988, 950, 988, 1600, 1001, 1001, 1001, 1001, 1500, 1500, 1500, 1500]
[1500, 1500, 1600, 1500, 988, 950, 988, 1600, 1001, 1001, 1001, 1001, 1500, 1500, 1500, 1500]
[1500, 1500, 1600, 1500, 988, 950, 988, 1600, 1001, 1001, 1001, 1001, 1500, 1500, 1500, 1500]
[1500, 1500, 1600, 1500, 988, 950, 988, 1600, 1001, 1001, 1001, 1001, 1500, 1500, 1500, 1500]
[1500, 1500, 1600, 1500, 988, 950, 988, 1600, 1001, 1001, 1001, 1001, 1500, 1500, 1500, 1500]
[1500, 1500, 1600, 1500, 988, 950, 988, 1600, 1001, 1001, 1001, 1001, 1500, 1500, 1500, 1500]
11:09:45.646545 Navigation got ALT: 0.62
[1500, 1500, 1600, 1500, 988, 950, 988, 1600, 1001, 1001, 1001, 1001, 1500, 1500, 1500, 1500]
11:09:45.655002 ALT: 0.62
11:09:45.655327 ATT: [2.6, -0.8, 314]
11:09:45.655708 ACC: [8, 25, 518]
[1500, 1500, 1600, 1500, 988, 950, 988, 1600, 1001, 1001, 1001, 1001, 1500, 1500, 1500, 1500]
[1500, 1500, 1600, 1500, 988, 950, 988, 1600, 1001, 1001, 1001, 1001, 1500, 1500, 1500, 1500]
[1500, 1500, 1600, 1500, 988, 950, 988, 1600, 1001, 1001, 1001, 1001, 1500, 1500, 1500, 1500]
[1500, 1500, 1600, 1500, 988, 950, 988, 1600, 1001, 1001, 1001, 1001, 1500, 1500, 1500, 1500]
11:09:45.689524 Navigation got ALT: 0.62
[1500, 1500, 1600, 1500, 988, 950, 988, 1600, 1001, 1001, 1001, 1001, 1500, 1500, 1500, 1500]
[1500, 1500, 1600, 1500, 988, 950, 988, 1600, 1001, 1001, 1001, 1001, 1500, 1500, 1500, 1500]
11:09:45.701760 ALT: 0.62
11:09:45.701984 ATT: [2.6, -0.8, 314]
11:09:45.702366 ACC: [7, 24, 518]
[1500, 1500, 1600, 1500, 988, 950, 988, 1600, 1001, 1001, 1001, 1001, 1500, 1500, 1500, 1500]
[1500, 1500, 1600, 1500, 988, 950, 988, 1600, 1001, 1001, 1001, 1001, 1500, 1500, 1500, 1500]
[1500, 1500, 1600, 1500, 988, 950, 988, 1600, 1001, 1001, 1001, 1001, 1500, 1500, 1500, 1500]
11:09:45.725565 Navigation got ALT: 0.62
[1500, 1500, 1600, 1500, 988, 950, 988, 1600, 1001, 1001, 1001, 1001, 1500, 1500, 1500, 1500]
[1500, 1500, 1600, 1500, 988, 950, 988, 1600, 1001, 1001, 1001, 1001, 1500, 1500, 1500, 1500]
[1500, 1500, 1600, 1500, 988, 950, 988, 1600, 1001, 1001, 1001, 1001, 1500, 1500, 1500, 1500]
[1500, 1500, 1600, 1500, 988, 950, 988, 1600, 1001, 1001, 1001, 1001, 1500, 1500, 1500, 1500]
[1500, 1500, 1600, 1500, 988, 950, 988, 1600, 1001, 1001, 1001, 1001, 1500, 1500, 1500, 1500]
11:09:45.749655 ALT: 0.62
11:09:45.749787 ATT: [2.6, -0.8, 314]
11:09:45.750189 ACC: [7, 24, 519]
[1500, 1500, 1600, 1500, 988, 950, 988, 1600, 1001, 1001, 1001, 1001, 1500, 1500, 1500, 1500]
11:09:45.757683 Navigation got ALT: 0.62
[1500, 1500, 1600, 1499, 988, 950, 988, 1600, 1001, 1001, 1001, 1001, 1500, 1500, 1500, 1500]
[1500, 1500, 1600, 1499, 988, 950, 988, 1600, 1001, 1001, 1001, 1001, 1500, 1500, 1500, 1500]
[1500, 1500, 1600, 1499, 988, 950, 988, 1600, 1001, 1001, 1001, 1001, 1500, 1500, 1500, 1500]
[1500, 1500, 1600, 1499, 988, 950, 988, 1600, 1001, 1001, 1001, 1001, 1500, 1500, 1500, 1500]
[1500, 1500, 1600, 1499, 988, 950, 988, 1600, 1001, 1001, 1001, 1001, 1500, 1500, 1500, 1500]
[1500, 1500, 1600, 1499, 988, 950, 988, 1600, 1001, 1001, 1001, 1001, 1500, 1500, 1500, 1500]
11:09:45.793952 Navigation got ALT: 0.62
[1500, 1500, 1600, 1499, 988, 950, 989, 1598, 1001, 1001, 1001, 1001, 1500, 1500, 1500, 1500]
11:09:45.795817 ALT: 0.62
11:09:45.795947 ATT: [2.6, -0.8, 314]
11:09:45.796375 ACC: [7, 24, 518]
[1500, 1500, 1600, 1499, 988, 950, 989, 1598, 1001, 1001, 1001, 1001, 1500, 1500, 1500, 1500]
[1500, 1500, 1600, 1499, 988, 950, 989, 1598, 1001, 1001, 1001, 1001, 1500, 1500, 1500, 1500]
[1500, 1500, 1600, 1499, 988, 950, 989, 1598, 1001, 1001, 1001, 1001, 1500, 1500, 1500, 1500]
[1500, 1500, 1600, 1499, 988, 950, 989, 1598, 1001, 1001, 1001, 1001, 1500, 1500, 1500, 1500]
11:09:45.827203 Navigation got ALT: 0.62
[1500, 1499, 1600, 1500, 988, 950, 988, 1600, 1001, 1001, 1001, 1001, 1500, 1500, 1500, 1500]
[1500, 1499, 1600, 1500, 988, 950, 988, 1600, 1001, 1001, 1001, 1001, 1500, 1500, 1500, 1500]
[1500, 1499, 1600, 1500, 988, 950, 988, 1600, 1001, 1001, 1001, 1001, 1500, 1500, 1500, 1500]
11:09:45.843365 ALT: 0.62
11:09:45.843483 ATT: [2.6, -0.8, 314]
11:09:45.843765 ACC: [8, 24, 517]
[1500, 1499, 1600, 1500, 988, 950, 988, 1600, 1001, 1001, 1001, 1001, 1500, 1500, 1500, 1500]
[1500, 1499, 1600, 1500, 988, 950, 988, 1600, 1001, 1001, 1001, 1001, 1500, 1500, 1500, 1500]
11:09:45.874781 Navigation got ALT: 0.62
[1499, 1500, 1600, 1500, 988, 950, 988, 1600, 1001, 1001, 1001, 1001, 1500, 1500, 1500, 1500]
[1499, 1500, 1600, 1500, 988, 950, 988, 1600, 1001, 1001, 1001, 1001, 1500, 1500, 1500, 1500]
[1499, 1500, 1600, 1500, 988, 950, 988, 1600, 1001, 1001, 1001, 1001, 1500, 1500, 1500, 1500]
[1499, 1500, 1600, 1500, 988, 950, 988, 1600, 1001, 1001, 1001, 1001, 1500, 1500, 1500, 1500]
[1499, 1500, 1600, 1500, 988, 950, 988, 1600, 1001, 1001, 1001, 1001, 1500, 1500, 1500, 1500]
[1499, 1500, 1600, 1500, 988, 950, 988, 1600, 1001, 1001, 1001, 1001, 1500, 1500, 1500, 1500]
11:09:45.907938 ALT: 0.62
11:09:45.908068 ATT: [2.6, -0.8, 314]
11:09:45.908369 ACC: [7, 23, 517]
11:09:45.918416 Navigation got ALT: 0.62
[1500, 1500, 1600, 1500, 988, 950, 988, 1600, 1001, 1001, 1001, 1001, 1500, 1500, 1500, 1500]
[1500, 1500, 1600, 1500, 988, 950, 988, 1600, 1001, 1001, 1001, 1001, 1500, 1500, 1500, 1500]
[1500, 1500, 1600, 1500, 988, 950, 988, 1600, 1001, 1001, 1001, 1001, 1500, 1500, 1500, 1500]
[1500, 1500, 1600, 1500, 988, 950, 988, 1600, 1001, 1001, 1001, 1001, 1500, 1500, 1500, 1500]
[1500, 1500, 1600, 1500, 988, 950, 988, 1600, 1001, 1001, 1001, 1001, 1500, 1500, 1500, 1500]
[1500, 1500, 1600, 1500, 988, 950, 988, 1600, 1001, 1001, 1001, 1001, 1500, 1500, 1500, 1500]
11:09:45.952700 Navigation got ALT: 0.62
[1499, 1500, 1600, 1500, 988, 950, 988, 1598, 1001, 1001, 1001, 1001, 1500, 1500, 1500, 1500]
[1499, 1500, 1600, 1500, 988, 950, 988, 1598, 1001, 1001, 1001, 1001, 1500, 1500, 1500, 1500]
11:09:45.955631 ALT: 0.62
11:09:45.955749 ATT: [2.6, -0.8, 314]
11:09:45.956048 ACC: [7, 24, 518]
[1499, 1500, 1600, 1500, 988, 950, 988, 1598, 1001, 1001, 1001, 1001, 1500, 1500, 1500, 1500]
[1499, 1500, 1600, 1500, 988, 950, 988, 1598, 1001, 1001, 1001, 1001, 1500, 1500, 1500, 1500]
[1499, 1500, 1600, 1500, 988, 950, 988, 1598, 1001, 1001, 1001, 1001, 1500, 1500, 1500, 1500]
[1499, 1500, 1600, 1500, 988, 950, 988, 1598, 1001, 1001, 1001, 1001, 1500, 1500, 1500, 1500]
11:09:45.983329 Navigation got ALT: 0.62
[1500, 1501, 1600, 1500, 988, 950, 988, 1600, 1001, 1001, 1001, 1001, 1500, 1500, 1500, 1500]
[1500, 1501, 1600, 1500, 988, 950, 988, 1600, 1001, 1001, 1001, 1001, 1500, 1500, 1500, 1500]
[1500, 1501, 1600, 1500, 988, 950, 988, 1600, 1001, 1001, 1001, 1001, 1500, 1500, 1500, 1500]
[1500, 1501, 1600, 1500, 988, 950, 988, 1600, 1001, 1001, 1001, 1001, 1500, 1500, 1500, 1500]
11:09:46.007012 ALT: 0.62
11:09:46.007231 ATT: [2.6, -0.8, 314]
11:09:46.009386 ACC: [8, 24, 518]
[1500, 1501, 1600, 1500, 988, 950, 988, 1600, 1001, 1001, 1001, 1001, 1500, 1500, 1500, 1500]
11:09:46.014142 Navigation got ALT: 0.62
[1500, 1500, 1600, 1500, 988, 950, 988, 1600, 1001, 1001, 1001, 1001, 1500, 1500, 1500, 1500]
[1500, 1500, 1600, 1500, 988, 950, 988, 1600, 1001, 1001, 1001, 1001, 1500, 1500, 1500, 1500]
[1500, 1500, 1600, 1500, 988, 950, 988, 1600, 1001, 1001, 1001, 1001, 1500, 1500, 1500, 1500]
[1500, 1500, 1600, 1500, 988, 950, 988, 1600, 1001, 1001, 1001, 1001, 1500, 1500, 1500, 1500]
[1500, 1500, 1600, 1500, 988, 950, 988, 1600, 1001, 1001, 1001, 1001, 1500, 1500, 1500, 1500]
11:09:46.046589 Navigation got ALT: 0.62
[1500, 1500, 1600, 1500, 988, 950, 988, 1600, 1001, 1001, 1001, 1001, 1500, 1500, 1500, 1500]
11:09:46.051431 ALT: 0.62
11:09:46.051597 ATT: [2.6, -0.8, 314]
11:09:46.051947 ACC: [8, 23, 518]
[1500, 1500, 1600, 1500, 988, 950, 988, 1600, 1001, 1001, 1001, 1001, 1500, 1500, 1500, 1500]
[1500, 1500, 1600, 1500, 988, 950, 988, 1600, 1001, 1001, 1001, 1001, 1500, 1500, 1500, 1500]
[1500, 1500, 1600, 1500, 988, 950, 988, 1600, 1001, 1001, 1001, 1001, 1500, 1500, 1500, 1500]
[1500, 1500, 1600, 1500, 988, 950, 988, 1600, 1001, 1001, 1001, 1001, 1500, 1500, 1500, 1500]
11:09:46.090965 Navigation got ALT: 0.62
[1500, 1501, 1600, 1500, 988, 950, 988, 1600, 1001, 1001, 1001, 1001, 1500, 1500, 1500, 1500]
[1500, 1501, 1600, 1500, 988, 950, 988, 1600, 1001, 1001, 1001, 1001, 1500, 1500, 1500, 1500]
[1500, 1501, 1600, 1500, 988, 950, 988, 1600, 1001, 1001, 1001, 1001, 1500, 1500, 1500, 1500]
[1500, 1501, 1600, 1500, 988, 950, 988, 1600, 1001, 1001, 1001, 1001, 1500, 1500, 1500, 1500]
[1500, 1501, 1600, 1500, 988, 950, 988, 1600, 1001, 1001, 1001, 1001, 1500, 1500, 1500, 1500]
[1500, 1501, 1600, 1500, 988, 950, 988, 1600, 1001, 1001, 1001, 1001, 1500, 1500, 1500, 1500]
11:09:46.115416 ALT: 0.62
11:09:46.115544 ATT: [2.6, -0.8, 314]
11:09:46.115946 ACC: [7, 24, 519]
11:09:46.122509 Navigation got ALT: 0.62
[1499, 1500, 1600, 1500, 988, 950, 988, 1600, 1001, 1001, 1001, 1001, 1500, 1500, 1500, 1500]
[1499, 1500, 1600, 1500, 988, 950, 988, 1600, 1001, 1001, 1001, 1001, 1500, 1500, 1500, 1500]
[1499, 1500, 1600, 1500, 988, 950, 988, 1600, 1001, 1001, 1001, 1001, 1500, 1500, 1500, 1500]
[1499, 1500, 1600, 1500, 988, 950, 988, 1600, 1001, 1001, 1001, 1001, 1500, 1500, 1500, 1500]
[1499, 1500, 1600, 1500, 988, 950, 988, 1600, 1001, 1001, 1001, 1001, 1500, 1500, 1500, 1500]
11:09:46.159594 Navigation got ALT: 0.62
[1500, 1500, 1600, 1500, 988, 950, 988, 1600, 1001, 1001, 1001, 1001, 1500, 1500, 1500, 1500]
[1500, 1500, 1600, 1500, 988, 950, 988, 1600, 1001, 1001, 1001, 1001, 1500, 1500, 1500, 1500]
[1500, 1500, 1600, 1500, 988, 950, 988, 1600, 1001, 1001, 1001, 1001, 1500, 1500, 1500, 1500]
11:09:46.183107 ALT: 0.62
11:09:46.183235 ATT: [2.6, -0.8, 314]
11:09:46.183541 ACC: [7, 24, 518]
11:09:46.191716 Navigation got ALT: 0.62
[1500, 1499, 1600, 1500, 988, 950, 988, 1600, 1001, 1001, 1001, 1001, 1500, 1500, 1500, 1500]
[1500, 1499, 1600, 1500, 988, 950, 988, 1600, 1001, 1001, 1001, 1001, 1500, 1500, 1500, 1500]
[1500, 1499, 1600, 1500, 988, 950, 988, 1600, 1001, 1001, 1001, 1001, 1500, 1500, 1500, 1500]
[1500, 1499, 1600, 1500, 988, 950, 988, 1600, 1001, 1001, 1001, 1001, 1500, 1500, 1500, 1500]
[1500, 1499, 1600, 1500, 988, 950, 988, 1600, 1001, 1001, 1001, 1001, 1500, 1500, 1500, 1500]
[1500, 1499, 1600, 1500, 988, 950, 988, 1600, 1001, 1001, 1001, 1001, 1500, 1500, 1500, 1500]
[1500, 1499, 1600, 1500, 988, 950, 988, 1600, 1001, 1001, 1001, 1001, 1500, 1500, 1500, 1500]
11:09:46.238959 Navigation got ALT: 0.62
[1499, 1500, 1600, 1500, 988, 950, 988, 1598, 1001, 1001, 1001, 1001, 1500, 1500, 1500, 1500]
[1499, 1500, 1600, 1500, 988, 950, 988, 1598, 1001, 1001, 1001, 1001, 1500, 1500, 1500, 1500]
[1499, 1500, 1600, 1500, 988, 950, 988, 1598, 1001, 1001, 1001, 1001, 1500, 1500, 1500, 1500]
11:09:46.271453 ALT: 0.62
11:09:46.271830 ATT: [2.6, -0.8, 314]
11:09:46.273042 ACC: [8, 24, 518]
11:09:46.277205 Navigation got ALT: 0.62
[1500, 1500, 1600, 1500, 988, 950, 988, 1600, 1001, 1001, 1001, 1001, 1500, 1500, 1500, 1500]
[1500, 1500, 1600, 1500, 988, 950, 988, 1600, 1001, 1001, 1001, 1001, 1500, 1500, 1500, 1500]
[1500, 1500, 1600, 1500, 988, 950, 988, 1600, 1001, 1001, 1001, 1001, 1500, 1500, 1500, 1500]
[1500, 1500, 1600, 1500, 988, 950, 988, 1600, 1001, 1001, 1001, 1001, 1500, 1500, 1500, 1500]
[1500, 1500, 1600, 1500, 988, 950, 988, 1600, 1001, 1001, 1001, 1001, 1500, 1500, 1500, 1500]
[1500, 1500, 1600, 1500, 988, 950, 988, 1600, 1001, 1001, 1001, 1001, 1500, 1500, 1500, 1500]
[1500, 1500, 1600, 1500, 988, 950, 988, 1600, 1001, 1001, 1001, 1001, 1500, 1500, 1500, 1500]
11:09:46.322957 Navigation got ALT: 0.62
[1499, 1500, 1600, 1500, 989, 949, 988, 1600, 1001, 1001, 1001, 1001, 1500, 1500, 1500, 1500]
[1499, 1500, 1600, 1500, 989, 949, 988, 1600, 1001, 1001, 1001, 1001, 1500, 1500, 1500, 1500]
[1499, 1500, 1600, 1500, 989, 949, 988, 1600, 1001, 1001, 1001, 1001, 1500, 1500, 1500, 1500]
[1499, 1500, 1600, 1500, 989, 949, 988, 1600, 1001, 1001, 1001, 1001, 1500, 1500, 1500, 1500]
[1499, 1500, 1600, 1500, 989, 949, 988, 1600, 1001, 1001, 1001, 1001, 1500, 1500, 1500, 1500]
[1499, 1500, 1600, 1500, 989, 949, 988, 1600, 1001, 1001, 1001, 1001, 1500, 1500, 1500, 1500]
[1499, 1500, 1600, 1500, 989, 949, 988, 1600, 1001, 1001, 1001, 1001, 1500, 1500, 1500, 1500]
[1499, 1500, 1600, 1500, 989, 949, 988, 1600, 1001, 1001, 1001, 1001, 1500, 1500, 1500, 1500]
[1499, 1500, 1600, 1500, 989, 949, 988, 1600, 1001, 1001, 1001, 1001, 1500, 1500, 1500, 1500]
[1499, 1500, 1600, 1500, 989, 949, 988, 1600, 1001, 1001, 1001, 1001, 1500, 1500, 1500, 1500]
11:09:46.353759 Navigation got ALT: 0.62
[1500, 1500, 1600, 1500, 988, 950, 988, 1600, 1001, 1001, 1001, 1001, 1500, 1500, 1500, 1500]
[1500, 1500, 1600, 1500, 988, 950, 988, 1600, 1001, 1001, 1001, 1001, 1500, 1500, 1500, 1500]
[1500, 1500, 1600, 1500, 988, 950, 988, 1600, 1001, 1001, 1001, 1001, 1500, 1500, 1500, 1500]
11:09:46.378541 ALT: 0.62
11:09:46.378815 ATT: [2.6, -0.8, 314]
11:09:46.379755 ACC: [7, 24, 517]
11:09:46.389339 Navigation got ALT: 0.62
[1500, 1500, 1600, 1500, 988, 950, 988, 1600, 1001, 1001, 1001, 1001, 1500, 1500, 1500, 1500]
[1500, 1500, 1600, 1500, 988, 950, 988, 1600, 1001, 1001, 1001, 1001, 1500, 1500, 1500, 1500]
[1500, 1500, 1600, 1500, 988, 950, 988, 1600, 1001, 1001, 1001, 1001, 1500, 1500, 1500, 1500]
[1500, 1500, 1600, 1500, 988, 950, 988, 1600, 1001, 1001, 1001, 1001, 1500, 1500, 1500, 1500]
[1500, 1500, 1600, 1500, 988, 950, 988, 1600, 1001, 1001, 1001, 1001, 1500, 1500, 1500, 1500]
[1500, 1500, 1600, 1500, 988, 950, 988, 1600, 1001, 1001, 1001, 1001, 1500, 1500, 1500, 1500]
[1500, 1500, 1600, 1500, 988, 950, 988, 1600, 1001, 1001, 1001, 1001, 1500, 1500, 1500, 1500]
11:09:46.420630 Navigation got ALT: 0.62
[1500, 1500, 1600, 1500, 988, 950, 988, 1598, 1001, 1001, 1001, 1001, 1500, 1500, 1500, 1500]
[1500, 1500, 1600, 1500, 988, 950, 988, 1598, 1001, 1001, 1001, 1001, 1500, 1500, 1500, 1500]
[1500, 1500, 1600, 1500, 988, 950, 988, 1598, 1001, 1001, 1001, 1001, 1500, 1500, 1500, 1500]
11:09:46.435454 ALT: 0.62
11:09:46.435557 ATT: [2.6, -0.8, 313]
11:09:46.435828 ACC: [8, 24, 518]
[1500, 1500, 1600, 1500, 988, 950, 988, 1598, 1001, 1001, 1001, 1001, 1500, 1500, 1500, 1500]
[1500, 1500, 1600, 1500, 988, 950, 988, 1598, 1001, 1001, 1001, 1001, 1500, 1500, 1500, 1500]
11:09:46.453643 Navigation got ALT: 0.62
[1500, 1500, 1600, 1499, 988, 950, 988, 1600, 1001, 1001, 1001, 1001, 1500, 1500, 1500, 1500]
[1500, 1500, 1600, 1499, 988, 950, 988, 1600, 1001, 1001, 1001, 1001, 1500, 1500, 1500, 1500]
[1500, 1500, 1600, 1499, 988, 950, 988, 1600, 1001, 1001, 1001, 1001, 1500, 1500, 1500, 1500]
[1500, 1500, 1600, 1499, 988, 950, 988, 1600, 1001, 1001, 1001, 1001, 1500, 1500, 1500, 1500]
[1500, 1500, 1600, 1499, 988, 950, 988, 1600, 1001, 1001, 1001, 1001, 1500, 1500, 1500, 1500]
11:09:46.483610 ALT: 0.62
11:09:46.483707 ATT: [2.6, -0.8, 313]
11:09:46.484025 ACC: [7, 24, 518]
11:09:46.487916 Navigation got ALT: 0.62
[1497, 1500, 1600, 1499, 988, 950, 988, 1598, 1001, 1001, 1001, 1001, 1500, 1500, 1500, 1500]
[1497, 1500, 1600, 1499, 988, 950, 988, 1598, 1001, 1001, 1001, 1001, 1500, 1500, 1500, 1500]
[1497, 1500, 1600, 1499, 988, 950, 988, 1598, 1001, 1001, 1001, 1001, 1500, 1500, 1500, 1500]
[1497, 1500, 1600, 1499, 988, 950, 988, 1598, 1001, 1001, 1001, 1001, 1500, 1500, 1500, 1500]
[1497, 1500, 1600, 1499, 988, 950, 988, 1598, 1001, 1001, 1001, 1001, 1500, 1500, 1500, 1500]
11:09:46.520037 Navigation got ALT: 0.62
[1500, 1500, 1600, 1500, 988, 950, 988, 1600, 1001, 1001, 1001, 1001, 1500, 1500, 1500, 1500]
[1500, 1500, 1600, 1500, 988, 950, 988, 1600, 1001, 1001, 1001, 1001, 1500, 1500, 1500, 1500]
11:09:46.531419 ALT: 0.62
11:09:46.534041 ATT: [2.6, -0.8, 313]
11:09:46.534526 ACC: [7, 24, 518]
[1500, 1500, 1600, 1500, 988, 950, 988, 1600, 1001, 1001, 1001, 1001, 1500, 1500, 1500, 1500]
11:09:46.554736 Navigation got ALT: 0.62
[1500, 1500, 1600, 1500, 988, 950, 988, 1600, 1001, 1001, 1001, 1001, 1500, 1500, 1500, 1500]
[1500, 1500, 1600, 1500, 988, 950, 988, 1600, 1001, 1001, 1001, 1001, 1500, 1500, 1500, 1500]
[1500, 1500, 1600, 1500, 988, 950, 988, 1600, 1001, 1001, 1001, 1001, 1500, 1500, 1500, 1500]
[1500, 1500, 1600, 1500, 988, 950, 988, 1600, 1001, 1001, 1001, 1001, 1500, 1500, 1500, 1500]
[1500, 1500, 1600, 1500, 988, 950, 988, 1600, 1001, 1001, 1001, 1001, 1500, 1500, 1500, 1500]
[1500, 1500, 1600, 1500, 988, 950, 988, 1600, 1001, 1001, 1001, 1001, 1500, 1500, 1500, 1500]
[1500, 1500, 1600, 1500, 988, 950, 988, 1600, 1001, 1001, 1001, 1001, 1500, 1500, 1500, 1500]
11:09:46.589316 ALT: 0.62
11:09:46.589553 ATT: [2.6, -0.8, 313]
11:09:46.590985 ACC: [7, 24, 518]
11:09:46.592966 Navigation got ALT: 0.62
[1500, 1500, 1600, 1499, 988, 950, 986, 1600, 1001, 1001, 1001, 1001, 1500, 1500, 1500, 1500]
[1500, 1500, 1600, 1499, 988, 950, 986, 1600, 1001, 1001, 1001, 1001, 1500, 1500, 1500, 1500]
[1500, 1500, 1600, 1499, 988, 950, 986, 1600, 1001, 1001, 1001, 1001, 1500, 1500, 1500, 1500]
[1500, 1500, 1600, 1499, 988, 950, 986, 1600, 1001, 1001, 1001, 1001, 1500, 1500, 1500, 1500]
[1500, 1500, 1600, 1499, 988, 950, 986, 1600, 1001, 1001, 1001, 1001, 1500, 1500, 1500, 1500]
[1500, 1500, 1600, 1499, 988, 950, 986, 1600, 1001, 1001, 1001, 1001, 1500, 1500, 1500, 1500]
11:09:46.629069 Navigation got ALT: 0.62
[1499, 1500, 1600, 1499, 988, 950, 988, 1598, 1001, 1001, 1001, 1001, 1500, 1500, 1500, 1500]
[1499, 1500, 1600, 1499, 988, 950, 988, 1598, 1001, 1001, 1001, 1001, 1500, 1500, 1500, 1500]
[1499, 1500, 1600, 1499, 988, 950, 988, 1598, 1001, 1001, 1001, 1001, 1500, 1500, 1500, 1500]
11:09:46.645721 ALT: 0.62
11:09:46.646045 ATT: [2.6, -0.8, 313]
11:09:46.654192 ACC: [7, 24, 518]
[1499, 1500, 1600, 1499, 988, 950, 988, 1598, 1001, 1001, 1001, 1001, 1500, 1500, 1500, 1500]
[1499, 1500, 1600, 1499, 988, 950, 988, 1598, 1001, 1001, 1001, 1001, 1500, 1500, 1500, 1500]
11:09:46.660798 Navigation got ALT: 0.62
[1500, 1500, 1600, 1500, 988, 950, 988, 1600, 1001, 1001, 1001, 1001, 1500, 1500, 1500, 1500]
[1500, 1500, 1600, 1500, 988, 950, 988, 1600, 1001, 1001, 1001, 1001, 1500, 1500, 1500, 1500]
[1500, 1500, 1600, 1500, 988, 950, 988, 1600, 1001, 1001, 1001, 1001, 1500, 1500, 1500, 1500]
[1500, 1500, 1600, 1500, 988, 950, 988, 1600, 1001, 1001, 1001, 1001, 1500, 1500, 1500, 1500]
[1500, 1500, 1600, 1500, 988, 950, 988, 1600, 1001, 1001, 1001, 1001, 1500, 1500, 1500, 1500]
11:09:46.691765 ALT: 0.62
11:09:46.691864 ATT: [2.6, -0.8, 313]
11:09:46.692140 ACC: [7, 24, 519]
11:09:46.693461 Navigation got ALT: 0.62
[1500, 1500, 1600, 1500, 988, 950, 988, 1600, 1001, 1001, 1001, 1001, 1500, 1500, 1500, 1500]
[1500, 1500, 1600, 1500, 988, 950, 988, 1600, 1001, 1001, 1001, 1001, 1500, 1500, 1500, 1500]
[1500, 1500, 1600, 1500, 988, 950, 988, 1600, 1001, 1001, 1001, 1001, 1500, 1500, 1500, 1500]
[1500, 1500, 1600, 1500, 988, 950, 988, 1600, 1001, 1001, 1001, 1001, 1500, 1500, 1500, 1500]
11:09:46.727793 Navigation got ALT: 0.62
[1500, 1500, 1600, 1500, 988, 950, 988, 1600, 1001, 1001, 1001, 1001, 1500, 1500, 1500, 1500]
[1500, 1500, 1600, 1500, 988, 950, 988, 1600, 1001, 1001, 1001, 1001, 1500, 1500, 1500, 1500]
[1500, 1500, 1600, 1500, 988, 950, 988, 1600, 1001, 1001, 1001, 1001, 1500, 1500, 1500, 1500]
11:09:46.739924 ALT: 0.62
11:09:46.740260 ATT: [2.6, -0.8, 313]
11:09:46.740710 ACC: [7, 24, 518]
[1500, 1500, 1600, 1500, 988, 950, 988, 1600, 1001, 1001, 1001, 1001, 1500, 1500, 1500, 1500]
[1500, 1500, 1600, 1500, 988, 950, 988, 1600, 1001, 1001, 1001, 1001, 1500, 1500, 1500, 1500]
[1500, 1500, 1600, 1500, 988, 950, 988, 1600, 1001, 1001, 1001, 1001, 1500, 1500, 1500, 1500]
11:09:46.759928 Navigation got ALT: 0.62
[1499, 1500, 1600, 1500, 988, 950, 988, 1600, 1001, 1001, 1001, 1001, 1500, 1500, 1500, 1500]
[1499, 1500, 1600, 1500, 988, 950, 988, 1600, 1001, 1001, 1001, 1001, 1500, 1500, 1500, 1500]
[1499, 1500, 1600, 1500, 988, 950, 988, 1600, 1001, 1001, 1001, 1001, 1500, 1500, 1500, 1500]
[1499, 1500, 1600, 1500, 988, 950, 988, 1600, 1001, 1001, 1001, 1001, 1500, 1500, 1500, 1500]
11:09:46.787767 ALT: 0.62
11:09:46.787866 ATT: [2.6, -0.8, 313]
11:09:46.788150 ACC: [8, 24, 517]
[1499, 1500, 1600, 1500, 988, 950, 988, 1600, 1001, 1001, 1001, 1001, 1500, 1500, 1500, 1500]
11:09:46.793334 Navigation got ALT: 0.62
[1500, 1500, 1600, 1500, 988, 950, 988, 1600, 1001, 1001, 1001, 1001, 1500, 1500, 1500, 1500]
[1500, 1500, 1600, 1500, 988, 950, 988, 1600, 1001, 1001, 1001, 1001, 1500, 1500, 1500, 1500]
[1500, 1500, 1600, 1500, 988, 950, 988, 1600, 1001, 1001, 1001, 1001, 1500, 1500, 1500, 1500]
[1500, 1500, 1600, 1500, 988, 950, 988, 1600, 1001, 1001, 1001, 1001, 1500, 1500, 1500, 1500]
[1500, 1500, 1600, 1500, 988, 950, 988, 1600, 1001, 1001, 1001, 1001, 1500, 1500, 1500, 1500]
11:09:46.826592 Navigation got ALT: 0.62
[1499, 1500, 1600, 1500, 988, 950, 988, 1600, 1001, 1001, 1001, 1001, 1500, 1500, 1500, 1500]
[1499, 1500, 1600, 1500, 988, 950, 988, 1600, 1001, 1001, 1001, 1001, 1500, 1500, 1500, 1500]
11:09:46.836025 ALT: 0.62
11:09:46.836117 ATT: [2.6, -0.8, 313]
11:09:46.836440 ACC: [8, 24, 518]
[1499, 1500, 1600, 1500, 988, 950, 988, 1600, 1001, 1001, 1001, 1001, 1500, 1500, 1500, 1500]
[1499, 1500, 1600, 1500, 988, 950, 988, 1600, 1001, 1001, 1001, 1001, 1500, 1500, 1500, 1500]
[1499, 1500, 1600, 1500, 988, 950, 988, 1600, 1001, 1001, 1001, 1001, 1500, 1500, 1500, 1500]
11:09:46.859892 Navigation got ALT: 0.62
[1500, 1500, 1600, 1499, 988, 950, 988, 1600, 1001, 1001, 1001, 1001, 1500, 1500, 1500, 1500]
[1500, 1500, 1600, 1499, 988, 950, 988, 1600, 1001, 1001, 1001, 1001, 1500, 1500, 1500, 1500]
[1500, 1500, 1600, 1499, 988, 950, 988, 1600, 1001, 1001, 1001, 1001, 1500, 1500, 1500, 1500]
[1500, 1500, 1600, 1499, 988, 950, 988, 1600, 1001, 1001, 1001, 1001, 1500, 1500, 1500, 1500]
11:09:46.884633 ALT: 0.62
11:09:46.884747 ATT: [2.6, -0.8, 313]
11:09:46.885045 ACC: [7, 23, 518]
[1500, 1500, 1600, 1499, 988, 950, 988, 1600, 1001, 1001, 1001, 1001, 1500, 1500, 1500, 1500]
11:09:46.893246 Navigation got ALT: 0.62
[1500, 1500, 1600, 1500, 988, 950, 988, 1598, 1001, 1001, 1001, 1001, 1500, 1500, 1500, 1500]
[1500, 1500, 1600, 1500, 988, 950, 988, 1598, 1001, 1001, 1001, 1001, 1500, 1500, 1500, 1500]
[1500, 1500, 1600, 1500, 988, 950, 988, 1598, 1001, 1001, 1001, 1001, 1500, 1500, 1500, 1500]
[1500, 1500, 1600, 1500, 988, 950, 988, 1598, 1001, 1001, 1001, 1001, 1500, 1500, 1500, 1500]
[1500, 1500, 1600, 1500, 988, 950, 988, 1598, 1001, 1001, 1001, 1001, 1500, 1500, 1500, 1500]
11:09:46.927355 Navigation got ALT: 0.62
[1499, 1500, 1600, 1500, 988, 950, 988, 1598, 1001, 1001, 1001, 1001, 1500, 1500, 1500, 1500]
11:09:46.932533 ALT: 0.62
11:09:46.932648 ATT: [2.6, -0.8, 313]
11:09:46.932959 ACC: [7, 24, 518]
[1499, 1500, 1600, 1500, 988, 950, 988, 1598, 1001, 1001, 1001, 1001, 1500, 1500, 1500, 1500]
[1499, 1500, 1600, 1500, 988, 950, 988, 1598, 1001, 1001, 1001, 1001, 1500, 1500, 1500, 1500]
[1499, 1500, 1600, 1500, 988, 950, 988, 1598, 1001, 1001, 1001, 1001, 1500, 1500, 1500, 1500]
[1499, 1500, 1600, 1500, 988, 950, 988, 1598, 1001, 1001, 1001, 1001, 1500, 1500, 1500, 1500]
11:09:46.960014 Navigation got ALT: 0.62
[1499, 1500, 1600, 1500, 988, 950, 988, 1600, 1001, 1001, 1001, 1001, 1500, 1500, 1500, 1500]
[1499, 1500, 1600, 1500, 988, 950, 988, 1600, 1001, 1001, 1001, 1001, 1500, 1500, 1500, 1500]
[1499, 1500, 1600, 1500, 988, 950, 988, 1600, 1001, 1001, 1001, 1001, 1500, 1500, 1500, 1500]
[1499, 1500, 1600, 1500, 988, 950, 988, 1600, 1001, 1001, 1001, 1001, 1500, 1500, 1500, 1500]
11:09:46.981838 ALT: 0.62
11:09:46.981938 ATT: [2.6, -0.8, 313]
11:09:46.982254 ACC: [8, 24, 517]
11:09:46.990451 Navigation got ALT: 0.62
[1500, 1500, 1600, 1500, 986, 950, 988, 1600, 1001, 1001, 1001, 1001, 1500, 1500, 1500, 1500]
[1500, 1500, 1600, 1500, 986, 950, 988, 1600, 1001, 1001, 1001, 1001, 1500, 1500, 1500, 1500]
[1500, 1500, 1600, 1500, 986, 950, 988, 1600, 1001, 1001, 1001, 1001, 1500, 1500, 1500, 1500]
[1500, 1500, 1600, 1500, 986, 950, 988, 1600, 1001, 1001, 1001, 1001, 1500, 1500, 1500, 1500]
[1500, 1500, 1600, 1500, 986, 950, 988, 1600, 1001, 1001, 1001, 1001, 1500, 1500, 1500, 1500]
11:09:47.025049 Navigation got ALT: 0.62
[1499, 1500, 1600, 1500, 988, 950, 988, 1600, 1001, 1001, 1001, 1001, 1500, 1500, 1500, 1500]
[1499, 1500, 1600, 1500, 988, 950, 988, 1600, 1001, 1001, 1001, 1001, 1500, 1500, 1500, 1500]
11:09:47.034727 ALT: 0.62
11:09:47.035192 ATT: [2.6, -0.8, 313]
11:09:47.036718 ACC: [7, 24, 518]
[1499, 1500, 1600, 1500, 988, 950, 988, 1600, 1001, 1001, 1001, 1001, 1500, 1500, 1500, 1500]
[1499, 1500, 1600, 1500, 988, 950, 988, 1600, 1001, 1001, 1001, 1001, 1500, 1500, 1500, 1500]
[1499, 1500, 1600, 1500, 988, 950, 988, 1600, 1001, 1001, 1001, 1001, 1500, 1500, 1500, 1500]
11:09:47.074714 Navigation got ALT: 0.62
[1500, 1500, 1600, 1500, 988, 950, 988, 1600, 1001, 1001, 1001, 1001, 1500, 1500, 1500, 1500]
[1500, 1500, 1600, 1500, 988, 950, 988, 1600, 1001, 1001, 1001, 1001, 1500, 1500, 1500, 1500]
[1500, 1500, 1600, 1500, 988, 950, 988, 1600, 1001, 1001, 1001, 1001, 1500, 1500, 1500, 1500]
[1500, 1500, 1600, 1500, 988, 950, 988, 1600, 1001, 1001, 1001, 1001, 1500, 1500, 1500, 1500]
[1500, 1500, 1600, 1500, 988, 950, 988, 1600, 1001, 1001, 1001, 1001, 1500, 1500, 1500, 1500]
[1500, 1500, 1600, 1500, 988, 950, 988, 1600, 1001, 1001, 1001, 1001, 1500, 1500, 1500, 1500]
[1500, 1500, 1600, 1500, 988, 950, 988, 1600, 1001, 1001, 1001, 1001, 1500, 1500, 1500, 1500]
[1500, 1500, 1600, 1500, 988, 950, 988, 1600, 1001, 1001, 1001, 1001, 1500, 1500, 1500, 1500]
11:09:47.109243 ALT: 0.62
11:09:47.109699 ATT: [2.6, -0.8, 313]
11:09:47.110281 ACC: [7, 24, 519]
11:09:47.120781 Navigation got ALT: 0.62
[1500, 1500, 1600, 1500, 988, 950, 988, 1600, 1001, 1001, 1001, 1001, 1500, 1500, 1500, 1500]
[1500, 1500, 1600, 1500, 988, 950, 988, 1600, 1001, 1001, 1001, 1001, 1500, 1500, 1500, 1500]
[1500, 1500, 1600, 1500, 988, 950, 988, 1600, 1001, 1001, 1001, 1001, 1500, 1500, 1500, 1500]
[1500, 1500, 1600, 1500, 988, 950, 988, 1600, 1001, 1001, 1001, 1001, 1500, 1500, 1500, 1500]
[1500, 1500, 1600, 1500, 988, 950, 988, 1600, 1001, 1001, 1001, 1001, 1500, 1500, 1500, 1500]
[1500, 1500, 1600, 1500, 988, 950, 988, 1600, 1001, 1001, 1001, 1001, 1500, 1500, 1500, 1500]
11:09:47.154696 Navigation got ALT: 0.62
[1499, 1500, 1600, 1499, 988, 950, 988, 1600, 1001, 1001, 1001, 1001, 1500, 1500, 1500, 1500]
[1499, 1500, 1600, 1499, 988, 950, 988, 1600, 1001, 1001, 1001, 1001, 1500, 1500, 1500, 1500]
[1499, 1500, 1600, 1499, 988, 950, 988, 1600, 1001, 1001, 1001, 1001, 1500, 1500, 1500, 1500]
11:09:47.170283 ALT: 0.62
11:09:47.170432 ATT: [2.6, -0.8, 313]
11:09:47.170768 ACC: [8, 24, 518]
11:09:47.194812 Navigation got ALT: 0.62
[1499, 1500, 1600, 1500, 988, 950, 988, 1600, 1001, 1001, 1001, 1001, 1500, 1500, 1500, 1500]
[1499, 1500, 1600, 1500, 988, 950, 988, 1600, 1001, 1001, 1001, 1001, 1500, 1500, 1500, 1500]
[1499, 1500, 1600, 1500, 988, 950, 988, 1600, 1001, 1001, 1001, 1001, 1500, 1500, 1500, 1500]
[1499, 1500, 1600, 1500, 988, 950, 988, 1600, 1001, 1001, 1001, 1001, 1500, 1500, 1500, 1500]
11:09:47.226158 Navigation got ALT: 0.62
[1500, 1500, 1600, 1500, 986, 950, 988, 1600, 1001, 1001, 1001, 1001, 1500, 1500, 1500, 1500]
11:09:47.235602 ALT: 0.62
11:09:47.235716 ATT: [2.6, -0.8, 313]
11:09:47.236059 ACC: [7, 24, 518]
[1500, 1500, 1600, 1500, 986, 950, 988, 1600, 1001, 1001, 1001, 1001, 1500, 1500, 1500, 1500]
[1500, 1500, 1600, 1500, 986, 950, 988, 1600, 1001, 1001, 1001, 1001, 1500, 1500, 1500, 1500]
[1500, 1500, 1600, 1500, 986, 950, 988, 1600, 1001, 1001, 1001, 1001, 1500, 1500, 1500, 1500]
[1500, 1500, 1600, 1500, 986, 950, 988, 1600, 1001, 1001, 1001, 1001, 1500, 1500, 1500, 1500]
[1500, 1500, 1600, 1500, 986, 950, 988, 1600, 1001, 1001, 1001, 1001, 1500, 1500, 1500, 1500]
[1500, 1500, 1600, 1500, 986, 950, 988, 1600, 1001, 1001, 1001, 1001, 1500, 1500, 1500, 1500]
[1500, 1500, 1600, 1500, 986, 950, 988, 1600, 1001, 1001, 1001, 1001, 1500, 1500, 1500, 1500]
[1500, 1500, 1600, 1500, 986, 950, 988, 1600, 1001, 1001, 1001, 1001, 1500, 1500, 1500, 1500]
[1500, 1500, 1600, 1500, 986, 950, 988, 1600, 1001, 1001, 1001, 1001, 1500, 1500, 1500, 1500]
11:09:47.260304 Navigation got ALT: 0.62
[1500, 1500, 1600, 1500, 988, 950, 988, 1600, 1001, 1001, 1001, 1001, 1500, 1500, 1500, 1500]
[1500, 1500, 1600, 1500, 988, 950, 988, 1600, 1001, 1001, 1001, 1001, 1500, 1500, 1500, 1500]
11:09:47.291134 Navigation got ALT: 0.62
[1500, 1500, 1600, 1500, 988, 950, 988, 1600, 1001, 1001, 1001, 1001, 1500, 1500, 1500, 1500]
[1500, 1500, 1600, 1500, 988, 950, 988, 1600, 1001, 1001, 1001, 1001, 1500, 1500, 1500, 1500]
[1500, 1500, 1600, 1500, 988, 950, 988, 1600, 1001, 1001, 1001, 1001, 1500, 1500, 1500, 1500]
[1500, 1500, 1600, 1500, 988, 950, 988, 1600, 1001, 1001, 1001, 1001, 1500, 1500, 1500, 1500]
[1500, 1500, 1600, 1500, 988, 950, 988, 1600, 1001, 1001, 1001, 1001, 1500, 1500, 1500, 1500]
[1500, 1500, 1600, 1500, 988, 950, 988, 1600, 1001, 1001, 1001, 1001, 1500, 1500, 1500, 1500]
11:09:47.314431 ALT: 0.62
11:09:47.314548 ATT: [2.6, -0.8, 313]
11:09:47.314864 ACC: [7, 24, 518]
[1500, 1500, 1600, 1500, 988, 950, 988, 1600, 1001, 1001, 1001, 1001, 1500, 1500, 1500, 1500]
[1500, 1500, 1600, 1500, 988, 950, 988, 1600, 1001, 1001, 1001, 1001, 1500, 1500, 1500, 1500]
11:09:47.333373 Navigation got ALT: 0.62
[1499, 1500, 1600, 1499, 988, 950, 988, 1598, 1001, 1001, 1001, 1001, 1500, 1500, 1500, 1500]
[1499, 1500, 1600, 1499, 988, 950, 988, 1598, 1001, 1001, 1001, 1001, 1500, 1500, 1500, 1500]
[1499, 1500, 1600, 1499, 988, 950, 988, 1598, 1001, 1001, 1001, 1001, 1500, 1500, 1500, 1500]
[1499, 1500, 1600, 1499, 988, 950, 988, 1598, 1001, 1001, 1001, 1001, 1500, 1500, 1500, 1500]
[1499, 1500, 1600, 1499, 988, 950, 988, 1598, 1001, 1001, 1001, 1001, 1500, 1500, 1500, 1500]
[1499, 1500, 1600, 1499, 988, 950, 988, 1598, 1001, 1001, 1001, 1001, 1500, 1500, 1500, 1500]
11:09:47.366216 ALT: 0.62
11:09:47.366329 ATT: [2.6, -0.8, 313]
11:09:47.366715 ACC: [8, 23, 518]
11:09:47.370984 Navigation got ALT: 0.62
[1500, 1500, 1600, 1499, 988, 950, 988, 1600, 1001, 1001, 1001, 1001, 1500, 1500, 1500, 1500]
[1500, 1500, 1600, 1499, 988, 950, 988, 1600, 1001, 1001, 1001, 1001, 1500, 1500, 1500, 1500]
[1500, 1500, 1600, 1499, 988, 950, 988, 1600, 1001, 1001, 1001, 1001, 1500, 1500, 1500, 1500]
[1500, 1500, 1600, 1499, 988, 950, 988, 1600, 1001, 1001, 1001, 1001, 1500, 1500, 1500, 1500]
11:09:47.402158 Navigation got ALT: 0.62
[1500, 1500, 1600, 1500, 986, 950, 988, 1600, 1001, 1001, 1001, 1001, 1500, 1500, 1500, 1500]
[1500, 1500, 1600, 1500, 986, 950, 988, 1600, 1001, 1001, 1001, 1001, 1500, 1500, 1500, 1500]
[1500, 1500, 1600, 1500, 986, 950, 988, 1600, 1001, 1001, 1001, 1001, 1500, 1500, 1500, 1500]
11:09:47.414649 ALT: 0.62
11:09:47.414770 ATT: [2.6, -0.8, 313]
11:09:47.415054 ACC: [7, 24, 518]
[1500, 1500, 1600, 1500, 986, 950, 988, 1600, 1001, 1001, 1001, 1001, 1500, 1500, 1500, 1500]
[1500, 1500, 1600, 1500, 986, 950, 988, 1600, 1001, 1001, 1001, 1001, 1500, 1500, 1500, 1500]
[1500, 1500, 1600, 1500, 986, 950, 988, 1600, 1001, 1001, 1001, 1001, 1500, 1500, 1500, 1500]
11:09:47.435554 Navigation got ALT: 0.62
[1500, 1500, 1600, 1500, 988, 950, 988, 1600, 1001, 1001, 1001, 1001, 1500, 1500, 1500, 1500]
[1500, 1500, 1600, 1500, 988, 950, 988, 1600, 1001, 1001, 1001, 1001, 1500, 1500, 1500, 1500]
[1500, 1500, 1600, 1500, 988, 950, 988, 1600, 1001, 1001, 1001, 1001, 1500, 1500, 1500, 1500]
[1500, 1500, 1600, 1500, 988, 950, 988, 1600, 1001, 1001, 1001, 1001, 1500, 1500, 1500, 1500]
[1500, 1500, 1600, 1500, 988, 950, 988, 1600, 1001, 1001, 1001, 1001, 1500, 1500, 1500, 1500]
11:09:47.466652 Navigation got ALT: 0.62
[1500, 1500, 1600, 1499, 988, 950, 988, 1600, 1001, 1001, 1001, 1001, 1500, 1500, 1500, 1500]
11:09:47.469602 ALT: 0.62
11:09:47.469752 ATT: [2.6, -0.8, 313]
[1500, 1500, 1600, 1499, 988, 950, 988, 1600, 1001, 1001, 1001, 1001, 1500, 1500, 1500, 1500]
[1500, 1500, 1600, 1499, 988, 950, 988, 1600, 1001, 1001, 1001, 1001, 1500, 1500, 1500, 1500]
11:09:47.484971 ACC: [7, 24, 518]
[1500, 1500, 1600, 1499, 988, 950, 988, 1600, 1001, 1001, 1001, 1001, 1500, 1500, 1500, 1500]
[1500, 1500, 1600, 1499, 988, 950, 988, 1600, 1001, 1001, 1001, 1001, 1500, 1500, 1500, 1500]
11:09:47.500194 Navigation got ALT: 0.62
[1500, 1500, 1600, 1500, 988, 950, 988, 1598, 1001, 1001, 1001, 1001, 1500, 1500, 1500, 1500]
[1500, 1500, 1600, 1500, 988, 950, 988, 1598, 1001, 1001, 1001, 1001, 1500, 1500, 1500, 1500]
[1500, 1500, 1600, 1500, 988, 950, 988, 1598, 1001, 1001, 1001, 1001, 1500, 1500, 1500, 1500]
[1500, 1500, 1600, 1500, 988, 950, 988, 1598, 1001, 1001, 1001, 1001, 1500, 1500, 1500, 1500]
11:09:47.524151 ALT: 0.62
11:09:47.524303 ATT: [2.6, -0.8, 313]
11:09:47.526659 ACC: [8, 23, 518]
11:09:47.536167 Navigation got ALT: 0.62
[1499, 1500, 1600, 1500, 988, 950, 988, 1600, 1001, 1001, 1001, 1001, 1500, 1500, 1500, 1500]
[1499, 1500, 1600, 1500, 988, 950, 988, 1600, 1001, 1001, 1001, 1001, 1500, 1500, 1500, 1500]
[1499, 1500, 1600, 1500, 988, 950, 988, 1600, 1001, 1001, 1001, 1001, 1500, 1500, 1500, 1500]
[1499, 1500, 1600, 1500, 988, 950, 988, 1600, 1001, 1001, 1001, 1001, 1500, 1500, 1500, 1500]
[1499, 1500, 1600, 1500, 988, 950, 988, 1600, 1001, 1001, 1001, 1001, 1500, 1500, 1500, 1500]
11:09:47.571703 ALT: 0.62
11:09:47.571833 ATT: [2.6, -0.8, 313]
11:09:47.572176 ACC: [8, 24, 518]
11:09:47.573095 Navigation got ALT: 0.62
[1500, 1499, 1600, 1500, 988, 950, 988, 1600, 1001, 1001, 1001, 1001, 1500, 1500, 1500, 1500]
[1500, 1499, 1600, 1500, 988, 950, 988, 1600, 1001, 1001, 1001, 1001, 1500, 1500, 1500, 1500]
[1500, 1499, 1600, 1500, 988, 950, 988, 1600, 1001, 1001, 1001, 1001, 1500, 1500, 1500, 1500]
[1500, 1499, 1600, 1500, 988, 950, 988, 1600, 1001, 1001, 1001, 1001, 1500, 1500, 1500, 1500]
[1500, 1499, 1600, 1500, 988, 950, 988, 1600, 1001, 1001, 1001, 1001, 1500, 1500, 1500, 1500]
[1500, 1499, 1600, 1500, 988, 950, 988, 1600, 1001, 1001, 1001, 1001, 1500, 1500, 1500, 1500]
11:09:47.606395 Navigation got ALT: 0.62
[1500, 1500, 1600, 1500, 988, 951, 986, 1598, 1001, 1001, 1001, 1001, 1500, 1500, 1500, 1500]
[1500, 1500, 1600, 1500, 988, 951, 986, 1598, 1001, 1001, 1001, 1001, 1500, 1500, 1500, 1500]
[1500, 1500, 1600, 1500, 988, 951, 986, 1598, 1001, 1001, 1001, 1001, 1500, 1500, 1500, 1500]
[1500, 1500, 1600, 1500, 988, 951, 986, 1598, 1001, 1001, 1001, 1001, 1500, 1500, 1500, 1500]
[1500, 1500, 1600, 1500, 988, 951, 986, 1598, 1001, 1001, 1001, 1001, 1500, 1500, 1500, 1500]
[1500, 1500, 1600, 1500, 988, 951, 986, 1598, 1001, 1001, 1001, 1001, 1500, 1500, 1500, 1500]
11:09:47.638130 ALT: 0.62
11:09:47.638231 ATT: [2.6, -0.8, 313]
11:09:47.638568 ACC: [7, 24, 518]
11:09:47.642339 Navigation got ALT: 0.62
[1500, 1500, 1600, 1500, 986, 950, 988, 1598, 1001, 1001, 1001, 1001, 1500, 1500, 1500, 1500]
[1500, 1500, 1600, 1500, 986, 950, 988, 1598, 1001, 1001, 1001, 1001, 1500, 1500, 1500, 1500]
[1500, 1500, 1600, 1500, 986, 950, 988, 1598, 1001, 1001, 1001, 1001, 1500, 1500, 1500, 1500]
[1500, 1500, 1600, 1500, 986, 950, 988, 1598, 1001, 1001, 1001, 1001, 1500, 1500, 1500, 1500]
[1500, 1500, 1600, 1500, 986, 950, 988, 1598, 1001, 1001, 1001, 1001, 1500, 1500, 1500, 1500]
11:09:47.675013 Navigation got ALT: 0.62
[1500, 1500, 1600, 1499, 988, 950, 988, 1600, 1001, 1001, 1001, 1001, 1500, 1500, 1500, 1500]
[1500, 1500, 1600, 1499, 988, 950, 988, 1600, 1001, 1001, 1001, 1001, 1500, 1500, 1500, 1500]
11:09:47.684010 ALT: 0.62
11:09:47.684109 ATT: [2.6, -0.8, 313]
11:09:47.684435 ACC: [7, 24, 518]
[1500, 1500, 1600, 1499, 988, 950, 988, 1600, 1001, 1001, 1001, 1001, 1500, 1500, 1500, 1500]
[1500, 1500, 1600, 1499, 988, 950, 988, 1600, 1001, 1001, 1001, 1001, 1500, 1500, 1500, 1500]
[1500, 1500, 1600, 1499, 988, 950, 988, 1600, 1001, 1001, 1001, 1001, 1500, 1500, 1500, 1500]
11:09:47.707827 Navigation got ALT: 0.62
[1500, 1500, 1600, 1500, 988, 950, 988, 1600, 1001, 1001, 1001, 1001, 1500, 1500, 1500, 1500]
[1500, 1500, 1600, 1500, 988, 950, 988, 1600, 1001, 1001, 1001, 1001, 1500, 1500, 1500, 1500]
[1500, 1500, 1600, 1500, 988, 950, 988, 1600, 1001, 1001, 1001, 1001, 1500, 1500, 1500, 1500]
[1500, 1500, 1600, 1500, 988, 950, 988, 1600, 1001, 1001, 1001, 1001, 1500, 1500, 1500, 1500]
11:09:47.731529 ALT: 0.62
11:09:47.731653 ATT: [2.6, -0.8, 313]
11:09:47.731955 ACC: [8, 23, 518]
[1500, 1500, 1600, 1500, 988, 950, 988, 1600, 1001, 1001, 1001, 1001, 1500, 1500, 1500, 1500]
11:09:47.740009 Navigation got ALT: 0.62
[1500, 1500, 1600, 1500, 988, 950, 988, 1600, 1001, 1001, 1001, 1001, 1500, 1500, 1500, 1500]
[1500, 1500, 1600, 1500, 988, 950, 988, 1600, 1001, 1001, 1001, 1001, 1500, 1500, 1500, 1500]
[1500, 1500, 1600, 1500, 988, 950, 988, 1600, 1001, 1001, 1001, 1001, 1500, 1500, 1500, 1500]
[1500, 1500, 1600, 1500, 988, 950, 988, 1600, 1001, 1001, 1001, 1001, 1500, 1500, 1500, 1500]
[1500, 1500, 1600, 1500, 988, 950, 988, 1600, 1001, 1001, 1001, 1001, 1500, 1500, 1500, 1500]
11:09:47.780103 Navigation got ALT: 0.62
[1500, 1500, 1600, 1500, 988, 950, 988, 1600, 1001, 1001, 1001, 1001, 1500, 1500, 1500, 1500]
11:09:47.783068 ALT: 0.62
11:09:47.783297 ATT: [2.6, -0.8, 313]
[1500, 1500, 1600, 1500, 988, 950, 988, 1600, 1001, 1001, 1001, 1001, 1500, 1500, 1500, 1500]
[1500, 1500, 1600, 1500, 988, 950, 988, 1600, 1001, 1001, 1001, 1001, 1500, 1500, 1500, 1500]
11:09:47.788467 ACC: [8, 24, 518]
[1500, 1500, 1600, 1500, 988, 950, 988, 1600, 1001, 1001, 1001, 1001, 1500, 1500, 1500, 1500]
[1500, 1500, 1600, 1500, 988, 950, 988, 1600, 1001, 1001, 1001, 1001, 1500, 1500, 1500, 1500]
[1500, 1500, 1600, 1500, 988, 950, 988, 1600, 1001, 1001, 1001, 1001, 1500, 1500, 1500, 1500]
11:09:47.813361 Navigation got ALT: 0.62
[1500, 1500, 1600, 1499, 988, 950, 988, 1600, 1001, 1001, 1001, 1001, 1500, 1500, 1500, 1500]
[1500, 1500, 1600, 1499, 988, 950, 988, 1600, 1001, 1001, 1001, 1001, 1500, 1500, 1500, 1500]
[1500, 1500, 1600, 1499, 988, 950, 988, 1600, 1001, 1001, 1001, 1001, 1500, 1500, 1500, 1500]
[1500, 1500, 1600, 1499, 988, 950, 988, 1600, 1001, 1001, 1001, 1001, 1500, 1500, 1500, 1500]
[1500, 1500, 1600, 1499, 988, 950, 988, 1600, 1001, 1001, 1001, 1001, 1500, 1500, 1500, 1500]
11:09:47.844154 ALT: 0.62
11:09:47.844474 ATT: [2.6, -0.8, 313]
11:09:47.845003 ACC: [7, 24, 518]
11:09:47.847225 Navigation got ALT: 0.62
[1499, 1500, 1600, 1500, 988, 950, 988, 1600, 1001, 1001, 1001, 1001, 1500, 1500, 1500, 1500]
[1499, 1500, 1600, 1500, 988, 950, 988, 1600, 1001, 1001, 1001, 1001, 1500, 1500, 1500, 1500]
[1499, 1500, 1600, 1500, 988, 950, 988, 1600, 1001, 1001, 1001, 1001, 1500, 1500, 1500, 1500]
[1499, 1500, 1600, 1500, 988, 950, 988, 1600, 1001, 1001, 1001, 1001, 1500, 1500, 1500, 1500]
[1499, 1500, 1600, 1500, 988, 950, 988, 1600, 1001, 1001, 1001, 1001, 1500, 1500, 1500, 1500]
11:09:47.880496 Navigation got ALT: 0.62
[1500, 1500, 1600, 1499, 988, 950, 988, 1600, 1001, 1001, 1001, 1001, 1500, 1500, 1500, 1500]
[1500, 1500, 1600, 1499, 988, 950, 988, 1600, 1001, 1001, 1001, 1001, 1500, 1500, 1500, 1500]
11:09:47.893363 ALT: 0.62
11:09:47.893508 ATT: [2.6, -0.8, 313]
11:09:47.894726 ACC: [7, 24, 518]
[1500, 1500, 1600, 1499, 988, 950, 988, 1600, 1001, 1001, 1001, 1001, 1500, 1500, 1500, 1500]
[1500, 1500, 1600, 1499, 988, 950, 988, 1600, 1001, 1001, 1001, 1001, 1500, 1500, 1500, 1500]
11:09:47.911380 Navigation got ALT: 0.62
[1500, 1500, 1600, 1500, 988, 950, 988, 1600, 1001, 1001, 1001, 1001, 1500, 1500, 1500, 1500]
[1500, 1500, 1600, 1500, 988, 950, 988, 1600, 1001, 1001, 1001, 1001, 1500, 1500, 1500, 1500]
[1500, 1500, 1600, 1500, 988, 950, 988, 1600, 1001, 1001, 1001, 1001, 1500, 1500, 1500, 1500]
[1500, 1500, 1600, 1500, 988, 950, 988, 1600, 1001, 1001, 1001, 1001, 1500, 1500, 1500, 1500]
[1500, 1500, 1600, 1500, 988, 950, 988, 1600, 1001, 1001, 1001, 1001, 1500, 1500, 1500, 1500]
[1500, 1500, 1600, 1500, 988, 950, 988, 1600, 1001, 1001, 1001, 1001, 1500, 1500, 1500, 1500]
11:09:47.941478 ALT: 0.62
11:09:47.941585 ATT: [2.6, -0.8, 313]
11:09:47.941939 ACC: [8, 24, 517]
11:09:47.947750 Navigation got ALT: 0.62
[1500, 1500, 1600, 1500, 988, 950, 988, 1598, 1001, 1001, 1001, 1001, 1500, 1500, 1500, 1500]
[1500, 1500, 1600, 1500, 988, 950, 988, 1598, 1001, 1001, 1001, 1001, 1500, 1500, 1500, 1500]
[1500, 1500, 1600, 1500, 988, 950, 988, 1598, 1001, 1001, 1001, 1001, 1500, 1500, 1500, 1500]
11:09:47.986854 Navigation got ALT: 0.62
[1500, 1500, 1600, 1499, 988, 950, 988, 1600, 1001, 1001, 1001, 1001, 1500, 1500, 1500, 1500]
[1500, 1500, 1600, 1499, 988, 950, 988, 1600, 1001, 1001, 1001, 1001, 1500, 1500, 1500, 1500]
[1500, 1500, 1600, 1499, 988, 950, 988, 1600, 1001, 1001, 1001, 1001, 1500, 1500, 1500, 1500]
[1500, 1500, 1600, 1499, 988, 950, 988, 1600, 1001, 1001, 1001, 1001, 1500, 1500, 1500, 1500]
11:09:47.991415 ALT: 0.62
11:09:47.991528 ATT: [2.6, -0.8, 313]
11:09:47.992668 ACC: [8, 24, 518]
11:09:48.017681 Navigation got ALT: 0.62
[1500, 1500, 1600, 1500, 988, 950, 988, 1600, 1001, 1001, 1001, 1001, 1500, 1500, 1500, 1500]
[1500, 1500, 1600, 1500, 988, 950, 988, 1600, 1001, 1001, 1001, 1001, 1500, 1500, 1500, 1500]
[1500, 1500, 1600, 1500, 988, 950, 988, 1600, 1001, 1001, 1001, 1001, 1500, 1500, 1500, 1500]
[1500, 1500, 1600, 1500, 988, 950, 988, 1600, 1001, 1001, 1001, 1001, 1500, 1500, 1500, 1500]
[1500, 1500, 1600, 1500, 988, 950, 988, 1600, 1001, 1001, 1001, 1001, 1500, 1500, 1500, 1500]
[1500, 1500, 1600, 1500, 988, 950, 988, 1600, 1001, 1001, 1001, 1001, 1500, 1500, 1500, 1500]
11:09:48.037483 ALT: 0.62
11:09:48.037602 ATT: [2.6, -0.8, 313]
11:09:48.038054 ACC: [7, 24, 518]
[1500, 1500, 1600, 1500, 988, 950, 988, 1600, 1001, 1001, 1001, 1001, 1500, 1500, 1500, 1500]
[1500, 1500, 1600, 1500, 988, 950, 988, 1600, 1001, 1001, 1001, 1001, 1500, 1500, 1500, 1500]
11:09:48.049117 Navigation got ALT: 0.62
[1500, 1500, 1600, 1500, 988, 950, 988, 1600, 1001, 1001, 1001, 1001, 1500, 1500, 1500, 1500]
[1500, 1500, 1600, 1500, 988, 950, 988, 1600, 1001, 1001, 1001, 1001, 1500, 1500, 1500, 1500]
[1500, 1500, 1600, 1500, 988, 950, 988, 1600, 1001, 1001, 1001, 1001, 1500, 1500, 1500, 1500]
[1500, 1500, 1600, 1500, 988, 950, 988, 1600, 1001, 1001, 1001, 1001, 1500, 1500, 1500, 1500]
[1500, 1500, 1600, 1500, 988, 950, 988, 1600, 1001, 1001, 1001, 1001, 1500, 1500, 1500, 1500]
11:09:48.081918 Navigation got ALT: 0.62
[1500, 1500, 1600, 1499, 988, 950, 988, 1600, 1001, 1001, 1001, 1001, 1500, 1500, 1500, 1500]
11:09:48.084419 ALT: 0.62
11:09:48.084523 ATT: [2.6, -0.8, 313]
11:09:48.084863 ACC: [7, 23, 518]
[1500, 1500, 1600, 1499, 988, 950, 988, 1600, 1001, 1001, 1001, 1001, 1500, 1500, 1500, 1500]
[1500, 1500, 1600, 1499, 988, 950, 988, 1600, 1001, 1001, 1001, 1001, 1500, 1500, 1500, 1500]
[1500, 1500, 1600, 1499, 988, 950, 988, 1600, 1001, 1001, 1001, 1001, 1500, 1500, 1500, 1500]
[1500, 1500, 1600, 1499, 988, 950, 988, 1600, 1001, 1001, 1001, 1001, 1500, 1500, 1500, 1500]
11:09:48.113517 Navigation got ALT: 0.62
[1500, 1500, 1600, 1500, 988, 950, 988, 1598, 1001, 1001, 1001, 1001, 1500, 1500, 1500, 1500]
[1500, 1500, 1600, 1500, 988, 950, 988, 1598, 1001, 1001, 1001, 1001, 1500, 1500, 1500, 1500]
[1500, 1500, 1600, 1500, 988, 950, 988, 1598, 1001, 1001, 1001, 1001, 1500, 1500, 1500, 1500]
11:09:48.132941 ALT: 0.62
11:09:48.133060 ATT: [2.6, -0.8, 313]
11:09:48.133394 ACC: [7, 24, 518]
11:09:48.144691 Navigation got ALT: 0.62
[1500, 1500, 1600, 1500, 988, 950, 988, 1600, 1001, 1001, 1001, 1001, 1500, 1500, 1500, 1500]
[1500, 1500, 1600, 1500, 988, 950, 988, 1600, 1001, 1001, 1001, 1001, 1500, 1500, 1500, 1500]
[1500, 1500, 1600, 1500, 988, 950, 988, 1600, 1001, 1001, 1001, 1001, 1500, 1500, 1500, 1500]
[1500, 1500, 1600, 1500, 988, 950, 988, 1600, 1001, 1001, 1001, 1001, 1500, 1500, 1500, 1500]
11:09:48.175081 Navigation got ALT: 0.62
[1500, 1500, 1600, 1499, 988, 950, 988, 1600, 1001, 1001, 1001, 1001, 1500, 1500, 1500, 1500]
[1500, 1500, 1600, 1499, 988, 950, 988, 1600, 1001, 1001, 1001, 1001, 1500, 1500, 1500, 1500]
[1500, 1500, 1600, 1499, 988, 950, 988, 1600, 1001, 1001, 1001, 1001, 1500, 1500, 1500, 1500]
[1500, 1500, 1600, 1499, 988, 950, 988, 1600, 1001, 1001, 1001, 1001, 1500, 1500, 1500, 1500]
[1500, 1500, 1600, 1499, 988, 950, 988, 1600, 1001, 1001, 1001, 1001, 1500, 1500, 1500, 1500]
[1500, 1500, 1600, 1499, 988, 950, 988, 1600, 1001, 1001, 1001, 1001, 1500, 1500, 1500, 1500]
[1500, 1500, 1600, 1499, 988, 950, 988, 1600, 1001, 1001, 1001, 1001, 1500, 1500, 1500, 1500]
11:09:48.201048 ALT: 0.62
11:09:48.201118 ATT: [2.6, -0.8, 313]
11:09:48.202732 ACC: [7, 24, 517]
11:09:48.206850 Navigation got ALT: 0.62
[1500, 1500, 1600, 1500, 988, 950, 988, 1600, 1001, 1001, 1001, 1001, 1500, 1500, 1500, 1500]
[1500, 1500, 1600, 1500, 988, 950, 988, 1600, 1001, 1001, 1001, 1001, 1500, 1500, 1500, 1500]
[1500, 1500, 1600, 1500, 988, 950, 988, 1600, 1001, 1001, 1001, 1001, 1500, 1500, 1500, 1500]
[1500, 1500, 1600, 1500, 988, 950, 988, 1600, 1001, 1001, 1001, 1001, 1500, 1500, 1500, 1500]
[1500, 1500, 1600, 1500, 988, 950, 988, 1600, 1001, 1001, 1001, 1001, 1500, 1500, 1500, 1500]
11:09:48.239929 Navigation got ALT: 0.62
[1500, 1500, 1600, 1500, 988, 950, 989, 1597, 1001, 1001, 1001, 1001, 1500, 1500, 1500, 1500]
[1500, 1500, 1600, 1500, 988, 950, 989, 1597, 1001, 1001, 1001, 1001, 1500, 1500, 1500, 1500]
[1500, 1500, 1600, 1500, 988, 950, 989, 1597, 1001, 1001, 1001, 1001, 1500, 1500, 1500, 1500]
11:09:48.259928 ALT: 0.67
11:09:48.260045 ATT: [2.6, -0.8, 313]
11:09:48.260281 ACC: [7, 24, 518]
[1500, 1500, 1600, 1500, 988, 950, 989, 1597, 1001, 1001, 1001, 1001, 1500, 1500, 1500, 1500]
[1500, 1500, 1600, 1500, 988, 950, 989, 1597, 1001, 1001, 1001, 1001, 1500, 1500, 1500, 1500]
11:09:48.274946 Navigation got ALT: 0.67
[1497, 1500, 1600, 1500, 988, 950, 988, 1600, 1001, 1001, 1001, 1001, 1500, 1500, 1500, 1500]
[1497, 1500, 1600, 1500, 988, 950, 988, 1600, 1001, 1001, 1001, 1001, 1500, 1500, 1500, 1500]
[1497, 1500, 1600, 1500, 988, 950, 988, 1600, 1001, 1001, 1001, 1001, 1500, 1500, 1500, 1500]
[1497, 1500, 1600, 1500, 988, 950, 988, 1600, 1001, 1001, 1001, 1001, 1500, 1500, 1500, 1500]
[1497, 1500, 1600, 1500, 988, 950, 988, 1600, 1001, 1001, 1001, 1001, 1500, 1500, 1500, 1500]
11:09:48.309562 ALT: 0.68
11:09:48.309667 ATT: [2.6, -0.8, 313]
11:09:48.310017 ACC: [8, 24, 518]
11:09:48.310964 Navigation got ALT: 0.68
[1500, 1500, 1600, 1500, 988, 950, 988, 1600, 1001, 1001, 1001, 1001, 1500, 1500, 1500, 1500]
[1500, 1500, 1600, 1500, 988, 950, 988, 1600, 1001, 1001, 1001, 1001, 1500, 1500, 1500, 1500]
[1500, 1500, 1600, 1500, 988, 950, 988, 1600, 1001, 1001, 1001, 1001, 1500, 1500, 1500, 1500]
[1500, 1500, 1600, 1500, 988, 950, 988, 1600, 1001, 1001, 1001, 1001, 1500, 1500, 1500, 1500]
[1500, 1500, 1600, 1500, 988, 950, 988, 1600, 1001, 1001, 1001, 1001, 1500, 1500, 1500, 1500]
[1500, 1500, 1600, 1500, 988, 950, 988, 1600, 1001, 1001, 1001, 1001, 1500, 1500, 1500, 1500]
11:09:48.346768 Navigation got ALT: 0.68
[1500, 1499, 1600, 1500, 988, 950, 988, 1600, 1001, 1001, 1001, 1001, 1500, 1500, 1500, 1500]
[1500, 1499, 1600, 1500, 988, 950, 988, 1600, 1001, 1001, 1001, 1001, 1500, 1500, 1500, 1500]
[1500, 1499, 1600, 1500, 988, 950, 988, 1600, 1001, 1001, 1001, 1001, 1500, 1500, 1500, 1500]
11:09:48.360600 ALT: 0.68
11:09:48.360659 ATT: [2.6, -0.8, 313]
11:09:48.360897 ACC: [8, 24, 518]
[1500, 1499, 1600, 1500, 988, 950, 988, 1600, 1001, 1001, 1001, 1001, 1500, 1500, 1500, 1500]
[1500, 1499, 1600, 1500, 988, 950, 988, 1600, 1001, 1001, 1001, 1001, 1500, 1500, 1500, 1500]
11:09:48.386310 Navigation got ALT: 0.68
[1500, 1500, 1600, 1500, 988, 950, 988, 1600, 1001, 1001, 1001, 1001, 1500, 1500, 1500, 1500]
[1500, 1500, 1600, 1500, 988, 950, 988, 1600, 1001, 1001, 1001, 1001, 1500, 1500, 1500, 1500]
[1500, 1500, 1600, 1500, 988, 950, 988, 1600, 1001, 1001, 1001, 1001, 1500, 1500, 1500, 1500]
[1500, 1500, 1600, 1500, 988, 950, 988, 1600, 1001, 1001, 1001, 1001, 1500, 1500, 1500, 1500]
11:09:48.404165 ALT: 0.68
11:09:48.404577 ATT: [2.6, -0.8, 313]
11:09:48.405412 ACC: [8, 24, 518]
[1500, 1500, 1600, 1500, 988, 950, 988, 1600, 1001, 1001, 1001, 1001, 1500, 1500, 1500, 1500]
11:09:48.417407 Navigation got ALT: 0.68
[1500, 1500, 1600, 1500, 988, 950, 988, 1600, 1001, 1001, 1001, 1001, 1500, 1500, 1500, 1500]
[1500, 1500, 1600, 1500, 988, 950, 988, 1600, 1001, 1001, 1001, 1001, 1500, 1500, 1500, 1500]
[1500, 1500, 1600, 1500, 988, 950, 988, 1600, 1001, 1001, 1001, 1001, 1500, 1500, 1500, 1500]
[1500, 1500, 1600, 1500, 988, 950, 988, 1600, 1001, 1001, 1001, 1001, 1500, 1500, 1500, 1500]
[1500, 1500, 1600, 1500, 988, 950, 988, 1600, 1001, 1001, 1001, 1001, 1500, 1500, 1500, 1500]
[1500, 1500, 1600, 1500, 988, 950, 988, 1600, 1001, 1001, 1001, 1001, 1500, 1500, 1500, 1500]
11:09:48.451852 ALT: 0.68
11:09:48.451984 ATT: [2.6, -0.8, 313]
11:09:48.452354 ACC: [7, 24, 518]
11:09:48.458658 Navigation got ALT: 0.68
[1500, 1500, 1600, 1500, 988, 950, 988, 1598, 1001, 1001, 1001, 1001, 1500, 1500, 1500, 1500]
[1500, 1500, 1600, 1500, 988, 950, 988, 1598, 1001, 1001, 1001, 1001, 1500, 1500, 1500, 1500]
[1500, 1500, 1600, 1500, 988, 950, 988, 1598, 1001, 1001, 1001, 1001, 1500, 1500, 1500, 1500]
[1500, 1500, 1600, 1500, 988, 950, 988, 1598, 1001, 1001, 1001, 1001, 1500, 1500, 1500, 1500]
[1500, 1500, 1600, 1500, 988, 950, 988, 1598, 1001, 1001, 1001, 1001, 1500, 1500, 1500, 1500]
11:09:48.493447 Navigation got ALT: 0.68
[1500, 1500, 1600, 1500, 988, 950, 988, 1600, 1001, 1001, 1001, 1001, 1500, 1500, 1500, 1500]
[1500, 1500, 1600, 1500, 988, 950, 988, 1600, 1001, 1001, 1001, 1001, 1500, 1500, 1500, 1500]
[1500, 1500, 1600, 1500, 988, 950, 988, 1600, 1001, 1001, 1001, 1001, 1500, 1500, 1500, 1500]
11:09:48.505704 ALT: 0.68
11:09:48.505801 ATT: [2.6, -0.8, 313]
11:09:48.506124 ACC: [7, 24, 518]
[1500, 1500, 1600, 1500, 988, 950, 988, 1600, 1001, 1001, 1001, 1001, 1500, 1500, 1500, 1500]
[1500, 1500, 1600, 1500, 988, 950, 988, 1600, 1001, 1001, 1001, 1001, 1500, 1500, 1500, 1500]
[1500, 1500, 1600, 1500, 988, 950, 988, 1600, 1001, 1001, 1001, 1001, 1500, 1500, 1500, 1500]
11:09:48.526594 Navigation got ALT: 0.68
[1500, 1500, 1600, 1499, 988, 950, 988, 1600, 1001, 1001, 1001, 1001, 1500, 1500, 1500, 1500]
[1500, 1500, 1600, 1499, 988, 950, 988, 1600, 1001, 1001, 1001, 1001, 1500, 1500, 1500, 1500]
[1500, 1500, 1600, 1499, 988, 950, 988, 1600, 1001, 1001, 1001, 1001, 1500, 1500, 1500, 1500]
[1500, 1500, 1600, 1499, 988, 950, 988, 1600, 1001, 1001, 1001, 1001, 1500, 1500, 1500, 1500]
11:09:48.560034 Navigation got ALT: 0.68
[1500, 1499, 1600, 1500, 988, 950, 988, 1600, 1001, 1001, 1001, 1001, 1500, 1500, 1500, 1500]
[1500, 1499, 1600, 1500, 988, 950, 988, 1600, 1001, 1001, 1001, 1001, 1500, 1500, 1500, 1500]
11:09:48.567730 ALT: 0.68
11:09:48.567855 ATT: [2.6, -0.8, 312]
11:09:48.568157 ACC: [8, 24, 518]
[1500, 1499, 1600, 1500, 988, 950, 988, 1600, 1001, 1001, 1001, 1001, 1500, 1500, 1500, 1500]
[1500, 1499, 1600, 1500, 988, 950, 988, 1600, 1001, 1001, 1001, 1001, 1500, 1500, 1500, 1500]
[1500, 1499, 1600, 1500, 988, 950, 988, 1600, 1001, 1001, 1001, 1001, 1500, 1500, 1500, 1500]
11:09:48.593691 Navigation got ALT: 0.68
[1500, 1499, 1600, 1500, 988, 950, 988, 1600, 1001, 1001, 1001, 1001, 1500, 1500, 1500, 1500]
[1500, 1499, 1600, 1500, 988, 950, 988, 1600, 1001, 1001, 1001, 1001, 1500, 1500, 1500, 1500]
[1500, 1499, 1600, 1500, 988, 950, 988, 1600, 1001, 1001, 1001, 1001, 1500, 1500, 1500, 1500]
[1500, 1499, 1600, 1500, 988, 950, 988, 1600, 1001, 1001, 1001, 1001, 1500, 1500, 1500, 1500]
11:09:48.611576 ALT: 0.68
11:09:48.611671 ATT: [2.6, -0.8, 312]
11:09:48.611904 ACC: [7, 24, 518]
[1500, 1499, 1600, 1500, 988, 950, 988, 1600, 1001, 1001, 1001, 1001, 1500, 1500, 1500, 1500]
[1500, 1499, 1600, 1500, 988, 950, 988, 1600, 1001, 1001, 1001, 1001, 1500, 1500, 1500, 1500]
11:09:48.626680 Navigation got ALT: 0.68
[1500, 1500, 1600, 1500, 988, 950, 988, 1600, 1001, 1001, 1001, 1001, 1500, 1500, 1500, 1500]
[1500, 1500, 1600, 1500, 988, 950, 988, 1600, 1001, 1001, 1001, 1001, 1500, 1500, 1500, 1500]
[1500, 1500, 1600, 1500, 988, 950, 988, 1600, 1001, 1001, 1001, 1001, 1500, 1500, 1500, 1500]
[1500, 1500, 1600, 1500, 988, 950, 988, 1600, 1001, 1001, 1001, 1001, 1500, 1500, 1500, 1500]
[1500, 1500, 1600, 1500, 988, 950, 988, 1600, 1001, 1001, 1001, 1001, 1500, 1500, 1500, 1500]
11:09:48.659652 ALT: 0.68
11:09:48.659756 ATT: [2.6, -0.8, 312]
11:09:48.660004 ACC: [7, 24, 519]
11:09:48.660799 Navigation got ALT: 0.68
[1500, 1500, 1600, 1500, 988, 950, 988, 1600, 1001, 1001, 1001, 1001, 1500, 1500, 1500, 1500]
[1500, 1500, 1600, 1500, 988, 950, 988, 1600, 1001, 1001, 1001, 1001, 1500, 1500, 1500, 1500]
[1500, 1500, 1600, 1500, 988, 950, 988, 1600, 1001, 1001, 1001, 1001, 1500, 1500, 1500, 1500]
[1500, 1500, 1600, 1500, 988, 950, 988, 1600, 1001, 1001, 1001, 1001, 1500, 1500, 1500, 1500]
[1500, 1500, 1600, 1500, 988, 950, 988, 1600, 1001, 1001, 1001, 1001, 1500, 1500, 1500, 1500]
11:09:48.694727 Navigation got ALT: 0.68
[1500, 1500, 1600, 1500, 989, 949, 988, 1600, 1001, 1001, 1001, 1001, 1500, 1500, 1500, 1500]
[1500, 1500, 1600, 1500, 989, 949, 988, 1600, 1001, 1001, 1001, 1001, 1500, 1500, 1500, 1500]
11:09:48.718135 ALT: 0.68
11:09:48.718241 ATT: [2.6, -0.8, 312]
11:09:48.718592 ACC: [8, 24, 518]
[1500, 1500, 1600, 1500, 989, 949, 988, 1600, 1001, 1001, 1001, 1001, 1500, 1500, 1500, 1500]
[1500, 1500, 1600, 1500, 989, 949, 988, 1600, 1001, 1001, 1001, 1001, 1500, 1500, 1500, 1500]
[1500, 1500, 1600, 1500, 989, 949, 988, 1600, 1001, 1001, 1001, 1001, 1500, 1500, 1500, 1500]
11:09:48.754505 Navigation got ALT: 0.68
[1500, 1500, 1600, 1500, 988, 950, 988, 1600, 1001, 1001, 1001, 1001, 1500, 1500, 1500, 1500]
[1500, 1500, 1600, 1500, 988, 950, 988, 1600, 1001, 1001, 1001, 1001, 1500, 1500, 1500, 1500]
[1500, 1500, 1600, 1500, 988, 950, 988, 1600, 1001, 1001, 1001, 1001, 1500, 1500, 1500, 1500]
[1500, 1500, 1600, 1500, 988, 950, 988, 1600, 1001, 1001, 1001, 1001, 1500, 1500, 1500, 1500]
[1500, 1500, 1600, 1500, 988, 950, 988, 1600, 1001, 1001, 1001, 1001, 1500, 1500, 1500, 1500]
[1500, 1500, 1600, 1500, 988, 950, 988, 1600, 1001, 1001, 1001, 1001, 1500, 1500, 1500, 1500]
[1500, 1500, 1600, 1500, 988, 950, 988, 1600, 1001, 1001, 1001, 1001, 1500, 1500, 1500, 1500]
11:09:48.773137 ALT: 0.68
11:09:48.773236 ATT: [2.6, -0.8, 312]
11:09:48.773521 ACC: [8, 24, 518]
[1500, 1500, 1600, 1500, 988, 950, 988, 1600, 1001, 1001, 1001, 1001, 1500, 1500, 1500, 1500]
[1500, 1500, 1600, 1500, 988, 950, 988, 1600, 1001, 1001, 1001, 1001, 1500, 1500, 1500, 1500]
11:09:48.787066 Navigation got ALT: 0.68
[1500, 1500, 1600, 1500, 989, 949, 988, 1600, 1001, 1001, 1001, 1001, 1500, 1500, 1500, 1500]
[1500, 1500, 1600, 1500, 989, 949, 988, 1600, 1001, 1001, 1001, 1001, 1500, 1500, 1500, 1500]
[1500, 1500, 1600, 1500, 989, 949, 988, 1600, 1001, 1001, 1001, 1001, 1500, 1500, 1500, 1500]
[1500, 1500, 1600, 1500, 989, 949, 988, 1600, 1001, 1001, 1001, 1001, 1500, 1500, 1500, 1500]
[1500, 1500, 1600, 1500, 989, 949, 988, 1600, 1001, 1001, 1001, 1001, 1500, 1500, 1500, 1500]
11:09:48.819776 ALT: 0.68
11:09:48.820104 ATT: [2.6, -0.8, 312]
11:09:48.820494 ACC: [6, 23, 517]
11:09:48.821658 Navigation got ALT: 0.68
[1500, 1499, 1600, 1500, 988, 950, 988, 1598, 1001, 1001, 1001, 1001, 1500, 1500, 1500, 1500]
[1500, 1499, 1600, 1500, 988, 950, 988, 1598, 1001, 1001, 1001, 1001, 1500, 1500, 1500, 1500]
[1500, 1499, 1600, 1500, 988, 950, 988, 1598, 1001, 1001, 1001, 1001, 1500, 1500, 1500, 1500]
[1500, 1499, 1600, 1500, 988, 950, 988, 1598, 1001, 1001, 1001, 1001, 1500, 1500, 1500, 1500]
[1500, 1499, 1600, 1500, 988, 950, 988, 1598, 1001, 1001, 1001, 1001, 1500, 1500, 1500, 1500]
11:09:48.867542 Navigation got ALT: 0.68
[1500, 1500, 1600, 1499, 988, 950, 988, 1600, 1001, 1001, 1001, 1001, 1500, 1500, 1500, 1500]
11:09:48.868562 ALT: 0.68
11:09:48.868730 ATT: [2.6, -0.8, 312]
11:09:48.869571 ACC: [7, 23, 518]
[1500, 1500, 1600, 1499, 988, 950, 988, 1600, 1001, 1001, 1001, 1001, 1500, 1500, 1500, 1500]
[1500, 1500, 1600, 1499, 988, 950, 988, 1600, 1001, 1001, 1001, 1001, 1500, 1500, 1500, 1500]
[1500, 1500, 1600, 1499, 988, 950, 988, 1600, 1001, 1001, 1001, 1001, 1500, 1500, 1500, 1500]
[1500, 1500, 1600, 1499, 988, 950, 988, 1600, 1001, 1001, 1001, 1001, 1500, 1500, 1500, 1500]
[1500, 1500, 1600, 1499, 988, 950, 988, 1600, 1001, 1001, 1001, 1001, 1500, 1500, 1500, 1500]
11:09:48.901665 Navigation got ALT: 0.68
[1499, 1500, 1600, 1499, 989, 950, 986, 1600, 1001, 1001, 1001, 1001, 1500, 1500, 1500, 1500]
[1499, 1500, 1600, 1499, 989, 950, 986, 1600, 1001, 1001, 1001, 1001, 1500, 1500, 1500, 1500]
[1499, 1500, 1600, 1499, 989, 950, 986, 1600, 1001, 1001, 1001, 1001, 1500, 1500, 1500, 1500]
11:09:48.916194 ALT: 0.68
11:09:48.916482 ATT: [2.6, -0.8, 312]
11:09:48.916936 ACC: [7, 24, 517]
[1499, 1500, 1600, 1499, 989, 950, 986, 1600, 1001, 1001, 1001, 1001, 1500, 1500, 1500, 1500]
[1499, 1500, 1600, 1499, 989, 950, 986, 1600, 1001, 1001, 1001, 1001, 1500, 1500, 1500, 1500]
11:09:48.936548 Navigation got ALT: 0.68
[1500, 1499, 1600, 1500, 988, 950, 988, 1600, 1001, 1001, 1001, 1001, 1500, 1500, 1500, 1500]
[1500, 1499, 1600, 1500, 988, 950, 988, 1600, 1001, 1001, 1001, 1001, 1500, 1500, 1500, 1500]
[1500, 1499, 1600, 1500, 988, 950, 988, 1600, 1001, 1001, 1001, 1001, 1500, 1500, 1500, 1500]
[1500, 1499, 1600, 1500, 988, 950, 988, 1600, 1001, 1001, 1001, 1001, 1500, 1500, 1500, 1500]
11:09:48.966771 ALT: 0.68
11:09:48.966890 ATT: [2.6, -0.8, 312]
11:09:48.967268 ACC: [8, 24, 518]
11:09:48.967922 Navigation got ALT: 0.68
[1500, 1500, 1600, 1499, 988, 950, 988, 1600, 1001, 1001, 1001, 1001, 1500, 1500, 1500, 1500]
[1500, 1500, 1600, 1499, 988, 950, 988, 1600, 1001, 1001, 1001, 1001, 1500, 1500, 1500, 1500]
[1500, 1500, 1600, 1499, 988, 950, 988, 1600, 1001, 1001, 1001, 1001, 1500, 1500, 1500, 1500]
[1500, 1500, 1600, 1499, 988, 950, 988, 1600, 1001, 1001, 1001, 1001, 1500, 1500, 1500, 1500]
[1500, 1500, 1600, 1499, 988, 950, 988, 1600, 1001, 1001, 1001, 1001, 1500, 1500, 1500, 1500]
[1500, 1500, 1600, 1499, 988, 950, 988, 1600, 1001, 1001, 1001, 1001, 1500, 1500, 1500, 1500]
[1500, 1500, 1600, 1499, 988, 950, 988, 1600, 1001, 1001, 1001, 1001, 1500, 1500, 1500, 1500]
11:09:49.007678 Navigation got ALT: 0.68
[1500, 1500, 1600, 1500, 988, 949, 988, 1598, 1001, 1001, 1001, 1001, 1500, 1500, 1500, 1500]
[1500, 1500, 1600, 1500, 988, 949, 988, 1598, 1001, 1001, 1001, 1001, 1500, 1500, 1500, 1500]
11:09:49.019147 ALT: 0.68
11:09:49.019431 ATT: [2.6, -0.8, 312]
11:09:49.022416 ACC: [7, 24, 518]
11:09:49.038675 Navigation got ALT: 0.68
[1500, 1500, 1600, 1500, 988, 950, 988, 1600, 1001, 1001, 1001, 1001, 1500, 1500, 1500, 1500]
[1500, 1500, 1600, 1500, 988, 950, 988, 1600, 1001, 1001, 1001, 1001, 1500, 1500, 1500, 1500]
[1500, 1500, 1600, 1500, 988, 950, 988, 1600, 1001, 1001, 1001, 1001, 1500, 1500, 1500, 1500]
[1500, 1500, 1600, 1500, 988, 950, 988, 1600, 1001, 1001, 1001, 1001, 1500, 1500, 1500, 1500]
[1500, 1500, 1600, 1500, 988, 950, 988, 1600, 1001, 1001, 1001, 1001, 1500, 1500, 1500, 1500]
[1500, 1500, 1600, 1500, 988, 950, 988, 1600, 1001, 1001, 1001, 1001, 1500, 1500, 1500, 1500]
[1500, 1500, 1600, 1500, 988, 950, 988, 1600, 1001, 1001, 1001, 1001, 1500, 1500, 1500, 1500]
[1500, 1500, 1600, 1500, 988, 950, 988, 1600, 1001, 1001, 1001, 1001, 1500, 1500, 1500, 1500]
[1500, 1500, 1600, 1500, 988, 950, 988, 1600, 1001, 1001, 1001, 1001, 1500, 1500, 1500, 1500]
11:09:49.073272 Navigation got ALT: 0.68
[1500, 1499, 1600, 1500, 988, 950, 988, 1600, 1001, 1001, 1001, 1001, 1500, 1500, 1500, 1500]
11:09:49.075678 ALT: 0.68
11:09:49.075777 ATT: [2.6, -0.8, 312]
11:09:49.076074 ACC: [7, 24, 517]
[1500, 1499, 1600, 1500, 988, 950, 988, 1600, 1001, 1001, 1001, 1001, 1500, 1500, 1500, 1500]
[1500, 1499, 1600, 1500, 988, 950, 988, 1600, 1001, 1001, 1001, 1001, 1500, 1500, 1500, 1500]
[1500, 1499, 1600, 1500, 988, 950, 988, 1600, 1001, 1001, 1001, 1001, 1500, 1500, 1500, 1500]
[1500, 1499, 1600, 1500, 988, 950, 988, 1600, 1001, 1001, 1001, 1001, 1500, 1500, 1500, 1500]
11:09:49.106738 Navigation got ALT: 0.68
[1500, 1500, 1600, 1500, 988, 950, 988, 1600, 1001, 1001, 1001, 1001, 1500, 1500, 1500, 1500]
11:09:49.123862 ALT: 0.68
11:09:49.123961 ATT: [2.6, -0.8, 312]
11:09:49.124231 ACC: [8, 23, 518]
[1500, 1500, 1600, 1500, 988, 950, 988, 1600, 1001, 1001, 1001, 1001, 1500, 1500, 1500, 1500]
[1500, 1500, 1600, 1500, 988, 950, 988, 1600, 1001, 1001, 1001, 1001, 1500, 1500, 1500, 1500]
[1500, 1500, 1600, 1500, 988, 950, 988, 1600, 1001, 1001, 1001, 1001, 1500, 1500, 1500, 1500]
[1500, 1500, 1600, 1500, 988, 950, 988, 1600, 1001, 1001, 1001, 1001, 1500, 1500, 1500, 1500]
