Waiting for MSP_API_VERSION reply...
Waiting for MSP_FC_VARIANT reply...
{'apiVersion': '1.44.0', 'flightControllerIdentifier': 'BTFL', 'flightControllerVersion': '4.3.2', 'version': 0, 'buildInfo': 'Apr  7 2023 03:15:27', 'multiType': 0, 'msp_version': 0, 'capability': 0, 'cycleTime': 314, 'i2cError': 0, 'activeSensors': 39, 'mode': 2, 'profile': 0, 'uid': [4653116, 1345409042, 540357454], 'accelerometerTrims': [0, 0], 'name': '', 'displayName': 'BOARD MODULE', 'numProfiles': 3, 'rateProfile': 0, 'boardType': 2, 'armingDisableCount': 26, 'armingDisableFlags': 4, 'armingDisabled': False, 'runawayTakeoffPreventionDisabled': False, 'boardIdentifier': 'SBF4', 'boardVersion': 0, 'commCapabilities': 3, 'targetName': 'SPEEDYBEEF405V3', 'boardName': 'SPEEDYBEEF405V3', 'manufacturerId': '', 'signature': [0, 0, 0, 0, 0, 0, 0, 0, 0, 0, 0, 0, 0, 0, 0, 0, 0, 0, 0, 0, 0, 0, 0, 0, 0, 0, 0, 0, 0, 0, 0, 0], 'cpuload': 39, 'mcuTypeId': 3, 'mspProtocolVersion': 0, 'flightModeFlags': []}
13:59:18.076121 ALT: 1.15
13:59:18.076245 ATT: [-1.0, 2.5, 7]
13:59:18.076542 ACC: [-22, -9, 515]
Easycap format used: ImageFormat(type=<BufType.VIDEO_CAPTURE: 1>, description='YUYV 4:2:2', flags=<ImageFormatFlag.0: 0>, pixel_format=<PixelFormat.YUYV: 1448695129>)
Easycap format used: ImageFormat(type=<BufType.VIDEO_CAPTURE: 1>, description='Motion-JPEG', flags=<ImageFormatFlag.COMPRESSED: 1>, pixel_format=<PixelFormat.MJPEG: 1196444237>)
13:59:18.126707 ALT: 1.15
13:59:18.126962 ATT: [-1.0, 2.5, 7]
13:59:18.127448 ACC: [-23, -9, 516]
13:59:18.172486 ALT: 1.15
13:59:18.172601 ATT: [-1.0, 2.5, 7]
13:59:18.173288 ACC: [-23, -9, 515]
13:59:18.220088 ALT: 1.15
13:59:18.220179 ATT: [-1.0, 2.5, 7]
13:59:18.220460 ACC: [-22, -9, 515]
13:59:18.272573 ALT: 1.15
13:59:18.272703 ATT: [-1.0, 2.5, 7]
13:59:18.272900 ACC: [-22, -9, 516]
13:59:18.332173 ALT: 1.15
13:59:18.332406 ATT: [-1.0, 2.5, 7]
13:59:18.332629 ACC: [-22, -9, 515]
13:59:18.380225 ALT: 1.15
13:59:18.380373 ATT: [-1.0, 2.5, 7]
13:59:18.380561 ACC: [-22, -9, 515]
13:59:18.428452 ALT: 1.15
13:59:18.428599 ATT: [-1.0, 2.5, 7]
13:59:18.428856 ACC: [-22, -9, 516]
Initialize navigation params:
Delay=0.03, Kp=40.0, Ki=0.0, Kd=40.0
Starting Main workflow
13:59:18.479921 ALT: 1.15
13:59:18.480014 ATT: [-1.0, 2.5, 7]
13:59:18.480178 ACC: [-23, -9, 515]
13:59:18.526560 ALT: 1.15
13:59:18.527250 ATT: [-1.0, 2.5, 7]
13:59:18.528619 ACC: [-23, -8, 515]
13:59:18.572356 ALT: 1.15
13:59:18.572478 ATT: [-1.0, 2.5, 7]
13:59:18.572683 ACC: [-22, -8, 516]
13:59:18.620249 ALT: 1.15
13:59:18.620438 ATT: [-1.0, 2.5, 7]
13:59:18.620662 ACC: [-22, -9, 515]
13:59:18.668382 ALT: 1.15
13:59:18.668503 ATT: [-1.0, 2.5, 7]
13:59:18.668729 ACC: [-22, -8, 515]
13:59:18.725056 ALT: 1.15
13:59:18.725170 ATT: [-1.0, 2.5, 7]
13:59:18.725370 ACC: [-22, -9, 515]
13:59:18.764341 ALT: 1.15
13:59:18.764460 ATT: [-1.0, 2.5, 7]
13:59:18.764642 ACC: [-22, -9, 515]
13:59:18.812692 ALT: 1.15
13:59:18.812914 ATT: [-1.0, 2.5, 7]
13:59:18.813128 ACC: [-22, -8, 515]
13:59:18.860351 ALT: 1.15
13:59:18.860471 ATT: [-1.0, 2.5, 7]
13:59:18.860695 ACC: [-22, -9, 515]
13:59:18.908252 ALT: 1.15
13:59:18.908734 ATT: [-1.0, 2.5, 7]
13:59:18.908924 ACC: [-22, -9, 515]
13:59:18.956732 ALT: 1.15
13:59:18.956895 ATT: [-1.0, 2.5, 7]
13:59:18.957170 ACC: [-22, -9, 516]
13:59:19.006826 ALT: 1.15
13:59:19.007125 ATT: [-1.0, 2.5, 7]
13:59:19.007747 ACC: [-22, -9, 515]
13:59:19.052472 ALT: 1.15
13:59:19.052608 ATT: [-1.0, 2.5, 7]
13:59:19.052938 ACC: [-22, -8, 515]
13:59:19.100397 ALT: 1.15
13:59:19.100532 ATT: [-1.0, 2.5, 7]
13:59:19.100769 ACC: [-23, -9, 515]
13:59:19.148850 ALT: 1.15
13:59:19.148992 ATT: [-1.0, 2.5, 7]
13:59:19.149254 ACC: [-22, -9, 515]
13:59:19.196425 ALT: 1.15
13:59:19.196531 ATT: [-1.0, 2.5, 7]
13:59:19.196700 ACC: [-22, -9, 515]
13:59:19.244414 ALT: 1.15
13:59:19.244551 ATT: [-1.0, 2.5, 7]
13:59:19.244784 ACC: [-22, -8, 515]
13:59:19.292416 ALT: 1.15
13:59:19.292535 ATT: [-1.0, 2.5, 7]
13:59:19.292730 ACC: [-22, -9, 515]
13:59:19.340835 ALT: 1.15
13:59:19.340944 ATT: [-1.0, 2.5, 7]
13:59:19.341309 ACC: [-22, -9, 515]
13:59:19.396347 ALT: 1.15
13:59:19.396448 ATT: [-1.0, 2.5, 7]
13:59:19.396625 ACC: [-22, -8, 515]
13:59:19.436412 ALT: 1.15
13:59:19.436523 ATT: [-1.0, 2.5, 7]
13:59:19.436697 ACC: [-22, -8, 515]
13:59:19.484506 ALT: 1.15
13:59:19.484643 ATT: [-1.0, 2.5, 7]
13:59:19.484875 ACC: [-23, -8, 516]
13:59:19.532892 ALT: 1.15
13:59:19.532998 ATT: [-1.0, 2.5, 7]
13:59:19.533205 ACC: [-22, -8, 515]
13:59:19.585601 ALT: 1.15
13:59:19.585724 ATT: [-1.0, 2.5, 7]
13:59:19.585923 ACC: [-23, -9, 515]
13:59:19.628436 ALT: 1.15
13:59:19.628557 ATT: [-1.0, 2.5, 7]
13:59:19.628734 ACC: [-22, -8, 515]
13:59:19.676962 ALT: 1.15
13:59:19.677115 ATT: [-1.0, 2.5, 7]
13:59:19.677337 ACC: [-23, -9, 515]
13:59:19.725686 ALT: 1.15
13:59:19.725783 ATT: [-1.0, 2.5, 7]
13:59:19.726281 ACC: [-22, -9, 515]
13:59:19.772992 ALT: 1.15
13:59:19.773229 ATT: [-1.0, 2.5, 7]
13:59:19.773408 ACC: [-22, -9, 516]
13:59:19.820547 ALT: 1.15
13:59:19.820643 ATT: [-1.0, 2.5, 7]
13:59:19.820803 ACC: [-22, -8, 515]
13:59:19.889868 ALT: 1.15
13:59:19.890018 ATT: [-1.0, 2.5, 7]
13:59:19.890355 ACC: [-23, -8, 516]
13:59:19.964768 ALT: 1.15
13:59:19.964939 ATT: [-1.0, 2.5, 7]
13:59:19.965216 ACC: [-22, -8, 515]
13:59:20.050949 ALT: 1.15
13:59:20.051081 ATT: [-1.0, 2.5, 7]
13:59:20.051328 ACC: [-22, -9, 516]
13:59:20.114386 ALT: 1.15
13:59:20.114548 ATT: [-1.0, 2.5, 7]
13:59:20.114800 ACC: [-22, -8, 515]
13:59:20.190972 ALT: 1.15
13:59:20.191106 ATT: [-1.0, 2.5, 7]
13:59:20.191359 ACC: [-22, -8, 514]
13:59:20.239796 ALT: 1.15
13:59:20.239952 ATT: [-1.0, 2.5, 7]
13:59:20.240209 ACC: [-22, -9, 515]
13:59:20.285727 ALT: 1.19
13:59:20.285913 ATT: [-1.0, 2.5, 7]
13:59:20.286258 ACC: [-23, -9, 516]
13:59:20.332856 ALT: 1.23
13:59:20.333029 ATT: [-1.0, 2.5, 7]
13:59:20.333311 ACC: [-22, -8, 515]
13:59:20.385063 ALT: 1.24
13:59:20.385173 ATT: [-1.0, 2.5, 7]
13:59:20.385484 ACC: [-22, -8, 515]
13:59:20.428764 ALT: 1.24
13:59:20.428962 ATT: [-1.0, 2.5, 7]
13:59:20.429434 ACC: [-23, -8, 514]
13:59:20.481291 ALT: 1.24
13:59:20.481485 ATT: [-1.0, 2.5, 7]
13:59:20.481788 ACC: [-23, -9, 515]
13:59:20.527436 ALT: 1.24
13:59:20.527571 ATT: [-1.0, 2.5, 7]
13:59:20.527797 ACC: [-23, -9, 515]
13:59:20.573659 ALT: 1.24
13:59:20.574499 ATT: [-1.0, 2.5, 7]
13:59:20.575550 ACC: [-22, -8, 516]
13:59:20.621278 ALT: 1.24
13:59:20.621387 ATT: [-1.0, 2.5, 7]
13:59:20.621562 ACC: [-23, -9, 516]
13:59:20.669715 ALT: 1.24
13:59:20.669998 ATT: [-1.0, 2.5, 7]
13:59:20.670393 ACC: [-22, -9, 515]
13:59:20.717665 ALT: 1.24
13:59:20.717842 ATT: [-1.0, 2.5, 7]
13:59:20.718186 ACC: [-22, -9, 515]
13:59:20.766569 ALT: 1.24
13:59:20.766701 ATT: [-1.0, 2.5, 7]
13:59:20.766961 ACC: [-22, -9, 516]
13:59:20.828654 ALT: 1.24
13:59:20.828761 ATT: [-1.0, 2.5, 7]
13:59:20.828965 ACC: [-23, -8, 515]
13:59:20.877044 ALT: 1.24
13:59:20.877189 ATT: [-1.0, 2.5, 7]
13:59:20.878071 ACC: [-23, -8, 515]
13:59:20.925589 ALT: 1.24
13:59:20.925710 ATT: [-1.0, 2.5, 7]
13:59:20.926012 ACC: [-23, -8, 515]
13:59:20.972658 ALT: 1.24
13:59:20.972814 ATT: [-1.0, 2.5, 7]
13:59:20.973090 ACC: [-22, -9, 515]
13:59:21.020620 ALT: 1.24
13:59:21.020721 ATT: [-1.0, 2.5, 7]
13:59:21.020889 ACC: [-22, -9, 515]
13:59:21.072737 ALT: 1.24
13:59:21.072877 ATT: [-1.0, 2.5, 7]
13:59:21.073090 ACC: [-23, -9, 515]
13:59:21.117451 ALT: 1.24
13:59:21.117560 ATT: [-1.0, 2.5, 7]
13:59:21.117746 ACC: [-22, -9, 515]
13:59:21.165563 ALT: 1.24
13:59:21.165798 ATT: [-1.0, 2.5, 7]
13:59:21.166276 ACC: [-23, -9, 515]
13:59:21.212775 ALT: 1.24
13:59:21.212879 ATT: [-1.0, 2.5, 7]
13:59:21.213053 ACC: [-22, -9, 515]
13:59:21.267687 ALT: 1.24
13:59:21.267796 ATT: [-1.0, 2.5, 7]
13:59:21.267974 ACC: [-22, -9, 515]
13:59:21.309673 ALT: 1.24
13:59:21.309776 ATT: [-1.0, 2.5, 7]
13:59:21.309953 ACC: [-22, -8, 516]
13:59:21.356694 ALT: 1.24
13:59:21.356798 ATT: [-1.0, 2.5, 7]
13:59:21.356979 ACC: [-23, -9, 515]
13:59:21.404773 ALT: 1.24
13:59:21.404893 ATT: [-1.0, 2.5, 7]
13:59:21.405073 ACC: [-22, -8, 515]
13:59:21.452778 ALT: 1.24
13:59:21.452887 ATT: [-1.0, 2.5, 7]
13:59:21.453076 ACC: [-22, -9, 515]
13:59:21.507162 ALT: 1.24
13:59:21.507272 ATT: [-1.0, 2.5, 7]
13:59:21.507454 ACC: [-22, -9, 516]
13:59:21.565140 ALT: 1.24
13:59:21.565432 ATT: [-1.0, 2.5, 7]
13:59:21.565810 ACC: [-23, -9, 515]
13:59:21.612692 ALT: 1.24
13:59:21.612802 ATT: [-1.0, 2.5, 7]
13:59:21.612977 ACC: [-22, -8, 516]
13:59:21.665628 ALT: 1.24
13:59:21.665757 ATT: [-1.0, 2.5, 7]
13:59:21.665960 ACC: [-22, -8, 515]
13:59:21.710884 ALT: 1.24
13:59:21.711048 ATT: [-1.0, 2.5, 7]
13:59:21.711493 ACC: [-22, -9, 515]
13:59:21.758587 ALT: 1.24
13:59:21.758740 ATT: [-1.0, 2.5, 7]
13:59:21.759015 ACC: [-22, -9, 516]
13:59:21.808755 ALT: 1.24
13:59:21.808870 ATT: [-1.0, 2.5, 7]
13:59:21.809064 ACC: [-23, -8, 515]
13:59:21.852652 ALT: 1.24
13:59:21.856653 ATT: [-1.0, 2.5, 7]
13:59:21.856932 ACC: [-23, -9, 515]
13:59:21.915432 ALT: 1.24
13:59:21.915912 ATT: [-1.0, 2.5, 7]
13:59:21.916671 ACC: [-22, -10, 516]
13:59:21.967662 ALT: 1.24
13:59:21.967798 ATT: [-1.0, 2.5, 7]
13:59:21.968024 ACC: [-22, -9, 515]
13:59:22.013134 ALT: 1.24
13:59:22.013235 ATT: [-1.0, 2.5, 7]
13:59:22.013399 ACC: [-22, -8, 515]
13:59:22.066733 ALT: 1.24
13:59:22.066866 ATT: [-1.0, 2.5, 7]
13:59:22.067071 ACC: [-23, -8, 515]
13:59:22.143859 ALT: 1.24
13:59:22.144042 ATT: [-1.0, 2.5, 7]
13:59:22.144348 ACC: [-23, -9, 515]
13:59:22.189295 ALT: 1.24
13:59:22.189662 ATT: [-1.0, 2.5, 7]
13:59:22.190327 ACC: [-22, -9, 516]
13:59:22.238649 ALT: 1.24
13:59:22.239003 ATT: [-1.0, 2.5, 7]
13:59:22.239586 ACC: [-22, -9, 516]
13:59:22.296197 ALT: 1.24
13:59:22.296594 ATT: [-1.0, 2.5, 7]
13:59:22.298285 ACC: [-22, -8, 515]
13:59:22.392826 ALT: 1.24
13:59:22.392946 ATT: [-1.0, 2.5, 7]
13:59:22.393123 ACC: [-23, -9, 515]
13:59:22.445076 ALT: 1.24
13:59:22.445223 ATT: [-1.0, 2.5, 7]
13:59:22.445478 ACC: [-22, -9, 515]
13:59:22.496786 ALT: 1.24
13:59:22.496904 ATT: [-1.0, 2.5, 7]
13:59:22.497140 ACC: [-22, -8, 514]
13:59:22.540870 ALT: 1.24
13:59:22.541035 ATT: [-1.0, 2.5, 7]
13:59:22.541215 ACC: [-23, -8, 515]
13:59:22.595122 ALT: 1.24
13:59:22.595250 ATT: [-1.0, 2.5, 7]
13:59:22.595534 ACC: [-22, -8, 516]
13:59:22.637007 ALT: 1.24
13:59:22.638465 ATT: [-1.0, 2.5, 7]
13:59:22.638777 ACC: [-22, -9, 516]
13:59:22.691388 ALT: 1.24
13:59:22.691634 ATT: [-1.0, 2.5, 7]
13:59:22.695905 ACC: [-22, -9, 516]
13:59:22.749242 ALT: 1.24
13:59:22.749359 ATT: [-1.0, 2.5, 7]
13:59:22.750217 ACC: [-22, -9, 514]
13:59:22.797022 ALT: 1.24
13:59:22.797144 ATT: [-1.0, 2.5, 7]
13:59:22.797330 ACC: [-23, -8, 514]
13:59:22.845027 ALT: 1.24
13:59:22.845143 ATT: [-1.0, 2.5, 7]
13:59:22.845400 ACC: [-23, -9, 516]
13:59:22.895726 ALT: 1.24
13:59:22.895824 ATT: [-1.0, 2.5, 7]
13:59:22.895992 ACC: [-22, -10, 517]
13:59:22.942324 ALT: 1.24
13:59:22.942647 ATT: [-1.0, 2.5, 7]
13:59:22.943154 ACC: [-22, -9, 515]
13:59:22.989251 ALT: 1.24
13:59:22.989392 ATT: [-1.0, 2.5, 7]
13:59:22.989598 ACC: [-22, -8, 515]
13:59:23.038367 ALT: 1.24
13:59:23.038486 ATT: [-1.0, 2.5, 7]
13:59:23.038680 ACC: [-23, -7, 514]
13:59:23.085548 ALT: 1.24
13:59:23.086108 ATT: [-1.0, 2.5, 7]
13:59:23.086356 ACC: [-23, -8, 516]
13:59:23.134754 ALT: 1.24
13:59:23.134874 ATT: [-1.0, 2.5, 7]
13:59:23.135059 ACC: [-23, -9, 516]
13:59:23.181037 ALT: 1.24
13:59:23.181151 ATT: [-1.0, 2.5, 7]
13:59:23.181345 ACC: [-21, -9, 516]
13:59:23.234858 ALT: 1.24
13:59:23.234969 ATT: [-1.0, 2.5, 7]
13:59:23.235145 ACC: [-22, -9, 515]
13:59:23.278996 ALT: 1.24
13:59:23.279124 ATT: [-1.0, 2.5, 7]
13:59:23.279314 ACC: [-23, -8, 514]
13:59:23.324801 ALT: 1.24
13:59:23.324916 ATT: [-1.0, 2.5, 7]
13:59:23.325939 ACC: [-21, -9, 516]
13:59:23.374558 ALT: 1.24
13:59:23.374669 ATT: [-1.0, 2.5, 7]
13:59:23.374833 ACC: [-22, -10, 515]
13:59:23.441857 ALT: 1.24
13:59:23.441963 ATT: [-1.0, 2.5, 7]
13:59:23.442133 ACC: [-22, -8, 514]
13:59:23.491153 ALT: 1.24
13:59:23.491260 ATT: [-1.0, 2.5, 7]
13:59:23.491428 ACC: [-23, -9, 516]
13:59:23.540649 ALT: 1.24
13:59:23.540756 ATT: [-1.0, 2.5, 7]
13:59:23.540930 ACC: [-22, -8, 517]
13:59:23.581525 ALT: 1.24
13:59:23.581634 ATT: [-1.0, 2.5, 7]
13:59:23.581811 ACC: [-22, -8, 515]
13:59:23.628968 ALT: 1.24
13:59:23.629074 ATT: [-1.0, 2.5, 7]
13:59:23.629248 ACC: [-22, -8, 515]
13:59:23.689118 ALT: 1.24
13:59:23.689222 ATT: [-1.0, 2.5, 7]
13:59:23.689406 ACC: [-22, -8, 515]
13:59:23.741111 ALT: 1.24
13:59:23.741282 ATT: [-1.0, 2.5, 7]
13:59:23.741582 ACC: [-23, -9, 515]
13:59:23.788980 ALT: 1.24
13:59:23.789092 ATT: [-1.0, 2.5, 7]
13:59:23.789281 ACC: [-23, -8, 515]
13:59:23.836904 ALT: 1.24
13:59:23.837008 ATT: [-1.0, 2.5, 7]
13:59:23.837166 ACC: [-22, -9, 515]
13:59:23.885085 ALT: 1.24
13:59:23.885191 ATT: [-1.0, 2.5, 7]
13:59:23.885366 ACC: [-22, -9, 515]
13:59:23.932986 ALT: 1.24
13:59:23.933096 ATT: [-1.0, 2.5, 7]
13:59:23.933267 ACC: [-22, -9, 516]
13:59:23.986521 ALT: 1.24
13:59:23.986659 ATT: [-1.0, 2.5, 7]
13:59:23.986901 ACC: [-22, -8, 515]
13:59:24.035520 ALT: 1.24
13:59:24.035629 ATT: [-1.0, 2.5, 7]
13:59:24.035844 ACC: [-23, -8, 515]
13:59:24.076962 ALT: 1.24
13:59:24.077064 ATT: [-1.0, 2.5, 7]
13:59:24.077250 ACC: [-23, -9, 516]
13:59:24.125039 ALT: 1.24
13:59:24.125132 ATT: [-1.0, 2.5, 7]
13:59:24.125292 ACC: [-23, -9, 515]
13:59:24.182997 ALT: 1.24
13:59:24.183097 ATT: [-1.0, 2.5, 7]
13:59:24.183267 ACC: [-22, -9, 515]
13:59:24.244365 ALT: 1.24
13:59:24.244532 ATT: [-1.0, 2.5, 7]
13:59:24.244785 ACC: [-22, -9, 516]
13:59:24.317802 ALT: 1.24
13:59:24.317890 ATT: [-1.0, 2.5, 7]
13:59:24.317999 ACC: [-22, -8, 515]
13:59:24.365925 ALT: 1.24
13:59:24.366116 ATT: [-1.0, 2.5, 7]
13:59:24.366373 ACC: [-22, -9, 515]
13:59:24.424656 ALT: 1.24
13:59:24.424762 ATT: [-1.0, 2.5, 7]
13:59:24.424943 ACC: [-22, -9, 515]
13:59:24.477067 ALT: 1.24
13:59:24.477172 ATT: [-1.0, 2.5, 7]
13:59:24.477355 ACC: [-23, -9, 515]
13:59:24.530287 ALT: 1.24
13:59:24.530410 ATT: [-1.0, 2.5, 7]
13:59:24.530622 ACC: [-22, -9, 516]
13:59:24.575426 ALT: 1.24
13:59:24.575533 ATT: [-1.0, 2.5, 7]
13:59:24.575708 ACC: [-22, -8, 515]
13:59:24.622021 ALT: 1.24
13:59:24.622121 ATT: [-1.0, 2.5, 7]
13:59:24.623107 ACC: [-22, -9, 515]
13:59:24.671964 ALT: 1.24
13:59:24.672061 ATT: [-1.0, 2.5, 7]
13:59:24.672221 ACC: [-22, -8, 515]
13:59:24.718111 ALT: 1.24
13:59:24.718311 ATT: [-1.0, 2.5, 7]
13:59:24.718536 ACC: [-22, -8, 515]
13:59:24.768712 ALT: 1.24
13:59:24.768834 ATT: [-1.0, 2.5, 7]
13:59:24.769054 ACC: [-22, -9, 515]
13:59:24.815080 ALT: 1.24
13:59:24.815191 ATT: [-1.0, 2.5, 7]
13:59:24.815386 ACC: [-22, -9, 515]
13:59:24.870348 ALT: 1.24
13:59:24.870476 ATT: [-1.0, 2.5, 7]
13:59:24.870900 ACC: [-22, -9, 515]
13:59:24.909494 ALT: 1.24
13:59:24.909722 ATT: [-1.0, 2.5, 7]
13:59:24.910029 ACC: [-22, -9, 515]
13:59:24.958379 ALT: 1.24
13:59:24.958481 ATT: [-1.0, 2.5, 7]
13:59:24.958778 ACC: [-22, -8, 515]
13:59:25.005863 ALT: 1.24
13:59:25.005991 ATT: [-1.0, 2.5, 7]
13:59:25.006222 ACC: [-22, -9, 516]
13:59:25.053541 ALT: 1.3
13:59:25.053653 ATT: [-1.0, 2.5, 7]
13:59:25.053844 ACC: [-22, -9, 515]
13:59:25.101214 ALT: 1.32
13:59:25.101323 ATT: [-1.0, 2.5, 7]
13:59:25.101526 ACC: [-22, -9, 515]
13:59:25.149283 ALT: 1.32
13:59:25.149407 ATT: [-1.0, 2.5, 7]
13:59:25.149582 ACC: [-23, -9, 516]
13:59:25.197313 ALT: 1.32
13:59:25.197436 ATT: [-1.0, 2.5, 7]
13:59:25.197646 ACC: [-22, -9, 515]
13:59:25.245232 ALT: 1.32
13:59:25.245349 ATT: [-1.0, 2.5, 7]
13:59:25.245542 ACC: [-22, -9, 515]
13:59:25.293195 ALT: 1.32
13:59:25.293345 ATT: [-1.0, 2.5, 7]
13:59:25.293540 ACC: [-22, -9, 516]
13:59:25.341219 ALT: 1.32
13:59:25.341316 ATT: [-1.0, 2.5, 7]
13:59:25.341487 ACC: [-22, -8, 516]
13:59:25.407591 ALT: 1.32
13:59:25.408187 ATT: [-1.0, 2.5, 7]
13:59:25.408638 ACC: [-22, -8, 515]
13:59:25.453138 ALT: 1.32
13:59:25.453241 ATT: [-1.0, 2.5, 7]
13:59:25.453399 ACC: [-22, -8, 515]
13:59:25.504360 ALT: 1.32
13:59:25.504461 ATT: [-1.0, 2.5, 7]
13:59:25.504786 ACC: [-22, -9, 515]
13:59:25.550712 ALT: 1.32
13:59:25.550963 ATT: [-1.0, 2.5, 7]
13:59:25.551473 ACC: [-22, -10, 515]
13:59:25.597235 ALT: 1.32
13:59:25.597336 ATT: [-1.0, 2.5, 7]
13:59:25.597493 ACC: [-22, -9, 514]
13:59:25.645254 ALT: 1.32
13:59:25.645381 ATT: [-1.0, 2.5, 7]
13:59:25.645603 ACC: [-22, -9, 515]
13:59:25.693234 ALT: 1.32
13:59:25.693330 ATT: [-1.0, 2.5, 7]
13:59:25.693477 ACC: [-22, -9, 515]
13:59:25.742123 ALT: 1.32
13:59:25.742267 ATT: [-1.0, 2.5, 7]
13:59:25.742478 ACC: [-22, -8, 515]
13:59:25.789308 ALT: 1.32
13:59:25.789399 ATT: [-1.0, 2.5, 7]
13:59:25.789546 ACC: [-23, -8, 515]
13:59:25.837290 ALT: 1.32
13:59:25.837390 ATT: [-1.0, 2.5, 7]
13:59:25.837662 ACC: [-23, -8, 515]
13:59:25.885489 ALT: 1.32
13:59:25.885635 ATT: [-1.0, 2.5, 7]
13:59:25.885878 ACC: [-22, -8, 515]
13:59:25.933193 ALT: 1.32
13:59:25.933281 ATT: [-1.0, 2.5, 7]
13:59:25.933397 ACC: [-22, -9, 515]
13:59:25.981331 ALT: 1.32
13:59:25.981443 ATT: [-1.0, 2.5, 7]
13:59:25.981619 ACC: [-22, -9, 515]
13:59:26.032046 ALT: 1.32
13:59:26.032366 ATT: [-1.0, 2.5, 7]
13:59:26.032559 ACC: [-22, -9, 515]
13:59:26.077552 ALT: 1.32
13:59:26.077649 ATT: [-1.0, 2.5, 7]
13:59:26.077797 ACC: [-22, -8, 515]
13:59:26.125415 ALT: 1.32
13:59:26.125518 ATT: [-1.0, 2.5, 7]
13:59:26.125704 ACC: [-23, -9, 515]
13:59:26.173302 ALT: 1.32
13:59:26.173400 ATT: [-1.0, 2.5, 7]
13:59:26.173565 ACC: [-22, -9, 516]
13:59:26.222085 ALT: 1.32
13:59:26.222194 ATT: [-1.0, 2.5, 7]
13:59:26.222379 ACC: [-22, -9, 516]
13:59:26.269359 ALT: 1.32
13:59:26.269453 ATT: [-1.0, 2.5, 7]
13:59:26.269613 ACC: [-22, -9, 515]
13:59:26.318224 ALT: 1.32
13:59:26.320922 ATT: [-1.0, 2.5, 7]
13:59:26.321254 ACC: [-22, -8, 515]
13:59:26.365621 ALT: 1.32
13:59:26.365728 ATT: [-1.0, 2.5, 7]
13:59:26.365911 ACC: [-22, -9, 515]
13:59:26.429387 ALT: 1.32
13:59:26.429499 ATT: [-1.0, 2.5, 7]
13:59:26.429693 ACC: [-22, -9, 515]
13:59:26.478301 ALT: 1.32
13:59:26.478414 ATT: [-1.0, 2.5, 7]
13:59:26.478598 ACC: [-23, -9, 515]
13:59:26.544403 ALT: 1.32
13:59:26.544499 ATT: [-1.0, 2.5, 7]
13:59:26.544680 ACC: [-22, -9, 516]
13:59:26.606138 ALT: 1.32
13:59:26.606391 ATT: [-1.0, 2.5, 7]
13:59:26.606784 ACC: [-23, -8, 515]
13:59:26.653387 ALT: 1.32
13:59:26.653488 ATT: [-1.0, 2.5, 7]
13:59:26.653690 ACC: [-22, -8, 516]
13:59:26.701593 ALT: 1.32
13:59:26.701863 ATT: [-1.0, 2.5, 7]
13:59:26.702275 ACC: [-22, -8, 515]
13:59:26.752708 ALT: 1.32
13:59:26.752806 ATT: [-1.0, 2.5, 7]
13:59:26.752967 ACC: [-22, -9, 515]
13:59:26.799297 ALT: 1.32
13:59:26.799409 ATT: [-1.0, 2.5, 7]
13:59:26.799650 ACC: [-23, -8, 515]
13:59:26.845393 ALT: 1.32
13:59:26.845501 ATT: [-1.0, 2.5, 6]
13:59:26.845667 ACC: [-22, -9, 515]
13:59:26.893623 ALT: 1.32
13:59:26.893769 ATT: [-1.0, 2.5, 6]
13:59:26.893980 ACC: [-23, -9, 515]
13:59:26.941402 ALT: 1.32
13:59:26.941502 ATT: [-1.0, 2.5, 6]
13:59:26.941665 ACC: [-22, -9, 515]
13:59:26.989439 ALT: 1.32
13:59:26.989528 ATT: [-1.0, 2.5, 6]
13:59:26.989680 ACC: [-22, -9, 516]
13:59:27.037610 ALT: 1.32
13:59:27.037740 ATT: [-1.0, 2.5, 7]
13:59:27.037912 ACC: [-22, -8, 515]
13:59:27.086070 ALT: 1.32
13:59:27.086283 ATT: [-1.0, 2.5, 7]
13:59:27.086524 ACC: [-23, -8, 515]
13:59:27.133867 ALT: 1.32
13:59:27.134027 ATT: [-1.0, 2.5, 7]
13:59:27.134370 ACC: [-22, -8, 515]
13:59:27.181479 ALT: 1.32
13:59:27.181593 ATT: [-1.0, 2.5, 7]
13:59:27.181873 ACC: [-22, -9, 515]
13:59:27.229471 ALT: 1.32
13:59:27.229578 ATT: [-1.0, 2.5, 6]
13:59:27.229747 ACC: [-22, -9, 515]
13:59:27.277616 ALT: 1.32
13:59:27.277757 ATT: [-1.0, 2.5, 6]
13:59:27.277963 ACC: [-22, -9, 515]
13:59:27.325488 ALT: 1.32
13:59:27.325586 ATT: [-1.0, 2.5, 6]
13:59:27.325747 ACC: [-22, -9, 515]
13:59:27.373476 ALT: 1.32
13:59:27.373564 ATT: [-1.0, 2.5, 6]
13:59:27.373703 ACC: [-22, -8, 515]
13:59:27.421476 ALT: 1.32
13:59:27.421568 ATT: [-1.0, 2.5, 6]
13:59:27.421714 ACC: [-23, -8, 515]
13:59:27.469481 ALT: 1.32
13:59:27.469570 ATT: [-1.0, 2.5, 6]
13:59:27.469708 ACC: [-23, -8, 515]
13:59:27.517511 ALT: 1.32
13:59:27.517637 ATT: [-1.0, 2.5, 6]
13:59:27.517862 ACC: [-23, -9, 515]
13:59:27.565944 ALT: 1.32
13:59:27.566060 ATT: [-1.0, 2.5, 6]
13:59:27.566269 ACC: [-22, -9, 516]
13:59:27.613572 ALT: 1.32
13:59:27.613670 ATT: [-1.0, 2.5, 6]
13:59:27.613832 ACC: [-22, -9, 515]
13:59:27.662451 ALT: 1.32
13:59:27.662560 ATT: [-1.0, 2.5, 6]
13:59:27.662724 ACC: [-22, -9, 515]
13:59:27.709762 ALT: 1.32
13:59:27.709858 ATT: [-1.0, 2.5, 6]
13:59:27.710093 ACC: [-23, -9, 515]
13:59:27.757569 ALT: 1.32
13:59:27.757658 ATT: [-1.0, 2.5, 6]
13:59:27.757805 ACC: [-22, -9, 515]
13:59:27.805599 ALT: 1.32
13:59:27.805694 ATT: [-1.0, 2.5, 6]
13:59:27.805952 ACC: [-22, -8, 515]
13:59:27.853787 ALT: 1.32
13:59:27.853929 ATT: [-1.0, 2.5, 6]
13:59:27.854089 ACC: [-22, -9, 515]
13:59:27.901820 ALT: 1.32
13:59:27.901964 ATT: [-1.0, 2.5, 6]
13:59:27.902290 ACC: [-22, -9, 515]
13:59:27.950019 ALT: 1.32
13:59:27.950139 ATT: [-1.0, 2.5, 6]
13:59:27.950408 ACC: [-23, -9, 515]
13:59:27.997578 ALT: 1.32
13:59:27.997682 ATT: [-1.0, 2.5, 6]
13:59:27.997845 ACC: [-23, -9, 515]
13:59:28.045743 ALT: 1.32
13:59:28.045856 ATT: [-1.0, 2.5, 6]
13:59:28.046039 ACC: [-22, -8, 516]
13:59:28.095022 ALT: 1.32
13:59:28.095318 ATT: [-1.0, 2.5, 6]
13:59:28.095607 ACC: [-22, -8, 516]
13:59:28.141689 ALT: 1.32
13:59:28.141788 ATT: [-1.0, 2.5, 6]
13:59:28.141966 ACC: [-22, -9, 515]
13:59:28.189676 ALT: 1.32
13:59:28.189776 ATT: [-1.0, 2.5, 6]
13:59:28.189948 ACC: [-23, -8, 515]
13:59:28.237812 ALT: 1.32
13:59:28.237923 ATT: [-1.0, 2.5, 6]
13:59:28.238100 ACC: [-23, -9, 515]
13:59:28.285668 ALT: 1.32
13:59:28.285768 ATT: [-1.0, 2.5, 6]
13:59:28.285937 ACC: [-23, -8, 515]
13:59:28.334140 ALT: 1.32
13:59:28.334252 ATT: [-1.0, 2.5, 6]
13:59:28.334477 ACC: [-22, -9, 515]
13:59:28.381697 ALT: 1.32
13:59:28.381805 ATT: [-1.0, 2.5, 6]
13:59:28.382005 ACC: [-22, -9, 515]
13:59:28.429626 ALT: 1.32
13:59:28.429733 ATT: [-1.0, 2.5, 6]
13:59:28.429961 ACC: [-22, -9, 515]
13:59:28.478211 ALT: 1.32
13:59:28.478361 ATT: [-1.0, 2.5, 6]
13:59:28.478644 ACC: [-22, -9, 515]
13:59:28.541649 ALT: 1.32
13:59:28.541747 ATT: [-1.0, 2.5, 6]
13:59:28.541908 ACC: [-23, -9, 515]
13:59:28.589646 ALT: 1.32
13:59:28.589744 ATT: [-1.0, 2.5, 6]
13:59:28.589955 ACC: [-23, -9, 515]
13:59:28.637633 ALT: 1.32
13:59:28.637731 ATT: [-1.0, 2.5, 6]
13:59:28.637898 ACC: [-22, -8, 515]
13:59:28.686138 ALT: 1.32
13:59:28.686233 ATT: [-1.0, 2.5, 6]
13:59:28.686400 ACC: [-22, -8, 515]
13:59:28.733665 ALT: 1.32
13:59:28.733759 ATT: [-1.0, 2.5, 6]
13:59:28.733907 ACC: [-22, -9, 515]
13:59:28.781819 ALT: 1.32
13:59:28.781935 ATT: [-1.0, 2.5, 7]
13:59:28.782127 ACC: [-22, -9, 516]
13:59:28.829745 ALT: 1.32
13:59:28.829863 ATT: [-1.0, 2.5, 6]
13:59:28.830056 ACC: [-22, -8, 515]
13:59:28.878112 ALT: 1.32
13:59:28.878322 ATT: [-1.0, 2.5, 6]
13:59:28.878708 ACC: [-23, -9, 515]
13:59:28.925806 ALT: 1.32
13:59:28.925919 ATT: [-1.0, 2.5, 6]
13:59:28.926129 ACC: [-23, -9, 515]
13:59:28.974188 ALT: 1.32
13:59:28.974317 ATT: [-1.0, 2.5, 6]
13:59:28.974507 ACC: [-23, -9, 515]
13:59:29.021726 ALT: 1.32
13:59:29.021825 ATT: [-1.0, 2.5, 6]
13:59:29.022053 ACC: [-22, -9, 515]
13:59:29.070141 ALT: 1.32
13:59:29.070233 ATT: [-1.0, 2.5, 6]
13:59:29.070376 ACC: [-22, -9, 516]
13:59:29.117772 ALT: 1.32
13:59:29.117865 ATT: [-1.0, 2.5, 6]
13:59:29.118022 ACC: [-22, -9, 516]
13:59:29.169398 ALT: 1.32
13:59:29.169726 ATT: [-1.0, 2.5, 6]
13:59:29.170121 ACC: [-22, -8, 515]
13:59:29.234516 ALT: 1.32
13:59:29.234610 ATT: [-1.0, 2.5, 6]
13:59:29.234756 ACC: [-22, -9, 515]
13:59:29.284037 ALT: 1.32
13:59:29.284216 ATT: [-1.0, 2.5, 6]
13:59:29.284599 ACC: [-23, -9, 515]
13:59:29.325892 ALT: 1.32
13:59:29.325980 ATT: [-1.0, 2.5, 6]
13:59:29.326131 ACC: [-22, -9, 515]
13:59:29.373787 ALT: 1.32
13:59:29.373913 ATT: [-1.0, 2.5, 6]
13:59:29.374235 ACC: [-22, -9, 515]
13:59:29.421868 ALT: 1.32
13:59:29.421975 ATT: [-1.0, 2.5, 6]
13:59:29.422147 ACC: [-23, -9, 516]
13:59:29.469818 ALT: 1.32
13:59:29.469916 ATT: [-1.0, 2.5, 6]
13:59:29.470083 ACC: [-22, -8, 515]
13:59:29.525390 ALT: 1.32
13:59:29.525649 ATT: [-1.0, 2.5, 6]
13:59:29.526018 ACC: [-22, -8, 515]
13:59:29.565993 ALT: 1.32
13:59:29.566077 ATT: [-1.0, 2.5, 6]
13:59:29.566229 ACC: [-23, -8, 515]
13:59:29.614241 ALT: 1.32
13:59:29.614381 ATT: [-1.0, 2.5, 6]
13:59:29.614627 ACC: [-23, -9, 515]
13:59:29.661928 ALT: 1.32
13:59:29.662034 ATT: [-1.0, 2.5, 6]
13:59:29.662223 ACC: [-23, -9, 515]
13:59:29.729026 ALT: 1.32
13:59:29.729158 ATT: [-1.0, 2.5, 6]
13:59:29.729354 ACC: [-23, -9, 514]
13:59:29.792410 ALT: 1.32
13:59:29.804439 ATT: [-1.0, 2.5, 6]
13:59:29.804700 ACC: [-22, -8, 515]
13:59:29.855070 ALT: 1.32
13:59:29.855221 ATT: [-1.0, 2.5, 6]
13:59:29.855504 ACC: [-22, -8, 516]
13:59:29.901824 ALT: 1.32
13:59:29.901930 ATT: [-1.0, 2.5, 6]
13:59:29.902102 ACC: [-22, -9, 516]
13:59:29.950476 ALT: 1.32
13:59:29.959526 ATT: [-1.0, 2.5, 6]
13:59:29.959914 ACC: [-22, -8, 516]
13:59:30.005634 ALT: 1.32
13:59:30.005773 ATT: [-1.0, 2.5, 6]
13:59:30.006044 ACC: [-22, -9, 515]
13:59:30.084129 ALT: 1.32
13:59:30.084327 ATT: [-1.0, 2.5, 6]
13:59:30.084570 ACC: [-22, -10, 515]
13:59:30.141915 ALT: 1.32
13:59:30.142020 ATT: [-1.0, 2.5, 6]
13:59:30.142188 ACC: [-22, -9, 515]
13:59:30.189945 ALT: 1.32
13:59:30.190038 ATT: [-1.0, 2.5, 6]
13:59:30.190244 ACC: [-22, -8, 515]
13:59:30.240347 ALT: 1.32
13:59:30.240499 ATT: [-1.0, 2.5, 6]
13:59:30.240671 ACC: [-22, -8, 515]
13:59:30.286408 ALT: 1.32
13:59:30.286511 ATT: [-1.0, 2.5, 7]
13:59:30.286678 ACC: [-22, -8, 516]
13:59:30.334743 ALT: 1.32
13:59:30.334914 ATT: [-1.0, 2.5, 7]
13:59:30.335321 ACC: [-22, -9, 515]
13:59:30.384052 ALT: 1.32
13:59:30.384330 ATT: [-1.0, 2.5, 7]
13:59:30.384532 ACC: [-22, -10, 515]
13:59:30.430313 ALT: 1.32
13:59:30.430602 ATT: [-1.0, 2.5, 7]
13:59:30.430946 ACC: [-22, -9, 515]
13:59:30.477989 ALT: 1.36
13:59:30.478132 ATT: [-1.0, 2.5, 7]
13:59:30.478377 ACC: [-22, -9, 515]
13:59:30.526270 ALT: 1.4
13:59:30.526365 ATT: [-1.0, 2.5, 7]
13:59:30.526558 ACC: [-22, -9, 515]
13:59:30.574347 ALT: 1.41
13:59:30.574444 ATT: [-1.0, 2.5, 7]
13:59:30.574605 ACC: [-22, -9, 515]
13:59:30.621967 ALT: 1.41
13:59:30.622069 ATT: [-1.0, 2.5, 7]
13:59:30.622275 ACC: [-22, -9, 515]
13:59:30.692625 ALT: 1.41
13:59:30.692727 ATT: [-1.0, 2.5, 7]
13:59:30.692889 ACC: [-22, -8, 515]
13:59:30.733947 ALT: 1.41
13:59:30.734079 ATT: [-1.0, 2.5, 7]
13:59:30.734330 ACC: [-22, -9, 515]
13:59:30.783396 ALT: 1.41
13:59:30.783639 ATT: [-1.0, 2.5, 6]
13:59:30.783804 ACC: [-22, -9, 515]
13:59:30.832936 ALT: 1.41
13:59:30.833091 ATT: [-1.0, 2.5, 6]
13:59:30.833276 ACC: [-22, -9, 515]
13:59:30.878161 ALT: 1.41
13:59:30.878302 ATT: [-1.0, 2.5, 6]
13:59:30.878489 ACC: [-22, -9, 515]
13:59:30.926050 ALT: 1.41
13:59:30.926160 ATT: [-1.0, 2.5, 6]
13:59:30.926362 ACC: [-23, -9, 515]
13:59:30.975324 ALT: 1.41
13:59:30.975424 ATT: [-1.0, 2.5, 6]
13:59:30.975713 ACC: [-22, -9, 515]
13:59:31.024802 ALT: 1.41
13:59:31.024919 ATT: [-1.0, 2.5, 6]
13:59:31.025133 ACC: [-22, -9, 515]
13:59:31.070003 ALT: 1.41
13:59:31.070331 ATT: [-1.0, 2.5, 6]
13:59:31.070549 ACC: [-22, -9, 515]
13:59:31.118391 ALT: 1.41
13:59:31.118491 ATT: [-1.0, 2.5, 6]
13:59:31.118662 ACC: [-22, -9, 515]
13:59:31.169719 ALT: 1.41
13:59:31.169831 ATT: [-1.0, 2.5, 6]
13:59:31.170039 ACC: [-22, -9, 516]
13:59:31.216395 ALT: 1.41
13:59:31.216516 ATT: [-1.0, 2.5, 6]
13:59:31.216719 ACC: [-22, -8, 516]
13:59:31.262140 ALT: 1.41
13:59:31.262278 ATT: [-1.0, 2.5, 6]
13:59:31.262473 ACC: [-23, -9, 515]
13:59:31.310158 ALT: 1.41
13:59:31.310293 ATT: [-1.0, 2.5, 6]
13:59:31.310478 ACC: [-23, -9, 515]
13:59:31.358208 ALT: 1.41
13:59:31.358526 ATT: [-1.0, 2.5, 6]
13:59:31.359136 ACC: [-22, -10, 515]
13:59:31.406076 ALT: 1.41
13:59:31.406177 ATT: [-1.0, 2.5, 6]
13:59:31.410515 ACC: [-22, -9, 515]
13:59:31.455270 ALT: 1.41
13:59:31.455409 ATT: [-1.0, 2.5, 6]
13:59:31.455856 ACC: [-22, -9, 515]
13:59:31.502084 ALT: 1.41
13:59:31.502187 ATT: [-1.0, 2.5, 6]
13:59:31.502360 ACC: [-22, -8, 516]
13:59:31.552491 ALT: 1.41
13:59:31.552669 ATT: [-1.0, 2.5, 6]
13:59:31.552961 ACC: [-23, -9, 515]
13:59:31.602168 ALT: 1.41
13:59:31.602305 ATT: [-1.0, 2.5, 6]
13:59:31.602589 ACC: [-23, -9, 515]
13:59:31.646411 ALT: 1.41
13:59:31.646579 ATT: [-1.0, 2.5, 6]
13:59:31.646907 ACC: [-23, -9, 515]
13:59:31.694217 ALT: 1.41
13:59:31.694316 ATT: [-1.0, 2.5, 7]
13:59:31.694514 ACC: [-22, -9, 515]
13:59:31.744754 ALT: 1.41
13:59:31.744938 ATT: [-1.0, 2.5, 7]
13:59:31.745295 ACC: [-22, -9, 515]
13:59:31.790157 ALT: 1.41
13:59:31.790261 ATT: [-1.0, 2.5, 6]
13:59:31.790428 ACC: [-22, -9, 516]
13:59:31.838290 ALT: 1.41
13:59:31.838386 ATT: [-1.0, 2.5, 6]
13:59:31.838550 ACC: [-22, -10, 515]
13:59:31.886319 ALT: 1.41
13:59:31.886451 ATT: [-1.0, 2.5, 6]
13:59:31.886627 ACC: [-23, -9, 515]
13:59:31.936882 ALT: 1.41
13:59:31.936994 ATT: [-1.0, 2.5, 6]
13:59:31.937202 ACC: [-23, -9, 515]
13:59:31.982570 ALT: 1.41
13:59:31.982718 ATT: [-1.0, 2.5, 6]
13:59:31.983042 ACC: [-22, -8, 515]
13:59:32.033928 ALT: 1.41
13:59:32.034028 ATT: [-1.0, 2.5, 6]
13:59:32.034190 ACC: [-23, -8, 515]
13:59:32.078163 ALT: 1.41
13:59:32.078271 ATT: [-1.0, 2.5, 6]
13:59:32.078442 ACC: [-22, -8, 516]
13:59:32.126421 ALT: 1.41
13:59:32.126577 ATT: [-1.0, 2.5, 6]
13:59:32.127080 ACC: [-22, -8, 515]
13:59:32.174145 ALT: 1.41
13:59:32.174246 ATT: [-1.0, 2.5, 6]
13:59:32.174402 ACC: [-22, -9, 515]
13:59:32.223356 ALT: 1.41
13:59:32.223590 ATT: [-1.0, 2.5, 6]
13:59:32.223840 ACC: [-23, -11, 514]
13:59:32.271027 ALT: 1.41
13:59:32.271377 ATT: [-1.0, 2.5, 6]
13:59:32.272810 ACC: [-23, -9, 514]
13:59:32.320209 ALT: 1.41
13:59:32.320347 ATT: [-1.0, 2.5, 6]
13:59:32.320585 ACC: [-22, -9, 515]
13:59:32.366315 ALT: 1.41
13:59:32.366440 ATT: [-1.0, 2.5, 6]
13:59:32.366694 ACC: [-22, -8, 515]
13:59:32.417480 ALT: 1.41
13:59:32.417579 ATT: [-1.0, 2.5, 6]
13:59:32.417737 ACC: [-22, -8, 516]
13:59:32.462386 ALT: 1.41
13:59:32.462507 ATT: [-1.0, 2.5, 6]
13:59:32.462698 ACC: [-22, -8, 516]
13:59:32.510170 ALT: 1.41
13:59:32.510268 ATT: [-1.0, 2.5, 6]
13:59:32.510424 ACC: [-22, -8, 515]
13:59:32.558184 ALT: 1.41
13:59:32.558282 ATT: [-1.0, 2.5, 6]
13:59:32.558437 ACC: [-23, -9, 515]
13:59:32.607222 ALT: 1.41
13:59:32.607315 ATT: [-1.0, 2.5, 6]
13:59:32.607463 ACC: [-23, -9, 515]
13:59:32.656646 ALT: 1.41
13:59:32.656753 ATT: [-1.0, 2.5, 6]
13:59:32.656923 ACC: [-23, -10, 515]
13:59:32.702546 ALT: 1.41
13:59:32.702661 ATT: [-1.0, 2.5, 6]
13:59:32.702867 ACC: [-22, -10, 515]
13:59:32.772059 ALT: 1.41
13:59:32.772806 ATT: [-1.0, 2.5, 6]
13:59:32.773483 ACC: [-22, -9, 515]
13:59:32.816924 ALT: 1.41
13:59:32.817100 ATT: [-1.0, 2.5, 6]
13:59:32.817455 ACC: [-22, -8, 515]
13:59:32.863692 ALT: 1.41
13:59:32.863801 ATT: [-1.0, 2.5, 6]
13:59:32.864072 ACC: [-23, -8, 515]
13:59:32.910218 ALT: 1.41
13:59:32.910317 ATT: [-1.0, 2.5, 6]
13:59:32.910465 ACC: [-22, -9, 515]
13:59:32.958283 ALT: 1.41
13:59:32.958382 ATT: [-1.0, 2.5, 6]
13:59:32.958537 ACC: [-21, -8, 516]
13:59:33.006387 ALT: 1.41
13:59:33.006495 ATT: [-1.0, 2.5, 6]
13:59:33.006670 ACC: [-20, -7, 516]
13:59:33.055025 ALT: 1.41
13:59:33.055134 ATT: [-1.0, 2.5, 6]
13:59:33.055339 ACC: [-23, -8, 516]
13:59:33.111567 ALT: 1.41
13:59:33.111822 ATT: [-1.0, 2.5, 6]
13:59:33.112185 ACC: [-24, -10, 516]
13:59:33.166432 ALT: 1.41
13:59:33.166583 ATT: [-1.0, 2.5, 6]
13:59:33.167075 ACC: [-24, -11, 514]
13:59:33.214496 ALT: 1.41
13:59:33.214609 ATT: [-1.0, 2.5, 6]
13:59:33.214805 ACC: [-21, -9, 513]
13:59:33.262413 ALT: 1.41
13:59:33.262517 ATT: [-1.0, 2.5, 6]
13:59:33.262698 ACC: [-20, -8, 514]
13:59:33.310284 ALT: 1.41
13:59:33.310375 ATT: [-1.0, 2.5, 6]
13:59:33.310519 ACC: [-20, -8, 515]
13:59:33.358300 ALT: 1.41
13:59:33.358390 ATT: [-1.0, 2.5, 6]
13:59:33.358530 ACC: [-22, -9, 516]
13:59:33.406318 ALT: 1.41
13:59:33.406430 ATT: [-1.0, 2.5, 6]
13:59:33.406579 ACC: [-24, -9, 516]
13:59:33.454384 ALT: 1.41
13:59:33.454479 ATT: [-1.0, 2.5, 6]
13:59:33.454622 ACC: [-24, -8, 515]
13:59:33.502676 ALT: 1.41
13:59:33.502779 ATT: [-1.0, 2.5, 6]
13:59:33.502948 ACC: [-24, -8, 514]
13:59:33.550726 ALT: 1.41
13:59:33.550898 ATT: [-1.0, 2.5, 6]
13:59:33.551180 ACC: [-22, -8, 512]
13:59:33.598552 ALT: 1.41
13:59:33.598682 ATT: [-1.0, 2.5, 6]
13:59:33.599110 ACC: [-22, -10, 515]
13:59:33.646524 ALT: 1.41
13:59:33.646653 ATT: [-1.0, 2.5, 6]
13:59:33.646863 ACC: [-22, -11, 517]
13:59:33.694469 ALT: 1.41
13:59:33.694591 ATT: [-1.0, 2.5, 6]
13:59:33.694783 ACC: [-22, -9, 517]
13:59:33.742502 ALT: 1.41
13:59:33.742622 ATT: [-1.0, 2.5, 6]
13:59:33.742784 ACC: [-22, -6, 515]
13:59:33.790607 ALT: 1.41
13:59:33.790771 ATT: [-1.0, 2.5, 6]
13:59:33.791083 ACC: [-22, -7, 514]
13:59:33.838594 ALT: 1.41
13:59:33.838750 ATT: [-1.0, 2.5, 6]
13:59:33.838971 ACC: [-22, -10, 515]
13:59:33.887951 ALT: 1.41
13:59:33.888564 ATT: [-1.0, 2.5, 6]
13:59:33.889030 ACC: [-22, -11, 516]
13:59:33.934707 ALT: 1.41
13:59:33.934851 ATT: [-1.0, 2.5, 6]
13:59:33.935075 ACC: [-23, -9, 515]
13:59:33.982386 ALT: 1.41
13:59:33.982490 ATT: [-1.0, 2.5, 6]
13:59:33.982646 ACC: [-23, -8, 515]
13:59:34.030482 ALT: 1.41
13:59:34.030593 ATT: [-1.0, 2.5, 6]
13:59:34.030766 ACC: [-24, -8, 515]
13:59:34.078517 ALT: 1.41
13:59:34.078626 ATT: [-1.0, 2.5, 6]
13:59:34.078856 ACC: [-22, -9, 514]
13:59:34.128092 ALT: 1.41
13:59:34.128206 ATT: [-1.0, 2.5, 6]
13:59:34.128520 ACC: [-22, -9, 515]
13:59:34.174443 ALT: 1.41
13:59:34.174536 ATT: [-1.0, 2.5, 6]
13:59:34.174725 ACC: [-21, -9, 515]
13:59:34.222860 ALT: 1.41
13:59:34.222954 ATT: [-1.0, 2.5, 6]
13:59:34.223110 ACC: [-22, -9, 515]
13:59:34.271100 ALT: 1.41
13:59:34.271197 ATT: [-1.0, 2.5, 6]
13:59:34.271358 ACC: [-23, -9, 515]
13:59:34.319237 ALT: 1.41
13:59:34.319336 ATT: [-1.0, 2.5, 6]
13:59:34.319500 ACC: [-23, -9, 515]
13:59:34.373368 ALT: 1.41
13:59:34.373462 ATT: [-1.0, 2.5, 6]
13:59:34.373614 ACC: [-22, -9, 515]
13:59:34.414642 ALT: 1.41
13:59:34.414755 ATT: [-1.0, 2.5, 6]
13:59:34.414939 ACC: [-22, -9, 516]
13:59:34.463282 ALT: 1.41
13:59:34.463450 ATT: [-1.0, 2.5, 6]
13:59:34.463641 ACC: [-22, -9, 515]
13:59:34.510478 ALT: 1.41
13:59:34.510570 ATT: [-1.0, 2.5, 6]
13:59:34.510723 ACC: [-22, -8, 515]
13:59:34.558520 ALT: 1.41
13:59:34.558615 ATT: [-1.0, 2.5, 6]
13:59:34.558765 ACC: [-23, -8, 515]
13:59:34.606570 ALT: 1.41
13:59:34.606658 ATT: [-1.0, 2.5, 6]
13:59:34.606803 ACC: [-22, -9, 516]
13:59:34.655614 ALT: 1.41
13:59:34.655707 ATT: [-1.0, 2.5, 6]
13:59:34.655852 ACC: [-22, -9, 515]
13:59:34.703787 ALT: 1.41
13:59:34.704087 ATT: [-1.0, 2.5, 6]
13:59:34.704312 ACC: [-22, -11, 515]
13:59:34.750862 ALT: 1.41
13:59:34.751111 ATT: [-1.0, 2.5, 6]
13:59:34.751919 ACC: [-22, -9, 515]
13:59:34.798641 ALT: 1.41
13:59:34.798759 ATT: [-1.0, 2.5, 7]
13:59:34.798930 ACC: [-22, -8, 515]
13:59:34.862621 ALT: 1.41
13:59:34.862727 ATT: [-1.0, 2.5, 7]
13:59:34.863675 ACC: [-22, -8, 515]
13:59:34.910541 ALT: 1.41
13:59:34.910631 ATT: [-1.0, 2.5, 7]
13:59:34.910777 ACC: [-22, -8, 515]
13:59:34.958670 ALT: 1.41
13:59:34.958762 ATT: [-1.0, 2.5, 7]
13:59:34.958915 ACC: [-22, -8, 515]
13:59:35.006618 ALT: 1.41
13:59:35.006712 ATT: [-1.0, 2.5, 7]
13:59:35.006860 ACC: [-23, -8, 515]
13:59:35.054699 ALT: 1.41
13:59:35.054804 ATT: [-1.0, 2.5, 7]
13:59:35.054974 ACC: [-23, -9, 515]
13:59:35.102937 ALT: 1.41
13:59:35.103037 ATT: [-1.0, 2.5, 7]
13:59:35.103444 ACC: [-22, -9, 515]
13:59:35.152010 ALT: 1.41
13:59:35.152158 ATT: [-1.0, 2.5, 7]
13:59:35.152536 ACC: [-22, -10, 515]
13:59:35.214632 ALT: 1.41
13:59:35.214731 ATT: [-1.0, 2.5, 7]
13:59:35.214905 ACC: [-22, -11, 515]
13:59:35.262657 ALT: 1.41
13:59:35.262763 ATT: [-1.0, 2.5, 7]
13:59:35.262929 ACC: [-23, -8, 515]
13:59:35.310579 ALT: 1.41
13:59:35.310668 ATT: [-1.0, 2.5, 7]
13:59:35.310813 ACC: [-23, -7, 515]
13:59:35.358842 ALT: 1.41
13:59:35.358996 ATT: [-1.0, 2.5, 7]
13:59:35.359161 ACC: [-22, -7, 516]
13:59:35.406662 ALT: 1.41
13:59:35.406760 ATT: [-1.0, 2.5, 7]
13:59:35.406920 ACC: [-22, -9, 515]
13:59:35.454712 ALT: 1.41
13:59:35.454815 ATT: [-1.0, 2.5, 7]
13:59:35.454978 ACC: [-22, -11, 515]
13:59:35.502804 ALT: 1.41
13:59:35.503135 ATT: [-1.0, 2.5, 7]
13:59:35.503449 ACC: [-23, -9, 514]
13:59:35.550744 ALT: 1.41
13:59:35.550854 ATT: [-1.0, 2.5, 7]
13:59:35.551028 ACC: [-23, -8, 514]
13:59:35.598754 ALT: 1.41
13:59:35.598852 ATT: [-1.0, 2.5, 7]
13:59:35.599018 ACC: [-22, -8, 515]
13:59:35.646861 ALT: 1.41
13:59:35.647035 ATT: [-1.0, 2.5, 7]
13:59:35.647797 ACC: [-22, -10, 516]
13:59:35.694768 ALT: 1.41
13:59:35.694941 ATT: [-1.0, 2.5, 7]
13:59:35.695187 ACC: [-22, -10, 515]
13:59:35.742671 ALT: 1.41
13:59:35.742769 ATT: [-1.0, 2.5, 7]
13:59:35.742924 ACC: [-23, -8, 515]
13:59:35.790734 ALT: 1.41
13:59:35.790831 ATT: [-1.0, 2.5, 7]
13:59:35.790989 ACC: [-23, -8, 515]
13:59:35.839641 ALT: 1.41
13:59:35.839739 ATT: [-1.0, 2.5, 7]
13:59:35.839897 ACC: [-22, -8, 515]
13:59:35.888036 ALT: 1.41
13:59:35.888124 ATT: [-1.0, 2.5, 7]
13:59:35.888358 ACC: [-22, -10, 516]
13:59:35.935164 ALT: 1.41
13:59:35.935347 ATT: [-1.0, 2.5, 7]
13:59:35.935619 ACC: [-22, -10, 515]
13:59:35.989036 ALT: 1.41
13:59:35.989137 ATT: [-1.0, 2.5, 7]
13:59:35.989309 ACC: [-22, -10, 514]
13:59:36.030811 ALT: 1.41
13:59:36.030945 ATT: [-1.0, 2.5, 7]
13:59:36.031134 ACC: [-23, -8, 515]
13:59:36.078887 ALT: 1.41
13:59:36.079015 ATT: [-1.0, 2.5, 7]
13:59:36.079185 ACC: [-23, -8, 515]
13:59:36.126723 ALT: 1.41
13:59:36.126817 ATT: [-1.0, 2.5, 7]
13:59:36.126975 ACC: [-22, -9, 515]
13:59:36.174751 ALT: 1.41
13:59:36.174847 ATT: [-1.0, 2.5, 7]
13:59:36.175129 ACC: [-22, -9, 515]
13:59:36.225469 ALT: 1.41
13:59:36.225563 ATT: [-1.0, 2.5, 7]
13:59:36.225716 ACC: [-22, -9, 515]
13:59:36.270935 ALT: 1.41
13:59:36.271041 ATT: [-1.0, 2.5, 7]
13:59:36.271216 ACC: [-23, -8, 515]
13:59:36.318834 ALT: 1.41
13:59:36.318943 ATT: [-1.0, 2.5, 7]
13:59:36.319178 ACC: [-23, -8, 515]
13:59:36.368490 ALT: 1.41
13:59:36.368748 ATT: [-1.0, 2.5, 7]
13:59:36.369251 ACC: [-22, -9, 515]
13:59:36.415556 ALT: 1.41
13:59:36.415659 ATT: [-1.0, 2.5, 7]
13:59:36.415898 ACC: [-22, -9, 515]
13:59:36.462891 ALT: 1.41
13:59:36.462999 ATT: [-1.0, 2.5, 7]
13:59:36.463179 ACC: [-22, -9, 515]
13:59:36.510817 ALT: 1.41
13:59:36.510913 ATT: [-1.0, 2.5, 7]
13:59:36.511074 ACC: [-23, -8, 515]
13:59:36.558850 ALT: 1.41
13:59:36.558949 ATT: [-1.0, 2.5, 7]
13:59:36.559108 ACC: [-22, -7, 515]
13:59:36.606873 ALT: 1.41
13:59:36.606966 ATT: [-1.0, 2.5, 7]
13:59:36.607123 ACC: [-22, -9, 515]
13:59:36.655085 ALT: 1.41
13:59:36.655190 ATT: [-1.0, 2.5, 7]
13:59:36.655349 ACC: [-22, -9, 515]
13:59:36.702939 ALT: 1.41
13:59:36.703191 ATT: [-1.0, 2.5, 7]
13:59:36.703764 ACC: [-22, -9, 515]
13:59:36.753087 ALT: 1.41
13:59:36.753189 ATT: [-1.0, 2.5, 7]
13:59:36.753400 ACC: [-22, -9, 515]
13:59:36.798849 ALT: 1.41
13:59:36.798958 ATT: [-1.0, 2.5, 7]
13:59:36.799130 ACC: [-23, -9, 515]
13:59:36.847059 ALT: 1.41
13:59:36.847167 ATT: [-1.0, 2.5, 7]
13:59:36.847348 ACC: [-22, -9, 515]
13:59:36.910817 ALT: 1.41
13:59:36.910917 ATT: [-1.0, 2.5, 7]
13:59:36.911128 ACC: [-22, -9, 515]
13:59:36.958909 ALT: 1.41
13:59:36.959101 ATT: [-1.0, 2.5, 7]
13:59:36.959278 ACC: [-23, -9, 515]
13:59:37.006896 ALT: 1.41
13:59:37.006997 ATT: [-1.0, 2.5, 7]
13:59:37.007156 ACC: [-23, -9, 515]
13:59:37.055452 ALT: 1.41
13:59:37.055736 ATT: [-1.0, 2.5, 7]
13:59:37.056244 ACC: [-23, -9, 515]
13:59:37.103537 ALT: 1.41
13:59:37.103640 ATT: [-1.0, 2.5, 7]
13:59:37.103806 ACC: [-23, -9, 515]
13:59:37.153844 ALT: 1.41
13:59:37.153933 ATT: [-1.0, 2.5, 7]
13:59:37.154134 ACC: [-22, -9, 515]
13:59:37.203279 ALT: 1.41
13:59:37.203375 ATT: [-1.0, 2.5, 7]
13:59:37.203539 ACC: [-22, -9, 515]
13:59:37.246979 ALT: 1.41
13:59:37.247094 ATT: [-1.0, 2.5, 7]
13:59:37.247268 ACC: [-22, -9, 515]
13:59:37.295029 ALT: 1.41
13:59:37.295203 ATT: [-1.0, 2.5, 6]
13:59:37.295417 ACC: [-23, -9, 515]
13:59:37.343028 ALT: 1.41
13:59:37.343177 ATT: [-1.0, 2.5, 7]
13:59:37.343421 ACC: [-22, -8, 515]
13:59:37.390978 ALT: 1.41
13:59:37.391074 ATT: [-1.0, 2.5, 7]
13:59:37.391218 ACC: [-22, -9, 515]
13:59:37.438998 ALT: 1.41
13:59:37.439121 ATT: [-1.0, 2.5, 7]
13:59:37.439316 ACC: [-22, -9, 515]
13:59:37.489865 ALT: 1.41
13:59:37.489986 ATT: [-1.0, 2.5, 7]
13:59:37.490145 ACC: [-22, -9, 515]
13:59:37.534988 ALT: 1.41
13:59:37.535081 ATT: [-1.0, 2.5, 7]
13:59:37.535237 ACC: [-22, -9, 514]
13:59:37.583519 ALT: 1.41
13:59:37.583672 ATT: [-1.0, 2.5, 7]
13:59:37.583947 ACC: [-22, -9, 515]
13:59:37.631112 ALT: 1.41
13:59:37.631271 ATT: [-1.0, 2.5, 7]
13:59:37.631454 ACC: [-22, -9, 515]
13:59:37.679079 ALT: 1.41
13:59:37.679181 ATT: [-1.0, 2.5, 7]
13:59:37.679345 ACC: [-22, -9, 515]
13:59:37.726981 ALT: 1.41
13:59:37.727078 ATT: [-1.0, 2.5, 7]
13:59:37.727243 ACC: [-22, -9, 515]
13:59:37.775048 ALT: 1.41
13:59:37.775141 ATT: [-1.0, 2.5, 7]
13:59:37.775302 ACC: [-22, -8, 515]
13:59:37.823053 ALT: 1.41
13:59:37.823146 ATT: [-1.0, 2.5, 7]
13:59:37.823301 ACC: [-23, -8, 515]
13:59:37.873542 ALT: 1.41
13:59:37.873637 ATT: [-1.0, 2.5, 7]
13:59:37.873791 ACC: [-22, -8, 515]
13:59:37.919471 ALT: 1.41
13:59:37.919577 ATT: [-1.0, 2.5, 7]
13:59:37.919763 ACC: [-22, -10, 515]
13:59:37.968003 ALT: 1.41
13:59:37.968140 ATT: [-1.0, 2.5, 7]
13:59:37.969925 ACC: [-22, -9, 516]
13:59:38.015138 ALT: 1.41
13:59:38.015327 ATT: [-1.0, 2.5, 7]
13:59:38.015658 ACC: [-23, -9, 515]
13:59:38.063203 ALT: 1.41
13:59:38.063310 ATT: [-1.0, 2.5, 7]
13:59:38.063481 ACC: [-23, -9, 515]
13:59:38.111035 ALT: 1.41
13:59:38.111139 ATT: [-1.0, 2.5, 7]
13:59:38.111330 ACC: [-23, -9, 515]
13:59:38.159136 ALT: 1.45
13:59:38.159230 ATT: [-1.0, 2.5, 7]
13:59:38.159390 ACC: [-22, -9, 515]
13:59:38.207925 ALT: 1.48
13:59:38.208024 ATT: [-1.0, 2.5, 7]
13:59:38.208180 ACC: [-22, -9, 515]
13:59:38.255408 ALT: 1.49
13:59:38.255556 ATT: [-1.0, 2.5, 7]
13:59:38.255799 ACC: [-23, -9, 515]
13:59:38.303468 ALT: 1.49
13:59:38.303579 ATT: [-1.0, 2.5, 7]
13:59:38.303777 ACC: [-23, -9, 515]
13:59:38.351172 ALT: 1.49
13:59:38.351281 ATT: [-1.0, 2.5, 7]
13:59:38.351441 ACC: [-22, -9, 515]
13:59:38.399386 ALT: 1.49
13:59:38.399531 ATT: [-1.0, 2.5, 7]
13:59:38.399785 ACC: [-22, -10, 515]
13:59:38.447170 ALT: 1.49
13:59:38.447287 ATT: [-1.0, 2.5, 7]
13:59:38.447552 ACC: [-22, -9, 515]
13:59:38.495239 ALT: 1.49
13:59:38.495359 ATT: [-1.0, 2.5, 7]
13:59:38.495592 ACC: [-22, -9, 515]
13:59:38.543291 ALT: 1.49
13:59:38.543455 ATT: [-1.0, 2.5, 7]
13:59:38.543723 ACC: [-23, -8, 515]
13:59:38.591148 ALT: 1.49
13:59:38.591246 ATT: [-1.0, 2.5, 7]
13:59:38.591407 ACC: [-23, -9, 515]
13:59:38.639175 ALT: 1.49
13:59:38.639289 ATT: [-1.0, 2.5, 7]
13:59:38.639490 ACC: [-22, -9, 515]
13:59:38.687192 ALT: 1.49
13:59:38.687291 ATT: [-1.0, 2.5, 7]
13:59:38.687499 ACC: [-22, -9, 515]
13:59:38.735349 ALT: 1.49
13:59:38.735447 ATT: [-1.0, 2.5, 7]
13:59:38.735595 ACC: [-22, -8, 515]
13:59:38.783157 ALT: 1.49
13:59:38.783257 ATT: [-1.0, 2.5, 7]
13:59:38.783424 ACC: [-22, -9, 516]
13:59:38.831305 ALT: 1.49
13:59:38.831412 ATT: [-1.0, 2.5, 7]
13:59:38.831590 ACC: [-22, -9, 515]
13:59:38.880889 ALT: 1.49
13:59:38.881159 ATT: [-1.0, 2.5, 7]
13:59:38.881339 ACC: [-22, -9, 515]
13:59:38.927136 ALT: 1.49
13:59:38.927230 ATT: [-1.0, 2.5, 7]
13:59:38.927389 ACC: [-22, -9, 515]
13:59:38.991197 ALT: 1.49
13:59:38.991293 ATT: [-1.0, 2.5, 7]
13:59:38.991454 ACC: [-23, -9, 515]
13:59:39.039193 ALT: 1.49
13:59:39.039294 ATT: [-1.0, 2.5, 7]
13:59:39.039455 ACC: [-22, -8, 515]
13:59:39.087425 ALT: 1.49
13:59:39.087528 ATT: [-1.0, 2.5, 7]
13:59:39.087739 ACC: [-22, -9, 515]
13:59:39.135319 ALT: 1.49
13:59:39.135460 ATT: [-1.0, 2.5, 7]
13:59:39.135797 ACC: [-22, -9, 515]
13:59:39.183360 ALT: 1.49
13:59:39.183516 ATT: [-1.0, 2.5, 7]
13:59:39.183796 ACC: [-22, -9, 515]
13:59:39.231256 ALT: 1.49
13:59:39.231368 ATT: [-1.0, 2.5, 7]
13:59:39.231538 ACC: [-22, -9, 515]
13:59:39.279294 ALT: 1.49
13:59:39.279402 ATT: [-1.0, 2.5, 7]
13:59:39.279573 ACC: [-22, -8, 515]
13:59:39.327304 ALT: 1.49
13:59:39.327446 ATT: [-1.0, 2.5, 7]
13:59:39.327597 ACC: [-23, -9, 515]
13:59:39.375257 ALT: 1.49
13:59:39.375408 ATT: [-1.0, 2.5, 7]
13:59:39.375584 ACC: [-22, -9, 514]
13:59:39.423729 ALT: 1.49
13:59:39.423830 ATT: [-1.0, 2.5, 7]
13:59:39.423986 ACC: [-22, -8, 515]
13:59:39.471805 ALT: 1.49
13:59:39.471906 ATT: [-1.0, 2.5, 7]
13:59:39.472083 ACC: [-22, -9, 515]
13:59:39.519622 ALT: 1.49
13:59:39.519770 ATT: [-1.0, 2.5, 7]
13:59:39.519967 ACC: [-23, -9, 515]
13:59:39.567510 ALT: 1.49
13:59:39.567670 ATT: [-1.0, 2.5, 7]
13:59:39.567873 ACC: [-22, -9, 515]
13:59:39.615473 ALT: 1.49
13:59:39.615723 ATT: [-1.0, 2.5, 7]
13:59:39.615927 ACC: [-22, -9, 515]
13:59:39.663333 ALT: 1.49
13:59:39.663432 ATT: [-1.0, 2.5, 7]
13:59:39.663589 ACC: [-22, -9, 515]
13:59:39.711265 ALT: 1.49
13:59:39.711362 ATT: [-1.0, 2.5, 7]
13:59:39.711516 ACC: [-22, -9, 515]
13:59:39.759538 ALT: 1.49
13:59:39.759693 ATT: [-1.0, 2.5, 6]
13:59:39.759919 ACC: [-23, -8, 515]
13:59:39.807372 ALT: 1.49
13:59:39.807468 ATT: [-1.0, 2.5, 6]
13:59:39.807664 ACC: [-22, -8, 515]
13:59:39.855699 ALT: 1.49
13:59:39.855798 ATT: [-1.0, 2.5, 7]
13:59:39.856018 ACC: [-23, -9, 516]
13:59:39.903293 ALT: 1.49
13:59:39.903393 ATT: [-1.0, 2.5, 7]
13:59:39.903561 ACC: [-22, -9, 515]
13:59:39.951389 ALT: 1.49
13:59:39.951510 ATT: [-1.0, 2.5, 7]
13:59:39.951726 ACC: [-22, -9, 514]
13:59:39.999409 ALT: 1.49
13:59:39.999559 ATT: [-1.0, 2.5, 7]
13:59:39.999841 ACC: [-22, -9, 515]
13:59:40.047439 ALT: 1.49
13:59:40.047567 ATT: [-1.0, 2.5, 7]
13:59:40.047751 ACC: [-22, -9, 515]
13:59:40.095468 ALT: 1.49
13:59:40.095587 ATT: [-1.0, 2.5, 7]
13:59:40.095823 ACC: [-22, -9, 515]
13:59:40.143348 ALT: 1.49
13:59:40.143439 ATT: [-1.0, 2.5, 7]
13:59:40.143592 ACC: [-22, -9, 515]
13:59:40.191318 ALT: 1.49
13:59:40.191412 ATT: [-1.0, 2.5, 7]
13:59:40.191562 ACC: [-22, -9, 515]
13:59:40.240644 ALT: 1.49
13:59:40.240803 ATT: [-1.0, 2.5, 7]
13:59:40.241087 ACC: [-22, -9, 514]
13:59:40.287344 ALT: 1.49
13:59:40.287432 ATT: [-1.0, 2.5, 7]
13:59:40.287626 ACC: [-23, -8, 515]
13:59:40.335811 ALT: 1.49
13:59:40.335943 ATT: [-1.0, 2.5, 7]
13:59:40.336175 ACC: [-22, -9, 515]
13:59:40.383596 ALT: 1.49
13:59:40.383725 ATT: [-1.0, 2.5, 7]
13:59:40.383956 ACC: [-22, -9, 515]
13:59:40.431417 ALT: 1.49
13:59:40.431526 ATT: [-1.0, 2.5, 7]
13:59:40.431690 ACC: [-22, -9, 515]
13:59:40.480386 ALT: 1.49
13:59:40.480493 ATT: [-1.0, 2.5, 7]
13:59:40.480679 ACC: [-22, -9, 515]
13:59:40.527433 ALT: 1.49
13:59:40.527552 ATT: [-1.0, 2.5, 7]
13:59:40.527731 ACC: [-22, -9, 515]
13:59:40.575426 ALT: 1.49
13:59:40.575517 ATT: [-1.0, 2.5, 7]
13:59:40.575713 ACC: [-22, -9, 515]
13:59:40.623718 ALT: 1.49
13:59:40.623879 ATT: [-1.0, 2.5, 7]
13:59:40.624177 ACC: [-23, -9, 515]
13:59:40.671578 ALT: 1.49
13:59:40.671677 ATT: [-1.0, 2.5, 7]
13:59:40.671851 ACC: [-23, -9, 514]
13:59:40.719433 ALT: 1.49
13:59:40.719526 ATT: [-1.0, 2.5, 7]
13:59:40.719676 ACC: [-22, -9, 515]
13:59:40.767562 ALT: 1.49
13:59:40.767778 ATT: [-1.0, 2.5, 7]
13:59:40.768023 ACC: [-23, -9, 515]
13:59:40.815543 ALT: 1.49
13:59:40.815683 ATT: [-1.0, 2.5, 7]
13:59:40.815928 ACC: [-23, -9, 515]
13:59:40.865464 ALT: 1.49
13:59:40.865748 ATT: [-1.0, 2.5, 7]
13:59:40.865964 ACC: [-22, -9, 516]
13:59:40.911476 ALT: 1.49
13:59:40.911582 ATT: [-1.0, 2.5, 7]
13:59:40.911752 ACC: [-22, -9, 515]
13:59:40.959512 ALT: 1.49
13:59:40.959614 ATT: [-1.0, 2.5, 7]
13:59:40.959792 ACC: [-22, -9, 515]
13:59:41.007546 ALT: 1.49
13:59:41.007756 ATT: [-1.0, 2.5, 7]
13:59:41.008008 ACC: [-23, -9, 514]
13:59:41.071440 ALT: 1.49
13:59:41.071537 ATT: [-1.0, 2.5, 7]
13:59:41.071691 ACC: [-23, -9, 515]
13:59:41.119520 ALT: 1.49
13:59:41.119628 ATT: [-1.0, 2.5, 7]
13:59:41.119795 ACC: [-22, -9, 515]
13:59:41.167749 ALT: 1.49
13:59:41.167902 ATT: [-1.0, 2.5, 7]
13:59:41.168142 ACC: [-23, -9, 515]
13:59:41.215509 ALT: 1.49
13:59:41.215657 ATT: [-1.0, 2.5, 7]
13:59:41.215842 ACC: [-22, -10, 515]
13:59:41.263537 ALT: 1.49
13:59:41.263635 ATT: [-1.0, 2.5, 7]
13:59:41.264054 ACC: [-22, -9, 515]
13:59:41.311501 ALT: 1.49
13:59:41.311598 ATT: [-1.0, 2.5, 7]
13:59:41.311802 ACC: [-23, -9, 515]
13:59:41.359522 ALT: 1.49
13:59:41.359624 ATT: [-1.0, 2.5, 7]
13:59:41.359798 ACC: [-22, -8, 515]
13:59:41.408197 ALT: 1.49
13:59:41.408724 ATT: [-1.0, 2.5, 7]
13:59:41.408919 ACC: [-22, -9, 515]
13:59:41.459874 ALT: 1.49
13:59:41.459978 ATT: [-1.0, 2.5, 7]
13:59:41.460149 ACC: [-23, -8, 514]
13:59:41.503770 ALT: 1.49
13:59:41.503874 ATT: [-1.0, 2.5, 7]
13:59:41.504041 ACC: [-22, -8, 515]
13:59:41.551703 ALT: 1.49
13:59:41.551869 ATT: [-1.0, 2.5, 7]
13:59:41.552168 ACC: [-22, -9, 514]
13:59:41.600593 ALT: 1.49
13:59:41.600847 ATT: [-1.0, 2.5, 7]
13:59:41.601188 ACC: [-22, -9, 515]
13:59:41.647706 ALT: 1.49
13:59:41.647844 ATT: [-1.0, 2.5, 7]
13:59:41.648058 ACC: [-22, -9, 515]
13:59:41.695668 ALT: 1.49
13:59:41.695846 ATT: [-1.0, 2.5, 7]
13:59:41.696057 ACC: [-22, -9, 515]
13:59:41.743557 ALT: 1.49
13:59:41.743658 ATT: [-1.0, 2.5, 6]
13:59:41.743829 ACC: [-22, -9, 515]
13:59:41.791947 ALT: 1.49
13:59:41.792130 ATT: [-1.0, 2.5, 7]
13:59:41.792453 ACC: [-22, -9, 515]
13:59:41.839882 ALT: 1.49
13:59:41.839996 ATT: [-1.0, 2.5, 7]
13:59:41.840217 ACC: [-23, -9, 515]
13:59:41.887978 ALT: 1.49
13:59:41.888100 ATT: [-1.0, 2.5, 7]
13:59:41.888337 ACC: [-22, -8, 515]
13:59:41.935964 ALT: 1.49
13:59:41.936253 ATT: [-1.0, 2.5, 7]
13:59:41.937029 ACC: [-22, -9, 515]
13:59:42.000988 ALT: 1.49
13:59:42.001556 ATT: [-1.0, 2.5, 7]
13:59:42.002118 ACC: [-22, -9, 515]
13:59:42.047830 ALT: 1.49
13:59:42.047952 ATT: [-1.0, 2.5, 7]
13:59:42.048227 ACC: [-22, -9, 515]
13:59:42.095829 ALT: 1.49
13:59:42.095951 ATT: [-1.0, 2.5, 7]
13:59:42.096180 ACC: [-23, -9, 515]
13:59:42.143780 ALT: 1.49
13:59:42.143883 ATT: [-1.0, 2.5, 7]
13:59:42.144042 ACC: [-23, -8, 515]
13:59:42.192686 ALT: 1.49
13:59:42.192789 ATT: [-1.0, 2.5, 7]
13:59:42.192947 ACC: [-23, -8, 515]
13:59:42.239651 ALT: 1.49
13:59:42.239756 ATT: [-1.0, 2.5, 7]
13:59:42.239948 ACC: [-23, -9, 515]
13:59:42.287917 ALT: 1.49
13:59:42.288012 ATT: [-1.0, 2.5, 7]
13:59:42.288171 ACC: [-22, -9, 516]
13:59:42.337190 ALT: 1.49
13:59:42.337294 ATT: [-1.0, 2.5, 7]
13:59:42.337468 ACC: [-22, -9, 515]
13:59:42.383786 ALT: 1.49
13:59:42.383927 ATT: [-1.0, 2.5, 7]
13:59:42.384212 ACC: [-22, -9, 514]
13:59:42.432006 ALT: 1.49
13:59:42.432126 ATT: [-1.0, 2.5, 7]
13:59:42.432505 ACC: [-23, -9, 515]
13:59:42.479750 ALT: 1.49
13:59:42.479860 ATT: [-1.0, 2.5, 7]
13:59:42.480051 ACC: [-22, -9, 515]
13:59:42.527738 ALT: 1.49
13:59:42.527840 ATT: [-1.0, 2.5, 7]
13:59:42.528007 ACC: [-22, -8, 515]
13:59:42.576452 ALT: 1.49
13:59:42.576606 ATT: [-1.0, 2.5, 7]
13:59:42.576769 ACC: [-22, -8, 515]
13:59:42.624058 ALT: 1.49
13:59:42.624172 ATT: [-1.0, 2.5, 7]
13:59:42.624405 ACC: [-22, -9, 515]
13:59:42.671740 ALT: 1.49
13:59:42.671835 ATT: [-1.0, 2.5, 7]
13:59:42.672007 ACC: [-22, -9, 515]
13:59:42.719953 ALT: 1.49
13:59:42.720048 ATT: [-1.0, 2.5, 7]
13:59:42.720210 ACC: [-22, -9, 515]
13:59:42.767999 ALT: 1.49
13:59:42.768150 ATT: [-1.0, 2.5, 7]
13:59:42.768564 ACC: [-22, -10, 515]
13:59:42.816401 ALT: 1.49
13:59:42.816553 ATT: [-1.0, 2.5, 7]
13:59:42.816847 ACC: [-22, -9, 515]
13:59:42.863907 ALT: 1.49
13:59:42.864022 ATT: [-1.0, 2.5, 7]
13:59:42.864211 ACC: [-22, -9, 515]
13:59:42.927860 ALT: 1.49
13:59:42.928032 ATT: [-1.0, 2.5, 7]
13:59:42.928399 ACC: [-23, -9, 515]
13:59:42.975890 ALT: 1.49
13:59:42.976056 ATT: [-1.0, 2.5, 7]
13:59:42.979316 ACC: [-22, -9, 515]
13:59:43.023704 ALT: 1.49
13:59:43.023802 ATT: [-1.0, 2.5, 7]
13:59:43.023962 ACC: [-22, -9, 515]
13:59:43.072008 ALT: 1.49
13:59:43.072107 ATT: [-1.0, 2.5, 7]
13:59:43.072269 ACC: [-22, -9, 515]
13:59:43.136337 ALT: 1.49
13:59:43.136518 ATT: [-1.0, 2.5, 7]
13:59:43.136746 ACC: [-22, -9, 515]
13:59:43.183821 ALT: 1.49
13:59:43.183929 ATT: [-1.0, 2.5, 7]
13:59:43.184098 ACC: [-23, -9, 515]
13:59:43.232475 ALT: 1.49
13:59:43.233094 ATT: [-1.0, 2.5, 7]
13:59:43.233242 ACC: [-22, -9, 514]
13:59:43.279794 ALT: 1.49
13:59:43.279905 ATT: [-1.0, 2.5, 7]
13:59:43.280074 ACC: [-23, -9, 515]
13:59:43.327865 ALT: 1.49
13:59:43.328105 ATT: [-1.0, 2.5, 7]
13:59:43.328544 ACC: [-22, -8, 515]
13:59:43.375882 ALT: 1.49
13:59:43.375996 ATT: [-1.0, 2.5, 7]
13:59:43.376709 ACC: [-23, -9, 515]
13:59:43.423796 ALT: 1.49
13:59:43.423910 ATT: [-1.0, 2.5, 7]
13:59:43.426945 ACC: [-22, -8, 515]
13:59:43.472380 ALT: 1.49
13:59:43.472483 ATT: [-1.0, 2.5, 7]
13:59:43.472653 ACC: [-22, -9, 515]
13:59:43.519832 ALT: 1.49
13:59:43.519934 ATT: [-1.0, 2.5, 7]
13:59:43.520102 ACC: [-22, -10, 515]
13:59:43.567897 ALT: 1.49
13:59:43.567998 ATT: [-1.0, 2.5, 7]
13:59:43.568166 ACC: [-22, -9, 514]
13:59:43.615890 ALT: 1.49
13:59:43.615984 ATT: [-1.0, 2.5, 7]
13:59:43.616138 ACC: [-23, -9, 515]
13:59:43.663911 ALT: 1.49
13:59:43.664017 ATT: [-1.0, 2.5, 7]
13:59:43.664202 ACC: [-23, -9, 514]
13:59:43.711929 ALT: 1.49
13:59:43.712038 ATT: [-1.0, 2.5, 7]
13:59:43.712230 ACC: [-22, -9, 515]
13:59:43.761032 ALT: 1.49
13:59:43.761136 ATT: [-1.0, 2.5, 7]
13:59:43.761308 ACC: [-22, -9, 515]
13:59:43.807916 ALT: 1.49
13:59:43.808040 ATT: [-1.0, 2.5, 7]
13:59:43.808242 ACC: [-22, -8, 515]
13:59:43.856033 ALT: 1.49
13:59:43.856128 ATT: [-1.0, 2.5, 6]
13:59:43.856333 ACC: [-22, -9, 515]
13:59:43.903896 ALT: 1.53
13:59:43.903995 ATT: [-1.0, 2.5, 6]
13:59:43.904162 ACC: [-22, -8, 515]
13:59:43.952087 ALT: 1.57
13:59:43.952243 ATT: [-1.0, 2.5, 6]
13:59:43.952538 ACC: [-22, -9, 515]
13:59:44.000093 ALT: 1.58
13:59:44.000190 ATT: [-1.0, 2.5, 6]
13:59:44.000422 ACC: [-23, -10, 516]
13:59:44.048044 ALT: 1.58
13:59:44.048169 ATT: [-1.0, 2.5, 7]
13:59:44.048467 ACC: [-23, -9, 515]
13:59:44.095979 ALT: 1.58
13:59:44.096090 ATT: [-1.0, 2.5, 7]
13:59:44.096349 ACC: [-23, -8, 514]
13:59:44.143983 ALT: 1.58
13:59:44.144098 ATT: [-1.0, 2.5, 7]
13:59:44.144321 ACC: [-22, -9, 515]
13:59:44.192003 ALT: 1.58
13:59:44.192120 ATT: [-1.0, 2.5, 7]
13:59:44.192421 ACC: [-22, -9, 515]
13:59:44.240027 ALT: 1.58
13:59:44.240208 ATT: [-1.0, 2.5, 7]
13:59:44.240487 ACC: [-22, -9, 514]
13:59:44.287993 ALT: 1.58
13:59:44.288088 ATT: [-1.0, 2.5, 7]
13:59:44.288240 ACC: [-23, -9, 515]
13:59:44.336013 ALT: 1.58
13:59:44.336108 ATT: [-1.0, 2.5, 7]
13:59:44.336258 ACC: [-22, -9, 515]
13:59:44.387902 ALT: 1.58
13:59:44.388006 ATT: [-1.0, 2.5, 7]
13:59:44.388152 ACC: [-22, -9, 515]
13:59:44.432134 ALT: 1.58
13:59:44.432700 ATT: [-1.0, 2.5, 7]
13:59:44.432917 ACC: [-22, -9, 515]
13:59:44.479974 ALT: 1.58
13:59:44.480128 ATT: [-1.0, 2.5, 7]
13:59:44.480328 ACC: [-22, -9, 514]
13:59:44.528721 ALT: 1.58
13:59:44.528934 ATT: [-1.0, 2.5, 7]
13:59:44.529168 ACC: [-22, -9, 514]
13:59:44.576010 ALT: 1.58
13:59:44.576110 ATT: [-1.0, 2.5, 7]
13:59:44.576359 ACC: [-23, -9, 515]
13:59:44.623953 ALT: 1.58
13:59:44.624047 ATT: [-1.0, 2.5, 7]
13:59:44.624203 ACC: [-22, -9, 515]
13:59:44.671956 ALT: 1.58
13:59:44.672047 ATT: [-1.0, 2.5, 7]
13:59:44.672190 ACC: [-22, -8, 515]
13:59:44.720028 ALT: 1.58
13:59:44.720121 ATT: [-1.0, 2.5, 7]
13:59:44.720302 ACC: [-22, -9, 515]
13:59:44.768422 ALT: 1.58
13:59:44.768547 ATT: [-1.0, 2.5, 7]
13:59:44.768764 ACC: [-22, -9, 515]
13:59:44.816260 ALT: 1.58
13:59:44.816472 ATT: [-1.0, 2.5, 7]
13:59:44.816717 ACC: [-23, -9, 515]
13:59:44.864022 ALT: 1.58
13:59:44.864123 ATT: [-1.0, 2.5, 7]
13:59:44.864371 ACC: [-23, -9, 514]
13:59:44.913012 ALT: 1.58
13:59:44.913115 ATT: [-1.0, 2.5, 6]
13:59:44.913296 ACC: [-22, -9, 515]
13:59:44.960230 ALT: 1.58
13:59:44.960374 ATT: [-1.0, 2.5, 6]
13:59:44.961092 ACC: [-22, -9, 515]
13:59:45.008015 ALT: 1.58
13:59:45.008109 ATT: [-1.0, 2.5, 6]
13:59:45.008262 ACC: [-22, -9, 515]
13:59:45.056062 ALT: 1.58
13:59:45.056154 ATT: [-1.0, 2.5, 7]
13:59:45.056325 ACC: [-22, -9, 514]
13:59:45.104138 ALT: 1.58
13:59:45.104234 ATT: [-1.0, 2.5, 7]
13:59:45.104445 ACC: [-22, -8, 515]
13:59:45.152263 ALT: 1.58
13:59:45.152457 ATT: [-1.0, 2.5, 7]
13:59:45.152630 ACC: [-23, -9, 515]
13:59:45.216166 ALT: 1.58
13:59:45.216385 ATT: [-1.0, 2.5, 7]
13:59:45.216645 ACC: [-23, -9, 515]
13:59:45.264080 ALT: 1.58
13:59:45.264199 ATT: [-1.0, 2.5, 7]
13:59:45.264444 ACC: [-22, -9, 515]
13:59:45.312701 ALT: 1.58
13:59:45.312809 ATT: [-1.0, 2.5, 7]
13:59:45.312981 ACC: [-22, -9, 515]
13:59:45.360023 ALT: 1.58
13:59:45.360128 ATT: [-1.0, 2.5, 7]
13:59:45.360359 ACC: [-22, -9, 515]
13:59:45.408138 ALT: 1.58
13:59:45.408232 ATT: [-1.0, 2.5, 7]
13:59:45.408508 ACC: [-22, -9, 515]
13:59:45.456106 ALT: 1.58
13:59:45.456206 ATT: [-1.0, 2.5, 7]
13:59:45.456542 ACC: [-23, -9, 515]
13:59:45.504796 ALT: 1.58
13:59:45.504887 ATT: [-1.0, 2.5, 7]
13:59:45.505035 ACC: [-22, -8, 515]
13:59:45.553089 ALT: 1.58
13:59:45.553418 ATT: [-1.0, 2.5, 7]
13:59:45.553649 ACC: [-23, -9, 515]
13:59:45.600613 ALT: 1.58
13:59:45.600786 ATT: [-1.0, 2.5, 7]
13:59:45.601017 ACC: [-22, -9, 515]
13:59:45.648173 ALT: 1.58
13:59:45.648349 ATT: [-1.0, 2.5, 7]
13:59:45.648526 ACC: [-22, -9, 515]
13:59:45.696465 ALT: 1.58
13:59:45.696566 ATT: [-1.0, 2.5, 7]
13:59:45.696727 ACC: [-22, -10, 514]
13:59:45.744362 ALT: 1.58
13:59:45.744473 ATT: [-1.0, 2.5, 7]
13:59:45.744824 ACC: [-22, -9, 515]
13:59:45.792204 ALT: 1.58
13:59:45.792339 ATT: [-1.0, 2.5, 7]
13:59:45.792511 ACC: [-22, -9, 515]
13:59:45.840172 ALT: 1.58
13:59:45.840264 ATT: [-1.0, 2.5, 7]
13:59:45.840527 ACC: [-22, -9, 515]
13:59:45.888168 ALT: 1.58
13:59:45.888262 ATT: [-1.0, 2.5, 7]
13:59:45.888451 ACC: [-22, -9, 515]
13:59:45.936197 ALT: 1.58
13:59:45.936357 ATT: [-1.0, 2.5, 6]
13:59:45.936567 ACC: [-22, -8, 515]
13:59:45.984342 ALT: 1.58
13:59:45.984485 ATT: [-1.0, 2.5, 6]
13:59:45.984753 ACC: [-23, -8, 515]
13:59:46.033409 ALT: 1.58
13:59:46.033583 ATT: [-1.0, 2.5, 6]
13:59:46.034150 ACC: [-23, -9, 515]
13:59:46.080400 ALT: 1.58
13:59:46.080502 ATT: [-1.0, 2.5, 6]
13:59:46.080659 ACC: [-22, -9, 515]
13:59:46.128462 ALT: 1.58
13:59:46.128739 ATT: [-1.0, 2.5, 6]
13:59:46.129772 ACC: [-22, -9, 515]
13:59:46.176177 ALT: 1.58
13:59:46.176266 ATT: [-1.0, 2.5, 6]
13:59:46.176433 ACC: [-22, -9, 514]
13:59:46.224192 ALT: 1.58
13:59:46.224318 ATT: [-1.0, 2.5, 6]
13:59:46.224481 ACC: [-23, -9, 515]
13:59:46.272210 ALT: 1.58
13:59:46.272336 ATT: [-1.0, 2.5, 6]
13:59:46.272479 ACC: [-22, -8, 515]
13:59:46.320970 ALT: 1.58
13:59:46.321062 ATT: [-1.0, 2.5, 6]
13:59:46.321206 ACC: [-22, -9, 515]
13:59:46.368513 ALT: 1.58
13:59:46.368652 ATT: [-1.0, 2.5, 6]
13:59:46.368882 ACC: [-22, -9, 515]
13:59:46.416438 ALT: 1.58
13:59:46.416579 ATT: [-1.0, 2.5, 7]
13:59:46.416809 ACC: [-22, -8, 515]
13:59:46.464297 ALT: 1.58
13:59:46.464396 ATT: [-1.0, 2.5, 7]
13:59:46.464559 ACC: [-22, -9, 515]
13:59:46.512452 ALT: 1.58
13:59:46.512684 ATT: [-1.0, 2.5, 7]
13:59:46.513073 ACC: [-22, -9, 515]
13:59:46.560296 ALT: 1.58
13:59:46.560396 ATT: [-1.0, 2.5, 6]
13:59:46.560561 ACC: [-22, -9, 515]
13:59:46.608232 ALT: 1.58
13:59:46.608348 ATT: [-1.0, 2.5, 6]
13:59:46.608502 ACC: [-23, -9, 515]
13:59:46.656263 ALT: 1.58
13:59:46.656412 ATT: [-1.0, 2.5, 6]
13:59:46.656562 ACC: [-22, -9, 515]
13:59:46.704808 ALT: 1.58
13:59:46.704916 ATT: [-1.0, 2.5, 7]
13:59:46.705074 ACC: [-23, -8, 515]
13:59:46.752768 ALT: 1.58
13:59:46.752870 ATT: [-1.0, 2.5, 7]
13:59:46.753044 ACC: [-23, -9, 515]
13:59:46.800472 ALT: 1.58
13:59:46.800615 ATT: [-1.0, 2.5, 7]
13:59:46.800871 ACC: [-22, -9, 515]
13:59:46.848770 ALT: 1.58
13:59:46.848879 ATT: [-1.0, 2.5, 7]
13:59:46.849066 ACC: [-23, -9, 515]
13:59:46.896948 ALT: 1.58
13:59:46.897059 ATT: [-1.0, 2.5, 7]
13:59:46.897231 ACC: [-22, -9, 514]
13:59:46.945997 ALT: 1.58
13:59:46.946622 ATT: [-1.0, 2.5, 7]
13:59:46.946899 ACC: [-22, -9, 516]
13:59:46.992295 ALT: 1.58
13:59:46.992387 ATT: [-1.0, 2.5, 7]
13:59:46.992529 ACC: [-22, -9, 515]
13:59:47.040320 ALT: 1.58
13:59:47.040411 ATT: [-1.0, 2.5, 7]
13:59:47.040552 ACC: [-22, -9, 514]
13:59:47.088392 ALT: 1.58
13:59:47.088486 ATT: [-1.0, 2.5, 6]
13:59:47.088626 ACC: [-22, -9, 515]
13:59:47.136351 ALT: 1.58
13:59:47.136440 ATT: [-1.0, 2.5, 6]
13:59:47.136581 ACC: [-22, -9, 516]
13:59:47.184690 ALT: 1.58
13:59:47.184809 ATT: [-1.0, 2.5, 7]
13:59:47.185088 ACC: [-23, -9, 515]
13:59:47.232578 ALT: 1.58
13:59:47.232688 ATT: [-1.0, 2.5, 7]
13:59:47.233165 ACC: [-22, -8, 515]
13:59:47.298781 ALT: 1.58
13:59:47.298974 ATT: [-1.0, 2.5, 6]
13:59:47.299141 ACC: [-22, -8, 514]
13:59:47.344433 ALT: 1.58
13:59:47.344555 ATT: [-1.0, 2.5, 7]
13:59:47.344738 ACC: [-23, -9, 515]
13:59:47.392395 ALT: 1.58
13:59:47.392491 ATT: [-1.0, 2.5, 7]
13:59:47.392641 ACC: [-22, -9, 515]
13:59:47.440374 ALT: 1.58
13:59:47.440465 ATT: [-1.0, 2.5, 7]
13:59:47.440652 ACC: [-22, -9, 515]
13:59:47.488413 ALT: 1.58
13:59:47.488504 ATT: [-1.0, 2.5, 7]
13:59:47.488644 ACC: [-23, -9, 515]
13:59:47.536658 ALT: 1.58
13:59:47.536753 ATT: [-1.0, 2.5, 7]
13:59:47.536921 ACC: [-22, -9, 514]
13:59:47.584747 ALT: 1.58
13:59:47.584873 ATT: [-1.0, 2.5, 7]
13:59:47.585088 ACC: [-23, -9, 514]
13:59:47.633473 ALT: 1.58
13:59:47.633654 ATT: [-1.0, 2.5, 7]
13:59:47.634036 ACC: [-22, -9, 514]
13:59:47.683027 ALT: 1.58
13:59:47.683130 ATT: [-1.0, 2.5, 7]
13:59:47.683303 ACC: [-23, -10, 515]
13:59:47.728511 ALT: 1.58
13:59:47.728625 ATT: [-1.0, 2.5, 7]
13:59:47.728845 ACC: [-22, -9, 515]
13:59:47.776435 ALT: 1.58
13:59:47.776529 ATT: [-1.0, 2.5, 7]
13:59:47.776793 ACC: [-22, -9, 515]
13:59:47.824592 ALT: 1.58
13:59:47.824704 ATT: [-1.0, 2.5, 7]
13:59:47.824931 ACC: [-22, -9, 515]
13:59:47.872923 ALT: 1.58
13:59:47.873037 ATT: [-1.0, 2.5, 7]
13:59:47.873206 ACC: [-22, -9, 514]
13:59:47.920609 ALT: 1.58
13:59:47.920703 ATT: [-1.0, 2.5, 7]
13:59:47.920849 ACC: [-22, -9, 515]
13:59:47.968699 ALT: 1.58
13:59:47.968869 ATT: [-1.0, 2.5, 7]
13:59:47.969161 ACC: [-22, -9, 515]
13:59:48.016721 ALT: 1.58
13:59:48.016897 ATT: [-1.0, 2.5, 7]
13:59:48.017244 ACC: [-22, -9, 515]
13:59:48.064809 ALT: 1.58
13:59:48.064943 ATT: [-1.0, 2.5, 7]
13:59:48.065156 ACC: [-22, -9, 515]
13:59:48.114537 ALT: 1.58
13:59:48.114666 ATT: [-1.0, 2.5, 7]
13:59:48.114889 ACC: [-22, -9, 515]
13:59:48.160879 ALT: 1.58
13:59:48.160985 ATT: [-1.0, 2.5, 7]
13:59:48.161169 ACC: [-23, -9, 515]
13:59:48.208587 ALT: 1.58
13:59:48.208684 ATT: [-1.0, 2.5, 7]
13:59:48.208890 ACC: [-22, -9, 515]
13:59:48.256590 ALT: 1.58
13:59:48.256688 ATT: [-1.0, 2.5, 7]
13:59:48.256855 ACC: [-23, -8, 514]
13:59:48.305143 ALT: 1.58
13:59:48.305247 ATT: [-1.0, 2.5, 6]
13:59:48.305416 ACC: [-23, -9, 514]
13:59:48.352725 ALT: 1.58
13:59:48.352835 ATT: [-1.0, 2.5, 7]
13:59:48.353017 ACC: [-22, -10, 515]
13:59:48.400674 ALT: 1.58
13:59:48.400782 ATT: [-1.0, 2.5, 7]
13:59:48.400955 ACC: [-22, -9, 516]
13:59:48.449446 ALT: 1.58
13:59:48.449547 ATT: [-1.0, 2.5, 7]
13:59:48.449712 ACC: [-22, -9, 514]
13:59:48.497185 ALT: 1.62
13:59:48.497296 ATT: [-1.0, 2.5, 7]
13:59:48.497492 ACC: [-22, -9, 515]
13:59:48.544625 ALT: 1.64
13:59:48.544730 ATT: [-1.0, 2.5, 6]
13:59:48.544976 ACC: [-22, -9, 514]
13:59:48.592579 ALT: 1.66
13:59:48.592677 ATT: [-1.0, 2.5, 6]
13:59:48.592843 ACC: [-23, -10, 515]
13:59:48.640614 ALT: 1.66
13:59:48.640717 ATT: [-1.0, 2.5, 6]
13:59:48.640880 ACC: [-22, -9, 516]
13:59:48.688644 ALT: 1.66
13:59:48.688739 ATT: [-1.0, 2.5, 6]
13:59:48.688902 ACC: [-22, -9, 516]
13:59:48.737077 ALT: 1.66
13:59:48.737182 ATT: [-1.0, 2.5, 6]
13:59:48.737405 ACC: [-22, -9, 515]
13:59:48.785064 ALT: 1.66
13:59:48.785237 ATT: [-1.0, 2.5, 6]
13:59:48.785517 ACC: [-22, -8, 514]
13:59:48.832670 ALT: 1.66
13:59:48.832781 ATT: [-1.0, 2.5, 6]
13:59:48.833034 ACC: [-23, -10, 515]
13:59:48.881095 ALT: 1.66
13:59:48.881585 ATT: [-1.0, 2.5, 6]
13:59:48.883217 ACC: [-22, -9, 515]
13:59:48.928646 ALT: 1.66
13:59:48.928748 ATT: [-1.0, 2.5, 6]
13:59:48.928924 ACC: [-23, -9, 515]
13:59:48.976674 ALT: 1.66
13:59:48.976770 ATT: [-1.0, 2.5, 6]
13:59:48.976918 ACC: [-22, -9, 515]
13:59:49.024616 ALT: 1.66
13:59:49.024707 ATT: [-1.0, 2.5, 7]
13:59:49.024854 ACC: [-23, -9, 515]
13:59:49.072677 ALT: 1.66
13:59:49.072769 ATT: [-1.0, 2.5, 7]
13:59:49.072918 ACC: [-23, -9, 515]
13:59:49.121084 ALT: 1.66
13:59:49.121186 ATT: [-1.0, 2.5, 7]
13:59:49.121350 ACC: [-22, -9, 515]
13:59:49.168785 ALT: 1.66
13:59:49.168908 ATT: [-1.0, 2.5, 7]
13:59:49.169143 ACC: [-22, -9, 515]
13:59:49.217434 ALT: 1.66
13:59:49.217537 ATT: [-1.0, 2.5, 7]
13:59:49.217679 ACC: [-22, -9, 515]
13:59:49.267213 ALT: 1.66
13:59:49.267310 ATT: [-1.0, 2.5, 7]
13:59:49.267466 ACC: [-22, -9, 514]
13:59:49.328835 ALT: 1.66
13:59:49.328939 ATT: [-1.0, 2.5, 7]
13:59:49.329101 ACC: [-23, -8, 515]
13:59:49.376851 ALT: 1.66
13:59:49.376962 ATT: [-1.0, 2.5, 7]
13:59:49.377132 ACC: [-22, -10, 516]
13:59:49.424877 ALT: 1.66
13:59:49.424980 ATT: [-1.0, 2.5, 7]
13:59:49.425133 ACC: [-22, -9, 515]
13:59:49.473062 ALT: 1.66
13:59:49.473160 ATT: [-1.0, 2.5, 7]
13:59:49.473316 ACC: [-22, -9, 514]
13:59:49.521786 ALT: 1.66
13:59:49.521885 ATT: [-1.0, 2.5, 7]
13:59:49.522044 ACC: [-23, -9, 514]
13:59:49.573682 ALT: 1.66
13:59:49.573820 ATT: [-1.0, 2.5, 7]
13:59:49.574084 ACC: [-23, -9, 514]
13:59:49.622973 ALT: 1.66
13:59:49.623102 ATT: [-1.0, 2.5, 7]
13:59:49.623349 ACC: [-22, -10, 515]
13:59:49.665122 ALT: 1.66
13:59:49.665240 ATT: [-1.0, 2.5, 7]
13:59:49.665438 ACC: [-22, -9, 516]
13:59:49.715141 ALT: 1.66
13:59:49.715267 ATT: [-1.0, 2.5, 7]
13:59:49.715505 ACC: [-22, -9, 515]
13:59:49.761105 ALT: 1.66
13:59:49.761207 ATT: [-1.0, 2.5, 7]
13:59:49.761382 ACC: [-22, -9, 514]
13:59:49.809130 ALT: 1.66
13:59:49.809226 ATT: [-1.0, 2.5, 7]
13:59:49.809435 ACC: [-23, -8, 515]
13:59:49.857159 ALT: 1.66
13:59:49.857254 ATT: [-1.0, 2.5, 7]
13:59:49.857414 ACC: [-23, -9, 515]
13:59:49.905293 ALT: 1.66
13:59:49.905390 ATT: [-1.0, 2.5, 7]
13:59:49.905557 ACC: [-22, -9, 515]
13:59:49.954537 ALT: 1.66
13:59:49.954641 ATT: [-1.0, 2.5, 7]
13:59:49.954969 ACC: [-22, -9, 515]
13:59:50.002086 ALT: 1.66
13:59:50.002398 ATT: [-1.0, 2.5, 7]
13:59:50.002657 ACC: [-22, -9, 515]
13:59:50.051078 ALT: 1.66
13:59:50.051179 ATT: [-1.0, 2.5, 7]
13:59:50.051349 ACC: [-23, -8, 515]
13:59:50.101232 ALT: 1.66
13:59:50.101347 ATT: [-1.0, 2.5, 7]
13:59:50.101535 ACC: [-23, -9, 515]
13:59:50.145413 ALT: 1.66
13:59:50.145526 ATT: [-1.0, 2.5, 7]
13:59:50.145717 ACC: [-22, -9, 515]
13:59:50.193405 ALT: 1.66
13:59:50.193505 ATT: [-1.0, 2.5, 7]
13:59:50.193671 ACC: [-22, -9, 516]
13:59:50.241419 ALT: 1.66
13:59:50.241514 ATT: [-1.0, 2.5, 7]
13:59:50.241683 ACC: [-23, -9, 515]
13:59:50.289835 ALT: 1.66
13:59:50.289943 ATT: [-1.0, 2.5, 7]
13:59:50.290107 ACC: [-23, -9, 515]
13:59:50.337606 ALT: 1.66
13:59:50.337758 ATT: [-1.0, 2.5, 7]
13:59:50.338036 ACC: [-23, -9, 515]
13:59:50.386866 ALT: 1.66
13:59:50.387088 ATT: [-1.0, 2.5, 7]
13:59:50.387351 ACC: [-22, -9, 516]
13:59:50.433474 ALT: 1.66
13:59:50.433579 ATT: [-1.0, 2.5, 7]
13:59:50.433744 ACC: [-22, -9, 515]
13:59:50.481569 ALT: 1.66
13:59:50.481687 ATT: [-1.0, 2.5, 7]
13:59:50.481884 ACC: [-22, -9, 515]
13:59:50.549091 ALT: 1.66
13:59:50.549195 ATT: [-1.0, 2.5, 7]
13:59:50.549372 ACC: [-23, -9, 514]
13:59:50.594267 ALT: 1.66
13:59:50.594431 ATT: [-1.0, 2.5, 6]
13:59:50.594696 ACC: [-23, -9, 514]
13:59:50.641695 ALT: 1.66
13:59:50.641800 ATT: [-1.0, 2.5, 6]
13:59:50.641959 ACC: [-23, -9, 515]
13:59:50.689881 ALT: 1.66
13:59:50.689987 ATT: [-1.0, 2.5, 6]
13:59:50.690163 ACC: [-22, -9, 515]
13:59:50.738504 ALT: 1.66
13:59:50.738656 ATT: [-1.0, 2.5, 7]
13:59:50.738934 ACC: [-23, -9, 515]
13:59:50.787810 ALT: 1.66
13:59:50.787958 ATT: [-1.0, 2.5, 7]
13:59:50.788201 ACC: [-22, -9, 515]
13:59:50.833944 ALT: 1.66
13:59:50.834121 ATT: [-1.0, 2.5, 7]
13:59:50.834411 ACC: [-23, -9, 514]
13:59:50.882275 ALT: 1.66
13:59:50.882435 ATT: [-1.0, 2.5, 7]
13:59:50.882666 ACC: [-22, -9, 515]
13:59:50.929995 ALT: 1.66
13:59:50.930112 ATT: [-1.0, 2.5, 7]
13:59:50.930304 ACC: [-22, -9, 515]
13:59:50.977788 ALT: 1.66
13:59:50.977886 ATT: [-1.0, 2.5, 7]
13:59:50.978037 ACC: [-22, -9, 515]
13:59:51.025902 ALT: 1.66
13:59:51.026002 ATT: [-1.0, 2.5, 7]
13:59:51.026154 ACC: [-22, -9, 514]
13:59:51.073862 ALT: 1.66
13:59:51.073962 ATT: [-1.0, 2.5, 7]
13:59:51.074119 ACC: [-22, -9, 515]
13:59:51.122168 ALT: 1.66
13:59:51.122321 ATT: [-1.0, 2.5, 7]
13:59:51.122589 ACC: [-22, -9, 515]
13:59:51.170384 ALT: 1.66
13:59:51.170487 ATT: [-1.0, 2.5, 7]
13:59:51.170660 ACC: [-22, -9, 515]
13:59:51.218394 ALT: 1.66
13:59:51.218590 ATT: [-1.0, 2.5, 7]
13:59:51.218956 ACC: [-22, -9, 515]
13:59:51.266265 ALT: 1.66
13:59:51.266433 ATT: [-1.0, 2.5, 7]
13:59:51.266717 ACC: [-23, -9, 514]
13:59:51.314145 ALT: 1.66
13:59:51.314250 ATT: [-1.0, 2.5, 7]
13:59:51.314410 ACC: [-22, -9, 515]
13:59:51.362103 ALT: 1.66
13:59:51.362216 ATT: [-1.0, 2.5, 7]
13:59:51.362392 ACC: [-22, -8, 515]
13:59:51.426096 ALT: 1.66
13:59:51.426188 ATT: [-1.0, 2.5, 7]
13:59:51.426333 ACC: [-22, -9, 515]
13:59:51.474140 ALT: 1.66
13:59:51.474231 ATT: [-1.0, 2.5, 7]
13:59:51.474374 ACC: [-22, -9, 515]
13:59:51.522285 ALT: 1.66
13:59:51.522376 ATT: [-1.0, 2.5, 7]
13:59:51.522523 ACC: [-22, -9, 515]
13:59:51.570288 ALT: 1.66
13:59:51.570416 ATT: [-1.0, 2.5, 7]
13:59:51.570585 ACC: [-22, -9, 514]
13:59:51.618280 ALT: 1.66
13:59:51.618435 ATT: [-1.0, 2.5, 7]
13:59:51.618687 ACC: [-22, -9, 514]
13:59:51.666428 ALT: 1.66
13:59:51.666607 ATT: [-1.0, 2.5, 6]
13:59:51.666879 ACC: [-22, -9, 515]
13:59:51.714376 ALT: 1.66
13:59:51.714515 ATT: [-1.0, 2.5, 6]
13:59:51.714719 ACC: [-22, -9, 515]
13:59:51.762352 ALT: 1.66
13:59:51.762467 ATT: [-1.0, 2.5, 6]
13:59:51.762635 ACC: [-23, -9, 515]
13:59:51.810298 ALT: 1.66
13:59:51.810390 ATT: [-1.0, 2.5, 6]
13:59:51.810538 ACC: [-23, -9, 514]
13:59:51.858328 ALT: 1.66
13:59:51.858419 ATT: [-1.0, 2.5, 6]
13:59:51.858565 ACC: [-22, -9, 515]
13:59:51.906822 ALT: 1.66
13:59:51.906914 ATT: [-1.0, 2.5, 6]
13:59:51.907061 ACC: [-22, -9, 515]
13:59:51.954602 ALT: 1.66
13:59:51.954705 ATT: [-1.0, 2.5, 6]
13:59:51.954850 ACC: [-22, -10, 515]
13:59:52.003259 ALT: 1.66
13:59:52.003513 ATT: [-1.0, 2.5, 7]
13:59:52.003719 ACC: [-22, -9, 515]
13:59:52.050602 ALT: 1.66
13:59:52.050754 ATT: [-1.0, 2.5, 7]
13:59:52.051010 ACC: [-23, -9, 514]
13:59:52.098544 ALT: 1.66
13:59:52.098663 ATT: [-1.0, 2.5, 6]
13:59:52.098818 ACC: [-23, -9, 514]
13:59:52.146557 ALT: 1.66
13:59:52.146660 ATT: [-1.0, 2.5, 7]
13:59:52.146812 ACC: [-22, -9, 515]
13:59:52.194541 ALT: 1.66
13:59:52.194630 ATT: [-1.0, 2.5, 7]
13:59:52.194769 ACC: [-22, -10, 515]
13:59:52.242559 ALT: 1.66
13:59:52.242652 ATT: [-1.0, 2.5, 7]
13:59:52.242794 ACC: [-22, -9, 515]
13:59:52.290640 ALT: 1.66
13:59:52.290729 ATT: [-1.0, 2.5, 6]
13:59:52.290869 ACC: [-22, -8, 515]
13:59:52.338994 ALT: 1.66
13:59:52.339086 ATT: [-1.0, 2.5, 6]
13:59:52.339225 ACC: [-23, -9, 515]
13:59:52.386730 ALT: 1.66
13:59:52.386843 ATT: [-1.0, 2.5, 6]
13:59:52.387032 ACC: [-23, -9, 514]
13:59:52.434814 ALT: 1.66
13:59:52.434966 ATT: [-1.0, 2.5, 6]
13:59:52.435247 ACC: [-22, -9, 516]
13:59:52.486500 ALT: 1.66
13:59:52.486810 ATT: [-1.0, 2.5, 7]
13:59:52.487029 ACC: [-22, -9, 515]
13:59:52.530799 ALT: 1.66
13:59:52.530913 ATT: [-1.0, 2.5, 6]
13:59:52.531094 ACC: [-23, -8, 514]
13:59:52.578717 ALT: 1.66
13:59:52.578810 ATT: [-1.0, 2.5, 6]
13:59:52.578954 ACC: [-23, -9, 515]
13:59:52.626755 ALT: 1.66
13:59:52.626844 ATT: [-1.0, 2.5, 6]
13:59:52.626984 ACC: [-22, -9, 515]
13:59:52.674812 ALT: 1.66
13:59:52.674901 ATT: [-1.0, 2.5, 6]
13:59:52.675048 ACC: [-23, -10, 515]
13:59:52.722916 ALT: 1.66
13:59:52.723006 ATT: [-1.0, 2.5, 6]
13:59:52.723148 ACC: [-22, -9, 515]
13:59:52.771012 ALT: 1.66
13:59:52.771108 ATT: [-1.0, 2.5, 6]
13:59:52.771321 ACC: [-22, -9, 514]
13:59:52.819542 ALT: 1.66
13:59:52.819773 ATT: [-1.0, 2.5, 6]
13:59:52.819981 ACC: [-23, -10, 515]
13:59:52.867360 ALT: 1.66
13:59:52.867518 ATT: [-1.0, 2.5, 6]
13:59:52.867768 ACC: [-23, -9, 515]
13:59:52.916651 ALT: 1.66
13:59:52.916763 ATT: [-1.0, 2.5, 6]
13:59:52.916935 ACC: [-22, -9, 515]
13:59:52.963020 ALT: 1.66
13:59:52.963135 ATT: [-1.0, 2.5, 6]
13:59:52.963317 ACC: [-22, -9, 515]
13:59:53.010976 ALT: 1.66
13:59:53.011112 ATT: [-1.0, 2.5, 6]
13:59:53.011251 ACC: [-22, -9, 515]
13:59:53.059014 ALT: 1.66
13:59:53.059104 ATT: [-1.0, 2.5, 6]
13:59:53.059244 ACC: [-23, -9, 514]
13:59:53.107088 ALT: 1.66
13:59:53.107189 ATT: [-1.0, 2.5, 6]
13:59:53.107347 ACC: [-23, -9, 514]
13:59:53.155606 ALT: 1.66
13:59:53.155851 ATT: [-1.0, 2.5, 6]
13:59:53.156241 ACC: [-23, -10, 515]
13:59:53.203697 ALT: 1.66
13:59:53.203801 ATT: [-1.0, 2.5, 6]
13:59:53.204000 ACC: [-22, -9, 517]
13:59:53.251246 ALT: 1.66
13:59:53.251376 ATT: [-1.0, 2.5, 6]
13:59:53.251606 ACC: [-22, -8, 514]
13:59:53.299498 ALT: 1.66
13:59:53.299615 ATT: [-1.0, 2.5, 6]
13:59:53.299812 ACC: [-22, -8, 514]
13:59:53.347231 ALT: 1.66
13:59:53.347347 ATT: [-1.0, 2.5, 6]
13:59:53.347525 ACC: [-22, -9, 514]
13:59:53.395210 ALT: 1.66
13:59:53.395308 ATT: [-1.0, 2.5, 6]
13:59:53.395466 ACC: [-23, -9, 515]
13:59:53.443193 ALT: 1.66
13:59:53.443282 ATT: [-1.0, 2.5, 6]
13:59:53.443421 ACC: [-23, -10, 515]
13:59:53.507945 ALT: 1.66
13:59:53.508037 ATT: [-1.0, 2.5, 6]
13:59:53.508181 ACC: [-22, -9, 515]
13:59:53.555309 ALT: 1.66
13:59:53.555398 ATT: [-1.0, 2.5, 6]
13:59:53.555536 ACC: [-22, -9, 515]
13:59:53.603753 ALT: 1.66
13:59:53.603869 ATT: [-1.0, 2.5, 6]
13:59:53.604223 ACC: [-22, -9, 515]
13:59:53.651392 ALT: 1.66
13:59:53.651521 ATT: [-1.0, 2.5, 6]
13:59:53.651863 ACC: [-22, -9, 514]
13:59:53.699524 ALT: 1.66
13:59:53.699663 ATT: [-1.0, 2.5, 6]
13:59:53.699869 ACC: [-22, -9, 516]
13:59:53.747466 ALT: 1.66
13:59:53.747579 ATT: [-1.0, 2.5, 6]
13:59:53.747753 ACC: [-22, -9, 515]
13:59:53.795401 ALT: 1.66
13:59:53.795639 ATT: [-1.0, 2.5, 6]
13:59:53.795829 ACC: [-23, -9, 515]
13:59:53.843528 ALT: 1.66
13:59:53.843617 ATT: [-1.0, 2.5, 6]
13:59:53.843757 ACC: [-22, -9, 514]
13:59:53.891891 ALT: 1.66
13:59:53.891989 ATT: [-1.0, 2.5, 7]
13:59:53.892138 ACC: [-22, -9, 515]
13:59:53.940145 ALT: 1.66
13:59:53.940382 ATT: [-1.0, 2.5, 7]
13:59:53.940599 ACC: [-22, -9, 515]
13:59:53.987482 ALT: 1.66
13:59:53.987569 ATT: [-1.0, 2.5, 7]
13:59:53.987701 ACC: [-22, -10, 515]
13:59:54.036090 ALT: 1.66
13:59:54.036434 ATT: [-1.0, 2.5, 7]
13:59:54.036823 ACC: [-23, -9, 515]
13:59:54.083822 ALT: 1.66
13:59:54.083942 ATT: [-1.0, 2.5, 7]
13:59:54.084244 ACC: [-23, -9, 515]
13:59:54.131597 ALT: 1.72
13:59:54.131710 ATT: [-1.0, 2.5, 6]
13:59:54.131883 ACC: [-23, -9, 514]
13:59:54.179552 ALT: 1.75
13:59:54.179644 ATT: [-1.0, 2.5, 6]
13:59:54.179788 ACC: [-22, -9, 514]
13:59:54.227619 ALT: 1.75
13:59:54.227709 ATT: [-1.0, 2.5, 6]
13:59:54.227845 ACC: [-23, -9, 515]
13:59:54.275645 ALT: 1.75
13:59:54.275735 ATT: [-1.0, 2.5, 6]
13:59:54.275877 ACC: [-22, -9, 515]
13:59:54.323695 ALT: 1.75
13:59:54.323784 ATT: [-1.0, 2.5, 6]
13:59:54.323921 ACC: [-23, -9, 515]
13:59:54.372094 ALT: 1.75
13:59:54.372185 ATT: [-1.0, 2.5, 6]
13:59:54.372358 ACC: [-22, -8, 515]
13:59:54.419768 ALT: 1.75
13:59:54.419888 ATT: [-1.0, 2.5, 6]
13:59:54.420098 ACC: [-22, -9, 515]
13:59:54.469925 ALT: 1.75
13:59:54.470058 ATT: [-1.0, 2.5, 6]
13:59:54.470402 ACC: [-23, -9, 515]
13:59:54.515871 ALT: 1.75
13:59:54.515989 ATT: [-1.0, 2.5, 6]
13:59:54.516179 ACC: [-23, -8, 515]
13:59:54.563807 ALT: 1.75
13:59:54.563916 ATT: [-1.0, 2.5, 6]
13:59:54.564087 ACC: [-23, -8, 514]
13:59:54.611841 ALT: 1.75
13:59:54.611929 ATT: [-1.0, 2.5, 6]
13:59:54.612069 ACC: [-21, -9, 514]
13:59:54.659841 ALT: 1.75
13:59:54.659932 ATT: [-1.0, 2.5, 6]
13:59:54.660071 ACC: [-22, -9, 516]
13:59:54.707906 ALT: 1.75
13:59:54.707999 ATT: [-1.0, 2.5, 6]
13:59:54.708141 ACC: [-22, -9, 515]
13:59:54.755941 ALT: 1.75
13:59:54.756031 ATT: [-1.0, 2.5, 6]
13:59:54.756174 ACC: [-23, -9, 514]
13:59:54.804166 ALT: 1.75
13:59:54.804359 ATT: [-1.0, 2.5, 6]
13:59:54.804588 ACC: [-23, -9, 514]
13:59:54.853211 ALT: 1.75
13:59:54.853414 ATT: [-1.0, 2.5, 6]
13:59:54.853844 ACC: [-23, -9, 514]
13:59:54.900150 ALT: 1.75
13:59:54.900447 ATT: [-1.0, 2.5, 6]
13:59:54.900712 ACC: [-22, -9, 515]
13:59:54.948059 ALT: 1.75
13:59:54.948172 ATT: [-1.0, 2.5, 6]
13:59:54.948397 ACC: [-22, -10, 515]
13:59:54.995965 ALT: 1.75
13:59:54.996055 ATT: [-1.0, 2.5, 6]
13:59:54.996194 ACC: [-22, -9, 515]
13:59:55.044024 ALT: 1.75
13:59:55.044113 ATT: [-1.0, 2.5, 6]
13:59:55.044251 ACC: [-22, -9, 514]
13:59:55.092093 ALT: 1.75
13:59:55.092184 ATT: [-1.0, 2.5, 6]
13:59:55.092382 ACC: [-23, -9, 515]
13:59:55.140130 ALT: 1.75
13:59:55.140220 ATT: [-1.0, 2.5, 6]
13:59:55.140387 ACC: [-23, -9, 515]
13:59:55.188504 ALT: 1.75
13:59:55.188640 ATT: [-1.0, 2.5, 6]
13:59:55.188862 ACC: [-22, -10, 514]
13:59:55.237021 ALT: 1.75
13:59:55.237239 ATT: [-1.0, 2.5, 6]
13:59:55.237515 ACC: [-22, -9, 515]
13:59:55.284268 ALT: 1.75
13:59:55.284482 ATT: [-1.0, 2.5, 6]
13:59:55.285100 ACC: [-22, -8, 515]
13:59:55.333476 ALT: 1.75
13:59:55.333892 ATT: [-1.0, 2.5, 6]
13:59:55.334145 ACC: [-22, -9, 515]
13:59:55.380247 ALT: 1.75
13:59:55.380493 ATT: [-1.0, 2.5, 6]
13:59:55.380684 ACC: [-22, -9, 515]
13:59:55.428244 ALT: 1.75
13:59:55.428366 ATT: [-1.0, 2.5, 6]
13:59:55.428504 ACC: [-23, -9, 515]
13:59:55.476294 ALT: 1.75
13:59:55.476386 ATT: [-1.0, 2.5, 6]
13:59:55.476528 ACC: [-23, -10, 514]
13:59:55.540340 ALT: 1.75
13:59:55.540435 ATT: [-1.0, 2.5, 6]
13:59:55.540581 ACC: [-22, -9, 515]
13:59:55.588344 ALT: 1.75
13:59:55.588435 ATT: [-1.0, 2.5, 6]
13:59:55.588573 ACC: [-22, -9, 515]
13:59:55.636667 ALT: 1.75
13:59:55.636804 ATT: [-1.0, 2.5, 6]
13:59:55.637149 ACC: [-22, -9, 515]
13:59:55.684514 ALT: 1.75
13:59:55.684667 ATT: [-1.0, 2.5, 6]
13:59:55.684931 ACC: [-22, -9, 515]
13:59:55.732568 ALT: 1.75
13:59:55.732700 ATT: [-1.0, 2.5, 6]
13:59:55.732966 ACC: [-22, -9, 515]
13:59:55.780598 ALT: 1.75
13:59:55.780710 ATT: [-1.0, 2.5, 6]
13:59:55.780888 ACC: [-23, -9, 515]
13:59:55.828416 ALT: 1.75
13:59:55.828506 ATT: [-1.0, 2.5, 6]
13:59:55.828644 ACC: [-22, -9, 515]
13:59:55.876476 ALT: 1.75
13:59:55.876566 ATT: [-1.0, 2.5, 6]
13:59:55.876705 ACC: [-22, -9, 515]
13:59:55.924520 ALT: 1.75
13:59:55.924610 ATT: [-1.0, 2.5, 6]
13:59:55.924747 ACC: [-22, -9, 515]
13:59:55.972932 ALT: 1.75
13:59:55.973042 ATT: [-1.0, 2.5, 6]
13:59:55.973204 ACC: [-22, -9, 515]
13:59:56.021305 ALT: 1.75
13:59:56.021444 ATT: [-1.0, 2.5, 6]
13:59:56.021695 ACC: [-22, -9, 515]
13:59:56.070216 ALT: 1.75
13:59:56.070413 ATT: [-1.0, 2.5, 6]
13:59:56.070682 ACC: [-22, -9, 514]
13:59:56.116797 ALT: 1.75
13:59:56.116910 ATT: [-1.0, 2.5, 6]
13:59:56.117197 ACC: [-23, -8, 515]
13:59:56.164658 ALT: 1.75
13:59:56.164770 ATT: [-1.0, 2.5, 6]
13:59:56.164943 ACC: [-22, -9, 515]
13:59:56.212659 ALT: 1.75
13:59:56.212753 ATT: [-1.0, 2.5, 6]
13:59:56.212897 ACC: [-22, -10, 514]
13:59:56.260651 ALT: 1.75
13:59:56.260744 ATT: [-1.0, 2.5, 6]
13:59:56.260889 ACC: [-23, -9, 514]
13:59:56.308664 ALT: 1.75
13:59:56.308753 ATT: [-1.0, 2.5, 6]
13:59:56.308893 ACC: [-22, -10, 515]
13:59:56.357079 ALT: 1.75
13:59:56.357169 ATT: [-1.0, 2.5, 6]
13:59:56.357312 ACC: [-22, -9, 514]
13:59:56.406237 ALT: 1.75
13:59:56.406468 ATT: [-1.0, 2.5, 6]
13:59:56.407007 ACC: [-22, -8, 515]
13:59:56.453123 ALT: 1.75
13:59:56.453238 ATT: [-1.0, 2.5, 6]
13:59:56.453449 ACC: [-22, -9, 515]
13:59:56.501990 ALT: 1.75
13:59:56.502188 ATT: [-1.0, 2.5, 6]
13:59:56.502530 ACC: [-23, -9, 515]
13:59:56.550662 ALT: 1.75
13:59:56.550894 ATT: [-1.0, 2.5, 6]
13:59:56.551131 ACC: [-23, -9, 515]
13:59:56.596749 ALT: 1.75
13:59:56.596843 ATT: [-1.0, 2.5, 6]
13:59:56.596988 ACC: [-23, -9, 515]
13:59:56.644795 ALT: 1.75
13:59:56.644887 ATT: [-1.0, 2.5, 6]
13:59:56.645031 ACC: [-22, -9, 514]
13:59:56.693241 ALT: 1.75
13:59:56.693365 ATT: [-1.0, 2.5, 6]
13:59:56.693545 ACC: [-22, -9, 514]
13:59:56.740884 ALT: 1.75
13:59:56.740978 ATT: [-1.0, 2.5, 6]
13:59:56.741171 ACC: [-22, -9, 515]
13:59:56.788861 ALT: 1.75
13:59:56.788948 ATT: [-1.0, 2.5, 6]
13:59:56.789087 ACC: [-23, -9, 515]
13:59:56.836987 ALT: 1.75
13:59:56.837120 ATT: [-1.0, 2.5, 6]
13:59:56.837390 ACC: [-22, -9, 515]
13:59:56.888680 ALT: 1.75
13:59:56.888804 ATT: [-1.0, 2.5, 6]
13:59:56.889282 ACC: [-22, -9, 514]
13:59:56.932966 ALT: 1.75
13:59:56.933081 ATT: [-1.0, 2.5, 6]
13:59:56.933258 ACC: [-23, -9, 514]
13:59:56.981054 ALT: 1.75
13:59:56.981169 ATT: [-1.0, 2.5, 6]
13:59:56.981344 ACC: [-23, -9, 515]
13:59:57.028988 ALT: 1.75
13:59:57.029078 ATT: [-1.0, 2.5, 6]
13:59:57.029217 ACC: [-22, -9, 515]
13:59:57.077070 ALT: 1.75
13:59:57.077159 ATT: [-1.0, 2.5, 6]
13:59:57.077298 ACC: [-22, -9, 516]
13:59:57.125097 ALT: 1.75
13:59:57.125198 ATT: [-1.0, 2.5, 6]
13:59:57.125355 ACC: [-22, -8, 515]
13:59:57.173057 ALT: 1.75
13:59:57.173155 ATT: [-1.0, 2.5, 6]
13:59:57.173292 ACC: [-22, -9, 515]
13:59:57.221241 ALT: 1.75
13:59:57.221381 ATT: [-1.0, 2.5, 6]
13:59:57.221613 ACC: [-22, -9, 515]
13:59:57.269226 ALT: 1.75
13:59:57.269366 ATT: [-1.0, 2.5, 6]
13:59:57.269596 ACC: [-22, -10, 515]
13:59:57.317205 ALT: 1.75
13:59:57.317317 ATT: [-1.0, 2.5, 6]
13:59:57.317496 ACC: [-23, -10, 514]
13:59:57.365156 ALT: 1.75
13:59:57.365272 ATT: [-1.0, 2.5, 6]
13:59:57.365439 ACC: [-23, -9, 515]
13:59:57.413126 ALT: 1.75
13:59:57.413217 ATT: [-1.0, 2.5, 6]
13:59:57.413356 ACC: [-22, -9, 514]
13:59:57.461147 ALT: 1.75
13:59:57.461237 ATT: [-1.0, 2.5, 6]
13:59:57.461374 ACC: [-22, -9, 515]
13:59:57.509232 ALT: 1.75
13:59:57.509328 ATT: [-1.0, 2.5, 6]
13:59:57.509484 ACC: [-22, -9, 515]
13:59:57.557236 ALT: 1.75
13:59:57.557324 ATT: [-1.0, 2.5, 6]
13:59:57.557461 ACC: [-22, -9, 516]
13:59:57.621353 ALT: 1.75
13:59:57.621489 ATT: [-1.0, 2.5, 6]
13:59:57.621684 ACC: [-22, -8, 515]
13:59:57.669395 ALT: 1.75
13:59:57.669540 ATT: [-1.0, 2.5, 6]
13:59:57.669768 ACC: [-23, -10, 515]
13:59:57.717305 ALT: 1.75
13:59:57.717419 ATT: [-1.0, 2.5, 6]
13:59:57.717590 ACC: [-22, -9, 515]
13:59:57.765322 ALT: 1.75
13:59:57.765432 ATT: [-1.0, 2.5, 6]
13:59:57.765597 ACC: [-22, -9, 514]
13:59:57.813382 ALT: 1.75
13:59:57.813472 ATT: [-1.0, 2.5, 6]
13:59:57.813614 ACC: [-22, -9, 515]
13:59:57.861439 ALT: 1.75
13:59:57.861542 ATT: [-1.0, 2.5, 6]
13:59:57.861685 ACC: [-22, -8, 515]
13:59:57.909374 ALT: 1.75
13:59:57.909476 ATT: [-1.0, 2.5, 6]
13:59:57.909633 ACC: [-23, -9, 514]
13:59:57.957490 ALT: 1.75
13:59:57.957591 ATT: [-1.0, 2.5, 6]
13:59:57.957745 ACC: [-23, -9, 514]
13:59:58.005539 ALT: 1.75
13:59:58.005673 ATT: [-1.0, 2.5, 6]
13:59:58.005989 ACC: [-22, -9, 515]
13:59:58.053508 ALT: 1.75
13:59:58.053630 ATT: [-1.0, 2.5, 6]
13:59:58.053839 ACC: [-22, -9, 515]
13:59:58.101493 ALT: 1.75
13:59:58.101607 ATT: [-1.0, 2.5, 6]
13:59:58.101775 ACC: [-23, -9, 514]
13:59:58.149523 ALT: 1.75
13:59:58.149639 ATT: [-1.0, 2.5, 6]
13:59:58.149814 ACC: [-23, -9, 514]
13:59:58.197505 ALT: 1.75
13:59:58.197596 ATT: [-1.0, 2.5, 6]
13:59:58.197735 ACC: [-22, -8, 516]
13:59:58.245554 ALT: 1.75
13:59:58.245645 ATT: [-1.0, 2.5, 6]
13:59:58.245785 ACC: [-22, -9, 515]
13:59:58.293591 ALT: 1.75
13:59:58.293691 ATT: [-1.0, 2.5, 6]
13:59:58.293857 ACC: [-22, -9, 515]
13:59:58.341652 ALT: 1.75
13:59:58.341788 ATT: [-1.0, 2.5, 6]
13:59:58.341931 ACC: [-22, -9, 516]
13:59:58.389588 ALT: 1.75
13:59:58.389676 ATT: [-1.0, 2.5, 6]
13:59:58.389815 ACC: [-23, -9, 515]
13:59:58.437657 ALT: 1.75
13:59:58.437793 ATT: [-1.0, 2.5, 6]
13:59:58.438024 ACC: [-22, -8, 514]
13:59:58.485750 ALT: 1.75
13:59:58.485893 ATT: [-1.0, 2.5, 6]
13:59:58.486129 ACC: [-22, -9, 515]
13:59:58.533747 ALT: 1.75
13:59:58.533861 ATT: [-1.0, 2.5, 6]
13:59:58.534032 ACC: [-22, -10, 515]
13:59:58.581766 ALT: 1.75
13:59:58.581881 ATT: [-1.0, 2.5, 6]
13:59:58.582058 ACC: [-22, -9, 514]
13:59:58.629659 ALT: 1.75
13:59:58.629750 ATT: [-1.0, 2.5, 6]
13:59:58.629894 ACC: [-22, -9, 515]
13:59:58.677881 ALT: 1.75
13:59:58.678060 ATT: [-1.0, 2.5, 6]
13:59:58.678335 ACC: [-22, -8, 515]
13:59:58.725801 ALT: 1.75
13:59:58.725892 ATT: [-1.0, 2.5, 6]
13:59:58.726034 ACC: [-22, -9, 515]
13:59:58.773719 ALT: 1.75
13:59:58.773812 ATT: [-1.0, 2.5, 6]
13:59:58.773960 ACC: [-23, -9, 515]
13:59:58.821900 ALT: 1.75
13:59:58.822042 ATT: [-1.0, 2.5, 6]
13:59:58.822276 ACC: [-22, -9, 515]
13:59:58.870017 ALT: 1.75
13:59:58.870161 ATT: [-1.0, 2.5, 6]
13:59:58.870422 ACC: [-22, -9, 515]
13:59:58.917875 ALT: 1.75
13:59:58.917986 ATT: [-1.0, 2.5, 6]
13:59:58.918159 ACC: [-22, -9, 515]
13:59:58.965858 ALT: 1.75
13:59:58.965971 ATT: [-1.0, 2.5, 6]
13:59:58.966139 ACC: [-22, -9, 514]
13:59:59.013840 ALT: 1.81
13:59:59.013933 ATT: [-1.0, 2.5, 6]
13:59:59.014070 ACC: [-22, -10, 515]
13:59:59.062136 ALT: 1.83
13:59:59.062282 ATT: [-1.0, 2.5, 6]
13:59:59.062496 ACC: [-22, -9, 515]
13:59:59.109898 ALT: 1.83
13:59:59.109989 ATT: [-1.0, 2.5, 6]
13:59:59.110137 ACC: [-23, -9, 515]
13:59:59.157946 ALT: 1.83
13:59:59.158049 ATT: [-1.0, 2.5, 6]
13:59:59.158220 ACC: [-22, -8, 515]
13:59:59.206072 ALT: 1.83
13:59:59.206210 ATT: [-1.0, 2.5, 6]
13:59:59.206438 ACC: [-22, -9, 515]
13:59:59.254057 ALT: 1.83
13:59:59.254194 ATT: [-1.0, 2.5, 6]
13:59:59.254425 ACC: [-22, -9, 514]
13:59:59.302010 ALT: 1.83
13:59:59.302129 ATT: [-1.0, 2.5, 6]
13:59:59.302292 ACC: [-22, -9, 515]
13:59:59.350110 ALT: 1.83
13:59:59.350226 ATT: [-1.0, 2.5, 6]
13:59:59.350646 ACC: [-22, -9, 514]
13:59:59.398026 ALT: 1.83
13:59:59.398120 ATT: [-1.0, 2.5, 6]
13:59:59.398265 ACC: [-23, -9, 515]
13:59:59.446116 ALT: 1.83
13:59:59.446245 ATT: [-1.0, 2.5, 6]
13:59:59.446425 ACC: [-22, -9, 515]
13:59:59.494045 ALT: 1.83
13:59:59.494143 ATT: [-1.0, 2.5, 6]
13:59:59.494300 ACC: [-22, -9, 515]
13:59:59.542046 ALT: 1.83
13:59:59.542136 ATT: [-1.0, 2.5, 6]
13:59:59.542277 ACC: [-22, -9, 515]
13:59:59.590149 ALT: 1.83
13:59:59.590237 ATT: [-1.0, 2.5, 6]
13:59:59.590373 ACC: [-23, -9, 515]
13:59:59.638207 ALT: 1.83
13:59:59.638348 ATT: [-1.0, 2.5, 6]
13:59:59.638579 ACC: [-22, -8, 515]
13:59:59.702181 ALT: 1.83
13:59:59.702302 ATT: [-1.0, 2.5, 6]
13:59:59.702522 ACC: [-23, -9, 515]
13:59:59.750199 ALT: 1.83
13:59:59.750319 ATT: [-1.0, 2.5, 6]
13:59:59.750497 ACC: [-22, -9, 514]
13:59:59.798196 ALT: 1.83
13:59:59.798310 ATT: [-1.0, 2.5, 6]
13:59:59.798472 ACC: [-22, -9, 515]
13:59:59.846513 ALT: 1.83
13:59:59.846659 ATT: [-1.0, 2.5, 6]
13:59:59.846887 ACC: [-22, -9, 515]
13:59:59.894195 ALT: 1.83
13:59:59.894286 ATT: [-1.0, 2.5, 6]
13:59:59.894428 ACC: [-23, -8, 515]
13:59:59.942283 ALT: 1.83
13:59:59.942376 ATT: [-1.0, 2.5, 6]
13:59:59.942518 ACC: [-23, -9, 515]
13:59:59.990244 ALT: 1.83
13:59:59.990335 ATT: [-1.0, 2.5, 6]
13:59:59.990475 ACC: [-22, -9, 514]
14:00:00.038383 ALT: 1.83
14:00:00.038527 ATT: [-1.0, 2.5, 6]
14:00:00.038757 ACC: [-22, -9, 515]
14:00:00.086411 ALT: 1.83
14:00:00.086547 ATT: [-1.0, 2.5, 6]
14:00:00.086765 ACC: [-22, -9, 515]
14:00:00.134352 ALT: 1.83
14:00:00.134466 ATT: [-1.0, 2.5, 6]
14:00:00.134642 ACC: [-22, -9, 515]
14:00:00.182412 ALT: 1.83
14:00:00.182519 ATT: [-1.0, 2.5, 6]
14:00:00.182694 ACC: [-23, -9, 514]
14:00:00.230531 ALT: 1.83
14:00:00.230668 ATT: [-1.0, 2.5, 6]
14:00:00.230864 ACC: [-22, -8, 515]
14:00:00.279458 ALT: 1.83
14:00:00.279597 ATT: [-1.0, 2.5, 6]
14:00:00.279822 ACC: [-23, -9, 515]
14:00:00.326348 ALT: 1.83
14:00:00.326436 ATT: [-1.0, 2.5, 6]
14:00:00.326574 ACC: [-23, -9, 515]
14:00:00.374437 ALT: 1.83
14:00:00.374529 ATT: [-1.0, 2.5, 6]
14:00:00.374672 ACC: [-22, -10, 515]
14:00:00.422559 ALT: 1.83
14:00:00.422696 ATT: [-1.0, 2.5, 6]
14:00:00.422929 ACC: [-22, -9, 515]
14:00:00.470607 ALT: 1.83
14:00:00.470749 ATT: [-1.0, 2.5, 6]
14:00:00.471030 ACC: [-22, -9, 514]
14:00:00.518508 ALT: 1.83
14:00:00.518625 ATT: [-1.0, 2.5, 6]
14:00:00.518799 ACC: [-22, -9, 514]
14:00:00.566536 ALT: 1.83
14:00:00.566651 ATT: [-1.0, 2.5, 6]
14:00:00.566819 ACC: [-22, -9, 511]
14:00:00.614435 ALT: 1.83
14:00:00.614527 ATT: [-1.0, 2.5, 6]
14:00:00.614672 ACC: [-22, -11, 511]
14:00:00.662715 ALT: 1.83
14:00:00.662887 ATT: [-1.0, 2.5, 6]
14:00:00.663155 ACC: [-21, -8, 519]
14:00:00.710527 ALT: 1.83
14:00:00.710616 ATT: [-1.0, 2.5, 6]
14:00:00.710796 ACC: [-21, -7, 522]
14:00:00.758628 ALT: 1.83
14:00:00.758726 ATT: [-1.0, 2.5, 6]
14:00:00.758892 ACC: [-23, -9, 520]
14:00:00.808015 ALT: 1.83
14:00:00.808132 ATT: [-1.0, 2.5, 6]
14:00:00.808350 ACC: [-22, -9, 517]
14:00:00.854907 ALT: 1.83
14:00:00.855020 ATT: [-1.0, 2.5, 6]
14:00:00.855198 ACC: [-23, -9, 519]
14:00:00.902867 ALT: 1.83
14:00:00.903105 ATT: [-1.0, 2.5, 6]
14:00:00.903322 ACC: [-22, -11, 512]
14:00:00.950867 ALT: 1.83
14:00:00.951017 ATT: [-1.0, 2.5, 6]
14:00:00.951254 ACC: [-25, -8, 512]
14:00:00.999065 ALT: 1.83
14:00:00.999167 ATT: [-1.0, 2.5, 6]
14:00:00.999331 ACC: [-21, -11, 509]
14:00:01.046696 ALT: 1.83
14:00:01.046794 ATT: [-1.1, 2.6, 6]
14:00:01.046948 ACC: [-25, -11, 510]
14:00:01.094667 ALT: 1.83
14:00:01.094767 ATT: [-1.1, 2.6, 6]
14:00:01.094906 ACC: [-23, -13, 513]
14:00:01.142870 ALT: 1.83
14:00:01.143019 ATT: [-1.1, 2.5, 6]
14:00:01.143300 ACC: [-23, -7, 520]
14:00:01.193863 ALT: 1.83
14:00:01.193955 ATT: [-1.0, 2.5, 6]
14:00:01.194107 ACC: [-23, -8, 519]
14:00:01.239759 ALT: 1.83
14:00:01.239853 ATT: [-1.0, 2.5, 6]
14:00:01.240002 ACC: [-21, -7, 519]
14:00:01.287136 ALT: 1.83
14:00:01.287252 ATT: [-1.0, 2.5, 6]
14:00:01.287445 ACC: [-21, -7, 517]
14:00:01.335436 ALT: 1.83
14:00:01.335552 ATT: [-1.0, 2.5, 6]
14:00:01.335751 ACC: [-22, -9, 516]
14:00:01.383394 ALT: 1.83
14:00:01.383514 ATT: [-1.0, 2.5, 6]
14:00:01.383710 ACC: [-22, -9, 513]
14:00:01.432517 ALT: 1.83
14:00:01.432625 ATT: [-1.0, 2.5, 6]
14:00:01.432893 ACC: [-23, -11, 513]
14:00:01.479814 ALT: 1.83
14:00:01.479922 ATT: [-1.0, 2.5, 6]
14:00:01.480104 ACC: [-23, -9, 514]
14:00:01.526878 ALT: 1.83
14:00:01.526971 ATT: [-1.0, 2.5, 6]
14:00:01.527126 ACC: [-23, -9, 513]
14:00:01.575834 ALT: 1.83
14:00:01.576147 ATT: [-1.1, 2.5, 6]
14:00:01.576355 ACC: [-23, -11, 515]
14:00:01.623098 ALT: 1.83
14:00:01.623270 ATT: [-1.1, 2.5, 6]
14:00:01.623486 ACC: [-22, -9, 515]
14:00:01.674123 ALT: 1.83
14:00:01.674230 ATT: [-1.1, 2.5, 6]
14:00:01.674402 ACC: [-23, -9, 514]
14:00:01.738028 ALT: 1.83
14:00:01.738134 ATT: [-1.0, 2.5, 6]
14:00:01.738296 ACC: [-22, -8, 514]
14:00:01.784059 ALT: 1.83
14:00:01.784196 ATT: [-1.0, 2.5, 6]
14:00:01.784565 ACC: [-22, -8, 517]
14:00:01.831046 ALT: 1.83
14:00:01.831163 ATT: [-1.0, 2.5, 7]
14:00:01.831347 ACC: [-22, -9, 514]
14:00:01.879089 ALT: 1.83
14:00:01.879182 ATT: [-1.0, 2.5, 7]
14:00:01.879337 ACC: [-21, -10, 514]
14:00:01.926959 ALT: 1.83
14:00:01.927047 ATT: [-1.0, 2.5, 7]
14:00:01.927194 ACC: [-23, -10, 514]
14:00:01.975074 ALT: 1.83
14:00:01.975169 ATT: [-1.1, 2.5, 7]
14:00:01.975328 ACC: [-23, -10, 516]
14:00:02.023234 ALT: 1.83
14:00:02.023378 ATT: [-1.1, 2.5, 7]
14:00:02.023608 ACC: [-23, -9, 516]
14:00:02.071083 ALT: 1.83
14:00:02.071212 ATT: [-1.0, 2.5, 7]
14:00:02.071485 ACC: [-22, -8, 515]
14:00:02.119102 ALT: 1.83
14:00:02.119215 ATT: [-1.0, 2.5, 7]
14:00:02.119388 ACC: [-22, -8, 515]
14:00:02.167106 ALT: 1.83
14:00:02.167209 ATT: [-1.0, 2.5, 7]
14:00:02.167366 ACC: [-22, -8, 514]
14:00:02.231360 ALT: 1.83
14:00:02.231463 ATT: [-1.0, 2.5, 7]
14:00:02.231759 ACC: [-23, -8, 514]
14:00:02.279168 ALT: 1.83
14:00:02.279260 ATT: [-1.0, 2.5, 7]
14:00:02.279412 ACC: [-23, -9, 515]
14:00:02.327165 ALT: 1.83
14:00:02.327253 ATT: [-1.0, 2.5, 7]
14:00:02.327392 ACC: [-23, -10, 515]
14:00:02.375220 ALT: 1.83
14:00:02.375310 ATT: [-1.0, 2.5, 7]
14:00:02.375451 ACC: [-23, -11, 515]
14:00:02.423287 ALT: 1.83
14:00:02.423428 ATT: [-1.1, 2.5, 7]
14:00:02.423657 ACC: [-22, -11, 513]
14:00:02.471287 ALT: 1.83
14:00:02.471426 ATT: [-1.1, 2.5, 7]
14:00:02.471667 ACC: [-23, -10, 515]
14:00:02.519241 ALT: 1.83
14:00:02.519347 ATT: [-1.0, 2.5, 7]
14:00:02.519515 ACC: [-21, -7, 515]
14:00:02.567381 ALT: 1.83
14:00:02.567483 ATT: [-1.0, 2.5, 7]
14:00:02.567638 ACC: [-22, -8, 513]
14:00:02.615276 ALT: 1.83
14:00:02.615379 ATT: [-1.0, 2.5, 7]
14:00:02.615537 ACC: [-23, -8, 514]
14:00:02.663238 ALT: 1.83
14:00:02.663336 ATT: [-1.0, 2.5, 7]
14:00:02.663473 ACC: [-22, -8, 515]
14:00:02.711245 ALT: 1.83
14:00:02.711336 ATT: [-1.0, 2.5, 7]
14:00:02.711477 ACC: [-23, -10, 516]
14:00:02.759326 ALT: 1.83
14:00:02.759416 ATT: [-1.0, 2.5, 7]
14:00:02.759558 ACC: [-22, -9, 515]
14:00:02.807347 ALT: 1.83
14:00:02.807439 ATT: [-1.0, 2.5, 7]
14:00:02.807582 ACC: [-23, -9, 514]
14:00:02.855348 ALT: 1.83
14:00:02.855479 ATT: [-1.0, 2.5, 7]
14:00:02.855703 ACC: [-23, -10, 514]
14:00:02.903452 ALT: 1.83
14:00:02.903589 ATT: [-1.0, 2.5, 7]
14:00:02.903824 ACC: [-22, -9, 515]
14:00:02.951416 ALT: 1.83
14:00:02.951527 ATT: [-1.0, 2.5, 7]
14:00:02.951706 ACC: [-23, -10, 515]
14:00:03.000178 ALT: 1.83
14:00:03.000372 ATT: [-1.0, 2.5, 7]
14:00:03.000543 ACC: [-22, -9, 515]
14:00:03.047357 ALT: 1.83
14:00:03.047453 ATT: [-1.0, 2.5, 7]
14:00:03.047619 ACC: [-23, -9, 515]
14:00:03.095387 ALT: 1.83
14:00:03.095477 ATT: [-1.0, 2.5, 7]
14:00:03.095618 ACC: [-23, -9, 514]
14:00:03.143472 ALT: 1.83
14:00:03.143560 ATT: [-1.0, 2.5, 7]
14:00:03.143700 ACC: [-23, -8, 515]
14:00:03.191441 ALT: 1.83
14:00:03.191529 ATT: [-1.0, 2.5, 7]
14:00:03.191666 ACC: [-23, -10, 515]
14:00:03.239544 ALT: 1.83
14:00:03.239682 ATT: [-1.0, 2.5, 7]
14:00:03.239912 ACC: [-21, -10, 515]
14:00:03.287525 ALT: 1.83
14:00:03.287654 ATT: [-1.1, 2.5, 7]
14:00:03.287876 ACC: [-22, -10, 515]
14:00:03.335545 ALT: 1.83
14:00:03.335666 ATT: [-1.0, 2.5, 7]
14:00:03.335841 ACC: [-23, -10, 515]
14:00:03.383903 ALT: 1.83
14:00:03.384027 ATT: [-1.0, 2.5, 7]
14:00:03.384512 ACC: [-22, -7, 515]
14:00:03.431773 ALT: 1.83
14:00:03.431871 ATT: [-1.0, 2.5, 7]
14:00:03.432107 ACC: [-22, -10, 516]
14:00:03.479443 ALT: 1.83
14:00:03.479530 ATT: [-1.0, 2.5, 7]
14:00:03.479671 ACC: [-22, -9, 514]
14:00:03.527596 ALT: 1.83
14:00:03.527692 ATT: [-1.0, 2.5, 7]
14:00:03.527844 ACC: [-23, -9, 514]
14:00:03.575584 ALT: 1.83
14:00:03.575674 ATT: [-1.0, 2.5, 7]
14:00:03.575812 ACC: [-23, -9, 515]
14:00:03.623743 ALT: 1.83
14:00:03.623882 ATT: [-1.0, 2.5, 6]
14:00:03.624111 ACC: [-23, -9, 515]
14:00:03.671767 ALT: 1.83
14:00:03.671963 ATT: [-1.0, 2.5, 6]
14:00:03.672199 ACC: [-22, -10, 515]
14:00:03.719670 ALT: 1.83
14:00:03.719787 ATT: [-1.1, 2.5, 6]
14:00:03.719972 ACC: [-22, -10, 516]
14:00:03.767649 ALT: 1.83
14:00:03.767760 ATT: [-1.1, 2.5, 6]
14:00:03.767925 ACC: [-22, -9, 514]
14:00:03.831688 ALT: 1.83
14:00:03.831798 ATT: [-1.0, 2.5, 6]
14:00:03.832077 ACC: [-23, -8, 514]
14:00:03.879599 ALT: 1.83
14:00:03.879688 ATT: [-1.0, 2.5, 6]
14:00:03.879828 ACC: [-22, -9, 513]
14:00:03.927719 ALT: 1.83
14:00:03.927808 ATT: [-1.0, 2.5, 6]
14:00:03.927949 ACC: [-23, -9, 512]
14:00:03.975764 ALT: 1.83
14:00:03.975853 ATT: [-1.1, 2.5, 6]
14:00:03.975993 ACC: [-22, -10, 516]
14:00:04.023938 ALT: 1.83
14:00:04.024078 ATT: [-1.1, 2.5, 6]
14:00:04.024365 ACC: [-22, -9, 518]
14:00:04.071869 ALT: 1.83
14:00:04.072010 ATT: [-1.0, 2.5, 6]
14:00:04.072239 ACC: [-22, -8, 515]
14:00:04.119837 ALT: 1.83
14:00:04.119951 ATT: [-1.0, 2.5, 6]
14:00:04.120130 ACC: [-23, -9, 515]
14:00:04.167895 ALT: 1.83
14:00:04.168001 ATT: [-1.0, 2.5, 6]
14:00:04.168159 ACC: [-23, -9, 521]
14:00:04.216083 ALT: 1.83
14:00:04.216228 ATT: [-1.1, 2.5, 6]
14:00:04.216495 ACC: [-24, -9, 520]
14:00:04.263852 ALT: 1.83
14:00:04.263954 ATT: [-1.1, 2.5, 6]
14:00:04.264176 ACC: [-23, -10, 507]
14:00:04.311808 ALT: 1.83
14:00:04.311895 ATT: [-1.1, 2.5, 6]
14:00:04.312039 ACC: [-24, -10, 511]
14:00:04.359853 ALT: 1.83
14:00:04.359940 ATT: [-1.1, 2.6, 6]
14:00:04.360079 ACC: [-24, -12, 515]
14:00:04.407860 ALT: 1.83
14:00:04.407949 ATT: [-1.1, 2.6, 6]
14:00:04.408087 ACC: [-27, -9, 522]
14:00:04.456041 ALT: 1.83
14:00:04.456162 ATT: [-1.0, 2.6, 6]
14:00:04.456404 ACC: [-22, -8, 519]
14:00:04.504016 ALT: 1.83
14:00:04.504150 ATT: [-1.0, 2.6, 6]
14:00:04.504523 ACC: [-23, -6, 513]
14:00:04.551922 ALT: 1.83
14:00:04.552030 ATT: [-1.0, 2.5, 6]
14:00:04.552203 ACC: [-20, -5, 518]
14:00:04.600486 ALT: 1.83
14:00:04.600674 ATT: [-0.9, 2.5, 6]
14:00:04.601076 ACC: [-17, -5, 519]
14:00:04.648141 ALT: 1.83
14:00:04.648236 ATT: [-0.9, 2.4, 6]
14:00:04.648418 ACC: [-20, -6, 516]
14:00:04.695952 ALT: 1.83
14:00:04.696040 ATT: [-0.9, 2.4, 6]
14:00:04.696183 ACC: [-19, -8, 513]
14:00:04.744043 ALT: 1.83
14:00:04.744134 ATT: [-0.9, 2.4, 6]
14:00:04.744301 ACC: [-21, -8, 511]
14:00:04.792018 ALT: 1.83
14:00:04.792110 ATT: [-1.0, 2.4, 6]
14:00:04.792257 ACC: [-23, -10, 512]
14:00:04.840172 ALT: 1.83
14:00:04.840360 ATT: [-1.0, 2.4, 6]
14:00:04.840598 ACC: [-22, -12, 514]
14:00:04.888119 ALT: 1.83
14:00:04.888256 ATT: [-1.0, 2.5, 6]
14:00:04.888692 ACC: [-25, -11, 515]
14:00:04.936561 ALT: 1.83
14:00:04.936806 ATT: [-1.0, 2.5, 6]
14:00:04.937132 ACC: [-25, -9, 514]
14:00:04.984227 ALT: 1.83
14:00:04.984458 ATT: [-1.0, 2.5, 6]
14:00:04.984693 ACC: [-25, -7, 511]
14:00:05.032064 ALT: 1.83
14:00:05.032157 ATT: [-1.0, 2.5, 6]
14:00:05.032348 ACC: [-24, -6, 516]
14:00:05.080065 ALT: 1.83
14:00:05.080153 ATT: [-1.0, 2.5, 6]
14:00:05.080311 ACC: [-20, -10, 519]
14:00:05.128054 ALT: 1.83
14:00:05.128145 ATT: [-1.0, 2.5, 6]
14:00:05.128303 ACC: [-22, -6, 518]
14:00:05.176167 ALT: 1.83
14:00:05.176257 ATT: [-1.0, 2.5, 6]
14:00:05.176431 ACC: [-21, -9, 512]
14:00:05.224197 ALT: 1.83
14:00:05.224315 ATT: [-1.0, 2.5, 6]
14:00:05.224458 ACC: [-22, -13, 512]
14:00:05.272457 ALT: 1.83
14:00:05.272574 ATT: [-1.0, 2.5, 6]
14:00:05.272790 ACC: [-21, -11, 515]
14:00:05.321411 ALT: 1.83
14:00:05.321571 ATT: [-1.1, 2.5, 6]
14:00:05.321841 ACC: [-22, -11, 516]
14:00:05.370309 ALT: 1.83
14:00:05.370695 ATT: [-1.1, 2.5, 6]
14:00:05.371285 ACC: [-23, -10, 517]
14:00:05.416310 ALT: 1.83
14:00:05.416420 ATT: [-1.1, 2.5, 6]
14:00:05.416583 ACC: [-22, -8, 515]
14:00:05.464194 ALT: 1.83
14:00:05.464303 ATT: [-1.0, 2.5, 6]
14:00:05.464446 ACC: [-23, -9, 514]
14:00:05.512233 ALT: 1.83
14:00:05.512340 ATT: [-1.0, 2.5, 6]
14:00:05.512485 ACC: [-22, -8, 515]
14:00:05.560290 ALT: 1.83
14:00:05.560385 ATT: [-1.0, 2.5, 6]
14:00:05.560526 ACC: [-22, -9, 515]
14:00:05.608337 ALT: 1.83
14:00:05.608427 ATT: [-1.0, 2.5, 6]
14:00:05.608567 ACC: [-22, -9, 514]
14:00:05.656421 ALT: 1.83
14:00:05.656563 ATT: [-1.0, 2.5, 6]
14:00:05.656793 ACC: [-22, -9, 514]
14:00:05.704483 ALT: 1.83
14:00:05.704608 ATT: [-1.0, 2.5, 6]
14:00:05.704827 ACC: [-22, -10, 516]
14:00:05.752701 ALT: 1.83
14:00:05.752866 ATT: [-1.0, 2.5, 6]
14:00:05.753149 ACC: [-22, -10, 515]
14:00:05.800419 ALT: 1.83
14:00:05.800529 ATT: [-1.0, 2.5, 6]
14:00:05.800692 ACC: [-22, -9, 515]
14:00:05.848320 ALT: 1.83
14:00:05.848410 ATT: [-1.0, 2.5, 6]
14:00:05.848553 ACC: [-22, -10, 515]
14:00:05.912334 ALT: 1.83
14:00:05.912426 ATT: [-1.0, 2.5, 6]
14:00:05.912567 ACC: [-22, -8, 515]
14:00:05.960415 ALT: 1.83
14:00:05.960506 ATT: [-1.0, 2.5, 6]
14:00:05.960651 ACC: [-23, -8, 514]
14:00:06.008765 ALT: 1.83
14:00:06.008855 ATT: [-1.0, 2.5, 6]
14:00:06.008994 ACC: [-23, -8, 515]
14:00:06.056508 ALT: 1.83
14:00:06.056650 ATT: [-1.0, 2.5, 6]
14:00:06.056937 ACC: [-22, -9, 515]
14:00:06.104684 ALT: 1.83
14:00:06.104872 ATT: [-1.0, 2.5, 6]
14:00:06.105226 ACC: [-21, -9, 515]
14:00:06.154104 ALT: 1.83
14:00:06.154300 ATT: [-1.0, 2.5, 6]
14:00:06.154528 ACC: [-22, -9, 514]
14:00:06.200566 ALT: 1.83
14:00:06.200704 ATT: [-1.0, 2.5, 6]
14:00:06.200909 ACC: [-22, -10, 515]
14:00:06.248454 ALT: 1.83
14:00:06.248545 ATT: [-1.0, 2.5, 6]
14:00:06.248686 ACC: [-23, -9, 515]
14:00:06.296483 ALT: 1.83
14:00:06.296572 ATT: [-1.0, 2.5, 6]
14:00:06.296712 ACC: [-22, -9, 515]
14:00:06.344547 ALT: 1.83
14:00:06.344635 ATT: [-1.0, 2.5, 6]
14:00:06.344771 ACC: [-23, -9, 514]
14:00:06.392657 ALT: 1.83
14:00:06.392750 ATT: [-1.0, 2.5, 6]
14:00:06.392894 ACC: [-22, -9, 515]
14:00:06.440626 ALT: 1.83
14:00:06.440752 ATT: [-1.0, 2.5, 6]
14:00:06.440972 ACC: [-22, -9, 516]
14:00:06.488575 ALT: 1.83
14:00:06.488694 ATT: [-1.0, 2.5, 6]
14:00:06.488903 ACC: [-22, -9, 514]
14:00:06.536834 ALT: 1.83
14:00:06.536948 ATT: [-1.0, 2.5, 6]
14:00:06.537119 ACC: [-22, -9, 514]
14:00:06.584853 ALT: 1.83
14:00:06.584966 ATT: [-1.0, 2.5, 6]
14:00:06.585303 ACC: [-22, -10, 514]
14:00:06.632559 ALT: 1.83
14:00:06.632650 ATT: [-1.0, 2.5, 6]
14:00:06.632799 ACC: [-22, -10, 515]
14:00:06.680556 ALT: 1.83
14:00:06.680647 ATT: [-1.0, 2.5, 6]
14:00:06.680784 ACC: [-22, -10, 514]
14:00:06.728607 ALT: 1.83
14:00:06.728697 ATT: [-1.0, 2.5, 6]
14:00:06.728838 ACC: [-22, -9, 514]
14:00:06.776653 ALT: 1.83
14:00:06.776742 ATT: [-1.0, 2.5, 6]
14:00:06.776881 ACC: [-22, -9, 515]
14:00:06.824667 ALT: 1.83
14:00:06.824759 ATT: [-1.0, 2.5, 6]
14:00:06.824902 ACC: [-23, -8, 514]
14:00:06.872830 ALT: 1.83
14:00:06.872974 ATT: [-1.0, 2.5, 6]
14:00:06.873207 ACC: [-22, -9, 515]
14:00:06.920750 ALT: 1.83
14:00:06.920922 ATT: [-1.0, 2.5, 6]
14:00:06.921192 ACC: [-22, -9, 515]
14:00:06.968751 ALT: 1.83
14:00:06.968850 ATT: [-1.0, 2.5, 6]
14:00:06.969011 ACC: [-22, -9, 514]
14:00:07.016771 ALT: 1.83
14:00:07.016884 ATT: [-1.0, 2.5, 6]
14:00:07.017069 ACC: [-23, -9, 515]
14:00:07.064778 ALT: 1.83
14:00:07.064877 ATT: [-1.0, 2.5, 6]
14:00:07.065039 ACC: [-22, -9, 515]
14:00:07.112781 ALT: 1.83
14:00:07.112878 ATT: [-1.0, 2.5, 6]
14:00:07.113043 ACC: [-22, -10, 515]
14:00:07.160828 ALT: 1.83
14:00:07.160953 ATT: [-1.0, 2.5, 6]
14:00:07.161238 ACC: [-22, -9, 514]
14:00:07.209068 ALT: 1.83
14:00:07.209162 ATT: [-1.0, 2.5, 6]
14:00:07.209307 ACC: [-22, -9, 515]
14:00:07.257838 ALT: 1.83
14:00:07.257970 ATT: [-1.0, 2.5, 7]
14:00:07.258185 ACC: [-22, -8, 515]
14:00:07.305136 ALT: 1.83
14:00:07.305306 ATT: [-1.0, 2.5, 6]
14:00:07.305576 ACC: [-23, -9, 515]
14:00:07.353156 ALT: 1.83
14:00:07.353278 ATT: [-1.0, 2.5, 6]
14:00:07.353482 ACC: [-23, -10, 514]
14:00:07.400880 ALT: 1.83
14:00:07.401006 ATT: [-1.0, 2.5, 6]
14:00:07.401247 ACC: [-23, -9, 514]
14:00:07.448799 ALT: 1.83
14:00:07.448888 ATT: [-1.0, 2.5, 6]
14:00:07.449030 ACC: [-23, -9, 515]
14:00:07.496811 ALT: 1.83
14:00:07.496900 ATT: [-1.0, 2.5, 6]
14:00:07.497043 ACC: [-22, -8, 515]
14:00:07.544858 ALT: 1.83
14:00:07.544948 ATT: [-1.0, 2.5, 6]
14:00:07.545087 ACC: [-22, -9, 516]
14:00:07.592957 ALT: 1.83
14:00:07.593048 ATT: [-1.0, 2.5, 6]
14:00:07.593188 ACC: [-22, -10, 515]
14:00:07.641121 ALT: 1.83
14:00:07.641227 ATT: [-1.0, 2.5, 6]
14:00:07.641419 ACC: [-22, -10, 514]
14:00:07.689146 ALT: 1.83
14:00:07.689342 ATT: [-1.0, 2.5, 6]
14:00:07.689705 ACC: [-23, -9, 515]
14:00:07.736967 ALT: 1.83
14:00:07.737089 ATT: [-1.0, 2.5, 6]
14:00:07.737281 ACC: [-22, -9, 515]
14:00:07.785058 ALT: 1.83
14:00:07.785179 ATT: [-1.0, 2.5, 6]
14:00:07.785366 ACC: [-23, -8, 514]
14:00:07.832905 ALT: 1.83
14:00:07.832997 ATT: [-1.0, 2.5, 6]
14:00:07.833139 ACC: [-22, -8, 515]
14:00:07.880827 ALT: 1.83
14:00:07.880957 ATT: [-1.0, 2.5, 6]
14:00:07.881092 ACC: [-22, -9, 516]
14:00:07.944977 ALT: 1.83
14:00:07.945067 ATT: [-1.0, 2.5, 6]
14:00:07.945210 ACC: [-22, -10, 515]
14:00:07.992990 ALT: 1.83
14:00:07.993080 ATT: [-1.0, 2.5, 6]
14:00:07.993220 ACC: [-22, -9, 515]
14:00:08.041289 ALT: 1.83
14:00:08.041400 ATT: [-1.0, 2.5, 6]
14:00:08.041591 ACC: [-23, -9, 514]
14:00:08.089153 ALT: 1.83
14:00:08.089298 ATT: [-1.0, 2.5, 6]
14:00:08.089656 ACC: [-22, -9, 515]
14:00:08.137313 ALT: 1.83
14:00:08.137436 ATT: [-1.0, 2.5, 6]
14:00:08.137626 ACC: [-22, -10, 515]
14:00:08.185173 ALT: 1.83
14:00:08.185316 ATT: [-1.0, 2.5, 6]
14:00:08.185520 ACC: [-22, -9, 515]
14:00:08.233029 ALT: 1.83
14:00:08.233120 ATT: [-1.0, 2.5, 6]
14:00:08.233310 ACC: [-22, -8, 515]
14:00:08.281032 ALT: 1.83
14:00:08.281123 ATT: [-1.0, 2.5, 6]
14:00:08.281263 ACC: [-22, -8, 514]
14:00:08.329082 ALT: 1.83
14:00:08.329175 ATT: [-1.0, 2.5, 6]
14:00:08.329317 ACC: [-22, -8, 514]
14:00:08.377150 ALT: 1.83
14:00:08.377241 ATT: [-1.0, 2.5, 6]
14:00:08.377386 ACC: [-23, -9, 515]
14:00:08.425444 ALT: 1.83
14:00:08.425547 ATT: [-1.0, 2.5, 6]
14:00:08.425708 ACC: [-22, -10, 515]
14:00:08.473593 ALT: 1.83
14:00:08.473715 ATT: [-1.0, 2.5, 6]
14:00:08.473925 ACC: [-22, -10, 515]
14:00:08.521465 ALT: 1.89
14:00:08.521619 ATT: [-1.0, 2.5, 6]
14:00:08.521885 ACC: [-22, -9, 515]
14:00:08.569553 ALT: 1.92
14:00:08.569668 ATT: [-1.0, 2.5, 6]
14:00:08.569861 ACC: [-23, -9, 515]
14:00:08.617197 ALT: 1.92
14:00:08.617314 ATT: [-1.0, 2.5, 6]
14:00:08.617492 ACC: [-22, -9, 515]
14:00:08.665174 ALT: 1.92
14:00:08.665262 ATT: [-1.0, 2.5, 6]
14:00:08.665404 ACC: [-22, -9, 515]
14:00:08.713260 ALT: 1.92
14:00:08.713353 ATT: [-1.0, 2.5, 6]
14:00:08.713500 ACC: [-22, -9, 515]
14:00:08.761255 ALT: 1.92
14:00:08.761347 ATT: [-1.0, 2.5, 7]
14:00:08.761487 ACC: [-22, -9, 515]
14:00:08.809270 ALT: 1.92
14:00:08.809359 ATT: [-1.0, 2.5, 7]
14:00:08.809501 ACC: [-23, -9, 515]
14:00:08.857505 ALT: 1.92
14:00:08.857613 ATT: [-1.0, 2.5, 7]
14:00:08.857801 ACC: [-23, -10, 514]
14:00:08.905709 ALT: 1.92
14:00:08.905860 ATT: [-1.0, 2.5, 7]
14:00:08.906158 ACC: [-23, -9, 514]
14:00:08.953675 ALT: 1.92
14:00:08.953798 ATT: [-1.0, 2.5, 7]
14:00:08.953991 ACC: [-22, -9, 514]
14:00:09.001353 ALT: 1.92
14:00:09.001466 ATT: [-1.0, 2.5, 7]
14:00:09.001696 ACC: [-22, -8, 515]
14:00:09.049251 ALT: 1.92
14:00:09.049345 ATT: [-1.0, 2.5, 7]
14:00:09.049490 ACC: [-21, -9, 515]
14:00:09.097297 ALT: 1.92
14:00:09.097385 ATT: [-1.0, 2.5, 7]
14:00:09.097527 ACC: [-22, -9, 515]
14:00:09.145347 ALT: 1.92
14:00:09.145434 ATT: [-1.0, 2.5, 7]
14:00:09.145576 ACC: [-23, -9, 515]
14:00:09.193346 ALT: 1.92
14:00:09.193434 ATT: [-1.0, 2.5, 7]
14:00:09.193575 ACC: [-22, -9, 514]
14:00:09.241467 ALT: 1.92
14:00:09.241566 ATT: [-1.0, 2.5, 7]
14:00:09.241730 ACC: [-23, -10, 515]
14:00:09.291198 ALT: 1.92
14:00:09.291448 ATT: [-1.0, 2.5, 7]
14:00:09.291699 ACC: [-23, -9, 514]
14:00:09.339931 ALT: 1.92
14:00:09.340193 ATT: [-1.0, 2.5, 7]
14:00:09.340589 ACC: [-22, -10, 514]
14:00:09.385437 ALT: 1.92
14:00:09.385546 ATT: [-1.0, 2.5, 7]
14:00:09.385727 ACC: [-22, -9, 515]
14:00:09.433451 ALT: 1.92
14:00:09.433562 ATT: [-1.0, 2.5, 6]
14:00:09.433789 ACC: [-22, -9, 515]
14:00:09.481366 ALT: 1.92
14:00:09.481454 ATT: [-1.0, 2.5, 6]
14:00:09.481598 ACC: [-22, -9, 514]
14:00:09.529405 ALT: 1.92
14:00:09.529493 ATT: [-1.0, 2.5, 6]
14:00:09.529636 ACC: [-22, -9, 515]
14:00:09.578097 ALT: 1.92
14:00:09.578219 ATT: [-1.0, 2.5, 6]
14:00:09.578421 ACC: [-22, -9, 515]
14:00:09.625589 ALT: 1.92
14:00:09.625688 ATT: [-1.0, 2.5, 6]
14:00:09.626029 ACC: [-22, -9, 514]
14:00:09.673634 ALT: 1.92
14:00:09.673773 ATT: [-1.0, 2.5, 6]
14:00:09.674023 ACC: [-22, -9, 514]
14:00:09.721541 ALT: 1.92
14:00:09.721678 ATT: [-1.0, 2.5, 6]
14:00:09.721871 ACC: [-22, -9, 516]
14:00:09.769521 ALT: 1.92
14:00:09.769634 ATT: [-1.0, 2.5, 6]
14:00:09.769806 ACC: [-22, -10, 515]
14:00:09.817562 ALT: 1.92
14:00:09.817678 ATT: [-1.0, 2.5, 6]
14:00:09.817853 ACC: [-22, -9, 515]
14:00:09.865535 ALT: 1.92
14:00:09.865624 ATT: [-1.0, 2.5, 6]
14:00:09.865766 ACC: [-22, -9, 515]
14:00:09.913584 ALT: 1.92
14:00:09.913682 ATT: [-1.0, 2.5, 6]
14:00:09.913832 ACC: [-23, -9, 515]
14:00:09.961808 ALT: 1.92
14:00:09.961990 ATT: [-1.0, 2.5, 6]
14:00:09.962219 ACC: [-22, -8, 514]
14:00:10.025853 ALT: 1.92
14:00:10.025995 ATT: [-1.0, 2.5, 6]
14:00:10.026219 ACC: [-22, -9, 514]
14:00:10.073838 ALT: 1.92
14:00:10.073982 ATT: [-1.0, 2.5, 6]
14:00:10.074234 ACC: [-22, -9, 515]
14:00:10.121732 ALT: 1.92
14:00:10.121864 ATT: [-1.0, 2.5, 6]
14:00:10.122099 ACC: [-22, -10, 515]
14:00:10.169636 ALT: 1.92
14:00:10.169743 ATT: [-1.0, 2.5, 6]
14:00:10.169912 ACC: [-23, -9, 515]
14:00:10.217668 ALT: 1.92
14:00:10.217777 ATT: [-1.0, 2.5, 6]
14:00:10.217949 ACC: [-22, -9, 514]
14:00:10.265629 ALT: 1.92
14:00:10.265718 ATT: [-1.0, 2.5, 6]
14:00:10.265861 ACC: [-22, -9, 515]
14:00:10.313645 ALT: 1.92
14:00:10.313735 ATT: [-1.0, 2.5, 6]
14:00:10.313877 ACC: [-22, -9, 515]
14:00:10.362245 ALT: 1.92
14:00:10.362406 ATT: [-1.0, 2.5, 6]
14:00:10.362657 ACC: [-22, -10, 515]
14:00:10.409873 ALT: 1.92
14:00:10.410069 ATT: [-1.0, 2.5, 6]
14:00:10.410344 ACC: [-22, -9, 515]
14:00:10.460414 ALT: 1.92
14:00:10.460688 ATT: [-1.0, 2.5, 6]
14:00:10.461062 ACC: [-23, -8, 515]
14:00:10.505850 ALT: 1.92
14:00:10.505988 ATT: [-1.0, 2.5, 6]
14:00:10.506216 ACC: [-22, -9, 515]
14:00:10.553743 ALT: 1.92
14:00:10.553859 ATT: [-1.0, 2.5, 6]
14:00:10.554035 ACC: [-22, -10, 515]
14:00:10.601765 ALT: 1.92
14:00:10.601878 ATT: [-1.0, 2.5, 6]
14:00:10.602097 ACC: [-22, -10, 515]
14:00:10.649712 ALT: 1.92
14:00:10.649805 ATT: [-1.0, 2.5, 6]
14:00:10.649951 ACC: [-22, -9, 515]
14:00:10.697754 ALT: 1.92
14:00:10.697843 ATT: [-1.0, 2.5, 6]
14:00:10.697986 ACC: [-22, -8, 514]
14:00:10.745782 ALT: 1.92
14:00:10.745872 ATT: [-1.0, 2.5, 6]
14:00:10.746014 ACC: [-22, -9, 515]
14:00:10.793796 ALT: 1.92
14:00:10.793894 ATT: [-1.0, 2.5, 6]
14:00:10.794051 ACC: [-22, -10, 515]
14:00:10.842024 ALT: 1.92
14:00:10.842211 ATT: [-1.0, 2.5, 6]
14:00:10.842487 ACC: [-22, -10, 515]
14:00:10.889950 ALT: 1.92
14:00:10.890089 ATT: [-1.0, 2.5, 6]
14:00:10.890320 ACC: [-22, -8, 515]
14:00:10.937921 ALT: 1.92
14:00:10.938060 ATT: [-1.0, 2.5, 6]
14:00:10.938298 ACC: [-22, -9, 514]
14:00:10.985890 ALT: 1.92
14:00:10.986005 ATT: [-1.0, 2.5, 6]
14:00:10.986188 ACC: [-22, -9, 514]
14:00:11.033978 ALT: 1.92
14:00:11.034092 ATT: [-1.0, 2.5, 6]
14:00:11.034271 ACC: [-22, -9, 515]
14:00:11.081936 ALT: 1.92
14:00:11.082030 ATT: [-1.0, 2.5, 6]
14:00:11.082185 ACC: [-22, -9, 515]
14:00:11.129874 ALT: 1.92
14:00:11.129964 ATT: [-1.0, 2.5, 6]
14:00:11.130104 ACC: [-22, -8, 515]
14:00:11.178202 ALT: 1.92
14:00:11.178339 ATT: [-1.0, 2.5, 6]
14:00:11.178554 ACC: [-22, -9, 514]
14:00:11.226000 ALT: 1.92
14:00:11.226101 ATT: [-1.0, 2.5, 6]
14:00:11.226268 ACC: [-22, -9, 514]
14:00:11.273985 ALT: 1.92
14:00:11.274107 ATT: [-1.0, 2.5, 6]
14:00:11.274328 ACC: [-23, -9, 515]
14:00:11.322046 ALT: 1.92
14:00:11.322196 ATT: [-1.0, 2.5, 6]
14:00:11.322473 ACC: [-22, -9, 515]
14:00:11.369980 ALT: 1.92
14:00:11.370092 ATT: [-1.0, 2.5, 6]
14:00:11.370279 ACC: [-22, -9, 514]
14:00:11.418001 ALT: 1.92
14:00:11.418115 ATT: [-1.0, 2.5, 6]
14:00:11.418291 ACC: [-22, -9, 514]
14:00:11.465969 ALT: 1.92
14:00:11.466364 ATT: [-1.0, 2.5, 6]
14:00:11.466547 ACC: [-22, -9, 515]
14:00:11.513982 ALT: 1.92
14:00:11.514070 ATT: [-1.0, 2.5, 6]
14:00:11.514210 ACC: [-23, -9, 514]
14:00:11.563042 ALT: 1.92
14:00:11.563187 ATT: [-1.0, 2.5, 6]
14:00:11.563412 ACC: [-22, -9, 514]
14:00:11.610346 ALT: 1.92
14:00:11.610519 ATT: [-1.0, 2.5, 6]
14:00:11.610745 ACC: [-22, -9, 514]
14:00:11.658166 ALT: 1.92
14:00:11.658301 ATT: [-1.0, 2.5, 6]
14:00:11.658528 ACC: [-22, -9, 514]
14:00:11.706920 ALT: 1.92
14:00:11.707045 ATT: [-1.0, 2.5, 6]
14:00:11.707231 ACC: [-22, -9, 514]
14:00:11.754121 ALT: 1.92
14:00:11.754237 ATT: [-1.0, 2.5, 6]
14:00:11.754418 ACC: [-22, -9, 515]
14:00:11.802098 ALT: 1.92
14:00:11.802210 ATT: [-1.0, 2.5, 6]
14:00:11.802389 ACC: [-22, -9, 515]
14:00:11.850050 ALT: 1.92
14:00:11.850137 ATT: [-1.0, 2.5, 6]
14:00:11.850277 ACC: [-22, -9, 514]
14:00:11.898062 ALT: 1.92
14:00:11.898152 ATT: [-1.0, 2.5, 6]
14:00:11.898291 ACC: [-22, -9, 515]
14:00:11.946108 ALT: 1.92
14:00:11.946196 ATT: [-1.0, 2.5, 6]
14:00:11.946338 ACC: [-22, -10, 514]
14:00:11.994394 ALT: 1.92
14:00:11.994586 ATT: [-1.0, 2.5, 6]
14:00:11.994854 ACC: [-22, -9, 514]
14:00:12.042116 ALT: 1.92
14:00:12.042204 ATT: [-1.0, 2.5, 6]
14:00:12.042343 ACC: [-22, -9, 515]
14:00:12.106298 ALT: 1.92
14:00:12.106474 ATT: [-1.0, 2.5, 6]
14:00:12.106756 ACC: [-22, -9, 514]
14:00:12.154198 ALT: 1.92
14:00:12.154318 ATT: [-1.0, 2.5, 6]
14:00:12.154496 ACC: [-22, -9, 515]
14:00:12.202216 ALT: 1.92
14:00:12.202383 ATT: [-1.0, 2.5, 6]
14:00:12.202558 ACC: [-22, -9, 515]
14:00:12.250158 ALT: 1.92
14:00:12.250248 ATT: [-1.0, 2.5, 6]
14:00:12.250386 ACC: [-22, -9, 514]
14:00:12.298189 ALT: 1.92
14:00:12.298278 ATT: [-1.0, 2.5, 6]
14:00:12.298420 ACC: [-22, -9, 514]
14:00:12.346222 ALT: 1.92
14:00:12.346313 ATT: [-1.0, 2.5, 6]
14:00:12.346454 ACC: [-22, -9, 515]
14:00:12.394461 ALT: 1.92
14:00:12.394602 ATT: [-1.0, 2.5, 6]
14:00:12.394829 ACC: [-22, -9, 515]
14:00:12.442264 ALT: 1.92
14:00:12.442350 ATT: [-1.0, 2.5, 6]
14:00:12.442487 ACC: [-22, -9, 514]
14:00:12.490782 ALT: 1.92
14:00:12.490917 ATT: [-1.0, 2.5, 6]
14:00:12.491143 ACC: [-22, -9, 515]
14:00:12.538371 ALT: 1.92
14:00:12.538506 ATT: [-1.0, 2.5, 6]
14:00:12.538740 ACC: [-23, -9, 515]
14:00:12.586284 ALT: 1.92
14:00:12.586399 ATT: [-1.0, 2.5, 6]
14:00:12.586575 ACC: [-22, -10, 515]
14:00:12.634299 ALT: 1.92
14:00:12.634411 ATT: [-1.0, 2.5, 6]
14:00:12.634589 ACC: [-22, -9, 515]
14:00:12.682224 ALT: 1.92
14:00:12.682313 ATT: [-1.0, 2.5, 6]
14:00:12.682452 ACC: [-22, -9, 515]
14:00:12.730301 ALT: 1.92
14:00:12.730391 ATT: [-1.0, 2.5, 6]
14:00:12.730533 ACC: [-22, -9, 515]
14:00:12.778590 ALT: 1.92
14:00:12.778730 ATT: [-1.0, 2.5, 6]
14:00:12.778950 ACC: [-23, -9, 514]
14:00:12.826436 ALT: 1.92
14:00:12.826533 ATT: [-1.0, 2.5, 6]
14:00:12.826698 ACC: [-22, -9, 515]
14:00:12.874953 ALT: 1.92
14:00:12.875057 ATT: [-1.0, 2.5, 6]
14:00:12.875239 ACC: [-23, -10, 515]
14:00:12.922489 ALT: 1.92
14:00:12.922621 ATT: [-1.0, 2.5, 6]
14:00:12.922906 ACC: [-23, -9, 515]
14:00:12.970395 ALT: 1.92
14:00:12.970508 ATT: [-1.0, 2.5, 6]
14:00:12.970731 ACC: [-22, -10, 514]
14:00:13.018420 ALT: 1.92
14:00:13.018534 ATT: [-1.0, 2.5, 6]
14:00:13.018706 ACC: [-22, -9, 514]
14:00:13.066369 ALT: 1.92
14:00:13.066459 ATT: [-1.0, 2.5, 6]
14:00:13.066602 ACC: [-22, -9, 515]
14:00:13.114419 ALT: 1.92
14:00:13.114509 ATT: [-1.0, 2.5, 6]
14:00:13.114649 ACC: [-22, -9, 515]
14:00:13.162726 ALT: 1.92
14:00:13.162870 ATT: [-1.0, 2.5, 6]
14:00:13.163096 ACC: [-22, -9, 515]
14:00:13.210481 ALT: 1.92
14:00:13.210576 ATT: [-1.0, 2.5, 6]
14:00:13.210737 ACC: [-22, -9, 515]
14:00:13.258508 ALT: 1.92
14:00:13.258632 ATT: [-1.0, 2.5, 6]
14:00:13.258858 ACC: [-23, -8, 515]
14:00:13.306609 ALT: 1.92
14:00:13.306755 ATT: [-1.0, 2.5, 6]
14:00:13.306998 ACC: [-22, -9, 515]
14:00:13.354608 ALT: 1.92
14:00:13.354747 ATT: [-1.0, 2.5, 6]
14:00:13.354979 ACC: [-22, -9, 515]
14:00:13.402547 ALT: 1.92
14:00:13.402661 ATT: [-1.0, 2.5, 6]
14:00:13.402839 ACC: [-22, -9, 515]
14:00:13.450577 ALT: 1.92
14:00:13.450689 ATT: [-1.0, 2.5, 6]
14:00:13.450877 ACC: [-22, -9, 515]
14:00:13.498513 ALT: 1.92
14:00:13.498602 ATT: [-1.0, 2.5, 6]
14:00:13.498741 ACC: [-22, -9, 514]
14:00:13.546562 ALT: 1.92
14:00:13.546652 ATT: [-1.0, 2.5, 6]
14:00:13.546793 ACC: [-22, -9, 514]
14:00:13.594594 ALT: 1.92
14:00:13.594696 ATT: [-1.0, 2.5, 6]
14:00:13.594855 ACC: [-22, -9, 515]
14:00:13.642550 ALT: 1.92
14:00:13.642649 ATT: [-1.0, 2.5, 6]
14:00:13.642790 ACC: [-22, -9, 515]
14:00:13.690668 ALT: 1.92
14:00:13.690777 ATT: [-1.0, 2.5, 6]
14:00:13.690997 ACC: [-22, -9, 515]
14:00:13.738688 ALT: 1.92
14:00:13.738830 ATT: [-1.0, 2.5, 6]
14:00:13.739106 ACC: [-22, -8, 514]
14:00:13.786672 ALT: 1.92
14:00:13.786792 ATT: [-1.0, 2.5, 6]
14:00:13.786967 ACC: [-23, -10, 515]
14:00:13.834628 ALT: 1.92
14:00:13.834741 ATT: [-1.0, 2.5, 6]
14:00:13.834921 ACC: [-22, -9, 515]
14:00:13.882566 ALT: 1.92
14:00:13.882655 ATT: [-1.0, 2.5, 6]
14:00:13.882794 ACC: [-22, -9, 515]
14:00:13.930777 ALT: 1.92
14:00:13.930865 ATT: [-1.0, 2.5, 6]
14:00:13.931008 ACC: [-23, -9, 515]
14:00:13.979366 ALT: 1.92
14:00:13.979513 ATT: [-1.0, 2.5, 6]
14:00:13.979720 ACC: [-22, -9, 515]
14:00:14.026610 ALT: 1.92
14:00:14.026701 ATT: [-1.0, 2.5, 6]
14:00:14.026846 ACC: [-22, -9, 514]
14:00:14.074772 ALT: 1.92
14:00:14.074917 ATT: [-1.0, 2.5, 6]
14:00:14.075487 ACC: [-22, -9, 515]
14:00:14.138749 ALT: 1.92
14:00:14.138889 ATT: [-1.0, 2.5, 7]
14:00:14.139123 ACC: [-22, -9, 515]
14:00:14.186771 ALT: 1.92
14:00:14.186890 ATT: [-1.0, 2.5, 7]
14:00:14.187068 ACC: [-23, -9, 515]
14:00:14.234780 ALT: 1.92
14:00:14.234891 ATT: [-1.0, 2.5, 7]
14:00:14.235118 ACC: [-22, -9, 515]
14:00:14.282670 ALT: 1.92
14:00:14.282758 ATT: [-1.0, 2.5, 7]
14:00:14.282896 ACC: [-22, -9, 515]
14:00:14.330753 ALT: 1.92
14:00:14.330839 ATT: [-1.0, 2.5, 7]
14:00:14.330981 ACC: [-22, -9, 514]
14:00:14.378757 ALT: 1.92
14:00:14.378853 ATT: [-1.0, 2.5, 7]
14:00:14.379017 ACC: [-22, -9, 515]
14:00:14.426808 ALT: 1.92
14:00:14.426911 ATT: [-1.0, 2.5, 7]
14:00:14.427052 ACC: [-22, -9, 515]
14:00:14.474934 ALT: 1.92
14:00:14.475075 ATT: [-1.0, 2.5, 7]
14:00:14.475302 ACC: [-22, -9, 514]
14:00:14.522846 ALT: 1.92
14:00:14.522990 ATT: [-1.0, 2.5, 7]
14:00:14.523229 ACC: [-22, -9, 515]
14:00:14.570813 ALT: 1.92
14:00:14.570971 ATT: [-1.0, 2.5, 7]
14:00:14.571142 ACC: [-22, -9, 515]
14:00:14.618884 ALT: 1.92
14:00:14.618999 ATT: [-1.0, 2.5, 7]
14:00:14.619167 ACC: [-22, -10, 514]
14:00:14.666780 ALT: 1.92
14:00:14.666872 ATT: [-1.0, 2.5, 6]
14:00:14.667015 ACC: [-23, -9, 515]
14:00:14.714794 ALT: 1.92
14:00:14.714884 ATT: [-1.0, 2.5, 6]
14:00:14.715026 ACC: [-22, -10, 514]
14:00:14.762846 ALT: 1.92
14:00:14.762944 ATT: [-1.0, 2.5, 6]
14:00:14.763195 ACC: [-22, -9, 515]
14:00:14.810875 ALT: 1.92
14:00:14.810962 ATT: [-1.0, 2.5, 6]
14:00:14.811100 ACC: [-22, -9, 515]
14:00:14.858842 ALT: 1.92
14:00:14.858930 ATT: [-1.0, 2.5, 6]
14:00:14.859069 ACC: [-22, -9, 514]
14:00:14.906980 ALT: 1.92
14:00:14.907121 ATT: [-1.0, 2.5, 6]
14:00:14.907356 ACC: [-23, -8, 515]
14:00:14.955003 ALT: 1.92
14:00:14.955138 ATT: [-1.0, 2.5, 6]
14:00:14.955372 ACC: [-22, -9, 515]
14:00:15.002979 ALT: 1.92
14:00:15.003096 ATT: [-1.0, 2.5, 6]
14:00:15.003273 ACC: [-22, -9, 515]
14:00:15.050975 ALT: 1.92
14:00:15.051097 ATT: [-1.0, 2.5, 6]
14:00:15.051267 ACC: [-22, -9, 515]
14:00:15.098884 ALT: 1.92
14:00:15.098975 ATT: [-1.0, 2.5, 6]
14:00:15.099116 ACC: [-23, -10, 514]
14:00:15.147301 ALT: 1.92
14:00:15.147489 ATT: [-1.0, 2.5, 6]
14:00:15.147716 ACC: [-23, -9, 514]
14:00:15.194897 ALT: 1.92
14:00:15.194984 ATT: [-1.0, 2.5, 6]
14:00:15.195122 ACC: [-22, -9, 514]
14:00:15.242940 ALT: 1.92
14:00:15.243028 ATT: [-1.0, 2.5, 6]
14:00:15.243199 ACC: [-22, -9, 514]
14:00:15.291037 ALT: 1.92
14:00:15.291179 ATT: [-1.0, 2.5, 6]
14:00:15.291421 ACC: [-22, -9, 514]
14:00:15.339058 ALT: 1.92
14:00:15.339191 ATT: [-1.0, 2.5, 6]
14:00:15.339471 ACC: [-22, -9, 514]
14:00:15.387147 ALT: 1.92
14:00:15.387266 ATT: [-1.0, 2.5, 6]
14:00:15.387446 ACC: [-22, -9, 515]
14:00:15.435067 ALT: 1.92
14:00:15.435182 ATT: [-1.0, 2.5, 6]
14:00:15.435358 ACC: [-22, -9, 515]
14:00:15.482981 ALT: 1.92
14:00:15.483070 ATT: [-1.0, 2.5, 6]
14:00:15.483395 ACC: [-22, -9, 515]
14:00:15.531343 ALT: 1.92
14:00:15.531489 ATT: [-1.1, 2.5, 6]
14:00:15.531724 ACC: [-22, -10, 515]
14:00:15.579086 ALT: 1.92
14:00:15.579183 ATT: [-1.0, 2.5, 6]
14:00:15.579344 ACC: [-22, -9, 515]
14:00:15.627067 ALT: 1.92
14:00:15.627160 ATT: [-1.1, 2.5, 6]
14:00:15.627306 ACC: [-23, -10, 514]
14:00:15.675193 ALT: 1.92
14:00:15.675331 ATT: [-1.0, 2.5, 6]
14:00:15.675555 ACC: [-23, -9, 514]
14:00:15.723216 ALT: 1.92
14:00:15.723357 ATT: [-1.0, 2.5, 6]
14:00:15.723590 ACC: [-22, -9, 515]
14:00:15.771142 ALT: 1.98
14:00:15.771256 ATT: [-1.0, 2.5, 6]
14:00:15.771435 ACC: [-22, -9, 514]
14:00:15.819167 ALT: 2.0
14:00:15.819274 ATT: [-1.0, 2.5, 6]
14:00:15.819457 ACC: [-22, -9, 515]
14:00:15.867058 ALT: 2.0
14:00:15.867143 ATT: [-1.0, 2.5, 6]
14:00:15.867284 ACC: [-22, -9, 515]
14:00:15.915183 ALT: 2.0
14:00:15.915313 ATT: [-1.0, 2.5, 6]
14:00:15.915498 ACC: [-22, -9, 515]
14:00:15.963095 ALT: 2.0
14:00:15.963186 ATT: [-1.0, 2.5, 6]
14:00:15.963350 ACC: [-22, -9, 514]
14:00:16.011127 ALT: 2.0
14:00:16.011212 ATT: [-1.0, 2.5, 6]
14:00:16.011352 ACC: [-23, -9, 515]
14:00:16.059145 ALT: 2.0
14:00:16.059231 ATT: [-1.0, 2.5, 6]
14:00:16.059379 ACC: [-23, -9, 515]
14:00:16.107306 ALT: 2.0
14:00:16.107444 ATT: [-1.0, 2.5, 6]
14:00:16.107691 ACC: [-22, -10, 515]
14:00:16.155220 ALT: 2.0
14:00:16.155347 ATT: [-1.0, 2.5, 6]
14:00:16.155586 ACC: [-22, -9, 515]
14:00:16.219193 ALT: 2.0
14:00:16.219295 ATT: [-1.0, 2.5, 6]
14:00:16.219479 ACC: [-22, -9, 515]
14:00:16.267168 ALT: 2.0
14:00:16.267252 ATT: [-1.0, 2.5, 6]
14:00:16.267397 ACC: [-23, -9, 515]
14:00:16.315426 ALT: 2.0
14:00:16.315558 ATT: [-1.0, 2.5, 6]
14:00:16.315784 ACC: [-22, -9, 515]
14:00:16.363196 ALT: 2.0
14:00:16.363279 ATT: [-1.0, 2.5, 6]
14:00:16.363424 ACC: [-22, -9, 514]
14:00:16.411426 ALT: 2.0
14:00:16.411514 ATT: [-1.0, 2.5, 6]
14:00:16.411666 ACC: [-23, -9, 514]
14:00:16.459256 ALT: 2.0
14:00:16.459340 ATT: [-1.0, 2.5, 6]
14:00:16.459483 ACC: [-22, -9, 514]
14:00:16.507342 ALT: 2.0
14:00:16.507473 ATT: [-1.0, 2.5, 6]
14:00:16.507706 ACC: [-23, -9, 514]
14:00:16.555319 ALT: 2.0
14:00:16.555446 ATT: [-1.0, 2.5, 6]
14:00:16.555685 ACC: [-22, -9, 515]
14:00:16.603302 ALT: 2.0
14:00:16.603412 ATT: [-1.0, 2.5, 6]
14:00:16.603600 ACC: [-22, -8, 516]
14:00:16.651300 ALT: 2.0
14:00:16.651410 ATT: [-1.0, 2.5, 6]
14:00:16.651590 ACC: [-22, -9, 515]
14:00:16.699352 ALT: 2.0
14:00:16.699487 ATT: [-1.0, 2.5, 6]
14:00:16.699683 ACC: [-22, -9, 514]
14:00:16.747248 ALT: 2.0
14:00:16.747335 ATT: [-1.0, 2.5, 6]
14:00:16.747493 ACC: [-22, -10, 514]
14:00:16.795300 ALT: 2.0
14:00:16.795384 ATT: [-1.0, 2.5, 6]
14:00:16.795526 ACC: [-23, -9, 514]
14:00:16.843314 ALT: 2.0
14:00:16.843397 ATT: [-1.0, 2.5, 6]
14:00:16.843540 ACC: [-22, -9, 515]
14:00:16.891410 ALT: 2.0
14:00:16.891544 ATT: [-1.0, 2.5, 6]
14:00:16.891781 ACC: [-22, -10, 516]
14:00:16.939365 ALT: 2.0
14:00:16.939479 ATT: [-1.0, 2.5, 6]
14:00:16.939743 ACC: [-22, -9, 515]
14:00:16.987393 ALT: 2.0
14:00:16.987502 ATT: [-1.0, 2.5, 6]
14:00:16.987727 ACC: [-23, -9, 514]
14:00:17.035427 ALT: 2.0
14:00:17.035533 ATT: [-1.0, 2.5, 6]
14:00:17.035716 ACC: [-22, -9, 515]
14:00:17.083466 ALT: 2.0
14:00:17.083582 ATT: [-1.0, 2.5, 6]
14:00:17.083759 ACC: [-23, -8, 515]
14:00:17.131393 ALT: 2.0
14:00:17.131486 ATT: [-1.0, 2.5, 6]
14:00:17.131653 ACC: [-22, -9, 515]
14:00:17.179415 ALT: 2.0
14:00:17.179498 ATT: [-1.0, 2.5, 6]
14:00:17.179640 ACC: [-22, -9, 515]
14:00:17.227792 ALT: 2.0
14:00:17.227878 ATT: [-1.0, 2.5, 6]
14:00:17.228024 ACC: [-22, -9, 515]
14:00:17.275583 ALT: 2.0
14:00:17.275711 ATT: [-1.0, 2.5, 6]
14:00:17.275923 ACC: [-22, -9, 514]
14:00:17.323553 ALT: 2.0
14:00:17.323683 ATT: [-1.0, 2.5, 6]
14:00:17.323925 ACC: [-22, -9, 514]
14:00:17.371517 ALT: 2.0
14:00:17.371626 ATT: [-1.0, 2.5, 6]
14:00:17.371810 ACC: [-22, -9, 515]
14:00:17.419514 ALT: 2.0
14:00:17.419621 ATT: [-1.0, 2.5, 6]
14:00:17.419801 ACC: [-22, -9, 515]
14:00:17.467536 ALT: 2.0
14:00:17.467622 ATT: [-1.0, 2.5, 6]
14:00:17.467769 ACC: [-22, -9, 515]
14:00:17.515489 ALT: 2.0
14:00:17.515581 ATT: [-1.0, 2.5, 6]
14:00:17.515739 ACC: [-22, -9, 515]
14:00:17.563444 ALT: 2.0
14:00:17.563528 ATT: [-1.0, 2.5, 6]
14:00:17.563684 ACC: [-23, -9, 514]
14:00:17.611487 ALT: 2.0
14:00:17.611571 ATT: [-1.0, 2.5, 6]
14:00:17.611721 ACC: [-23, -9, 515]
14:00:17.659524 ALT: 2.0
14:00:17.659615 ATT: [-1.0, 2.5, 6]
14:00:17.659765 ACC: [-23, -9, 515]
14:00:17.707685 ALT: 2.0
14:00:17.707865 ATT: [-1.0, 2.5, 6]
14:00:17.708104 ACC: [-22, -10, 515]
14:00:17.755614 ALT: 2.0
14:00:17.755747 ATT: [-1.0, 2.5, 6]
14:00:17.755982 ACC: [-22, -10, 515]
14:00:17.803583 ALT: 2.0
14:00:17.803692 ATT: [-1.0, 2.5, 6]
14:00:17.803873 ACC: [-22, -9, 514]
14:00:17.851644 ALT: 2.0
14:00:17.851744 ATT: [-1.0, 2.5, 6]
14:00:17.851911 ACC: [-22, -9, 515]
14:00:17.899561 ALT: 2.0
14:00:17.899652 ATT: [-1.0, 2.5, 6]
14:00:17.899934 ACC: [-22, -9, 515]
14:00:17.947563 ALT: 2.0
14:00:17.947694 ATT: [-1.0, 2.5, 6]
14:00:17.947862 ACC: [-22, -9, 515]
14:00:17.995576 ALT: 2.0
14:00:17.995660 ATT: [-1.0, 2.5, 6]
14:00:17.995804 ACC: [-22, -10, 514]
14:00:18.043643 ALT: 2.0
14:00:18.043729 ATT: [-1.0, 2.5, 6]
14:00:18.043874 ACC: [-22, -10, 514]
14:00:18.091713 ALT: 2.0
14:00:18.091850 ATT: [-1.0, 2.5, 6]
14:00:18.092083 ACC: [-22, -9, 515]
14:00:18.139710 ALT: 2.0
14:00:18.139838 ATT: [-1.0, 2.5, 6]
14:00:18.140078 ACC: [-22, -9, 515]
14:00:18.187710 ALT: 2.0
14:00:18.187821 ATT: [-1.1, 2.5, 6]
14:00:18.188033 ACC: [-23, -10, 515]
14:00:18.235643 ALT: 2.0
14:00:18.235743 ATT: [-1.1, 2.5, 6]
14:00:18.235917 ACC: [-22, -10, 514]
14:00:18.299929 ALT: 2.0
14:00:18.300114 ATT: [-1.0, 2.5, 6]
14:00:18.300389 ACC: [-22, -8, 515]
14:00:18.347617 ALT: 2.0
14:00:18.347702 ATT: [-1.0, 2.5, 6]
14:00:18.347856 ACC: [-23, -8, 515]
14:00:18.395652 ALT: 2.0
14:00:18.395736 ATT: [-1.0, 2.5, 6]
14:00:18.395880 ACC: [-22, -9, 515]
14:00:18.443662 ALT: 2.0
14:00:18.443745 ATT: [-1.0, 2.5, 6]
14:00:18.443887 ACC: [-23, -9, 514]
14:00:18.491840 ALT: 2.0
14:00:18.491969 ATT: [-1.0, 2.5, 6]
14:00:18.492208 ACC: [-22, -9, 514]
14:00:18.539726 ALT: 2.0
14:00:18.539898 ATT: [-1.0, 2.5, 6]
14:00:18.540123 ACC: [-22, -9, 514]
14:00:18.587787 ALT: 2.0
14:00:18.587898 ATT: [-1.0, 2.5, 6]
14:00:18.588081 ACC: [-23, -9, 515]
14:00:18.635697 ALT: 2.0
14:00:18.635794 ATT: [-1.0, 2.5, 6]
14:00:18.635957 ACC: [-22, -10, 514]
14:00:18.684229 ALT: 2.0
14:00:18.684401 ATT: [-1.0, 2.5, 6]
14:00:18.684604 ACC: [-22, -9, 515]
14:00:18.731722 ALT: 2.0
14:00:18.731811 ATT: [-1.0, 2.5, 6]
14:00:18.731975 ACC: [-23, -9, 515]
14:00:18.779750 ALT: 2.0
14:00:18.779834 ATT: [-1.0, 2.5, 6]
14:00:18.779978 ACC: [-23, -8, 515]
14:00:18.827766 ALT: 2.0
14:00:18.827850 ATT: [-1.0, 2.5, 7]
14:00:18.827994 ACC: [-22, -9, 515]
14:00:18.875786 ALT: 2.0
14:00:18.875868 ATT: [-1.0, 2.5, 7]
14:00:18.876013 ACC: [-22, -9, 515]
14:00:18.923943 ALT: 2.0
14:00:18.924077 ATT: [-1.0, 2.5, 7]
14:00:18.924419 ACC: [-22, -10, 514]
14:00:18.971836 ALT: 2.0
14:00:18.971956 ATT: [-1.0, 2.5, 7]
14:00:18.972184 ACC: [-22, -10, 515]
14:00:19.019862 ALT: 2.0
14:00:19.019968 ATT: [-1.0, 2.5, 7]
14:00:19.020146 ACC: [-22, -9, 515]
14:00:19.067832 ALT: 2.0
14:00:19.067937 ATT: [-1.0, 2.5, 7]
14:00:19.068103 ACC: [-23, -9, 515]
14:00:19.116021 ALT: 2.0
14:00:19.116166 ATT: [-1.0, 2.5, 6]
14:00:19.116476 ACC: [-23, -8, 514]
14:00:19.163784 ALT: 2.0
14:00:19.163867 ATT: [-1.0, 2.5, 6]
14:00:19.164017 ACC: [-23, -9, 514]
14:00:19.211839 ALT: 2.0
14:00:19.211924 ATT: [-1.0, 2.5, 6]
14:00:19.212079 ACC: [-22, -8, 515]
14:00:19.259852 ALT: 2.0
14:00:19.259936 ATT: [-1.0, 2.5, 6]
14:00:19.260079 ACC: [-21, -8, 515]
14:00:19.307971 ALT: 2.0
14:00:19.308151 ATT: [-1.0, 2.5, 6]
14:00:19.308507 ACC: [-22, -10, 515]
14:00:19.355898 ALT: 2.0
14:00:19.356014 ATT: [-1.0, 2.5, 6]
14:00:19.356236 ACC: [-22, -10, 515]
14:00:19.403951 ALT: 2.0
14:00:19.404060 ATT: [-1.0, 2.5, 7]
14:00:19.404232 ACC: [-23, -10, 513]
14:00:19.451887 ALT: 2.0
14:00:19.451985 ATT: [-1.0, 2.5, 7]
14:00:19.452154 ACC: [-23, -9, 514]
14:00:19.500101 ALT: 2.0
14:00:19.500233 ATT: [-1.0, 2.5, 7]
14:00:19.500498 ACC: [-23, -9, 516]
14:00:19.547844 ALT: 2.0
14:00:19.547977 ATT: [-1.0, 2.5, 7]
14:00:19.548392 ACC: [-22, -10, 515]
14:00:19.595930 ALT: 2.0
14:00:19.596012 ATT: [-1.0, 2.5, 7]
14:00:19.596155 ACC: [-21, -9, 514]
14:00:19.643936 ALT: 2.0
14:00:19.644022 ATT: [-1.0, 2.5, 7]
14:00:19.644167 ACC: [-22, -8, 514]
14:00:19.692085 ALT: 2.0
14:00:19.692216 ATT: [-1.0, 2.5, 7]
14:00:19.692494 ACC: [-22, -9, 514]
14:00:19.740053 ALT: 2.0
14:00:19.740184 ATT: [-1.0, 2.5, 7]
14:00:19.740489 ACC: [-23, -10, 516]
14:00:19.788069 ALT: 2.0
14:00:19.788180 ATT: [-1.1, 2.5, 7]
14:00:19.788429 ACC: [-23, -10, 515]
14:00:19.836014 ALT: 2.0
14:00:19.836119 ATT: [-1.1, 2.5, 7]
14:00:19.836340 ACC: [-22, -9, 514]
14:00:19.884059 ALT: 2.0
14:00:19.884143 ATT: [-1.0, 2.5, 7]
14:00:19.884311 ACC: [-22, -8, 514]
14:00:19.932155 ALT: 2.0
14:00:19.932262 ATT: [-1.0, 2.5, 7]
14:00:19.932575 ACC: [-23, -8, 514]
14:00:19.979977 ALT: 2.0
14:00:19.980063 ATT: [-1.0, 2.5, 7]
14:00:19.980207 ACC: [-22, -9, 515]
14:00:20.028058 ALT: 2.0
14:00:20.028144 ATT: [-1.0, 2.5, 7]
14:00:20.028321 ACC: [-22, -9, 515]
14:00:20.076001 ALT: 2.0
14:00:20.076089 ATT: [-1.0, 2.5, 6]
14:00:20.076231 ACC: [-22, -9, 515]
14:00:20.124167 ALT: 2.0
14:00:20.124318 ATT: [-1.0, 2.5, 6]
14:00:20.124556 ACC: [-23, -9, 514]
14:00:20.172157 ALT: 2.0
14:00:20.172393 ATT: [-1.0, 2.5, 6]
14:00:20.172657 ACC: [-23, -10, 515]
14:00:20.220141 ALT: 2.0
14:00:20.220250 ATT: [-1.0, 2.5, 6]
14:00:20.220508 ACC: [-22, -10, 514]
14:00:20.268152 ALT: 2.0
14:00:20.268252 ATT: [-1.0, 2.5, 6]
14:00:20.268454 ACC: [-22, -9, 514]
14:00:20.332381 ALT: 2.0
14:00:20.332476 ATT: [-1.0, 2.5, 6]
14:00:20.332639 ACC: [-22, -9, 515]
14:00:20.380097 ALT: 2.0
14:00:20.380180 ATT: [-1.0, 2.5, 6]
14:00:20.380348 ACC: [-23, -9, 515]
14:00:20.428103 ALT: 2.0
14:00:20.428187 ATT: [-1.0, 2.5, 6]
14:00:20.428363 ACC: [-22, -9, 515]
14:00:20.476138 ALT: 2.0
14:00:20.476224 ATT: [-1.0, 2.5, 6]
14:00:20.476412 ACC: [-23, -9, 515]
14:00:20.524393 ALT: 2.0
14:00:20.524534 ATT: [-1.0, 2.5, 6]
14:00:20.524749 ACC: [-22, -9, 515]
14:00:20.572307 ALT: 2.0
14:00:20.572430 ATT: [-1.0, 2.5, 6]
14:00:20.572661 ACC: [-22, -9, 514]
14:00:20.620183 ALT: 2.0
14:00:20.620374 ATT: [-1.0, 2.5, 6]
14:00:20.620567 ACC: [-22, -9, 515]
14:00:20.668178 ALT: 2.0
14:00:20.668318 ATT: [-1.0, 2.5, 6]
14:00:20.668568 ACC: [-22, -9, 515]
14:00:20.716418 ALT: 2.0
14:00:20.716589 ATT: [-1.0, 2.5, 6]
14:00:20.716856 ACC: [-22, -9, 515]
14:00:20.764132 ALT: 2.0
14:00:20.764220 ATT: [-1.0, 2.5, 6]
14:00:20.764402 ACC: [-22, -9, 515]
14:00:20.812207 ALT: 2.0
14:00:20.812316 ATT: [-1.0, 2.5, 6]
14:00:20.812463 ACC: [-23, -9, 514]
14:00:20.860198 ALT: 2.0
14:00:20.860324 ATT: [-1.0, 2.5, 6]
14:00:20.860481 ACC: [-22, -9, 515]
14:00:20.908411 ALT: 2.0
14:00:20.908541 ATT: [-1.0, 2.5, 6]
14:00:20.908768 ACC: [-22, -9, 514]
14:00:20.956337 ALT: 2.0
14:00:20.956479 ATT: [-1.0, 2.5, 6]
14:00:20.956716 ACC: [-22, -9, 514]
14:00:21.004307 ALT: 2.0
14:00:21.004423 ATT: [-1.0, 2.5, 6]
14:00:21.004609 ACC: [-22, -10, 514]
14:00:21.052228 ALT: 2.0
14:00:21.052407 ATT: [-1.0, 2.5, 6]
14:00:21.052582 ACC: [-23, -9, 515]
14:00:21.100352 ALT: 2.0
14:00:21.100437 ATT: [-1.0, 2.5, 6]
14:00:21.100581 ACC: [-22, -9, 516]
14:00:21.148340 ALT: 2.0
14:00:21.148432 ATT: [-1.0, 2.5, 6]
14:00:21.148590 ACC: [-22, -8, 514]
14:00:21.196306 ALT: 2.0
14:00:21.196391 ATT: [-1.0, 2.5, 6]
14:00:21.196536 ACC: [-22, -9, 514]
14:00:21.244389 ALT: 2.0
14:00:21.244475 ATT: [-1.0, 2.5, 6]
14:00:21.244623 ACC: [-22, -10, 514]
14:00:21.292529 ALT: 2.0
14:00:21.292656 ATT: [-1.0, 2.5, 6]
14:00:21.292880 ACC: [-23, -9, 516]
14:00:21.342460 ALT: 2.0
14:00:21.342674 ATT: [-1.0, 2.5, 6]
14:00:21.343210 ACC: [-23, -8, 515]
14:00:21.388510 ALT: 2.0
14:00:21.388626 ATT: [-1.0, 2.5, 6]
14:00:21.388811 ACC: [-22, -8, 515]
14:00:21.436435 ALT: 2.0
14:00:21.436548 ATT: [-1.0, 2.5, 6]
14:00:21.436724 ACC: [-22, -9, 515]
14:00:21.484371 ALT: 2.0
14:00:21.484466 ATT: [-1.0, 2.5, 6]
14:00:21.484605 ACC: [-22, -10, 514]
14:00:21.532472 ALT: 2.0
14:00:21.532650 ATT: [-1.0, 2.5, 6]
14:00:21.532998 ACC: [-22, -10, 514]
14:00:21.580330 ALT: 2.0
14:00:21.580415 ATT: [-1.0, 2.5, 6]
14:00:21.580561 ACC: [-23, -9, 514]
14:00:21.628371 ALT: 2.0
14:00:21.628456 ATT: [-1.0, 2.5, 6]
14:00:21.628599 ACC: [-23, -9, 516]
14:00:21.676368 ALT: 2.0
14:00:21.676453 ATT: [-1.0, 2.5, 6]
14:00:21.676603 ACC: [-22, -9, 515]
14:00:21.724647 ALT: 2.0
14:00:21.724782 ATT: [-1.0, 2.5, 6]
14:00:21.725023 ACC: [-22, -10, 512]
14:00:21.772551 ALT: 2.0
14:00:21.772673 ATT: [-1.0, 2.5, 6]
14:00:21.772908 ACC: [-22, -9, 513]
14:00:21.820540 ALT: 2.0
14:00:21.820650 ATT: [-1.0, 2.5, 6]
14:00:21.820836 ACC: [-23, -9, 515]
14:00:21.868516 ALT: 2.0
14:00:21.868613 ATT: [-1.0, 2.5, 6]
14:00:21.868781 ACC: [-22, -9, 517]
14:00:21.916784 ALT: 2.0
14:00:21.916960 ATT: [-1.0, 2.5, 6]
14:00:21.917204 ACC: [-22, -9, 516]
14:00:21.964409 ALT: 2.0
14:00:21.964504 ATT: [-1.0, 2.5, 6]
14:00:21.964665 ACC: [-21, -9, 513]
14:00:22.012492 ALT: 2.0
14:00:22.012578 ATT: [-1.0, 2.5, 6]
14:00:22.012721 ACC: [-22, -10, 513]
14:00:22.060497 ALT: 2.0
14:00:22.060580 ATT: [-1.1, 2.5, 6]
14:00:22.060725 ACC: [-22, -9, 515]
14:00:22.108635 ALT: 2.0
14:00:22.108765 ATT: [-1.0, 2.5, 6]
14:00:22.109004 ACC: [-23, -9, 516]
14:00:22.156690 ALT: 2.0
14:00:22.156821 ATT: [-1.0, 2.5, 6]
14:00:22.157054 ACC: [-22, -9, 515]
14:00:22.204590 ALT: 2.0
14:00:22.204697 ATT: [-1.0, 2.5, 6]
14:00:22.204875 ACC: [-22, -8, 515]
14:00:22.252603 ALT: 2.0
14:00:22.252706 ATT: [-1.0, 2.5, 6]
14:00:22.252878 ACC: [-23, -10, 515]
14:00:22.300637 ALT: 2.0
14:00:22.300767 ATT: [-1.0, 2.5, 6]
14:00:22.300936 ACC: [-22, -9, 514]
14:00:22.348490 ALT: 2.0
14:00:22.348584 ATT: [-1.0, 2.5, 6]
14:00:22.348752 ACC: [-22, -9, 514]
14:00:22.412590 ALT: 2.0
14:00:22.412676 ATT: [-1.0, 2.5, 6]
14:00:22.412820 ACC: [-22, -9, 515]
14:00:22.460590 ALT: 2.0
14:00:22.460676 ATT: [-1.0, 2.5, 6]
14:00:22.460821 ACC: [-22, -9, 515]
14:00:22.508708 ALT: 2.0
14:00:22.508798 ATT: [-1.1, 2.5, 6]
14:00:22.508950 ACC: [-23, -10, 516]
14:00:22.556622 ALT: 2.0
14:00:22.556711 ATT: [-1.0, 2.5, 6]
14:00:22.556863 ACC: [-22, -9, 515]
14:00:22.604629 ALT: 2.0
14:00:22.604742 ATT: [-1.0, 2.5, 6]
14:00:22.604918 ACC: [-22, -8, 513]
14:00:22.652746 ALT: 2.0
14:00:22.652848 ATT: [-1.0, 2.5, 6]
14:00:22.653021 ACC: [-22, -8, 515]
14:00:22.700734 ALT: 2.0
14:00:22.700858 ATT: [-1.0, 2.5, 6]
14:00:22.701038 ACC: [-22, -8, 515]
14:00:22.748752 ALT: 2.0
14:00:22.748847 ATT: [-1.0, 2.5, 6]
14:00:22.749016 ACC: [-23, -9, 513]
14:00:22.796579 ALT: 2.0
14:00:22.796665 ATT: [-1.0, 2.5, 6]
14:00:22.796810 ACC: [-23, -9, 513]
14:00:22.844660 ALT: 2.0
14:00:22.844744 ATT: [-1.0, 2.5, 6]
14:00:22.844890 ACC: [-22, -10, 517]
14:00:22.892655 ALT: 2.0
14:00:22.892740 ATT: [-1.0, 2.5, 6]
14:00:22.892883 ACC: [-22, -10, 518]
14:00:22.941137 ALT: 2.0
14:00:22.941270 ATT: [-1.0, 2.5, 6]
14:00:22.941508 ACC: [-21, -8, 515]
14:00:22.990496 ALT: 2.0
14:00:22.990725 ATT: [-1.0, 2.5, 6]
14:00:22.991124 ACC: [-22, -8, 512]
14:00:23.036716 ALT: 2.0
14:00:23.036818 ATT: [-1.0, 2.5, 6]
14:00:23.036988 ACC: [-22, -9, 513]
14:00:23.084820 ALT: 2.0
14:00:23.084925 ATT: [-1.0, 2.5, 6]
14:00:23.085613 ACC: [-23, -9, 514]
14:00:23.132868 ALT: 2.0
14:00:23.132994 ATT: [-1.0, 2.5, 6]
14:00:23.133191 ACC: [-23, -9, 517]
14:00:23.180626 ALT: 2.0
14:00:23.180710 ATT: [-1.0, 2.5, 6]
14:00:23.180854 ACC: [-23, -9, 515]
14:00:23.228667 ALT: 2.0
14:00:23.228750 ATT: [-1.0, 2.5, 6]
14:00:23.228893 ACC: [-22, -9, 514]
14:00:23.276698 ALT: 2.0
14:00:23.276782 ATT: [-1.0, 2.5, 6]
14:00:23.276970 ACC: [-22, -9, 514]
14:00:23.324832 ALT: 2.0
14:00:23.324977 ATT: [-1.0, 2.5, 6]
14:00:23.325210 ACC: [-22, -9, 514]
14:00:23.372775 ALT: 2.0
14:00:23.372903 ATT: [-1.0, 2.5, 6]
14:00:23.373144 ACC: [-22, -9, 514]
14:00:23.420792 ALT: 2.0
14:00:23.420899 ATT: [-1.0, 2.5, 6]
14:00:23.421071 ACC: [-22, -9, 515]
14:00:23.469251 ALT: 2.0
14:00:23.469348 ATT: [-1.0, 2.5, 7]
14:00:23.469517 ACC: [-23, -8, 515]
14:00:23.516879 ALT: 2.0
14:00:23.516991 ATT: [-1.0, 2.5, 7]
14:00:23.517136 ACC: [-23, -8, 516]
14:00:23.564724 ALT: 2.0
14:00:23.564815 ATT: [-1.0, 2.5, 7]
14:00:23.564978 ACC: [-23, -9, 514]
14:00:23.612755 ALT: 2.0
