Waiting for MSP_API_VERSION reply...
Waiting for MSP_FC_VARIANT reply...
{'apiVersion': '1.44.0', 'flightControllerIdentifier': 'BTFL', 'flightControllerVersion': '4.3.2', 'version': 0, 'buildInfo': 'Apr  7 2023 03:15:27', 'multiType': 0, 'msp_version': 0, 'capability': 0, 'cycleTime': 315, 'i2cError': 0, 'activeSensors': 39, 'mode': 2, 'profile': 0, 'uid': [4653116, 1345409042, 540357454], 'accelerometerTrims': [0, 0], 'name': '', 'displayName': 'BOARD MODULE', 'numProfiles': 3, 'rateProfile': 0, 'boardType': 2, 'armingDisableCount': 26, 'armingDisableFlags': 4, 'armingDisabled': False, 'runawayTakeoffPreventionDisabled': False, 'boardIdentifier': 'SBF4', 'boardVersion': 0, 'commCapabilities': 3, 'targetName': 'SPEEDYBEEF405V3', 'boardName': 'SPEEDYBEEF405V3', 'manufacturerId': '', 'signature': [0, 0, 0, 0, 0, 0, 0, 0, 0, 0, 0, 0, 0, 0, 0, 0, 0, 0, 0, 0, 0, 0, 0, 0, 0, 0, 0, 0, 0, 0, 0, 0], 'cpuload': 40, 'mcuTypeId': 3, 'mspProtocolVersion': 0, 'flightModeFlags': []}
14:53:01.744462 ALT: 0.73
14:53:01.744761 ATT: [2.2, -1.0, 253]
14:53:01.745221 ACC: [9, 20, 517]
Easycap format used: ImageFormat(type=<BufType.VIDEO_CAPTURE: 1>, description='YUYV 4:2:2', flags=<ImageFormatFlag.0: 0>, pixel_format=<PixelFormat.YUYV: 1448695129>)
Easycap format used: ImageFormat(type=<BufType.VIDEO_CAPTURE: 1>, description='Motion-JPEG', flags=<ImageFormatFlag.COMPRESSED: 1>, pixel_format=<PixelFormat.MJPEG: 1196444237>)
14:53:01.794326 ALT: 0.73
14:53:01.794566 ATT: [2.2, -1.0, 253]
14:53:01.794967 ACC: [9, 20, 517]
14:53:01.840381 ALT: 0.73
14:53:01.840504 ATT: [2.2, -1.0, 253]
14:53:01.840686 ACC: [9, 20, 518]
14:53:01.888099 ALT: 0.73
14:53:01.888213 ATT: [2.2, -1.0, 253]
14:53:01.888395 ACC: [9, 20, 518]
14:53:01.936239 ALT: 0.73
14:53:01.936381 ATT: [2.2, -1.0, 253]
14:53:01.936567 ACC: [9, 20, 518]
14:53:01.984792 ALT: 0.73
14:53:01.985324 ATT: [2.2, -1.0, 253]
14:53:01.986011 ACC: [9, 20, 517]
14:53:02.032099 ALT: 0.73
14:53:02.032213 ATT: [2.2, -1.0, 253]
14:53:02.032389 ACC: [9, 20, 518]
14:53:02.080136 ALT: 0.73
14:53:02.080261 ATT: [2.2, -1.0, 253]
14:53:02.080479 ACC: [9, 20, 517]
14:53:02.128069 ALT: 0.73
14:53:02.128174 ATT: [2.2, -1.0, 253]
14:53:02.128338 ACC: [9, 20, 518]
14:53:02.176212 ALT: 0.73
14:53:02.176355 ATT: [2.2, -1.0, 253]
14:53:02.176589 ACC: [9, 20, 517]
Initialize navigation params:
Delay=0.03, Kp=40.0, Ki=0.0, Kd=40.0
Starting Main workflow
crc error: 0x6 0x30 0x80 0x1 0x3e 0xf0 0x81 0xf 0x7c 0x3e 0xc8 0x18 0x16 0xde 0x3 0x1f 0x2b 0xc0 0xc7 0xa 0x56 0xb0 0x82 0x15 0xc0 0x0 0x6 0x30 0x80 0x1 0x3e 0xf0 0x81 0xf 0x7c 0x3e 0xc8 0x18 0x16 0xe0 0x3 0x1f 0x2b 0xc0 0xc7 0xa 0x56 0xb0 0x82 0x15
14:53:02.229673 ALT: 0.73
14:53:02.229973 ATT: [2.2, -1.0, 253]
14:53:02.230369 ACC: [9, 20, 517]
[1500, 1500, 988, 1500, 988, 988, 988, 988, 1001, 1001, 1001, 1001, 1500, 1500, 1500, 1500]
[1500, 1500, 988, 1500, 988, 988, 988, 988, 1001, 1001, 1001, 1001, 1500, 1500, 1500, 1500]
[1500, 1500, 988, 1500, 988, 988, 988, 988, 1001, 1001, 1001, 1001, 1500, 1500, 1500, 1500]
[1500, 1499, 988, 1500, 988, 988, 988, 988, 1001, 1001, 1001, 1001, 1500, 1500, 1500, 1500]
[1500, 1499, 988, 1500, 988, 988, 988, 988, 1001, 1001, 1001, 1001, 1500, 1500, 1500, 1500]
[1500, 1499, 988, 1500, 988, 988, 988, 988, 1001, 1001, 1001, 1001, 1500, 1500, 1500, 1500]
[1500, 1500, 988, 1501, 986, 988, 988, 988, 1001, 1001, 1001, 1001, 1500, 1500, 1500, 1500]
[1500, 1500, 988, 1501, 986, 988, 988, 988, 1001, 1001, 1001, 1001, 1500, 1500, 1500, 1500]
14:53:02.272843 ALT: 0.73
14:53:02.273204 ATT: [2.2, -1.0, 253]
14:53:02.273705 ACC: [9, 20, 517]
[1499, 1500, 988, 1501, 986, 988, 988, 988, 1001, 1001, 1001, 1001, 1500, 1500, 1500, 1500]
[1499, 1500, 988, 1500, 988, 988, 988, 988, 1001, 1001, 1001, 1001, 1500, 1500, 1500, 1500]
[1499, 1500, 988, 1500, 988, 988, 988, 988, 1001, 1001, 1001, 1001, 1500, 1500, 1500, 1500]
[1500, 1500, 988, 1500, 988, 988, 988, 988, 1001, 1001, 1001, 1001, 1500, 1500, 1500, 1500]
[1500, 1500, 988, 1499, 988, 988, 988, 988, 1001, 1001, 1001, 1001, 1500, 1500, 1500, 1500]
[1500, 1500, 988, 1499, 988, 988, 988, 988, 1001, 1001, 1001, 1001, 1500, 1500, 1500, 1500]
[1500, 1500, 988, 1499, 988, 988, 988, 988, 1001, 1001, 1001, 1001, 1500, 1500, 1500, 1500]
14:53:02.320740 ALT: 0.73
14:53:02.320983 ATT: [2.2, -1.0, 253]
14:53:02.322109 ACC: [9, 20, 517]
[1500, 1500, 988, 1500, 988, 988, 988, 988, 1001, 1001, 1001, 1001, 1500, 1500, 1500, 1500]
[1500, 1500, 988, 1500, 988, 988, 988, 988, 1001, 1001, 1001, 1001, 1500, 1500, 1500, 1500]
[1500, 1500, 988, 1500, 988, 988, 988, 988, 1001, 1001, 1001, 1001, 1500, 1500, 1500, 1500]
[1500, 1499, 988, 1500, 988, 988, 988, 988, 1001, 1001, 1001, 1001, 1500, 1500, 1500, 1500]
[1500, 1499, 988, 1500, 988, 988, 988, 988, 1001, 1001, 1001, 1001, 1500, 1500, 1500, 1500]
[1500, 1499, 988, 1500, 988, 988, 988, 988, 1001, 1001, 1001, 1001, 1500, 1500, 1500, 1500]
[1500, 1500, 988, 1500, 988, 988, 988, 988, 1001, 1001, 1001, 1001, 1500, 1500, 1500, 1500]
[1500, 1500, 988, 1500, 988, 988, 988, 988, 1001, 1001, 1001, 1001, 1500, 1500, 1500, 1500]
14:53:02.368124 ALT: 0.73
14:53:02.368245 ATT: [2.2, -1.0, 253]
14:53:02.368715 ACC: [9, 20, 517]
[1499, 1500, 988, 1500, 988, 988, 988, 988, 1001, 1001, 1001, 1001, 1500, 1500, 1500, 1500]
[1499, 1500, 988, 1500, 988, 988, 988, 988, 1001, 1001, 1001, 1001, 1500, 1500, 1500, 1500]
[1499, 1500, 988, 1500, 988, 988, 988, 988, 1001, 1001, 1001, 1001, 1500, 1500, 1500, 1500]
[1500, 1500, 988, 1500, 988, 988, 988, 988, 1001, 1001, 1001, 1001, 1500, 1500, 1500, 1500]
[1500, 1499, 988, 1500, 988, 988, 988, 988, 1001, 1001, 1001, 1001, 1500, 1500, 1500, 1500]
[1500, 1499, 988, 1500, 988, 988, 988, 988, 1001, 1001, 1001, 1001, 1500, 1500, 1500, 1500]
[1500, 1499, 988, 1500, 988, 988, 988, 988, 1001, 1001, 1001, 1001, 1500, 1500, 1500, 1500]
14:53:02.416282 ALT: 0.73
14:53:02.416441 ATT: [2.2, -1.0, 253]
14:53:02.416972 ACC: [9, 20, 517]
[1500, 1500, 988, 1499, 988, 988, 988, 988, 1001, 1001, 1001, 1001, 1500, 1500, 1500, 1500]
[1500, 1500, 988, 1499, 988, 988, 988, 988, 1001, 1001, 1001, 1001, 1500, 1500, 1500, 1500]
[1500, 1500, 988, 1499, 988, 988, 988, 988, 1001, 1001, 1001, 1001, 1500, 1500, 1500, 1500]
[1500, 1499, 988, 1500, 988, 988, 988, 988, 1001, 1001, 1001, 1001, 1500, 1500, 1500, 1500]
[1500, 1499, 988, 1500, 988, 988, 988, 988, 1001, 1001, 1001, 1001, 1500, 1500, 1500, 1500]
[1499, 1500, 988, 1500, 988, 988, 988, 988, 1001, 1001, 1001, 1001, 1500, 1500, 1500, 1500]
[1499, 1500, 988, 1500, 988, 988, 988, 988, 1001, 1001, 1001, 1001, 1500, 1500, 1500, 1500]
14:53:02.464759 ALT: 0.73
14:53:02.464936 ATT: [2.2, -1.0, 253]
14:53:02.465661 ACC: [9, 20, 518]
[1499, 1500, 988, 1500, 988, 988, 988, 988, 1001, 1001, 1001, 1001, 1500, 1500, 1500, 1500]
[1500, 1500, 988, 1500, 988, 988, 988, 988, 1001, 1001, 1001, 1001, 1500, 1500, 1500, 1500]
[1500, 1500, 988, 1500, 988, 988, 988, 988, 1001, 1001, 1001, 1001, 1500, 1500, 1500, 1500]
[1500, 1500, 988, 1500, 988, 988, 988, 988, 1001, 1001, 1001, 1001, 1500, 1500, 1500, 1500]
[1500, 1500, 988, 1500, 988, 988, 988, 988, 1001, 1001, 1001, 1001, 1500, 1500, 1500, 1500]
[1500, 1499, 988, 1500, 988, 988, 988, 988, 1001, 1001, 1001, 1001, 1500, 1500, 1500, 1500]
[1500, 1499, 988, 1500, 988, 988, 988, 988, 1001, 1001, 1001, 1001, 1500, 1500, 1500, 1500]
14:53:02.512142 ALT: 0.73
14:53:02.512265 ATT: [2.2, -1.0, 253]
14:53:02.512615 ACC: [9, 20, 517]
[1500, 1500, 988, 1500, 988, 988, 988, 988, 1001, 1001, 1001, 1001, 1500, 1500, 1500, 1500]
[1500, 1500, 988, 1499, 988, 988, 988, 988, 1001, 1001, 1001, 1001, 1500, 1500, 1500, 1500]
[1500, 1500, 988, 1499, 988, 988, 988, 988, 1001, 1001, 1001, 1001, 1500, 1500, 1500, 1500]
[1499, 1500, 988, 1499, 988, 988, 988, 988, 1001, 1001, 1001, 1001, 1500, 1500, 1500, 1500]
[1499, 1500, 988, 1500, 988, 988, 988, 988, 1001, 1001, 1001, 1001, 1500, 1500, 1500, 1500]
[1499, 1500, 988, 1500, 988, 988, 988, 988, 1001, 1001, 1001, 1001, 1500, 1500, 1500, 1500]
[1500, 1500, 988, 1500, 988, 988, 988, 988, 1001, 1001, 1001, 1001, 1500, 1500, 1500, 1500]
14:53:02.560421 ALT: 0.73
14:53:02.560632 ATT: [2.2, -1.0, 253]
14:53:02.561046 ACC: [9, 20, 518]
[1500, 1500, 989, 1499, 988, 988, 988, 988, 1001, 1001, 1001, 1001, 1500, 1500, 1500, 1500]
[1500, 1500, 989, 1499, 988, 988, 988, 988, 1001, 1001, 1001, 1001, 1500, 1500, 1500, 1500]
[1499, 1500, 989, 1499, 988, 988, 988, 988, 1001, 1001, 1001, 1001, 1500, 1500, 1500, 1500]
[1499, 1500, 988, 1500, 988, 988, 988, 988, 1001, 1001, 1001, 1001, 1500, 1500, 1500, 1500]
[1499, 1500, 988, 1500, 988, 988, 988, 988, 1001, 1001, 1001, 1001, 1500, 1500, 1500, 1500]
[1500, 1500, 988, 1500, 988, 988, 988, 988, 1001, 1001, 1001, 1001, 1500, 1500, 1500, 1500]
[1500, 1499, 988, 1500, 988, 988, 988, 988, 1001, 1001, 1001, 1001, 1500, 1500, 1500, 1500]
[1500, 1499, 988, 1500, 988, 988, 988, 988, 1001, 1001, 1001, 1001, 1500, 1500, 1500, 1500]
14:53:02.609637 ALT: 0.73
14:53:02.609778 ATT: [2.2, -1.0, 253]
14:53:02.610182 ACC: [9, 20, 518]
[1499, 1499, 988, 1500, 988, 988, 988, 988, 1001, 1001, 1001, 1001, 1500, 1500, 1500, 1500]
[1499, 1500, 988, 1500, 988, 988, 988, 988, 1001, 1001, 1001, 1001, 1500, 1500, 1500, 1500]
[1499, 1500, 988, 1500, 988, 988, 988, 988, 1001, 1001, 1001, 1001, 1500, 1500, 1500, 1500]
[1500, 1500, 988, 1500, 988, 988, 988, 988, 1001, 1001, 1001, 1001, 1500, 1500, 1500, 1500]
[1500, 1500, 988, 1499, 988, 988, 988, 988, 1001, 1001, 1001, 1001, 1500, 1500, 1500, 1500]
[1500, 1500, 988, 1499, 988, 988, 988, 988, 1001, 1001, 1001, 1001, 1500, 1500, 1500, 1500]
[1499, 1500, 988, 1499, 988, 988, 988, 988, 1001, 1001, 1001, 1001, 1500, 1500, 1500, 1500]
14:53:02.656397 ALT: 0.73
14:53:02.656709 ATT: [2.2, -1.0, 253]
14:53:02.657520 ACC: [9, 20, 518]
[1499, 1500, 988, 1500, 988, 988, 988, 988, 1001, 1001, 1001, 1001, 1500, 1500, 1500, 1500]
[1499, 1500, 988, 1500, 988, 988, 988, 988, 1001, 1001, 1001, 1001, 1500, 1500, 1500, 1500]
[1499, 1500, 988, 1500, 988, 988, 988, 988, 1001, 1001, 1001, 1001, 1500, 1500, 1500, 1500]
[1499, 1500, 988, 1500, 988, 988, 988, 988, 1001, 1001, 1001, 1001, 1500, 1500, 1500, 1500]
[1499, 1500, 988, 1500, 988, 988, 988, 988, 1001, 1001, 1001, 1001, 1500, 1500, 1500, 1500]
[1500, 1500, 988, 1500, 988, 988, 988, 988, 1001, 1001, 1001, 1001, 1500, 1500, 1500, 1500]
[1500, 1500, 988, 1500, 988, 988, 988, 988, 1001, 1001, 1001, 1001, 1500, 1500, 1500, 1500]
14:53:02.705550 ALT: 0.73
14:53:02.705667 ATT: [2.2, -1.0, 253]
14:53:02.706025 ACC: [9, 21, 517]
[1500, 1500, 988, 1500, 988, 988, 988, 988, 1001, 1001, 1001, 1001, 1500, 1500, 1500, 1500]
[1500, 1500, 988, 1500, 988, 988, 988, 988, 1001, 1001, 1001, 1001, 1500, 1500, 1500, 1500]
[1500, 1500, 988, 1499, 988, 988, 988, 988, 1001, 1001, 1001, 1001, 1500, 1500, 1500, 1500]
[1500, 1500, 988, 1499, 988, 988, 988, 988, 1001, 1001, 1001, 1001, 1500, 1500, 1500, 1500]
[1500, 1500, 988, 1499, 988, 988, 988, 988, 1001, 1001, 1001, 1001, 1500, 1500, 1500, 1500]
[1500, 1500, 988, 1500, 988, 988, 988, 988, 1001, 1001, 1001, 1001, 1500, 1500, 1500, 1500]
[1500, 1500, 988, 1500, 988, 988, 988, 988, 1001, 1001, 1001, 1001, 1500, 1500, 1500, 1500]
14:53:02.753648 ALT: 0.73
14:53:02.753784 ATT: [2.2, -1.0, 253]
14:53:02.754089 ACC: [9, 20, 517]
[1499, 1499, 988, 1500, 988, 988, 988, 988, 1001, 1001, 1001, 1001, 1500, 1500, 1500, 1500]
[1499, 1499, 988, 1500, 988, 988, 988, 989, 1001, 1001, 1001, 1001, 1500, 1500, 1500, 1500]
[1499, 1499, 988, 1500, 988, 988, 988, 989, 1001, 1001, 1001, 1001, 1500, 1500, 1500, 1500]
[1500, 1499, 988, 1500, 988, 988, 988, 989, 1001, 1001, 1001, 1001, 1500, 1500, 1500, 1500]
[1500, 1500, 988, 1499, 988, 988, 988, 988, 1001, 1001, 1001, 1001, 1500, 1500, 1500, 1500]
[1500, 1500, 988, 1499, 988, 988, 988, 988, 1001, 1001, 1001, 1001, 1500, 1500, 1500, 1500]
[1500, 1500, 988, 1499, 988, 988, 988, 988, 1001, 1001, 1001, 1001, 1500, 1500, 1500, 1500]
14:53:02.800207 ALT: 0.73
14:53:02.800399 ATT: [2.2, -1.0, 253]
14:53:02.800898 ACC: [9, 20, 518]
[1500, 1500, 986, 1500, 988, 989, 986, 988, 1001, 1001, 1001, 1001, 1500, 1500, 1500, 1500]
[1500, 1500, 986, 1500, 988, 989, 986, 988, 1001, 1001, 1001, 1001, 1500, 1500, 1500, 1500]
[1500, 1500, 986, 1500, 988, 989, 986, 988, 1001, 1001, 1001, 1001, 1500, 1500, 1500, 1500]
[1500, 1500, 988, 1499, 988, 988, 988, 988, 1001, 1001, 1001, 1001, 1500, 1500, 1500, 1500]
[1500, 1500, 988, 1499, 988, 988, 988, 988, 1001, 1001, 1001, 1001, 1500, 1500, 1500, 1500]
[1500, 1500, 988, 1499, 988, 988, 988, 988, 1001, 1001, 1001, 1001, 1500, 1500, 1500, 1500]
[1500, 1500, 988, 1500, 988, 988, 988, 988, 1001, 1001, 1001, 1001, 1500, 1500, 1500, 1500]
[1500, 1500, 988, 1500, 988, 988, 988, 988, 1001, 1001, 1001, 1001, 1500, 1500, 1500, 1500]
14:53:02.848260 ALT: 0.73
14:53:02.848389 ATT: [2.2, -1.0, 253]
14:53:02.848736 ACC: [9, 20, 518]
[1500, 1500, 988, 1500, 988, 988, 988, 988, 1001, 1001, 1001, 1001, 1500, 1500, 1500, 1500]
[1500, 1500, 988, 1500, 988, 988, 988, 988, 1001, 1001, 1001, 1001, 1500, 1500, 1500, 1500]
[1500, 1500, 988, 1500, 988, 988, 988, 988, 1001, 1001, 1001, 1001, 1500, 1500, 1500, 1500]
[1500, 1500, 988, 1500, 988, 988, 988, 988, 1001, 1001, 1001, 1001, 1500, 1500, 1500, 1500]
[1500, 1500, 988, 1500, 988, 988, 988, 988, 1001, 1001, 1001, 1001, 1500, 1500, 1500, 1500]
[1500, 1500, 988, 1500, 988, 988, 988, 988, 1001, 1001, 1001, 1001, 1500, 1500, 1500, 1500]
[1500, 1499, 988, 1500, 988, 988, 988, 988, 1001, 1001, 1001, 1001, 1500, 1500, 1500, 1500]
14:53:02.896343 ALT: 0.73
14:53:02.896451 ATT: [2.2, -1.0, 253]
14:53:02.896783 ACC: [10, 20, 517]
[1500, 1499, 988, 1500, 988, 986, 988, 988, 1001, 1001, 1001, 1001, 1500, 1500, 1500, 1500]
[1500, 1499, 988, 1500, 988, 986, 988, 988, 1001, 1001, 1001, 1001, 1500, 1500, 1500, 1500]
[1500, 1500, 988, 1500, 988, 986, 988, 988, 1001, 1001, 1001, 1001, 1500, 1500, 1500, 1500]
[1500, 1500, 988, 1500, 988, 988, 988, 988, 1001, 1001, 1001, 1001, 1500, 1500, 1500, 1500]
[1500, 1500, 988, 1500, 988, 988, 988, 988, 1001, 1001, 1001, 1001, 1500, 1500, 1500, 1500]
[1500, 1500, 988, 1500, 988, 988, 988, 988, 1001, 1001, 1001, 1001, 1500, 1500, 1500, 1500]
[1500, 1500, 988, 1500, 988, 988, 988, 988, 1001, 1001, 1001, 1001, 1500, 1500, 1500, 1500]
14:53:02.944263 ALT: 0.73
14:53:02.944394 ATT: [2.2, -1.0, 253]
14:53:02.944753 ACC: [9, 20, 517]
[1500, 1500, 988, 1500, 988, 988, 988, 988, 1001, 1001, 1001, 1001, 1500, 1500, 1500, 1500]
[1500, 1500, 988, 1500, 988, 988, 988, 988, 1001, 1001, 1001, 1001, 1500, 1500, 1500, 1500]
[1500, 1500, 988, 1500, 988, 988, 988, 988, 1001, 1001, 1001, 1001, 1500, 1500, 1500, 1500]
[1500, 1500, 988, 1500, 988, 988, 988, 988, 1001, 1001, 1001, 1001, 1500, 1500, 1500, 1500]
[1499, 1500, 988, 1500, 988, 988, 988, 988, 1001, 1001, 1001, 1001, 1500, 1500, 1500, 1500]
[1499, 1500, 988, 1500, 988, 988, 988, 988, 1001, 1001, 1001, 1001, 1500, 1500, 1500, 1500]
[1499, 1500, 988, 1500, 988, 988, 988, 988, 1001, 1001, 1001, 1001, 1500, 1500, 1500, 1500]
14:53:02.998701 ALT: 0.73
14:53:02.998809 ATT: [2.2, -1.0, 253]
14:53:03.001599 ACC: [9, 20, 517]
[1500, 1500, 988, 1500, 988, 988, 988, 988, 1001, 1001, 1001, 1001, 1500, 1500, 1500, 1500]
[1500, 1500, 988, 1500, 988, 988, 986, 988, 1001, 1001, 1001, 1001, 1500, 1500, 1500, 1500]
[1500, 1500, 988, 1500, 988, 988, 986, 988, 1001, 1001, 1001, 1001, 1500, 1500, 1500, 1500]
[1500, 1500, 988, 1500, 988, 988, 986, 988, 1001, 1001, 1001, 1001, 1500, 1500, 1500, 1500]
[1500, 1500, 988, 1500, 988, 988, 988, 988, 1001, 1001, 1001, 1001, 1500, 1500, 1500, 1500]
[1500, 1500, 988, 1500, 988, 988, 988, 988, 1001, 1001, 1001, 1001, 1500, 1500, 1500, 1500]
[1500, 1500, 988, 1500, 988, 988, 988, 988, 1001, 1001, 1001, 1001, 1500, 1500, 1500, 1500]
[1500, 1500, 988, 1500, 988, 988, 988, 988, 1001, 1001, 1001, 1001, 1500, 1500, 1500, 1500]
[1500, 1500, 988, 1500, 988, 988, 988, 988, 1001, 1001, 1001, 1001, 1500, 1500, 1500, 1500]
[1500, 1500, 988, 1500, 988, 988, 988, 988, 1001, 1001, 1001, 1001, 1500, 1500, 1500, 1500]
[1500, 1500, 988, 1500, 988, 988, 988, 988, 1001, 1001, 1001, 1001, 1500, 1500, 1500, 1500]
[1500, 1500, 988, 1500, 988, 988, 988, 988, 1001, 1001, 1001, 1001, 1500, 1500, 1500, 1500]
[1500, 1500, 988, 1500, 988, 988, 988, 988, 1001, 1001, 1001, 1001, 1500, 1500, 1500, 1500]
14:53:03.081908 ALT: 0.73
14:53:03.082187 ATT: [2.2, -1.0, 253]
14:53:03.083062 ACC: [9, 19, 518]
[1500, 1500, 988, 1500, 988, 988, 988, 988, 1001, 1001, 1001, 1001, 1500, 1500, 1500, 1500]
[1500, 1500, 988, 1500, 988, 988, 988, 988, 1001, 1001, 1001, 1001, 1500, 1500, 1500, 1500]
[1499, 1500, 988, 1500, 988, 988, 988, 988, 1001, 1001, 1001, 1001, 1500, 1500, 1500, 1500]
[1499, 1500, 988, 1500, 988, 988, 988, 988, 1001, 1001, 1001, 1001, 1500, 1500, 1500, 1500]
[1499, 1500, 988, 1500, 988, 988, 988, 988, 1001, 1001, 1001, 1001, 1500, 1500, 1500, 1500]
[1500, 1500, 988, 1500, 988, 988, 988, 988, 1001, 1001, 1001, 1001, 1500, 1500, 1500, 1500]
[1500, 1500, 988, 1500, 988, 988, 988, 988, 1001, 1001, 1001, 1001, 1500, 1500, 1500, 1500]
[1500, 1500, 988, 1500, 988, 988, 988, 988, 1001, 1001, 1001, 1001, 1500, 1500, 1500, 1500]
[1500, 1500, 988, 1500, 988, 988, 988, 988, 1001, 1001, 1001, 1001, 1500, 1500, 1500, 1500]
[1500, 1500, 988, 1500, 988, 988, 988, 988, 1001, 1001, 1001, 1001, 1500, 1500, 1500, 1500]
14:53:03.154670 ALT: 0.73
14:53:03.155004 ATT: [2.2, -1.0, 253]
14:53:03.155378 ACC: [9, 20, 517]
[1500, 1500, 988, 1500, 988, 988, 988, 988, 1001, 1001, 1001, 1001, 1500, 1500, 1500, 1500]
[1500, 1499, 988, 1500, 988, 988, 988, 988, 1001, 1001, 1001, 1001, 1500, 1500, 1500, 1500]
[1500, 1499, 988, 1500, 988, 988, 988, 988, 1001, 1001, 1001, 1001, 1500, 1500, 1500, 1500]
[1500, 1499, 988, 1500, 988, 988, 988, 988, 1001, 1001, 1001, 1001, 1500, 1500, 1500, 1500]
[1500, 1499, 988, 1500, 988, 988, 988, 988, 1001, 1001, 1001, 1001, 1500, 1500, 1500, 1500]
[1500, 1500, 988, 1500, 988, 988, 988, 988, 1001, 1001, 1001, 1001, 1500, 1500, 1500, 1500]
[1500, 1500, 988, 1500, 988, 988, 988, 988, 1001, 1001, 1001, 1001, 1500, 1500, 1500, 1500]
[1499, 1500, 988, 1500, 988, 988, 988, 988, 1001, 1001, 1001, 1001, 1500, 1500, 1500, 1500]
14:53:03.201720 ALT: 0.73
14:53:03.201897 ATT: [2.2, -1.0, 253]
14:53:03.202310 ACC: [9, 20, 517]
[1499, 1500, 988, 1500, 988, 988, 988, 988, 1001, 1001, 1001, 1001, 1500, 1500, 1500, 1500]
[1499, 1500, 988, 1500, 988, 988, 988, 988, 1001, 1001, 1001, 1001, 1500, 1500, 1500, 1500]
[1499, 1500, 988, 1500, 988, 988, 988, 988, 1001, 1001, 1001, 1001, 1500, 1500, 1500, 1500]
[1499, 1500, 988, 1500, 988, 988, 988, 988, 1001, 1001, 1001, 1001, 1500, 1500, 1500, 1500]
[1499, 1500, 988, 1500, 988, 988, 988, 988, 1001, 1001, 1001, 1001, 1500, 1500, 1500, 1500]
[1500, 1500, 988, 1500, 988, 988, 988, 988, 1001, 1001, 1001, 1001, 1500, 1500, 1500, 1500]
[1500, 1500, 988, 1499, 988, 988, 988, 988, 1001, 1001, 1001, 1001, 1500, 1500, 1500, 1500]
[1500, 1500, 988, 1499, 988, 988, 988, 988, 1001, 1001, 1001, 1001, 1500, 1500, 1500, 1500]
14:53:03.251079 ALT: 0.73
14:53:03.251582 ATT: [2.2, -1.0, 253]
14:53:03.253290 ACC: [9, 20, 518]
[1500, 1500, 988, 1499, 988, 988, 988, 988, 1001, 1001, 1001, 1001, 1500, 1500, 1500, 1500]
[1500, 1500, 988, 1500, 986, 988, 988, 988, 1001, 1001, 1001, 1001, 1500, 1500, 1500, 1500]
[1500, 1500, 988, 1500, 986, 988, 988, 988, 1001, 1001, 1001, 1001, 1500, 1500, 1500, 1500]
[1500, 1500, 988, 1500, 986, 988, 988, 988, 1001, 1001, 1001, 1001, 1500, 1500, 1500, 1500]
[1500, 1500, 988, 1500, 988, 988, 988, 988, 1001, 1001, 1001, 1001, 1500, 1500, 1500, 1500]
[1500, 1500, 988, 1500, 988, 988, 988, 988, 1001, 1001, 1001, 1001, 1500, 1500, 1500, 1500]
[1500, 1500, 988, 1500, 988, 988, 988, 988, 1001, 1001, 1001, 1001, 1500, 1500, 1500, 1500]
[1500, 1500, 988, 1500, 988, 988, 988, 988, 1001, 1001, 1001, 1001, 1500, 1500, 1500, 1500]
[1500, 1500, 988, 1500, 988, 988, 988, 988, 1001, 1001, 1001, 1001, 1500, 1500, 1500, 1500]
14:53:03.313282 ALT: 0.73
14:53:03.313418 ATT: [2.2, -1.0, 253]
14:53:03.313764 ACC: [9, 20, 517]
[1500, 1500, 988, 1500, 988, 988, 988, 988, 1001, 1001, 1001, 1001, 1500, 1500, 1500, 1500]
[1500, 1500, 988, 1500, 988, 988, 988, 988, 1001, 1001, 1001, 1001, 1500, 1500, 1500, 1500]
[1500, 1500, 988, 1500, 988, 988, 988, 988, 1001, 1001, 1001, 1001, 1500, 1500, 1500, 1500]
[1500, 1500, 988, 1500, 988, 988, 988, 988, 1001, 1001, 1001, 1001, 1500, 1500, 1500, 1500]
[1500, 1500, 988, 1500, 988, 988, 988, 988, 1001, 1001, 1001, 1001, 1500, 1500, 1500, 1500]
[1500, 1500, 988, 1500, 988, 988, 988, 988, 1001, 1001, 1001, 1001, 1500, 1500, 1500, 1500]
[1500, 1500, 988, 1500, 988, 988, 988, 988, 1001, 1001, 1001, 1001, 1500, 1500, 1500, 1500]
[1500, 1500, 988, 1500, 988, 988, 988, 988, 1001, 1001, 1001, 1001, 1500, 1500, 1500, 1500]
[1500, 1500, 988, 1500, 988, 988, 988, 988, 1001, 1001, 1001, 1001, 1500, 1500, 1500, 1500]
14:53:03.368729 ALT: 0.73
14:53:03.368836 ATT: [2.2, -1.0, 253]
14:53:03.369202 ACC: [9, 20, 517]
[1500, 1500, 988, 1500, 988, 988, 988, 988, 1001, 1001, 1001, 1001, 1500, 1500, 1500, 1500]
[1500, 1500, 988, 1500, 988, 988, 988, 988, 1001, 1001, 1001, 1001, 1500, 1500, 1500, 1500]
[1500, 1500, 988, 1500, 988, 988, 988, 988, 1001, 1001, 1001, 1001, 1500, 1500, 1500, 1500]
[1499, 1500, 988, 1500, 988, 988, 988, 988, 1001, 1001, 1001, 1001, 1500, 1500, 1500, 1500]
14:53:03.409353 ALT: 0.73
14:53:03.409678 ATT: [2.2, -1.0, 253]
14:53:03.411626 ACC: [9, 20, 517]
[1499, 1500, 988, 1500, 988, 988, 988, 988, 1001, 1001, 1001, 1001, 1500, 1500, 1500, 1500]
[1499, 1500, 988, 1500, 988, 988, 988, 988, 1001, 1001, 1001, 1001, 1500, 1500, 1500, 1500]
[1500, 1500, 988, 1500, 988, 988, 988, 988, 1001, 1001, 1001, 1001, 1500, 1500, 1500, 1500]
[1500, 1500, 988, 1500, 988, 988, 988, 988, 1001, 1001, 1001, 1001, 1500, 1500, 1500, 1500]
[1500, 1500, 988, 1500, 988, 988, 988, 988, 1001, 1001, 1001, 1001, 1500, 1500, 1500, 1500]
[1500, 1500, 988, 1500, 988, 988, 988, 988, 1001, 1001, 1001, 1001, 1500, 1500, 1500, 1500]
[1500, 1500, 988, 1500, 988, 988, 988, 988, 1001, 1001, 1001, 1001, 1500, 1500, 1500, 1500]
[1500, 1500, 988, 1500, 988, 988, 988, 988, 1001, 1001, 1001, 1001, 1500, 1500, 1500, 1500]
[1500, 1499, 988, 1500, 988, 988, 988, 988, 1001, 1001, 1001, 1001, 1500, 1500, 1500, 1500]
[1500, 1499, 988, 1500, 988, 988, 988, 988, 1001, 1001, 1001, 1001, 1500, 1500, 1500, 1500]
14:53:03.483740 ALT: 0.73
14:53:03.483925 ATT: [2.2, -1.0, 253]
14:53:03.484370 ACC: [9, 20, 517]
[1500, 1499, 988, 1500, 988, 988, 988, 988, 1001, 1001, 1001, 1001, 1500, 1500, 1500, 1500]
[1500, 1500, 988, 1500, 988, 988, 988, 988, 1001, 1001, 1001, 1001, 1500, 1500, 1500, 1500]
[1500, 1500, 988, 1500, 988, 988, 988, 988, 1001, 1001, 1001, 1001, 1500, 1500, 1500, 1500]
[1500, 1500, 988, 1500, 988, 988, 988, 988, 1001, 1001, 1001, 1001, 1500, 1500, 1500, 1500]
[1500, 1500, 988, 1500, 988, 988, 988, 988, 1001, 1001, 1001, 1001, 1500, 1500, 1500, 1500]
[1500, 1500, 988, 1500, 988, 988, 988, 988, 1001, 1001, 1001, 1001, 1500, 1500, 1500, 1500]
[1500, 1500, 988, 1500, 988, 988, 988, 988, 1001, 1001, 1001, 1001, 1500, 1500, 1500, 1500]
[1499, 1500, 988, 1500, 988, 988, 988, 988, 1001, 1001, 1001, 1001, 1500, 1500, 1500, 1500]
[1499, 1500, 988, 1500, 988, 988, 988, 988, 1001, 1001, 1001, 1001, 1500, 1500, 1500, 1500]
[1499, 1500, 988, 1500, 988, 988, 988, 988, 1001, 1001, 1001, 1001, 1500, 1500, 1500, 1500]
[1500, 1499, 988, 1500, 988, 988, 988, 988, 1001, 1001, 1001, 1001, 1500, 1500, 1500, 1500]
[1500, 1499, 988, 1499, 988, 988, 988, 988, 1001, 1001, 1001, 1001, 1500, 1500, 1500, 1500]
14:53:03.553548 ALT: 0.73
14:53:03.553829 ATT: [2.2, -1.0, 253]
14:53:03.554253 ACC: [9, 20, 517]
[1500, 1499, 988, 1499, 988, 988, 988, 988, 1001, 1001, 1001, 1001, 1500, 1500, 1500, 1500]
[1500, 1500, 988, 1499, 988, 988, 988, 988, 1001, 1001, 1001, 1001, 1500, 1500, 1500, 1500]
[1500, 1500, 988, 1500, 988, 988, 988, 988, 1001, 1001, 1001, 1001, 1500, 1500, 1500, 1500]
[1500, 1500, 988, 1500, 988, 988, 988, 988, 1001, 1001, 1001, 1001, 1500, 1500, 1500, 1500]
[1500, 1500, 988, 1500, 988, 988, 988, 988, 1001, 1001, 1001, 1001, 1500, 1500, 1500, 1500]
[1500, 1500, 988, 1500, 988, 988, 988, 988, 1001, 1001, 1001, 1001, 1500, 1500, 1500, 1500]
[1500, 1500, 988, 1500, 988, 988, 988, 988, 1001, 1001, 1001, 1001, 1500, 1500, 1500, 1500]
[1500, 1499, 988, 1500, 988, 988, 988, 988, 1001, 1001, 1001, 1001, 1500, 1500, 1500, 1500]
14:53:03.600551 ALT: 0.73
14:53:03.600691 ATT: [2.2, -1.0, 253]
14:53:03.601215 ACC: [10, 20, 517]
[1500, 1499, 988, 1500, 988, 988, 988, 988, 1001, 1001, 1001, 1001, 1500, 1500, 1500, 1500]
[1500, 1499, 988, 1500, 988, 988, 988, 988, 1001, 1001, 1001, 1001, 1500, 1500, 1500, 1500]
[1500, 1500, 988, 1500, 988, 988, 988, 988, 1001, 1001, 1001, 1001, 1500, 1500, 1500, 1500]
[1500, 1500, 986, 1500, 988, 988, 988, 988, 1001, 1001, 1001, 1001, 1500, 1500, 1500, 1500]
[1500, 1500, 986, 1500, 988, 988, 988, 988, 1001, 1001, 1001, 1001, 1500, 1500, 1500, 1500]
[1500, 1500, 986, 1500, 988, 988, 988, 988, 1001, 1001, 1001, 1001, 1500, 1500, 1500, 1500]
[1500, 1500, 988, 1500, 988, 988, 988, 988, 1001, 1001, 1001, 1001, 1500, 1500, 1500, 1500]
[1500, 1500, 988, 1500, 988, 988, 988, 988, 1001, 1001, 1001, 1001, 1500, 1500, 1500, 1500]
[1499, 1500, 988, 1500, 988, 988, 988, 988, 1001, 1001, 1001, 1001, 1500, 1500, 1500, 1500]
[1499, 1500, 988, 1500, 988, 988, 988, 988, 1001, 1001, 1001, 1001, 1500, 1500, 1500, 1500]
14:53:03.664372 ALT: 0.73
14:53:03.664506 ATT: [2.2, -1.0, 253]
14:53:03.664942 ACC: [9, 19, 517]
[1499, 1500, 988, 1500, 988, 988, 988, 988, 1001, 1001, 1001, 1001, 1500, 1500, 1500, 1500]
[1500, 1500, 988, 1500, 988, 988, 988, 988, 1001, 1001, 1001, 1001, 1500, 1500, 1500, 1500]
[1500, 1500, 988, 1500, 988, 988, 988, 988, 1001, 1001, 1001, 1001, 1500, 1500, 1500, 1500]
[1500, 1500, 988, 1500, 988, 988, 988, 988, 1001, 1001, 1001, 1001, 1500, 1500, 1500, 1500]
[1500, 1500, 988, 1500, 988, 988, 988, 988, 1001, 1001, 1001, 1001, 1500, 1500, 1500, 1500]
[1500, 1500, 988, 1500, 988, 988, 988, 988, 1001, 1001, 1001, 1001, 1500, 1500, 1500, 1500]
[1500, 1500, 988, 1500, 988, 988, 988, 988, 1001, 1001, 1001, 1001, 1500, 1500, 1500, 1500]
14:53:03.712387 ALT: 0.73
14:53:03.712547 ATT: [2.2, -1.0, 253]
14:53:03.713012 ACC: [9, 20, 518]
[1500, 1500, 988, 1500, 988, 988, 988, 988, 1001, 1001, 1001, 1001, 1500, 1500, 1500, 1500]
[1500, 1500, 988, 1500, 988, 988, 988, 988, 1001, 1001, 1001, 1001, 1500, 1500, 1500, 1500]
[1500, 1500, 988, 1500, 988, 988, 988, 988, 1001, 1001, 1001, 1001, 1500, 1500, 1500, 1500]
[1501, 1497, 988, 1500, 988, 988, 988, 988, 1001, 1001, 1001, 1001, 1500, 1500, 1500, 1500]
[1501, 1497, 988, 1500, 988, 988, 988, 988, 1001, 1001, 1001, 1001, 1500, 1500, 1500, 1500]
[1501, 1497, 988, 1500, 988, 988, 988, 988, 1001, 1001, 1001, 1001, 1500, 1500, 1500, 1500]
14:53:03.761504 ALT: 0.73
14:53:03.761595 ATT: [2.2, -1.0, 253]
14:53:03.761901 ACC: [9, 20, 518]
[1500, 1499, 988, 1500, 988, 988, 988, 988, 1001, 1001, 1001, 1001, 1500, 1500, 1500, 1500]
[1500, 1499, 988, 1500, 988, 988, 988, 988, 1001, 1001, 1001, 1001, 1500, 1500, 1500, 1500]
[1500, 1499, 988, 1500, 988, 988, 988, 988, 1001, 1001, 1001, 1001, 1500, 1500, 1500, 1500]
[1499, 1500, 988, 1500, 988, 988, 988, 988, 1001, 1001, 1001, 1001, 1500, 1500, 1500, 1500]
[1499, 1500, 988, 1500, 988, 988, 988, 988, 1001, 1001, 1001, 1001, 1500, 1500, 1500, 1500]
[1499, 1500, 988, 1500, 988, 988, 988, 988, 1001, 1001, 1001, 1001, 1500, 1500, 1500, 1500]
[1500, 1499, 988, 1500, 988, 988, 988, 988, 1001, 1001, 1001, 1001, 1500, 1500, 1500, 1500]
[1500, 1499, 988, 1501, 986, 988, 988, 988, 1001, 1001, 1001, 1001, 1500, 1500, 1500, 1500]
[1500, 1499, 988, 1501, 986, 988, 988, 988, 1001, 1001, 1001, 1001, 1500, 1500, 1500, 1500]
[1499, 1500, 988, 1501, 986, 988, 988, 988, 1001, 1001, 1001, 1001, 1500, 1500, 1500, 1500]
[1499, 1500, 988, 1500, 988, 988, 988, 988, 1001, 1001, 1001, 1001, 1500, 1500, 1500, 1500]
[1499, 1500, 988, 1500, 988, 988, 988, 988, 1001, 1001, 1001, 1001, 1500, 1500, 1500, 1500]
14:53:03.833513 ALT: 0.73
14:53:03.833622 ATT: [2.2, -1.0, 253]
14:53:03.833950 ACC: [9, 20, 518]
[1499, 1500, 988, 1500, 988, 988, 988, 988, 1001, 1001, 1001, 1001, 1500, 1500, 1500, 1500]
[1499, 1500, 988, 1500, 988, 988, 988, 988, 1001, 1001, 1001, 1001, 1500, 1500, 1500, 1500]
[1499, 1500, 988, 1500, 988, 988, 988, 988, 1001, 1001, 1001, 1001, 1500, 1500, 1500, 1500]
[1499, 1500, 988, 1500, 988, 988, 988, 988, 1001, 1001, 1001, 1001, 1500, 1500, 1500, 1500]
[1499, 1500, 988, 1500, 988, 988, 988, 988, 1001, 1001, 1001, 1001, 1500, 1500, 1500, 1500]
[1499, 1500, 988, 1500, 988, 988, 988, 988, 1001, 1001, 1001, 1001, 1500, 1500, 1500, 1500]
[1499, 1500, 988, 1500, 988, 988, 988, 988, 1001, 1001, 1001, 1001, 1500, 1500, 1500, 1500]
[1499, 1500, 988, 1500, 988, 988, 988, 988, 1001, 1001, 1001, 1001, 1500, 1500, 1500, 1500]
[1499, 1500, 988, 1500, 988, 988, 988, 988, 1001, 1001, 1001, 1001, 1500, 1500, 1500, 1500]
14:53:03.888367 ALT: 0.73
14:53:03.888472 ATT: [2.2, -1.0, 253]
14:53:03.888739 ACC: [9, 20, 517]
[1500, 1499, 988, 1500, 988, 988, 988, 988, 1001, 1001, 1001, 1001, 1500, 1500, 1500, 1500]
[1500, 1499, 988, 1499, 988, 988, 988, 988, 1001, 1001, 1001, 1001, 1500, 1500, 1500, 1500]
[1500, 1499, 988, 1499, 988, 988, 988, 988, 1001, 1001, 1001, 1001, 1500, 1500, 1500, 1500]
[1500, 1499, 988, 1499, 988, 988, 988, 988, 1001, 1001, 1001, 1001, 1500, 1500, 1500, 1500]
14:53:03.936443 ALT: 0.73
14:53:03.936571 ATT: [2.2, -1.0, 253]
14:53:03.937278 ACC: [9, 20, 518]
[1500, 1499, 988, 1500, 988, 988, 988, 988, 1001, 1001, 1001, 1001, 1500, 1500, 1500, 1500]
[1500, 1499, 988, 1500, 988, 988, 988, 988, 1001, 1001, 1001, 1001, 1500, 1500, 1500, 1500]
[1500, 1500, 988, 1500, 988, 988, 988, 988, 1001, 1001, 1001, 1001, 1500, 1500, 1500, 1500]
[1500, 1500, 988, 1500, 988, 988, 988, 988, 1001, 1001, 1001, 1001, 1500, 1500, 1500, 1500]
[1500, 1500, 988, 1500, 988, 988, 988, 988, 1001, 1001, 1001, 1001, 1500, 1500, 1500, 1500]
[1500, 1499, 988, 1500, 988, 988, 988, 988, 1001, 1001, 1001, 1001, 1500, 1500, 1500, 1500]
[1500, 1499, 988, 1500, 988, 988, 988, 988, 1001, 1001, 1001, 1001, 1500, 1500, 1500, 1500]
[1500, 1499, 988, 1500, 988, 988, 988, 988, 1001, 1001, 1001, 1001, 1500, 1500, 1500, 1500]
[1500, 1499, 988, 1500, 988, 988, 988, 988, 1001, 1001, 1001, 1001, 1500, 1500, 1500, 1500]
[1500, 1499, 988, 1500, 988, 988, 988, 988, 1001, 1001, 1001, 1001, 1500, 1500, 1500, 1500]
14:53:03.984492 ALT: 0.73
14:53:03.984638 ATT: [2.2, -1.0, 253]
14:53:03.985003 ACC: [9, 20, 517]
[1500, 1499, 988, 1500, 988, 988, 988, 988, 1001, 1001, 1001, 1001, 1500, 1500, 1500, 1500]
[1500, 1500, 988, 1500, 988, 988, 988, 988, 1001, 1001, 1001, 1001, 1500, 1500, 1500, 1500]
[1500, 1500, 988, 1500, 988, 988, 988, 988, 1001, 1001, 1001, 1001, 1500, 1500, 1500, 1500]
[1500, 1500, 988, 1500, 988, 988, 988, 988, 1001, 1001, 1001, 1001, 1500, 1500, 1500, 1500]
[1500, 1500, 988, 1500, 988, 988, 988, 988, 1001, 1001, 1001, 1001, 1500, 1500, 1500, 1500]
[1500, 1500, 988, 1499, 988, 988, 988, 988, 1001, 1001, 1001, 1001, 1500, 1500, 1500, 1500]
[1500, 1500, 988, 1499, 988, 988, 988, 988, 1001, 1001, 1001, 1001, 1500, 1500, 1500, 1500]
[1500, 1500, 988, 1499, 988, 988, 988, 988, 1001, 1001, 1001, 1001, 1500, 1500, 1500, 1500]
14:53:04.034857 ALT: 0.73
14:53:04.034979 ATT: [2.2, -1.0, 253]
14:53:04.035344 ACC: [9, 20, 517]
[1500, 1500, 988, 1500, 988, 988, 988, 988, 1001, 1001, 1001, 1001, 1500, 1500, 1500, 1500]
[1500, 1500, 988, 1500, 988, 988, 988, 988, 1001, 1001, 1001, 1001, 1500, 1500, 1500, 1500]
[1500, 1500, 988, 1500, 988, 988, 988, 988, 1001, 1001, 1001, 1001, 1500, 1500, 1500, 1500]
[1500, 1500, 988, 1500, 988, 989, 986, 988, 1001, 1001, 1001, 1001, 1500, 1500, 1500, 1500]
[1500, 1500, 988, 1500, 988, 989, 986, 988, 1001, 1001, 1001, 1001, 1500, 1500, 1500, 1500]
[1500, 1500, 988, 1500, 988, 989, 986, 988, 1001, 1001, 1001, 1001, 1500, 1500, 1500, 1500]
14:53:04.080371 ALT: 0.73
14:53:04.080478 ATT: [2.2, -1.0, 253]
14:53:04.080764 ACC: [9, 20, 518]
[1500, 1500, 988, 1500, 988, 988, 988, 988, 1001, 1001, 1001, 1001, 1500, 1500, 1500, 1500]
[1500, 1500, 988, 1500, 988, 988, 988, 988, 1001, 1001, 1001, 1001, 1500, 1500, 1500, 1500]
[1500, 1500, 988, 1500, 988, 988, 988, 988, 1001, 1001, 1001, 1001, 1500, 1500, 1500, 1500]
[1500, 1500, 988, 1501, 985, 988, 988, 988, 1001, 1001, 1001, 1001, 1500, 1500, 1500, 1500]
[1500, 1500, 988, 1501, 985, 988, 988, 988, 1001, 1001, 1001, 1001, 1500, 1500, 1500, 1500]
[1500, 1500, 988, 1501, 985, 988, 988, 988, 1001, 1001, 1001, 1001, 1500, 1500, 1500, 1500]
[1500, 1500, 988, 1500, 988, 988, 988, 988, 1001, 1001, 1001, 1001, 1500, 1500, 1500, 1500]
[1500, 1500, 988, 1500, 988, 988, 988, 988, 1001, 1001, 1001, 1001, 1500, 1500, 1500, 1500]
14:53:04.130763 ALT: 0.73
14:53:04.130882 ATT: [2.2, -1.0, 253]
14:53:04.131244 ACC: [9, 20, 518]
[1497, 1500, 988, 1500, 988, 988, 988, 988, 1001, 1001, 1001, 1001, 1500, 1500, 1500, 1500]
[1497, 1500, 988, 1499, 988, 988, 988, 988, 1001, 1001, 1001, 1001, 1500, 1500, 1500, 1500]
[1497, 1500, 988, 1499, 988, 988, 988, 988, 1001, 1001, 1001, 1001, 1500, 1500, 1500, 1500]
[1500, 1500, 988, 1499, 988, 988, 988, 988, 1001, 1001, 1001, 1001, 1500, 1500, 1500, 1500]
[1500, 1500, 988, 1500, 988, 988, 988, 988, 1001, 1001, 1001, 1001, 1500, 1500, 1500, 1500]
[1500, 1500, 988, 1500, 988, 988, 988, 988, 1001, 1001, 1001, 1001, 1500, 1500, 1500, 1500]
[1500, 1500, 988, 1500, 988, 988, 988, 988, 1001, 1001, 1001, 1001, 1500, 1500, 1500, 1500]
14:53:04.179409 ALT: 0.73
14:53:04.179589 ATT: [2.2, -1.0, 253]
14:53:04.180089 ACC: [9, 20, 518]
[1500, 1500, 988, 1500, 988, 988, 988, 988, 1001, 1001, 1001, 1001, 1500, 1500, 1500, 1500]
[1500, 1500, 988, 1500, 988, 988, 988, 988, 1001, 1001, 1001, 1001, 1500, 1500, 1500, 1500]
[1500, 1500, 988, 1500, 988, 988, 988, 988, 1001, 1001, 1001, 1001, 1500, 1500, 1500, 1500]
[1500, 1500, 988, 1500, 989, 986, 988, 988, 1001, 1001, 1001, 1001, 1500, 1500, 1500, 1500]
[1500, 1500, 988, 1500, 989, 986, 988, 988, 1001, 1001, 1001, 1001, 1500, 1500, 1500, 1500]
[1500, 1500, 988, 1500, 989, 986, 988, 988, 1001, 1001, 1001, 1001, 1500, 1500, 1500, 1500]
[1500, 1500, 988, 1500, 988, 988, 988, 988, 1001, 1001, 1001, 1001, 1500, 1500, 1500, 1500]
[1500, 1500, 988, 1500, 988, 988, 988, 988, 1001, 1001, 1001, 1001, 1500, 1500, 1500, 1500]
14:53:04.229414 ALT: 0.73
14:53:04.229543 ATT: [2.2, -1.0, 253]
14:53:04.229934 ACC: [9, 20, 518]
[1500, 1500, 988, 1500, 988, 988, 988, 988, 1001, 1001, 1001, 1001, 1500, 1500, 1500, 1500]
[1500, 1500, 988, 1500, 988, 988, 988, 988, 1001, 1001, 1001, 1001, 1500, 1500, 1500, 1500]
[1500, 1500, 988, 1500, 988, 988, 988, 988, 1001, 1001, 1001, 1001, 1500, 1500, 1500, 1500]
[1500, 1500, 988, 1500, 988, 988, 988, 988, 1001, 1001, 1001, 1001, 1500, 1500, 1500, 1500]
[1500, 1500, 988, 1500, 989, 986, 988, 988, 1001, 1001, 1001, 1001, 1500, 1500, 1500, 1500]
14:53:04.276869 ALT: 0.73
14:53:04.277028 ATT: [2.2, -1.0, 253]
14:53:04.285629 ACC: [9, 20, 517]
[1500, 1500, 988, 1500, 989, 986, 988, 988, 1001, 1001, 1001, 1001, 1500, 1500, 1500, 1500]
[1500, 1500, 988, 1500, 989, 986, 988, 988, 1001, 1001, 1001, 1001, 1500, 1500, 1500, 1500]
[1500, 1500, 988, 1500, 988, 988, 988, 988, 1001, 1001, 1001, 1001, 1500, 1500, 1500, 1500]
[1500, 1500, 988, 1500, 988, 988, 988, 988, 1001, 1001, 1001, 1001, 1500, 1500, 1500, 1500]
[1500, 1500, 988, 1500, 988, 988, 988, 988, 1001, 1001, 1001, 1001, 1500, 1500, 1500, 1500]
[1500, 1500, 988, 1500, 988, 988, 988, 988, 1001, 1001, 1001, 1001, 1500, 1500, 1500, 1500]
[1500, 1500, 988, 1500, 988, 988, 988, 988, 1001, 1001, 1001, 1001, 1500, 1500, 1500, 1500]
[1500, 1500, 988, 1500, 988, 988, 988, 988, 1001, 1001, 1001, 1001, 1500, 1500, 1500, 1500]
[1500, 1500, 988, 1500, 988, 988, 988, 988, 1001, 1001, 1001, 1001, 1500, 1500, 1500, 1500]
[1500, 1500, 988, 1500, 988, 988, 988, 988, 1001, 1001, 1001, 1001, 1500, 1500, 1500, 1500]
[1500, 1499, 988, 1500, 988, 988, 988, 988, 1001, 1001, 1001, 1001, 1500, 1500, 1500, 1500]
14:53:04.340667 ALT: 0.73
14:53:04.340823 ATT: [2.2, -1.0, 253]
14:53:04.343013 ACC: [9, 20, 518]
[1500, 1499, 988, 1500, 988, 988, 988, 988, 1001, 1001, 1001, 1001, 1500, 1500, 1500, 1500]
[1500, 1499, 988, 1500, 988, 988, 988, 988, 1001, 1001, 1001, 1001, 1500, 1500, 1500, 1500]
[1500, 1500, 988, 1500, 988, 988, 988, 988, 1001, 1001, 1001, 1001, 1500, 1500, 1500, 1500]
[1500, 1500, 988, 1500, 988, 988, 988, 988, 1001, 1001, 1001, 1001, 1500, 1500, 1500, 1500]
[1500, 1500, 988, 1500, 988, 988, 988, 988, 1001, 1001, 1001, 1001, 1500, 1500, 1500, 1500]
[1500, 1499, 988, 1500, 988, 988, 988, 988, 1001, 1001, 1001, 1001, 1500, 1500, 1500, 1500]
[1500, 1499, 988, 1500, 988, 988, 988, 988, 1001, 1001, 1001, 1001, 1500, 1500, 1500, 1500]
14:53:04.385242 ALT: 0.73
14:53:04.385435 ATT: [2.2, -1.0, 253]
14:53:04.386279 ACC: [9, 19, 518]
[1500, 1499, 988, 1500, 988, 988, 988, 988, 1001, 1001, 1001, 1001, 1500, 1500, 1500, 1500]
[1497, 1500, 988, 1500, 988, 988, 988, 988, 1001, 1001, 1001, 1001, 1500, 1500, 1500, 1500]
[1497, 1500, 988, 1500, 988, 988, 988, 988, 1001, 1001, 1001, 1001, 1500, 1500, 1500, 1500]
[1497, 1500, 988, 1500, 988, 988, 988, 988, 1001, 1001, 1001, 1001, 1500, 1500, 1500, 1500]
[1500, 1500, 988, 1500, 988, 988, 988, 988, 1001, 1001, 1001, 1001, 1500, 1500, 1500, 1500]
[1500, 1500, 988, 1500, 988, 988, 988, 988, 1001, 1001, 1001, 1001, 1500, 1500, 1500, 1500]
[1500, 1500, 988, 1500, 988, 988, 988, 988, 1001, 1001, 1001, 1001, 1500, 1500, 1500, 1500]
[1500, 1500, 988, 1500, 988, 988, 988, 988, 1001, 1001, 1001, 1001, 1500, 1500, 1500, 1500]
[1500, 1500, 988, 1500, 988, 988, 988, 988, 1001, 1001, 1001, 1001, 1500, 1500, 1500, 1500]
[1500, 1500, 988, 1500, 988, 988, 988, 988, 1001, 1001, 1001, 1001, 1500, 1500, 1500, 1500]
[1500, 1500, 988, 1500, 988, 988, 988, 988, 1001, 1001, 1001, 1001, 1500, 1500, 1500, 1500]
14:53:04.469650 ALT: 0.73
14:53:04.469762 ATT: [2.2, -1.0, 253]
14:53:04.470049 ACC: [9, 20, 518]
[1500, 1500, 988, 1500, 988, 988, 988, 988, 1001, 1001, 1001, 1001, 1500, 1500, 1500, 1500]
[1500, 1500, 988, 1500, 988, 988, 988, 988, 1001, 1001, 1001, 1001, 1500, 1500, 1500, 1500]
[1500, 1500, 988, 1500, 988, 988, 988, 988, 1001, 1001, 1001, 1001, 1500, 1500, 1500, 1500]
[1500, 1500, 988, 1500, 988, 988, 988, 988, 1001, 1001, 1001, 1001, 1500, 1500, 1500, 1500]
[1500, 1500, 988, 1500, 988, 988, 988, 988, 1001, 1001, 1001, 1001, 1500, 1500, 1500, 1500]
[1499, 1500, 988, 1500, 988, 988, 988, 988, 1001, 1001, 1001, 1001, 1500, 1500, 1500, 1500]
[1499, 1500, 988, 1500, 988, 988, 988, 988, 1001, 1001, 1001, 1001, 1500, 1500, 1500, 1500]
[1499, 1500, 988, 1500, 988, 988, 988, 988, 1001, 1001, 1001, 1001, 1500, 1500, 1500, 1500]
14:53:04.525739 ALT: 0.73
14:53:04.525902 ATT: [2.2, -1.0, 253]
14:53:04.526263 ACC: [9, 20, 517]
[1500, 1500, 988, 1500, 988, 988, 988, 988, 1001, 1001, 1001, 1001, 1500, 1500, 1500, 1500]
[1500, 1500, 988, 1500, 988, 988, 989, 986, 1001, 1001, 1001, 1001, 1500, 1500, 1500, 1500]
[1500, 1500, 988, 1500, 988, 988, 989, 986, 1001, 1001, 1001, 1001, 1500, 1500, 1500, 1500]
[1500, 1500, 988, 1500, 988, 988, 989, 986, 1001, 1001, 1001, 1001, 1500, 1500, 1500, 1500]
[1500, 1500, 988, 1500, 988, 988, 988, 988, 1001, 1001, 1001, 1001, 1500, 1500, 1500, 1500]
[1500, 1500, 988, 1500, 988, 988, 988, 988, 1001, 1001, 1001, 1001, 1500, 1500, 1500, 1500]
[1500, 1499, 988, 1500, 988, 988, 988, 988, 1001, 1001, 1001, 1001, 1500, 1500, 1500, 1500]
[1500, 1499, 988, 1500, 988, 988, 988, 988, 1001, 1001, 1001, 1001, 1500, 1500, 1500, 1500]
[1500, 1499, 988, 1500, 988, 988, 988, 988, 1001, 1001, 1001, 1001, 1500, 1500, 1500, 1500]
[1500, 1500, 988, 1500, 988, 988, 988, 988, 1001, 1001, 1001, 1001, 1500, 1500, 1500, 1500]
[1500, 1500, 988, 1500, 988, 988, 988, 988, 1001, 1001, 1001, 1001, 1500, 1500, 1500, 1500]
14:53:04.592691 ALT: 0.73
14:53:04.593946 ATT: [2.2, -1.0, 253]
14:53:04.594361 ACC: [9, 20, 518]
[1500, 1500, 988, 1500, 988, 988, 988, 988, 1001, 1001, 1001, 1001, 1500, 1500, 1500, 1500]
[1499, 1500, 988, 1500, 988, 988, 988, 988, 1001, 1001, 1001, 1001, 1500, 1500, 1500, 1500]
[1499, 1500, 988, 1500, 988, 988, 988, 988, 1001, 1001, 1001, 1001, 1500, 1500, 1500, 1500]
[1499, 1500, 988, 1500, 988, 988, 988, 988, 1001, 1001, 1001, 1001, 1500, 1500, 1500, 1500]
[1500, 1500, 988, 1500, 988, 988, 988, 988, 1001, 1001, 1001, 1001, 1500, 1500, 1500, 1500]
14:53:04.642303 ALT: 0.73
14:53:04.642726 ATT: [2.2, -1.0, 253]
14:53:04.643753 ACC: [9, 20, 517]
[1500, 1500, 988, 1500, 988, 988, 988, 988, 1001, 1001, 1001, 1001, 1500, 1500, 1500, 1500]
[1500, 1500, 988, 1500, 988, 988, 988, 988, 1001, 1001, 1001, 1001, 1500, 1500, 1500, 1500]
[1500, 1500, 988, 1500, 988, 988, 988, 988, 1001, 1001, 1001, 1001, 1500, 1500, 1500, 1500]
[1500, 1500, 988, 1500, 988, 988, 988, 988, 1001, 1001, 1001, 1001, 1500, 1500, 1500, 1500]
[1500, 1500, 988, 1500, 988, 988, 988, 988, 1001, 1001, 1001, 1001, 1500, 1500, 1500, 1500]
[1500, 1500, 988, 1500, 988, 988, 988, 988, 1001, 1001, 1001, 1001, 1500, 1500, 1500, 1500]
[1500, 1500, 988, 1501, 986, 988, 988, 988, 1001, 1001, 1001, 1001, 1500, 1500, 1500, 1500]
[1500, 1500, 988, 1501, 986, 988, 988, 988, 1001, 1001, 1001, 1001, 1500, 1500, 1500, 1500]
14:53:04.692232 ALT: 0.73
14:53:04.692599 ATT: [2.2, -1.0, 253]
14:53:04.694225 ACC: [9, 20, 517]
[1500, 1499, 988, 1501, 986, 988, 988, 988, 1001, 1001, 1001, 1001, 1500, 1500, 1500, 1500]
[1500, 1499, 988, 1500, 988, 988, 988, 988, 1001, 1001, 1001, 1001, 1500, 1500, 1500, 1500]
[1500, 1499, 988, 1500, 988, 988, 988, 988, 1001, 1001, 1001, 1001, 1500, 1500, 1500, 1500]
[1499, 1500, 988, 1500, 988, 988, 988, 988, 1001, 1001, 1001, 1001, 1500, 1500, 1500, 1500]
[1499, 1500, 988, 1500, 988, 988, 988, 988, 1001, 1001, 1001, 1001, 1500, 1500, 1500, 1500]
[1499, 1500, 988, 1500, 988, 988, 988, 988, 1001, 1001, 1001, 1001, 1500, 1500, 1500, 1500]
[1500, 1499, 988, 1500, 988, 988, 988, 988, 1001, 1001, 1001, 1001, 1500, 1500, 1500, 1500]
[1500, 1499, 988, 1500, 988, 988, 988, 988, 1001, 1001, 1001, 1001, 1500, 1500, 1500, 1500]
14:53:04.738413 ALT: 0.73
14:53:04.738755 ATT: [2.2, -1.0, 253]
14:53:04.739615 ACC: [10, 20, 518]
[1500, 1499, 988, 1500, 988, 988, 988, 988, 1001, 1001, 1001, 1001, 1500, 1500, 1500, 1500]
[1500, 1500, 988, 1500, 988, 988, 988, 988, 1001, 1001, 1001, 1001, 1500, 1500, 1500, 1500]
[1500, 1500, 989, 1499, 988, 988, 988, 988, 1001, 1001, 1001, 1001, 1500, 1500, 1500, 1500]
[1500, 1500, 989, 1499, 988, 988, 988, 988, 1001, 1001, 1001, 1001, 1500, 1500, 1500, 1500]
[1500, 1500, 989, 1499, 988, 988, 988, 988, 1001, 1001, 1001, 1001, 1500, 1500, 1500, 1500]
[1500, 1500, 988, 1500, 988, 988, 988, 988, 1001, 1001, 1001, 1001, 1500, 1500, 1500, 1500]
[1500, 1500, 988, 1500, 988, 988, 988, 988, 1001, 1001, 1001, 1001, 1500, 1500, 1500, 1500]
[1500, 1499, 988, 1500, 988, 988, 988, 988, 1001, 1001, 1001, 1001, 1500, 1500, 1500, 1500]
[1500, 1499, 988, 1500, 988, 988, 988, 988, 1001, 1001, 1001, 1001, 1500, 1500, 1500, 1500]
[1500, 1499, 988, 1500, 988, 988, 988, 988, 1001, 1001, 1001, 1001, 1500, 1500, 1500, 1500]
14:53:04.789574 ALT: 0.73
14:53:04.789695 ATT: [2.2, -1.0, 253]
14:53:04.790183 ACC: [9, 20, 518]
[1500, 1499, 988, 1500, 988, 988, 988, 988, 1001, 1001, 1001, 1001, 1500, 1500, 1500, 1500]
[1500, 1499, 988, 1500, 988, 988, 988, 988, 1001, 1001, 1001, 1001, 1500, 1500, 1500, 1500]
[1500, 1499, 988, 1500, 988, 988, 988, 988, 1001, 1001, 1001, 1001, 1500, 1500, 1500, 1500]
[1500, 1499, 988, 1500, 988, 988, 988, 988, 1001, 1001, 1001, 1001, 1500, 1500, 1500, 1500]
[1500, 1499, 988, 1500, 988, 988, 988, 988, 1001, 1001, 1001, 1001, 1500, 1500, 1500, 1500]
[1500, 1499, 988, 1500, 988, 988, 988, 988, 1001, 1001, 1001, 1001, 1500, 1500, 1500, 1500]
14:53:04.832553 ALT: 0.73
14:53:04.832756 ATT: [2.2, -1.0, 253]
14:53:04.833290 ACC: [9, 20, 517]
[1500, 1500, 988, 1500, 988, 988, 988, 988, 1001, 1001, 1001, 1001, 1500, 1500, 1500, 1500]
[1500, 1500, 988, 1500, 988, 988, 988, 988, 1001, 1001, 1001, 1001, 1500, 1500, 1500, 1500]
[1500, 1500, 988, 1500, 988, 988, 988, 988, 1001, 1001, 1001, 1001, 1500, 1500, 1500, 1500]
[1500, 1499, 988, 1500, 988, 988, 988, 988, 1001, 1001, 1001, 1001, 1500, 1500, 1500, 1500]
[1500, 1499, 988, 1500, 988, 989, 986, 988, 1001, 1001, 1001, 1001, 1500, 1500, 1500, 1500]
[1500, 1499, 988, 1500, 988, 989, 986, 988, 1001, 1001, 1001, 1001, 1500, 1500, 1500, 1500]
[1500, 1500, 988, 1500, 988, 989, 986, 988, 1001, 1001, 1001, 1001, 1500, 1500, 1500, 1500]
14:53:04.880486 ALT: 0.73
14:53:04.880618 ATT: [2.2, -1.0, 253]
14:53:04.880977 ACC: [9, 20, 518]
[1500, 1500, 988, 1500, 988, 988, 988, 988, 1001, 1001, 1001, 1001, 1500, 1500, 1500, 1500]
[1500, 1500, 988, 1500, 988, 988, 988, 988, 1001, 1001, 1001, 1001, 1500, 1500, 1500, 1500]
[1500, 1500, 988, 1500, 988, 988, 988, 988, 1001, 1001, 1001, 1001, 1500, 1500, 1500, 1500]
[1500, 1500, 988, 1500, 988, 988, 988, 988, 1001, 1001, 1001, 1001, 1500, 1500, 1500, 1500]
[1500, 1500, 988, 1500, 988, 988, 988, 988, 1001, 1001, 1001, 1001, 1500, 1500, 1500, 1500]
[1500, 1500, 988, 1500, 988, 988, 988, 988, 1001, 1001, 1001, 1001, 1500, 1500, 1500, 1500]
14:53:04.938569 ALT: 0.73
14:53:04.938693 ATT: [2.2, -1.0, 253]
14:53:04.939006 ACC: [9, 20, 518]
[1500, 1500, 988, 1500, 988, 988, 988, 988, 1001, 1001, 1001, 1001, 1500, 1500, 1500, 1500]
[1500, 1500, 988, 1500, 988, 988, 988, 988, 1001, 1001, 1001, 1001, 1500, 1500, 1500, 1500]
[1500, 1500, 988, 1500, 988, 988, 988, 988, 1001, 1001, 1001, 1001, 1500, 1500, 1500, 1500]
[1500, 1500, 988, 1499, 988, 988, 988, 988, 1001, 1001, 1001, 1001, 1500, 1500, 1500, 1500]
[1500, 1500, 988, 1499, 988, 988, 988, 988, 1001, 1001, 1001, 1001, 1500, 1500, 1500, 1500]
[1499, 1500, 988, 1499, 988, 988, 988, 988, 1001, 1001, 1001, 1001, 1500, 1500, 1500, 1500]
[1499, 1500, 988, 1500, 988, 988, 988, 988, 1001, 1001, 1001, 1001, 1500, 1500, 1500, 1500]
[1499, 1500, 988, 1500, 988, 988, 988, 988, 1001, 1001, 1001, 1001, 1500, 1500, 1500, 1500]
[1500, 1499, 988, 1500, 988, 988, 988, 988, 1001, 1001, 1001, 1001, 1500, 1500, 1500, 1500]
[1500, 1499, 988, 1500, 988, 988, 988, 988, 1001, 1001, 1001, 1001, 1500, 1500, 1500, 1500]
[1500, 1499, 988, 1500, 988, 988, 988, 988, 1001, 1001, 1001, 1001, 1500, 1500, 1500, 1500]
14:53:04.993799 ALT: 0.73
14:53:04.993903 ATT: [2.2, -1.0, 253]
14:53:04.994260 ACC: [9, 20, 517]
[1497, 1499, 988, 1500, 988, 988, 988, 988, 1001, 1001, 1001, 1001, 1500, 1500, 1500, 1500]
[1497, 1499, 988, 1500, 988, 988, 988, 988, 1001, 1001, 1001, 1001, 1500, 1500, 1500, 1500]
[1497, 1499, 988, 1500, 988, 988, 988, 988, 1001, 1001, 1001, 1001, 1500, 1500, 1500, 1500]
[1500, 1500, 988, 1500, 988, 988, 988, 988, 1001, 1001, 1001, 1001, 1500, 1500, 1500, 1500]
[1500, 1500, 988, 1500, 988, 988, 988, 988, 1001, 1001, 1001, 1001, 1500, 1500, 1500, 1500]
[1500, 1500, 988, 1500, 988, 988, 988, 988, 1001, 1001, 1001, 1001, 1500, 1500, 1500, 1500]
[1499, 1500, 988, 1500, 988, 988, 988, 988, 1001, 1001, 1001, 1001, 1500, 1500, 1500, 1500]
[1499, 1500, 988, 1500, 988, 988, 988, 988, 1001, 1001, 1001, 1001, 1500, 1500, 1500, 1500]
14:53:05.049745 ALT: 0.73
14:53:05.049880 ATT: [2.2, -1.0, 253]
14:53:05.050870 ACC: [9, 20, 517]
[1499, 1500, 988, 1500, 988, 988, 988, 988, 1001, 1001, 1001, 1001, 1500, 1500, 1500, 1500]
[1500, 1500, 988, 1500, 988, 988, 988, 988, 1001, 1001, 1001, 1001, 1500, 1500, 1500, 1500]
[1500, 1500, 988, 1500, 988, 988, 988, 988, 1001, 1001, 1001, 1001, 1500, 1500, 1500, 1500]
[1500, 1500, 988, 1500, 988, 988, 988, 988, 1001, 1001, 1001, 1001, 1500, 1500, 1500, 1500]
[1500, 1500, 988, 1500, 988, 988, 988, 988, 1001, 1001, 1001, 1001, 1500, 1500, 1500, 1500]
[1500, 1500, 988, 1499, 988, 988, 988, 988, 1001, 1001, 1001, 1001, 1500, 1500, 1500, 1500]
[1500, 1500, 988, 1499, 988, 988, 988, 988, 1001, 1001, 1001, 1001, 1500, 1500, 1500, 1500]
[1500, 1499, 988, 1499, 988, 988, 988, 988, 1001, 1001, 1001, 1001, 1500, 1500, 1500, 1500]
[1500, 1499, 988, 1500, 988, 988, 988, 988, 1001, 1001, 1001, 1001, 1500, 1500, 1500, 1500]
14:53:05.105111 ALT: 0.73
14:53:05.105254 ATT: [2.2, -1.0, 253]
14:53:05.105707 ACC: [9, 20, 518]
[1500, 1499, 988, 1500, 988, 988, 988, 988, 1001, 1001, 1001, 1001, 1500, 1500, 1500, 1500]
[1500, 1500, 988, 1500, 988, 988, 988, 988, 1001, 1001, 1001, 1001, 1500, 1500, 1500, 1500]
[1500, 1500, 988, 1500, 988, 988, 988, 988, 1001, 1001, 1001, 1001, 1500, 1500, 1500, 1500]
[1500, 1500, 988, 1500, 988, 988, 988, 988, 1001, 1001, 1001, 1001, 1500, 1500, 1500, 1500]
[1500, 1500, 988, 1500, 988, 988, 988, 988, 1001, 1001, 1001, 1001, 1500, 1500, 1500, 1500]
[1500, 1500, 988, 1500, 988, 988, 988, 988, 1001, 1001, 1001, 1001, 1500, 1500, 1500, 1500]
[1500, 1500, 988, 1500, 988, 988, 988, 988, 1001, 1001, 1001, 1001, 1500, 1500, 1500, 1500]
[1499, 1500, 988, 1500, 988, 988, 988, 988, 1001, 1001, 1001, 1001, 1500, 1500, 1500, 1500]
[1499, 1500, 988, 1500, 988, 988, 988, 986, 1001, 1001, 1001, 1001, 1500, 1500, 1500, 1500]
14:53:05.166096 ALT: 0.73
14:53:05.166231 ATT: [2.2, -1.0, 253]
14:53:05.166695 ACC: [9, 20, 518]
[1499, 1500, 988, 1500, 988, 988, 988, 986, 1001, 1001, 1001, 1001, 1500, 1500, 1500, 1500]
[1499, 1500, 988, 1500, 988, 988, 988, 986, 1001, 1001, 1001, 1001, 1500, 1500, 1500, 1500]
[1499, 1500, 988, 1499, 988, 988, 988, 988, 1001, 1001, 1001, 1001, 1500, 1500, 1500, 1500]
[1499, 1500, 988, 1499, 988, 988, 988, 988, 1001, 1001, 1001, 1001, 1500, 1500, 1500, 1500]
[1499, 1500, 988, 1499, 988, 988, 988, 988, 1001, 1001, 1001, 1001, 1500, 1500, 1500, 1500]
[1499, 1500, 988, 1500, 988, 988, 988, 988, 1001, 1001, 1001, 1001, 1500, 1500, 1500, 1500]
[1499, 1500, 988, 1500, 988, 988, 988, 988, 1001, 1001, 1001, 1001, 1500, 1500, 1500, 1500]
[1500, 1500, 988, 1500, 988, 988, 988, 988, 1001, 1001, 1001, 1001, 1500, 1500, 1500, 1500]
[1500, 1500, 988, 1500, 988, 988, 988, 988, 1001, 1001, 1001, 1001, 1500, 1500, 1500, 1500]
[1500, 1500, 988, 1500, 988, 988, 988, 988, 1001, 1001, 1001, 1001, 1500, 1500, 1500, 1500]
14:53:05.232528 ALT: 0.73
14:53:05.232636 ATT: [2.2, -1.0, 253]
14:53:05.233039 ACC: [9, 20, 517]
[1500, 1500, 988, 1500, 988, 988, 988, 988, 1001, 1001, 1001, 1001, 1500, 1500, 1500, 1500]
[1500, 1500, 988, 1500, 986, 988, 988, 988, 1001, 1001, 1001, 1001, 1500, 1500, 1500, 1500]
[1500, 1500, 988, 1500, 986, 988, 988, 988, 1001, 1001, 1001, 1001, 1500, 1500, 1500, 1500]
[1500, 1499, 988, 1500, 986, 988, 988, 988, 1001, 1001, 1001, 1001, 1500, 1500, 1500, 1500]
[1500, 1499, 988, 1500, 988, 988, 988, 988, 1001, 1001, 1001, 1001, 1500, 1500, 1500, 1500]
[1500, 1499, 988, 1500, 988, 988, 988, 988, 1001, 1001, 1001, 1001, 1500, 1500, 1500, 1500]
[1500, 1499, 988, 1500, 988, 988, 988, 988, 1001, 1001, 1001, 1001, 1500, 1500, 1500, 1500]
14:53:05.280751 ALT: 0.73
14:53:05.280915 ATT: [2.2, -1.0, 253]
14:53:05.281454 ACC: [9, 20, 517]
[1500, 1499, 988, 1500, 988, 988, 988, 988, 1001, 1001, 1001, 1001, 1500, 1500, 1500, 1500]
[1500, 1499, 988, 1500, 988, 988, 988, 988, 1001, 1001, 1001, 1001, 1500, 1500, 1500, 1500]
[1500, 1499, 988, 1500, 988, 988, 988, 988, 1001, 1001, 1001, 1001, 1500, 1500, 1500, 1500]
[1500, 1499, 988, 1500, 988, 988, 988, 988, 1001, 1001, 1001, 1001, 1500, 1500, 1500, 1500]
[1500, 1499, 988, 1500, 988, 988, 988, 988, 1001, 1001, 1001, 1001, 1500, 1500, 1500, 1500]
[1500, 1499, 988, 1500, 988, 988, 988, 988, 1001, 1001, 1001, 1001, 1500, 1500, 1500, 1500]
[1500, 1499, 988, 1500, 988, 988, 988, 988, 1001, 1001, 1001, 1001, 1500, 1500, 1500, 1500]
14:53:05.328856 ALT: 0.73
14:53:05.328976 ATT: [2.2, -1.0, 253]
14:53:05.329553 ACC: [9, 20, 518]
[1500, 1499, 988, 1500, 988, 988, 988, 988, 1001, 1001, 1001, 1001, 1500, 1500, 1500, 1500]
[1500, 1500, 988, 1500, 988, 988, 988, 988, 1001, 1001, 1001, 1001, 1500, 1500, 1500, 1500]
[1500, 1500, 986, 1500, 988, 988, 988, 988, 1001, 1001, 1001, 1001, 1500, 1500, 1500, 1500]
[1500, 1500, 986, 1500, 988, 988, 988, 988, 1001, 1001, 1001, 1001, 1500, 1500, 1500, 1500]
[1500, 1500, 986, 1500, 988, 988, 988, 988, 1001, 1001, 1001, 1001, 1500, 1500, 1500, 1500]
[1500, 1500, 988, 1500, 988, 988, 988, 986, 1001, 1001, 1001, 1001, 1500, 1500, 1500, 1500]
[1500, 1500, 988, 1500, 988, 988, 988, 986, 1001, 1001, 1001, 1001, 1500, 1500, 1500, 1500]
[1500, 1500, 988, 1500, 988, 988, 988, 986, 1001, 1001, 1001, 1001, 1500, 1500, 1500, 1500]
[1500, 1500, 988, 1499, 988, 988, 988, 988, 1001, 1001, 1001, 1001, 1500, 1500, 1500, 1500]
[1500, 1500, 988, 1499, 988, 988, 988, 988, 1001, 1001, 1001, 1001, 1500, 1500, 1500, 1500]
14:53:05.392844 ALT: 0.73
14:53:05.393000 ATT: [2.2, -1.0, 253]
14:53:05.393665 ACC: [9, 20, 517]
[1500, 1500, 988, 1499, 988, 988, 988, 988, 1001, 1001, 1001, 1001, 1500, 1500, 1500, 1500]
[1500, 1500, 988, 1499, 988, 988, 989, 986, 1001, 1001, 1001, 1001, 1500, 1500, 1500, 1500]
[1500, 1500, 988, 1499, 988, 988, 989, 986, 1001, 1001, 1001, 1001, 1500, 1500, 1500, 1500]
[1500, 1500, 988, 1499, 988, 988, 989, 986, 1001, 1001, 1001, 1001, 1500, 1500, 1500, 1500]
[1500, 1500, 988, 1499, 988, 988, 989, 986, 1001, 1001, 1001, 1001, 1500, 1500, 1500, 1500]
[1500, 1500, 988, 1499, 988, 988, 989, 986, 1001, 1001, 1001, 1001, 1500, 1500, 1500, 1500]
[1500, 1500, 988, 1499, 988, 988, 989, 986, 1001, 1001, 1001, 1001, 1500, 1500, 1500, 1500]
14:53:05.440857 ALT: 0.73
14:53:05.440974 ATT: [2.2, -1.0, 253]
14:53:05.441817 ACC: [9, 20, 517]
[1500, 1500, 988, 1500, 988, 988, 988, 988, 1001, 1001, 1001, 1001, 1500, 1500, 1500, 1500]
[1500, 1500, 988, 1500, 988, 988, 988, 988, 1001, 1001, 1001, 1001, 1500, 1500, 1500, 1500]
[1500, 1500, 988, 1500, 988, 988, 988, 988, 1001, 1001, 1001, 1001, 1500, 1500, 1500, 1500]
[1500, 1500, 988, 1500, 988, 988, 989, 986, 1001, 1001, 1001, 1001, 1500, 1500, 1500, 1500]
[1500, 1500, 988, 1500, 988, 988, 989, 986, 1001, 1001, 1001, 1001, 1500, 1500, 1500, 1500]
[1500, 1500, 988, 1500, 988, 988, 989, 986, 1001, 1001, 1001, 1001, 1500, 1500, 1500, 1500]
[1500, 1500, 988, 1499, 988, 988, 988, 988, 1001, 1001, 1001, 1001, 1500, 1500, 1500, 1500]
[1500, 1500, 988, 1499, 988, 988, 988, 988, 1001, 1001, 1001, 1001, 1500, 1500, 1500, 1500]
14:53:05.489027 ALT: 0.73
14:53:05.489376 ATT: [2.2, -1.0, 253]
14:53:05.490255 ACC: [9, 20, 518]
[1500, 1500, 988, 1499, 988, 988, 988, 988, 1001, 1001, 1001, 1001, 1500, 1500, 1500, 1500]
[1500, 1500, 988, 1500, 988, 988, 988, 988, 1001, 1001, 1001, 1001, 1500, 1500, 1500, 1500]
[1500, 1500, 988, 1500, 988, 988, 988, 988, 1001, 1001, 1001, 1001, 1500, 1500, 1500, 1500]
[1500, 1500, 988, 1500, 988, 988, 988, 988, 1001, 1001, 1001, 1001, 1500, 1500, 1500, 1500]
[1500, 1500, 988, 1500, 988, 988, 988, 988, 1001, 1001, 1001, 1001, 1500, 1500, 1500, 1500]
[1500, 1500, 988, 1500, 988, 988, 988, 988, 1001, 1001, 1001, 1001, 1500, 1500, 1500, 1500]
[1500, 1500, 988, 1500, 988, 988, 988, 988, 1001, 1001, 1001, 1001, 1500, 1500, 1500, 1500]
14:53:05.537555 ALT: 0.73
14:53:05.537683 ATT: [2.2, -1.0, 253]
14:53:05.538147 ACC: [9, 20, 517]
[1500, 1500, 988, 1500, 988, 988, 988, 988, 1001, 1001, 1001, 1001, 1500, 1500, 1500, 1500]
[1500, 1500, 988, 1500, 988, 988, 988, 988, 1001, 1001, 1001, 1001, 1500, 1500, 1500, 1500]
[1500, 1500, 988, 1500, 988, 988, 988, 988, 1001, 1001, 1001, 1001, 1500, 1500, 1500, 1500]
[1500, 1500, 988, 1500, 988, 988, 988, 988, 1001, 1001, 1001, 1001, 1500, 1500, 1500, 1500]
[1500, 1500, 988, 1500, 988, 988, 988, 988, 1001, 1001, 1001, 1001, 1500, 1500, 1500, 1500]
[1500, 1500, 988, 1500, 988, 988, 988, 988, 1001, 1001, 1001, 1001, 1500, 1500, 1500, 1500]
14:53:05.587367 ALT: 0.73
14:53:05.587616 ATT: [2.2, -1.0, 253]
14:53:05.588457 ACC: [9, 20, 517]
[1500, 1500, 988, 1500, 988, 988, 988, 988, 1001, 1001, 1001, 1001, 1500, 1500, 1500, 1500]
[1500, 1500, 988, 1500, 988, 988, 988, 988, 1001, 1001, 1001, 1001, 1500, 1500, 1500, 1500]
[1501, 1497, 988, 1500, 988, 988, 988, 988, 1001, 1001, 1001, 1001, 1500, 1500, 1500, 1500]
[1501, 1497, 988, 1500, 986, 988, 988, 988, 1001, 1001, 1001, 1001, 1500, 1500, 1500, 1500]
[1501, 1497, 988, 1500, 986, 988, 988, 988, 1001, 1001, 1001, 1001, 1500, 1500, 1500, 1500]
[1500, 1500, 988, 1500, 986, 988, 988, 988, 1001, 1001, 1001, 1001, 1500, 1500, 1500, 1500]
[1500, 1500, 988, 1500, 988, 988, 988, 988, 1001, 1001, 1001, 1001, 1500, 1500, 1500, 1500]
14:53:05.638927 ALT: 0.73
14:53:05.639166 ATT: [2.2, -1.0, 253]
14:53:05.639615 ACC: [9, 20, 517]
[1500, 1500, 988, 1500, 988, 988, 988, 988, 1001, 1001, 1001, 1001, 1500, 1500, 1500, 1500]
[1500, 1500, 988, 1500, 988, 988, 988, 988, 1001, 1001, 1001, 1001, 1500, 1500, 1500, 1500]
[1500, 1500, 988, 1500, 988, 988, 988, 988, 1001, 1001, 1001, 1001, 1500, 1500, 1500, 1500]
[1500, 1500, 988, 1500, 988, 988, 988, 988, 1001, 1001, 1001, 1001, 1500, 1500, 1500, 1500]
[1500, 1500, 988, 1500, 988, 988, 988, 988, 1001, 1001, 1001, 1001, 1500, 1500, 1500, 1500]
[1500, 1500, 988, 1501, 985, 988, 988, 988, 1001, 1001, 1001, 1001, 1500, 1500, 1500, 1500]
[1500, 1500, 988, 1501, 985, 988, 988, 988, 1001, 1001, 1001, 1001, 1500, 1500, 1500, 1500]
[1500, 1500, 988, 1501, 985, 988, 988, 988, 1001, 1001, 1001, 1001, 1500, 1500, 1500, 1500]
14:53:05.693623 ALT: 0.73
14:53:05.694160 ATT: [2.2, -1.0, 253]
14:53:05.696048 ACC: [9, 20, 517]
[1500, 1500, 988, 1500, 988, 988, 988, 988, 1001, 1001, 1001, 1001, 1500, 1500, 1500, 1500]
14:53:05.746179 ALT: 0.73
14:53:05.746288 ATT: [2.2, -1.0, 253]
14:53:05.746611 ACC: [9, 20, 517]
[1500, 1500, 988, 1500, 988, 988, 988, 988, 1001, 1001, 1001, 1001, 1500, 1500, 1500, 1500]
[1500, 1500, 988, 1500, 988, 988, 988, 988, 1001, 1001, 1001, 1001, 1500, 1500, 1500, 1500]
[1500, 1500, 989, 1497, 988, 988, 988, 988, 1001, 1001, 1001, 1001, 1500, 1500, 1500, 1500]
[1500, 1500, 989, 1497, 988, 988, 988, 988, 1001, 1001, 1001, 1001, 1500, 1500, 1500, 1500]
[1500, 1500, 989, 1497, 988, 988, 988, 988, 1001, 1001, 1001, 1001, 1500, 1500, 1500, 1500]
[1500, 1500, 988, 1500, 988, 988, 988, 988, 1001, 1001, 1001, 1001, 1500, 1500, 1500, 1500]
[1500, 1500, 988, 1500, 988, 988, 988, 988, 1001, 1001, 1001, 1001, 1500, 1500, 1500, 1500]
[1500, 1500, 988, 1500, 988, 988, 988, 988, 1001, 1001, 1001, 1001, 1500, 1500, 1500, 1500]
[1500, 1500, 988, 1499, 988, 988, 988, 988, 1001, 1001, 1001, 1001, 1500, 1500, 1500, 1500]
[1500, 1500, 988, 1499, 988, 988, 988, 988, 1001, 1001, 1001, 1001, 1500, 1500, 1500, 1500]
[1500, 1500, 988, 1499, 988, 988, 988, 988, 1001, 1001, 1001, 1001, 1500, 1500, 1500, 1500]
[1500, 1500, 988, 1500, 988, 988, 988, 988, 1001, 1001, 1001, 1001, 1500, 1500, 1500, 1500]
[1500, 1500, 988, 1500, 988, 988, 988, 988, 1001, 1001, 1001, 1001, 1500, 1500, 1500, 1500]
[1500, 1500, 988, 1500, 988, 988, 988, 988, 1001, 1001, 1001, 1001, 1500, 1500, 1500, 1500]
14:53:05.792954 ALT: 0.73
14:53:05.793162 ATT: [2.2, -1.0, 253]
14:53:05.793516 ACC: [9, 20, 517]
[1500, 1500, 988, 1500, 988, 988, 988, 988, 1001, 1001, 1001, 1001, 1500, 1500, 1500, 1500]
[1500, 1500, 988, 1500, 988, 988, 988, 988, 1001, 1001, 1001, 1001, 1500, 1500, 1500, 1500]
[1499, 1500, 988, 1500, 988, 988, 988, 988, 1001, 1001, 1001, 1001, 1500, 1500, 1500, 1500]
[1499, 1500, 988, 1499, 988, 988, 988, 988, 1001, 1001, 1001, 1001, 1500, 1500, 1500, 1500]
[1499, 1500, 988, 1499, 988, 988, 988, 988, 1001, 1001, 1001, 1001, 1500, 1500, 1500, 1500]
[1500, 1500, 988, 1499, 988, 988, 988, 988, 1001, 1001, 1001, 1001, 1500, 1500, 1500, 1500]
[1500, 1500, 988, 1500, 988, 988, 988, 988, 1001, 1001, 1001, 1001, 1500, 1500, 1500, 1500]
[1500, 1500, 988, 1500, 988, 988, 988, 988, 1001, 1001, 1001, 1001, 1500, 1500, 1500, 1500]
14:53:05.843759 ALT: 0.73
14:53:05.843855 ATT: [2.2, -1.0, 253]
14:53:05.844116 ACC: [9, 20, 517]
[1500, 1500, 988, 1500, 988, 988, 988, 988, 1001, 1001, 1001, 1001, 1500, 1500, 1500, 1500]
[1500, 1500, 988, 1500, 988, 988, 988, 988, 1001, 1001, 1001, 1001, 1500, 1500, 1500, 1500]
[1500, 1500, 988, 1500, 988, 988, 988, 988, 1001, 1001, 1001, 1001, 1500, 1500, 1500, 1500]
[1500, 1500, 988, 1500, 988, 988, 988, 988, 1001, 1001, 1001, 1001, 1500, 1500, 1500, 1500]
[1500, 1500, 988, 1500, 986, 989, 986, 988, 1001, 1001, 1001, 1001, 1500, 1500, 1500, 1500]
[1500, 1500, 988, 1500, 986, 989, 986, 988, 1001, 1001, 1001, 1001, 1500, 1500, 1500, 1500]
[1500, 1500, 988, 1500, 986, 989, 986, 988, 1001, 1001, 1001, 1001, 1500, 1500, 1500, 1500]
14:53:05.905745 ALT: 0.73
14:53:05.905860 ATT: [2.2, -1.0, 253]
14:53:05.906235 ACC: [9, 20, 518]
[1500, 1500, 988, 1500, 988, 988, 988, 988, 1001, 1001, 1001, 1001, 1500, 1500, 1500, 1500]
[1500, 1500, 988, 1500, 988, 988, 988, 988, 1001, 1001, 1001, 1001, 1500, 1500, 1500, 1500]
[1500, 1500, 988, 1500, 988, 988, 988, 988, 1001, 1001, 1001, 1001, 1500, 1500, 1500, 1500]
[1500, 1500, 988, 1500, 988, 988, 988, 989, 1001, 1001, 1001, 1001, 1500, 1500, 1500, 1500]
[1500, 1500, 988, 1500, 988, 988, 988, 989, 1001, 1001, 1001, 1001, 1500, 1500, 1500, 1500]
[1500, 1500, 988, 1500, 988, 988, 988, 989, 1001, 1001, 1001, 1001, 1500, 1500, 1500, 1500]
[1500, 1500, 988, 1500, 988, 988, 988, 988, 1001, 1001, 1001, 1001, 1500, 1500, 1500, 1500]
[1500, 1500, 988, 1500, 988, 988, 988, 988, 1001, 1001, 1001, 1001, 1500, 1500, 1500, 1500]
[1500, 1500, 988, 1500, 988, 988, 988, 988, 1001, 1001, 1001, 1001, 1500, 1500, 1500, 1500]
[1500, 1500, 988, 1500, 988, 988, 988, 988, 1001, 1001, 1001, 1001, 1500, 1500, 1500, 1500]
[1500, 1500, 988, 1500, 988, 988, 988, 988, 1001, 1001, 1001, 1001, 1500, 1500, 1500, 1500]
[1500, 1500, 988, 1500, 988, 988, 988, 988, 1001, 1001, 1001, 1001, 1500, 1500, 1500, 1500]
[1500, 1500, 988, 1500, 988, 988, 988, 988, 1001, 1001, 1001, 1001, 1500, 1500, 1500, 1500]
[1500, 1500, 988, 1500, 988, 988, 988, 988, 1001, 1001, 1001, 1001, 1500, 1500, 1500, 1500]
[1500, 1500, 988, 1500, 988, 988, 988, 988, 1001, 1001, 1001, 1001, 1500, 1500, 1500, 1500]
14:53:05.986831 ALT: 0.73
14:53:05.986969 ATT: [2.2, -1.0, 253]
14:53:05.987398 ACC: [9, 20, 517]
[1500, 1500, 988, 1500, 988, 988, 988, 988, 1001, 1001, 1001, 1001, 1500, 1500, 1500, 1500]
[1500, 1500, 988, 1500, 988, 988, 988, 988, 1001, 1001, 1001, 1001, 1500, 1500, 1500, 1500]
[1500, 1499, 988, 1500, 988, 988, 988, 988, 1001, 1001, 1001, 1001, 1500, 1500, 1500, 1500]
[1500, 1499, 988, 1500, 988, 988, 988, 988, 1001, 1001, 1001, 1001, 1500, 1500, 1500, 1500]
[1500, 1499, 988, 1500, 988, 988, 988, 988, 1001, 1001, 1001, 1001, 1500, 1500, 1500, 1500]
[1500, 1500, 988, 1500, 988, 988, 988, 988, 1001, 1001, 1001, 1001, 1500, 1500, 1500, 1500]
[1500, 1500, 988, 1500, 988, 988, 988, 988, 1001, 1001, 1001, 1001, 1500, 1500, 1500, 1500]
[1500, 1500, 988, 1500, 988, 988, 988, 988, 1001, 1001, 1001, 1001, 1500, 1500, 1500, 1500]
[1500, 1500, 988, 1500, 988, 988, 988, 988, 1001, 1001, 1001, 1001, 1500, 1500, 1500, 1500]
[1500, 1500, 988, 1499, 988, 988, 988, 988, 1001, 1001, 1001, 1001, 1500, 1500, 1500, 1500]
14:53:06.057631 ALT: 0.73
14:53:06.058845 ATT: [2.2, -1.0, 253]
14:53:06.059219 ACC: [9, 20, 517]
[1500, 1500, 988, 1499, 988, 988, 988, 988, 1001, 1001, 1001, 1001, 1500, 1500, 1500, 1500]
[1500, 1500, 988, 1499, 988, 988, 988, 988, 1001, 1001, 1001, 1001, 1500, 1500, 1500, 1500]
[1500, 1500, 988, 1500, 988, 988, 988, 988, 1001, 1001, 1001, 1001, 1500, 1500, 1500, 1500]
[1500, 1500, 988, 1500, 988, 988, 988, 988, 1001, 1001, 1001, 1001, 1500, 1500, 1500, 1500]
[1500, 1500, 988, 1500, 988, 988, 988, 988, 1001, 1001, 1001, 1001, 1500, 1500, 1500, 1500]
[1500, 1500, 988, 1500, 988, 988, 988, 988, 1001, 1001, 1001, 1001, 1500, 1500, 1500, 1500]
[1500, 1500, 988, 1500, 988, 988, 988, 988, 1001, 1001, 1001, 1001, 1500, 1500, 1500, 1500]
[1500, 1500, 988, 1500, 988, 988, 988, 988, 1001, 1001, 1001, 1001, 1500, 1500, 1500, 1500]
[1500, 1500, 988, 1499, 988, 988, 988, 988, 1001, 1001, 1001, 1001, 1500, 1500, 1500, 1500]
14:53:06.122928 ALT: 0.73
14:53:06.123072 ATT: [2.2, -1.0, 253]
14:53:06.123455 ACC: [9, 20, 517]
[1500, 1500, 988, 1499, 988, 988, 988, 988, 1001, 1001, 1001, 1001, 1500, 1500, 1500, 1500]
[1500, 1500, 988, 1499, 988, 988, 988, 988, 1001, 1001, 1001, 1001, 1500, 1500, 1500, 1500]
[1500, 1500, 988, 1500, 988, 988, 988, 988, 1001, 1001, 1001, 1001, 1500, 1500, 1500, 1500]
[1500, 1500, 988, 1500, 988, 988, 988, 988, 1001, 1001, 1001, 1001, 1500, 1500, 1500, 1500]
[1500, 1500, 988, 1500, 988, 988, 988, 988, 1001, 1001, 1001, 1001, 1500, 1500, 1500, 1500]
[1500, 1500, 986, 1500, 988, 988, 988, 988, 1001, 1001, 1001, 1001, 1500, 1500, 1500, 1500]
[1500, 1500, 986, 1500, 988, 988, 988, 988, 1001, 1001, 1001, 1001, 1500, 1500, 1500, 1500]
[1500, 1500, 986, 1500, 988, 988, 988, 988, 1001, 1001, 1001, 1001, 1500, 1500, 1500, 1500]
[1500, 1500, 988, 1500, 988, 988, 988, 988, 1001, 1001, 1001, 1001, 1500, 1500, 1500, 1500]
14:53:06.177287 ALT: 0.73
14:53:06.177486 ATT: [2.2, -1.0, 253]
14:53:06.177878 ACC: [9, 20, 518]
[1500, 1500, 988, 1500, 988, 988, 988, 988, 1001, 1001, 1001, 1001, 1500, 1500, 1500, 1500]
[1500, 1500, 988, 1500, 988, 988, 988, 988, 1001, 1001, 1001, 1001, 1500, 1500, 1500, 1500]
[1500, 1500, 988, 1500, 988, 988, 988, 988, 1001, 1001, 1001, 1001, 1500, 1500, 1500, 1500]
[1500, 1500, 988, 1500, 988, 988, 988, 988, 1001, 1001, 1001, 1001, 1500, 1500, 1500, 1500]
[1500, 1499, 988, 1500, 988, 988, 988, 988, 1001, 1001, 1001, 1001, 1500, 1500, 1500, 1500]
[1500, 1499, 988, 1500, 988, 988, 988, 989, 1001, 1001, 1001, 1001, 1500, 1500, 1500, 1500]
[1500, 1499, 988, 1500, 988, 988, 988, 989, 1001, 1001, 1001, 1001, 1500, 1500, 1500, 1500]
[1500, 1500, 988, 1500, 988, 988, 988, 989, 1001, 1001, 1001, 1001, 1500, 1500, 1500, 1500]
[1500, 1500, 988, 1500, 988, 988, 988, 988, 1001, 1001, 1001, 1001, 1500, 1500, 1500, 1500]
14:53:06.225462 ALT: 0.73
14:53:06.225681 ATT: [2.2, -1.0, 253]
14:53:06.226052 ACC: [9, 20, 517]
[1500, 1500, 988, 1500, 988, 988, 988, 988, 1001, 1001, 1001, 1001, 1500, 1500, 1500, 1500]
[1499, 1500, 988, 1500, 988, 988, 988, 988, 1001, 1001, 1001, 1001, 1500, 1500, 1500, 1500]
[1499, 1500, 988, 1500, 988, 988, 988, 988, 1001, 1001, 1001, 1001, 1500, 1500, 1500, 1500]
[1499, 1500, 988, 1500, 988, 988, 988, 988, 1001, 1001, 1001, 1001, 1500, 1500, 1500, 1500]
[1500, 1500, 988, 1500, 988, 988, 988, 988, 1001, 1001, 1001, 1001, 1500, 1500, 1500, 1500]
[1500, 1500, 988, 1500, 988, 988, 989, 986, 1001, 1001, 1001, 1001, 1500, 1500, 1500, 1500]
[1500, 1500, 988, 1500, 988, 988, 989, 986, 1001, 1001, 1001, 1001, 1500, 1500, 1500, 1500]
14:53:06.272742 ALT: 0.73
14:53:06.272869 ATT: [2.2, -1.0, 253]
14:53:06.273262 ACC: [9, 20, 517]
[1500, 1500, 988, 1500, 988, 988, 989, 986, 1001, 1001, 1001, 1001, 1500, 1500, 1500, 1500]
[1500, 1500, 988, 1500, 988, 988, 988, 988, 1001, 1001, 1001, 1001, 1500, 1500, 1500, 1500]
[1500, 1500, 988, 1500, 988, 988, 988, 988, 1001, 1001, 1001, 1001, 1500, 1500, 1500, 1500]
[1500, 1499, 988, 1500, 988, 988, 988, 988, 1001, 1001, 1001, 1001, 1500, 1500, 1500, 1500]
[1500, 1499, 988, 1499, 988, 988, 988, 988, 1001, 1001, 1001, 1001, 1500, 1500, 1500, 1500]
[1500, 1499, 988, 1499, 988, 988, 988, 988, 1001, 1001, 1001, 1001, 1500, 1500, 1500, 1500]
[1500, 1500, 988, 1499, 988, 988, 988, 988, 1001, 1001, 1001, 1001, 1500, 1500, 1500, 1500]
14:53:06.320625 ALT: 0.73
14:53:06.320736 ATT: [2.2, -1.0, 253]
14:53:06.321034 ACC: [9, 20, 517]
[1500, 1500, 988, 1500, 988, 988, 988, 988, 1001, 1001, 1001, 1001, 1500, 1500, 1500, 1500]
[1500, 1500, 988, 1500, 988, 988, 988, 988, 1001, 1001, 1001, 1001, 1500, 1500, 1500, 1500]
[1500, 1500, 988, 1500, 988, 988, 988, 988, 1001, 1001, 1001, 1001, 1500, 1500, 1500, 1500]
[1500, 1500, 988, 1500, 988, 988, 988, 988, 1001, 1001, 1001, 1001, 1500, 1500, 1500, 1500]
[1500, 1500, 988, 1500, 988, 988, 988, 988, 1001, 1001, 1001, 1001, 1500, 1500, 1500, 1500]
[1500, 1500, 988, 1500, 988, 988, 988, 988, 1001, 1001, 1001, 1001, 1500, 1500, 1500, 1500]
[1500, 1500, 986, 1500, 988, 989, 986, 988, 1001, 1001, 1001, 1001, 1500, 1500, 1500, 1500]
[1500, 1500, 986, 1500, 988, 989, 986, 988, 1001, 1001, 1001, 1001, 1500, 1500, 1500, 1500]
14:53:06.369244 ALT: 0.73
14:53:06.369372 ATT: [2.2, -1.0, 253]
14:53:06.369779 ACC: [9, 19, 517]
[1500, 1500, 986, 1500, 988, 989, 986, 988, 1001, 1001, 1001, 1001, 1500, 1500, 1500, 1500]
[1500, 1500, 988, 1500, 988, 988, 988, 988, 1001, 1001, 1001, 1001, 1500, 1500, 1500, 1500]
[1500, 1500, 988, 1500, 988, 988, 988, 988, 1001, 1001, 1001, 1001, 1500, 1500, 1500, 1500]
[1500, 1500, 988, 1500, 988, 988, 988, 988, 1001, 1001, 1001, 1001, 1500, 1500, 1500, 1500]
[1500, 1500, 988, 1499, 988, 988, 988, 988, 1001, 1001, 1001, 1001, 1500, 1500, 1500, 1500]
[1500, 1500, 988, 1499, 988, 988, 988, 988, 1001, 1001, 1001, 1001, 1500, 1500, 1500, 1500]
[1500, 1500, 988, 1499, 988, 988, 988, 988, 1001, 1001, 1001, 1001, 1500, 1500, 1500, 1500]
[1500, 1500, 988, 1500, 988, 988, 988, 988, 1001, 1001, 1001, 1001, 1500, 1500, 1500, 1500]
[1500, 1500, 988, 1500, 988, 988, 988, 988, 1001, 1001, 1001, 1001, 1500, 1500, 1500, 1500]
[1500, 1499, 988, 1500, 988, 988, 988, 988, 1001, 1001, 1001, 1001, 1500, 1500, 1500, 1500]
14:53:06.437554 ALT: 0.73
14:53:06.437669 ATT: [2.2, -1.0, 253]
14:53:06.437960 ACC: [9, 20, 517]
[1500, 1499, 988, 1500, 988, 988, 988, 988, 1001, 1001, 1001, 1001, 1500, 1500, 1500, 1500]
[1500, 1499, 988, 1500, 988, 988, 988, 988, 1001, 1001, 1001, 1001, 1500, 1500, 1500, 1500]
[1499, 1499, 988, 1500, 988, 988, 988, 988, 1001, 1001, 1001, 1001, 1500, 1500, 1500, 1500]
[1499, 1499, 988, 1500, 988, 988, 988, 988, 1001, 1001, 1001, 1001, 1500, 1500, 1500, 1500]
[1499, 1499, 988, 1500, 988, 988, 988, 988, 1001, 1001, 1001, 1001, 1500, 1500, 1500, 1500]
[1499, 1500, 988, 1500, 988, 988, 988, 988, 1001, 1001, 1001, 1001, 1500, 1500, 1500, 1500]
14:53:06.482569 ALT: 0.73
14:53:06.482677 ATT: [2.2, -1.0, 253]
14:53:06.482951 ACC: [9, 20, 518]
[1499, 1500, 988, 1500, 988, 988, 988, 988, 1001, 1001, 1001, 1001, 1500, 1500, 1500, 1500]
[1499, 1500, 988, 1500, 988, 988, 988, 988, 1001, 1001, 1001, 1001, 1500, 1500, 1500, 1500]
[1500, 1500, 988, 1500, 988, 988, 988, 988, 1001, 1001, 1001, 1001, 1500, 1500, 1500, 1500]
[1500, 1500, 988, 1499, 988, 988, 988, 988, 1001, 1001, 1001, 1001, 1500, 1500, 1500, 1500]
[1500, 1500, 988, 1499, 988, 988, 988, 988, 1001, 1001, 1001, 1001, 1500, 1500, 1500, 1500]
[1500, 1500, 988, 1499, 988, 988, 988, 988, 1001, 1001, 1001, 1001, 1500, 1500, 1500, 1500]
[1500, 1500, 988, 1500, 988, 988, 988, 988, 1001, 1001, 1001, 1001, 1500, 1500, 1500, 1500]
14:53:06.530425 ALT: 0.73
14:53:06.530669 ATT: [2.2, -1.0, 253]
14:53:06.531539 ACC: [9, 20, 518]
[1500, 1500, 988, 1500, 988, 988, 988, 988, 1001, 1001, 1001, 1001, 1500, 1500, 1500, 1500]
[1500, 1500, 988, 1500, 988, 988, 988, 988, 1001, 1001, 1001, 1001, 1500, 1500, 1500, 1500]
[1500, 1500, 988, 1500, 986, 988, 988, 988, 1001, 1001, 1001, 1001, 1500, 1500, 1500, 1500]
[1500, 1500, 988, 1500, 986, 988, 988, 988, 1001, 1001, 1001, 1001, 1500, 1500, 1500, 1500]
[1500, 1499, 988, 1500, 986, 988, 988, 988, 1001, 1001, 1001, 1001, 1500, 1500, 1500, 1500]
[1500, 1499, 988, 1501, 986, 988, 988, 988, 1001, 1001, 1001, 1001, 1500, 1500, 1500, 1500]
[1500, 1499, 988, 1501, 986, 988, 988, 988, 1001, 1001, 1001, 1001, 1500, 1500, 1500, 1500]
[1499, 1500, 988, 1501, 986, 988, 988, 988, 1001, 1001, 1001, 1001, 1500, 1500, 1500, 1500]
14:53:06.577855 ALT: 0.73
14:53:06.578106 ATT: [2.2, -1.0, 253]
14:53:06.581193 ACC: [9, 20, 518]
[1499, 1500, 988, 1500, 988, 988, 988, 988, 1001, 1001, 1001, 1001, 1500, 1500, 1500, 1500]
[1499, 1500, 988, 1500, 988, 988, 988, 988, 1001, 1001, 1001, 1001, 1500, 1500, 1500, 1500]
[1500, 1500, 988, 1500, 988, 988, 988, 988, 1001, 1001, 1001, 1001, 1500, 1500, 1500, 1500]
[1500, 1500, 988, 1499, 988, 988, 988, 988, 1001, 1001, 1001, 1001, 1500, 1500, 1500, 1500]
[1500, 1500, 988, 1499, 988, 988, 988, 988, 1001, 1001, 1001, 1001, 1500, 1500, 1500, 1500]
[1499, 1500, 988, 1499, 988, 988, 988, 988, 1001, 1001, 1001, 1001, 1500, 1500, 1500, 1500]
[1499, 1500, 988, 1500, 988, 988, 989, 986, 1001, 1001, 1001, 1001, 1500, 1500, 1500, 1500]
14:53:06.626304 ALT: 0.73
14:53:06.626413 ATT: [2.2, -1.0, 253]
14:53:06.626939 ACC: [9, 20, 517]
[1499, 1500, 988, 1500, 988, 988, 989, 986, 1001, 1001, 1001, 1001, 1500, 1500, 1500, 1500]
[1500, 1500, 988, 1500, 988, 988, 989, 986, 1001, 1001, 1001, 1001, 1500, 1500, 1500, 1500]
[1500, 1500, 988, 1500, 986, 988, 988, 988, 1001, 1001, 1001, 1001, 1500, 1500, 1500, 1500]
[1500, 1500, 988, 1500, 986, 988, 988, 988, 1001, 1001, 1001, 1001, 1500, 1500, 1500, 1500]
[1500, 1500, 988, 1500, 986, 988, 988, 988, 1001, 1001, 1001, 1001, 1500, 1500, 1500, 1500]
[1500, 1500, 988, 1500, 988, 988, 988, 988, 1001, 1001, 1001, 1001, 1500, 1500, 1500, 1500]
[1500, 1500, 988, 1500, 988, 988, 988, 988, 1001, 1001, 1001, 1001, 1500, 1500, 1500, 1500]
[1500, 1499, 988, 1500, 988, 988, 988, 988, 1001, 1001, 1001, 1001, 1500, 1500, 1500, 1500]
14:53:06.675732 ALT: 0.73
14:53:06.675841 ATT: [2.2, -1.0, 253]
14:53:06.676147 ACC: [9, 20, 518]
[1500, 1499, 988, 1500, 988, 988, 988, 988, 1001, 1001, 1001, 1001, 1500, 1500, 1500, 1500]
[1500, 1499, 988, 1500, 988, 988, 988, 988, 1001, 1001, 1001, 1001, 1500, 1500, 1500, 1500]
[1500, 1500, 988, 1500, 988, 988, 988, 988, 1001, 1001, 1001, 1001, 1500, 1500, 1500, 1500]
[1500, 1500, 988, 1499, 988, 988, 989, 986, 1001, 1001, 1001, 1001, 1500, 1500, 1500, 1500]
[1500, 1500, 988, 1499, 988, 988, 989, 986, 1001, 1001, 1001, 1001, 1500, 1500, 1500, 1500]
[1500, 1500, 988, 1499, 988, 988, 989, 986, 1001, 1001, 1001, 1001, 1500, 1500, 1500, 1500]
14:53:06.720746 ALT: 0.73
14:53:06.720855 ATT: [2.2, -1.0, 253]
14:53:06.721222 ACC: [9, 20, 517]
[1500, 1500, 986, 1500, 988, 988, 988, 988, 1001, 1001, 1001, 1001, 1500, 1500, 1500, 1500]
[1500, 1499, 986, 1500, 988, 988, 988, 988, 1001, 1001, 1001, 1001, 1500, 1500, 1500, 1500]
[1500, 1499, 988, 1500, 988, 988, 988, 988, 1001, 1001, 1001, 1001, 1500, 1500, 1500, 1500]
[1500, 1499, 988, 1500, 988, 988, 988, 988, 1001, 1001, 1001, 1001, 1500, 1500, 1500, 1500]
[1500, 1500, 988, 1500, 988, 988, 988, 988, 1001, 1001, 1001, 1001, 1500, 1500, 1500, 1500]
[1500, 1500, 988, 1500, 988, 988, 988, 988, 1001, 1001, 1001, 1001, 1500, 1500, 1500, 1500]
14:53:06.771665 ALT: 0.73
14:53:06.771801 ATT: [2.2, -1.0, 253]
14:53:06.772109 ACC: [9, 20, 518]
[1500, 1500, 988, 1500, 988, 988, 988, 988, 1001, 1001, 1001, 1001, 1500, 1500, 1500, 1500]
[1500, 1500, 988, 1500, 988, 988, 988, 988, 1001, 1001, 1001, 1001, 1500, 1500, 1500, 1500]
[1500, 1500, 988, 1500, 988, 988, 988, 988, 1001, 1001, 1001, 1001, 1500, 1500, 1500, 1500]
[1500, 1500, 988, 1500, 988, 988, 988, 988, 1001, 1001, 1001, 1001, 1500, 1500, 1500, 1500]
[1500, 1500, 988, 1500, 988, 988, 988, 988, 1001, 1001, 1001, 1001, 1500, 1500, 1500, 1500]
[1500, 1500, 988, 1499, 988, 988, 988, 988, 1001, 1001, 1001, 1001, 1500, 1500, 1500, 1500]
[1500, 1500, 988, 1499, 988, 988, 988, 988, 1001, 1001, 1001, 1001, 1500, 1500, 1500, 1500]
[1500, 1500, 988, 1499, 988, 988, 988, 988, 1001, 1001, 1001, 1001, 1500, 1500, 1500, 1500]
[1500, 1500, 988, 1499, 988, 988, 988, 988, 1001, 1001, 1001, 1001, 1500, 1500, 1500, 1500]
14:53:06.822781 ALT: 0.73
14:53:06.822908 ATT: [2.2, -1.0, 253]
14:53:06.823286 ACC: [9, 20, 518]
[1500, 1500, 988, 1499, 988, 988, 988, 988, 1001, 1001, 1001, 1001, 1500, 1500, 1500, 1500]
[1500, 1500, 988, 1499, 988, 988, 988, 988, 1001, 1001, 1001, 1001, 1500, 1500, 1500, 1500]
[1500, 1500, 988, 1500, 986, 988, 988, 988, 1001, 1001, 1001, 1001, 1500, 1500, 1500, 1500]
[1500, 1500, 988, 1500, 986, 988, 988, 988, 1001, 1001, 1001, 1001, 1500, 1500, 1500, 1500]
[1500, 1500, 988, 1500, 986, 988, 988, 988, 1001, 1001, 1001, 1001, 1500, 1500, 1500, 1500]
[1500, 1500, 988, 1500, 988, 988, 988, 988, 1001, 1001, 1001, 1001, 1500, 1500, 1500, 1500]
14:53:06.866757 ALT: 0.73
14:53:06.866874 ATT: [2.2, -1.0, 253]
14:53:06.873466 ACC: [10, 20, 518]
[1500, 1500, 988, 1500, 988, 988, 988, 988, 1001, 1001, 1001, 1001, 1500, 1500, 1500, 1500]
[1500, 1500, 988, 1500, 988, 988, 988, 988, 1001, 1001, 1001, 1001, 1500, 1500, 1500, 1500]
[1500, 1500, 988, 1499, 988, 988, 988, 988, 1001, 1001, 1001, 1001, 1500, 1500, 1500, 1500]
[1500, 1500, 988, 1499, 988, 988, 988, 988, 1001, 1001, 1001, 1001, 1500, 1500, 1500, 1500]
[1500, 1500, 988, 1499, 988, 988, 988, 988, 1001, 1001, 1001, 1001, 1500, 1500, 1500, 1500]
[1500, 1500, 988, 1499, 988, 988, 988, 988, 1001, 1001, 1001, 1001, 1500, 1500, 1500, 1500]
[1500, 1500, 988, 1499, 988, 988, 988, 988, 1001, 1001, 1001, 1001, 1500, 1500, 1500, 1500]
[1500, 1500, 988, 1499, 988, 988, 988, 988, 1001, 1001, 1001, 1001, 1500, 1500, 1500, 1500]
[1500, 1500, 988, 1499, 988, 988, 988, 988, 1001, 1001, 1001, 1001, 1500, 1500, 1500, 1500]
[1500, 1500, 988, 1499, 988, 988, 988, 988, 1001, 1001, 1001, 1001, 1500, 1500, 1500, 1500]
[1500, 1500, 988, 1499, 988, 988, 988, 988, 1001, 1001, 1001, 1001, 1500, 1500, 1500, 1500]
14:53:06.937625 ALT: 0.73
14:53:06.937751 ATT: [2.2, -1.0, 253]
14:53:06.938100 ACC: [9, 20, 518]
[1500, 1500, 988, 1500, 988, 988, 988, 988, 1001, 1001, 1001, 1001, 1500, 1500, 1500, 1500]
[1500, 1500, 988, 1500, 988, 988, 988, 988, 1001, 1001, 1001, 1001, 1500, 1500, 1500, 1500]
[1500, 1500, 988, 1500, 988, 988, 988, 988, 1001, 1001, 1001, 1001, 1500, 1500, 1500, 1500]
[1500, 1500, 988, 1500, 988, 988, 988, 988, 1001, 1001, 1001, 1001, 1500, 1500, 1500, 1500]
[1500, 1500, 988, 1500, 988, 988, 988, 988, 1001, 1001, 1001, 1001, 1500, 1500, 1500, 1500]
[1500, 1500, 988, 1500, 988, 988, 988, 988, 1001, 1001, 1001, 1001, 1500, 1500, 1500, 1500]
[1500, 1500, 988, 1500, 988, 988, 988, 988, 1001, 1001, 1001, 1001, 1500, 1500, 1500, 1500]
[1500, 1500, 988, 1500, 988, 988, 988, 988, 1001, 1001, 1001, 1001, 1500, 1500, 1500, 1500]
14:53:06.992990 ALT: 0.73
14:53:06.993160 ATT: [2.2, -1.0, 253]
14:53:06.993597 ACC: [9, 20, 518]
[1500, 1500, 988, 1500, 988, 988, 988, 988, 1001, 1001, 1001, 1001, 1500, 1500, 1500, 1500]
[1500, 1500, 988, 1500, 988, 988, 988, 988, 1001, 1001, 1001, 1001, 1500, 1500, 1500, 1500]
[1500, 1500, 988, 1500, 988, 988, 988, 988, 1001, 1001, 1001, 1001, 1500, 1500, 1500, 1500]
[1500, 1500, 988, 1500, 988, 988, 988, 988, 1001, 1001, 1001, 1001, 1500, 1500, 1500, 1500]
[1500, 1500, 988, 1500, 988, 988, 988, 988, 1001, 1001, 1001, 1001, 1500, 1500, 1500, 1500]
[1500, 1500, 988, 1500, 988, 988, 988, 988, 1001, 1001, 1001, 1001, 1500, 1500, 1500, 1500]
[1500, 1500, 988, 1500, 988, 988, 988, 988, 1001, 1001, 1001, 1001, 1500, 1500, 1500, 1500]
[1500, 1500, 988, 1500, 988, 988, 988, 988, 1001, 1001, 1001, 1001, 1500, 1500, 1500, 1500]
14:53:07.041806 ALT: 0.73
14:53:07.041942 ATT: [2.2, -1.0, 253]
14:53:07.044040 ACC: [9, 20, 518]
[1500, 1500, 988, 1500, 988, 988, 988, 988, 1001, 1001, 1001, 1001, 1500, 1500, 1500, 1500]
[1500, 1500, 988, 1500, 988, 988, 988, 988, 1001, 1001, 1001, 1001, 1500, 1500, 1500, 1500]
[1500, 1500, 988, 1500, 988, 988, 988, 988, 1001, 1001, 1001, 1001, 1500, 1500, 1500, 1500]
[1500, 1500, 988, 1500, 988, 988, 988, 988, 1001, 1001, 1001, 1001, 1500, 1500, 1500, 1500]
[1500, 1500, 988, 1500, 988, 988, 988, 988, 1001, 1001, 1001, 1001, 1500, 1500, 1500, 1500]
[1500, 1500, 988, 1500, 988, 988, 988, 989, 1001, 1001, 1001, 1001, 1500, 1500, 1500, 1500]
[1500, 1500, 988, 1500, 988, 988, 988, 989, 1001, 1001, 1001, 1001, 1500, 1500, 1500, 1500]
[1500, 1500, 988, 1500, 988, 988, 988, 989, 1001, 1001, 1001, 1001, 1500, 1500, 1500, 1500]
14:53:07.107292 ALT: 0.73
14:53:07.107394 ATT: [2.2, -1.0, 253]
14:53:07.107895 ACC: [9, 20, 518]
[1500, 1500, 988, 1500, 988, 988, 988, 988, 1001, 1001, 1001, 1001, 1500, 1500, 1500, 1500]
[1500, 1500, 988, 1500, 988, 988, 988, 988, 1001, 1001, 1001, 1001, 1500, 1500, 1500, 1500]
[1500, 1500, 988, 1500, 988, 988, 988, 988, 1001, 1001, 1001, 1001, 1500, 1500, 1500, 1500]
[1500, 1500, 988, 1500, 988, 988, 988, 988, 1001, 1001, 1001, 1001, 1500, 1500, 1500, 1500]
[1500, 1500, 988, 1500, 988, 988, 988, 988, 1001, 1001, 1001, 1001, 1500, 1500, 1500, 1500]
[1500, 1500, 988, 1500, 988, 988, 988, 988, 1001, 1001, 1001, 1001, 1500, 1500, 1500, 1500]
[1500, 1500, 988, 1500, 988, 988, 988, 988, 1001, 1001, 1001, 1001, 1500, 1500, 1500, 1500]
[1500, 1500, 988, 1500, 988, 988, 988, 988, 1001, 1001, 1001, 1001, 1500, 1500, 1500, 1500]
[1500, 1500, 988, 1500, 988, 988, 988, 988, 1001, 1001, 1001, 1001, 1500, 1500, 1500, 1500]
14:53:07.158532 ALT: 0.73
14:53:07.158667 ATT: [2.2, -1.0, 253]
14:53:07.160109 ACC: [9, 20, 518]
[1500, 1500, 988, 1500, 988, 988, 988, 988, 1001, 1001, 1001, 1001, 1500, 1500, 1500, 1500]
[1500, 1500, 988, 1500, 988, 988, 988, 988, 1001, 1001, 1001, 1001, 1500, 1500, 1500, 1500]
[1499, 1500, 988, 1500, 988, 988, 988, 988, 1001, 1001, 1001, 1001, 1500, 1500, 1500, 1500]
[1499, 1500, 988, 1500, 988, 988, 988, 988, 1001, 1001, 1001, 1001, 1500, 1500, 1500, 1500]
[1499, 1500, 988, 1500, 988, 988, 988, 988, 1001, 1001, 1001, 1001, 1500, 1500, 1500, 1500]
[1500, 1500, 988, 1500, 988, 988, 988, 988, 1001, 1001, 1001, 1001, 1500, 1500, 1500, 1500]
[1500, 1500, 988, 1500, 988, 988, 988, 988, 1001, 1001, 1001, 1001, 1500, 1500, 1500, 1500]
[1500, 1500, 988, 1500, 988, 988, 988, 988, 1001, 1001, 1001, 1001, 1500, 1500, 1500, 1500]
[1500, 1500, 988, 1500, 988, 988, 988, 988, 1001, 1001, 1001, 1001, 1500, 1500, 1500, 1500]
14:53:07.219438 ALT: 0.73
14:53:07.219565 ATT: [2.2, -1.0, 253]
14:53:07.219895 ACC: [9, 20, 518]
[1500, 1500, 988, 1500, 988, 988, 988, 988, 1001, 1001, 1001, 1001, 1500, 1500, 1500, 1500]
[1500, 1500, 988, 1500, 988, 988, 988, 988, 1001, 1001, 1001, 1001, 1500, 1500, 1500, 1500]
[1500, 1500, 988, 1500, 988, 988, 988, 988, 1001, 1001, 1001, 1001, 1500, 1500, 1500, 1500]
[1500, 1500, 988, 1500, 988, 988, 988, 988, 1001, 1001, 1001, 1001, 1500, 1500, 1500, 1500]
[1500, 1500, 988, 1500, 988, 988, 988, 988, 1001, 1001, 1001, 1001, 1500, 1500, 1500, 1500]
[1500, 1500, 988, 1500, 988, 988, 988, 988, 1001, 1001, 1001, 1001, 1500, 1500, 1500, 1500]
[1500, 1500, 988, 1500, 988, 988, 988, 988, 1001, 1001, 1001, 1001, 1500, 1500, 1500, 1500]
14:53:07.264833 ALT: 0.73
14:53:07.264928 ATT: [2.2, -1.0, 253]
14:53:07.265281 ACC: [9, 20, 517]
[1500, 1500, 988, 1500, 988, 988, 988, 988, 1001, 1001, 1001, 1001, 1500, 1500, 1500, 1500]
[1500, 1499, 988, 1500, 988, 988, 988, 988, 1001, 1001, 1001, 1001, 1500, 1500, 1500, 1500]
[1500, 1499, 988, 1500, 988, 988, 988, 988, 1001, 1001, 1001, 1001, 1500, 1500, 1500, 1500]
[1500, 1499, 988, 1500, 988, 988, 988, 988, 1001, 1001, 1001, 1001, 1500, 1500, 1500, 1500]
[1500, 1500, 988, 1500, 988, 988, 988, 988, 1001, 1001, 1001, 1001, 1500, 1500, 1500, 1500]
[1500, 1500, 988, 1500, 988, 988, 988, 988, 1001, 1001, 1001, 1001, 1500, 1500, 1500, 1500]
[1500, 1500, 988, 1500, 988, 988, 988, 988, 1001, 1001, 1001, 1001, 1500, 1500, 1500, 1500]
[1500, 1500, 988, 1500, 988, 988, 988, 988, 1001, 1001, 1001, 1001, 1500, 1500, 1500, 1500]
[1500, 1500, 988, 1500, 988, 988, 988, 988, 1001, 1001, 1001, 1001, 1500, 1500, 1500, 1500]
[1500, 1500, 988, 1500, 988, 988, 988, 988, 1001, 1001, 1001, 1001, 1500, 1500, 1500, 1500]
14:53:07.330193 ALT: 0.73
14:53:07.330509 ATT: [2.2, -1.0, 253]
14:53:07.330925 ACC: [9, 20, 518]
[1500, 1499, 988, 1500, 988, 988, 988, 988, 1001, 1001, 1001, 1001, 1500, 1500, 1500, 1500]
[1500, 1499, 988, 1500, 988, 988, 988, 988, 1001, 1001, 1001, 1001, 1500, 1500, 1500, 1500]
[1500, 1499, 988, 1500, 988, 988, 988, 988, 1001, 1001, 1001, 1001, 1500, 1500, 1500, 1500]
[1500, 1500, 988, 1500, 988, 988, 988, 988, 1001, 1001, 1001, 1001, 1500, 1500, 1500, 1500]
[1500, 1500, 988, 1500, 988, 988, 988, 988, 1001, 1001, 1001, 1001, 1500, 1500, 1500, 1500]
[1500, 1500, 988, 1500, 988, 988, 988, 988, 1001, 1001, 1001, 1001, 1500, 1500, 1500, 1500]
[1500, 1500, 988, 1500, 988, 988, 988, 988, 1001, 1001, 1001, 1001, 1500, 1500, 1500, 1500]
14:53:07.377408 ALT: 0.73
14:53:07.377516 ATT: [2.2, -1.0, 253]
14:53:07.377814 ACC: [9, 20, 518]
[1500, 1500, 988, 1500, 988, 988, 988, 988, 1001, 1001, 1001, 1001, 1500, 1500, 1500, 1500]
[1500, 1500, 988, 1500, 988, 988, 988, 988, 1001, 1001, 1001, 1001, 1500, 1500, 1500, 1500]
[1500, 1500, 988, 1500, 988, 988, 988, 988, 1001, 1001, 1001, 1001, 1500, 1500, 1500, 1500]
[1500, 1500, 988, 1500, 988, 988, 988, 988, 1001, 1001, 1001, 1001, 1500, 1500, 1500, 1500]
[1500, 1500, 988, 1500, 988, 988, 988, 988, 1001, 1001, 1001, 1001, 1500, 1500, 1500, 1500]
[1500, 1499, 988, 1500, 988, 988, 988, 988, 1001, 1001, 1001, 1001, 1500, 1500, 1500, 1500]
[1500, 1499, 988, 1500, 988, 988, 988, 988, 1001, 1001, 1001, 1001, 1500, 1500, 1500, 1500]
14:53:07.426913 ALT: 0.73
14:53:07.427013 ATT: [2.2, -1.0, 253]
14:53:07.427511 ACC: [9, 20, 517]
[1500, 1499, 988, 1500, 988, 988, 988, 988, 1001, 1001, 1001, 1001, 1500, 1500, 1500, 1500]
[1500, 1500, 988, 1500, 988, 988, 988, 988, 1001, 1001, 1001, 1001, 1500, 1500, 1500, 1500]
[1500, 1500, 988, 1500, 988, 988, 988, 988, 1001, 1001, 1001, 1001, 1500, 1500, 1500, 1500]
[1500, 1500, 988, 1500, 988, 988, 988, 988, 1001, 1001, 1001, 1001, 1500, 1500, 1500, 1500]
[1500, 1500, 988, 1500, 988, 988, 988, 988, 1001, 1001, 1001, 1001, 1500, 1500, 1500, 1500]
[1500, 1500, 988, 1500, 988, 988, 988, 988, 1001, 1001, 1001, 1001, 1500, 1500, 1500, 1500]
[1500, 1500, 988, 1500, 988, 988, 988, 988, 1001, 1001, 1001, 1001, 1500, 1500, 1500, 1500]
14:53:07.473456 ALT: 0.73
14:53:07.473620 ATT: [2.2, -1.0, 253]
14:53:07.474405 ACC: [9, 20, 517]
[1500, 1500, 988, 1500, 988, 988, 988, 988, 1001, 1001, 1001, 1001, 1500, 1500, 1500, 1500]
[1500, 1500, 988, 1500, 988, 988, 988, 988, 1001, 1001, 1001, 1001, 1500, 1500, 1500, 1500]
[1500, 1500, 988, 1500, 988, 988, 988, 988, 1001, 1001, 1001, 1001, 1500, 1500, 1500, 1500]
[1500, 1500, 988, 1500, 988, 988, 988, 988, 1001, 1001, 1001, 1001, 1500, 1500, 1500, 1500]
[1500, 1500, 988, 1500, 988, 988, 988, 988, 1001, 1001, 1001, 1001, 1500, 1500, 1500, 1500]
[1500, 1500, 988, 1500, 988, 988, 988, 988, 1001, 1001, 1001, 1001, 1500, 1500, 1500, 1500]
14:53:07.520997 ALT: 0.73
14:53:07.521129 ATT: [2.2, -1.0, 253]
14:53:07.521469 ACC: [9, 20, 518]
[1500, 1500, 988, 1500, 988, 988, 988, 988, 1001, 1001, 1001, 1001, 1500, 1500, 1500, 1500]
[1500, 1500, 988, 1499, 988, 988, 988, 988, 1001, 1001, 1001, 1001, 1500, 1500, 1500, 1500]
[1500, 1500, 988, 1499, 988, 988, 988, 988, 1001, 1001, 1001, 1001, 1500, 1500, 1500, 1500]
[1500, 1500, 988, 1499, 988, 988, 988, 988, 1001, 1001, 1001, 1001, 1500, 1500, 1500, 1500]
[1500, 1500, 989, 1499, 988, 988, 988, 988, 1001, 1001, 1001, 1001, 1500, 1500, 1500, 1500]
[1500, 1500, 989, 1499, 988, 988, 988, 988, 1001, 1001, 1001, 1001, 1500, 1500, 1500, 1500]
[1500, 1500, 989, 1499, 988, 988, 988, 988, 1001, 1001, 1001, 1001, 1500, 1500, 1500, 1500]
[1500, 1500, 988, 1500, 988, 988, 988, 988, 1001, 1001, 1001, 1001, 1500, 1500, 1500, 1500]
14:53:07.570415 ALT: 0.73
14:53:07.570527 ATT: [2.2, -1.0, 253]
14:53:07.570849 ACC: [9, 20, 518]
[1500, 1500, 988, 1500, 988, 988, 988, 988, 1001, 1001, 1001, 1001, 1500, 1500, 1500, 1500]
[1500, 1499, 988, 1500, 988, 988, 988, 988, 1001, 1001, 1001, 1001, 1500, 1500, 1500, 1500]
[1500, 1499, 988, 1500, 988, 988, 988, 988, 1001, 1001, 1001, 1001, 1500, 1500, 1500, 1500]
[1500, 1499, 988, 1500, 988, 988, 988, 988, 1001, 1001, 1001, 1001, 1500, 1500, 1500, 1500]
[1500, 1500, 988, 1500, 988, 988, 988, 988, 1001, 1001, 1001, 1001, 1500, 1500, 1500, 1500]
[1500, 1500, 988, 1500, 988, 988, 988, 988, 1001, 1001, 1001, 1001, 1500, 1500, 1500, 1500]
[1500, 1500, 988, 1500, 988, 988, 988, 988, 1001, 1001, 1001, 1001, 1500, 1500, 1500, 1500]
[1500, 1500, 988, 1500, 988, 988, 988, 988, 1001, 1001, 1001, 1001, 1500, 1500, 1500, 1500]
14:53:07.620198 ALT: 0.73
14:53:07.620335 ATT: [2.2, -1.0, 253]
14:53:07.621705 ACC: [9, 20, 517]
[1500, 1500, 988, 1500, 988, 988, 988, 988, 1001, 1001, 1001, 1001, 1500, 1500, 1500, 1500]
[1500, 1500, 988, 1500, 988, 988, 988, 988, 1001, 1001, 1001, 1001, 1500, 1500, 1500, 1500]
[1500, 1500, 988, 1500, 988, 988, 988, 988, 1001, 1001, 1001, 1001, 1500, 1500, 1500, 1500]
[1500, 1500, 988, 1500, 988, 988, 988, 988, 1001, 1001, 1001, 1001, 1500, 1500, 1500, 1500]
[1500, 1500, 988, 1500, 988, 988, 988, 988, 1001, 1001, 1001, 1001, 1500, 1500, 1500, 1500]
[1500, 1500, 988, 1500, 988, 988, 988, 988, 1001, 1001, 1001, 1001, 1500, 1500, 1500, 1500]
14:53:07.665209 ALT: 0.73
14:53:07.665312 ATT: [2.2, -1.0, 253]
14:53:07.665582 ACC: [9, 20, 517]
[1500, 1500, 988, 1500, 988, 988, 988, 988, 1001, 1001, 1001, 1001, 1500, 1500, 1500, 1500]
[1500, 1500, 988, 1500, 988, 988, 988, 988, 1001, 1001, 1001, 1001, 1500, 1500, 1500, 1500]
[1500, 1499, 988, 1500, 988, 988, 988, 988, 1001, 1001, 1001, 1001, 1500, 1500, 1500, 1500]
[1500, 1499, 988, 1500, 988, 988, 989, 986, 1001, 1001, 1001, 1001, 1500, 1500, 1500, 1500]
[1500, 1499, 988, 1500, 988, 988, 989, 986, 1001, 1001, 1001, 1001, 1500, 1500, 1500, 1500]
[1500, 1499, 988, 1500, 988, 988, 989, 986, 1001, 1001, 1001, 1001, 1500, 1500, 1500, 1500]
[1500, 1499, 988, 1500, 988, 988, 988, 988, 1001, 1001, 1001, 1001, 1500, 1500, 1500, 1500]
[1500, 1499, 988, 1500, 988, 988, 988, 988, 1001, 1001, 1001, 1001, 1500, 1500, 1500, 1500]
14:53:07.712943 ALT: 0.73
14:53:07.713050 ATT: [2.2, -1.0, 253]
14:53:07.713419 ACC: [9, 20, 518]
[1500, 1500, 988, 1500, 988, 988, 988, 988, 1001, 1001, 1001, 1001, 1500, 1500, 1500, 1500]
[1500, 1500, 988, 1499, 988, 988, 988, 988, 1001, 1001, 1001, 1001, 1500, 1500, 1500, 1500]
[1500, 1500, 988, 1499, 988, 988, 988, 988, 1001, 1001, 1001, 1001, 1500, 1500, 1500, 1500]
[1500, 1499, 988, 1499, 988, 988, 988, 988, 1001, 1001, 1001, 1001, 1500, 1500, 1500, 1500]
[1500, 1499, 988, 1500, 988, 988, 988, 988, 1001, 1001, 1001, 1001, 1500, 1500, 1500, 1500]
[1500, 1499, 988, 1500, 988, 988, 988, 988, 1001, 1001, 1001, 1001, 1500, 1500, 1500, 1500]
[1500, 1499, 988, 1500, 988, 988, 988, 988, 1001, 1001, 1001, 1001, 1500, 1500, 1500, 1500]
14:53:07.762246 ALT: 0.73
14:53:07.762364 ATT: [2.2, -1.0, 253]
14:53:07.762686 ACC: [9, 20, 517]
[1500, 1499, 988, 1500, 988, 988, 988, 988, 1001, 1001, 1001, 1001, 1500, 1500, 1500, 1500]
[1500, 1499, 988, 1500, 988, 988, 988, 988, 1001, 1001, 1001, 1001, 1500, 1500, 1500, 1500]
[1499, 1500, 988, 1500, 988, 988, 988, 988, 1001, 1001, 1001, 1001, 1500, 1500, 1500, 1500]
[1499, 1500, 988, 1500, 988, 988, 988, 988, 1001, 1001, 1001, 1001, 1500, 1500, 1500, 1500]
[1499, 1500, 988, 1500, 988, 988, 988, 988, 1001, 1001, 1001, 1001, 1500, 1500, 1500, 1500]
[1500, 1499, 988, 1500, 988, 988, 988, 988, 1001, 1001, 1001, 1001, 1500, 1500, 1500, 1500]
[1500, 1499, 988, 1499, 988, 988, 988, 988, 1001, 1001, 1001, 1001, 1500, 1500, 1500, 1500]
14:53:07.809491 ALT: 0.73
14:53:07.809638 ATT: [2.2, -1.0, 253]
14:53:07.810312 ACC: [9, 20, 517]
[1500, 1499, 988, 1499, 988, 988, 988, 988, 1001, 1001, 1001, 1001, 1500, 1500, 1500, 1500]
[1500, 1499, 988, 1499, 988, 988, 988, 988, 1001, 1001, 1001, 1001, 1500, 1500, 1500, 1500]
[1500, 1499, 988, 1499, 988, 988, 988, 988, 1001, 1001, 1001, 1001, 1500, 1500, 1500, 1500]
[1500, 1499, 988, 1499, 988, 988, 988, 988, 1001, 1001, 1001, 1001, 1500, 1500, 1500, 1500]
[1500, 1500, 988, 1499, 988, 988, 988, 988, 1001, 1001, 1001, 1001, 1500, 1500, 1500, 1500]
[1500, 1500, 988, 1500, 988, 988, 988, 988, 1001, 1001, 1001, 1001, 1500, 1500, 1500, 1500]
[1500, 1500, 988, 1500, 988, 988, 988, 988, 1001, 1001, 1001, 1001, 1500, 1500, 1500, 1500]
14:53:07.857019 ALT: 0.73
14:53:07.857204 ATT: [2.2, -1.0, 253]
14:53:07.861415 ACC: [9, 20, 517]
[1500, 1500, 988, 1500, 988, 988, 988, 988, 1001, 1001, 1001, 1001, 1500, 1500, 1500, 1500]
[1500, 1500, 988, 1500, 988, 988, 988, 988, 1001, 1001, 1001, 1001, 1500, 1500, 1500, 1500]
[1500, 1500, 988, 1500, 988, 988, 988, 988, 1001, 1001, 1001, 1001, 1500, 1500, 1500, 1500]
[1500, 1499, 988, 1500, 988, 988, 988, 988, 1001, 1001, 1001, 1001, 1500, 1500, 1500, 1500]
[1500, 1499, 988, 1500, 988, 988, 988, 988, 1001, 1001, 1001, 1001, 1500, 1500, 1500, 1500]
[1500, 1499, 988, 1500, 988, 988, 988, 988, 1001, 1001, 1001, 1001, 1500, 1500, 1500, 1500]
[1500, 1499, 988, 1500, 988, 988, 988, 988, 1001, 1001, 1001, 1001, 1500, 1500, 1500, 1500]
[1500, 1499, 988, 1499, 988, 988, 988, 988, 1001, 1001, 1001, 1001, 1500, 1500, 1500, 1500]
[1500, 1499, 988, 1499, 988, 988, 988, 988, 1001, 1001, 1001, 1001, 1500, 1500, 1500, 1500]
14:53:07.909418 ALT: 0.73
14:53:07.909524 ATT: [2.2, -1.0, 253]
14:53:07.909844 ACC: [9, 21, 517]
[1500, 1500, 988, 1499, 988, 988, 988, 988, 1001, 1001, 1001, 1001, 1500, 1500, 1500, 1500]
[1500, 1500, 988, 1500, 988, 988, 988, 988, 1001, 1001, 1001, 1001, 1500, 1500, 1500, 1500]
[1500, 1500, 988, 1500, 988, 988, 988, 988, 1001, 1001, 1001, 1001, 1500, 1500, 1500, 1500]
[1500, 1499, 988, 1500, 988, 988, 988, 988, 1001, 1001, 1001, 1001, 1500, 1500, 1500, 1500]
[1500, 1499, 988, 1499, 988, 988, 988, 988, 1001, 1001, 1001, 1001, 1500, 1500, 1500, 1500]
[1500, 1499, 988, 1499, 988, 988, 988, 988, 1001, 1001, 1001, 1001, 1500, 1500, 1500, 1500]
[1500, 1500, 988, 1499, 988, 988, 988, 988, 1001, 1001, 1001, 1001, 1500, 1500, 1500, 1500]
[1500, 1500, 988, 1500, 988, 988, 988, 988, 1001, 1001, 1001, 1001, 1500, 1500, 1500, 1500]
14:53:07.964661 ALT: 0.73
14:53:07.964952 ATT: [2.2, -1.0, 253]
14:53:07.966056 ACC: [9, 20, 518]
[1500, 1500, 988, 1500, 988, 988, 988, 988, 1001, 1001, 1001, 1001, 1500, 1500, 1500, 1500]
[1500, 1500, 988, 1500, 988, 988, 988, 988, 1001, 1001, 1001, 1001, 1500, 1500, 1500, 1500]
[1500, 1500, 988, 1500, 988, 988, 988, 988, 1001, 1001, 1001, 1001, 1500, 1500, 1500, 1500]
[1500, 1500, 988, 1500, 988, 988, 988, 988, 1001, 1001, 1001, 1001, 1500, 1500, 1500, 1500]
[1500, 1499, 988, 1500, 988, 988, 988, 988, 1001, 1001, 1001, 1001, 1500, 1500, 1500, 1500]
[1500, 1499, 988, 1500, 988, 988, 988, 988, 1001, 1001, 1001, 1001, 1500, 1500, 1500, 1500]
[1500, 1499, 988, 1500, 988, 988, 988, 988, 1001, 1001, 1001, 1001, 1500, 1500, 1500, 1500]
[1499, 1500, 988, 1500, 988, 988, 988, 988, 1001, 1001, 1001, 1001, 1500, 1500, 1500, 1500]
14:53:08.020733 ALT: 0.73
14:53:08.020943 ATT: [2.2, -1.0, 253]
14:53:08.021664 ACC: [9, 20, 518]
[1499, 1500, 988, 1499, 988, 988, 988, 988, 1001, 1001, 1001, 1001, 1500, 1500, 1500, 1500]
[1499, 1500, 988, 1499, 988, 988, 988, 988, 1001, 1001, 1001, 1001, 1500, 1500, 1500, 1500]
[1500, 1500, 988, 1499, 988, 988, 988, 988, 1001, 1001, 1001, 1001, 1500, 1500, 1500, 1500]
[1500, 1500, 988, 1500, 988, 988, 988, 988, 1001, 1001, 1001, 1001, 1500, 1500, 1500, 1500]
[1500, 1500, 988, 1500, 988, 988, 988, 988, 1001, 1001, 1001, 1001, 1500, 1500, 1500, 1500]
[1499, 1500, 988, 1500, 988, 988, 988, 988, 1001, 1001, 1001, 1001, 1500, 1500, 1500, 1500]
[1499, 1500, 988, 1500, 988, 988, 988, 988, 1001, 1001, 1001, 1001, 1500, 1500, 1500, 1500]
[1499, 1500, 988, 1500, 988, 988, 988, 988, 1001, 1001, 1001, 1001, 1500, 1500, 1500, 1500]
14:53:08.069933 ALT: 0.73
14:53:08.070062 ATT: [2.2, -1.0, 253]
14:53:08.070370 ACC: [9, 20, 518]
[1500, 1499, 988, 1500, 988, 988, 988, 988, 1001, 1001, 1001, 1001, 1500, 1500, 1500, 1500]
[1500, 1499, 988, 1500, 988, 988, 988, 988, 1001, 1001, 1001, 1001, 1500, 1500, 1500, 1500]
[1500, 1499, 988, 1500, 988, 988, 988, 988, 1001, 1001, 1001, 1001, 1500, 1500, 1500, 1500]
[1500, 1500, 988, 1500, 988, 988, 988, 988, 1001, 1001, 1001, 1001, 1500, 1500, 1500, 1500]
[1500, 1500, 988, 1500, 988, 988, 988, 988, 1001, 1001, 1001, 1001, 1500, 1500, 1500, 1500]
[1500, 1500, 988, 1500, 988, 988, 988, 988, 1001, 1001, 1001, 1001, 1500, 1500, 1500, 1500]
14:53:08.112903 ALT: 0.73
14:53:08.113023 ATT: [2.2, -1.0, 253]
14:53:08.113357 ACC: [10, 20, 518]
[1500, 1499, 988, 1500, 988, 988, 988, 988, 1001, 1001, 1001, 1001, 1500, 1500, 1500, 1500]
[1500, 1499, 988, 1499, 988, 988, 988, 988, 1001, 1001, 1001, 1001, 1500, 1500, 1500, 1500]
[1500, 1499, 988, 1499, 988, 988, 988, 988, 1001, 1001, 1001, 1001, 1500, 1500, 1500, 1500]
[1500, 1499, 988, 1499, 988, 988, 988, 988, 1001, 1001, 1001, 1001, 1500, 1500, 1500, 1500]
[1500, 1499, 988, 1500, 988, 988, 988, 988, 1001, 1001, 1001, 1001, 1500, 1500, 1500, 1500]
[1500, 1499, 988, 1500, 988, 988, 988, 988, 1001, 1001, 1001, 1001, 1500, 1500, 1500, 1500]
[1500, 1499, 988, 1500, 988, 988, 988, 988, 1001, 1001, 1001, 1001, 1500, 1500, 1500, 1500]
[1500, 1499, 988, 1500, 988, 988, 988, 988, 1001, 1001, 1001, 1001, 1500, 1500, 1500, 1500]
[1500, 1499, 988, 1500, 988, 988, 988, 988, 1001, 1001, 1001, 1001, 1500, 1500, 1500, 1500]
[1500, 1500, 988, 1500, 988, 988, 988, 988, 1001, 1001, 1001, 1001, 1500, 1500, 1500, 1500]
14:53:08.178261 ALT: 0.73
14:53:08.178378 ATT: [2.2, -1.0, 253]
14:53:08.178672 ACC: [9, 20, 517]
[1500, 1500, 988, 1500, 988, 988, 988, 988, 1001, 1001, 1001, 1001, 1500, 1500, 1500, 1500]
[1500, 1500, 988, 1500, 988, 988, 988, 988, 1001, 1001, 1001, 1001, 1500, 1500, 1500, 1500]
[1500, 1500, 988, 1500, 988, 988, 988, 988, 1001, 1001, 1001, 1001, 1500, 1500, 1500, 1500]
[1500, 1500, 988, 1500, 988, 988, 988, 988, 1001, 1001, 1001, 1001, 1500, 1500, 1500, 1500]
[1500, 1500, 988, 1500, 988, 988, 988, 988, 1001, 1001, 1001, 1001, 1500, 1500, 1500, 1500]
[1500, 1499, 988, 1500, 988, 988, 988, 988, 1001, 1001, 1001, 1001, 1500, 1500, 1500, 1500]
[1500, 1499, 988, 1499, 988, 988, 988, 988, 1001, 1001, 1001, 1001, 1500, 1500, 1500, 1500]
[1500, 1499, 988, 1499, 988, 988, 988, 988, 1001, 1001, 1001, 1001, 1500, 1500, 1500, 1500]
14:53:08.238840 ALT: 0.73
14:53:08.238959 ATT: [2.2, -1.0, 253]
14:53:08.239289 ACC: [9, 20, 517]
[1500, 1500, 988, 1499, 988, 988, 988, 988, 1001, 1001, 1001, 1001, 1500, 1500, 1500, 1500]
[1500, 1500, 988, 1500, 988, 988, 988, 988, 1001, 1001, 1001, 1001, 1500, 1500, 1500, 1500]
[1500, 1500, 988, 1500, 988, 988, 988, 988, 1001, 1001, 1001, 1001, 1500, 1500, 1500, 1500]
[1500, 1500, 988, 1500, 988, 988, 988, 988, 1001, 1001, 1001, 1001, 1500, 1500, 1500, 1500]
[1500, 1500, 988, 1500, 986, 988, 988, 988, 1001, 1001, 1001, 1001, 1500, 1500, 1500, 1500]
[1500, 1500, 988, 1500, 986, 988, 988, 988, 1001, 1001, 1001, 1001, 1500, 1500, 1500, 1500]
[1500, 1500, 988, 1500, 986, 988, 988, 988, 1001, 1001, 1001, 1001, 1500, 1500, 1500, 1500]
[1500, 1500, 988, 1500, 988, 988, 988, 988, 1001, 1001, 1001, 1001, 1500, 1500, 1500, 1500]
14:53:08.290138 ALT: 0.73
14:53:08.290274 ATT: [2.2, -1.0, 253]
14:53:08.290600 ACC: [9, 20, 517]
[1500, 1500, 988, 1500, 988, 988, 988, 988, 1001, 1001, 1001, 1001, 1500, 1500, 1500, 1500]
[1500, 1501, 988, 1500, 988, 988, 988, 988, 1001, 1001, 1001, 1001, 1500, 1500, 1500, 1500]
[1500, 1501, 985, 1499, 988, 988, 988, 989, 1001, 1001, 1001, 1001, 1500, 1500, 1500, 1500]
[1500, 1501, 985, 1499, 988, 988, 988, 989, 1001, 1001, 1001, 1001, 1500, 1500, 1500, 1500]
[1500, 1500, 985, 1499, 988, 988, 988, 989, 1001, 1001, 1001, 1001, 1500, 1500, 1500, 1500]
[1500, 1500, 988, 1500, 988, 988, 988, 988, 1001, 1001, 1001, 1001, 1500, 1500, 1500, 1500]
[1500, 1500, 988, 1500, 988, 988, 988, 988, 1001, 1001, 1001, 1001, 1500, 1500, 1500, 1500]
14:53:08.340861 ALT: 0.73
14:53:08.340964 ATT: [2.2, -1.0, 253]
14:53:08.341351 ACC: [9, 20, 517]
[1500, 1499, 988, 1500, 988, 988, 988, 988, 1001, 1001, 1001, 1001, 1500, 1500, 1500, 1500]
[1500, 1499, 988, 1500, 988, 988, 988, 988, 1001, 1001, 1001, 1001, 1500, 1500, 1500, 1500]
[1500, 1499, 988, 1500, 988, 988, 988, 988, 1001, 1001, 1001, 1001, 1500, 1500, 1500, 1500]
[1500, 1500, 988, 1500, 988, 988, 988, 988, 1001, 1001, 1001, 1001, 1500, 1500, 1500, 1500]
[1500, 1500, 988, 1500, 988, 988, 988, 988, 1001, 1001, 1001, 1001, 1500, 1500, 1500, 1500]
[1500, 1500, 988, 1500, 988, 988, 988, 988, 1001, 1001, 1001, 1001, 1500, 1500, 1500, 1500]
[1499, 1500, 988, 1500, 988, 988, 988, 988, 1001, 1001, 1001, 1001, 1500, 1500, 1500, 1500]
[1499, 1500, 988, 1500, 988, 988, 988, 988, 1001, 1001, 1001, 1001, 1500, 1500, 1500, 1500]
14:53:08.385573 ALT: 0.73
14:53:08.385688 ATT: [2.2, -1.0, 253]
14:53:08.385993 ACC: [9, 20, 517]
[1499, 1500, 988, 1500, 988, 988, 988, 988, 1001, 1001, 1001, 1001, 1500, 1500, 1500, 1500]
[1500, 1500, 988, 1500, 988, 988, 988, 988, 1001, 1001, 1001, 1001, 1500, 1500, 1500, 1500]
[1500, 1500, 988, 1500, 988, 988, 988, 988, 1001, 1001, 1001, 1001, 1500, 1500, 1500, 1500]
[1500, 1500, 988, 1500, 988, 988, 988, 988, 1001, 1001, 1001, 1001, 1500, 1500, 1500, 1500]
[1500, 1500, 988, 1500, 988, 988, 988, 988, 1001, 1001, 1001, 1001, 1500, 1500, 1500, 1500]
[1500, 1500, 988, 1499, 988, 988, 988, 988, 1001, 1001, 1001, 1001, 1500, 1500, 1500, 1500]
14:53:08.435941 ALT: 0.73
14:53:08.436051 ATT: [2.2, -1.0, 253]
14:53:08.436323 ACC: [10, 21, 518]
[1500, 1500, 988, 1499, 988, 988, 988, 988, 1001, 1001, 1001, 1001, 1500, 1500, 1500, 1500]
[1500, 1500, 988, 1499, 988, 988, 988, 988, 1001, 1001, 1001, 1001, 1500, 1500, 1500, 1500]
[1500, 1500, 988, 1499, 988, 988, 988, 988, 1001, 1001, 1001, 1001, 1500, 1500, 1500, 1500]
[1500, 1500, 988, 1499, 988, 988, 988, 988, 1001, 1001, 1001, 1001, 1500, 1500, 1500, 1500]
[1500, 1500, 988, 1499, 988, 988, 988, 988, 1001, 1001, 1001, 1001, 1500, 1500, 1500, 1500]
[1500, 1500, 988, 1500, 988, 988, 988, 988, 1001, 1001, 1001, 1001, 1500, 1500, 1500, 1500]
[1500, 1500, 988, 1500, 988, 988, 988, 988, 1001, 1001, 1001, 1001, 1500, 1500, 1500, 1500]
[1500, 1500, 988, 1500, 988, 988, 988, 988, 1001, 1001, 1001, 1001, 1500, 1500, 1500, 1500]
14:53:08.481012 ALT: 0.73
14:53:08.481164 ATT: [2.2, -1.0, 253]
14:53:08.481488 ACC: [9, 20, 518]
[1500, 1500, 988, 1499, 988, 988, 988, 988, 1001, 1001, 1001, 1001, 1500, 1500, 1500, 1500]
[1500, 1500, 988, 1499, 988, 988, 988, 988, 1001, 1001, 1001, 1001, 1500, 1500, 1500, 1500]
[1500, 1500, 988, 1499, 988, 988, 988, 988, 1001, 1001, 1001, 1001, 1500, 1500, 1500, 1500]
[1500, 1500, 988, 1500, 988, 988, 988, 988, 1001, 1001, 1001, 1001, 1500, 1500, 1500, 1500]
[1500, 1500, 988, 1500, 988, 988, 988, 988, 1001, 1001, 1001, 1001, 1500, 1500, 1500, 1500]
[1500, 1500, 988, 1500, 988, 988, 988, 988, 1001, 1001, 1001, 1001, 1500, 1500, 1500, 1500]
[1500, 1500, 988, 1500, 988, 988, 988, 988, 1001, 1001, 1001, 1001, 1500, 1500, 1500, 1500]
14:53:08.535010 ALT: 0.73
14:53:08.535188 ATT: [2.2, -1.0, 253]
14:53:08.535621 ACC: [9, 20, 517]
[1500, 1500, 988, 1500, 988, 988, 988, 988, 1001, 1001, 1001, 1001, 1500, 1500, 1500, 1500]
[1500, 1500, 988, 1500, 988, 988, 988, 988, 1001, 1001, 1001, 1001, 1500, 1500, 1500, 1500]
[1500, 1500, 988, 1500, 988, 988, 988, 988, 1001, 1001, 1001, 1001, 1500, 1500, 1500, 1500]
[1500, 1500, 988, 1500, 988, 988, 988, 988, 1001, 1001, 1001, 1001, 1500, 1500, 1500, 1500]
[1500, 1500, 988, 1500, 988, 988, 988, 988, 1001, 1001, 1001, 1001, 1500, 1500, 1500, 1500]
[1500, 1500, 988, 1500, 988, 988, 988, 988, 1001, 1001, 1001, 1001, 1500, 1500, 1500, 1500]
[1500, 1500, 988, 1500, 988, 988, 988, 988, 1001, 1001, 1001, 1001, 1500, 1500, 1500, 1500]
[1500, 1500, 988, 1500, 988, 988, 988, 988, 1001, 1001, 1001, 1001, 1500, 1500, 1500, 1500]
14:53:08.577205 ALT: 0.73
14:53:08.577322 ATT: [2.2, -1.0, 253]
14:53:08.577617 ACC: [9, 20, 517]
[1500, 1500, 988, 1500, 988, 988, 988, 988, 1001, 1001, 1001, 1001, 1500, 1500, 1500, 1500]
[1500, 1500, 988, 1500, 988, 988, 988, 988, 1001, 1001, 1001, 1001, 1500, 1500, 1500, 1500]
[1500, 1500, 988, 1500, 988, 988, 988, 988, 1001, 1001, 1001, 1001, 1500, 1500, 1500, 1500]
[1500, 1500, 988, 1500, 988, 988, 988, 988, 1001, 1001, 1001, 1001, 1500, 1500, 1500, 1500]
[1500, 1500, 988, 1500, 988, 988, 988, 988, 1001, 1001, 1001, 1001, 1500, 1500, 1500, 1500]
[1500, 1500, 988, 1500, 988, 988, 988, 988, 1001, 1001, 1001, 1001, 1500, 1500, 1500, 1500]
[1500, 1500, 988, 1500, 988, 988, 988, 988, 1001, 1001, 1001, 1001, 1500, 1500, 1500, 1500]
14:53:08.625763 ALT: 0.73
14:53:08.625882 ATT: [2.2, -1.0, 253]
14:53:08.626284 ACC: [9, 20, 517]
[1500, 1500, 988, 1500, 988, 988, 988, 988, 1001, 1001, 1001, 1001, 1500, 1500, 1500, 1500]
[1500, 1500, 988, 1500, 988, 988, 988, 988, 1001, 1001, 1001, 1001, 1500, 1500, 1500, 1500]
[1500, 1500, 988, 1500, 988, 988, 988, 988, 1001, 1001, 1001, 1001, 1500, 1500, 1500, 1500]
[1500, 1500, 988, 1500, 988, 988, 988, 988, 1001, 1001, 1001, 1001, 1500, 1500, 1500, 1500]
[1500, 1499, 988, 1500, 988, 988, 988, 988, 1001, 1001, 1001, 1001, 1500, 1500, 1500, 1500]
[1500, 1499, 988, 1500, 988, 988, 988, 988, 1001, 1001, 1001, 1001, 1500, 1500, 1500, 1500]
[1500, 1499, 988, 1500, 988, 988, 988, 988, 1001, 1001, 1001, 1001, 1500, 1500, 1500, 1500]
14:53:08.673952 ALT: 0.73
14:53:08.674056 ATT: [2.2, -1.0, 253]
14:53:08.674429 ACC: [9, 20, 517]
[1500, 1500, 988, 1500, 988, 988, 988, 988, 1001, 1001, 1001, 1001, 1500, 1500, 1500, 1500]
[1500, 1500, 988, 1500, 988, 988, 988, 988, 1001, 1001, 1001, 1001, 1500, 1500, 1500, 1500]
[1500, 1500, 988, 1500, 988, 988, 988, 988, 1001, 1001, 1001, 1001, 1500, 1500, 1500, 1500]
[1500, 1500, 988, 1500, 988, 988, 988, 988, 1001, 1001, 1001, 1001, 1500, 1500, 1500, 1500]
[1500, 1500, 988, 1500, 988, 988, 988, 988, 1001, 1001, 1001, 1001, 1500, 1500, 1500, 1500]
[1500, 1500, 988, 1500, 988, 988, 988, 988, 1001, 1001, 1001, 1001, 1500, 1500, 1500, 1500]
[1500, 1500, 988, 1500, 988, 988, 988, 988, 1001, 1001, 1001, 1001, 1500, 1500, 1500, 1500]
[1500, 1500, 988, 1500, 988, 988, 988, 988, 1001, 1001, 1001, 1001, 1500, 1500, 1500, 1500]
14:53:08.724559 ALT: 0.73
14:53:08.724671 ATT: [2.2, -1.0, 253]
14:53:08.725016 ACC: [9, 21, 518]
[1500, 1500, 988, 1500, 988, 988, 988, 988, 1001, 1001, 1001, 1001, 1500, 1500, 1500, 1500]
[1500, 1500, 988, 1500, 988, 988, 988, 988, 1001, 1001, 1001, 1001, 1500, 1500, 1500, 1500]
[1500, 1500, 988, 1500, 988, 988, 988, 988, 1001, 1001, 1001, 1001, 1500, 1500, 1500, 1500]
[1500, 1500, 988, 1500, 988, 988, 988, 988, 1001, 1001, 1001, 1001, 1500, 1500, 1500, 1500]
[1500, 1500, 988, 1500, 988, 988, 988, 988, 1001, 1001, 1001, 1001, 1500, 1500, 1500, 1500]
[1500, 1500, 988, 1500, 988, 988, 988, 988, 1001, 1001, 1001, 1001, 1500, 1500, 1500, 1500]
[1500, 1500, 988, 1500, 988, 988, 988, 988, 1001, 1001, 1001, 1001, 1500, 1500, 1500, 1500]
14:53:08.769717 ALT: 0.73
14:53:08.769842 ATT: [2.2, -1.0, 253]
14:53:08.770184 ACC: [9, 20, 517]
[1500, 1500, 988, 1500, 988, 988, 988, 988, 1001, 1001, 1001, 1001, 1500, 1500, 1500, 1500]
[1500, 1500, 988, 1500, 988, 988, 988, 988, 1001, 1001, 1001, 1001, 1500, 1500, 1500, 1500]
[1500, 1500, 988, 1500, 988, 988, 988, 988, 1001, 1001, 1001, 1001, 1500, 1500, 1500, 1500]
[1500, 1500, 988, 1500, 988, 988, 988, 988, 1001, 1001, 1001, 1001, 1500, 1500, 1500, 1500]
[1500, 1500, 988, 1500, 988, 988, 988, 988, 1001, 1001, 1001, 1001, 1500, 1500, 1500, 1500]
[1500, 1500, 988, 1500, 988, 988, 988, 988, 1001, 1001, 1001, 1001, 1500, 1500, 1500, 1500]
[1500, 1500, 988, 1500, 988, 988, 988, 988, 1001, 1001, 1001, 1001, 1500, 1500, 1500, 1500]
14:53:08.817460 ALT: 0.73
14:53:08.817565 ATT: [2.2, -1.0, 253]
14:53:08.817917 ACC: [9, 20, 517]
[1500, 1500, 988, 1500, 988, 988, 988, 988, 1001, 1001, 1001, 1001, 1500, 1500, 1500, 1500]
[1500, 1500, 988, 1500, 988, 988, 988, 988, 1001, 1001, 1001, 1001, 1500, 1500, 1500, 1500]
[1499, 1500, 988, 1500, 988, 988, 988, 988, 1001, 1001, 1001, 1001, 1500, 1500, 1500, 1500]
[1499, 1500, 988, 1500, 988, 988, 988, 988, 1001, 1001, 1001, 1001, 1500, 1500, 1500, 1500]
[1499, 1500, 988, 1500, 988, 988, 988, 988, 1001, 1001, 1001, 1001, 1500, 1500, 1500, 1500]
[1500, 1500, 988, 1500, 988, 988, 988, 988, 1001, 1001, 1001, 1001, 1500, 1500, 1500, 1500]
[1500, 1500, 988, 1500, 988, 988, 988, 988, 1001, 1001, 1001, 1001, 1500, 1500, 1500, 1500]
14:53:08.865207 ALT: 0.73
14:53:08.865328 ATT: [2.2, -1.0, 253]
14:53:08.865614 ACC: [9, 20, 518]
[1500, 1500, 988, 1500, 988, 988, 988, 988, 1001, 1001, 1001, 1001, 1500, 1500, 1500, 1500]
[1500, 1500, 988, 1500, 988, 988, 988, 988, 1001, 1001, 1001, 1001, 1500, 1500, 1500, 1500]
[1500, 1500, 988, 1500, 988, 988, 988, 988, 1001, 1001, 1001, 1001, 1500, 1500, 1500, 1500]
[1500, 1500, 988, 1500, 988, 988, 988, 988, 1001, 1001, 1001, 1001, 1500, 1500, 1500, 1500]
[1501, 1497, 988, 1500, 988, 988, 988, 988, 1001, 1001, 1001, 1001, 1500, 1500, 1500, 1500]
[1501, 1497, 988, 1500, 988, 988, 988, 988, 1001, 1001, 1001, 1001, 1500, 1500, 1500, 1500]
[1501, 1497, 988, 1500, 988, 988, 988, 988, 1001, 1001, 1001, 1001, 1500, 1500, 1500, 1500]
14:53:08.913206 ALT: 0.73
14:53:08.913313 ATT: [2.2, -1.0, 253]
14:53:08.913599 ACC: [9, 20, 517]
[1500, 1500, 988, 1500, 988, 988, 988, 988, 1001, 1001, 1001, 1001, 1500, 1500, 1500, 1500]
[1500, 1500, 988, 1499, 988, 988, 988, 988, 1001, 1001, 1001, 1001, 1500, 1500, 1500, 1500]
[1500, 1500, 988, 1499, 988, 988, 988, 988, 1001, 1001, 1001, 1001, 1500, 1500, 1500, 1500]
[1500, 1500, 988, 1499, 988, 988, 988, 988, 1001, 1001, 1001, 1001, 1500, 1500, 1500, 1500]
[1500, 1500, 988, 1500, 988, 988, 988, 988, 1001, 1001, 1001, 1001, 1500, 1500, 1500, 1500]
[1500, 1500, 988, 1500, 988, 988, 988, 988, 1001, 1001, 1001, 1001, 1500, 1500, 1500, 1500]
[1500, 1499, 988, 1500, 988, 988, 988, 988, 1001, 1001, 1001, 1001, 1500, 1500, 1500, 1500]
[1500, 1499, 988, 1500, 988, 988, 988, 988, 1001, 1001, 1001, 1001, 1500, 1500, 1500, 1500]
14:53:08.961721 ALT: 0.73
14:53:08.961851 ATT: [2.2, -1.0, 253]
14:53:08.962254 ACC: [9, 20, 517]
[1500, 1499, 988, 1500, 988, 988, 988, 988, 1001, 1001, 1001, 1001, 1500, 1500, 1500, 1500]
[1500, 1500, 988, 1500, 988, 988, 988, 988, 1001, 1001, 1001, 1001, 1500, 1500, 1500, 1500]
[1500, 1500, 988, 1500, 988, 988, 988, 988, 1001, 1001, 1001, 1001, 1500, 1500, 1500, 1500]
[1500, 1500, 988, 1500, 988, 988, 988, 988, 1001, 1001, 1001, 1001, 1500, 1500, 1500, 1500]
[1500, 1500, 988, 1500, 988, 988, 988, 988, 1001, 1001, 1001, 1001, 1500, 1500, 1500, 1500]
[1500, 1500, 988, 1500, 988, 988, 988, 989, 1001, 1001, 1001, 1001, 1500, 1500, 1500, 1500]
[1500, 1500, 988, 1500, 988, 988, 988, 989, 1001, 1001, 1001, 1001, 1500, 1500, 1500, 1500]
14:53:09.009300 ALT: 0.73
14:53:09.009449 ATT: [2.2, -1.0, 253]
14:53:09.009808 ACC: [9, 20, 517]
[1499, 1500, 988, 1500, 988, 988, 988, 989, 1001, 1001, 1001, 1001, 1500, 1500, 1500, 1500]
[1499, 1500, 988, 1500, 988, 988, 988, 988, 1001, 1001, 1001, 1001, 1500, 1500, 1500, 1500]
[1499, 1500, 988, 1500, 988, 988, 988, 988, 1001, 1001, 1001, 1001, 1500, 1500, 1500, 1500]
[1500, 1499, 988, 1500, 988, 988, 988, 988, 1001, 1001, 1001, 1001, 1500, 1500, 1500, 1500]
[1500, 1499, 988, 1500, 988, 988, 988, 988, 1001, 1001, 1001, 1001, 1500, 1500, 1500, 1500]
[1500, 1499, 988, 1500, 988, 988, 988, 988, 1001, 1001, 1001, 1001, 1500, 1500, 1500, 1500]
[1500, 1500, 988, 1500, 988, 988, 988, 988, 1001, 1001, 1001, 1001, 1500, 1500, 1500, 1500]
14:53:09.058804 ALT: 0.73
14:53:09.058909 ATT: [2.2, -1.0, 253]
14:53:09.059249 ACC: [9, 20, 517]
[1500, 1500, 988, 1499, 988, 988, 988, 988, 1001, 1001, 1001, 1001, 1500, 1500, 1500, 1500]
[1500, 1500, 988, 1499, 988, 988, 988, 988, 1001, 1001, 1001, 1001, 1500, 1500, 1500, 1500]
[1500, 1499, 988, 1499, 988, 988, 988, 988, 1001, 1001, 1001, 1001, 1500, 1500, 1500, 1500]
[1500, 1499, 988, 1500, 988, 988, 988, 988, 1001, 1001, 1001, 1001, 1500, 1500, 1500, 1500]
[1500, 1499, 988, 1500, 988, 988, 988, 988, 1001, 1001, 1001, 1001, 1500, 1500, 1500, 1500]
[1500, 1500, 988, 1500, 988, 988, 988, 988, 1001, 1001, 1001, 1001, 1500, 1500, 1500, 1500]
[1500, 1500, 988, 1500, 2011, 988, 988, 988, 1001, 1001, 1001, 1001, 1500, 1500, 1500, 1500]
14:53:09.105481 ALT: 0.73
14:53:09.105582 ATT: [2.2, -1.0, 253]
14:53:09.106084 ACC: [9, 20, 517]
[1500, 1500, 988, 1500, 2011, 988, 988, 988, 1001, 1001, 1001, 1001, 1500, 1500, 1500, 1500]
[1500, 1500, 988, 1500, 2011, 988, 988, 988, 1001, 1001, 1001, 1001, 1500, 1500, 1500, 1500]
[1500, 1500, 988, 1500, 2011, 988, 988, 988, 1001, 1001, 1001, 1001, 1500, 1500, 1500, 1500]
[1500, 1500, 988, 1500, 2011, 988, 988, 988, 1001, 1001, 1001, 1001, 1500, 1500, 1500, 1500]
[1500, 1500, 988, 1500, 2011, 988, 988, 988, 1001, 1001, 1001, 1001, 1500, 1500, 1500, 1500]
[1500, 1500, 988, 1500, 2011, 988, 988, 988, 1001, 1001, 1001, 1001, 1500, 1500, 1500, 1500]
[1500, 1500, 988, 1500, 2011, 988, 988, 988, 1001, 1001, 1001, 1001, 1500, 1500, 1500, 1500]
[1500, 1500, 988, 1500, 2011, 988, 988, 988, 1001, 1001, 1001, 1001, 1500, 1500, 1500, 1500]
14:53:09.157443 ALT: 0.73
14:53:09.157545 ATT: [2.2, -1.0, 253]
14:53:09.157837 ACC: [9, 20, 518]
[1500, 1500, 988, 1500, 2011, 988, 988, 988, 1001, 1001, 1001, 1001, 1500, 1500, 1500, 1500]
[1500, 1500, 988, 1500, 2011, 988, 988, 988, 1001, 1001, 1001, 1001, 1500, 1500, 1500, 1500]
[1500, 1499, 988, 1500, 2011, 988, 988, 988, 1001, 1001, 1001, 1001, 1500, 1500, 1500, 1500]
[1500, 1499, 988, 1500, 2011, 988, 988, 988, 1001, 1001, 1001, 1001, 1500, 1500, 1500, 1500]
[1500, 1499, 988, 1500, 2011, 988, 988, 988, 1001, 1001, 1001, 1001, 1500, 1500, 1500, 1500]
[1500, 1500, 988, 1500, 2011, 988, 988, 988, 1001, 1001, 1001, 1001, 1500, 1500, 1500, 1500]
[1500, 1500, 988, 1500, 2009, 988, 988, 988, 1001, 1001, 1001, 1001, 1500, 1500, 1500, 1500]
[1500, 1500, 988, 1500, 2009, 988, 988, 988, 1001, 1001, 1001, 1001, 1500, 1500, 1500, 1500]
[1500, 1500, 988, 1500, 2009, 988, 988, 988, 1001, 1001, 1001, 1001, 1500, 1500, 1500, 1500]
14:53:09.217128 ALT: 0.0
14:53:09.217244 ATT: [2.2, -1.0, 253]
14:53:09.217642 ACC: [9, 20, 518]
[1500, 1500, 988, 1500, 2011, 988, 988, 988, 1001, 1001, 1001, 1001, 1500, 1500, 1500, 1500]
[1500, 1500, 988, 1500, 2011, 988, 988, 988, 1001, 1001, 1001, 1001, 1500, 1500, 1500, 1500]
[1500, 1500, 988, 1500, 2011, 988, 988, 988, 1001, 1001, 1001, 1001, 1500, 1500, 1500, 1500]
[1500, 1500, 986, 1500, 2011, 988, 988, 988, 1001, 1001, 1001, 1001, 1500, 1500, 1500, 1500]
[1500, 1500, 986, 1500, 2011, 988, 988, 988, 1001, 1001, 1001, 1001, 1500, 1500, 1500, 1500]
[1500, 1499, 986, 1500, 2011, 988, 988, 988, 1001, 1001, 1001, 1001, 1500, 1500, 1500, 1500]
[1500, 1499, 988, 1500, 2011, 988, 988, 988, 1001, 1001, 1001, 1001, 1500, 1500, 1500, 1500]
14:53:09.265212 ALT: 0.0
14:53:09.265457 ATT: [2.2, -1.0, 253]
14:53:09.265822 ACC: [9, 20, 517]
[1500, 1499, 988, 1500, 2011, 988, 988, 988, 1001, 1001, 1001, 1001, 1500, 1500, 1500, 1500]
[1499, 1500, 988, 1500, 2011, 988, 988, 988, 1001, 1001, 1001, 1001, 1500, 1500, 1500, 1500]
[1499, 1500, 988, 1500, 2011, 988, 988, 988, 1001, 1001, 1001, 1001, 1500, 1500, 1500, 1500]
[1499, 1500, 988, 1500, 2011, 988, 988, 988, 1001, 1001, 1001, 1001, 1500, 1500, 1500, 1500]
[1499, 1500, 988, 1500, 2011, 988, 988, 988, 1001, 1001, 1001, 1001, 1500, 1500, 1500, 1500]
[1499, 1500, 988, 1500, 2011, 988, 988, 988, 1001, 1001, 1001, 1001, 1500, 1500, 1500, 1500]
[1499, 1500, 988, 1500, 2011, 988, 988, 988, 1001, 1001, 1001, 1001, 1500, 1500, 1500, 1500]
14:53:09.313218 ALT: 0.0
14:53:09.313312 ATT: [2.2, -1.0, 253]
14:53:09.313627 ACC: [9, 20, 518]
[1499, 1500, 988, 1500, 2011, 988, 988, 988, 1001, 1001, 1001, 1001, 1500, 1500, 1500, 1500]
[1499, 1500, 988, 1500, 2011, 988, 988, 988, 1001, 1001, 1001, 1001, 1500, 1500, 1500, 1500]
[1499, 1500, 988, 1500, 2011, 988, 988, 988, 1001, 1001, 1001, 1001, 1500, 1500, 1500, 1500]
[1500, 1499, 988, 1500, 2011, 988, 988, 988, 1001, 1001, 1001, 1001, 1500, 1500, 1500, 1500]
[1500, 1499, 988, 1500, 2011, 988, 988, 988, 1001, 1001, 1001, 1001, 1500, 1500, 1500, 1500]
[1500, 1499, 988, 1500, 2011, 988, 988, 988, 1001, 1001, 1001, 1001, 1500, 1500, 1500, 1500]
[1500, 1500, 988, 1500, 2011, 988, 988, 988, 1001, 1001, 1001, 1001, 1500, 1500, 1500, 1500]
[1500, 1500, 988, 1500, 2011, 988, 988, 988, 1001, 1001, 1001, 1001, 1500, 1500, 1500, 1500]
14:53:09.361003 ALT: 0.0
14:53:09.361165 ATT: [2.2, -1.0, 253]
14:53:09.361446 ACC: [10, 19, 517]
[1500, 1500, 988, 1500, 2011, 988, 988, 988, 1001, 1001, 1001, 1001, 1500, 1500, 1500, 1500]
[1499, 1500, 988, 1500, 2011, 988, 988, 988, 1001, 1001, 1001, 1001, 1500, 1500, 1500, 1500]
[1499, 1500, 986, 1500, 2011, 988, 988, 988, 1001, 1001, 1001, 1001, 1500, 1500, 1500, 1500]
[1499, 1500, 986, 1500, 2011, 988, 988, 988, 1001, 1001, 1001, 1001, 1500, 1500, 1500, 1500]
[1500, 1500, 986, 1500, 2011, 988, 988, 988, 1001, 1001, 1001, 1001, 1500, 1500, 1500, 1500]
[1500, 1500, 988, 1500, 2011, 988, 988, 988, 1001, 1001, 1001, 1001, 1500, 1500, 1500, 1500]
[1500, 1500, 988, 1500, 2011, 988, 988, 988, 1001, 1001, 1001, 1001, 1500, 1500, 1500, 1500]
14:53:09.409545 ALT: 0.0
14:53:09.409636 ATT: [2.2, -1.0, 253]
14:53:09.409941 ACC: [11, 18, 518]
[1500, 1500, 988, 1500, 2011, 988, 988, 988, 1001, 1001, 1001, 1001, 1500, 1500, 1500, 1500]
[1500, 1500, 988, 1500, 2011, 988, 988, 988, 1001, 1001, 1001, 1001, 1500, 1500, 1500, 1500]
[1500, 1500, 988, 1500, 2011, 988, 988, 988, 1001, 1001, 1001, 1001, 1500, 1500, 1500, 1500]
[1500, 1499, 988, 1500, 2011, 988, 988, 988, 1001, 1001, 1001, 1001, 1500, 1500, 1500, 1500]
[1500, 1499, 988, 1500, 2011, 988, 988, 988, 1001, 1001, 1001, 1001, 1500, 1500, 1500, 1500]
[1500, 1499, 988, 1500, 2011, 988, 988, 988, 1001, 1001, 1001, 1001, 1500, 1500, 1500, 1500]
[1500, 1500, 988, 1500, 2011, 988, 988, 988, 1001, 1001, 1001, 1001, 1500, 1500, 1500, 1500]
14:53:09.457458 ALT: 0.0
14:53:09.457555 ATT: [2.2, -1.0, 253]
14:53:09.457825 ACC: [9, 19, 518]
[1500, 1500, 988, 1500, 2011, 988, 988, 988, 1001, 1001, 1001, 1001, 1500, 1500, 1500, 1500]
[1500, 1500, 988, 1500, 2011, 988, 988, 988, 1001, 1001, 1001, 1001, 1500, 1500, 1500, 1500]
[1500, 1499, 988, 1500, 2011, 988, 988, 988, 1001, 1001, 1001, 1001, 1500, 1500, 1500, 1500]
[1500, 1499, 988, 1500, 2011, 988, 988, 988, 1001, 1001, 1001, 1001, 1500, 1500, 1500, 1500]
[1500, 1499, 988, 1500, 2011, 988, 988, 988, 1001, 1001, 1001, 1001, 1500, 1500, 1500, 1500]
[1501, 1499, 988, 1500, 2011, 988, 988, 988, 1001, 1001, 1001, 1001, 1500, 1500, 1500, 1500]
[1501, 1499, 988, 1500, 2011, 988, 988, 988, 1001, 1001, 1001, 1001, 1500, 1500, 1500, 1500]
14:53:09.505494 ALT: 0.0
14:53:09.505585 ATT: [2.2, -1.0, 253]
14:53:09.505856 ACC: [9, 18, 518]
[1501, 1499, 988, 1500, 2011, 988, 988, 991, 1001, 1001, 1001, 1001, 1500, 1500, 1500, 1500]
[1500, 1500, 988, 1500, 2011, 988, 988, 991, 1001, 1001, 1001, 1001, 1500, 1500, 1500, 1500]
[1500, 1500, 988, 1500, 2011, 988, 988, 991, 1001, 1001, 1001, 1001, 1500, 1500, 1500, 1500]
[1500, 1500, 988, 1500, 2011, 988, 988, 988, 1001, 1001, 1001, 1001, 1500, 1500, 1500, 1500]
[1500, 1499, 988, 1500, 2011, 988, 988, 988, 1001, 1001, 1001, 1001, 1500, 1500, 1500, 1500]
[1500, 1499, 988, 1500, 2011, 988, 988, 988, 1001, 1001, 1001, 1001, 1500, 1500, 1500, 1500]
[1500, 1499, 988, 1500, 2011, 988, 988, 988, 1001, 1001, 1001, 1001, 1500, 1500, 1500, 1500]
[1500, 1499, 988, 1500, 2011, 988, 988, 988, 1001, 1001, 1001, 1001, 1500, 1500, 1500, 1500]
14:53:09.556357 ALT: 0.0
14:53:09.556602 ATT: [2.2, -1.0, 253]
14:53:09.557276 ACC: [9, 19, 519]
[1500, 1499, 988, 1500, 2011, 988, 988, 988, 1001, 1001, 1001, 1001, 1500, 1500, 1500, 1500]
[1500, 1499, 988, 1500, 2011, 988, 988, 988, 1001, 1001, 1001, 1001, 1500, 1500, 1500, 1500]
[1499, 1499, 988, 1500, 2011, 988, 988, 988, 1001, 1001, 1001, 1001, 1500, 1500, 1500, 1500]
[1499, 1499, 988, 1500, 2011, 988, 988, 988, 1001, 1001, 1001, 1001, 1500, 1500, 1500, 1500]
[1499, 1499, 988, 1500, 2011, 988, 988, 988, 1001, 1001, 1001, 1001, 1500, 1500, 1500, 1500]
[1500, 1500, 988, 1500, 2011, 988, 988, 988, 1001, 1001, 1001, 1001, 1500, 1500, 1500, 1500]
[1500, 1500, 988, 1499, 2011, 988, 988, 988, 1001, 1001, 1001, 1001, 1500, 1500, 1500, 1500]
14:53:09.604482 ALT: 0.0
14:53:09.604586 ATT: [2.2, -1.0, 253]
14:53:09.604928 ACC: [10, 18, 518]
[1500, 1500, 988, 1499, 2011, 988, 988, 988, 1001, 1001, 1001, 1001, 1500, 1500, 1500, 1500]
[1499, 1500, 988, 1499, 2011, 988, 988, 988, 1001, 1001, 1001, 1001, 1500, 1500, 1500, 1500]
[1499, 1500, 988, 1499, 2011, 988, 988, 988, 1001, 1001, 1001, 1001, 1500, 1500, 1500, 1500]
[1499, 1500, 988, 1499, 2011, 988, 988, 988, 1001, 1001, 1001, 1001, 1500, 1500, 1500, 1500]
[1500, 1499, 988, 1499, 2011, 988, 988, 988, 1001, 1001, 1001, 1001, 1500, 1500, 1500, 1500]
[1500, 1499, 988, 1500, 2011, 988, 989, 988, 1001, 1001, 1001, 1001, 1500, 1500, 1500, 1500]
[1500, 1499, 988, 1500, 2011, 988, 989, 985, 1001, 1001, 1001, 1001, 1500, 1500, 1500, 1500]
14:53:09.649237 ALT: 0.0
14:53:09.649359 ATT: [2.2, -1.0, 253]
14:53:09.649678 ACC: [10, 18, 518]
[1499, 1500, 988, 1500, 2011, 988, 989, 985, 1001, 1001, 1001, 1001, 1500, 1500, 1500, 1500]
[1499, 1500, 988, 1499, 2011, 988, 988, 985, 1001, 1001, 1001, 1001, 1500, 1500, 1500, 1500]
[1499, 1500, 988, 1499, 2011, 988, 988, 988, 1001, 1001, 1001, 1001, 1500, 1500, 1500, 1500]
[1500, 1499, 988, 1499, 2011, 988, 988, 988, 1001, 1001, 1001, 1001, 1500, 1500, 1500, 1500]
[1500, 1499, 988, 1500, 2011, 988, 988, 988, 1001, 1001, 1001, 1001, 1500, 1500, 1500, 1500]
[1500, 1499, 988, 1500, 2011, 988, 988, 988, 1001, 1001, 1001, 1001, 1500, 1500, 1500, 1500]
[1500, 1500, 988, 1500, 2011, 988, 988, 988, 1001, 1001, 1001, 1001, 1500, 1500, 1500, 1500]
14:53:09.697168 ALT: 0.0
14:53:09.697257 ATT: [2.2, -1.1, 253]
14:53:09.697523 ACC: [10, 18, 517]
[1500, 1500, 988, 1499, 2011, 988, 988, 988, 1001, 1001, 1001, 1001, 1500, 1500, 1500, 1500]
[1500, 1500, 988, 1499, 2011, 988, 988, 988, 1001, 1001, 1001, 1001, 1500, 1500, 1500, 1500]
[1499, 1499, 988, 1499, 2011, 988, 988, 988, 1001, 1001, 1001, 1001, 1500, 1500, 1500, 1500]
[1499, 1499, 988, 1500, 2011, 988, 988, 988, 1001, 1001, 1001, 1001, 1500, 1500, 1500, 1500]
[1499, 1499, 988, 1500, 2011, 988, 988, 988, 1001, 1001, 1001, 1001, 1500, 1500, 1500, 1500]
[1500, 1500, 988, 1500, 2011, 988, 988, 988, 1001, 1001, 1001, 1001, 1500, 1500, 1500, 1500]
[1500, 1500, 988, 1499, 2011, 988, 988, 988, 1001, 1001, 1001, 1001, 1500, 1500, 1500, 1500]
14:53:09.745173 ALT: 0.0
14:53:09.745271 ATT: [2.2, -1.1, 253]
14:53:09.745572 ACC: [11, 18, 518]
[1500, 1500, 988, 1499, 2011, 988, 988, 988, 1001, 1001, 1001, 1001, 1500, 1500, 1500, 1500]
[1500, 1500, 988, 1499, 2011, 988, 988, 988, 1001, 1001, 1001, 1001, 1500, 1500, 1500, 1500]
[1500, 1500, 988, 1500, 2011, 988, 988, 988, 1001, 1001, 1001, 1001, 1500, 1500, 1500, 1500]
[1500, 1500, 988, 1500, 2011, 988, 988, 988, 1001, 1001, 1001, 1001, 1500, 1500, 1500, 1500]
[1500, 1499, 988, 1500, 2011, 988, 988, 988, 1001, 1001, 1001, 1001, 1500, 1500, 1500, 1500]
[1500, 1499, 988, 1500, 2011, 988, 988, 988, 1001, 1001, 1001, 1001, 1500, 1500, 1500, 1500]
[1500, 1499, 988, 1500, 2011, 988, 988, 988, 1001, 1001, 1001, 1001, 1500, 1500, 1500, 1500]
14:53:09.793477 ALT: 0.0
14:53:09.793582 ATT: [2.2, -1.1, 253]
14:53:09.794078 ACC: [10, 18, 517]
[1500, 1500, 988, 1500, 2011, 988, 988, 988, 1001, 1001, 1001, 1001, 1500, 1500, 1500, 1500]
[1500, 1500, 988, 1499, 2011, 988, 988, 988, 1001, 1001, 1001, 1001, 1500, 1500, 1500, 1500]
[1500, 1500, 988, 1499, 2011, 988, 988, 988, 1001, 1001, 1001, 1001, 1500, 1500, 1500, 1500]
[1500, 1500, 988, 1499, 2011, 988, 988, 988, 1001, 1001, 1001, 1001, 1500, 1500, 1500, 1500]
[1500, 1500, 988, 1499, 2011, 988, 988, 988, 1001, 1001, 1001, 1001, 1500, 1500, 1500, 1500]
[1500, 1500, 988, 1499, 2011, 988, 988, 988, 1001, 1001, 1001, 1001, 1500, 1500, 1500, 1500]
[1500, 1500, 988, 1499, 2011, 988, 988, 988, 1001, 1001, 1001, 1001, 1500, 1500, 1500, 1500]
[1500, 1500, 988, 1500, 2012, 986, 988, 988, 1001, 1001, 1001, 1001, 1500, 1500, 1500, 1500]
14:53:09.841932 ALT: 0.04
14:53:09.842068 ATT: [2.2, -1.1, 253]
14:53:09.842540 ACC: [11, 18, 517]
[1500, 1500, 988, 1500, 2012, 986, 988, 988, 1001, 1001, 1001, 1001, 1500, 1500, 1500, 1500]
[1500, 1500, 988, 1500, 2012, 986, 988, 988, 1001, 1001, 1001, 1001, 1500, 1500, 1500, 1500]
[1500, 1500, 988, 1500, 2011, 988, 988, 988, 1001, 1001, 1001, 1001, 1500, 1500, 1500, 1500]
[1500, 1500, 988, 1500, 2011, 988, 988, 988, 1001, 1001, 1001, 1001, 1500, 1500, 1500, 1500]
[1500, 1500, 988, 1500, 2011, 988, 988, 988, 1001, 1001, 1001, 1001, 1500, 1500, 1500, 1500]
[1500, 1500, 988, 1500, 2011, 988, 988, 988, 1001, 1001, 1001, 1001, 1500, 1500, 1500, 1500]
[1500, 1500, 988, 1500, 2011, 988, 988, 988, 1001, 1001, 1001, 1001, 1500, 1500, 1500, 1500]
14:53:09.889363 ALT: 0.07
14:53:09.889492 ATT: [2.2, -1.1, 253]
14:53:09.889979 ACC: [11, 19, 517]
[1500, 1500, 988, 1500, 2011, 988, 988, 988, 1001, 1001, 1001, 1001, 1500, 1500, 1500, 1500]
[1500, 1500, 988, 1500, 2011, 988, 988, 988, 1001, 1001, 1001, 1001, 1500, 1500, 1500, 1500]
[1500, 1500, 988, 1500, 2011, 988, 988, 988, 1001, 1001, 1001, 1001, 1500, 1500, 1500, 1500]
[1500, 1500, 988, 1500, 2011, 988, 988, 988, 1001, 1001, 1001, 1001, 1500, 1500, 1500, 1500]
[1500, 1500, 988, 1499, 2011, 988, 988, 988, 1001, 1001, 1001, 1001, 1500, 1500, 1500, 1500]
[1500, 1500, 988, 1499, 2011, 988, 988, 988, 1001, 1001, 1001, 1001, 1500, 1500, 1500, 1500]
[1500, 1500, 988, 1499, 2011, 988, 988, 988, 1001, 1001, 1001, 1001, 1500, 1500, 1500, 1500]
14:53:09.937563 ALT: 0.08
14:53:09.937670 ATT: [2.2, -1.1, 253]
14:53:09.937979 ACC: [11, 18, 518]
[1500, 1500, 988, 1500, 2011, 988, 988, 988, 1001, 1001, 1001, 1001, 1500, 1500, 1500, 1500]
[1500, 1500, 988, 1500, 2011, 988, 988, 988, 1001, 1001, 1001, 1001, 1500, 1500, 1500, 1500]
[1500, 1500, 988, 1500, 2011, 988, 988, 988, 1001, 1001, 1001, 1001, 1500, 1500, 1500, 1500]
[1500, 1500, 988, 1500, 2011, 988, 988, 988, 1001, 1001, 1001, 1001, 1500, 1500, 1500, 1500]
[1500, 1500, 988, 1500, 2011, 988, 988, 988, 1001, 1001, 1001, 1001, 1500, 1500, 1500, 1500]
[1500, 1500, 988, 1500, 2011, 988, 988, 988, 1001, 1001, 1001, 1001, 1500, 1500, 1500, 1500]
[1500, 1500, 988, 1500, 2011, 988, 988, 988, 1001, 1001, 1001, 1001, 1500, 1500, 1500, 1500]
14:53:09.985509 ALT: 0.08
14:53:09.985622 ATT: [2.2, -1.1, 253]
14:53:09.985958 ACC: [11, 18, 517]
[1500, 1500, 988, 1500, 2011, 988, 988, 988, 1001, 1001, 1001, 1001, 1500, 1500, 1500, 1500]
[1500, 1500, 988, 1500, 2011, 988, 988, 988, 1001, 1001, 1001, 1001, 1500, 1500, 1500, 1500]
[1500, 1500, 988, 1499, 2011, 988, 988, 988, 1001, 1001, 1001, 1001, 1500, 1500, 1500, 1500]
[1500, 1500, 988, 1499, 2011, 988, 988, 988, 1001, 1001, 1001, 1001, 1500, 1500, 1500, 1500]
[1500, 1500, 988, 1499, 2011, 988, 988, 988, 1001, 1001, 1001, 1001, 1500, 1500, 1500, 1500]
[1500, 1500, 988, 1499, 2011, 988, 988, 988, 1001, 1001, 1001, 1001, 1500, 1500, 1500, 1500]
[1500, 1500, 988, 1499, 2011, 988, 988, 988, 1001, 1001, 1001, 1001, 1500, 1500, 1500, 1500]
[1500, 1500, 988, 1499, 2011, 988, 988, 988, 1001, 1001, 1001, 1001, 1500, 1500, 1500, 1500]
14:53:10.035548 ALT: 0.08
14:53:10.035647 ATT: [2.2, -1.1, 253]
14:53:10.036037 ACC: [10, 18, 518]
[1500, 1500, 988, 1499, 2011, 988, 988, 988, 1001, 1001, 1001, 1001, 1500, 1500, 1500, 1500]
[1500, 1500, 988, 1499, 2011, 988, 988, 988, 1001, 1001, 1001, 1001, 1500, 1500, 1500, 1500]
[1500, 1500, 988, 1499, 2011, 988, 988, 988, 1001, 1001, 1001, 1001, 1500, 1500, 1500, 1500]
[1500, 1500, 988, 1500, 2011, 988, 988, 988, 1001, 1001, 1001, 1001, 1500, 1500, 1500, 1500]
[1500, 1500, 988, 1500, 2011, 988, 988, 988, 1001, 1001, 1001, 1001, 1500, 1500, 1500, 1500]
[1500, 1500, 988, 1500, 2011, 988, 988, 988, 1001, 1001, 1001, 1001, 1500, 1500, 1500, 1500]
[1500, 1500, 988, 1500, 2011, 988, 988, 988, 1001, 1001, 1001, 1001, 1500, 1500, 1500, 1500]
14:53:10.081235 ALT: 0.08
14:53:10.081332 ATT: [2.2, -1.1, 253]
14:53:10.081610 ACC: [10, 19, 518]
[1500, 1500, 988, 1500, 2011, 988, 988, 988, 1001, 1001, 1001, 1001, 1500, 1500, 1500, 1500]
[1500, 1500, 988, 1500, 2011, 988, 988, 988, 1001, 1001, 1001, 1001, 1500, 1500, 1500, 1500]
[1500, 1500, 988, 1500, 2011, 988, 988, 988, 1001, 1001, 1001, 1001, 1500, 1500, 1500, 1500]
[1500, 1500, 988, 1500, 2011, 988, 988, 988, 1001, 1001, 1001, 1001, 1500, 1500, 1500, 1500]
[1500, 1500, 988, 1500, 2011, 988, 988, 988, 1001, 1001, 1001, 1001, 1500, 1500, 1500, 1500]
[1500, 1500, 988, 1500, 2011, 988, 988, 988, 1001, 1001, 1001, 1001, 1500, 1500, 1500, 1500]
[1500, 1500, 988, 1500, 2011, 988, 988, 988, 1001, 1001, 1001, 1001, 1500, 1500, 1500, 1500]
14:53:10.129302 ALT: 0.08
14:53:10.129406 ATT: [2.2, -1.1, 253]
14:53:10.129743 ACC: [11, 18, 517]
[1500, 1499, 988, 1500, 2011, 988, 988, 988, 1001, 1001, 1001, 1001, 1500, 1500, 1500, 1500]
[1500, 1499, 988, 1500, 2011, 988, 986, 988, 1001, 1001, 1001, 1001, 1500, 1500, 1500, 1500]
[1500, 1499, 988, 1500, 2011, 988, 986, 988, 1001, 1001, 1001, 1001, 1500, 1500, 1500, 1500]
[1500, 1500, 988, 1500, 2011, 988, 986, 988, 1001, 1001, 1001, 1001, 1500, 1500, 1500, 1500]
[1500, 1500, 988, 1500, 2011, 988, 988, 988, 1001, 1001, 1001, 1001, 1500, 1500, 1500, 1500]
[1500, 1500, 988, 1500, 2011, 988, 988, 988, 1001, 1001, 1001, 1001, 1500, 1500, 1500, 1500]
[1500, 1500, 988, 1500, 2011, 988, 988, 988, 1001, 1001, 1001, 1001, 1500, 1500, 1500, 1500]
14:53:10.177377 ALT: 0.08
14:53:10.177486 ATT: [2.2, -1.1, 253]
14:53:10.177803 ACC: [11, 18, 518]
[1500, 1500, 988, 1500, 2011, 988, 988, 988, 1001, 1001, 1001, 1001, 1500, 1500, 1500, 1500]
[1500, 1500, 988, 1500, 2011, 988, 988, 988, 1001, 1001, 1001, 1001, 1500, 1500, 1500, 1500]
[1500, 1500, 988, 1500, 2011, 988, 988, 988, 1001, 1001, 1001, 1001, 1500, 1500, 1500, 1500]
[1500, 1500, 988, 1500, 2011, 988, 988, 988, 1001, 1001, 1001, 1001, 1500, 1500, 1500, 1500]
[1500, 1500, 988, 1500, 2011, 988, 988, 988, 1001, 1001, 1001, 1001, 1500, 1500, 1500, 1500]
[1500, 1500, 988, 1500, 2011, 988, 988, 988, 1001, 1001, 1001, 1001, 1500, 1500, 1500, 1500]
[1500, 1500, 988, 1500, 2011, 988, 988, 988, 1001, 1001, 1001, 1001, 1500, 1500, 1500, 1500]
14:53:10.225366 ALT: 0.08
14:53:10.225528 ATT: [2.2, -1.1, 253]
14:53:10.226055 ACC: [10, 18, 518]
[1500, 1500, 988, 1500, 2011, 988, 988, 988, 1001, 1001, 1001, 1001, 1500, 1500, 1500, 1500]
[1500, 1499, 988, 1500, 2011, 988, 988, 988, 1001, 1001, 1001, 1001, 1500, 1500, 1500, 1500]
[1500, 1499, 988, 1500, 2011, 988, 988, 988, 1001, 1001, 1001, 1001, 1500, 1500, 1500, 1500]
[1500, 1499, 988, 1500, 2011, 988, 988, 988, 1001, 1001, 1001, 1001, 1500, 1500, 1500, 1500]
[1500, 1500, 988, 1500, 2011, 988, 988, 988, 1001, 1001, 1001, 1001, 1500, 1500, 1500, 1500]
[1500, 1500, 988, 1500, 2011, 988, 988, 988, 1001, 1001, 1001, 1001, 1500, 1500, 1500, 1500]
[1500, 1500, 988, 1500, 2011, 988, 988, 988, 1001, 1001, 1001, 1001, 1500, 1500, 1500, 1500]
[1500, 1500, 988, 1500, 2011, 988, 988, 988, 1001, 1001, 1001, 1001, 1500, 1500, 1500, 1500]
[1500, 1500, 988, 1500, 2011, 988, 988, 988, 1001, 1001, 1001, 1001, 1500, 1500, 1500, 1500]
[1500, 1500, 988, 1500, 2011, 988, 988, 988, 1001, 1001, 1001, 1001, 1500, 1500, 1500, 1500]
14:53:10.289930 ALT: 0.08
14:53:10.290027 ATT: [2.2, -1.1, 253]
14:53:10.290396 ACC: [10, 18, 518]
[1500, 1500, 988, 1500, 2011, 988, 988, 988, 1001, 1001, 1001, 1001, 1500, 1500, 1500, 1500]
[1500, 1500, 988, 1500, 2011, 988, 988, 988, 1001, 1001, 1001, 1001, 1500, 1500, 1500, 1500]
[1500, 1500, 988, 1500, 2011, 988, 988, 988, 1001, 1001, 1001, 1001, 1500, 1500, 1500, 1500]
[1500, 1500, 988, 1500, 2011, 988, 988, 988, 1001, 1001, 1001, 1001, 1500, 1500, 1500, 1500]
[1500, 1500, 988, 1500, 2011, 988, 988, 988, 1001, 1001, 1001, 1001, 1500, 1500, 1500, 1500]
[1500, 1500, 988, 1500, 2011, 988, 988, 988, 1001, 1001, 1001, 1001, 1500, 1500, 1500, 1500]
[1500, 1499, 988, 1500, 2011, 988, 988, 988, 1001, 1001, 1001, 1001, 1500, 1500, 1500, 1500]
14:53:10.338674 ALT: 0.08
14:53:10.338777 ATT: [2.2, -1.1, 253]
14:53:10.339125 ACC: [10, 18, 516]
[1500, 1499, 988, 1500, 2011, 988, 988, 988, 1001, 1001, 1001, 1001, 1500, 1500, 1500, 1500]
[1500, 1499, 988, 1500, 2011, 988, 988, 988, 1001, 1001, 1001, 1001, 1500, 1500, 1500, 1500]
[1500, 1500, 988, 1500, 2011, 988, 988, 988, 1001, 1001, 1001, 1001, 1500, 1500, 1500, 1500]
[1500, 1500, 988, 1499, 2011, 988, 988, 988, 1001, 1001, 1001, 1001, 1500, 1500, 1500, 1500]
[1500, 1500, 988, 1499, 2011, 988, 988, 988, 1001, 1001, 1001, 1001, 1500, 1500, 1500, 1500]
[1500, 1499, 988, 1499, 2011, 988, 988, 988, 1001, 1001, 1001, 1001, 1500, 1500, 1500, 1500]
[1500, 1499, 988, 1500, 2011, 988, 988, 988, 1001, 1001, 1001, 1001, 1500, 1500, 1500, 1500]
14:53:10.385418 ALT: 0.08
14:53:10.385536 ATT: [2.2, -1.1, 253]
14:53:10.385876 ACC: [10, 17, 518]
[1500, 1499, 988, 1500, 2011, 988, 988, 988, 1001, 1001, 1001, 1001, 1500, 1500, 1500, 1500]
[1500, 1500, 988, 1500, 2011, 988, 988, 988, 1001, 1001, 1001, 1001, 1500, 1500, 1500, 1500]
[1500, 1500, 988, 1500, 2011, 988, 988, 988, 1001, 1001, 1001, 1001, 1500, 1500, 1500, 1500]
[1500, 1500, 988, 1500, 2011, 988, 988, 988, 1001, 1001, 1001, 1001, 1500, 1500, 1500, 1500]
[1500, 1500, 988, 1500, 2011, 988, 988, 988, 1001, 1001, 1001, 1001, 1500, 1500, 1500, 1500]
[1500, 1500, 988, 1500, 2011, 988, 988, 988, 1001, 1001, 1001, 1001, 1500, 1500, 1500, 1500]
[1500, 1500, 988, 1500, 2011, 988, 988, 988, 1001, 1001, 1001, 1001, 1500, 1500, 1500, 1500]
14:53:10.433442 ALT: 0.08
14:53:10.433563 ATT: [2.2, -1.1, 253]
14:53:10.433898 ACC: [11, 17, 518]
[1500, 1500, 988, 1500, 2011, 988, 988, 988, 1001, 1001, 1001, 1001, 1500, 1500, 1500, 1500]
[1500, 1500, 988, 1500, 2011, 988, 989, 988, 1001, 1001, 1001, 1001, 1500, 1500, 1500, 1500]
[1500, 1500, 988, 1500, 2011, 988, 989, 989, 1001, 1001, 1001, 1001, 1500, 1500, 1500, 1500]
[1500, 1500, 988, 1500, 2011, 988, 989, 989, 1001, 1001, 1001, 1001, 1500, 1500, 1500, 1500]
[1500, 1500, 988, 1499, 2011, 988, 988, 989, 1001, 1001, 1001, 1001, 1500, 1500, 1500, 1500]
[1500, 1500, 988, 1499, 2011, 988, 988, 988, 1001, 1001, 1001, 1001, 1500, 1500, 1500, 1500]
[1500, 1500, 988, 1499, 2011, 988, 988, 988, 1001, 1001, 1001, 1001, 1500, 1500, 1500, 1500]
[1500, 1500, 988, 1500, 2011, 988, 988, 988, 1001, 1001, 1001, 1001, 1500, 1500, 1500, 1500]
[1500, 1500, 988, 1500, 2011, 988, 988, 988, 1001, 1001, 1001, 1001, 1500, 1500, 1500, 1500]
[1500, 1500, 988, 1500, 2011, 988, 988, 988, 1001, 1001, 1001, 1001, 1500, 1500, 1500, 1500]
14:53:10.497343 ALT: 0.08
14:53:10.497457 ATT: [2.2, -1.1, 253]
14:53:10.497795 ACC: [11, 18, 518]
[1500, 1500, 988, 1500, 2011, 988, 988, 988, 1001, 1001, 1001, 1001, 1500, 1500, 1500, 1500]
[1500, 1500, 988, 1500, 2011, 988, 988, 988, 1001, 1001, 1001, 1001, 1500, 1500, 1500, 1500]
[1500, 1500, 988, 1500, 2011, 988, 988, 988, 1001, 1001, 1001, 1001, 1500, 1500, 1500, 1500]
[1500, 1500, 988, 1499, 2011, 988, 988, 988, 1001, 1001, 1001, 1001, 1500, 1500, 1500, 1500]
[1500, 1500, 988, 1499, 2011, 988, 988, 988, 1001, 1001, 1001, 1001, 1500, 1500, 1500, 1500]
[1500, 1500, 988, 1499, 2011, 988, 988, 988, 1001, 1001, 1001, 1001, 1500, 1500, 1500, 1500]
[1500, 1500, 988, 1500, 2011, 988, 988, 988, 1001, 1001, 1001, 1001, 1500, 1500, 1500, 1500]
14:53:10.545357 ALT: 0.08
14:53:10.545505 ATT: [2.2, -1.1, 253]
14:53:10.545807 ACC: [10, 18, 518]
[1500, 1500, 988, 1500, 2011, 988, 988, 988, 1001, 1001, 1001, 1001, 1500, 1500, 1500, 1500]
[1500, 1500, 988, 1500, 2011, 988, 988, 988, 1001, 1001, 1001, 1001, 1500, 1500, 1500, 1500]
[1500, 1500, 988, 1500, 2011, 988, 988, 988, 1001, 1001, 1001, 1001, 1500, 1500, 1500, 1500]
[1500, 1500, 988, 1500, 2011, 988, 988, 988, 1001, 1001, 1001, 1001, 1500, 1500, 1500, 1500]
[1500, 1500, 988, 1500, 2011, 988, 988, 988, 1001, 1001, 1001, 1001, 1500, 1500, 1500, 1500]
[1500, 1500, 988, 1500, 2011, 988, 988, 988, 1001, 1001, 1001, 1001, 1500, 1500, 1500, 1500]
[1500, 1500, 988, 1500, 2011, 988, 988, 988, 1001, 1001, 1001, 1001, 1500, 1500, 1500, 1500]
14:53:10.593627 ALT: 0.08
14:53:10.593956 ATT: [2.2, -1.1, 253]
14:53:10.594664 ACC: [10, 18, 518]
[1500, 1500, 988, 1500, 2011, 988, 988, 988, 1001, 1001, 1001, 1001, 1500, 1500, 1500, 1500]
[1500, 1500, 988, 1500, 2011, 988, 988, 988, 1001, 1001, 1001, 1001, 1500, 1500, 1500, 1500]
[1500, 1500, 988, 1500, 2011, 988, 988, 988, 1001, 1001, 1001, 1001, 1500, 1500, 1500, 1500]
[1500, 1500, 988, 1500, 2011, 988, 988, 988, 1001, 1001, 1001, 1001, 1500, 1500, 1500, 1500]
[1500, 1500, 988, 1500, 2011, 988, 988, 988, 1001, 1001, 1001, 1001, 1500, 1500, 1500, 1500]
[1500, 1500, 988, 1500, 2011, 988, 988, 988, 1001, 1001, 1001, 1001, 1500, 1500, 1500, 1500]
[1500, 1500, 988, 1500, 2011, 988, 988, 988, 1001, 1001, 1001, 1001, 1500, 1500, 1500, 1500]
[1500, 1500, 988, 1500, 2011, 988, 988, 988, 1001, 1001, 1001, 1001, 1500, 1500, 1500, 1500]
14:53:10.642853 ALT: 0.08
14:53:10.642955 ATT: [2.1, -1.1, 253]
14:53:10.643281 ACC: [11, 19, 518]
[1500, 1500, 988, 1500, 2011, 988, 988, 988, 1001, 1001, 1001, 1001, 1500, 1500, 1500, 1500]
[1500, 1500, 988, 1500, 2011, 988, 988, 988, 1001, 1001, 1001, 1001, 1500, 1500, 1500, 1500]
[1500, 1500, 988, 1500, 2011, 988, 988, 988, 1001, 1001, 1001, 1001, 1500, 1500, 1500, 1500]
[1500, 1500, 988, 1500, 2011, 988, 988, 988, 1001, 1001, 1001, 1001, 1500, 1500, 1500, 1500]
[1500, 1500, 988, 1500, 2011, 988, 988, 988, 1001, 1001, 1001, 1001, 1500, 1500, 1500, 1500]
[1500, 1500, 988, 1500, 2011, 988, 988, 988, 1001, 1001, 1001, 1001, 1500, 1500, 1500, 1500]
[1500, 1500, 988, 1500, 2011, 988, 988, 988, 1001, 1001, 1001, 1001, 1500, 1500, 1500, 1500]
14:53:10.691035 ALT: 0.08
14:53:10.691386 ATT: [2.1, -1.1, 253]
14:53:10.691767 ACC: [11, 18, 518]
[1500, 1500, 988, 1500, 2011, 988, 988, 988, 1001, 1001, 1001, 1001, 1500, 1500, 1500, 1500]
[1500, 1500, 988, 1500, 2011, 988, 988, 988, 1001, 1001, 1001, 1001, 1500, 1500, 1500, 1500]
[1500, 1500, 988, 1500, 2011, 988, 988, 988, 1001, 1001, 1001, 1001, 1500, 1500, 1500, 1500]
[1499, 1500, 988, 1500, 2011, 988, 988, 988, 1001, 1001, 1001, 1001, 1500, 1500, 1500, 1500]
[1499, 1500, 988, 1500, 2011, 988, 988, 988, 1001, 1001, 1001, 1001, 1500, 1500, 1500, 1500]
[1499, 1500, 988, 1500, 2011, 988, 988, 988, 1001, 1001, 1001, 1001, 1500, 1500, 1500, 1500]
[1500, 1500, 988, 1500, 2011, 988, 988, 988, 1001, 1001, 1001, 1001, 1500, 1500, 1500, 1500]
14:53:10.737954 ALT: 0.08
14:53:10.738077 ATT: [2.1, -1.1, 253]
14:53:10.738489 ACC: [11, 18, 517]
[1500, 1500, 988, 1500, 2011, 988, 988, 988, 1001, 1001, 1001, 1001, 1500, 1500, 1500, 1500]
[1500, 1500, 988, 1500, 2011, 988, 988, 988, 1001, 1001, 1001, 1001, 1500, 1500, 1500, 1500]
[1500, 1500, 988, 1500, 2011, 988, 988, 988, 1001, 1001, 1001, 1001, 1500, 1500, 1500, 1500]
[1500, 1500, 988, 1500, 2011, 988, 988, 988, 1001, 1001, 1001, 1001, 1500, 1500, 1500, 1500]
[1500, 1500, 988, 1500, 2011, 988, 988, 988, 1001, 1001, 1001, 1001, 1500, 1500, 1500, 1500]
[1500, 1500, 988, 1500, 2011, 988, 988, 988, 1001, 1001, 1001, 1001, 1500, 1500, 1500, 1500]
[1500, 1500, 988, 1499, 2011, 988, 988, 988, 1001, 1001, 1001, 1001, 1500, 1500, 1500, 1500]
14:53:10.785501 ALT: 0.08
14:53:10.785617 ATT: [2.1, -1.1, 253]
14:53:10.786010 ACC: [11, 18, 518]
[1500, 1500, 988, 1499, 2011, 988, 988, 988, 1001, 1001, 1001, 1001, 1500, 1500, 1500, 1500]
[1500, 1500, 988, 1499, 2011, 988, 988, 988, 1001, 1001, 1001, 1001, 1500, 1500, 1500, 1500]
[1500, 1500, 988, 1500, 2011, 988, 988, 988, 1001, 1001, 1001, 1001, 1500, 1500, 1500, 1500]
[1500, 1500, 988, 1500, 2011, 988, 988, 988, 1001, 1001, 1001, 1001, 1500, 1500, 1500, 1500]
[1500, 1500, 988, 1500, 2011, 988, 988, 988, 1001, 1001, 1001, 1001, 1500, 1500, 1500, 1500]
[1500, 1500, 988, 1500, 2011, 988, 988, 988, 1001, 1001, 1001, 1001, 1500, 1500, 1500, 1500]
[1500, 1500, 988, 1500, 2011, 988, 988, 988, 1001, 1001, 1001, 1001, 1500, 1500, 1500, 1500]
14:53:10.833392 ALT: 0.08
14:53:10.833497 ATT: [2.1, -1.1, 253]
14:53:10.834224 ACC: [11, 18, 517]
[1499, 1500, 988, 1500, 2011, 988, 988, 988, 1001, 1001, 1001, 1001, 1500, 1500, 1500, 1500]
[1499, 1500, 988, 1500, 2012, 986, 988, 988, 1001, 1001, 1001, 1001, 1500, 1500, 1500, 1500]
[1499, 1500, 988, 1500, 2012, 986, 988, 988, 1001, 1001, 1001, 1001, 1500, 1500, 1500, 1500]
[1500, 1500, 988, 1500, 2012, 986, 988, 988, 1001, 1001, 1001, 1001, 1500, 1500, 1500, 1500]
[1500, 1500, 989, 1497, 2011, 988, 988, 988, 1001, 1001, 1001, 1001, 1500, 1500, 1500, 1500]
[1500, 1500, 989, 1497, 2011, 988, 988, 988, 1001, 1001, 1001, 1001, 1500, 1500, 1500, 1500]
[1500, 1499, 989, 1497, 2011, 988, 988, 988, 1001, 1001, 1001, 1001, 1500, 1500, 1500, 1500]
[1500, 1499, 988, 1499, 2011, 988, 988, 988, 1001, 1001, 1001, 1001, 1500, 1500, 1500, 1500]
14:53:10.881334 ALT: 0.08
14:53:10.881419 ATT: [2.1, -1.1, 253]
14:53:10.881641 ACC: [11, 18, 518]
[1500, 1499, 988, 1499, 2011, 988, 988, 988, 1001, 1001, 1001, 1001, 1500, 1500, 1500, 1500]
[1500, 1499, 988, 1499, 2011, 988, 988, 988, 1001, 1001, 1001, 1001, 1500, 1500, 1500, 1500]
[1500, 1499, 988, 1500, 2011, 988, 988, 988, 1001, 1001, 1001, 1001, 1500, 1500, 1500, 1500]
[1500, 1499, 988, 1500, 2011, 988, 988, 988, 1001, 1001, 1001, 1001, 1500, 1500, 1500, 1500]
[1500, 1500, 988, 1500, 2011, 988, 988, 988, 1001, 1001, 1001, 1001, 1500, 1500, 1500, 1500]
[1500, 1500, 988, 1500, 2011, 988, 988, 988, 1001, 1001, 1001, 1001, 1500, 1500, 1500, 1500]
[1500, 1500, 988, 1500, 2011, 988, 988, 988, 1001, 1001, 1001, 1001, 1500, 1500, 1500, 1500]
14:53:10.929351 ALT: 0.08
14:53:10.929442 ATT: [2.1, -1.1, 253]
14:53:10.929687 ACC: [10, 18, 517]
[1500, 1500, 988, 1500, 2011, 988, 988, 988, 1001, 1001, 1001, 1001, 1500, 1500, 1500, 1500]
[1500, 1500, 988, 1500, 2011, 988, 988, 988, 1001, 1001, 1001, 1001, 1500, 1500, 1500, 1500]
[1500, 1500, 988, 1500, 2011, 988, 988, 988, 1001, 1001, 1001, 1001, 1500, 1500, 1500, 1500]
[1499, 1500, 988, 1500, 2011, 988, 988, 988, 1001, 1001, 1001, 1001, 1500, 1500, 1500, 1500]
[1499, 1500, 988, 1500, 2011, 988, 988, 988, 1001, 1001, 1001, 1001, 1500, 1500, 1500, 1500]
[1499, 1500, 988, 1500, 2011, 988, 988, 988, 1001, 1001, 1001, 1001, 1500, 1500, 1500, 1500]
[1500, 1499, 988, 1500, 2011, 988, 988, 988, 1001, 1001, 1001, 1001, 1500, 1500, 1500, 1500]
14:53:10.977407 ALT: 0.08
14:53:10.977504 ATT: [2.1, -1.1, 253]
14:53:10.977778 ACC: [11, 18, 518]
[1500, 1499, 988, 1499, 2011, 988, 988, 988, 1001, 1001, 1001, 1001, 1500, 1500, 1500, 1500]
[1500, 1499, 988, 1499, 2011, 988, 988, 988, 1001, 1001, 1001, 1001, 1500, 1500, 1500, 1500]
[1500, 1499, 988, 1499, 2011, 988, 988, 988, 1001, 1001, 1001, 1001, 1500, 1500, 1500, 1500]
[1500, 1499, 988, 1500, 2011, 988, 988, 988, 1001, 1001, 1001, 1001, 1500, 1500, 1500, 1500]
[1500, 1499, 988, 1500, 2011, 988, 988, 988, 1001, 1001, 1001, 1001, 1500, 1500, 1500, 1500]
[1499, 1500, 988, 1500, 2011, 988, 988, 988, 1001, 1001, 1001, 1001, 1500, 1500, 1500, 1500]
[1499, 1500, 988, 1500, 2011, 988, 988, 988, 1001, 1001, 1001, 1001, 1500, 1500, 1500, 1500]
14:53:11.025681 ALT: 0.08
14:53:11.026015 ATT: [2.1, -1.1, 253]
14:53:11.026495 ACC: [10, 18, 518]
[1499, 1500, 988, 1500, 2011, 988, 988, 988, 1001, 1001, 1001, 1001, 1500, 1500, 1500, 1500]
[1499, 1500, 988, 1500, 2011, 988, 988, 988, 1001, 1001, 1001, 1001, 1500, 1500, 1500, 1500]
[1499, 1500, 988, 1500, 2011, 988, 988, 988, 1001, 1001, 1001, 1001, 1500, 1500, 1500, 1500]
[1499, 1500, 988, 1500, 2011, 988, 988, 988, 1001, 1001, 1001, 1001, 1500, 1500, 1500, 1500]
[1500, 1500, 988, 1500, 2011, 988, 988, 988, 1001, 1001, 1001, 1001, 1500, 1500, 1500, 1500]
[1500, 1500, 988, 1500, 2011, 988, 988, 988, 1001, 1001, 1001, 1001, 1500, 1500, 1500, 1500]
[1500, 1500, 988, 1500, 2011, 988, 988, 988, 1001, 1001, 1001, 1001, 1500, 1500, 1500, 1500]
14:53:11.073618 ALT: 0.08
14:53:11.073936 ATT: [2.1, -1.1, 253]
14:53:11.074812 ACC: [10, 19, 517]
[1500, 1499, 988, 1500, 2011, 988, 988, 988, 1001, 1001, 1001, 1001, 1500, 1500, 1500, 1500]
[1500, 1499, 988, 1499, 2011, 988, 988, 988, 1001, 1001, 1001, 1001, 1500, 1500, 1500, 1500]
[1500, 1499, 988, 1499, 2011, 988, 988, 988, 1001, 1001, 1001, 1001, 1500, 1500, 1500, 1500]
[1500, 1500, 988, 1499, 2011, 988, 988, 988, 1001, 1001, 1001, 1001, 1500, 1500, 1500, 1500]
[1500, 1500, 988, 1500, 2011, 988, 988, 988, 1001, 1001, 1001, 1001, 1500, 1500, 1500, 1500]
[1500, 1500, 988, 1500, 2011, 988, 988, 988, 1001, 1001, 1001, 1001, 1500, 1500, 1500, 1500]
[1499, 1500, 988, 1500, 2011, 988, 988, 988, 1001, 1001, 1001, 1001, 1500, 1500, 1500, 1500]
[1499, 1500, 988, 1500, 2011, 988, 988, 988, 1001, 1001, 1001, 1001, 1500, 1500, 1500, 1500]
14:53:11.122361 ALT: 0.08
14:53:11.122512 ATT: [2.1, -1.1, 253]
14:53:11.123403 ACC: [10, 18, 518]
[1499, 1500, 988, 1500, 2011, 988, 988, 988, 1001, 1001, 1001, 1001, 1500, 1500, 1500, 1500]
[1499, 1499, 988, 1500, 2011, 988, 988, 988, 1001, 1001, 1001, 1001, 1500, 1500, 1500, 1500]
[1499, 1499, 988, 1500, 2011, 988, 988, 988, 1001, 1001, 1001, 1001, 1500, 1500, 1500, 1500]
[1499, 1499, 988, 1500, 2011, 988, 988, 988, 1001, 1001, 1001, 1001, 1500, 1500, 1500, 1500]
[1499, 1500, 988, 1500, 2011, 988, 988, 988, 1001, 1001, 1001, 1001, 1500, 1500, 1500, 1500]
[1499, 1500, 988, 1499, 2011, 988, 988, 988, 1001, 1001, 1001, 1001, 1500, 1500, 1500, 1500]
[1499, 1500, 988, 1499, 2011, 988, 988, 988, 1001, 1001, 1001, 1001, 1500, 1500, 1500, 1500]
14:53:11.169832 ALT: 0.08
14:53:11.170066 ATT: [2.1, -1.1, 253]
14:53:11.170618 ACC: [11, 19, 518]
[1499, 1500, 988, 1499, 2011, 988, 988, 988, 1001, 1001, 1001, 1001, 1500, 1500, 1500, 1500]
[1499, 1500, 991, 1497, 2011, 988, 988, 988, 1001, 1001, 1001, 1001, 1500, 1500, 1500, 1500]
[1499, 1500, 991, 1497, 2011, 988, 988, 988, 1001, 1001, 1001, 1001, 1500, 1500, 1500, 1500]
[1500, 1500, 991, 1497, 2011, 988, 988, 988, 1001, 1001, 1001, 1001, 1500, 1500, 1500, 1500]
[1500, 1500, 988, 1500, 2012, 986, 991, 988, 1001, 1001, 1001, 1001, 1500, 1500, 1500, 1500]
[1500, 1500, 988, 1500, 2012, 986, 991, 985, 1001, 1001, 1001, 1001, 1500, 1500, 1500, 1500]
[1500, 1499, 988, 1500, 2012, 986, 991, 985, 1001, 1001, 1001, 1001, 1500, 1500, 1500, 1500]
14:53:11.217672 ALT: 0.08
14:53:11.217792 ATT: [2.1, -1.1, 253]
14:53:11.218092 ACC: [11, 18, 517]
[1500, 1499, 988, 1500, 2011, 988, 988, 985, 1001, 1001, 1001, 1001, 1500, 1500, 1500, 1500]
[1500, 1499, 988, 1500, 2011, 988, 988, 988, 1001, 1001, 1001, 1001, 1500, 1500, 1500, 1500]
[1500, 1499, 988, 1500, 2011, 988, 988, 988, 1001, 1001, 1001, 1001, 1500, 1500, 1500, 1500]
[1500, 1499, 988, 1500, 2011, 988, 988, 988, 1001, 1001, 1001, 1001, 1500, 1500, 1500, 1500]
[1500, 1499, 988, 1500, 2011, 988, 988, 988, 1001, 1001, 1001, 1001, 1500, 1500, 1500, 1500]
[1499, 1500, 988, 1500, 2011, 988, 988, 988, 1001, 1001, 1001, 1001, 1500, 1500, 1500, 1500]
14:53:11.265495 ALT: 0.08
14:53:11.265604 ATT: [2.1, -1.1, 253]
14:53:11.265932 ACC: [10, 18, 517]
[1499, 1500, 988, 1499, 2011, 988, 988, 988, 1001, 1001, 1001, 1001, 1500, 1500, 1500, 1500]
[1500, 1500, 988, 1499, 2011, 988, 988, 988, 1001, 1001, 1001, 1001, 1500, 1500, 1500, 1500]
[1500, 1500, 988, 1499, 2011, 988, 988, 988, 1001, 1001, 1001, 1001, 1500, 1500, 1500, 1500]
[1500, 1500, 988, 1499, 2011, 988, 988, 988, 1001, 1001, 1001, 1001, 1500, 1500, 1500, 1500]
[1500, 1500, 988, 1499, 2011, 988, 988, 988, 1001, 1001, 1001, 1001, 1500, 1500, 1500, 1500]
[1500, 1500, 988, 1500, 2011, 988, 988, 988, 1001, 1001, 1001, 1001, 1500, 1500, 1500, 1500]
[1500, 1500, 988, 1500, 2011, 988, 988, 988, 1001, 1001, 1001, 1001, 1500, 1500, 1500, 1500]
14:53:11.313833 ALT: 0.08
14:53:11.313928 ATT: [2.1, -1.1, 253]
14:53:11.314226 ACC: [10, 18, 517]
[1499, 1500, 988, 1500, 2011, 988, 988, 988, 1001, 1001, 1001, 1001, 1500, 1500, 1500, 1500]
[1499, 1500, 988, 1500, 2011, 988, 988, 988, 1001, 1001, 1001, 1001, 1500, 1500, 1500, 1500]
[1499, 1500, 988, 1500, 2011, 988, 988, 988, 1001, 1001, 1001, 1001, 1500, 1500, 1500, 1500]
[1500, 1499, 988, 1500, 2011, 988, 988, 988, 1001, 1001, 1001, 1001, 1500, 1500, 1500, 1500]
[1500, 1499, 988, 1500, 2011, 988, 988, 988, 1001, 1001, 1001, 1001, 1500, 1500, 1500, 1500]
[1500, 1499, 988, 1500, 2011, 988, 988, 988, 1001, 1001, 1001, 1001, 1500, 1500, 1500, 1500]
[1499, 1500, 988, 1500, 2011, 988, 988, 988, 1001, 1001, 1001, 1001, 1500, 1500, 1500, 1500]
[1499, 1500, 988, 1500, 2011, 988, 988, 988, 1001, 1001, 1001, 1001, 1500, 1500, 1500, 1500]
14:53:11.361341 ALT: 0.08
14:53:11.361428 ATT: [2.1, -1.1, 253]
14:53:11.361665 ACC: [11, 18, 517]
[1499, 1500, 988, 1500, 2011, 988, 988, 989, 1001, 1001, 1001, 1001, 1500, 1500, 1500, 1500]
[1501, 1497, 988, 1500, 2011, 988, 988, 989, 1001, 1001, 1001, 1001, 1500, 1500, 1500, 1500]
[1501, 1497, 988, 1499, 2011, 988, 988, 989, 1001, 1001, 1001, 1001, 1500, 1500, 1500, 1500]
[1501, 1497, 988, 1499, 2011, 988, 988, 988, 1001, 1001, 1001, 1001, 1500, 1500, 1500, 1500]
[1500, 1499, 988, 1499, 2011, 988, 988, 988, 1001, 1001, 1001, 1001, 1500, 1500, 1500, 1500]
[1500, 1499, 988, 1500, 2011, 988, 988, 988, 1001, 1001, 1001, 1001, 1500, 1500, 1500, 1500]
[1500, 1499, 988, 1500, 2011, 988, 988, 988, 1001, 1001, 1001, 1001, 1500, 1500, 1500, 1500]
14:53:11.410442 ALT: 0.08
14:53:11.410550 ATT: [2.1, -1.2, 253]
14:53:11.410832 ACC: [11, 18, 517]
[1499, 1499, 988, 1500, 2011, 988, 988, 988, 1001, 1001, 1001, 1001, 1500, 1500, 1500, 1500]
[1499, 1499, 988, 1500, 2011, 988, 988, 988, 1001, 1001, 1001, 1001, 1500, 1500, 1500, 1500]
[1499, 1499, 988, 1500, 2011, 988, 988, 988, 1001, 1001, 1001, 1001, 1500, 1500, 1500, 1500]
[1500, 1499, 988, 1500, 2011, 988, 988, 988, 1001, 1001, 1001, 1001, 1500, 1500, 1500, 1500]
[1500, 1499, 988, 1500, 2011, 988, 988, 988, 1001, 1001, 1001, 1001, 1500, 1500, 1500, 1500]
[1500, 1499, 988, 1500, 2011, 988, 988, 988, 1001, 1001, 1001, 1001, 1500, 1500, 1500, 1500]
[1500, 1499, 988, 1500, 2011, 988, 988, 988, 1001, 1001, 1001, 1001, 1500, 1500, 1500, 1500]
14:53:11.457597 ALT: 0.08
14:53:11.457719 ATT: [2.1, -1.2, 253]
14:53:11.458096 ACC: [10, 18, 518]
[1500, 1499, 988, 1500, 2011, 988, 988, 988, 1001, 1001, 1001, 1001, 1500, 1500, 1500, 1500]
[1500, 1499, 988, 1500, 2011, 988, 988, 988, 1001, 1001, 1001, 1001, 1500, 1500, 1500, 1500]
[1500, 1500, 988, 1500, 2011, 988, 988, 988, 1001, 1001, 1001, 1001, 1500, 1500, 1500, 1500]
[1500, 1500, 988, 1499, 2011, 988, 988, 988, 1001, 1001, 1001, 1001, 1500, 1500, 1500, 1500]
[1500, 1500, 988, 1499, 2011, 988, 988, 988, 1001, 1001, 1001, 1001, 1500, 1500, 1500, 1500]
[1500, 1499, 988, 1499, 2011, 988, 988, 988, 1001, 1001, 1001, 1001, 1500, 1500, 1500, 1500]
[1500, 1499, 988, 1500, 2011, 988, 988, 988, 1001, 1001, 1001, 1001, 1500, 1500, 1500, 1500]
[1500, 1499, 988, 1500, 2011, 988, 988, 988, 1001, 1001, 1001, 1001, 1500, 1500, 1500, 1500]
14:53:11.508596 ALT: 0.08
14:53:11.508704 ATT: [2.1, -1.2, 253]
14:53:11.509197 ACC: [10, 18, 518]
[1500, 1499, 988, 1500, 2011, 988, 988, 988, 1001, 1001, 1001, 1001, 1500, 1500, 1500, 1500]
[1500, 1499, 988, 1500, 2011, 988, 988, 988, 1001, 1001, 1001, 1001, 1500, 1500, 1500, 1500]
[1500, 1499, 988, 1500, 2011, 988, 988, 988, 1001, 1001, 1001, 1001, 1500, 1500, 1500, 1500]
[1500, 1500, 988, 1500, 2011, 988, 988, 988, 1001, 1001, 1001, 1001, 1500, 1500, 1500, 1500]
[1500, 1500, 988, 1499, 2011, 988, 988, 988, 1001, 1001, 1001, 1001, 1500, 1500, 1500, 1500]
[1500, 1500, 988, 1499, 2011, 988, 988, 988, 1001, 1001, 1001, 1001, 1500, 1500, 1500, 1500]
14:53:11.553736 ALT: 0.08
14:53:11.553882 ATT: [2.1, -1.2, 253]
14:53:11.554229 ACC: [11, 18, 517]
[1500, 1500, 988, 1499, 2011, 988, 988, 988, 1001, 1001, 1001, 1001, 1500, 1500, 1500, 1500]
[1500, 1500, 988, 1500, 2011, 988, 988, 988, 1001, 1001, 1001, 1001, 1500, 1500, 1500, 1500]
[1500, 1500, 988, 1500, 2011, 988, 988, 988, 1001, 1001, 1001, 1001, 1500, 1500, 1500, 1500]
[1500, 1500, 988, 1500, 2011, 988, 988, 988, 1001, 1001, 1001, 1001, 1500, 1500, 1500, 1500]
[1500, 1500, 988, 1499, 2011, 988, 988, 988, 1001, 1001, 1001, 1001, 1500, 1500, 1500, 1500]
[1500, 1500, 988, 1499, 2011, 988, 988, 988, 1001, 1001, 1001, 1001, 1500, 1500, 1500, 1500]
[1500, 1500, 988, 1499, 2011, 988, 988, 988, 1001, 1001, 1001, 1001, 1500, 1500, 1500, 1500]
[1500, 1500, 988, 1500, 2011, 988, 988, 988, 1001, 1001, 1001, 1001, 1500, 1500, 1500, 1500]
14:53:11.602117 ALT: 0.08
14:53:11.602271 ATT: [2.1, -1.2, 253]
14:53:11.603107 ACC: [10, 18, 518]
[1500, 1500, 988, 1500, 2011, 988, 988, 988, 1001, 1001, 1001, 1001, 1500, 1500, 1500, 1500]
[1500, 1500, 988, 1500, 2011, 988, 988, 988, 1001, 1001, 1001, 1001, 1500, 1500, 1500, 1500]
[1500, 1500, 988, 1499, 2011, 988, 988, 988, 1001, 1001, 1001, 1001, 1500, 1500, 1500, 1500]
[1500, 1500, 988, 1499, 2011, 988, 988, 988, 1001, 1001, 1001, 1001, 1500, 1500, 1500, 1500]
[1500, 1500, 988, 1499, 2011, 988, 988, 988, 1001, 1001, 1001, 1001, 1500, 1500, 1500, 1500]
[1500, 1500, 988, 1500, 2011, 988, 988, 988, 1001, 1001, 1001, 1001, 1500, 1500, 1500, 1500]
[1500, 1500, 988, 1500, 2011, 988, 988, 988, 1001, 1001, 1001, 1001, 1500, 1500, 1500, 1500]
14:53:11.649517 ALT: 0.08
14:53:11.649612 ATT: [2.1, -1.2, 253]
14:53:11.649869 ACC: [11, 18, 517]
[1499, 1500, 988, 1500, 2011, 988, 988, 988, 1001, 1001, 1001, 1001, 1500, 1500, 1500, 1500]
[1499, 1500, 988, 1500, 2011, 988, 988, 988, 1001, 1001, 1001, 1001, 1500, 1500, 1500, 1500]
[1499, 1500, 988, 1500, 2011, 988, 988, 988, 1001, 1001, 1001, 1001, 1500, 1500, 1500, 1500]
[1500, 1499, 988, 1500, 2011, 988, 988, 988, 1001, 1001, 1001, 1001, 1500, 1500, 1500, 1500]
[1500, 1499, 988, 1499, 2011, 988, 988, 988, 1001, 1001, 1001, 1001, 1500, 1500, 1500, 1500]
[1500, 1499, 988, 1499, 2011, 988, 988, 988, 1001, 1001, 1001, 1001, 1500, 1500, 1500, 1500]
[1500, 1500, 988, 1499, 2011, 988, 988, 988, 1001, 1001, 1001, 1001, 1500, 1500, 1500, 1500]
14:53:11.697438 ALT: 0.08
14:53:11.697527 ATT: [2.1, -1.2, 253]
14:53:11.697767 ACC: [10, 18, 518]
[1500, 1500, 988, 1500, 2011, 988, 988, 988, 1001, 1001, 1001, 1001, 1500, 1500, 1500, 1500]
[1500, 1500, 988, 1500, 2011, 988, 988, 988, 1001, 1001, 1001, 1001, 1500, 1500, 1500, 1500]
[1500, 1500, 988, 1500, 2011, 988, 988, 988, 1001, 1001, 1001, 1001, 1500, 1500, 1500, 1500]
[1500, 1500, 988, 1499, 2011, 988, 988, 988, 1001, 1001, 1001, 1001, 1500, 1500, 1500, 1500]
[1500, 1500, 988, 1499, 2011, 988, 988, 988, 1001, 1001, 1001, 1001, 1500, 1500, 1500, 1500]
[1500, 1500, 988, 1499, 2011, 988, 988, 988, 1001, 1001, 1001, 1001, 1500, 1500, 1500, 1500]
[1500, 1500, 988, 1500, 2012, 986, 988, 988, 1001, 1001, 1001, 1001, 1500, 1500, 1500, 1500]
14:53:11.745465 ALT: 0.08
14:53:11.745560 ATT: [2.1, -1.2, 253]
14:53:11.745816 ACC: [11, 18, 518]
[1500, 1500, 988, 1500, 2012, 986, 988, 988, 1001, 1001, 1001, 1001, 1500, 1500, 1500, 1500]
[1500, 1500, 988, 1500, 2012, 986, 988, 988, 1001, 1001, 1001, 1001, 1500, 1500, 1500, 1500]
[1500, 1500, 988, 1500, 2011, 988, 988, 988, 1001, 1001, 1001, 1001, 1500, 1500, 1500, 1500]
[1500, 1500, 988, 1500, 2011, 988, 988, 988, 1001, 1001, 1001, 1001, 1500, 1500, 1500, 1500]
[1500, 1500, 988, 1500, 2011, 988, 988, 988, 1001, 1001, 1001, 1001, 1500, 1500, 1500, 1500]
[1500, 1500, 988, 1500, 2011, 988, 988, 988, 1001, 1001, 1001, 1001, 1500, 1500, 1500, 1500]
[1500, 1500, 988, 1500, 2011, 988, 988, 988, 1001, 1001, 1001, 1001, 1500, 1500, 1500, 1500]
14:53:11.793599 ALT: 0.08
14:53:11.793842 ATT: [2.1, -1.2, 253]
14:53:11.794642 ACC: [10, 18, 519]
[1500, 1500, 988, 1500, 2011, 988, 988, 988, 1001, 1001, 1001, 1001, 1500, 1500, 1500, 1500]
[1500, 1500, 988, 1500, 2011, 988, 989, 988, 1001, 1001, 1001, 1001, 1500, 1500, 1500, 1500]
[1500, 1500, 988, 1500, 2011, 988, 989, 986, 1001, 1001, 1001, 1001, 1500, 1500, 1500, 1500]
[1500, 1500, 988, 1500, 2011, 988, 989, 986, 1001, 1001, 1001, 1001, 1500, 1500, 1500, 1500]
[1500, 1500, 988, 1500, 2011, 988, 988, 986, 1001, 1001, 1001, 1001, 1500, 1500, 1500, 1500]
[1500, 1500, 988, 1500, 2011, 988, 988, 988, 1001, 1001, 1001, 1001, 1500, 1500, 1500, 1500]
[1500, 1500, 988, 1500, 2011, 988, 988, 988, 1001, 1001, 1001, 1001, 1500, 1500, 1500, 1500]
[1500, 1500, 988, 1500, 2011, 988, 988, 988, 1001, 1001, 1001, 1001, 1500, 1500, 1500, 1500]
14:53:11.842384 ALT: 0.08
14:53:11.842494 ATT: [2.1, -1.2, 253]
14:53:11.842781 ACC: [11, 18, 518]
[1500, 1500, 988, 1500, 2011, 988, 988, 988, 1001, 1001, 1001, 1001, 1500, 1500, 1500, 1500]
[1500, 1500, 988, 1500, 2011, 988, 988, 988, 1001, 1001, 1001, 1001, 1500, 1500, 1500, 1500]
[1500, 1500, 988, 1500, 2011, 988, 988, 988, 1001, 1001, 1001, 1001, 1500, 1500, 1500, 1500]
[1500, 1500, 988, 1500, 2011, 988, 988, 988, 1001, 1001, 1001, 1001, 1500, 1500, 1500, 1500]
[1500, 1500, 988, 1500, 2011, 988, 988, 988, 1001, 1001, 1001, 1001, 1500, 1500, 1500, 1500]
[1500, 1500, 988, 1500, 2011, 988, 988, 988, 1001, 1001, 1001, 1001, 1500, 1500, 1500, 1500]
[1500, 1500, 988, 1500, 2011, 988, 988, 988, 1001, 1001, 1001, 1001, 1500, 1500, 1500, 1500]
14:53:11.891127 ALT: 0.08
14:53:11.891237 ATT: [2.1, -1.2, 253]
14:53:11.891917 ACC: [10, 18, 517]
[1500, 1500, 988, 1500, 2011, 988, 988, 988, 1001, 1001, 1001, 1001, 1500, 1500, 1500, 1500]
[1500, 1500, 988, 1500, 2011, 988, 988, 988, 1001, 1001, 1001, 1001, 1500, 1500, 1500, 1500]
[1500, 1500, 988, 1500, 2011, 988, 988, 988, 1001, 1001, 1001, 1001, 1500, 1500, 1500, 1500]
[1499, 1500, 988, 1500, 2011, 988, 988, 988, 1001, 1001, 1001, 1001, 1500, 1500, 1500, 1500]
[1499, 1500, 988, 1500, 2011, 988, 988, 988, 1001, 1001, 1001, 1001, 1500, 1500, 1500, 1500]
[1499, 1500, 988, 1500, 2011, 988, 988, 988, 1001, 1001, 1001, 1001, 1500, 1500, 1500, 1500]
[1500, 1499, 988, 1500, 2011, 988, 988, 988, 1001, 1001, 1001, 1001, 1500, 1500, 1500, 1500]
14:53:11.938180 ALT: 0.08
14:53:11.938707 ATT: [2.1, -1.2, 253]
14:53:11.939724 ACC: [10, 18, 519]
[1500, 1499, 988, 1500, 2011, 989, 986, 988, 1001, 1001, 1001, 1001, 1500, 1500, 1500, 1500]
[1500, 1499, 988, 1500, 2011, 989, 986, 988, 1001, 1001, 1001, 1001, 1500, 1500, 1500, 1500]
[1500, 1500, 988, 1500, 2011, 989, 986, 988, 1001, 1001, 1001, 1001, 1500, 1500, 1500, 1500]
[1500, 1500, 988, 1500, 2011, 988, 988, 988, 1001, 1001, 1001, 1001, 1500, 1500, 1500, 1500]
[1500, 1500, 988, 1500, 2011, 988, 988, 988, 1001, 1001, 1001, 1001, 1500, 1500, 1500, 1500]
[1499, 1500, 988, 1500, 2011, 988, 988, 988, 1001, 1001, 1001, 1001, 1500, 1500, 1500, 1500]
[1499, 1500, 988, 1500, 2011, 988, 988, 988, 1001, 1001, 1001, 1001, 1500, 1500, 1500, 1500]
14:53:11.985718 ALT: 0.08
14:53:11.985839 ATT: [2.1, -1.2, 253]
14:53:11.986247 ACC: [10, 18, 519]
[1499, 1500, 988, 1500, 2011, 988, 988, 988, 1001, 1001, 1001, 1001, 1500, 1500, 1500, 1500]
[1500, 1500, 988, 1500, 2011, 988, 988, 988, 1001, 1001, 1001, 1001, 1500, 1500, 1500, 1500]
[1500, 1500, 988, 1500, 2009, 988, 988, 988, 1001, 1001, 1001, 1001, 1500, 1500, 1500, 1500]
[1500, 1500, 988, 1500, 2009, 988, 988, 988, 1001, 1001, 1001, 1001, 1500, 1500, 1500, 1500]
[1499, 1500, 988, 1500, 2009, 988, 988, 988, 1001, 1001, 1001, 1001, 1500, 1500, 1500, 1500]
[1499, 1500, 988, 1500, 2011, 988, 988, 988, 1001, 1001, 1001, 1001, 1500, 1500, 1500, 1500]
[1499, 1500, 988, 1500, 2011, 988, 988, 988, 1001, 1001, 1001, 1001, 1500, 1500, 1500, 1500]
[1500, 1499, 988, 1500, 2011, 988, 988, 988, 1001, 1001, 1001, 1001, 1500, 1500, 1500, 1500]
14:53:12.037182 ALT: 0.05
14:53:12.037561 ATT: [2.1, -1.2, 253]
14:53:12.038126 ACC: [11, 18, 518]
[1500, 1499, 988, 1500, 2011, 988, 988, 988, 1001, 1001, 1001, 1001, 1500, 1500, 1500, 1500]
[1500, 1499, 988, 1500, 2011, 988, 988, 988, 1001, 1001, 1001, 1001, 1500, 1500, 1500, 1500]
[1500, 1500, 988, 1500, 2011, 988, 988, 988, 1001, 1001, 1001, 1001, 1500, 1500, 1500, 1500]
[1500, 1500, 988, 1500, 2011, 988, 988, 988, 1001, 1001, 1001, 1001, 1500, 1500, 1500, 1500]
[1500, 1500, 988, 1500, 2011, 988, 988, 988, 1001, 1001, 1001, 1001, 1500, 1500, 1500, 1500]
[1497, 1500, 988, 1500, 2011, 988, 988, 988, 1001, 1001, 1001, 1001, 1500, 1500, 1500, 1500]
[1497, 1500, 988, 1499, 2011, 988, 988, 988, 1001, 1001, 1001, 1001, 1500, 1500, 1500, 1500]
14:53:12.081501 ALT: 0.02
14:53:12.081618 ATT: [2.1, -1.2, 253]
14:53:12.082106 ACC: [9, 18, 519]
[1497, 1500, 988, 1499, 2011, 988, 988, 988, 1001, 1001, 1001, 1001, 1500, 1500, 1500, 1500]
[1500, 1500, 988, 1499, 2011, 988, 988, 988, 1001, 1001, 1001, 1001, 1500, 1500, 1500, 1500]
[1500, 1500, 988, 1500, 2011, 988, 988, 988, 1001, 1001, 1001, 1001, 1500, 1500, 1500, 1500]
[1500, 1500, 988, 1500, 2011, 988, 988, 988, 1001, 1001, 1001, 1001, 1500, 1500, 1500, 1500]
[1500, 1500, 988, 1500, 2011, 988, 988, 988, 1001, 1001, 1001, 1001, 1500, 1500, 1500, 1500]
[1500, 1500, 988, 1500, 2011, 988, 988, 988, 1001, 1001, 1001, 1001, 1500, 1500, 1500, 1500]
[1500, 1500, 988, 1500, 2011, 988, 988, 988, 1001, 1001, 1001, 1001, 1500, 1500, 1500, 1500]
14:53:12.129548 ALT: 0.02
14:53:12.129651 ATT: [2.1, -1.2, 253]
14:53:12.130011 ACC: [10, 18, 518]
[1499, 1500, 988, 1500, 2011, 988, 988, 988, 1001, 1001, 1001, 1001, 1500, 1500, 1500, 1500]
[1499, 1500, 988, 1500, 2011, 988, 988, 988, 1001, 1001, 1001, 1001, 1500, 1500, 1500, 1500]
[1499, 1500, 988, 1500, 2011, 988, 988, 988, 1001, 1001, 1001, 1001, 1500, 1500, 1500, 1500]
[1500, 1500, 988, 1500, 2011, 988, 988, 988, 1001, 1001, 1001, 1001, 1500, 1500, 1500, 1500]
[1500, 1500, 988, 1500, 2011, 988, 988, 988, 1001, 1001, 1001, 1001, 1500, 1500, 1500, 1500]
[1500, 1500, 988, 1500, 2011, 988, 988, 988, 1001, 1001, 1001, 1001, 1500, 1500, 1500, 1500]
[1500, 1500, 988, 1500, 2011, 988, 988, 988, 1001, 1001, 1001, 1001, 1500, 1500, 1500, 1500]
14:53:12.177557 ALT: 0.02
14:53:12.177659 ATT: [2.1, -1.2, 253]
14:53:12.177962 ACC: [10, 19, 518]
[1500, 1500, 988, 1500, 2011, 988, 988, 988, 1001, 1001, 1001, 1001, 1500, 1500, 1500, 1500]
[1500, 1500, 988, 1500, 2011, 988, 988, 988, 1001, 1001, 1001, 1001, 1500, 1500, 1500, 1500]
[1500, 1499, 988, 1500, 2011, 988, 988, 988, 1001, 1001, 1001, 1001, 1500, 1500, 1500, 1500]
[1500, 1499, 988, 1500, 2011, 988, 988, 988, 1001, 1001, 1001, 1001, 1500, 1500, 1500, 1500]
[1500, 1499, 988, 1500, 2011, 988, 988, 988, 1001, 1001, 1001, 1001, 1500, 1500, 1500, 1500]
[1499, 1500, 988, 1500, 2011, 988, 988, 988, 1001, 1001, 1001, 1001, 1500, 1500, 1500, 1500]
[1499, 1500, 988, 1500, 2011, 988, 988, 988, 1001, 1001, 1001, 1001, 1500, 1500, 1500, 1500]
14:53:12.225561 ALT: 0.02
14:53:12.225668 ATT: [2.1, -1.2, 253]
14:53:12.225964 ACC: [10, 18, 519]
[1499, 1500, 988, 1500, 2011, 988, 988, 988, 1001, 1001, 1001, 1001, 1500, 1500, 1500, 1500]
[1500, 1499, 988, 1500, 2011, 988, 988, 988, 1001, 1001, 1001, 1001, 1500, 1500, 1500, 1500]
[1500, 1499, 988, 1500, 2011, 988, 988, 988, 1001, 1001, 1001, 1001, 1500, 1500, 1500, 1500]
[1500, 1499, 988, 1500, 2011, 988, 988, 988, 1001, 1001, 1001, 1001, 1500, 1500, 1500, 1500]
[1500, 1500, 988, 1500, 2011, 988, 988, 988, 1001, 1001, 1001, 1001, 1500, 1500, 1500, 1500]
[1500, 1500, 988, 1500, 2011, 988, 988, 988, 1001, 1001, 1001, 1001, 1500, 1500, 1500, 1500]
[1500, 1500, 988, 1500, 2011, 988, 988, 988, 1001, 1001, 1001, 1001, 1500, 1500, 1500, 1500]
[1500, 1500, 988, 1500, 2011, 988, 988, 988, 1001, 1001, 1001, 1001, 1500, 1500, 1500, 1500]
14:53:12.278905 ALT: 0.02
14:53:12.279003 ATT: [2.1, -1.2, 253]
14:53:12.279284 ACC: [11, 18, 516]
[1500, 1500, 988, 1500, 2011, 988, 988, 988, 1001, 1001, 1001, 1001, 1500, 1500, 1500, 1500]
[1500, 1500, 988, 1500, 2011, 988, 988, 988, 1001, 1001, 1001, 1001, 1500, 1500, 1500, 1500]
[1501, 1497, 988, 1500, 2011, 988, 988, 988, 1001, 1001, 1001, 1001, 1500, 1500, 1500, 1500]
[1501, 1497, 988, 1500, 2011, 988, 988, 988, 1001, 1001, 1001, 1001, 1500, 1500, 1500, 1500]
[1501, 1497, 988, 1500, 2011, 988, 988, 988, 1001, 1001, 1001, 1001, 1500, 1500, 1500, 1500]
[1500, 1499, 988, 1500, 2011, 988, 988, 988, 1001, 1001, 1001, 1001, 1500, 1500, 1500, 1500]
[1500, 1499, 988, 1500, 2011, 988, 988, 988, 1001, 1001, 1001, 1001, 1500, 1500, 1500, 1500]
14:53:12.322382 ALT: 0.02
14:53:12.322554 ATT: [2.1, -1.2, 253]
14:53:12.323455 ACC: [10, 17, 517]
[1500, 1499, 988, 1500, 2011, 988, 988, 988, 1001, 1001, 1001, 1001, 1500, 1500, 1500, 1500]
[1499, 1499, 988, 1500, 2011, 988, 988, 988, 1001, 1001, 1001, 1001, 1500, 1500, 1500, 1500]
[1499, 1499, 988, 1500, 2011, 988, 988, 988, 1001, 1001, 1001, 1001, 1500, 1500, 1500, 1500]
[1499, 1499, 988, 1500, 2011, 988, 988, 988, 1001, 1001, 1001, 1001, 1500, 1500, 1500, 1500]
[1499, 1500, 988, 1500, 2011, 988, 988, 988, 1001, 1001, 1001, 1001, 1500, 1500, 1500, 1500]
[1499, 1500, 988, 1500, 2011, 988, 988, 988, 1001, 1001, 1001, 1001, 1500, 1500, 1500, 1500]
[1499, 1500, 988, 1500, 2011, 988, 988, 988, 1001, 1001, 1001, 1001, 1500, 1500, 1500, 1500]
[1500, 1499, 988, 1500, 2011, 988, 988, 988, 1001, 1001, 1001, 1001, 1500, 1500, 1500, 1500]
[1500, 1499, 988, 1500, 2011, 988, 988, 988, 1001, 1001, 1001, 1001, 1500, 1500, 1500, 1500]
14:53:12.385624 ALT: 0.02
14:53:12.385766 ATT: [2.1, -1.2, 253]
14:53:12.386131 ACC: [11, 18, 518]
[1500, 1499, 988, 1500, 2011, 988, 988, 988, 1001, 1001, 1001, 1001, 1500, 1500, 1500, 1500]
[1500, 1500, 988, 1500, 2011, 988, 988, 988, 1001, 1001, 1001, 1001, 1500, 1500, 1500, 1500]
[1500, 1500, 988, 1500, 2011, 988, 988, 988, 1001, 1001, 1001, 1001, 1500, 1500, 1500, 1500]
[1500, 1500, 988, 1500, 2011, 988, 988, 988, 1001, 1001, 1001, 1001, 1500, 1500, 1500, 1500]
[1499, 1500, 988, 1500, 2011, 988, 988, 988, 1001, 1001, 1001, 1001, 1500, 1500, 1500, 1500]
[1499, 1500, 988, 1500, 2011, 988, 988, 988, 1001, 1001, 1001, 1001, 1500, 1500, 1500, 1500]
[1499, 1500, 988, 1500, 2011, 988, 988, 988, 1001, 1001, 1001, 1001, 1500, 1500, 1500, 1500]
14:53:12.433619 ALT: 0.02
14:53:12.433720 ATT: [2.1, -1.2, 253]
14:53:12.434068 ACC: [10, 18, 518]
[1500, 1499, 988, 1500, 2011, 988, 988, 988, 1001, 1001, 1001, 1001, 1500, 1500, 1500, 1500]
[1500, 1499, 988, 1500, 2011, 988, 988, 988, 1001, 1001, 1001, 1001, 1500, 1500, 1500, 1500]
[1500, 1499, 988, 1500, 2011, 988, 988, 988, 1001, 1001, 1001, 1001, 1500, 1500, 1500, 1500]
[1500, 1500, 988, 1500, 2011, 988, 988, 988, 1001, 1001, 1001, 1001, 1500, 1500, 1500, 1500]
[1500, 1500, 988, 1500, 2011, 988, 988, 988, 1001, 1001, 1001, 1001, 1500, 1500, 1500, 1500]
[1500, 1500, 988, 1500, 2011, 988, 988, 988, 1001, 1001, 1001, 1001, 1500, 1500, 1500, 1500]
[1500, 1500, 988, 1500, 2011, 988, 988, 988, 1001, 1001, 1001, 1001, 1500, 1500, 1500, 1500]
[1500, 1500, 988, 1500, 2011, 988, 988, 988, 1001, 1001, 1001, 1001, 1500, 1500, 1500, 1500]
14:53:12.481628 ALT: 0.02
14:53:12.481743 ATT: [2.1, -1.2, 253]
14:53:12.482094 ACC: [10, 18, 516]
[1500, 1500, 988, 1500, 2011, 988, 988, 988, 1001, 1001, 1001, 1001, 1500, 1500, 1500, 1500]
[1500, 1500, 988, 1500, 2011, 988, 988, 988, 1001, 1001, 1001, 1001, 1500, 1500, 1500, 1500]
[1500, 1500, 988, 1500, 2011, 988, 988, 988, 1001, 1001, 1001, 1001, 1500, 1500, 1500, 1500]
[1500, 1500, 988, 1500, 2011, 988, 988, 988, 1001, 1001, 1001, 1001, 1500, 1500, 1500, 1500]
[1500, 1499, 988, 1500, 2011, 988, 988, 988, 1001, 1001, 1001, 1001, 1500, 1500, 1500, 1500]
[1500, 1499, 988, 1500, 2011, 988, 988, 988, 1001, 1001, 1001, 1001, 1500, 1500, 1500, 1500]
[1500, 1499, 988, 1500, 2011, 988, 988, 988, 1001, 1001, 1001, 1001, 1500, 1500, 1500, 1500]
14:53:12.529612 ALT: 0.02
14:53:12.529710 ATT: [2.1, -1.2, 253]
14:53:12.529997 ACC: [10, 18, 518]
[1499, 1500, 988, 1500, 2011, 988, 988, 988, 1001, 1001, 1001, 1001, 1500, 1500, 1500, 1500]
[1499, 1500, 988, 1500, 2011, 988, 988, 988, 1001, 1001, 1001, 1001, 1500, 1500, 1500, 1500]
[1499, 1500, 988, 1500, 2011, 988, 988, 988, 1001, 1001, 1001, 1001, 1500, 1500, 1500, 1500]
[1500, 1500, 988, 1500, 2011, 988, 988, 988, 1001, 1001, 1001, 1001, 1500, 1500, 1500, 1500]
[1500, 1500, 988, 1500, 2011, 988, 988, 988, 1001, 1001, 1001, 1001, 1500, 1500, 1500, 1500]
[1500, 1500, 988, 1500, 2011, 988, 988, 988, 1001, 1001, 1001, 1001, 1500, 1500, 1500, 1500]
[1500, 1500, 988, 1500, 2011, 988, 988, 988, 1001, 1001, 1001, 1001, 1500, 1500, 1500, 1500]
14:53:12.577597 ALT: 0.02
14:53:12.577696 ATT: [2.1, -1.2, 253]
14:53:12.578013 ACC: [10, 19, 518]
[1500, 1500, 988, 1500, 2011, 988, 988, 988, 1001, 1001, 1001, 1001, 1500, 1500, 1500, 1500]
[1500, 1500, 988, 1500, 2011, 988, 988, 988, 1001, 1001, 1001, 1001, 1500, 1500, 1500, 1500]
[1499, 1500, 988, 1500, 2011, 988, 988, 988, 1001, 1001, 1001, 1001, 1500, 1500, 1500, 1500]
[1499, 1500, 988, 1500, 2012, 988, 986, 988, 1001, 1001, 1001, 1001, 1500, 1500, 1500, 1500]
[1499, 1500, 988, 1500, 2012, 988, 986, 988, 1001, 1001, 1001, 1001, 1500, 1500, 1500, 1500]
[1499, 1500, 988, 1500, 2012, 988, 986, 988, 1001, 1001, 1001, 1001, 1500, 1500, 1500, 1500]
[1499, 1500, 988, 1500, 2011, 988, 988, 988, 1001, 1001, 1001, 1001, 1500, 1500, 1500, 1500]
14:53:12.625683 ALT: 0.02
14:53:12.625834 ATT: [2.1, -1.2, 253]
14:53:12.626334 ACC: [10, 18, 519]
[1499, 1500, 988, 1500, 2011, 988, 988, 988, 1001, 1001, 1001, 1001, 1500, 1500, 1500, 1500]
[1500, 1500, 988, 1500, 2011, 988, 988, 988, 1001, 1001, 1001, 1001, 1500, 1500, 1500, 1500]
[1500, 1500, 988, 1500, 2011, 988, 988, 988, 1001, 1001, 1001, 1001, 1500, 1500, 1500, 1500]
[1500, 1500, 988, 1500, 2011, 988, 988, 988, 1001, 1001, 1001, 1001, 1500, 1500, 1500, 1500]
[1499, 1500, 988, 1500, 2011, 988, 988, 988, 1001, 1001, 1001, 1001, 1500, 1500, 1500, 1500]
[1499, 1500, 988, 1500, 2011, 988, 988, 988, 1001, 1001, 1001, 1001, 1500, 1500, 1500, 1500]
[1499, 1500, 988, 1500, 2011, 988, 988, 988, 1001, 1001, 1001, 1001, 1500, 1500, 1500, 1500]
14:53:12.673881 ALT: 0.02
14:53:12.674226 ATT: [2.1, -1.2, 253]
14:53:12.674861 ACC: [10, 18, 519]
[1500, 1500, 988, 1500, 2011, 988, 988, 988, 1001, 1001, 1001, 1001, 1500, 1500, 1500, 1500]
[1500, 1500, 988, 1499, 2011, 988, 988, 988, 1001, 1001, 1001, 1001, 1500, 1500, 1500, 1500]
[1500, 1500, 988, 1499, 2011, 988, 988, 988, 1001, 1001, 1001, 1001, 1500, 1500, 1500, 1500]
[1500, 1500, 988, 1499, 2011, 988, 988, 988, 1001, 1001, 1001, 1001, 1500, 1500, 1500, 1500]
[1500, 1500, 988, 1500, 2011, 988, 989, 988, 1001, 1001, 1001, 1001, 1500, 1500, 1500, 1500]
[1500, 1500, 988, 1500, 2011, 988, 989, 986, 1001, 1001, 1001, 1001, 1500, 1500, 1500, 1500]
[1499, 1500, 988, 1500, 2011, 988, 989, 986, 1001, 1001, 1001, 1001, 1500, 1500, 1500, 1500]
[1499, 1500, 988, 1500, 2011, 988, 988, 986, 1001, 1001, 1001, 1001, 1500, 1500, 1500, 1500]
14:53:12.723675 ALT: 0.02
14:53:12.723833 ATT: [2.1, -1.2, 253]
14:53:12.724415 ACC: [10, 18, 517]
[1499, 1500, 988, 1500, 2011, 988, 988, 988, 1001, 1001, 1001, 1001, 1500, 1500, 1500, 1500]
[1500, 1500, 988, 1500, 2011, 988, 988, 988, 1001, 1001, 1001, 1001, 1500, 1500, 1500, 1500]
[1500, 1500, 988, 1500, 2011, 988, 988, 988, 1001, 1001, 1001, 1001, 1500, 1500, 1500, 1500]
[1500, 1500, 988, 1500, 2011, 988, 988, 988, 1001, 1001, 1001, 1001, 1500, 1500, 1500, 1500]
[1499, 1500, 988, 1500, 2011, 988, 988, 988, 1001, 1001, 1001, 1001, 1500, 1500, 1500, 1500]
[1499, 1500, 988, 1500, 2011, 988, 988, 988, 1001, 1001, 1001, 1001, 1500, 1500, 1500, 1500]
[1499, 1500, 988, 1500, 2011, 988, 988, 988, 1001, 1001, 1001, 1001, 1500, 1500, 1500, 1500]
[1500, 1500, 988, 1500, 2011, 988, 988, 988, 1001, 1001, 1001, 1001, 1500, 1500, 1500, 1500]
[1500, 1500, 988, 1500, 2011, 988, 988, 988, 1001, 1001, 1001, 1001, 1500, 1500, 1500, 1500]
14:53:12.782406 ALT: 0.02
14:53:12.782519 ATT: [2.1, -1.2, 253]
14:53:12.782887 ACC: [11, 18, 516]
[1500, 1500, 988, 1500, 2011, 988, 988, 988, 1001, 1001, 1001, 1001, 1500, 1500, 1500, 1500]
[1500, 1499, 988, 1500, 2011, 988, 988, 988, 1001, 1001, 1001, 1001, 1500, 1500, 1500, 1500]
[1500, 1499, 988, 1500, 2011, 989, 986, 988, 1001, 1001, 1001, 1001, 1500, 1500, 1500, 1500]
[1500, 1499, 988, 1500, 2011, 989, 986, 988, 1001, 1001, 1001, 1001, 1500, 1500, 1500, 1500]
[1500, 1500, 988, 1500, 2011, 989, 986, 988, 1001, 1001, 1001, 1001, 1500, 1500, 1500, 1500]
[1500, 1500, 988, 1500, 2011, 988, 988, 988, 1001, 1001, 1001, 1001, 1500, 1500, 1500, 1500]
[1500, 1500, 988, 1500, 2011, 988, 988, 988, 1001, 1001, 1001, 1001, 1500, 1500, 1500, 1500]
14:53:12.833835 ALT: 0.07
14:53:12.833964 ATT: [2.1, -1.2, 253]
14:53:12.834346 ACC: [10, 18, 519]
[1500, 1500, 988, 1500, 2011, 988, 988, 988, 1001, 1001, 1001, 1001, 1500, 1500, 1500, 1500]
[1500, 1500, 988, 1500, 2011, 988, 988, 988, 1001, 1001, 1001, 1001, 1500, 1500, 1500, 1500]
[1500, 1500, 988, 1500, 2011, 988, 988, 988, 1001, 1001, 1001, 1001, 1500, 1500, 1500, 1500]
[1499, 1500, 988, 1500, 2011, 988, 988, 988, 1001, 1001, 1001, 1001, 1500, 1500, 1500, 1500]
[1499, 1500, 988, 1500, 2009, 988, 988, 988, 1001, 1001, 1001, 1001, 1500, 1500, 1500, 1500]
[1499, 1500, 988, 1500, 2009, 988, 988, 988, 1001, 1001, 1001, 1001, 1500, 1500, 1500, 1500]
[1499, 1500, 988, 1500, 2009, 988, 988, 988, 1001, 1001, 1001, 1001, 1500, 1500, 1500, 1500]
[1499, 1500, 988, 1500, 2011, 988, 988, 988, 1001, 1001, 1001, 1001, 1500, 1500, 1500, 1500]
14:53:12.887538 ALT: 0.08
14:53:12.887656 ATT: [2.1, -1.2, 253]
14:53:12.888119 ACC: [11, 19, 517]
[1499, 1500, 988, 1500, 2011, 988, 988, 988, 1001, 1001, 1001, 1001, 1500, 1500, 1500, 1500]
[1499, 1500, 988, 1500, 2011, 988, 988, 988, 1001, 1001, 1001, 1001, 1500, 1500, 1500, 1500]
[1499, 1500, 988, 1500, 2011, 988, 988, 988, 1001, 1001, 1001, 1001, 1500, 1500, 1500, 1500]
[1499, 1500, 988, 1500, 2011, 988, 988, 988, 1001, 1001, 1001, 1001, 1500, 1500, 1500, 1500]
[1500, 1499, 988, 1500, 2011, 988, 988, 988, 1001, 1001, 1001, 1001, 1500, 1500, 1500, 1500]
[1500, 1499, 988, 1500, 2011, 988, 988, 988, 1001, 1001, 1001, 1001, 1500, 1500, 1500, 1500]
[1500, 1499, 988, 1500, 2011, 988, 988, 988, 1001, 1001, 1001, 1001, 1500, 1500, 1500, 1500]
14:53:12.929659 ALT: 0.08
14:53:12.929756 ATT: [2.1, -1.2, 253]
14:53:12.930059 ACC: [11, 19, 518]
[1500, 1499, 988, 1500, 2011, 988, 988, 988, 1001, 1001, 1001, 1001, 1500, 1500, 1500, 1500]
[1500, 1499, 988, 1500, 2012, 986, 988, 988, 1001, 1001, 1001, 1001, 1500, 1500, 1500, 1500]
[1500, 1499, 988, 1500, 2012, 986, 988, 988, 1001, 1001, 1001, 1001, 1500, 1500, 1500, 1500]
[1500, 1499, 988, 1500, 2012, 986, 988, 988, 1001, 1001, 1001, 1001, 1500, 1500, 1500, 1500]
[1500, 1499, 988, 1500, 2011, 988, 988, 988, 1001, 1001, 1001, 1001, 1500, 1500, 1500, 1500]
[1500, 1499, 988, 1500, 2011, 988, 988, 988, 1001, 1001, 1001, 1001, 1500, 1500, 1500, 1500]
[1499, 1500, 988, 1500, 2011, 988, 988, 988, 1001, 1001, 1001, 1001, 1500, 1500, 1500, 1500]
14:53:12.977676 ALT: 0.08
14:53:12.977781 ATT: [2.1, -1.2, 253]
14:53:12.978073 ACC: [10, 18, 520]
[1499, 1500, 988, 1499, 2011, 988, 988, 988, 1001, 1001, 1001, 1001, 1500, 1500, 1500, 1500]
[1499, 1500, 988, 1499, 2011, 988, 988, 988, 1001, 1001, 1001, 1001, 1500, 1500, 1500, 1500]
[1500, 1499, 988, 1499, 2011, 988, 988, 988, 1001, 1001, 1001, 1001, 1500, 1500, 1500, 1500]
[1500, 1499, 988, 1499, 2011, 988, 988, 988, 1001, 1001, 1001, 1001, 1500, 1500, 1500, 1500]
[1500, 1499, 988, 1499, 2011, 988, 988, 988, 1001, 1001, 1001, 1001, 1500, 1500, 1500, 1500]
[1500, 1499, 988, 1499, 2011, 988, 988, 988, 1001, 1001, 1001, 1001, 1500, 1500, 1500, 1500]
[1500, 1499, 988, 1499, 2011, 988, 988, 988, 1001, 1001, 1001, 1001, 1500, 1500, 1500, 1500]
14:53:13.025641 ALT: 0.08
14:53:13.025743 ATT: [2.1, -1.2, 253]
14:53:13.026028 ACC: [11, 18, 518]
[1500, 1499, 988, 1499, 2011, 988, 988, 988, 1001, 1001, 1001, 1001, 1500, 1500, 1500, 1500]
[1500, 1500, 988, 1499, 2011, 988, 988, 988, 1001, 1001, 1001, 1001, 1500, 1500, 1500, 1500]
[1500, 1500, 986, 1500, 2011, 988, 988, 988, 1001, 1001, 1001, 1001, 1500, 1500, 1500, 1500]
[1500, 1500, 986, 1500, 2011, 988, 988, 988, 1001, 1001, 1001, 1001, 1500, 1500, 1500, 1500]
[1499, 1500, 986, 1500, 2011, 988, 988, 988, 1001, 1001, 1001, 1001, 1500, 1500, 1500, 1500]
[1499, 1500, 988, 1500, 2011, 988, 988, 988, 1001, 1001, 1001, 1001, 1500, 1500, 1500, 1500]
[1499, 1500, 988, 1500, 2011, 988, 988, 988, 1001, 1001, 1001, 1001, 1500, 1500, 1500, 1500]
[1500, 1500, 988, 1500, 2011, 988, 988, 988, 1001, 1001, 1001, 1001, 1500, 1500, 1500, 1500]
14:53:13.079738 ALT: 0.08
14:53:13.079838 ATT: [2.1, -1.2, 253]
14:53:13.081336 ACC: [11, 19, 518]
[1500, 1500, 988, 1500, 2011, 988, 988, 988, 1001, 1001, 1001, 1001, 1500, 1500, 1500, 1500]
[1500, 1500, 988, 1500, 2011, 988, 988, 988, 1001, 1001, 1001, 1001, 1500, 1500, 1500, 1500]
[1499, 1500, 988, 1500, 2011, 988, 988, 988, 1001, 1001, 1001, 1001, 1500, 1500, 1500, 1500]
[1499, 1500, 988, 1500, 2011, 988, 988, 988, 1001, 1001, 1001, 1001, 1500, 1500, 1500, 1500]
[1499, 1500, 988, 1500, 2011, 988, 988, 988, 1001, 1001, 1001, 1001, 1500, 1500, 1500, 1500]
[1500, 1499, 988, 1500, 2011, 988, 988, 988, 1001, 1001, 1001, 1001, 1500, 1500, 1500, 1500]
[1500, 1499, 988, 1500, 2011, 988, 988, 988, 1001, 1001, 1001, 1001, 1500, 1500, 1500, 1500]
14:53:13.129529 ALT: 0.08
14:53:13.129657 ATT: [2.1, -1.2, 253]
14:53:13.129963 ACC: [11, 19, 517]
[1500, 1499, 988, 1500, 2011, 988, 988, 988, 1001, 1001, 1001, 1001, 1500, 1500, 1500, 1500]
[1500, 1500, 988, 1500, 2011, 988, 988, 988, 1001, 1001, 1001, 1001, 1500, 1500, 1500, 1500]
[1500, 1500, 988, 1500, 2011, 988, 988, 988, 1001, 1001, 1001, 1001, 1500, 1500, 1500, 1500]
[1500, 1500, 988, 1500, 2011, 988, 988, 988, 1001, 1001, 1001, 1001, 1500, 1500, 1500, 1500]
[1499, 1500, 988, 1500, 2011, 988, 988, 988, 1001, 1001, 1001, 1001, 1500, 1500, 1500, 1500]
[1499, 1500, 988, 1500, 2011, 988, 988, 988, 1001, 1001, 1001, 1001, 1500, 1500, 1500, 1500]
[1499, 1500, 988, 1500, 2011, 988, 988, 988, 1001, 1001, 1001, 1001, 1500, 1500, 1500, 1500]
[1499, 1500, 988, 1500, 2011, 988, 988, 988, 1001, 1001, 1001, 1001, 1500, 1500, 1500, 1500]
14:53:13.176275 ALT: 0.08
14:53:13.176366 ATT: [2.1, -1.2, 253]
14:53:13.176704 ACC: [11, 18, 517]
[1499, 1500, 988, 1499, 2011, 989, 986, 988, 1001, 1001, 1001, 1001, 1500, 1500, 1500, 1500]
[1499, 1500, 988, 1499, 2011, 989, 986, 988, 1001, 1001, 1001, 1001, 1500, 1500, 1500, 1500]
[1499, 1500, 988, 1499, 2011, 989, 986, 988, 1001, 1001, 1001, 1001, 1500, 1500, 1500, 1500]
[1499, 1500, 988, 1500, 2011, 988, 988, 988, 1001, 1001, 1001, 1001, 1500, 1500, 1500, 1500]
[1499, 1500, 988, 1500, 2011, 988, 988, 986, 1001, 1001, 1001, 1001, 1500, 1500, 1500, 1500]
[1500, 1499, 988, 1500, 2011, 988, 988, 986, 1001, 1001, 1001, 1001, 1500, 1500, 1500, 1500]
[1500, 1499, 988, 1500, 2011, 988, 988, 986, 1001, 1001, 1001, 1001, 1500, 1500, 1500, 1500]
[1500, 1499, 988, 1500, 2011, 988, 988, 988, 1001, 1001, 1001, 1001, 1500, 1500, 1500, 1500]
[1497, 1500, 988, 1500, 2011, 988, 988, 988, 1001, 1001, 1001, 1001, 1500, 1500, 1500, 1500]
14:53:13.234573 ALT: 0.08
14:53:13.234684 ATT: [2.1, -1.2, 253]
14:53:13.235025 ACC: [10, 19, 515]
[1497, 1500, 988, 1500, 2012, 986, 988, 988, 1001, 1001, 1001, 1001, 1500, 1500, 1500, 1500]
[1497, 1500, 988, 1500, 2012, 986, 988, 988, 1001, 1001, 1001, 1001, 1500, 1500, 1500, 1500]
[1500, 1499, 988, 1500, 2012, 986, 988, 988, 1001, 1001, 1001, 1001, 1500, 1500, 1500, 1500]
[1500, 1499, 988, 1500, 2011, 988, 988, 988, 1001, 1001, 1001, 1001, 1500, 1500, 1500, 1500]
[1500, 1499, 988, 1500, 2011, 988, 988, 988, 1001, 1001, 1001, 1001, 1500, 1500, 1500, 1500]
[1499, 1500, 988, 1500, 2011, 988, 988, 988, 1001, 1001, 1001, 1001, 1500, 1500, 1500, 1500]
14:53:13.285575 ALT: 0.08
14:53:13.285747 ATT: [2.1, -1.2, 253]
14:53:13.286227 ACC: [11, 18, 518]
[1499, 1500, 988, 1500, 2009, 988, 988, 988, 1001, 1001, 1001, 1001, 1500, 1500, 1500, 1500]
[1499, 1500, 988, 1500, 2009, 988, 988, 988, 1001, 1001, 1001, 1001, 1500, 1500, 1500, 1500]
[1500, 1500, 988, 1500, 2009, 988, 988, 988, 1001, 1001, 1001, 1001, 1500, 1500, 1500, 1500]
[1500, 1500, 988, 1500, 2011, 988, 988, 988, 1001, 1001, 1001, 1001, 1500, 1500, 1500, 1500]
[1500, 1500, 988, 1500, 2011, 988, 988, 988, 1001, 1001, 1001, 1001, 1500, 1500, 1500, 1500]
[1500, 1500, 988, 1500, 2011, 988, 988, 988, 1001, 1001, 1001, 1001, 1500, 1500, 1500, 1500]
[1500, 1500, 988, 1500, 2011, 988, 988, 988, 1001, 1001, 1001, 1001, 1500, 1500, 1500, 1500]
[1500, 1500, 988, 1500, 2011, 988, 988, 988, 1001, 1001, 1001, 1001, 1500, 1500, 1500, 1500]
14:53:13.332392 ALT: 0.08
14:53:13.332511 ATT: [2.1, -1.2, 253]
[1500, 1500, 988, 1500, 2011, 988, 988, 988, 1001, 1001, 1001, 1001, 1500, 1500, 1500, 1500]
[1500, 1500, 988, 1499, 2011, 988, 988, 988, 1001, 1001, 1001, 1001, 1500, 1500, 1500, 1500]
[1500, 1500, 988, 1499, 2011, 988, 988, 988, 1001, 1001, 1001, 1001, 1500, 1500, 1500, 1500]
14:53:13.350336 ACC: [10, 18, 517]
[1500, 1500, 988, 1499, 2011, 988, 988, 988, 1001, 1001, 1001, 1001, 1500, 1500, 1500, 1500]
[1500, 1500, 988, 1500, 2011, 988, 988, 988, 1001, 1001, 1001, 1001, 1500, 1500, 1500, 1500]
[1500, 1500, 988, 1500, 2011, 988, 988, 988, 1001, 1001, 1001, 1001, 1500, 1500, 1500, 1500]
[1500, 1500, 988, 1500, 2011, 988, 988, 988, 1001, 1001, 1001, 1001, 1500, 1500, 1500, 1500]
[1500, 1500, 988, 1500, 2011, 988, 988, 988, 1001, 1001, 1001, 1001, 1500, 1500, 1500, 1500]
[1500, 1500, 988, 1500, 2011, 988, 988, 988, 1001, 1001, 1001, 1001, 1500, 1500, 1500, 1500]
14:53:13.395077 ALT: 0.08
14:53:13.395220 ATT: [2.1, -1.2, 253]
14:53:13.395671 ACC: [11, 19, 518]
[1500, 1499, 988, 1500, 2011, 988, 988, 988, 1001, 1001, 1001, 1001, 1500, 1500, 1500, 1500]
[1500, 1499, 988, 1500, 2011, 989, 988, 988, 1001, 1001, 1001, 1001, 1500, 1500, 1500, 1500]
[1500, 1499, 988, 1500, 2011, 989, 988, 988, 1001, 1001, 1001, 1001, 1500, 1500, 1500, 1500]
[1499, 1500, 988, 1500, 2011, 989, 988, 988, 1001, 1001, 1001, 1001, 1500, 1500, 1500, 1500]
[1499, 1500, 988, 1499, 2011, 988, 988, 988, 1001, 1001, 1001, 1001, 1500, 1500, 1500, 1500]
[1499, 1500, 988, 1499, 2011, 988, 988, 988, 1001, 1001, 1001, 1001, 1500, 1500, 1500, 1500]
[1500, 1500, 988, 1499, 2011, 988, 988, 988, 1001, 1001, 1001, 1001, 1500, 1500, 1500, 1500]
[1500, 1500, 988, 1500, 2011, 988, 988, 988, 1001, 1001, 1001, 1001, 1500, 1500, 1500, 1500]
14:53:13.442032 ALT: 0.08
14:53:13.442228 ATT: [2.1, -1.2, 253]
14:53:13.442751 ACC: [10, 18, 516]
[1500, 1500, 988, 1500, 2011, 988, 988, 988, 1001, 1001, 1001, 1001, 1500, 1500, 1500, 1500]
[1500, 1500, 988, 1500, 2011, 988, 988, 988, 1001, 1001, 1001, 1001, 1500, 1500, 1500, 1500]
[1500, 1500, 988, 1500, 2009, 988, 988, 988, 1001, 1001, 1001, 1001, 1500, 1500, 1500, 1500]
[1500, 1500, 988, 1500, 2009, 988, 988, 988, 1001, 1001, 1001, 1001, 1500, 1500, 1500, 1500]
[1500, 1500, 988, 1500, 2009, 988, 988, 988, 1001, 1001, 1001, 1001, 1500, 1500, 1500, 1500]
[1500, 1500, 988, 1500, 2011, 988, 988, 988, 1001, 1001, 1001, 1001, 1500, 1500, 1500, 1500]
[1500, 1500, 988, 1500, 2011, 988, 988, 988, 1001, 1001, 1001, 1001, 1500, 1500, 1500, 1500]
[1500, 1500, 988, 1500, 2011, 988, 988, 988, 1001, 1001, 1001, 1001, 1500, 1500, 1500, 1500]
14:53:13.494783 ALT: 0.08
14:53:13.494880 ATT: [2.1, -1.2, 253]
14:53:13.495183 ACC: [10, 18, 517]
[1500, 1500, 988, 1500, 2011, 988, 988, 988, 1001, 1001, 1001, 1001, 1500, 1500, 1500, 1500]
[1500, 1500, 988, 1500, 2011, 988, 988, 988, 1001, 1001, 1001, 1001, 1500, 1500, 1500, 1500]
[1500, 1500, 988, 1500, 2011, 988, 988, 988, 1001, 1001, 1001, 1001, 1500, 1500, 1500, 1500]
[1500, 1500, 988, 1499, 2011, 988, 988, 988, 1001, 1001, 1001, 1001, 1500, 1500, 1500, 1500]
[1500, 1500, 988, 1499, 2011, 988, 988, 988, 1001, 1001, 1001, 1001, 1500, 1500, 1500, 1500]
[1500, 1500, 988, 1499, 2011, 988, 988, 988, 1001, 1001, 1001, 1001, 1500, 1500, 1500, 1500]
[1500, 1500, 988, 1499, 2011, 988, 988, 988, 1001, 1001, 1001, 1001, 1500, 1500, 1500, 1500]
[1500, 1500, 988, 1499, 2011, 988, 988, 988, 1001, 1001, 1001, 1001, 1500, 1500, 1500, 1500]
[1500, 1500, 988, 1499, 2011, 988, 988, 988, 1001, 1001, 1001, 1001, 1500, 1500, 1500, 1500]
14:53:13.562381 ALT: 0.08
14:53:13.562505 ATT: [2.1, -1.2, 253]
14:53:13.562807 ACC: [10, 18, 518]
[1500, 1500, 988, 1500, 2011, 988, 988, 988, 1001, 1001, 1001, 1001, 1500, 1500, 1500, 1500]
[1500, 1500, 988, 1500, 2011, 988, 988, 988, 1001, 1001, 1001, 1001, 1500, 1500, 1500, 1500]
[1500, 1500, 988, 1500, 2011, 988, 988, 988, 1001, 1001, 1001, 1001, 1500, 1500, 1500, 1500]
[1500, 1500, 988, 1500, 2011, 988, 988, 988, 1001, 1001, 1001, 1001, 1500, 1500, 1500, 1500]
[1500, 1500, 988, 1500, 2011, 988, 988, 988, 1001, 1001, 1001, 1001, 1500, 1500, 1500, 1500]
[1500, 1500, 988, 1500, 2011, 988, 988, 988, 1001, 1001, 1001, 1001, 1500, 1500, 1500, 1500]
[1500, 1500, 988, 1500, 2011, 988, 988, 988, 1001, 1001, 1001, 1001, 1500, 1500, 1500, 1500]
[1500, 1500, 988, 1500, 2011, 988, 988, 988, 1001, 1001, 1001, 1001, 1500, 1500, 1500, 1500]
[1500, 1500, 988, 1500, 2011, 988, 988, 988, 1001, 1001, 1001, 1001, 1500, 1500, 1500, 1500]
14:53:13.617761 ALT: 0.08
14:53:13.617878 ATT: [2.1, -1.2, 253]
14:53:13.618198 ACC: [11, 18, 517]
[1500, 1500, 988, 1500, 2011, 988, 988, 988, 1001, 1001, 1001, 1001, 1500, 1500, 1500, 1500]
[1500, 1500, 988, 1500, 2011, 988, 988, 988, 1001, 1001, 1001, 1001, 1500, 1500, 1500, 1500]
[1500, 1500, 988, 1500, 2011, 988, 988, 988, 1001, 1001, 1001, 1001, 1500, 1500, 1500, 1500]
[1500, 1500, 988, 1499, 2011, 988, 988, 988, 1001, 1001, 1001, 1001, 1500, 1500, 1500, 1500]
[1500, 1500, 988, 1499, 2011, 988, 988, 988, 1001, 1001, 1001, 1001, 1500, 1500, 1500, 1500]
[1500, 1500, 988, 1499, 2011, 988, 988, 988, 1001, 1001, 1001, 1001, 1500, 1500, 1500, 1500]
[1500, 1500, 988, 1500, 2011, 988, 988, 988, 1001, 1001, 1001, 1001, 1500, 1500, 1500, 1500]
14:53:13.666339 ALT: 0.08
14:53:13.666442 ATT: [2.1, -1.2, 253]
14:53:13.666741 ACC: [11, 18, 515]
[1500, 1500, 988, 1500, 2011, 988, 988, 988, 1001, 1001, 1001, 1001, 1500, 1500, 1500, 1500]
[1500, 1500, 988, 1500, 2011, 988, 988, 988, 1001, 1001, 1001, 1001, 1500, 1500, 1500, 1500]
[1500, 1500, 988, 1500, 2011, 988, 988, 988, 1001, 1001, 1001, 1001, 1500, 1500, 1500, 1500]
[1500, 1500, 988, 1500, 2011, 988, 988, 988, 1001, 1001, 1001, 1001, 1500, 1500, 1500, 1500]
[1500, 1500, 988, 1500, 2011, 988, 988, 988, 1001, 1001, 1001, 1001, 1500, 1500, 1500, 1500]
[1500, 1500, 988, 1500, 2011, 988, 988, 988, 1001, 1001, 1001, 1001, 1500, 1500, 1500, 1500]
[1500, 1500, 988, 1500, 2011, 988, 988, 988, 1001, 1001, 1001, 1001, 1500, 1500, 1500, 1500]
14:53:13.713764 ALT: 0.08
14:53:13.713919 ATT: [2.1, -1.2, 253]
14:53:13.714294 ACC: [10, 18, 517]
[1500, 1500, 988, 1500, 2011, 988, 988, 988, 1001, 1001, 1001, 1001, 1500, 1500, 1500, 1500]
[1500, 1500, 988, 1500, 2011, 988, 988, 988, 1001, 1001, 1001, 1001, 1500, 1500, 1500, 1500]
[1500, 1500, 988, 1500, 2011, 988, 988, 988, 1001, 1001, 1001, 1001, 1500, 1500, 1500, 1500]
[1500, 1500, 988, 1500, 2011, 988, 988, 988, 1001, 1001, 1001, 1001, 1500, 1500, 1500, 1500]
[1500, 1500, 988, 1500, 2011, 988, 988, 988, 1001, 1001, 1001, 1001, 1500, 1500, 1500, 1500]
14:53:13.762675 ALT: 0.08
14:53:13.762770 ATT: [2.1, -1.2, 253]
14:53:13.763043 ACC: [10, 18, 516]
[1500, 1500, 988, 1500, 2011, 988, 988, 989, 1001, 1001, 1001, 1001, 1500, 1500, 1500, 1500]
[1500, 1500, 988, 1500, 2011, 988, 988, 989, 1001, 1001, 1001, 1001, 1500, 1500, 1500, 1500]
[1500, 1500, 988, 1500, 2011, 988, 988, 989, 1001, 1001, 1001, 1001, 1500, 1500, 1500, 1500]
[1500, 1500, 988, 1500, 2011, 988, 988, 988, 1001, 1001, 1001, 1001, 1500, 1500, 1500, 1500]
[1500, 1500, 988, 1500, 2011, 988, 988, 988, 1001, 1001, 1001, 1001, 1500, 1500, 1500, 1500]
[1500, 1500, 988, 1500, 2011, 988, 988, 988, 1001, 1001, 1001, 1001, 1500, 1500, 1500, 1500]
[1500, 1500, 988, 1500, 2011, 988, 988, 988, 1001, 1001, 1001, 1001, 1500, 1500, 1500, 1500]
[1500, 1500, 988, 1500, 2011, 988, 988, 988, 1001, 1001, 1001, 1001, 1500, 1500, 1500, 1500]
[1500, 1500, 988, 1500, 2011, 988, 988, 988, 1001, 1001, 1001, 1001, 1500, 1500, 1500, 1500]
14:53:13.810066 ALT: 0.08
14:53:13.810286 ATT: [2.1, -1.2, 253]
14:53:13.810900 ACC: [11, 18, 518]
[1500, 1500, 988, 1500, 2011, 988, 988, 988, 1001, 1001, 1001, 1001, 1500, 1500, 1500, 1500]
[1500, 1499, 988, 1500, 2011, 988, 988, 988, 1001, 1001, 1001, 1001, 1500, 1500, 1500, 1500]
[1500, 1499, 988, 1500, 2011, 988, 988, 988, 1001, 1001, 1001, 1001, 1500, 1500, 1500, 1500]
[1500, 1499, 988, 1500, 2011, 988, 988, 988, 1001, 1001, 1001, 1001, 1500, 1500, 1500, 1500]
[1500, 1500, 988, 1500, 2011, 988, 988, 988, 1001, 1001, 1001, 1001, 1500, 1500, 1500, 1500]
[1500, 1500, 988, 1501, 2009, 988, 988, 988, 1001, 1001, 1001, 1001, 1500, 1500, 1500, 1500]
[1500, 1500, 988, 1501, 2009, 988, 988, 988, 1001, 1001, 1001, 1001, 1500, 1500, 1500, 1500]
[1500, 1499, 988, 1501, 2009, 988, 988, 988, 1001, 1001, 1001, 1001, 1500, 1500, 1500, 1500]
[1500, 1499, 988, 1499, 2011, 988, 988, 988, 1001, 1001, 1001, 1001, 1500, 1500, 1500, 1500]
[1500, 1499, 988, 1499, 2011, 988, 988, 988, 1001, 1001, 1001, 1001, 1500, 1500, 1500, 1500]
14:53:13.868533 ALT: 0.08
14:53:13.868685 ATT: [2.1, -1.2, 253]
14:53:13.869204 ACC: [11, 18, 519]
[1500, 1500, 988, 1499, 2011, 988, 988, 988, 1001, 1001, 1001, 1001, 1500, 1500, 1500, 1500]
[1500, 1500, 988, 1500, 2012, 986, 988, 988, 1001, 1001, 1001, 1001, 1500, 1500, 1500, 1500]
[1500, 1500, 988, 1500, 2012, 986, 988, 988, 1001, 1001, 1001, 1001, 1500, 1500, 1500, 1500]
[1500, 1500, 988, 1500, 2012, 986, 988, 988, 1001, 1001, 1001, 1001, 1500, 1500, 1500, 1500]
[1500, 1500, 988, 1500, 2011, 988, 988, 988, 1001, 1001, 1001, 1001, 1500, 1500, 1500, 1500]
[1500, 1500, 988, 1500, 2011, 988, 988, 988, 1001, 1001, 1001, 1001, 1500, 1500, 1500, 1500]
[1499, 1500, 988, 1500, 2011, 988, 988, 988, 1001, 1001, 1001, 1001, 1500, 1500, 1500, 1500]
[1499, 1500, 988, 1500, 2011, 988, 988, 988, 1001, 1001, 1001, 1001, 1500, 1500, 1500, 1500]
[1499, 1500, 988, 1500, 2011, 988, 988, 988, 1001, 1001, 1001, 1001, 1500, 1500, 1500, 1500]
[1500, 1500, 988, 1500, 2011, 988, 988, 988, 1001, 1001, 1001, 1001, 1500, 1500, 1500, 1500]
[1500, 1500, 988, 1500, 2011, 988, 988, 988, 1001, 1001, 1001, 1001, 1500, 1500, 1500, 1500]
[1500, 1500, 988, 1500, 2011, 988, 988, 988, 1001, 1001, 1001, 1001, 1500, 1500, 1500, 1500]
14:53:13.951687 ALT: 0.08
14:53:13.951816 ATT: [2.1, -1.2, 253]
14:53:13.952173 ACC: [11, 18, 516]
[1500, 1500, 988, 1500, 2011, 988, 988, 988, 1001, 1001, 1001, 1001, 1500, 1500, 1500, 1500]
[1500, 1500, 988, 1500, 2011, 988, 988, 988, 1001, 1001, 1001, 1001, 1500, 1500, 1500, 1500]
[1500, 1500, 988, 1500, 2011, 988, 988, 988, 1001, 1001, 1001, 1001, 1500, 1500, 1500, 1500]
[1500, 1500, 988, 1500, 2011, 988, 988, 988, 1001, 1001, 1001, 1001, 1500, 1500, 1500, 1500]
[1500, 1500, 988, 1499, 2011, 988, 988, 988, 1001, 1001, 1001, 1001, 1500, 1500, 1500, 1500]
[1500, 1500, 988, 1499, 2011, 988, 988, 988, 1001, 1001, 1001, 1001, 1500, 1500, 1500, 1500]
[1499, 1500, 988, 1499, 2011, 988, 988, 988, 1001, 1001, 1001, 1001, 1500, 1500, 1500, 1500]
[1499, 1500, 988, 1500, 2011, 988, 988, 988, 1001, 1001, 1001, 1001, 1500, 1500, 1500, 1500]
14:53:14.001835 ALT: 0.08
14:53:14.001928 ATT: [2.1, -1.2, 253]
14:53:14.002239 ACC: [11, 18, 516]
[1499, 1500, 988, 1500, 2011, 988, 988, 988, 1001, 1001, 1001, 1001, 1500, 1500, 1500, 1500]
[1500, 1500, 988, 1500, 2011, 988, 988, 988, 1001, 1001, 1001, 1001, 1500, 1500, 1500, 1500]
[1500, 1500, 986, 1500, 2011, 891, 986, 988, 1001, 1001, 1001, 1001, 1500, 1500, 1500, 1500]
14:53:14.028124 Starting ALT HOLD mode
Desired ALT is 1
14:53:14.028400 Navigation got ALT: 0.08
[1500, 1500, 1026, 1500, 2011, 891, 986, 1600, 1001, 1001, 1001, 1001, 1500, 1500, 1500, 1500]
[1500, 1500, 1026, 1500, 2011, 891, 986, 1600, 1001, 1001, 1001, 1001, 1500, 1500, 1500, 1500]
[1500, 1500, 1026, 1500, 2011, 891, 986, 1600, 1001, 1001, 1001, 1001, 1500, 1500, 1500, 1500]
[1500, 1500, 1026, 1500, 2011, 891, 986, 1600, 1001, 1001, 1001, 1001, 1500, 1500, 1500, 1500]
14:53:14.049893 ALT: 0.08
14:53:14.050001 ATT: [2.1, -1.2, 253]
14:53:14.050347 ACC: [11, 19, 516]
[1500, 1500, 1026, 1500, 2011, 891, 986, 1600, 1001, 1001, 1001, 1001, 1500, 1500, 1500, 1500]
14:53:14.061933 Navigation got ALT: 0.08
[1500, 1500, 1063, 1500, 2011, 890, 988, 1600, 1001, 1001, 1001, 1001, 1500, 1500, 1500, 1500]
[1500, 1500, 1063, 1500, 2011, 890, 988, 1600, 1001, 1001, 1001, 1001, 1500, 1500, 1500, 1500]
[1500, 1500, 1063, 1500, 2011, 890, 988, 1600, 1001, 1001, 1001, 1001, 1500, 1500, 1500, 1500]
[1500, 1500, 1063, 1500, 2011, 890, 988, 1600, 1001, 1001, 1001, 1001, 1500, 1500, 1500, 1500]
[1500, 1500, 1063, 1500, 2011, 890, 988, 1600, 1001, 1001, 1001, 1001, 1500, 1500, 1500, 1500]
14:53:14.096102 Navigation got ALT: 0.08
[1500, 1500, 1100, 1500, 2011, 890, 988, 1598, 1001, 1001, 1001, 1001, 1500, 1500, 1500, 1500]
14:53:14.097907 ALT: 0.08
14:53:14.098082 ATT: [2.1, -1.2, 253]
14:53:14.098466 ACC: [11, 18, 516]
[1500, 1500, 1100, 1500, 2011, 890, 988, 1598, 1001, 1001, 1001, 1001, 1500, 1500, 1500, 1500]
[1500, 1500, 1100, 1500, 2011, 890, 988, 1598, 1001, 1001, 1001, 1001, 1500, 1500, 1500, 1500]
[1500, 1500, 1100, 1500, 2011, 890, 988, 1598, 1001, 1001, 1001, 1001, 1500, 1500, 1500, 1500]
[1500, 1500, 1100, 1500, 2011, 890, 988, 1598, 1001, 1001, 1001, 1001, 1500, 1500, 1500, 1500]
14:53:14.128052 Navigation got ALT: 0.08
[1500, 1500, 1137, 1500, 2011, 890, 988, 1598, 1001, 1001, 1001, 1001, 1500, 1500, 1500, 1500]
[1500, 1500, 1137, 1500, 2011, 890, 988, 1598, 1001, 1001, 1001, 1001, 1500, 1500, 1500, 1500]
[1500, 1500, 1137, 1500, 2011, 890, 988, 1598, 1001, 1001, 1001, 1001, 1500, 1500, 1500, 1500]
14:53:14.146031 ALT: 0.08
14:53:14.146190 ATT: [2.1, -1.2, 253]
14:53:14.147345 ACC: [10, 18, 517]
[1500, 1500, 1137, 1500, 2011, 890, 988, 1598, 1001, 1001, 1001, 1001, 1500, 1500, 1500, 1500]
[1500, 1500, 1137, 1500, 2011, 890, 988, 1598, 1001, 1001, 1001, 1001, 1500, 1500, 1500, 1500]
14:53:14.163468 Navigation got ALT: 0.08
[1500, 1500, 1174, 1500, 2011, 890, 988, 1600, 1001, 1001, 1001, 1001, 1500, 1500, 1500, 1500]
[1500, 1500, 1174, 1500, 2011, 890, 988, 1600, 1001, 1001, 1001, 1001, 1500, 1500, 1500, 1500]
[1500, 1500, 1174, 1500, 2011, 890, 988, 1600, 1001, 1001, 1001, 1001, 1500, 1500, 1500, 1500]
[1500, 1500, 1174, 1500, 2011, 890, 988, 1600, 1001, 1001, 1001, 1001, 1500, 1500, 1500, 1500]
[1500, 1500, 1174, 1500, 2011, 890, 988, 1600, 1001, 1001, 1001, 1001, 1500, 1500, 1500, 1500]
14:53:14.195784 Navigation got ALT: 0.08
[1499, 1500, 1211, 1500, 2011, 890, 988, 1600, 1001, 1001, 1001, 1001, 1500, 1500, 1500, 1500]
14:53:14.196653 ALT: 0.08
14:53:14.196750 ATT: [2.1, -1.2, 253]
14:53:14.197049 ACC: [11, 18, 517]
[1499, 1500, 1211, 1500, 2011, 890, 988, 1600, 1001, 1001, 1001, 1001, 1500, 1500, 1500, 1500]
[1499, 1500, 1211, 1500, 2011, 890, 988, 1600, 1001, 1001, 1001, 1001, 1500, 1500, 1500, 1500]
[1499, 1500, 1211, 1500, 2011, 890, 988, 1600, 1001, 1001, 1001, 1001, 1500, 1500, 1500, 1500]
[1499, 1500, 1211, 1500, 2011, 890, 988, 1600, 1001, 1001, 1001, 1001, 1500, 1500, 1500, 1500]
14:53:14.228295 Navigation got ALT: 0.08
[1500, 1500, 1248, 1500, 2011, 890, 988, 1600, 1001, 1001, 1001, 1001, 1500, 1500, 1500, 1500]
[1500, 1500, 1248, 1500, 2011, 890, 988, 1600, 1001, 1001, 1001, 1001, 1500, 1500, 1500, 1500]
[1500, 1500, 1248, 1500, 2011, 890, 988, 1600, 1001, 1001, 1001, 1001, 1500, 1500, 1500, 1500]
14:53:14.244016 ALT: 0.08
14:53:14.244178 ATT: [2.1, -1.2, 253]
14:53:14.244914 ACC: [12, 18, 518]
[1500, 1500, 1248, 1500, 2011, 890, 988, 1600, 1001, 1001, 1001, 1001, 1500, 1500, 1500, 1500]
[1500, 1500, 1248, 1500, 2011, 890, 988, 1600, 1001, 1001, 1001, 1001, 1500, 1500, 1500, 1500]
14:53:14.261248 Navigation got ALT: 0.08
[1500, 1500, 1285, 1500, 2011, 890, 988, 1600, 1001, 1001, 1001, 1001, 1500, 1500, 1500, 1500]
[1500, 1500, 1285, 1500, 2011, 890, 988, 1600, 1001, 1001, 1001, 1001, 1500, 1500, 1500, 1500]
[1500, 1500, 1285, 1500, 2011, 890, 988, 1600, 1001, 1001, 1001, 1001, 1500, 1500, 1500, 1500]
[1500, 1500, 1285, 1500, 2011, 890, 988, 1600, 1001, 1001, 1001, 1001, 1500, 1500, 1500, 1500]
14:53:14.290161 ALT: 0.08
14:53:14.290295 ATT: [2.1, -1.2, 253]
14:53:14.291246 ACC: [11, 19, 515]
14:53:14.292607 Navigation got ALT: 0.08
[1500, 1500, 1322, 1500, 2011, 890, 988, 1600, 1001, 1001, 1001, 1001, 1500, 1500, 1500, 1500]
[1500, 1500, 1322, 1500, 2011, 890, 988, 1600, 1001, 1001, 1001, 1001, 1500, 1500, 1500, 1500]
[1500, 1500, 1322, 1500, 2011, 890, 988, 1600, 1001, 1001, 1001, 1001, 1500, 1500, 1500, 1500]
[1500, 1500, 1322, 1500, 2011, 890, 988, 1600, 1001, 1001, 1001, 1001, 1500, 1500, 1500, 1500]
[1500, 1500, 1322, 1500, 2011, 890, 988, 1600, 1001, 1001, 1001, 1001, 1500, 1500, 1500, 1500]
14:53:14.327539 Navigation got ALT: 0.08
[1500, 1500, 1359, 1500, 2011, 890, 988, 1600, 1001, 1001, 1001, 1001, 1500, 1500, 1500, 1500]
[1500, 1500, 1359, 1500, 2011, 890, 988, 1600, 1001, 1001, 1001, 1001, 1500, 1500, 1500, 1500]
[1500, 1500, 1359, 1500, 2011, 890, 988, 1600, 1001, 1001, 1001, 1001, 1500, 1500, 1500, 1500]
14:53:14.337875 ALT: 0.08
14:53:14.337967 ATT: [2.1, -1.2, 253]
14:53:14.338224 ACC: [10, 18, 518]
[1500, 1500, 1359, 1500, 2011, 890, 988, 1600, 1001, 1001, 1001, 1001, 1500, 1500, 1500, 1500]
[1500, 1500, 1359, 1500, 2011, 890, 988, 1600, 1001, 1001, 1001, 1001, 1500, 1500, 1500, 1500]
[1500, 1500, 1359, 1500, 2011, 890, 988, 1600, 1001, 1001, 1001, 1001, 1500, 1500, 1500, 1500]
14:53:14.361365 Navigation got ALT: 0.08
[1500, 1500, 1396, 1500, 2011, 890, 988, 1600, 1001, 1001, 1001, 1001, 1500, 1500, 1500, 1500]
[1500, 1500, 1396, 1500, 2011, 890, 988, 1600, 1001, 1001, 1001, 1001, 1500, 1500, 1500, 1500]
[1500, 1500, 1396, 1500, 2011, 890, 988, 1600, 1001, 1001, 1001, 1001, 1500, 1500, 1500, 1500]
[1500, 1500, 1396, 1500, 2011, 890, 988, 1600, 1001, 1001, 1001, 1001, 1500, 1500, 1500, 1500]
14:53:14.386194 ALT: 0.08
14:53:14.386286 ATT: [2.1, -1.2, 253]
14:53:14.386950 ACC: [11, 19, 518]
[1500, 1500, 1396, 1500, 2011, 890, 988, 1600, 1001, 1001, 1001, 1001, 1500, 1500, 1500, 1500]
14:53:14.394604 Navigation got ALT: 0.08
[1500, 1500, 1433, 1500, 2011, 890, 988, 1600, 1001, 1001, 1001, 1001, 1500, 1500, 1500, 1500]
[1500, 1500, 1433, 1500, 2011, 890, 988, 1600, 1001, 1001, 1001, 1001, 1500, 1500, 1500, 1500]
[1500, 1500, 1433, 1500, 2011, 890, 988, 1600, 1001, 1001, 1001, 1001, 1500, 1500, 1500, 1500]
[1500, 1500, 1433, 1500, 2011, 890, 988, 1600, 1001, 1001, 1001, 1001, 1500, 1500, 1500, 1500]
[1500, 1500, 1433, 1500, 2011, 890, 988, 1600, 1001, 1001, 1001, 1001, 1500, 1500, 1500, 1500]
14:53:14.427772 Navigation got ALT: 0.08
[1500, 1500, 1470, 1500, 2011, 890, 988, 1600, 1001, 1001, 1001, 1001, 1500, 1500, 1500, 1500]
14:53:14.433992 ALT: 0.08
14:53:14.434102 ATT: [2.1, -1.3, 253]
14:53:14.434408 ACC: [10, 18, 518]
[1500, 1500, 1470, 1500, 2011, 890, 988, 1600, 1001, 1001, 1001, 1001, 1500, 1500, 1500, 1500]
[1500, 1500, 1470, 1500, 2011, 890, 988, 1600, 1001, 1001, 1001, 1001, 1500, 1500, 1500, 1500]
[1500, 1500, 1470, 1500, 2011, 890, 988, 1600, 1001, 1001, 1001, 1001, 1500, 1500, 1500, 1500]
[1500, 1500, 1470, 1500, 2011, 890, 988, 1600, 1001, 1001, 1001, 1001, 1500, 1500, 1500, 1500]
14:53:14.460989 Navigation got ALT: 0.08
[1500, 1499, 1507, 1500, 2011, 890, 988, 1600, 1001, 1001, 1001, 1001, 1500, 1500, 1500, 1500]
[1500, 1499, 1507, 1500, 2011, 890, 988, 1600, 1001, 1001, 1001, 1001, 1500, 1500, 1500, 1500]
[1500, 1499, 1507, 1500, 2011, 890, 988, 1600, 1001, 1001, 1001, 1001, 1500, 1500, 1500, 1500]
[1500, 1499, 1507, 1500, 2011, 890, 988, 1600, 1001, 1001, 1001, 1001, 1500, 1500, 1500, 1500]
14:53:14.484648 ALT: 0.08
14:53:14.485071 ATT: [2.1, -1.3, 253]
14:53:14.485671 ACC: [11, 18, 518]
[1500, 1499, 1507, 1500, 2011, 890, 988, 1600, 1001, 1001, 1001, 1001, 1500, 1500, 1500, 1500]
14:53:14.494283 Navigation got ALT: 0.08
[1499, 1500, 1544, 1500, 2011, 890, 988, 1600, 1001, 1001, 1001, 1001, 1500, 1500, 1500, 1500]
[1499, 1500, 1544, 1500, 2011, 890, 988, 1600, 1001, 1001, 1001, 1001, 1500, 1500, 1500, 1500]
[1499, 1500, 1544, 1500, 2011, 890, 988, 1600, 1001, 1001, 1001, 1001, 1500, 1500, 1500, 1500]
[1499, 1500, 1544, 1500, 2011, 890, 988, 1600, 1001, 1001, 1001, 1001, 1500, 1500, 1500, 1500]
[1499, 1500, 1544, 1500, 2011, 890, 988, 1600, 1001, 1001, 1001, 1001, 1500, 1500, 1500, 1500]
14:53:14.529569 Navigation got ALT: 0.08
[1500, 1500, 1581, 1500, 2011, 890, 988, 1600, 1001, 1001, 1001, 1001, 1500, 1500, 1500, 1500]
[1500, 1500, 1581, 1500, 2011, 890, 988, 1600, 1001, 1001, 1001, 1001, 1500, 1500, 1500, 1500]
[1500, 1500, 1581, 1500, 2011, 890, 988, 1600, 1001, 1001, 1001, 1001, 1500, 1500, 1500, 1500]
14:53:14.545858 ALT: 0.08
14:53:14.545949 ATT: [2.1, -1.3, 253]
14:53:14.546218 ACC: [11, 18, 517]
[1500, 1500, 1581, 1500, 2011, 890, 988, 1600, 1001, 1001, 1001, 1001, 1500, 1500, 1500, 1500]
[1500, 1500, 1581, 1500, 2011, 890, 988, 1600, 1001, 1001, 1001, 1001, 1500, 1500, 1500, 1500]
14:53:14.561877 Navigation got ALT: 0.08
[1499, 1500, 1600, 1500, 2011, 890, 988, 1600, 1001, 1001, 1001, 1001, 1500, 1500, 1500, 1500]
[1499, 1500, 1600, 1500, 2011, 890, 988, 1600, 1001, 1001, 1001, 1001, 1500, 1500, 1500, 1500]
[1499, 1500, 1600, 1500, 2011, 890, 988, 1600, 1001, 1001, 1001, 1001, 1500, 1500, 1500, 1500]
[1499, 1500, 1600, 1500, 2011, 890, 988, 1600, 1001, 1001, 1001, 1001, 1500, 1500, 1500, 1500]
[1499, 1500, 1600, 1500, 2011, 890, 988, 1600, 1001, 1001, 1001, 1001, 1500, 1500, 1500, 1500]
14:53:14.593841 ALT: 0.08
14:53:14.593932 ATT: [2.1, -1.3, 253]
14:53:14.594178 ACC: [11, 18, 517]
14:53:14.595092 Navigation got ALT: 0.08
[1500, 1500, 1600, 1500, 2011, 890, 988, 1600, 1001, 1001, 1001, 1001, 1500, 1500, 1500, 1500]
[1500, 1500, 1600, 1500, 2011, 890, 988, 1600, 1001, 1001, 1001, 1001, 1500, 1500, 1500, 1500]
[1500, 1500, 1600, 1500, 2011, 890, 988, 1600, 1001, 1001, 1001, 1001, 1500, 1500, 1500, 1500]
[1500, 1500, 1600, 1500, 2011, 890, 988, 1600, 1001, 1001, 1001, 1001, 1500, 1500, 1500, 1500]
[1500, 1500, 1600, 1500, 2011, 890, 988, 1600, 1001, 1001, 1001, 1001, 1500, 1500, 1500, 1500]
14:53:14.627688 Navigation got ALT: 0.08
[1500, 1500, 1600, 1500, 2011, 890, 988, 1600, 1001, 1001, 1001, 1001, 1500, 1500, 1500, 1500]
[1500, 1500, 1600, 1500, 2011, 890, 988, 1600, 1001, 1001, 1001, 1001, 1500, 1500, 1500, 1500]
[1500, 1500, 1600, 1500, 2011, 890, 988, 1600, 1001, 1001, 1001, 1001, 1500, 1500, 1500, 1500]
14:53:14.641979 ALT: 0.08
14:53:14.642078 ATT: [2.0, -1.3, 253]
14:53:14.642367 ACC: [11, 17, 517]
[1500, 1500, 1600, 1500, 2011, 890, 988, 1600, 1001, 1001, 1001, 1001, 1500, 1500, 1500, 1500]
[1500, 1500, 1600, 1500, 2011, 890, 988, 1600, 1001, 1001, 1001, 1001, 1500, 1500, 1500, 1500]
14:53:14.661420 Navigation got ALT: 0.08
[1499, 1500, 1600, 1500, 2011, 890, 988, 1600, 1001, 1001, 1001, 1001, 1500, 1500, 1500, 1500]
[1499, 1500, 1600, 1500, 2011, 890, 988, 1600, 1001, 1001, 1001, 1001, 1500, 1500, 1500, 1500]
[1499, 1500, 1600, 1500, 2011, 890, 988, 1600, 1001, 1001, 1001, 1001, 1500, 1500, 1500, 1500]
[1499, 1500, 1600, 1500, 2011, 890, 988, 1600, 1001, 1001, 1001, 1001, 1500, 1500, 1500, 1500]
[1499, 1500, 1600, 1500, 2011, 890, 988, 1600, 1001, 1001, 1001, 1001, 1500, 1500, 1500, 1500]
14:53:14.690544 ALT: 0.08
14:53:14.690649 ATT: [2.0, -1.3, 253]
14:53:14.691036 ACC: [10, 18, 516]
14:53:14.694579 Navigation got ALT: 0.08
[1500, 1500, 1600, 1500, 2011, 890, 988, 1600, 1001, 1001, 1001, 1001, 1500, 1500, 1500, 1500]
[1500, 1500, 1600, 1500, 2011, 890, 988, 1600, 1001, 1001, 1001, 1001, 1500, 1500, 1500, 1500]
[1500, 1500, 1600, 1500, 2011, 890, 988, 1600, 1001, 1001, 1001, 1001, 1500, 1500, 1500, 1500]
[1500, 1500, 1600, 1500, 2011, 890, 988, 1600, 1001, 1001, 1001, 1001, 1500, 1500, 1500, 1500]
[1500, 1500, 1600, 1500, 2011, 890, 988, 1600, 1001, 1001, 1001, 1001, 1500, 1500, 1500, 1500]
14:53:14.728085 Navigation got ALT: 0.08
[1500, 1500, 1600, 1500, 2011, 890, 988, 1600, 1001, 1001, 1001, 1001, 1500, 1500, 1500, 1500]
[1500, 1500, 1600, 1500, 2011, 890, 988, 1600, 1001, 1001, 1001, 1001, 1500, 1500, 1500, 1500]
14:53:14.738629 ALT: 0.08
14:53:14.738783 ATT: [2.0, -1.3, 253]
14:53:14.739383 ACC: [11, 18, 519]
[1500, 1500, 1600, 1500, 2011, 890, 988, 1600, 1001, 1001, 1001, 1001, 1500, 1500, 1500, 1500]
[1500, 1500, 1600, 1500, 2011, 890, 988, 1600, 1001, 1001, 1001, 1001, 1500, 1500, 1500, 1500]
[1500, 1500, 1600, 1500, 2011, 890, 988, 1600, 1001, 1001, 1001, 1001, 1500, 1500, 1500, 1500]
14:53:14.761367 Navigation got ALT: 0.08
[1500, 1499, 1600, 1500, 2011, 890, 988, 1600, 1001, 1001, 1001, 1001, 1500, 1500, 1500, 1500]
[1500, 1499, 1600, 1500, 2011, 890, 988, 1600, 1001, 1001, 1001, 1001, 1500, 1500, 1500, 1500]
[1500, 1499, 1600, 1500, 2011, 890, 988, 1600, 1001, 1001, 1001, 1001, 1500, 1500, 1500, 1500]
[1500, 1499, 1600, 1500, 2011, 890, 988, 1600, 1001, 1001, 1001, 1001, 1500, 1500, 1500, 1500]
14:53:14.786249 ALT: 0.08
14:53:14.786378 ATT: [2.0, -1.3, 253]
14:53:14.786972 ACC: [10, 17, 518]
[1500, 1499, 1600, 1500, 2011, 890, 988, 1600, 1001, 1001, 1001, 1001, 1500, 1500, 1500, 1500]
14:53:14.794283 Navigation got ALT: 0.08
[1499, 1500, 1600, 1500, 2011, 890, 988, 1600, 1001, 1001, 1001, 1001, 1500, 1500, 1500, 1500]
[1499, 1500, 1600, 1500, 2011, 890, 988, 1600, 1001, 1001, 1001, 1001, 1500, 1500, 1500, 1500]
[1499, 1500, 1600, 1500, 2011, 890, 988, 1600, 1001, 1001, 1001, 1001, 1500, 1500, 1500, 1500]
[1499, 1500, 1600, 1500, 2011, 890, 988, 1600, 1001, 1001, 1001, 1001, 1500, 1500, 1500, 1500]
[1499, 1500, 1600, 1500, 2011, 890, 988, 1600, 1001, 1001, 1001, 1001, 1500, 1500, 1500, 1500]
14:53:14.827716 Navigation got ALT: 0.08
[1499, 1500, 1600, 1500, 2011, 890, 988, 1600, 1001, 1001, 1001, 1001, 1500, 1500, 1500, 1500]
14:53:14.833914 ALT: 0.08
14:53:14.834016 ATT: [2.0, -1.3, 253]
14:53:14.834355 ACC: [10, 18, 516]
[1499, 1500, 1600, 1500, 2011, 890, 988, 1600, 1001, 1001, 1001, 1001, 1500, 1500, 1500, 1500]
[1499, 1500, 1600, 1500, 2011, 890, 988, 1600, 1001, 1001, 1001, 1001, 1500, 1500, 1500, 1500]
[1499, 1500, 1600, 1500, 2011, 890, 988, 1600, 1001, 1001, 1001, 1001, 1500, 1500, 1500, 1500]
[1499, 1500, 1600, 1500, 2011, 890, 988, 1600, 1001, 1001, 1001, 1001, 1500, 1500, 1500, 1500]
14:53:14.861762 Navigation got ALT: 0.08
[1500, 1500, 1600, 1500, 2011, 890, 988, 1600, 1001, 1001, 1001, 1001, 1500, 1500, 1500, 1500]
[1500, 1500, 1600, 1500, 2011, 890, 988, 1600, 1001, 1001, 1001, 1001, 1500, 1500, 1500, 1500]
[1500, 1500, 1600, 1500, 2011, 890, 988, 1600, 1001, 1001, 1001, 1001, 1500, 1500, 1500, 1500]
[1500, 1500, 1600, 1500, 2011, 890, 988, 1600, 1001, 1001, 1001, 1001, 1500, 1500, 1500, 1500]
14:53:14.881938 ALT: 0.08
14:53:14.882031 ATT: [2.0, -1.3, 253]
14:53:14.882335 ACC: [11, 18, 518]
[1500, 1500, 1600, 1500, 2011, 890, 988, 1600, 1001, 1001, 1001, 1001, 1500, 1500, 1500, 1500]
14:53:14.894841 Navigation got ALT: 0.08
[1500, 1500, 1600, 1499, 2011, 890, 988, 1600, 1001, 1001, 1001, 1001, 1500, 1500, 1500, 1500]
[1500, 1500, 1600, 1499, 2011, 890, 988, 1600, 1001, 1001, 1001, 1001, 1500, 1500, 1500, 1500]
[1500, 1500, 1600, 1499, 2011, 890, 988, 1600, 1001, 1001, 1001, 1001, 1500, 1500, 1500, 1500]
[1500, 1500, 1600, 1499, 2011, 890, 988, 1600, 1001, 1001, 1001, 1001, 1500, 1500, 1500, 1500]
[1500, 1500, 1600, 1499, 2011, 890, 988, 1600, 1001, 1001, 1001, 1001, 1500, 1500, 1500, 1500]
14:53:14.928087 Navigation got ALT: 0.08
[1500, 1500, 1600, 1500, 2011, 890, 988, 1600, 1001, 1001, 1001, 1001, 1500, 1500, 1500, 1500]
14:53:14.931192 ALT: 0.08
14:53:14.931286 ATT: [2.0, -1.3, 253]
14:53:14.931571 ACC: [11, 17, 521]
[1500, 1500, 1600, 1500, 2011, 890, 988, 1600, 1001, 1001, 1001, 1001, 1500, 1500, 1500, 1500]
[1500, 1500, 1600, 1500, 2011, 890, 988, 1600, 1001, 1001, 1001, 1001, 1500, 1500, 1500, 1500]
[1500, 1500, 1600, 1500, 2011, 890, 988, 1600, 1001, 1001, 1001, 1001, 1500, 1500, 1500, 1500]
[1500, 1500, 1600, 1500, 2011, 890, 988, 1600, 1001, 1001, 1001, 1001, 1500, 1500, 1500, 1500]
14:53:14.961300 Navigation got ALT: 0.08
[1499, 1500, 1600, 1500, 2011, 890, 988, 1600, 1001, 1001, 1001, 1001, 1500, 1500, 1500, 1500]
[1499, 1500, 1600, 1500, 2011, 890, 988, 1600, 1001, 1001, 1001, 1001, 1500, 1500, 1500, 1500]
[1499, 1500, 1600, 1500, 2011, 890, 988, 1600, 1001, 1001, 1001, 1001, 1500, 1500, 1500, 1500]
14:53:14.978942 ALT: 0.08
14:53:14.979061 ATT: [2.0, -1.3, 253]
14:53:14.979377 ACC: [10, 18, 517]
[1499, 1500, 1600, 1500, 2011, 890, 988, 1600, 1001, 1001, 1001, 1001, 1500, 1500, 1500, 1500]
[1499, 1500, 1600, 1500, 2011, 890, 988, 1600, 1001, 1001, 1001, 1001, 1500, 1500, 1500, 1500]
14:53:14.995339 Navigation got ALT: 0.08
[1500, 1500, 1600, 1499, 2011, 890, 988, 1600, 1001, 1001, 1001, 1001, 1500, 1500, 1500, 1500]
[1500, 1500, 1600, 1499, 2011, 890, 988, 1600, 1001, 1001, 1001, 1001, 1500, 1500, 1500, 1500]
[1500, 1500, 1600, 1499, 2011, 890, 988, 1600, 1001, 1001, 1001, 1001, 1500, 1500, 1500, 1500]
[1500, 1500, 1600, 1499, 2011, 890, 988, 1600, 1001, 1001, 1001, 1001, 1500, 1500, 1500, 1500]
[1500, 1500, 1600, 1499, 2011, 890, 988, 1600, 1001, 1001, 1001, 1001, 1500, 1500, 1500, 1500]
14:53:15.026764 ALT: 0.08
14:53:15.026963 ATT: [2.0, -1.3, 253]
14:53:15.027252 ACC: [11, 19, 517]
14:53:15.028523 Navigation got ALT: 0.08
[1499, 1500, 1600, 1500, 2011, 890, 988, 1600, 1001, 1001, 1001, 1001, 1500, 1500, 1500, 1500]
[1499, 1500, 1600, 1500, 2011, 890, 988, 1600, 1001, 1001, 1001, 1001, 1500, 1500, 1500, 1500]
[1499, 1500, 1600, 1500, 2011, 890, 988, 1600, 1001, 1001, 1001, 1001, 1500, 1500, 1500, 1500]
[1499, 1500, 1600, 1500, 2011, 890, 988, 1600, 1001, 1001, 1001, 1001, 1500, 1500, 1500, 1500]
[1499, 1500, 1600, 1500, 2011, 890, 988, 1600, 1001, 1001, 1001, 1001, 1500, 1500, 1500, 1500]
14:53:15.061695 Navigation got ALT: 0.08
[1500, 1499, 1600, 1500, 2011, 890, 988, 1600, 1001, 1001, 1001, 1001, 1500, 1500, 1500, 1500]
[1500, 1499, 1600, 1500, 2011, 890, 988, 1600, 1001, 1001, 1001, 1001, 1500, 1500, 1500, 1500]
[1500, 1499, 1600, 1500, 2011, 890, 988, 1600, 1001, 1001, 1001, 1001, 1500, 1500, 1500, 1500]
14:53:15.080716 ALT: 0.08
14:53:15.080827 ATT: [2.0, -1.3, 253]
14:53:15.082168 ACC: [11, 19, 516]
[1500, 1499, 1600, 1500, 2011, 890, 988, 1600, 1001, 1001, 1001, 1001, 1500, 1500, 1500, 1500]
[1500, 1499, 1600, 1500, 2011, 890, 988, 1600, 1001, 1001, 1001, 1001, 1500, 1500, 1500, 1500]
14:53:15.094832 Navigation got ALT: 0.08
[1499, 1500, 1600, 1499, 2011, 890, 988, 1600, 1001, 1001, 1001, 1001, 1500, 1500, 1500, 1500]
[1499, 1500, 1600, 1499, 2011, 890, 988, 1600, 1001, 1001, 1001, 1001, 1500, 1500, 1500, 1500]
[1499, 1500, 1600, 1499, 2011, 890, 988, 1600, 1001, 1001, 1001, 1001, 1500, 1500, 1500, 1500]
[1499, 1500, 1600, 1499, 2011, 890, 988, 1600, 1001, 1001, 1001, 1001, 1500, 1500, 1500, 1500]
14:53:15.123101 ALT: 0.08
14:53:15.123315 ATT: [2.0, -1.3, 253]
14:53:15.123844 ACC: [10, 19, 516]
14:53:15.127665 Navigation got ALT: 0.08
[1499, 1500, 1600, 1500, 2011, 890, 988, 1600, 1001, 1001, 1001, 1001, 1500, 1500, 1500, 1500]
[1499, 1500, 1600, 1500, 2011, 890, 988, 1600, 1001, 1001, 1001, 1001, 1500, 1500, 1500, 1500]
[1499, 1500, 1600, 1500, 2011, 890, 988, 1600, 1001, 1001, 1001, 1001, 1500, 1500, 1500, 1500]
[1499, 1500, 1600, 1500, 2011, 890, 988, 1600, 1001, 1001, 1001, 1001, 1500, 1500, 1500, 1500]
[1499, 1500, 1600, 1500, 2011, 890, 988, 1600, 1001, 1001, 1001, 1001, 1500, 1500, 1500, 1500]
[1499, 1500, 1600, 1500, 2011, 890, 988, 1600, 1001, 1001, 1001, 1001, 1500, 1500, 1500, 1500]
14:53:15.162135 Navigation got ALT: 0.08
[1500, 1499, 1600, 1499, 2011, 890, 989, 1600, 1001, 1001, 1001, 1001, 1500, 1500, 1500, 1500]
[1500, 1499, 1600, 1499, 2011, 890, 989, 1600, 1001, 1001, 1001, 1001, 1500, 1500, 1500, 1500]
14:53:15.170883 ALT: 0.08
14:53:15.171120 ATT: [2.0, -1.3, 253]
14:53:15.174615 ACC: [11, 18, 518]
[1500, 1499, 1600, 1499, 2011, 890, 989, 1600, 1001, 1001, 1001, 1001, 1500, 1500, 1500, 1500]
[1500, 1499, 1600, 1499, 2011, 890, 989, 1600, 1001, 1001, 1001, 1001, 1500, 1500, 1500, 1500]
[1500, 1499, 1600, 1499, 2011, 890, 989, 1600, 1001, 1001, 1001, 1001, 1500, 1500, 1500, 1500]
14:53:15.195209 Navigation got ALT: 0.08
[1500, 1499, 1600, 1499, 2011, 890, 988, 1600, 1001, 1001, 1001, 1001, 1500, 1500, 1500, 1500]
[1500, 1499, 1600, 1499, 2011, 890, 988, 1600, 1001, 1001, 1001, 1001, 1500, 1500, 1500, 1500]
[1500, 1499, 1600, 1499, 2011, 890, 988, 1600, 1001, 1001, 1001, 1001, 1500, 1500, 1500, 1500]
[1500, 1499, 1600, 1499, 2011, 890, 988, 1600, 1001, 1001, 1001, 1001, 1500, 1500, 1500, 1500]
14:53:15.217982 ALT: 0.08
14:53:15.218099 ATT: [2.0, -1.3, 253]
14:53:15.218461 ACC: [10, 19, 517]
[1500, 1499, 1600, 1499, 2011, 890, 988, 1600, 1001, 1001, 1001, 1001, 1500, 1500, 1500, 1500]
14:53:15.228217 Navigation got ALT: 0.08
[1500, 1499, 1600, 1500, 2011, 890, 988, 1600, 1001, 1001, 1001, 1001, 1500, 1500, 1500, 1500]
[1500, 1499, 1600, 1500, 2011, 890, 988, 1600, 1001, 1001, 1001, 1001, 1500, 1500, 1500, 1500]
[1500, 1499, 1600, 1500, 2011, 890, 988, 1600, 1001, 1001, 1001, 1001, 1500, 1500, 1500, 1500]
[1500, 1499, 1600, 1500, 2011, 890, 988, 1600, 1001, 1001, 1001, 1001, 1500, 1500, 1500, 1500]
[1500, 1499, 1600, 1500, 2011, 890, 988, 1600, 1001, 1001, 1001, 1001, 1500, 1500, 1500, 1500]
14:53:15.261432 Navigation got ALT: 0.08
[1500, 1500, 1600, 1500, 2011, 890, 988, 1600, 1001, 1001, 1001, 1001, 1500, 1500, 1500, 1500]
14:53:15.266099 ALT: 0.08
14:53:15.266254 ATT: [2.0, -1.3, 253]
14:53:15.266703 ACC: [12, 18, 519]
[1500, 1500, 1600, 1500, 2011, 890, 988, 1600, 1001, 1001, 1001, 1001, 1500, 1500, 1500, 1500]
[1500, 1500, 1600, 1500, 2011, 890, 988, 1600, 1001, 1001, 1001, 1001, 1500, 1500, 1500, 1500]
[1500, 1500, 1600, 1500, 2011, 890, 988, 1600, 1001, 1001, 1001, 1001, 1500, 1500, 1500, 1500]
[1500, 1500, 1600, 1500, 2011, 890, 988, 1600, 1001, 1001, 1001, 1001, 1500, 1500, 1500, 1500]
14:53:15.294458 Navigation got ALT: 0.08
[1500, 1500, 1600, 1500, 2011, 890, 988, 1600, 1001, 1001, 1001, 1001, 1500, 1500, 1500, 1500]
[1500, 1500, 1600, 1500, 2011, 890, 988, 1600, 1001, 1001, 1001, 1001, 1500, 1500, 1500, 1500]
[1500, 1500, 1600, 1500, 2011, 890, 988, 1600, 1001, 1001, 1001, 1001, 1500, 1500, 1500, 1500]
[1500, 1500, 1600, 1500, 2011, 890, 988, 1600, 1001, 1001, 1001, 1001, 1500, 1500, 1500, 1500]
14:53:15.317281 ALT: 0.08
14:53:15.317389 ATT: [2.0, -1.3, 253]
14:53:15.317734 ACC: [10, 17, 518]
[1500, 1500, 1600, 1500, 2011, 890, 988, 1600, 1001, 1001, 1001, 1001, 1500, 1500, 1500, 1500]
14:53:15.327836 Navigation got ALT: 0.08
[1500, 1500, 1600, 1500, 2011, 890, 988, 1600, 1001, 1001, 1001, 1001, 1500, 1500, 1500, 1500]
[1500, 1500, 1600, 1500, 2011, 890, 988, 1600, 1001, 1001, 1001, 1001, 1500, 1500, 1500, 1500]
[1500, 1500, 1600, 1500, 2011, 890, 988, 1600, 1001, 1001, 1001, 1001, 1500, 1500, 1500, 1500]
[1500, 1500, 1600, 1500, 2011, 890, 988, 1600, 1001, 1001, 1001, 1001, 1500, 1500, 1500, 1500]
[1500, 1500, 1600, 1500, 2011, 890, 988, 1600, 1001, 1001, 1001, 1001, 1500, 1500, 1500, 1500]
14:53:15.362215 Navigation got ALT: 0.08
[1500, 1500, 1600, 1500, 2011, 890, 988, 1600, 1001, 1001, 1001, 1001, 1500, 1500, 1500, 1500]
14:53:15.365531 ALT: 0.08
14:53:15.365652 ATT: [2.0, -1.3, 253]
14:53:15.366082 ACC: [10, 18, 516]
[1500, 1500, 1600, 1500, 2011, 890, 988, 1600, 1001, 1001, 1001, 1001, 1500, 1500, 1500, 1500]
[1500, 1500, 1600, 1500, 2011, 890, 988, 1600, 1001, 1001, 1001, 1001, 1500, 1500, 1500, 1500]
[1500, 1500, 1600, 1500, 2011, 890, 988, 1600, 1001, 1001, 1001, 1001, 1500, 1500, 1500, 1500]
[1500, 1500, 1600, 1500, 2011, 890, 988, 1600, 1001, 1001, 1001, 1001, 1500, 1500, 1500, 1500]
14:53:15.396009 Navigation got ALT: 0.08
[1500, 1500, 1600, 1500, 2011, 890, 988, 1600, 1001, 1001, 1001, 1001, 1500, 1500, 1500, 1500]
[1500, 1500, 1600, 1500, 2011, 890, 988, 1600, 1001, 1001, 1001, 1001, 1500, 1500, 1500, 1500]
[1500, 1500, 1600, 1500, 2011, 890, 988, 1600, 1001, 1001, 1001, 1001, 1500, 1500, 1500, 1500]
14:53:15.410395 ALT: 0.08
14:53:15.410517 ATT: [2.0, -1.3, 253]
14:53:15.410967 ACC: [10, 17, 518]
[1500, 1500, 1600, 1500, 2011, 890, 988, 1600, 1001, 1001, 1001, 1001, 1500, 1500, 1500, 1500]
[1500, 1500, 1600, 1500, 2011, 890, 988, 1600, 1001, 1001, 1001, 1001, 1500, 1500, 1500, 1500]
14:53:15.429783 Navigation got ALT: 0.08
[1500, 1500, 1600, 1500, 2011, 890, 988, 1600, 1001, 1001, 1001, 1001, 1500, 1500, 1500, 1500]
[1500, 1500, 1600, 1500, 2011, 890, 988, 1600, 1001, 1001, 1001, 1001, 1500, 1500, 1500, 1500]
[1500, 1500, 1600, 1500, 2011, 890, 988, 1600, 1001, 1001, 1001, 1001, 1500, 1500, 1500, 1500]
[1500, 1500, 1600, 1500, 2011, 890, 988, 1600, 1001, 1001, 1001, 1001, 1500, 1500, 1500, 1500]
[1500, 1500, 1600, 1500, 2011, 890, 988, 1600, 1001, 1001, 1001, 1001, 1500, 1500, 1500, 1500]
14:53:15.461656 ALT: 0.08
14:53:15.461746 ATT: [2.0, -1.3, 253]
14:53:15.462213 ACC: [11, 18, 516]
14:53:15.469957 Navigation got ALT: 0.08
[1500, 1500, 1600, 1499, 2011, 890, 988, 1600, 1001, 1001, 1001, 1001, 1500, 1500, 1500, 1500]
[1500, 1500, 1600, 1499, 2011, 890, 988, 1600, 1001, 1001, 1001, 1001, 1500, 1500, 1500, 1500]
[1500, 1500, 1600, 1499, 2011, 890, 988, 1600, 1001, 1001, 1001, 1001, 1500, 1500, 1500, 1500]
[1500, 1500, 1600, 1499, 2011, 890, 988, 1600, 1001, 1001, 1001, 1001, 1500, 1500, 1500, 1500]
[1500, 1500, 1600, 1499, 2011, 890, 988, 1600, 1001, 1001, 1001, 1001, 1500, 1500, 1500, 1500]
[1500, 1500, 1600, 1499, 2011, 890, 988, 1600, 1001, 1001, 1001, 1001, 1500, 1500, 1500, 1500]
14:53:15.501025 Navigation got ALT: 0.08
[1500, 1500, 1600, 1500, 2011, 890, 988, 1598, 1001, 1001, 1001, 1001, 1500, 1500, 1500, 1500]
14:53:15.506018 ALT: 0.08
14:53:15.506119 ATT: [2.0, -1.3, 253]
14:53:15.506429 ACC: [11, 18, 517]
[1500, 1500, 1600, 1500, 2011, 890, 988, 1598, 1001, 1001, 1001, 1001, 1500, 1500, 1500, 1500]
[1500, 1500, 1600, 1500, 2011, 890, 988, 1598, 1001, 1001, 1001, 1001, 1500, 1500, 1500, 1500]
[1500, 1500, 1600, 1500, 2011, 890, 988, 1598, 1001, 1001, 1001, 1001, 1500, 1500, 1500, 1500]
[1500, 1500, 1600, 1500, 2011, 890, 988, 1598, 1001, 1001, 1001, 1001, 1500, 1500, 1500, 1500]
14:53:15.534905 Navigation got ALT: 0.08
[1500, 1500, 1600, 1499, 2011, 890, 988, 1600, 1001, 1001, 1001, 1001, 1500, 1500, 1500, 1500]
[1500, 1500, 1600, 1499, 2011, 890, 988, 1600, 1001, 1001, 1001, 1001, 1500, 1500, 1500, 1500]
[1500, 1500, 1600, 1499, 2011, 890, 988, 1600, 1001, 1001, 1001, 1001, 1500, 1500, 1500, 1500]
14:53:15.555355 ALT: 0.08
14:53:15.555503 ATT: [2.0, -1.3, 253]
14:53:15.556018 ACC: [10, 18, 516]
[1500, 1500, 1600, 1499, 2011, 890, 988, 1600, 1001, 1001, 1001, 1001, 1500, 1500, 1500, 1500]
[1500, 1500, 1600, 1499, 2011, 890, 988, 1600, 1001, 1001, 1001, 1001, 1500, 1500, 1500, 1500]
14:53:15.568677 Navigation got ALT: 0.08
[1500, 1500, 1600, 1499, 2011, 890, 988, 1600, 1001, 1001, 1001, 1001, 1500, 1500, 1500, 1500]
[1500, 1500, 1600, 1499, 2011, 890, 988, 1600, 1001, 1001, 1001, 1001, 1500, 1500, 1500, 1500]
[1500, 1500, 1600, 1499, 2011, 890, 988, 1600, 1001, 1001, 1001, 1001, 1500, 1500, 1500, 1500]
[1500, 1500, 1600, 1499, 2011, 890, 988, 1600, 1001, 1001, 1001, 1001, 1500, 1500, 1500, 1500]
[1500, 1500, 1600, 1499, 2011, 890, 988, 1600, 1001, 1001, 1001, 1001, 1500, 1500, 1500, 1500]
14:53:15.602540 ALT: 0.08
14:53:15.602696 ATT: [2.0, -1.3, 253]
14:53:15.603203 ACC: [11, 18, 519]
14:53:15.604309 Navigation got ALT: 0.08
[1500, 1500, 1600, 1500, 2011, 890, 988, 1600, 1001, 1001, 1001, 1001, 1500, 1500, 1500, 1500]
[1500, 1500, 1600, 1500, 2011, 890, 988, 1600, 1001, 1001, 1001, 1001, 1500, 1500, 1500, 1500]
[1500, 1500, 1600, 1500, 2011, 890, 988, 1600, 1001, 1001, 1001, 1001, 1500, 1500, 1500, 1500]
[1500, 1500, 1600, 1500, 2011, 890, 988, 1600, 1001, 1001, 1001, 1001, 1500, 1500, 1500, 1500]
[1500, 1500, 1600, 1500, 2011, 890, 988, 1600, 1001, 1001, 1001, 1001, 1500, 1500, 1500, 1500]
14:53:15.637835 Navigation got ALT: 0.08
[1500, 1500, 1600, 1500, 2011, 890, 988, 1598, 1001, 1001, 1001, 1001, 1500, 1500, 1500, 1500]
[1500, 1500, 1600, 1500, 2011, 890, 988, 1598, 1001, 1001, 1001, 1001, 1500, 1500, 1500, 1500]
[1500, 1500, 1600, 1500, 2011, 890, 988, 1598, 1001, 1001, 1001, 1001, 1500, 1500, 1500, 1500]
14:53:15.654967 ALT: 0.08
14:53:15.655881 ATT: [2.0, -1.3, 253]
14:53:15.656632 ACC: [11, 18, 519]
[1500, 1500, 1600, 1500, 2011, 890, 988, 1598, 1001, 1001, 1001, 1001, 1500, 1500, 1500, 1500]
14:53:15.669512 Navigation got ALT: 0.08
[1500, 1500, 1600, 1500, 2011, 890, 988, 1600, 1001, 1001, 1001, 1001, 1500, 1500, 1500, 1500]
[1500, 1500, 1600, 1500, 2011, 890, 988, 1600, 1001, 1001, 1001, 1001, 1500, 1500, 1500, 1500]
[1500, 1500, 1600, 1500, 2011, 890, 988, 1600, 1001, 1001, 1001, 1001, 1500, 1500, 1500, 1500]
[1500, 1500, 1600, 1500, 2011, 890, 988, 1600, 1001, 1001, 1001, 1001, 1500, 1500, 1500, 1500]
[1500, 1500, 1600, 1500, 2011, 890, 988, 1600, 1001, 1001, 1001, 1001, 1500, 1500, 1500, 1500]
[1500, 1500, 1600, 1500, 2011, 890, 988, 1600, 1001, 1001, 1001, 1001, 1500, 1500, 1500, 1500]
14:53:15.698388 ALT: 0.08
14:53:15.698480 ATT: [2.0, -1.3, 253]
14:53:15.698743 ACC: [11, 18, 519]
14:53:15.702768 Navigation got ALT: 0.08
[1500, 1500, 1600, 1500, 2011, 890, 989, 1600, 1001, 1001, 1001, 1001, 1500, 1500, 1500, 1500]
[1500, 1500, 1600, 1500, 2011, 890, 989, 1600, 1001, 1001, 1001, 1001, 1500, 1500, 1500, 1500]
[1500, 1500, 1600, 1500, 2011, 890, 989, 1600, 1001, 1001, 1001, 1001, 1500, 1500, 1500, 1500]
[1500, 1500, 1600, 1500, 2011, 890, 989, 1600, 1001, 1001, 1001, 1001, 1500, 1500, 1500, 1500]
[1500, 1500, 1600, 1500, 2011, 890, 989, 1600, 1001, 1001, 1001, 1001, 1500, 1500, 1500, 1500]
14:53:15.734520 Navigation got ALT: 0.08
[1500, 1500, 1600, 1500, 2011, 890, 988, 1598, 1001, 1001, 1001, 1001, 1500, 1500, 1500, 1500]
[1500, 1500, 1600, 1500, 2011, 890, 988, 1598, 1001, 1001, 1001, 1001, 1500, 1500, 1500, 1500]
14:53:15.746038 ALT: 0.08
14:53:15.746150 ATT: [2.0, -1.3, 253]
14:53:15.746460 ACC: [11, 19, 516]
[1500, 1500, 1600, 1500, 2011, 890, 988, 1598, 1001, 1001, 1001, 1001, 1500, 1500, 1500, 1500]
[1500, 1500, 1600, 1500, 2011, 890, 988, 1598, 1001, 1001, 1001, 1001, 1500, 1500, 1500, 1500]
[1500, 1500, 1600, 1500, 2011, 890, 988, 1598, 1001, 1001, 1001, 1001, 1500, 1500, 1500, 1500]
14:53:15.767735 Navigation got ALT: 0.08
[1500, 1500, 1600, 1500, 2011, 890, 988, 1600, 1001, 1001, 1001, 1001, 1500, 1500, 1500, 1500]
[1500, 1500, 1600, 1500, 2011, 890, 988, 1600, 1001, 1001, 1001, 1001, 1500, 1500, 1500, 1500]
[1500, 1500, 1600, 1500, 2011, 890, 988, 1600, 1001, 1001, 1001, 1001, 1500, 1500, 1500, 1500]
[1500, 1500, 1600, 1500, 2011, 890, 988, 1600, 1001, 1001, 1001, 1001, 1500, 1500, 1500, 1500]
14:53:15.794423 ALT: 0.08
14:53:15.794601 ATT: [2.0, -1.3, 253]
14:53:15.794993 ACC: [11, 17, 521]
[1500, 1500, 1600, 1500, 2011, 890, 988, 1600, 1001, 1001, 1001, 1001, 1500, 1500, 1500, 1500]
14:53:15.807815 Navigation got ALT: 0.08
*** Set bbox BEGIN position ***
[1500, 1500, 1600, 1500, 2011, 1161, 1114, 1300, 1001, 1001, 1001, 1001, 1500, 1500, 1500, 1500]
[1500, 1500, 1600, 1500, 2011, 1161, 1114, 1300, 1001, 1001, 1001, 1001, 1500, 1500, 1500, 1500]
[1500, 1500, 1600, 1500, 2011, 1161, 1114, 1300, 1001, 1001, 1001, 1001, 1500, 1500, 1500, 1500]
[1500, 1500, 1600, 1500, 2011, 1161, 1114, 1300, 1001, 1001, 1001, 1001, 1500, 1500, 1500, 1500]
[1500, 1500, 1600, 1500, 2011, 1161, 1114, 1300, 1001, 1001, 1001, 1001, 1500, 1500, 1500, 1500]
14:53:15.841543 Navigation got ALT: 0.08
*** Set bbox BEGIN position ***
[1500, 1500, 1600, 1500, 2011, 1161, 1114, 1300, 1001, 1001, 1001, 1001, 1500, 1500, 1500, 1500]
14:53:15.842278 ALT: 0.08
14:53:15.842373 ATT: [2.0, -1.3, 253]
14:53:15.842999 ACC: [10, 18, 517]
[1500, 1500, 1600, 1500, 2011, 1161, 1114, 1300, 1001, 1001, 1001, 1001, 1500, 1500, 1500, 1500]
[1500, 1500, 1600, 1500, 2011, 1161, 1114, 1300, 1001, 1001, 1001, 1001, 1500, 1500, 1500, 1500]
[1500, 1500, 1600, 1500, 2011, 1161, 1114, 1300, 1001, 1001, 1001, 1001, 1500, 1500, 1500, 1500]
[1500, 1500, 1600, 1500, 2011, 1161, 1114, 1300, 1001, 1001, 1001, 1001, 1500, 1500, 1500, 1500]
14:53:15.874763 Navigation got ALT: 0.08
*** Set bbox BEGIN position ***
* Start point: 280, 233
[1500, 1500, 1600, 1500, 2011, 1161, 1114, 1300, 1001, 1001, 1001, 1001, 1500, 1500, 1500, 1500]
[1500, 1500, 1600, 1500, 2011, 1161, 1114, 1300, 1001, 1001, 1001, 1001, 1500, 1500, 1500, 1500]
**Resetting tracker.
14:53:15.890735 ALT: 0.08
14:53:15.890817 ATT: [2.0, -1.3, 253]
14:53:15.891036 ACC: [10, 19, 517]
[1500, 1500, 1600, 1500, 2011, 1161, 1114, 1300, 1001, 1001, 1001, 1001, 1500, 1500, 1500, 1500]
[1500, 1500, 1600, 1500, 2011, 1161, 1114, 1300, 1001, 1001, 1001, 1001, 1500, 1500, 1500, 1500]
[1500, 1500, 1600, 1500, 2011, 1161, 1114, 1300, 1001, 1001, 1001, 1001, 1500, 1500, 1500, 1500]
14:53:15.907800 Navigation got ALT: 0.08
*** Set bbox BEGIN position ***
[1500, 1500, 1600, 1500, 2011, 1162, 1112, 1300, 1001, 1001, 1001, 1001, 1500, 1500, 1500, 1500]
[1500, 1500, 1600, 1500, 2011, 1162, 1112, 1300, 1001, 1001, 1001, 1001, 1500, 1500, 1500, 1500]
[1500, 1500, 1600, 1500, 2011, 1162, 1112, 1300, 1001, 1001, 1001, 1001, 1500, 1500, 1500, 1500]
[1500, 1500, 1600, 1500, 2011, 1162, 1112, 1300, 1001, 1001, 1001, 1001, 1500, 1500, 1500, 1500]
[1500, 1500, 1600, 1500, 2011, 1162, 1112, 1300, 1001, 1001, 1001, 1001, 1500, 1500, 1500, 1500]
14:53:15.938323 ALT: 0.08
14:53:15.938410 ATT: [2.0, -1.3, 253]
14:53:15.938658 ACC: [11, 17, 518]
14:53:15.941213 Navigation got ALT: 0.08
*** Set bbox BEGIN position ***
[1500, 1500, 1600, 1500, 2009, 1161, 1114, 1300, 1001, 1001, 1001, 1001, 1500, 1500, 1500, 1500]
[1500, 1500, 1600, 1500, 2009, 1161, 1114, 1300, 1001, 1001, 1001, 1001, 1500, 1500, 1500, 1500]
[1500, 1500, 1600, 1500, 2009, 1161, 1114, 1300, 1001, 1001, 1001, 1001, 1500, 1500, 1500, 1500]
[1500, 1500, 1600, 1500, 2009, 1161, 1114, 1300, 1001, 1001, 1001, 1001, 1500, 1500, 1500, 1500]
[1500, 1500, 1600, 1500, 2009, 1161, 1114, 1300, 1001, 1001, 1001, 1001, 1500, 1500, 1500, 1500]
14:53:15.974638 Navigation got ALT: 0.08
*** Set bbox BEGIN position ***
[1500, 1500, 1600, 1500, 2011, 1161, 1114, 1300, 1001, 1001, 1001, 1001, 1500, 1500, 1500, 1500]
[1500, 1500, 1600, 1500, 2011, 1161, 1114, 1300, 1001, 1001, 1001, 1001, 1500, 1500, 1500, 1500]
14:53:15.986258 ALT: 0.08
14:53:15.986342 ATT: [2.0, -1.3, 253]
14:53:15.986606 ACC: [11, 19, 516]
[1500, 1500, 1600, 1500, 2011, 1161, 1114, 1300, 1001, 1001, 1001, 1001, 1500, 1500, 1500, 1500]
[1500, 1500, 1600, 1500, 2011, 1161, 1114, 1300, 1001, 1001, 1001, 1001, 1500, 1500, 1500, 1500]
[1500, 1500, 1600, 1500, 2011, 1161, 1114, 1300, 1001, 1001, 1001, 1001, 1500, 1500, 1500, 1500]
14:53:16.007834 Navigation got ALT: 0.08
*** Set bbox BEGIN position ***
[1500, 1500, 1600, 1500, 2011, 1161, 1114, 1300, 1001, 1001, 1001, 1001, 1500, 1500, 1500, 1500]
[1500, 1500, 1600, 1500, 2011, 1161, 1114, 1300, 1001, 1001, 1001, 1001, 1500, 1500, 1500, 1500]
[1500, 1500, 1600, 1500, 2011, 1161, 1114, 1300, 1001, 1001, 1001, 1001, 1500, 1500, 1500, 1500]
[1500, 1500, 1600, 1500, 2011, 1161, 1114, 1300, 1001, 1001, 1001, 1001, 1500, 1500, 1500, 1500]
14:53:16.034118 ALT: 0.08
14:53:16.034236 ATT: [2.0, -1.3, 253]
14:53:16.034970 ACC: [10, 18, 517]
[1500, 1500, 1600, 1500, 2011, 1161, 1114, 1300, 1001, 1001, 1001, 1001, 1500, 1500, 1500, 1500]
14:53:16.041510 Navigation got ALT: 0.08
*** Set bbox BEGIN position ***
[1499, 1500, 1600, 1497, 2011, 1161, 1114, 1300, 1001, 1001, 1001, 1001, 1500, 1500, 1500, 1500]
[1499, 1500, 1600, 1497, 2011, 1161, 1114, 1300, 1001, 1001, 1001, 1001, 1500, 1500, 1500, 1500]
[1499, 1500, 1600, 1497, 2011, 1161, 1114, 1300, 1001, 1001, 1001, 1001, 1500, 1500, 1500, 1500]
[1499, 1500, 1600, 1497, 2011, 1161, 1114, 1300, 1001, 1001, 1001, 1001, 1500, 1500, 1500, 1500]
[1499, 1500, 1600, 1497, 2011, 1161, 1114, 1300, 1001, 1001, 1001, 1001, 1500, 1500, 1500, 1500]
14:53:16.074782 Navigation got ALT: 0.08
*** Set bbox BEGIN position ***
[1500, 1500, 1600, 1497, 2011, 1161, 1116, 1300, 1001, 1001, 1001, 1001, 1500, 1500, 1500, 1500]
[1500, 1500, 1600, 1497, 2011, 1161, 1116, 1300, 1001, 1001, 1001, 1001, 1500, 1500, 1500, 1500]
14:53:16.082104 ALT: 0.08
14:53:16.082205 ATT: [2.0, -1.3, 253]
14:53:16.082529 ACC: [10, 19, 516]
[1500, 1500, 1600, 1497, 2011, 1161, 1116, 1300, 1001, 1001, 1001, 1001, 1500, 1500, 1500, 1500]
[1500, 1500, 1600, 1497, 2011, 1161, 1116, 1300, 1001, 1001, 1001, 1001, 1500, 1500, 1500, 1500]
[1500, 1500, 1600, 1497, 2011, 1161, 1116, 1300, 1001, 1001, 1001, 1001, 1500, 1500, 1500, 1500]
14:53:16.108674 Navigation got ALT: 0.08
*** Set bbox BEGIN position ***
[1500, 1500, 1600, 1500, 2011, 1161, 1114, 1300, 1001, 1001, 1001, 1001, 1500, 1500, 1500, 1500]
[1500, 1500, 1600, 1500, 2011, 1161, 1114, 1300, 1001, 1001, 1001, 1001, 1500, 1500, 1500, 1500]
[1500, 1500, 1600, 1500, 2011, 1161, 1114, 1300, 1001, 1001, 1001, 1001, 1500, 1500, 1500, 1500]
[1500, 1500, 1600, 1500, 2011, 1161, 1114, 1300, 1001, 1001, 1001, 1001, 1500, 1500, 1500, 1500]
14:53:16.130647 ALT: 0.08
14:53:16.130989 ATT: [2.0, -1.3, 253]
14:53:16.131909 ACC: [11, 17, 518]
[1500, 1500, 1600, 1500, 2011, 1161, 1114, 1300, 1001, 1001, 1001, 1001, 1500, 1500, 1500, 1500]
14:53:16.141439 Navigation got ALT: 0.08
*** Set bbox BEGIN position ***
[1500, 1499, 1600, 1500, 2011, 1161, 1114, 1300, 1001, 1001, 1001, 1001, 1500, 1500, 1500, 1500]
[1500, 1499, 1600, 1500, 2011, 1161, 1114, 1300, 1001, 1001, 1001, 1001, 1500, 1500, 1500, 1500]
[1500, 1499, 1600, 1500, 2011, 1161, 1114, 1300, 1001, 1001, 1001, 1001, 1500, 1500, 1500, 1500]
[1500, 1499, 1600, 1500, 2011, 1161, 1114, 1300, 1001, 1001, 1001, 1001, 1500, 1500, 1500, 1500]
[1500, 1499, 1600, 1500, 2011, 1161, 1114, 1300, 1001, 1001, 1001, 1001, 1500, 1500, 1500, 1500]
14:53:16.174419 Navigation got ALT: 0.08
*** Set bbox BEGIN position ***
[1499, 1500, 1600, 1500, 2011, 1161, 1114, 1300, 1001, 1001, 1001, 1001, 1500, 1500, 1500, 1500]
14:53:16.178269 ALT: 0.08
14:53:16.178431 ATT: [2.0, -1.3, 253]
14:53:16.178795 ACC: [11, 18, 519]
[1499, 1500, 1600, 1500, 2011, 1161, 1114, 1300, 1001, 1001, 1001, 1001, 1500, 1500, 1500, 1500]
[1499, 1500, 1600, 1500, 2011, 1161, 1114, 1300, 1001, 1001, 1001, 1001, 1500, 1500, 1500, 1500]
[1499, 1500, 1600, 1500, 2011, 1161, 1114, 1300, 1001, 1001, 1001, 1001, 1500, 1500, 1500, 1500]
[1499, 1500, 1600, 1500, 2011, 1161, 1114, 1300, 1001, 1001, 1001, 1001, 1500, 1500, 1500, 1500]
14:53:16.207950 Navigation got ALT: 0.08
*** Set bbox BEGIN position ***
[1500, 1500, 1600, 1500, 2011, 1161, 1114, 1300, 1001, 1001, 1001, 1001, 1500, 1500, 1500, 1500]
[1500, 1500, 1600, 1500, 2011, 1161, 1114, 1300, 1001, 1001, 1001, 1001, 1500, 1500, 1500, 1500]
[1500, 1500, 1600, 1500, 2011, 1161, 1114, 1300, 1001, 1001, 1001, 1001, 1500, 1500, 1500, 1500]
[1500, 1500, 1600, 1500, 2011, 1161, 1114, 1300, 1001, 1001, 1001, 1001, 1500, 1500, 1500, 1500]
14:53:16.228307 ALT: 0.08
14:53:16.228408 ATT: [2.0, -1.3, 253]
14:53:16.229420 ACC: [11, 19, 517]
[1500, 1500, 1600, 1500, 2011, 1161, 1114, 1300, 1001, 1001, 1001, 1001, 1500, 1500, 1500, 1500]
14:53:16.242164 Navigation got ALT: 0.08
*** Set bbox END position ***
[1500, 1501, 1600, 1500, 2011, 1253, 1240, 1400, 1001, 1001, 1001, 1001, 1500, 1500, 1500, 1500]
[1500, 1501, 1600, 1500, 2011, 1253, 1240, 1400, 1001, 1001, 1001, 1001, 1500, 1500, 1500, 1500]
[1500, 1501, 1600, 1500, 2011, 1253, 1240, 1400, 1001, 1001, 1001, 1001, 1500, 1500, 1500, 1500]
[1500, 1501, 1600, 1500, 2011, 1253, 1240, 1400, 1001, 1001, 1001, 1001, 1500, 1500, 1500, 1500]
[1500, 1501, 1600, 1500, 2011, 1253, 1240, 1400, 1001, 1001, 1001, 1001, 1500, 1500, 1500, 1500]
14:53:16.274098 ALT: 0.08
14:53:16.274202 ATT: [2.0, -1.3, 253]
14:53:16.274456 ACC: [10, 19, 515]
14:53:16.275484 Navigation got ALT: 0.08
*** Set bbox END position ***
[1499, 1500, 1600, 1500, 2011, 1253, 1240, 1400, 1001, 1001, 1001, 1001, 1500, 1500, 1500, 1500]
[1499, 1500, 1600, 1500, 2011, 1253, 1240, 1400, 1001, 1001, 1001, 1001, 1500, 1500, 1500, 1500]
[1499, 1500, 1600, 1500, 2011, 1253, 1240, 1400, 1001, 1001, 1001, 1001, 1500, 1500, 1500, 1500]
[1499, 1500, 1600, 1500, 2011, 1253, 1240, 1400, 1001, 1001, 1001, 1001, 1500, 1500, 1500, 1500]
[1499, 1500, 1600, 1500, 2011, 1253, 1240, 1400, 1001, 1001, 1001, 1001, 1500, 1500, 1500, 1500]
14:53:16.308205 Navigation got ALT: 0.08
*** Set bbox END position ***
* End point: 372, 359
* Set bbox at 280,233 x 372,359
[1500, 1500, 1600, 1500, 2011, 1253, 1240, 1400, 1001, 1001, 1001, 1001, 1500, 1500, 1500, 1500]
[1500, 1500, 1600, 1500, 2011, 1253, 1240, 1400, 1001, 1001, 1001, 1001, 1500, 1500, 1500, 1500]
[1500, 1500, 1600, 1500, 2011, 1253, 1240, 1400, 1001, 1001, 1001, 1001, 1500, 1500, 1500, 1500]
14:53:16.322501 ALT: 0.08
14:53:16.322584 ATT: [2.0, -1.3, 253]
14:53:16.323042 ACC: [11, 18, 518]
**Init tracker as (280, 233, 92, 126)
[1500, 1500, 1600, 1500, 2011, 1253, 1240, 1400, 1001, 1001, 1001, 1001, 1500, 1500, 1500, 1500]
[1500, 1500, 1600, 1500, 2011, 1253, 1240, 1400, 1001, 1001, 1001, 1001, 1500, 1500, 1500, 1500]
14:53:16.341456 Navigation got ALT: 0.08
*** Set bbox END position ***
[1500, 1500, 1600, 1500, 2012, 1250, 1240, 1400, 1001, 1001, 1001, 1001, 1500, 1500, 1500, 1500]
[1500, 1500, 1600, 1500, 2012, 1250, 1240, 1400, 1001, 1001, 1001, 1001, 1500, 1500, 1500, 1500]
[1500, 1500, 1600, 1500, 2012, 1250, 1240, 1400, 1001, 1001, 1001, 1001, 1500, 1500, 1500, 1500]
[1500, 1500, 1600, 1500, 2012, 1250, 1240, 1400, 1001, 1001, 1001, 1001, 1500, 1500, 1500, 1500]
[1500, 1500, 1600, 1500, 2012, 1250, 1240, 1400, 1001, 1001, 1001, 1001, 1500, 1500, 1500, 1500]
14:53:16.370166 ALT: 0.08
14:53:16.370257 ATT: [2.0, -1.3, 253]
14:53:16.370521 ACC: [11, 19, 515]
14:53:16.375524 Navigation got ALT: 0.08
*** Set bbox END position ***
[1500, 1500, 1600, 1500, 2011, 1253, 1240, 1400, 1001, 1001, 1001, 1001, 1500, 1500, 1500, 1500]
[1500, 1500, 1600, 1500, 2011, 1253, 1240, 1400, 1001, 1001, 1001, 1001, 1500, 1500, 1500, 1500]
[1500, 1500, 1600, 1500, 2011, 1253, 1240, 1400, 1001, 1001, 1001, 1001, 1500, 1500, 1500, 1500]
[1500, 1500, 1600, 1500, 2011, 1253, 1240, 1400, 1001, 1001, 1001, 1001, 1500, 1500, 1500, 1500]
[1500, 1500, 1600, 1500, 2011, 1253, 1240, 1400, 1001, 1001, 1001, 1001, 1500, 1500, 1500, 1500]
14:53:16.407788 Navigation got ALT: 0.08
*** Set bbox END position ***
[1500, 1500, 1600, 1500, 2011, 1253, 1240, 1400, 1001, 1001, 1001, 1001, 1500, 1500, 1500, 1500]
[1500, 1500, 1600, 1500, 2011, 1253, 1240, 1400, 1001, 1001, 1001, 1001, 1500, 1500, 1500, 1500]
[1500, 1500, 1600, 1500, 2011, 1253, 1240, 1400, 1001, 1001, 1001, 1001, 1500, 1500, 1500, 1500]
14:53:16.421673 ALT: 0.08
14:53:16.421767 ATT: [2.0, -1.3, 253]
14:53:16.422028 ACC: [11, 20, 514]
[1500, 1500, 1600, 1500, 2011, 1253, 1240, 1400, 1001, 1001, 1001, 1001, 1500, 1500, 1500, 1500]
[1500, 1500, 1600, 1500, 2011, 1253, 1240, 1400, 1001, 1001, 1001, 1001, 1500, 1500, 1500, 1500]
14:53:16.444186 Navigation got ALT: 0.08
[1500, 1500, 1600, 1500, 2011, 891, 986, 1600, 1001, 1001, 1001, 1001, 1500, 1500, 1500, 1500]
[1500, 1500, 1600, 1500, 2011, 891, 986, 1600, 1001, 1001, 1001, 1001, 1500, 1500, 1500, 1500]
[1500, 1500, 1600, 1500, 2011, 891, 986, 1600, 1001, 1001, 1001, 1001, 1500, 1500, 1500, 1500]
[1500, 1500, 1600, 1500, 2011, 891, 986, 1600, 1001, 1001, 1001, 1001, 1500, 1500, 1500, 1500]
14:53:16.466164 ALT: 0.08
14:53:16.466281 ATT: [2.0, -1.3, 253]
14:53:16.466651 ACC: [10, 19, 517]
[1500, 1500, 1600, 1500, 2011, 891, 986, 1600, 1001, 1001, 1001, 1001, 1500, 1500, 1500, 1500]
14:53:16.474329 Navigation got ALT: 0.08
[1500, 1500, 1600, 1500, 2011, 890, 988, 1600, 1001, 1001, 1001, 1001, 1500, 1500, 1500, 1500]
[1500, 1500, 1600, 1500, 2011, 890, 988, 1600, 1001, 1001, 1001, 1001, 1500, 1500, 1500, 1500]
[1500, 1500, 1600, 1500, 2011, 890, 988, 1600, 1001, 1001, 1001, 1001, 1500, 1500, 1500, 1500]
[1500, 1500, 1600, 1500, 2011, 890, 988, 1600, 1001, 1001, 1001, 1001, 1500, 1500, 1500, 1500]
[1500, 1500, 1600, 1500, 2011, 890, 988, 1600, 1001, 1001, 1001, 1001, 1500, 1500, 1500, 1500]
14:53:16.507683 Navigation got ALT: 0.08
[1500, 1500, 1600, 1500, 2011, 890, 988, 1600, 1001, 1001, 1001, 1001, 1500, 1500, 1500, 1500]
14:53:16.513999 ALT: 0.08
14:53:16.514098 ATT: [2.0, -1.3, 253]
14:53:16.514345 ACC: [10, 18, 516]
[1500, 1500, 1600, 1500, 2011, 890, 988, 1600, 1001, 1001, 1001, 1001, 1500, 1500, 1500, 1500]
[1500, 1500, 1600, 1500, 2011, 890, 988, 1600, 1001, 1001, 1001, 1001, 1500, 1500, 1500, 1500]
[1500, 1500, 1600, 1500, 2011, 890, 988, 1600, 1001, 1001, 1001, 1001, 1500, 1500, 1500, 1500]
14:53:16.538048 Navigation got ALT: 0.08
[1500, 1500, 1600, 1500, 2011, 890, 988, 1600, 1001, 1001, 1001, 1001, 1500, 1500, 1500, 1500]
[1500, 1500, 1600, 1500, 2011, 890, 988, 1600, 1001, 1001, 1001, 1001, 1500, 1500, 1500, 1500]
[1500, 1500, 1600, 1500, 2011, 890, 988, 1600, 1001, 1001, 1001, 1001, 1500, 1500, 1500, 1500]
[1500, 1500, 1600, 1500, 2011, 890, 988, 1600, 1001, 1001, 1001, 1001, 1500, 1500, 1500, 1500]
[1500, 1500, 1600, 1500, 2011, 890, 988, 1600, 1001, 1001, 1001, 1001, 1500, 1500, 1500, 1500]
14:53:16.562268 ALT: 0.08
14:53:16.562366 ATT: [2.0, -1.3, 253]
14:53:16.562703 ACC: [10, 20, 515]
14:53:16.570560 Navigation got ALT: 0.08
[1500, 1500, 1600, 1500, 2011, 890, 988, 1600, 1001, 1001, 1001, 1001, 1500, 1500, 1500, 1500]
[1500, 1500, 1600, 1500, 2011, 890, 988, 1600, 1001, 1001, 1001, 1001, 1500, 1500, 1500, 1500]
[1500, 1500, 1600, 1500, 2011, 890, 988, 1600, 1001, 1001, 1001, 1001, 1500, 1500, 1500, 1500]
[1500, 1500, 1600, 1500, 2011, 890, 988, 1600, 1001, 1001, 1001, 1001, 1500, 1500, 1500, 1500]
[1500, 1500, 1600, 1500, 2011, 890, 988, 1600, 1001, 1001, 1001, 1001, 1500, 1500, 1500, 1500]
14:53:16.604378 Navigation got ALT: 0.08
[1500, 1499, 1600, 1500, 2011, 890, 988, 1600, 1001, 1001, 1001, 1001, 1500, 1500, 1500, 1500]
[1500, 1499, 1600, 1500, 2011, 890, 988, 1600, 1001, 1001, 1001, 1001, 1500, 1500, 1500, 1500]
[1500, 1499, 1600, 1500, 2011, 890, 988, 1600, 1001, 1001, 1001, 1001, 1500, 1500, 1500, 1500]
[1500, 1499, 1600, 1500, 2011, 890, 988, 1600, 1001, 1001, 1001, 1001, 1500, 1500, 1500, 1500]
14:53:16.627299 ALT: 0.08
14:53:16.627444 ATT: [2.0, -1.3, 253]
14:53:16.628164 ACC: [10, 17, 515]
14:53:16.635330 Navigation got ALT: 0.08
[1500, 1499, 1600, 1499, 2011, 890, 988, 1600, 1001, 1001, 1001, 1001, 1500, 1500, 1500, 1500]
[1500, 1499, 1600, 1499, 2011, 890, 988, 1600, 1001, 1001, 1001, 1001, 1500, 1500, 1500, 1500]
[1500, 1499, 1600, 1499, 2011, 890, 988, 1600, 1001, 1001, 1001, 1001, 1500, 1500, 1500, 1500]
[1500, 1499, 1600, 1499, 2011, 890, 988, 1600, 1001, 1001, 1001, 1001, 1500, 1500, 1500, 1500]
[1500, 1499, 1600, 1499, 2011, 890, 988, 1600, 1001, 1001, 1001, 1001, 1500, 1500, 1500, 1500]
[1500, 1499, 1600, 1499, 2011, 890, 988, 1600, 1001, 1001, 1001, 1001, 1500, 1500, 1500, 1500]
14:53:16.669459 Navigation got ALT: 0.08
[1500, 1500, 1600, 1500, 2011, 890, 989, 1598, 1001, 1001, 1001, 1001, 1500, 1500, 1500, 1500]
14:53:16.681678 ALT: 0.08
14:53:16.681908 ATT: [2.0, -1.3, 253]
14:53:16.682367 ACC: [10, 18, 516]
[1500, 1500, 1600, 1500, 2011, 890, 989, 1598, 1001, 1001, 1001, 1001, 1500, 1500, 1500, 1500]
[1500, 1500, 1600, 1500, 2011, 890, 989, 1598, 1001, 1001, 1001, 1001, 1500, 1500, 1500, 1500]
[1500, 1500, 1600, 1500, 2011, 890, 989, 1598, 1001, 1001, 1001, 1001, 1500, 1500, 1500, 1500]
[1500, 1500, 1600, 1500, 2011, 890, 989, 1598, 1001, 1001, 1001, 1001, 1500, 1500, 1500, 1500]
14:53:16.701288 Navigation got ALT: 0.08
[1500, 1500, 1600, 1500, 2011, 890, 988, 1598, 1001, 1001, 1001, 1001, 1500, 1500, 1500, 1500]
[1500, 1500, 1600, 1500, 2011, 890, 988, 1598, 1001, 1001, 1001, 1001, 1500, 1500, 1500, 1500]
[1500, 1500, 1600, 1500, 2011, 890, 988, 1598, 1001, 1001, 1001, 1001, 1500, 1500, 1500, 1500]
[1500, 1500, 1600, 1500, 2011, 890, 988, 1598, 1001, 1001, 1001, 1001, 1500, 1500, 1500, 1500]
14:53:16.722336 ALT: 0.08
14:53:16.722448 ATT: [2.0, -1.3, 253]
14:53:16.722753 ACC: [11, 19, 519]
[1500, 1500, 1600, 1500, 2011, 890, 988, 1598, 1001, 1001, 1001, 1001, 1500, 1500, 1500, 1500]
14:53:16.734732 Navigation got ALT: 0.08
[1500, 1500, 1600, 1500, 2011, 890, 988, 1600, 1001, 1001, 1001, 1001, 1500, 1500, 1500, 1500]
[1500, 1500, 1600, 1500, 2011, 890, 988, 1600, 1001, 1001, 1001, 1001, 1500, 1500, 1500, 1500]
[1500, 1500, 1600, 1500, 2011, 890, 988, 1600, 1001, 1001, 1001, 1001, 1500, 1500, 1500, 1500]
[1500, 1500, 1600, 1500, 2011, 890, 988, 1600, 1001, 1001, 1001, 1001, 1500, 1500, 1500, 1500]
[1500, 1500, 1600, 1500, 2011, 890, 988, 1600, 1001, 1001, 1001, 1001, 1500, 1500, 1500, 1500]
14:53:16.768510 Navigation got ALT: 0.08
[1500, 1500, 1600, 1500, 2011, 890, 988, 1600, 1001, 1001, 1001, 1001, 1500, 1500, 1500, 1500]
14:53:16.770841 ALT: 0.08
14:53:16.771278 ATT: [2.0, -1.3, 253]
14:53:16.771939 ACC: [10, 18, 517]
[1500, 1500, 1600, 1500, 2011, 890, 988, 1600, 1001, 1001, 1001, 1001, 1500, 1500, 1500, 1500]
[1500, 1500, 1600, 1500, 2011, 890, 988, 1600, 1001, 1001, 1001, 1001, 1500, 1500, 1500, 1500]
[1500, 1500, 1600, 1500, 2011, 890, 988, 1600, 1001, 1001, 1001, 1001, 1500, 1500, 1500, 1500]
[1500, 1500, 1600, 1500, 2011, 890, 988, 1600, 1001, 1001, 1001, 1001, 1500, 1500, 1500, 1500]
14:53:16.801697 Navigation got ALT: 0.08
[1500, 1500, 1600, 1500, 2011, 890, 988, 1600, 1001, 1001, 1001, 1001, 1500, 1500, 1500, 1500]
[1500, 1500, 1600, 1500, 2011, 890, 988, 1600, 1001, 1001, 1001, 1001, 1500, 1500, 1500, 1500]
[1500, 1500, 1600, 1500, 2011, 890, 988, 1600, 1001, 1001, 1001, 1001, 1500, 1500, 1500, 1500]
14:53:16.818885 ALT: 0.08
14:53:16.819476 ATT: [2.0, -1.3, 253]
14:53:16.820728 ACC: [10, 18, 516]
[1500, 1500, 1600, 1500, 2011, 890, 988, 1600, 1001, 1001, 1001, 1001, 1500, 1500, 1500, 1500]
[1500, 1500, 1600, 1500, 2011, 890, 988, 1600, 1001, 1001, 1001, 1001, 1500, 1500, 1500, 1500]
14:53:16.836584 Navigation got ALT: 0.08
[1500, 1500, 1600, 1500, 2011, 890, 988, 1600, 1001, 1001, 1001, 1001, 1500, 1500, 1500, 1500]
[1500, 1500, 1600, 1500, 2011, 890, 988, 1600, 1001, 1001, 1001, 1001, 1500, 1500, 1500, 1500]
[1500, 1500, 1600, 1500, 2011, 890, 988, 1600, 1001, 1001, 1001, 1001, 1500, 1500, 1500, 1500]
[1500, 1500, 1600, 1500, 2011, 890, 988, 1600, 1001, 1001, 1001, 1001, 1500, 1500, 1500, 1500]
[1500, 1500, 1600, 1500, 2011, 890, 988, 1600, 1001, 1001, 1001, 1001, 1500, 1500, 1500, 1500]
14:53:16.866472 ALT: 0.08
14:53:16.866598 ATT: [2.0, -1.3, 253]
14:53:16.867077 ACC: [10, 19, 517]
14:53:16.870527 Navigation got ALT: 0.08
[1500, 1500, 1600, 1500, 2011, 890, 988, 1600, 1001, 1001, 1001, 1001, 1500, 1500, 1500, 1500]
[1500, 1500, 1600, 1500, 2011, 890, 988, 1600, 1001, 1001, 1001, 1001, 1500, 1500, 1500, 1500]
[1500, 1500, 1600, 1500, 2011, 890, 988, 1600, 1001, 1001, 1001, 1001, 1500, 1500, 1500, 1500]
[1500, 1500, 1600, 1500, 2011, 890, 988, 1600, 1001, 1001, 1001, 1001, 1500, 1500, 1500, 1500]
[1500, 1500, 1600, 1500, 2011, 890, 988, 1600, 1001, 1001, 1001, 1001, 1500, 1500, 1500, 1500]
14:53:16.901497 Navigation got ALT: 0.08
[1500, 1499, 1600, 1500, 2011, 890, 988, 1598, 1001, 1001, 1001, 1001, 1500, 1500, 1500, 1500]
[1500, 1499, 1600, 1500, 2011, 890, 988, 1598, 1001, 1001, 1001, 1001, 1500, 1500, 1500, 1500]
14:53:16.914458 ALT: 0.08
14:53:16.914596 ATT: [2.0, -1.3, 253]
14:53:16.914914 ACC: [11, 18, 517]
[1500, 1499, 1600, 1500, 2011, 890, 988, 1598, 1001, 1001, 1001, 1001, 1500, 1500, 1500, 1500]
[1500, 1499, 1600, 1500, 2011, 890, 988, 1598, 1001, 1001, 1001, 1001, 1500, 1500, 1500, 1500]
[1500, 1499, 1600, 1500, 2011, 890, 988, 1598, 1001, 1001, 1001, 1001, 1500, 1500, 1500, 1500]
14:53:16.934738 Navigation got ALT: 0.08
[1499, 1500, 1600, 1500, 2011, 890, 988, 1600, 1001, 1001, 1001, 1001, 1500, 1500, 1500, 1500]
[1499, 1500, 1600, 1500, 2011, 890, 988, 1600, 1001, 1001, 1001, 1001, 1500, 1500, 1500, 1500]
[1499, 1500, 1600, 1500, 2011, 890, 988, 1600, 1001, 1001, 1001, 1001, 1500, 1500, 1500, 1500]
[1499, 1500, 1600, 1500, 2011, 890, 988, 1600, 1001, 1001, 1001, 1001, 1500, 1500, 1500, 1500]
14:53:16.967953 Navigation got ALT: 0.08
[1499, 1500, 1600, 1500, 2011, 890, 988, 1600, 1001, 1001, 1001, 1001, 1500, 1500, 1500, 1500]
[1499, 1500, 1600, 1500, 2011, 890, 988, 1600, 1001, 1001, 1001, 1001, 1500, 1500, 1500, 1500]
[1499, 1500, 1600, 1500, 2011, 890, 988, 1600, 1001, 1001, 1001, 1001, 1500, 1500, 1500, 1500]
14:53:16.979882 ALT: 0.08
14:53:16.979988 ATT: [2.0, -1.3, 253]
[1499, 1500, 1600, 1500, 2011, 890, 988, 1600, 1001, 1001, 1001, 1001, 1500, 1500, 1500, 1500]
[1499, 1500, 1600, 1500, 2011, 890, 988, 1600, 1001, 1001, 1001, 1001, 1500, 1500, 1500, 1500]
14:53:16.987957 ACC: [11, 18, 517]
[1499, 1500, 1600, 1500, 2011, 890, 988, 1600, 1001, 1001, 1001, 1001, 1500, 1500, 1500, 1500]
14:53:17.002217 Navigation got ALT: 0.08
[1500, 1500, 1600, 1500, 2011, 890, 988, 1600, 1001, 1001, 1001, 1001, 1500, 1500, 1500, 1500]
[1500, 1500, 1600, 1500, 2011, 890, 988, 1600, 1001, 1001, 1001, 1001, 1500, 1500, 1500, 1500]
[1500, 1500, 1600, 1500, 2011, 890, 988, 1600, 1001, 1001, 1001, 1001, 1500, 1500, 1500, 1500]
[1500, 1500, 1600, 1500, 2011, 890, 988, 1600, 1001, 1001, 1001, 1001, 1500, 1500, 1500, 1500]
14:53:17.026360 ALT: 0.08
14:53:17.026484 ATT: [2.0, -1.3, 253]
14:53:17.026886 ACC: [11, 17, 518]
[1500, 1500, 1600, 1500, 2011, 890, 988, 1600, 1001, 1001, 1001, 1001, 1500, 1500, 1500, 1500]
14:53:17.042831 Navigation got ALT: 0.08
[1500, 1500, 1600, 1500, 2011, 890, 988, 1600, 1001, 1001, 1001, 1001, 1500, 1500, 1500, 1500]
[1500, 1500, 1600, 1500, 2011, 890, 988, 1600, 1001, 1001, 1001, 1001, 1500, 1500, 1500, 1500]
[1500, 1500, 1600, 1500, 2011, 890, 988, 1600, 1001, 1001, 1001, 1001, 1500, 1500, 1500, 1500]
[1500, 1500, 1600, 1500, 2011, 890, 988, 1600, 1001, 1001, 1001, 1001, 1500, 1500, 1500, 1500]
[1500, 1500, 1600, 1500, 2011, 890, 988, 1600, 1001, 1001, 1001, 1001, 1500, 1500, 1500, 1500]
[1500, 1500, 1600, 1500, 2011, 890, 988, 1600, 1001, 1001, 1001, 1001, 1500, 1500, 1500, 1500]
14:53:17.074241 ALT: 0.08
14:53:17.074349 ATT: [2.0, -1.3, 253]
14:53:17.074651 ACC: [10, 19, 516]
14:53:17.075647 Navigation got ALT: 0.08
[1500, 1499, 1600, 1500, 2011, 890, 988, 1600, 1001, 1001, 1001, 1001, 1500, 1500, 1500, 1500]
[1500, 1499, 1600, 1500, 2011, 890, 988, 1600, 1001, 1001, 1001, 1001, 1500, 1500, 1500, 1500]
[1500, 1499, 1600, 1500, 2011, 890, 988, 1600, 1001, 1001, 1001, 1001, 1500, 1500, 1500, 1500]
[1500, 1499, 1600, 1500, 2011, 890, 988, 1600, 1001, 1001, 1001, 1001, 1500, 1500, 1500, 1500]
[1500, 1499, 1600, 1500, 2011, 890, 988, 1600, 1001, 1001, 1001, 1001, 1500, 1500, 1500, 1500]
14:53:17.108006 Navigation got ALT: 0.08
[1499, 1500, 1600, 1500, 2011, 890, 988, 1600, 1001, 1001, 1001, 1001, 1500, 1500, 1500, 1500]
[1499, 1500, 1600, 1500, 2011, 890, 988, 1600, 1001, 1001, 1001, 1001, 1500, 1500, 1500, 1500]
[1499, 1500, 1600, 1500, 2011, 890, 988, 1600, 1001, 1001, 1001, 1001, 1500, 1500, 1500, 1500]
14:53:17.122438 ALT: 0.08
14:53:17.122569 ATT: [2.0, -1.3, 253]
14:53:17.122897 ACC: [11, 19, 518]
[1499, 1500, 1600, 1500, 2011, 890, 988, 1600, 1001, 1001, 1001, 1001, 1500, 1500, 1500, 1500]
[1499, 1500, 1600, 1500, 2011, 890, 988, 1600, 1001, 1001, 1001, 1001, 1500, 1500, 1500, 1500]
14:53:17.141181 Navigation got ALT: 0.08
[1500, 1500, 1600, 1499, 2011, 890, 988, 1600, 1001, 1001, 1001, 1001, 1500, 1500, 1500, 1500]
[1500, 1500, 1600, 1499, 2011, 890, 988, 1600, 1001, 1001, 1001, 1001, 1500, 1500, 1500, 1500]
[1500, 1500, 1600, 1499, 2011, 890, 988, 1600, 1001, 1001, 1001, 1001, 1500, 1500, 1500, 1500]
[1500, 1500, 1600, 1499, 2011, 890, 988, 1600, 1001, 1001, 1001, 1001, 1500, 1500, 1500, 1500]
[1500, 1500, 1600, 1499, 2011, 890, 988, 1600, 1001, 1001, 1001, 1001, 1500, 1500, 1500, 1500]
14:53:17.170692 ALT: 0.08
14:53:17.170966 ATT: [2.0, -1.3, 253]
14:53:17.171577 ACC: [11, 17, 515]
14:53:17.174875 Navigation got ALT: 0.08
[1499, 1500, 1600, 1500, 2011, 890, 988, 1600, 1001, 1001, 1001, 1001, 1500, 1500, 1500, 1500]
[1499, 1500, 1600, 1500, 2011, 890, 988, 1600, 1001, 1001, 1001, 1001, 1500, 1500, 1500, 1500]
[1499, 1500, 1600, 1500, 2011, 890, 988, 1600, 1001, 1001, 1001, 1001, 1500, 1500, 1500, 1500]
[1499, 1500, 1600, 1500, 2011, 890, 988, 1600, 1001, 1001, 1001, 1001, 1500, 1500, 1500, 1500]
[1499, 1500, 1600, 1500, 2011, 890, 988, 1600, 1001, 1001, 1001, 1001, 1500, 1500, 1500, 1500]
14:53:17.207967 Navigation got ALT: 0.08
[1500, 1499, 1600, 1500, 2011, 890, 988, 1600, 1001, 1001, 1001, 1001, 1500, 1500, 1500, 1500]
[1500, 1499, 1600, 1500, 2011, 890, 988, 1600, 1001, 1001, 1001, 1001, 1500, 1500, 1500, 1500]
14:53:17.218756 ALT: 0.08
14:53:17.218930 ATT: [2.0, -1.3, 253]
14:53:17.219364 ACC: [10, 18, 516]
[1500, 1499, 1600, 1500, 2011, 890, 988, 1600, 1001, 1001, 1001, 1001, 1500, 1500, 1500, 1500]
[1500, 1499, 1600, 1500, 2011, 890, 988, 1600, 1001, 1001, 1001, 1001, 1500, 1500, 1500, 1500]
[1500, 1499, 1600, 1500, 2011, 890, 988, 1600, 1001, 1001, 1001, 1001, 1500, 1500, 1500, 1500]
14:53:17.243751 Navigation got ALT: 0.08
[1500, 1500, 1600, 1499, 2011, 890, 988, 1600, 1001, 1001, 1001, 1001, 1500, 1500, 1500, 1500]
[1500, 1500, 1600, 1499, 2011, 890, 988, 1600, 1001, 1001, 1001, 1001, 1500, 1500, 1500, 1500]
[1500, 1500, 1600, 1499, 2011, 890, 988, 1600, 1001, 1001, 1001, 1001, 1500, 1500, 1500, 1500]
[1500, 1500, 1600, 1499, 2011, 890, 988, 1600, 1001, 1001, 1001, 1001, 1500, 1500, 1500, 1500]
14:53:17.266363 ALT: 0.08
14:53:17.266478 ATT: [2.0, -1.3, 253]
14:53:17.266848 ACC: [10, 18, 515]
[1500, 1500, 1600, 1499, 2011, 890, 988, 1600, 1001, 1001, 1001, 1001, 1500, 1500, 1500, 1500]
14:53:17.275295 Navigation got ALT: 0.08
[1500, 1499, 1600, 1499, 2011, 890, 988, 1600, 1001, 1001, 1001, 1001, 1500, 1500, 1500, 1500]
[1500, 1499, 1600, 1499, 2011, 890, 988, 1600, 1001, 1001, 1001, 1001, 1500, 1500, 1500, 1500]
[1500, 1499, 1600, 1499, 2011, 890, 988, 1600, 1001, 1001, 1001, 1001, 1500, 1500, 1500, 1500]
[1500, 1499, 1600, 1499, 2011, 890, 988, 1600, 1001, 1001, 1001, 1001, 1500, 1500, 1500, 1500]
[1500, 1499, 1600, 1499, 2011, 890, 988, 1600, 1001, 1001, 1001, 1001, 1500, 1500, 1500, 1500]
14:53:17.308309 Navigation got ALT: 0.08
[1500, 1499, 1600, 1500, 2011, 890, 988, 1600, 1001, 1001, 1001, 1001, 1500, 1500, 1500, 1500]
[1500, 1499, 1600, 1500, 2011, 890, 988, 1600, 1001, 1001, 1001, 1001, 1500, 1500, 1500, 1500]
14:53:17.315547 ALT: 0.08
14:53:17.315708 ATT: [2.0, -1.3, 253]
14:53:17.316165 ACC: [11, 18, 516]
[1500, 1499, 1600, 1500, 2011, 890, 988, 1600, 1001, 1001, 1001, 1001, 1500, 1500, 1500, 1500]
[1500, 1499, 1600, 1500, 2011, 890, 988, 1600, 1001, 1001, 1001, 1001, 1500, 1500, 1500, 1500]
[1500, 1499, 1600, 1500, 2011, 890, 988, 1600, 1001, 1001, 1001, 1001, 1500, 1500, 1500, 1500]
14:53:17.341133 Navigation got ALT: 0.08
[1500, 1500, 1600, 1500, 2011, 890, 988, 1600, 1001, 1001, 1001, 1001, 1500, 1500, 1500, 1500]
[1500, 1500, 1600, 1500, 2011, 890, 988, 1600, 1001, 1001, 1001, 1001, 1500, 1500, 1500, 1500]
[1500, 1500, 1600, 1500, 2011, 890, 988, 1600, 1001, 1001, 1001, 1001, 1500, 1500, 1500, 1500]
[1500, 1500, 1600, 1500, 2011, 890, 988, 1600, 1001, 1001, 1001, 1001, 1500, 1500, 1500, 1500]
14:53:17.363190 ALT: 0.08
14:53:17.363278 ATT: [2.0, -1.3, 253]
14:53:17.363550 ACC: [10, 18, 516]
[1500, 1500, 1600, 1500, 2011, 890, 988, 1600, 1001, 1001, 1001, 1001, 1500, 1500, 1500, 1500]
14:53:17.374830 Navigation got ALT: 0.08
[1500, 1500, 1600, 1499, 2011, 890, 988, 1600, 1001, 1001, 1001, 1001, 1500, 1500, 1500, 1500]
[1500, 1500, 1600, 1499, 2011, 890, 988, 1600, 1001, 1001, 1001, 1001, 1500, 1500, 1500, 1500]
[1500, 1500, 1600, 1499, 2011, 890, 988, 1600, 1001, 1001, 1001, 1001, 1500, 1500, 1500, 1500]
[1500, 1500, 1600, 1499, 2011, 890, 988, 1600, 1001, 1001, 1001, 1001, 1500, 1500, 1500, 1500]
[1500, 1500, 1600, 1499, 2011, 890, 988, 1600, 1001, 1001, 1001, 1001, 1500, 1500, 1500, 1500]
14:53:17.408063 Navigation got ALT: 0.08
[1500, 1500, 1600, 1500, 2011, 890, 988, 1600, 1001, 1001, 1001, 1001, 1500, 1500, 1500, 1500]
14:53:17.410660 ALT: 0.08
14:53:17.410922 ATT: [2.0, -1.3, 253]
14:53:17.411438 ACC: [11, 19, 520]
[1500, 1500, 1600, 1500, 2011, 890, 988, 1600, 1001, 1001, 1001, 1001, 1500, 1500, 1500, 1500]
[1500, 1500, 1600, 1500, 2011, 890, 988, 1600, 1001, 1001, 1001, 1001, 1500, 1500, 1500, 1500]
[1500, 1500, 1600, 1500, 2011, 890, 988, 1600, 1001, 1001, 1001, 1001, 1500, 1500, 1500, 1500]
[1500, 1500, 1600, 1500, 2011, 890, 988, 1600, 1001, 1001, 1001, 1001, 1500, 1500, 1500, 1500]
14:53:17.441327 Navigation got ALT: 0.08
[1500, 1500, 1600, 1500, 2011, 890, 988, 1600, 1001, 1001, 1001, 1001, 1500, 1500, 1500, 1500]
[1500, 1500, 1600, 1500, 2011, 890, 988, 1600, 1001, 1001, 1001, 1001, 1500, 1500, 1500, 1500]
[1500, 1500, 1600, 1500, 2011, 890, 988, 1600, 1001, 1001, 1001, 1001, 1500, 1500, 1500, 1500]
[1500, 1500, 1600, 1500, 2011, 890, 988, 1600, 1001, 1001, 1001, 1001, 1500, 1500, 1500, 1500]
[1500, 1500, 1600, 1500, 2011, 890, 988, 1600, 1001, 1001, 1001, 1001, 1500, 1500, 1500, 1500]
14:53:17.470150 ALT: 0.08
14:53:17.471132 ATT: [2.0, -1.3, 253]
14:53:17.471723 ACC: [11, 18, 518]
14:53:17.480450 Navigation got ALT: 0.08
[1501, 1499, 1600, 1500, 2011, 890, 988, 1600, 1001, 1001, 1001, 1001, 1500, 1500, 1500, 1500]
[1501, 1499, 1600, 1500, 2011, 890, 988, 1600, 1001, 1001, 1001, 1001, 1500, 1500, 1500, 1500]
[1501, 1499, 1600, 1500, 2011, 890, 988, 1600, 1001, 1001, 1001, 1001, 1500, 1500, 1500, 1500]
[1501, 1499, 1600, 1500, 2011, 890, 988, 1600, 1001, 1001, 1001, 1001, 1500, 1500, 1500, 1500]
[1501, 1499, 1600, 1500, 2011, 890, 988, 1600, 1001, 1001, 1001, 1001, 1500, 1500, 1500, 1500]
14:53:17.506281 ALT: 0.08
14:53:17.506373 ATT: [2.0, -1.3, 253]
14:53:17.506655 ACC: [11, 18, 516]
[1501, 1499, 1600, 1500, 2011, 890, 988, 1600, 1001, 1001, 1001, 1001, 1500, 1500, 1500, 1500]
14:53:17.514853 Navigation got ALT: 0.08
[1500, 1500, 1600, 1500, 2011, 890, 988, 1600, 1001, 1001, 1001, 1001, 1500, 1500, 1500, 1500]
[1500, 1500, 1600, 1500, 2011, 890, 988, 1600, 1001, 1001, 1001, 1001, 1500, 1500, 1500, 1500]
[1500, 1500, 1600, 1500, 2011, 890, 988, 1600, 1001, 1001, 1001, 1001, 1500, 1500, 1500, 1500]
[1500, 1500, 1600, 1500, 2011, 890, 988, 1600, 1001, 1001, 1001, 1001, 1500, 1500, 1500, 1500]
[1500, 1500, 1600, 1500, 2011, 890, 988, 1600, 1001, 1001, 1001, 1001, 1500, 1500, 1500, 1500]
14:53:17.547946 Navigation got ALT: 0.08
[1500, 1500, 1600, 1499, 2011, 890, 988, 1600, 1001, 1001, 1001, 1001, 1500, 1500, 1500, 1500]
[1500, 1500, 1600, 1499, 2011, 890, 988, 1600, 1001, 1001, 1001, 1001, 1500, 1500, 1500, 1500]
14:53:17.556184 ALT: 0.08
14:53:17.556331 ATT: [2.0, -1.3, 253]
14:53:17.557214 ACC: [10, 18, 517]
[1500, 1500, 1600, 1499, 2011, 890, 988, 1600, 1001, 1001, 1001, 1001, 1500, 1500, 1500, 1500]
[1500, 1500, 1600, 1499, 2011, 890, 988, 1600, 1001, 1001, 1001, 1001, 1500, 1500, 1500, 1500]
[1500, 1500, 1600, 1499, 2011, 890, 988, 1600, 1001, 1001, 1001, 1001, 1500, 1500, 1500, 1500]
14:53:17.581032 Navigation got ALT: 0.08
[1500, 1500, 1600, 1500, 2011, 890, 988, 1600, 1001, 1001, 1001, 1001, 1500, 1500, 1500, 1500]
[1500, 1500, 1600, 1500, 2011, 890, 988, 1600, 1001, 1001, 1001, 1001, 1500, 1500, 1500, 1500]
[1500, 1500, 1600, 1500, 2011, 890, 988, 1600, 1001, 1001, 1001, 1001, 1500, 1500, 1500, 1500]
[1500, 1500, 1600, 1500, 2011, 890, 988, 1600, 1001, 1001, 1001, 1001, 1500, 1500, 1500, 1500]
14:53:17.602460 ALT: 0.08
14:53:17.602605 ATT: [2.0, -1.3, 253]
14:53:17.603069 ACC: [10, 20, 517]
[1500, 1500, 1600, 1500, 2011, 890, 988, 1600, 1001, 1001, 1001, 1001, 1500, 1500, 1500, 1500]
14:53:17.614501 Navigation got ALT: 0.08
[1500, 1500, 1600, 1500, 2011, 890, 988, 1598, 1001, 1001, 1001, 1001, 1500, 1500, 1500, 1500]
[1500, 1500, 1600, 1500, 2011, 890, 988, 1598, 1001, 1001, 1001, 1001, 1500, 1500, 1500, 1500]
[1500, 1500, 1600, 1500, 2011, 890, 988, 1598, 1001, 1001, 1001, 1001, 1500, 1500, 1500, 1500]
[1500, 1500, 1600, 1500, 2011, 890, 988, 1598, 1001, 1001, 1001, 1001, 1500, 1500, 1500, 1500]
[1500, 1500, 1600, 1500, 2011, 890, 988, 1598, 1001, 1001, 1001, 1001, 1500, 1500, 1500, 1500]
14:53:17.647775 Navigation got ALT: 0.08
[1500, 1500, 1600, 1500, 2009, 890, 988, 1600, 1001, 1001, 1001, 1001, 1500, 1500, 1500, 1500]
14:53:17.651294 ALT: 0.08
14:53:17.651532 ATT: [2.0, -1.3, 253]
14:53:17.652358 ACC: [11, 19, 518]
[1500, 1500, 1600, 1500, 2009, 890, 988, 1600, 1001, 1001, 1001, 1001, 1500, 1500, 1500, 1500]
[1500, 1500, 1600, 1500, 2009, 890, 988, 1600, 1001, 1001, 1001, 1001, 1500, 1500, 1500, 1500]
[1500, 1500, 1600, 1500, 2009, 890, 988, 1600, 1001, 1001, 1001, 1001, 1500, 1500, 1500, 1500]
[1500, 1500, 1600, 1500, 2009, 890, 988, 1600, 1001, 1001, 1001, 1001, 1500, 1500, 1500, 1500]
14:53:17.682451 Navigation got ALT: 0.08
[1500, 1499, 1600, 1500, 2011, 890, 988, 1600, 1001, 1001, 1001, 1001, 1500, 1500, 1500, 1500]
[1500, 1499, 1600, 1500, 2011, 890, 988, 1600, 1001, 1001, 1001, 1001, 1500, 1500, 1500, 1500]
[1500, 1499, 1600, 1500, 2011, 890, 988, 1600, 1001, 1001, 1001, 1001, 1500, 1500, 1500, 1500]
14:53:17.705786 ALT: 0.08
14:53:17.705938 ATT: [2.0, -1.3, 253]
14:53:17.706542 ACC: [11, 19, 518]
[1500, 1499, 1600, 1500, 2011, 890, 988, 1600, 1001, 1001, 1001, 1001, 1500, 1500, 1500, 1500]
14:53:17.714205 Navigation got ALT: 0.08
[1500, 1500, 1600, 1500, 2011, 890, 988, 1600, 1001, 1001, 1001, 1001, 1500, 1500, 1500, 1500]
[1500, 1500, 1600, 1500, 2011, 890, 988, 1600, 1001, 1001, 1001, 1001, 1500, 1500, 1500, 1500]
[1500, 1500, 1600, 1500, 2011, 890, 988, 1600, 1001, 1001, 1001, 1001, 1500, 1500, 1500, 1500]
[1500, 1500, 1600, 1500, 2011, 890, 988, 1600, 1001, 1001, 1001, 1001, 1500, 1500, 1500, 1500]
[1500, 1500, 1600, 1500, 2011, 890, 988, 1600, 1001, 1001, 1001, 1001, 1500, 1500, 1500, 1500]
[1500, 1500, 1600, 1500, 2011, 890, 988, 1600, 1001, 1001, 1001, 1001, 1500, 1500, 1500, 1500]
14:53:17.747733 Navigation got ALT: 0.08
*** TARGETING mode ***
* Target Target(0, 0) received.
Anchor YAW: 253, current YAW: 253
[1500, 1500, 1600, 1500, 2011, 988, 988, 1500, 1001, 1001, 1001, 1001, 1500, 1500, 1500, 1500]
[1500, 1500, 1600, 1500, 2011, 988, 988, 1500, 1001, 1001, 1001, 1001, 1500, 1500, 1500, 1500]
[1500, 1500, 1600, 1500, 2011, 988, 988, 1500, 1001, 1001, 1001, 1001, 1500, 1500, 1500, 1500]
[1500, 1500, 1600, 1500, 2011, 988, 988, 1500, 1001, 1001, 1001, 1001, 1500, 1500, 1500, 1500]
14:53:17.773294 ALT: 0.08
14:53:17.773403 ATT: [2.0, -1.3, 253]
14:53:17.773838 ACC: [10, 18, 516]
[1500, 1500, 1600, 1500, 2011, 988, 988, 1500, 1001, 1001, 1001, 1001, 1500, 1500, 1500, 1500]
14:53:17.782251 Navigation got ALT: 0.08
*** TARGETING mode ***
* Target Target(6, 146) received.
Anchor YAW: 253, current YAW: 253
[1500, 1503, 1600, 1506, 2011, 988, 988, 1500, 1001, 1001, 1001, 1001, 1500, 1500, 1500, 1500]
[1500, 1503, 1600, 1506, 2011, 988, 988, 1500, 1001, 1001, 1001, 1001, 1500, 1500, 1500, 1500]
[1500, 1503, 1600, 1506, 2011, 988, 988, 1500, 1001, 1001, 1001, 1001, 1500, 1500, 1500, 1500]
[1500, 1503, 1600, 1506, 2011, 988, 988, 1500, 1001, 1001, 1001, 1001, 1500, 1500, 1500, 1500]
[1500, 1503, 1600, 1506, 2011, 988, 988, 1500, 1001, 1001, 1001, 1001, 1500, 1500, 1500, 1500]
14:53:17.814608 Navigation got ALT: 0.08
*** TARGETING mode ***
* Target Target(7, 147) received.
Anchor YAW: 253, current YAW: 253
[1500, 1506, 1600, 1507, 2011, 988, 988, 1500, 1001, 1001, 1001, 1001, 1500, 1500, 1500, 1500]
[1500, 1506, 1600, 1507, 2011, 988, 988, 1500, 1001, 1001, 1001, 1001, 1500, 1500, 1500, 1500]
14:53:17.826537 ALT: 0.08
14:53:17.826659 ATT: [2.0, -1.3, 253]
14:53:17.827080 ACC: [11, 18, 517]
[1500, 1506, 1600, 1507, 2011, 988, 988, 1500, 1001, 1001, 1001, 1001, 1500, 1500, 1500, 1500]
[1500, 1506, 1600, 1507, 2011, 988, 988, 1500, 1001, 1001, 1001, 1001, 1500, 1500, 1500, 1500]
[1500, 1506, 1600, 1507, 2011, 988, 988, 1500, 1001, 1001, 1001, 1001, 1500, 1500, 1500, 1500]
14:53:17.847998 Navigation got ALT: 0.08
*** TARGETING mode ***
* Target Target(7, 147) received.
Anchor YAW: 253, current YAW: 253
[1500, 1509, 1600, 1507, 2011, 988, 988, 1500, 1001, 1001, 1001, 1001, 1500, 1500, 1500, 1500]
[1500, 1509, 1600, 1507, 2011, 988, 988, 1500, 1001, 1001, 1001, 1001, 1500, 1500, 1500, 1500]
[1500, 1509, 1600, 1507, 2011, 988, 988, 1500, 1001, 1001, 1001, 1001, 1500, 1500, 1500, 1500]
[1500, 1509, 1600, 1507, 2011, 988, 988, 1500, 1001, 1001, 1001, 1001, 1500, 1500, 1500, 1500]
[1500, 1509, 1600, 1507, 2011, 988, 988, 1500, 1001, 1001, 1001, 1001, 1500, 1500, 1500, 1500]
14:53:17.881495 Navigation got ALT: 0.08
*** TARGETING mode ***
* Target Target(8, 147) received.
Anchor YAW: 253, current YAW: 253
[1500, 1512, 1600, 1508, 2011, 988, 988, 1500, 1001, 1001, 1001, 1001, 1500, 1500, 1500, 1500]
[1500, 1512, 1600, 1508, 2011, 988, 988, 1500, 1001, 1001, 1001, 1001, 1500, 1500, 1500, 1500]
14:53:17.890578 ALT: 0.08
14:53:17.890680 ATT: [2.0, -1.3, 253]
14:53:17.890975 ACC: [11, 19, 518]
[1500, 1512, 1600, 1508, 2011, 988, 988, 1500, 1001, 1001, 1001, 1001, 1500, 1500, 1500, 1500]
[1500, 1512, 1600, 1508, 2011, 988, 988, 1500, 1001, 1001, 1001, 1001, 1500, 1500, 1500, 1500]
[1500, 1512, 1600, 1508, 2011, 988, 988, 1500, 1001, 1001, 1001, 1001, 1500, 1500, 1500, 1500]
14:53:17.915506 Navigation got ALT: 0.08
*** TARGETING mode ***
* Target Target(8, 147) received.
Anchor YAW: 253, current YAW: 253
[1500, 1515, 1600, 1508, 2011, 988, 988, 1499, 1001, 1001, 1001, 1001, 1500, 1500, 1500, 1500]
[1500, 1515, 1600, 1508, 2011, 988, 988, 1499, 1001, 1001, 1001, 1001, 1500, 1500, 1500, 1500]
[1500, 1515, 1600, 1508, 2011, 988, 988, 1499, 1001, 1001, 1001, 1001, 1500, 1500, 1500, 1500]
[1500, 1515, 1600, 1508, 2011, 988, 988, 1499, 1001, 1001, 1001, 1001, 1500, 1500, 1500, 1500]
14:53:17.938557 ALT: 0.08
14:53:17.938724 ATT: [2.0, -1.3, 253]
14:53:17.939150 ACC: [11, 18, 518]
[1500, 1515, 1600, 1508, 2011, 988, 988, 1499, 1001, 1001, 1001, 1001, 1500, 1500, 1500, 1500]
14:53:17.947744 Navigation got ALT: 0.08
*** TARGETING mode ***
* Target Target(8, 147) received.
Anchor YAW: 253, current YAW: 253
[1500, 1518, 1600, 1508, 2011, 989, 986, 1499, 1001, 1001, 1001, 1001, 1500, 1500, 1500, 1500]
[1500, 1518, 1600, 1508, 2011, 989, 986, 1499, 1001, 1001, 1001, 1001, 1500, 1500, 1500, 1500]
[1500, 1518, 1600, 1508, 2011, 989, 986, 1499, 1001, 1001, 1001, 1001, 1500, 1500, 1500, 1500]
[1500, 1518, 1600, 1508, 2011, 989, 986, 1499, 1001, 1001, 1001, 1001, 1500, 1500, 1500, 1500]
[1500, 1518, 1600, 1508, 2011, 989, 986, 1499, 1001, 1001, 1001, 1001, 1500, 1500, 1500, 1500]
14:53:17.981922 Navigation got ALT: 0.08
*** TARGETING mode ***
* Target Target(8, 147) received.
Anchor YAW: 253, current YAW: 253
[1500, 1521, 1600, 1508, 2011, 988, 988, 1499, 1001, 1001, 1001, 1001, 1500, 1500, 1500, 1500]
14:53:17.986589 ALT: 0.08
14:53:17.986813 ATT: [2.0, -1.3, 253]
14:53:17.987298 ACC: [10, 19, 515]
[1500, 1521, 1600, 1508, 2011, 988, 988, 1499, 1001, 1001, 1001, 1001, 1500, 1500, 1500, 1500]
[1500, 1521, 1600, 1508, 2011, 988, 988, 1499, 1001, 1001, 1001, 1001, 1500, 1500, 1500, 1500]
[1500, 1521, 1600, 1508, 2011, 988, 988, 1499, 1001, 1001, 1001, 1001, 1500, 1500, 1500, 1500]
[1500, 1521, 1600, 1508, 2011, 988, 988, 1499, 1001, 1001, 1001, 1001, 1500, 1500, 1500, 1500]
14:53:18.018110 Navigation got ALT: 0.08
*** TARGETING mode ***
* Target Target(8, 147) received.
Anchor YAW: 253, current YAW: 253
[1500, 1524, 1600, 1508, 2011, 988, 988, 1500, 1001, 1001, 1001, 1001, 1500, 1500, 1500, 1500]
[1500, 1524, 1600, 1508, 2011, 988, 988, 1500, 1001, 1001, 1001, 1001, 1500, 1500, 1500, 1500]
[1500, 1524, 1600, 1508, 2011, 988, 988, 1500, 1001, 1001, 1001, 1001, 1500, 1500, 1500, 1500]
14:53:18.034879 ALT: 0.08
14:53:18.035094 ATT: [2.0, -1.3, 253]
14:53:18.035539 ACC: [11, 18, 519]
[1500, 1524, 1600, 1508, 2011, 988, 988, 1500, 1001, 1001, 1001, 1001, 1500, 1500, 1500, 1500]
[1500, 1524, 1600, 1508, 2011, 988, 988, 1500, 1001, 1001, 1001, 1001, 1500, 1500, 1500, 1500]
[1500, 1524, 1600, 1508, 2011, 988, 988, 1500, 1001, 1001, 1001, 1001, 1500, 1500, 1500, 1500]
14:53:18.054501 Navigation got ALT: 0.08
*** TARGETING mode ***
* Target Target(8, 147) received.
Anchor YAW: 253, current YAW: 253
[1500, 1527, 1600, 1508, 2011, 988, 988, 1500, 1001, 1001, 1001, 1001, 1500, 1500, 1500, 1500]
[1500, 1527, 1600, 1508, 2011, 988, 988, 1500, 1001, 1001, 1001, 1001, 1500, 1500, 1500, 1500]
[1500, 1527, 1600, 1508, 2011, 988, 988, 1500, 1001, 1001, 1001, 1001, 1500, 1500, 1500, 1500]
[1500, 1527, 1600, 1508, 2011, 988, 988, 1500, 1001, 1001, 1001, 1001, 1500, 1500, 1500, 1500]
[1500, 1527, 1600, 1508, 2011, 988, 988, 1500, 1001, 1001, 1001, 1001, 1500, 1500, 1500, 1500]
14:53:18.088255 Navigation got ALT: 0.08
*** TARGETING mode ***
* Target Target(8, 147) received.
Anchor YAW: 253, current YAW: 253
[1500, 1530, 1600, 1508, 2011, 988, 988, 1500, 1001, 1001, 1001, 1001, 1500, 1500, 1500, 1500]
[1500, 1530, 1600, 1508, 2011, 988, 988, 1500, 1001, 1001, 1001, 1001, 1500, 1500, 1500, 1500]
14:53:18.098478 ALT: 0.08
14:53:18.098607 ATT: [2.0, -1.3, 253]
14:53:18.099088 ACC: [10, 20, 517]
[1500, 1530, 1600, 1508, 2011, 988, 988, 1500, 1001, 1001, 1001, 1001, 1500, 1500, 1500, 1500]
[1500, 1530, 1600, 1508, 2011, 988, 988, 1500, 1001, 1001, 1001, 1001, 1500, 1500, 1500, 1500]
[1500, 1530, 1600, 1508, 2011, 988, 988, 1500, 1001, 1001, 1001, 1001, 1500, 1500, 1500, 1500]
14:53:18.121453 Navigation got ALT: 0.08
*** TARGETING mode ***
Anchor YAW: 253, current YAW: 253
[1500, 1533, 1600, 1508, 2011, 988, 988, 1500, 1001, 1001, 1001, 1001, 1500, 1500, 1500, 1500]
[1500, 1533, 1600, 1508, 2011, 988, 988, 1500, 1001, 1001, 1001, 1001, 1500, 1500, 1500, 1500]
[1500, 1533, 1600, 1508, 2011, 988, 988, 1500, 1001, 1001, 1001, 1001, 1500, 1500, 1500, 1500]
[1500, 1533, 1600, 1508, 2011, 988, 988, 1500, 1001, 1001, 1001, 1001, 1500, 1500, 1500, 1500]
14:53:18.146462 ALT: 0.08
14:53:18.146559 ATT: [2.0, -1.3, 253]
14:53:18.146845 ACC: [11, 17, 521]
[1500, 1533, 1600, 1508, 2011, 988, 988, 1500, 1001, 1001, 1001, 1001, 1500, 1500, 1500, 1500]
14:53:18.156319 Navigation got ALT: 0.08
*** TARGETING mode ***
Anchor YAW: 253, current YAW: 253
[1500, 1536, 1600, 1508, 2011, 988, 988, 1500, 1001, 1001, 1001, 1001, 1500, 1500, 1500, 1500]
[1500, 1536, 1600, 1508, 2011, 988, 988, 1500, 1001, 1001, 1001, 1001, 1500, 1500, 1500, 1500]
[1500, 1536, 1600, 1508, 2011, 988, 988, 1500, 1001, 1001, 1001, 1001, 1500, 1500, 1500, 1500]
[1500, 1536, 1600, 1508, 2011, 988, 988, 1500, 1001, 1001, 1001, 1001, 1500, 1500, 1500, 1500]
[1500, 1536, 1600, 1508, 2011, 988, 988, 1500, 1001, 1001, 1001, 1001, 1500, 1500, 1500, 1500]
14:53:18.188051 Navigation got ALT: 0.08
*** TARGETING mode ***
Anchor YAW: 253, current YAW: 253
[1500, 1539, 1600, 1508, 2011, 988, 988, 1500, 1001, 1001, 1001, 1001, 1500, 1500, 1500, 1500]
[1500, 1539, 1600, 1508, 2011, 988, 988, 1500, 1001, 1001, 1001, 1001, 1500, 1500, 1500, 1500]
[1500, 1539, 1600, 1508, 2011, 988, 988, 1500, 1001, 1001, 1001, 1001, 1500, 1500, 1500, 1500]
[1500, 1539, 1600, 1508, 2011, 988, 988, 1500, 1001, 1001, 1001, 1001, 1500, 1500, 1500, 1500]
14:53:18.210680 ALT: 0.08
14:53:18.210787 ATT: [2.0, -1.3, 253]
14:53:18.211168 ACC: [10, 18, 520]
14:53:18.220104 Navigation got ALT: 0.08
*** TARGETING mode ***
* Target Target(8, 147) received.
Anchor YAW: 253, current YAW: 253
[1500, 1542, 1600, 1508, 2011, 988, 988, 1500, 1001, 1001, 1001, 1001, 1500, 1500, 1500, 1500]
[1500, 1542, 1600, 1508, 2011, 988, 988, 1500, 1001, 1001, 1001, 1001, 1500, 1500, 1500, 1500]
[1500, 1542, 1600, 1508, 2011, 988, 988, 1500, 1001, 1001, 1001, 1001, 1500, 1500, 1500, 1500]
[1500, 1542, 1600, 1508, 2011, 988, 988, 1500, 1001, 1001, 1001, 1001, 1500, 1500, 1500, 1500]
[1500, 1542, 1600, 1508, 2011, 988, 988, 1500, 1001, 1001, 1001, 1001, 1500, 1500, 1500, 1500]
[1500, 1542, 1600, 1508, 2011, 988, 988, 1500, 1001, 1001, 1001, 1001, 1500, 1500, 1500, 1500]
14:53:18.254545 Navigation got ALT: 0.08
*** TARGETING mode ***
Anchor YAW: 253, current YAW: 253
[1500, 1545, 1600, 1508, 2011, 986, 988, 1499, 1001, 1001, 1001, 1001, 1500, 1500, 1500, 1500]
14:53:18.258435 ALT: 0.08
14:53:18.258532 ATT: [2.0, -1.3, 253]
14:53:18.258798 ACC: [10, 17, 518]
[1500, 1545, 1600, 1508, 2011, 986, 988, 1499, 1001, 1001, 1001, 1001, 1500, 1500, 1500, 1500]
[1500, 1545, 1600, 1508, 2011, 986, 988, 1499, 1001, 1001, 1001, 1001, 1500, 1500, 1500, 1500]
[1500, 1545, 1600, 1508, 2011, 986, 988, 1499, 1001, 1001, 1001, 1001, 1500, 1500, 1500, 1500]
[1500, 1545, 1600, 1508, 2011, 986, 988, 1499, 1001, 1001, 1001, 1001, 1500, 1500, 1500, 1500]
14:53:18.287999 Navigation got ALT: 0.08
*** TARGETING mode ***
Anchor YAW: 253, current YAW: 253
[1500, 1548, 1600, 1508, 2011, 988, 988, 1500, 1001, 1001, 1001, 1001, 1500, 1500, 1500, 1500]
[1500, 1548, 1600, 1508, 2011, 988, 988, 1500, 1001, 1001, 1001, 1001, 1500, 1500, 1500, 1500]
[1500, 1548, 1600, 1508, 2011, 988, 988, 1500, 1001, 1001, 1001, 1001, 1500, 1500, 1500, 1500]
14:53:18.306483 ALT: 0.08
14:53:18.306581 ATT: [2.0, -1.3, 253]
14:53:18.306839 ACC: [10, 18, 517]
[1500, 1548, 1600, 1508, 2011, 988, 988, 1500, 1001, 1001, 1001, 1001, 1500, 1500, 1500, 1500]
[1500, 1548, 1600, 1508, 2011, 988, 988, 1500, 1001, 1001, 1001, 1001, 1500, 1500, 1500, 1500]
14:53:18.321450 Navigation got ALT: 0.08
*** TARGETING mode ***
Anchor YAW: 253, current YAW: 253
[1500, 1551, 1600, 1508, 2011, 988, 988, 1500, 1001, 1001, 1001, 1001, 1500, 1500, 1500, 1500]
[1500, 1551, 1600, 1508, 2011, 988, 988, 1500, 1001, 1001, 1001, 1001, 1500, 1500, 1500, 1500]
[1500, 1551, 1600, 1508, 2011, 988, 988, 1500, 1001, 1001, 1001, 1001, 1500, 1500, 1500, 1500]
[1500, 1551, 1600, 1508, 2011, 988, 988, 1500, 1001, 1001, 1001, 1001, 1500, 1500, 1500, 1500]
[1500, 1551, 1600, 1508, 2011, 988, 988, 1500, 1001, 1001, 1001, 1001, 1500, 1500, 1500, 1500]
14:53:18.354982 Navigation got ALT: 0.08
*** TARGETING mode ***
Anchor YAW: 253, current YAW: 253
[1500, 1554, 1600, 1508, 2011, 988, 988, 1500, 1001, 1001, 1001, 1001, 1500, 1500, 1500, 1500]
14:53:18.357255 ALT: 0.08
14:53:18.357366 ATT: [2.0, -1.3, 253]
14:53:18.357654 ACC: [11, 18, 517]
[1500, 1554, 1600, 1508, 2011, 988, 988, 1500, 1001, 1001, 1001, 1001, 1500, 1500, 1500, 1500]
[1500, 1554, 1600, 1508, 2011, 988, 988, 1500, 1001, 1001, 1001, 1001, 1500, 1500, 1500, 1500]
[1500, 1554, 1600, 1508, 2011, 988, 988, 1500, 1001, 1001, 1001, 1001, 1500, 1500, 1500, 1500]
[1500, 1554, 1600, 1508, 2011, 988, 988, 1500, 1001, 1001, 1001, 1001, 1500, 1500, 1500, 1500]
14:53:18.388149 Navigation got ALT: 0.08
*** TARGETING mode ***
Anchor YAW: 253, current YAW: 253
[1500, 1557, 1600, 1508, 2011, 988, 988, 1500, 1001, 1001, 1001, 1001, 1500, 1500, 1500, 1500]
[1500, 1557, 1600, 1508, 2011, 988, 988, 1500, 1001, 1001, 1001, 1001, 1500, 1500, 1500, 1500]
[1500, 1557, 1600, 1508, 2011, 988, 988, 1500, 1001, 1001, 1001, 1001, 1500, 1500, 1500, 1500]
14:53:18.402539 ALT: 0.08
14:53:18.402651 ATT: [2.0, -1.3, 253]
14:53:18.403006 ACC: [10, 20, 518]
[1500, 1557, 1600, 1508, 2011, 988, 988, 1500, 1001, 1001, 1001, 1001, 1500, 1500, 1500, 1500]
[1500, 1557, 1600, 1508, 2011, 988, 988, 1500, 1001, 1001, 1001, 1001, 1500, 1500, 1500, 1500]
14:53:18.421283 Navigation got ALT: 0.08
*** TARGETING mode ***
* Target Target(8, 147) received.
Anchor YAW: 253, current YAW: 253
[1500, 1560, 1600, 1508, 2009, 988, 988, 1500, 1001, 1001, 1001, 1001, 1500, 1500, 1500, 1500]
[1500, 1560, 1600, 1508, 2009, 988, 988, 1500, 1001, 1001, 1001, 1001, 1500, 1500, 1500, 1500]
[1500, 1560, 1600, 1508, 2009, 988, 988, 1500, 1001, 1001, 1001, 1001, 1500, 1500, 1500, 1500]
[1500, 1560, 1600, 1508, 2009, 988, 988, 1500, 1001, 1001, 1001, 1001, 1500, 1500, 1500, 1500]
[1500, 1560, 1600, 1508, 2009, 988, 988, 1500, 1001, 1001, 1001, 1001, 1500, 1500, 1500, 1500]
14:53:18.450612 ALT: 0.08
14:53:18.450721 ATT: [2.0, -1.3, 253]
14:53:18.451038 ACC: [10, 20, 516]
14:53:18.454645 Navigation got ALT: 0.08
*** TARGETING mode ***
Anchor YAW: 253, current YAW: 253
[1500, 1563, 1600, 1508, 2011, 988, 988, 1500, 1001, 1001, 1001, 1001, 1500, 1500, 1500, 1500]
[1500, 1563, 1600, 1508, 2011, 988, 988, 1500, 1001, 1001, 1001, 1001, 1500, 1500, 1500, 1500]
[1500, 1563, 1600, 1508, 2011, 988, 988, 1500, 1001, 1001, 1001, 1001, 1500, 1500, 1500, 1500]
[1500, 1563, 1600, 1508, 2011, 988, 988, 1500, 1001, 1001, 1001, 1001, 1500, 1500, 1500, 1500]
[1500, 1563, 1600, 1508, 2011, 988, 988, 1500, 1001, 1001, 1001, 1001, 1500, 1500, 1500, 1500]
14:53:18.487886 Navigation got ALT: 0.08
*** TARGETING mode ***
Anchor YAW: 253, current YAW: 253
[1500, 1566, 1600, 1508, 2011, 988, 988, 1500, 1001, 1001, 1001, 1001, 1500, 1500, 1500, 1500]
[1500, 1566, 1600, 1508, 2011, 988, 988, 1500, 1001, 1001, 1001, 1001, 1500, 1500, 1500, 1500]
14:53:18.498465 ALT: 0.08
14:53:18.498572 ATT: [2.0, -1.3, 253]
14:53:18.498903 ACC: [11, 17, 517]
[1500, 1566, 1600, 1508, 2011, 988, 988, 1500, 1001, 1001, 1001, 1001, 1500, 1500, 1500, 1500]
[1500, 1566, 1600, 1508, 2011, 988, 988, 1500, 1001, 1001, 1001, 1001, 1500, 1500, 1500, 1500]
[1500, 1566, 1600, 1508, 2011, 988, 988, 1500, 1001, 1001, 1001, 1001, 1500, 1500, 1500, 1500]
14:53:18.521452 Navigation got ALT: 0.08
*** TARGETING mode ***
Anchor YAW: 253, current YAW: 253
[1500, 1569, 1600, 1508, 2011, 988, 988, 1500, 1001, 1001, 1001, 1001, 1500, 1500, 1500, 1500]
[1500, 1569, 1600, 1508, 2011, 988, 988, 1500, 1001, 1001, 1001, 1001, 1500, 1500, 1500, 1500]
[1500, 1569, 1600, 1508, 2011, 988, 988, 1500, 1001, 1001, 1001, 1001, 1500, 1500, 1500, 1500]
[1500, 1569, 1600, 1508, 2011, 988, 988, 1500, 1001, 1001, 1001, 1001, 1500, 1500, 1500, 1500]
14:53:18.546688 ALT: 0.08
14:53:18.546786 ATT: [2.0, -1.3, 253]
14:53:18.547152 ACC: [10, 19, 517]
[1500, 1569, 1600, 1508, 2011, 988, 988, 1500, 1001, 1001, 1001, 1001, 1500, 1500, 1500, 1500]
14:53:18.554768 Navigation got ALT: 0.08
*** TARGETING mode ***
Anchor YAW: 253, current YAW: 253
[1500, 1572, 1600, 1508, 2011, 988, 988, 1500, 1001, 1001, 1001, 1001, 1500, 1500, 1500, 1500]
[1500, 1572, 1600, 1508, 2011, 988, 988, 1500, 1001, 1001, 1001, 1001, 1500, 1500, 1500, 1500]
[1500, 1572, 1600, 1508, 2011, 988, 988, 1500, 1001, 1001, 1001, 1001, 1500, 1500, 1500, 1500]
[1500, 1572, 1600, 1508, 2011, 988, 988, 1500, 1001, 1001, 1001, 1001, 1500, 1500, 1500, 1500]
[1500, 1572, 1600, 1508, 2011, 988, 988, 1500, 1001, 1001, 1001, 1001, 1500, 1500, 1500, 1500]
14:53:18.587820 Navigation got ALT: 0.08
*** TARGETING mode ***
* Target Target(8, 147) received.
Anchor YAW: 253, current YAW: 253
[1500, 1575, 1600, 1508, 2011, 988, 988, 1500, 1001, 1001, 1001, 1001, 1500, 1500, 1500, 1500]
[1500, 1575, 1600, 1508, 2011, 988, 988, 1500, 1001, 1001, 1001, 1001, 1500, 1500, 1500, 1500]
14:53:18.595513 ALT: 0.08
14:53:18.595610 ATT: [2.0, -1.3, 253]
14:53:18.596445 ACC: [10, 18, 516]
[1500, 1575, 1600, 1508, 2011, 988, 988, 1500, 1001, 1001, 1001, 1001, 1500, 1500, 1500, 1500]
[1500, 1575, 1600, 1508, 2011, 988, 988, 1500, 1001, 1001, 1001, 1001, 1500, 1500, 1500, 1500]
[1500, 1575, 1600, 1508, 2011, 988, 988, 1500, 1001, 1001, 1001, 1001, 1500, 1500, 1500, 1500]
14:53:18.622252 Navigation got ALT: 0.08
*** TARGETING mode ***
Anchor YAW: 253, current YAW: 253
[1500, 1578, 1600, 1508, 2011, 988, 988, 1500, 1001, 1001, 1001, 1001, 1500, 1500, 1500, 1500]
[1500, 1578, 1600, 1508, 2011, 988, 988, 1500, 1001, 1001, 1001, 1001, 1500, 1500, 1500, 1500]
[1500, 1578, 1600, 1508, 2011, 988, 988, 1500, 1001, 1001, 1001, 1001, 1500, 1500, 1500, 1500]
[1500, 1578, 1600, 1508, 2011, 988, 988, 1500, 1001, 1001, 1001, 1001, 1500, 1500, 1500, 1500]
14:53:18.644979 ALT: 0.08
14:53:18.645268 ATT: [2.0, -1.3, 253]
14:53:18.645929 ACC: [11, 17, 517]
[1500, 1578, 1600, 1508, 2011, 988, 988, 1500, 1001, 1001, 1001, 1001, 1500, 1500, 1500, 1500]
14:53:18.654380 Navigation got ALT: 0.08
*** TARGETING mode ***
Anchor YAW: 253, current YAW: 253
[1500, 1581, 1600, 1508, 2011, 988, 988, 1500, 1001, 1001, 1001, 1001, 1500, 1500, 1500, 1500]
[1500, 1581, 1600, 1508, 2011, 988, 988, 1500, 1001, 1001, 1001, 1001, 1500, 1500, 1500, 1500]
[1500, 1581, 1600, 1508, 2011, 988, 988, 1500, 1001, 1001, 1001, 1001, 1500, 1500, 1500, 1500]
14:53:18.690135 Navigation got ALT: 0.08
*** TARGETING mode ***
Anchor YAW: 253, current YAW: 253
[1500, 1584, 1600, 1508, 2011, 988, 988, 1500, 1001, 1001, 1001, 1001, 1500, 1500, 1500, 1500]
14:53:18.691361 ALT: 0.08
14:53:18.691551 ATT: [2.0, -1.3, 253]
14:53:18.692156 ACC: [10, 19, 517]
[1500, 1584, 1600, 1508, 2011, 988, 988, 1500, 1001, 1001, 1001, 1001, 1500, 1500, 1500, 1500]
[1500, 1584, 1600, 1508, 2011, 988, 988, 1500, 1001, 1001, 1001, 1001, 1500, 1500, 1500, 1500]
[1500, 1584, 1600, 1508, 2011, 988, 988, 1500, 1001, 1001, 1001, 1001, 1500, 1500, 1500, 1500]
[1500, 1584, 1600, 1508, 2011, 988, 988, 1500, 1001, 1001, 1001, 1001, 1500, 1500, 1500, 1500]
[1500, 1584, 1600, 1508, 2011, 988, 988, 1500, 1001, 1001, 1001, 1001, 1500, 1500, 1500, 1500]
[1500, 1584, 1600, 1508, 2011, 988, 988, 1500, 1001, 1001, 1001, 1001, 1500, 1500, 1500, 1500]
14:53:18.725594 Navigation got ALT: 0.08
*** TARGETING mode ***
* Target Target(8, 147) received.
Anchor YAW: 253, current YAW: 253
[1500, 1587, 1600, 1508, 2011, 988, 988, 1500, 1001, 1001, 1001, 1001, 1500, 1500, 1500, 1500]
[1500, 1587, 1600, 1508, 2011, 988, 988, 1500, 1001, 1001, 1001, 1001, 1500, 1500, 1500, 1500]
[1500, 1587, 1600, 1508, 2011, 988, 988, 1500, 1001, 1001, 1001, 1001, 1500, 1500, 1500, 1500]
[1500, 1587, 1600, 1508, 2011, 988, 988, 1500, 1001, 1001, 1001, 1001, 1500, 1500, 1500, 1500]
[1500, 1587, 1600, 1508, 2011, 988, 988, 1500, 1001, 1001, 1001, 1001, 1500, 1500, 1500, 1500]
[1500, 1587, 1600, 1508, 2011, 988, 988, 1500, 1001, 1001, 1001, 1001, 1500, 1500, 1500, 1500]
14:53:18.757002 ALT: 0.08
14:53:18.757203 ATT: [2.0, -1.3, 253]
14:53:18.757541 ACC: [10, 19, 518]
14:53:18.762424 Navigation got ALT: 0.08
*** TARGETING mode ***
Anchor YAW: 253, current YAW: 253
[1500, 1590, 1600, 1508, 2011, 988, 988, 1500, 1001, 1001, 1001, 1001, 1500, 1500, 1500, 1500]
[1500, 1590, 1600, 1508, 2011, 988, 988, 1500, 1001, 1001, 1001, 1001, 1500, 1500, 1500, 1500]
[1500, 1590, 1600, 1508, 2011, 988, 988, 1500, 1001, 1001, 1001, 1001, 1500, 1500, 1500, 1500]
[1500, 1590, 1600, 1508, 2011, 988, 988, 1500, 1001, 1001, 1001, 1001, 1500, 1500, 1500, 1500]
[1500, 1590, 1600, 1508, 2011, 988, 988, 1500, 1001, 1001, 1001, 1001, 1500, 1500, 1500, 1500]
14:53:18.795059 Navigation got ALT: 0.08
*** TARGETING mode ***
Anchor YAW: 253, current YAW: 253
[1500, 1593, 1600, 1508, 2011, 988, 988, 1500, 1001, 1001, 1001, 1001, 1500, 1500, 1500, 1500]
[1500, 1593, 1600, 1508, 2011, 988, 988, 1500, 1001, 1001, 1001, 1001, 1500, 1500, 1500, 1500]
[1500, 1593, 1600, 1508, 2011, 988, 988, 1500, 1001, 1001, 1001, 1001, 1500, 1500, 1500, 1500]
[1500, 1593, 1600, 1508, 2011, 988, 988, 1500, 1001, 1001, 1001, 1001, 1500, 1500, 1500, 1500]
14:53:18.818595 ALT: 0.08
14:53:18.818704 ATT: [2.0, -1.3, 253]
14:53:18.819025 ACC: [11, 20, 516]
[1500, 1593, 1600, 1508, 2011, 988, 988, 1500, 1001, 1001, 1001, 1001, 1500, 1500, 1500, 1500]
14:53:18.828036 Navigation got ALT: 0.08
*** TARGETING mode ***
Anchor YAW: 253, current YAW: 253
[1500, 1596, 1600, 1508, 2011, 988, 988, 1500, 1001, 1001, 1001, 1001, 1500, 1500, 1500, 1500]
[1500, 1596, 1600, 1508, 2011, 988, 988, 1500, 1001, 1001, 1001, 1001, 1500, 1500, 1500, 1500]
[1500, 1596, 1600, 1508, 2011, 988, 988, 1500, 1001, 1001, 1001, 1001, 1500, 1500, 1500, 1500]
[1500, 1596, 1600, 1508, 2011, 988, 988, 1500, 1001, 1001, 1001, 1001, 1500, 1500, 1500, 1500]
[1500, 1596, 1600, 1508, 2011, 988, 988, 1500, 1001, 1001, 1001, 1001, 1500, 1500, 1500, 1500]
14:53:18.861443 Navigation got ALT: 0.08
*** TARGETING mode ***
Anchor YAW: 253, current YAW: 253
[1500, 1599, 1600, 1508, 2011, 988, 988, 1500, 1001, 1001, 1001, 1001, 1500, 1500, 1500, 1500]
14:53:18.866544 ALT: 0.08
14:53:18.866658 ATT: [2.0, -1.3, 253]
14:53:18.867052 ACC: [11, 18, 519]
[1500, 1599, 1600, 1508, 2011, 988, 988, 1500, 1001, 1001, 1001, 1001, 1500, 1500, 1500, 1500]
[1500, 1599, 1600, 1508, 2011, 988, 988, 1500, 1001, 1001, 1001, 1001, 1500, 1500, 1500, 1500]
[1500, 1599, 1600, 1508, 2011, 988, 988, 1500, 1001, 1001, 1001, 1001, 1500, 1500, 1500, 1500]
[1500, 1599, 1600, 1508, 2011, 988, 988, 1500, 1001, 1001, 1001, 1001, 1500, 1500, 1500, 1500]
14:53:18.894431 Navigation got ALT: 0.08
*** TARGETING mode ***
* Target Target(8, 147) received.
Anchor YAW: 253, current YAW: 253
[1500, 1602, 1600, 1508, 2011, 988, 988, 1500, 1001, 1001, 1001, 1001, 1500, 1500, 1500, 1500]
[1500, 1602, 1600, 1508, 2011, 988, 988, 1500, 1001, 1001, 1001, 1001, 1500, 1500, 1500, 1500]
[1500, 1602, 1600, 1508, 2011, 988, 988, 1500, 1001, 1001, 1001, 1001, 1500, 1500, 1500, 1500]
[1500, 1602, 1600, 1508, 2011, 988, 988, 1500, 1001, 1001, 1001, 1001, 1500, 1500, 1500, 1500]
14:53:18.915308 ALT: 0.08
14:53:18.915399 ATT: [2.0, -1.3, 253]
14:53:18.915733 ACC: [11, 18, 516]
[1500, 1602, 1600, 1508, 2011, 988, 988, 1500, 1001, 1001, 1001, 1001, 1500, 1500, 1500, 1500]
14:53:18.932281 Navigation got ALT: 0.08
*** TARGETING mode ***
Anchor YAW: 253, current YAW: 253
[1500, 1605, 1600, 1508, 2011, 988, 988, 1500, 1001, 1001, 1001, 1001, 1500, 1500, 1500, 1500]
[1500, 1605, 1600, 1508, 2011, 988, 988, 1500, 1001, 1001, 1001, 1001, 1500, 1500, 1500, 1500]
[1500, 1605, 1600, 1508, 2011, 988, 988, 1500, 1001, 1001, 1001, 1001, 1500, 1500, 1500, 1500]
[1500, 1605, 1600, 1508, 2011, 988, 988, 1500, 1001, 1001, 1001, 1001, 1500, 1500, 1500, 1500]
[1500, 1605, 1600, 1508, 2011, 988, 988, 1500, 1001, 1001, 1001, 1001, 1500, 1500, 1500, 1500]
[1500, 1605, 1600, 1508, 2011, 988, 988, 1500, 1001, 1001, 1001, 1001, 1500, 1500, 1500, 1500]
14:53:18.962510 ALT: 0.08
14:53:18.962594 ATT: [2.0, -1.3, 253]
14:53:18.962910 ACC: [10, 20, 517]
14:53:18.970282 Navigation got ALT: 0.08
*** TARGETING mode ***
Anchor YAW: 253, current YAW: 253
[1500, 1608, 1600, 1508, 2011, 988, 988, 1499, 1001, 1001, 1001, 1001, 1500, 1500, 1500, 1500]
[1500, 1608, 1600, 1508, 2011, 988, 988, 1499, 1001, 1001, 1001, 1001, 1500, 1500, 1500, 1500]
[1500, 1608, 1600, 1508, 2011, 988, 988, 1499, 1001, 1001, 1001, 1001, 1500, 1500, 1500, 1500]
[1500, 1608, 1600, 1508, 2011, 988, 988, 1499, 1001, 1001, 1001, 1001, 1500, 1500, 1500, 1500]
[1500, 1608, 1600, 1508, 2011, 988, 988, 1499, 1001, 1001, 1001, 1001, 1500, 1500, 1500, 1500]
14:53:19.010831 ALT: 0.08
14:53:19.011084 ATT: [2.0, -1.3, 253]
14:53:19.011541 ACC: [10, 19, 517]
14:53:19.020214 Navigation got ALT: 0.08
*** TARGETING mode ***
Anchor YAW: 253, current YAW: 253
[1500, 1611, 1600, 1508, 2011, 988, 988, 1500, 1001, 1001, 1001, 1001, 1500, 1500, 1500, 1500]
[1500, 1611, 1600, 1508, 2011, 988, 988, 1500, 1001, 1001, 1001, 1001, 1500, 1500, 1500, 1500]
[1500, 1611, 1600, 1508, 2011, 988, 988, 1500, 1001, 1001, 1001, 1001, 1500, 1500, 1500, 1500]
[1500, 1611, 1600, 1508, 2011, 988, 988, 1500, 1001, 1001, 1001, 1001, 1500, 1500, 1500, 1500]
[1500, 1611, 1600, 1508, 2011, 988, 988, 1500, 1001, 1001, 1001, 1001, 1500, 1500, 1500, 1500]
[1500, 1611, 1600, 1508, 2011, 988, 988, 1500, 1001, 1001, 1001, 1001, 1500, 1500, 1500, 1500]
[1500, 1611, 1600, 1508, 2011, 988, 988, 1500, 1001, 1001, 1001, 1001, 1500, 1500, 1500, 1500]
[1500, 1611, 1600, 1508, 2011, 988, 988, 1500, 1001, 1001, 1001, 1001, 1500, 1500, 1500, 1500]
14:53:19.055994 Navigation got ALT: 0.08
*** TARGETING mode ***
* Target Target(8, 147) received.
Anchor YAW: 253, current YAW: 253
[1500, 1614, 1600, 1508, 2011, 988, 988, 1499, 1001, 1001, 1001, 1001, 1500, 1500, 1500, 1500]
14:53:19.059606 ALT: 0.08
14:53:19.059850 ATT: [2.0, -1.3, 253]
14:53:19.060441 ACC: [11, 16, 516]
[1500, 1614, 1600, 1508, 2011, 988, 988, 1499, 1001, 1001, 1001, 1001, 1500, 1500, 1500, 1500]
[1500, 1614, 1600, 1508, 2011, 988, 988, 1499, 1001, 1001, 1001, 1001, 1500, 1500, 1500, 1500]
[1500, 1614, 1600, 1508, 2011, 988, 988, 1499, 1001, 1001, 1001, 1001, 1500, 1500, 1500, 1500]
14:53:19.086830 Navigation got ALT: 0.08
*** TARGETING mode ***
Anchor YAW: 253, current YAW: 253
[1500, 1617, 1600, 1508, 2011, 988, 988, 1500, 1001, 1001, 1001, 1001, 1500, 1500, 1500, 1500]
[1500, 1617, 1600, 1508, 2011, 988, 988, 1500, 1001, 1001, 1001, 1001, 1500, 1500, 1500, 1500]
[1500, 1617, 1600, 1508, 2011, 988, 988, 1500, 1001, 1001, 1001, 1001, 1500, 1500, 1500, 1500]
[1500, 1617, 1600, 1508, 2011, 988, 988, 1500, 1001, 1001, 1001, 1001, 1500, 1500, 1500, 1500]
14:53:19.106609 ALT: 0.08
14:53:19.106709 ATT: [2.0, -1.3, 253]
14:53:19.107076 ACC: [10, 19, 517]
[1500, 1617, 1600, 1508, 2011, 988, 988, 1500, 1001, 1001, 1001, 1001, 1500, 1500, 1500, 1500]
[1500, 1617, 1600, 1508, 2011, 988, 988, 1500, 1001, 1001, 1001, 1001, 1500, 1500, 1500, 1500]
14:53:19.145420 Navigation got ALT: 0.08
*** TARGETING mode ***
Anchor YAW: 253, current YAW: 253
[1500, 1620, 1600, 1508, 2011, 988, 988, 1500, 1001, 1001, 1001, 1001, 1500, 1500, 1500, 1500]
[1500, 1620, 1600, 1508, 2011, 988, 988, 1500, 1001, 1001, 1001, 1001, 1500, 1500, 1500, 1500]
[1500, 1620, 1600, 1508, 2011, 988, 988, 1500, 1001, 1001, 1001, 1001, 1500, 1500, 1500, 1500]
[1500, 1620, 1600, 1508, 2011, 988, 988, 1500, 1001, 1001, 1001, 1001, 1500, 1500, 1500, 1500]
[1500, 1620, 1600, 1508, 2011, 988, 988, 1500, 1001, 1001, 1001, 1001, 1500, 1500, 1500, 1500]
[1500, 1620, 1600, 1508, 2011, 988, 988, 1500, 1001, 1001, 1001, 1001, 1500, 1500, 1500, 1500]
[1500, 1620, 1600, 1508, 2011, 988, 988, 1500, 1001, 1001, 1001, 1001, 1500, 1500, 1500, 1500]
[1500, 1620, 1600, 1508, 2011, 988, 988, 1500, 1001, 1001, 1001, 1001, 1500, 1500, 1500, 1500]
14:53:19.175679 Navigation got ALT: 0.08
*** TARGETING mode ***
* Target Target(8, 148) received.
Anchor YAW: 253, current YAW: 253
[1500, 1623, 1600, 1508, 2011, 988, 988, 1500, 1001, 1001, 1001, 1001, 1500, 1500, 1500, 1500]
14:53:19.177472 ALT: 0.08
14:53:19.177638 ATT: [2.0, -1.3, 253]
14:53:19.178073 ACC: [10, 17, 518]
[1500, 1623, 1600, 1508, 2011, 988, 988, 1500, 1001, 1001, 1001, 1001, 1500, 1500, 1500, 1500]
[1500, 1623, 1600, 1508, 2011, 988, 988, 1500, 1001, 1001, 1001, 1001, 1500, 1500, 1500, 1500]
[1500, 1623, 1600, 1508, 2011, 988, 988, 1500, 1001, 1001, 1001, 1001, 1500, 1500, 1500, 1500]
[1500, 1623, 1600, 1508, 2011, 988, 988, 1500, 1001, 1001, 1001, 1001, 1500, 1500, 1500, 1500]
14:53:19.208919 Navigation got ALT: 0.08
*** TARGETING mode ***
Anchor YAW: 253, current YAW: 253
[1500, 1626, 1600, 1508, 2011, 988, 988, 1500, 1001, 1001, 1001, 1001, 1500, 1500, 1500, 1500]
[1500, 1626, 1600, 1508, 2011, 988, 988, 1500, 1001, 1001, 1001, 1001, 1500, 1500, 1500, 1500]
[1500, 1626, 1600, 1508, 2011, 988, 988, 1500, 1001, 1001, 1001, 1001, 1500, 1500, 1500, 1500]
[1500, 1626, 1600, 1508, 2011, 988, 988, 1500, 1001, 1001, 1001, 1001, 1500, 1500, 1500, 1500]
[1500, 1626, 1600, 1508, 2011, 988, 988, 1500, 1001, 1001, 1001, 1001, 1500, 1500, 1500, 1500]
14:53:19.235519 ALT: 0.08
14:53:19.235647 ATT: [2.0, -1.3, 253]
14:53:19.236036 ACC: [10, 19, 516]
14:53:19.241554 Navigation got ALT: 0.08
*** TARGETING mode ***
Anchor YAW: 253, current YAW: 253
[1500, 1629, 1600, 1508, 2011, 988, 989, 1500, 1001, 1001, 1001, 1001, 1500, 1500, 1500, 1500]
[1500, 1629, 1600, 1508, 2011, 988, 989, 1500, 1001, 1001, 1001, 1001, 1500, 1500, 1500, 1500]
[1500, 1629, 1600, 1508, 2011, 988, 989, 1500, 1001, 1001, 1001, 1001, 1500, 1500, 1500, 1500]
[1500, 1629, 1600, 1508, 2011, 988, 989, 1500, 1001, 1001, 1001, 1001, 1500, 1500, 1500, 1500]
[1500, 1629, 1600, 1508, 2011, 988, 989, 1500, 1001, 1001, 1001, 1001, 1500, 1500, 1500, 1500]
14:53:19.274528 Navigation got ALT: 0.08
*** TARGETING mode ***
Anchor YAW: 253, current YAW: 253
[1500, 1632, 1600, 1508, 2011, 988, 988, 1500, 1001, 1001, 1001, 1001, 1500, 1500, 1500, 1500]
[1500, 1632, 1600, 1508, 2011, 988, 988, 1500, 1001, 1001, 1001, 1001, 1500, 1500, 1500, 1500]
14:53:19.282897 ALT: 0.08
14:53:19.283042 ATT: [2.0, -1.3, 253]
14:53:19.283411 ACC: [11, 18, 517]
[1500, 1632, 1600, 1508, 2011, 988, 988, 1500, 1001, 1001, 1001, 1001, 1500, 1500, 1500, 1500]
[1500, 1632, 1600, 1508, 2011, 988, 988, 1500, 1001, 1001, 1001, 1001, 1500, 1500, 1500, 1500]
[1500, 1632, 1600, 1508, 2011, 988, 988, 1500, 1001, 1001, 1001, 1001, 1500, 1500, 1500, 1500]
14:53:19.308298 Navigation got ALT: 0.08
*** TARGETING mode ***
* Target Target(8, 147) received.
Anchor YAW: 253, current YAW: 253
[1500, 1635, 1600, 1508, 2012, 986, 988, 1500, 1001, 1001, 1001, 1001, 1500, 1500, 1500, 1500]
[1500, 1635, 1600, 1508, 2012, 986, 988, 1500, 1001, 1001, 1001, 1001, 1500, 1500, 1500, 1500]
[1500, 1635, 1600, 1508, 2012, 986, 988, 1500, 1001, 1001, 1001, 1001, 1500, 1500, 1500, 1500]
[1500, 1635, 1600, 1508, 2012, 986, 988, 1500, 1001, 1001, 1001, 1001, 1500, 1500, 1500, 1500]
14:53:19.330727 ALT: 0.08
14:53:19.330835 ATT: [2.0, -1.3, 253]
14:53:19.331203 ACC: [10, 20, 517]
[1500, 1635, 1600, 1508, 2012, 986, 988, 1500, 1001, 1001, 1001, 1001, 1500, 1500, 1500, 1500]
14:53:19.341177 Navigation got ALT: 0.08
*** TARGETING mode ***
Anchor YAW: 253, current YAW: 253
[1500, 1638, 1600, 1508, 2011, 988, 988, 1500, 1001, 1001, 1001, 1001, 1500, 1500, 1500, 1500]
[1500, 1638, 1600, 1508, 2011, 988, 988, 1500, 1001, 1001, 1001, 1001, 1500, 1500, 1500, 1500]
[1500, 1638, 1600, 1508, 2011, 988, 988, 1500, 1001, 1001, 1001, 1001, 1500, 1500, 1500, 1500]
[1500, 1638, 1600, 1508, 2011, 988, 988, 1500, 1001, 1001, 1001, 1001, 1500, 1500, 1500, 1500]
[1500, 1638, 1600, 1508, 2011, 988, 988, 1500, 1001, 1001, 1001, 1001, 1500, 1500, 1500, 1500]
14:53:19.374711 Navigation got ALT: 0.08
*** TARGETING mode ***
Anchor YAW: 253, current YAW: 253
[1500, 1641, 1600, 1508, 2011, 988, 988, 1500, 1001, 1001, 1001, 1001, 1500, 1500, 1500, 1500]
14:53:19.378602 ALT: 0.08
14:53:19.378698 ATT: [2.0, -1.3, 253]
14:53:19.378967 ACC: [11, 18, 517]
[1500, 1641, 1600, 1508, 2011, 988, 988, 1500, 1001, 1001, 1001, 1001, 1500, 1500, 1500, 1500]
[1500, 1641, 1600, 1508, 2011, 988, 988, 1500, 1001, 1001, 1001, 1001, 1500, 1500, 1500, 1500]
[1500, 1641, 1600, 1508, 2011, 988, 988, 1500, 1001, 1001, 1001, 1001, 1500, 1500, 1500, 1500]
[1500, 1641, 1600, 1508, 2011, 988, 988, 1500, 1001, 1001, 1001, 1001, 1500, 1500, 1500, 1500]
14:53:19.408106 Navigation got ALT: 0.08
*** TARGETING mode ***
Anchor YAW: 253, current YAW: 253
[1500, 1644, 1600, 1508, 2011, 988, 988, 1499, 1001, 1001, 1001, 1001, 1500, 1500, 1500, 1500]
[1500, 1644, 1600, 1508, 2011, 988, 988, 1499, 1001, 1001, 1001, 1001, 1500, 1500, 1500, 1500]
[1500, 1644, 1600, 1508, 2011, 988, 988, 1499, 1001, 1001, 1001, 1001, 1500, 1500, 1500, 1500]
14:53:19.426687 ALT: 0.08
14:53:19.426794 ATT: [2.0, -1.3, 253]
14:53:19.427229 ACC: [10, 17, 517]
[1500, 1644, 1600, 1508, 2011, 988, 988, 1499, 1001, 1001, 1001, 1001, 1500, 1500, 1500, 1500]
[1500, 1644, 1600, 1508, 2011, 988, 988, 1499, 1001, 1001, 1001, 1001, 1500, 1500, 1500, 1500]
14:53:19.441894 Navigation got ALT: 0.08
*** TARGETING mode ***
* Target Target(8, 147) received.
Anchor YAW: 253, current YAW: 253
[1500, 1647, 1600, 1508, 2011, 988, 988, 1499, 1001, 1001, 1001, 1001, 1500, 1500, 1500, 1500]
[1500, 1647, 1600, 1508, 2011, 988, 988, 1499, 1001, 1001, 1001, 1001, 1500, 1500, 1500, 1500]
[1500, 1647, 1600, 1508, 2011, 988, 988, 1499, 1001, 1001, 1001, 1001, 1500, 1500, 1500, 1500]
[1500, 1647, 1600, 1508, 2011, 988, 988, 1499, 1001, 1001, 1001, 1001, 1500, 1500, 1500, 1500]
[1500, 1647, 1600, 1508, 2011, 988, 988, 1499, 1001, 1001, 1001, 1001, 1500, 1500, 1500, 1500]
14:53:19.475150 ALT: 0.08
14:53:19.475294 ATT: [2.0, -1.3, 253]
14:53:19.475687 ACC: [11, 19, 518]
14:53:19.476858 Navigation got ALT: 0.08
*** TARGETING mode ***
Anchor YAW: 253, current YAW: 253
[1500, 1650, 1600, 1508, 2011, 988, 988, 1500, 1001, 1001, 1001, 1001, 1500, 1500, 1500, 1500]
[1500, 1650, 1600, 1508, 2011, 988, 988, 1500, 1001, 1001, 1001, 1001, 1500, 1500, 1500, 1500]
[1500, 1650, 1600, 1508, 2011, 988, 988, 1500, 1001, 1001, 1001, 1001, 1500, 1500, 1500, 1500]
[1500, 1650, 1600, 1508, 2011, 988, 988, 1500, 1001, 1001, 1001, 1001, 1500, 1500, 1500, 1500]
[1500, 1650, 1600, 1508, 2011, 988, 988, 1500, 1001, 1001, 1001, 1001, 1500, 1500, 1500, 1500]
14:53:19.508534 Navigation got ALT: 0.08
*** TARGETING mode ***
Anchor YAW: 253, current YAW: 253
[1500, 1653, 1600, 1508, 2011, 988, 988, 1500, 1001, 1001, 1001, 1001, 1500, 1500, 1500, 1500]
[1500, 1653, 1600, 1508, 2011, 988, 988, 1500, 1001, 1001, 1001, 1001, 1500, 1500, 1500, 1500]
[1500, 1653, 1600, 1508, 2011, 988, 988, 1500, 1001, 1001, 1001, 1001, 1500, 1500, 1500, 1500]
14:53:19.522599 ALT: 0.08
14:53:19.522688 ATT: [2.0, -1.3, 253]
14:53:19.523018 ACC: [10, 18, 517]
[1500, 1653, 1600, 1508, 2011, 988, 988, 1500, 1001, 1001, 1001, 1001, 1500, 1500, 1500, 1500]
[1500, 1653, 1600, 1508, 2011, 988, 988, 1500, 1001, 1001, 1001, 1001, 1500, 1500, 1500, 1500]
14:53:19.541168 Navigation got ALT: 0.08
*** TARGETING mode ***
Anchor YAW: 253, current YAW: 253
[1500, 1656, 1600, 1508, 2011, 988, 988, 1500, 1001, 1001, 1001, 1001, 1500, 1500, 1500, 1500]
[1500, 1656, 1600, 1508, 2011, 988, 988, 1500, 1001, 1001, 1001, 1001, 1500, 1500, 1500, 1500]
[1500, 1656, 1600, 1508, 2011, 988, 988, 1500, 1001, 1001, 1001, 1001, 1500, 1500, 1500, 1500]
[1500, 1656, 1600, 1508, 2011, 988, 988, 1500, 1001, 1001, 1001, 1001, 1500, 1500, 1500, 1500]
[1500, 1656, 1600, 1508, 2011, 988, 988, 1500, 1001, 1001, 1001, 1001, 1500, 1500, 1500, 1500]
14:53:19.570748 ALT: 0.08
14:53:19.570870 ATT: [2.0, -1.3, 253]
14:53:19.571194 ACC: [10, 18, 517]
14:53:19.574584 Navigation got ALT: 0.08
*** TARGETING mode ***
Anchor YAW: 253, current YAW: 253
[1500, 1659, 1600, 1508, 2011, 988, 988, 1500, 1001, 1001, 1001, 1001, 1500, 1500, 1500, 1500]
[1500, 1659, 1600, 1508, 2011, 988, 988, 1500, 1001, 1001, 1001, 1001, 1500, 1500, 1500, 1500]
[1500, 1659, 1600, 1508, 2011, 988, 988, 1500, 1001, 1001, 1001, 1001, 1500, 1500, 1500, 1500]
[1500, 1659, 1600, 1508, 2011, 988, 988, 1500, 1001, 1001, 1001, 1001, 1500, 1500, 1500, 1500]
[1500, 1659, 1600, 1508, 2011, 988, 988, 1500, 1001, 1001, 1001, 1001, 1500, 1500, 1500, 1500]
14:53:19.608007 Navigation got ALT: 0.08
*** TARGETING mode ***
* Target Target(8, 147) received.
Anchor YAW: 253, current YAW: 253
[1500, 1662, 1600, 1508, 2011, 988, 988, 1500, 1001, 1001, 1001, 1001, 1500, 1500, 1500, 1500]
[1500, 1662, 1600, 1508, 2011, 988, 988, 1500, 1001, 1001, 1001, 1001, 1500, 1500, 1500, 1500]
14:53:19.618700 ALT: 0.08
14:53:19.618806 ATT: [2.0, -1.3, 253]
14:53:19.619141 ACC: [11, 18, 518]
[1500, 1662, 1600, 1508, 2011, 988, 988, 1500, 1001, 1001, 1001, 1001, 1500, 1500, 1500, 1500]
[1500, 1662, 1600, 1508, 2011, 988, 988, 1500, 1001, 1001, 1001, 1001, 1500, 1500, 1500, 1500]
[1500, 1662, 1600, 1508, 2011, 988, 988, 1500, 1001, 1001, 1001, 1001, 1500, 1500, 1500, 1500]
14:53:19.641313 Navigation got ALT: 0.08
*** TARGETING mode ***
Anchor YAW: 253, current YAW: 253
[1500, 1665, 1600, 1508, 2011, 988, 988, 1500, 1001, 1001, 1001, 1001, 1500, 1500, 1500, 1500]
[1500, 1665, 1600, 1508, 2011, 988, 988, 1500, 1001, 1001, 1001, 1001, 1500, 1500, 1500, 1500]
[1500, 1665, 1600, 1508, 2011, 988, 988, 1500, 1001, 1001, 1001, 1001, 1500, 1500, 1500, 1500]
[1500, 1665, 1600, 1508, 2011, 988, 988, 1500, 1001, 1001, 1001, 1001, 1500, 1500, 1500, 1500]
[1500, 1665, 1600, 1508, 2011, 988, 988, 1500, 1001, 1001, 1001, 1001, 1500, 1500, 1500, 1500]
14:53:19.670317 ALT: 0.08
14:53:19.670379 ATT: [2.0, -1.3, 253]
14:53:19.670684 ACC: [10, 19, 518]
14:53:19.674515 Navigation got ALT: 0.08
*** TARGETING mode ***
Anchor YAW: 253, current YAW: 253
[1500, 1668, 1600, 1508, 2011, 988, 988, 1500, 1001, 1001, 1001, 1001, 1500, 1500, 1500, 1500]
[1500, 1668, 1600, 1508, 2011, 988, 988, 1500, 1001, 1001, 1001, 1001, 1500, 1500, 1500, 1500]
[1500, 1668, 1600, 1508, 2011, 988, 988, 1500, 1001, 1001, 1001, 1001, 1500, 1500, 1500, 1500]
[1500, 1668, 1600, 1508, 2011, 988, 988, 1500, 1001, 1001, 1001, 1001, 1500, 1500, 1500, 1500]
14:53:19.706675 Navigation got ALT: 0.08
*** TARGETING mode ***
Anchor YAW: 253, current YAW: 253
[1500, 1671, 1600, 1508, 2012, 986, 988, 1500, 1001, 1001, 1001, 1001, 1500, 1500, 1500, 1500]
[1500, 1671, 1600, 1508, 2012, 986, 988, 1500, 1001, 1001, 1001, 1001, 1500, 1500, 1500, 1500]
14:53:19.715031 ALT: 0.08
14:53:19.715149 ATT: [2.0, -1.3, 253]
14:53:19.715468 ACC: [11, 17, 518]
[1500, 1671, 1600, 1508, 2012, 986, 988, 1500, 1001, 1001, 1001, 1001, 1500, 1500, 1500, 1500]
[1500, 1671, 1600, 1508, 2012, 986, 988, 1500, 1001, 1001, 1001, 1001, 1500, 1500, 1500, 1500]
[1500, 1671, 1600, 1508, 2012, 986, 988, 1500, 1001, 1001, 1001, 1001, 1500, 1500, 1500, 1500]
14:53:19.737570 Navigation got ALT: 0.08
*** TARGETING mode ***
* Target Target(8, 147) received.
Anchor YAW: 253, current YAW: 253
[1500, 1674, 1600, 1508, 2011, 988, 988, 1499, 1001, 1001, 1001, 1001, 1500, 1500, 1500, 1500]
[1500, 1674, 1600, 1508, 2011, 988, 988, 1499, 1001, 1001, 1001, 1001, 1500, 1500, 1500, 1500]
[1500, 1674, 1600, 1508, 2011, 988, 988, 1499, 1001, 1001, 1001, 1001, 1500, 1500, 1500, 1500]
[1500, 1674, 1600, 1508, 2011, 988, 988, 1499, 1001, 1001, 1001, 1001, 1500, 1500, 1500, 1500]
[1500, 1674, 1600, 1508, 2011, 988, 988, 1499, 1001, 1001, 1001, 1001, 1500, 1500, 1500, 1500]
14:53:19.762629 ALT: 0.08
14:53:19.762728 ATT: [2.0, -1.3, 253]
14:53:19.763016 ACC: [9, 21, 516]
14:53:19.770058 Navigation got ALT: 0.08
*** TARGETING mode ***
Anchor YAW: 253, current YAW: 253
[1500, 1677, 1600, 1508, 2011, 988, 988, 1500, 1001, 1001, 1001, 1001, 1500, 1500, 1500, 1500]
[1500, 1677, 1600, 1508, 2011, 988, 988, 1500, 1001, 1001, 1001, 1001, 1500, 1500, 1500, 1500]
[1500, 1677, 1600, 1508, 2011, 988, 988, 1500, 1001, 1001, 1001, 1001, 1500, 1500, 1500, 1500]
[1500, 1677, 1600, 1508, 2011, 988, 988, 1500, 1001, 1001, 1001, 1001, 1500, 1500, 1500, 1500]
[1500, 1677, 1600, 1508, 2011, 988, 988, 1500, 1001, 1001, 1001, 1001, 1500, 1500, 1500, 1500]
14:53:19.801250 Navigation got ALT: 0.08
*** TARGETING mode ***
Anchor YAW: 253, current YAW: 253
[1500, 1680, 1600, 1508, 2011, 988, 988, 1499, 1001, 1001, 1001, 1001, 1500, 1500, 1500, 1500]
[1500, 1680, 1600, 1508, 2011, 988, 988, 1499, 1001, 1001, 1001, 1001, 1500, 1500, 1500, 1500]
14:53:19.810651 ALT: 0.08
14:53:19.810747 ATT: [2.0, -1.3, 253]
14:53:19.811016 ACC: [11, 18, 517]
[1500, 1680, 1600, 1508, 2011, 988, 988, 1499, 1001, 1001, 1001, 1001, 1500, 1500, 1500, 1500]
[1500, 1680, 1600, 1508, 2011, 988, 988, 1499, 1001, 1001, 1001, 1001, 1500, 1500, 1500, 1500]
14:53:19.846275 Navigation got ALT: 0.08
*** TARGETING mode ***
Anchor YAW: 253, current YAW: 253
[1500, 1683, 1600, 1508, 2011, 988, 988, 1500, 1001, 1001, 1001, 1001, 1500, 1500, 1500, 1500]
[1500, 1683, 1600, 1508, 2011, 988, 988, 1500, 1001, 1001, 1001, 1001, 1500, 1500, 1500, 1500]
[1500, 1683, 1600, 1508, 2011, 988, 988, 1500, 1001, 1001, 1001, 1001, 1500, 1500, 1500, 1500]
[1500, 1683, 1600, 1508, 2011, 988, 988, 1500, 1001, 1001, 1001, 1001, 1500, 1500, 1500, 1500]
[1500, 1683, 1600, 1508, 2011, 988, 988, 1500, 1001, 1001, 1001, 1001, 1500, 1500, 1500, 1500]
14:53:19.858975 ALT: 0.08
14:53:19.859113 ATT: [2.0, -1.3, 253]
14:53:19.859529 ACC: [10, 21, 517]
[1500, 1683, 1600, 1508, 2011, 988, 988, 1500, 1001, 1001, 1001, 1001, 1500, 1500, 1500, 1500]
[1500, 1683, 1600, 1508, 2011, 988, 988, 1500, 1001, 1001, 1001, 1001, 1500, 1500, 1500, 1500]
[1500, 1683, 1600, 1508, 2011, 988, 988, 1500, 1001, 1001, 1001, 1001, 1500, 1500, 1500, 1500]
14:53:19.881389 Navigation got ALT: 0.08
*** TARGETING mode ***
* Target Target(8, 148) received.
Anchor YAW: 253, current YAW: 253
[1500, 1686, 1600, 1508, 2011, 988, 988, 1500, 1001, 1001, 1001, 1001, 1500, 1500, 1500, 1500]
[1500, 1686, 1600, 1508, 2011, 988, 988, 1500, 1001, 1001, 1001, 1001, 1500, 1500, 1500, 1500]
[1500, 1686, 1600, 1508, 2011, 988, 988, 1500, 1001, 1001, 1001, 1001, 1500, 1500, 1500, 1500]
[1500, 1686, 1600, 1508, 2011, 988, 988, 1500, 1001, 1001, 1001, 1001, 1500, 1500, 1500, 1500]
14:53:19.906730 ALT: 0.08
14:53:19.906857 ATT: [2.0, -1.3, 253]
14:53:19.907188 ACC: [11, 17, 517]
[1500, 1686, 1600, 1508, 2011, 988, 988, 1500, 1001, 1001, 1001, 1001, 1500, 1500, 1500, 1500]
14:53:19.914626 Navigation got ALT: 0.08
*** TARGETING mode ***
Anchor YAW: 253, current YAW: 253
[1500, 1689, 1600, 1508, 2011, 988, 988, 1500, 1001, 1001, 1001, 1001, 1500, 1500, 1500, 1500]
[1500, 1689, 1600, 1508, 2011, 988, 988, 1500, 1001, 1001, 1001, 1001, 1500, 1500, 1500, 1500]
[1500, 1689, 1600, 1508, 2011, 988, 988, 1500, 1001, 1001, 1001, 1001, 1500, 1500, 1500, 1500]
[1500, 1689, 1600, 1508, 2011, 988, 988, 1500, 1001, 1001, 1001, 1001, 1500, 1500, 1500, 1500]
[1500, 1689, 1600, 1508, 2011, 988, 988, 1500, 1001, 1001, 1001, 1001, 1500, 1500, 1500, 1500]
14:53:19.948053 Navigation got ALT: 0.08
*** TARGETING mode ***
Anchor YAW: 253, current YAW: 253
[1500, 1692, 1600, 1508, 2011, 988, 988, 1501, 1001, 1001, 1001, 1001, 1500, 1500, 1500, 1500]
[1500, 1692, 1600, 1508, 2011, 988, 988, 1501, 1001, 1001, 1001, 1001, 1500, 1500, 1500, 1500]
[1500, 1692, 1600, 1508, 2011, 988, 988, 1501, 1001, 1001, 1001, 1001, 1500, 1500, 1500, 1500]
[1500, 1692, 1600, 1508, 2011, 988, 988, 1501, 1001, 1001, 1001, 1001, 1500, 1500, 1500, 1500]
14:53:19.972588 ALT: 0.08
14:53:19.972807 ATT: [2.0, -1.3, 253]
14:53:19.973645 ACC: [10, 20, 517]
[1500, 1692, 1600, 1508, 2011, 988, 988, 1501, 1001, 1001, 1001, 1001, 1500, 1500, 1500, 1500]
14:53:19.981658 Navigation got ALT: 0.08
*** TARGETING mode ***
Anchor YAW: 253, current YAW: 253
[1500, 1695, 1600, 1508, 2011, 988, 988, 1500, 1001, 1001, 1001, 1001, 1500, 1500, 1500, 1500]
[1500, 1695, 1600, 1508, 2011, 988, 988, 1500, 1001, 1001, 1001, 1001, 1500, 1500, 1500, 1500]
[1500, 1695, 1600, 1508, 2011, 988, 988, 1500, 1001, 1001, 1001, 1001, 1500, 1500, 1500, 1500]
[1500, 1695, 1600, 1508, 2011, 988, 988, 1500, 1001, 1001, 1001, 1001, 1500, 1500, 1500, 1500]
[1500, 1695, 1600, 1508, 2011, 988, 988, 1500, 1001, 1001, 1001, 1001, 1500, 1500, 1500, 1500]
14:53:20.015120 Navigation got ALT: 0.08
*** TARGETING mode ***
* Target Target(8, 147) received.
Anchor YAW: 253, current YAW: 253
[1500, 1698, 1600, 1508, 2011, 988, 988, 1500, 1001, 1001, 1001, 1001, 1500, 1500, 1500, 1500]
14:53:20.019875 ALT: 0.08
14:53:20.020006 ATT: [2.0, -1.3, 253]
14:53:20.020372 ACC: [11, 18, 517]
[1500, 1698, 1600, 1508, 2011, 988, 988, 1500, 1001, 1001, 1001, 1001, 1500, 1500, 1500, 1500]
[1500, 1698, 1600, 1508, 2011, 988, 988, 1500, 1001, 1001, 1001, 1001, 1500, 1500, 1500, 1500]
[1500, 1698, 1600, 1508, 2011, 988, 988, 1500, 1001, 1001, 1001, 1001, 1500, 1500, 1500, 1500]
[1500, 1698, 1600, 1508, 2011, 988, 988, 1500, 1001, 1001, 1001, 1001, 1500, 1500, 1500, 1500]
14:53:20.048222 Navigation got ALT: 0.08
*** TARGETING mode ***
Anchor YAW: 253, current YAW: 253
[1500, 1701, 1600, 1508, 2011, 988, 988, 1500, 1001, 1001, 1001, 1001, 1500, 1500, 1500, 1500]
[1500, 1701, 1600, 1508, 2011, 988, 988, 1500, 1001, 1001, 1001, 1001, 1500, 1500, 1500, 1500]
[1500, 1701, 1600, 1508, 2011, 988, 988, 1500, 1001, 1001, 1001, 1001, 1500, 1500, 1500, 1500]
14:53:20.066945 ALT: 0.08
14:53:20.067185 ATT: [2.0, -1.3, 253]
14:53:20.067761 ACC: [10, 19, 517]
[1500, 1701, 1600, 1508, 2011, 988, 988, 1500, 1001, 1001, 1001, 1001, 1500, 1500, 1500, 1500]
[1500, 1701, 1600, 1508, 2011, 988, 988, 1500, 1001, 1001, 1001, 1001, 1500, 1500, 1500, 1500]
14:53:20.081076 Navigation got ALT: 0.08
*** TARGETING mode ***
Anchor YAW: 253, current YAW: 253
[1500, 1704, 1600, 1508, 2011, 988, 988, 1500, 1001, 1001, 1001, 1001, 1500, 1500, 1500, 1500]
[1500, 1704, 1600, 1508, 2011, 988, 988, 1500, 1001, 1001, 1001, 1001, 1500, 1500, 1500, 1500]
[1500, 1704, 1600, 1508, 2011, 988, 988, 1500, 1001, 1001, 1001, 1001, 1500, 1500, 1500, 1500]
[1500, 1704, 1600, 1508, 2011, 988, 988, 1500, 1001, 1001, 1001, 1001, 1500, 1500, 1500, 1500]
[1500, 1704, 1600, 1508, 2011, 988, 988, 1500, 1001, 1001, 1001, 1001, 1500, 1500, 1500, 1500]
14:53:20.115100 ALT: 0.08
14:53:20.115240 ATT: [2.0, -1.3, 253]
14:53:20.115715 ACC: [10, 18, 517]
14:53:20.117293 Navigation got ALT: 0.08
*** TARGETING mode ***
Anchor YAW: 253, current YAW: 253
[1500, 1707, 1600, 1508, 2011, 988, 988, 1500, 1001, 1001, 1001, 1001, 1500, 1500, 1500, 1500]
[1500, 1707, 1600, 1508, 2011, 988, 988, 1500, 1001, 1001, 1001, 1001, 1500, 1500, 1500, 1500]
[1500, 1707, 1600, 1508, 2011, 988, 988, 1500, 1001, 1001, 1001, 1001, 1500, 1500, 1500, 1500]
[1500, 1707, 1600, 1508, 2011, 988, 988, 1500, 1001, 1001, 1001, 1001, 1500, 1500, 1500, 1500]
[1500, 1707, 1600, 1508, 2011, 988, 988, 1500, 1001, 1001, 1001, 1001, 1500, 1500, 1500, 1500]
14:53:20.147894 Navigation got ALT: 0.08
*** TARGETING mode ***
Anchor YAW: 253, current YAW: 253
[1500, 1710, 1600, 1508, 2011, 988, 988, 1500, 1001, 1001, 1001, 1001, 1500, 1500, 1500, 1500]
[1500, 1710, 1600, 1508, 2011, 988, 988, 1500, 1001, 1001, 1001, 1001, 1500, 1500, 1500, 1500]
[1500, 1710, 1600, 1508, 2011, 988, 988, 1500, 1001, 1001, 1001, 1001, 1500, 1500, 1500, 1500]
14:53:20.162784 ALT: 0.08
14:53:20.162877 ATT: [2.0, -1.3, 253]
14:53:20.163113 ACC: [10, 19, 518]
[1500, 1710, 1600, 1508, 2011, 988, 988, 1500, 1001, 1001, 1001, 1001, 1500, 1500, 1500, 1500]
[1500, 1710, 1600, 1508, 2011, 988, 988, 1500, 1001, 1001, 1001, 1001, 1500, 1500, 1500, 1500]
14:53:20.182042 Navigation got ALT: 0.08
*** TARGETING mode ***
* Target Target(8, 147) received.
Anchor YAW: 253, current YAW: 253
[1500, 1713, 1600, 1508, 2011, 988, 988, 1500, 1001, 1001, 1001, 1001, 1500, 1500, 1500, 1500]
[1500, 1713, 1600, 1508, 2011, 988, 988, 1500, 1001, 1001, 1001, 1001, 1500, 1500, 1500, 1500]
[1500, 1713, 1600, 1508, 2011, 988, 988, 1500, 1001, 1001, 1001, 1001, 1500, 1500, 1500, 1500]
[1500, 1713, 1600, 1508, 2011, 988, 988, 1500, 1001, 1001, 1001, 1001, 1500, 1500, 1500, 1500]
[1500, 1713, 1600, 1508, 2011, 988, 988, 1500, 1001, 1001, 1001, 1001, 1500, 1500, 1500, 1500]
14:53:20.210794 ALT: 0.08
14:53:20.210949 ATT: [2.0, -1.3, 253]
14:53:20.211344 ACC: [11, 19, 518]
14:53:20.215407 Navigation got ALT: 0.08
*** TARGETING mode ***
Anchor YAW: 253, current YAW: 253
[1500, 1716, 1600, 1508, 2011, 988, 988, 1500, 1001, 1001, 1001, 1001, 1500, 1500, 1500, 1500]
[1500, 1716, 1600, 1508, 2011, 988, 988, 1500, 1001, 1001, 1001, 1001, 1500, 1500, 1500, 1500]
[1500, 1716, 1600, 1508, 2011, 988, 988, 1500, 1001, 1001, 1001, 1001, 1500, 1500, 1500, 1500]
[1500, 1716, 1600, 1508, 2011, 988, 988, 1500, 1001, 1001, 1001, 1001, 1500, 1500, 1500, 1500]
[1500, 1716, 1600, 1508, 2011, 988, 988, 1500, 1001, 1001, 1001, 1001, 1500, 1500, 1500, 1500]
14:53:20.247844 Navigation got ALT: 0.08
*** TARGETING mode ***
Anchor YAW: 253, current YAW: 253
[1500, 1719, 1600, 1508, 2011, 988, 988, 1500, 1001, 1001, 1001, 1001, 1500, 1500, 1500, 1500]
[1500, 1719, 1600, 1508, 2011, 988, 988, 1500, 1001, 1001, 1001, 1001, 1500, 1500, 1500, 1500]
14:53:20.259576 ALT: 0.08
14:53:20.259892 ATT: [2.0, -1.3, 253]
14:53:20.260659 ACC: [10, 19, 517]
[1500, 1719, 1600, 1508, 2011, 988, 988, 1500, 1001, 1001, 1001, 1001, 1500, 1500, 1500, 1500]
[1500, 1719, 1600, 1508, 2011, 988, 988, 1500, 1001, 1001, 1001, 1001, 1500, 1500, 1500, 1500]
14:53:20.277996 Navigation got ALT: 0.08
*** TARGETING mode ***
Anchor YAW: 253, current YAW: 253
[1500, 1722, 1600, 1508, 2011, 988, 988, 1500, 1001, 1001, 1001, 1001, 1500, 1500, 1500, 1500]
[1500, 1722, 1600, 1508, 2011, 988, 988, 1500, 1001, 1001, 1001, 1001, 1500, 1500, 1500, 1500]
[1500, 1722, 1600, 1508, 2011, 988, 988, 1500, 1001, 1001, 1001, 1001, 1500, 1500, 1500, 1500]
[1500, 1722, 1600, 1508, 2011, 988, 988, 1500, 1001, 1001, 1001, 1001, 1500, 1500, 1500, 1500]
[1500, 1722, 1600, 1508, 2011, 988, 988, 1500, 1001, 1001, 1001, 1001, 1500, 1500, 1500, 1500]
14:53:20.306976 ALT: 0.08
14:53:20.307149 ATT: [2.0, -1.3, 253]
14:53:20.307686 ACC: [11, 20, 516]
14:53:20.309632 Navigation got ALT: 0.08
*** TARGETING mode ***
Anchor YAW: 253, current YAW: 253
[1500, 1725, 1600, 1508, 2011, 988, 988, 1499, 1001, 1001, 1001, 1001, 1500, 1500, 1500, 1500]
[1500, 1725, 1600, 1508, 2011, 988, 988, 1499, 1001, 1001, 1001, 1001, 1500, 1500, 1500, 1500]
[1500, 1725, 1600, 1508, 2011, 988, 988, 1499, 1001, 1001, 1001, 1001, 1500, 1500, 1500, 1500]
[1500, 1725, 1600, 1508, 2011, 988, 988, 1499, 1001, 1001, 1001, 1001, 1500, 1500, 1500, 1500]
[1500, 1725, 1600, 1508, 2011, 988, 988, 1499, 1001, 1001, 1001, 1001, 1500, 1500, 1500, 1500]
14:53:20.347816 Navigation got ALT: 0.08
*** TARGETING mode ***
* Target Target(8, 147) received.
Anchor YAW: 253, current YAW: 253
[1500, 1728, 1600, 1508, 2011, 988, 988, 1500, 1001, 1001, 1001, 1001, 1500, 1500, 1500, 1500]
[1500, 1728, 1600, 1508, 2011, 988, 988, 1500, 1001, 1001, 1001, 1001, 1500, 1500, 1500, 1500]
14:53:20.354965 ALT: 0.08
14:53:20.355036 ATT: [2.0, -1.3, 253]
14:53:20.355293 ACC: [10, 16, 518]
[1500, 1728, 1600, 1508, 2011, 988, 988, 1500, 1001, 1001, 1001, 1001, 1500, 1500, 1500, 1500]
[1500, 1728, 1600, 1508, 2011, 988, 988, 1500, 1001, 1001, 1001, 1001, 1500, 1500, 1500, 1500]
[1500, 1728, 1600, 1508, 2011, 988, 988, 1500, 1001, 1001, 1001, 1001, 1500, 1500, 1500, 1500]
14:53:20.381270 Navigation got ALT: 0.08
*** TARGETING mode ***
Anchor YAW: 253, current YAW: 253
[1500, 1731, 1600, 1508, 2011, 988, 988, 1500, 1001, 1001, 1001, 1001, 1500, 1500, 1500, 1500]
[1500, 1731, 1600, 1508, 2011, 988, 988, 1500, 1001, 1001, 1001, 1001, 1500, 1500, 1500, 1500]
[1500, 1731, 1600, 1508, 2011, 988, 988, 1500, 1001, 1001, 1001, 1001, 1500, 1500, 1500, 1500]
[1500, 1731, 1600, 1508, 2011, 988, 988, 1500, 1001, 1001, 1001, 1001, 1500, 1500, 1500, 1500]
14:53:20.402815 ALT: 0.08
14:53:20.402907 ATT: [2.0, -1.3, 253]
14:53:20.403182 ACC: [11, 20, 518]
[1500, 1731, 1600, 1508, 2011, 988, 988, 1500, 1001, 1001, 1001, 1001, 1500, 1500, 1500, 1500]
14:53:20.414782 Navigation got ALT: 0.08
*** TARGETING mode ***
Anchor YAW: 253, current YAW: 253
[1500, 1734, 1600, 1508, 2011, 988, 988, 1500, 1001, 1001, 1001, 1001, 1500, 1500, 1500, 1500]
[1500, 1734, 1600, 1508, 2011, 988, 988, 1500, 1001, 1001, 1001, 1001, 1500, 1500, 1500, 1500]
[1500, 1734, 1600, 1508, 2011, 988, 988, 1500, 1001, 1001, 1001, 1001, 1500, 1500, 1500, 1500]
[1500, 1734, 1600, 1508, 2011, 988, 988, 1500, 1001, 1001, 1001, 1001, 1500, 1500, 1500, 1500]
[1500, 1734, 1600, 1508, 2011, 988, 988, 1500, 1001, 1001, 1001, 1001, 1500, 1500, 1500, 1500]
14:53:20.447955 Navigation got ALT: 0.08
*** TARGETING mode ***
Anchor YAW: 253, current YAW: 253
[1500, 1737, 1600, 1508, 2011, 988, 988, 1499, 1001, 1001, 1001, 1001, 1500, 1500, 1500, 1500]
14:53:20.450834 ALT: 0.08
14:53:20.450952 ATT: [2.0, -1.3, 253]
14:53:20.451350 ACC: [11, 18, 517]
[1500, 1737, 1600, 1508, 2011, 988, 988, 1499, 1001, 1001, 1001, 1001, 1500, 1500, 1500, 1500]
[1500, 1737, 1600, 1508, 2011, 988, 988, 1499, 1001, 1001, 1001, 1001, 1500, 1500, 1500, 1500]
[1500, 1737, 1600, 1508, 2011, 988, 988, 1499, 1001, 1001, 1001, 1001, 1500, 1500, 1500, 1500]
[1500, 1737, 1600, 1508, 2011, 988, 988, 1499, 1001, 1001, 1001, 1001, 1500, 1500, 1500, 1500]
14:53:20.482868 Navigation got ALT: 0.08
*** TARGETING mode ***
* Target Target(8, 147) received.
Anchor YAW: 253, current YAW: 253
[1500, 1740, 1600, 1508, 2011, 988, 988, 1500, 1001, 1001, 1001, 1001, 1500, 1500, 1500, 1500]
[1500, 1740, 1600, 1508, 2011, 988, 988, 1500, 1001, 1001, 1001, 1001, 1500, 1500, 1500, 1500]
[1500, 1740, 1600, 1508, 2011, 988, 988, 1500, 1001, 1001, 1001, 1001, 1500, 1500, 1500, 1500]
14:53:20.500437 ALT: 0.08
14:53:20.500527 ATT: [2.0, -1.3, 253]
14:53:20.500964 ACC: [10, 21, 518]
[1500, 1740, 1600, 1508, 2011, 988, 988, 1500, 1001, 1001, 1001, 1001, 1500, 1500, 1500, 1500]
[1500, 1740, 1600, 1508, 2011, 988, 988, 1500, 1001, 1001, 1001, 1001, 1500, 1500, 1500, 1500]
14:53:20.514985 Navigation got ALT: 0.08
*** TARGETING mode ***
Anchor YAW: 253, current YAW: 253
[1500, 1740, 1600, 1500, 2011, 988, 988, 1500, 1001, 1001, 1001, 1001, 1500, 1500, 1500, 1500]
[1500, 1740, 1600, 1500, 2011, 988, 988, 1500, 1001, 1001, 1001, 1001, 1500, 1500, 1500, 1500]
[1500, 1740, 1600, 1500, 2011, 988, 988, 1500, 1001, 1001, 1001, 1001, 1500, 1500, 1500, 1500]
[1500, 1740, 1600, 1500, 2011, 988, 988, 1500, 1001, 1001, 1001, 1001, 1500, 1500, 1500, 1500]
[1500, 1740, 1600, 1500, 2011, 988, 988, 1500, 1001, 1001, 1001, 1001, 1500, 1500, 1500, 1500]
14:53:20.547015 ALT: 0.08
14:53:20.547110 ATT: [2.0, -1.3, 253]
14:53:20.547443 ACC: [11, 18, 517]
14:53:20.548583 Navigation got ALT: 0.08
*** TARGET CANCELLING mode ***
**Clear bounding box.
[1500, 1500, 1600, 1500, 2011, 988, 988, 1550, 1001, 1001, 1001, 1001, 1500, 1500, 1500, 1500]
[1500, 1500, 1600, 1500, 2011, 988, 988, 1550, 1001, 1001, 1001, 1001, 1500, 1500, 1500, 1500]
[1500, 1500, 1600, 1500, 2011, 988, 988, 1550, 1001, 1001, 1001, 1001, 1500, 1500, 1500, 1500]
[1500, 1500, 1600, 1500, 2011, 988, 988, 1550, 1001, 1001, 1001, 1001, 1500, 1500, 1500, 1500]
[1500, 1500, 1600, 1500, 2011, 988, 988, 1550, 1001, 1001, 1001, 1001, 1500, 1500, 1500, 1500]
14:53:20.581640 Navigation got ALT: 0.08
*** TARGET CANCELLING mode ***
[1499, 1500, 1600, 1499, 2011, 988, 988, 1550, 1001, 1001, 1001, 1001, 1500, 1500, 1500, 1500]
[1499, 1500, 1600, 1499, 2011, 988, 988, 1550, 1001, 1001, 1001, 1001, 1500, 1500, 1500, 1500]
[1499, 1500, 1600, 1499, 2011, 988, 988, 1550, 1001, 1001, 1001, 1001, 1500, 1500, 1500, 1500]
14:53:20.594851 ALT: 0.08
14:53:20.594913 ATT: [2.0, -1.3, 253]
14:53:20.595148 ACC: [10, 19, 517]
[1499, 1500, 1600, 1499, 2011, 988, 988, 1550, 1001, 1001, 1001, 1001, 1500, 1500, 1500, 1500]
[1499, 1500, 1600, 1499, 2011, 988, 988, 1550, 1001, 1001, 1001, 1001, 1500, 1500, 1500, 1500]
14:53:20.614609 Navigation got ALT: 0.08
*** TARGET CANCELLING mode ***
[1500, 1500, 1600, 1500, 2011, 988, 988, 1550, 1001, 1001, 1001, 1001, 1500, 1500, 1500, 1500]
**Resetting tracker.
[1500, 1500, 1600, 1500, 2011, 988, 988, 1550, 1001, 1001, 1001, 1001, 1500, 1500, 1500, 1500]
[1500, 1500, 1600, 1500, 2011, 988, 988, 1550, 1001, 1001, 1001, 1001, 1500, 1500, 1500, 1500]
[1500, 1500, 1600, 1500, 2011, 988, 988, 1550, 1001, 1001, 1001, 1001, 1500, 1500, 1500, 1500]
[1500, 1500, 1600, 1500, 2011, 988, 988, 1550, 1001, 1001, 1001, 1001, 1500, 1500, 1500, 1500]
14:53:20.642785 ALT: 0.08
14:53:20.642858 ATT: [2.0, -1.3, 253]
14:53:20.643117 ACC: [11, 19, 517]
14:53:20.648642 Navigation got ALT: 0.08
*** TARGET CANCELLING mode ***
[1500, 1500, 1600, 1499, 2011, 988, 988, 1548, 1001, 1001, 1001, 1001, 1500, 1500, 1500, 1500]
[1500, 1500, 1600, 1499, 2011, 988, 988, 1548, 1001, 1001, 1001, 1001, 1500, 1500, 1500, 1500]
[1500, 1500, 1600, 1499, 2011, 988, 988, 1548, 1001, 1001, 1001, 1001, 1500, 1500, 1500, 1500]
[1500, 1500, 1600, 1499, 2011, 988, 988, 1548, 1001, 1001, 1001, 1001, 1500, 1500, 1500, 1500]
[1500, 1500, 1600, 1499, 2011, 988, 988, 1548, 1001, 1001, 1001, 1001, 1500, 1500, 1500, 1500]
14:53:20.681281 Navigation got ALT: 0.08
*** TARGET CANCELLING mode ***
[1500, 1499, 1600, 1499, 2011, 988, 988, 1548, 1001, 1001, 1001, 1001, 1500, 1500, 1500, 1500]
[1500, 1499, 1600, 1499, 2011, 988, 988, 1548, 1001, 1001, 1001, 1001, 1500, 1500, 1500, 1500]
14:53:20.691388 ALT: 0.08
14:53:20.691485 ATT: [2.0, -1.3, 253]
14:53:20.691755 ACC: [11, 19, 516]
[1500, 1499, 1600, 1499, 2011, 988, 988, 1548, 1001, 1001, 1001, 1001, 1500, 1500, 1500, 1500]
[1500, 1499, 1600, 1499, 2011, 988, 988, 1548, 1001, 1001, 1001, 1001, 1500, 1500, 1500, 1500]
[1500, 1499, 1600, 1499, 2011, 988, 988, 1548, 1001, 1001, 1001, 1001, 1500, 1500, 1500, 1500]
14:53:20.715762 Navigation got ALT: 0.08
*** TARGET CANCELLING mode ***
[1499, 1500, 1600, 1500, 2011, 988, 988, 1550, 1001, 1001, 1001, 1001, 1500, 1500, 1500, 1500]
[1499, 1500, 1600, 1500, 2011, 988, 988, 1550, 1001, 1001, 1001, 1001, 1500, 1500, 1500, 1500]
[1499, 1500, 1600, 1500, 2011, 988, 988, 1550, 1001, 1001, 1001, 1001, 1500, 1500, 1500, 1500]
[1499, 1500, 1600, 1500, 2011, 988, 988, 1550, 1001, 1001, 1001, 1001, 1500, 1500, 1500, 1500]
14:53:20.742239 ALT: 0.08
14:53:20.742385 ATT: [2.0, -1.3, 253]
14:53:20.742710 ACC: [10, 19, 515]
[1499, 1500, 1600, 1500, 2011, 988, 988, 1550, 1001, 1001, 1001, 1001, 1500, 1500, 1500, 1500]
14:53:20.747933 Navigation got ALT: 0.08
[1500, 1500, 1600, 1500, 2011, 890, 988, 1600, 1001, 1001, 1001, 1001, 1500, 1500, 1500, 1500]
[1500, 1500, 1600, 1500, 2011, 890, 988, 1600, 1001, 1001, 1001, 1001, 1500, 1500, 1500, 1500]
[1500, 1500, 1600, 1500, 2011, 890, 988, 1600, 1001, 1001, 1001, 1001, 1500, 1500, 1500, 1500]
[1500, 1500, 1600, 1500, 2011, 890, 988, 1600, 1001, 1001, 1001, 1001, 1500, 1500, 1500, 1500]
[1500, 1500, 1600, 1500, 2011, 890, 988, 1600, 1001, 1001, 1001, 1001, 1500, 1500, 1500, 1500]
14:53:20.781616 Navigation got ALT: 0.08
[1500, 1501, 1600, 1500, 2011, 890, 988, 1600, 1001, 1001, 1001, 1001, 1500, 1500, 1500, 1500]
14:53:20.787088 ALT: 0.08
14:53:20.787443 ATT: [2.0, -1.3, 253]
14:53:20.787894 ACC: [10, 19, 517]
[1500, 1501, 1600, 1500, 2011, 890, 988, 1600, 1001, 1001, 1001, 1001, 1500, 1500, 1500, 1500]
[1500, 1501, 1600, 1500, 2011, 890, 988, 1600, 1001, 1001, 1001, 1001, 1500, 1500, 1500, 1500]
[1500, 1501, 1600, 1500, 2011, 890, 988, 1600, 1001, 1001, 1001, 1001, 1500, 1500, 1500, 1500]
[1500, 1501, 1600, 1500, 2011, 890, 988, 1600, 1001, 1001, 1001, 1001, 1500, 1500, 1500, 1500]
14:53:20.814530 Navigation got ALT: 0.08
[1500, 1500, 1600, 1500, 2011, 890, 988, 1600, 1001, 1001, 1001, 1001, 1500, 1500, 1500, 1500]
[1500, 1500, 1600, 1500, 2011, 890, 988, 1600, 1001, 1001, 1001, 1001, 1500, 1500, 1500, 1500]
[1500, 1500, 1600, 1500, 2011, 890, 988, 1600, 1001, 1001, 1001, 1001, 1500, 1500, 1500, 1500]
[1500, 1500, 1600, 1500, 2011, 890, 988, 1600, 1001, 1001, 1001, 1001, 1500, 1500, 1500, 1500]
14:53:20.834946 ALT: 0.08
14:53:20.835035 ATT: [2.0, -1.3, 253]
14:53:20.835359 ACC: [11, 18, 518]
[1500, 1500, 1600, 1500, 2011, 890, 988, 1600, 1001, 1001, 1001, 1001, 1500, 1500, 1500, 1500]
14:53:20.847993 Navigation got ALT: 0.08
[1500, 1500, 1600, 1500, 2011, 890, 988, 1600, 1001, 1001, 1001, 1001, 1500, 1500, 1500, 1500]
[1500, 1500, 1600, 1500, 2011, 890, 988, 1600, 1001, 1001, 1001, 1001, 1500, 1500, 1500, 1500]
[1500, 1500, 1600, 1500, 2011, 890, 988, 1600, 1001, 1001, 1001, 1001, 1500, 1500, 1500, 1500]
[1500, 1500, 1600, 1500, 2011, 890, 988, 1600, 1001, 1001, 1001, 1001, 1500, 1500, 1500, 1500]
[1500, 1500, 1600, 1500, 2011, 890, 988, 1600, 1001, 1001, 1001, 1001, 1500, 1500, 1500, 1500]
14:53:20.883251 Navigation got ALT: 0.08
[1499, 1500, 1600, 1500, 2011, 890, 988, 1598, 1001, 1001, 1001, 1001, 1500, 1500, 1500, 1500]
[1499, 1500, 1600, 1500, 2011, 890, 988, 1598, 1001, 1001, 1001, 1001, 1500, 1500, 1500, 1500]
[1499, 1500, 1600, 1500, 2011, 890, 988, 1598, 1001, 1001, 1001, 1001, 1500, 1500, 1500, 1500]
14:53:20.900248 ALT: 0.08
14:53:20.900355 ATT: [2.0, -1.3, 253]
14:53:20.900678 ACC: [11, 19, 517]
[1499, 1500, 1600, 1500, 2011, 890, 988, 1598, 1001, 1001, 1001, 1001, 1500, 1500, 1500, 1500]
[1499, 1500, 1600, 1500, 2011, 890, 988, 1598, 1001, 1001, 1001, 1001, 1500, 1500, 1500, 1500]
14:53:20.914998 Navigation got ALT: 0.08
[1497, 1500, 1600, 1500, 2011, 890, 988, 1600, 1001, 1001, 1001, 1001, 1500, 1500, 1500, 1500]
[1497, 1500, 1600, 1500, 2011, 890, 988, 1600, 1001, 1001, 1001, 1001, 1500, 1500, 1500, 1500]
[1497, 1500, 1600, 1500, 2011, 890, 988, 1600, 1001, 1001, 1001, 1001, 1500, 1500, 1500, 1500]
[1497, 1500, 1600, 1500, 2011, 890, 988, 1600, 1001, 1001, 1001, 1001, 1500, 1500, 1500, 1500]
[1497, 1500, 1600, 1500, 2011, 890, 988, 1600, 1001, 1001, 1001, 1001, 1500, 1500, 1500, 1500]
14:53:20.946891 ALT: 0.08
14:53:20.947060 ATT: [2.0, -1.3, 253]
14:53:20.947365 ACC: [10, 19, 516]
14:53:20.948487 Navigation got ALT: 0.08
[1500, 1500, 1600, 1500, 2012, 889, 988, 1600, 1001, 1001, 1001, 1001, 1500, 1500, 1500, 1500]
[1500, 1500, 1600, 1500, 2012, 889, 988, 1600, 1001, 1001, 1001, 1001, 1500, 1500, 1500, 1500]
[1500, 1500, 1600, 1500, 2012, 889, 988, 1600, 1001, 1001, 1001, 1001, 1500, 1500, 1500, 1500]
[1500, 1500, 1600, 1500, 2012, 889, 988, 1600, 1001, 1001, 1001, 1001, 1500, 1500, 1500, 1500]
[1500, 1500, 1600, 1500, 2012, 889, 988, 1600, 1001, 1001, 1001, 1001, 1500, 1500, 1500, 1500]
14:53:20.981316 Navigation got ALT: 0.08
[1500, 1500, 1600, 1500, 2011, 890, 988, 1600, 1001, 1001, 1001, 1001, 1500, 1500, 1500, 1500]
[1500, 1500, 1600, 1500, 2011, 890, 988, 1600, 1001, 1001, 1001, 1001, 1500, 1500, 1500, 1500]
[1500, 1500, 1600, 1500, 2011, 890, 988, 1600, 1001, 1001, 1001, 1001, 1500, 1500, 1500, 1500]
14:53:20.994801 ALT: 0.08
14:53:20.994863 ATT: [2.0, -1.3, 253]
14:53:20.995119 ACC: [11, 19, 517]
[1500, 1500, 1600, 1500, 2011, 890, 988, 1600, 1001, 1001, 1001, 1001, 1500, 1500, 1500, 1500]
[1500, 1500, 1600, 1500, 2011, 890, 988, 1600, 1001, 1001, 1001, 1001, 1500, 1500, 1500, 1500]
14:53:21.014512 Navigation got ALT: 0.08
[1499, 1500, 1600, 1500, 2011, 890, 988, 1600, 1001, 1001, 1001, 1001, 1500, 1500, 1500, 1500]
[1499, 1500, 1600, 1500, 2011, 890, 988, 1600, 1001, 1001, 1001, 1001, 1500, 1500, 1500, 1500]
[1499, 1500, 1600, 1500, 2011, 890, 988, 1600, 1001, 1001, 1001, 1001, 1500, 1500, 1500, 1500]
[1499, 1500, 1600, 1500, 2011, 890, 988, 1600, 1001, 1001, 1001, 1001, 1500, 1500, 1500, 1500]
[1499, 1500, 1600, 1500, 2011, 890, 988, 1600, 1001, 1001, 1001, 1001, 1500, 1500, 1500, 1500]
14:53:21.042843 ALT: 0.08
14:53:21.042935 ATT: [2.0, -1.3, 253]
14:53:21.043206 ACC: [10, 19, 517]
14:53:21.048266 Navigation got ALT: 0.08
[1500, 1500, 1600, 1500, 2011, 890, 988, 1600, 1001, 1001, 1001, 1001, 1500, 1500, 1500, 1500]
[1500, 1500, 1600, 1500, 2011, 890, 988, 1600, 1001, 1001, 1001, 1001, 1500, 1500, 1500, 1500]
[1500, 1500, 1600, 1500, 2011, 890, 988, 1600, 1001, 1001, 1001, 1001, 1500, 1500, 1500, 1500]
[1500, 1500, 1600, 1500, 2011, 890, 988, 1600, 1001, 1001, 1001, 1001, 1500, 1500, 1500, 1500]
[1500, 1500, 1600, 1500, 2011, 890, 988, 1600, 1001, 1001, 1001, 1001, 1500, 1500, 1500, 1500]
14:53:21.081453 Navigation got ALT: 0.08
[1500, 1499, 1600, 1500, 2011, 890, 988, 1600, 1001, 1001, 1001, 1001, 1500, 1500, 1500, 1500]
[1500, 1499, 1600, 1500, 2011, 890, 988, 1600, 1001, 1001, 1001, 1001, 1500, 1500, 1500, 1500]
14:53:21.091340 ALT: 0.08
14:53:21.091450 ATT: [2.0, -1.2, 253]
14:53:21.091780 ACC: [10, 19, 518]
[1500, 1499, 1600, 1500, 2011, 890, 988, 1600, 1001, 1001, 1001, 1001, 1500, 1500, 1500, 1500]
[1500, 1499, 1600, 1500, 2011, 890, 988, 1600, 1001, 1001, 1001, 1001, 1500, 1500, 1500, 1500]
[1500, 1499, 1600, 1500, 2011, 890, 988, 1600, 1001, 1001, 1001, 1001, 1500, 1500, 1500, 1500]
14:53:21.115062 Navigation got ALT: 0.08
[1500, 1500, 1600, 1499, 2011, 890, 988, 1600, 1001, 1001, 1001, 1001, 1500, 1500, 1500, 1500]
[1500, 1500, 1600, 1499, 2011, 890, 988, 1600, 1001, 1001, 1001, 1001, 1500, 1500, 1500, 1500]
[1500, 1500, 1600, 1499, 2011, 890, 988, 1600, 1001, 1001, 1001, 1001, 1500, 1500, 1500, 1500]
[1500, 1500, 1600, 1499, 2011, 890, 988, 1600, 1001, 1001, 1001, 1001, 1500, 1500, 1500, 1500]
14:53:21.139094 ALT: 0.08
14:53:21.139188 ATT: [2.0, -1.2, 253]
14:53:21.139459 ACC: [10, 17, 518]
[1500, 1500, 1600, 1499, 2011, 890, 988, 1600, 1001, 1001, 1001, 1001, 1500, 1500, 1500, 1500]
14:53:21.147996 Navigation got ALT: 0.08
[1500, 1500, 1600, 1500, 2011, 890, 988, 1600, 1001, 1001, 1001, 1001, 1500, 1500, 1500, 1500]
[1500, 1500, 1600, 1500, 2011, 890, 988, 1600, 1001, 1001, 1001, 1001, 1500, 1500, 1500, 1500]
[1500, 1500, 1600, 1500, 2011, 890, 988, 1600, 1001, 1001, 1001, 1001, 1500, 1500, 1500, 1500]
[1500, 1500, 1600, 1500, 2011, 890, 988, 1600, 1001, 1001, 1001, 1001, 1500, 1500, 1500, 1500]
[1500, 1500, 1600, 1500, 2011, 890, 988, 1600, 1001, 1001, 1001, 1001, 1500, 1500, 1500, 1500]
14:53:21.181425 Navigation got ALT: 0.08
[1499, 1500, 1600, 1500, 2011, 890, 988, 1600, 1001, 1001, 1001, 1001, 1500, 1500, 1500, 1500]
14:53:21.189845 ALT: 0.08
14:53:21.189993 ATT: [2.0, -1.2, 253]
[1499, 1500, 1600, 1500, 2011, 890, 988, 1600, 1001, 1001, 1001, 1001, 1500, 1500, 1500, 1500]
14:53:21.190396 ACC: [10, 19, 517]
[1499, 1500, 1600, 1500, 2011, 890, 988, 1600, 1001, 1001, 1001, 1001, 1500, 1500, 1500, 1500]
[1499, 1500, 1600, 1500, 2011, 890, 988, 1600, 1001, 1001, 1001, 1001, 1500, 1500, 1500, 1500]
[1499, 1500, 1600, 1500, 2011, 890, 988, 1600, 1001, 1001, 1001, 1001, 1500, 1500, 1500, 1500]
14:53:21.214597 Navigation got ALT: 0.08
[1499, 1500, 1600, 1500, 2011, 890, 988, 1600, 1001, 1001, 1001, 1001, 1500, 1500, 1500, 1500]
[1499, 1500, 1600, 1500, 2011, 890, 988, 1600, 1001, 1001, 1001, 1001, 1500, 1500, 1500, 1500]
[1499, 1500, 1600, 1500, 2011, 890, 988, 1600, 1001, 1001, 1001, 1001, 1500, 1500, 1500, 1500]
[1499, 1500, 1600, 1500, 2011, 890, 988, 1600, 1001, 1001, 1001, 1001, 1500, 1500, 1500, 1500]
14:53:21.238007 ALT: 0.08
14:53:21.238104 ATT: [2.0, -1.2, 253]
14:53:21.238530 ACC: [11, 18, 517]
[1499, 1500, 1600, 1500, 2011, 890, 988, 1600, 1001, 1001, 1001, 1001, 1500, 1500, 1500, 1500]
14:53:21.248156 Navigation got ALT: 0.08
[1500, 1500, 1600, 1500, 2011, 890, 988, 1598, 1001, 1001, 1001, 1001, 1500, 1500, 1500, 1500]
[1500, 1500, 1600, 1500, 2011, 890, 988, 1598, 1001, 1001, 1001, 1001, 1500, 1500, 1500, 1500]
[1500, 1500, 1600, 1500, 2011, 890, 988, 1598, 1001, 1001, 1001, 1001, 1500, 1500, 1500, 1500]
[1500, 1500, 1600, 1500, 2011, 890, 988, 1598, 1001, 1001, 1001, 1001, 1500, 1500, 1500, 1500]
[1500, 1500, 1600, 1500, 2011, 890, 988, 1598, 1001, 1001, 1001, 1001, 1500, 1500, 1500, 1500]
14:53:21.281515 Navigation got ALT: 0.08
[1500, 1500, 1600, 1500, 2011, 890, 988, 1600, 1001, 1001, 1001, 1001, 1500, 1500, 1500, 1500]
14:53:21.283332 ALT: 0.08
14:53:21.283523 ATT: [2.0, -1.2, 253]
14:53:21.284168 ACC: [10, 19, 517]
[1500, 1500, 1600, 1500, 2011, 890, 988, 1600, 1001, 1001, 1001, 1001, 1500, 1500, 1500, 1500]
[1500, 1500, 1600, 1500, 2011, 890, 988, 1600, 1001, 1001, 1001, 1001, 1500, 1500, 1500, 1500]
[1500, 1500, 1600, 1500, 2011, 890, 988, 1600, 1001, 1001, 1001, 1001, 1500, 1500, 1500, 1500]
[1500, 1500, 1600, 1500, 2011, 890, 988, 1600, 1001, 1001, 1001, 1001, 1500, 1500, 1500, 1500]
14:53:21.315751 Navigation got ALT: 0.08
[1499, 1500, 1600, 1500, 2011, 890, 988, 1600, 1001, 1001, 1001, 1001, 1500, 1500, 1500, 1500]
[1499, 1500, 1600, 1500, 2011, 890, 988, 1600, 1001, 1001, 1001, 1001, 1500, 1500, 1500, 1500]
[1499, 1500, 1600, 1500, 2011, 890, 988, 1600, 1001, 1001, 1001, 1001, 1500, 1500, 1500, 1500]
14:53:21.331110 ALT: 0.08
14:53:21.331210 ATT: [2.0, -1.2, 253]
14:53:21.331530 ACC: [10, 19, 517]
[1499, 1500, 1600, 1500, 2011, 890, 988, 1600, 1001, 1001, 1001, 1001, 1500, 1500, 1500, 1500]
[1499, 1500, 1600, 1500, 2011, 890, 988, 1600, 1001, 1001, 1001, 1001, 1500, 1500, 1500, 1500]
14:53:21.347868 Navigation got ALT: 0.08
[1500, 1500, 1600, 1500, 2011, 890, 988, 1600, 1001, 1001, 1001, 1001, 1500, 1500, 1500, 1500]
[1500, 1500, 1600, 1500, 2011, 890, 988, 1600, 1001, 1001, 1001, 1001, 1500, 1500, 1500, 1500]
[1500, 1500, 1600, 1500, 2011, 890, 988, 1600, 1001, 1001, 1001, 1001, 1500, 1500, 1500, 1500]
[1500, 1500, 1600, 1500, 2011, 890, 988, 1600, 1001, 1001, 1001, 1001, 1500, 1500, 1500, 1500]
[1500, 1500, 1600, 1500, 2011, 890, 988, 1600, 1001, 1001, 1001, 1001, 1500, 1500, 1500, 1500]
14:53:21.378884 ALT: 0.08
14:53:21.378974 ATT: [2.0, -1.2, 253]
14:53:21.379368 ACC: [10, 18, 517]
14:53:21.381401 Navigation got ALT: 0.08
[1500, 1500, 1600, 1500, 2011, 891, 986, 1600, 1001, 1001, 1001, 1001, 1500, 1500, 1500, 1500]
[1500, 1500, 1600, 1500, 2011, 891, 986, 1600, 1001, 1001, 1001, 1001, 1500, 1500, 1500, 1500]
[1500, 1500, 1600, 1500, 2011, 891, 986, 1600, 1001, 1001, 1001, 1001, 1500, 1500, 1500, 1500]
[1500, 1500, 1600, 1500, 2011, 891, 986, 1600, 1001, 1001, 1001, 1001, 1500, 1500, 1500, 1500]
[1500, 1500, 1600, 1500, 2011, 891, 986, 1600, 1001, 1001, 1001, 1001, 1500, 1500, 1500, 1500]
14:53:21.415588 Navigation got ALT: 0.08
[1499, 1500, 1600, 1500, 2011, 890, 988, 1600, 1001, 1001, 1001, 1001, 1500, 1500, 1500, 1500]
[1499, 1500, 1600, 1500, 2011, 890, 988, 1600, 1001, 1001, 1001, 1001, 1500, 1500, 1500, 1500]
14:53:21.427040 ALT: 0.08
14:53:21.427131 ATT: [2.0, -1.2, 253]
14:53:21.427621 ACC: [10, 18, 518]
[1499, 1500, 1600, 1500, 2011, 890, 988, 1600, 1001, 1001, 1001, 1001, 1500, 1500, 1500, 1500]
[1499, 1500, 1600, 1500, 2011, 890, 988, 1600, 1001, 1001, 1001, 1001, 1500, 1500, 1500, 1500]
[1499, 1500, 1600, 1500, 2011, 890, 988, 1600, 1001, 1001, 1001, 1001, 1500, 1500, 1500, 1500]
14:53:21.447932 Navigation got ALT: 0.08
[1500, 1500, 1600, 1500, 2011, 890, 988, 1598, 1001, 1001, 1001, 1001, 1500, 1500, 1500, 1500]
[1500, 1500, 1600, 1500, 2011, 890, 988, 1598, 1001, 1001, 1001, 1001, 1500, 1500, 1500, 1500]
[1500, 1500, 1600, 1500, 2011, 890, 988, 1598, 1001, 1001, 1001, 1001, 1500, 1500, 1500, 1500]
[1500, 1500, 1600, 1500, 2011, 890, 988, 1598, 1001, 1001, 1001, 1001, 1500, 1500, 1500, 1500]
[1500, 1500, 1600, 1500, 2011, 890, 988, 1598, 1001, 1001, 1001, 1001, 1500, 1500, 1500, 1500]
14:53:21.475492 ALT: 0.08
14:53:21.475595 ATT: [2.0, -1.2, 253]
14:53:21.475882 ACC: [11, 18, 516]
14:53:21.481432 Navigation got ALT: 0.08
[1497, 1500, 1600, 1499, 2011, 890, 988, 1600, 1001, 1001, 1001, 1001, 1500, 1500, 1500, 1500]
[1497, 1500, 1600, 1499, 2011, 890, 988, 1600, 1001, 1001, 1001, 1001, 1500, 1500, 1500, 1500]
[1497, 1500, 1600, 1499, 2011, 890, 988, 1600, 1001, 1001, 1001, 1001, 1500, 1500, 1500, 1500]
[1497, 1500, 1600, 1499, 2011, 890, 988, 1600, 1001, 1001, 1001, 1001, 1500, 1500, 1500, 1500]
[1497, 1500, 1600, 1499, 2011, 890, 988, 1600, 1001, 1001, 1001, 1001, 1500, 1500, 1500, 1500]
14:53:21.514932 Navigation got ALT: 0.08
[1500, 1499, 1600, 1500, 2011, 890, 988, 1600, 1001, 1001, 1001, 1001, 1500, 1500, 1500, 1500]
[1500, 1499, 1600, 1500, 2011, 890, 988, 1600, 1001, 1001, 1001, 1001, 1500, 1500, 1500, 1500]
14:53:21.523404 ALT: 0.08
14:53:21.523507 ATT: [2.0, -1.2, 253]
14:53:21.523840 ACC: [11, 19, 516]
[1500, 1499, 1600, 1500, 2011, 890, 988, 1600, 1001, 1001, 1001, 1001, 1500, 1500, 1500, 1500]
[1500, 1499, 1600, 1500, 2011, 890, 988, 1600, 1001, 1001, 1001, 1001, 1500, 1500, 1500, 1500]
[1500, 1499, 1600, 1500, 2011, 890, 988, 1600, 1001, 1001, 1001, 1001, 1500, 1500, 1500, 1500]
14:53:21.547849 Navigation got ALT: 0.08
[1500, 1500, 1600, 1500, 2011, 890, 988, 1600, 1001, 1001, 1001, 1001, 1500, 1500, 1500, 1500]
[1500, 1500, 1600, 1500, 2011, 890, 988, 1600, 1001, 1001, 1001, 1001, 1500, 1500, 1500, 1500]
[1500, 1500, 1600, 1500, 2011, 890, 988, 1600, 1001, 1001, 1001, 1001, 1500, 1500, 1500, 1500]
[1500, 1500, 1600, 1500, 2011, 890, 988, 1600, 1001, 1001, 1001, 1001, 1500, 1500, 1500, 1500]
14:53:21.571694 ALT: 0.08
14:53:21.571956 ATT: [2.0, -1.2, 253]
14:53:21.573755 ACC: [11, 18, 517]
[1500, 1500, 1600, 1500, 2011, 890, 988, 1600, 1001, 1001, 1001, 1001, 1500, 1500, 1500, 1500]
14:53:21.581374 Navigation got ALT: 0.08
[1500, 1500, 1600, 1500, 2011, 890, 988, 1600, 1001, 1001, 1001, 1001, 1500, 1500, 1500, 1500]
[1500, 1500, 1600, 1500, 2011, 890, 988, 1600, 1001, 1001, 1001, 1001, 1500, 1500, 1500, 1500]
[1500, 1500, 1600, 1500, 2011, 890, 988, 1600, 1001, 1001, 1001, 1001, 1500, 1500, 1500, 1500]
[1500, 1500, 1600, 1500, 2011, 890, 988, 1600, 1001, 1001, 1001, 1001, 1500, 1500, 1500, 1500]
[1500, 1500, 1600, 1500, 2011, 890, 988, 1600, 1001, 1001, 1001, 1001, 1500, 1500, 1500, 1500]
14:53:21.614618 Navigation got ALT: 0.08
[1499, 1500, 1600, 1500, 2011, 890, 988, 1600, 1001, 1001, 1001, 1001, 1500, 1500, 1500, 1500]
14:53:21.619313 ALT: 0.08
14:53:21.619598 ATT: [2.0, -1.2, 253]
14:53:21.621233 ACC: [11, 18, 518]
[1499, 1500, 1600, 1500, 2011, 890, 988, 1600, 1001, 1001, 1001, 1001, 1500, 1500, 1500, 1500]
[1499, 1500, 1600, 1500, 2011, 890, 988, 1600, 1001, 1001, 1001, 1001, 1500, 1500, 1500, 1500]
[1499, 1500, 1600, 1500, 2011, 890, 988, 1600, 1001, 1001, 1001, 1001, 1500, 1500, 1500, 1500]
[1499, 1500, 1600, 1500, 2011, 890, 988, 1600, 1001, 1001, 1001, 1001, 1500, 1500, 1500, 1500]
14:53:21.648003 Navigation got ALT: 0.08
[1500, 1500, 1600, 1500, 2011, 890, 988, 1600, 1001, 1001, 1001, 1001, 1500, 1500, 1500, 1500]
[1500, 1500, 1600, 1500, 2011, 890, 988, 1600, 1001, 1001, 1001, 1001, 1500, 1500, 1500, 1500]
[1500, 1500, 1600, 1500, 2011, 890, 988, 1600, 1001, 1001, 1001, 1001, 1500, 1500, 1500, 1500]
14:53:21.667186 ALT: 0.08
14:53:21.667282 ATT: [2.0, -1.2, 253]
14:53:21.667685 ACC: [10, 20, 519]
[1500, 1500, 1600, 1500, 2011, 890, 988, 1600, 1001, 1001, 1001, 1001, 1500, 1500, 1500, 1500]
[1500, 1500, 1600, 1500, 2011, 890, 988, 1600, 1001, 1001, 1001, 1001, 1500, 1500, 1500, 1500]
14:53:21.681939 Navigation got ALT: 0.08
[1500, 1500, 1600, 1500, 2011, 890, 988, 1600, 1001, 1001, 1001, 1001, 1500, 1500, 1500, 1500]
[1500, 1500, 1600, 1500, 2011, 890, 988, 1600, 1001, 1001, 1001, 1001, 1500, 1500, 1500, 1500]
[1500, 1500, 1600, 1500, 2011, 890, 988, 1600, 1001, 1001, 1001, 1001, 1500, 1500, 1500, 1500]
[1500, 1500, 1600, 1500, 2011, 890, 988, 1600, 1001, 1001, 1001, 1001, 1500, 1500, 1500, 1500]
[1500, 1500, 1600, 1500, 2011, 890, 988, 1600, 1001, 1001, 1001, 1001, 1500, 1500, 1500, 1500]
14:53:21.714854 Navigation got ALT: 0.08
[1500, 1500, 1600, 1499, 2011, 890, 988, 1600, 1001, 1001, 1001, 1001, 1500, 1500, 1500, 1500]
14:53:21.715341 ALT: 0.08
14:53:21.715437 ATT: [2.0, -1.2, 253]
14:53:21.715802 ACC: [10, 20, 517]
[1500, 1500, 1600, 1499, 2011, 890, 988, 1600, 1001, 1001, 1001, 1001, 1500, 1500, 1500, 1500]
[1500, 1500, 1600, 1499, 2011, 890, 988, 1600, 1001, 1001, 1001, 1001, 1500, 1500, 1500, 1500]
[1500, 1500, 1600, 1499, 2011, 890, 988, 1600, 1001, 1001, 1001, 1001, 1500, 1500, 1500, 1500]
[1500, 1500, 1600, 1499, 2011, 890, 988, 1600, 1001, 1001, 1001, 1001, 1500, 1500, 1500, 1500]
14:53:21.748003 Navigation got ALT: 0.08
[1500, 1499, 1600, 1500, 2011, 890, 988, 1598, 1001, 1001, 1001, 1001, 1500, 1500, 1500, 1500]
[1500, 1499, 1600, 1500, 2011, 890, 988, 1598, 1001, 1001, 1001, 1001, 1500, 1500, 1500, 1500]
[1500, 1499, 1600, 1500, 2011, 890, 988, 1598, 1001, 1001, 1001, 1001, 1500, 1500, 1500, 1500]
14:53:21.762951 ALT: 0.08
14:53:21.763038 ATT: [2.0, -1.2, 253]
14:53:21.763311 ACC: [10, 19, 517]
[1500, 1499, 1600, 1500, 2011, 890, 988, 1598, 1001, 1001, 1001, 1001, 1500, 1500, 1500, 1500]
[1500, 1499, 1600, 1500, 2011, 890, 988, 1598, 1001, 1001, 1001, 1001, 1500, 1500, 1500, 1500]
14:53:21.781150 Navigation got ALT: 0.08
[1501, 1497, 1600, 1500, 2011, 890, 988, 1600, 1001, 1001, 1001, 1001, 1500, 1500, 1500, 1500]
[1501, 1497, 1600, 1500, 2011, 890, 988, 1600, 1001, 1001, 1001, 1001, 1500, 1500, 1500, 1500]
[1501, 1497, 1600, 1500, 2011, 890, 988, 1600, 1001, 1001, 1001, 1001, 1500, 1500, 1500, 1500]
[1501, 1497, 1600, 1500, 2011, 890, 988, 1600, 1001, 1001, 1001, 1001, 1500, 1500, 1500, 1500]
[1501, 1497, 1600, 1500, 2011, 890, 988, 1600, 1001, 1001, 1001, 1001, 1500, 1500, 1500, 1500]
14:53:21.810938 ALT: 0.08
14:53:21.811032 ATT: [2.0, -1.2, 253]
14:53:21.811695 ACC: [11, 19, 518]
14:53:21.814744 Navigation got ALT: 0.08
[1499, 1500, 1600, 1500, 2011, 890, 988, 1600, 1001, 1001, 1001, 1001, 1500, 1500, 1500, 1500]
[1499, 1500, 1600, 1500, 2011, 890, 988, 1600, 1001, 1001, 1001, 1001, 1500, 1500, 1500, 1500]
[1499, 1500, 1600, 1500, 2011, 890, 988, 1600, 1001, 1001, 1001, 1001, 1500, 1500, 1500, 1500]
[1499, 1500, 1600, 1500, 2011, 890, 988, 1600, 1001, 1001, 1001, 1001, 1500, 1500, 1500, 1500]
[1499, 1500, 1600, 1500, 2011, 890, 988, 1600, 1001, 1001, 1001, 1001, 1500, 1500, 1500, 1500]
14:53:21.847816 Navigation got ALT: 0.08
[1499, 1500, 1600, 1500, 2012, 889, 988, 1600, 1001, 1001, 1001, 1001, 1500, 1500, 1500, 1500]
[1499, 1500, 1600, 1500, 2012, 889, 988, 1600, 1001, 1001, 1001, 1001, 1500, 1500, 1500, 1500]
14:53:21.859912 ALT: 0.08
14:53:21.860058 ATT: [2.0, -1.2, 253]
14:53:21.860370 ACC: [11, 19, 517]
[1499, 1500, 1600, 1500, 2012, 889, 988, 1600, 1001, 1001, 1001, 1001, 1500, 1500, 1500, 1500]
[1499, 1500, 1600, 1500, 2012, 889, 988, 1600, 1001, 1001, 1001, 1001, 1500, 1500, 1500, 1500]
[1499, 1500, 1600, 1500, 2012, 889, 988, 1600, 1001, 1001, 1001, 1001, 1500, 1500, 1500, 1500]
14:53:21.881239 Navigation got ALT: 0.08
[1499, 1500, 1600, 1499, 2011, 890, 988, 1600, 1001, 1001, 1001, 1001, 1500, 1500, 1500, 1500]
[1499, 1500, 1600, 1499, 2011, 890, 988, 1600, 1001, 1001, 1001, 1001, 1500, 1500, 1500, 1500]
[1499, 1500, 1600, 1499, 2011, 890, 988, 1600, 1001, 1001, 1001, 1001, 1500, 1500, 1500, 1500]
[1499, 1500, 1600, 1499, 2011, 890, 988, 1600, 1001, 1001, 1001, 1001, 1500, 1500, 1500, 1500]
[1499, 1500, 1600, 1499, 2011, 890, 988, 1600, 1001, 1001, 1001, 1001, 1500, 1500, 1500, 1500]
14:53:21.910179 ALT: 0.08
14:53:21.910292 ATT: [2.0, -1.2, 253]
14:53:21.910692 ACC: [11, 18, 518]
14:53:21.914905 Navigation got ALT: 0.08
[1500, 1499, 1600, 1500, 2011, 890, 988, 1600, 1001, 1001, 1001, 1001, 1500, 1500, 1500, 1500]
[1500, 1499, 1600, 1500, 2011, 890, 988, 1600, 1001, 1001, 1001, 1001, 1500, 1500, 1500, 1500]
[1500, 1499, 1600, 1500, 2011, 890, 988, 1600, 1001, 1001, 1001, 1001, 1500, 1500, 1500, 1500]
[1500, 1499, 1600, 1500, 2011, 890, 988, 1600, 1001, 1001, 1001, 1001, 1500, 1500, 1500, 1500]
[1500, 1499, 1600, 1500, 2011, 890, 988, 1600, 1001, 1001, 1001, 1001, 1500, 1500, 1500, 1500]
14:53:21.947907 Navigation got ALT: 0.08
[1500, 1500, 1600, 1500, 2011, 890, 988, 1598, 1001, 1001, 1001, 1001, 1500, 1500, 1500, 1500]
[1500, 1500, 1600, 1500, 2011, 890, 988, 1598, 1001, 1001, 1001, 1001, 1500, 1500, 1500, 1500]
14:53:21.954897 ALT: 0.08
14:53:21.954966 ATT: [2.0, -1.2, 253]
14:53:21.955228 ACC: [11, 19, 517]
[1500, 1500, 1600, 1500, 2011, 890, 988, 1598, 1001, 1001, 1001, 1001, 1500, 1500, 1500, 1500]
[1500, 1500, 1600, 1500, 2011, 890, 988, 1598, 1001, 1001, 1001, 1001, 1500, 1500, 1500, 1500]
[1500, 1500, 1600, 1500, 2011, 890, 988, 1598, 1001, 1001, 1001, 1001, 1500, 1500, 1500, 1500]
14:53:21.981231 Navigation got ALT: 0.08
[1500, 1500, 1600, 1500, 2011, 890, 988, 1600, 1001, 1001, 1001, 1001, 1500, 1500, 1500, 1500]
[1500, 1500, 1600, 1500, 2011, 890, 988, 1600, 1001, 1001, 1001, 1001, 1500, 1500, 1500, 1500]
[1500, 1500, 1600, 1500, 2011, 890, 988, 1600, 1001, 1001, 1001, 1001, 1500, 1500, 1500, 1500]
[1500, 1500, 1600, 1500, 2011, 890, 988, 1600, 1001, 1001, 1001, 1001, 1500, 1500, 1500, 1500]
14:53:22.004377 ALT: 0.08
14:53:22.004511 ATT: [2.0, -1.2, 253]
14:53:22.005157 ACC: [11, 18, 517]
[1500, 1500, 1600, 1500, 2011, 890, 988, 1600, 1001, 1001, 1001, 1001, 1500, 1500, 1500, 1500]
14:53:22.014731 Navigation got ALT: 0.08
[1500, 1500, 1600, 1500, 2011, 890, 988, 1600, 1001, 1001, 1001, 1001, 1500, 1500, 1500, 1500]
[1500, 1500, 1600, 1500, 2011, 890, 988, 1600, 1001, 1001, 1001, 1001, 1500, 1500, 1500, 1500]
[1500, 1500, 1600, 1500, 2011, 890, 988, 1600, 1001, 1001, 1001, 1001, 1500, 1500, 1500, 1500]
[1500, 1500, 1600, 1500, 2011, 890, 988, 1600, 1001, 1001, 1001, 1001, 1500, 1500, 1500, 1500]
[1500, 1500, 1600, 1500, 2011, 890, 988, 1600, 1001, 1001, 1001, 1001, 1500, 1500, 1500, 1500]
14:53:22.048212 Navigation got ALT: 0.08
[1500, 1500, 1600, 1500, 2011, 890, 988, 1600, 1001, 1001, 1001, 1001, 1500, 1500, 1500, 1500]
14:53:22.051221 ALT: 0.08
14:53:22.051324 ATT: [2.0, -1.2, 253]
14:53:22.051647 ACC: [10, 18, 516]
[1500, 1500, 1600, 1500, 2011, 890, 988, 1600, 1001, 1001, 1001, 1001, 1500, 1500, 1500, 1500]
[1500, 1500, 1600, 1500, 2011, 890, 988, 1600, 1001, 1001, 1001, 1001, 1500, 1500, 1500, 1500]
[1500, 1500, 1600, 1500, 2011, 890, 988, 1600, 1001, 1001, 1001, 1001, 1500, 1500, 1500, 1500]
[1500, 1500, 1600, 1500, 2011, 890, 988, 1600, 1001, 1001, 1001, 1001, 1500, 1500, 1500, 1500]
14:53:22.081270 Navigation got ALT: 0.08
[1500, 1500, 1600, 1499, 2011, 890, 988, 1600, 1001, 1001, 1001, 1001, 1500, 1500, 1500, 1500]
[1500, 1500, 1600, 1499, 2011, 890, 988, 1600, 1001, 1001, 1001, 1001, 1500, 1500, 1500, 1500]
[1500, 1500, 1600, 1499, 2011, 890, 988, 1600, 1001, 1001, 1001, 1001, 1500, 1500, 1500, 1500]
[1500, 1500, 1600, 1499, 2011, 890, 988, 1600, 1001, 1001, 1001, 1001, 1500, 1500, 1500, 1500]
14:53:22.104057 ALT: 0.08
14:53:22.104185 ATT: [2.0, -1.2, 253]
14:53:22.104607 ACC: [11, 17, 516]
[1500, 1500, 1600, 1499, 2011, 890, 988, 1600, 1001, 1001, 1001, 1001, 1500, 1500, 1500, 1500]
14:53:22.115104 Navigation got ALT: 0.08
[1500, 1499, 1600, 1500, 2011, 890, 988, 1600, 1001, 1001, 1001, 1001, 1500, 1500, 1500, 1500]
[1500, 1499, 1600, 1500, 2011, 890, 988, 1600, 1001, 1001, 1001, 1001, 1500, 1500, 1500, 1500]
[1500, 1499, 1600, 1500, 2011, 890, 988, 1600, 1001, 1001, 1001, 1001, 1500, 1500, 1500, 1500]
[1500, 1499, 1600, 1500, 2011, 890, 988, 1600, 1001, 1001, 1001, 1001, 1500, 1500, 1500, 1500]
[1500, 1499, 1600, 1500, 2011, 890, 988, 1600, 1001, 1001, 1001, 1001, 1500, 1500, 1500, 1500]
14:53:22.146949 ALT: 0.08
14:53:22.147048 ATT: [2.0, -1.2, 253]
14:53:22.147377 ACC: [11, 16, 518]
14:53:22.148703 Navigation got ALT: 0.08
[1499, 1500, 1600, 1499, 2012, 889, 988, 1600, 1001, 1001, 1001, 1001, 1500, 1500, 1500, 1500]
[1499, 1500, 1600, 1499, 2012, 889, 988, 1600, 1001, 1001, 1001, 1001, 1500, 1500, 1500, 1500]
[1499, 1500, 1600, 1499, 2012, 889, 988, 1600, 1001, 1001, 1001, 1001, 1500, 1500, 1500, 1500]
[1499, 1500, 1600, 1499, 2012, 889, 988, 1600, 1001, 1001, 1001, 1001, 1500, 1500, 1500, 1500]
[1499, 1500, 1600, 1499, 2012, 889, 988, 1600, 1001, 1001, 1001, 1001, 1500, 1500, 1500, 1500]
14:53:22.181158 Navigation got ALT: 0.08
[1500, 1500, 1600, 1499, 2011, 890, 988, 1600, 1001, 1001, 1001, 1001, 1500, 1500, 1500, 1500]
[1500, 1500, 1600, 1499, 2011, 890, 988, 1600, 1001, 1001, 1001, 1001, 1500, 1500, 1500, 1500]
[1500, 1500, 1600, 1499, 2011, 890, 988, 1600, 1001, 1001, 1001, 1001, 1500, 1500, 1500, 1500]
14:53:22.195076 ALT: 0.08
14:53:22.195182 ATT: [2.0, -1.2, 253]
14:53:22.195536 ACC: [11, 18, 517]
[1500, 1500, 1600, 1499, 2011, 890, 988, 1600, 1001, 1001, 1001, 1001, 1500, 1500, 1500, 1500]
[1500, 1500, 1600, 1499, 2011, 890, 988, 1600, 1001, 1001, 1001, 1001, 1500, 1500, 1500, 1500]
14:53:22.214582 Navigation got ALT: 0.08
[1499, 1500, 1600, 1500, 2011, 890, 988, 1600, 1001, 1001, 1001, 1001, 1500, 1500, 1500, 1500]
[1499, 1500, 1600, 1500, 2011, 890, 988, 1600, 1001, 1001, 1001, 1001, 1500, 1500, 1500, 1500]
[1499, 1500, 1600, 1500, 2011, 890, 988, 1600, 1001, 1001, 1001, 1001, 1500, 1500, 1500, 1500]
[1499, 1500, 1600, 1500, 2011, 890, 988, 1600, 1001, 1001, 1001, 1001, 1500, 1500, 1500, 1500]
[1499, 1500, 1600, 1500, 2011, 890, 988, 1600, 1001, 1001, 1001, 1001, 1500, 1500, 1500, 1500]
14:53:22.243096 ALT: 0.08
14:53:22.243192 ATT: [2.0, -1.2, 253]
14:53:22.243565 ACC: [12, 18, 516]
14:53:22.248065 Navigation got ALT: 0.08
[1499, 1500, 1600, 1500, 2011, 890, 988, 1600, 1001, 1001, 1001, 1001, 1500, 1500, 1500, 1500]
[1499, 1500, 1600, 1500, 2011, 890, 988, 1600, 1001, 1001, 1001, 1001, 1500, 1500, 1500, 1500]
[1499, 1500, 1600, 1500, 2011, 890, 988, 1600, 1001, 1001, 1001, 1001, 1500, 1500, 1500, 1500]
[1499, 1500, 1600, 1500, 2011, 890, 988, 1600, 1001, 1001, 1001, 1001, 1500, 1500, 1500, 1500]
[1499, 1500, 1600, 1500, 2011, 890, 988, 1600, 1001, 1001, 1001, 1001, 1500, 1500, 1500, 1500]
14:53:22.281333 Navigation got ALT: 0.08
[1499, 1500, 1600, 1500, 2009, 890, 988, 1600, 1001, 1001, 1001, 1001, 1500, 1500, 1500, 1500]
[1499, 1500, 1600, 1500, 2009, 890, 988, 1600, 1001, 1001, 1001, 1001, 1500, 1500, 1500, 1500]
14:53:22.291135 ALT: 0.08
14:53:22.291236 ATT: [2.0, -1.2, 253]
14:53:22.291509 ACC: [11, 19, 517]
[1499, 1500, 1600, 1500, 2009, 890, 988, 1600, 1001, 1001, 1001, 1001, 1500, 1500, 1500, 1500]
[1499, 1500, 1600, 1500, 2009, 890, 988, 1600, 1001, 1001, 1001, 1001, 1500, 1500, 1500, 1500]
[1499, 1500, 1600, 1500, 2009, 890, 988, 1600, 1001, 1001, 1001, 1001, 1500, 1500, 1500, 1500]
14:53:22.314744 Navigation got ALT: 0.08
[1500, 1500, 1600, 1500, 2011, 890, 988, 1600, 1001, 1001, 1001, 1001, 1500, 1500, 1500, 1500]
[1500, 1500, 1600, 1500, 2011, 890, 988, 1600, 1001, 1001, 1001, 1001, 1500, 1500, 1500, 1500]
[1500, 1500, 1600, 1500, 2011, 890, 988, 1600, 1001, 1001, 1001, 1001, 1500, 1500, 1500, 1500]
[1500, 1500, 1600, 1500, 2011, 890, 988, 1600, 1001, 1001, 1001, 1001, 1500, 1500, 1500, 1500]
14:53:22.339168 ALT: 0.08
14:53:22.339258 ATT: [2.0, -1.2, 253]
14:53:22.339527 ACC: [10, 18, 517]
[1500, 1500, 1600, 1500, 2011, 890, 988, 1600, 1001, 1001, 1001, 1001, 1500, 1500, 1500, 1500]
14:53:22.347916 Navigation got ALT: 0.08
[1500, 1501, 1600, 1500, 2011, 891, 985, 1600, 1001, 1001, 1001, 1001, 1500, 1500, 1500, 1500]
[1500, 1501, 1600, 1500, 2011, 891, 985, 1600, 1001, 1001, 1001, 1001, 1500, 1500, 1500, 1500]
[1500, 1501, 1600, 1500, 2011, 891, 985, 1600, 1001, 1001, 1001, 1001, 1500, 1500, 1500, 1500]
[1500, 1501, 1600, 1500, 2011, 891, 985, 1600, 1001, 1001, 1001, 1001, 1500, 1500, 1500, 1500]
[1500, 1501, 1600, 1500, 2011, 891, 985, 1600, 1001, 1001, 1001, 1001, 1500, 1500, 1500, 1500]
14:53:22.381428 Navigation got ALT: 0.08
*** Set bbox BEGIN position ***
[1500, 1500, 1600, 1500, 2011, 1152, 1127, 1300, 1001, 1001, 1001, 1001, 1500, 1500, 1500, 1500]
14:53:22.387246 ALT: 0.08
14:53:22.387405 ATT: [2.0, -1.2, 253]
14:53:22.387733 ACC: [10, 20, 518]
[1500, 1500, 1600, 1500, 2011, 1152, 1127, 1300, 1001, 1001, 1001, 1001, 1500, 1500, 1500, 1500]
[1500, 1500, 1600, 1500, 2011, 1152, 1127, 1300, 1001, 1001, 1001, 1001, 1500, 1500, 1500, 1500]
[1500, 1500, 1600, 1500, 2011, 1152, 1127, 1300, 1001, 1001, 1001, 1001, 1500, 1500, 1500, 1500]
[1500, 1500, 1600, 1500, 2011, 1152, 1127, 1300, 1001, 1001, 1001, 1001, 1500, 1500, 1500, 1500]
14:53:22.414587 Navigation got ALT: 0.08
*** Set bbox BEGIN position ***
[1500, 1499, 1600, 1500, 2011, 1152, 1127, 1300, 1001, 1001, 1001, 1001, 1500, 1500, 1500, 1500]
[1500, 1499, 1600, 1500, 2011, 1152, 1127, 1300, 1001, 1001, 1001, 1001, 1500, 1500, 1500, 1500]
[1500, 1499, 1600, 1500, 2011, 1152, 1127, 1300, 1001, 1001, 1001, 1001, 1500, 1500, 1500, 1500]
[1500, 1499, 1600, 1500, 2011, 1152, 1127, 1300, 1001, 1001, 1001, 1001, 1500, 1500, 1500, 1500]
14:53:22.435053 ALT: 0.08
14:53:22.435141 ATT: [2.0, -1.2, 253]
14:53:22.435460 ACC: [10, 18, 517]
[1500, 1499, 1600, 1500, 2011, 1152, 1127, 1300, 1001, 1001, 1001, 1001, 1500, 1500, 1500, 1500]
14:53:22.448056 Navigation got ALT: 0.08
*** Set bbox BEGIN position ***
* Start point: 271, 246
[1500, 1500, 1600, 1500, 2011, 1152, 1127, 1300, 1001, 1001, 1001, 1001, 1500, 1500, 1500, 1500]
[1500, 1500, 1600, 1500, 2011, 1152, 1127, 1300, 1001, 1001, 1001, 1001, 1500, 1500, 1500, 1500]
**Resetting tracker.
[1500, 1500, 1600, 1500, 2011, 1152, 1127, 1300, 1001, 1001, 1001, 1001, 1500, 1500, 1500, 1500]
[1500, 1500, 1600, 1500, 2011, 1152, 1127, 1300, 1001, 1001, 1001, 1001, 1500, 1500, 1500, 1500]
[1500, 1500, 1600, 1500, 2011, 1152, 1127, 1300, 1001, 1001, 1001, 1001, 1500, 1500, 1500, 1500]
14:53:22.481073 Navigation got ALT: 0.08
*** Set bbox BEGIN position ***
[1500, 1500, 1600, 1500, 2009, 1152, 1127, 1300, 1001, 1001, 1001, 1001, 1500, 1500, 1500, 1500]
14:53:22.486646 ALT: 0.08
14:53:22.486742 ATT: [2.0, -1.2, 253]
14:53:22.487135 ACC: [11, 18, 516]
[1500, 1500, 1600, 1500, 2009, 1152, 1127, 1300, 1001, 1001, 1001, 1001, 1500, 1500, 1500, 1500]
[1500, 1500, 1600, 1500, 2009, 1152, 1127, 1300, 1001, 1001, 1001, 1001, 1500, 1500, 1500, 1500]
[1500, 1500, 1600, 1500, 2009, 1152, 1127, 1300, 1001, 1001, 1001, 1001, 1500, 1500, 1500, 1500]
[1500, 1500, 1600, 1500, 2009, 1152, 1127, 1300, 1001, 1001, 1001, 1001, 1500, 1500, 1500, 1500]
14:53:22.514694 Navigation got ALT: 0.08
*** Set bbox BEGIN position ***
[1500, 1500, 1600, 1499, 2011, 1152, 1127, 1300, 1001, 1001, 1001, 1001, 1500, 1500, 1500, 1500]
[1500, 1500, 1600, 1499, 2011, 1152, 1127, 1300, 1001, 1001, 1001, 1001, 1500, 1500, 1500, 1500]
[1500, 1500, 1600, 1499, 2011, 1152, 1127, 1300, 1001, 1001, 1001, 1001, 1500, 1500, 1500, 1500]
14:53:22.530985 ALT: 0.08
14:53:22.531077 ATT: [2.0, -1.2, 253]
14:53:22.534933 ACC: [10, 20, 518]
[1500, 1500, 1600, 1499, 2011, 1152, 1127, 1300, 1001, 1001, 1001, 1001, 1500, 1500, 1500, 1500]
[1500, 1500, 1600, 1499, 2011, 1152, 1127, 1300, 1001, 1001, 1001, 1001, 1500, 1500, 1500, 1500]
14:53:22.547774 Navigation got ALT: 0.08
*** Set bbox BEGIN position ***
[1500, 1500, 1600, 1500, 2011, 1152, 1127, 1300, 1001, 1001, 1001, 1001, 1500, 1500, 1500, 1500]
[1500, 1500, 1600, 1500, 2011, 1152, 1127, 1300, 1001, 1001, 1001, 1001, 1500, 1500, 1500, 1500]
[1500, 1500, 1600, 1500, 2011, 1152, 1127, 1300, 1001, 1001, 1001, 1001, 1500, 1500, 1500, 1500]
[1500, 1500, 1600, 1500, 2011, 1152, 1127, 1300, 1001, 1001, 1001, 1001, 1500, 1500, 1500, 1500]
[1500, 1500, 1600, 1500, 2011, 1152, 1127, 1300, 1001, 1001, 1001, 1001, 1500, 1500, 1500, 1500]
14:53:22.579078 ALT: 0.08
14:53:22.579174 ATT: [2.0, -1.2, 253]
14:53:22.579460 ACC: [11, 18, 516]
14:53:22.581195 Navigation got ALT: 0.08
*** Set bbox BEGIN position ***
[1500, 1500, 1600, 1500, 2011, 1152, 1127, 1300, 1001, 1001, 1001, 1001, 1500, 1500, 1500, 1500]
[1500, 1500, 1600, 1500, 2011, 1152, 1127, 1300, 1001, 1001, 1001, 1001, 1500, 1500, 1500, 1500]
[1500, 1500, 1600, 1500, 2011, 1152, 1127, 1300, 1001, 1001, 1001, 1001, 1500, 1500, 1500, 1500]
[1500, 1500, 1600, 1500, 2011, 1152, 1127, 1300, 1001, 1001, 1001, 1001, 1500, 1500, 1500, 1500]
[1500, 1500, 1600, 1500, 2011, 1152, 1127, 1300, 1001, 1001, 1001, 1001, 1500, 1500, 1500, 1500]
14:53:22.614500 Navigation got ALT: 0.08
*** Set bbox BEGIN position ***
[1500, 1500, 1600, 1499, 2011, 1152, 1127, 1300, 1001, 1001, 1001, 1001, 1500, 1500, 1500, 1500]
[1500, 1500, 1600, 1499, 2011, 1152, 1127, 1300, 1001, 1001, 1001, 1001, 1500, 1500, 1500, 1500]
14:53:22.627044 ALT: 0.08
14:53:22.627184 ATT: [2.0, -1.2, 253]
14:53:22.627452 ACC: [11, 18, 519]
[1500, 1500, 1600, 1499, 2011, 1152, 1127, 1300, 1001, 1001, 1001, 1001, 1500, 1500, 1500, 1500]
[1500, 1500, 1600, 1499, 2011, 1152, 1127, 1300, 1001, 1001, 1001, 1001, 1500, 1500, 1500, 1500]
[1500, 1500, 1600, 1499, 2011, 1152, 1127, 1300, 1001, 1001, 1001, 1001, 1500, 1500, 1500, 1500]
14:53:22.647851 Navigation got ALT: 0.08
*** Set bbox BEGIN position ***
[1500, 1500, 1600, 1499, 2011, 1152, 1127, 1300, 1001, 1001, 1001, 1001, 1500, 1500, 1500, 1500]
[1500, 1500, 1600, 1499, 2011, 1152, 1127, 1300, 1001, 1001, 1001, 1001, 1500, 1500, 1500, 1500]
[1500, 1500, 1600, 1499, 2011, 1152, 1127, 1300, 1001, 1001, 1001, 1001, 1500, 1500, 1500, 1500]
[1500, 1500, 1600, 1499, 2011, 1152, 1127, 1300, 1001, 1001, 1001, 1001, 1500, 1500, 1500, 1500]
[1500, 1500, 1600, 1499, 2011, 1152, 1127, 1300, 1001, 1001, 1001, 1001, 1500, 1500, 1500, 1500]
14:53:22.675805 ALT: 0.08
14:53:22.675864 ATT: [2.0, -1.2, 253]
14:53:22.676155 ACC: [11, 19, 518]
14:53:22.681432 Navigation got ALT: 0.08
*** Set bbox BEGIN position ***
[1500, 1500, 1600, 1500, 2009, 1152, 1127, 1300, 1001, 1001, 1001, 1001, 1500, 1500, 1500, 1500]
[1500, 1500, 1600, 1500, 2009, 1152, 1127, 1300, 1001, 1001, 1001, 1001, 1500, 1500, 1500, 1500]
[1500, 1500, 1600, 1500, 2009, 1152, 1127, 1300, 1001, 1001, 1001, 1001, 1500, 1500, 1500, 1500]
[1500, 1500, 1600, 1500, 2009, 1152, 1127, 1300, 1001, 1001, 1001, 1001, 1500, 1500, 1500, 1500]
[1500, 1500, 1600, 1500, 2009, 1152, 1127, 1300, 1001, 1001, 1001, 1001, 1500, 1500, 1500, 1500]
14:53:22.715727 Navigation got ALT: 0.08
*** Set bbox BEGIN position ***
[1500, 1500, 1600, 1499, 2011, 1152, 1127, 1300, 1001, 1001, 1001, 1001, 1500, 1500, 1500, 1500]
[1500, 1500, 1600, 1499, 2011, 1152, 1127, 1300, 1001, 1001, 1001, 1001, 1500, 1500, 1500, 1500]
14:53:22.723187 ALT: 0.08
14:53:22.723304 ATT: [2.0, -1.2, 253]
14:53:22.724068 ACC: [11, 20, 516]
[1500, 1500, 1600, 1499, 2011, 1152, 1127, 1300, 1001, 1001, 1001, 1001, 1500, 1500, 1500, 1500]
[1500, 1500, 1600, 1499, 2011, 1152, 1127, 1300, 1001, 1001, 1001, 1001, 1500, 1500, 1500, 1500]
[1500, 1500, 1600, 1499, 2011, 1152, 1127, 1300, 1001, 1001, 1001, 1001, 1500, 1500, 1500, 1500]
14:53:22.747839 Navigation got ALT: 0.08
*** Set bbox BEGIN position ***
[1500, 1500, 1600, 1500, 2011, 1152, 1127, 1299, 1001, 1001, 1001, 1001, 1500, 1500, 1500, 1500]
[1500, 1500, 1600, 1500, 2011, 1152, 1127, 1299, 1001, 1001, 1001, 1001, 1500, 1500, 1500, 1500]
[1500, 1500, 1600, 1500, 2011, 1152, 1127, 1299, 1001, 1001, 1001, 1001, 1500, 1500, 1500, 1500]
[1500, 1500, 1600, 1500, 2011, 1152, 1127, 1299, 1001, 1001, 1001, 1001, 1500, 1500, 1500, 1500]
14:53:22.771123 ALT: 0.08
14:53:22.771210 ATT: [2.0, -1.2, 253]
14:53:22.771411 ACC: [11, 20, 517]
[1500, 1500, 1600, 1500, 2011, 1152, 1127, 1299, 1001, 1001, 1001, 1001, 1500, 1500, 1500, 1500]
14:53:22.781265 Navigation got ALT: 0.08
*** Set bbox BEGIN position ***
[1500, 1500, 1600, 1500, 2011, 1152, 1127, 1300, 1001, 1001, 1001, 1001, 1500, 1500, 1500, 1500]
[1500, 1500, 1600, 1500, 2011, 1152, 1127, 1300, 1001, 1001, 1001, 1001, 1500, 1500, 1500, 1500]
[1500, 1500, 1600, 1500, 2011, 1152, 1127, 1300, 1001, 1001, 1001, 1001, 1500, 1500, 1500, 1500]
[1500, 1500, 1600, 1500, 2011, 1152, 1127, 1300, 1001, 1001, 1001, 1001, 1500, 1500, 1500, 1500]
[1500, 1500, 1600, 1500, 2011, 1152, 1127, 1300, 1001, 1001, 1001, 1001, 1500, 1500, 1500, 1500]
14:53:22.814532 Navigation got ALT: 0.08
*** Set bbox BEGIN position ***
[1500, 1500, 1600, 1500, 2011, 1152, 1127, 1300, 1001, 1001, 1001, 1001, 1500, 1500, 1500, 1500]
14:53:22.819385 ALT: 0.08
14:53:22.819592 ATT: [2.0, -1.2, 253]
14:53:22.820080 ACC: [10, 18, 516]
[1500, 1500, 1600, 1500, 2011, 1152, 1127, 1300, 1001, 1001, 1001, 1001, 1500, 1500, 1500, 1500]
[1500, 1500, 1600, 1500, 2011, 1152, 1127, 1300, 1001, 1001, 1001, 1001, 1500, 1500, 1500, 1500]
[1500, 1500, 1600, 1500, 2011, 1152, 1127, 1300, 1001, 1001, 1001, 1001, 1500, 1500, 1500, 1500]
[1500, 1500, 1600, 1500, 2011, 1152, 1127, 1300, 1001, 1001, 1001, 1001, 1500, 1500, 1500, 1500]
14:53:22.847897 Navigation got ALT: 0.08
*** Set bbox BEGIN position ***
[1500, 1500, 1600, 1499, 2011, 1152, 1129, 1299, 1001, 1001, 1001, 1001, 1500, 1500, 1500, 1500]
[1500, 1500, 1600, 1499, 2011, 1152, 1129, 1299, 1001, 1001, 1001, 1001, 1500, 1500, 1500, 1500]
[1500, 1500, 1600, 1499, 2011, 1152, 1129, 1299, 1001, 1001, 1001, 1001, 1500, 1500, 1500, 1500]
14:53:22.867537 ALT: 0.08
14:53:22.867698 ATT: [2.0, -1.2, 253]
[1500, 1500, 1600, 1499, 2011, 1152, 1129, 1299, 1001, 1001, 1001, 1001, 1500, 1500, 1500, 1500]
14:53:22.869349 ACC: [10, 18, 515]
[1500, 1500, 1600, 1499, 2011, 1152, 1129, 1299, 1001, 1001, 1001, 1001, 1500, 1500, 1500, 1500]
14:53:22.881175 Navigation got ALT: 0.08
*** Set bbox BEGIN position ***
[1500, 1500, 1600, 1500, 2011, 1152, 1127, 1300, 1001, 1001, 1001, 1001, 1500, 1500, 1500, 1500]
[1500, 1500, 1600, 1500, 2011, 1152, 1127, 1300, 1001, 1001, 1001, 1001, 1500, 1500, 1500, 1500]
[1500, 1500, 1600, 1500, 2011, 1152, 1127, 1300, 1001, 1001, 1001, 1001, 1500, 1500, 1500, 1500]
[1500, 1500, 1600, 1500, 2011, 1152, 1127, 1300, 1001, 1001, 1001, 1001, 1500, 1500, 1500, 1500]
[1500, 1500, 1600, 1500, 2011, 1152, 1127, 1300, 1001, 1001, 1001, 1001, 1500, 1500, 1500, 1500]
14:53:22.915132 ALT: 0.08
14:53:22.915362 ATT: [2.0, -1.2, 253]
14:53:22.915919 ACC: [11, 18, 518]
14:53:22.919066 Navigation got ALT: 0.08
*** Set bbox BEGIN position ***
[1500, 1500, 1600, 1499, 2011, 1152, 1127, 1300, 1001, 1001, 1001, 1001, 1500, 1500, 1500, 1500]
[1500, 1500, 1600, 1499, 2011, 1152, 1127, 1300, 1001, 1001, 1001, 1001, 1500, 1500, 1500, 1500]
[1500, 1500, 1600, 1499, 2011, 1152, 1127, 1300, 1001, 1001, 1001, 1001, 1500, 1500, 1500, 1500]
[1500, 1500, 1600, 1499, 2011, 1152, 1127, 1300, 1001, 1001, 1001, 1001, 1500, 1500, 1500, 1500]
[1500, 1500, 1600, 1499, 2011, 1152, 1127, 1300, 1001, 1001, 1001, 1001, 1500, 1500, 1500, 1500]
[1500, 1500, 1600, 1499, 2011, 1152, 1127, 1300, 1001, 1001, 1001, 1001, 1500, 1500, 1500, 1500]
14:53:22.954642 Navigation got ALT: 0.08
*** Set bbox BEGIN position ***
[1500, 1500, 1600, 1499, 2011, 1152, 1127, 1300, 1001, 1001, 1001, 1001, 1500, 1500, 1500, 1500]
[1500, 1500, 1600, 1499, 2011, 1152, 1127, 1300, 1001, 1001, 1001, 1001, 1500, 1500, 1500, 1500]
[1500, 1500, 1600, 1499, 2011, 1152, 1127, 1300, 1001, 1001, 1001, 1001, 1500, 1500, 1500, 1500]
[1500, 1500, 1600, 1499, 2011, 1152, 1127, 1300, 1001, 1001, 1001, 1001, 1500, 1500, 1500, 1500]
14:53:22.979114 ALT: 0.08
14:53:22.979215 ATT: [2.0, -1.2, 253]
14:53:22.979732 ACC: [10, 18, 517]
[1500, 1500, 1600, 1499, 2011, 1152, 1127, 1300, 1001, 1001, 1001, 1001, 1500, 1500, 1500, 1500]
14:53:22.987865 Navigation got ALT: 0.08
*** Set bbox BEGIN position ***
[1500, 1500, 1600, 1500, 2011, 1152, 1127, 1300, 1001, 1001, 1001, 1001, 1500, 1500, 1500, 1500]
[1500, 1500, 1600, 1500, 2011, 1152, 1127, 1300, 1001, 1001, 1001, 1001, 1500, 1500, 1500, 1500]
[1500, 1500, 1600, 1500, 2011, 1152, 1127, 1300, 1001, 1001, 1001, 1001, 1500, 1500, 1500, 1500]
[1500, 1500, 1600, 1500, 2011, 1152, 1127, 1300, 1001, 1001, 1001, 1001, 1500, 1500, 1500, 1500]
[1500, 1500, 1600, 1500, 2011, 1152, 1127, 1300, 1001, 1001, 1001, 1001, 1500, 1500, 1500, 1500]
14:53:23.021139 Navigation got ALT: 0.08
*** Set bbox BEGIN position ***
[1500, 1500, 1600, 1500, 2011, 1152, 1127, 1300, 1001, 1001, 1001, 1001, 1500, 1500, 1500, 1500]
14:53:23.027207 ALT: 0.08
14:53:23.027299 ATT: [2.0, -1.2, 253]
14:53:23.027646 ACC: [10, 20, 518]
[1500, 1500, 1600, 1500, 2011, 1152, 1127, 1300, 1001, 1001, 1001, 1001, 1500, 1500, 1500, 1500]
[1500, 1500, 1600, 1500, 2011, 1152, 1127, 1300, 1001, 1001, 1001, 1001, 1500, 1500, 1500, 1500]
[1500, 1500, 1600, 1500, 2011, 1152, 1127, 1300, 1001, 1001, 1001, 1001, 1500, 1500, 1500, 1500]
[1500, 1500, 1600, 1500, 2011, 1152, 1127, 1300, 1001, 1001, 1001, 1001, 1500, 1500, 1500, 1500]
14:53:23.054977 Navigation got ALT: 0.08
*** Set bbox END position ***
[1500, 1500, 1600, 1500, 2011, 1269, 1249, 1400, 1001, 1001, 1001, 1001, 1500, 1500, 1500, 1500]
[1500, 1500, 1600, 1500, 2011, 1269, 1249, 1400, 1001, 1001, 1001, 1001, 1500, 1500, 1500, 1500]
[1500, 1500, 1600, 1500, 2011, 1269, 1249, 1400, 1001, 1001, 1001, 1001, 1500, 1500, 1500, 1500]
[1500, 1500, 1600, 1500, 2011, 1269, 1249, 1400, 1001, 1001, 1001, 1001, 1500, 1500, 1500, 1500]
14:53:23.075739 ALT: 0.08
14:53:23.075817 ATT: [2.0, -1.2, 253]
14:53:23.076082 ACC: [11, 18, 518]
[1500, 1500, 1600, 1500, 2011, 1269, 1249, 1400, 1001, 1001, 1001, 1001, 1500, 1500, 1500, 1500]
14:53:23.088820 Navigation got ALT: 0.08
*** Set bbox END position ***
[1500, 1500, 1600, 1500, 2011, 1267, 1249, 1400, 1001, 1001, 1001, 1001, 1500, 1500, 1500, 1500]
[1500, 1500, 1600, 1500, 2011, 1267, 1249, 1400, 1001, 1001, 1001, 1001, 1500, 1500, 1500, 1500]
[1500, 1500, 1600, 1500, 2011, 1267, 1249, 1400, 1001, 1001, 1001, 1001, 1500, 1500, 1500, 1500]
[1500, 1500, 1600, 1500, 2011, 1267, 1249, 1400, 1001, 1001, 1001, 1001, 1500, 1500, 1500, 1500]
[1500, 1500, 1600, 1500, 2011, 1267, 1249, 1400, 1001, 1001, 1001, 1001, 1500, 1500, 1500, 1500]
14:53:23.121652 Navigation got ALT: 0.08
*** Set bbox END position ***
* End point: 388, 368
* Set bbox at 271,246 x 388,368
[1499, 1500, 1600, 1499, 2011, 1269, 1249, 1400, 1001, 1001, 1001, 1001, 1500, 1500, 1500, 1500]
14:53:23.123984 ALT: 0.08
14:53:23.124357 ATT: [2.0, -1.2, 253]
14:53:23.124897 ACC: [11, 19, 518]
[1499, 1500, 1600, 1499, 2011, 1269, 1249, 1400, 1001, 1001, 1001, 1001, 1500, 1500, 1500, 1500]
[1499, 1500, 1600, 1499, 2011, 1269, 1249, 1400, 1001, 1001, 1001, 1001, 1500, 1500, 1500, 1500]
**Init tracker as (271, 246, 117, 122)
[1499, 1500, 1600, 1499, 2011, 1269, 1249, 1400, 1001, 1001, 1001, 1001, 1500, 1500, 1500, 1500]
[1499, 1500, 1600, 1499, 2011, 1269, 1249, 1400, 1001, 1001, 1001, 1001, 1500, 1500, 1500, 1500]
14:53:23.155119 Navigation got ALT: 0.08
*** Set bbox END position ***
[1500, 1500, 1600, 1500, 2011, 1269, 1249, 1400, 1001, 1001, 1001, 1001, 1500, 1500, 1500, 1500]
[1500, 1500, 1600, 1500, 2011, 1269, 1249, 1400, 1001, 1001, 1001, 1001, 1500, 1500, 1500, 1500]
[1500, 1500, 1600, 1500, 2011, 1269, 1249, 1400, 1001, 1001, 1001, 1001, 1500, 1500, 1500, 1500]
14:53:23.171211 ALT: 0.08
14:53:23.171305 ATT: [2.0, -1.2, 253]
14:53:23.171680 ACC: [10, 19, 518]
[1500, 1500, 1600, 1500, 2011, 1269, 1249, 1400, 1001, 1001, 1001, 1001, 1500, 1500, 1500, 1500]
[1500, 1500, 1600, 1500, 2011, 1269, 1249, 1400, 1001, 1001, 1001, 1001, 1500, 1500, 1500, 1500]
14:53:23.188047 Navigation got ALT: 0.08
*** Set bbox END position ***
[1500, 1500, 1600, 1500, 2011, 1269, 1249, 1400, 1001, 1001, 1001, 1001, 1500, 1500, 1500, 1500]
[1500, 1500, 1600, 1500, 2011, 1269, 1249, 1400, 1001, 1001, 1001, 1001, 1500, 1500, 1500, 1500]
[1500, 1500, 1600, 1500, 2011, 1269, 1249, 1400, 1001, 1001, 1001, 1001, 1500, 1500, 1500, 1500]
14:53:23.231396 ALT: 0.08
14:53:23.231533 ATT: [2.0, -1.2, 253]
14:53:23.231863 ACC: [11, 18, 519]
14:53:23.232662 Navigation got ALT: 0.08
*** Set bbox END position ***
[1499, 1500, 1600, 1500, 2011, 1269, 1249, 1400, 1001, 1001, 1001, 1001, 1500, 1500, 1500, 1500]
[1499, 1500, 1600, 1500, 2011, 1269, 1249, 1400, 1001, 1001, 1001, 1001, 1500, 1500, 1500, 1500]
[1499, 1500, 1600, 1500, 2011, 1269, 1249, 1400, 1001, 1001, 1001, 1001, 1500, 1500, 1500, 1500]
[1499, 1500, 1600, 1500, 2011, 1269, 1249, 1400, 1001, 1001, 1001, 1001, 1500, 1500, 1500, 1500]
[1499, 1500, 1600, 1500, 2011, 1269, 1249, 1400, 1001, 1001, 1001, 1001, 1500, 1500, 1500, 1500]
[1499, 1500, 1600, 1500, 2011, 1269, 1249, 1400, 1001, 1001, 1001, 1001, 1500, 1500, 1500, 1500]
[1499, 1500, 1600, 1500, 2011, 1269, 1249, 1400, 1001, 1001, 1001, 1001, 1500, 1500, 1500, 1500]
[1499, 1500, 1600, 1500, 2011, 1269, 1249, 1400, 1001, 1001, 1001, 1001, 1500, 1500, 1500, 1500]
14:53:23.261200 Navigation got ALT: 0.08
[1500, 1500, 1600, 1500, 2011, 890, 988, 1600, 1001, 1001, 1001, 1001, 1500, 1500, 1500, 1500]
[1500, 1500, 1600, 1500, 2011, 890, 988, 1600, 1001, 1001, 1001, 1001, 1500, 1500, 1500, 1500]
[1500, 1500, 1600, 1500, 2011, 890, 988, 1600, 1001, 1001, 1001, 1001, 1500, 1500, 1500, 1500]
14:53:23.284169 ALT: 0.08
14:53:23.284317 ATT: [2.0, -1.2, 253]
14:53:23.284778 ACC: [10, 20, 515]
[1500, 1500, 1600, 1500, 2011, 890, 988, 1600, 1001, 1001, 1001, 1001, 1500, 1500, 1500, 1500]
[1500, 1500, 1600, 1500, 2011, 890, 988, 1600, 1001, 1001, 1001, 1001, 1500, 1500, 1500, 1500]
14:53:23.295402 Navigation got ALT: 0.08
[1500, 1500, 1600, 1500, 2011, 890, 988, 1600, 1001, 1001, 1001, 1001, 1500, 1500, 1500, 1500]
[1500, 1500, 1600, 1500, 2011, 890, 988, 1600, 1001, 1001, 1001, 1001, 1500, 1500, 1500, 1500]
[1500, 1500, 1600, 1500, 2011, 890, 988, 1600, 1001, 1001, 1001, 1001, 1500, 1500, 1500, 1500]
[1500, 1500, 1600, 1500, 2011, 890, 988, 1600, 1001, 1001, 1001, 1001, 1500, 1500, 1500, 1500]
[1500, 1500, 1600, 1500, 2011, 890, 988, 1600, 1001, 1001, 1001, 1001, 1500, 1500, 1500, 1500]
14:53:23.328519 Navigation got ALT: 0.08
[1499, 1500, 1600, 1500, 2011, 890, 988, 1598, 1001, 1001, 1001, 1001, 1500, 1500, 1500, 1500]
14:53:23.331221 ALT: 0.08
14:53:23.331313 ATT: [2.0, -1.2, 253]
14:53:23.331619 ACC: [11, 18, 518]
[1499, 1500, 1600, 1500, 2011, 890, 988, 1598, 1001, 1001, 1001, 1001, 1500, 1500, 1500, 1500]
[1499, 1500, 1600, 1500, 2011, 890, 988, 1598, 1001, 1001, 1001, 1001, 1500, 1500, 1500, 1500]
[1499, 1500, 1600, 1500, 2011, 890, 988, 1598, 1001, 1001, 1001, 1001, 1500, 1500, 1500, 1500]
[1499, 1500, 1600, 1500, 2011, 890, 988, 1598, 1001, 1001, 1001, 1001, 1500, 1500, 1500, 1500]
14:53:23.362099 Navigation got ALT: 0.08
[1500, 1499, 1600, 1500, 2011, 890, 988, 1600, 1001, 1001, 1001, 1001, 1500, 1500, 1500, 1500]
[1500, 1499, 1600, 1500, 2011, 890, 988, 1600, 1001, 1001, 1001, 1001, 1500, 1500, 1500, 1500]
[1500, 1499, 1600, 1500, 2011, 890, 988, 1600, 1001, 1001, 1001, 1001, 1500, 1500, 1500, 1500]
14:53:23.379402 ALT: 0.08
14:53:23.379529 ATT: [2.0, -1.2, 253]
14:53:23.379998 ACC: [10, 19, 517]
[1500, 1499, 1600, 1500, 2011, 890, 988, 1600, 1001, 1001, 1001, 1001, 1500, 1500, 1500, 1500]
[1500, 1499, 1600, 1500, 2011, 890, 988, 1600, 1001, 1001, 1001, 1001, 1500, 1500, 1500, 1500]
14:53:23.395618 Navigation got ALT: 0.08
[1500, 1500, 1600, 1500, 2011, 890, 988, 1598, 1001, 1001, 1001, 1001, 1500, 1500, 1500, 1500]
[1500, 1500, 1600, 1500, 2011, 890, 988, 1598, 1001, 1001, 1001, 1001, 1500, 1500, 1500, 1500]
[1500, 1500, 1600, 1500, 2011, 890, 988, 1598, 1001, 1001, 1001, 1001, 1500, 1500, 1500, 1500]
[1500, 1500, 1600, 1500, 2011, 890, 988, 1598, 1001, 1001, 1001, 1001, 1500, 1500, 1500, 1500]
[1500, 1500, 1600, 1500, 2011, 890, 988, 1598, 1001, 1001, 1001, 1001, 1500, 1500, 1500, 1500]
14:53:23.428150 ALT: 0.08
14:53:23.428478 ATT: [2.0, -1.2, 253]
14:53:23.429792 ACC: [10, 17, 517]
14:53:23.431331 Navigation got ALT: 0.08
[1500, 1499, 1600, 1500, 2011, 890, 988, 1600, 1001, 1001, 1001, 1001, 1500, 1500, 1500, 1500]
[1500, 1499, 1600, 1500, 2011, 890, 988, 1600, 1001, 1001, 1001, 1001, 1500, 1500, 1500, 1500]
[1500, 1499, 1600, 1500, 2011, 890, 988, 1600, 1001, 1001, 1001, 1001, 1500, 1500, 1500, 1500]
[1500, 1499, 1600, 1500, 2011, 890, 988, 1600, 1001, 1001, 1001, 1001, 1500, 1500, 1500, 1500]
[1500, 1499, 1600, 1500, 2011, 890, 988, 1600, 1001, 1001, 1001, 1001, 1500, 1500, 1500, 1500]
14:53:23.463020 Navigation got ALT: 0.08
[1500, 1499, 1600, 1500, 2011, 890, 988, 1601, 1001, 1001, 1001, 1001, 1500, 1500, 1500, 1500]
[1500, 1499, 1600, 1500, 2011, 890, 988, 1601, 1001, 1001, 1001, 1001, 1500, 1500, 1500, 1500]
14:53:23.476207 ALT: 0.08
14:53:23.476380 ATT: [2.0, -1.2, 253]
14:53:23.476735 ACC: [11, 18, 517]
[1500, 1499, 1600, 1500, 2011, 890, 988, 1601, 1001, 1001, 1001, 1001, 1500, 1500, 1500, 1500]
[1500, 1499, 1600, 1500, 2011, 890, 988, 1601, 1001, 1001, 1001, 1001, 1500, 1500, 1500, 1500]
[1500, 1499, 1600, 1500, 2011, 890, 988, 1601, 1001, 1001, 1001, 1001, 1500, 1500, 1500, 1500]
14:53:23.494871 Navigation got ALT: 0.08
[1500, 1500, 1600, 1500, 2011, 890, 988, 1600, 1001, 1001, 1001, 1001, 1500, 1500, 1500, 1500]
[1500, 1500, 1600, 1500, 2011, 890, 988, 1600, 1001, 1001, 1001, 1001, 1500, 1500, 1500, 1500]
[1500, 1500, 1600, 1500, 2011, 890, 988, 1600, 1001, 1001, 1001, 1001, 1500, 1500, 1500, 1500]
[1500, 1500, 1600, 1500, 2011, 890, 988, 1600, 1001, 1001, 1001, 1001, 1500, 1500, 1500, 1500]
[1500, 1500, 1600, 1500, 2011, 890, 988, 1600, 1001, 1001, 1001, 1001, 1500, 1500, 1500, 1500]
14:53:23.523513 ALT: 0.08
14:53:23.523651 ATT: [2.0, -1.2, 253]
14:53:23.524247 ACC: [11, 18, 517]
14:53:23.528471 Navigation got ALT: 0.08
[1500, 1499, 1600, 1500, 2011, 890, 988, 1598, 1001, 1001, 1001, 1001, 1500, 1500, 1500, 1500]
[1500, 1499, 1600, 1500, 2011, 890, 988, 1598, 1001, 1001, 1001, 1001, 1500, 1500, 1500, 1500]
[1500, 1499, 1600, 1500, 2011, 890, 988, 1598, 1001, 1001, 1001, 1001, 1500, 1500, 1500, 1500]
[1500, 1499, 1600, 1500, 2011, 890, 988, 1598, 1001, 1001, 1001, 1001, 1500, 1500, 1500, 1500]
[1500, 1499, 1600, 1500, 2011, 890, 988, 1598, 1001, 1001, 1001, 1001, 1500, 1500, 1500, 1500]
14:53:23.561497 Navigation got ALT: 0.08
[1499, 1500, 1600, 1500, 2011, 890, 988, 1598, 1001, 1001, 1001, 1001, 1500, 1500, 1500, 1500]
[1499, 1500, 1600, 1500, 2011, 890, 988, 1598, 1001, 1001, 1001, 1001, 1500, 1500, 1500, 1500]
[1499, 1500, 1600, 1500, 2011, 890, 988, 1598, 1001, 1001, 1001, 1001, 1500, 1500, 1500, 1500]
14:53:23.579209 ALT: 0.08
14:53:23.579531 ATT: [2.0, -1.2, 253]
14:53:23.582609 ACC: [10, 18, 517]
[1499, 1500, 1600, 1500, 2011, 890, 988, 1598, 1001, 1001, 1001, 1001, 1500, 1500, 1500, 1500]
[1499, 1500, 1600, 1500, 2011, 890, 988, 1598, 1001, 1001, 1001, 1001, 1500, 1500, 1500, 1500]
14:53:23.594839 Navigation got ALT: 0.08
[1500, 1500, 1600, 1500, 2011, 890, 988, 1600, 1001, 1001, 1001, 1001, 1500, 1500, 1500, 1500]
[1500, 1500, 1600, 1500, 2011, 890, 988, 1600, 1001, 1001, 1001, 1001, 1500, 1500, 1500, 1500]
[1500, 1500, 1600, 1500, 2011, 890, 988, 1600, 1001, 1001, 1001, 1001, 1500, 1500, 1500, 1500]
[1500, 1500, 1600, 1500, 2011, 890, 988, 1600, 1001, 1001, 1001, 1001, 1500, 1500, 1500, 1500]
14:53:23.620685 ALT: 0.08
14:53:23.620788 ATT: [2.0, -1.2, 253]
[1500, 1500, 1600, 1500, 2011, 890, 988, 1600, 1001, 1001, 1001, 1001, 1500, 1500, 1500, 1500]
14:53:23.623256 ACC: [11, 19, 517]
14:53:23.628015 Navigation got ALT: 0.08
[1500, 1500, 1600, 1500, 2011, 890, 988, 1598, 1001, 1001, 1001, 1001, 1500, 1500, 1500, 1500]
[1500, 1500, 1600, 1500, 2011, 890, 988, 1598, 1001, 1001, 1001, 1001, 1500, 1500, 1500, 1500]
[1500, 1500, 1600, 1500, 2011, 890, 988, 1598, 1001, 1001, 1001, 1001, 1500, 1500, 1500, 1500]
[1500, 1500, 1600, 1500, 2011, 890, 988, 1598, 1001, 1001, 1001, 1001, 1500, 1500, 1500, 1500]
[1500, 1500, 1600, 1500, 2011, 890, 988, 1598, 1001, 1001, 1001, 1001, 1500, 1500, 1500, 1500]
14:53:23.662041 Navigation got ALT: 0.08
[1499, 1500, 1600, 1500, 2011, 890, 988, 1600, 1001, 1001, 1001, 1001, 1500, 1500, 1500, 1500]
[1499, 1500, 1600, 1500, 2011, 890, 988, 1600, 1001, 1001, 1001, 1001, 1500, 1500, 1500, 1500]
14:53:23.673551 ALT: 0.08
14:53:23.673678 ATT: [2.0, -1.2, 253]
[1499, 1500, 1600, 1500, 2011, 890, 988, 1600, 1001, 1001, 1001, 1001, 1500, 1500, 1500, 1500]
14:53:23.677205 ACC: [10, 18, 517]
[1499, 1500, 1600, 1500, 2011, 890, 988, 1600, 1001, 1001, 1001, 1001, 1500, 1500, 1500, 1500]
[1499, 1500, 1600, 1500, 2011, 890, 988, 1600, 1001, 1001, 1001, 1001, 1500, 1500, 1500, 1500]
14:53:23.694745 Navigation got ALT: 0.08
[1500, 1500, 1600, 1500, 2011, 890, 988, 1600, 1001, 1001, 1001, 1001, 1500, 1500, 1500, 1500]
[1500, 1500, 1600, 1500, 2011, 890, 988, 1600, 1001, 1001, 1001, 1001, 1500, 1500, 1500, 1500]
[1500, 1500, 1600, 1500, 2011, 890, 988, 1600, 1001, 1001, 1001, 1001, 1500, 1500, 1500, 1500]
[1500, 1500, 1600, 1500, 2011, 890, 988, 1600, 1001, 1001, 1001, 1001, 1500, 1500, 1500, 1500]
[1500, 1500, 1600, 1500, 2011, 890, 988, 1600, 1001, 1001, 1001, 1001, 1500, 1500, 1500, 1500]
14:53:23.727988 Navigation got ALT: 0.08
[1500, 1499, 1600, 1500, 2011, 890, 988, 1600, 1001, 1001, 1001, 1001, 1500, 1500, 1500, 1500]
14:53:23.731331 ALT: 0.08
14:53:23.731432 ATT: [2.0, -1.2, 253]
14:53:23.731710 ACC: [10, 19, 519]
[1500, 1499, 1600, 1500, 2011, 890, 988, 1600, 1001, 1001, 1001, 1001, 1500, 1500, 1500, 1500]
[1500, 1499, 1600, 1500, 2011, 890, 988, 1600, 1001, 1001, 1001, 1001, 1500, 1500, 1500, 1500]
[1500, 1499, 1600, 1500, 2011, 890, 988, 1600, 1001, 1001, 1001, 1001, 1500, 1500, 1500, 1500]
[1500, 1499, 1600, 1500, 2011, 890, 988, 1600, 1001, 1001, 1001, 1001, 1500, 1500, 1500, 1500]
14:53:23.761263 Navigation got ALT: 0.08
[1499, 1500, 1600, 1500, 2011, 890, 988, 1600, 1001, 1001, 1001, 1001, 1500, 1500, 1500, 1500]
[1499, 1500, 1600, 1500, 2011, 890, 988, 1600, 1001, 1001, 1001, 1001, 1500, 1500, 1500, 1500]
[1499, 1500, 1600, 1500, 2011, 890, 988, 1600, 1001, 1001, 1001, 1001, 1500, 1500, 1500, 1500]
14:53:23.779785 ALT: 0.08
14:53:23.779925 ATT: [2.0, -1.2, 253]
14:53:23.780226 ACC: [10, 19, 519]
[1499, 1500, 1600, 1500, 2011, 890, 988, 1600, 1001, 1001, 1001, 1001, 1500, 1500, 1500, 1500]
[1499, 1500, 1600, 1500, 2011, 890, 988, 1600, 1001, 1001, 1001, 1001, 1500, 1500, 1500, 1500]
14:53:23.795082 Navigation got ALT: 0.08
[1500, 1499, 1600, 1500, 2011, 890, 988, 1600, 1001, 1001, 1001, 1001, 1500, 1500, 1500, 1500]
[1500, 1499, 1600, 1500, 2011, 890, 988, 1600, 1001, 1001, 1001, 1001, 1500, 1500, 1500, 1500]
[1500, 1499, 1600, 1500, 2011, 890, 988, 1600, 1001, 1001, 1001, 1001, 1500, 1500, 1500, 1500]
[1500, 1499, 1600, 1500, 2011, 890, 988, 1600, 1001, 1001, 1001, 1001, 1500, 1500, 1500, 1500]
[1500, 1499, 1600, 1500, 2011, 890, 988, 1600, 1001, 1001, 1001, 1001, 1500, 1500, 1500, 1500]
14:53:23.827383 ALT: 0.08
14:53:23.827532 ATT: [2.0, -1.2, 253]
14:53:23.828510 ACC: [11, 19, 517]
14:53:23.831168 Navigation got ALT: 0.08
[1499, 1500, 1600, 1500, 2011, 890, 988, 1598, 1001, 1001, 1001, 1001, 1500, 1500, 1500, 1500]
[1499, 1500, 1600, 1500, 2011, 890, 988, 1598, 1001, 1001, 1001, 1001, 1500, 1500, 1500, 1500]
[1499, 1500, 1600, 1500, 2011, 890, 988, 1598, 1001, 1001, 1001, 1001, 1500, 1500, 1500, 1500]
[1499, 1500, 1600, 1500, 2011, 890, 988, 1598, 1001, 1001, 1001, 1001, 1500, 1500, 1500, 1500]
[1499, 1500, 1600, 1500, 2011, 890, 988, 1598, 1001, 1001, 1001, 1001, 1500, 1500, 1500, 1500]
14:53:23.861767 Navigation got ALT: 0.08
[1500, 1500, 1600, 1500, 2011, 890, 988, 1598, 1001, 1001, 1001, 1001, 1500, 1500, 1500, 1500]
[1500, 1500, 1600, 1500, 2011, 890, 988, 1598, 1001, 1001, 1001, 1001, 1500, 1500, 1500, 1500]
[1500, 1500, 1600, 1500, 2011, 890, 988, 1598, 1001, 1001, 1001, 1001, 1500, 1500, 1500, 1500]
[1500, 1500, 1600, 1500, 2011, 890, 988, 1598, 1001, 1001, 1001, 1001, 1500, 1500, 1500, 1500]
[1500, 1500, 1600, 1500, 2011, 890, 988, 1598, 1001, 1001, 1001, 1001, 1500, 1500, 1500, 1500]
14:53:23.892953 ALT: 0.08
14:53:23.893430 ATT: [2.0, -1.2, 253]
14:53:23.893974 ACC: [10, 19, 518]
14:53:23.895611 Navigation got ALT: 0.08
[1500, 1500, 1600, 1500, 2009, 890, 988, 1598, 1001, 1001, 1001, 1001, 1500, 1500, 1500, 1500]
[1500, 1500, 1600, 1500, 2009, 890, 988, 1598, 1001, 1001, 1001, 1001, 1500, 1500, 1500, 1500]
[1500, 1500, 1600, 1500, 2009, 890, 988, 1598, 1001, 1001, 1001, 1001, 1500, 1500, 1500, 1500]
[1500, 1500, 1600, 1500, 2009, 890, 988, 1598, 1001, 1001, 1001, 1001, 1500, 1500, 1500, 1500]
[1500, 1500, 1600, 1500, 2009, 890, 988, 1598, 1001, 1001, 1001, 1001, 1500, 1500, 1500, 1500]
14:53:23.928470 Navigation got ALT: 0.08
[1499, 1500, 1600, 1500, 2011, 890, 988, 1600, 1001, 1001, 1001, 1001, 1500, 1500, 1500, 1500]
[1499, 1500, 1600, 1500, 2011, 890, 988, 1600, 1001, 1001, 1001, 1001, 1500, 1500, 1500, 1500]
[1499, 1500, 1600, 1500, 2011, 890, 988, 1600, 1001, 1001, 1001, 1001, 1500, 1500, 1500, 1500]
14:53:23.941881 ALT: 0.08
14:53:23.941971 ATT: [2.0, -1.2, 253]
14:53:23.942304 ACC: [11, 18, 516]
[1499, 1500, 1600, 1500, 2011, 890, 988, 1600, 1001, 1001, 1001, 1001, 1500, 1500, 1500, 1500]
[1499, 1500, 1600, 1500, 2011, 890, 988, 1600, 1001, 1001, 1001, 1001, 1500, 1500, 1500, 1500]
14:53:23.964632 Navigation got ALT: 0.08
[1499, 1500, 1600, 1501, 2009, 890, 988, 1600, 1001, 1001, 1001, 1001, 1500, 1500, 1500, 1500]
[1499, 1500, 1600, 1501, 2009, 890, 988, 1600, 1001, 1001, 1001, 1001, 1500, 1500, 1500, 1500]
[1499, 1500, 1600, 1501, 2009, 890, 988, 1600, 1001, 1001, 1001, 1001, 1500, 1500, 1500, 1500]
[1499, 1500, 1600, 1501, 2009, 890, 988, 1600, 1001, 1001, 1001, 1001, 1500, 1500, 1500, 1500]
[1499, 1500, 1600, 1501, 2009, 890, 988, 1600, 1001, 1001, 1001, 1001, 1500, 1500, 1500, 1500]
14:53:23.989639 ALT: 0.08
14:53:23.989799 ATT: [2.0, -1.2, 253]
14:53:23.990212 ACC: [10, 20, 516]
14:53:24.009829 Navigation got ALT: 0.08
[1500, 1500, 1600, 1500, 2011, 890, 988, 1600, 1001, 1001, 1001, 1001, 1500, 1500, 1500, 1500]
[1500, 1500, 1600, 1500, 2011, 890, 988, 1600, 1001, 1001, 1001, 1001, 1500, 1500, 1500, 1500]
[1500, 1500, 1600, 1500, 2011, 890, 988, 1600, 1001, 1001, 1001, 1001, 1500, 1500, 1500, 1500]
[1500, 1500, 1600, 1500, 2011, 890, 988, 1600, 1001, 1001, 1001, 1001, 1500, 1500, 1500, 1500]
[1500, 1500, 1600, 1500, 2011, 890, 988, 1600, 1001, 1001, 1001, 1001, 1500, 1500, 1500, 1500]
[1500, 1500, 1600, 1500, 2011, 890, 988, 1600, 1001, 1001, 1001, 1001, 1500, 1500, 1500, 1500]
[1500, 1500, 1600, 1500, 2011, 890, 988, 1600, 1001, 1001, 1001, 1001, 1500, 1500, 1500, 1500]
14:53:24.035381 ALT: 0.08
14:53:24.035478 ATT: [2.0, -1.2, 253]
14:53:24.035772 ACC: [11, 18, 515]
14:53:24.045970 Navigation got ALT: 0.08
[1500, 1500, 1600, 1500, 2011, 988, 988, 1600, 1001, 1001, 1001, 1001, 1500, 1500, 1500, 1500]
[1500, 1500, 1600, 1500, 2011, 988, 988, 1600, 1001, 1001, 1001, 1001, 1500, 1500, 1500, 1500]
[1500, 1500, 1600, 1500, 2011, 988, 988, 1600, 1001, 1001, 1001, 1001, 1500, 1500, 1500, 1500]
[1500, 1500, 1600, 1500, 2011, 988, 988, 1600, 1001, 1001, 1001, 1001, 1500, 1500, 1500, 1500]
[1500, 1500, 1600, 1500, 2011, 988, 988, 1600, 1001, 1001, 1001, 1001, 1500, 1500, 1500, 1500]
[1500, 1500, 1600, 1500, 2011, 988, 988, 1600, 1001, 1001, 1001, 1001, 1500, 1500, 1500, 1500]
14:53:24.081714 Navigation got ALT: 0.08
*** TARGETING mode ***
* Target Target(8, 147) received.
Anchor YAW: None, current YAW: 253
14:53:24.083319 ALT: 0.08
14:53:24.083431 ATT: [2.0, -1.2, 253]
14:53:24.083934 ACC: [10, 18, 517]
14:53:24.131471 ALT: 0.08
14:53:24.131716 ATT: [2.0, -1.2, 253]
14:53:24.132074 ACC: [10, 20, 517]
14:53:24.179591 ALT: 0.08
14:53:24.179724 ATT: [2.0, -1.2, 253]
14:53:24.180114 ACC: [11, 18, 518]
14:53:24.229545 ALT: 0.08
14:53:24.229668 ATT: [2.0, -1.2, 253]
14:53:24.229850 ACC: [12, 18, 519]
14:53:24.275713 ALT: 0.08
14:53:24.275863 ATT: [2.0, -1.2, 253]
14:53:24.276097 ACC: [11, 19, 518]
14:53:24.323715 ALT: 0.08
14:53:24.323908 ATT: [2.0, -1.2, 253]
14:53:24.324232 ACC: [11, 18, 517]
14:53:24.371613 ALT: 0.08
14:53:24.371814 ATT: [2.0, -1.2, 253]
14:53:24.372191 ACC: [11, 17, 519]
14:53:24.419400 ALT: 0.08
14:53:24.419599 ATT: [2.0, -1.2, 253]
14:53:24.420192 ACC: [10, 20, 519]
14:53:24.467408 ALT: 0.08
14:53:24.467543 ATT: [2.0, -1.2, 253]
14:53:24.467866 ACC: [10, 19, 516]
14:53:24.515551 ALT: 0.08
14:53:24.515700 ATT: [2.0, -1.2, 253]
14:53:24.515906 ACC: [10, 19, 517]
14:53:24.563436 ALT: 0.08
14:53:24.563567 ATT: [2.0, -1.2, 253]
14:53:24.563762 ACC: [10, 20, 516]
14:53:24.612065 ALT: 0.08
14:53:24.612263 ATT: [2.0, -1.2, 253]
14:53:24.612549 ACC: [11, 20, 518]
14:53:24.660321 ALT: 0.08
14:53:24.660778 ATT: [2.0, -1.2, 253]
14:53:24.661387 ACC: [11, 18, 518]
14:53:24.707716 ALT: 0.08
14:53:24.707854 ATT: [2.0, -1.2, 253]
14:53:24.708177 ACC: [11, 19, 520]
14:53:24.756504 ALT: 0.08
14:53:24.756666 ATT: [2.0, -1.2, 253]
14:53:24.756912 ACC: [11, 19, 519]
14:53:24.803511 ALT: 0.08
14:53:24.803614 ATT: [2.0, -1.2, 253]
14:53:24.803780 ACC: [11, 20, 517]
14:53:24.852604 ALT: 0.08
14:53:24.852920 ATT: [2.0, -1.2, 253]
14:53:24.853358 ACC: [10, 18, 516]
14:53:24.899641 ALT: 0.08
14:53:24.899868 ATT: [2.0, -1.2, 253]
14:53:24.900145 ACC: [12, 18, 517]
14:53:24.947511 ALT: 0.08
14:53:24.947628 ATT: [2.0, -1.2, 253]
14:53:24.947787 ACC: [11, 18, 517]
14:53:24.995803 ALT: 0.08
14:53:24.996027 ATT: [2.0, -1.2, 253]
14:53:24.996362 ACC: [10, 20, 518]
14:53:25.043620 ALT: 0.08
14:53:25.043753 ATT: [2.0, -1.2, 253]
14:53:25.043942 ACC: [11, 18, 519]
14:53:25.107807 ALT: 0.08
14:53:25.107942 ATT: [2.0, -1.2, 253]
14:53:25.108301 ACC: [10, 18, 519]
14:53:25.156665 ALT: 0.08
14:53:25.157149 ATT: [2.0, -1.2, 253]
14:53:25.158246 ACC: [10, 19, 516]
14:53:25.203987 ALT: 0.08
14:53:25.204147 ATT: [2.0, -1.2, 253]
14:53:25.204729 ACC: [12, 18, 518]
14:53:25.251784 ALT: 0.08
14:53:25.251922 ATT: [2.0, -1.2, 253]
14:53:25.252215 ACC: [11, 18, 518]
14:53:25.299658 ALT: 0.08
14:53:25.299861 ATT: [2.0, -1.2, 253]
14:53:25.300150 ACC: [11, 18, 518]
14:53:25.347420 ALT: 0.08
14:53:25.347520 ATT: [2.0, -1.2, 253]
14:53:25.347671 ACC: [10, 18, 518]
14:53:25.395854 ALT: 0.08
14:53:25.396107 ATT: [2.0, -1.2, 253]
14:53:25.396452 ACC: [10, 19, 516]
14:53:25.443628 ALT: 0.08
14:53:25.443743 ATT: [2.0, -1.2, 253]
14:53:25.443926 ACC: [11, 18, 517]
14:53:25.492385 ALT: 0.08
14:53:25.492649 ATT: [2.0, -1.2, 253]
14:53:25.493183 ACC: [11, 18, 519]
14:53:25.539668 ALT: 0.08
14:53:25.539994 ATT: [2.0, -1.2, 253]
14:53:25.540301 ACC: [11, 19, 517]
14:53:25.587735 ALT: 0.08
14:53:25.587876 ATT: [2.0, -1.2, 253]
14:53:25.588116 ACC: [11, 18, 517]
14:53:25.635832 ALT: 0.08
14:53:25.635984 ATT: [2.0, -1.2, 253]
14:53:25.636376 ACC: [15, 18, 515]
14:53:25.683633 ALT: 0.08
14:53:25.683739 ATT: [2.0, -1.2, 253]
14:53:25.683905 ACC: [13, 17, 515]
14:53:25.731937 ALT: 0.08
14:53:25.732152 ATT: [2.0, -1.2, 253]
14:53:25.732370 ACC: [10, 20, 517]
14:53:25.779904 ALT: 0.08
14:53:25.780110 ATT: [2.1, -1.2, 253]
14:53:25.780373 ACC: [8, 20, 519]
14:53:25.828235 ALT: 0.08
14:53:25.828595 ATT: [2.1, -1.2, 253]
14:53:25.828985 ACC: [10, 20, 517]
14:53:25.875986 ALT: 0.08
14:53:25.876098 ATT: [2.2, -1.1, 253]
14:53:25.876327 ACC: [9, 20, 518]
14:53:25.923744 ALT: 0.08
14:53:25.923978 ATT: [2.2, -1.1, 253]
14:53:25.924209 ACC: [9, 20, 518]
14:53:25.971911 ALT: 0.08
14:53:25.972097 ATT: [2.2, -1.1, 253]
14:53:25.972443 ACC: [9, 20, 518]
14:53:26.019547 ALT: 0.08
14:53:26.019647 ATT: [2.2, -1.1, 253]
14:53:26.019829 ACC: [9, 20, 518]
14:53:26.069713 ALT: 0.08
14:53:26.069859 ATT: [2.2, -1.1, 253]
14:53:26.070060 ACC: [9, 20, 517]
14:53:26.115715 ALT: 0.08
14:53:26.115853 ATT: [2.2, -1.1, 253]
14:53:26.116120 ACC: [9, 20, 517]
14:53:26.163695 ALT: 0.08
14:53:26.163834 ATT: [2.2, -1.0, 253]
14:53:26.164026 ACC: [9, 20, 517]
14:53:26.212557 ALT: 0.08
14:53:26.212668 ATT: [2.2, -1.0, 253]
14:53:26.212848 ACC: [9, 20, 517]
14:53:26.261030 ALT: 0.08
14:53:26.261541 ATT: [2.2, -1.0, 254]
14:53:26.262107 ACC: [9, 20, 517]
14:53:26.307777 ALT: 0.08
14:53:26.307891 ATT: [2.2, -1.1, 254]
14:53:26.308311 ACC: [10, 20, 517]
14:53:26.355646 ALT: 0.08
14:53:26.355829 ATT: [2.2, -1.1, 254]
14:53:26.356068 ACC: [10, 20, 517]
14:53:26.404557 ALT: 0.08
14:53:26.404898 ATT: [2.2, -1.1, 254]
14:53:26.405353 ACC: [10, 20, 517]
14:53:26.452043 ALT: 0.08
14:53:26.452238 ATT: [2.2, -1.1, 254]
14:53:26.452519 ACC: [10, 20, 518]
14:53:26.500351 ALT: 0.08
14:53:26.500746 ATT: [2.2, -1.1, 254]
14:53:26.501460 ACC: [9, 20, 517]
14:53:26.548185 ALT: 0.08
14:53:26.548276 ATT: [2.2, -1.1, 254]
14:53:26.548423 ACC: [9, 20, 517]
14:53:26.595979 ALT: 0.08
14:53:26.596147 ATT: [2.2, -1.1, 254]
14:53:26.596481 ACC: [10, 20, 518]
14:53:26.643901 ALT: 0.08
14:53:26.644267 ATT: [2.2, -1.1, 254]
14:53:26.645160 ACC: [9, 20, 518]
14:53:26.692025 ALT: 0.08
14:53:26.692194 ATT: [2.2, -1.1, 254]
14:53:26.692404 ACC: [10, 20, 518]
14:53:26.740123 ALT: 0.08
14:53:26.740277 ATT: [2.2, -1.1, 254]
14:53:26.740622 ACC: [9, 20, 517]
14:53:26.788098 ALT: 0.08
14:53:26.788258 ATT: [2.2, -1.1, 254]
14:53:26.788630 ACC: [9, 20, 518]
14:53:26.835886 ALT: 0.08
14:53:26.836011 ATT: [2.2, -1.1, 254]
14:53:26.836200 ACC: [10, 20, 518]
14:53:26.883762 ALT: 0.08
14:53:26.883874 ATT: [2.2, -1.1, 254]
14:53:26.884039 ACC: [9, 21, 518]
14:53:26.931874 ALT: 0.08
14:53:26.932012 ATT: [2.2, -1.1, 254]
14:53:26.932244 ACC: [9, 20, 517]
14:53:26.980390 ALT: 0.08
14:53:26.980781 ATT: [2.2, -1.1, 254]
14:53:26.981318 ACC: [10, 20, 518]
14:53:27.028101 ALT: 0.08
14:53:27.028275 ATT: [2.2, -1.1, 254]
14:53:27.028624 ACC: [9, 20, 518]
14:53:27.076047 ALT: 0.08
14:53:27.076240 ATT: [2.2, -1.1, 254]
14:53:27.076590 ACC: [9, 20, 517]
14:53:27.139908 ALT: 0.08
14:53:27.140052 ATT: [2.2, -1.1, 254]
14:53:27.140279 ACC: [10, 20, 518]
14:53:27.188256 ALT: 0.08
14:53:27.188608 ATT: [2.2, -1.1, 254]
14:53:27.188963 ACC: [10, 20, 517]
14:53:27.236133 ALT: 0.08
14:53:27.236429 ATT: [2.2, -1.1, 254]
14:53:27.236983 ACC: [10, 21, 518]
14:53:27.284287 ALT: 0.08
14:53:27.284625 ATT: [2.2, -1.1, 254]
14:53:27.285035 ACC: [10, 21, 518]
14:53:27.332261 ALT: 0.08
14:53:27.332504 ATT: [2.2, -1.1, 254]
14:53:27.332849 ACC: [10, 20, 518]
14:53:27.380704 ALT: 0.08
14:53:27.381340 ATT: [2.2, -1.1, 253]
14:53:27.386841 ACC: [9, 20, 518]
14:53:27.427990 ALT: 0.08
14:53:27.428149 ATT: [2.2, -1.1, 253]
14:53:27.428400 ACC: [10, 20, 517]
14:53:27.477837 ALT: 0.08
14:53:27.478054 ATT: [2.2, -1.1, 253]
14:53:27.478362 ACC: [10, 20, 517]
14:53:27.524673 ALT: 0.08
14:53:27.525017 ATT: [2.2, -1.1, 253]
14:53:27.526201 ACC: [10, 20, 517]
14:53:27.571925 ALT: 0.08
14:53:27.572045 ATT: [2.2, -1.1, 253]
14:53:27.572219 ACC: [9, 21, 517]
14:53:27.620242 ALT: 0.08
14:53:27.620428 ATT: [2.2, -1.1, 253]
14:53:27.620754 ACC: [9, 20, 518]
14:53:27.669805 ALT: 0.08
14:53:27.669970 ATT: [2.2, -1.1, 253]
14:53:27.670322 ACC: [10, 20, 517]
14:53:27.715847 ALT: 0.08
14:53:27.715961 ATT: [2.2, -1.1, 253]
14:53:27.716134 ACC: [9, 21, 517]
14:53:27.764174 ALT: 0.08
14:53:27.764327 ATT: [2.2, -1.1, 253]
14:53:27.764712 ACC: [10, 20, 517]
14:53:27.811974 ALT: 0.08
14:53:27.812192 ATT: [2.2, -1.1, 253]
14:53:27.812408 ACC: [9, 20, 518]
14:53:27.860153 ALT: 0.08
14:53:27.860315 ATT: [2.2, -1.1, 253]
14:53:27.860558 ACC: [10, 20, 518]
14:53:27.908291 ALT: 0.08
14:53:27.908485 ATT: [2.2, -1.1, 253]
14:53:27.909157 ACC: [10, 20, 517]
14:53:27.956791 ALT: 0.08
14:53:27.957381 ATT: [2.2, -1.1, 253]
14:53:27.958247 ACC: [10, 21, 517]
14:53:28.004199 ALT: 0.08
14:53:28.004383 ATT: [2.2, -1.1, 253]
14:53:28.004685 ACC: [9, 20, 518]
14:53:28.052044 ALT: 0.08
14:53:28.052170 ATT: [2.2, -1.1, 253]
14:53:28.052375 ACC: [10, 20, 517]
14:53:28.100003 ALT: 0.08
14:53:28.100122 ATT: [2.2, -1.1, 253]
14:53:28.100295 ACC: [9, 20, 517]
14:53:28.148190 ALT: 0.08
14:53:28.148321 ATT: [2.2, -1.1, 253]
14:53:28.148758 ACC: [9, 20, 518]
14:53:28.196230 ALT: 0.08
14:53:28.196389 ATT: [2.2, -1.1, 253]
14:53:28.196698 ACC: [10, 20, 517]
14:53:28.243926 ALT: 0.08
14:53:28.244031 ATT: [2.2, -1.1, 253]
14:53:28.244198 ACC: [10, 20, 518]
14:53:28.291962 ALT: 0.08
14:53:28.292072 ATT: [2.2, -1.1, 253]
14:53:28.292292 ACC: [9, 20, 518]
14:53:28.340330 ALT: 0.08
14:53:28.340440 ATT: [2.2, -1.1, 253]
14:53:28.340628 ACC: [9, 20, 518]
14:53:28.388042 ALT: 0.08
14:53:28.388182 ATT: [2.2, -1.1, 253]
14:53:28.388437 ACC: [10, 20, 517]
14:53:28.436097 ALT: 0.08
14:53:28.436218 ATT: [2.2, -1.1, 253]
14:53:28.436473 ACC: [10, 20, 517]
14:53:28.484366 ALT: 0.08
14:53:28.484748 ATT: [2.2, -1.1, 253]
14:53:28.485028 ACC: [10, 20, 518]
14:53:28.532076 ALT: 0.08
14:53:28.532221 ATT: [2.2, -1.1, 253]
14:53:28.532439 ACC: [10, 20, 518]
14:53:28.580221 ALT: 0.08
14:53:28.580370 ATT: [2.2, -1.1, 253]
14:53:28.580677 ACC: [10, 21, 518]
14:53:28.628196 ALT: 0.08
14:53:28.628315 ATT: [2.2, -1.1, 253]
14:53:28.628710 ACC: [9, 21, 518]
14:53:28.676106 ALT: 0.08
14:53:28.676255 ATT: [2.2, -1.1, 253]
14:53:28.676587 ACC: [10, 21, 518]
14:53:28.724052 ALT: 0.08
14:53:28.724267 ATT: [2.2, -1.1, 253]
14:53:28.724526 ACC: [9, 20, 517]
14:53:28.788174 ALT: 0.08
14:53:28.788342 ATT: [2.2, -1.1, 253]
14:53:28.788650 ACC: [9, 21, 517]
14:53:28.836226 ALT: 0.08
14:53:28.836380 ATT: [2.2, -1.1, 253]
14:53:28.836648 ACC: [9, 20, 518]
14:53:28.884096 ALT: 0.08
14:53:28.884200 ATT: [2.2, -1.1, 253]
14:53:28.884401 ACC: [10, 21, 517]
14:53:28.933014 ALT: 0.08
14:53:28.933726 ATT: [2.2, -1.1, 253]
14:53:28.934299 ACC: [9, 20, 517]
14:53:28.980294 ALT: 0.08
14:53:28.980449 ATT: [2.2, -1.1, 253]
14:53:28.980721 ACC: [9, 20, 518]
14:53:29.029447 ALT: 0.08
14:53:29.029585 ATT: [2.2, -1.1, 253]
14:53:29.029780 ACC: [10, 20, 518]
14:53:29.076990 ALT: 0.08
14:53:29.077502 ATT: [2.2, -1.1, 253]
14:53:29.077909 ACC: [9, 20, 518]
14:53:29.128671 ALT: 0.08
14:53:29.129021 ATT: [2.2, -1.1, 253]
14:53:29.129774 ACC: [9, 20, 518]
14:53:29.173563 ALT: 0.08
14:53:29.173689 ATT: [2.2, -1.1, 253]
14:53:29.173893 ACC: [9, 20, 518]
14:53:29.236220 ALT: 0.08
14:53:29.236357 ATT: [2.2, -1.1, 253]
14:53:29.236581 ACC: [9, 20, 517]
14:53:29.284254 ALT: 0.08
14:53:29.284374 ATT: [2.2, -1.1, 253]
14:53:29.284559 ACC: [10, 20, 518]
14:53:29.332367 ALT: 0.08
14:53:29.332595 ATT: [2.2, -1.1, 253]
14:53:29.332890 ACC: [9, 20, 517]
14:53:29.380181 ALT: 0.08
14:53:29.380341 ATT: [2.2, -1.1, 253]
14:53:29.380555 ACC: [9, 20, 517]
14:53:29.428590 ALT: 0.08
14:53:29.428794 ATT: [2.2, -1.1, 253]
14:53:29.429208 ACC: [8, 19, 518]
14:53:29.476221 ALT: 0.08
14:53:29.476381 ATT: [2.3, -1.1, 253]
14:53:29.476618 ACC: [9, 21, 517]
14:53:29.524324 ALT: 0.08
14:53:29.524570 ATT: [2.3, -1.1, 253]
14:53:29.524881 ACC: [26, 34, 514]
14:53:29.573495 ALT: 0.14
14:53:29.573614 ATT: [2.1, -0.9, 253]
14:53:29.573811 ACC: [-9, 13, 535]
14:53:29.620386 ALT: 0.16
14:53:29.620631 ATT: [0.9, -1.5, 253]
14:53:29.620959 ACC: [22, 76, 671]
14:53:29.668279 ALT: 0.16
14:53:29.668487 ATT: [-0.8, -2.6, 253]
14:53:29.668809 ACC: [73, 34, 688]
14:53:29.716400 ALT: 0.16
14:53:29.716593 ATT: [-1.6, -4.0, 252]
14:53:29.716924 ACC: [59, -13, 688]
14:53:29.764477 ALT: 0.16
14:53:29.764659 ATT: [-2.2, -4.3, 251]
14:53:29.764893 ACC: [70, -5, 681]
14:53:29.812249 ALT: 0.16
14:53:29.812364 ATT: [-3.9, -4.3, 250]
14:53:29.812566 ACC: [57, 25, 707]
14:53:29.860660 ALT: 0.16
14:53:29.860788 ATT: [-5.7, -5.1, 249]
14:53:29.860982 ACC: [42, 3, 671]
14:53:29.908464 ALT: 0.16
14:53:29.908598 ATT: [-7.7, -5.9, 249]
14:53:29.908792 ACC: [37, -5, 631]
14:53:29.956307 ALT: 0.16
14:53:29.956423 ATT: [-9.6, -6.1, 248]
14:53:29.956616 ACC: [28, 1, 593]
14:53:30.020545 ALT: 0.16
14:53:30.020679 ATT: [-9.7, -5.4, 248]
14:53:30.020868 ACC: [35, -16, 501]
14:53:30.068371 ALT: 0.16
14:53:30.068560 ATT: [-9.5, -5.0, 248]
14:53:30.068831 ACC: [40, -28, 456]
14:53:30.116510 ALT: 0.2
14:53:30.116719 ATT: [-9.2, -5.0, 247]
14:53:30.117008 ACC: [34, -35, 435]
14:53:30.164174 ALT: 0.24
14:53:30.164282 ATT: [-8.4, -5.5, 246]
14:53:30.164470 ACC: [31, -37, 443]
14:53:30.212619 ALT: 0.25
14:53:30.212761 ATT: [-7.0, -6.7, 245]
14:53:30.213147 ACC: [24, -52, 445]
14:53:30.260334 ALT: 0.25
14:53:30.260447 ATT: [-5.3, -8.0, 244]
14:53:30.260643 ACC: [24, -57, 463]
14:53:30.308586 ALT: 0.29
14:53:30.308716 ATT: [-4.0, -8.9, 243]
14:53:30.308944 ACC: [30, -67, 481]
14:53:30.356538 ALT: 0.32
14:53:30.356767 ATT: [-2.6, -9.9, 241]
14:53:30.357579 ACC: [25, -68, 488]
14:53:30.404280 ALT: 0.33
14:53:30.404422 ATT: [-1.8, -10.9, 239]
14:53:30.404601 ACC: [23, -69, 496]
14:53:30.452937 ALT: 0.37
14:53:30.453235 ATT: [-1.4, -11.9, 236]
14:53:30.453554 ACC: [34, -59, 505]
14:53:30.500805 ALT: 0.41
14:53:30.501150 ATT: [-1.3, -12.6, 234]
14:53:30.501592 ACC: [27, -53, 485]
14:53:30.548811 ALT: 0.42
14:53:30.549064 ATT: [-1.2, -13.2, 229]
14:53:30.549569 ACC: [41, -37, 478]
14:53:30.596899 ALT: 0.46
14:53:30.597003 ATT: [-1.0, -13.4, 227]
14:53:30.597196 ACC: [51, -35, 492]
14:53:30.644757 ALT: 0.49
14:53:30.645041 ATT: [-0.7, -12.9, 223]
14:53:30.645565 ACC: [52, -26, 474]
14:53:30.692444 ALT: 0.5
14:53:30.692611 ATT: [0.1, -12.6, 221]
14:53:30.693010 ACC: [60, -21, 430]
14:53:30.740677 ALT: 0.5
14:53:30.740867 ATT: [0.9, -12.1, 218]
14:53:30.741253 ACC: [88, -19, 412]
14:53:30.788439 ALT: 0.56
14:53:30.788570 ATT: [2.1, -11.5, 216]
14:53:30.788844 ACC: [90, -19, 404]
14:53:30.836246 ALT: 0.58
14:53:30.836355 ATT: [3.4, -10.7, 214]
14:53:30.836509 ACC: [119, -31, 406]
14:53:30.885208 ALT: 0.64
14:53:30.885638 ATT: [4.7, -9.9, 212]
14:53:30.885967 ACC: [137, -23, 404]
14:53:30.932289 ALT: 0.67
14:53:30.932408 ATT: [5.5, -9.5, 211]
14:53:30.932599 ACC: [145, -14, 435]
14:53:30.980921 ALT: 0.73
14:53:30.981048 ATT: [5.6, -10.2, 211]
14:53:30.981315 ACC: [145, -11, 440]
14:53:31.028487 ALT: 0.75
14:53:31.028751 ATT: [5.7, -10.6, 211]
14:53:31.029047 ACC: [162, -1, 445]
14:53:31.076354 ALT: 0.75
14:53:31.076468 ATT: [5.7, -10.6, 211]
14:53:31.076626 ACC: [175, -5, 456]
14:53:31.124742 ALT: 0.79
14:53:31.124847 ATT: [5.6, -10.5, 212]
14:53:31.125005 ACC: [187, 4, 470]
14:53:31.172293 ALT: 0.84
14:53:31.172397 ATT: [4.8, -10.2, 212]
14:53:31.172549 ACC: [196, -28, 501]
14:53:31.220808 ALT: 0.84
14:53:31.221132 ATT: [4.1, -8.1, 213]
14:53:31.221601 ACC: [217, -68, 531]
14:53:31.271629 ALT: 0.9
14:53:31.271741 ATT: [3.0, -5.5, 215]
14:53:31.271927 ACC: [212, -75, 519]
14:53:31.332785 ALT: 0.92
14:53:31.333037 ATT: [0.8, -4.7, 219]
14:53:31.333425 ACC: [130, -37, 527]
14:53:31.380644 ALT: 0.92
14:53:31.380824 ATT: [-0.1, -4.9, 224]
14:53:31.381245 ACC: [77, -9, 496]
14:53:31.429043 ALT: 0.98
14:53:31.429324 ATT: [-0.4, -5.2, 228]
14:53:31.429575 ACC: [50, 12, 519]
14:53:31.477574 ALT: 1.01
14:53:31.477691 ATT: [-0.3, -5.5, 234]
14:53:31.477850 ACC: [23, 26, 541]
14:53:31.524709 ALT: 1.01
14:53:31.524958 ATT: [0.2, -5.7, 239]
14:53:31.525409 ACC: [3, 27, 542]
14:53:31.572840 ALT: 1.01
14:53:31.573034 ATT: [0.7, -5.7, 243]
14:53:31.573430 ACC: [-16, 27, 531]
14:53:31.620447 ALT: 1.05
14:53:31.620559 ATT: [0.9, -5.4, 246]
14:53:31.620740 ACC: [-12, 36, 517]
14:53:31.668561 ALT: 1.08
14:53:31.668812 ATT: [1.1, -5.1, 248]
14:53:31.669299 ACC: [-8, 33, 515]
14:53:31.716451 ALT: 1.09
14:53:31.716574 ATT: [1.3, -4.7, 250]
14:53:31.716756 ACC: [0, 33, 511]
14:53:31.764377 ALT: 1.09
14:53:31.764491 ATT: [1.7, -4.3, 251]
14:53:31.764658 ACC: [9, 30, 518]
14:53:31.812756 ALT: 1.09
14:53:31.813150 ATT: [2.0, -3.8, 253]
14:53:31.813513 ACC: [12, 28, 516]
14:53:31.860536 ALT: 1.09
14:53:31.861035 ATT: [2.2, -3.4, 255]
14:53:31.861396 ACC: [20, 31, 515]
14:53:31.908701 ALT: 1.09
14:53:31.908988 ATT: [2.4, -2.9, 257]
14:53:31.909664 ACC: [19, 38, 519]
14:53:31.959252 ALT: 1.09
14:53:31.960548 ATT: [2.6, -2.5, 258]
14:53:31.961358 ACC: [22, 42, 516]
14:53:32.004391 ALT: 1.09
14:53:32.004495 ATT: [2.9, -2.4, 259]
14:53:32.004667 ACC: [15, 45, 513]
14:53:32.052769 ALT: 1.09
14:53:32.052947 ATT: [2.9, -2.2, 259]
14:53:32.053302 ACC: [11, 44, 517]
14:53:32.101034 ALT: 1.09
14:53:32.101271 ATT: [3.0, -1.9, 259]
14:53:32.101604 ACC: [7, 44, 514]
14:53:32.148806 ALT: 1.09
14:53:32.149000 ATT: [3.1, -1.5, 259]
14:53:32.149349 ACC: [8, 44, 516]
14:53:32.196847 ALT: 1.09
14:53:32.197006 ATT: [3.3, -1.5, 259]
14:53:32.197465 ACC: [12, 40, 515]
14:53:32.244755 ALT: 1.09
14:53:32.244858 ATT: [3.4, -1.8, 259]
14:53:32.245014 ACC: [18, 32, 516]
14:53:32.293070 ALT: 1.09
14:53:32.293426 ATT: [3.2, -2.5, 259]
14:53:32.293824 ACC: [26, 28, 515]
14:53:32.340956 ALT: 1.09
14:53:32.341183 ATT: [3.1, -4.0, 259]
14:53:32.341638 ACC: [40, 26, 516]
14:53:32.388887 ALT: 1.09
14:53:32.389002 ATT: [3.1, -4.8, 259]
14:53:32.389323 ACC: [49, 23, 515]
14:53:32.437428 ALT: 1.09
14:53:32.437676 ATT: [3.1, -5.2, 260]
14:53:32.438048 ACC: [41, 20, 514]
14:53:32.485348 ALT: 1.09
14:53:32.485600 ATT: [3.1, -5.3, 261]
14:53:32.486362 ACC: [57, 23, 515]
14:53:32.533407 ALT: 1.09
14:53:32.533606 ATT: [3.3, -5.6, 263]
14:53:32.533885 ACC: [56, 29, 515]
14:53:32.581413 ALT: 1.04
14:53:32.581758 ATT: [3.4, -6.0, 264]
14:53:32.582622 ACC: [65, 32, 515]
14:53:32.629155 ALT: 1.03
14:53:32.629258 ATT: [3.4, -6.4, 264]
14:53:32.629426 ACC: [68, 36, 517]
14:53:32.677608 ALT: 1.03
14:53:32.677780 ATT: [3.3, -7.1, 264]
14:53:32.678003 ACC: [71, 32, 513]
14:53:32.725346 ALT: 1.03
14:53:32.725499 ATT: [3.0, -7.6, 264]
14:53:32.725937 ACC: [70, 30, 515]
14:53:32.773857 ALT: 1.03
14:53:32.774290 ATT: [2.8, -8.2, 263]
14:53:32.774611 ACC: [74, 27, 513]
14:53:32.821700 ALT: 1.03
14:53:32.821983 ATT: [2.6, -8.8, 263]
14:53:32.822435 ACC: [70, 22, 515]
14:53:32.869965 ALT: 1.03
14:53:32.870155 ATT: [2.3, -9.1, 262]
14:53:32.870499 ACC: [73, 21, 512]
14:53:32.917602 ALT: 1.03
14:53:32.917735 ATT: [2.2, -9.3, 262]
14:53:32.918627 ACC: [73, 20, 508]
14:53:32.965686 ALT: 1.03
14:53:32.965828 ATT: [2.1, -9.4, 262]
14:53:32.966064 ACC: [75, 22, 509]
14:53:33.013862 ALT: 1.03
14:53:33.014037 ATT: [2.0, -9.3, 261]
14:53:33.014515 ACC: [66, 23, 502]
14:53:33.061718 ALT: 1.03
14:53:33.062708 ATT: [1.9, -8.6, 261]
14:53:33.063112 ACC: [63, 16, 505]
14:53:33.109828 ALT: 1.03
14:53:33.109967 ATT: [1.8, -7.1, 261]
14:53:33.110158 ACC: [65, 12, 515]
14:53:33.157919 ALT: 1.03
14:53:33.158097 ATT: [2.0, -5.3, 260]
14:53:33.158339 ACC: [52, 18, 510]
14:53:33.222388 ALT: 1.03
14:53:33.222643 ATT: [2.1, -3.2, 259]
14:53:33.223246 ACC: [46, 19, 515]
14:53:33.270173 ALT: 1.03
14:53:33.270287 ATT: [2.2, -1.8, 259]
14:53:33.270518 ACC: [28, 20, 513]
14:53:33.318335 ALT: 1.03
14:53:33.318522 ATT: [2.0, -0.7, 258]
14:53:33.318772 ACC: [23, 15, 517]
14:53:33.382318 ALT: 1.03
14:53:33.382519 ATT: [1.9, 0.2, 258]
14:53:33.382810 ACC: [14, 16, 517]
14:53:33.430328 ALT: 1.03
14:53:33.430472 ATT: [1.9, 0.7, 258]
14:53:33.430753 ACC: [18, 9, 520]
14:53:33.478144 ALT: 1.03
14:53:33.478260 ATT: [1.9, 1.1, 258]
14:53:33.478631 ACC: [0, 10, 517]
14:53:33.526631 ALT: 1.03
14:53:33.526759 ATT: [1.7, 1.5, 257]
14:53:33.526950 ACC: [-9, 12, 520]
14:53:33.574327 ALT: 1.03
14:53:33.574440 ATT: [1.5, 2.3, 257]
14:53:33.574636 ACC: [-14, 11, 516]
14:53:33.622453 ALT: 1.03
14:53:33.622587 ATT: [1.6, 3.1, 257]
14:53:33.622847 ACC: [-17, 14, 516]
14:53:33.670691 ALT: 1.03
14:53:33.670863 ATT: [1.7, 3.8, 257]
14:53:33.671107 ACC: [-21, 16, 515]
14:53:33.718388 ALT: 1.03
14:53:33.718506 ATT: [1.7, 4.2, 257]
14:53:33.718676 ACC: [-29, 12, 521]
14:53:33.766762 ALT: 1.03
14:53:33.766890 ATT: [1.7, 4.7, 257]
14:53:33.767147 ACC: [-35, 15, 520]
14:53:33.815014 ALT: 1.03
14:53:33.815175 ATT: [1.6, 5.2, 257]
14:53:33.815480 ACC: [-39, 11, 517]
14:53:33.862573 ALT: 1.03
14:53:33.862695 ATT: [1.6, 5.8, 257]
14:53:33.862897 ACC: [-49, 15, 515]
14:53:33.910549 ALT: 1.03
14:53:33.910657 ATT: [1.6, 6.3, 256]
14:53:33.910831 ACC: [-47, 14, 516]
14:53:33.958705 ALT: 1.03
14:53:33.958966 ATT: [1.7, 7.2, 256]
14:53:33.959503 ACC: [-76, 10, 516]
14:53:34.006736 ALT: 1.03
14:53:34.006853 ATT: [1.6, 8.7, 256]
14:53:34.007047 ACC: [-75, 13, 510]
14:53:34.055285 ALT: 1.03
14:53:34.055456 ATT: [1.6, 10.4, 255]
14:53:34.055685 ACC: [-92, 15, 506]
14:53:34.105837 ALT: 1.03
14:53:34.106007 ATT: [1.7, 11.4, 255]
14:53:34.106302 ACC: [-92, 23, 505]
14:53:34.153938 ALT: 1.03
14:53:34.154082 ATT: [1.8, 12.3, 255]
14:53:34.154294 ACC: [-100, 18, 505]
14:53:34.199026 ALT: 1.03
14:53:34.199161 ATT: [1.9, 12.9, 255]
14:53:34.199364 ACC: [-104, 16, 506]
14:53:34.247369 ALT: 1.03
14:53:34.247555 ATT: [2.0, 13.2, 255]
14:53:34.247914 ACC: [-105, 17, 505]
14:53:34.294965 ALT: 1.03
14:53:34.295158 ATT: [2.0, 13.0, 256]
14:53:34.295341 ACC: [-108, 19, 505]
14:53:34.343059 ALT: 1.03
14:53:34.343162 ATT: [2.1, 12.8, 256]
14:53:34.343515 ACC: [-110, 16, 506]
14:53:34.391191 ALT: 1.03
14:53:34.391326 ATT: [2.0, 12.7, 256]
14:53:34.391563 ACC: [-113, 15, 508]
14:53:34.439374 ALT: 1.03
14:53:34.439476 ATT: [1.9, 12.6, 256]
14:53:34.439707 ACC: [-114, 15, 506]
14:53:34.487681 ALT: 1.03
14:53:34.487915 ATT: [1.7, 13.1, 256]
14:53:34.488231 ACC: [-118, 14, 504]
14:53:34.537992 ALT: 1.03
14:53:34.538135 ATT: [1.6, 13.3, 256]
14:53:34.538340 ACC: [-119, 15, 502]
14:53:34.584185 ALT: 1.03
14:53:34.584491 ATT: [2.0, 13.6, 256]
14:53:34.584757 ACC: [-123, 20, 500]
14:53:34.635456 ALT: 1.03
14:53:34.635691 ATT: [2.3, 14.0, 255]
14:53:34.636005 ACC: [-123, 22, 499]
14:53:34.679905 ALT: 1.03
14:53:34.680125 ATT: [2.4, 14.7, 254]
14:53:34.680467 ACC: [-131, 21, 500]
14:53:34.728740 ALT: 1.03
14:53:34.729024 ATT: [2.5, 15.3, 254]
14:53:34.729527 ACC: [-131, 21, 501]
14:53:34.775868 ALT: 1.03
14:53:34.776041 ATT: [2.6, 16.1, 254]
14:53:34.776391 ACC: [-137, 20, 501]
14:53:34.823629 ALT: 1.03
14:53:34.823744 ATT: [2.8, 16.7, 254]
14:53:34.823927 ACC: [-135, 22, 497]
14:53:34.871772 ALT: 1.03
14:53:34.871983 ATT: [2.8, 17.0, 254]
14:53:34.872333 ACC: [-139, 21, 495]
14:53:34.919963 ALT: 1.03
14:53:34.920128 ATT: [2.8, 17.0, 255]
14:53:34.920481 ACC: [-139, 22, 493]
14:53:34.967915 ALT: 1.03
14:53:34.968109 ATT: [2.7, 16.9, 255]
14:53:34.968434 ACC: [-144, 19, 499]
14:53:35.015741 ALT: 1.03
14:53:35.015843 ATT: [2.7, 17.0, 255]
14:53:35.016006 ACC: [-143, 17, 497]
14:53:35.064129 ALT: 1.03
14:53:35.064341 ATT: [2.6, 16.9, 255]
14:53:35.064624 ACC: [-147, 15, 498]
14:53:35.112661 ALT: 1.03
14:53:35.112793 ATT: [2.1, 16.5, 256]
14:53:35.113360 ACC: [-145, 17, 496]
14:53:35.160187 ALT: 1.03
14:53:35.160402 ATT: [1.7, 16.8, 257]
14:53:35.160695 ACC: [-149, 15, 495]
14:53:35.208185 ALT: 1.03
14:53:35.208378 ATT: [2.0, 17.4, 257]
14:53:35.208595 ACC: [-155, 20, 495]
14:53:35.256109 ALT: 1.03
14:53:35.256284 ATT: [2.1, 18.7, 257]
14:53:35.256826 ACC: [-166, 18, 490]
14:53:35.313691 ALT: 1.03
14:53:35.313892 ATT: [2.3, 19.6, 257]
14:53:35.314150 ACC: [-173, 18, 487]
14:53:35.368316 ALT: 1.03
14:53:35.368447 ATT: [2.4, 20.9, 257]
14:53:35.368670 ACC: [-179, 18, 487]
14:53:35.416176 ALT: 1.03
14:53:35.416279 ATT: [2.5, 21.8, 257]
14:53:35.416445 ACC: [-183, 18, 484]
14:53:35.480252 ALT: 1.03
14:53:35.480398 ATT: [2.4, 23.1, 256]
14:53:35.480558 ACC: [-194, 22, 479]
14:53:35.528267 ALT: 1.03
14:53:35.528375 ATT: [2.3, 23.9, 255]
14:53:35.528587 ACC: [-196, 19, 474]
14:53:35.576747 ALT: 1.03
14:53:35.577156 ATT: [2.1, 24.4, 255]
14:53:35.577541 ACC: [-205, 22, 468]
14:53:35.624822 ALT: 1.03
14:53:35.625244 ATT: [1.7, 24.9, 255]
14:53:35.625907 ACC: [-211, 15, 471]
14:53:35.672462 ALT: 1.03
14:53:35.672571 ATT: [1.5, 25.4, 255]
14:53:35.672733 ACC: [-213, 12, 470]
14:53:35.720840 ALT: 1.03
14:53:35.720992 ATT: [1.5, 26.1, 255]
14:53:35.721489 ACC: [-221, 11, 470]
14:53:35.768699 ALT: 1.03
14:53:35.768902 ATT: [1.7, 26.7, 255]
14:53:35.769269 ACC: [-221, 15, 467]
14:53:35.816662 ALT: 1.03
14:53:35.816854 ATT: [2.0, 27.5, 255]
14:53:35.817679 ACC: [-232, 12, 463]
14:53:35.864692 ALT: 1.03
14:53:35.864892 ATT: [2.3, 28.4, 254]
14:53:35.865198 ACC: [-239, 13, 463]
14:53:35.912839 ALT: 1.03
14:53:35.912982 ATT: [2.4, 29.3, 254]
14:53:35.913284 ACC: [-247, 13, 456]
14:53:35.965701 ALT: 1.03
14:53:35.965896 ATT: [2.3, 29.9, 253]
14:53:35.966124 ACC: [-254, 13, 449]
14:53:36.009463 ALT: 1.03
14:53:36.009683 ATT: [2.0, 30.6, 253]
14:53:36.009998 ACC: [-251, 11, 447]
14:53:36.056770 ALT: 1.03
14:53:36.056891 ATT: [1.8, 31.1, 252]
14:53:36.057056 ACC: [-257, 15, 446]
14:53:36.104818 ALT: 1.03
14:53:36.104929 ATT: [1.6, 31.4, 252]
14:53:36.105186 ACC: [-252, 16, 437]
14:53:36.153676 ALT: 1.03
14:53:36.154144 ATT: [1.6, 31.3, 252]
14:53:36.154803 ACC: [-257, 19, 440]
14:53:36.201146 ALT: 1.03
14:53:36.201304 ATT: [1.7, 31.3, 252]
14:53:36.201574 ACC: [-261, 17, 441]
14:53:36.248973 ALT: 1.03
14:53:36.249219 ATT: [2.0, 31.2, 253]
14:53:36.249413 ACC: [-267, 15, 441]
14:53:36.297517 ALT: 1.03
14:53:36.297625 ATT: [1.4, 31.3, 255]
14:53:36.297789 ACC: [-270, 9, 443]
14:53:36.348780 ALT: 1.03
14:53:36.348957 ATT: [-0.1, 30.7, 258]
14:53:36.349279 ACC: [-256, -9, 438]
14:53:36.409327 ALT: 1.03
14:53:36.409477 ATT: [-0.3, 30.0, 259]
14:53:36.409688 ACC: [-251, -1, 442]
14:53:36.457588 ALT: 1.03
14:53:36.457787 ATT: [-0.2, 29.5, 261]
14:53:36.458165 ACC: [-265, 21, 451]
14:53:36.505631 ALT: 1.03
14:53:36.506135 ATT: [0.6, 29.3, 262]
14:53:36.507963 ACC: [-269, 26, 445]
14:53:36.554174 ALT: 1.03
14:53:36.554313 ATT: [1.4, 29.4, 261]
14:53:36.554500 ACC: [-274, 31, 441]
14:53:36.601462 ALT: 1.03
14:53:36.601571 ATT: [2.0, 29.4, 260]
14:53:36.601733 ACC: [-276, 34, 444]
14:53:36.649792 ALT: 1.03
14:53:36.650060 ATT: [2.5, 29.4, 258]
14:53:36.650674 ACC: [-267, 39, 450]
14:53:36.697841 ALT: 1.03
14:53:36.697968 ATT: [3.0, 29.3, 255]
14:53:36.698365 ACC: [-262, 41, 448]
14:53:36.745577 ALT: 1.03
14:53:36.745687 ATT: [3.5, 29.2, 254]
14:53:36.745911 ACC: [-262, 39, 446]
14:53:36.793718 ALT: 1.03
14:53:36.794112 ATT: [4.3, 29.2, 252]
14:53:36.794911 ACC: [-256, 40, 444]
14:53:36.841824 ALT: 1.03
14:53:36.841925 ATT: [5.1, 29.1, 250]
14:53:36.842081 ACC: [-255, 37, 444]
14:53:36.889509 ALT: 1.03
14:53:36.889617 ATT: [5.5, 29.0, 249]
14:53:36.889793 ACC: [-254, 30, 449]
14:53:36.937876 ALT: 1.03
14:53:36.938120 ATT: [5.6, 29.0, 248]
14:53:36.938387 ACC: [-251, 23, 451]
14:53:36.985933 ALT: 1.03
14:53:36.986054 ATT: [5.7, 28.8, 246]
14:53:36.986259 ACC: [-245, 22, 449]
14:53:37.034088 ALT: 1.03
14:53:37.034474 ATT: [5.3, 28.5, 245]
14:53:37.035068 ACC: [-236, 12, 455]
14:53:37.082006 ALT: 1.03
14:53:37.082135 ATT: [4.7, 28.1, 244]
14:53:37.082315 ACC: [-239, 28, 459]
14:53:37.130655 ALT: 1.03
14:53:37.131236 ATT: [4.3, 27.7, 243]
14:53:37.131806 ACC: [-231, 16, 457]
14:53:37.178235 ALT: 1.03
14:53:37.178384 ATT: [3.7, 27.2, 242]
14:53:37.178604 ACC: [-235, 29, 457]
14:53:37.226321 ALT: 1.03
14:53:37.226537 ATT: [3.3, 26.9, 241]
14:53:37.226848 ACC: [-236, 30, 460]
14:53:37.273885 ALT: 1.03
14:53:37.273988 ATT: [2.9, 26.9, 241]
14:53:37.274161 ACC: [-235, 26, 461]
14:53:37.322185 ALT: 1.03
14:53:37.322426 ATT: [2.5, 26.7, 242]
14:53:37.323058 ACC: [-231, 25, 459]
14:53:37.370358 ALT: 1.03
14:53:37.370547 ATT: [2.1, 26.4, 244]
14:53:37.370904 ACC: [-225, 25, 459]
14:53:37.418040 ALT: 1.03
14:53:37.418131 ATT: [2.0, 26.0, 246]
14:53:37.418268 ACC: [-222, 27, 467]
14:53:37.466047 ALT: 1.03
14:53:37.466162 ATT: [2.1, 25.7, 248]
14:53:37.466349 ACC: [-220, 27, 465]
14:53:37.514023 ALT: 1.03
14:53:37.514122 ATT: [2.3, 25.3, 250]
14:53:37.514271 ACC: [-222, 29, 462]
14:53:37.578790 ALT: 1.03
14:53:37.579090 ATT: [2.7, 25.0, 253]
14:53:37.579540 ACC: [-224, 37, 468]
14:53:37.626555 ALT: 1.03
14:53:37.626696 ATT: [3.0, 24.8, 255]
14:53:37.626885 ACC: [-218, 34, 474]
14:53:37.674571 ALT: 1.03
14:53:37.674694 ATT: [3.3, 24.6, 257]
14:53:37.674876 ACC: [-218, 36, 471]
14:53:37.722263 ALT: 1.03
14:53:37.722379 ATT: [3.6, 24.6, 260]
14:53:37.722569 ACC: [-221, 32, 468]
14:53:37.770627 ALT: 1.03
14:53:37.770773 ATT: [4.0, 24.6, 262]
14:53:37.771039 ACC: [-218, 28, 468]
14:53:37.818412 ALT: 1.03
14:53:37.818618 ATT: [4.3, 24.8, 263]
14:53:37.818959 ACC: [-218, 34, 468]
14:53:37.866398 ALT: 1.03
14:53:37.866505 ATT: [4.6, 24.9, 264]
14:53:37.866665 ACC: [-221, 35, 461]
14:53:37.914930 ALT: 1.03
14:53:37.915234 ATT: [4.7, 25.0, 266]
14:53:37.915601 ACC: [-219, 34, 464]
14:53:37.963616 ALT: 1.03
14:53:37.963794 ATT: [4.7, 25.1, 267]
14:53:37.964134 ACC: [-219, 34, 462]
14:53:38.014827 ALT: 1.03
14:53:38.015236 ATT: [4.8, 25.0, 268]
14:53:38.018869 ACC: [-217, 38, 461]
14:53:38.059289 ALT: 1.03
14:53:38.059739 ATT: [5.0, 24.8, 268]
14:53:38.060453 ACC: [-208, 41, 464]
14:53:38.112351 ALT: 1.03
14:53:38.112497 ATT: [5.2, 24.0, 269]
14:53:38.112787 ACC: [-205, 41, 465]
14:53:38.156431 ALT: 1.03
14:53:38.156551 ATT: [5.1, 23.3, 270]
14:53:38.156987 ACC: [-201, 38, 470]
14:53:38.202788 ALT: 1.03
14:53:38.202916 ATT: [4.9, 22.2, 270]
14:53:38.203176 ACC: [-204, 35, 476]
14:53:38.254426 ALT: 1.03
14:53:38.254564 ATT: [4.6, 21.5, 270]
14:53:38.254879 ACC: [-193, 37, 478]
14:53:38.299428 ALT: 1.03
14:53:38.299649 ATT: [4.3, 20.4, 270]
14:53:38.300348 ACC: [-189, 42, 481]
14:53:38.346829 ALT: 1.03
14:53:38.346933 ATT: [4.1, 19.2, 270]
14:53:38.347098 ACC: [-175, 39, 481]
14:53:38.395013 ALT: 1.03
14:53:38.395126 ATT: [3.9, 17.7, 270]
14:53:38.395307 ACC: [-169, 42, 484]
14:53:38.442979 ALT: 1.03
14:53:38.443138 ATT: [3.8, 16.6, 270]
14:53:38.443319 ACC: [-160, 36, 492]
14:53:38.491329 ALT: 1.03
14:53:38.491459 ATT: [3.5, 15.2, 271]
14:53:38.491775 ACC: [-147, 36, 494]
14:53:38.539162 ALT: 1.03
14:53:38.539303 ATT: [3.2, 13.6, 272]
14:53:38.539622 ACC: [-137, 28, 499]
14:53:38.587103 ALT: 1.03
14:53:38.587252 ATT: [3.0, 12.4, 272]
14:53:38.587474 ACC: [-124, 26, 499]
14:53:38.635355 ALT: 1.03
14:53:38.635506 ATT: [2.9, 11.4, 273]
14:53:38.635826 ACC: [-115, 26, 502]
14:53:38.683699 ALT: 1.03
14:53:38.683819 ATT: [2.9, 10.2, 273]
14:53:38.684001 ACC: [-99, 26, 506]
14:53:38.731202 ALT: 1.03
14:53:38.731332 ATT: [2.8, 9.1, 273]
14:53:38.731529 ACC: [-95, 23, 510]
14:53:38.779268 ALT: 1.03
14:53:38.779376 ATT: [2.8, 8.0, 273]
14:53:38.779557 ACC: [-81, 32, 507]
14:53:38.827376 ALT: 1.03
14:53:38.827521 ATT: [2.9, 7.2, 274]
14:53:38.827732 ACC: [-76, 30, 511]
14:53:38.875614 ALT: 1.03
14:53:38.875743 ATT: [3.0, 6.3, 274]
14:53:38.876067 ACC: [-65, 36, 512]
14:53:38.923531 ALT: 1.03
14:53:38.923684 ATT: [3.1, 5.7, 274]
14:53:38.923929 ACC: [-62, 31, 514]
14:53:38.971412 ALT: 1.03
14:53:38.971638 ATT: [3.5, 4.9, 274]
14:53:38.971892 ACC: [-46, 34, 514]
14:53:39.019481 ALT: 1.03
14:53:39.019618 ATT: [3.6, 4.1, 275]
14:53:39.019848 ACC: [-40, 36, 512]
14:53:39.067619 ALT: 1.03
14:53:39.067901 ATT: [3.7, 3.0, 276]
14:53:39.068215 ACC: [-34, 33, 518]
14:53:39.115689 ALT: 1.03
14:53:39.115855 ATT: [3.6, 1.9, 277]
14:53:39.116061 ACC: [-23, 30, 514]
14:53:39.163528 ALT: 0.97
14:53:39.163648 ATT: [3.6, 0.8, 278]
14:53:39.163993 ACC: [-15, 26, 518]
14:53:39.211537 ALT: 0.94
14:53:39.211654 ATT: [3.6, -0.1, 278]
14:53:39.211892 ACC: [-2, 29, 521]
14:53:39.263361 ALT: 0.94
14:53:39.263539 ATT: [3.5, -1.1, 279]
14:53:39.263867 ACC: [6, 27, 515]
14:53:39.324657 ALT: 0.94
14:53:39.324800 ATT: [3.1, -2.6, 279]
14:53:39.325294 ACC: [16, 27, 516]
14:53:39.372368 ALT: 0.94
14:53:39.372493 ATT: [2.9, -3.7, 280]
14:53:39.372666 ACC: [25, 28, 517]
14:53:39.419751 ALT: 0.94
14:53:39.419865 ATT: [2.8, -4.6, 280]
14:53:39.420174 ACC: [37, 27, 511]
14:53:39.467870 ALT: 0.94
14:53:39.467977 ATT: [2.7, -5.7, 281]
14:53:39.468129 ACC: [42, 30, 515]
14:53:39.516290 ALT: 0.94
14:53:39.516575 ATT: [2.6, -6.6, 282]
14:53:39.516978 ACC: [53, 23, 510]
14:53:39.564235 ALT: 0.94
14:53:39.564497 ATT: [2.5, -7.5, 283]
14:53:39.566030 ACC: [62, 25, 514]
14:53:39.627922 ALT: 0.94
14:53:39.628795 ATT: [2.5, -8.5, 284]
14:53:39.629048 ACC: [71, 25, 509]
14:53:39.675983 ALT: 0.94
14:53:39.676154 ATT: [2.6, -9.3, 285]
14:53:39.676451 ACC: [77, 24, 508]
14:53:39.725867 ALT: 0.94
14:53:39.726449 ATT: [2.6, -9.9, 285]
14:53:39.727572 ACC: [88, 22, 510]
14:53:39.772182 ALT: 0.94
14:53:39.772360 ATT: [2.5, -10.6, 286]
14:53:39.772628 ACC: [91, 21, 512]
14:53:39.820414 ALT: 0.94
14:53:39.820564 ATT: [2.5, -11.0, 286]
14:53:39.820784 ACC: [104, 21, 507]
14:53:39.868655 ALT: 0.94
14:53:39.868869 ATT: [2.7, -11.4, 287]
14:53:39.869264 ACC: [100, 23, 507]
14:53:39.916137 ALT: 0.94
14:53:39.916258 ATT: [2.8, -11.7, 287]
14:53:39.916431 ACC: [110, 25, 507]
14:53:39.964376 ALT: 0.94
14:53:39.964584 ATT: [3.0, -12.0, 288]
14:53:39.964871 ACC: [104, 27, 506]
14:53:40.012910 ALT: 0.94
14:53:40.013037 ATT: [3.1, -12.4, 288]
14:53:40.013505 ACC: [115, 27, 507]
14:53:40.060482 ALT: 0.94
14:53:40.060721 ATT: [3.3, -12.9, 289]
14:53:40.061031 ACC: [112, 33, 505]
14:53:40.109907 ALT: 0.94
14:53:40.110268 ATT: [3.4, -13.1, 289]
14:53:40.111411 ACC: [117, 27, 505]
14:53:40.156300 ALT: 0.94
14:53:40.156421 ATT: [3.3, -13.1, 289]
14:53:40.156599 ACC: [117, 29, 504]
14:53:40.204728 ALT: 0.94
14:53:40.204905 ATT: [3.3, -13.0, 289]
14:53:40.205198 ACC: [117, 28, 502]
14:53:40.253081 ALT: 0.94
14:53:40.253551 ATT: [3.2, -12.9, 289]
14:53:40.253877 ACC: [119, 29, 503]
14:53:40.300415 ALT: 0.94
14:53:40.300524 ATT: [3.4, -13.0, 287]
14:53:40.300679 ACC: [115, 30, 502]
14:53:40.348413 ALT: 0.94
14:53:40.348509 ATT: [3.0, -12.8, 286]
14:53:40.348750 ACC: [114, 25, 503]
14:53:40.396786 ALT: 0.94
14:53:40.397047 ATT: [3.1, -12.8, 284]
14:53:40.397454 ACC: [117, 27, 502]
14:53:40.445026 ALT: 0.94
14:53:40.445258 ATT: [3.2, -12.2, 283]
14:53:40.445649 ACC: [104, 30, 499]
14:53:40.492711 ALT: 0.94
14:53:40.492906 ATT: [3.0, -12.7, 282]
14:53:40.493225 ACC: [119, 25, 506]
14:53:40.546483 ALT: 0.94
14:53:40.546698 ATT: [2.8, -11.5, 280]
14:53:40.547037 ACC: [98, 23, 508]
14:53:40.588726 ALT: 0.94
14:53:40.588920 ATT: [2.4, -10.2, 279]
14:53:40.589357 ACC: [110, 16, 513]
14:53:40.636970 ALT: 0.94
14:53:40.637326 ATT: [2.2, -8.8, 278]
14:53:40.637835 ACC: [93, 29, 513]
14:53:40.684751 ALT: 0.94
14:53:40.684858 ATT: [2.2, -7.4, 276]
14:53:40.685030 ACC: [75, 30, 502]
14:53:40.732964 ALT: 0.94
14:53:40.733263 ATT: [2.0, -6.2, 275]
14:53:40.733609 ACC: [61, 20, 515]
14:53:40.781295 ALT: 0.94
14:53:40.781405 ATT: [1.7, -4.4, 273]
14:53:40.781564 ACC: [45, 25, 514]
14:53:40.829291 ALT: 0.94
14:53:40.829562 ATT: [1.5, -2.5, 271]
14:53:40.829979 ACC: [37, 8, 515]
14:53:40.876821 ALT: 0.94
14:53:40.876928 ATT: [1.5, -0.8, 269]
14:53:40.877080 ACC: [19, 19, 517]
14:53:40.925383 ALT: 0.94
14:53:40.925648 ATT: [1.4, 0.6, 267]
14:53:40.926071 ACC: [11, 17, 518]
14:53:40.973578 ALT: 0.94
14:53:40.973937 ATT: [1.3, 2.1, 265]
14:53:40.974578 ACC: [1, 14, 520]
14:53:41.021020 ALT: 0.94
14:53:41.021262 ATT: [1.3, 3.3, 263]
14:53:41.021454 ACC: [-3, 11, 518]
14:53:41.069407 ALT: 0.94
14:53:41.069577 ATT: [1.4, 4.3, 261]
14:53:41.069836 ACC: [-21, 11, 518]
14:53:41.117822 ALT: 0.94
14:53:41.118090 ATT: [1.5, 5.0, 259]
14:53:41.118529 ACC: [-26, 7, 517]
14:53:41.165373 ALT: 0.94
14:53:41.165592 ATT: [1.5, 6.0, 257]
14:53:41.165856 ACC: [-37, 8, 517]
14:53:41.213844 ALT: 0.94
14:53:41.213957 ATT: [1.4, 6.9, 256]
14:53:41.214160 ACC: [-46, 7, 514]
14:53:41.262415 ALT: 0.94
14:53:41.262610 ATT: [1.4, 7.8, 255]
14:53:41.262857 ACC: [-57, 10, 512]
14:53:41.309371 ALT: 0.94
14:53:41.309517 ATT: [1.5, 8.3, 255]
14:53:41.309788 ACC: [-66, 13, 507]
14:53:41.357821 ALT: 0.94
14:53:41.358228 ATT: [1.5, 8.4, 255]
14:53:41.358659 ACC: [-74, 17, 507]
14:53:41.405221 ALT: 0.94
14:53:41.405485 ATT: [1.3, 8.8, 256]
14:53:41.405673 ACC: [-82, 11, 510]
14:53:41.453862 ALT: 0.94
14:53:41.454156 ATT: [1.3, 9.5, 256]
14:53:41.454649 ACC: [-93, 13, 509]
14:53:41.502075 ALT: 0.97
14:53:41.502340 ATT: [1.3, 10.3, 256]
14:53:41.502668 ACC: [-93, 9, 510]
14:53:41.549507 ALT: 1.0
14:53:41.549678 ATT: [1.4, 11.4, 255]
14:53:41.549985 ACC: [-103, 12, 507]
14:53:41.597709 ALT: 1.01
14:53:41.597882 ATT: [1.3, 12.5, 255]
14:53:41.598132 ACC: [-107, 16, 508]
14:53:41.645401 ALT: 1.01
14:53:41.645509 ATT: [1.4, 13.3, 254]
14:53:41.645669 ACC: [-117, 18, 501]
14:53:41.709596 ALT: 1.01
14:53:41.709772 ATT: [1.6, 14.4, 253]
14:53:41.709998 ACC: [-125, 16, 503]
14:53:41.758204 ALT: 1.01
14:53:41.758683 ATT: [1.9, 15.4, 252]
14:53:41.759531 ACC: [-137, 19, 499]
14:53:41.805876 ALT: 1.01
14:53:41.806085 ATT: [2.2, 16.4, 251]
14:53:41.806403 ACC: [-139, 16, 497]
14:53:41.853653 ALT: 1.01
14:53:41.853769 ATT: [2.5, 16.8, 251]
14:53:41.853978 ACC: [-144, 17, 494]
14:53:41.901547 ALT: 1.01
14:53:41.901668 ATT: [2.6, 17.0, 250]
14:53:41.901851 ACC: [-145, 19, 493]
14:53:41.951258 ALT: 1.01
14:53:41.951382 ATT: [2.7, 16.6, 249]
14:53:41.951707 ACC: [-150, 25, 494]
14:53:41.997608 ALT: 1.01
14:53:41.997737 ATT: [2.7, 16.0, 249]
14:53:41.997973 ACC: [-149, 28, 498]
14:53:42.045924 ALT: 1.01
14:53:42.046130 ATT: [2.8, 15.6, 248]
14:53:42.046390 ACC: [-147, 27, 500]
14:53:42.093781 ALT: 1.01
14:53:42.094120 ATT: [3.2, 14.8, 248]
14:53:42.094535 ACC: [-131, 32, 493]
14:53:42.141778 ALT: 1.01
14:53:42.141904 ATT: [3.6, 13.6, 247]
14:53:42.142108 ACC: [-129, 36, 503]
14:53:42.190275 ALT: 1.01
14:53:42.190398 ATT: [3.6, 12.7, 246]
14:53:42.190725 ACC: [-125, 29, 505]
14:53:42.238227 ALT: 1.01
14:53:42.238475 ATT: [3.5, 12.1, 246]
14:53:42.238915 ACC: [-122, 22, 507]
14:53:42.285980 ALT: 1.01
14:53:42.286074 ATT: [3.3, 11.7, 245]
14:53:42.286408 ACC: [-109, 25, 502]
14:53:42.334003 ALT: 1.01
14:53:42.334327 ATT: [3.2, 11.4, 245]
14:53:42.334580 ACC: [-111, 23, 501]
14:53:42.382778 ALT: 1.01
14:53:42.383093 ATT: [3.1, 11.3, 245]
14:53:42.383334 ACC: [-106, 22, 504]
14:53:42.430090 ALT: 1.01
14:53:42.430216 ATT: [3.1, 11.2, 245]
14:53:42.430390 ACC: [-103, 24, 498]
14:53:42.478354 ALT: 1.01
14:53:42.478547 ATT: [3.0, 11.1, 246]
14:53:42.478967 ACC: [-105, 27, 502]
14:53:42.526239 ALT: 1.01
14:53:42.526366 ATT: [3.0, 11.2, 246]
14:53:42.526597 ACC: [-103, 22, 501]
14:53:42.574314 ALT: 1.01
14:53:42.574767 ATT: [3.1, 11.2, 247]
14:53:42.575591 ACC: [-100, 27, 503]
14:53:42.622519 ALT: 1.01
14:53:42.622731 ATT: [3.3, 11.0, 249]
14:53:42.623150 ACC: [-97, 31, 502]
14:53:42.670230 ALT: 1.01
14:53:42.670411 ATT: [3.3, 11.0, 250]
14:53:42.670647 ACC: [-100, 29, 505]
14:53:42.718988 ALT: 1.01
14:53:42.719411 ATT: [3.3, 10.8, 250]
14:53:42.719815 ACC: [-96, 29, 508]
14:53:42.766742 ALT: 1.01
14:53:42.766954 ATT: [3.2, 10.5, 252]
14:53:42.767300 ACC: [-93, 30, 508]
14:53:42.814485 ALT: 1.01
14:53:42.814595 ATT: [3.0, 10.3, 252]
14:53:42.814735 ACC: [-93, 27, 512]
14:53:42.862195 ALT: 1.01
14:53:42.862315 ATT: [3.0, 10.0, 253]
14:53:42.862493 ACC: [-89, 28, 510]
14:53:42.911325 ALT: 1.01
14:53:42.911720 ATT: [3.0, 9.8, 254]
14:53:42.912477 ACC: [-88, 27, 510]
14:53:42.958349 ALT: 1.01
14:53:42.958512 ATT: [2.8, 9.9, 254]
14:53:42.958742 ACC: [-91, 25, 510]
14:53:43.007262 ALT: 1.01
14:53:43.007594 ATT: [2.6, 10.1, 254]
14:53:43.007959 ACC: [-92, 23, 510]
14:53:43.054544 ALT: 1.01
14:53:43.054662 ATT: [2.6, 10.2, 254]
14:53:43.054821 ACC: [-93, 23, 506]
14:53:43.102344 ALT: 1.01
14:53:43.102456 ATT: [2.4, 10.1, 254]
14:53:43.102623 ACC: [-96, 22, 507]
14:53:43.151246 ALT: 1.01
14:53:43.151357 ATT: [2.3, 10.2, 254]
14:53:43.151535 ACC: [-100, 22, 506]
14:53:43.198794 ALT: 1.01
14:53:43.199011 ATT: [2.3, 10.3, 254]
14:53:43.199348 ACC: [-94, 22, 506]
14:53:43.246782 ALT: 1.01
14:53:43.246964 ATT: [2.3, 10.4, 254]
14:53:43.247312 ACC: [-96, 23, 507]
14:53:43.295307 ALT: 1.01
14:53:43.295561 ATT: [2.4, 10.5, 255]
14:53:43.295879 ACC: [-95, 22, 505]
14:53:43.342509 ALT: 1.01
14:53:43.342613 ATT: [2.4, 10.6, 255]
14:53:43.342764 ACC: [-94, 22, 506]
14:53:43.391090 ALT: 1.01
14:53:43.391262 ATT: [2.4, 10.6, 254]
14:53:43.391801 ACC: [-91, 22, 506]
14:53:43.438558 ALT: 1.01
14:53:43.438681 ATT: [2.4, 10.6, 254]
14:53:43.439010 ACC: [-93, 21, 507]
14:53:43.487025 ALT: 1.01
14:53:43.487130 ATT: [2.4, 10.6, 254]
14:53:43.487520 ACC: [-94, 20, 510]
14:53:43.535074 ALT: 1.01
14:53:43.535307 ATT: [2.4, 10.7, 254]
14:53:43.535633 ACC: [-94, 18, 509]
14:53:43.582647 ALT: 1.01
14:53:43.582757 ATT: [2.3, 10.6, 254]
14:53:43.582931 ACC: [-94, 20, 512]
14:53:43.630670 ALT: 1.01
14:53:43.630779 ATT: [2.3, 10.6, 254]
14:53:43.630934 ACC: [-94, 20, 511]
14:53:43.679095 ALT: 1.01
14:53:43.679493 ATT: [2.2, 10.6, 254]
14:53:43.679720 ACC: [-96, 21, 511]
14:53:43.727154 ALT: 1.01
14:53:43.727341 ATT: [2.3, 10.6, 254]
14:53:43.728154 ACC: [-95, 23, 511]
14:53:43.790813 ALT: 1.01
14:53:43.790942 ATT: [2.3, 10.6, 254]
14:53:43.791129 ACC: [-96, 20, 507]
14:53:43.839452 ALT: 1.01
14:53:43.839659 ATT: [2.3, 10.6, 254]
14:53:43.839959 ACC: [-97, 19, 507]
14:53:43.887202 ALT: 1.01
14:53:43.887405 ATT: [2.3, 10.7, 254]
14:53:43.887792 ACC: [-95, 16, 507]
14:53:43.934886 ALT: 1.01
14:53:43.934979 ATT: [2.3, 10.7, 254]
14:53:43.935127 ACC: [-95, 17, 504]
14:53:43.983404 ALT: 1.01
14:53:43.983597 ATT: [2.2, 10.7, 254]
14:53:43.983905 ACC: [-97, 17, 506]
14:53:44.031134 ALT: 1.01
14:53:44.031265 ATT: [2.2, 10.7, 254]
14:53:44.031456 ACC: [-96, 18, 506]
14:53:44.080101 ALT: 1.01
14:53:44.080487 ATT: [2.1, 10.8, 254]
14:53:44.081021 ACC: [-97, 17, 507]
14:53:44.127444 ALT: 1.01
14:53:44.127641 ATT: [2.1, 10.8, 254]
14:53:44.127842 ACC: [-96, 21, 507]
14:53:44.175002 ALT: 1.01
14:53:44.175127 ATT: [2.1, 10.8, 254]
14:53:44.175426 ACC: [-95, 20, 505]
14:53:44.223098 ALT: 1.01
14:53:44.223206 ATT: [2.0, 10.8, 254]
14:53:44.223368 ACC: [-98, 21, 508]
14:53:44.271024 ALT: 1.01
14:53:44.271117 ATT: [2.1, 10.8, 254]
14:53:44.271264 ACC: [-97, 20, 509]
14:53:44.335205 ALT: 1.01
14:53:44.335534 ATT: [2.1, 10.9, 254]
14:53:44.335886 ACC: [-96, 20, 509]
14:53:44.383094 ALT: 1.01
14:53:44.383190 ATT: [2.1, 10.9, 254]
14:53:44.383338 ACC: [-96, 20, 507]
14:53:44.431608 ALT: 1.01
14:53:44.431874 ATT: [2.2, 10.9, 254]
14:53:44.432282 ACC: [-97, 18, 510]
14:53:44.479443 ALT: 1.01
14:53:44.479733 ATT: [2.2, 10.9, 254]
14:53:44.480240 ACC: [-95, 17, 510]
14:53:44.527558 ALT: 1.01
14:53:44.527745 ATT: [2.1, 10.8, 254]
14:53:44.527967 ACC: [-97, 18, 508]
14:53:44.575745 ALT: 1.01
14:53:44.576001 ATT: [2.1, 10.8, 254]
14:53:44.576263 ACC: [-96, 16, 508]
14:53:44.623810 ALT: 1.01
14:53:44.624027 ATT: [2.1, 10.7, 254]
14:53:44.624332 ACC: [-97, 18, 508]
14:53:44.671391 ALT: 1.01
14:53:44.671504 ATT: [2.1, 10.7, 254]
14:53:44.671671 ACC: [-98, 14, 509]
14:53:44.719530 ALT: 1.01
14:53:44.719688 ATT: [2.0, 10.7, 254]
14:53:44.719970 ACC: [-98, 19, 507]
14:53:44.767922 ALT: 1.01
14:53:44.768053 ATT: [2.0, 10.6, 254]
14:53:44.768438 ACC: [-96, 18, 507]
14:53:44.815471 ALT: 1.01
14:53:44.815593 ATT: [2.0, 10.6, 254]
14:53:44.815776 ACC: [-98, 17, 507]
14:53:44.863414 ALT: 1.01
14:53:44.863514 ATT: [1.9, 10.6, 254]
14:53:44.863663 ACC: [-99, 18, 507]
14:53:44.911730 ALT: 1.01
14:53:44.911835 ATT: [1.9, 10.6, 254]
14:53:44.911993 ACC: [-96, 17, 507]
14:53:44.959946 ALT: 1.01
14:53:44.960251 ATT: [1.9, 10.6, 254]
14:53:44.960653 ACC: [-99, 18, 507]
14:53:45.007898 ALT: 1.01
14:53:45.008055 ATT: [1.9, 10.7, 254]
14:53:45.008412 ACC: [-97, 18, 505]
14:53:45.055658 ALT: 1.01
14:53:45.055782 ATT: [1.9, 10.8, 254]
14:53:45.055946 ACC: [-95, 17, 509]
14:53:45.104073 ALT: 1.01
14:53:45.104221 ATT: [1.9, 10.8, 254]
14:53:45.104609 ACC: [-96, 17, 508]
14:53:45.152881 ALT: 1.01
14:53:45.153461 ATT: [1.9, 10.8, 254]
14:53:45.154024 ACC: [-98, 15, 508]
14:53:45.199833 ALT: 1.01
14:53:45.199932 ATT: [1.8, 10.8, 254]
14:53:45.200080 ACC: [-100, 17, 508]
14:53:45.248878 ALT: 1.01
14:53:45.248983 ATT: [1.8, 10.9, 254]
14:53:45.249193 ACC: [-98, 18, 507]
14:53:45.295776 ALT: 1.01
14:53:45.295886 ATT: [1.9, 10.9, 254]
14:53:45.296068 ACC: [-97, 19, 507]
14:53:45.344136 ALT: 1.01
14:53:45.344350 ATT: [1.9, 10.9, 254]
14:53:45.344717 ACC: [-100, 18, 507]
14:53:45.391809 ALT: 1.01
14:53:45.391931 ATT: [1.8, 11.0, 254]
14:53:45.392151 ACC: [-101, 16, 508]
14:53:45.440395 ALT: 1.01
14:53:45.440619 ATT: [1.7, 11.2, 255]
14:53:45.440968 ACC: [-103, 18, 511]
14:53:45.488992 ALT: 1.01
14:53:45.489457 ATT: [1.6, 11.5, 255]
14:53:45.489986 ACC: [-101, 15, 503]
14:53:45.535861 ALT: 1.01
14:53:45.535961 ATT: [1.7, 11.6, 255]
14:53:45.536106 ACC: [-98, 16, 503]
14:53:45.584222 ALT: 1.01
14:53:45.584318 ATT: [1.8, 11.6, 255]
14:53:45.584468 ACC: [-102, 16, 508]
14:53:45.631889 ALT: 1.01
14:53:45.631993 ATT: [1.7, 11.7, 255]
14:53:45.632146 ACC: [-103, 11, 510]
14:53:45.680201 ALT: 1.01
14:53:45.680347 ATT: [1.7, 11.8, 254]
14:53:45.680565 ACC: [-104, 13, 507]
14:53:45.729274 ALT: 1.01
14:53:45.729408 ATT: [1.6, 11.7, 254]
14:53:45.729603 ACC: [-103, 15, 506]
14:53:45.776531 ALT: 1.01
14:53:45.776817 ATT: [1.6, 11.7, 254]
14:53:45.777232 ACC: [-103, 15, 506]
14:53:45.840386 ALT: 1.01
14:53:45.840561 ATT: [1.6, 11.7, 254]
14:53:45.840765 ACC: [-104, 16, 506]
14:53:45.888442 ALT: 1.01
14:53:45.888675 ATT: [1.7, 11.7, 254]
14:53:45.889003 ACC: [-103, 12, 508]
14:53:45.937059 ALT: 1.01
14:53:45.937539 ATT: [1.6, 11.7, 254]
14:53:45.938091 ACC: [-105, 14, 507]
14:53:45.984139 ALT: 1.01
14:53:45.984319 ATT: [1.6, 11.7, 254]
14:53:45.984717 ACC: [-104, 17, 504]
14:53:46.032311 ALT: 1.01
14:53:46.032445 ATT: [1.7, 11.7, 254]
14:53:46.032625 ACC: [-104, 14, 505]
14:53:46.080318 ALT: 1.01
14:53:46.080604 ATT: [1.7, 11.7, 254]
14:53:46.081386 ACC: [-107, 14, 504]
14:53:46.128653 ALT: 1.01
14:53:46.128851 ATT: [1.7, 11.8, 254]
14:53:46.129235 ACC: [-107, 12, 506]
14:53:46.176631 ALT: 1.01
14:53:46.176812 ATT: [1.6, 11.8, 254]
14:53:46.177193 ACC: [-106, 13, 508]
14:53:46.224379 ALT: 1.01
14:53:46.224503 ATT: [1.6, 11.8, 254]
14:53:46.224733 ACC: [-108, 15, 503]
14:53:46.272246 ALT: 1.01
14:53:46.272356 ATT: [1.6, 11.8, 254]
14:53:46.272514 ACC: [-107, 14, 505]
14:53:46.320419 ALT: 1.01
14:53:46.320571 ATT: [1.6, 11.9, 254]
14:53:46.320805 ACC: [-110, 16, 506]
14:53:46.368463 ALT: 1.01
14:53:46.368625 ATT: [1.6, 12.0, 254]
14:53:46.368868 ACC: [-107, 14, 506]
14:53:46.416568 ALT: 1.01
14:53:46.416787 ATT: [1.6, 12.0, 254]
14:53:46.417300 ACC: [-106, 16, 507]
14:53:46.464785 ALT: 1.01
14:53:46.464975 ATT: [1.6, 12.0, 254]
14:53:46.465350 ACC: [-104, 13, 505]
14:53:46.512739 ALT: 1.01
14:53:46.512916 ATT: [1.6, 11.9, 254]
14:53:46.513238 ACC: [-107, 13, 506]
14:53:46.560458 ALT: 1.01
14:53:46.560630 ATT: [1.5, 12.0, 254]
14:53:46.560821 ACC: [-109, 11, 507]
14:53:46.612617 ALT: 1.01
14:53:46.612728 ATT: [1.5, 12.0, 254]
14:53:46.612905 ACC: [-108, 14, 503]
14:53:46.656586 ALT: 1.01
14:53:46.656776 ATT: [1.6, 11.9, 254]
14:53:46.657180 ACC: [-109, 17, 502]
14:53:46.704901 ALT: 1.01
14:53:46.705054 ATT: [1.6, 12.0, 253]
14:53:46.705432 ACC: [-110, 16, 504]
14:53:46.752666 ALT: 1.01
14:53:46.752787 ATT: [1.6, 12.1, 253]
14:53:46.752953 ACC: [-109, 12, 508]
14:53:46.800845 ALT: 1.01
14:53:46.800965 ATT: [1.6, 12.2, 253]
14:53:46.801293 ACC: [-107, 14, 507]
14:53:46.848991 ALT: 1.01
14:53:46.849227 ATT: [1.6, 12.1, 253]
14:53:46.849524 ACC: [-107, 14, 507]
14:53:46.896582 ALT: 1.01
14:53:46.896684 ATT: [1.5, 12.1, 253]
14:53:46.896835 ACC: [-108, 11, 508]
14:53:46.944708 ALT: 1.01
14:53:46.944838 ATT: [1.4, 12.1, 253]
14:53:46.945023 ACC: [-108, 10, 506]
14:53:46.992729 ALT: 1.01
14:53:46.992858 ATT: [1.4, 12.1, 253]
14:53:46.993040 ACC: [-106, 14, 506]
14:53:47.040859 ALT: 1.01
14:53:47.040978 ATT: [1.4, 12.0, 253]
14:53:47.041190 ACC: [-105, 15, 506]
14:53:47.089623 ALT: 1.01
14:53:47.090021 ATT: [1.4, 12.0, 253]
14:53:47.090658 ACC: [-107, 13, 506]
14:53:47.137014 ALT: 1.01
14:53:47.137225 ATT: [1.4, 12.0, 253]
14:53:47.137453 ACC: [-108, 14, 508]
14:53:47.185039 ALT: 1.01
14:53:47.185282 ATT: [1.4, 12.0, 253]
14:53:47.185547 ACC: [-107, 14, 505]
14:53:47.232923 ALT: 1.01
14:53:47.233375 ATT: [1.4, 12.0, 253]
14:53:47.234235 ACC: [-107, 14, 504]
14:53:47.280880 ALT: 1.01
14:53:47.280993 ATT: [1.5, 12.0, 253]
14:53:47.281176 ACC: [-108, 12, 506]
14:53:47.329173 ALT: 1.01
14:53:47.329370 ATT: [1.4, 12.0, 253]
14:53:47.329695 ACC: [-109, 12, 507]
14:53:47.377054 ALT: 1.01
14:53:47.377373 ATT: [1.5, 12.0, 253]
14:53:47.377723 ACC: [-108, 13, 506]
14:53:47.426052 ALT: 1.01
14:53:47.426291 ATT: [1.5, 12.0, 253]
14:53:47.426490 ACC: [-108, 16, 505]
14:53:47.473371 ALT: 1.01
14:53:47.473629 ATT: [1.5, 12.1, 253]
14:53:47.474044 ACC: [-110, 13, 505]
14:53:47.521158 ALT: 1.01
14:53:47.521401 ATT: [1.6, 12.1, 253]
14:53:47.521676 ACC: [-108, 13, 506]
14:53:47.569284 ALT: 1.01
14:53:47.569391 ATT: [1.6, 12.1, 253]
14:53:47.569560 ACC: [-107, 15, 507]
14:53:47.617013 ALT: 1.01
14:53:47.617177 ATT: [1.6, 12.1, 253]
14:53:47.617360 ACC: [-107, 14, 506]
14:53:47.665475 ALT: 1.01
14:53:47.665696 ATT: [1.6, 12.0, 253]
14:53:47.665917 ACC: [-109, 13, 505]
14:53:47.713203 ALT: 1.01
14:53:47.713376 ATT: [1.6, 12.0, 253]
14:53:47.713599 ACC: [-108, 13, 505]
14:53:47.761300 ALT: 1.01
14:53:47.761500 ATT: [1.6, 12.0, 253]
14:53:47.761792 ACC: [-109, 14, 504]
14:53:47.809629 ALT: 1.01
14:53:47.809826 ATT: [1.6, 12.1, 253]
14:53:47.810135 ACC: [-109, 13, 504]
14:53:47.857715 ALT: 1.01
14:53:47.858009 ATT: [1.6, 12.2, 253]
14:53:47.858342 ACC: [-109, 11, 506]
14:53:47.921573 ALT: 1.01
14:53:47.921806 ATT: [1.6, 12.1, 253]
14:53:47.922124 ACC: [-107, 13, 505]
14:53:47.969539 ALT: 1.01
14:53:47.969679 ATT: [1.6, 12.0, 253]
14:53:47.969874 ACC: [-105, 18, 504]
14:53:48.017495 ALT: 1.01
14:53:48.017672 ATT: [1.6, 12.0, 253]
14:53:48.017950 ACC: [-108, 16, 505]
14:53:48.065349 ALT: 1.01
14:53:48.065457 ATT: [1.7, 12.1, 253]
14:53:48.065613 ACC: [-110, 14, 507]
14:53:48.114005 ALT: 1.01
14:53:48.114243 ATT: [1.7, 12.1, 253]
14:53:48.114555 ACC: [-107, 14, 504]
14:53:48.161889 ALT: 1.01
14:53:48.162104 ATT: [1.6, 12.0, 253]
14:53:48.162307 ACC: [-106, 15, 504]
14:53:48.210213 ALT: 1.01
14:53:48.210672 ATT: [1.7, 11.9, 253]
14:53:48.211198 ACC: [-108, 14, 504]
14:53:48.258768 ALT: 1.01
14:53:48.259015 ATT: [1.6, 12.0, 253]
14:53:48.259500 ACC: [-111, 13, 506]
14:53:48.305446 ALT: 1.01
14:53:48.305592 ATT: [1.6, 12.1, 253]
14:53:48.305914 ACC: [-109, 14, 505]
14:53:48.353617 ALT: 1.01
14:53:48.353760 ATT: [1.6, 12.0, 253]
14:53:48.353921 ACC: [-107, 15, 504]
14:53:48.401709 ALT: 1.01
14:53:48.401817 ATT: [1.6, 12.0, 253]
14:53:48.402044 ACC: [-110, 14, 507]
14:53:48.450196 ALT: 1.01
14:53:48.450576 ATT: [1.6, 12.1, 253]
14:53:48.451248 ACC: [-110, 12, 507]
14:53:48.497874 ALT: 1.01
14:53:48.498048 ATT: [1.5, 12.2, 253]
14:53:48.498418 ACC: [-108, 14, 505]
14:53:48.545846 ALT: 1.01
14:53:48.546046 ATT: [1.6, 12.1, 253]
14:53:48.546283 ACC: [-107, 17, 505]
14:53:48.593576 ALT: 1.01
14:53:48.593701 ATT: [1.6, 12.1, 253]
14:53:48.593885 ACC: [-109, 15, 505]
14:53:48.641507 ALT: 1.01
14:53:48.641634 ATT: [1.6, 12.1, 253]
14:53:48.641807 ACC: [-111, 14, 506]
14:53:48.689926 ALT: 1.01
14:53:48.690161 ATT: [1.6, 12.2, 253]
14:53:48.691033 ACC: [-108, 12, 506]
14:53:48.737553 ALT: 1.01
14:53:48.737653 ATT: [1.6, 12.2, 253]
14:53:48.737801 ACC: [-108, 15, 505]
14:53:48.785992 ALT: 1.01
14:53:48.786351 ATT: [1.6, 12.1, 253]
14:53:48.786550 ACC: [-108, 14, 506]
14:53:48.833922 ALT: 1.01
14:53:48.834134 ATT: [1.6, 12.2, 253]
14:53:48.834447 ACC: [-111, 11, 507]
14:53:48.882272 ALT: 1.01
14:53:48.882608 ATT: [1.6, 12.2, 253]
14:53:48.883076 ACC: [-109, 16, 506]
14:53:48.929710 ALT: 1.01
14:53:48.929825 ATT: [1.6, 12.2, 253]
14:53:48.930024 ACC: [-108, 16, 503]
14:53:48.981178 ALT: 1.01
14:53:48.981318 ATT: [1.7, 12.2, 253]
14:53:48.981748 ACC: [-110, 13, 506]
14:53:49.025739 ALT: 1.01
14:53:49.025856 ATT: [1.6, 12.2, 253]
14:53:49.026031 ACC: [-111, 12, 507]
14:53:49.074220 ALT: 1.01
14:53:49.074488 ATT: [1.6, 12.2, 253]
14:53:49.074851 ACC: [-110, 12, 505]
14:53:49.122009 ALT: 1.01
14:53:49.122106 ATT: [1.6, 12.2, 253]
14:53:49.122264 ACC: [-111, 14, 505]
14:53:49.169857 ALT: 1.01
14:53:49.169974 ATT: [1.6, 12.2, 253]
14:53:49.170154 ACC: [-112, 14, 504]
14:53:49.218624 ALT: 1.01
14:53:49.218960 ATT: [1.6, 12.2, 253]
14:53:49.219453 ACC: [-112, 14, 503]
14:53:49.265865 ALT: 1.01
14:53:49.265987 ATT: [1.6, 12.3, 253]
14:53:49.266174 ACC: [-114, 14, 505]
14:53:49.314197 ALT: 1.01
14:53:49.314295 ATT: [1.6, 12.3, 253]
14:53:49.314461 ACC: [-111, 15, 504]
14:53:49.377919 ALT: 1.01
14:53:49.378035 ATT: [1.6, 12.3, 253]
14:53:49.378213 ACC: [-110, 15, 504]
14:53:49.426064 ALT: 1.01
14:53:49.426169 ATT: [1.6, 12.2, 253]
14:53:49.426340 ACC: [-110, 14, 506]
14:53:49.473865 ALT: 1.01
14:53:49.473960 ATT: [1.6, 12.2, 253]
14:53:49.474110 ACC: [-111, 13, 506]
14:53:49.522255 ALT: 1.01
14:53:49.522510 ATT: [1.6, 12.3, 253]
14:53:49.522809 ACC: [-109, 14, 507]
14:53:49.570229 ALT: 1.01
14:53:49.570344 ATT: [1.6, 12.2, 253]
14:53:49.570495 ACC: [-107, 14, 506]
14:53:49.618158 ALT: 1.01
14:53:49.618308 ATT: [1.6, 12.2, 253]
14:53:49.618509 ACC: [-107, 16, 506]
14:53:49.666679 ALT: 1.01
14:53:49.667030 ATT: [1.6, 12.1, 253]
14:53:49.667577 ACC: [-107, 14, 506]
14:53:49.714173 ALT: 1.01
14:53:49.714302 ATT: [1.6, 12.1, 253]
14:53:49.714486 ACC: [-109, 13, 505]
14:53:49.764153 ALT: 1.01
14:53:49.764276 ATT: [1.6, 12.1, 253]
14:53:49.764463 ACC: [-110, 14, 503]
14:53:49.810180 ALT: 1.01
14:53:49.810326 ATT: [1.5, 12.1, 253]
14:53:49.810530 ACC: [-110, 12, 504]
14:53:49.858146 ALT: 1.01
14:53:49.858251 ATT: [1.5, 12.2, 253]
14:53:49.858448 ACC: [-109, 12, 504]
14:53:49.906227 ALT: 1.01
14:53:49.906375 ATT: [1.5, 12.1, 253]
14:53:49.906600 ACC: [-108, 13, 505]
14:53:49.954692 ALT: 1.01
14:53:49.954866 ATT: [1.4, 12.1, 253]
14:53:49.955250 ACC: [-109, 11, 507]
14:53:50.018580 ALT: 1.01
14:53:50.018935 ATT: [1.3, 12.2, 253]
14:53:50.019178 ACC: [-106, 13, 507]
14:53:50.066233 ALT: 1.01
14:53:50.066353 ATT: [1.4, 12.1, 253]
14:53:50.066530 ACC: [-107, 17, 506]
14:53:50.114412 ALT: 1.01
14:53:50.114583 ATT: [1.4, 12.1, 253]
14:53:50.114752 ACC: [-108, 15, 507]
14:53:50.162486 ALT: 1.01
14:53:50.162680 ATT: [1.4, 12.0, 253]
14:53:50.163027 ACC: [-109, 14, 506]
14:53:50.210781 ALT: 1.01
14:53:50.211010 ATT: [1.4, 12.0, 253]
14:53:50.211321 ACC: [-109, 13, 503]
14:53:50.258916 ALT: 1.01
14:53:50.259025 ATT: [1.4, 12.1, 253]
14:53:50.259184 ACC: [-110, 10, 504]
14:53:50.306662 ALT: 1.01
14:53:50.306876 ATT: [1.4, 12.2, 253]
14:53:50.307233 ACC: [-110, 9, 506]
14:53:50.354823 ALT: 1.01
14:53:50.355001 ATT: [1.4, 12.2, 253]
14:53:50.355393 ACC: [-108, 12, 501]
14:53:50.402446 ALT: 1.01
14:53:50.402583 ATT: [1.4, 12.2, 253]
14:53:50.402786 ACC: [-109, 11, 505]
14:53:50.450426 ALT: 1.01
14:53:50.450556 ATT: [1.3, 12.2, 253]
14:53:50.450720 ACC: [-111, 10, 509]
14:53:50.499374 ALT: 1.01
14:53:50.499673 ATT: [1.3, 12.2, 253]
14:53:50.500000 ACC: [-110, 12, 506]
14:53:50.546547 ALT: 1.01
14:53:50.546649 ATT: [1.3, 12.2, 253]
14:53:50.546918 ACC: [-108, 14, 504]
14:53:50.595008 ALT: 1.01
14:53:50.595357 ATT: [1.3, 12.2, 253]
14:53:50.595936 ACC: [-108, 15, 507]
14:53:50.642970 ALT: 1.01
14:53:50.643254 ATT: [1.4, 12.2, 253]
14:53:50.643661 ACC: [-109, 13, 507]
14:53:50.690632 ALT: 1.01
14:53:50.690759 ATT: [1.5, 12.2, 253]
14:53:50.691000 ACC: [-110, 13, 506]
14:53:50.738728 ALT: 1.01
14:53:50.738852 ATT: [1.5, 12.2, 253]
14:53:50.739042 ACC: [-110, 14, 505]
14:53:50.786535 ALT: 1.01
14:53:50.786642 ATT: [1.5, 12.2, 253]
14:53:50.786803 ACC: [-109, 13, 505]
14:53:50.834651 ALT: 1.01
14:53:50.834781 ATT: [1.6, 12.2, 253]
14:53:50.835032 ACC: [-110, 10, 504]
14:53:50.882731 ALT: 1.01
14:53:50.882855 ATT: [1.5, 12.2, 253]
14:53:50.883115 ACC: [-111, 9, 505]
14:53:50.930883 ALT: 1.01
14:53:50.931013 ATT: [1.4, 12.2, 253]
14:53:50.931199 ACC: [-111, 9, 505]
14:53:50.979193 ALT: 1.01
14:53:50.979515 ATT: [1.3, 12.2, 253]
14:53:50.979937 ACC: [-109, 13, 504]
14:53:51.028319 ALT: 1.01
14:53:51.028485 ATT: [1.4, 12.3, 253]
14:53:51.028719 ACC: [-112, 14, 506]
14:53:51.074728 ALT: 1.01
14:53:51.074865 ATT: [1.5, 12.6, 253]
14:53:51.075039 ACC: [-114, 13, 506]
14:53:51.122900 ALT: 1.01
14:53:51.123011 ATT: [1.6, 12.8, 253]
14:53:51.123175 ACC: [-111, 14, 505]
14:53:51.170700 ALT: 1.01
14:53:51.170793 ATT: [1.7, 12.7, 253]
14:53:51.170940 ACC: [-108, 16, 503]
14:53:51.219184 ALT: 1.01
14:53:51.219382 ATT: [1.6, 12.5, 253]
14:53:51.219782 ACC: [-112, 14, 504]
14:53:51.266803 ALT: 1.01
14:53:51.266995 ATT: [1.4, 12.5, 253]
14:53:51.267310 ACC: [-115, 14, 506]
14:53:51.316067 ALT: 1.01
14:53:51.316414 ATT: [1.6, 12.5, 253]
14:53:51.317043 ACC: [-114, 12, 505]
14:53:51.365320 ALT: 1.01
14:53:51.365480 ATT: [1.7, 12.6, 254]
14:53:51.366005 ACC: [-112, 15, 505]
14:53:51.411085 ALT: 1.01
14:53:51.411222 ATT: [1.7, 12.6, 254]
14:53:51.411415 ACC: [-112, 13, 502]
14:53:51.459112 ALT: 1.01
14:53:51.459271 ATT: [1.6, 12.5, 254]
14:53:51.459483 ACC: [-112, 11, 505]
14:53:51.507006 ALT: 1.01
14:53:51.507187 ATT: [1.5, 12.6, 254]
14:53:51.507393 ACC: [-112, 10, 508]
14:53:51.554942 ALT: 1.01
14:53:51.555058 ATT: [1.5, 12.7, 253]
14:53:51.555253 ACC: [-112, 14, 504]
14:53:51.603146 ALT: 1.01
14:53:51.603434 ATT: [1.5, 12.6, 253]
14:53:51.604052 ACC: [-112, 17, 502]
14:53:51.651200 ALT: 1.01
14:53:51.651321 ATT: [1.5, 12.6, 253]
14:53:51.651540 ACC: [-114, 13, 506]
14:53:51.699205 ALT: 1.01
14:53:51.699361 ATT: [1.5, 12.6, 254]
14:53:51.699579 ACC: [-114, 12, 508]
14:53:51.747217 ALT: 1.01
14:53:51.747352 ATT: [1.4, 12.6, 254]
14:53:51.747586 ACC: [-112, 14, 506]
14:53:51.795109 ALT: 1.01
14:53:51.795248 ATT: [1.4, 12.6, 254]
14:53:51.795437 ACC: [-112, 14, 506]
14:53:51.843551 ALT: 1.01
14:53:51.843691 ATT: [1.5, 12.6, 253]
14:53:51.843914 ACC: [-114, 13, 505]
14:53:51.890976 ALT: 1.01
14:53:51.891104 ATT: [1.5, 12.6, 253]
14:53:51.891462 ACC: [-115, 14, 504]
14:53:51.939386 ALT: 1.01
14:53:51.939532 ATT: [1.5, 12.6, 254]
14:53:51.939912 ACC: [-114, 15, 504]
14:53:51.987203 ALT: 1.01
14:53:51.987317 ATT: [1.5, 12.6, 254]
14:53:51.987510 ACC: [-113, 13, 504]
14:53:52.051574 ALT: 1.01
14:53:52.051837 ATT: [1.5, 12.7, 254]
14:53:52.052149 ACC: [-115, 11, 503]
14:53:52.099357 ALT: 1.01
14:53:52.099482 ATT: [1.5, 12.7, 254]
14:53:52.099680 ACC: [-114, 10, 506]
14:53:52.147591 ALT: 1.01
14:53:52.147766 ATT: [1.5, 12.7, 254]
14:53:52.148116 ACC: [-114, 13, 502]
14:53:52.195430 ALT: 1.01
14:53:52.195800 ATT: [1.4, 12.6, 254]
14:53:52.196478 ACC: [-114, 16, 502]
14:53:52.243209 ALT: 1.01
14:53:52.243315 ATT: [1.5, 12.6, 254]
14:53:52.243470 ACC: [-115, 15, 503]
14:53:52.291890 ALT: 1.01
14:53:52.292221 ATT: [1.7, 12.7, 254]
14:53:52.292697 ACC: [-117, 15, 503]
14:53:52.339468 ALT: 1.01
14:53:52.339721 ATT: [1.9, 12.7, 255]
14:53:52.340124 ACC: [-113, 22, 504]
14:53:52.387389 ALT: 1.01
14:53:52.387514 ATT: [1.9, 12.7, 256]
14:53:52.387690 ACC: [-112, 21, 506]
14:53:52.435670 ALT: 1.01
14:53:52.435784 ATT: [1.9, 12.6, 257]
14:53:52.435969 ACC: [-114, 19, 506]
14:53:52.483781 ALT: 1.01
14:53:52.483980 ATT: [2.0, 12.6, 258]
14:53:52.484314 ACC: [-112, 19, 508]
14:53:52.531585 ALT: 1.01
14:53:52.531710 ATT: [2.2, 12.8, 259]
14:53:52.531916 ACC: [-119, 21, 507]
14:53:52.579554 ALT: 1.01
14:53:52.579714 ATT: [2.4, 13.3, 260]
14:53:52.579936 ACC: [-123, 17, 505]
14:53:52.631468 ALT: 1.01
14:53:52.631656 ATT: [2.4, 14.0, 260]
14:53:52.632157 ACC: [-122, 16, 505]
14:53:52.676200 ALT: 1.01
14:53:52.676425 ATT: [2.5, 14.9, 260]
14:53:52.676610 ACC: [-127, 14, 503]
14:53:52.723876 ALT: 1.01
14:53:52.724030 ATT: [2.6, 15.7, 259]
14:53:52.724404 ACC: [-136, 20, 496]
14:53:52.772409 ALT: 1.01
14:53:52.772564 ATT: [2.6, 16.5, 259]
14:53:52.772974 ACC: [-138, 17, 494]
14:53:52.820355 ALT: 1.01
14:53:52.820651 ATT: [2.6, 16.9, 259]
14:53:52.821308 ACC: [-142, 20, 494]
14:53:52.867492 ALT: 1.01
14:53:52.867602 ATT: [2.6, 17.2, 259]
14:53:52.867759 ACC: [-142, 20, 494]
14:53:52.915745 ALT: 1.01
14:53:52.915971 ATT: [2.5, 17.0, 259]
14:53:52.916286 ACC: [-140, 22, 493]
14:53:52.963870 ALT: 1.01
14:53:52.964036 ATT: [2.5, 16.6, 259]
14:53:52.964299 ACC: [-139, 21, 497]
14:53:53.012096 ALT: 1.01
14:53:53.012282 ATT: [2.4, 16.3, 259]
14:53:53.012528 ACC: [-144, 18, 498]
14:53:53.060034 ALT: 1.01
14:53:53.060208 ATT: [1.9, 16.2, 259]
14:53:53.060585 ACC: [-146, 14, 499]
14:53:53.108781 ALT: 1.01
14:53:53.109207 ATT: [2.1, 16.1, 258]
14:53:53.109860 ACC: [-146, 20, 498]
14:53:53.155573 ALT: 1.01
14:53:53.155676 ATT: [2.4, 15.9, 258]
14:53:53.155893 ACC: [-141, 24, 495]
14:53:53.210843 ALT: 1.01
14:53:53.211078 ATT: [2.8, 15.6, 257]
14:53:53.211417 ACC: [-140, 26, 496]
14:53:53.251808 ALT: 1.01
14:53:53.251933 ATT: [2.7, 15.8, 257]
14:53:53.252188 ACC: [-143, 22, 497]
14:53:53.299906 ALT: 1.01
14:53:53.300077 ATT: [2.4, 15.8, 257]
14:53:53.300278 ACC: [-142, 21, 499]
14:53:53.348919 ALT: 1.01
14:53:53.349271 ATT: [2.4, 15.8, 257]
14:53:53.349793 ACC: [-142, 21, 500]
14:53:53.395730 ALT: 1.01
14:53:53.395852 ATT: [2.5, 15.4, 258]
14:53:53.396033 ACC: [-135, 23, 497]
14:53:53.444233 ALT: 1.01
14:53:53.444385 ATT: [2.6, 14.9, 258]
14:53:53.444586 ACC: [-134, 23, 499]
14:53:53.491678 ALT: 1.01
14:53:53.491772 ATT: [2.4, 14.1, 258]
14:53:53.491966 ACC: [-125, 20, 498]
14:53:53.540027 ALT: 1.01
14:53:53.540281 ATT: [2.5, 13.6, 258]
14:53:53.540599 ACC: [-125, 22, 501]
14:53:53.587819 ALT: 1.01
14:53:53.588071 ATT: [2.5, 13.0, 258]
14:53:53.588430 ACC: [-119, 18, 506]
14:53:53.636310 ALT: 1.01
14:53:53.636508 ATT: [2.7, 12.2, 258]
14:53:53.636908 ACC: [-108, 22, 503]
14:53:53.684530 ALT: 1.01
14:53:53.684826 ATT: [2.9, 10.8, 258]
14:53:53.685361 ACC: [-100, 27, 501]
14:53:53.731859 ALT: 1.01
14:53:53.731961 ATT: [2.9, 9.6, 257]
14:53:53.732109 ACC: [-98, 27, 513]
14:53:53.780012 ALT: 1.01
14:53:53.780189 ATT: [2.6, 8.8, 257]
14:53:53.780448 ACC: [-97, 19, 514]
14:53:53.828204 ALT: 1.01
14:53:53.828458 ATT: [2.6, 8.1, 257]
14:53:53.828847 ACC: [-86, 23, 512]
14:53:53.876295 ALT: 1.01
14:53:53.876456 ATT: [2.6, 7.8, 257]
14:53:53.876648 ACC: [-90, 25, 510]
14:53:53.924508 ALT: 1.01
14:53:53.924616 ATT: [2.5, 8.1, 257]
14:53:53.924973 ACC: [-93, 23, 509]
14:53:53.972188 ALT: 1.01
14:53:53.972362 ATT: [2.6, 8.4, 257]
14:53:53.972558 ACC: [-80, 25, 506]
14:53:54.020079 ALT: 1.01
14:53:54.020194 ATT: [2.7, 8.3, 257]
14:53:54.020517 ACC: [-78, 27, 508]
14:53:54.068646 ALT: 1.01
14:53:54.068959 ATT: [2.7, 8.4, 257]
14:53:54.069554 ACC: [-80, 24, 511]
14:53:54.132873 ALT: 1.01
14:53:54.133640 ATT: [2.5, 8.6, 257]
14:53:54.134082 ACC: [-78, 21, 511]
14:53:54.180341 ALT: 1.01
14:53:54.180493 ATT: [2.7, 8.6, 256]
14:53:54.180692 ACC: [-76, 24, 511]
14:53:54.228939 ALT: 1.01
14:53:54.229064 ATT: [2.7, 8.6, 256]
14:53:54.229281 ACC: [-77, 24, 510]
14:53:54.276535 ALT: 1.01
14:53:54.276661 ATT: [2.6, 8.5, 256]
14:53:54.276825 ACC: [-75, 23, 510]
14:53:54.324523 ALT: 1.01
14:53:54.324773 ATT: [2.6, 8.6, 256]
14:53:54.325392 ACC: [-78, 22, 510]
14:53:54.372209 ALT: 1.01
14:53:54.372362 ATT: [2.4, 8.8, 256]
14:53:54.372586 ACC: [-80, 21, 510]
14:53:54.420595 ALT: 1.01
14:53:54.420749 ATT: [2.3, 8.8, 256]
14:53:54.421232 ACC: [-78, 20, 512]
14:53:54.468954 ALT: 1.01
14:53:54.469288 ATT: [2.5, 8.9, 256]
14:53:54.469771 ACC: [-79, 24, 507]
14:53:54.516148 ALT: 1.01
14:53:54.516265 ATT: [2.6, 8.9, 256]
14:53:54.516435 ACC: [-80, 23, 509]
14:53:54.564662 ALT: 1.01
14:53:54.564779 ATT: [2.5, 9.0, 256]
14:53:54.564964 ACC: [-82, 23, 511]
14:53:54.612218 ALT: 1.01
14:53:54.612336 ATT: [2.5, 9.1, 256]
14:53:54.612513 ACC: [-80, 22, 511]
14:53:54.660631 ALT: 1.01
14:53:54.660901 ATT: [2.5, 9.1, 256]
14:53:54.661354 ACC: [-81, 23, 509]
14:53:54.708433 ALT: 1.01
14:53:54.708524 ATT: [2.4, 9.2, 256]
14:53:54.708669 ACC: [-80, 23, 509]
14:53:54.756823 ALT: 1.01
14:53:54.757051 ATT: [2.5, 9.2, 256]
14:53:54.757467 ACC: [-80, 23, 510]
14:53:54.804266 ALT: 1.01
14:53:54.804369 ATT: [2.5, 9.2, 256]
14:53:54.804522 ACC: [-80, 24, 511]
14:53:54.852968 ALT: 1.01
14:53:54.853267 ATT: [2.5, 9.2, 256]
14:53:54.853540 ACC: [-82, 22, 509]
14:53:54.900627 ALT: 1.01
14:53:54.900801 ATT: [2.5, 9.2, 256]
14:53:54.901077 ACC: [-83, 21, 511]
14:53:54.949462 ALT: 1.01
14:53:54.949625 ATT: [2.5, 9.3, 256]
14:53:54.949807 ACC: [-85, 19, 511]
14:53:54.996649 ALT: 1.05
14:53:54.996809 ATT: [2.4, 9.4, 256]
14:53:54.997253 ACC: [-84, 20, 510]
14:53:55.044580 ALT: 1.08
14:53:55.044680 ATT: [2.4, 9.4, 256]
14:53:55.044857 ACC: [-84, 23, 508]
14:53:55.092794 ALT: 1.09
14:53:55.093000 ATT: [2.4, 9.4, 256]
14:53:55.093326 ACC: [-86, 23, 507]
14:53:55.140384 ALT: 1.09
14:53:55.140500 ATT: [2.4, 9.5, 256]
14:53:55.140671 ACC: [-88, 22, 510]
14:53:55.188472 ALT: 1.09
14:53:55.188652 ATT: [2.4, 9.6, 256]
14:53:55.189145 ACC: [-87, 21, 510]
14:53:55.236516 ALT: 1.09
14:53:55.236765 ATT: [2.4, 9.7, 256]
14:53:55.237130 ACC: [-86, 22, 509]
14:53:55.285456 ALT: 1.09
14:53:55.285573 ATT: [2.4, 9.7, 256]
14:53:55.285924 ACC: [-84, 23, 510]
14:53:55.332911 ALT: 1.09
14:53:55.333258 ATT: [2.5, 9.6, 256]
14:53:55.333585 ACC: [-84, 23, 510]
14:53:55.380844 ALT: 1.09
14:53:55.381487 ATT: [2.4, 9.6, 256]
14:53:55.382012 ACC: [-87, 20, 510]
14:53:55.428518 ALT: 1.09
14:53:55.428643 ATT: [2.4, 9.7, 256]
14:53:55.428832 ACC: [-88, 19, 511]
14:53:55.476667 ALT: 1.09
14:53:55.476791 ATT: [2.4, 9.7, 256]
14:53:55.477383 ACC: [-88, 22, 507]
14:53:55.524610 ALT: 1.09
14:53:55.524796 ATT: [2.4, 9.8, 256]
14:53:55.525289 ACC: [-88, 21, 507]
14:53:55.573032 ALT: 1.09
14:53:55.573317 ATT: [2.4, 9.8, 256]
14:53:55.573546 ACC: [-87, 19, 510]
14:53:55.620873 ALT: 1.09
14:53:55.621025 ATT: [2.4, 9.9, 256]
14:53:55.621254 ACC: [-87, 21, 509]
14:53:55.669195 ALT: 1.09
14:53:55.669412 ATT: [2.4, 9.8, 256]
14:53:55.669806 ACC: [-89, 23, 509]
14:53:55.717496 ALT: 1.09
14:53:55.717805 ATT: [2.4, 9.9, 256]
14:53:55.718307 ACC: [-88, 21, 510]
14:53:55.764739 ALT: 1.09
14:53:55.764897 ATT: [2.4, 9.9, 256]
14:53:55.765172 ACC: [-89, 22, 509]
14:53:55.813051 ALT: 1.09
14:53:55.813418 ATT: [2.5, 9.9, 256]
14:53:55.813643 ACC: [-89, 21, 508]
14:53:55.860578 ALT: 1.09
14:53:55.860672 ATT: [2.4, 10.0, 256]
14:53:55.860867 ACC: [-90, 21, 508]
14:53:55.912263 ALT: 1.09
14:53:55.912379 ATT: [2.4, 10.0, 256]
14:53:55.912560 ACC: [-90, 20, 508]
14:53:55.956877 ALT: 1.09
14:53:55.956998 ATT: [2.4, 10.0, 256]
14:53:55.957265 ACC: [-89, 20, 508]
14:53:56.005199 ALT: 1.09
14:53:56.005479 ATT: [2.4, 10.1, 256]
14:53:56.005878 ACC: [-92, 21, 509]
14:53:56.053502 ALT: 1.09
14:53:56.053790 ATT: [2.3, 10.2, 256]
14:53:56.054286 ACC: [-93, 21, 507]
14:53:56.101251 ALT: 1.09
14:53:56.101384 ATT: [2.3, 10.2, 256]
14:53:56.101542 ACC: [-90, 21, 506]
14:53:56.149237 ALT: 1.09
14:53:56.149441 ATT: [2.3, 10.1, 256]
14:53:56.149795 ACC: [-91, 19, 509]
14:53:56.212895 ALT: 1.09
14:53:56.213012 ATT: [2.3, 10.3, 256]
14:53:56.213292 ACC: [-94, 18, 510]
14:53:56.260884 ALT: 1.09
14:53:56.260992 ATT: [2.2, 10.3, 256]
14:53:56.261224 ACC: [-92, 21, 508]
14:53:56.308776 ALT: 1.09
14:53:56.308925 ATT: [2.2, 10.3, 256]
14:53:56.309146 ACC: [-93, 21, 509]
14:53:56.357228 ALT: 1.06
14:53:56.357436 ATT: [2.2, 10.3, 256]
14:53:56.357753 ACC: [-94, 22, 509]
14:53:56.404850 ALT: 1.03
14:53:56.404963 ATT: [2.2, 10.4, 256]
14:53:56.405282 ACC: [-93, 22, 508]
14:53:56.453069 ALT: 1.03
14:53:56.453211 ATT: [2.3, 10.3, 256]
14:53:56.453378 ACC: [-92, 21, 509]
14:53:56.501049 ALT: 1.03
14:53:56.501219 ATT: [2.2, 10.3, 256]
14:53:56.501391 ACC: [-92, 19, 508]
14:53:56.549202 ALT: 1.03
14:53:56.549360 ATT: [2.2, 10.3, 256]
14:53:56.549596 ACC: [-93, 20, 510]
14:53:56.597241 ALT: 1.03
14:53:56.597395 ATT: [2.2, 10.3, 256]
14:53:56.597687 ACC: [-93, 18, 508]
14:53:56.644937 ALT: 1.03
14:53:56.645049 ATT: [2.2, 10.3, 256]
14:53:56.645284 ACC: [-93, 20, 509]
14:53:56.693423 ALT: 1.03
14:53:56.693604 ATT: [2.1, 10.3, 256]
14:53:56.693939 ACC: [-95, 20, 508]
14:53:56.741378 ALT: 1.03
14:53:56.741500 ATT: [2.2, 10.4, 256]
14:53:56.741683 ACC: [-94, 18, 507]
14:53:56.789498 ALT: 1.03
14:53:56.789748 ATT: [2.2, 10.4, 256]
14:53:56.790124 ACC: [-95, 19, 508]
14:53:56.837707 ALT: 1.03
14:53:56.837914 ATT: [2.2, 10.5, 256]
14:53:56.838262 ACC: [-93, 18, 508]
14:53:56.885023 ALT: 1.03
14:53:56.885211 ATT: [2.1, 10.5, 256]
14:53:56.885406 ACC: [-93, 17, 508]
14:53:56.933166 ALT: 1.08
14:53:56.933274 ATT: [2.1, 10.5, 256]
14:53:56.933433 ACC: [-93, 20, 508]
14:53:56.981659 ALT: 1.09
14:53:56.981858 ATT: [2.1, 10.5, 256]
14:53:56.982061 ACC: [-94, 21, 507]
14:53:57.029559 ALT: 1.09
14:53:57.029713 ATT: [2.1, 10.5, 256]
14:53:57.030092 ACC: [-94, 21, 509]
14:53:57.077070 ALT: 1.09
14:53:57.077208 ATT: [2.1, 10.5, 256]
14:53:57.077360 ACC: [-95, 19, 511]
14:53:57.125461 ALT: 1.09
14:53:57.125722 ATT: [2.1, 10.5, 256]
14:53:57.126108 ACC: [-94, 19, 508]
14:53:57.173202 ALT: 1.09
14:53:57.173323 ATT: [2.2, 10.5, 256]
14:53:57.173508 ACC: [-94, 22, 509]
14:53:57.221181 ALT: 1.09
14:53:57.221289 ATT: [2.2, 10.5, 256]
14:53:57.221490 ACC: [-95, 19, 507]
14:53:57.273016 ALT: 1.09
14:53:57.273175 ATT: [2.3, 10.6, 256]
14:53:57.273378 ACC: [-96, 20, 507]
14:53:57.317422 ALT: 1.09
14:53:57.317677 ATT: [2.3, 10.7, 255]
14:53:57.318116 ACC: [-97, 21, 507]
14:53:57.365375 ALT: 1.09
14:53:57.365488 ATT: [2.4, 10.7, 255]
14:53:57.365702 ACC: [-95, 20, 507]
14:53:57.413519 ALT: 1.09
14:53:57.413898 ATT: [2.4, 10.7, 255]
14:53:57.414487 ACC: [-96, 21, 509]
14:53:57.461618 ALT: 1.09
14:53:57.461804 ATT: [2.4, 10.8, 255]
14:53:57.462163 ACC: [-97, 21, 510]
14:53:57.509712 ALT: 1.09
14:53:57.510146 ATT: [2.3, 10.8, 255]
14:53:57.510599 ACC: [-93, 22, 512]
14:53:57.557745 ALT: 1.09
14:53:57.557965 ATT: [2.3, 10.6, 254]
14:53:57.558266 ACC: [-87, 33, 512]
14:53:57.605320 ALT: 1.09
14:53:57.605430 ATT: [2.6, 10.3, 254]
14:53:57.605588 ACC: [-87, 32, 509]
14:53:57.653342 ALT: 1.09
14:53:57.653450 ATT: [3.0, 9.9, 253]
14:53:57.653600 ACC: [-86, 32, 511]
14:53:57.701436 ALT: 1.09
14:53:57.701544 ATT: [3.3, 9.5, 252]
14:53:57.701697 ACC: [-88, 32, 511]
14:53:57.749982 ALT: 1.09
14:53:57.750235 ATT: [3.7, 9.0, 251]
14:53:57.750419 ACC: [-83, 34, 508]
14:53:57.797751 ALT: 1.09
14:53:57.797985 ATT: [3.9, 8.5, 251]
14:53:57.798295 ACC: [-82, 33, 510]
14:53:57.845481 ALT: 1.09
14:53:57.845582 ATT: [4.5, 7.9, 250]
14:53:57.845728 ACC: [-73, 35, 507]
14:53:57.893408 ALT: 1.09
14:53:57.893531 ATT: [5.1, 6.9, 249]
14:53:57.893710 ACC: [-64, 31, 505]
14:53:57.942096 ALT: 1.09
14:53:57.942391 ATT: [5.4, 5.7, 247]
14:53:57.942905 ACC: [-63, 37, 516]
14:53:57.989406 ALT: 1.09
14:53:57.989525 ATT: [5.3, 4.9, 246]
14:53:57.989718 ACC: [-46, 32, 517]
14:53:58.037833 ALT: 1.09
14:53:58.037953 ATT: [5.1, 3.6, 245]
14:53:58.038174 ACC: [-35, 45, 513]
14:53:58.085440 ALT: 1.09
14:53:58.085749 ATT: [4.6, 2.0, 243]
14:53:58.085914 ACC: [-28, 39, 512]
14:53:58.133929 ALT: 1.09
14:53:58.134116 ATT: [4.0, 0.5, 241]
14:53:58.134402 ACC: [-19, 43, 515]
14:53:58.181728 ALT: 1.09
14:53:58.181832 ATT: [3.6, -0.7, 239]
14:53:58.181990 ACC: [-11, 38, 515]
14:53:58.245823 ALT: 1.09
14:53:58.246031 ATT: [3.1, -1.5, 238]
14:53:58.246308 ACC: [-11, 32, 514]
14:53:58.294282 ALT: 1.09
14:53:58.294564 ATT: [2.9, -1.9, 237]
14:53:58.294992 ACC: [3, 32, 516]
14:53:58.341758 ALT: 1.09
14:53:58.341914 ATT: [2.8, -2.2, 236]
14:53:58.342325 ACC: [8, 26, 515]
14:53:58.389951 ALT: 1.09
14:53:58.390159 ATT: [2.5, -2.4, 236]
14:53:58.390414 ACC: [13, 27, 516]
14:53:58.437584 ALT: 1.09
14:53:58.437695 ATT: [2.4, -2.5, 236]
14:53:58.437864 ACC: [12, 22, 515]
14:53:58.485954 ALT: 1.09
14:53:58.486152 ATT: [2.4, -2.3, 236]
14:53:58.486440 ACC: [17, 22, 517]
14:53:58.534015 ALT: 1.09
14:53:58.534231 ATT: [2.6, -2.3, 236]
14:53:58.534540 ACC: [23, 25, 511]
14:53:58.581599 ALT: 1.09
14:53:58.581714 ATT: [2.6, -2.4, 236]
14:53:58.581901 ACC: [17, 16, 514]
14:53:58.629967 ALT: 1.09
14:53:58.630194 ATT: [2.0, -1.9, 238]
14:53:58.630524 ACC: [17, 18, 519]
14:53:58.677715 ALT: 1.09
14:53:58.677832 ATT: [1.8, -1.9, 240]
14:53:58.677997 ACC: [19, 15, 515]
14:53:58.725835 ALT: 1.09
14:53:58.725986 ATT: [2.1, -2.3, 241]
14:53:58.726216 ACC: [25, 20, 513]
14:53:58.773713 ALT: 1.09
14:53:58.773838 ATT: [2.3, -2.3, 241]
14:53:58.774037 ACC: [20, 22, 512]
14:53:58.821709 ALT: 1.09
14:53:58.821847 ATT: [2.1, -1.9, 242]
14:53:58.822103 ACC: [16, 18, 515]
14:53:58.869655 ALT: 1.09
14:53:58.869753 ATT: [2.0, -1.4, 242]
14:53:58.869895 ACC: [13, 19, 517]
14:53:58.917817 ALT: 1.09
14:53:58.917915 ATT: [2.0, -1.2, 242]
14:53:58.918065 ACC: [11, 18, 516]
14:53:58.965998 ALT: 1.09
14:53:58.966147 ATT: [2.0, -1.0, 242]
14:53:58.966502 ACC: [10, 19, 516]
14:53:59.013930 ALT: 1.09
14:53:59.014118 ATT: [2.1, -1.1, 242]
14:53:59.014545 ACC: [12, 20, 516]
14:53:59.062067 ALT: 1.09
14:53:59.062235 ATT: [2.2, -1.0, 242]
14:53:59.062553 ACC: [10, 21, 518]
14:53:59.109898 ALT: 1.09
14:53:59.110035 ATT: [2.1, -1.0, 243]
14:53:59.110219 ACC: [10, 19, 515]
14:53:59.158066 ALT: 1.09
14:53:59.158250 ATT: [2.1, -0.9, 243]
14:53:59.158522 ACC: [6, 26, 511]
14:53:59.207034 ALT: 1.09
14:53:59.207414 ATT: [2.0, -0.8, 243]
14:53:59.207942 ACC: [-2, 24, 508]
14:53:59.253845 ALT: 1.09
14:53:59.253954 ATT: [2.0, -0.2, 244]
14:53:59.254117 ACC: [-13, 16, 509]
14:53:59.302679 ALT: 1.09
14:53:59.303044 ATT: [2.0, 0.6, 244]
14:53:59.303570 ACC: [-22, 10, 504]
14:53:59.350205 ALT: 1.09
14:53:59.350417 ATT: [2.0, 1.7, 245]
14:53:59.350699 ACC: [-21, 12, 508]
14:53:59.398218 ALT: 1.09
14:53:59.398375 ATT: [1.9, 2.7, 247]
14:53:59.398727 ACC: [-21, 7, 511]
14:53:59.446084 ALT: 1.09
14:53:59.446317 ATT: [1.8, 3.5, 249]
14:53:59.446673 ACC: [-15, 16, 516]
14:53:59.494216 ALT: 1.09
14:53:59.494447 ATT: [1.8, 4.2, 252]
14:53:59.494741 ACC: [-17, 12, 519]
14:53:59.541943 ALT: 1.09
14:53:59.542066 ATT: [1.8, 4.6, 253]
14:53:59.542277 ACC: [-16, 20, 516]
14:53:59.590018 ALT: 1.09
14:53:59.590137 ATT: [1.8, 4.8, 255]
14:53:59.590345 ACC: [-23, 24, 517]
14:53:59.638852 ALT: 1.09
14:53:59.639163 ATT: [1.8, 5.0, 256]
14:53:59.639448 ACC: [-25, 28, 514]
14:53:59.685936 ALT: 1.09
14:53:59.686034 ATT: [1.9, 5.0, 258]
14:53:59.686188 ACC: [-32, 24, 516]
14:53:59.734270 ALT: 1.09
14:53:59.734453 ATT: [2.1, 5.2, 258]
14:53:59.734655 ACC: [-42, 20, 516]
14:53:59.781972 ALT: 1.09
14:53:59.782079 ATT: [2.3, 5.5, 260]
14:53:59.782245 ACC: [-46, 15, 512]
14:53:59.830320 ALT: 1.09
14:53:59.830537 ATT: [2.3, 5.8, 261]
14:53:59.830862 ACC: [-49, 17, 507]
14:53:59.878906 ALT: 1.09
14:53:59.879271 ATT: [2.2, 6.1, 262]
14:53:59.879830 ACC: [-49, 14, 517]
14:53:59.926017 ALT: 1.09
14:53:59.926116 ATT: [2.1, 6.3, 264]
14:53:59.926263 ACC: [-47, 14, 512]
14:53:59.974319 ALT: 1.09
14:53:59.974499 ATT: [2.1, 6.4, 265]
14:53:59.974780 ACC: [-51, 12, 520]
14:54:00.022654 ALT: 1.09
14:54:00.022769 ATT: [1.7, 6.3, 267]
14:54:00.022939 ACC: [-51, 11, 518]
14:54:00.070559 ALT: 1.09
14:54:00.070739 ATT: [1.1, 6.2, 269]
14:54:00.071046 ACC: [-59, 5, 520]
14:54:00.118245 ALT: 1.09
14:54:00.118433 ATT: [0.8, 6.1, 270]
14:54:00.118679 ACC: [-54, 9, 523]
14:54:00.166775 ALT: 1.09
14:54:00.167063 ATT: [0.8, 6.2, 270]
14:54:00.167551 ACC: [-59, 3, 525]
14:54:00.214182 ALT: 1.09
14:54:00.214308 ATT: [0.9, 6.3, 270]
14:54:00.214669 ACC: [-60, 16, 523]
14:54:00.262836 ALT: 1.09
14:54:00.263111 ATT: [0.9, 6.3, 269]
14:54:00.263698 ACC: [-66, 14, 518]
14:54:00.326125 ALT: 1.09
14:54:00.326231 ATT: [0.8, 6.4, 268]
14:54:00.326385 ACC: [-65, 16, 515]
14:54:00.374522 ALT: 1.09
14:54:00.374677 ATT: [0.9, 6.6, 267]
14:54:00.374873 ACC: [-67, 16, 511]
14:54:00.422210 ALT: 1.09
14:54:00.422375 ATT: [1.0, 6.4, 266]
14:54:00.422544 ACC: [-57, 17, 509]
14:54:00.471057 ALT: 1.09
14:54:00.471169 ATT: [1.0, 5.9, 265]
14:54:00.471388 ACC: [-48, 8, 509]
14:54:00.518798 ALT: 1.09
14:54:00.519053 ATT: [0.7, 5.1, 263]
14:54:00.519461 ACC: [-45, 8, 514]
14:54:00.566398 ALT: 1.09
14:54:00.566500 ATT: [0.4, 4.5, 260]
14:54:00.566743 ACC: [-42, 5, 516]
14:54:00.614443 ALT: 1.09
14:54:00.614585 ATT: [0.3, 4.3, 258]
14:54:00.614782 ACC: [-46, -7, 516]
14:54:00.663962 ALT: 1.09
14:54:00.664105 ATT: [0.2, 4.4, 256]
14:54:00.664291 ACC: [-50, 0, 518]
14:54:00.710614 ALT: 1.09
14:54:00.710877 ATT: [0.1, 4.6, 255]
14:54:00.711350 ACC: [-49, -10, 516]
14:54:00.758342 ALT: 1.09
14:54:00.758448 ATT: [-0.1, 4.7, 255]
14:54:00.758618 ACC: [-43, -4, 518]
14:54:00.806466 ALT: 1.09
14:54:00.806617 ATT: [-0.1, 4.8, 255]
14:54:00.806843 ACC: [-42, -7, 516]
14:54:00.854794 ALT: 1.09
14:54:00.855028 ATT: [-0.1, 4.8, 255]
14:54:00.855405 ACC: [-37, -5, 519]
14:54:00.902565 ALT: 1.09
14:54:00.902667 ATT: [0.0, 4.8, 255]
14:54:00.902901 ACC: [-39, -7, 519]
14:54:00.950414 ALT: 1.09
14:54:00.950519 ATT: [-0.1, 4.7, 254]
14:54:00.950677 ACC: [-40, -2, 514]
14:54:00.998412 ALT: 1.09
14:54:00.998536 ATT: [0.2, 4.3, 254]
14:54:00.998736 ACC: [-38, 4, 509]
14:54:01.046476 ALT: 1.09
14:54:01.046623 ATT: [0.5, 4.0, 254]
14:54:01.046895 ACC: [-35, 7, 510]
14:54:01.094537 ALT: 1.09
14:54:01.094650 ATT: [0.4, 3.3, 253]
14:54:01.094827 ACC: [-32, 1, 511]
14:54:01.142928 ALT: 1.09
14:54:01.143147 ATT: [-0.2, 3.4, 253]
14:54:01.143802 ACC: [-33, -4, 514]
14:54:01.190607 ALT: 1.09
14:54:01.190837 ATT: [-0.4, 3.3, 253]
14:54:01.191055 ACC: [-29, -3, 520]
14:54:01.238822 ALT: 1.09
14:54:01.239015 ATT: [-0.6, 3.0, 253]
14:54:01.239334 ACC: [-25, -8, 518]
14:54:01.286545 ALT: 1.09
14:54:01.286676 ATT: [-0.5, 3.0, 252]
14:54:01.286864 ACC: [-29, -4, 510]
14:54:01.334485 ALT: 1.09
14:54:01.334610 ATT: [-0.6, 3.2, 252]
14:54:01.334775 ACC: [-31, -4, 509]
14:54:01.382846 ALT: 1.09
14:54:01.383172 ATT: [-0.8, 3.2, 252]
14:54:01.384055 ACC: [-30, -6, 511]
14:54:01.430770 ALT: 1.09
14:54:01.430922 ATT: [-1.0, 3.3, 253]
14:54:01.431141 ACC: [-34, -10, 516]
14:54:01.478774 ALT: 1.09
14:54:01.478983 ATT: [-1.3, 3.4, 252]
14:54:01.479310 ACC: [-34, -16, 521]
14:54:01.526768 ALT: 1.09
14:54:01.526919 ATT: [-1.5, 3.5, 252]
14:54:01.527135 ACC: [-35, -12, 521]
14:54:01.574928 ALT: 1.09
14:54:01.575050 ATT: [-1.7, 3.6, 252]
14:54:01.575333 ACC: [-27, -4, 513]
14:54:01.622518 ALT: 1.09
14:54:01.622616 ATT: [-1.6, 3.4, 252]
14:54:01.622764 ACC: [-25, 4, 508]
14:54:01.671260 ALT: 1.09
14:54:01.671464 ATT: [-1.5, 3.3, 251]
14:54:01.671692 ACC: [-28, 2, 505]
14:54:01.718535 ALT: 1.09
14:54:01.718633 ATT: [-1.3, 3.4, 251]
14:54:01.718783 ACC: [-30, -1, 512]
14:54:01.767047 ALT: 1.09
14:54:01.767275 ATT: [-1.3, 3.6, 251]
14:54:01.767593 ACC: [-28, -9, 512]
14:54:01.815014 ALT: 1.09
14:54:01.815229 ATT: [-1.2, 3.6, 251]
14:54:01.815546 ACC: [-26, -9, 515]
14:54:01.863109 ALT: 1.09
14:54:01.863270 ATT: [-1.3, 3.6, 251]
14:54:01.863637 ACC: [-24, -10, 515]
14:54:01.911420 ALT: 1.09
14:54:01.911714 ATT: [-1.4, 3.4, 251]
14:54:01.912218 ACC: [-23, -15, 517]
14:54:01.958630 ALT: 1.09
14:54:01.958740 ATT: [-1.5, 3.3, 251]
14:54:01.958934 ACC: [-23, -15, 519]
14:54:02.006774 ALT: 1.09
14:54:02.006869 ATT: [-1.6, 3.3, 251]
14:54:02.007016 ACC: [-24, -16, 518]
14:54:02.054624 ALT: 1.09
14:54:02.054717 ATT: [-1.7, 3.1, 251]
14:54:02.055087 ACC: [-24, -16, 519]
14:54:02.103234 ALT: 1.09
14:54:02.103490 ATT: [-1.8, 3.0, 251]
14:54:02.103841 ACC: [-26, -16, 519]
14:54:02.150796 ALT: 1.09
14:54:02.150894 ATT: [-1.9, 3.0, 251]
14:54:02.151057 ACC: [-25, -16, 516]
14:54:02.199172 ALT: 1.09
14:54:02.199325 ATT: [-1.9, 2.9, 251]
14:54:02.199533 ACC: [-26, -14, 516]
14:54:02.248220 ALT: 1.09
14:54:02.248356 ATT: [-1.9, 2.9, 251]
14:54:02.248543 ACC: [-28, -18, 517]
14:54:02.295126 ALT: 1.09
14:54:02.295240 ATT: [-1.9, 2.9, 251]
14:54:02.295399 ACC: [-26, -19, 519]
14:54:02.343147 ALT: 1.09
14:54:02.343442 ATT: [-2.0, 2.9, 252]
14:54:02.343798 ACC: [-27, -19, 516]
14:54:02.406729 ALT: 1.09
14:54:02.406823 ATT: [-2.0, 2.9, 252]
14:54:02.406973 ACC: [-26, -19, 516]
14:54:02.455391 ALT: 1.09
14:54:02.455559 ATT: [-2.1, 3.0, 252]
14:54:02.455964 ACC: [-28, -18, 513]
14:54:02.503160 ALT: 1.09
14:54:02.503279 ATT: [-2.1, 3.1, 252]
14:54:02.503453 ACC: [-27, -20, 515]
14:54:02.550996 ALT: 1.09
14:54:02.551166 ATT: [-2.1, 3.1, 252]
14:54:02.551417 ACC: [-28, -20, 518]
14:54:02.599549 ALT: 1.09
14:54:02.600830 ATT: [-2.1, 3.1, 252]
14:54:02.601186 ACC: [-29, -23, 516]
14:54:02.647015 ALT: 1.09
14:54:02.647200 ATT: [-2.2, 3.2, 252]
14:54:02.647454 ACC: [-29, -18, 516]
14:54:02.695496 ALT: 1.09
14:54:02.695835 ATT: [-2.3, 3.2, 252]
14:54:02.696334 ACC: [-30, -18, 516]
14:54:02.742794 ALT: 1.09
14:54:02.742888 ATT: [-2.2, 3.3, 252]
14:54:02.743033 ACC: [-29, -18, 516]
14:54:02.791462 ALT: 1.09
14:54:02.791694 ATT: [-2.2, 3.4, 252]
14:54:02.792113 ACC: [-30, -17, 514]
14:54:02.838994 ALT: 1.09
14:54:02.839092 ATT: [-2.1, 3.4, 252]
14:54:02.839324 ACC: [-30, -17, 515]
14:54:02.887398 ALT: 1.09
14:54:02.887590 ATT: [-2.1, 3.4, 252]
14:54:02.887846 ACC: [-29, -20, 515]
14:54:02.935788 ALT: 1.09
14:54:02.936126 ATT: [-2.1, 3.5, 252]
14:54:02.936687 ACC: [-32, -18, 514]
14:54:02.982992 ALT: 1.09
14:54:02.983276 ATT: [-2.1, 3.6, 252]
14:54:02.983767 ACC: [-31, -20, 515]
14:54:03.031316 ALT: 1.09
14:54:03.031474 ATT: [-2.1, 3.7, 252]
14:54:03.031796 ACC: [-31, -18, 514]
14:54:03.079674 ALT: 1.09
14:54:03.080121 ATT: [-2.1, 3.8, 252]
14:54:03.080734 ACC: [-30, -18, 516]
14:54:03.127337 ALT: 1.09
14:54:03.127486 ATT: [-2.0, 3.8, 252]
14:54:03.127862 ACC: [-30, -22, 516]
14:54:03.175374 ALT: 1.09
14:54:03.175551 ATT: [-2.0, 3.9, 252]
14:54:03.175823 ACC: [-30, -20, 514]
14:54:03.223858 ALT: 1.09
14:54:03.224118 ATT: [-2.1, 3.9, 252]
14:54:03.224459 ACC: [-32, -20, 516]
14:54:03.271051 ALT: 1.09
14:54:03.271154 ATT: [-2.1, 3.8, 252]
14:54:03.271297 ACC: [-31, -17, 516]
14:54:03.319518 ALT: 1.09
14:54:03.319829 ATT: [-2.1, 3.8, 252]
14:54:03.320705 ACC: [-32, -15, 515]
14:54:03.367320 ALT: 1.09
14:54:03.367500 ATT: [-2.0, 3.8, 252]
14:54:03.367860 ACC: [-33, -18, 518]
14:54:03.415088 ALT: 1.09
14:54:03.415195 ATT: [-1.9, 3.8, 252]
14:54:03.415373 ACC: [-35, -16, 517]
14:54:03.463383 ALT: 1.09
14:54:03.463600 ATT: [-1.9, 3.8, 252]
14:54:03.463924 ACC: [-35, -16, 514]
14:54:03.511073 ALT: 1.09
14:54:03.511170 ATT: [-1.9, 3.8, 252]
14:54:03.511317 ACC: [-37, -18, 514]
14:54:03.559496 ALT: 1.09
14:54:03.559624 ATT: [-1.8, 3.9, 252]
14:54:03.559977 ACC: [-37, -20, 515]
14:54:03.607403 ALT: 1.09
14:54:03.607529 ATT: [-1.9, 4.0, 252]
14:54:03.607710 ACC: [-39, -20, 513]
14:54:03.655370 ALT: 1.09
14:54:03.655536 ATT: [-1.9, 4.0, 252]
14:54:03.655746 ACC: [-38, -19, 514]
14:54:03.703541 ALT: 1.09
14:54:03.703693 ATT: [-2.0, 4.1, 252]
14:54:03.703921 ACC: [-40, -21, 513]
14:54:03.751599 ALT: 1.09
14:54:03.751785 ATT: [-2.0, 4.3, 252]
14:54:03.751962 ACC: [-39, -17, 515]
14:54:03.799618 ALT: 1.09
14:54:03.799817 ATT: [-2.0, 4.3, 252]
14:54:03.800112 ACC: [-38, -17, 514]
14:54:03.847486 ALT: 1.09
14:54:03.847706 ATT: [-2.0, 4.3, 252]
14:54:03.848044 ACC: [-36, -13, 515]
14:54:03.895648 ALT: 1.09
14:54:03.895907 ATT: [-2.0, 4.3, 252]
14:54:03.896291 ACC: [-37, -15, 517]
14:54:03.943484 ALT: 1.09
14:54:03.943851 ATT: [-2.0, 4.2, 252]
14:54:03.944148 ACC: [-34, -19, 519]
14:54:03.991319 ALT: 1.09
14:54:03.991430 ATT: [-2.1, 4.1, 252]
14:54:03.991585 ACC: [-35, -17, 511]
14:54:04.039576 ALT: 1.09
14:54:04.039919 ATT: [-2.1, 3.9, 252]
14:54:04.040770 ACC: [-40, -17, 509]
14:54:04.087376 ALT: 1.09
14:54:04.087513 ATT: [-2.2, 4.0, 252]
14:54:04.087797 ACC: [-44, -24, 512]
14:54:04.135514 ALT: 1.09
14:54:04.135659 ATT: [-2.3, 4.2, 252]
14:54:04.135837 ACC: [-47, -22, 514]
14:54:04.183417 ALT: 1.09
14:54:04.183572 ATT: [-2.3, 4.5, 252]
14:54:04.183788 ACC: [-42, -21, 516]
14:54:04.231651 ALT: 1.09
14:54:04.231846 ATT: [-2.2, 4.6, 252]
14:54:04.232155 ACC: [-37, -17, 516]
14:54:04.279942 ALT: 1.09
14:54:04.280286 ATT: [-2.1, 4.6, 252]
14:54:04.280792 ACC: [-34, -16, 517]
14:54:04.327329 ALT: 1.09
14:54:04.327424 ATT: [-2.1, 4.6, 252]
14:54:04.327570 ACC: [-35, -16, 517]
14:54:04.375710 ALT: 1.09
14:54:04.375898 ATT: [-2.0, 4.6, 252]
14:54:04.376268 ACC: [-34, -17, 517]
14:54:04.439643 ALT: 1.09
14:54:04.439808 ATT: [-1.9, 4.4, 252]
14:54:04.440069 ACC: [-37, -19, 516]
14:54:04.487758 ALT: 1.09
14:54:04.487913 ATT: [-1.9, 4.3, 252]
14:54:04.488082 ACC: [-39, -18, 514]
14:54:04.535942 ALT: 1.09
14:54:04.536060 ATT: [-1.9, 4.3, 252]
14:54:04.536401 ACC: [-41, -19, 511]
14:54:04.583867 ALT: 1.09
14:54:04.584082 ATT: [-1.9, 4.3, 252]
14:54:04.584417 ACC: [-42, -20, 512]
14:54:04.631762 ALT: 1.09
14:54:04.631955 ATT: [-1.9, 4.3, 252]
14:54:04.632273 ACC: [-43, -22, 513]
14:54:04.679501 ALT: 1.09
14:54:04.679621 ATT: [-2.0, 4.4, 252]
14:54:04.679812 ACC: [-44, -19, 513]
14:54:04.727536 ALT: 1.09
14:54:04.727673 ATT: [-2.0, 4.5, 252]
14:54:04.727871 ACC: [-42, -18, 512]
14:54:04.775580 ALT: 1.09
14:54:04.775714 ATT: [-2.0, 4.5, 252]
14:54:04.775978 ACC: [-41, -18, 512]
14:54:04.839969 ALT: 1.09
14:54:04.840106 ATT: [-2.0, 4.6, 252]
14:54:04.840322 ACC: [-42, -18, 515]
14:54:04.888197 ALT: 1.09
14:54:04.888527 ATT: [-2.0, 4.6, 252]
14:54:04.889007 ACC: [-38, -16, 515]
14:54:04.952083 ALT: 1.09
14:54:04.952197 ATT: [-2.0, 4.6, 252]
14:54:04.952375 ACC: [-38, -15, 514]
14:54:04.999921 ALT: 1.09
14:54:05.000103 ATT: [-2.0, 4.6, 252]
14:54:05.000356 ACC: [-41, -17, 516]
14:54:05.047925 ALT: 1.09
14:54:05.048131 ATT: [-2.0, 4.6, 252]
14:54:05.048516 ACC: [-40, -19, 515]
14:54:05.095952 ALT: 1.09
14:54:05.096081 ATT: [-1.9, 4.5, 252]
14:54:05.096307 ACC: [-39, -16, 515]
14:54:05.143978 ALT: 1.09
14:54:05.144200 ATT: [-2.0, 4.5, 252]
14:54:05.144620 ACC: [-40, -18, 514]
14:54:05.192721 ALT: 1.09
14:54:05.193294 ATT: [-2.0, 4.5, 252]
14:54:05.194137 ACC: [-41, -19, 514]
14:54:05.239810 ALT: 1.09
14:54:05.240078 ATT: [-2.0, 4.5, 252]
14:54:05.240309 ACC: [-42, -16, 514]
14:54:05.287942 ALT: 1.09
14:54:05.288049 ATT: [-2.0, 4.5, 251]
14:54:05.288219 ACC: [-40, -18, 514]
14:54:05.335592 ALT: 1.09
14:54:05.335698 ATT: [-2.0, 4.5, 251]
14:54:05.335851 ACC: [-39, -17, 516]
14:54:05.384050 ALT: 1.09
14:54:05.384229 ATT: [-2.0, 4.4, 251]
14:54:05.384638 ACC: [-40, -17, 513]
14:54:05.432291 ALT: 1.09
14:54:05.432440 ATT: [-2.0, 4.4, 251]
14:54:05.432653 ACC: [-41, -19, 515]
14:54:05.480185 ALT: 1.09
14:54:05.480421 ATT: [-2.0, 4.4, 251]
14:54:05.480818 ACC: [-42, -18, 513]
14:54:05.528787 ALT: 1.09
14:54:05.529239 ATT: [-2.0, 4.4, 252]
14:54:05.529799 ACC: [-41, -19, 514]
14:54:05.575686 ALT: 1.09
14:54:05.575829 ATT: [-2.0, 4.4, 252]
14:54:05.575975 ACC: [-41, -21, 515]
14:54:05.623760 ALT: 1.09
14:54:05.623857 ATT: [-2.1, 4.5, 252]
14:54:05.624008 ACC: [-40, -19, 515]
14:54:05.671623 ALT: 1.09
14:54:05.671721 ATT: [-2.1, 4.4, 252]
14:54:05.671870 ACC: [-38, -18, 514]
14:54:05.719929 ALT: 1.09
14:54:05.720061 ATT: [-2.1, 4.4, 252]
14:54:05.720260 ACC: [-40, -17, 516]
14:54:05.767852 ALT: 1.09
14:54:05.768008 ATT: [-2.1, 4.4, 252]
14:54:05.768241 ACC: [-41, -17, 516]
14:54:05.816187 ALT: 1.09
14:54:05.816383 ATT: [-2.1, 4.4, 252]
14:54:05.816712 ACC: [-41, -16, 514]
14:54:05.864154 ALT: 1.09
14:54:05.864285 ATT: [-2.0, 4.5, 252]
14:54:05.864609 ACC: [-39, -15, 514]
14:54:05.911925 ALT: 1.09
14:54:05.912059 ATT: [-1.9, 4.4, 252]
14:54:05.912237 ACC: [-39, -16, 514]
14:54:05.959843 ALT: 1.09
14:54:05.959954 ATT: [-1.9, 4.4, 252]
14:54:05.960128 ACC: [-39, -19, 515]
14:54:06.007744 ALT: 1.09
14:54:06.007835 ATT: [-1.9, 4.4, 252]
14:54:06.008178 ACC: [-42, -22, 515]
14:54:06.056010 ALT: 1.09
14:54:06.056212 ATT: [-2.0, 4.4, 252]
14:54:06.056484 ACC: [-41, -21, 515]
14:54:06.104134 ALT: 1.09
14:54:06.104244 ATT: [-2.0, 4.5, 252]
14:54:06.104456 ACC: [-39, -17, 511]
14:54:06.152306 ALT: 1.09
14:54:06.152456 ATT: [-2.0, 4.4, 252]
14:54:06.152837 ACC: [-39, -14, 512]
14:54:06.201222 ALT: 1.09
14:54:06.201583 ATT: [-1.9, 4.4, 252]
14:54:06.202096 ACC: [-41, -21, 515]
14:54:06.247888 ALT: 1.09
14:54:06.248015 ATT: [-2.0, 4.5, 252]
14:54:06.248193 ACC: [-42, -22, 515]
14:54:06.296838 ALT: 1.09
14:54:06.297229 ATT: [-1.9, 4.7, 252]
14:54:06.297463 ACC: [-43, -11, 513]
14:54:06.343808 ALT: 1.09
14:54:06.343902 ATT: [-1.3, 5.1, 251]
14:54:06.344048 ACC: [-41, 3, 515]
14:54:06.392196 ALT: 1.09
14:54:06.392429 ATT: [0.3, 5.1, 250]
14:54:06.392736 ACC: [-23, 24, 509]
14:54:06.440089 ALT: 1.09
14:54:06.440187 ATT: [2.4, 4.5, 248]
14:54:06.440359 ACC: [-33, 5, 511]
14:54:06.488156 ALT: 1.09
14:54:06.488287 ATT: [3.3, 4.0, 247]
14:54:06.488455 ACC: [-42, 12, 524]
14:54:06.552236 ALT: 1.09
14:54:06.552354 ATT: [3.0, 3.9, 246]
14:54:06.552615 ACC: [-50, 17, 526]
14:54:06.600001 ALT: 1.09
14:54:06.600128 ATT: [2.4, 3.7, 245]
14:54:06.600306 ACC: [-34, 9, 513]
14:54:06.648141 ALT: 1.09
14:54:06.648267 ATT: [1.8, 3.6, 245]
14:54:06.648430 ACC: [-40, 6, 513]
14:54:06.696425 ALT: 1.09
14:54:06.696657 ATT: [1.2, 3.6, 246]
14:54:06.697595 ACC: [-40, 6, 512]
14:54:06.744249 ALT: 1.09
14:54:06.744438 ATT: [0.4, 3.6, 247]
14:54:06.744692 ACC: [-40, 2, 509]
14:54:06.792670 ALT: 1.09
14:54:06.792786 ATT: [-0.4, 3.4, 249]
14:54:06.792954 ACC: [-36, 4, 510]
14:54:06.840568 ALT: 1.09
14:54:06.840703 ATT: [-0.9, 3.5, 252]
14:54:06.841180 ACC: [-39, -5, 513]
14:54:06.888554 ALT: 1.09
14:54:06.888715 ATT: [-1.0, 3.7, 254]
14:54:06.889025 ACC: [-38, -3, 515]
14:54:06.937402 ALT: 1.09
14:54:06.937743 ATT: [-0.9, 4.0, 257]
14:54:06.938267 ACC: [-35, -4, 512]
14:54:06.984121 ALT: 1.09
14:54:06.984243 ATT: [-0.7, 4.3, 259]
14:54:06.984421 ACC: [-35, 6, 511]
14:54:07.032533 ALT: 1.09
14:54:07.032698 ATT: [-0.2, 4.4, 260]
14:54:07.033464 ACC: [-33, 4, 516]
14:54:07.080155 ALT: 1.09
14:54:07.080278 ATT: [0.3, 4.4, 262]
14:54:07.080500 ACC: [-33, 9, 517]
14:54:07.129037 ALT: 1.09
14:54:07.129530 ATT: [0.5, 4.5, 263]
14:54:07.129983 ACC: [-39, 9, 518]
14:54:07.176656 ALT: 1.09
14:54:07.176925 ATT: [0.7, 4.7, 264]
14:54:07.177257 ACC: [-38, 8, 517]
14:54:07.224176 ALT: 1.09
14:54:07.224345 ATT: [1.0, 4.8, 265]
14:54:07.224535 ACC: [-39, 9, 518]
14:54:07.272133 ALT: 1.09
14:54:07.272238 ATT: [1.3, 4.8, 266]
14:54:07.272394 ACC: [-38, 12, 516]
14:54:07.321159 ALT: 1.09
14:54:07.321458 ATT: [1.6, 4.8, 266]
14:54:07.321834 ACC: [-41, 11, 515]
14:54:07.368103 ALT: 1.09
14:54:07.368202 ATT: [1.8, 4.8, 267]
14:54:07.368354 ACC: [-40, 12, 513]
14:54:07.416540 ALT: 1.09
14:54:07.416683 ATT: [2.1, 4.9, 269]
14:54:07.417039 ACC: [-43, 5, 514]
14:54:07.464333 ALT: 1.09
14:54:07.464580 ATT: [2.2, 5.1, 270]
14:54:07.465026 ACC: [-45, 21, 513]
14:54:07.512349 ALT: 1.09
14:54:07.512455 ATT: [2.3, 5.2, 271]
14:54:07.512621 ACC: [-45, 21, 511]
14:54:07.560406 ALT: 1.09
14:54:07.560534 ATT: [2.4, 5.3, 272]
14:54:07.564724 ACC: [-42, 21, 511]
14:54:07.608650 ALT: 1.09
14:54:07.609284 ATT: [2.6, 5.3, 272]
14:54:07.609952 ACC: [-45, 20, 512]
14:54:07.656572 ALT: 1.09
14:54:07.656728 ATT: [2.6, 5.4, 272]
14:54:07.656892 ACC: [-49, 18, 513]
14:54:07.704961 ALT: 1.09
14:54:07.705168 ATT: [2.7, 5.6, 272]
14:54:07.705347 ACC: [-51, 24, 512]
14:54:07.752520 ALT: 1.09
14:54:07.752722 ATT: [2.7, 5.8, 273]
14:54:07.752924 ACC: [-54, 22, 512]
14:54:07.800440 ALT: 1.09
14:54:07.800675 ATT: [2.7, 6.0, 273]
14:54:07.800982 ACC: [-51, 28, 511]
14:54:07.848461 ALT: 1.09
14:54:07.848586 ATT: [2.9, 6.3, 272]
14:54:07.848803 ACC: [-57, 27, 510]
14:54:07.899988 ALT: 1.09
14:54:07.900148 ATT: [3.1, 6.4, 271]
14:54:07.900414 ACC: [-56, 27, 511]
14:54:07.944261 ALT: 1.09
14:54:07.944427 ATT: [3.2, 6.7, 271]
14:54:07.944616 ACC: [-60, 27, 509]
14:54:07.992308 ALT: 1.09
14:54:07.992403 ATT: [3.4, 7.0, 272]
14:54:07.992558 ACC: [-62, 32, 511]
14:54:08.040256 ALT: 1.09
14:54:08.040350 ATT: [3.6, 7.2, 273]
14:54:08.040499 ACC: [-65, 34, 508]
14:54:08.088578 ALT: 1.09
14:54:08.088695 ATT: [3.7, 7.5, 273]
14:54:08.088972 ACC: [-64, 31, 510]
14:54:08.136489 ALT: 1.09
14:54:08.136609 ATT: [4.1, 8.0, 274]
14:54:08.136782 ACC: [-69, 32, 513]
14:54:08.184707 ALT: 1.09
14:54:08.184934 ATT: [4.5, 8.5, 275]
14:54:08.185331 ACC: [-71, 35, 512]
14:54:08.232889 ALT: 1.09
14:54:08.233315 ATT: [4.9, 8.8, 276]
14:54:08.233675 ACC: [-73, 40, 508]
14:54:08.280433 ALT: 1.09
14:54:08.280554 ATT: [5.1, 9.1, 277]
14:54:08.280734 ACC: [-85, 40, 506]
14:54:08.328814 ALT: 1.09
14:54:08.328939 ATT: [5.3, 9.6, 278]
14:54:08.329422 ACC: [-89, 37, 506]
14:54:08.376312 ALT: 1.09
14:54:08.376405 ATT: [5.6, 10.3, 280]
14:54:08.376551 ACC: [-95, 43, 505]
14:54:08.424788 ALT: 1.09
14:54:08.424988 ATT: [5.7, 10.9, 281]
14:54:08.425468 ACC: [-96, 52, 504]
14:54:08.473005 ALT: 1.04
14:54:08.473145 ATT: [5.6, 11.2, 283]
14:54:08.473309 ACC: [-95, 52, 508]
14:54:08.520552 ALT: 1.03
14:54:08.520677 ATT: [5.6, 11.3, 284]
14:54:08.520863 ACC: [-94, 49, 508]
14:54:08.569220 ALT: 1.03
14:54:08.569512 ATT: [5.5, 11.3, 284]
14:54:08.569878 ACC: [-97, 56, 508]
14:54:08.632751 ALT: 1.03
14:54:08.632956 ATT: [5.3, 10.9, 283]
14:54:08.633351 ACC: [-95, 54, 504]
14:54:08.680648 ALT: 1.03
14:54:08.680837 ATT: [5.2, 10.5, 282]
14:54:08.681454 ACC: [-95, 53, 510]
14:54:08.728515 ALT: 1.03
14:54:08.728645 ATT: [5.2, 10.1, 280]
14:54:08.728827 ACC: [-93, 54, 509]
14:54:08.776946 ALT: 1.03
14:54:08.777061 ATT: [5.3, 9.9, 278]
14:54:08.777302 ACC: [-98, 44, 507]
14:54:08.824475 ALT: 1.03
14:54:08.824573 ATT: [5.4, 10.0, 277]
14:54:08.824717 ACC: [-97, 47, 510]
14:54:08.873432 ALT: 1.03
14:54:08.873648 ATT: [5.4, 10.3, 277]
14:54:08.874055 ACC: [-103, 41, 507]
14:54:08.921130 ALT: 1.03
14:54:08.921536 ATT: [5.1, 11.0, 276]
14:54:08.921828 ACC: [-107, 44, 500]
14:54:08.968583 ALT: 1.03
14:54:08.968738 ATT: [4.8, 11.7, 276]
14:54:08.969124 ACC: [-104, 37, 505]
14:54:09.016834 ALT: 1.03
14:54:09.017034 ATT: [4.4, 12.2, 276]
14:54:09.017413 ACC: [-98, 36, 507]
14:54:09.064637 ALT: 1.03
14:54:09.064777 ATT: [4.1, 12.6, 275]
14:54:09.064999 ACC: [-105, 38, 506]
14:54:09.112975 ALT: 1.03
14:54:09.113233 ATT: [4.0, 12.8, 273]
14:54:09.113511 ACC: [-101, 34, 505]
14:54:09.160830 ALT: 1.03
14:54:09.160951 ATT: [4.0, 13.1, 272]
14:54:09.161171 ACC: [-120, 38, 504]
14:54:09.209137 ALT: 1.03
14:54:09.209683 ATT: [3.7, 13.8, 271]
14:54:09.210383 ACC: [-131, 35, 504]
14:54:09.256806 ALT: 1.03
14:54:09.256948 ATT: [3.4, 15.0, 270]
14:54:09.257158 ACC: [-148, 31, 500]
14:54:09.304581 ALT: 1.03
14:54:09.304680 ATT: [3.0, 16.9, 270]
14:54:09.304827 ACC: [-150, 29, 494]
14:54:09.353004 ALT: 1.03
14:54:09.353201 ATT: [2.6, 19.0, 269]
14:54:09.353438 ACC: [-161, 23, 488]
14:54:09.400824 ALT: 1.03
14:54:09.400922 ATT: [2.0, 21.0, 267]
14:54:09.401077 ACC: [-173, 17, 490]
14:54:09.450019 ALT: 1.03
14:54:09.450377 ATT: [1.7, 22.6, 266]
14:54:09.450988 ACC: [-177, 11, 484]
14:54:09.497553 ALT: 1.03
14:54:09.497726 ATT: [1.7, 23.7, 264]
14:54:09.498021 ACC: [-171, 20, 472]
14:54:09.544681 ALT: 1.03
14:54:09.544817 ATT: [2.2, 23.1, 263]
14:54:09.545252 ACC: [-173, 34, 473]
14:54:09.592885 ALT: 1.03
14:54:09.592988 ATT: [2.5, 20.9, 262]
14:54:09.593194 ACC: [-166, 45, 476]
14:54:09.641952 ALT: 1.03
14:54:09.642123 ATT: [2.5, 18.8, 262]
14:54:09.642320 ACC: [-165, 43, 489]
14:54:09.688857 ALT: 1.03
14:54:09.689057 ATT: [2.4, 16.0, 261]
14:54:09.689813 ACC: [-165, 23, 501]
14:54:09.737333 ALT: 1.03
14:54:09.737573 ATT: [2.4, 13.7, 259]
14:54:09.738128 ACC: [-133, 20, 508]
14:54:09.785162 ALT: 1.03
14:54:09.785434 ATT: [2.5, 11.6, 258]
14:54:09.785868 ACC: [-136, 21, 511]
14:54:09.832826 ALT: 1.03
14:54:09.832962 ATT: [2.5, 10.3, 256]
14:54:09.833209 ACC: [-102, 13, 501]
14:54:09.880864 ALT: 1.03
14:54:09.881080 ATT: [2.6, 7.9, 254]
14:54:09.881872 ACC: [-90, 19, 510]
14:54:09.929208 ALT: 1.03
14:54:09.929494 ATT: [2.4, 5.9, 252]
14:54:09.929840 ACC: [-63, 9, 498]
14:54:09.980489 ALT: 1.03
14:54:09.980646 ATT: [2.1, 3.2, 249]
14:54:09.981074 ACC: [-64, 14, 528]
14:54:10.024859 ALT: 1.03
14:54:10.024999 ATT: [1.6, 1.9, 248]
14:54:10.025242 ACC: [-42, -2, 521]
14:54:10.073407 ALT: 1.03
14:54:10.073568 ATT: [1.0, 0.5, 247]
14:54:10.073755 ACC: [-33, 6, 525]
14:54:10.121376 ALT: 1.03
14:54:10.121659 ATT: [0.5, -0.2, 246]
14:54:10.121987 ACC: [-19, -4, 515]
14:54:10.168876 ALT: 1.03
14:54:10.168976 ATT: [0.2, -0.7, 245]
14:54:10.169226 ACC: [-13, 21, 514]
14:54:10.217009 ALT: 1.03
14:54:10.217306 ATT: [0.0, -1.0, 244]
14:54:10.217652 ACC: [-5, 1, 508]
14:54:10.265307 ALT: 1.03
14:54:10.265497 ATT: [-0.2, -1.0, 243]
14:54:10.265824 ACC: [-7, 3, 517]
14:54:10.313284 ALT: 1.03
14:54:10.313400 ATT: [-0.2, -0.5, 243]
14:54:10.313575 ACC: [-3, -2, 517]
14:54:10.361048 ALT: 1.03
14:54:10.361215 ATT: [-0.2, 0.2, 242]
14:54:10.361435 ACC: [-4, -4, 514]
14:54:10.409462 ALT: 1.03
14:54:10.409610 ATT: [-0.1, 0.7, 242]
14:54:10.409942 ACC: [-5, 2, 516]
14:54:10.457183 ALT: 1.03
14:54:10.457387 ATT: [-0.1, 1.2, 242]
14:54:10.457995 ACC: [-3, -3, 514]
14:54:10.505446 ALT: 1.03
14:54:10.505676 ATT: [-0.1, 1.4, 242]
14:54:10.505998 ACC: [-4, -3, 515]
14:54:10.553149 ALT: 1.03
14:54:10.553481 ATT: [-0.1, 1.4, 242]
14:54:10.554237 ACC: [-2, -3, 516]
14:54:10.601231 ALT: 1.03
14:54:10.601529 ATT: [-0.1, 1.1, 242]
14:54:10.601857 ACC: [-4, -2, 518]
14:54:10.666888 ALT: 1.03
14:54:10.667058 ATT: [-0.6, 0.4, 245]
14:54:10.667276 ACC: [-1, -5, 517]
14:54:10.713229 ALT: 1.03
14:54:10.713427 ATT: [-0.8, 0.4, 244]
14:54:10.713762 ACC: [-3, 0, 520]
14:54:10.761449 ALT: 1.03
14:54:10.761703 ATT: [-0.8, 0.3, 243]
14:54:10.762039 ACC: [-6, -5, 515]
14:54:10.809145 ALT: 1.03
14:54:10.809301 ATT: [-1.0, 0.3, 242]
14:54:10.809527 ACC: [-4, -3, 514]
14:54:10.857405 ALT: 1.03
14:54:10.857632 ATT: [-1.2, 0.3, 241]
14:54:10.858064 ACC: [-7, -3, 517]
14:54:10.905589 ALT: 1.03
14:54:10.905784 ATT: [-1.6, 0.4, 239]
14:54:10.906088 ACC: [-10, -10, 514]
14:54:10.953120 ALT: 1.03
14:54:10.953255 ATT: [-2.1, 0.6, 238]
14:54:10.953454 ACC: [-12, -18, 515]
14:54:11.002043 ALT: 1.03
14:54:11.002165 ATT: [-2.8, 1.0, 235]
14:54:11.002355 ACC: [-16, -24, 517]
14:54:11.049484 ALT: 1.03
14:54:11.049686 ATT: [-3.5, 1.5, 233]
14:54:11.049956 ACC: [-13, -28, 514]
14:54:11.097367 ALT: 1.03
14:54:11.097541 ATT: [-3.7, 1.9, 232]
14:54:11.097756 ACC: [-20, -31, 516]
14:54:11.146121 ALT: 1.03
14:54:11.146438 ATT: [-3.7, 2.1, 232]
14:54:11.146686 ACC: [-23, -31, 510]
14:54:11.193590 ALT: 1.03
14:54:11.193843 ATT: [-3.8, 2.1, 232]
14:54:11.194301 ACC: [-25, -32, 510]
14:54:11.241144 ALT: 1.03
14:54:11.241260 ATT: [-3.7, 2.1, 234]
14:54:11.241433 ACC: [-22, -32, 512]
14:54:11.289154 ALT: 1.03
14:54:11.289259 ATT: [-3.5, 2.2, 235]
14:54:11.289419 ACC: [-18, -33, 515]
14:54:11.337230 ALT: 1.03
14:54:11.337353 ATT: [-3.3, 2.2, 236]
14:54:11.337539 ACC: [-14, -32, 513]
14:54:11.385758 ALT: 1.03
14:54:11.386005 ATT: [-3.0, 2.1, 237]
14:54:11.386340 ACC: [-15, -27, 516]
14:54:11.433275 ALT: 1.03
14:54:11.433397 ATT: [-2.9, 2.0, 239]
14:54:11.433608 ACC: [-16, -25, 517]
14:54:11.481405 ALT: 1.03
14:54:11.481597 ATT: [-2.7, 1.9, 240]
14:54:11.481905 ACC: [-15, -25, 518]
14:54:11.529624 ALT: 1.03
14:54:11.529829 ATT: [-2.5, 1.8, 241]
14:54:11.530133 ACC: [-15, -21, 516]
14:54:11.577324 ALT: 1.03
14:54:11.577426 ATT: [-2.3, 1.7, 242]
14:54:11.577641 ACC: [-17, -18, 518]
14:54:11.625343 ALT: 1.03
14:54:11.625497 ATT: [-2.1, 1.7, 244]
14:54:11.625688 ACC: [-16, -17, 516]
14:54:11.673565 ALT: 1.03
14:54:11.673804 ATT: [-1.9, 1.7, 245]
14:54:11.674052 ACC: [-14, -21, 516]
14:54:11.721168 ALT: 1.03
14:54:11.721264 ATT: [-1.6, 1.7, 247]
14:54:11.721412 ACC: [-15, -14, 515]
14:54:11.769521 ALT: 1.03
14:54:11.769755 ATT: [-1.5, 1.6, 248]
14:54:11.770065 ACC: [-18, -18, 514]
14:54:11.817409 ALT: 1.06
14:54:11.817521 ATT: [-1.4, 1.7, 249]
14:54:11.817670 ACC: [-19, -11, 516]
14:54:11.865395 ALT: 1.09
14:54:11.865572 ATT: [-1.3, 1.8, 250]
14:54:11.866004 ACC: [-18, -20, 514]
14:54:11.914340 ALT: 1.09
14:54:11.914658 ATT: [-1.2, 1.9, 251]
14:54:11.915107 ACC: [-19, -9, 516]
14:54:11.961307 ALT: 1.09
14:54:11.961417 ATT: [-1.0, 2.1, 251]
14:54:11.961585 ACC: [-19, -14, 515]
14:54:12.010242 ALT: 1.09
14:54:12.010592 ATT: [-1.1, 2.2, 252]
14:54:12.011075 ACC: [-17, -7, 514]
14:54:12.057584 ALT: 1.09
14:54:12.057698 ATT: [-1.2, 2.2, 252]
14:54:12.057860 ACC: [-16, -13, 516]
14:54:12.105788 ALT: 1.09
14:54:12.105969 ATT: [-1.3, 2.2, 251]
14:54:12.106386 ACC: [-14, -11, 520]
14:54:12.153362 ALT: 1.09
14:54:12.153458 ATT: [-1.3, 2.2, 251]
14:54:12.153598 ACC: [-18, -11, 516]
14:54:12.201624 ALT: 1.09
14:54:12.201859 ATT: [-1.3, 2.2, 251]
14:54:12.202198 ACC: [-20, -11, 516]
14:54:12.249648 ALT: 1.09
14:54:12.249811 ATT: [-1.4, 2.3, 250]
14:54:12.250058 ACC: [-22, -11, 518]
14:54:12.297495 ALT: 1.09
14:54:12.297625 ATT: [-1.3, 2.5, 250]
14:54:12.297810 ACC: [-22, -12, 514]
14:54:12.345403 ALT: 1.09
14:54:12.345652 ATT: [-1.1, 2.6, 250]
14:54:12.345913 ACC: [-23, -10, 514]
14:54:12.393301 ALT: 1.09
14:54:12.393397 ATT: [-1.2, 2.5, 250]
14:54:12.393546 ACC: [-23, -12, 516]
14:54:12.441828 ALT: 1.09
14:54:12.442023 ATT: [-1.4, 2.6, 250]
14:54:12.442371 ACC: [-23, -13, 515]
14:54:12.489408 ALT: 1.09
14:54:12.489526 ATT: [-1.5, 2.7, 250]
14:54:12.489692 ACC: [-24, -14, 516]
14:54:12.537699 ALT: 1.09
14:54:12.537955 ATT: [-1.6, 2.9, 250]
14:54:12.538281 ACC: [-26, -15, 513]
14:54:12.585512 ALT: 1.09
14:54:12.585628 ATT: [-1.6, 3.2, 250]
14:54:12.585802 ACC: [-30, -13, 516]
14:54:12.633431 ALT: 1.09
14:54:12.633554 ATT: [-1.5, 3.1, 250]
14:54:12.633744 ACC: [-26, -13, 520]
14:54:12.682011 ALT: 1.09
14:54:12.682335 ATT: [-1.2, 2.8, 250]
14:54:12.682690 ACC: [-21, -10, 518]
14:54:12.745475 ALT: 1.09
14:54:12.745584 ATT: [-1.0, 2.9, 251]
14:54:12.745743 ACC: [-25, -9, 510]
14:54:12.793490 ALT: 1.09
14:54:12.793756 ATT: [-1.1, 2.8, 251]
14:54:12.794372 ACC: [-27, -9, 515]
14:54:12.841706 ALT: 1.09
14:54:12.841965 ATT: [-1.2, 2.9, 251]
14:54:12.842373 ACC: [-29, -14, 516]
14:54:12.889570 ALT: 1.09
14:54:12.889702 ATT: [-1.2, 3.0, 251]
14:54:12.889878 ACC: [-30, -13, 515]
14:54:12.938360 ALT: 1.09
14:54:12.938638 ATT: [-1.3, 3.1, 251]
14:54:12.938836 ACC: [-29, -10, 516]
14:54:12.985938 ALT: 1.09
14:54:12.986104 ATT: [-1.3, 3.2, 251]
14:54:12.986480 ACC: [-29, -11, 515]
14:54:13.033537 ALT: 1.09
14:54:13.033656 ATT: [-1.4, 3.1, 251]
14:54:13.033869 ACC: [-30, -11, 515]
14:54:13.082139 ALT: 1.09
14:54:13.082472 ATT: [-1.4, 3.1, 251]
14:54:13.083136 ACC: [-31, -13, 518]
14:54:13.129481 ALT: 1.09
14:54:13.129582 ATT: [-1.5, 3.2, 251]
14:54:13.129790 ACC: [-28, -12, 516]
14:54:13.177798 ALT: 1.09
14:54:13.177963 ATT: [-1.4, 3.3, 251]
14:54:13.178202 ACC: [-27, -9, 515]
14:54:13.225499 ALT: 1.09
14:54:13.225635 ATT: [-1.3, 3.3, 251]
14:54:13.225965 ACC: [-25, -11, 517]
14:54:13.274281 ALT: 1.09
14:54:13.274807 ATT: [-1.3, 3.2, 251]
14:54:13.275327 ACC: [-25, -11, 515]
14:54:13.321893 ALT: 1.09
14:54:13.322076 ATT: [-1.3, 3.1, 251]
14:54:13.322462 ACC: [-26, -12, 516]
14:54:13.369699 ALT: 1.09
14:54:13.369941 ATT: [-1.3, 3.1, 251]
14:54:13.370253 ACC: [-28, -13, 517]
14:54:13.418036 ALT: 1.09
14:54:13.418273 ATT: [-1.2, 3.0, 251]
14:54:13.418703 ACC: [-29, -13, 514]
14:54:13.465768 ALT: 1.09
14:54:13.465900 ATT: [-1.2, 3.0, 251]
14:54:13.466108 ACC: [-31, -15, 516]
14:54:13.514435 ALT: 1.09
14:54:13.514749 ATT: [-1.3, 3.0, 251]
14:54:13.515172 ACC: [-30, -16, 516]
14:54:13.561988 ALT: 1.09
14:54:13.562141 ATT: [-1.4, 3.0, 251]
14:54:13.562568 ACC: [-30, -14, 514]
14:54:13.610607 ALT: 1.09
14:54:13.610902 ATT: [-1.4, 3.0, 251]
14:54:13.611314 ACC: [-31, -13, 515]
14:54:13.657916 ALT: 1.09
14:54:13.658181 ATT: [-1.3, 3.1, 251]
14:54:13.658475 ACC: [-31, -13, 515]
14:54:13.705681 ALT: 1.09
14:54:13.705775 ATT: [-1.3, 3.1, 251]
14:54:13.705913 ACC: [-31, -13, 516]
14:54:13.754249 ALT: 1.09
14:54:13.754541 ATT: [-1.3, 3.2, 251]
14:54:13.754916 ACC: [-30, -12, 517]
14:54:13.802739 ALT: 1.09
14:54:13.803166 ATT: [-1.3, 3.2, 251]
14:54:13.803794 ACC: [-29, -12, 515]
14:54:13.849645 ALT: 1.09
14:54:13.849759 ATT: [-1.3, 3.2, 251]
14:54:13.849938 ACC: [-29, -14, 516]
14:54:13.897730 ALT: 1.09
14:54:13.897832 ATT: [-1.3, 3.2, 251]
                                                                                                                                         