Waiting for MSP_API_VERSION reply...
Waiting for MSP_FC_VARIANT reply...
{'apiVersion': '1.44.0', 'flightControllerIdentifier': 'BTFL', 'flightControllerVersion': '4.3.2', 'version': 0, 'buildInfo': 'Apr  7 2023 03:15:27', 'multiType': 0, 'msp_version': 0, 'capability': 0, 'cycleTime': 315, 'i2cError': 0, 'activeSensors': 39, 'mode': 2, 'profile': 0, 'uid': [4653116, 1345409042, 540357454], 'accelerometerTrims': [0, 0], 'name': '', 'displayName': 'BOARD MODULE', 'numProfiles': 3, 'rateProfile': 0, 'boardType': 2, 'armingDisableCount': 26, 'armingDisableFlags': 4, 'armingDisabled': False, 'runawayTakeoffPreventionDisabled': False, 'boardIdentifier': 'SBF4', 'boardVersion': 0, 'commCapabilities': 3, 'targetName': 'SPEEDYBEEF405V3', 'boardName': 'SPEEDYBEEF405V3', 'manufacturerId': '', 'signature': [0, 0, 0, 0, 0, 0, 0, 0, 0, 0, 0, 0, 0, 0, 0, 0, 0, 0, 0, 0, 0, 0, 0, 0, 0, 0, 0, 0, 0, 0, 0, 0], 'cpuload': 40, 'mcuTypeId': 3, 'mspProtocolVersion': 0, 'flightModeFlags': []}
21:59:23.381233 ALT: 1.36
21:59:23.381389 ATT: [0.1, 0.9, 189]
21:59:23.382021 ACC: [-6, 2, 515]
Easycap format used: ImageFormat(type=<BufType.VIDEO_CAPTURE: 1>, description='YUYV 4:2:2', flags=<ImageFormatFlag.0: 0>, pixel_format=<PixelFormat.YUYV: 1448695129>)
Easycap format used: ImageFormat(type=<BufType.VIDEO_CAPTURE: 1>, description='Motion-JPEG', flags=<ImageFormatFlag.COMPRESSED: 1>, pixel_format=<PixelFormat.MJPEG: 1196444237>)
21:59:23.431575 ALT: 1.36
21:59:23.431730 ATT: [0.1, 0.9, 189]
21:59:23.431982 ACC: [-8, -1, 515]
21:59:23.477479 ALT: 1.36
21:59:23.477684 ATT: [0.1, 0.9, 189]
21:59:23.477891 ACC: [-8, 0, 515]
21:59:23.525399 ALT: 1.36
21:59:23.525569 ATT: [0.1, 0.9, 189]
21:59:23.525780 ACC: [-5, 5, 515]
21:59:23.573314 ALT: 1.36
21:59:23.573443 ATT: [0.1, 0.9, 189]
21:59:23.573674 ACC: [-11, -3, 513]
21:59:23.621237 ALT: 1.36
21:59:23.621344 ATT: [0.0, 0.9, 189]
21:59:23.621710 ACC: [-12, -4, 515]
21:59:23.669362 ALT: 1.36
21:59:23.669572 ATT: [0.1, 0.9, 189]
21:59:23.669907 ACC: [-5, 5, 515]
21:59:23.717298 ALT: 1.36
21:59:23.717404 ATT: [0.1, 0.9, 189]
21:59:23.717645 ACC: [-6, 0, 516]
21:59:23.765366 ALT: 1.36
21:59:23.765800 ATT: [0.1, 0.9, 189]
21:59:23.766071 ACC: [-9, -2, 515]
Initialize navigation params:
Delay=0.03, Kp=40.0, Ki=0.0, Kd=40.0
Starting Main workflow
21:59:23.814067 ALT: 1.36
21:59:23.814211 ATT: [0.1, 0.9, 189]
21:59:23.814419 ACC: [-8, 3, 516]
21:59:23.861432 ALT: 1.36
21:59:23.861582 ATT: [0.1, 0.9, 189]
21:59:23.861766 ACC: [-7, 1, 515]
crc error: 0x6 0x30 0x80 0x1 0x3e 0xf0 0x81 0xf 0x7c 0x87 0xc8 0x18 0x16 0xe0 0x3 0x1f 0x2b 0xc0 0xc7 0xa 0x56 0xb0 0x82 0x15 0xc0 0x0 0x6 0x30 0x80 0x1 0x3e 0xf0 0x81 0xf 0x7c 0x87 0xc8 0x18 0x16 0xe0 0x3 0x1f 0x2b 0xc0 0xc7 0xa 0x56 0xb0 0x82 0x15
[1500, 1500, 988, 1500, 988, 988, 988, 988, 1001, 1001, 1001, 1001, 1500, 1500, 1500, 1500]
[1500, 1500, 988, 1500, 988, 988, 988, 988, 1001, 1001, 1001, 1001, 1500, 1500, 1500, 1500]
[1500, 1500, 988, 1500, 988, 988, 988, 988, 1001, 1001, 1001, 1001, 1500, 1500, 1500, 1500]
21:59:23.925568 ALT: 1.36
21:59:23.925692 ATT: [0.1, 0.9, 189]
21:59:23.926250 ACC: [-9, 0, 516]
[1500, 1500, 988, 1500, 988, 988, 988, 988, 1001, 1001, 1001, 1001, 1500, 1500, 1500, 1500]
[1500, 1500, 988, 1500, 988, 988, 988, 988, 1001, 1001, 1001, 1001, 1500, 1500, 1500, 1500]
21:59:23.982285 ALT: 1.36
21:59:23.982529 ATT: [0.1, 0.9, 189]
21:59:23.983112 ACC: [-8, 2, 515]
[1500, 1500, 988, 1500, 988, 988, 988, 988, 1001, 1001, 1001, 1001, 1500, 1500, 1500, 1500]
[1500, 1500, 988, 1500, 988, 988, 988, 988, 1001, 1001, 1001, 1001, 1500, 1500, 1500, 1500]
[1500, 1500, 988, 1500, 988, 988, 988, 988, 1001, 1001, 1001, 1001, 1500, 1500, 1500, 1500]
21:59:24.037946 ALT: 1.36
21:59:24.038096 ATT: [0.1, 0.9, 189]
21:59:24.038510 ACC: [-7, 0, 515]
[1500, 1500, 988, 1500, 988, 988, 988, 988, 1001, 1001, 1001, 1001, 1500, 1500, 1500, 1500]
[1500, 1500, 988, 1500, 988, 988, 988, 988, 1001, 1001, 1001, 1001, 1500, 1500, 1500, 1500]
[1500, 1500, 988, 1500, 988, 988, 988, 988, 1001, 1001, 1001, 1001, 1500, 1500, 1500, 1500]
21:59:24.085759 ALT: 1.36
21:59:24.085966 ATT: [0.1, 0.9, 189]
21:59:24.086518 ACC: [-8, 1, 515]
[1500, 1500, 988, 1500, 988, 988, 988, 988, 1001, 1001, 1001, 1001, 1500, 1500, 1500, 1500]
[1500, 1500, 988, 1500, 988, 988, 988, 988, 1001, 1001, 1001, 1001, 1500, 1500, 1500, 1500]
21:59:24.133365 ALT: 1.36
21:59:24.133460 ATT: [0.1, 0.9, 189]
21:59:24.133799 ACC: [-8, 2, 514]
[1500, 1500, 988, 1500, 988, 988, 988, 988, 1001, 1001, 1001, 1001, 1500, 1500, 1500, 1500]
[1500, 1500, 988, 1500, 988, 988, 988, 988, 1001, 1001, 1001, 1001, 1500, 1500, 1500, 1500]
[1500, 1500, 988, 1500, 988, 988, 988, 988, 1001, 1001, 1001, 1001, 1500, 1500, 1500, 1500]
21:59:24.183109 ALT: 1.36
21:59:24.183240 ATT: [0.1, 0.9, 189]
21:59:24.183572 ACC: [-6, -1, 515]
[1500, 1500, 988, 1500, 988, 988, 988, 988, 1001, 1001, 1001, 1001, 1500, 1500, 1500, 1500]
[1500, 1500, 988, 1500, 988, 988, 988, 988, 1001, 1001, 1001, 1001, 1500, 1500, 1500, 1500]
21:59:24.229307 ALT: 1.36
21:59:24.229435 ATT: [0.1, 0.9, 189]
21:59:24.230059 ACC: [-8, 1, 516]
[1500, 1500, 988, 1500, 988, 988, 988, 988, 1001, 1001, 1001, 1001, 1500, 1500, 1500, 1500]
[1500, 1500, 988, 1500, 988, 988, 988, 988, 1001, 1001, 1001, 1001, 1500, 1500, 1500, 1500]
21:59:24.277678 ALT: 1.36
21:59:24.277832 ATT: [0.1, 0.9, 189]
21:59:24.278262 ACC: [-10, 2, 514]
[1500, 1500, 988, 1500, 988, 988, 988, 988, 1001, 1001, 1001, 1001, 1500, 1500, 1500, 1500]
[1500, 1500, 988, 1500, 988, 988, 988, 988, 1001, 1001, 1001, 1001, 1500, 1500, 1500, 1500]
[1500, 1500, 988, 1500, 988, 988, 988, 988, 1001, 1001, 1001, 1001, 1500, 1500, 1500, 1500]
21:59:24.325811 ALT: 1.36
21:59:24.326029 ATT: [0.1, 0.9, 189]
21:59:24.326659 ACC: [-8, 0, 514]
[1500, 1500, 988, 1500, 988, 988, 988, 988, 1001, 1001, 1001, 1001, 1500, 1500, 1500, 1500]
[1500, 1500, 988, 1500, 988, 988, 988, 988, 1001, 1001, 1001, 1001, 1500, 1500, 1500, 1500]
21:59:24.373428 ALT: 1.36
21:59:24.373618 ATT: [0.1, 0.9, 189]
21:59:24.374138 ACC: [-7, 1, 515]
[1500, 1500, 988, 1500, 988, 988, 988, 988, 1001, 1001, 1001, 1001, 1500, 1500, 1500, 1500]
[1500, 1500, 988, 1500, 988, 988, 988, 988, 1001, 1001, 1001, 1001, 1500, 1500, 1500, 1500]
[1500, 1500, 988, 1500, 988, 988, 988, 988, 1001, 1001, 1001, 1001, 1500, 1500, 1500, 1500]
21:59:24.425874 ALT: 1.36
21:59:24.425993 ATT: [0.1, 0.9, 189]
21:59:24.427394 ACC: [-8, 2, 515]
[1500, 1500, 988, 1500, 988, 988, 988, 988, 1001, 1001, 1001, 1001, 1500, 1500, 1500, 1500]
[1500, 1500, 988, 1500, 988, 988, 988, 988, 1001, 1001, 1001, 1001, 1500, 1500, 1500, 1500]
21:59:24.469688 ALT: 1.36
21:59:24.469819 ATT: [0.1, 0.9, 189]
21:59:24.470191 ACC: [-7, 1, 515]
[1500, 1500, 988, 1500, 988, 988, 988, 988, 1001, 1001, 1001, 1001, 1500, 1500, 1500, 1500]
[1500, 1500, 988, 1500, 988, 988, 988, 988, 1001, 1001, 1001, 1001, 1500, 1500, 1500, 1500]
21:59:24.517388 ALT: 1.36
21:59:24.517542 ATT: [0.1, 0.9, 189]
21:59:24.518253 ACC: [-10, 0, 515]
[1500, 1500, 988, 1500, 988, 988, 988, 988, 1001, 1001, 1001, 1001, 1500, 1500, 1500, 1500]
[1500, 1500, 988, 1500, 988, 988, 988, 988, 1001, 1001, 1001, 1001, 1500, 1500, 1500, 1500]
[1500, 1500, 988, 1500, 988, 988, 988, 988, 1001, 1001, 1001, 1001, 1500, 1500, 1500, 1500]
21:59:24.565466 ALT: 1.36
21:59:24.565633 ATT: [0.1, 0.9, 189]
21:59:24.566136 ACC: [-8, 1, 515]
[1500, 1500, 988, 1500, 988, 988, 988, 988, 1001, 1001, 1001, 1001, 1500, 1500, 1500, 1500]
[1500, 1500, 988, 1500, 988, 988, 988, 988, 1001, 1001, 1001, 1001, 1500, 1500, 1500, 1500]
21:59:24.613698 ALT: 1.36
21:59:24.613975 ATT: [0.1, 0.9, 189]
21:59:24.614659 ACC: [-7, 1, 515]
[1500, 1500, 988, 1500, 988, 988, 988, 988, 1001, 1001, 1001, 1001, 1500, 1500, 1500, 1500]
[1500, 1500, 988, 1500, 988, 988, 988, 988, 1001, 1001, 1001, 1001, 1500, 1500, 1500, 1500]
21:59:24.661490 ALT: 1.36
21:59:24.661696 ATT: [0.1, 0.9, 189]
21:59:24.662117 ACC: [-7, 1, 515]
[1500, 1500, 988, 1500, 988, 988, 988, 988, 1001, 1001, 1001, 1001, 1500, 1500, 1500, 1500]
[1500, 1500, 988, 1500, 988, 988, 988, 988, 1001, 1001, 1001, 1001, 1500, 1500, 1500, 1500]
[1500, 1500, 988, 1500, 988, 988, 988, 988, 1001, 1001, 1001, 1001, 1500, 1500, 1500, 1500]
21:59:24.709727 ALT: 1.36
21:59:24.709909 ATT: [0.1, 0.9, 189]
21:59:24.710587 ACC: [-8, 1, 515]
[1500, 1500, 988, 1500, 988, 988, 988, 988, 1001, 1001, 1001, 1001, 1500, 1500, 1500, 1500]
[1500, 1500, 988, 1500, 988, 988, 988, 988, 1001, 1001, 1001, 1001, 1500, 1500, 1500, 1500]
21:59:24.757550 ALT: 1.36
21:59:24.757660 ATT: [0.1, 0.9, 189]
21:59:24.758049 ACC: [-9, 1, 515]
[1500, 1500, 988, 1500, 988, 988, 988, 988, 1001, 1001, 1001, 1001, 1500, 1500, 1500, 1500]
[1500, 1500, 988, 1500, 988, 988, 988, 988, 1001, 1001, 1001, 1001, 1500, 1500, 1500, 1500]
[1500, 1500, 988, 1500, 988, 988, 988, 988, 1001, 1001, 1001, 1001, 1500, 1500, 1500, 1500]
21:59:24.814269 ALT: 1.36
21:59:24.814363 ATT: [0.1, 0.9, 190]
21:59:24.815755 ACC: [-7, 0, 515]
[1500, 1500, 988, 1500, 988, 988, 988, 988, 1001, 1001, 1001, 1001, 1500, 1500, 1500, 1500]
[1500, 1500, 988, 1500, 988, 988, 988, 988, 1001, 1001, 1001, 1001, 1500, 1500, 1500, 1500]
[1500, 1500, 988, 1500, 988, 988, 988, 988, 1001, 1001, 1001, 1001, 1500, 1500, 1500, 1500]
21:59:24.869661 ALT: 1.36
21:59:24.869802 ATT: [0.1, 0.9, 190]
21:59:24.870113 ACC: [-8, 1, 515]
[1500, 1500, 988, 1500, 988, 988, 988, 988, 1001, 1001, 1001, 1001, 1500, 1500, 1500, 1500]
[1500, 1500, 988, 1500, 988, 988, 988, 988, 1001, 1001, 1001, 1001, 1500, 1500, 1500, 1500]
21:59:24.917642 ALT: 1.36
21:59:24.917778 ATT: [0.1, 0.9, 190]
21:59:24.918122 ACC: [-8, 1, 515]
[1500, 1500, 988, 1500, 988, 988, 988, 988, 1001, 1001, 1001, 1001, 1500, 1500, 1500, 1500]
[1500, 1500, 988, 1500, 988, 988, 988, 988, 1001, 1001, 1001, 1001, 1500, 1500, 1500, 1500]
[1500, 1500, 988, 1500, 988, 988, 988, 988, 1001, 1001, 1001, 1001, 1500, 1500, 1500, 1500]
21:59:24.979497 ALT: 1.36
21:59:24.979653 ATT: [0.1, 0.9, 190]
21:59:24.983919 ACC: [-8, 1, 515]
[1500, 1500, 988, 1500, 988, 988, 988, 988, 1001, 1001, 1001, 1001, 1500, 1500, 1500, 1500]
[1500, 1500, 988, 1500, 988, 988, 988, 988, 1001, 1001, 1001, 1001, 1500, 1500, 1500, 1500]
[1500, 1500, 988, 1500, 988, 988, 988, 988, 1001, 1001, 1001, 1001, 1500, 1500, 1500, 1500]
21:59:25.045863 ALT: 1.36
21:59:25.045983 ATT: [0.1, 0.9, 190]
21:59:25.046461 ACC: [-8, 1, 515]
[1500, 1500, 988, 1500, 988, 988, 988, 988, 1001, 1001, 1001, 1001, 1500, 1500, 1500, 1500]
[1500, 1500, 988, 1500, 988, 988, 988, 988, 1001, 1001, 1001, 1001, 1500, 1500, 1500, 1500]
[1500, 1500, 988, 1500, 988, 988, 988, 988, 1001, 1001, 1001, 1001, 1500, 1500, 1500, 1500]
21:59:25.093668 ALT: 1.36
21:59:25.093818 ATT: [0.1, 0.9, 190]
21:59:25.094249 ACC: [-7, 0, 515]
[1500, 1500, 988, 1500, 988, 988, 988, 988, 1001, 1001, 1001, 1001, 1500, 1500, 1500, 1500]
[1500, 1500, 988, 1500, 988, 988, 988, 988, 1001, 1001, 1001, 1001, 1500, 1500, 1500, 1500]
21:59:25.142086 ALT: 1.36
21:59:25.142180 ATT: [0.1, 0.9, 190]
21:59:25.142524 ACC: [-8, 1, 515]
[1500, 1500, 988, 1500, 988, 988, 988, 988, 1001, 1001, 1001, 1001, 1500, 1500, 1500, 1500]
[1500, 1500, 988, 1500, 988, 988, 988, 988, 1001, 1001, 1001, 1001, 1500, 1500, 1500, 1500]
[1500, 1500, 988, 1500, 988, 988, 988, 988, 1001, 1001, 1001, 1001, 1500, 1500, 1500, 1500]
21:59:25.189917 ALT: 1.36
21:59:25.190021 ATT: [0.1, 0.9, 190]
21:59:25.190279 ACC: [-8, 1, 515]
[1500, 1500, 988, 1500, 988, 988, 988, 988, 1001, 1001, 1001, 1001, 1500, 1500, 1500, 1500]
[1500, 1500, 988, 1500, 988, 988, 988, 988, 1001, 1001, 1001, 1001, 1500, 1500, 1500, 1500]
[1500, 1500, 988, 1500, 988, 988, 988, 988, 1001, 1001, 1001, 1001, 1500, 1500, 1500, 1500]
21:59:25.253572 ALT: 1.36
21:59:25.253685 ATT: [0.1, 0.9, 190]
21:59:25.254035 ACC: [-7, 1, 515]
[1500, 1500, 988, 1500, 988, 988, 988, 988, 1001, 1001, 1001, 1001, 1500, 1500, 1500, 1500]
[1500, 1500, 988, 1500, 988, 988, 988, 988, 1001, 1001, 1001, 1001, 1500, 1500, 1500, 1500]
21:59:25.301993 ALT: 1.36
21:59:25.302224 ATT: [0.1, 0.9, 190]
21:59:25.303341 ACC: [-8, 1, 515]
[1500, 1500, 988, 1500, 988, 988, 988, 988, 1001, 1001, 1001, 1001, 1500, 1500, 1500, 1500]
[1500, 1500, 988, 1500, 988, 988, 988, 988, 1001, 1001, 1001, 1001, 1500, 1500, 1500, 1500]
[1500, 1500, 988, 1500, 988, 988, 988, 988, 1001, 1001, 1001, 1001, 1500, 1500, 1500, 1500]
21:59:25.353800 ALT: 1.3
21:59:25.353926 ATT: [0.1, 0.9, 190]
21:59:25.354294 ACC: [-9, 1, 515]
[1500, 1500, 988, 1500, 988, 988, 988, 988, 1001, 1001, 1001, 1001, 1500, 1500, 1500, 1500]
[1500, 1500, 988, 1500, 988, 988, 988, 988, 1001, 1001, 1001, 1001, 1500, 1500, 1500, 1500]
21:59:25.397642 ALT: 1.28
21:59:25.397776 ATT: [0.1, 0.9, 190]
21:59:25.398223 ACC: [-8, 1, 515]
[1500, 1500, 988, 1500, 988, 988, 988, 988, 1001, 1001, 1001, 1001, 1500, 1500, 1500, 1500]
[1500, 1500, 988, 1500, 988, 988, 988, 988, 1001, 1001, 1001, 1001, 1500, 1500, 1500, 1500]
[1500, 1500, 988, 1500, 988, 988, 988, 988, 1001, 1001, 1001, 1001, 1500, 1500, 1500, 1500]
21:59:25.445573 ALT: 1.28
21:59:25.445693 ATT: [0.1, 0.9, 190]
21:59:25.445973 ACC: [-8, 1, 515]
[1500, 1500, 988, 1500, 988, 988, 988, 988, 1001, 1001, 1001, 1001, 1500, 1500, 1500, 1500]
[1500, 1500, 988, 1500, 988, 988, 988, 988, 1001, 1001, 1001, 1001, 1500, 1500, 1500, 1500]
[1500, 1500, 988, 1500, 988, 988, 988, 988, 1001, 1001, 1001, 1001, 1500, 1500, 1500, 1500]
21:59:25.504619 ALT: 1.28
21:59:25.504830 ATT: [0.1, 0.9, 190]
21:59:25.505291 ACC: [-8, 2, 515]
[1500, 1500, 988, 1500, 988, 988, 988, 988, 1001, 1001, 1001, 1001, 1500, 1500, 1500, 1500]
[1500, 1500, 988, 1500, 988, 988, 988, 988, 1001, 1001, 1001, 1001, 1500, 1500, 1500, 1500]
21:59:25.557762 ALT: 1.28
21:59:25.557918 ATT: [0.1, 0.9, 190]
21:59:25.558375 ACC: [-7, 0, 515]
[1500, 1500, 988, 1500, 988, 988, 988, 988, 1001, 1001, 1001, 1001, 1500, 1500, 1500, 1500]
[1500, 1500, 988, 1500, 988, 988, 988, 988, 1001, 1001, 1001, 1001, 1500, 1500, 1500, 1500]
21:59:25.605626 ALT: 1.28
21:59:25.605757 ATT: [0.1, 0.9, 190]
21:59:25.606077 ACC: [-8, 1, 515]
[1500, 1500, 988, 1500, 988, 988, 988, 988, 1001, 1001, 1001, 1001, 1500, 1500, 1500, 1500]
[1500, 1500, 988, 1500, 988, 988, 988, 988, 1001, 1001, 1001, 1001, 1500, 1500, 1500, 1500]
[1500, 1500, 988, 1500, 988, 988, 988, 988, 1001, 1001, 1001, 1001, 1500, 1500, 1500, 1500]
21:59:25.661954 ALT: 1.28
21:59:25.662132 ATT: [0.1, 0.9, 190]
21:59:25.662539 ACC: [-8, 1, 515]
[1500, 1500, 988, 1500, 988, 988, 988, 988, 1001, 1001, 1001, 1001, 1500, 1500, 1500, 1500]
[1500, 1500, 988, 1500, 988, 988, 988, 988, 1001, 1001, 1001, 1001, 1500, 1500, 1500, 1500]
[1500, 1500, 988, 1500, 988, 988, 988, 988, 1001, 1001, 1001, 1001, 1500, 1500, 1500, 1500]
[1500, 1500, 988, 1500, 988, 988, 988, 988, 1001, 1001, 1001, 1001, 1500, 1500, 1500, 1500]
21:59:25.723300 ALT: 1.28
21:59:25.723648 ATT: [0.1, 0.9, 190]
21:59:25.724084 ACC: [-8, 0, 515]
[1500, 1500, 988, 1500, 988, 988, 988, 988, 1001, 1001, 1001, 1001, 1500, 1500, 1500, 1500]
21:59:25.765752 ALT: 1.28
21:59:25.765873 ATT: [0.1, 0.9, 190]
21:59:25.766333 ACC: [-9, 0, 515]
[1500, 1500, 988, 1500, 988, 988, 988, 988, 1001, 1001, 1001, 1001, 1500, 1500, 1500, 1500]
[1500, 1500, 988, 1500, 988, 988, 988, 988, 1001, 1001, 1001, 1001, 1500, 1500, 1500, 1500]
[1500, 1500, 988, 1500, 988, 988, 988, 988, 1001, 1001, 1001, 1001, 1500, 1500, 1500, 1500]
[1500, 1500, 988, 1500, 988, 988, 988, 988, 1001, 1001, 1001, 1001, 1500, 1500, 1500, 1500]
21:59:25.838172 ALT: 1.28
21:59:25.838305 ATT: [0.1, 0.9, 190]
21:59:25.838652 ACC: [-11, -4, 522]
[1500, 1500, 988, 1500, 988, 988, 988, 988, 1001, 1001, 1001, 1001, 1500, 1500, 1500, 1500]
[1500, 1500, 988, 1500, 988, 988, 988, 988, 1001, 1001, 1001, 1001, 1500, 1500, 1500, 1500]
[1500, 1500, 988, 1500, 988, 988, 988, 988, 1001, 1001, 1001, 1001, 1500, 1500, 1500, 1500]
21:59:25.894806 ALT: 1.28
21:59:25.895043 ATT: [0.1, 0.9, 190]
21:59:25.895517 ACC: [-8, 3, 514]
[1500, 1500, 988, 1500, 988, 988, 988, 988, 1001, 1001, 1001, 1001, 1500, 1500, 1500, 1500]
[1500, 1500, 988, 1500, 988, 988, 988, 988, 1001, 1001, 1001, 1001, 1500, 1500, 1500, 1500]
21:59:25.944143 ALT: 1.28
21:59:25.944313 ATT: [0.1, 0.9, 190]
21:59:25.944781 ACC: [-12, 1, 515]
[1500, 1500, 988, 1500, 988, 988, 988, 988, 1001, 1001, 1001, 1001, 1500, 1500, 1500, 1500]
[1500, 1500, 988, 1500, 988, 988, 988, 988, 1001, 1001, 1001, 1001, 1500, 1500, 1500, 1500]
21:59:26.005929 ALT: 1.28
21:59:26.006144 ATT: [0.0, 0.8, 190]
21:59:26.006567 ACC: [-2, -2, 514]
[1500, 1500, 988, 1500, 988, 988, 988, 988, 1001, 1001, 1001, 1001, 1500, 1500, 1500, 1500]
[1500, 1500, 988, 1500, 988, 988, 988, 988, 1001, 1001, 1001, 1001, 1500, 1500, 1500, 1500]
[1500, 1500, 988, 1500, 988, 988, 988, 988, 1001, 1001, 1001, 1001, 1500, 1500, 1500, 1500]
[1500, 1500, 988, 1500, 988, 988, 988, 988, 1001, 1001, 1001, 1001, 1500, 1500, 1500, 1500]
21:59:26.054273 ALT: 1.28
21:59:26.054373 ATT: [0.1, 0.8, 190]
21:59:26.054678 ACC: [-10, 0, 516]
[1500, 1500, 988, 1500, 988, 988, 988, 988, 1001, 1001, 1001, 1001, 1500, 1500, 1500, 1500]
[1500, 1500, 988, 1500, 988, 988, 988, 988, 1001, 1001, 1001, 1001, 1500, 1500, 1500, 1500]
21:59:26.101760 ALT: 1.28
21:59:26.101911 ATT: [0.1, 0.9, 190]
21:59:26.102382 ACC: [-13, 2, 514]
[1500, 1500, 988, 1500, 988, 988, 988, 988, 1001, 1001, 1001, 1001, 1500, 1500, 1500, 1500]
[1500, 1500, 988, 1500, 988, 988, 988, 988, 1001, 1001, 1001, 1001, 1500, 1500, 1500, 1500]
[1500, 1500, 988, 1500, 988, 988, 988, 988, 1001, 1001, 1001, 1001, 1500, 1500, 1500, 1500]
[1500, 1500, 988, 1500, 988, 988, 988, 988, 1001, 1001, 1001, 1001, 1500, 1500, 1500, 1500]
21:59:26.172317 ALT: 1.28
21:59:26.172517 ATT: [0.1, 0.9, 190]
21:59:26.173135 ACC: [-9, 4, 515]
[1500, 1500, 988, 1500, 988, 988, 988, 988, 1001, 1001, 1001, 1001, 1500, 1500, 1500, 1500]
[1500, 1500, 988, 1500, 988, 988, 988, 988, 1001, 1001, 1001, 1001, 1500, 1500, 1500, 1500]
21:59:26.213939 ALT: 1.28
21:59:26.214063 ATT: [0.0, 0.8, 190]
21:59:26.214459 ACC: [1, -5, 515]
[1500, 1500, 988, 1500, 988, 988, 988, 988, 1001, 1001, 1001, 1001, 1500, 1500, 1500, 1500]
[1500, 1500, 988, 1500, 988, 988, 988, 988, 1001, 1001, 1001, 1001, 1500, 1500, 1500, 1500]
[1500, 1500, 988, 1500, 988, 988, 988, 988, 1001, 1001, 1001, 1001, 1500, 1500, 1500, 1500]
21:59:26.264535 ALT: 1.28
21:59:26.264662 ATT: [0.1, 0.8, 190]
21:59:26.265038 ACC: [-13, 4, 514]
[1500, 1500, 988, 1500, 988, 988, 988, 988, 1001, 1001, 1001, 1001, 1500, 1500, 1500, 1500]
[1500, 1500, 988, 1500, 988, 988, 988, 988, 1001, 1001, 1001, 1001, 1500, 1500, 1500, 1500]
21:59:26.309751 ALT: 1.28
21:59:26.309890 ATT: [0.1, 0.9, 190]
21:59:26.310251 ACC: [-11, 0, 515]
[1500, 1500, 988, 1500, 988, 988, 988, 988, 1001, 1001, 1001, 1001, 1500, 1500, 1500, 1500]
[1500, 1500, 988, 1500, 988, 988, 988, 988, 1001, 1001, 1001, 1001, 1500, 1500, 1500, 1500]
21:59:26.361364 ALT: 1.28
21:59:26.361534 ATT: [0.1, 0.9, 190]
21:59:26.361941 ACC: [-5, -1, 515]
[1500, 1500, 988, 1500, 988, 988, 988, 988, 1001, 1001, 1001, 1001, 1500, 1500, 1500, 1500]
[1500, 1500, 988, 1500, 988, 988, 988, 988, 1001, 1001, 1001, 1001, 1500, 1500, 1500, 1500]
[1500, 1500, 988, 1500, 988, 988, 988, 988, 1001, 1001, 1001, 1001, 1500, 1500, 1500, 1500]
21:59:26.405729 ALT: 1.28
21:59:26.405904 ATT: [0.1, 0.8, 190]
21:59:26.406286 ACC: [-5, 2, 515]
[1500, 1500, 988, 1500, 988, 988, 988, 988, 1001, 1001, 1001, 1001, 1500, 1500, 1500, 1500]
[1500, 1500, 988, 1500, 988, 988, 988, 988, 1001, 1001, 1001, 1001, 1500, 1500, 1500, 1500]
21:59:26.453753 ALT: 1.28
21:59:26.453883 ATT: [0.1, 0.8, 190]
21:59:26.454232 ACC: [-8, 2, 515]
[1500, 1500, 988, 1500, 988, 988, 988, 988, 1001, 1001, 1001, 1001, 1500, 1500, 1500, 1500]
[1500, 1500, 988, 1500, 988, 988, 988, 988, 1001, 1001, 1001, 1001, 1500, 1500, 1500, 1500]
21:59:26.507472 ALT: 1.28
21:59:26.507828 ATT: [0.1, 0.9, 190]
21:59:26.508228 ACC: [-9, 0, 515]
[1500, 1500, 988, 1500, 988, 988, 988, 988, 1001, 1001, 1001, 1001, 1500, 1500, 1500, 1500]
[1500, 1500, 988, 1500, 988, 988, 988, 988, 1001, 1001, 1001, 1001, 1500, 1500, 1500, 1500]
[1500, 1500, 988, 1500, 988, 988, 988, 988, 1001, 1001, 1001, 1001, 1500, 1500, 1500, 1500]
21:59:26.559743 ALT: 1.28
21:59:26.559856 ATT: [0.1, 0.9, 190]
21:59:26.560165 ACC: [-7, 0, 515]
[1500, 1500, 988, 1500, 988, 988, 988, 988, 1001, 1001, 1001, 1001, 1500, 1500, 1500, 1500]
[1500, 1500, 988, 1500, 988, 988, 988, 988, 1001, 1001, 1001, 1001, 1500, 1500, 1500, 1500]
[1500, 1500, 988, 1500, 988, 988, 988, 988, 1001, 1001, 1001, 1001, 1500, 1500, 1500, 1500]
[1500, 1500, 988, 1500, 988, 988, 988, 988, 1001, 1001, 1001, 1001, 1500, 1500, 1500, 1500]
21:59:26.633715 ALT: 1.28
21:59:26.633813 ATT: [0.1, 0.8, 190]
21:59:26.634112 ACC: [-7, 1, 515]
[1500, 1500, 988, 1500, 988, 988, 988, 988, 1001, 1001, 1001, 1001, 1500, 1500, 1500, 1500]
[1500, 1500, 988, 1500, 988, 988, 988, 988, 1001, 1001, 1001, 1001, 1500, 1500, 1500, 1500]
21:59:26.681485 ALT: 1.28
21:59:26.681643 ATT: [0.1, 0.9, 190]
21:59:26.682012 ACC: [-10, 0, 515]
[1500, 1500, 988, 1500, 988, 988, 988, 988, 1001, 1001, 1001, 1001, 1500, 1500, 1500, 1500]
[1500, 1500, 988, 1500, 988, 988, 988, 988, 1001, 1001, 1001, 1001, 1500, 1500, 1500, 1500]
[1500, 1500, 988, 1500, 988, 988, 988, 988, 1001, 1001, 1001, 1001, 1500, 1500, 1500, 1500]
21:59:26.725751 ALT: 1.28
21:59:26.725882 ATT: [0.1, 0.9, 190]
21:59:26.726243 ACC: [-9, 1, 515]
[1500, 1500, 988, 1500, 988, 988, 988, 988, 1001, 1001, 1001, 1001, 1500, 1500, 1500, 1500]
[1500, 1500, 988, 1500, 988, 988, 988, 988, 1001, 1001, 1001, 1001, 1500, 1500, 1500, 1500]
21:59:26.774604 ALT: 1.28
21:59:26.774710 ATT: [0.1, 0.9, 190]
21:59:26.775368 ACC: [-5, 3, 515]
[1500, 1500, 988, 1500, 988, 988, 988, 988, 1001, 1001, 1001, 1001, 1500, 1500, 1500, 1500]
[1500, 1500, 988, 1500, 988, 988, 988, 988, 1001, 1001, 1001, 1001, 1500, 1500, 1500, 1500]
21:59:26.822137 ALT: 1.28
21:59:26.822263 ATT: [0.1, 0.8, 190]
21:59:26.823415 ACC: [-7, -2, 515]
[1500, 1500, 988, 1500, 988, 988, 988, 988, 1001, 1001, 1001, 1001, 1500, 1500, 1500, 1500]
[1500, 1500, 988, 1500, 988, 988, 988, 988, 1001, 1001, 1001, 1001, 1500, 1500, 1500, 1500]
[1500, 1500, 988, 1500, 988, 988, 988, 988, 1001, 1001, 1001, 1001, 1500, 1500, 1500, 1500]
21:59:26.872781 ALT: 1.28
21:59:26.872875 ATT: [0.1, 0.9, 190]
21:59:26.873166 ACC: [-11, 0, 515]
[1500, 1500, 988, 1500, 988, 988, 988, 988, 1001, 1001, 1001, 1001, 1500, 1500, 1500, 1500]
[1500, 1500, 988, 1500, 988, 988, 988, 988, 1001, 1001, 1001, 1001, 1500, 1500, 1500, 1500]
21:59:26.918738 ALT: 1.31
21:59:26.918896 ATT: [0.1, 0.9, 190]
21:59:26.920982 ACC: [-8, 3, 515]
[1500, 1500, 988, 1500, 988, 988, 988, 988, 1001, 1001, 1001, 1001, 1500, 1500, 1500, 1500]
[1500, 1500, 988, 1500, 988, 988, 988, 988, 1001, 1001, 1001, 1001, 1500, 1500, 1500, 1500]
21:59:26.966096 ALT: 1.33
21:59:26.966245 ATT: [0.1, 0.8, 190]
21:59:26.966665 ACC: [-5, 0, 515]
[1500, 1500, 988, 1500, 988, 988, 988, 988, 1001, 1001, 1001, 1001, 1500, 1500, 1500, 1500]
[1500, 1500, 988, 1500, 988, 988, 988, 988, 1001, 1001, 1001, 1001, 1500, 1500, 1500, 1500]
[1500, 1500, 988, 1500, 988, 988, 988, 988, 1001, 1001, 1001, 1001, 1500, 1500, 1500, 1500]
21:59:27.026804 ALT: 1.34
21:59:27.026927 ATT: [0.1, 0.8, 190]
21:59:27.027244 ACC: [-7, 1, 515]
[1500, 1500, 988, 1500, 988, 988, 988, 988, 1001, 1001, 1001, 1001, 1500, 1500, 1500, 1500]
[1500, 1500, 988, 1500, 988, 988, 988, 988, 1001, 1001, 1001, 1001, 1500, 1500, 1500, 1500]
[1500, 1500, 988, 1500, 988, 988, 988, 988, 1001, 1001, 1001, 1001, 1500, 1500, 1500, 1500]
21:59:27.078850 ALT: 1.34
21:59:27.078979 ATT: [0.1, 0.8, 190]
21:59:27.079297 ACC: [-8, 2, 515]
[1500, 1500, 988, 1500, 988, 988, 988, 988, 1001, 1001, 1001, 1001, 1500, 1500, 1500, 1500]
[1500, 1500, 988, 1500, 988, 988, 988, 988, 1001, 1001, 1001, 1001, 1500, 1500, 1500, 1500]
[1500, 1500, 988, 1500, 988, 988, 988, 988, 1001, 1001, 1001, 1001, 1500, 1500, 1500, 1500]
21:59:27.129899 ALT: 1.34
21:59:27.130107 ATT: [0.1, 0.9, 190]
21:59:27.130643 ACC: [-8, 1, 515]
[1500, 1500, 988, 1500, 988, 988, 988, 988, 1001, 1001, 1001, 1001, 1500, 1500, 1500, 1500]
[1500, 1500, 988, 1500, 988, 988, 988, 988, 1001, 1001, 1001, 1001, 1500, 1500, 1500, 1500]
21:59:27.174177 ALT: 1.34
21:59:27.174360 ATT: [0.1, 0.9, 190]
21:59:27.174971 ACC: [-8, 0, 515]
[1500, 1500, 988, 1500, 988, 988, 988, 988, 1001, 1001, 1001, 1001, 1500, 1500, 1500, 1500]
[1500, 1500, 988, 1500, 988, 988, 988, 988, 1001, 1001, 1001, 1001, 1500, 1500, 1500, 1500]
21:59:27.222104 ALT: 1.34
21:59:27.222311 ATT: [0.1, 0.9, 190]
21:59:27.222922 ACC: [-8, 1, 515]
[1500, 1500, 988, 1500, 988, 988, 988, 988, 1001, 1001, 1001, 1001, 1500, 1500, 1500, 1500]
[1500, 1500, 988, 1500, 988, 988, 988, 988, 1001, 1001, 1001, 1001, 1500, 1500, 1500, 1500]
[1500, 1500, 988, 1500, 988, 988, 988, 988, 1001, 1001, 1001, 1001, 1500, 1500, 1500, 1500]
21:59:27.274278 ALT: 1.34
21:59:27.274406 ATT: [0.1, 0.8, 190]
21:59:27.274731 ACC: [-6, 0, 515]
[1500, 1500, 988, 1500, 988, 988, 988, 988, 1001, 1001, 1001, 1001, 1500, 1500, 1500, 1500]
[1500, 1500, 988, 1500, 988, 988, 988, 988, 1001, 1001, 1001, 1001, 1500, 1500, 1500, 1500]
[1500, 1500, 988, 1500, 988, 988, 988, 988, 1001, 1001, 1001, 1001, 1500, 1500, 1500, 1500]
21:59:27.334006 ALT: 1.34
21:59:27.334134 ATT: [0.1, 0.9, 190]
21:59:27.334561 ACC: [-12, 1, 515]
[1500, 1500, 988, 1500, 988, 988, 988, 988, 1001, 1001, 1001, 1001, 1500, 1500, 1500, 1500]
[1500, 1500, 988, 1500, 988, 988, 988, 988, 1001, 1001, 1001, 1001, 1500, 1500, 1500, 1500]
21:59:27.400911 ALT: 1.34
21:59:27.401248 ATT: [0.1, 0.9, 190]
21:59:27.402115 ACC: [-6, 1, 516]
[1500, 1500, 988, 1500, 988, 988, 988, 988, 1001, 1001, 1001, 1001, 1500, 1500, 1500, 1500]
[1500, 1500, 988, 1500, 988, 988, 988, 988, 1001, 1001, 1001, 1001, 1500, 1500, 1500, 1500]
[1500, 1500, 988, 1500, 988, 988, 988, 988, 1001, 1001, 1001, 1001, 1500, 1500, 1500, 1500]
21:59:27.446626 ALT: 1.34
21:59:27.446958 ATT: [0.1, 0.9, 190]
21:59:27.447785 ACC: [-7, 1, 515]
[1500, 1500, 988, 1500, 988, 988, 988, 988, 1001, 1001, 1001, 1001, 1500, 1500, 1500, 1500]
[1500, 1500, 988, 1500, 988, 988, 988, 988, 1001, 1001, 1001, 1001, 1500, 1500, 1500, 1500]
[1500, 1500, 988, 1500, 988, 988, 988, 988, 1001, 1001, 1001, 1001, 1500, 1500, 1500, 1500]
21:59:27.518868 ALT: 1.34
21:59:27.519325 ATT: [0.1, 0.9, 190]
21:59:27.520335 ACC: [-8, 1, 515]
[1500, 1500, 988, 1500, 988, 988, 988, 988, 1001, 1001, 1001, 1001, 1500, 1500, 1500, 1500]
[1500, 1500, 988, 1500, 988, 988, 988, 988, 1001, 1001, 1001, 1001, 1500, 1500, 1500, 1500]
[1500, 1500, 988, 1500, 988, 988, 988, 988, 1001, 1001, 1001, 1001, 1500, 1500, 1500, 1500]
[1500, 1500, 988, 1500, 988, 988, 988, 988, 1001, 1001, 1001, 1001, 1500, 1500, 1500, 1500]
[1500, 1500, 988, 1500, 988, 988, 988, 988, 1001, 1001, 1001, 1001, 1500, 1500, 1500, 1500]
21:59:27.590380 ALT: 1.34
21:59:27.590574 ATT: [0.1, 0.8, 190]
21:59:27.591137 ACC: [-6, 1, 515]
[1500, 1500, 988, 1500, 988, 988, 988, 988, 1001, 1001, 1001, 1001, 1500, 1500, 1500, 1500]
[1500, 1500, 988, 1500, 988, 988, 988, 988, 1001, 1001, 1001, 1001, 1500, 1500, 1500, 1500]
21:59:27.638477 ALT: 1.34
21:59:27.638706 ATT: [0.1, 0.8, 190]
21:59:27.639790 ACC: [-7, 0, 515]
[1500, 1500, 988, 1500, 988, 988, 988, 988, 1001, 1001, 1001, 1001, 1500, 1500, 1500, 1500]
[1500, 1500, 988, 1500, 988, 988, 988, 988, 1001, 1001, 1001, 1001, 1500, 1500, 1500, 1500]
[1500, 1500, 988, 1500, 988, 988, 988, 988, 1001, 1001, 1001, 1001, 1500, 1500, 1500, 1500]
21:59:27.688328 ALT: 1.34
21:59:27.688437 ATT: [0.1, 0.8, 190]
21:59:27.688750 ACC: [-8, 1, 515]
[1500, 1500, 988, 1500, 988, 988, 988, 988, 1001, 1001, 1001, 1001, 1500, 1500, 1500, 1500]
[1500, 1500, 988, 1500, 988, 988, 988, 988, 1001, 1001, 1001, 1001, 1500, 1500, 1500, 1500]
21:59:27.734462 ALT: 1.34
21:59:27.734574 ATT: [0.1, 0.8, 190]
21:59:27.734968 ACC: [-7, 1, 515]
[1500, 1500, 988, 1500, 988, 988, 988, 988, 1001, 1001, 1001, 1001, 1500, 1500, 1500, 1500]
[1500, 1500, 988, 1500, 988, 988, 988, 988, 1001, 1001, 1001, 1001, 1500, 1500, 1500, 1500]
21:59:27.782044 ALT: 1.34
21:59:27.782142 ATT: [0.1, 0.8, 190]
21:59:27.782574 ACC: [-8, 1, 515]
[1500, 1500, 988, 1500, 988, 988, 988, 988, 1001, 1001, 1001, 1001, 1500, 1500, 1500, 1500]
[1500, 1500, 988, 1500, 988, 988, 988, 988, 1001, 1001, 1001, 1001, 1500, 1500, 1500, 1500]
[1500, 1500, 988, 1500, 988, 988, 988, 988, 1001, 1001, 1001, 1001, 1500, 1500, 1500, 1500]
21:59:27.830024 ALT: 1.34
21:59:27.830159 ATT: [0.1, 0.9, 190]
21:59:27.830733 ACC: [-8, 2, 515]
[1500, 1500, 988, 1500, 988, 988, 988, 988, 1001, 1001, 1001, 1001, 1500, 1500, 1500, 1500]
[1500, 1500, 988, 1500, 988, 988, 988, 988, 1001, 1001, 1001, 1001, 1500, 1500, 1500, 1500]
21:59:27.878077 ALT: 1.34
21:59:27.878231 ATT: [0.1, 0.8, 190]
21:59:27.878650 ACC: [-7, -1, 515]
[1500, 1500, 988, 1500, 988, 988, 988, 988, 1001, 1001, 1001, 1001, 1500, 1500, 1500, 1500]
[1500, 1500, 988, 1500, 988, 988, 988, 988, 1001, 1001, 1001, 1001, 1500, 1500, 1500, 1500]
[1500, 1500, 988, 1500, 988, 988, 988, 988, 1001, 1001, 1001, 1001, 1500, 1500, 1500, 1500]
21:59:27.926169 ALT: 1.34
21:59:27.926273 ATT: [0.1, 0.8, 190]
21:59:27.927286 ACC: [-8, 1, 515]
[1500, 1500, 988, 1500, 988, 988, 988, 988, 1001, 1001, 1001, 1001, 1500, 1500, 1500, 1500]
[1500, 1500, 988, 1500, 988, 988, 988, 988, 1001, 1001, 1001, 1001, 1500, 1500, 1500, 1500]
21:59:27.975236 ALT: 1.34
21:59:27.975347 ATT: [0.1, 0.9, 190]
21:59:27.975623 ACC: [-8, 0, 515]
[1500, 1500, 988, 1500, 988, 988, 988, 988, 1001, 1001, 1001, 1001, 1500, 1500, 1500, 1500]
[1500, 1500, 988, 1500, 988, 988, 988, 988, 1001, 1001, 1001, 1001, 1500, 1500, 1500, 1500]
[1500, 1500, 988, 1500, 988, 988, 988, 988, 1001, 1001, 1001, 1001, 1500, 1500, 1500, 1500]
21:59:28.024135 ALT: 1.34
21:59:28.024358 ATT: [0.1, 0.9, 190]
21:59:28.025471 ACC: [-8, 1, 515]
[1500, 1500, 988, 1500, 988, 988, 988, 988, 1001, 1001, 1001, 1001, 1500, 1500, 1500, 1500]
[1500, 1500, 988, 1500, 988, 988, 988, 988, 1001, 1001, 1001, 1001, 1500, 1500, 1500, 1500]
21:59:28.069959 ALT: 1.34
21:59:28.070080 ATT: [0.1, 0.8, 190]
21:59:28.070393 ACC: [-7, 1, 515]
[1500, 1500, 988, 1500, 988, 988, 988, 988, 1001, 1001, 1001, 1001, 1500, 1500, 1500, 1500]
[1500, 1500, 988, 1500, 988, 988, 988, 988, 1001, 1001, 1001, 1001, 1500, 1500, 1500, 1500]
21:59:28.118701 ALT: 1.34
21:59:28.118800 ATT: [0.1, 0.8, 190]
21:59:28.119089 ACC: [-8, 0, 515]
[1500, 1500, 988, 1500, 988, 988, 988, 988, 1001, 1001, 1001, 1001, 1500, 1500, 1500, 1500]
[1500, 1500, 988, 1500, 988, 988, 988, 988, 1001, 1001, 1001, 1001, 1500, 1500, 1500, 1500]
[1500, 1500, 988, 1500, 988, 988, 988, 988, 1001, 1001, 1001, 1001, 1500, 1500, 1500, 1500]
21:59:28.166090 ALT: 1.34
21:59:28.166235 ATT: [0.1, 0.9, 190]
21:59:28.166752 ACC: [-9, 2, 515]
[1500, 1500, 988, 1500, 988, 988, 988, 988, 1001, 1001, 1001, 1001, 1500, 1500, 1500, 1500]
[1500, 1500, 988, 1500, 988, 988, 988, 988, 1001, 1001, 1001, 1001, 1500, 1500, 1500, 1500]
21:59:28.214574 ALT: 1.34
21:59:28.214775 ATT: [0.1, 0.9, 190]
21:59:28.215198 ACC: [-8, 2, 515]
[1500, 1500, 988, 1500, 988, 988, 988, 988, 1001, 1001, 1001, 1001, 1500, 1500, 1500, 1500]
[1500, 1500, 988, 1500, 988, 988, 988, 988, 1001, 1001, 1001, 1001, 1500, 1500, 1500, 1500]
21:59:28.262275 ALT: 1.34
21:59:28.262455 ATT: [0.1, 0.9, 190]
21:59:28.262913 ACC: [-7, 0, 515]
[1500, 1500, 988, 1500, 988, 988, 988, 988, 1001, 1001, 1001, 1001, 1500, 1500, 1500, 1500]
[1500, 1500, 988, 1500, 988, 988, 988, 988, 1001, 1001, 1001, 1001, 1500, 1500, 1500, 1500]
[1500, 1500, 988, 1500, 988, 988, 988, 988, 1001, 1001, 1001, 1001, 1500, 1500, 1500, 1500]
21:59:28.310264 ALT: 1.34
21:59:28.310376 ATT: [0.1, 0.8, 190]
21:59:28.310770 ACC: [-7, 2, 515]
[1500, 1500, 988, 1500, 988, 988, 988, 988, 1001, 1001, 1001, 1001, 1500, 1500, 1500, 1500]
[1500, 1500, 988, 1500, 988, 988, 988, 988, 1001, 1001, 1001, 1001, 1500, 1500, 1500, 1500]
21:59:28.361865 ALT: 1.34
21:59:28.361986 ATT: [0.1, 0.9, 190]
21:59:28.362404 ACC: [-8, 1, 515]
[1500, 1500, 988, 1500, 988, 988, 988, 988, 1001, 1001, 1001, 1001, 1500, 1500, 1500, 1500]
[1500, 1500, 988, 1500, 988, 988, 988, 988, 1001, 1001, 1001, 1001, 1500, 1500, 1500, 1500]
21:59:28.409726 ALT: 1.34
21:59:28.409860 ATT: [0.1, 0.9, 190]
21:59:28.410228 ACC: [-7, -1, 515]
[1500, 1500, 988, 1500, 988, 988, 988, 988, 1001, 1001, 1001, 1001, 1500, 1500, 1500, 1500]
[1500, 1500, 988, 1500, 988, 988, 988, 988, 1001, 1001, 1001, 1001, 1500, 1500, 1500, 1500]
[1500, 1500, 988, 1500, 988, 988, 988, 988, 1001, 1001, 1001, 1001, 1500, 1500, 1500, 1500]
21:59:28.459478 ALT: 1.34
21:59:28.459627 ATT: [0.1, 0.9, 190]
21:59:28.460241 ACC: [-8, 2, 514]
[1500, 1500, 988, 1500, 988, 988, 988, 988, 1001, 1001, 1001, 1001, 1500, 1500, 1500, 1500]
21:59:28.510945 ALT: 1.34
21:59:28.511238 ATT: [0.1, 0.9, 190]
21:59:28.512293 ACC: [-8, 2, 515]
[1500, 1500, 988, 1500, 988, 988, 988, 988, 1001, 1001, 1001, 1001, 1500, 1500, 1500, 1500]
[1500, 1500, 988, 1500, 988, 988, 988, 988, 1001, 1001, 1001, 1001, 1500, 1500, 1500, 1500]
[1500, 1500, 988, 1500, 988, 988, 988, 988, 1001, 1001, 1001, 1001, 1500, 1500, 1500, 1500]
[1500, 1500, 988, 1500, 988, 988, 988, 988, 1001, 1001, 1001, 1001, 1500, 1500, 1500, 1500]
[1500, 1500, 988, 1500, 988, 988, 988, 988, 1001, 1001, 1001, 1001, 1500, 1500, 1500, 1500]
21:59:28.584029 ALT: 1.34
21:59:28.584313 ATT: [0.1, 0.9, 190]
21:59:28.585196 ACC: [-8, 1, 515]
[1500, 1500, 988, 1500, 988, 988, 988, 988, 1001, 1001, 1001, 1001, 1500, 1500, 1500, 1500]
[1500, 1500, 988, 1500, 988, 988, 988, 988, 1001, 1001, 1001, 1001, 1500, 1500, 1500, 1500]
[1500, 1500, 988, 1500, 988, 988, 988, 988, 1001, 1001, 1001, 1001, 1500, 1500, 1500, 1500]
[1500, 1500, 988, 1500, 988, 988, 988, 988, 1001, 1001, 1001, 1001, 1500, 1500, 1500, 1500]
21:59:28.645934 ALT: 1.34
21:59:28.646054 ATT: [0.1, 0.9, 190]
21:59:28.646353 ACC: [-8, 1, 515]
[1500, 1500, 988, 1500, 988, 988, 988, 988, 1001, 1001, 1001, 1001, 1500, 1500, 1500, 1500]
[1500, 1500, 988, 1500, 988, 988, 988, 988, 1001, 1001, 1001, 1001, 1500, 1500, 1500, 1500]
21:59:28.693955 ALT: 1.34
21:59:28.694050 ATT: [0.1, 0.9, 190]
21:59:28.694357 ACC: [-8, 0, 515]
[1500, 1500, 988, 1500, 988, 988, 988, 988, 1001, 1001, 1001, 1001, 1500, 1500, 1500, 1500]
[1500, 1500, 988, 1500, 988, 988, 988, 988, 1001, 1001, 1001, 1001, 1500, 1500, 1500, 1500]
21:59:28.741975 ALT: 1.34
21:59:28.742084 ATT: [0.1, 0.9, 190]
21:59:28.742420 ACC: [-8, 1, 515]
[1500, 1500, 988, 1500, 988, 988, 988, 988, 1001, 1001, 1001, 1001, 1500, 1500, 1500, 1500]
[1500, 1500, 988, 1500, 988, 988, 988, 988, 1001, 1001, 1001, 1001, 1500, 1500, 1500, 1500]
[1500, 1500, 988, 1500, 988, 988, 988, 988, 1001, 1001, 1001, 1001, 1500, 1500, 1500, 1500]
21:59:28.790478 ALT: 1.34
21:59:28.790715 ATT: [0.1, 0.8, 190]
21:59:28.791156 ACC: [-7, 1, 515]
[1500, 1500, 988, 1500, 988, 988, 988, 988, 1001, 1001, 1001, 1001, 1500, 1500, 1500, 1500]
[1500, 1500, 988, 1500, 988, 988, 988, 988, 1001, 1001, 1001, 1001, 1500, 1500, 1500, 1500]
21:59:28.838025 ALT: 1.34
21:59:28.838131 ATT: [0.1, 0.9, 190]
21:59:28.838448 ACC: [-8, 1, 515]
[1500, 1500, 988, 1500, 988, 988, 988, 988, 1001, 1001, 1001, 1001, 1500, 1500, 1500, 1500]
[1500, 1500, 988, 1500, 988, 988, 988, 988, 1001, 1001, 1001, 1001, 1500, 1500, 1500, 1500]
[1500, 1500, 988, 1500, 988, 988, 988, 988, 1001, 1001, 1001, 1001, 1500, 1500, 1500, 1500]
21:59:28.886346 ALT: 1.34
21:59:28.886467 ATT: [0.1, 0.9, 190]
21:59:28.886779 ACC: [-8, 0, 515]
[1500, 1500, 988, 1500, 988, 988, 988, 988, 1001, 1001, 1001, 1001, 1500, 1500, 1500, 1500]
[1500, 1500, 988, 1500, 988, 988, 988, 988, 1001, 1001, 1001, 1001, 1500, 1500, 1500, 1500]
21:59:28.936909 ALT: 1.34
21:59:28.937039 ATT: [0.1, 0.9, 190]
21:59:28.938020 ACC: [-7, 0, 515]
[1500, 1500, 988, 1500, 988, 988, 988, 988, 1001, 1001, 1001, 1001, 1500, 1500, 1500, 1500]
[1500, 1500, 988, 1500, 988, 988, 988, 988, 1001, 1001, 1001, 1001, 1500, 1500, 1500, 1500]
21:59:28.984733 ALT: 1.34
21:59:28.985022 ATT: [0.1, 0.8, 190]
21:59:28.985352 ACC: [-8, 1, 514]
[1500, 1500, 988, 1500, 988, 988, 988, 988, 1001, 1001, 1001, 1001, 1500, 1500, 1500, 1500]
[1500, 1500, 988, 1500, 988, 988, 988, 988, 1001, 1001, 1001, 1001, 1500, 1500, 1500, 1500]
[1500, 1500, 988, 1500, 988, 988, 988, 988, 1001, 1001, 1001, 1001, 1500, 1500, 1500, 1500]
21:59:29.031514 ALT: 1.34
21:59:29.031609 ATT: [0.1, 0.9, 190]
21:59:29.031903 ACC: [-8, 1, 516]
[1500, 1500, 988, 1500, 988, 988, 988, 988, 1001, 1001, 1001, 1001, 1500, 1500, 1500, 1500]
[1500, 1500, 988, 1500, 988, 988, 988, 988, 1001, 1001, 1001, 1001, 1500, 1500, 1500, 1500]
[1500, 1500, 988, 1500, 988, 988, 988, 988, 1001, 1001, 1001, 1001, 1500, 1500, 1500, 1500]
21:59:29.094524 ALT: 1.34
21:59:29.094622 ATT: [0.1, 0.9, 190]
21:59:29.094984 ACC: [-7, 1, 516]
[1500, 1500, 988, 1500, 988, 988, 988, 988, 1001, 1001, 1001, 1001, 1500, 1500, 1500, 1500]
[1500, 1500, 988, 1500, 988, 988, 988, 988, 1001, 1001, 1001, 1001, 1500, 1500, 1500, 1500]
21:59:29.143098 ALT: 1.34
21:59:29.143238 ATT: [0.1, 0.8, 190]
21:59:29.143577 ACC: [-7, 1, 514]
[1500, 1500, 988, 1500, 988, 988, 988, 988, 1001, 1001, 1001, 1001, 1500, 1500, 1500, 1500]
[1500, 1500, 988, 1500, 988, 988, 988, 988, 1001, 1001, 1001, 1001, 1500, 1500, 1500, 1500]
[1500, 1500, 988, 1500, 988, 988, 988, 988, 1001, 1001, 1001, 1001, 1500, 1500, 1500, 1500]
21:59:29.194686 ALT: 1.34
21:59:29.194835 ATT: [0.1, 0.8, 190]
21:59:29.195244 ACC: [-8, 1, 515]
[1500, 1500, 988, 1500, 988, 988, 988, 988, 1001, 1001, 1001, 1001, 1500, 1500, 1500, 1500]
[1500, 1500, 988, 1500, 988, 988, 988, 988, 1001, 1001, 1001, 1001, 1500, 1500, 1500, 1500]
21:59:29.241833 ALT: 1.34
21:59:29.241937 ATT: [0.1, 0.9, 190]
21:59:29.243311 ACC: [-8, 1, 516]
[1500, 1500, 988, 1500, 988, 988, 988, 988, 1001, 1001, 1001, 1001, 1500, 1500, 1500, 1500]
[1500, 1500, 988, 1500, 988, 988, 988, 988, 1001, 1001, 1001, 1001, 1500, 1500, 1500, 1500]
[1500, 1500, 988, 1500, 988, 988, 988, 988, 1001, 1001, 1001, 1001, 1500, 1500, 1500, 1500]
21:59:29.286763 ALT: 1.34
21:59:29.286864 ATT: [0.1, 0.9, 190]
21:59:29.287225 ACC: [-8, 1, 515]
[1500, 1500, 988, 1500, 988, 988, 988, 988, 1001, 1001, 1001, 1001, 1500, 1500, 1500, 1500]
[1500, 1500, 988, 1500, 988, 988, 988, 988, 1001, 1001, 1001, 1001, 1500, 1500, 1500, 1500]
21:59:29.335621 ALT: 1.34
21:59:29.335747 ATT: [0.1, 0.9, 190]
21:59:29.336791 ACC: [-7, 1, 515]
[1500, 1500, 988, 1500, 988, 988, 988, 988, 1001, 1001, 1001, 1001, 1500, 1500, 1500, 1500]
[1500, 1500, 988, 1500, 988, 988, 988, 988, 1001, 1001, 1001, 1001, 1500, 1500, 1500, 1500]
21:59:29.382088 ALT: 1.34
21:59:29.382213 ATT: [0.1, 0.9, 190]
21:59:29.382600 ACC: [-6, 4, 515]
[1500, 1500, 988, 1500, 988, 988, 988, 988, 1001, 1001, 1001, 1001, 1500, 1500, 1500, 1500]
[1500, 1500, 988, 1500, 988, 988, 988, 988, 1001, 1001, 1001, 1001, 1500, 1500, 1500, 1500]
[1500, 1500, 988, 1500, 988, 988, 988, 988, 1001, 1001, 1001, 1001, 1500, 1500, 1500, 1500]
[1500, 1500, 988, 1500, 988, 988, 988, 988, 1001, 1001, 1001, 1001, 1500, 1500, 1500, 1500]
[1500, 1500, 988, 1500, 988, 988, 988, 988, 1001, 1001, 1001, 1001, 1500, 1500, 1500, 1500]
21:59:29.470395 ALT: 1.34
21:59:29.470498 ATT: [0.1, 0.9, 190]
21:59:29.470826 ACC: [-7, -1, 515]
[1500, 1500, 988, 1500, 988, 988, 988, 988, 1001, 1001, 1001, 1001, 1500, 1500, 1500, 1500]
[1500, 1500, 988, 1500, 988, 988, 988, 988, 1001, 1001, 1001, 1001, 1500, 1500, 1500, 1500]
21:59:29.510346 ALT: 1.34
21:59:29.510502 ATT: [0.1, 0.9, 190]
21:59:29.510855 ACC: [-8, 1, 515]
[1500, 1500, 988, 1500, 988, 988, 988, 988, 1001, 1001, 1001, 1001, 1500, 1500, 1500, 1500]
[1500, 1500, 988, 1500, 988, 988, 988, 988, 1001, 1001, 1001, 1001, 1500, 1500, 1500, 1500]
21:59:29.560024 ALT: 1.34
21:59:29.560766 ATT: [0.1, 0.8, 190]
21:59:29.561877 ACC: [-8, 0, 514]
[1500, 1500, 988, 1500, 988, 988, 988, 988, 1001, 1001, 1001, 1001, 1500, 1500, 1500, 1500]
[1500, 1500, 988, 1500, 988, 988, 988, 988, 1001, 1001, 1001, 1001, 1500, 1500, 1500, 1500]
[1500, 1500, 988, 1500, 988, 988, 988, 988, 1001, 1001, 1001, 1001, 1500, 1500, 1500, 1500]
21:59:29.606566 ALT: 1.34
21:59:29.606664 ATT: [0.1, 0.9, 190]
21:59:29.607053 ACC: [-8, 3, 515]
[1500, 1500, 988, 1500, 988, 988, 988, 988, 1001, 1001, 1001, 1001, 1500, 1500, 1500, 1500]
[1500, 1500, 988, 1500, 988, 988, 988, 988, 1001, 1001, 1001, 1001, 1500, 1500, 1500, 1500]
[1500, 1500, 988, 1500, 988, 988, 988, 988, 1001, 1001, 1001, 1001, 1500, 1500, 1500, 1500]
[1500, 1500, 988, 1500, 988, 988, 988, 988, 1001, 1001, 1001, 1001, 1500, 1500, 1500, 1500]
21:59:29.703028 ALT: 1.34
21:59:29.703163 ATT: [0.1, 0.9, 190]
21:59:29.703485 ACC: [-8, 1, 515]
[1500, 1500, 988, 1500, 988, 988, 988, 988, 1001, 1001, 1001, 1001, 1500, 1500, 1500, 1500]
[1500, 1500, 988, 1500, 988, 988, 988, 988, 1001, 1001, 1001, 1001, 1500, 1500, 1500, 1500]
[1500, 1500, 988, 1500, 988, 988, 988, 988, 1001, 1001, 1001, 1001, 1500, 1500, 1500, 1500]
21:59:29.765984 ALT: 1.34
21:59:29.766086 ATT: [0.1, 0.8, 190]
[1500, 1500, 988, 1500, 988, 988, 988, 988, 1001, 1001, 1001, 1001, 1500, 1500, 1500, 1500]
21:59:29.769913 ACC: [-8, 0, 514]
[1500, 1500, 988, 1500, 988, 988, 988, 988, 1001, 1001, 1001, 1001, 1500, 1500, 1500, 1500]
[1500, 1500, 988, 1500, 988, 988, 988, 988, 1001, 1001, 1001, 1001, 1500, 1500, 1500, 1500]
21:59:29.816939 ALT: 1.38
21:59:29.817067 ATT: [0.1, 0.9, 190]
21:59:29.817473 ACC: [-9, 1, 515]
[1500, 1500, 988, 1500, 988, 988, 988, 988, 1001, 1001, 1001, 1001, 1500, 1500, 1500, 1500]
[1500, 1500, 988, 1500, 988, 988, 988, 988, 1001, 1001, 1001, 1001, 1500, 1500, 1500, 1500]
[1500, 1500, 988, 1500, 988, 988, 988, 988, 1001, 1001, 1001, 1001, 1500, 1500, 1500, 1500]
21:59:29.878406 ALT: 1.41
21:59:29.878529 ATT: [0.1, 0.9, 190]
21:59:29.879043 ACC: [-8, 0, 515]
[1500, 1500, 988, 1500, 988, 988, 988, 988, 1001, 1001, 1001, 1001, 1500, 1500, 1500, 1500]
[1500, 1500, 988, 1500, 988, 988, 988, 988, 1001, 1001, 1001, 1001, 1500, 1500, 1500, 1500]
[1500, 1500, 988, 1500, 988, 988, 988, 988, 1001, 1001, 1001, 1001, 1500, 1500, 1500, 1500]
21:59:29.926183 ALT: 1.42
21:59:29.926280 ATT: [0.1, 0.9, 190]
21:59:29.926571 ACC: [-7, 1, 515]
[1500, 1500, 988, 1500, 988, 988, 988, 988, 1001, 1001, 1001, 1001, 1500, 1500, 1500, 1500]
[1500, 1500, 988, 1500, 988, 988, 988, 988, 1001, 1001, 1001, 1001, 1500, 1500, 1500, 1500]
21:59:29.976377 ALT: 1.42
21:59:29.976599 ATT: [0.1, 0.9, 190]
21:59:29.977132 ACC: [-8, 1, 515]
[1500, 1500, 988, 1500, 988, 988, 988, 988, 1001, 1001, 1001, 1001, 1500, 1500, 1500, 1500]
[1500, 1500, 988, 1500, 988, 988, 988, 988, 1001, 1001, 1001, 1001, 1500, 1500, 1500, 1500]
[1500, 1500, 988, 1500, 988, 988, 988, 988, 1001, 1001, 1001, 1001, 1500, 1500, 1500, 1500]
21:59:30.025959 ALT: 1.42
21:59:30.026077 ATT: [0.1, 0.9, 190]
21:59:30.026432 ACC: [-8, 1, 515]
[1500, 1500, 988, 1500, 988, 988, 988, 988, 1001, 1001, 1001, 1001, 1500, 1500, 1500, 1500]
[1500, 1500, 988, 1500, 988, 988, 988, 988, 1001, 1001, 1001, 1001, 1500, 1500, 1500, 1500]
21:59:30.071902 ALT: 1.42
21:59:30.071999 ATT: [0.1, 0.9, 190]
21:59:30.072302 ACC: [-7, 1, 515]
[1500, 1500, 988, 1500, 988, 988, 988, 988, 1001, 1001, 1001, 1001, 1500, 1500, 1500, 1500]
[1500, 1500, 988, 1500, 988, 988, 988, 988, 1001, 1001, 1001, 1001, 1500, 1500, 1500, 1500]
21:59:30.118244 ALT: 1.42
21:59:30.118374 ATT: [0.1, 0.9, 190]
[1500, 1500, 988, 1500, 988, 988, 988, 988, 1001, 1001, 1001, 1001, 1500, 1500, 1500, 1500]
21:59:30.132518 ACC: [-8, 0, 515]
[1500, 1500, 988, 1500, 988, 988, 988, 988, 1001, 1001, 1001, 1001, 1500, 1500, 1500, 1500]
[1500, 1500, 988, 1500, 988, 988, 988, 988, 1001, 1001, 1001, 1001, 1500, 1500, 1500, 1500]
[1500, 1500, 988, 1500, 988, 988, 988, 988, 1001, 1001, 1001, 1001, 1500, 1500, 1500, 1500]
21:59:30.192598 ALT: 1.42
21:59:30.192724 ATT: [0.1, 0.9, 190]
21:59:30.193126 ACC: [-7, 2, 515]
[1500, 1500, 988, 1500, 988, 988, 988, 988, 1001, 1001, 1001, 1001, 1500, 1500, 1500, 1500]
[1500, 1500, 988, 1500, 988, 988, 988, 988, 1001, 1001, 1001, 1001, 1500, 1500, 1500, 1500]
21:59:30.246236 ALT: 1.42
21:59:30.246355 ATT: [0.1, 0.9, 190]
21:59:30.246677 ACC: [-8, 1, 515]
[1500, 1500, 988, 1500, 988, 988, 988, 988, 1001, 1001, 1001, 1001, 1500, 1500, 1500, 1500]
[1500, 1500, 988, 1500, 988, 988, 988, 988, 1001, 1001, 1001, 1001, 1500, 1500, 1500, 1500]
[1500, 1500, 988, 1500, 988, 988, 988, 988, 1001, 1001, 1001, 1001, 1500, 1500, 1500, 1500]
[1500, 1500, 988, 1500, 988, 988, 988, 988, 1001, 1001, 1001, 1001, 1500, 1500, 1500, 1500]
21:59:30.313331 ALT: 1.42
21:59:30.313432 ATT: [0.1, 0.9, 190]
21:59:30.313945 ACC: [-8, 1, 515]
[1500, 1500, 988, 1500, 988, 988, 988, 988, 1001, 1001, 1001, 1001, 1500, 1500, 1500, 1500]
[1500, 1500, 988, 1500, 988, 988, 988, 988, 1001, 1001, 1001, 1001, 1500, 1500, 1500, 1500]
21:59:30.361836 ALT: 1.42
21:59:30.361948 ATT: [0.1, 0.9, 190]
21:59:30.362386 ACC: [-9, 0, 515]
[1500, 1500, 988, 1500, 988, 988, 988, 988, 1001, 1001, 1001, 1001, 1500, 1500, 1500, 1500]
[1500, 1500, 988, 1500, 988, 988, 988, 988, 1001, 1001, 1001, 1001, 1500, 1500, 1500, 1500]
[1500, 1500, 988, 1500, 988, 988, 988, 988, 1001, 1001, 1001, 1001, 1500, 1500, 1500, 1500]
21:59:30.406269 ALT: 1.42
21:59:30.406384 ATT: [0.1, 0.9, 190]
21:59:30.406905 ACC: [-7, 1, 515]
[1500, 1500, 988, 1500, 988, 988, 988, 988, 1001, 1001, 1001, 1001, 1500, 1500, 1500, 1500]
[1500, 1500, 988, 1500, 988, 988, 988, 988, 1001, 1001, 1001, 1001, 1500, 1500, 1500, 1500]
21:59:30.454236 ALT: 1.42
21:59:30.454348 ATT: [0.1, 0.9, 190]
21:59:30.454657 ACC: [-8, 0, 515]
[1500, 1500, 988, 1500, 988, 988, 988, 988, 1001, 1001, 1001, 1001, 1500, 1500, 1500, 1500]
[1500, 1500, 988, 1500, 988, 988, 988, 988, 1001, 1001, 1001, 1001, 1500, 1500, 1500, 1500]
21:59:30.502181 ALT: 1.42
21:59:30.502302 ATT: [0.1, 0.9, 190]
21:59:30.502663 ACC: [-9, 2, 514]
[1500, 1500, 988, 1500, 988, 988, 988, 988, 1001, 1001, 1001, 1001, 1500, 1500, 1500, 1500]
[1500, 1500, 988, 1500, 988, 988, 988, 988, 1001, 1001, 1001, 1001, 1500, 1500, 1500, 1500]
[1500, 1500, 988, 1500, 988, 988, 988, 988, 1001, 1001, 1001, 1001, 1500, 1500, 1500, 1500]
21:59:30.550601 ALT: 1.42
21:59:30.550730 ATT: [0.1, 0.9, 190]
21:59:30.551413 ACC: [-8, 0, 515]
[1500, 1500, 988, 1500, 988, 988, 988, 988, 1001, 1001, 1001, 1001, 1500, 1500, 1500, 1500]
[1500, 1500, 988, 1500, 988, 988, 988, 988, 1001, 1001, 1001, 1001, 1500, 1500, 1500, 1500]
21:59:30.602155 ALT: 1.42
21:59:30.602302 ATT: [0.1, 0.9, 190]
21:59:30.602623 ACC: [-8, 0, 515]
[1500, 1500, 988, 1500, 988, 988, 988, 988, 1001, 1001, 1001, 1001, 1500, 1500, 1500, 1500]
[1500, 1500, 988, 1500, 988, 988, 988, 988, 1001, 1001, 1001, 1001, 1500, 1500, 1500, 1500]
[1500, 1500, 988, 1500, 988, 988, 988, 988, 1001, 1001, 1001, 1001, 1500, 1500, 1500, 1500]
21:59:30.650647 ALT: 1.42
21:59:30.650751 ATT: [0.1, 0.9, 190]
21:59:30.654921 ACC: [-8, 2, 515]
[1500, 1500, 988, 1500, 988, 988, 988, 988, 1001, 1001, 1001, 1001, 1500, 1500, 1500, 1500]
[1500, 1500, 988, 1500, 988, 988, 988, 988, 1001, 1001, 1001, 1001, 1500, 1500, 1500, 1500]
21:59:30.710649 ALT: 1.42
21:59:30.710764 ATT: [0.1, 0.9, 190]
21:59:30.711150 ACC: [-8, 0, 515]
[1500, 1500, 988, 1500, 988, 988, 988, 988, 1001, 1001, 1001, 1001, 1500, 1500, 1500, 1500]
[1500, 1500, 988, 1500, 988, 988, 988, 988, 1001, 1001, 1001, 1001, 1500, 1500, 1500, 1500]
[1500, 1500, 988, 1500, 988, 988, 988, 988, 1001, 1001, 1001, 1001, 1500, 1500, 1500, 1500]
21:59:30.758310 ALT: 1.42
21:59:30.758422 ATT: [0.1, 0.9, 190]
21:59:30.758746 ACC: [-8, 1, 515]
[1500, 1500, 988, 1500, 988, 988, 988, 988, 1001, 1001, 1001, 1001, 1500, 1500, 1500, 1500]
[1500, 1500, 988, 1500, 988, 988, 988, 988, 1001, 1001, 1001, 1001, 1500, 1500, 1500, 1500]
[1500, 1500, 988, 1500, 988, 988, 988, 988, 1001, 1001, 1001, 1001, 1500, 1500, 1500, 1500]
21:59:30.807859 ALT: 1.42
21:59:30.807982 ATT: [0.1, 0.9, 190]
21:59:30.811769 ACC: [-8, 1, 515]
[1500, 1500, 988, 1500, 988, 988, 988, 988, 1001, 1001, 1001, 1001, 1500, 1500, 1500, 1500]
[1500, 1500, 988, 1500, 988, 988, 988, 988, 1001, 1001, 1001, 1001, 1500, 1500, 1500, 1500]
21:59:30.854214 ALT: 1.42
21:59:30.854314 ATT: [0.1, 0.9, 190]
21:59:30.854597 ACC: [-8, 0, 515]
[1500, 1500, 988, 1500, 988, 988, 988, 988, 1001, 1001, 1001, 1001, 1500, 1500, 1500, 1500]
[1500, 1500, 988, 1500, 988, 988, 988, 988, 1001, 1001, 1001, 1001, 1500, 1500, 1500, 1500]
[1500, 1500, 988, 1500, 988, 988, 988, 988, 1001, 1001, 1001, 1001, 1500, 1500, 1500, 1500]
21:59:30.902880 ALT: 1.42
21:59:30.903010 ATT: [0.1, 0.9, 190]
21:59:30.903324 ACC: [-8, 1, 515]
[1500, 1500, 988, 1500, 988, 988, 988, 988, 1001, 1001, 1001, 1001, 1500, 1500, 1500, 1500]
[1500, 1500, 988, 1500, 988, 988, 988, 988, 1001, 1001, 1001, 1001, 1500, 1500, 1500, 1500]
[1500, 1500, 988, 1500, 988, 988, 988, 988, 1001, 1001, 1001, 1001, 1500, 1500, 1500, 1500]
21:59:30.969773 ALT: 1.42
21:59:30.969886 ATT: [0.1, 0.9, 190]
21:59:30.970274 ACC: [-8, 0, 515]
[1500, 1500, 988, 1500, 988, 988, 988, 988, 1001, 1001, 1001, 1001, 1500, 1500, 1500, 1500]
[1500, 1500, 988, 1500, 988, 988, 988, 988, 1001, 1001, 1001, 1001, 1500, 1500, 1500, 1500]
21:59:31.016156 ALT: 1.42
21:59:31.016271 ATT: [0.1, 0.9, 190]
21:59:31.016585 ACC: [-7, 2, 515]
[1500, 1500, 988, 1500, 988, 988, 988, 988, 1001, 1001, 1001, 1001, 1500, 1500, 1500, 1500]
[1500, 1500, 988, 1500, 988, 988, 988, 988, 1001, 1001, 1001, 1001, 1500, 1500, 1500, 1500]
21:59:31.084710 ALT: 1.42
21:59:31.084854 ATT: [0.1, 0.9, 190]
21:59:31.085480 ACC: [-8, 0, 515]
[1500, 1500, 988, 1500, 988, 988, 988, 988, 1001, 1001, 1001, 1001, 1500, 1500, 1500, 1500]
[1500, 1500, 988, 1500, 988, 988, 988, 988, 1001, 1001, 1001, 1001, 1500, 1500, 1500, 1500]
[1500, 1500, 988, 1500, 988, 988, 988, 988, 1001, 1001, 1001, 1001, 1500, 1500, 1500, 1500]
[1500, 1500, 988, 1500, 988, 988, 988, 988, 1001, 1001, 1001, 1001, 1500, 1500, 1500, 1500]
[1500, 1500, 988, 1500, 988, 988, 988, 988, 1001, 1001, 1001, 1001, 1500, 1500, 1500, 1500]
21:59:31.159647 ALT: 1.5
21:59:31.159761 ATT: [0.1, 0.9, 190]
21:59:31.160077 ACC: [-8, 1, 515]
[1500, 1500, 988, 1500, 988, 988, 988, 988, 1001, 1001, 1001, 1001, 1500, 1500, 1500, 1500]
[1500, 1500, 988, 1500, 988, 988, 988, 988, 1001, 1001, 1001, 1001, 1500, 1500, 1500, 1500]
21:59:31.206488 ALT: 1.51
21:59:31.206602 ATT: [0.1, 0.9, 190]
21:59:31.206934 ACC: [-8, 0, 515]
[1500, 1500, 988, 1500, 988, 988, 988, 988, 1001, 1001, 1001, 1001, 1500, 1500, 1500, 1500]
[1500, 1500, 988, 1500, 988, 988, 988, 988, 1001, 1001, 1001, 1001, 1500, 1500, 1500, 1500]
[1500, 1500, 988, 1500, 988, 988, 988, 988, 1001, 1001, 1001, 1001, 1500, 1500, 1500, 1500]
21:59:31.257801 ALT: 1.51
21:59:31.257916 ATT: [0.1, 0.9, 190]
21:59:31.258235 ACC: [-8, 0, 515]
[1500, 1500, 988, 1500, 988, 988, 988, 988, 1001, 1001, 1001, 1001, 1500, 1500, 1500, 1500]
[1500, 1500, 988, 1500, 988, 988, 988, 988, 1001, 1001, 1001, 1001, 1500, 1500, 1500, 1500]
[1500, 1500, 988, 1500, 988, 988, 988, 988, 1001, 1001, 1001, 1001, 1500, 1500, 1500, 1500]
21:59:31.303046 ALT: 1.51
21:59:31.303153 ATT: [0.1, 0.9, 190]
21:59:31.303491 ACC: [-8, 2, 515]
[1500, 1500, 988, 1500, 988, 988, 988, 988, 1001, 1001, 1001, 1001, 1500, 1500, 1500, 1500]
[1500, 1500, 988, 1500, 988, 988, 988, 988, 1001, 1001, 1001, 1001, 1500, 1500, 1500, 1500]
21:59:31.350429 ALT: 1.51
21:59:31.350529 ATT: [0.1, 0.9, 190]
21:59:31.350833 ACC: [-8, 1, 515]
[1500, 1500, 988, 1500, 988, 988, 988, 988, 1001, 1001, 1001, 1001, 1500, 1500, 1500, 1500]
[1500, 1500, 988, 1500, 988, 988, 988, 988, 1001, 1001, 1001, 1001, 1500, 1500, 1500, 1500]
21:59:31.398469 ALT: 1.51
21:59:31.398646 ATT: [0.1, 0.9, 190]
21:59:31.399380 ACC: [-7, 1, 515]
[1500, 1500, 988, 1500, 988, 988, 988, 988, 1001, 1001, 1001, 1001, 1500, 1500, 1500, 1500]
[1500, 1500, 988, 1500, 988, 988, 988, 988, 1001, 1001, 1001, 1001, 1500, 1500, 1500, 1500]
[1500, 1500, 988, 1500, 988, 988, 988, 988, 1001, 1001, 1001, 1001, 1500, 1500, 1500, 1500]
21:59:31.450150 ALT: 1.51
21:59:31.450255 ATT: [0.1, 0.9, 190]
21:59:31.450596 ACC: [-8, 1, 515]
[1500, 1500, 988, 1500, 988, 988, 988, 988, 1001, 1001, 1001, 1001, 1500, 1500, 1500, 1500]
[1500, 1500, 988, 1500, 988, 988, 988, 988, 1001, 1001, 1001, 1001, 1500, 1500, 1500, 1500]
21:59:31.494444 ALT: 1.51
21:59:31.494546 ATT: [0.1, 0.9, 190]
21:59:31.494851 ACC: [-8, 1, 515]
[1500, 1500, 988, 1500, 988, 988, 988, 988, 1001, 1001, 1001, 1001, 1500, 1500, 1500, 1500]
[1500, 1500, 988, 1500, 988, 988, 988, 988, 1001, 1001, 1001, 1001, 1500, 1500, 1500, 1500]
[1500, 1500, 988, 1500, 988, 988, 988, 988, 1001, 1001, 1001, 1001, 1500, 1500, 1500, 1500]
21:59:31.548014 ALT: 1.51
21:59:31.548124 ATT: [0.1, 0.9, 190]
21:59:31.548434 ACC: [-8, 1, 515]
[1500, 1500, 988, 1500, 988, 988, 988, 988, 1001, 1001, 1001, 1001, 1500, 1500, 1500, 1500]
[1500, 1500, 988, 1500, 988, 988, 988, 988, 1001, 1001, 1001, 1001, 1500, 1500, 1500, 1500]
21:59:31.590427 ALT: 1.51
21:59:31.590549 ATT: [0.1, 0.9, 190]
21:59:31.590835 ACC: [-8, 0, 515]
[1500, 1500, 988, 1500, 988, 988, 988, 988, 1001, 1001, 1001, 1001, 1500, 1500, 1500, 1500]
[1500, 1500, 988, 1500, 988, 988, 988, 988, 1001, 1001, 1001, 1001, 1500, 1500, 1500, 1500]
21:59:31.638512 ALT: 1.51
21:59:31.638629 ATT: [0.1, 0.9, 190]
21:59:31.641276 ACC: [-9, 1, 515]
[1500, 1500, 988, 1500, 988, 988, 988, 988, 1001, 1001, 1001, 1001, 1500, 1500, 1500, 1500]
[1500, 1500, 988, 1500, 988, 988, 988, 988, 1001, 1001, 1001, 1001, 1500, 1500, 1500, 1500]
[1500, 1500, 988, 1500, 988, 988, 988, 988, 1001, 1001, 1001, 1001, 1500, 1500, 1500, 1500]
21:59:31.686465 ALT: 1.51
21:59:31.686594 ATT: [0.1, 0.9, 190]
21:59:31.687383 ACC: [-7, 0, 515]
[1500, 1500, 988, 1500, 988, 988, 988, 988, 1001, 1001, 1001, 1001, 1500, 1500, 1500, 1500]
[1500, 1500, 988, 1500, 988, 988, 988, 988, 1001, 1001, 1001, 1001, 1500, 1500, 1500, 1500]
21:59:31.734382 ALT: 1.51
21:59:31.734488 ATT: [0.1, 0.9, 190]
21:59:31.734794 ACC: [-7, -1, 515]
[1500, 1500, 988, 1500, 988, 988, 988, 988, 1001, 1001, 1001, 1001, 1500, 1500, 1500, 1500]
[1500, 1500, 988, 1500, 988, 988, 988, 988, 1001, 1001, 1001, 1001, 1500, 1500, 1500, 1500]
[1500, 1500, 988, 1500, 988, 988, 988, 988, 1001, 1001, 1001, 1001, 1500, 1500, 1500, 1500]
21:59:31.782725 ALT: 1.51
21:59:31.782828 ATT: [0.0, 0.9, 190]
21:59:31.783116 ACC: [-8, -1, 515]
[1500, 1500, 988, 1500, 988, 988, 988, 988, 1001, 1001, 1001, 1001, 1500, 1500, 1500, 1500]
[1500, 1500, 988, 1500, 988, 988, 988, 988, 1001, 1001, 1001, 1001, 1500, 1500, 1500, 1500]
21:59:31.830437 ALT: 1.51
21:59:31.830537 ATT: [0.0, 0.9, 190]
21:59:31.830835 ACC: [-8, -1, 515]
[1500, 1500, 988, 1500, 988, 988, 988, 988, 1001, 1001, 1001, 1001, 1500, 1500, 1500, 1500]
[1500, 1500, 988, 1500, 988, 988, 988, 988, 1001, 1001, 1001, 1001, 1500, 1500, 1500, 1500]
21:59:31.878528 ALT: 1.51
21:59:31.878633 ATT: [0.0, 0.9, 190]
21:59:31.879084 ACC: [-9, 1, 515]
[1500, 1500, 988, 1500, 988, 988, 988, 988, 1001, 1001, 1001, 1001, 1500, 1500, 1500, 1500]
[1500, 1500, 988, 1500, 988, 988, 988, 988, 1001, 1001, 1001, 1001, 1500, 1500, 1500, 1500]
[1500, 1500, 988, 1500, 988, 988, 988, 988, 1001, 1001, 1001, 1001, 1500, 1500, 1500, 1500]
[1500, 1500, 988, 1500, 988, 988, 988, 988, 1001, 1001, 1001, 1001, 1500, 1500, 1500, 1500]
21:59:31.943195 ALT: 1.51
21:59:31.943312 ATT: [0.0, 0.9, 190]
21:59:31.943622 ACC: [-7, -1, 515]
[1500, 1500, 988, 1500, 988, 988, 988, 988, 1001, 1001, 1001, 1001, 1500, 1500, 1500, 1500]
[1500, 1500, 988, 1500, 988, 988, 988, 988, 1001, 1001, 1001, 1001, 1500, 1500, 1500, 1500]
21:59:31.992030 ALT: 1.51
21:59:31.992320 ATT: [0.0, 0.9, 190]
21:59:31.992981 ACC: [-7, 4, 515]
[1500, 1500, 988, 1500, 988, 988, 988, 988, 1001, 1001, 1001, 1001, 1500, 1500, 1500, 1500]
[1500, 1500, 988, 1500, 988, 988, 988, 988, 1001, 1001, 1001, 1001, 1500, 1500, 1500, 1500]
21:59:32.038675 ALT: 1.51
21:59:32.038781 ATT: [0.1, 0.9, 190]
21:59:32.039107 ACC: [-8, 4, 515]
[1500, 1500, 988, 1500, 988, 988, 988, 988, 1001, 1001, 1001, 1001, 1500, 1500, 1500, 1500]
[1500, 1500, 988, 1500, 988, 988, 988, 988, 1001, 1001, 1001, 1001, 1500, 1500, 1500, 1500]
[1500, 1500, 988, 1500, 988, 988, 988, 988, 1001, 1001, 1001, 1001, 1500, 1500, 1500, 1500]
21:59:32.086540 ALT: 1.55
21:59:32.086669 ATT: [0.1, 0.9, 190]
21:59:32.086990 ACC: [-9, 0, 515]
[1500, 1500, 988, 1500, 988, 988, 988, 988, 1001, 1001, 1001, 1001, 1500, 1500, 1500, 1500]
[1500, 1500, 988, 1500, 988, 988, 988, 988, 1001, 1001, 1001, 1001, 1500, 1500, 1500, 1500]
21:59:32.134437 ALT: 1.58
21:59:32.134530 ATT: [0.0, 0.9, 190]
21:59:32.134784 ACC: [-7, -3, 514]
[1500, 1500, 988, 1500, 988, 988, 988, 988, 1001, 1001, 1001, 1001, 1500, 1500, 1500, 1500]
[1500, 1500, 988, 1500, 988, 988, 988, 988, 1001, 1001, 1001, 1001, 1500, 1500, 1500, 1500]
[1500, 1500, 988, 1500, 988, 988, 988, 988, 1001, 1001, 1001, 1001, 1500, 1500, 1500, 1500]
21:59:32.182562 ALT: 1.59
21:59:32.182646 ATT: [0.0, 0.8, 190]
21:59:32.182858 ACC: [-6, -1, 514]
[1500, 1500, 988, 1500, 988, 988, 988, 988, 1001, 1001, 1001, 1001, 1500, 1500, 1500, 1500]
[1500, 1500, 988, 1500, 988, 988, 988, 988, 1001, 1001, 1001, 1001, 1500, 1500, 1500, 1500]
21:59:32.230485 ALT: 1.59
21:59:32.230575 ATT: [0.0, 0.8, 190]
21:59:32.230832 ACC: [-8, 2, 515]
[1500, 1500, 988, 1500, 988, 988, 988, 988, 1001, 1001, 1001, 1001, 1500, 1500, 1500, 1500]
[1500, 1500, 988, 1500, 988, 988, 988, 988, 1001, 1001, 1001, 1001, 1500, 1500, 1500, 1500]
21:59:32.278760 ALT: 1.59
21:59:32.278853 ATT: [0.1, 0.9, 190]
21:59:32.279111 ACC: [-10, 4, 515]
[1500, 1500, 988, 1500, 988, 988, 988, 988, 1001, 1001, 1001, 1001, 1500, 1500, 1500, 1500]
[1500, 1500, 988, 1500, 988, 988, 988, 988, 1001, 1001, 1001, 1001, 1500, 1500, 1500, 1500]
[1500, 1500, 988, 1500, 988, 988, 988, 988, 1001, 1001, 1001, 1001, 1500, 1500, 1500, 1500]
21:59:32.328089 ALT: 1.59
21:59:32.328183 ATT: [0.1, 0.9, 190]
21:59:32.328594 ACC: [-9, 2, 515]
[1500, 1500, 988, 1500, 988, 988, 988, 988, 1001, 1001, 1001, 1001, 1500, 1500, 1500, 1500]
[1500, 1500, 988, 1500, 988, 988, 988, 988, 1001, 1001, 1001, 1001, 1500, 1500, 1500, 1500]
21:59:32.374609 ALT: 1.59
21:59:32.374727 ATT: [0.1, 0.9, 190]
21:59:32.375087 ACC: [-6, -1, 515]
[1500, 1500, 988, 1500, 988, 988, 988, 988, 1001, 1001, 1001, 1001, 1500, 1500, 1500, 1500]
[1500, 1500, 988, 1500, 988, 988, 988, 988, 1001, 1001, 1001, 1001, 1500, 1500, 1500, 1500]
[1500, 1500, 988, 1500, 988, 988, 988, 988, 1001, 1001, 1001, 1001, 1500, 1500, 1500, 1500]
21:59:32.422966 ALT: 1.59
21:59:32.423104 ATT: [0.1, 0.9, 190]
21:59:32.423577 ACC: [-8, -1, 515]
[1500, 1500, 988, 1500, 988, 988, 988, 988, 1001, 1001, 1001, 1001, 1500, 1500, 1500, 1500]
[1500, 1500, 988, 1500, 988, 988, 988, 988, 1001, 1001, 1001, 1001, 1500, 1500, 1500, 1500]
21:59:32.470604 ALT: 1.59
21:59:32.470722 ATT: [0.1, 0.9, 190]
21:59:32.471083 ACC: [-8, 1, 515]
[1500, 1500, 988, 1500, 988, 988, 988, 988, 1001, 1001, 1001, 1001, 1500, 1500, 1500, 1500]
[1500, 1500, 988, 1500, 988, 988, 988, 988, 1001, 1001, 1001, 1001, 1500, 1500, 1500, 1500]
21:59:32.518637 ALT: 1.59
21:59:32.518778 ATT: [0.1, 0.9, 190]
21:59:32.519344 ACC: [-8, 2, 515]
[1500, 1500, 988, 1500, 988, 988, 988, 988, 1001, 1001, 1001, 1001, 1500, 1500, 1500, 1500]
[1500, 1500, 988, 1500, 988, 988, 988, 988, 1001, 1001, 1001, 1001, 1500, 1500, 1500, 1500]
[1500, 1500, 988, 1500, 988, 988, 988, 988, 1001, 1001, 1001, 1001, 1500, 1500, 1500, 1500]
21:59:32.566524 ALT: 1.59
21:59:32.566614 ATT: [0.1, 0.9, 190]
21:59:32.566867 ACC: [-8, 1, 515]
[1500, 1500, 988, 1500, 988, 988, 988, 988, 1001, 1001, 1001, 1001, 1500, 1500, 1500, 1500]
[1500, 1500, 988, 1500, 988, 988, 988, 988, 1001, 1001, 1001, 1001, 1500, 1500, 1500, 1500]
21:59:32.614523 ALT: 1.59
21:59:32.614617 ATT: [0.1, 0.9, 190]
21:59:32.614873 ACC: [-7, 1, 515]
[1500, 1500, 988, 1500, 988, 988, 988, 988, 1001, 1001, 1001, 1001, 1500, 1500, 1500, 1500]
[1500, 1500, 988, 1500, 988, 988, 988, 988, 1001, 1001, 1001, 1001, 1500, 1500, 1500, 1500]
[1500, 1500, 988, 1500, 988, 988, 988, 988, 1001, 1001, 1001, 1001, 1500, 1500, 1500, 1500]
21:59:32.663604 ALT: 1.59
21:59:32.663735 ATT: [0.1, 0.9, 190]
21:59:32.664056 ACC: [-8, 0, 514]
[1500, 1500, 988, 1500, 988, 988, 988, 988, 1001, 1001, 1001, 1001, 1500, 1500, 1500, 1500]
[1500, 1500, 988, 1500, 988, 988, 988, 988, 1001, 1001, 1001, 1001, 1500, 1500, 1500, 1500]
21:59:32.710591 ALT: 1.59
21:59:32.710782 ATT: [0.1, 0.9, 190]
21:59:32.711867 ACC: [-8, 0, 515]
[1500, 1500, 988, 1500, 988, 988, 988, 988, 1001, 1001, 1001, 1001, 1500, 1500, 1500, 1500]
[1500, 1500, 988, 1500, 988, 988, 988, 988, 1001, 1001, 1001, 1001, 1500, 1500, 1500, 1500]
21:59:32.758716 ALT: 1.59
21:59:32.758912 ATT: [0.1, 0.9, 190]
21:59:32.759261 ACC: [-8, 2, 515]
[1500, 1500, 988, 1500, 988, 988, 988, 988, 1001, 1001, 1001, 1001, 1500, 1500, 1500, 1500]
[1500, 1500, 988, 1500, 988, 988, 988, 988, 1001, 1001, 1001, 1001, 1500, 1500, 1500, 1500]
[1500, 1500, 988, 1500, 988, 988, 988, 988, 1001, 1001, 1001, 1001, 1500, 1500, 1500, 1500]
21:59:32.806803 ALT: 1.59
21:59:32.806967 ATT: [0.1, 0.9, 190]
21:59:32.807490 ACC: [-8, 1, 515]
[1500, 1500, 988, 1500, 988, 988, 988, 988, 1001, 1001, 1001, 1001, 1500, 1500, 1500, 1500]
[1500, 1500, 988, 1500, 988, 988, 988, 988, 1001, 1001, 1001, 1001, 1500, 1500, 1500, 1500]
21:59:32.854633 ALT: 1.59
21:59:32.854801 ATT: [0.1, 0.9, 190]
21:59:32.855177 ACC: [-8, 0, 515]
[1500, 1500, 988, 1500, 988, 988, 988, 988, 1001, 1001, 1001, 1001, 1500, 1500, 1500, 1500]
[1500, 1500, 988, 1500, 988, 988, 988, 988, 1001, 1001, 1001, 1001, 1500, 1500, 1500, 1500]
[1500, 1500, 988, 1500, 988, 988, 988, 988, 1001, 1001, 1001, 1001, 1500, 1500, 1500, 1500]
21:59:32.902708 ALT: 1.59
21:59:32.902829 ATT: [0.1, 0.9, 190]
21:59:32.903165 ACC: [-7, 0, 515]
[1500, 1500, 988, 1500, 988, 988, 988, 988, 1001, 1001, 1001, 1001, 1500, 1500, 1500, 1500]
[1500, 1500, 988, 1500, 988, 988, 988, 988, 1001, 1001, 1001, 1001, 1500, 1500, 1500, 1500]
21:59:32.950619 ALT: 1.59
21:59:32.950719 ATT: [0.1, 0.9, 190]
21:59:32.951014 ACC: [-8, 1, 515]
[1500, 1500, 988, 1500, 988, 988, 988, 988, 1001, 1001, 1001, 1001, 1500, 1500, 1500, 1500]
[1500, 1500, 988, 1500, 988, 988, 988, 988, 1001, 1001, 1001, 1001, 1500, 1500, 1500, 1500]
21:59:32.998673 ALT: 1.59
21:59:32.998772 ATT: [0.1, 0.9, 190]
21:59:32.999086 ACC: [-8, 0, 515]
[1500, 1500, 988, 1500, 988, 988, 988, 988, 1001, 1001, 1001, 1001, 1500, 1500, 1500, 1500]
[1500, 1500, 988, 1500, 988, 988, 988, 988, 1001, 1001, 1001, 1001, 1500, 1500, 1500, 1500]
[1500, 1500, 988, 1500, 988, 988, 988, 988, 1001, 1001, 1001, 1001, 1500, 1500, 1500, 1500]
21:59:33.046694 ALT: 1.59
21:59:33.046809 ATT: [0.1, 0.9, 190]
21:59:33.047245 ACC: [-7, 0, 515]
[1500, 1500, 988, 1500, 988, 988, 988, 988, 1001, 1001, 1001, 1001, 1500, 1500, 1500, 1500]
[1500, 1500, 988, 1500, 988, 988, 988, 988, 1001, 1001, 1001, 1001, 1500, 1500, 1500, 1500]
21:59:33.097046 ALT: 1.59
21:59:33.097144 ATT: [0.1, 0.9, 190]
21:59:33.097438 ACC: [-7, 1, 515]
[1500, 1500, 988, 1500, 988, 988, 988, 988, 1001, 1001, 1001, 1001, 1500, 1500, 1500, 1500]
[1500, 1500, 988, 1500, 988, 988, 988, 988, 1001, 1001, 1001, 1001, 1500, 1500, 1500, 1500]
21:59:33.144452 ALT: 1.59
21:59:33.144627 ATT: [0.0, 0.9, 190]
[1500, 1500, 988, 1500, 988, 988, 988, 988, 1001, 1001, 1001, 1001, 1500, 1500, 1500, 1500]
21:59:33.153645 ACC: [-9, 0, 515]
[1500, 1500, 988, 1500, 988, 988, 988, 988, 1001, 1001, 1001, 1001, 1500, 1500, 1500, 1500]
[1500, 1500, 988, 1500, 988, 988, 988, 988, 1001, 1001, 1001, 1001, 1500, 1500, 1500, 1500]
[1500, 1500, 988, 1500, 988, 988, 988, 988, 1001, 1001, 1001, 1001, 1500, 1500, 1500, 1500]
21:59:33.222841 ALT: 1.59
21:59:33.222939 ATT: [0.0, 0.9, 190]
21:59:33.223287 ACC: [-7, 1, 516]
[1500, 1500, 988, 1500, 988, 988, 988, 988, 1001, 1001, 1001, 1001, 1500, 1500, 1500, 1500]
[1500, 1500, 988, 1500, 988, 988, 988, 988, 1001, 1001, 1001, 1001, 1500, 1500, 1500, 1500]
[1500, 1500, 988, 1500, 988, 988, 988, 988, 1001, 1001, 1001, 1001, 1500, 1500, 1500, 1500]
21:59:33.270744 ALT: 1.59
21:59:33.270883 ATT: [0.1, 0.9, 190]
21:59:33.271409 ACC: [-8, 2, 514]
[1500, 1500, 988, 1500, 988, 988, 988, 988, 1001, 1001, 1001, 1001, 1500, 1500, 1500, 1500]
[1500, 1500, 988, 1500, 988, 988, 988, 988, 1001, 1001, 1001, 1001, 1500, 1500, 1500, 1500]
21:59:33.318879 ALT: 1.59
21:59:33.319033 ATT: [0.1, 0.9, 190]
21:59:33.319473 ACC: [-8, 0, 515]
[1500, 1500, 988, 1500, 988, 988, 988, 988, 1001, 1001, 1001, 1001, 1500, 1500, 1500, 1500]
[1500, 1500, 988, 1500, 988, 988, 988, 988, 1001, 1001, 1001, 1001, 1500, 1500, 1500, 1500]
[1500, 1500, 988, 1500, 988, 988, 988, 988, 1001, 1001, 1001, 1001, 1500, 1500, 1500, 1500]
21:59:33.366683 ALT: 1.59
21:59:33.366786 ATT: [0.1, 0.9, 190]
21:59:33.367070 ACC: [-7, 1, 515]
[1500, 1500, 988, 1500, 988, 988, 988, 988, 1001, 1001, 1001, 1001, 1500, 1500, 1500, 1500]
[1500, 1500, 988, 1500, 988, 988, 988, 988, 1001, 1001, 1001, 1001, 1500, 1500, 1500, 1500]
21:59:33.414630 ALT: 1.59
21:59:33.414724 ATT: [0.1, 0.9, 190]
21:59:33.416543 ACC: [-8, 1, 515]
[1500, 1500, 988, 1500, 988, 988, 988, 988, 1001, 1001, 1001, 1001, 1500, 1500, 1500, 1500]
[1500, 1500, 988, 1500, 988, 988, 988, 988, 1001, 1001, 1001, 1001, 1500, 1500, 1500, 1500]
[1500, 1500, 988, 1500, 988, 988, 988, 988, 1001, 1001, 1001, 1001, 1500, 1500, 1500, 1500]
21:59:33.462760 ALT: 1.59
21:59:33.462853 ATT: [0.1, 0.9, 190]
21:59:33.463153 ACC: [-8, 0, 515]
[1500, 1500, 988, 1500, 988, 988, 988, 988, 1001, 1001, 1001, 1001, 1500, 1500, 1500, 1500]
[1500, 1500, 988, 1500, 988, 988, 988, 988, 1001, 1001, 1001, 1001, 1500, 1500, 1500, 1500]
21:59:33.510820 ALT: 1.59
21:59:33.510996 ATT: [0.1, 0.9, 190]
21:59:33.511851 ACC: [-8, 0, 515]
[1500, 1500, 988, 1500, 988, 988, 988, 988, 1001, 1001, 1001, 1001, 1500, 1500, 1500, 1500]
[1500, 1500, 988, 1500, 988, 988, 988, 988, 1001, 1001, 1001, 1001, 1500, 1500, 1500, 1500]
21:59:33.558814 ALT: 1.59
21:59:33.558954 ATT: [0.1, 0.9, 190]
21:59:33.559375 ACC: [-7, 2, 515]
[1500, 1500, 988, 1500, 988, 988, 988, 988, 1001, 1001, 1001, 1001, 1500, 1500, 1500, 1500]
[1500, 1500, 988, 1500, 988, 988, 988, 988, 1001, 1001, 1001, 1001, 1500, 1500, 1500, 1500]
[1500, 1500, 988, 1500, 988, 988, 988, 988, 1001, 1001, 1001, 1001, 1500, 1500, 1500, 1500]
21:59:33.606848 ALT: 1.59
21:59:33.606992 ATT: [0.1, 0.8, 190]
21:59:33.607403 ACC: [-8, -1, 515]
[1500, 1500, 988, 1500, 988, 988, 988, 988, 1001, 1001, 1001, 1001, 1500, 1500, 1500, 1500]
[1500, 1500, 988, 1500, 988, 988, 988, 988, 1001, 1001, 1001, 1001, 1500, 1500, 1500, 1500]
21:59:33.654808 ALT: 1.59
21:59:33.654922 ATT: [0.0, 0.9, 190]
21:59:33.655225 ACC: [-8, 0, 515]
[1500, 1500, 988, 1500, 988, 988, 988, 988, 1001, 1001, 1001, 1001, 1500, 1500, 1500, 1500]
[1500, 1500, 988, 1500, 988, 988, 988, 988, 1001, 1001, 1001, 1001, 1500, 1500, 1500, 1500]
[1500, 1500, 988, 1500, 988, 988, 988, 988, 1001, 1001, 1001, 1001, 1500, 1500, 1500, 1500]
21:59:33.704684 ALT: 1.59
21:59:33.704787 ATT: [0.1, 0.8, 190]
21:59:33.705300 ACC: [-7, 2, 515]
[1500, 1500, 988, 1500, 988, 988, 988, 988, 1001, 1001, 1001, 1001, 1500, 1500, 1500, 1500]
[1500, 1500, 988, 1500, 988, 988, 988, 988, 1001, 1001, 1001, 1001, 1500, 1500, 1500, 1500]
21:59:33.750770 ALT: 1.59
21:59:33.750912 ATT: [0.1, 0.8, 190]
21:59:33.751185 ACC: [-8, 0, 515]
[1500, 1500, 988, 1500, 988, 988, 988, 988, 1001, 1001, 1001, 1001, 1500, 1500, 1500, 1500]
[1500, 1500, 988, 1500, 988, 988, 988, 988, 1001, 1001, 1001, 1001, 1500, 1500, 1500, 1500]
21:59:33.798741 ALT: 1.59
21:59:33.798832 ATT: [0.1, 0.9, 190]
21:59:33.799095 ACC: [-9, 0, 515]
[1500, 1500, 988, 1500, 988, 988, 988, 988, 1001, 1001, 1001, 1001, 1500, 1500, 1500, 1500]
[1500, 1500, 988, 1500, 988, 988, 988, 988, 1001, 1001, 1001, 1001, 1500, 1500, 1500, 1500]
[1500, 1500, 988, 1500, 988, 988, 988, 988, 1001, 1001, 1001, 1001, 1500, 1500, 1500, 1500]
21:59:33.846876 ALT: 1.59
21:59:33.846976 ATT: [0.1, 0.9, 190]
21:59:33.847284 ACC: [-8, 1, 515]
[1500, 1500, 988, 1500, 988, 988, 988, 988, 1001, 1001, 1001, 1001, 1500, 1500, 1500, 1500]
[1500, 1500, 988, 1500, 988, 988, 988, 988, 1001, 1001, 1001, 1001, 1500, 1500, 1500, 1500]
21:59:33.894792 ALT: 1.59
21:59:33.894895 ATT: [0.1, 0.8, 190]
21:59:33.895237 ACC: [-7, 1, 515]
[1500, 1500, 988, 1500, 988, 988, 988, 988, 1001, 1001, 1001, 1001, 1500, 1500, 1500, 1500]
[1500, 1500, 988, 1500, 988, 988, 988, 988, 1001, 1001, 1001, 1001, 1500, 1500, 1500, 1500]
[1500, 1500, 988, 1500, 988, 988, 988, 988, 1001, 1001, 1001, 1001, 1500, 1500, 1500, 1500]
21:59:33.945249 ALT: 1.59
21:59:33.945360 ATT: [0.1, 0.8, 190]
21:59:33.945706 ACC: [-7, 0, 515]
[1500, 1500, 988, 1500, 988, 988, 988, 988, 1001, 1001, 1001, 1001, 1500, 1500, 1500, 1500]
[1500, 1500, 988, 1500, 988, 988, 988, 988, 1001, 1001, 1001, 1001, 1500, 1500, 1500, 1500]
21:59:33.990967 ALT: 1.59
21:59:33.991178 ATT: [0.1, 0.8, 190]
21:59:33.991605 ACC: [-9, 2, 515]
[1500, 1500, 988, 1500, 988, 988, 988, 988, 1001, 1001, 1001, 1001, 1500, 1500, 1500, 1500]
[1500, 1500, 988, 1500, 988, 988, 988, 988, 1001, 1001, 1001, 1001, 1500, 1500, 1500, 1500]
[1500, 1500, 988, 1500, 988, 988, 988, 988, 1001, 1001, 1001, 1001, 1500, 1500, 1500, 1500]
21:59:34.054822 ALT: 1.59
21:59:34.054941 ATT: [0.1, 0.8, 190]
21:59:34.055298 ACC: [-7, 0, 515]
[1500, 1500, 988, 1500, 988, 988, 988, 988, 1001, 1001, 1001, 1001, 1500, 1500, 1500, 1500]
[1500, 1500, 988, 1500, 988, 988, 988, 988, 1001, 1001, 1001, 1001, 1500, 1500, 1500, 1500]
[1500, 1500, 988, 1500, 988, 988, 988, 988, 1001, 1001, 1001, 1001, 1500, 1500, 1500, 1500]
21:59:34.102686 ALT: 1.59
21:59:34.102790 ATT: [0.1, 0.8, 190]
21:59:34.103349 ACC: [-7, 0, 514]
[1500, 1500, 988, 1500, 988, 988, 988, 988, 1001, 1001, 1001, 1001, 1500, 1500, 1500, 1500]
[1500, 1500, 988, 1500, 988, 988, 988, 988, 1001, 1001, 1001, 1001, 1500, 1500, 1500, 1500]
21:59:34.150801 ALT: 1.59
21:59:34.150898 ATT: [0.1, 0.8, 190]
21:59:34.151195 ACC: [-8, 1, 515]
[1500, 1500, 988, 1500, 988, 988, 988, 988, 1001, 1001, 1001, 1001, 1500, 1500, 1500, 1500]
[1500, 1500, 988, 1500, 988, 988, 988, 988, 1001, 1001, 1001, 1001, 1500, 1500, 1500, 1500]
21:59:34.198850 ALT: 1.59
21:59:34.198981 ATT: [0.1, 0.9, 190]
21:59:34.199492 ACC: [-8, 0, 515]
[1500, 1500, 988, 1500, 988, 988, 988, 988, 1001, 1001, 1001, 1001, 1500, 1500, 1500, 1500]
[1500, 1500, 988, 1500, 988, 988, 988, 988, 1001, 1001, 1001, 1001, 1500, 1500, 1500, 1500]
[1500, 1500, 988, 1500, 988, 988, 988, 988, 1001, 1001, 1001, 1001, 1500, 1500, 1500, 1500]
21:59:34.246852 ALT: 1.59
21:59:34.246948 ATT: [0.1, 0.8, 190]
21:59:34.247257 ACC: [-7, 0, 515]
[1500, 1500, 988, 1500, 988, 988, 988, 988, 1001, 1001, 1001, 1001, 1500, 1500, 1500, 1500]
[1500, 1500, 988, 1500, 988, 988, 988, 988, 1001, 1001, 1001, 1001, 1500, 1500, 1500, 1500]
21:59:34.294857 ALT: 1.59
21:59:34.294972 ATT: [0.1, 0.8, 190]
21:59:34.295324 ACC: [-8, 1, 515]
[1500, 1500, 988, 1500, 988, 988, 988, 988, 1001, 1001, 1001, 1001, 1500, 1500, 1500, 1500]
[1500, 1500, 988, 1500, 988, 988, 988, 988, 1001, 1001, 1001, 1001, 1500, 1500, 1500, 1500]
[1500, 1500, 988, 1500, 988, 988, 988, 988, 1001, 1001, 1001, 1001, 1500, 1500, 1500, 1500]
21:59:34.343148 ALT: 1.59
21:59:34.343281 ATT: [0.1, 0.8, 190]
21:59:34.343694 ACC: [-8, 1, 515]
[1500, 1500, 988, 1500, 988, 988, 988, 988, 1001, 1001, 1001, 1001, 1500, 1500, 1500, 1500]
[1500, 1500, 988, 1500, 988, 988, 988, 988, 1001, 1001, 1001, 1001, 1500, 1500, 1500, 1500]
21:59:34.390879 ALT: 1.59
21:59:34.391027 ATT: [0.0, 0.9, 190]
21:59:34.391428 ACC: [-8, 0, 515]
[1500, 1500, 988, 1500, 988, 988, 988, 988, 1001, 1001, 1001, 1001, 1500, 1500, 1500, 1500]
[1500, 1500, 988, 1500, 988, 988, 988, 988, 1001, 1001, 1001, 1001, 1500, 1500, 1500, 1500]
21:59:34.438834 ALT: 1.59
21:59:34.438946 ATT: [0.0, 0.9, 190]
21:59:34.439241 ACC: [-8, 0, 515]
[1500, 1500, 988, 1500, 988, 988, 988, 988, 1001, 1001, 1001, 1001, 1500, 1500, 1500, 1500]
[1500, 1500, 988, 1500, 988, 988, 988, 988, 1001, 1001, 1001, 1001, 1500, 1500, 1500, 1500]
[1500, 1500, 988, 1500, 988, 988, 988, 988, 1001, 1001, 1001, 1001, 1500, 1500, 1500, 1500]
21:59:34.486945 ALT: 1.59
21:59:34.487051 ATT: [0.0, 0.8, 190]
21:59:34.487342 ACC: [-7, 1, 515]
[1500, 1500, 988, 1500, 988, 988, 988, 988, 1001, 1001, 1001, 1001, 1500, 1500, 1500, 1500]
[1500, 1500, 988, 1500, 988, 988, 988, 988, 1001, 1001, 1001, 1001, 1500, 1500, 1500, 1500]
21:59:34.534779 ALT: 1.59
21:59:34.534871 ATT: [0.0, 0.8, 190]
21:59:34.535172 ACC: [-8, 0, 515]
[1500, 1500, 988, 1500, 988, 988, 988, 988, 1001, 1001, 1001, 1001, 1500, 1500, 1500, 1500]
[1500, 1500, 988, 1500, 988, 988, 988, 988, 1001, 1001, 1001, 1001, 1500, 1500, 1500, 1500]
[1500, 1500, 988, 1500, 988, 988, 988, 988, 1001, 1001, 1001, 1001, 1500, 1500, 1500, 1500]
21:59:34.582842 ALT: 1.59
21:59:34.582930 ATT: [0.0, 0.9, 190]
21:59:34.583174 ACC: [-9, 0, 515]
[1500, 1500, 988, 1500, 988, 988, 988, 988, 1001, 1001, 1001, 1001, 1500, 1500, 1500, 1500]
[1500, 1500, 988, 1500, 988, 988, 988, 988, 1001, 1001, 1001, 1001, 1500, 1500, 1500, 1500]
21:59:34.630838 ALT: 1.59
21:59:34.630930 ATT: [0.0, 0.9, 190]
21:59:34.631197 ACC: [-8, 0, 515]
[1500, 1500, 988, 1500, 988, 988, 988, 988, 1001, 1001, 1001, 1001, 1500, 1500, 1500, 1500]
[1500, 1500, 988, 1500, 988, 988, 988, 988, 1001, 1001, 1001, 1001, 1500, 1500, 1500, 1500]
21:59:34.678937 ALT: 1.59
21:59:34.679046 ATT: [0.0, 0.9, 190]
21:59:34.679447 ACC: [-8, 1, 515]
[1500, 1500, 988, 1500, 988, 988, 988, 988, 1001, 1001, 1001, 1001, 1500, 1500, 1500, 1500]
[1500, 1500, 988, 1500, 988, 988, 988, 988, 1001, 1001, 1001, 1001, 1500, 1500, 1500, 1500]
[1500, 1500, 988, 1500, 988, 988, 988, 988, 1001, 1001, 1001, 1001, 1500, 1500, 1500, 1500]
21:59:34.727017 ALT: 1.59
21:59:34.727119 ATT: [0.1, 0.9, 190]
21:59:34.727827 ACC: [-8, 1, 515]
[1500, 1500, 988, 1500, 988, 988, 988, 988, 1001, 1001, 1001, 1001, 1500, 1500, 1500, 1500]
[1500, 1500, 988, 1500, 988, 988, 988, 988, 1001, 1001, 1001, 1001, 1500, 1500, 1500, 1500]
21:59:34.775132 ALT: 1.59
21:59:34.775254 ATT: [0.1, 0.9, 190]
21:59:34.775616 ACC: [-7, 0, 515]
[1500, 1500, 988, 1500, 988, 988, 988, 988, 1001, 1001, 1001, 1001, 1500, 1500, 1500, 1500]
[1500, 1500, 988, 1500, 988, 988, 988, 988, 1001, 1001, 1001, 1001, 1500, 1500, 1500, 1500]
[1500, 1500, 988, 1500, 988, 988, 988, 988, 1001, 1001, 1001, 1001, 1500, 1500, 1500, 1500]
21:59:34.823090 ALT: 1.59
21:59:34.823237 ATT: [0.1, 0.9, 190]
21:59:34.824036 ACC: [-7, 1, 514]
[1500, 1500, 988, 1500, 988, 988, 988, 988, 1001, 1001, 1001, 1001, 1500, 1500, 1500, 1500]
[1500, 1500, 988, 1500, 988, 988, 988, 988, 1001, 1001, 1001, 1001, 1500, 1500, 1500, 1500]
21:59:34.871008 ALT: 1.59
21:59:34.871136 ATT: [0.1, 0.9, 190]
21:59:34.871519 ACC: [-8, -1, 515]
[1500, 1500, 988, 1500, 988, 988, 988, 988, 1001, 1001, 1001, 1001, 1500, 1500, 1500, 1500]
[1500, 1500, 988, 1500, 988, 988, 988, 988, 1001, 1001, 1001, 1001, 1500, 1500, 1500, 1500]
21:59:34.918941 ALT: 1.59
21:59:34.919050 ATT: [0.0, 0.8, 190]
21:59:34.919382 ACC: [-7, 0, 515]
[1500, 1500, 988, 1500, 988, 988, 988, 988, 1001, 1001, 1001, 1001, 1500, 1500, 1500, 1500]
[1500, 1500, 988, 1500, 988, 988, 988, 988, 1001, 1001, 1001, 1001, 1500, 1500, 1500, 1500]
[1500, 1500, 988, 1500, 988, 988, 988, 988, 1001, 1001, 1001, 1001, 1500, 1500, 1500, 1500]
21:59:34.966946 ALT: 1.59
21:59:34.967042 ATT: [0.0, 0.9, 190]
21:59:34.967344 ACC: [-10, 0, 515]
[1500, 1500, 988, 1500, 988, 988, 988, 988, 1001, 1001, 1001, 1001, 1500, 1500, 1500, 1500]
[1500, 1500, 988, 1500, 988, 988, 988, 988, 1001, 1001, 1001, 1001, 1500, 1500, 1500, 1500]
21:59:35.014930 ALT: 1.59
21:59:35.015027 ATT: [0.1, 0.9, 190]
21:59:35.015329 ACC: [-8, 1, 515]
[1500, 1500, 988, 1500, 988, 988, 988, 988, 1001, 1001, 1001, 1001, 1500, 1500, 1500, 1500]
[1500, 1500, 988, 1500, 988, 988, 988, 988, 1001, 1001, 1001, 1001, 1500, 1500, 1500, 1500]
[1500, 1500, 988, 1500, 988, 988, 988, 988, 1001, 1001, 1001, 1001, 1500, 1500, 1500, 1500]
21:59:35.063189 ALT: 1.59
21:59:35.063292 ATT: [0.1, 0.9, 190]
21:59:35.063684 ACC: [-7, 1, 515]
[1500, 1500, 988, 1500, 988, 988, 988, 988, 1001, 1001, 1001, 1001, 1500, 1500, 1500, 1500]
[1500, 1500, 988, 1500, 988, 988, 988, 988, 1001, 1001, 1001, 1001, 1500, 1500, 1500, 1500]
21:59:35.110982 ALT: 1.59
21:59:35.111097 ATT: [0.1, 0.9, 190]
21:59:35.111478 ACC: [-8, 0, 515]
[1500, 1500, 988, 1500, 988, 988, 988, 988, 1001, 1001, 1001, 1001, 1500, 1500, 1500, 1500]
[1500, 1500, 988, 1500, 988, 988, 988, 988, 1001, 1001, 1001, 1001, 1500, 1500, 1500, 1500]
21:59:35.158986 ALT: 1.59
21:59:35.159090 ATT: [0.1, 0.9, 190]
21:59:35.159377 ACC: [-8, 0, 515]
[1500, 1500, 988, 1500, 988, 988, 988, 988, 1001, 1001, 1001, 1001, 1500, 1500, 1500, 1500]
[1500, 1500, 988, 1500, 988, 988, 988, 988, 1001, 1001, 1001, 1001, 1500, 1500, 1500, 1500]
[1500, 1500, 988, 1500, 988, 988, 988, 988, 1001, 1001, 1001, 1001, 1500, 1500, 1500, 1500]
21:59:35.206962 ALT: 1.59
21:59:35.207064 ATT: [0.0, 0.9, 190]
21:59:35.207503 ACC: [-8, 0, 515]
[1500, 1500, 988, 1500, 988, 988, 988, 988, 1001, 1001, 1001, 1001, 1500, 1500, 1500, 1500]
[1500, 1500, 988, 1500, 988, 988, 988, 988, 1001, 1001, 1001, 1001, 1500, 1500, 1500, 1500]
21:59:35.254999 ALT: 1.59
21:59:35.255101 ATT: [0.0, 0.8, 190]
21:59:35.255390 ACC: [-5, 0, 515]
[1500, 1500, 988, 1500, 988, 988, 988, 988, 1001, 1001, 1001, 1001, 1500, 1500, 1500, 1500]
[1500, 1500, 988, 1500, 988, 988, 988, 988, 1001, 1001, 1001, 1001, 1500, 1500, 1500, 1500]
[1500, 1500, 988, 1500, 988, 988, 988, 988, 1001, 1001, 1001, 1001, 1500, 1500, 1500, 1500]
21:59:35.302939 ALT: 1.59
21:59:35.303040 ATT: [0.0, 0.8, 190]
21:59:35.303323 ACC: [-9, 2, 515]
[1500, 1500, 988, 1500, 988, 988, 988, 988, 1001, 1001, 1001, 1001, 1500, 1500, 1500, 1500]
[1500, 1500, 988, 1500, 988, 988, 988, 988, 1001, 1001, 1001, 1001, 1500, 1500, 1500, 1500]
21:59:35.350969 ALT: 1.59
21:59:35.351070 ATT: [0.1, 0.9, 190]
21:59:35.351367 ACC: [-9, 2, 515]
[1500, 1500, 988, 1500, 988, 988, 988, 988, 1001, 1001, 1001, 1001, 1500, 1500, 1500, 1500]
[1500, 1500, 988, 1500, 988, 988, 988, 988, 1001, 1001, 1001, 1001, 1500, 1500, 1500, 1500]
21:59:35.398995 ALT: 1.59
21:59:35.399090 ATT: [0.0, 0.9, 190]
21:59:35.399381 ACC: [-8, 0, 515]
[1500, 1500, 988, 1500, 988, 988, 988, 988, 1001, 1001, 1001, 1001, 1500, 1500, 1500, 1500]
[1500, 1500, 988, 1500, 988, 988, 988, 988, 1001, 1001, 1001, 1001, 1500, 1500, 1500, 1500]
[1500, 1500, 988, 1500, 988, 988, 988, 988, 1001, 1001, 1001, 1001, 1500, 1500, 1500, 1500]
21:59:35.449476 ALT: 1.59
21:59:35.449646 ATT: [0.0, 0.8, 190]
21:59:35.449938 ACC: [-6, 0, 515]
[1500, 1500, 988, 1500, 988, 988, 988, 988, 1001, 1001, 1001, 1001, 1500, 1500, 1500, 1500]
[1500, 1500, 988, 1500, 988, 988, 988, 988, 1001, 1001, 1001, 1001, 1500, 1500, 1500, 1500]
21:59:35.495451 ALT: 1.59
21:59:35.495557 ATT: [0.0, 0.8, 190]
21:59:35.495872 ACC: [-7, 1, 516]
[1500, 1500, 988, 1500, 988, 988, 988, 988, 1001, 1001, 1001, 1001, 1500, 1500, 1500, 1500]
[1500, 1500, 988, 1500, 988, 988, 988, 988, 1001, 1001, 1001, 1001, 1500, 1500, 1500, 1500]
[1500, 1500, 988, 1500, 988, 988, 988, 988, 1001, 1001, 1001, 1001, 1500, 1500, 1500, 1500]
21:59:35.543474 ALT: 1.59
21:59:35.543625 ATT: [0.1, 0.9, 190]
21:59:35.546112 ACC: [-9, 2, 515]
[1500, 1500, 988, 1500, 988, 988, 988, 988, 1001, 1001, 1001, 1001, 1500, 1500, 1500, 1500]
[1500, 1500, 988, 1500, 988, 988, 988, 988, 1001, 1001, 1001, 1001, 1500, 1500, 1500, 1500]
21:59:35.599084 ALT: 1.59
21:59:35.599218 ATT: [0.1, 0.9, 190]
21:59:35.600179 ACC: [-9, 1, 514]
[1500, 1500, 988, 1500, 988, 988, 988, 988, 1001, 1001, 1001, 1001, 1500, 1500, 1500, 1500]
[1500, 1500, 988, 1500, 988, 988, 988, 988, 1001, 1001, 1001, 1001, 1500, 1500, 1500, 1500]
21:59:35.639053 ALT: 1.59
21:59:35.639157 ATT: [0.1, 0.9, 190]
21:59:35.639478 ACC: [-6, 0, 515]
[1500, 1500, 988, 1500, 988, 988, 988, 988, 1001, 1001, 1001, 1001, 1500, 1500, 1500, 1500]
[1500, 1500, 988, 1500, 988, 988, 988, 988, 1001, 1001, 1001, 1001, 1500, 1500, 1500, 1500]
[1500, 1500, 988, 1500, 988, 988, 988, 988, 1001, 1001, 1001, 1001, 1500, 1500, 1500, 1500]
21:59:35.687133 ALT: 1.59
21:59:35.687252 ATT: [0.0, 0.8, 190]
21:59:35.687557 ACC: [-7, 0, 515]
[1500, 1500, 988, 1500, 988, 988, 988, 988, 1001, 1001, 1001, 1001, 1500, 1500, 1500, 1500]
[1500, 1500, 988, 1500, 988, 988, 988, 988, 1001, 1001, 1001, 1001, 1500, 1500, 1500, 1500]
21:59:35.735030 ALT: 1.59
21:59:35.735128 ATT: [0.1, 0.9, 190]
21:59:35.735413 ACC: [-9, 2, 515]
[1500, 1500, 988, 1500, 988, 988, 988, 988, 1001, 1001, 1001, 1001, 1500, 1500, 1500, 1500]
[1500, 1500, 988, 1500, 988, 988, 988, 988, 1001, 1001, 1001, 1001, 1500, 1500, 1500, 1500]
[1500, 1500, 988, 1500, 988, 988, 988, 988, 1001, 1001, 1001, 1001, 1500, 1500, 1500, 1500]
21:59:35.787162 ALT: 1.59
21:59:35.787278 ATT: [0.1, 0.9, 190]
21:59:35.787636 ACC: [-9, 0, 514]
[1500, 1500, 988, 1500, 988, 988, 988, 988, 1001, 1001, 1001, 1001, 1500, 1500, 1500, 1500]
[1500, 1500, 988, 1500, 988, 988, 988, 988, 1001, 1001, 1001, 1001, 1500, 1500, 1500, 1500]
21:59:35.832133 ALT: 1.59
21:59:35.832260 ATT: [0.1, 0.9, 190]
21:59:35.832613 ACC: [-7, 1, 514]
[1500, 1500, 988, 1500, 988, 988, 988, 988, 1001, 1001, 1001, 1001, 1500, 1500, 1500, 1500]
[1500, 1500, 988, 1500, 988, 988, 988, 988, 1001, 1001, 1001, 1001, 1500, 1500, 1500, 1500]
21:59:35.883078 ALT: 1.59
21:59:35.883410 ATT: [0.0, 0.9, 190]
21:59:35.883853 ACC: [-7, 0, 515]
[1500, 1500, 988, 1500, 988, 988, 988, 988, 1001, 1001, 1001, 1001, 1500, 1500, 1500, 1500]
[1500, 1500, 988, 1500, 988, 988, 988, 988, 1001, 1001, 1001, 1001, 1500, 1500, 1500, 1500]
[1500, 1500, 988, 1500, 988, 988, 988, 988, 1001, 1001, 1001, 1001, 1500, 1500, 1500, 1500]
21:59:35.927047 ALT: 1.59
21:59:35.927153 ATT: [0.0, 0.9, 190]
21:59:35.927473 ACC: [-9, 1, 515]
[1500, 1500, 988, 1500, 988, 988, 988, 988, 1001, 1001, 1001, 1001, 1500, 1500, 1500, 1500]
[1500, 1500, 988, 1500, 988, 988, 988, 988, 1001, 1001, 1001, 1001, 1500, 1500, 1500, 1500]
21:59:35.975076 ALT: 1.59
21:59:35.975159 ATT: [0.1, 0.9, 190]
21:59:35.975444 ACC: [-8, 1, 515]
[1500, 1500, 988, 1500, 988, 988, 988, 988, 1001, 1001, 1001, 1001, 1500, 1500, 1500, 1500]
[1500, 1500, 988, 1500, 988, 988, 988, 988, 1001, 1001, 1001, 1001, 1500, 1500, 1500, 1500]
21:59:36.024454 ALT: 1.59
21:59:36.024586 ATT: [0.1, 0.9, 190]
21:59:36.026061 ACC: [-7, 1, 514]
[1500, 1500, 988, 1500, 988, 988, 988, 988, 1001, 1001, 1001, 1001, 1500, 1500, 1500, 1500]
[1500, 1500, 988, 1500, 988, 988, 988, 988, 1001, 1001, 1001, 1001, 1500, 1500, 1500, 1500]
[1500, 1500, 988, 1500, 988, 988, 988, 988, 1001, 1001, 1001, 1001, 1500, 1500, 1500, 1500]
[1500, 1500, 988, 1500, 988, 988, 988, 988, 1001, 1001, 1001, 1001, 1500, 1500, 1500, 1500]
21:59:36.088222 ALT: 1.59
21:59:36.088400 ATT: [0.1, 0.9, 190]
21:59:36.089022 ACC: [-7, 1, 515]
[1500, 1500, 988, 1500, 988, 988, 988, 988, 1001, 1001, 1001, 1001, 1500, 1500, 1500, 1500]
[1500, 1500, 988, 1500, 988, 988, 988, 988, 1001, 1001, 1001, 1001, 1500, 1500, 1500, 1500]
21:59:36.135163 ALT: 1.59
21:59:36.135416 ATT: [0.0, 0.9, 190]
21:59:36.135909 ACC: [-8, -1, 515]
[1500, 1500, 988, 1500, 988, 988, 988, 988, 1001, 1001, 1001, 1001, 1500, 1500, 1500, 1500]
[1500, 1500, 988, 1500, 988, 988, 988, 988, 1001, 1001, 1001, 1001, 1500, 1500, 1500, 1500]
21:59:36.183457 ALT: 1.59
21:59:36.183672 ATT: [0.0, 0.9, 190]
21:59:36.184333 ACC: [-8, 0, 515]
[1500, 1500, 988, 1500, 988, 988, 988, 988, 1001, 1001, 1001, 1001, 1500, 1500, 1500, 1500]
[1500, 1500, 988, 1500, 988, 988, 988, 988, 1001, 1001, 1001, 1001, 1500, 1500, 1500, 1500]
[1500, 1500, 988, 1500, 988, 988, 988, 988, 1001, 1001, 1001, 1001, 1500, 1500, 1500, 1500]
[1500, 1500, 988, 1500, 988, 988, 988, 988, 1001, 1001, 1001, 1001, 1500, 1500, 1500, 1500]
21:59:36.249029 ALT: 1.59
21:59:36.249168 ATT: [0.0, 0.9, 190]
21:59:36.249446 ACC: [-7, 1, 515]
[1500, 1500, 988, 1500, 988, 988, 988, 988, 1001, 1001, 1001, 1001, 1500, 1500, 1500, 1500]
[1500, 1500, 988, 1500, 988, 988, 988, 988, 1001, 1001, 1001, 1001, 1500, 1500, 1500, 1500]
21:59:36.295037 ALT: 1.59
21:59:36.295144 ATT: [0.1, 0.9, 190]
21:59:36.295428 ACC: [-8, 2, 515]
[1500, 1500, 988, 1500, 988, 988, 988, 988, 1001, 1001, 1001, 1001, 1500, 1500, 1500, 1500]
[1500, 1500, 988, 1500, 988, 988, 988, 988, 1001, 1001, 1001, 1001, 1500, 1500, 1500, 1500]
21:59:36.343192 ALT: 1.59
21:59:36.343285 ATT: [0.1, 0.9, 190]
[1500, 1500, 988, 1500, 988, 988, 988, 988, 1001, 1001, 1001, 1001, 1500, 1500, 1500, 1500]
21:59:36.344119 ACC: [-9, 0, 515]
[1500, 1500, 988, 1500, 988, 988, 988, 988, 1001, 1001, 1001, 1001, 1500, 1500, 1500, 1500]
[1500, 1500, 988, 1500, 988, 988, 988, 988, 1001, 1001, 1001, 1001, 1500, 1500, 1500, 1500]
21:59:36.396217 ALT: 1.59
21:59:36.396360 ATT: [0.0, 0.9, 190]
21:59:36.397419 ACC: [-7, 0, 515]
[1500, 1500, 988, 1500, 988, 988, 988, 988, 1001, 1001, 1001, 1001, 1500, 1500, 1500, 1500]
[1500, 1500, 988, 1500, 988, 988, 988, 988, 1001, 1001, 1001, 1001, 1500, 1500, 1500, 1500]
21:59:36.441930 ALT: 1.59
21:59:36.442035 ATT: [0.0, 0.9, 190]
21:59:36.442315 ACC: [-8, 0, 514]
[1500, 1500, 988, 1500, 988, 988, 988, 988, 1001, 1001, 1001, 1001, 1500, 1500, 1500, 1500]
[1500, 1500, 988, 1500, 988, 988, 988, 988, 1001, 1001, 1001, 1001, 1500, 1500, 1500, 1500]
[1500, 1500, 988, 1500, 988, 988, 988, 988, 1001, 1001, 1001, 1001, 1500, 1500, 1500, 1500]
21:59:36.503360 ALT: 1.59
21:59:36.503481 ATT: [0.0, 0.9, 190]
21:59:36.503830 ACC: [-7, 1, 515]
[1500, 1500, 988, 1500, 988, 988, 988, 988, 1001, 1001, 1001, 1001, 1500, 1500, 1500, 1500]
[1500, 1500, 988, 1500, 988, 988, 988, 988, 1001, 1001, 1001, 1001, 1500, 1500, 1500, 1500]
21:59:36.557704 ALT: 1.59
21:59:36.557813 ATT: [0.0, 0.9, 190]
21:59:36.558095 ACC: [-8, 1, 515]
[1500, 1500, 988, 1500, 988, 988, 988, 988, 1001, 1001, 1001, 1001, 1500, 1500, 1500, 1500]
[1500, 1500, 988, 1500, 988, 988, 988, 988, 1001, 1001, 1001, 1001, 1500, 1500, 1500, 1500]
[1500, 1500, 988, 1500, 988, 988, 988, 988, 1001, 1001, 1001, 1001, 1500, 1500, 1500, 1500]
21:59:36.602121 ALT: 1.59
21:59:36.602233 ATT: [0.0, 0.9, 190]
21:59:36.602549 ACC: [-8, 0, 515]
[1500, 1500, 988, 1500, 988, 988, 988, 988, 1001, 1001, 1001, 1001, 1500, 1500, 1500, 1500]
[1500, 1500, 988, 1500, 988, 988, 988, 988, 1001, 1001, 1001, 1001, 1500, 1500, 1500, 1500]
[1500, 1500, 988, 1500, 988, 988, 988, 988, 1001, 1001, 1001, 1001, 1500, 1500, 1500, 1500]
21:59:36.653656 ALT: 1.59
21:59:36.653800 ATT: [0.0, 0.9, 190]
21:59:36.654371 ACC: [-8, 0, 515]
[1500, 1500, 988, 1500, 988, 988, 988, 988, 1001, 1001, 1001, 1001, 1500, 1500, 1500, 1500]
21:59:36.695279 ALT: 1.59
21:59:36.695392 ATT: [0.1, 0.9, 190]
21:59:36.695873 ACC: [-8, 1, 515]
[1500, 1500, 988, 1500, 988, 988, 988, 988, 1001, 1001, 1001, 1001, 1500, 1500, 1500, 1500]
[1500, 1500, 988, 1500, 988, 988, 988, 988, 1001, 1001, 1001, 1001, 1500, 1500, 1500, 1500]
[1500, 1500, 988, 1500, 988, 988, 988, 988, 1001, 1001, 1001, 1001, 1500, 1500, 1500, 1500]
[1500, 1500, 988, 1500, 988, 988, 988, 988, 1001, 1001, 1001, 1001, 1500, 1500, 1500, 1500]
[1500, 1500, 988, 1500, 988, 988, 988, 988, 1001, 1001, 1001, 1001, 1500, 1500, 1500, 1500]
21:59:36.776128 ALT: 1.59
21:59:36.776221 ATT: [0.0, 0.9, 190]
21:59:36.776573 ACC: [-8, 0, 515]
[1500, 1500, 988, 1500, 988, 988, 988, 988, 1001, 1001, 1001, 1001, 1500, 1500, 1500, 1500]
[1500, 1500, 988, 1500, 988, 988, 988, 988, 1001, 1001, 1001, 1001, 1500, 1500, 1500, 1500]
21:59:36.823220 ALT: 1.59
21:59:36.823336 ATT: [0.1, 0.9, 190]
21:59:36.823678 ACC: [-8, 1, 514]
[1500, 1500, 988, 1500, 988, 988, 988, 988, 1001, 1001, 1001, 1001, 1500, 1500, 1500, 1500]
[1500, 1500, 988, 1500, 988, 988, 988, 988, 1001, 1001, 1001, 1001, 1500, 1500, 1500, 1500]
[1500, 1500, 988, 1500, 988, 988, 988, 988, 1001, 1001, 1001, 1001, 1500, 1500, 1500, 1500]
21:59:36.871310 ALT: 1.59
21:59:36.871426 ATT: [0.1, 0.9, 190]
21:59:36.871793 ACC: [-7, 1, 515]
[1500, 1500, 988, 1500, 988, 988, 988, 988, 1001, 1001, 1001, 1001, 1500, 1500, 1500, 1500]
[1500, 1500, 988, 1500, 988, 988, 988, 988, 1001, 1001, 1001, 1001, 1500, 1500, 1500, 1500]
21:59:36.921724 ALT: 1.59
21:59:36.921816 ATT: [0.1, 0.9, 190]
[1500, 1500, 988, 1500, 988, 988, 988, 988, 1001, 1001, 1001, 1001, 1500, 1500, 1500, 1500]
21:59:36.925878 ACC: [-9, 1, 515]
[1500, 1500, 988, 1500, 988, 988, 988, 988, 1001, 1001, 1001, 1001, 1500, 1500, 1500, 1500]
[1500, 1500, 988, 1500, 988, 988, 988, 988, 1001, 1001, 1001, 1001, 1500, 1500, 1500, 1500]
[1500, 1500, 988, 1500, 988, 988, 988, 988, 1001, 1001, 1001, 1001, 1500, 1500, 1500, 1500]
21:59:36.985960 ALT: 1.59
21:59:36.986069 ATT: [0.1, 0.9, 190]
21:59:36.986449 ACC: [-8, 0, 515]
[1500, 1500, 988, 1500, 988, 988, 988, 988, 1001, 1001, 1001, 1001, 1500, 1500, 1500, 1500]
[1500, 1500, 988, 1500, 988, 988, 988, 988, 1001, 1001, 1001, 1001, 1500, 1500, 1500, 1500]
21:59:37.031827 ALT: 1.59
21:59:37.031932 ATT: [0.1, 0.9, 190]
21:59:37.032337 ACC: [-6, 1, 515]
[1500, 1500, 988, 1500, 988, 988, 988, 988, 1001, 1001, 1001, 1001, 1500, 1500, 1500, 1500]
[1500, 1500, 988, 1500, 988, 988, 988, 988, 1001, 1001, 1001, 1001, 1500, 1500, 1500, 1500]
[1500, 1500, 988, 1500, 988, 988, 988, 988, 1001, 1001, 1001, 1001, 1500, 1500, 1500, 1500]
21:59:37.088173 ALT: 1.59
21:59:37.088356 ATT: [0.1, 0.9, 190]
21:59:37.088977 ACC: [-8, 0, 515]
[1500, 1500, 988, 1500, 988, 988, 988, 988, 1001, 1001, 1001, 1001, 1500, 1500, 1500, 1500]
[1500, 1500, 988, 1500, 988, 988, 988, 988, 1001, 1001, 1001, 1001, 1500, 1500, 1500, 1500]
[1500, 1500, 988, 1500, 988, 988, 988, 988, 1001, 1001, 1001, 1001, 1500, 1500, 1500, 1500]
21:59:37.145267 ALT: 1.59
21:59:37.145540 ATT: [0.1, 0.9, 190]
21:59:37.146197 ACC: [-8, 1, 515]
[1500, 1500, 988, 1500, 988, 988, 988, 988, 1001, 1001, 1001, 1001, 1500, 1500, 1500, 1500]
[1500, 1500, 988, 1500, 988, 988, 988, 988, 1001, 1001, 1001, 1001, 1500, 1500, 1500, 1500]
21:59:37.191433 ALT: 1.59
21:59:37.191539 ATT: [0.1, 0.9, 190]
21:59:37.191829 ACC: [-8, 0, 515]
[1500, 1500, 988, 1500, 988, 988, 988, 988, 1001, 1001, 1001, 1001, 1500, 1500, 1500, 1500]
[1500, 1500, 988, 1500, 988, 988, 988, 988, 1001, 1001, 1001, 1001, 1500, 1500, 1500, 1500]
21:59:37.239410 ALT: 1.59
21:59:37.239572 ATT: [0.0, 0.9, 190]
21:59:37.240074 ACC: [-8, 1, 515]
[1500, 1500, 988, 1500, 988, 988, 988, 988, 1001, 1001, 1001, 1001, 1500, 1500, 1500, 1500]
[1500, 1500, 988, 1500, 988, 988, 988, 988, 1001, 1001, 1001, 1001, 1500, 1500, 1500, 1500]
[1500, 1500, 988, 1500, 988, 988, 988, 988, 1001, 1001, 1001, 1001, 1500, 1500, 1500, 1500]
21:59:37.287320 ALT: 1.59
21:59:37.287436 ATT: [0.0, 0.9, 190]
21:59:37.287753 ACC: [-8, 1, 514]
[1500, 1500, 988, 1500, 988, 988, 988, 988, 1001, 1001, 1001, 1001, 1500, 1500, 1500, 1500]
[1500, 1500, 988, 1500, 988, 988, 988, 988, 1001, 1001, 1001, 1001, 1500, 1500, 1500, 1500]
21:59:37.335322 ALT: 1.59
21:59:37.335477 ATT: [0.0, 0.9, 190]
21:59:37.335855 ACC: [-8, 0, 514]
[1500, 1500, 988, 1500, 988, 988, 988, 988, 1001, 1001, 1001, 1001, 1500, 1500, 1500, 1500]
[1500, 1500, 988, 1500, 988, 988, 988, 988, 1001, 1001, 1001, 1001, 1500, 1500, 1500, 1500]
[1500, 1500, 988, 1500, 988, 988, 988, 988, 1001, 1001, 1001, 1001, 1500, 1500, 1500, 1500]
21:59:37.383170 ALT: 1.59
21:59:37.383254 ATT: [0.0, 0.9, 190]
21:59:37.383474 ACC: [-8, 1, 515]
[1500, 1500, 988, 1500, 988, 988, 988, 988, 1001, 1001, 1001, 1001, 1500, 1500, 1500, 1500]
[1500, 1500, 988, 1500, 988, 988, 988, 988, 1001, 1001, 1001, 1001, 1500, 1500, 1500, 1500]
21:59:37.432667 ALT: 1.63
21:59:37.432767 ATT: [0.0, 0.9, 190]
21:59:37.433037 ACC: [-8, 0, 515]
[1500, 1500, 988, 1500, 988, 988, 988, 988, 1001, 1001, 1001, 1001, 1500, 1500, 1500, 1500]
[1500, 1500, 988, 1500, 988, 988, 988, 988, 1001, 1001, 1001, 1001, 1500, 1500, 1500, 1500]
21:59:37.479222 ALT: 1.67
21:59:37.479335 ATT: [0.0, 0.9, 190]
21:59:37.479606 ACC: [-8, 0, 515]
[1500, 1500, 988, 1500, 988, 988, 988, 988, 1001, 1001, 1001, 1001, 1500, 1500, 1500, 1500]
[1500, 1500, 988, 1500, 988, 988, 988, 988, 1001, 1001, 1001, 1001, 1500, 1500, 1500, 1500]
[1500, 1500, 988, 1500, 988, 988, 988, 988, 1001, 1001, 1001, 1001, 1500, 1500, 1500, 1500]
21:59:37.529217 ALT: 1.68
21:59:37.529338 ATT: [0.0, 0.9, 190]
21:59:37.529714 ACC: [-8, 0, 515]
[1500, 1500, 988, 1500, 988, 988, 988, 988, 1001, 1001, 1001, 1001, 1500, 1500, 1500, 1500]
[1500, 1500, 988, 1500, 988, 988, 988, 988, 1001, 1001, 1001, 1001, 1500, 1500, 1500, 1500]
21:59:37.575913 ALT: 1.68
21:59:37.576079 ATT: [0.0, 0.9, 190]
21:59:37.576538 ACC: [-8, 0, 515]
[1500, 1500, 988, 1500, 988, 988, 988, 988, 1001, 1001, 1001, 1001, 1500, 1500, 1500, 1500]
[1500, 1500, 988, 1500, 988, 988, 988, 988, 1001, 1001, 1001, 1001, 1500, 1500, 1500, 1500]
[1500, 1500, 988, 1500, 988, 988, 988, 988, 1001, 1001, 1001, 1001, 1500, 1500, 1500, 1500]
21:59:37.625957 ALT: 1.68
21:59:37.626283 ATT: [0.0, 0.9, 190]
21:59:37.626890 ACC: [-8, 0, 515]
[1500, 1500, 988, 1500, 988, 988, 988, 988, 1001, 1001, 1001, 1001, 1500, 1500, 1500, 1500]
[1500, 1500, 988, 1500, 988, 988, 988, 988, 1001, 1001, 1001, 1001, 1500, 1500, 1500, 1500]
21:59:37.673183 ALT: 1.68
21:59:37.673290 ATT: [0.0, 0.9, 190]
21:59:37.673665 ACC: [-7, 1, 515]
[1500, 1500, 988, 1500, 988, 988, 988, 988, 1001, 1001, 1001, 1001, 1500, 1500, 1500, 1500]
[1500, 1500, 988, 1500, 988, 988, 988, 988, 1001, 1001, 1001, 1001, 1500, 1500, 1500, 1500]
21:59:37.719373 ALT: 1.68
21:59:37.719501 ATT: [0.0, 0.9, 190]
21:59:37.719907 ACC: [-8, 1, 515]
[1500, 1500, 988, 1500, 988, 988, 988, 988, 1001, 1001, 1001, 1001, 1500, 1500, 1500, 1500]
[1500, 1500, 988, 1500, 988, 988, 988, 988, 1001, 1001, 1001, 1001, 1500, 1500, 1500, 1500]
[1500, 1500, 988, 1500, 988, 988, 988, 988, 1001, 1001, 1001, 1001, 1500, 1500, 1500, 1500]
21:59:37.768435 ALT: 1.68
21:59:37.768534 ATT: [0.0, 0.9, 190]
21:59:37.768871 ACC: [-8, 0, 515]
[1500, 1500, 988, 1500, 988, 988, 988, 988, 1001, 1001, 1001, 1001, 1500, 1500, 1500, 1500]
[1500, 1500, 988, 1500, 988, 988, 988, 988, 1001, 1001, 1001, 1001, 1500, 1500, 1500, 1500]
21:59:37.815400 ALT: 1.68
21:59:37.815562 ATT: [0.0, 0.9, 190]
21:59:37.816025 ACC: [-8, 0, 515]
[1500, 1500, 988, 1500, 988, 988, 988, 988, 1001, 1001, 1001, 1001, 1500, 1500, 1500, 1500]
[1500, 1500, 988, 1500, 988, 988, 988, 988, 1001, 1001, 1001, 1001, 1500, 1500, 1500, 1500]
[1500, 1500, 988, 1500, 988, 988, 988, 988, 1001, 1001, 1001, 1001, 1500, 1500, 1500, 1500]
21:59:37.863716 ALT: 1.68
21:59:37.863826 ATT: [0.0, 0.9, 190]
21:59:37.864139 ACC: [-7, 0, 514]
[1500, 1500, 988, 1500, 988, 988, 988, 988, 1001, 1001, 1001, 1001, 1500, 1500, 1500, 1500]
[1500, 1500, 988, 1500, 988, 988, 988, 988, 1001, 1001, 1001, 1001, 1500, 1500, 1500, 1500]
21:59:37.911232 ALT: 1.68
21:59:37.911328 ATT: [0.0, 0.9, 190]
21:59:37.911688 ACC: [-8, 1, 515]
[1500, 1500, 988, 1500, 988, 988, 988, 988, 1001, 1001, 1001, 1001, 1500, 1500, 1500, 1500]
[1500, 1500, 988, 1500, 988, 988, 988, 988, 1001, 1001, 1001, 1001, 1500, 1500, 1500, 1500]
21:59:37.959663 ALT: 1.68
21:59:37.959793 ATT: [0.0, 0.9, 190]
21:59:37.960115 ACC: [-7, 0, 515]
[1500, 1500, 988, 1500, 988, 988, 988, 988, 1001, 1001, 1001, 1001, 1500, 1500, 1500, 1500]
[1500, 1500, 988, 1500, 988, 988, 988, 988, 1001, 1001, 1001, 1001, 1500, 1500, 1500, 1500]
[1500, 1500, 988, 1500, 988, 988, 988, 988, 1001, 1001, 1001, 1001, 1500, 1500, 1500, 1500]
21:59:38.007656 ALT: 1.68
21:59:38.007900 ATT: [0.0, 0.9, 190]
21:59:38.008426 ACC: [-8, 0, 515]
[1500, 1500, 988, 1500, 988, 988, 988, 988, 1001, 1001, 1001, 1001, 1500, 1500, 1500, 1500]
[1500, 1500, 988, 1500, 988, 988, 988, 988, 1001, 1001, 1001, 1001, 1500, 1500, 1500, 1500]
21:59:38.055687 ALT: 1.68
21:59:38.055841 ATT: [0.0, 0.9, 190]
21:59:38.056286 ACC: [-8, 1, 515]
[1500, 1500, 988, 1500, 988, 988, 988, 988, 1001, 1001, 1001, 1001, 1500, 1500, 1500, 1500]
[1500, 1500, 988, 1500, 988, 988, 988, 988, 1001, 1001, 1001, 1001, 1500, 1500, 1500, 1500]
21:59:38.104082 ALT: 1.68
21:59:38.104296 ATT: [0.0, 0.9, 190]
21:59:38.104637 ACC: [-8, 1, 515]
[1500, 1500, 988, 1500, 988, 988, 988, 988, 1001, 1001, 1001, 1001, 1500, 1500, 1500, 1500]
[1500, 1500, 988, 1500, 988, 988, 988, 988, 1001, 1001, 1001, 1001, 1500, 1500, 1500, 1500]
[1500, 1500, 988, 1500, 988, 988, 988, 988, 1001, 1001, 1001, 1001, 1500, 1500, 1500, 1500]
21:59:38.153738 ALT: 1.68
21:59:38.153867 ATT: [0.0, 0.9, 190]
21:59:38.157946 ACC: [-7, 0, 514]
[1500, 1500, 988, 1500, 988, 988, 988, 988, 1001, 1001, 1001, 1001, 1500, 1500, 1500, 1500]
[1500, 1500, 988, 1500, 988, 988, 988, 988, 1001, 1001, 1001, 1001, 1500, 1500, 1500, 1500]
21:59:38.199734 ALT: 1.68
21:59:38.199969 ATT: [0.0, 0.9, 190]
21:59:38.200584 ACC: [-8, 1, 515]
[1500, 1500, 988, 1500, 988, 988, 988, 988, 1001, 1001, 1001, 1001, 1500, 1500, 1500, 1500]
[1500, 1500, 988, 1500, 988, 988, 988, 988, 1001, 1001, 1001, 1001, 1500, 1500, 1500, 1500]
[1500, 1500, 988, 1500, 988, 988, 988, 988, 1001, 1001, 1001, 1001, 1500, 1500, 1500, 1500]
[1500, 1500, 988, 1500, 988, 988, 988, 988, 1001, 1001, 1001, 1001, 1500, 1500, 1500, 1500]
21:59:38.263355 ALT: 1.68
21:59:38.263456 ATT: [0.0, 0.9, 190]
21:59:38.263813 ACC: [-7, 1, 515]
[1500, 1500, 988, 1500, 988, 988, 988, 988, 1001, 1001, 1001, 1001, 1500, 1500, 1500, 1500]
[1500, 1500, 988, 1500, 988, 988, 988, 988, 1001, 1001, 1001, 1001, 1500, 1500, 1500, 1500]
21:59:38.311443 ALT: 1.68
21:59:38.311554 ATT: [0.0, 0.9, 190]
21:59:38.311840 ACC: [-8, 1, 514]
[1500, 1500, 988, 1500, 988, 988, 988, 988, 1001, 1001, 1001, 1001, 1500, 1500, 1500, 1500]
[1500, 1500, 988, 1500, 988, 988, 988, 988, 1001, 1001, 1001, 1001, 1500, 1500, 1500, 1500]
21:59:38.359539 ALT: 1.68
21:59:38.359646 ATT: [0.0, 0.9, 190]
21:59:38.359930 ACC: [-7, 1, 514]
[1500, 1500, 988, 1500, 988, 988, 988, 988, 1001, 1001, 1001, 1001, 1500, 1500, 1500, 1500]
[1500, 1500, 988, 1500, 988, 988, 988, 988, 1001, 1001, 1001, 1001, 1500, 1500, 1500, 1500]
[1500, 1500, 988, 1500, 988, 988, 988, 988, 1001, 1001, 1001, 1001, 1500, 1500, 1500, 1500]
21:59:38.407460 ALT: 1.68
21:59:38.407555 ATT: [0.0, 0.9, 190]
21:59:38.407833 ACC: [-8, 1, 515]
[1500, 1500, 988, 1500, 988, 988, 988, 988, 1001, 1001, 1001, 1001, 1500, 1500, 1500, 1500]
[1500, 1500, 988, 1500, 988, 988, 988, 988, 1001, 1001, 1001, 1001, 1500, 1500, 1500, 1500]
21:59:38.455543 ALT: 1.68
21:59:38.455719 ATT: [0.1, 0.9, 190]
21:59:38.456050 ACC: [-8, 1, 515]
[1500, 1500, 988, 1500, 988, 988, 988, 988, 1001, 1001, 1001, 1001, 1500, 1500, 1500, 1500]
[1500, 1500, 988, 1500, 988, 988, 988, 988, 1001, 1001, 1001, 1001, 1500, 1500, 1500, 1500]
[1500, 1500, 988, 1500, 988, 988, 988, 988, 1001, 1001, 1001, 1001, 1500, 1500, 1500, 1500]
21:59:38.503448 ALT: 1.68
21:59:38.503559 ATT: [0.0, 0.9, 190]
21:59:38.503929 ACC: [-10, 1, 515]
[1500, 1500, 988, 1500, 988, 988, 988, 988, 1001, 1001, 1001, 1001, 1500, 1500, 1500, 1500]
[1500, 1500, 988, 1500, 988, 988, 988, 988, 1001, 1001, 1001, 1001, 1500, 1500, 1500, 1500]
21:59:38.551434 ALT: 1.68
21:59:38.551521 ATT: [0.1, 0.9, 190]
21:59:38.551790 ACC: [-8, 0, 514]
[1500, 1500, 988, 1500, 988, 988, 988, 988, 1001, 1001, 1001, 1001, 1500, 1500, 1500, 1500]
[1500, 1500, 988, 1500, 988, 988, 988, 988, 1001, 1001, 1001, 1001, 1500, 1500, 1500, 1500]
21:59:38.599645 ALT: 1.68
21:59:38.599786 ATT: [0.0, 0.9, 190]
21:59:38.600107 ACC: [-6, 0, 515]
[1500, 1500, 988, 1500, 988, 988, 988, 988, 1001, 1001, 1001, 1001, 1500, 1500, 1500, 1500]
[1500, 1500, 988, 1500, 988, 988, 988, 988, 1001, 1001, 1001, 1001, 1500, 1500, 1500, 1500]
[1500, 1500, 988, 1500, 988, 988, 988, 988, 1001, 1001, 1001, 1001, 1500, 1500, 1500, 1500]
21:59:38.647398 ALT: 1.68
21:59:38.647766 ATT: [0.0, 0.9, 190]
21:59:38.648122 ACC: [-6, 0, 515]
[1500, 1500, 988, 1500, 988, 988, 988, 988, 1001, 1001, 1001, 1001, 1500, 1500, 1500, 1500]
[1500, 1500, 988, 1500, 988, 988, 988, 988, 1001, 1001, 1001, 1001, 1500, 1500, 1500, 1500]
21:59:38.695943 ALT: 1.68
21:59:38.696316 ATT: [0.0, 0.9, 190]
21:59:38.697142 ACC: [-9, 2, 515]
[1500, 1500, 988, 1500, 988, 988, 988, 988, 1001, 1001, 1001, 1001, 1500, 1500, 1500, 1500]
[1500, 1500, 988, 1500, 988, 988, 988, 988, 1001, 1001, 1001, 1001, 1500, 1500, 1500, 1500]
[1500, 1500, 988, 1500, 988, 988, 988, 988, 1001, 1001, 1001, 1001, 1500, 1500, 1500, 1500]
21:59:38.743516 ALT: 1.68
21:59:38.743612 ATT: [0.1, 0.9, 190]
21:59:38.743892 ACC: [-10, 1, 515]
[1500, 1500, 988, 1500, 988, 988, 988, 988, 1001, 1001, 1001, 1001, 1500, 1500, 1500, 1500]
[1500, 1500, 988, 1500, 988, 988, 988, 988, 1001, 1001, 1001, 1001, 1500, 1500, 1500, 1500]
21:59:38.791732 ALT: 1.68
21:59:38.791886 ATT: [0.0, 0.9, 190]
21:59:38.792432 ACC: [-7, 0, 515]
[1500, 1500, 988, 1500, 988, 988, 988, 988, 1001, 1001, 1001, 1001, 1500, 1500, 1500, 1500]
[1500, 1500, 988, 1500, 988, 988, 988, 988, 1001, 1001, 1001, 1001, 1500, 1500, 1500, 1500]
21:59:38.839785 ALT: 1.68
21:59:38.839911 ATT: [0.0, 0.9, 190]
21:59:38.840754 ACC: [-6, -1, 515]
[1500, 1500, 988, 1500, 988, 988, 988, 988, 1001, 1001, 1001, 1001, 1500, 1500, 1500, 1500]
[1500, 1500, 988, 1500, 988, 988, 988, 988, 1001, 1001, 1001, 1001, 1500, 1500, 1500, 1500]
[1500, 1500, 988, 1500, 988, 988, 988, 988, 1001, 1001, 1001, 1001, 1500, 1500, 1500, 1500]
21:59:38.887619 ALT: 1.68
21:59:38.887797 ATT: [0.0, 0.9, 190]
21:59:38.888376 ACC: [-7, 1, 515]
[1500, 1500, 988, 1500, 988, 988, 988, 988, 1001, 1001, 1001, 1001, 1500, 1500, 1500, 1500]
[1500, 1500, 988, 1500, 988, 988, 988, 988, 1001, 1001, 1001, 1001, 1500, 1500, 1500, 1500]
21:59:38.935444 ALT: 1.68
21:59:38.935543 ATT: [0.0, 0.9, 190]
21:59:38.935852 ACC: [-10, 0, 515]
[1500, 1500, 988, 1500, 988, 988, 988, 988, 1001, 1001, 1001, 1001, 1500, 1500, 1500, 1500]
[1500, 1500, 988, 1500, 988, 988, 988, 988, 1001, 1001, 1001, 1001, 1500, 1500, 1500, 1500]
[1500, 1500, 988, 1500, 988, 988, 988, 988, 1001, 1001, 1001, 1001, 1500, 1500, 1500, 1500]
21:59:38.983660 ALT: 1.68
21:59:38.983751 ATT: [0.0, 0.9, 190]
21:59:38.984013 ACC: [-8, 1, 515]
[1500, 1500, 988, 1500, 988, 988, 988, 988, 1001, 1001, 1001, 1001, 1500, 1500, 1500, 1500]
[1500, 1500, 988, 1500, 988, 988, 988, 988, 1001, 1001, 1001, 1001, 1500, 1500, 1500, 1500]
21:59:39.031521 ALT: 1.68
21:59:39.031627 ATT: [0.0, 0.9, 190]
21:59:39.031924 ACC: [-7, 1, 514]
[1500, 1500, 988, 1500, 988, 988, 988, 988, 1001, 1001, 1001, 1001, 1500, 1500, 1500, 1500]
[1500, 1500, 988, 1500, 988, 988, 988, 988, 1001, 1001, 1001, 1001, 1500, 1500, 1500, 1500]
21:59:39.079993 ALT: 1.68
21:59:39.080119 ATT: [0.0, 0.9, 190]
21:59:39.080511 ACC: [-7, 0, 515]
[1500, 1500, 988, 1500, 988, 988, 988, 988, 1001, 1001, 1001, 1001, 1500, 1500, 1500, 1500]
[1500, 1500, 988, 1500, 988, 988, 988, 988, 1001, 1001, 1001, 1001, 1500, 1500, 1500, 1500]
[1500, 1500, 988, 1500, 988, 988, 988, 988, 1001, 1001, 1001, 1001, 1500, 1500, 1500, 1500]
21:59:39.127555 ALT: 1.68
21:59:39.127646 ATT: [0.0, 0.9, 190]
21:59:39.128210 ACC: [-9, 0, 515]
[1500, 1500, 988, 1500, 988, 988, 988, 988, 1001, 1001, 1001, 1001, 1500, 1500, 1500, 1500]
[1500, 1500, 988, 1500, 988, 988, 988, 988, 1001, 1001, 1001, 1001, 1500, 1500, 1500, 1500]
21:59:39.175708 ALT: 1.68
21:59:39.175872 ATT: [0.0, 0.9, 190]
21:59:39.176375 ACC: [-9, 1, 515]
[1500, 1500, 988, 1500, 988, 988, 988, 988, 1001, 1001, 1001, 1001, 1500, 1500, 1500, 1500]
[1500, 1500, 988, 1500, 988, 988, 988, 988, 1001, 1001, 1001, 1001, 1500, 1500, 1500, 1500]
[1500, 1500, 988, 1500, 988, 988, 988, 988, 1001, 1001, 1001, 1001, 1500, 1500, 1500, 1500]
21:59:39.223613 ALT: 1.68
21:59:39.223752 ATT: [0.0, 0.9, 190]
21:59:39.224257 ACC: [-7, 0, 514]
[1500, 1500, 988, 1500, 988, 988, 988, 988, 1001, 1001, 1001, 1001, 1500, 1500, 1500, 1500]
[1500, 1500, 988, 1500, 988, 988, 988, 988, 1001, 1001, 1001, 1001, 1500, 1500, 1500, 1500]
21:59:39.271736 ALT: 1.68
21:59:39.271873 ATT: [0.0, 0.9, 190]
21:59:39.272286 ACC: [-8, 1, 514]
[1500, 1500, 988, 1500, 988, 988, 988, 988, 1001, 1001, 1001, 1001, 1500, 1500, 1500, 1500]
[1500, 1500, 988, 1500, 988, 988, 988, 988, 1001, 1001, 1001, 1001, 1500, 1500, 1500, 1500]
21:59:39.319758 ALT: 1.68
21:59:39.319920 ATT: [0.0, 0.9, 190]
21:59:39.320339 ACC: [-8, 1, 514]
[1500, 1500, 988, 1500, 988, 988, 988, 988, 1001, 1001, 1001, 1001, 1500, 1500, 1500, 1500]
[1500, 1500, 988, 1500, 988, 988, 988, 988, 1001, 1001, 1001, 1001, 1500, 1500, 1500, 1500]
[1500, 1500, 988, 1500, 988, 988, 988, 988, 1001, 1001, 1001, 1001, 1500, 1500, 1500, 1500]
21:59:39.368048 ALT: 1.68
21:59:39.368144 ATT: [0.0, 0.8, 190]
21:59:39.368412 ACC: [-1, -1, 516]
[1500, 1500, 988, 1500, 988, 988, 988, 988, 1001, 1001, 1001, 1001, 1500, 1500, 1500, 1500]
[1500, 1500, 988, 1500, 988, 988, 988, 988, 1001, 1001, 1001, 1001, 1500, 1500, 1500, 1500]
21:59:39.415855 ALT: 1.68
21:59:39.416048 ATT: [0.0, 0.9, 190]
21:59:39.416656 ACC: [-11, 0, 514]
[1500, 1500, 988, 1500, 988, 988, 988, 988, 1001, 1001, 1001, 1001, 1500, 1500, 1500, 1500]
[1500, 1500, 988, 1500, 988, 988, 988, 988, 1001, 1001, 1001, 1001, 1500, 1500, 1500, 1500]
[1500, 1500, 988, 1500, 988, 988, 988, 988, 1001, 1001, 1001, 1001, 1500, 1500, 1500, 1500]
21:59:39.466157 ALT: 1.68
21:59:39.466309 ATT: [0.0, 0.9, 190]
21:59:39.466775 ACC: [-13, 1, 514]
[1500, 1500, 988, 1500, 988, 988, 988, 988, 1001, 1001, 1001, 1001, 1500, 1500, 1500, 1500]
[1500, 1500, 988, 1500, 988, 988, 988, 988, 1001, 1001, 1001, 1001, 1500, 1500, 1500, 1500]
21:59:39.511610 ALT: 1.68
21:59:39.511753 ATT: [0.0, 0.9, 190]
21:59:39.512019 ACC: [-8, 1, 514]
[1500, 1500, 988, 1500, 988, 988, 988, 988, 1001, 1001, 1001, 1001, 1500, 1500, 1500, 1500]
[1500, 1500, 988, 1500, 988, 988, 988, 988, 1001, 1001, 1001, 1001, 1500, 1500, 1500, 1500]
21:59:39.559647 ALT: 1.68
21:59:39.559787 ATT: [0.0, 0.9, 190]
21:59:39.560211 ACC: [-5, 0, 516]
[1500, 1500, 988, 1500, 988, 988, 988, 988, 1001, 1001, 1001, 1001, 1500, 1500, 1500, 1500]
[1500, 1500, 988, 1500, 988, 988, 988, 988, 1001, 1001, 1001, 1001, 1500, 1500, 1500, 1500]
[1500, 1500, 988, 1500, 988, 988, 988, 988, 1001, 1001, 1001, 1001, 1500, 1500, 1500, 1500]
21:59:39.607663 ALT: 1.68
21:59:39.607809 ATT: [0.0, 0.9, 190]
21:59:39.608208 ACC: [-9, 0, 514]
[1500, 1500, 988, 1500, 988, 988, 988, 988, 1001, 1001, 1001, 1001, 1500, 1500, 1500, 1500]
[1500, 1500, 988, 1500, 988, 988, 988, 988, 1001, 1001, 1001, 1001, 1500, 1500, 1500, 1500]
21:59:39.655612 ALT: 1.68
21:59:39.655720 ATT: [0.0, 0.9, 190]
21:59:39.656028 ACC: [-8, 1, 515]
[1500, 1500, 988, 1500, 988, 988, 988, 988, 1001, 1001, 1001, 1001, 1500, 1500, 1500, 1500]
[1500, 1500, 988, 1500, 988, 988, 988, 988, 1001, 1001, 1001, 1001, 1500, 1500, 1500, 1500]
[1500, 1500, 988, 1500, 988, 988, 988, 988, 1001, 1001, 1001, 1001, 1500, 1500, 1500, 1500]
21:59:39.703601 ALT: 1.68
21:59:39.703706 ATT: [0.0, 0.9, 190]
21:59:39.704011 ACC: [-8, 0, 515]
[1500, 1500, 988, 1500, 988, 988, 988, 988, 1001, 1001, 1001, 1001, 1500, 1500, 1500, 1500]
[1500, 1500, 988, 1500, 988, 988, 988, 988, 1001, 1001, 1001, 1001, 1500, 1500, 1500, 1500]
21:59:39.751634 ALT: 1.68
21:59:39.751730 ATT: [0.0, 0.9, 190]
21:59:39.751997 ACC: [-7, 0, 515]
[1500, 1500, 988, 1500, 988, 988, 988, 988, 1001, 1001, 1001, 1001, 1500, 1500, 1500, 1500]
[1500, 1500, 988, 1500, 988, 988, 988, 988, 1001, 1001, 1001, 1001, 1500, 1500, 1500, 1500]
21:59:39.799785 ALT: 1.68
21:59:39.799941 ATT: [0.0, 0.9, 190]
21:59:39.801059 ACC: [-7, 1, 515]
[1500, 1500, 988, 1500, 988, 988, 988, 988, 1001, 1001, 1001, 1001, 1500, 1500, 1500, 1500]
[1500, 1500, 988, 1500, 988, 988, 988, 988, 1001, 1001, 1001, 1001, 1500, 1500, 1500, 1500]
[1500, 1500, 988, 1500, 988, 988, 988, 988, 1001, 1001, 1001, 1001, 1500, 1500, 1500, 1500]
21:59:39.847570 ALT: 1.68
21:59:39.847662 ATT: [0.0, 0.9, 190]
21:59:39.847959 ACC: [-8, 1, 515]
[1500, 1500, 988, 1500, 988, 988, 988, 988, 1001, 1001, 1001, 1001, 1500, 1500, 1500, 1500]
[1500, 1500, 988, 1500, 988, 988, 988, 988, 1001, 1001, 1001, 1001, 1500, 1500, 1500, 1500]
21:59:39.895949 ALT: 1.68
21:59:39.896040 ATT: [0.0, 0.9, 190]
21:59:39.896293 ACC: [-9, -1, 515]
[1500, 1500, 988, 1500, 988, 988, 988, 988, 1001, 1001, 1001, 1001, 1500, 1500, 1500, 1500]
[1500, 1500, 988, 1500, 988, 988, 988, 988, 1001, 1001, 1001, 1001, 1500, 1500, 1500, 1500]
[1500, 1500, 988, 1500, 988, 988, 988, 988, 1001, 1001, 1001, 1001, 1500, 1500, 1500, 1500]
21:59:39.943629 ALT: 1.68
21:59:39.943770 ATT: [0.0, 0.9, 190]
21:59:39.944053 ACC: [-8, 0, 514]
[1500, 1500, 988, 1500, 988, 988, 988, 988, 1001, 1001, 1001, 1001, 1500, 1500, 1500, 1500]
[1500, 1500, 988, 1500, 988, 988, 988, 988, 1001, 1001, 1001, 1001, 1500, 1500, 1500, 1500]
21:59:39.992365 ALT: 1.68
21:59:39.992494 ATT: [0.0, 0.9, 190]
21:59:39.992793 ACC: [-7, 0, 514]
[1500, 1500, 988, 1500, 988, 988, 988, 988, 1001, 1001, 1001, 1001, 1500, 1500, 1500, 1500]
[1500, 1500, 988, 1500, 2011, 988, 988, 988, 1001, 1001, 1001, 1001, 1500, 1500, 1500, 1500]
21:59:40.040084 ALT: 1.68
21:59:40.040240 ATT: [0.0, 0.9, 190]
21:59:40.040688 ACC: [-8, 1, 515]
[1500, 1500, 988, 1500, 2011, 988, 988, 988, 1001, 1001, 1001, 1001, 1500, 1500, 1500, 1500]
[1500, 1500, 988, 1500, 2011, 988, 988, 988, 1001, 1001, 1001, 1001, 1500, 1500, 1500, 1500]
[1500, 1500, 988, 1500, 2011, 988, 988, 988, 1001, 1001, 1001, 1001, 1500, 1500, 1500, 1500]
21:59:40.090746 ALT: 1.68
21:59:40.090845 ATT: [0.0, 0.9, 190]
21:59:40.091199 ACC: [-8, 1, 515]
[1500, 1500, 988, 1500, 2011, 988, 988, 988, 1001, 1001, 1001, 1001, 1500, 1500, 1500, 1500]
[1500, 1500, 988, 1500, 2011, 988, 988, 988, 1001, 1001, 1001, 1001, 1500, 1500, 1500, 1500]
21:59:40.135683 ALT: 0.0
21:59:40.135781 ATT: [0.0, 0.9, 190]
21:59:40.136086 ACC: [-8, 0, 515]
[1500, 1500, 988, 1500, 2011, 988, 988, 988, 1001, 1001, 1001, 1001, 1500, 1500, 1500, 1500]
[1500, 1500, 988, 1500, 2011, 988, 988, 988, 1001, 1001, 1001, 1001, 1500, 1500, 1500, 1500]
[1500, 1500, 988, 1500, 2011, 988, 988, 988, 1001, 1001, 1001, 1001, 1500, 1500, 1500, 1500]
21:59:40.184210 ALT: 0.0
21:59:40.184349 ATT: [0.0, 0.9, 190]
21:59:40.185271 ACC: [-8, 0, 515]
[1500, 1500, 988, 1500, 2011, 988, 988, 988, 1001, 1001, 1001, 1001, 1500, 1500, 1500, 1500]
[1500, 1500, 988, 1500, 2011, 988, 988, 988, 1001, 1001, 1001, 1001, 1500, 1500, 1500, 1500]
21:59:40.231669 ALT: 0.0
21:59:40.231771 ATT: [0.0, 0.9, 190]
21:59:40.232106 ACC: [-6, -1, 515]
[1500, 1500, 988, 1500, 2011, 988, 988, 988, 1001, 1001, 1001, 1001, 1500, 1500, 1500, 1500]
[1500, 1500, 988, 1500, 2011, 988, 988, 988, 1001, 1001, 1001, 1001, 1500, 1500, 1500, 1500]
21:59:40.279619 ALT: 0.0
21:59:40.279701 ATT: [0.0, 0.9, 190]
21:59:40.280002 ACC: [-7, 1, 515]
[1500, 1500, 988, 1500, 2011, 988, 988, 988, 1001, 1001, 1001, 1001, 1500, 1500, 1500, 1500]
[1500, 1500, 988, 1500, 2011, 988, 988, 988, 1001, 1001, 1001, 1001, 1500, 1500, 1500, 1500]
[1500, 1500, 988, 1500, 2011, 988, 988, 988, 1001, 1001, 1001, 1001, 1500, 1500, 1500, 1500]
[1500, 1500, 988, 1500, 2011, 988, 988, 988, 1001, 1001, 1001, 1001, 1500, 1500, 1500, 1500]
21:59:40.343634 ALT: 0.0
21:59:40.343711 ATT: [0.0, 0.9, 190]
21:59:40.343939 ACC: [-8, -2, 515]
[1500, 1500, 988, 1500, 2011, 988, 988, 988, 1001, 1001, 1001, 1001, 1500, 1500, 1500, 1500]
[1500, 1500, 988, 1500, 2011, 988, 988, 988, 1001, 1001, 1001, 1001, 1500, 1500, 1500, 1500]
[1500, 1500, 988, 1500, 2011, 988, 988, 988, 1001, 1001, 1001, 1001, 1500, 1500, 1500, 1500]
21:59:40.407955 ALT: 0.0
21:59:40.408064 ATT: [0.0, 0.9, 190]
21:59:40.408692 ACC: [-7, -2, 515]
[1500, 1500, 988, 1500, 2011, 988, 988, 988, 1001, 1001, 1001, 1001, 1500, 1500, 1500, 1500]
[1500, 1500, 988, 1500, 2011, 988, 988, 988, 1001, 1001, 1001, 1001, 1500, 1500, 1500, 1500]
21:59:40.456449 ALT: 0.0
21:59:40.456588 ATT: [0.0, 0.9, 190]
21:59:40.456952 ACC: [-8, -1, 515]
[1500, 1500, 988, 1500, 2011, 988, 988, 988, 1001, 1001, 1001, 1001, 1500, 1500, 1500, 1500]
[1500, 1500, 988, 1500, 2011, 988, 988, 988, 1001, 1001, 1001, 1001, 1500, 1500, 1500, 1500]
[1500, 1500, 988, 1500, 2011, 988, 988, 988, 1001, 1001, 1001, 1001, 1500, 1500, 1500, 1500]
21:59:40.503825 ALT: 0.0
21:59:40.503997 ATT: [0.0, 0.9, 190]
21:59:40.504429 ACC: [-8, 0, 515]
[1500, 1500, 988, 1500, 2011, 988, 988, 988, 1001, 1001, 1001, 1001, 1500, 1500, 1500, 1500]
[1500, 1500, 988, 1500, 2011, 988, 988, 988, 1001, 1001, 1001, 1001, 1500, 1500, 1500, 1500]
21:59:40.552795 ALT: 0.0
21:59:40.552913 ATT: [0.0, 0.9, 190]
21:59:40.553380 ACC: [-8, -1, 515]
[1500, 1500, 988, 1500, 2011, 988, 988, 988, 1001, 1001, 1001, 1001, 1500, 1500, 1500, 1500]
[1500, 1500, 988, 1500, 2011, 988, 988, 988, 1001, 1001, 1001, 1001, 1500, 1500, 1500, 1500]
21:59:40.599805 ALT: 0.0
21:59:40.599973 ATT: [0.0, 0.9, 190]
21:59:40.601626 ACC: [-8, -2, 514]
[1500, 1500, 988, 1500, 2011, 988, 988, 988, 1001, 1001, 1001, 1001, 1500, 1500, 1500, 1500]
[1500, 1500, 988, 1500, 2011, 988, 988, 988, 1001, 1001, 1001, 1001, 1500, 1500, 1500, 1500]
[1500, 1500, 988, 1500, 2011, 988, 988, 988, 1001, 1001, 1001, 1001, 1500, 1500, 1500, 1500]
21:59:40.647707 ALT: 0.0
21:59:40.647793 ATT: [0.0, 0.9, 190]
21:59:40.648048 ACC: [-7, -1, 516]
[1500, 1500, 988, 1500, 2011, 988, 988, 988, 1001, 1001, 1001, 1001, 1500, 1500, 1500, 1500]
[1500, 1500, 988, 1500, 2011, 988, 988, 988, 1001, 1001, 1001, 1001, 1500, 1500, 1500, 1500]
21:59:40.695705 ALT: 0.0
21:59:40.695789 ATT: [0.0, 0.9, 190]
21:59:40.696134 ACC: [-8, -1, 514]
[1500, 1500, 988, 1500, 2011, 988, 988, 988, 1001, 1001, 1001, 1001, 1500, 1500, 1500, 1500]
[1500, 1500, 988, 1500, 2011, 988, 988, 988, 1001, 1001, 1001, 1001, 1500, 1500, 1500, 1500]
[1500, 1500, 988, 1500, 2011, 988, 988, 988, 1001, 1001, 1001, 1001, 1500, 1500, 1500, 1500]
21:59:40.749987 ALT: 0.0
21:59:40.750103 ATT: [0.0, 0.9, 190]
21:59:40.750922 ACC: [-6, 0, 514]
[1500, 1500, 988, 1500, 2011, 988, 988, 988, 1001, 1001, 1001, 1001, 1500, 1500, 1500, 1500]
[1500, 1500, 988, 1500, 2011, 988, 988, 988, 1001, 1001, 1001, 1001, 1500, 1500, 1500, 1500]
[1500, 1500, 988, 1500, 2011, 988, 988, 988, 1001, 1001, 1001, 1001, 1500, 1500, 1500, 1500]
21:59:40.808219 ALT: 0.0
21:59:40.808382 ATT: [0.0, 0.9, 190]
21:59:40.808819 ACC: [-9, 0, 515]
[1500, 1500, 988, 1500, 2011, 988, 988, 988, 1001, 1001, 1001, 1001, 1500, 1500, 1500, 1500]
[1500, 1500, 988, 1500, 2011, 988, 988, 988, 1001, 1001, 1001, 1001, 1500, 1500, 1500, 1500]
21:59:40.856226 ALT: 0.0
21:59:40.858753 ATT: [0.0, 0.9, 190]
21:59:40.859719 ACC: [-7, -1, 515]
[1500, 1500, 988, 1500, 2011, 988, 988, 988, 1001, 1001, 1001, 1001, 1500, 1500, 1500, 1500]
[1500, 1500, 988, 1500, 2011, 988, 988, 988, 1001, 1001, 1001, 1001, 1500, 1500, 1500, 1500]
[1500, 1500, 988, 1500, 2011, 988, 988, 988, 1001, 1001, 1001, 1001, 1500, 1500, 1500, 1500]
21:59:40.903762 ALT: 0.0
21:59:40.903886 ATT: [0.0, 0.9, 190]
21:59:40.904234 ACC: [-8, -1, 515]
[1500, 1500, 988, 1500, 2011, 988, 988, 988, 1001, 1001, 1001, 1001, 1500, 1500, 1500, 1500]
[1500, 1500, 988, 1500, 2011, 988, 988, 988, 1001, 1001, 1001, 1001, 1500, 1500, 1500, 1500]
21:59:40.952705 ALT: 0.0
21:59:40.952791 ATT: [0.0, 0.9, 190]
21:59:40.953090 ACC: [-8, -1, 515]
[1500, 1500, 988, 1500, 2011, 988, 988, 988, 1001, 1001, 1001, 1001, 1500, 1500, 1500, 1500]
[1500, 1500, 988, 1500, 2011, 988, 988, 988, 1001, 1001, 1001, 1001, 1500, 1500, 1500, 1500]
21:59:41.001993 ALT: 0.0
21:59:41.002097 ATT: [0.0, 0.9, 190]
21:59:41.002522 ACC: [-8, 0, 515]
[1500, 1500, 988, 1500, 2011, 988, 988, 988, 1001, 1001, 1001, 1001, 1500, 1500, 1500, 1500]
[1500, 1500, 988, 1500, 2011, 988, 988, 988, 1001, 1001, 1001, 1001, 1500, 1500, 1500, 1500]
[1500, 1500, 988, 1500, 2011, 988, 988, 988, 1001, 1001, 1001, 1001, 1500, 1500, 1500, 1500]
21:59:41.047830 ALT: 0.0
21:59:41.047922 ATT: [0.0, 0.9, 190]
21:59:41.048261 ACC: [-7, -1, 515]
[1500, 1500, 988, 1500, 2011, 988, 988, 988, 1001, 1001, 1001, 1001, 1500, 1500, 1500, 1500]
[1500, 1500, 988, 1500, 2011, 988, 988, 988, 1001, 1001, 1001, 1001, 1500, 1500, 1500, 1500]
21:59:41.095795 ALT: 0.0
21:59:41.095882 ATT: [0.0, 0.9, 190]
21:59:41.096174 ACC: [-7, -1, 515]
[1500, 1500, 988, 1500, 2011, 988, 988, 988, 1001, 1001, 1001, 1001, 1500, 1500, 1500, 1500]
[1500, 1500, 988, 1500, 2011, 988, 988, 988, 1001, 1001, 1001, 1001, 1500, 1500, 1500, 1500]
[1500, 1500, 988, 1500, 2011, 988, 988, 988, 1001, 1001, 1001, 1001, 1500, 1500, 1500, 1500]
21:59:41.143803 ALT: 0.0
21:59:41.143893 ATT: [0.0, 0.9, 190]
21:59:41.144177 ACC: [-8, -1, 514]
[1500, 1500, 988, 1500, 2011, 988, 988, 988, 1001, 1001, 1001, 1001, 1500, 1500, 1500, 1500]
[1500, 1500, 988, 1500, 2011, 988, 988, 988, 1001, 1001, 1001, 1001, 1500, 1500, 1500, 1500]
21:59:41.191908 ALT: 0.0
21:59:41.192029 ATT: [0.0, 0.9, 190]
21:59:41.192941 ACC: [-6, -1, 515]
[1500, 1500, 988, 1500, 2011, 988, 988, 988, 1001, 1001, 1001, 1001, 1500, 1500, 1500, 1500]
[1500, 1500, 988, 1500, 2011, 988, 988, 988, 1001, 1001, 1001, 1001, 1500, 1500, 1500, 1500]
21:59:41.239931 ALT: 0.0
21:59:41.240067 ATT: [0.0, 0.9, 190]
21:59:41.240699 ACC: [-8, -1, 515]
[1500, 1500, 988, 1500, 2011, 988, 988, 988, 1001, 1001, 1001, 1001, 1500, 1500, 1500, 1500]
[1500, 1500, 988, 1500, 2011, 988, 988, 988, 1001, 1001, 1001, 1001, 1500, 1500, 1500, 1500]
[1500, 1500, 988, 1500, 2011, 988, 988, 988, 1001, 1001, 1001, 1001, 1500, 1500, 1500, 1500]
21:59:41.288018 ALT: 0.0
21:59:41.288116 ATT: [0.0, 0.9, 190]
21:59:41.288392 ACC: [-8, -1, 515]
[1500, 1500, 988, 1500, 2011, 988, 988, 988, 1001, 1001, 1001, 1001, 1500, 1500, 1500, 1500]
[1500, 1500, 988, 1500, 2011, 988, 988, 988, 1001, 1001, 1001, 1001, 1500, 1500, 1500, 1500]
21:59:41.335903 ALT: 0.0
21:59:41.336000 ATT: [0.0, 0.9, 190]
21:59:41.336285 ACC: [-7, -1, 515]
[1500, 1500, 988, 1500, 2011, 988, 988, 988, 1001, 1001, 1001, 1001, 1500, 1500, 1500, 1500]
[1500, 1500, 988, 1500, 2011, 988, 988, 988, 1001, 1001, 1001, 1001, 1500, 1500, 1500, 1500]
[1500, 1500, 988, 1500, 2011, 988, 988, 988, 1001, 1001, 1001, 1001, 1500, 1500, 1500, 1500]
21:59:41.384233 ALT: 0.0
21:59:41.384424 ATT: [0.0, 0.9, 190]
21:59:41.385990 ACC: [-8, -1, 515]
[1500, 1500, 988, 1500, 2011, 988, 988, 988, 1001, 1001, 1001, 1001, 1500, 1500, 1500, 1500]
[1500, 1500, 988, 1500, 2011, 988, 988, 988, 1001, 1001, 1001, 1001, 1500, 1500, 1500, 1500]
21:59:41.431903 ALT: 0.0
21:59:41.431994 ATT: [0.0, 0.9, 190]
21:59:41.432282 ACC: [-7, -1, 515]
[1500, 1500, 988, 1500, 2011, 988, 988, 988, 1001, 1001, 1001, 1001, 1500, 1500, 1500, 1500]
[1500, 1500, 988, 1500, 2011, 988, 988, 988, 1001, 1001, 1001, 1001, 1500, 1500, 1500, 1500]
21:59:41.479869 ALT: 0.0
21:59:41.479979 ATT: [-0.1, 0.9, 190]
21:59:41.480641 ACC: [-7, -1, 514]
[1500, 1500, 988, 1500, 2011, 988, 988, 988, 1001, 1001, 1001, 1001, 1500, 1500, 1500, 1500]
[1500, 1500, 988, 1500, 2011, 988, 988, 988, 1001, 1001, 1001, 1001, 1500, 1500, 1500, 1500]
[1500, 1500, 988, 1500, 2011, 988, 988, 988, 1001, 1001, 1001, 1001, 1500, 1500, 1500, 1500]
21:59:41.529018 ALT: 0.0
21:59:41.529105 ATT: [-0.1, 0.9, 190]
21:59:41.529482 ACC: [-8, -1, 515]
[1500, 1500, 988, 1500, 2011, 988, 988, 988, 1001, 1001, 1001, 1001, 1500, 1500, 1500, 1500]
[1500, 1500, 988, 1500, 2011, 988, 988, 988, 1001, 1001, 1001, 1001, 1500, 1500, 1500, 1500]
21:59:41.575947 ALT: 0.0
21:59:41.576035 ATT: [-0.1, 0.9, 190]
21:59:41.576311 ACC: [-8, -1, 515]
[1500, 1500, 988, 1500, 2011, 988, 988, 988, 1001, 1001, 1001, 1001, 1500, 1500, 1500, 1500]
[1500, 1500, 988, 1500, 2011, 988, 988, 988, 1001, 1001, 1001, 1001, 1500, 1500, 1500, 1500]
[1500, 1500, 988, 1500, 2011, 988, 988, 988, 1001, 1001, 1001, 1001, 1500, 1500, 1500, 1500]
21:59:41.624202 ALT: 0.0
21:59:41.624336 ATT: [-0.1, 0.9, 190]
21:59:41.624975 ACC: [-7, -1, 515]
[1500, 1500, 988, 1500, 2011, 988, 988, 988, 1001, 1001, 1001, 1001, 1500, 1500, 1500, 1500]
[1500, 1500, 988, 1500, 2011, 988, 988, 988, 1001, 1001, 1001, 1001, 1500, 1500, 1500, 1500]
21:59:41.672012 ALT: 0.0
21:59:41.672125 ATT: [-0.1, 0.9, 190]
21:59:41.672493 ACC: [-7, -1, 515]
[1500, 1500, 988, 1500, 2011, 988, 988, 988, 1001, 1001, 1001, 1001, 1500, 1500, 1500, 1500]
[1500, 1500, 988, 1500, 2011, 988, 988, 988, 1001, 1001, 1001, 1001, 1500, 1500, 1500, 1500]
21:59:41.720547 ALT: 0.0
21:59:41.720651 ATT: [-0.1, 0.9, 190]
21:59:41.721076 ACC: [-7, 0, 514]
[1500, 1500, 988, 1500, 2011, 988, 988, 988, 1001, 1001, 1001, 1001, 1500, 1500, 1500, 1500]
[1500, 1500, 988, 1500, 2011, 988, 988, 988, 1001, 1001, 1001, 1001, 1500, 1500, 1500, 1500]
[1500, 1500, 988, 1500, 2011, 988, 988, 988, 1001, 1001, 1001, 1001, 1500, 1500, 1500, 1500]
21:59:41.769326 ALT: 0.0
21:59:41.769430 ATT: [-0.1, 0.9, 190]
21:59:41.769792 ACC: [-8, -1, 515]
[1500, 1500, 988, 1500, 2011, 988, 988, 988, 1001, 1001, 1001, 1001, 1500, 1500, 1500, 1500]
[1500, 1500, 988, 1500, 2011, 988, 988, 988, 1001, 1001, 1001, 1001, 1500, 1500, 1500, 1500]
21:59:41.815886 ALT: 0.0
21:59:41.815975 ATT: [-0.1, 0.9, 190]
21:59:41.817117 ACC: [-8, -2, 515]
[1500, 1500, 988, 1500, 2011, 988, 988, 988, 1001, 1001, 1001, 1001, 1500, 1500, 1500, 1500]
[1500, 1500, 988, 1500, 2011, 988, 988, 988, 1001, 1001, 1001, 1001, 1500, 1500, 1500, 1500]
[1500, 1500, 988, 1500, 2011, 988, 988, 988, 1001, 1001, 1001, 1001, 1500, 1500, 1500, 1500]
21:59:41.863942 ALT: 0.0
21:59:41.864048 ATT: [-0.1, 0.9, 190]
21:59:41.864430 ACC: [-7, 0, 514]
[1500, 1500, 988, 1500, 2011, 988, 988, 988, 1001, 1001, 1001, 1001, 1500, 1500, 1500, 1500]
[1500, 1500, 988, 1500, 2011, 988, 988, 988, 1001, 1001, 1001, 1001, 1500, 1500, 1500, 1500]
21:59:41.911837 ALT: 0.0
21:59:41.911925 ATT: [-0.1, 0.9, 190]
21:59:41.912199 ACC: [-6, -1, 515]
[1500, 1500, 988, 1500, 2011, 988, 988, 988, 1001, 1001, 1001, 1001, 1500, 1500, 1500, 1500]
[1500, 1500, 988, 1500, 2011, 988, 988, 988, 1001, 1001, 1001, 1001, 1500, 1500, 1500, 1500]
21:59:41.960017 ALT: 0.0
21:59:41.960112 ATT: [-0.1, 0.9, 190]
21:59:41.960400 ACC: [-8, -1, 515]
[1500, 1500, 988, 1500, 2011, 988, 988, 988, 1001, 1001, 1001, 1001, 1500, 1500, 1500, 1500]
[1500, 1500, 988, 1500, 2011, 988, 988, 988, 1001, 1001, 1001, 1001, 1500, 1500, 1500, 1500]
[1500, 1500, 988, 1500, 2011, 988, 988, 988, 1001, 1001, 1001, 1001, 1500, 1500, 1500, 1500]
21:59:42.008403 ALT: 0.0
21:59:42.008487 ATT: [-0.1, 0.9, 190]
21:59:42.008812 ACC: [-8, -1, 515]
[1500, 1500, 988, 1500, 2011, 988, 988, 988, 1001, 1001, 1001, 1001, 1500, 1500, 1500, 1500]
[1500, 1500, 988, 1500, 2011, 988, 988, 988, 1001, 1001, 1001, 1001, 1500, 1500, 1500, 1500]
21:59:42.056201 ALT: 0.0
21:59:42.056372 ATT: [-0.1, 0.9, 190]
21:59:42.056921 ACC: [-7, -2, 515]
[1500, 1500, 988, 1500, 2011, 988, 988, 988, 1001, 1001, 1001, 1001, 1500, 1500, 1500, 1500]
[1500, 1500, 988, 1500, 2011, 988, 988, 988, 1001, 1001, 1001, 1001, 1500, 1500, 1500, 1500]
[1500, 1500, 988, 1500, 2011, 988, 988, 988, 1001, 1001, 1001, 1001, 1500, 1500, 1500, 1500]
21:59:42.104226 ALT: 0.0
21:59:42.104317 ATT: [-0.1, 0.9, 190]
21:59:42.104664 ACC: [-7, -1, 515]
[1500, 1500, 988, 1500, 2011, 988, 988, 988, 1001, 1001, 1001, 1001, 1500, 1500, 1500, 1500]
[1500, 1500, 988, 1500, 2011, 988, 988, 988, 1001, 1001, 1001, 1001, 1500, 1500, 1500, 1500]
21:59:42.152054 ALT: 0.0
21:59:42.152232 ATT: [-0.1, 0.9, 190]
21:59:42.153625 ACC: [-8, -1, 515]
[1500, 1500, 988, 1500, 2011, 988, 988, 988, 1001, 1001, 1001, 1001, 1500, 1500, 1500, 1500]
[1500, 1500, 988, 1500, 2011, 988, 988, 988, 1001, 1001, 1001, 1001, 1500, 1500, 1500, 1500]
21:59:42.200058 ALT: 0.0
21:59:42.200226 ATT: [-0.1, 0.9, 190]
21:59:42.200570 ACC: [-6, -1, 515]
[1500, 1500, 988, 1500, 2011, 988, 988, 988, 1001, 1001, 1001, 1001, 1500, 1500, 1500, 1500]
[1500, 1500, 988, 1500, 2011, 988, 988, 988, 1001, 1001, 1001, 1001, 1500, 1500, 1500, 1500]
[1500, 1500, 988, 1500, 2011, 988, 988, 988, 1001, 1001, 1001, 1001, 1500, 1500, 1500, 1500]
21:59:42.247973 ALT: 0.0
21:59:42.248070 ATT: [-0.1, 0.9, 190]
21:59:42.248553 ACC: [-8, 0, 515]
[1500, 1500, 988, 1500, 2011, 988, 988, 988, 1001, 1001, 1001, 1001, 1500, 1500, 1500, 1500]
[1500, 1500, 988, 1500, 2011, 988, 988, 988, 1001, 1001, 1001, 1001, 1500, 1500, 1500, 1500]
21:59:42.296097 ALT: 0.0
21:59:42.296187 ATT: [-0.1, 0.9, 190]
21:59:42.296574 ACC: [-8, -2, 516]
[1500, 1500, 988, 1500, 2011, 988, 988, 988, 1001, 1001, 1001, 1001, 1500, 1500, 1500, 1500]
[1500, 1500, 988, 1500, 2011, 988, 988, 988, 1001, 1001, 1001, 1001, 1500, 1500, 1500, 1500]
[1500, 1500, 988, 1500, 2011, 988, 988, 988, 1001, 1001, 1001, 1001, 1500, 1500, 1500, 1500]
21:59:42.344055 ALT: 0.0
21:59:42.344157 ATT: [-0.1, 0.9, 190]
21:59:42.344563 ACC: [-8, -1, 514]
[1500, 1500, 988, 1500, 2011, 988, 988, 988, 1001, 1001, 1001, 1001, 1500, 1500, 1500, 1500]
[1500, 1500, 988, 1500, 2011, 988, 988, 988, 1001, 1001, 1001, 1001, 1500, 1500, 1500, 1500]
[1500, 1500, 988, 1500, 2011, 988, 988, 988, 1001, 1001, 1001, 1001, 1500, 1500, 1500, 1500]
21:59:42.408331 ALT: 0.0
21:59:42.408445 ATT: [-0.1, 0.9, 190]
21:59:42.408894 ACC: [-7, -1, 515]
[1500, 1500, 988, 1500, 2011, 988, 988, 988, 1001, 1001, 1001, 1001, 1500, 1500, 1500, 1500]
[1500, 1500, 988, 1500, 2011, 988, 988, 988, 1001, 1001, 1001, 1001, 1500, 1500, 1500, 1500]
21:59:42.456453 ALT: 0.0
21:59:42.456715 ATT: [-0.1, 0.9, 190]
21:59:42.457120 ACC: [-7, -1, 515]
[1500, 1500, 988, 1500, 2011, 988, 988, 988, 1001, 1001, 1001, 1001, 1500, 1500, 1500, 1500]
[1500, 1500, 988, 1500, 2011, 988, 988, 988, 1001, 1001, 1001, 1001, 1500, 1500, 1500, 1500]
[1500, 1500, 988, 1500, 2011, 988, 988, 988, 1001, 1001, 1001, 1001, 1500, 1500, 1500, 1500]
21:59:42.504590 ALT: 0.0
21:59:42.504693 ATT: [-0.1, 0.9, 190]
21:59:42.505046 ACC: [-8, 0, 515]
[1500, 1500, 988, 1500, 2011, 988, 988, 988, 1001, 1001, 1001, 1001, 1500, 1500, 1500, 1500]
[1500, 1500, 988, 1500, 2011, 988, 988, 988, 1001, 1001, 1001, 1001, 1500, 1500, 1500, 1500]
21:59:42.552096 ALT: 0.0
21:59:42.552224 ATT: [-0.1, 0.9, 190]
21:59:42.552669 ACC: [-7, -1, 515]
[1500, 1500, 988, 1500, 2011, 988, 988, 988, 1001, 1001, 1001, 1001, 1500, 1500, 1500, 1500]
[1500, 1500, 988, 1500, 2011, 988, 988, 988, 1001, 1001, 1001, 1001, 1500, 1500, 1500, 1500]
21:59:42.600274 ALT: 0.0
21:59:42.600441 ATT: [-0.1, 0.9, 190]
21:59:42.600813 ACC: [-7, -1, 515]
[1500, 1500, 988, 1500, 2011, 988, 988, 988, 1001, 1001, 1001, 1001, 1500, 1500, 1500, 1500]
[1500, 1500, 988, 1500, 2011, 988, 988, 988, 1001, 1001, 1001, 1001, 1500, 1500, 1500, 1500]
[1500, 1500, 988, 1500, 2011, 988, 988, 988, 1001, 1001, 1001, 1001, 1500, 1500, 1500, 1500]
21:59:42.648716 ALT: 0.0
21:59:42.648821 ATT: [-0.1, 0.9, 190]
21:59:42.649094 ACC: [-9, -1, 515]
[1500, 1500, 988, 1500, 2011, 988, 988, 988, 1001, 1001, 1001, 1001, 1500, 1500, 1500, 1500]
[1500, 1500, 988, 1500, 2011, 988, 988, 988, 1001, 1001, 1001, 1001, 1500, 1500, 1500, 1500]
21:59:42.696351 ALT: 0.0
21:59:42.696450 ATT: [-0.1, 0.9, 190]
21:59:42.696783 ACC: [-7, 0, 515]
[1500, 1500, 988, 1500, 2011, 988, 988, 988, 1001, 1001, 1001, 1001, 1500, 1500, 1500, 1500]
[1500, 1500, 988, 1500, 2011, 988, 988, 988, 1001, 1001, 1001, 1001, 1500, 1500, 1500, 1500]
[1500, 1500, 988, 1500, 2011, 988, 988, 988, 1001, 1001, 1001, 1001, 1500, 1500, 1500, 1500]
21:59:42.744261 ALT: 0.0
21:59:42.744356 ATT: [-0.1, 0.9, 190]
21:59:42.744616 ACC: [-8, -2, 515]
[1500, 1500, 988, 1500, 2011, 988, 988, 988, 1001, 1001, 1001, 1001, 1500, 1500, 1500, 1500]
[1500, 1500, 988, 1500, 2011, 988, 988, 988, 1001, 1001, 1001, 1001, 1500, 1500, 1500, 1500]
21:59:42.792418 ALT: 0.0
21:59:42.792621 ATT: [-0.1, 0.9, 190]
21:59:42.793021 ACC: [-8, -1, 515]
[1500, 1500, 988, 1500, 2011, 988, 988, 988, 1001, 1001, 1001, 1001, 1500, 1500, 1500, 1500]
[1500, 1500, 988, 1500, 2011, 988, 988, 988, 1001, 1001, 1001, 1001, 1500, 1500, 1500, 1500]
21:59:42.840551 ALT: 0.0
21:59:42.840676 ATT: [-0.1, 0.9, 190]
21:59:42.841143 ACC: [-8, -1, 515]
[1500, 1500, 988, 1500, 2011, 988, 988, 988, 1001, 1001, 1001, 1001, 1500, 1500, 1500, 1500]
[1500, 1500, 988, 1500, 2011, 988, 988, 988, 1001, 1001, 1001, 1001, 1500, 1500, 1500, 1500]
[1500, 1500, 988, 1500, 2011, 988, 988, 988, 1001, 1001, 1001, 1001, 1500, 1500, 1500, 1500]
21:59:42.888254 ALT: 0.0
21:59:42.888352 ATT: [-0.1, 0.9, 190]
21:59:42.888675 ACC: [-8, 0, 515]
[1500, 1500, 988, 1500, 2011, 988, 988, 988, 1001, 1001, 1001, 1001, 1500, 1500, 1500, 1500]
[1500, 1500, 988, 1500, 2011, 988, 988, 988, 1001, 1001, 1001, 1001, 1500, 1500, 1500, 1500]
21:59:42.939667 ALT: 0.0
21:59:42.939785 ATT: [-0.1, 0.9, 190]
21:59:42.940420 ACC: [-7, -1, 515]
[1500, 1500, 988, 1500, 2011, 988, 988, 988, 1001, 1001, 1001, 1001, 1500, 1500, 1500, 1500]
[1500, 1500, 988, 1500, 2011, 988, 988, 988, 1001, 1001, 1001, 1001, 1500, 1500, 1500, 1500]
[1500, 1500, 988, 1500, 2011, 988, 988, 988, 1001, 1001, 1001, 1001, 1500, 1500, 1500, 1500]
21:59:42.984029 ALT: 0.0
21:59:42.984118 ATT: [-0.1, 0.9, 190]
21:59:42.984417 ACC: [-8, -1, 515]
[1500, 1500, 988, 1500, 2011, 988, 988, 988, 1001, 1001, 1001, 1001, 1500, 1500, 1500, 1500]
[1500, 1500, 988, 1500, 2011, 988, 988, 988, 1001, 1001, 1001, 1001, 1500, 1500, 1500, 1500]
21:59:43.032468 ALT: 0.0
21:59:43.032556 ATT: [-0.1, 0.9, 190]
21:59:43.032820 ACC: [-7, -1, 515]
[1500, 1500, 988, 1500, 2011, 988, 988, 988, 1001, 1001, 1001, 1001, 1500, 1500, 1500, 1500]
[1500, 1500, 988, 1500, 2011, 988, 988, 988, 1001, 1001, 1001, 1001, 1500, 1500, 1500, 1500]
21:59:43.080222 ALT: 0.0
21:59:43.080312 ATT: [-0.1, 0.9, 190]
21:59:43.080582 ACC: [-8, -1, 514]
[1500, 1500, 988, 1500, 2011, 988, 988, 988, 1001, 1001, 1001, 1001, 1500, 1500, 1500, 1500]
[1500, 1500, 988, 1500, 2011, 988, 988, 988, 1001, 1001, 1001, 1001, 1500, 1500, 1500, 1500]
[1500, 1500, 988, 1500, 2011, 988, 988, 988, 1001, 1001, 1001, 1001, 1500, 1500, 1500, 1500]
21:59:43.134834 ALT: 0.0
21:59:43.134946 ATT: [-0.1, 0.9, 190]
21:59:43.135285 ACC: [-8, -1, 516]
[1500, 1500, 988, 1500, 2011, 988, 988, 988, 1001, 1001, 1001, 1001, 1500, 1500, 1500, 1500]
[1500, 1500, 988, 1500, 2011, 988, 988, 988, 1001, 1001, 1001, 1001, 1500, 1500, 1500, 1500]
21:59:43.176072 ALT: 0.0
21:59:43.176162 ATT: [-0.1, 0.9, 190]
21:59:43.176445 ACC: [-8, -1, 515]
[1500, 1500, 988, 1500, 2011, 988, 988, 988, 1001, 1001, 1001, 1001, 1500, 1500, 1500, 1500]
[1500, 1500, 988, 1500, 2011, 988, 988, 988, 1001, 1001, 1001, 1001, 1500, 1500, 1500, 1500]
[1500, 1500, 988, 1500, 2011, 988, 988, 988, 1001, 1001, 1001, 1001, 1500, 1500, 1500, 1500]
21:59:43.224404 ALT: 0.0
21:59:43.224510 ATT: [-0.1, 0.9, 190]
21:59:43.224853 ACC: [-8, -1, 515]
[1500, 1500, 988, 1500, 2011, 988, 988, 988, 1001, 1001, 1001, 1001, 1500, 1500, 1500, 1500]
[1500, 1500, 988, 1500, 2011, 988, 988, 988, 1001, 1001, 1001, 1001, 1500, 1500, 1500, 1500]
21:59:43.273945 ALT: 0.0
21:59:43.274048 ATT: [-0.1, 0.9, 190]
21:59:43.274371 ACC: [-8, -1, 514]
[1500, 1500, 988, 1500, 2011, 988, 988, 988, 1001, 1001, 1001, 1001, 1500, 1500, 1500, 1500]
[1500, 1500, 988, 1500, 2011, 988, 988, 988, 1001, 1001, 1001, 1001, 1500, 1500, 1500, 1500]
[1500, 1500, 988, 1500, 2011, 988, 988, 988, 1001, 1001, 1001, 1001, 1500, 1500, 1500, 1500]
21:59:43.324104 ALT: 0.0
21:59:43.324375 ATT: [-0.1, 0.9, 190]
21:59:43.324884 ACC: [-8, -1, 515]
[1500, 1500, 988, 1500, 2011, 988, 988, 988, 1001, 1001, 1001, 1001, 1500, 1500, 1500, 1500]
[1500, 1500, 988, 1500, 2011, 988, 988, 988, 1001, 1001, 1001, 1001, 1500, 1500, 1500, 1500]
21:59:43.368030 ALT: 0.0
21:59:43.368123 ATT: [-0.1, 0.9, 190]
21:59:43.368464 ACC: [-6, 0, 515]
[1500, 1500, 988, 1500, 2011, 988, 988, 988, 1001, 1001, 1001, 1001, 1500, 1500, 1500, 1500]
[1500, 1500, 988, 1500, 2011, 988, 988, 988, 1001, 1001, 1001, 1001, 1500, 1500, 1500, 1500]
21:59:43.416297 ALT: 0.0
21:59:43.416385 ATT: [-0.1, 0.9, 190]
21:59:43.416711 ACC: [-8, -1, 515]
[1500, 1500, 988, 1500, 2011, 988, 988, 988, 1001, 1001, 1001, 1001, 1500, 1500, 1500, 1500]
[1500, 1500, 988, 1500, 2011, 988, 988, 988, 1001, 1001, 1001, 1001, 1500, 1500, 1500, 1500]
[1500, 1500, 988, 1500, 2011, 988, 988, 988, 1001, 1001, 1001, 1001, 1500, 1500, 1500, 1500]
21:59:43.464146 ALT: 0.04
21:59:43.464245 ATT: [-0.1, 0.9, 190]
21:59:43.464520 ACC: [-9, -1, 515]
[1500, 1500, 988, 1500, 2011, 988, 988, 988, 1001, 1001, 1001, 1001, 1500, 1500, 1500, 1500]
[1500, 1500, 988, 1500, 2011, 988, 988, 988, 1001, 1001, 1001, 1001, 1500, 1500, 1500, 1500]
21:59:43.513321 ALT: 0.07
21:59:43.513418 ATT: [-0.1, 0.9, 190]
21:59:43.513806 ACC: [-7, 0, 515]
[1500, 1500, 988, 1500, 2011, 988, 988, 988, 1001, 1001, 1001, 1001, 1500, 1500, 1500, 1500]
[1500, 1500, 988, 1500, 2011, 988, 988, 988, 1001, 1001, 1001, 1001, 1500, 1500, 1500, 1500]
21:59:43.561844 ALT: 0.08
21:59:43.561949 ATT: [-0.1, 0.9, 190]
21:59:43.562351 ACC: [-7, -1, 515]
[1500, 1500, 988, 1500, 2011, 988, 988, 988, 1001, 1001, 1001, 1001, 1500, 1500, 1500, 1500]
[1500, 1500, 988, 1500, 2011, 988, 988, 988, 1001, 1001, 1001, 1001, 1500, 1500, 1500, 1500]
[1500, 1500, 988, 1500, 2011, 988, 988, 988, 1001, 1001, 1001, 1001, 1500, 1500, 1500, 1500]
21:59:43.609961 ALT: 0.08
21:59:43.610060 ATT: [-0.1, 0.9, 190]
21:59:43.610322 ACC: [-8, -1, 515]
[1500, 1500, 988, 1500, 2011, 988, 988, 988, 1001, 1001, 1001, 1001, 1500, 1500, 1500, 1500]
[1500, 1500, 988, 1500, 2011, 988, 988, 988, 1001, 1001, 1001, 1001, 1500, 1500, 1500, 1500]
21:59:43.656859 ALT: 0.08
21:59:43.657079 ATT: [-0.1, 0.9, 190]
21:59:43.657842 ACC: [-8, 0, 515]
[1500, 1500, 988, 1500, 2011, 988, 988, 988, 1001, 1001, 1001, 1001, 1500, 1500, 1500, 1500]
[1500, 1500, 988, 1500, 2011, 988, 988, 988, 1001, 1001, 1001, 1001, 1500, 1500, 1500, 1500]
[1500, 1500, 988, 1500, 2011, 988, 988, 988, 1001, 1001, 1001, 1001, 1500, 1500, 1500, 1500]
21:59:43.704267 ALT: 0.08
21:59:43.704365 ATT: [-0.1, 0.9, 190]
21:59:43.704635 ACC: [-7, -1, 515]
[1500, 1500, 988, 1500, 2011, 988, 988, 988, 1001, 1001, 1001, 1001, 1500, 1500, 1500, 1500]
[1500, 1500, 988, 1500, 2011, 988, 988, 988, 1001, 1001, 1001, 1001, 1500, 1500, 1500, 1500]
21:59:43.752190 ALT: 0.08
21:59:43.752298 ATT: [-0.1, 0.9, 190]
21:59:43.752725 ACC: [-7, -1, 515]
[1500, 1500, 988, 1500, 2011, 988, 988, 988, 1001, 1001, 1001, 1001, 1500, 1500, 1500, 1500]
[1500, 1500, 988, 1500, 2011, 988, 988, 988, 1001, 1001, 1001, 1001, 1500, 1500, 1500, 1500]
21:59:43.800222 ALT: 0.08
21:59:43.800317 ATT: [-0.1, 0.9, 190]
21:59:43.800608 ACC: [-7, 0, 515]
[1500, 1500, 988, 1500, 2011, 988, 988, 988, 1001, 1001, 1001, 1001, 1500, 1500, 1500, 1500]
[1500, 1500, 988, 1500, 2011, 988, 988, 988, 1001, 1001, 1001, 1001, 1500, 1500, 1500, 1500]
[1500, 1500, 988, 1500, 2011, 988, 988, 988, 1001, 1001, 1001, 1001, 1500, 1500, 1500, 1500]
21:59:43.848179 ALT: 0.08
21:59:43.848284 ATT: [-0.1, 0.9, 190]
21:59:43.848551 ACC: [-7, 0, 515]
[1500, 1500, 988, 1500, 2011, 988, 988, 988, 1001, 1001, 1001, 1001, 1500, 1500, 1500, 1500]
[1500, 1500, 988, 1500, 2011, 988, 988, 988, 1001, 1001, 1001, 1001, 1500, 1500, 1500, 1500]
21:59:43.896267 ALT: 0.08
21:59:43.896363 ATT: [-0.1, 0.9, 190]
21:59:43.896641 ACC: [-7, 0, 515]
[1500, 1500, 988, 1500, 2011, 988, 988, 988, 1001, 1001, 1001, 1001, 1500, 1500, 1500, 1500]
[1500, 1500, 988, 1500, 2011, 988, 988, 988, 1001, 1001, 1001, 1001, 1500, 1500, 1500, 1500]
[1500, 1500, 988, 1500, 2011, 988, 988, 988, 1001, 1001, 1001, 1001, 1500, 1500, 1500, 1500]
21:59:43.949994 ALT: 0.08
21:59:43.950106 ATT: [-0.1, 0.9, 190]
21:59:43.950419 ACC: [-7, 0, 515]
[1500, 1500, 988, 1500, 2011, 988, 988, 988, 1001, 1001, 1001, 1001, 1500, 1500, 1500, 1500]
[1500, 1500, 988, 1500, 2011, 988, 988, 988, 1001, 1001, 1001, 1001, 1500, 1500, 1500, 1500]
21:59:43.992669 ALT: 0.08
21:59:43.992810 ATT: [-0.1, 0.9, 190]
21:59:43.993243 ACC: [-8, -1, 515]
[1500, 1500, 988, 1500, 2011, 988, 988, 988, 1001, 1001, 1001, 1001, 1500, 1500, 1500, 1500]
[1500, 1500, 988, 1500, 2011, 988, 988, 988, 1001, 1001, 1001, 1001, 1500, 1500, 1500, 1500]
21:59:44.040680 ALT: 0.08
21:59:44.040943 ATT: [-0.1, 0.9, 190]
21:59:44.041606 ACC: [-9, -2, 515]
[1500, 1500, 988, 1500, 2011, 988, 988, 988, 1001, 1001, 1001, 1001, 1500, 1500, 1500, 1500]
[1500, 1500, 988, 1500, 2011, 988, 988, 988, 1001, 1001, 1001, 1001, 1500, 1500, 1500, 1500]
[1500, 1500, 988, 1500, 2011, 988, 988, 988, 1001, 1001, 1001, 1001, 1500, 1500, 1500, 1500]
21:59:44.088478 ALT: 0.08
21:59:44.088712 ATT: [-0.1, 0.9, 190]
21:59:44.089220 ACC: [-7, -2, 515]
[1500, 1500, 988, 1500, 2011, 988, 988, 988, 1001, 1001, 1001, 1001, 1500, 1500, 1500, 1500]
[1500, 1500, 988, 1500, 2011, 988, 988, 988, 1001, 1001, 1001, 1001, 1500, 1500, 1500, 1500]
21:59:44.139317 ALT: 0.08
21:59:44.139443 ATT: [-0.1, 0.9, 190]
21:59:44.139769 ACC: [-7, -1, 515]
[1500, 1500, 988, 1500, 2011, 988, 988, 988, 1001, 1001, 1001, 1001, 1500, 1500, 1500, 1500]
[1500, 1500, 988, 1500, 2011, 988, 988, 988, 1001, 1001, 1001, 1001, 1500, 1500, 1500, 1500]
[1500, 1500, 988, 1500, 2011, 988, 988, 988, 1001, 1001, 1001, 1001, 1500, 1500, 1500, 1500]
21:59:44.184286 ALT: 0.08
21:59:44.184380 ATT: [-0.1, 0.9, 190]
21:59:44.184699 ACC: [-8, 0, 515]
[1500, 1500, 988, 1500, 2011, 988, 988, 988, 1001, 1001, 1001, 1001, 1500, 1500, 1500, 1500]
[1500, 1500, 988, 1500, 2011, 988, 988, 988, 1001, 1001, 1001, 1001, 1500, 1500, 1500, 1500]
21:59:44.232278 ALT: 0.08
21:59:44.232381 ATT: [-0.1, 0.9, 190]
21:59:44.232668 ACC: [-7, -1, 515]
[1500, 1500, 988, 1500, 2011, 988, 988, 988, 1001, 1001, 1001, 1001, 1500, 1500, 1500, 1500]
[1500, 1500, 988, 1500, 2011, 988, 988, 988, 1001, 1001, 1001, 1001, 1500, 1500, 1500, 1500]
21:59:44.281720 ALT: 0.08
21:59:44.281825 ATT: [-0.1, 0.9, 190]
21:59:44.282176 ACC: [-8, 0, 515]
[1500, 1500, 988, 1500, 2011, 988, 988, 988, 1001, 1001, 1001, 1001, 1500, 1500, 1500, 1500]
[1500, 1500, 988, 1500, 2011, 988, 988, 988, 1001, 1001, 1001, 1001, 1500, 1500, 1500, 1500]
[1500, 1500, 988, 1500, 2011, 988, 988, 988, 1001, 1001, 1001, 1001, 1500, 1500, 1500, 1500]
21:59:44.328446 ALT: 0.08
21:59:44.328601 ATT: [-0.1, 0.9, 190]
21:59:44.328965 ACC: [-8, -1, 514]
[1500, 1500, 988, 1500, 2011, 988, 988, 988, 1001, 1001, 1001, 1001, 1500, 1500, 1500, 1500]
[1500, 1500, 988, 1500, 2011, 988, 988, 988, 1001, 1001, 1001, 1001, 1500, 1500, 1500, 1500]
21:59:44.376484 ALT: 0.08
21:59:44.376602 ATT: [-0.1, 0.9, 190]
21:59:44.376989 ACC: [-7, -1, 515]
[1500, 1500, 988, 1500, 2011, 988, 988, 988, 1001, 1001, 1001, 1001, 1500, 1500, 1500, 1500]
[1500, 1500, 988, 1500, 2011, 988, 988, 988, 1001, 1001, 1001, 1001, 1500, 1500, 1500, 1500]
21:59:44.425336 ALT: 0.08
21:59:44.425763 ATT: [-0.1, 0.9, 190]
[1500, 1500, 988, 1500, 2011, 988, 988, 988, 1001, 1001, 1001, 1001, 1500, 1500, 1500, 1500]
21:59:44.426537 ACC: [-7, -1, 515]
[1500, 1500, 988, 1500, 2011, 988, 988, 988, 1001, 1001, 1001, 1001, 1500, 1500, 1500, 1500]
[1500, 1500, 988, 1500, 2011, 988, 988, 988, 1001, 1001, 1001, 1001, 1500, 1500, 1500, 1500]
[1500, 1500, 988, 1500, 2011, 988, 988, 988, 1001, 1001, 1001, 1001, 1500, 1500, 1500, 1500]
21:59:44.489959 ALT: 0.08
21:59:44.490067 ATT: [-0.1, 0.9, 190]
21:59:44.490383 ACC: [-8, -1, 515]
[1500, 1500, 988, 1500, 2011, 988, 988, 988, 1001, 1001, 1001, 1001, 1500, 1500, 1500, 1500]
[1500, 1500, 988, 1500, 2011, 988, 988, 988, 1001, 1001, 1001, 1001, 1500, 1500, 1500, 1500]
21:59:44.540027 ALT: 0.08
21:59:44.540311 ATT: [-0.1, 0.9, 190]
21:59:44.540719 ACC: [-6, 0, 515]
[1500, 1500, 988, 1500, 2011, 988, 988, 988, 1001, 1001, 1001, 1001, 1500, 1500, 1500, 1500]
[1500, 1500, 988, 1500, 2011, 988, 988, 988, 1001, 1001, 1001, 1001, 1500, 1500, 1500, 1500]
[1500, 1500, 988, 1500, 2011, 988, 988, 988, 1001, 1001, 1001, 1001, 1500, 1500, 1500, 1500]
21:59:44.584247 ALT: 0.08
21:59:44.584340 ATT: [-0.1, 0.9, 190]
21:59:44.584610 ACC: [-7, -1, 515]
[1500, 1500, 988, 1500, 2011, 988, 988, 988, 1001, 1001, 1001, 1001, 1500, 1500, 1500, 1500]
[1500, 1500, 988, 1500, 2011, 988, 988, 988, 1001, 1001, 1001, 1001, 1500, 1500, 1500, 1500]
21:59:44.632320 ALT: 0.08
21:59:44.632463 ATT: [-0.1, 0.9, 190]
21:59:44.632726 ACC: [-8, -1, 515]
[1500, 1500, 988, 1500, 2011, 988, 988, 988, 1001, 1001, 1001, 1001, 1500, 1500, 1500, 1500]
[1500, 1500, 988, 1500, 2011, 988, 988, 988, 1001, 1001, 1001, 1001, 1500, 1500, 1500, 1500]
21:59:44.680285 ALT: 0.08
21:59:44.680376 ATT: [-0.1, 0.9, 190]
21:59:44.680629 ACC: [-8, 0, 515]
[1500, 1500, 988, 1500, 2011, 988, 988, 988, 1001, 1001, 1001, 1001, 1500, 1500, 1500, 1500]
[1500, 1500, 988, 1500, 2011, 988, 988, 988, 1001, 1001, 1001, 1001, 1500, 1500, 1500, 1500]
[1500, 1500, 988, 1500, 2011, 988, 988, 988, 1001, 1001, 1001, 1001, 1500, 1500, 1500, 1500]
21:59:44.728392 ALT: 0.08
21:59:44.728486 ATT: [-0.1, 0.9, 190]
21:59:44.728752 ACC: [-7, -1, 515]
[1500, 1500, 988, 1500, 2011, 988, 988, 988, 1001, 1001, 1001, 1001, 1500, 1500, 1500, 1500]
[1500, 1500, 988, 1500, 2011, 988, 988, 988, 1001, 1001, 1001, 1001, 1500, 1500, 1500, 1500]
21:59:44.776652 ALT: 0.08
21:59:44.776893 ATT: [-0.1, 0.9, 190]
21:59:44.777570 ACC: [-8, 0, 515]
[1500, 1500, 988, 1500, 2011, 988, 988, 988, 1001, 1001, 1001, 1001, 1500, 1500, 1500, 1500]
[1500, 1500, 988, 1500, 2011, 988, 988, 988, 1001, 1001, 1001, 1001, 1500, 1500, 1500, 1500]
[1500, 1500, 988, 1500, 2011, 988, 988, 988, 1001, 1001, 1001, 1001, 1500, 1500, 1500, 1500]
21:59:44.824747 ALT: 0.08
21:59:44.824866 ATT: [-0.1, 0.9, 190]
21:59:44.825391 ACC: [-9, -1, 516]
[1500, 1500, 988, 1500, 2011, 988, 988, 988, 1001, 1001, 1001, 1001, 1500, 1500, 1500, 1500]
[1500, 1500, 988, 1500, 2011, 988, 988, 988, 1001, 1001, 1001, 1001, 1500, 1500, 1500, 1500]
21:59:44.877255 ALT: 0.08
21:59:44.877357 ATT: [-0.1, 0.9, 190]
21:59:44.877787 ACC: [-7, -2, 515]
[1500, 1500, 988, 1500, 2011, 988, 988, 988, 1001, 1001, 1001, 1001, 1500, 1500, 1500, 1500]
[1500, 1500, 988, 1500, 2011, 988, 988, 988, 1001, 1001, 1001, 1001, 1500, 1500, 1500, 1500]
[1500, 1500, 988, 1500, 2011, 988, 988, 988, 1001, 1001, 1001, 1001, 1500, 1500, 1500, 1500]
21:59:44.941063 ALT: 0.08
21:59:44.941186 ATT: [-0.1, 0.9, 190]
21:59:44.941939 ACC: [-7, -1, 515]
[1500, 1500, 988, 1500, 2011, 988, 988, 988, 1001, 1001, 1001, 1001, 1500, 1500, 1500, 1500]
[1500, 1500, 988, 1500, 2011, 988, 988, 988, 1001, 1001, 1001, 1001, 1500, 1500, 1500, 1500]
[1500, 1500, 988, 1500, 2011, 988, 988, 988, 1001, 1001, 1001, 1001, 1500, 1500, 1500, 1500]
21:59:44.984581 ALT: 0.08
21:59:44.984671 ATT: [-0.1, 0.9, 190]
21:59:44.984992 ACC: [-8, 0, 515]
[1500, 1500, 988, 1500, 2011, 988, 988, 988, 1001, 1001, 1001, 1001, 1500, 1500, 1500, 1500]
[1500, 1500, 988, 1500, 2011, 988, 988, 988, 1001, 1001, 1001, 1001, 1500, 1500, 1500, 1500]
21:59:45.032280 ALT: 0.08
21:59:45.032386 ATT: [-0.1, 0.9, 190]
21:59:45.032640 ACC: [-8, -1, 514]
[1500, 1500, 988, 1500, 2011, 988, 988, 988, 1001, 1001, 1001, 1001, 1500, 1500, 1500, 1500]
[1500, 1500, 988, 1500, 2011, 988, 988, 988, 1001, 1001, 1001, 1001, 1500, 1500, 1500, 1500]
21:59:45.080406 ALT: 0.08
21:59:45.080503 ATT: [-0.2, 0.9, 190]
21:59:45.080794 ACC: [-7, -1, 515]
[1500, 1500, 988, 1500, 2011, 988, 988, 988, 1001, 1001, 1001, 1001, 1500, 1500, 1500, 1500]
[1500, 1500, 988, 1500, 2011, 988, 988, 988, 1001, 1001, 1001, 1001, 1500, 1500, 1500, 1500]
[1500, 1500, 988, 1500, 2011, 988, 988, 988, 1001, 1001, 1001, 1001, 1500, 1500, 1500, 1500]
21:59:45.128714 ALT: 0.08
21:59:45.128820 ATT: [-0.2, 0.9, 190]
21:59:45.129116 ACC: [-8, -2, 515]
[1500, 1500, 988, 1500, 2011, 988, 988, 988, 1001, 1001, 1001, 1001, 1500, 1500, 1500, 1500]
[1500, 1500, 988, 1500, 2011, 988, 988, 988, 1001, 1001, 1001, 1001, 1500, 1500, 1500, 1500]
21:59:45.177796 ALT: 0.08
21:59:45.177983 ATT: [-0.2, 0.9, 190]
21:59:45.178300 ACC: [-7, -1, 514]
[1500, 1500, 988, 1500, 2011, 988, 988, 988, 1001, 1001, 1001, 1001, 1500, 1500, 1500, 1500]
[1500, 1500, 988, 1500, 2011, 988, 988, 988, 1001, 1001, 1001, 1001, 1500, 1500, 1500, 1500]
[1500, 1500, 988, 1500, 2011, 988, 988, 988, 1001, 1001, 1001, 1001, 1500, 1500, 1500, 1500]
21:59:45.224953 ALT: 0.08
21:59:45.225076 ATT: [-0.2, 0.9, 190]
21:59:45.225459 ACC: [-8, -1, 515]
[1500, 1500, 988, 1500, 2011, 988, 988, 988, 1001, 1001, 1001, 1001, 1500, 1500, 1500, 1500]
[1500, 1500, 988, 1500, 2011, 988, 988, 988, 1001, 1001, 1001, 1001, 1500, 1500, 1500, 1500]
21:59:45.275231 ALT: 0.08
21:59:45.275554 ATT: [-0.2, 0.9, 190]
21:59:45.275972 ACC: [-7, 0, 514]
[1500, 1500, 988, 1500, 2011, 988, 988, 988, 1001, 1001, 1001, 1001, 1500, 1500, 1500, 1500]
[1500, 1500, 988, 1500, 2011, 988, 988, 988, 1001, 1001, 1001, 1001, 1500, 1500, 1500, 1500]
21:59:45.320558 ALT: 0.08
21:59:45.320675 ATT: [-0.2, 0.9, 190]
21:59:45.321107 ACC: [-7, -1, 515]
[1500, 1500, 988, 1500, 2011, 988, 988, 988, 1001, 1001, 1001, 1001, 1500, 1500, 1500, 1500]
[1500, 1500, 988, 1500, 2011, 988, 988, 988, 1001, 1001, 1001, 1001, 1500, 1500, 1500, 1500]
[1500, 1500, 988, 1500, 2011, 988, 988, 988, 1001, 1001, 1001, 1001, 1500, 1500, 1500, 1500]
21:59:45.369294 ALT: 0.08
21:59:45.369416 ATT: [-0.2, 0.9, 190]
21:59:45.369998 ACC: [-8, -1, 514]
[1500, 1500, 988, 1500, 2011, 988, 988, 988, 1001, 1001, 1001, 1001, 1500, 1500, 1500, 1500]
[1500, 1500, 988, 1500, 2011, 988, 988, 988, 1001, 1001, 1001, 1001, 1500, 1500, 1500, 1500]
21:59:45.416354 ALT: 0.08
21:59:45.416448 ATT: [-0.2, 0.9, 190]
21:59:45.416751 ACC: [-8, -1, 515]
[1500, 1500, 988, 1500, 2011, 988, 988, 988, 1001, 1001, 1001, 1001, 1500, 1500, 1500, 1500]
[1500, 1500, 988, 1500, 2011, 988, 988, 988, 1001, 1001, 1001, 1001, 1500, 1500, 1500, 1500]
[1500, 1500, 988, 1500, 2011, 988, 988, 988, 1001, 1001, 1001, 1001, 1500, 1500, 1500, 1500]
21:59:45.464501 ALT: 0.08
21:59:45.464598 ATT: [-0.2, 0.9, 190]
21:59:45.464865 ACC: [-7, -1, 515]
[1500, 1500, 988, 1500, 2011, 988, 988, 988, 1001, 1001, 1001, 1001, 1500, 1500, 1500, 1500]
[1500, 1500, 988, 1500, 2011, 988, 988, 988, 1001, 1001, 1001, 1001, 1500, 1500, 1500, 1500]
21:59:45.512503 ALT: 0.08
21:59:45.512607 ATT: [-0.2, 0.9, 190]
21:59:45.512918 ACC: [-8, -1, 514]
[1500, 1500, 988, 1500, 2011, 988, 988, 988, 1001, 1001, 1001, 1001, 1500, 1500, 1500, 1500]
[1500, 1500, 988, 1500, 2011, 988, 988, 988, 1001, 1001, 1001, 1001, 1500, 1500, 1500, 1500]
21:59:45.561051 ALT: 0.08
21:59:45.561334 ATT: [-0.2, 0.9, 190]
[1500, 1500, 988, 1500, 2011, 988, 988, 988, 1001, 1001, 1001, 1001, 1500, 1500, 1500, 1500]
21:59:45.563026 ACC: [-8, -2, 515]
[1500, 1500, 988, 1500, 2011, 988, 988, 988, 1001, 1001, 1001, 1001, 1500, 1500, 1500, 1500]
[1500, 1500, 988, 1500, 2011, 988, 988, 988, 1001, 1001, 1001, 1001, 1500, 1500, 1500, 1500]
21:59:45.608399 ALT: 0.08
21:59:45.608496 ATT: [-0.2, 0.9, 190]
21:59:45.608745 ACC: [-8, -2, 515]
[1500, 1500, 988, 1500, 2011, 988, 988, 988, 1001, 1001, 1001, 1001, 1500, 1500, 1500, 1500]
[1500, 1500, 988, 1500, 2011, 988, 988, 988, 1001, 1001, 1001, 1001, 1500, 1500, 1500, 1500]
21:59:45.656895 ALT: 0.08
21:59:45.657078 ATT: [-0.2, 0.9, 190]
21:59:45.658558 ACC: [-8, 0, 515]
[1500, 1500, 988, 1500, 2011, 988, 988, 988, 1001, 1001, 1001, 1001, 1500, 1500, 1500, 1500]
[1500, 1500, 988, 1500, 2011, 988, 988, 988, 1001, 1001, 1001, 1001, 1500, 1500, 1500, 1500]
[1500, 1500, 988, 1500, 2011, 988, 988, 988, 1001, 1001, 1001, 1001, 1500, 1500, 1500, 1500]
21:59:45.704763 ALT: 0.08
21:59:45.704889 ATT: [-0.2, 0.9, 190]
21:59:45.705247 ACC: [-7, -1, 514]
[1500, 1500, 988, 1500, 2011, 988, 988, 988, 1001, 1001, 1001, 1001, 1500, 1500, 1500, 1500]
[1500, 1500, 988, 1500, 2011, 988, 988, 988, 1001, 1001, 1001, 1001, 1500, 1500, 1500, 1500]
21:59:45.752579 ALT: 0.08
21:59:45.752696 ATT: [-0.2, 0.9, 190]
21:59:45.753014 ACC: [-8, -1, 515]
[1500, 1500, 988, 1500, 2011, 988, 988, 988, 1001, 1001, 1001, 1001, 1500, 1500, 1500, 1500]
[1500, 1500, 988, 1500, 2011, 988, 988, 988, 1001, 1001, 1001, 1001, 1500, 1500, 1500, 1500]
21:59:45.800490 ALT: 0.08
21:59:45.800639 ATT: [-0.2, 1.0, 190]
21:59:45.800917 ACC: [-9, -1, 514]
[1500, 1500, 988, 1500, 2011, 988, 988, 988, 1001, 1001, 1001, 1001, 1500, 1500, 1500, 1500]
[1500, 1500, 988, 1500, 2011, 988, 988, 988, 1001, 1001, 1001, 1001, 1500, 1500, 1500, 1500]
[1500, 1500, 988, 1500, 2011, 988, 988, 988, 1001, 1001, 1001, 1001, 1500, 1500, 1500, 1500]
21:59:45.848500 ALT: 0.08
21:59:45.848639 ATT: [-0.2, 1.0, 190]
21:59:45.848907 ACC: [-7, -2, 516]
[1500, 1500, 988, 1500, 2011, 988, 988, 988, 1001, 1001, 1001, 1001, 1500, 1500, 1500, 1500]
[1500, 1500, 988, 1500, 2011, 988, 988, 988, 1001, 1001, 1001, 1001, 1500, 1500, 1500, 1500]
21:59:45.896706 ALT: 0.08
21:59:45.896799 ATT: [-0.2, 1.0, 190]
21:59:45.897112 ACC: [-8, -2, 515]
[1500, 1500, 988, 1500, 2011, 988, 988, 988, 1001, 1001, 1001, 1001, 1500, 1500, 1500, 1500]
[1500, 1500, 988, 1500, 2011, 988, 988, 988, 1001, 1001, 1001, 1001, 1500, 1500, 1500, 1500]
[1500, 1500, 988, 1500, 2011, 988, 988, 988, 1001, 1001, 1001, 1001, 1500, 1500, 1500, 1500]
21:59:45.944883 ALT: 0.08
21:59:45.945237 ATT: [-0.2, 1.0, 190]
21:59:45.945785 ACC: [-9, 0, 515]
[1500, 1500, 988, 1500, 2011, 988, 988, 988, 1001, 1001, 1001, 1001, 1500, 1500, 1500, 1500]
[1500, 1500, 988, 1500, 2011, 988, 988, 988, 1001, 1001, 1001, 1001, 1500, 1500, 1500, 1500]
21:59:45.992505 ALT: 0.08
21:59:45.992628 ATT: [-0.2, 1.0, 190]
21:59:45.993024 ACC: [-6, 0, 515]
[1500, 1500, 988, 1500, 2011, 988, 988, 988, 1001, 1001, 1001, 1001, 1500, 1500, 1500, 1500]
[1500, 1500, 988, 1500, 2011, 988, 988, 988, 1001, 1001, 1001, 1001, 1500, 1500, 1500, 1500]
21:59:46.041020 ALT: 0.08
21:59:46.041109 ATT: [-0.2, 1.0, 190]
21:59:46.041322 ACC: [-5, -2, 515]
[1500, 1500, 988, 1500, 2011, 988, 988, 988, 1001, 1001, 1001, 1001, 1500, 1500, 1500, 1500]
[1500, 1500, 988, 1500, 2011, 988, 988, 988, 1001, 1001, 1001, 1001, 1500, 1500, 1500, 1500]
[1500, 1500, 988, 1500, 2011, 988, 988, 988, 1001, 1001, 1001, 1001, 1500, 1500, 1500, 1500]
21:59:46.088874 ALT: 0.08
21:59:46.088994 ATT: [-0.2, 0.9, 190]
21:59:46.090268 ACC: [-10, 0, 514]
[1500, 1500, 988, 1500, 2011, 988, 988, 988, 1001, 1001, 1001, 1001, 1500, 1500, 1500, 1500]
[1500, 1500, 988, 1500, 2011, 988, 988, 988, 1001, 1001, 1001, 1001, 1500, 1500, 1500, 1500]
21:59:46.137944 ALT: 0.08
21:59:46.138373 ATT: [-0.2, 0.9, 190]
21:59:46.139983 ACC: [-10, 1, 515]
[1500, 1500, 988, 1500, 2011, 988, 988, 988, 1001, 1001, 1001, 1001, 1500, 1500, 1500, 1500]
[1500, 1500, 988, 1500, 2011, 988, 988, 988, 1001, 1001, 1001, 1001, 1500, 1500, 1500, 1500]
[1500, 1500, 988, 1500, 2011, 988, 988, 988, 1001, 1001, 1001, 1001, 1500, 1500, 1500, 1500]
21:59:46.184532 ALT: 0.08
21:59:46.184628 ATT: [-0.2, 0.9, 190]
21:59:46.184912 ACC: [-7, -1, 515]
[1500, 1500, 988, 1500, 2011, 988, 988, 988, 1001, 1001, 1001, 1001, 1500, 1500, 1500, 1500]
[1500, 1500, 988, 1500, 2011, 988, 988, 988, 1001, 1001, 1001, 1001, 1500, 1500, 1500, 1500]
21:59:46.232536 ALT: 0.08
21:59:46.232638 ATT: [-0.2, 0.9, 190]
21:59:46.232993 ACC: [-6, -1, 514]
[1500, 1500, 988, 1500, 2011, 988, 988, 988, 1001, 1001, 1001, 1001, 1500, 1500, 1500, 1500]
[1500, 1500, 988, 1500, 2011, 988, 988, 988, 1001, 1001, 1001, 1001, 1500, 1500, 1500, 1500]
21:59:46.280540 ALT: 0.08
21:59:46.280636 ATT: [-0.2, 0.9, 190]
21:59:46.280985 ACC: [-8, -2, 515]
[1500, 1500, 988, 1500, 2011, 988, 988, 988, 1001, 1001, 1001, 1001, 1500, 1500, 1500, 1500]
[1500, 1500, 988, 1500, 2011, 988, 988, 988, 1001, 1001, 1001, 1001, 1500, 1500, 1500, 1500]
[1500, 1500, 988, 1500, 2011, 988, 988, 988, 1001, 1001, 1001, 1001, 1500, 1500, 1500, 1500]
21:59:46.328954 ALT: 0.08
21:59:46.329056 ATT: [-0.2, 0.9, 190]
21:59:46.329334 ACC: [-10, -1, 514]
[1500, 1500, 988, 1500, 2011, 988, 988, 988, 1001, 1001, 1001, 1001, 1500, 1500, 1500, 1500]
[1500, 1500, 988, 1500, 2011, 988, 988, 988, 1001, 1001, 1001, 1001, 1500, 1500, 1500, 1500]
21:59:46.376683 ALT: 0.08
21:59:46.376821 ATT: [-0.2, 0.9, 190]
21:59:46.377243 ACC: [-6, -1, 516]
[1500, 1500, 988, 1500, 2011, 988, 988, 988, 1001, 1001, 1001, 1001, 1500, 1500, 1500, 1500]
[1500, 1500, 988, 1500, 2011, 988, 988, 988, 1001, 1001, 1001, 1001, 1500, 1500, 1500, 1500]
[1500, 1500, 988, 1500, 2011, 988, 988, 988, 1001, 1001, 1001, 1001, 1500, 1500, 1500, 1500]
21:59:46.425474 ALT: 0.08
21:59:46.425711 ATT: [-0.2, 0.9, 190]
21:59:46.426367 ACC: [-7, -1, 514]
[1500, 1500, 988, 1500, 2011, 988, 988, 988, 1001, 1001, 1001, 1001, 1500, 1500, 1500, 1500]
[1500, 1500, 988, 1500, 2011, 988, 988, 988, 1001, 1001, 1001, 1001, 1500, 1500, 1500, 1500]
21:59:46.472699 ALT: 0.08
21:59:46.472829 ATT: [-0.2, 0.9, 190]
21:59:46.473248 ACC: [-7, -1, 515]
[1500, 1500, 988, 1500, 2011, 988, 988, 988, 1001, 1001, 1001, 1001, 1500, 1500, 1500, 1500]
[1500, 1500, 988, 1500, 2011, 988, 988, 988, 1001, 1001, 1001, 1001, 1500, 1500, 1500, 1500]
21:59:46.522431 ALT: 0.12
21:59:46.522551 ATT: [-0.2, 0.9, 190]
[1500, 1500, 988, 1500, 2011, 988, 988, 988, 1001, 1001, 1001, 1001, 1500, 1500, 1500, 1500]
21:59:46.525188 ACC: [-8, -1, 515]
[1500, 1500, 988, 1500, 2011, 988, 988, 988, 1001, 1001, 1001, 1001, 1500, 1500, 1500, 1500]
[1500, 1500, 988, 1500, 2011, 988, 988, 988, 1001, 1001, 1001, 1001, 1500, 1500, 1500, 1500]
[1500, 1500, 988, 1500, 2011, 988, 988, 988, 1001, 1001, 1001, 1001, 1500, 1500, 1500, 1500]
21:59:46.584602 ALT: 0.15
21:59:46.584711 ATT: [-0.2, 0.9, 190]
21:59:46.585019 ACC: [-8, 0, 514]
[1500, 1500, 988, 1500, 2011, 988, 988, 988, 1001, 1001, 1001, 1001, 1500, 1500, 1500, 1500]
[1500, 1500, 988, 1500, 2011, 988, 988, 988, 1001, 1001, 1001, 1001, 1500, 1500, 1500, 1500]
21:59:46.632784 ALT: 0.16
21:59:46.632944 ATT: [-0.2, 0.9, 190]
21:59:46.633603 ACC: [-8, -1, 514]
[1500, 1500, 988, 1500, 2011, 988, 988, 988, 1001, 1001, 1001, 1001, 1500, 1500, 1500, 1500]
[1500, 1500, 988, 1500, 2011, 988, 988, 988, 1001, 1001, 1001, 1001, 1500, 1500, 1500, 1500]
21:59:46.680554 ALT: 0.16
21:59:46.680644 ATT: [-0.2, 0.9, 190]
21:59:46.680898 ACC: [-5, 1, 515]
[1500, 1500, 988, 1500, 2011, 988, 988, 988, 1001, 1001, 1001, 1001, 1500, 1500, 1500, 1500]
[1500, 1500, 988, 1500, 2011, 988, 988, 988, 1001, 1001, 1001, 1001, 1500, 1500, 1500, 1500]
[1500, 1500, 988, 1500, 2011, 988, 988, 988, 1001, 1001, 1001, 1001, 1500, 1500, 1500, 1500]
21:59:46.729217 ALT: 0.16
21:59:46.729321 ATT: [-0.2, 0.9, 190]
21:59:46.729758 ACC: [-8, -3, 515]
[1500, 1500, 988, 1500, 2011, 988, 988, 988, 1001, 1001, 1001, 1001, 1500, 1500, 1500, 1500]
[1500, 1500, 988, 1500, 2011, 988, 988, 988, 1001, 1001, 1001, 1001, 1500, 1500, 1500, 1500]
21:59:46.776591 ALT: 0.16
21:59:46.776681 ATT: [-0.2, 0.9, 190]
21:59:46.776921 ACC: [-8, -2, 515]
[1500, 1500, 988, 1500, 2011, 988, 988, 988, 1001, 1001, 1001, 1001, 1500, 1500, 1500, 1500]
[1500, 1500, 988, 1500, 2011, 988, 988, 988, 1001, 1001, 1001, 1001, 1500, 1500, 1500, 1500]
[1500, 1500, 988, 1500, 2011, 988, 988, 988, 1001, 1001, 1001, 1001, 1500, 1500, 1500, 1500]
21:59:46.825084 ALT: 0.16
21:59:46.825196 ATT: [-0.2, 0.9, 190]
21:59:46.825641 ACC: [-8, 0, 514]
[1500, 1500, 988, 1500, 2011, 988, 988, 988, 1001, 1001, 1001, 1001, 1500, 1500, 1500, 1500]
[1500, 1500, 988, 1500, 2011, 988, 988, 988, 1001, 1001, 1001, 1001, 1500, 1500, 1500, 1500]
21:59:46.872764 ALT: 0.16
21:59:46.872904 ATT: [-0.2, 0.9, 190]
21:59:46.873764 ACC: [-6, -1, 514]
[1500, 1500, 988, 1500, 2011, 988, 988, 988, 1001, 1001, 1001, 1001, 1500, 1500, 1500, 1500]
[1500, 1500, 988, 1500, 2011, 988, 988, 988, 1001, 1001, 1001, 1001, 1500, 1500, 1500, 1500]
21:59:46.920949 ALT: 0.16
21:59:46.921074 ATT: [-0.2, 0.9, 190]
21:59:46.921815 ACC: [-7, -1, 515]
[1500, 1500, 988, 1500, 2011, 988, 988, 988, 1001, 1001, 1001, 1001, 1500, 1500, 1500, 1500]
[1500, 1500, 988, 1500, 2011, 988, 988, 988, 1001, 1001, 1001, 1001, 1500, 1500, 1500, 1500]
[1500, 1500, 988, 1500, 2011, 988, 988, 988, 1001, 1001, 1001, 1001, 1500, 1500, 1500, 1500]
21:59:46.968673 ALT: 0.16
21:59:46.968811 ATT: [-0.2, 0.9, 190]
21:59:46.969219 ACC: [-7, 1, 514]
[1500, 1500, 988, 1500, 2011, 988, 988, 988, 1001, 1001, 1001, 1001, 1500, 1500, 1500, 1500]
[1500, 1500, 988, 1500, 2011, 988, 988, 988, 1001, 1001, 1001, 1001, 1500, 1500, 1500, 1500]
21:59:47.016603 ALT: 0.16
21:59:47.016696 ATT: [-0.2, 1.0, 190]
21:59:47.016941 ACC: [-8, -2, 515]
[1500, 1500, 988, 1500, 2011, 988, 988, 988, 1001, 1001, 1001, 1001, 1500, 1500, 1500, 1500]
[1500, 1500, 988, 1500, 2011, 988, 988, 988, 1001, 1001, 1001, 1001, 1500, 1500, 1500, 1500]
[1500, 1500, 988, 1500, 2011, 988, 988, 988, 1001, 1001, 1001, 1001, 1500, 1500, 1500, 1500]
21:59:47.064501 ALT: 0.16
21:59:47.064585 ATT: [-0.2, 1.0, 190]
21:59:47.064790 ACC: [-8, 0, 515]
[1500, 1500, 988, 1500, 2011, 988, 988, 988, 1001, 1001, 1001, 1001, 1500, 1500, 1500, 1500]
[1500, 1500, 988, 1500, 2011, 988, 988, 988, 1001, 1001, 1001, 1001, 1500, 1500, 1500, 1500]
21:59:47.112747 ALT: 0.16
21:59:47.112842 ATT: [-0.2, 1.0, 190]
21:59:47.113093 ACC: [-6, 0, 515]
[1500, 1500, 988, 1500, 2011, 988, 988, 988, 1001, 1001, 1001, 1001, 1500, 1500, 1500, 1500]
[1500, 1500, 988, 1500, 2011, 988, 988, 988, 1001, 1001, 1001, 1001, 1500, 1500, 1500, 1500]
21:59:47.160658 ALT: 0.16
21:59:47.160749 ATT: [-0.2, 1.0, 190]
21:59:47.160999 ACC: [-5, 0, 516]
[1500, 1500, 988, 1500, 2011, 988, 988, 988, 1001, 1001, 1001, 1001, 1500, 1500, 1500, 1500]
[1500, 1500, 988, 1500, 2011, 988, 988, 988, 1001, 1001, 1001, 1001, 1500, 1500, 1500, 1500]
[1500, 1500, 988, 1500, 2011, 988, 988, 988, 1001, 1001, 1001, 1001, 1500, 1500, 1500, 1500]
21:59:47.208771 ALT: 0.16
21:59:47.208964 ATT: [-0.2, 1.0, 190]
21:59:47.209396 ACC: [-1, 5, 515]
[1500, 1500, 988, 1500, 2011, 988, 988, 988, 1001, 1001, 1001, 1001, 1500, 1500, 1500, 1500]
[1500, 1500, 988, 1500, 2011, 988, 988, 988, 1001, 1001, 1001, 1001, 1500, 1500, 1500, 1500]
21:59:47.257390 ALT: 0.16
21:59:47.257676 ATT: [-0.2, 0.9, 190]
21:59:47.258234 ACC: [20, 2, 514]
[1500, 1500, 988, 1500, 2011, 988, 988, 988, 1001, 1001, 1001, 1001, 1500, 1500, 1500, 1500]
[1500, 1500, 988, 1500, 2011, 988, 988, 988, 1001, 1001, 1001, 1001, 1500, 1500, 1500, 1500]
[1500, 1500, 988, 1500, 2011, 988, 988, 988, 1001, 1001, 1001, 1001, 1500, 1500, 1500, 1500]
21:59:47.305891 ALT: 0.16
21:59:47.306245 ATT: [-0.2, 0.9, 189]
21:59:47.306750 ACC: [-5, -1, 515]
[1500, 1500, 988, 1500, 2011, 988, 988, 988, 1001, 1001, 1001, 1001, 1500, 1500, 1500, 1500]
[1500, 1500, 988, 1500, 2011, 988, 988, 988, 1001, 1001, 1001, 1001, 1500, 1500, 1500, 1500]
21:59:47.352794 ALT: 0.16
21:59:47.352925 ATT: [-0.2, 0.9, 189]
21:59:47.353366 ACC: [-43, -15, 515]
[1500, 1500, 988, 1500, 2011, 988, 988, 988, 1001, 1001, 1001, 1001, 1500, 1500, 1500, 1500]
[1500, 1500, 988, 1500, 2011, 988, 988, 988, 1001, 1001, 1001, 1001, 1500, 1500, 1500, 1500]
21:59:47.400638 ALT: 0.16
21:59:47.400730 ATT: [-0.2, 0.9, 189]
21:59:47.401158 ACC: [-19, -4, 515]
[1500, 1500, 988, 1500, 2011, 988, 988, 988, 1001, 1001, 1001, 1001, 1500, 1500, 1500, 1500]
[1500, 1500, 988, 1500, 2011, 988, 988, 988, 1001, 1001, 1001, 1001, 1500, 1500, 1500, 1500]
[1500, 1500, 988, 1500, 2011, 988, 988, 988, 1001, 1001, 1001, 1001, 1500, 1500, 1500, 1500]
21:59:47.448743 ALT: 0.16
21:59:47.448834 ATT: [-0.2, 0.9, 189]
21:59:47.449085 ACC: [-5, 0, 515]
[1500, 1500, 988, 1500, 2011, 988, 988, 988, 1001, 1001, 1001, 1001, 1500, 1500, 1500, 1500]
[1500, 1500, 988, 1500, 2011, 988, 988, 988, 1001, 1001, 1001, 1001, 1500, 1500, 1500, 1500]
21:59:47.496703 ALT: 0.16
21:59:47.496795 ATT: [-0.2, 0.9, 189]
21:59:47.497047 ACC: [-6, 0, 515]
[1500, 1500, 988, 1500, 2011, 988, 988, 988, 1001, 1001, 1001, 1001, 1500, 1500, 1500, 1500]
[1500, 1500, 988, 1500, 2011, 988, 988, 988, 1001, 1001, 1001, 1001, 1500, 1500, 1500, 1500]
[1500, 1500, 988, 1500, 2011, 988, 988, 988, 1001, 1001, 1001, 1001, 1500, 1500, 1500, 1500]
21:59:47.549129 ALT: 0.16
21:59:47.549245 ATT: [-0.2, 0.9, 189]
21:59:47.549641 ACC: [-9, -2, 515]
[1500, 1500, 988, 1500, 2011, 988, 988, 988, 1001, 1001, 1001, 1001, 1500, 1500, 1500, 1500]
[1500, 1500, 988, 1500, 2011, 988, 988, 988, 1001, 1001, 1001, 1001, 1500, 1500, 1500, 1500]
21:59:47.593910 ALT: 0.16
21:59:47.594221 ATT: [-0.2, 0.9, 189]
21:59:47.594814 ACC: [-7, 0, 515]
[1500, 1500, 988, 1500, 2011, 988, 988, 988, 1001, 1001, 1001, 1001, 1500, 1500, 1500, 1500]
[1500, 1500, 988, 1500, 2011, 988, 988, 988, 1001, 1001, 1001, 1001, 1500, 1500, 1500, 1500]
[1500, 1500, 988, 1500, 2011, 988, 988, 988, 1001, 1001, 1001, 1001, 1500, 1500, 1500, 1500]
21:59:47.645217 ALT: 0.16
21:59:47.645320 ATT: [-0.2, 0.9, 189]
21:59:47.645694 ACC: [-8, 0, 514]
[1500, 1500, 988, 1500, 2011, 988, 988, 988, 1001, 1001, 1001, 1001, 1500, 1500, 1500, 1500]
[1500, 1500, 988, 1500, 2011, 988, 988, 988, 1001, 1001, 1001, 1001, 1500, 1500, 1500, 1500]
21:59:47.689105 ALT: 0.16
21:59:47.689333 ATT: [-0.2, 0.9, 189]
21:59:47.690285 ACC: [-7, 0, 515]
[1500, 1500, 988, 1500, 2011, 988, 988, 988, 1001, 1001, 1001, 1001, 1500, 1500, 1500, 1500]
[1500, 1500, 988, 1500, 2011, 988, 988, 988, 1001, 1001, 1001, 1001, 1500, 1500, 1500, 1500]
21:59:47.736860 ALT: 0.16
21:59:47.737017 ATT: [-0.2, 0.9, 189]
21:59:47.737421 ACC: [-7, -1, 515]
[1500, 1500, 988, 1500, 2011, 988, 988, 988, 1001, 1001, 1001, 1001, 1500, 1500, 1500, 1500]
[1500, 1500, 988, 1500, 2011, 988, 988, 988, 1001, 1001, 1001, 1001, 1500, 1500, 1500, 1500]
[1500, 1500, 988, 1500, 2011, 988, 988, 988, 1001, 1001, 1001, 1001, 1500, 1500, 1500, 1500]
21:59:47.785031 ALT: 0.16
21:59:47.785191 ATT: [-0.2, 0.9, 189]
21:59:47.785824 ACC: [-7, 0, 515]
[1500, 1500, 988, 1500, 2011, 988, 988, 988, 1001, 1001, 1001, 1001, 1500, 1500, 1500, 1500]
[1500, 1500, 988, 1500, 2011, 988, 988, 988, 1001, 1001, 1001, 1001, 1500, 1500, 1500, 1500]
21:59:47.832761 ALT: 0.16
21:59:47.832862 ATT: [-0.2, 0.9, 189]
21:59:47.833129 ACC: [-8, -2, 514]
[1500, 1500, 988, 1500, 2011, 988, 988, 988, 1001, 1001, 1001, 1001, 1500, 1500, 1500, 1500]
[1500, 1500, 988, 1500, 2011, 988, 988, 988, 1001, 1001, 1001, 1001, 1500, 1500, 1500, 1500]
21:59:47.880733 ALT: 0.16
21:59:47.880826 ATT: [-0.2, 0.9, 189]
21:59:47.881075 ACC: [-7, -1, 516]
[1500, 1500, 988, 1500, 2011, 988, 988, 988, 1001, 1001, 1001, 1001, 1500, 1500, 1500, 1500]
[1500, 1500, 988, 1500, 2011, 988, 988, 988, 1001, 1001, 1001, 1001, 1500, 1500, 1500, 1500]
[1500, 1500, 988, 1500, 2011, 988, 988, 988, 1001, 1001, 1001, 1001, 1500, 1500, 1500, 1500]
21:59:47.928782 ALT: 0.16
21:59:47.928872 ATT: [-0.2, 0.9, 189]
21:59:47.929121 ACC: [-7, 1, 515]
[1500, 1500, 988, 1500, 2011, 988, 988, 988, 1001, 1001, 1001, 1001, 1500, 1500, 1500, 1500]
[1500, 1500, 988, 1500, 2011, 988, 988, 988, 1001, 1001, 1001, 1001, 1500, 1500, 1500, 1500]
21:59:47.977354 ALT: 0.16
21:59:47.977567 ATT: [-0.2, 0.9, 189]
21:59:47.977935 ACC: [-8, -1, 516]
[1500, 1500, 988, 1500, 2011, 988, 988, 988, 1001, 1001, 1001, 1001, 1500, 1500, 1500, 1500]
[1500, 1500, 988, 1500, 2011, 988, 988, 988, 1001, 1001, 1001, 1001, 1500, 1500, 1500, 1500]
[1500, 1500, 988, 1500, 2011, 988, 988, 988, 1001, 1001, 1001, 1001, 1500, 1500, 1500, 1500]
21:59:48.026098 ALT: 0.16
21:59:48.026468 ATT: [-0.2, 0.9, 189]
21:59:48.027243 ACC: [-7, -1, 515]
[1500, 1500, 988, 1500, 2011, 988, 988, 988, 1001, 1001, 1001, 1001, 1500, 1500, 1500, 1500]
[1500, 1500, 988, 1500, 2011, 988, 988, 988, 1001, 1001, 1001, 1001, 1500, 1500, 1500, 1500]
21:59:48.072954 ALT: 0.16
21:59:48.073117 ATT: [-0.2, 0.9, 189]
21:59:48.073683 ACC: [-10, -3, 515]
[1500, 1500, 988, 1500, 2011, 988, 988, 988, 1001, 1001, 1001, 1001, 1500, 1500, 1500, 1500]
[1500, 1500, 988, 1500, 2011, 988, 988, 988, 1001, 1001, 1001, 1001, 1500, 1500, 1500, 1500]
21:59:48.121021 ALT: 0.16
21:59:48.121131 ATT: [-0.2, 0.9, 189]
21:59:48.121449 ACC: [-7, 1, 515]
[1500, 1500, 988, 1500, 2011, 988, 988, 988, 1001, 1001, 1001, 1001, 1500, 1500, 1500, 1500]
[1500, 1500, 988, 1500, 2011, 988, 988, 988, 1001, 1001, 1001, 1001, 1500, 1500, 1500, 1500]
[1500, 1500, 988, 1500, 2011, 988, 988, 988, 1001, 1001, 1001, 1001, 1500, 1500, 1500, 1500]
21:59:48.168843 ALT: 0.16
21:59:48.168975 ATT: [-0.2, 0.9, 189]
21:59:48.169292 ACC: [-6, 2, 515]
[1500, 1500, 988, 1500, 2011, 988, 988, 988, 1001, 1001, 1001, 1001, 1500, 1500, 1500, 1500]
[1500, 1500, 988, 1500, 2011, 988, 988, 988, 1001, 1001, 1001, 1001, 1500, 1500, 1500, 1500]
21:59:48.216833 ALT: 0.16
21:59:48.216927 ATT: [-0.2, 0.9, 189]
21:59:48.217226 ACC: [-8, 0, 515]
[1500, 1500, 988, 1500, 2011, 988, 988, 988, 1001, 1001, 1001, 1001, 1500, 1500, 1500, 1500]
[1500, 1500, 988, 1500, 2011, 988, 988, 988, 1001, 1001, 1001, 1001, 1500, 1500, 1500, 1500]
[1500, 1500, 988, 1500, 2011, 988, 988, 988, 1001, 1001, 1001, 1001, 1500, 1500, 1500, 1500]
21:59:48.264658 ALT: 0.16
21:59:48.264740 ATT: [-0.2, 0.9, 189]
21:59:48.264945 ACC: [-5, -1, 515]
[1500, 1500, 988, 1500, 2011, 988, 988, 988, 1001, 1001, 1001, 1001, 1500, 1500, 1500, 1500]
[1500, 1500, 988, 1500, 2011, 988, 988, 988, 1001, 1001, 1001, 1001, 1500, 1500, 1500, 1500]
21:59:48.312826 ALT: 0.16
21:59:48.312922 ATT: [-0.2, 0.9, 189]
21:59:48.313187 ACC: [-6, 0, 515]
[1500, 1500, 988, 1500, 2011, 988, 988, 988, 1001, 1001, 1001, 1001, 1500, 1500, 1500, 1500]
[1500, 1500, 988, 1500, 2011, 988, 988, 988, 1001, 1001, 1001, 1001, 1500, 1500, 1500, 1500]
21:59:48.361403 ALT: 0.16
21:59:48.361619 ATT: [-0.2, 0.9, 189]
21:59:48.361990 ACC: [-8, 0, 515]
[1500, 1500, 988, 1500, 2011, 988, 988, 988, 1001, 1001, 1001, 1001, 1500, 1500, 1500, 1500]
[1500, 1500, 988, 1500, 2011, 988, 988, 988, 1001, 1001, 1001, 1001, 1500, 1500, 1500, 1500]
[1500, 1500, 988, 1500, 2011, 988, 988, 988, 1001, 1001, 1001, 1001, 1500, 1500, 1500, 1500]
21:59:48.409952 ALT: 0.16
21:59:48.410214 ATT: [-0.2, 0.9, 189]
21:59:48.410817 ACC: [-7, -2, 515]
[1500, 1500, 988, 1500, 2011, 988, 988, 988, 1001, 1001, 1001, 1001, 1500, 1500, 1500, 1500]
[1500, 1500, 988, 1500, 2011, 988, 988, 988, 1001, 1001, 1001, 1001, 1500, 1500, 1500, 1500]
21:59:48.456972 ALT: 0.16
21:59:48.457120 ATT: [-0.2, 0.9, 189]
21:59:48.457567 ACC: [-7, -1, 515]
[1500, 1500, 988, 1500, 2011, 988, 988, 988, 1001, 1001, 1001, 1001, 1500, 1500, 1500, 1500]
[1500, 1500, 988, 1500, 2011, 988, 988, 988, 1001, 1001, 1001, 1001, 1500, 1500, 1500, 1500]
[1500, 1500, 988, 1500, 2011, 988, 988, 988, 1001, 1001, 1001, 1001, 1500, 1500, 1500, 1500]
21:59:48.504903 ALT: 0.16
21:59:48.505010 ATT: [-0.2, 0.9, 189]
21:59:48.505327 ACC: [-8, 1, 515]
[1500, 1500, 988, 1500, 2011, 988, 988, 988, 1001, 1001, 1001, 1001, 1500, 1500, 1500, 1500]
[1500, 1500, 988, 1500, 2011, 988, 988, 988, 1001, 1001, 1001, 1001, 1500, 1500, 1500, 1500]
21:59:48.552911 ALT: 0.16
21:59:48.553038 ATT: [-0.2, 0.9, 189]
21:59:48.553367 ACC: [-8, -1, 515]
[1500, 1500, 988, 1500, 2011, 988, 988, 988, 1001, 1001, 1001, 1001, 1500, 1500, 1500, 1500]
[1500, 1500, 988, 1500, 2011, 988, 988, 988, 1001, 1001, 1001, 1001, 1500, 1500, 1500, 1500]
[1500, 1500, 988, 1500, 2011, 988, 988, 988, 1001, 1001, 1001, 1001, 1500, 1500, 1500, 1500]
21:59:48.616823 ALT: 0.16
21:59:48.616913 ATT: [-0.2, 0.9, 189]
21:59:48.617159 ACC: [-6, -1, 515]
[1500, 1500, 988, 1500, 2011, 988, 988, 988, 1001, 1001, 1001, 1001, 1500, 1500, 1500, 1500]
[1500, 1500, 988, 1500, 2011, 988, 988, 988, 1001, 1001, 1001, 1001, 1500, 1500, 1500, 1500]
[1500, 1500, 988, 1500, 2011, 988, 988, 988, 1001, 1001, 1001, 1001, 1500, 1500, 1500, 1500]
21:59:48.664749 ALT: 0.16
21:59:48.664835 ATT: [-0.2, 0.9, 189]
21:59:48.665057 ACC: [-7, 0, 515]
[1500, 1500, 988, 1500, 2011, 988, 988, 988, 1001, 1001, 1001, 1001, 1500, 1500, 1500, 1500]
[1500, 1500, 988, 1500, 2011, 988, 988, 988, 1001, 1001, 1001, 1001, 1500, 1500, 1500, 1500]
21:59:48.712862 ALT: 0.22
21:59:48.712954 ATT: [-0.2, 0.9, 189]
21:59:48.713206 ACC: [-9, -1, 515]
[1500, 1500, 988, 1500, 2011, 988, 988, 988, 1001, 1001, 1001, 1001, 1500, 1500, 1500, 1500]
[1500, 1500, 988, 1500, 2011, 988, 988, 988, 1001, 1001, 1001, 1001, 1500, 1500, 1500, 1500]
21:59:48.760978 ALT: 0.25
21:59:48.761082 ATT: [-0.2, 0.9, 189]
21:59:48.761410 ACC: [-8, 0, 515]
[1500, 1500, 988, 1500, 2011, 988, 988, 988, 1001, 1001, 1001, 1001, 1500, 1500, 1500, 1500]
[1500, 1500, 988, 1500, 2011, 988, 988, 988, 1001, 1001, 1001, 1001, 1500, 1500, 1500, 1500]
[1500, 1500, 988, 1500, 2011, 988, 988, 988, 1001, 1001, 1001, 1001, 1500, 1500, 1500, 1500]
21:59:48.809631 ALT: 0.25
21:59:48.809915 ATT: [-0.2, 0.9, 189]
21:59:48.810717 ACC: [-7, 0, 515]
[1500, 1500, 988, 1500, 2011, 988, 988, 988, 1001, 1001, 1001, 1001, 1500, 1500, 1500, 1500]
[1500, 1500, 988, 1500, 2011, 988, 988, 988, 1001, 1001, 1001, 1001, 1500, 1500, 1500, 1500]
21:59:48.857296 ALT: 0.25
21:59:48.857728 ATT: [-0.2, 0.9, 189]
21:59:48.860406 ACC: [-7, -1, 515]
[1500, 1500, 988, 1500, 2011, 988, 988, 988, 1001, 1001, 1001, 1001, 1500, 1500, 1500, 1500]
[1500, 1500, 988, 1500, 2011, 988, 988, 988, 1001, 1001, 1001, 1001, 1500, 1500, 1500, 1500]
[1500, 1500, 988, 1500, 2011, 988, 988, 988, 1001, 1001, 1001, 1001, 1500, 1500, 1500, 1500]
21:59:48.914890 ALT: 0.25
21:59:48.915134 ATT: [-0.2, 0.9, 189]
21:59:48.916682 ACC: [-7, 0, 515]
[1500, 1500, 988, 1500, 2011, 988, 988, 988, 1001, 1001, 1001, 1001, 1500, 1500, 1500, 1500]
[1500, 1500, 988, 1500, 2011, 988, 988, 988, 1001, 1001, 1001, 1001, 1500, 1500, 1500, 1500]
[1500, 1500, 988, 1500, 2011, 988, 988, 988, 1001, 1001, 1001, 1001, 1500, 1500, 1500, 1500]
21:59:48.969006 ALT: 0.25
21:59:48.969124 ATT: [-0.2, 0.9, 189]
21:59:48.969477 ACC: [-6, -1, 515]
[1500, 1500, 988, 1500, 2011, 988, 988, 988, 1001, 1001, 1001, 1001, 1500, 1500, 1500, 1500]
[1500, 1500, 988, 1500, 2011, 988, 988, 988, 1001, 1001, 1001, 1001, 1500, 1500, 1500, 1500]
21:59:49.016947 ALT: 0.25
21:59:49.017052 ATT: [-0.2, 0.9, 189]
21:59:49.017365 ACC: [-6, -1, 516]
[1500, 1500, 988, 1500, 2011, 988, 988, 988, 1001, 1001, 1001, 1001, 1500, 1500, 1500, 1500]
[1500, 1500, 988, 1500, 2011, 988, 988, 988, 1001, 1001, 1001, 1001, 1500, 1500, 1500, 1500]
[1500, 1500, 988, 1500, 2011, 988, 988, 988, 1001, 1001, 1001, 1001, 1500, 1500, 1500, 1500]
21:59:49.064967 ALT: 0.25
21:59:49.065071 ATT: [-0.2, 0.9, 189]
21:59:49.065373 ACC: [-8, 0, 514]
[1500, 1500, 988, 1500, 2011, 988, 988, 988, 1001, 1001, 1001, 1001, 1500, 1500, 1500, 1500]
[1500, 1500, 988, 1500, 2011, 988, 988, 988, 1001, 1001, 1001, 1001, 1500, 1500, 1500, 1500]
21:59:49.113027 ALT: 0.25
21:59:49.113139 ATT: [-0.2, 0.9, 189]
21:59:49.113444 ACC: [-8, 1, 516]
[1500, 1500, 988, 1500, 2011, 988, 988, 988, 1001, 1001, 1001, 1001, 1500, 1500, 1500, 1500]
[1500, 1500, 988, 1500, 2011, 988, 988, 988, 1001, 1001, 1001, 1001, 1500, 1500, 1500, 1500]
[1500, 1500, 988, 1500, 2011, 988, 988, 988, 1001, 1001, 1001, 1001, 1500, 1500, 1500, 1500]
21:59:49.165293 ALT: 0.25
21:59:49.165392 ATT: [-0.2, 0.9, 189]
21:59:49.165706 ACC: [-7, -1, 515]
[1500, 1500, 988, 1500, 2011, 988, 988, 988, 1001, 1001, 1001, 1001, 1500, 1500, 1500, 1500]
[1500, 1500, 988, 1500, 2011, 988, 988, 988, 1001, 1001, 1001, 1001, 1500, 1500, 1500, 1500]
21:59:49.210418 ALT: 0.25
21:59:49.212004 ATT: [-0.2, 0.9, 189]
21:59:49.212448 ACC: [-7, 0, 515]
[1500, 1500, 988, 1500, 2011, 988, 988, 988, 1001, 1001, 1001, 1001, 1500, 1500, 1500, 1500]
[1500, 1500, 988, 1500, 2011, 988, 988, 988, 1001, 1001, 1001, 1001, 1500, 1500, 1500, 1500]
21:59:49.262694 ALT: 0.25
21:59:49.262833 ATT: [-0.2, 0.9, 189]
21:59:49.263967 ACC: [-7, 0, 515]
[1500, 1500, 988, 1500, 2011, 988, 988, 988, 1001, 1001, 1001, 1001, 1500, 1500, 1500, 1500]
[1500, 1500, 988, 1500, 2011, 988, 988, 988, 1001, 1001, 1001, 1001, 1500, 1500, 1500, 1500]
[1500, 1500, 988, 1500, 2011, 988, 988, 988, 1001, 1001, 1001, 1001, 1500, 1500, 1500, 1500]
21:59:49.305748 ALT: 0.25
21:59:49.305879 ATT: [-0.2, 0.9, 189]
21:59:49.306236 ACC: [-8, -1, 515]
[1500, 1500, 988, 1500, 2011, 988, 988, 988, 1001, 1001, 1001, 1001, 1500, 1500, 1500, 1500]
[1500, 1500, 988, 1500, 2011, 988, 988, 988, 1001, 1001, 1001, 1001, 1500, 1500, 1500, 1500]
21:59:49.353052 ALT: 0.25
21:59:49.353171 ATT: [-0.2, 0.9, 189]
21:59:49.353619 ACC: [-5, 0, 515]
[1500, 1500, 988, 1500, 2011, 988, 988, 988, 1001, 1001, 1001, 1001, 1500, 1500, 1500, 1500]
[1500, 1500, 988, 1500, 2011, 988, 988, 988, 1001, 1001, 1001, 1001, 1500, 1500, 1500, 1500]
21:59:49.400984 ALT: 0.25
21:59:49.401083 ATT: [-0.2, 0.9, 189]
21:59:49.401413 ACC: [-6, -1, 516]
[1500, 1500, 988, 1500, 2011, 988, 988, 988, 1001, 1001, 1001, 1001, 1500, 1500, 1500, 1500]
[1500, 1500, 988, 1500, 2011, 988, 988, 988, 1001, 1001, 1001, 1001, 1500, 1500, 1500, 1500]
[1500, 1500, 988, 1500, 2011, 988, 988, 988, 1001, 1001, 1001, 1001, 1500, 1500, 1500, 1500]
21:59:49.448948 ALT: 0.25
21:59:49.449051 ATT: [-0.2, 0.9, 189]
21:59:49.449338 ACC: [-9, -2, 515]
[1500, 1500, 988, 1500, 2011, 988, 988, 988, 1001, 1001, 1001, 1001, 1500, 1500, 1500, 1500]
[1500, 1500, 988, 1500, 2011, 988, 988, 988, 1001, 1001, 1001, 1001, 1500, 1500, 1500, 1500]
21:59:49.496985 ALT: 0.25
21:59:49.497083 ATT: [-0.2, 0.9, 189]
21:59:49.497362 ACC: [-6, 0, 515]
[1500, 1500, 988, 1500, 2011, 988, 988, 988, 1001, 1001, 1001, 1001, 1500, 1500, 1500, 1500]
[1500, 1500, 988, 1500, 2011, 988, 988, 988, 1001, 1001, 1001, 1001, 1500, 1500, 1500, 1500]
[1500, 1500, 988, 1500, 2011, 988, 988, 988, 1001, 1001, 1001, 1001, 1500, 1500, 1500, 1500]
21:59:49.545048 ALT: 0.25
21:59:49.545160 ATT: [-0.2, 0.9, 189]
21:59:49.545587 ACC: [-6, 0, 516]
[1500, 1500, 988, 1500, 2011, 988, 988, 988, 1001, 1001, 1001, 1001, 1500, 1500, 1500, 1500]
[1500, 1500, 988, 1500, 2011, 988, 988, 988, 1001, 1001, 1001, 1001, 1500, 1500, 1500, 1500]
21:59:49.593342 ALT: 0.25
21:59:49.593587 ATT: [-0.2, 0.9, 189]
21:59:49.594211 ACC: [-10, 0, 515]
[1500, 1500, 988, 1500, 2011, 988, 988, 988, 1001, 1001, 1001, 1001, 1500, 1500, 1500, 1500]
[1500, 1500, 988, 1500, 2011, 988, 988, 988, 1001, 1001, 1001, 1001, 1500, 1500, 1500, 1500]
21:59:49.641200 ALT: 0.25
21:59:49.641360 ATT: [-0.2, 0.9, 189]
21:59:49.642141 ACC: [-7, 0, 515]
[1500, 1500, 988, 1500, 2011, 988, 988, 988, 1001, 1001, 1001, 1001, 1500, 1500, 1500, 1500]
[1500, 1500, 988, 1500, 2011, 988, 988, 988, 1001, 1001, 1001, 1001, 1500, 1500, 1500, 1500]
[1500, 1500, 988, 1500, 2011, 988, 988, 988, 1001, 1001, 1001, 1001, 1500, 1500, 1500, 1500]
21:59:49.689085 ALT: 0.25
21:59:49.689216 ATT: [-0.2, 0.9, 189]
21:59:49.690053 ACC: [-6, -1, 515]
[1500, 1500, 988, 1500, 2011, 988, 988, 988, 1001, 1001, 1001, 1001, 1500, 1500, 1500, 1500]
[1500, 1500, 988, 1500, 2011, 988, 988, 988, 1001, 1001, 1001, 1001, 1500, 1500, 1500, 1500]
21:59:49.737160 ALT: 0.25
21:59:49.737286 ATT: [-0.2, 0.9, 189]
21:59:49.737744 ACC: [-10, 0, 515]
[1500, 1500, 988, 1500, 2011, 988, 988, 988, 1001, 1001, 1001, 1001, 1500, 1500, 1500, 1500]
[1500, 1500, 988, 1500, 2011, 988, 988, 988, 1001, 1001, 1001, 1001, 1500, 1500, 1500, 1500]
[1500, 1500, 988, 1500, 2011, 988, 988, 988, 1001, 1001, 1001, 1001, 1500, 1500, 1500, 1500]
21:59:49.785262 ALT: 0.25
21:59:49.785398 ATT: [-0.2, 0.9, 189]
21:59:49.786032 ACC: [-6, 0, 515]
[1500, 1500, 988, 1500, 2011, 988, 988, 988, 1001, 1001, 1001, 1001, 1500, 1500, 1500, 1500]
[1500, 1500, 988, 1500, 2011, 988, 988, 988, 1001, 1001, 1001, 1001, 1500, 1500, 1500, 1500]
21:59:49.833392 ALT: 0.25
21:59:49.833495 ATT: [-0.2, 0.9, 189]
21:59:49.833825 ACC: [-3, -1, 515]
[1500, 1500, 988, 1500, 2011, 988, 988, 988, 1001, 1001, 1001, 1001, 1500, 1500, 1500, 1500]
[1500, 1500, 988, 1500, 2011, 988, 988, 988, 1001, 1001, 1001, 1001, 1500, 1500, 1500, 1500]
21:59:49.881183 ALT: 0.25
21:59:49.881289 ATT: [-0.2, 0.9, 189]
21:59:49.881639 ACC: [-8, 0, 514]
[1500, 1500, 988, 1500, 2011, 988, 988, 988, 1001, 1001, 1001, 1001, 1500, 1500, 1500, 1500]
[1500, 1500, 988, 1500, 988, 988, 988, 988, 1001, 1001, 1001, 1001, 1500, 1500, 1500, 1500]
[1500, 1500, 988, 1500, 988, 988, 988, 988, 1001, 1001, 1001, 1001, 1500, 1500, 1500, 1500]
21:59:49.929164 ALT: 0.25
21:59:49.929278 ATT: [-0.2, 0.9, 189]
21:59:49.929763 ACC: [-9, 0, 515]
[1500, 1500, 988, 1500, 988, 988, 988, 988, 1001, 1001, 1001, 1001, 1500, 1500, 1500, 1500]
[1500, 1500, 988, 1500, 988, 988, 988, 988, 1001, 1001, 1001, 1001, 1500, 1500, 1500, 1500]
21:59:49.977146 ALT: 0.25
21:59:49.977565 ATT: [-0.2, 0.9, 189]
21:59:49.978209 ACC: [-4, 0, 514]
[1500, 1500, 988, 1500, 988, 988, 988, 988, 1001, 1001, 1001, 1001, 1500, 1500, 1500, 1500]
[1500, 1500, 988, 1500, 988, 988, 988, 988, 1001, 1001, 1001, 1001, 1500, 1500, 1500, 1500]
[1500, 1500, 988, 1500, 988, 988, 988, 988, 1001, 1001, 1001, 1001, 1500, 1500, 1500, 1500]
21:59:50.025125 ALT: 0.25
21:59:50.025231 ATT: [-0.2, 0.9, 189]
21:59:50.025560 ACC: [-8, 0, 515]
[1500, 1500, 988, 1500, 988, 988, 988, 988, 1001, 1001, 1001, 1001, 1500, 1500, 1500, 1500]
[1500, 1500, 988, 1500, 988, 988, 988, 988, 1001, 1001, 1001, 1001, 1500, 1500, 1500, 1500]
21:59:50.073197 ALT: 0.25
21:59:50.073361 ATT: [-0.2, 0.9, 189]
21:59:50.074008 ACC: [-8, -1, 515]
[1500, 1500, 988, 1500, 988, 988, 988, 988, 1001, 1001, 1001, 1001, 1500, 1500, 1500, 1500]
[1500, 1500, 988, 1500, 988, 988, 988, 988, 1001, 1001, 1001, 1001, 1500, 1500, 1500, 1500]
21:59:50.121315 ALT: 0.25
21:59:50.121438 ATT: [-0.1, 0.9, 189]
21:59:50.121898 ACC: [-7, 2, 515]
[1500, 1500, 988, 1500, 988, 988, 988, 988, 1001, 1001, 1001, 1001, 1500, 1500, 1500, 1500]
[1500, 1500, 988, 1500, 988, 988, 988, 988, 1001, 1001, 1001, 1001, 1500, 1500, 1500, 1500]
[1500, 1500, 988, 1500, 988, 988, 988, 988, 1001, 1001, 1001, 1001, 1500, 1500, 1500, 1500]
21:59:50.169207 ALT: 0.25
21:59:50.169311 ATT: [-0.1, 0.9, 189]
21:59:50.169744 ACC: [-8, 1, 515]
[1500, 1500, 988, 1500, 988, 988, 988, 988, 1001, 1001, 1001, 1001, 1500, 1500, 1500, 1500]
[1500, 1500, 988, 1500, 988, 988, 988, 988, 1001, 1001, 1001, 1001, 1500, 1500, 1500, 1500]
21:59:50.217101 ALT: 0.25
21:59:50.217197 ATT: [-0.1, 0.9, 189]
21:59:50.217471 ACC: [-7, -1, 515]
[1500, 1500, 988, 1500, 988, 988, 988, 988, 1001, 1001, 1001, 1001, 1500, 1500, 1500, 1500]
[1500, 1500, 988, 1500, 988, 988, 988, 988, 1001, 1001, 1001, 1001, 1500, 1500, 1500, 1500]
[1500, 1500, 988, 1500, 988, 988, 988, 988, 1001, 1001, 1001, 1001, 1500, 1500, 1500, 1500]
21:59:50.265117 ALT: 0.25
21:59:50.265224 ATT: [0.0, 0.8, 189]
21:59:50.265600 ACC: [-7, 1, 514]
[1500, 1500, 988, 1500, 988, 988, 988, 988, 1001, 1001, 1001, 1001, 1500, 1500, 1500, 1500]
[1500, 1500, 988, 1500, 988, 988, 988, 988, 1001, 1001, 1001, 1001, 1500, 1500, 1500, 1500]
21:59:50.313116 ALT: 0.25
21:59:50.313224 ATT: [0.1, 0.8, 188]
21:59:50.314050 ACC: [-7, 1, 515]
[1500, 1500, 988, 1500, 988, 988, 988, 988, 1001, 1001, 1001, 1001, 1500, 1500, 1500, 1500]
[1500, 1500, 988, 1500, 988, 988, 988, 988, 1001, 1001, 1001, 1001, 1500, 1500, 1500, 1500]
21:59:50.361688 ALT: 0.25
21:59:50.361875 ATT: [0.1, 0.9, 188]
21:59:50.362335 ACC: [-8, 0, 515]
[1500, 1500, 988, 1500, 988, 988, 988, 988, 1001, 1001, 1001, 1001, 1500, 1500, 1500, 1500]
[1500, 1500, 988, 1500, 988, 988, 988, 988, 1001, 1001, 1001, 1001, 1500, 1500, 1500, 1500]
[1500, 1500, 988, 1500, 988, 988, 988, 988, 1001, 1001, 1001, 1001, 1500, 1500, 1500, 1500]
21:59:50.409490 ALT: 0.25
21:59:50.409702 ATT: [0.1, 0.8, 188]
21:59:50.410444 ACC: [-7, 0, 515]
[1500, 1500, 988, 1500, 988, 988, 988, 988, 1001, 1001, 1001, 1001, 1500, 1500, 1500, 1500]
[1500, 1500, 988, 1500, 988, 988, 988, 988, 1001, 1001, 1001, 1001, 1500, 1500, 1500, 1500]
21:59:50.457471 ALT: 0.25
21:59:50.457863 ATT: [0.1, 0.8, 188]
21:59:50.458550 ACC: [-7, 1, 515]
[1500, 1500, 988, 1500, 988, 988, 988, 988, 1001, 1001, 1001, 1001, 1500, 1500, 1500, 1500]
[1500, 1500, 988, 1500, 988, 988, 988, 988, 1001, 1001, 1001, 1001, 1500, 1500, 1500, 1500]
[1500, 1500, 988, 1500, 988, 988, 988, 988, 1001, 1001, 1001, 1001, 1500, 1500, 1500, 1500]
21:59:50.505311 ALT: 0.25
21:59:50.505424 ATT: [0.1, 0.9, 188]
21:59:50.506032 ACC: [-8, 0, 515]
[1500, 1500, 988, 1500, 988, 988, 988, 988, 1001, 1001, 1001, 1001, 1500, 1500, 1500, 1500]
[1500, 1500, 988, 1500, 988, 988, 988, 988, 1001, 1001, 1001, 1001, 1500, 1500, 1500, 1500]
21:59:50.553266 ALT: 0.25
21:59:50.553372 ATT: [0.1, 0.8, 188]
21:59:50.553792 ACC: [-7, 1, 515]
[1500, 1500, 988, 1500, 988, 988, 988, 988, 1001, 1001, 1001, 1001, 1500, 1500, 1500, 1500]
[1500, 1500, 988, 1500, 988, 988, 988, 988, 1001, 1001, 1001, 1001, 1500, 1500, 1500, 1500]
21:59:50.602310 ALT: 0.25
21:59:50.602533 ATT: [0.1, 0.8, 188]
21:59:50.604424 ACC: [-6, 1, 515]
[1500, 1500, 988, 1500, 988, 988, 988, 988, 1001, 1001, 1001, 1001, 1500, 1500, 1500, 1500]
[1500, 1500, 988, 1500, 988, 988, 988, 988, 1001, 1001, 1001, 1001, 1500, 1500, 1500, 1500]
[1500, 1500, 988, 1500, 988, 988, 988, 988, 1001, 1001, 1001, 1001, 1500, 1500, 1500, 1500]
21:59:50.649676 ALT: 0.25
21:59:50.650136 ATT: [0.1, 0.8, 188]
21:59:50.651914 ACC: [-7, 0, 515]
[1500, 1500, 988, 1500, 988, 988, 988, 988, 1001, 1001, 1001, 1001, 1500, 1500, 1500, 1500]
[1500, 1500, 988, 1500, 988, 988, 988, 988, 1001, 1001, 1001, 1001, 1500, 1500, 1500, 1500]
[1500, 1500, 988, 1500, 988, 988, 988, 988, 1001, 1001, 1001, 1001, 1500, 1500, 1500, 1500]
21:59:50.713565 ALT: 0.25
21:59:50.713734 ATT: [0.1, 0.9, 188]
21:59:50.714186 ACC: [-8, 1, 515]
[1500, 1500, 988, 1500, 988, 988, 988, 988, 1001, 1001, 1001, 1001, 1500, 1500, 1500, 1500]
[1500, 1500, 988, 1500, 988, 988, 988, 988, 1001, 1001, 1001, 1001, 1500, 1500, 1500, 1500]
21:59:50.761633 ALT: 0.25
21:59:50.761749 ATT: [0.1, 0.8, 188]
21:59:50.762209 ACC: [-7, 1, 515]
[1500, 1500, 988, 1500, 988, 988, 988, 988, 1001, 1001, 1001, 1001, 1500, 1500, 1500, 1500]
[1500, 1500, 988, 1500, 988, 988, 988, 988, 1001, 1001, 1001, 1001, 1500, 1500, 1500, 1500]
[1500, 1500, 988, 1500, 988, 988, 988, 988, 1001, 1001, 1001, 1001, 1500, 1500, 1500, 1500]
21:59:50.809295 ALT: 0.25
21:59:50.809442 ATT: [0.1, 0.8, 188]
21:59:50.809961 ACC: [-7, 0, 515]
[1500, 1500, 988, 1500, 988, 988, 988, 988, 1001, 1001, 1001, 1001, 1500, 1500, 1500, 1500]
[1500, 1500, 988, 1500, 988, 988, 988, 988, 1001, 1001, 1001, 1001, 1500, 1500, 1500, 1500]
21:59:50.857464 ALT: 0.25
21:59:50.857716 ATT: [0.1, 0.8, 188]
21:59:50.860922 ACC: [-8, 0, 515]
[1500, 1500, 988, 1500, 988, 988, 988, 988, 1001, 1001, 1001, 1001, 1500, 1500, 1500, 1500]
[1500, 1500, 988, 1500, 988, 988, 988, 988, 1001, 1001, 1001, 1001, 1500, 1500, 1500, 1500]
[1500, 1500, 988, 1500, 988, 988, 988, 988, 1001, 1001, 1001, 1001, 1500, 1500, 1500, 1500]
21:59:50.905566 ALT: 0.25
21:59:50.905765 ATT: [0.1, 0.8, 188]
21:59:50.906581 ACC: [-6, 1, 515]
[1500, 1500, 988, 1500, 988, 988, 988, 988, 1001, 1001, 1001, 1001, 1500, 1500, 1500, 1500]
[1500, 1500, 988, 1500, 988, 988, 988, 988, 1001, 1001, 1001, 1001, 1500, 1500, 1500, 1500]
21:59:50.953359 ALT: 0.25
21:59:50.953474 ATT: [0.1, 0.8, 188]
21:59:50.954006 ACC: [-7, 2, 515]
[1500, 1500, 988, 1500, 988, 988, 988, 988, 1001, 1001, 1001, 1001, 1500, 1500, 1500, 1500]
[1500, 1500, 988, 1500, 988, 988, 988, 988, 1001, 1001, 1001, 1001, 1500, 1500, 1500, 1500]
21:59:51.001248 ALT: 0.25
21:59:51.001394 ATT: [0.1, 0.8, 188]
21:59:51.001719 ACC: [-10, 1, 514]
[1500, 1500, 988, 1500, 988, 988, 988, 988, 1001, 1001, 1001, 1001, 1500, 1500, 1500, 1500]
[1500, 1500, 988, 1500, 988, 988, 988, 988, 1001, 1001, 1001, 1001, 1500, 1500, 1500, 1500]
[1500, 1500, 988, 1500, 988, 988, 988, 988, 1001, 1001, 1001, 1001, 1500, 1500, 1500, 1500]
21:59:51.049785 ALT: 0.25
21:59:51.049984 ATT: [0.1, 0.8, 188]
21:59:51.050819 ACC: [-8, 2, 515]
[1500, 1500, 988, 1500, 988, 988, 988, 988, 1001, 1001, 1001, 1001, 1500, 1500, 1500, 1500]
[1500, 1500, 988, 1500, 988, 988, 988, 988, 1001, 1001, 1001, 1001, 1500, 1500, 1500, 1500]
21:59:51.097846 ALT: 0.25
21:59:51.098062 ATT: [0.1, 0.8, 188]
21:59:51.098951 ACC: [-7, 1, 515]
[1500, 1500, 988, 1500, 988, 988, 988, 988, 1001, 1001, 1001, 1001, 1500, 1500, 1500, 1500]
[1500, 1500, 988, 1500, 988, 988, 988, 988, 1001, 1001, 1001, 1001, 1500, 1500, 1500, 1500]
[1500, 1500, 988, 1500, 988, 988, 988, 988, 1001, 1001, 1001, 1001, 1500, 1500, 1500, 1500]
21:59:51.147530 ALT: 0.25
21:59:51.147896 ATT: [0.1, 0.8, 188]
21:59:51.149181 ACC: [-6, 1, 515]
[1500, 1500, 988, 1500, 988, 988, 988, 988, 1001, 1001, 1001, 1001, 1500, 1500, 1500, 1500]
[1500, 1500, 988, 1500, 988, 988, 988, 988, 1001, 1001, 1001, 1001, 1500, 1500, 1500, 1500]
21:59:51.193803 ALT: 0.25
21:59:51.193917 ATT: [0.1, 0.8, 188]
21:59:51.194210 ACC: [-6, 1, 515]
[1500, 1500, 988, 1500, 988, 988, 988, 988, 1001, 1001, 1001, 1001, 1500, 1500, 1500, 1500]
[1500, 1500, 988, 1500, 988, 988, 988, 988, 1001, 1001, 1001, 1001, 1500, 1500, 1500, 1500]
21:59:51.241675 ALT: 0.25
21:59:51.241829 ATT: [0.1, 0.8, 188]
[1500, 1500, 988, 1500, 988, 988, 988, 988, 1001, 1001, 1001, 1001, 1500, 1500, 1500, 1500]
21:59:51.243113 ACC: [-9, 0, 515]
[1500, 1500, 988, 1500, 988, 988, 988, 988, 1001, 1001, 1001, 1001, 1500, 1500, 1500, 1500]
[1500, 1500, 988, 1500, 988, 988, 988, 988, 1001, 1001, 1001, 1001, 1500, 1500, 1500, 1500]
21:59:51.289354 ALT: 0.25
21:59:51.289466 ATT: [0.1, 0.8, 188]
21:59:51.289820 ACC: [-7, 1, 515]
[1500, 1500, 988, 1500, 988, 988, 988, 988, 1001, 1001, 1001, 1001, 1500, 1500, 1500, 1500]
[1500, 1500, 988, 1500, 988, 988, 988, 988, 1001, 1001, 1001, 1001, 1500, 1500, 1500, 1500]
21:59:51.337351 ALT: 0.2
21:59:51.337473 ATT: [0.1, 0.9, 188]
21:59:51.337888 ACC: [-13, 3, 515]
[1500, 1500, 988, 1500, 988, 988, 988, 988, 1001, 1001, 1001, 1001, 1500, 1500, 1500, 1500]
[1500, 1500, 988, 1500, 988, 988, 988, 988, 1001, 1001, 1001, 1001, 1500, 1500, 1500, 1500]
[1500, 1500, 988, 1500, 988, 988, 988, 988, 1001, 1001, 1001, 1001, 1500, 1500, 1500, 1500]
21:59:51.385355 ALT: 0.18
21:59:51.385466 ATT: [0.1, 0.9, 188]
21:59:51.385890 ACC: [-10, 3, 514]
[1500, 1500, 988, 1500, 988, 988, 988, 988, 1001, 1001, 1001, 1001, 1500, 1500, 1500, 1500]
[1500, 1500, 988, 1500, 988, 988, 988, 988, 1001, 1001, 1001, 1001, 1500, 1500, 1500, 1500]
21:59:51.433311 ALT: 0.18
21:59:51.433408 ATT: [0.1, 0.9, 188]
21:59:51.433773 ACC: [-2, 0, 514]
[1500, 1500, 988, 1500, 988, 988, 988, 988, 1001, 1001, 1001, 1001, 1500, 1500, 1500, 1500]
[1500, 1500, 988, 1500, 988, 988, 988, 988, 1001, 1001, 1001, 1001, 1500, 1500, 1500, 1500]
21:59:51.481371 ALT: 0.18
21:59:51.481481 ATT: [0.1, 0.8, 188]
21:59:51.481892 ACC: [-2, -2, 515]
[1500, 1500, 988, 1500, 988, 988, 988, 988, 1001, 1001, 1001, 1001, 1500, 1500, 1500, 1500]
[1500, 1500, 988, 1500, 988, 988, 988, 988, 1001, 1001, 1001, 1001, 1500, 1500, 1500, 1500]
[1500, 1500, 988, 1500, 988, 988, 988, 988, 1001, 1001, 1001, 1001, 1500, 1500, 1500, 1500]
21:59:51.529365 ALT: 0.18
21:59:51.529481 ATT: [0.1, 0.8, 188]
21:59:51.529981 ACC: [-12, 1, 514]
[1500, 1500, 988, 1500, 988, 988, 988, 988, 1001, 1001, 1001, 1001, 1500, 1500, 1500, 1500]
[1500, 1500, 988, 1500, 988, 988, 988, 988, 1001, 1001, 1001, 1001, 1500, 1500, 1500, 1500]
21:59:51.577781 ALT: 0.18
21:59:51.577910 ATT: [0.1, 0.9, 188]
21:59:51.578335 ACC: [-8, 2, 515]
[1500, 1500, 988, 1500, 988, 988, 988, 988, 1001, 1001, 1001, 1001, 1500, 1500, 1500, 1500]
[1500, 1500, 988, 1500, 988, 988, 988, 988, 1001, 1001, 1001, 1001, 1500, 1500, 1500, 1500]
[1500, 1500, 988, 1500, 988, 988, 988, 988, 1001, 1001, 1001, 1001, 1500, 1500, 1500, 1500]
21:59:51.625457 ALT: 0.18
21:59:51.625657 ATT: [0.1, 0.8, 188]
21:59:51.626249 ACC: [-6, 1, 515]
[1500, 1500, 988, 1500, 988, 988, 988, 988, 1001, 1001, 1001, 1001, 1500, 1500, 1500, 1500]
[1500, 1500, 988, 1500, 988, 988, 988, 988, 1001, 1001, 1001, 1001, 1500, 1500, 1500, 1500]
21:59:51.675631 ALT: 0.18
21:59:51.675921 ATT: [0.1, 0.8, 188]
21:59:51.677113 ACC: [-7, 2, 515]
[1500, 1500, 988, 1500, 988, 988, 988, 988, 1001, 1001, 1001, 1001, 1500, 1500, 1500, 1500]
[1500, 1500, 988, 1500, 988, 988, 988, 988, 1001, 1001, 1001, 1001, 1500, 1500, 1500, 1500]
21:59:51.721962 ALT: 0.18
21:59:51.722273 ATT: [0.1, 0.8, 188]
21:59:51.723155 ACC: [-8, 0, 515]
[1500, 1500, 988, 1500, 988, 988, 988, 988, 1001, 1001, 1001, 1001, 1500, 1500, 1500, 1500]
[1500, 1500, 988, 1500, 988, 988, 988, 988, 1001, 1001, 1001, 1001, 1500, 1500, 1500, 1500]
[1500, 1500, 988, 1500, 988, 988, 988, 988, 1001, 1001, 1001, 1001, 1500, 1500, 1500, 1500]
21:59:51.769888 ALT: 0.18
21:59:51.770090 ATT: [0.1, 0.8, 188]
21:59:51.770803 ACC: [-6, 1, 514]
[1500, 1500, 988, 1500, 988, 988, 988, 988, 1001, 1001, 1001, 1001, 1500, 1500, 1500, 1500]
[1500, 1500, 988, 1500, 988, 988, 988, 988, 1001, 1001, 1001, 1001, 1500, 1500, 1500, 1500]
21:59:51.817923 ALT: 0.18
21:59:51.818034 ATT: [0.1, 0.8, 188]
21:59:51.818617 ACC: [-6, 0, 514]
[1500, 1500, 988, 1500, 988, 988, 988, 988, 1001, 1001, 1001, 1001, 1500, 1500, 1500, 1500]
[1500, 1500, 988, 1500, 988, 988, 988, 988, 1001, 1001, 1001, 1001, 1500, 1500, 1500, 1500]
[1500, 1500, 988, 1500, 988, 988, 988, 988, 1001, 1001, 1001, 1001, 1500, 1500, 1500, 1500]
21:59:51.865335 ALT: 0.18
21:59:51.865437 ATT: [0.1, 0.8, 188]
21:59:51.865782 ACC: [-7, 2, 515]
[1500, 1500, 988, 1500, 988, 988, 988, 988, 1001, 1001, 1001, 1001, 1500, 1500, 1500, 1500]
[1500, 1500, 988, 1500, 988, 988, 988, 988, 1001, 1001, 1001, 1001, 1500, 1500, 1500, 1500]
21:59:51.917174 ALT: 0.18
21:59:51.917285 ATT: [0.1, 0.8, 188]
21:59:51.917692 ACC: [-9, 1, 515]
[1500, 1500, 988, 1500, 988, 988, 988, 988, 1001, 1001, 1001, 1001, 1500, 1500, 1500, 1500]
[1500, 1500, 988, 1500, 988, 988, 988, 988, 1001, 1001, 1001, 1001, 1500, 1500, 1500, 1500]
21:59:51.961576 ALT: 0.18
21:59:51.961680 ATT: [0.1, 0.8, 188]
21:59:51.962168 ACC: [-8, 0, 515]
[1500, 1500, 988, 1500, 988, 988, 988, 988, 1001, 1001, 1001, 1001, 1500, 1500, 1500, 1500]
[1500, 1500, 988, 1500, 988, 988, 988, 988, 1001, 1001, 1001, 1001, 1500, 1500, 1500, 1500]
[1500, 1500, 988, 1500, 988, 988, 988, 988, 1001, 1001, 1001, 1001, 1500, 1500, 1500, 1500]
21:59:52.009490 ALT: 0.18
21:59:52.009666 ATT: [0.1, 0.8, 188]
21:59:52.010074 ACC: [-5, 1, 515]
[1500, 1500, 988, 1500, 988, 988, 988, 988, 1001, 1001, 1001, 1001, 1500, 1500, 1500, 1500]
[1500, 1500, 988, 1500, 988, 988, 988, 988, 1001, 1001, 1001, 1001, 1500, 1500, 1500, 1500]
[1500, 1500, 988, 1500, 988, 988, 988, 988, 1001, 1001, 1001, 1001, 1500, 1500, 1500, 1500]
21:59:52.066719 ALT: 0.18
21:59:52.066899 ATT: [0.1, 0.8, 188]
21:59:52.067543 ACC: [-9, 1, 515]
[1500, 1500, 988, 1500, 988, 988, 988, 988, 1001, 1001, 1001, 1001, 1500, 1500, 1500, 1500]
[1500, 1500, 988, 1500, 988, 988, 988, 988, 1001, 1001, 1001, 1001, 1500, 1500, 1500, 1500]
21:59:52.121576 ALT: 0.18
21:59:52.121725 ATT: [0.1, 0.8, 188]
21:59:52.122283 ACC: [-7, 1, 515]
[1500, 1500, 988, 1500, 988, 988, 988, 988, 1001, 1001, 1001, 1001, 1500, 1500, 1500, 1500]
[1500, 1500, 988, 1500, 988, 988, 988, 988, 1001, 1001, 1001, 1001, 1500, 1500, 1500, 1500]
[1500, 1500, 988, 1500, 988, 988, 988, 988, 1001, 1001, 1001, 1001, 1500, 1500, 1500, 1500]
21:59:52.169964 ALT: 0.18
21:59:52.170068 ATT: [0.1, 0.8, 188]
21:59:52.170369 ACC: [-7, 2, 515]
[1500, 1500, 988, 1500, 988, 988, 988, 988, 1001, 1001, 1001, 1001, 1500, 1500, 1500, 1500]
[1500, 1500, 988, 1500, 988, 988, 988, 988, 1001, 1001, 1001, 1001, 1500, 1500, 1500, 1500]
21:59:52.218204 ALT: 0.18
21:59:52.218337 ATT: [0.1, 0.8, 188]
21:59:52.218690 ACC: [-8, 0, 514]
[1500, 1500, 988, 1500, 988, 988, 988, 988, 1001, 1001, 1001, 1001, 1500, 1500, 1500, 1500]
[1500, 1500, 988, 1500, 988, 988, 988, 988, 1001, 1001, 1001, 1001, 1500, 1500, 1500, 1500]
[1500, 1500, 988, 1500, 988, 988, 988, 988, 1001, 1001, 1001, 1001, 1500, 1500, 1500, 1500]
21:59:52.265440 ALT: 0.18
21:59:52.265588 ATT: [0.1, 0.9, 188]
21:59:52.265916 ACC: [-9, 0, 514]
[1500, 1500, 988, 1500, 988, 988, 988, 988, 1001, 1001, 1001, 1001, 1500, 1500, 1500, 1500]
[1500, 1500, 988, 1500, 988, 988, 988, 988, 1001, 1001, 1001, 1001, 1500, 1500, 1500, 1500]
21:59:52.313564 ALT: 0.18
                                                                                                                                                                                                                                                                                                                                                                                                                                                                                                                                                                                                                                                                                                                                                                                                                                                                                                                                                                                                                                                                                                                                                                                                                                                                                                                                                                                                                                                                                                                                                                                                                                                                                                                                                                                                                                                                                                                                                                                                                                                                                                                                                                                                                                                                                                                                                                                                                                                                                                                                                                                                                                                                                                                                                                                                                                                      